Rank,Player,FG,FGA,PCT,LG,1-19,20-29,30-39,40-49,50+,XPT,XPA,G,FPTS,FPTS/G,ROST,Score,week,year,Number,Position,Status,Height,Weight,Experience,College,Team,home_team_name,stadium_id,stadium_name,city,state,latitude,longitude,indoor_outdoor,surface_type,elevation,year_opened,away_team_name
23,Evan Mcpherson,1.0,1.0,100.0,37,0.0,0.0,1.0,0.0,0.0,2,2,1,5.0,5.0,44.5%,24.2,6,2020,2,K,ACT,0,185,5,Florida,CIN,cincinnati_bengals,cincinnati_bengals,Paycor Stadium,Cincinnati,OH,39.0954,-84.516,Outdoor,Turf,482,2000,indianapolis_colts
12,Eddy Pineiro,2.0,2.0,100.0,53,0.0,0.0,1.0,0.0,1.0,2,2,1,10.0,10.0,1.1%,28.4,10,2020,4,K,ACT,72,185,6,Florida,CAR,carolina_panthers,carolina_panthers,Bank of America Stadium,Charlotte,NC,35.2258,-80.8528,Outdoor,Grass,748,1996,
10,Jason Sanders,2.0,2.0,100.0,53,0.0,1.0,0.0,0.0,1.0,3,3,1,11.0,11.0,45.6%,29.2,8,2020,7,K,ACT,0,195,8,New Mexico,MIA,miami_dolphins,miami_dolphins,Hard Rock Stadium,Miami Gardens,FL,25.958,-80.238,Outdoor,Grass,7,1987,
28,Cam Little,0.0,0.0,0.0,0,0.0,0.0,0.0,0.0,0.0,1,1,1,1.0,1.0,4.6%,0.7,10,2020,39,K,ACT,0,172,2,Arkansas,JAX,jacksonville_jaguars,jacksonville_jaguars,TIAA Bank Field,Jacksonville,FL,30.3239,-81.6373,Outdoor,Grass,16,1995,pittsburgh_steelers
30,Chase Mclaughlin,0.0,0.0,0.0,0,0.0,0.0,0.0,0.0,0.0,0,0,0,0.0,0.0,70.7%,0.0,11,2020,4,K,ACT,0,190,7,Illinois,TB,tampa_bay_buccaneers,tampa_bay_buccaneers,Raymond James Stadium,Tampa,FL,27.9759,-82.5033,Outdoor,Grass,26,1998,kansas_city_chiefs
22,Nick Folk,1.0,2.0,50.0,27,0.0,1.0,0.0,0.0,0.0,2,2,1,5.0,5.0,1.0%,14.5,10,2020,6,K,ACT,73,222,17,Arizona,TEN,tennessee_titans,tennessee_titans,Nissan Stadium,Nashville,TN,36.1665,-86.7713,Outdoor,Grass,476,1999,
22,Eddy Pineiro,1.0,1.0,100.0,38,0.0,0.0,1.0,0.0,0.0,1,2,1,4.0,4.0,1.1%,23.5,14,2020,4,K,ACT,72,185,6,Florida,CAR,carolina_panthers,carolina_panthers,Bank of America Stadium,Charlotte,NC,35.2258,-80.8528,Outdoor,Grass,748,1996,green_bay_packers
9,Jason Sanders,3.0,4.0,75.0,54,0.0,0.0,1.0,1.0,1.0,0,0,1,12.0,12.0,45.6%,25.7,5,2020,7,K,ACT,0,195,8,New Mexico,MIA,miami_dolphins,miami_dolphins,Hard Rock Stadium,Miami Gardens,FL,25.958,-80.238,Outdoor,Grass,7,1987,
13,Harrison Butker,2.0,2.0,100.0,42,0.0,1.0,0.0,1.0,0.0,3,3,1,10.0,10.0,69.5%,28.5,8,2020,7,K,ACT,0,205,9,Georgia Tech,KC,kansas_city_chiefs,kansas_city_chiefs,GEHA Field at Arrowhead Stadium,Kansas City,MO,39.049,-94.4839,Outdoor,Grass,1020,1972,
16,Chris Boswell,2.0,3.0,66.7,48,0.0,1.0,0.0,1.0,0.0,1,1,1,8.0,8.0,72.7%,20.64,12,2020,9,K,ACT,0,185,11,Rice,PIT,pittsburgh_steelers,pittsburgh_steelers,Acrisure Stadium,Pittsburgh,PA,40.4468,-80.0158,Outdoor,Grass,730,2001,washington_commanders
16,Greg Zuerlein,2.0,4.0,50.0,34,0.0,1.0,1.0,0.0,0.0,2,2,1,8.0,8.0,1.3%,17.5,6,2020,,,,,,,,,,,,,,,,,,,,
3,Chris Boswell,3.0,4.0,75.0,50,0.0,0.0,2.0,0.0,1.0,5,5,1,16.0,16.0,72.7%,28.5,13,2020,9,K,ACT,0,185,11,Rice,PIT,pittsburgh_steelers,pittsburgh_steelers,Acrisure Stadium,Pittsburgh,PA,40.4468,-80.0158,Outdoor,Grass,730,2001,buffalo_bills
16,Matt Gay,2.0,2.0,100.0,49,0.0,0.0,1.0,1.0,0.0,1,1,1,8.0,8.0,16.3%,27.0,15,2020,16,K,ACT,0,232,7,Utah,WAS,washington_commanders,washington_commanders,FedExField,Landover,MD,38.9078,-76.8645,Outdoor,Grass,300,1997,carolina_panthers
20,Harrison Butker,0.0,0.0,0.0,0,0.0,0.0,0.0,0.0,0.0,4,4,1,4.0,4.0,69.5%,2.8,7,2020,7,K,ACT,0,205,9,Georgia Tech,KC,kansas_city_chiefs,kansas_city_chiefs,GEHA Field at Arrowhead Stadium,Kansas City,MO,39.049,-94.4839,Outdoor,Grass,1020,1972,
5,Matthew Wright,3.0,3.0,100.0,41,0.0,1.0,1.0,1.0,0.0,3,3,1,13.0,13.0,2.1%,31.3,6,2020,37,K,ACT,0,174,4,UCF,CAR,carolina_panthers,carolina_panthers,Bank of America Stadium,Charlotte,NC,35.2258,-80.8528,Outdoor,Grass,748,1996,chicago_bears
13,Jason Myers,2.0,2.0,100.0,50,0.0,1.0,0.0,0.0,1.0,0,0,1,8.0,8.0,9.1%,27.1,17,2020,5,K,ACT,0,190,11,Marist,SEA,seattle_seahawks,seattle_seahawks,Lumen Field,Seattle,WA,47.5952,-122.3316,Outdoor,Turf,20,2002,los_angeles_rams
29,Cam Little,0.0,0.0,0.0,0,0.0,0.0,0.0,0.0,0.0,2,2,1,2.0,2.0,4.6%,1.4,16,2020,39,K,ACT,0,172,2,Arkansas,JAX,jacksonville_jaguars,jacksonville_jaguars,TIAA Bank Field,Jacksonville,FL,30.3239,-81.6373,Outdoor,Grass,16,1995,indianapolis_colts
9,Ka'Imi Fairbairn,3.0,3.0,100.0,35,0.0,0.0,3.0,0.0,0.0,2,2,1,11.0,11.0,65.1%,29.8,8,2020,15,K,ACT,0,183,10,UCLA,HOU,houston_texans,houston_texans,NRG Stadium,Houston,TX,29.6847,-95.4107,Indoor,Turf,50,2002,
25,Jake Bates,0.0,1.0,0.0,0,0.0,0.0,0.0,0.0,0.0,6,6,1,6.0,6.0,92.5%,4.4,15,2020,39,K,ACT,0,202,2,Arkansas,DET,detroit_lions,detroit_lions,Ford Field,Detroit,MI,42.34,-83.0456,Indoor,Turf,600,2002,tampa_bay_buccaneers
14,Jason Myers,2.0,3.0,66.7,48,0.0,0.0,0.0,2.0,0.0,2,2,1,10.0,10.0,9.1%,21.94,5,2020,5,K,ACT,0,190,11,Marist,SEA,seattle_seahawks,seattle_seahawks,Lumen Field,Seattle,WA,47.5952,-122.3316,Outdoor,Turf,20,2002,
20,Cam Little,1.0,1.0,100.0,23,0.0,1.0,0.0,0.0,0.0,1,1,1,4.0,4.0,4.6%,23.6,14,2020,39,K,ACT,0,172,2,Arkansas,JAX,jacksonville_jaguars,jacksonville_jaguars,TIAA Bank Field,Jacksonville,FL,30.3239,-81.6373,Outdoor,Grass,16,1995,baltimore_ravens
21,Justin Tucker,1.0,2.0,50.0,49,0.0,0.0,0.0,1.0,0.0,3,3,1,7.0,7.0,12.5%,15.8,8,2020,,,,,,,,,,,,,,,,,,,,
22,Jake Moody,1.0,1.0,100.0,48,0.0,0.0,0.0,1.0,0.0,1,1,1,5.0,5.0,12.5%,24.2,12,2020,4,K,ACT,0,210,3,Michigan,SF,san_francisco_49ers,san_francisco_49ers,Levi's Stadium,Santa Clara,CA,37.403,-121.9692,Outdoor,Grass,13,2014,buffalo_bills
1,Jake Bates,4.0,4.0,100.0,48,0.0,0.0,2.0,2.0,0.0,5,5,1,19.0,19.0,92.5%,36.1,6,2020,39,K,ACT,0,202,2,Arkansas,DET,detroit_lions,detroit_lions,Ford Field,Detroit,MI,42.34,-83.0456,Indoor,Turf,600,2002,
30,Cam Little,0.0,0.0,0.0,0,0.0,0.0,0.0,0.0,0.0,1,1,1,1.0,1.0,4.6%,0.7,9,2020,39,K,ACT,0,172,2,Arkansas,JAX,jacksonville_jaguars,jacksonville_jaguars,TIAA Bank Field,Jacksonville,FL,30.3239,-81.6373,Outdoor,Grass,16,1995,green_bay_packers
4,Will Reichard,3.0,3.0,100.0,52,0.0,0.0,1.0,1.0,1.0,3,3,1,15.0,15.0,12.6%,32.6,15,2020,16,K,ACT,0,187,2,Alabama,MIN,minnesota_vikings,minnesota_vikings,U.S. Bank Stadium,Minneapolis,MN,44.974,-93.2581,Indoor,Turf,840,2016,new_orleans_saints
28,Greg Joseph,0.0,0.0,0.0,0,0.0,0.0,0.0,0.0,0.0,0,0,0,0.0,0.0,0.7%,0.0,14,2020,40,K,ACT,0,206,5,Florida Atlantic,SF,san_francisco_49ers,san_francisco_49ers,Levi's Stadium,Santa Clara,CA,37.403,-121.9692,Outdoor,Grass,13,2014,dallas_cowboys
21,Graham Gano,1.0,2.0,50.0,48,0.0,0.0,0.0,1.0,0.0,0,0,1,4.0,4.0,2.6%,13.7,14,2020,9,K,ACT,0,202,16,Florida State,NYG,new_york_giants,new_york_giants,MetLife Stadium,East Rutherford,NJ,40.8136,-74.0744,Outdoor,Turf,3,2010,cleveland_browns
9,Riley Patterson,2.0,3.0,66.7,52,0.0,0.0,1.0,0.0,1.0,4,4,1,12.0,12.0,1.0%,23.34,16,2020,10,K,ACT,71,195,4,Memphis,CLE,cleveland_browns,cleveland_browns,FirstEnergy Stadium,Cleveland,OH,41.5061,-81.6995,Outdoor,Grass,577,1999,
17,Chad Ryland,1.0,1.0,100.0,37,0.0,0.0,1.0,0.0,0.0,4,4,1,7.0,7.0,3.7%,25.6,10,2020,38,K,ACT,0,195,3,Maryland,ARI,arizona_cardinals,arizona_cardinals,State Farm Stadium,Glendale,AZ,33.5275,-112.2625,Indoor,Turf,1070,2006,seattle_seahawks
3,Cameron Dicker,3.0,3.0,100.0,52,0.0,0.0,0.0,1.0,2.0,2,2,1,16.0,16.0,91.8%,33.3,12,2020,11,K,ACT,0,216,4,Texas,LAC,los_angeles_chargers,los_angeles_chargers,SoFi Stadium,Inglewood,CA,33.9535,-118.3392,Outdoor,Turf,100,2020,new_england_patriots
19,Spencer Shrader,2.0,2.0,100.0,45,0.0,1.0,0.0,1.0,0.0,0,0,1,7.0,7.0,1.9%,26.4,10,2020,3,K,ACT,0,201,2,Notre Dame,IND,indianapolis_colts,indianapolis_colts,Lucas Oil Stadium,Indianapolis,IN,39.7601,-86.1639,Indoor,Turf,700,2008,
12,Jason Myers,2.0,2.0,100.0,54,0.0,0.0,0.0,1.0,1.0,2,3,1,11.0,11.0,9.1%,29.1,13,2020,5,K,ACT,0,190,11,Marist,SEA,seattle_seahawks,seattle_seahawks,Lumen Field,Seattle,WA,47.5952,-122.3316,Outdoor,Turf,20,2002,
11,Cairo Santos,2.0,3.0,66.7,53,0.0,1.0,0.0,0.0,1.0,1,1,1,9.0,9.0,15.5%,21.34,11,2020,8,K,ACT,0,175,12,Tulane,CHI,chicago_bears,chicago_bears,Soldier Field,Chicago,IL,41.8623,-87.6167,Outdoor,Grass,595,1924,green_bay_packers
24,Evan Mcpherson,1.0,1.0,100.0,51,0.0,0.0,0.0,0.0,1.0,1,1,1,6.0,6.0,44.5%,24.9,1,2020,2,K,ACT,0,185,5,Florida,CIN,cincinnati_bengals,cincinnati_bengals,Paycor Stadium,Cincinnati,OH,39.0954,-84.516,Outdoor,Turf,482,2000,los_angeles_chargers
29,Joey Slye,0.0,0.0,0.0,0,0.0,0.0,0.0,0.0,0.0,1,1,1,1.0,1.0,2.2%,0.7,17,2020,6,K,ACT,0,213,7,Virginia Tech,TEN,tennessee_titans,tennessee_titans,Nissan Stadium,Nashville,TN,36.1665,-86.7713,Outdoor,Grass,476,1999,baltimore_ravens
24,Evan Mcpherson,0.0,0.0,0.0,0,0.0,0.0,0.0,0.0,0.0,4,4,1,4.0,4.0,44.5%,2.8,10,2020,2,K,ACT,0,185,5,Florida,CIN,cincinnati_bengals,cincinnati_bengals,Paycor Stadium,Cincinnati,OH,39.0954,-84.516,Outdoor,Turf,482,2000,washington_commanders
25,Zane Gonzalez,0.0,0.0,0.0,0,0.0,0.0,0.0,0.0,0.0,4,4,1,4.0,4.0,7.1%,2.8,16,2020,5,K,ACT,72,202,7,Arizona State,LAR,los_angeles_rams,los_angeles_rams,SoFi Stadium,Inglewood,CA,33.9535,-118.3392,Outdoor,Turf,100,2020,
22,Jake Moody,1.0,1.0,100.0,33,0.0,0.0,1.0,0.0,0.0,2,2,1,5.0,5.0,12.5%,24.2,11,2020,4,K,ACT,0,210,3,Michigan,SF,san_francisco_49ers,san_francisco_49ers,Levi's Stadium,Santa Clara,CA,37.403,-121.9692,Outdoor,Grass,13,2014,
1,Chase Mclaughlin,4.0,4.0,100.0,43,0.0,1.0,1.0,2.0,0.0,4,4,1,18.0,18.0,70.7%,35.5,15,2020,4,K,ACT,0,190,7,Illinois,TB,tampa_bay_buccaneers,tampa_bay_buccaneers,Raymond James Stadium,Tampa,FL,27.9759,-82.5033,Outdoor,Grass,26,1998,
3,Cam Little,4.0,4.0,100.0,43,0.0,2.0,0.0,2.0,0.0,1,1,1,15.0,15.0,4.6%,33.5,15,2020,39,K,ACT,0,172,2,Arkansas,JAX,jacksonville_jaguars,jacksonville_jaguars,TIAA Bank Field,Jacksonville,FL,30.3239,-81.6373,Outdoor,Grass,16,1995,chicago_bears
6,Tyler Bass,2.0,2.0,100.0,43,0.0,1.0,0.0,1.0,0.0,5,6,1,12.0,12.0,60.9%,29.9,3,2020,2,K,ACT,0,183,6,Georgia Southern,BUF,buffalo_bills,buffalo_bills,Highmark Stadium,Orchard Park,NY,42.7738,-78.7868,Outdoor,Grass,600,1973,
15,Graham Gano,2.0,2.0,100.0,47,0.0,0.0,0.0,2.0,0.0,2,2,1,10.0,10.0,2.6%,28.4,13,2020,9,K,ACT,0,202,16,Florida State,NYG,new_york_giants,new_york_giants,MetLife Stadium,East Rutherford,NJ,40.8136,-74.0744,Outdoor,Turf,3,2010,arizona_cardinals
19,Chase Mclaughlin,1.0,1.0,100.0,52,0.0,0.0,0.0,0.0,1.0,3,3,1,8.0,8.0,70.7%,26.3,8,2020,4,K,ACT,0,190,7,Illinois,TB,tampa_bay_buccaneers,tampa_bay_buccaneers,Raymond James Stadium,Tampa,FL,27.9759,-82.5033,Outdoor,Grass,26,1998,
16,Tyler Bass,0.0,0.0,0.0,0,0.0,0.0,0.0,0.0,0.0,6,6,1,6.0,6.0,60.9%,4.2,14,2020,2,K,ACT,0,183,6,Georgia Southern,BUF,buffalo_bills,buffalo_bills,Highmark Stadium,Orchard Park,NY,42.7738,-78.7868,Outdoor,Grass,600,1973,
2,Chase Mclaughlin,3.0,3.0,100.0,53,0.0,0.0,1.0,0.0,2.0,3,3,1,16.0,16.0,70.7%,33.3,5,2020,4,K,ACT,0,190,7,Illinois,TB,tampa_bay_buccaneers,tampa_bay_buccaneers,Raymond James Stadium,Tampa,FL,27.9759,-82.5033,Outdoor,Grass,26,1998,
3,Will Reichard,3.0,3.0,100.0,54,0.0,0.0,0.0,1.0,2.0,2,2,1,16.0,16.0,12.6%,33.3,5,2020,16,K,ACT,0,187,2,Alabama,MIN,minnesota_vikings,minnesota_vikings,U.S. Bank Stadium,Minneapolis,MN,44.974,-93.2581,Indoor,Turf,840,2016,atlanta_falcons
28,Harrison Butker,0.0,1.0,0.0,0,0.0,0.0,0.0,0.0,0.0,3,3,1,3.0,3.0,69.5%,2.3,15,2020,7,K,ACT,0,205,9,Georgia Tech,KC,kansas_city_chiefs,kansas_city_chiefs,GEHA Field at Arrowhead Stadium,Kansas City,MO,39.049,-94.4839,Outdoor,Grass,1020,1972,
18,Brandon Aubrey,2.0,2.0,100.0,46,0.0,1.0,0.0,1.0,0.0,0,0,1,7.0,7.0,96.5%,26.4,10,2020,17,K,ACT,0,218,3,Notre Dame,DAL,dallas_cowboys,dallas_cowboys,AT&T Stadium,Arlington,TX,32.7473,-97.0945,Indoor,Turf,639,2009,
32,Andre Szmyt,0.0,0.0,0.0,0,0.0,0.0,0.0,0.0,0.0,0,0,0,0.0,0.0,1.0%,0.0,10,2020,38,K,ACT,0,200,1,Syracuse,CLE,cleveland_browns,cleveland_browns,FirstEnergy Stadium,Cleveland,OH,41.5061,-81.6995,Outdoor,Grass,577,1999,
27,Harrison Butker,0.0,0.0,0.0,0,0.0,0.0,0.0,0.0,0.0,0,0,0,0.0,0.0,69.5%,0.0,14,2020,7,K,ACT,0,205,9,Georgia Tech,KC,kansas_city_chiefs,kansas_city_chiefs,GEHA Field at Arrowhead Stadium,Kansas City,MO,39.049,-94.4839,Outdoor,Grass,1020,1972,
28,Joshua Karty,0.0,0.0,0.0,0,0.0,0.0,0.0,0.0,0.0,1,2,1,1.0,1.0,12.6%,0.7,5,2020,16,K,ACT,0,208,2,Stanford,LAR,los_angeles_rams,los_angeles_rams,SoFi Stadium,Inglewood,CA,33.9535,-118.3392,Outdoor,Turf,100,2020,
7,Parker Romo,3.0,3.0,100.0,40,0.0,2.0,0.0,1.0,0.0,3,3,1,13.0,13.0,1.2%,31.4,12,2020,11,K,ACT,72,180,1,Virginia Tech,CHI,chicago_bears,chicago_bears,Soldier Field,Chicago,IL,41.8623,-87.6167,Outdoor,Grass,595,1924,detroit_lions
6,Matt Prater,2.0,2.0,100.0,57,0.0,0.0,0.0,1.0,1.0,5,5,1,14.0,14.0,0.8%,31.2,2,2020,5,K,ACT,70,195,18,UCF,ARI,arizona_cardinals,arizona_cardinals,State Farm Stadium,Glendale,AZ,33.5275,-112.2625,Indoor,Turf,1070,2006,
7,Dustin Hopkins,3.0,3.0,100.0,53,0.0,0.0,1.0,1.0,1.0,1,1,1,13.0,13.0,2.3%,31.2,2,2020,7,K,ACT,0,210,12,Florida State,CLE,cleveland_browns,cleveland_browns,FirstEnergy Stadium,Cleveland,OH,41.5061,-81.6995,Outdoor,Grass,577,1999,
24,Jude Mcatamney,1.0,1.0,100.0,31,0.0,0.0,1.0,0.0,0.0,1,1,1,4.0,4.0,0.7%,23.5,9,2020,99,K,ACT,0,205,1,Rutgers,NYG,new_york_giants,new_york_giants,MetLife Stadium,East Rutherford,NJ,40.8136,-74.0744,Outdoor,Turf,3,2010,
4,Daniel Carlson,5.0,5.0,100.0,47,0.0,2.0,2.0,1.0,0.0,0,0,1,16.0,16.0,15.3%,34.9,7,2020,8,K,ACT,0,215,8,Auburn,LV,las_vegas_raiders,las_vegas_raiders,Allegiant Stadium,Las Vegas,NV,36.0908,-115.183,Indoor,Turf,2001,2020,tampa_bay_buccaneers
15,Blake Grupe,2.0,2.0,100.0,38,0.0,0.0,2.0,0.0,0.0,0,0,1,6.0,6.0,3.2%,25.6,3,2020,19,K,ACT,0,156,3,Notre Dame,NO,new_orleans_saints,new_orleans_saints,Caesars Superdome,New Orleans,LA,29.9509,-90.0815,Indoor,Turf,3,1975,green_bay_packers
25,Evan Mcpherson,0.0,1.0,0.0,0,0.0,0.0,0.0,0.0,0.0,4,4,1,4.0,4.0,44.5%,3.0,5,2020,2,K,ACT,0,185,5,Florida,CIN,cincinnati_bengals,cincinnati_bengals,Paycor Stadium,Cincinnati,OH,39.0954,-84.516,Outdoor,Turf,482,2000,baltimore_ravens
16,Cairo Santos,1.0,2.0,50.0,53,0.0,0.0,0.0,0.0,1.0,1,1,1,6.0,6.0,15.5%,15.1,3,2020,8,K,ACT,0,175,12,Tulane,CHI,chicago_bears,chicago_bears,Soldier Field,Chicago,IL,41.8623,-87.6167,Outdoor,Grass,595,1924,
21,Chris Boswell,1.0,1.0,100.0,41,0.0,0.0,0.0,1.0,0.0,2,2,1,6.0,6.0,72.7%,24.9,5,2020,9,K,ACT,0,185,11,Rice,PIT,pittsburgh_steelers,pittsburgh_steelers,Acrisure Stadium,Pittsburgh,PA,40.4468,-80.0158,Outdoor,Grass,730,2001,
23,Jake Moody,1.0,2.0,50.0,21,0.0,1.0,0.0,0.0,0.0,2,2,1,5.0,5.0,12.5%,14.5,16,2020,4,K,ACT,0,210,3,Michigan,SF,san_francisco_49ers,san_francisco_49ers,Levi's Stadium,Santa Clara,CA,37.403,-121.9692,Outdoor,Grass,13,2014,seattle_seahawks
24,Jake Moody,0.0,2.0,0.0,0,0.0,0.0,0.0,0.0,0.0,4,5,1,4.0,4.0,12.5%,3.2,17,2020,4,K,ACT,0,210,3,Michigan,SF,san_francisco_49ers,san_francisco_49ers,Levi's Stadium,Santa Clara,CA,37.403,-121.9692,Outdoor,Grass,13,2014,
30,Graham Gano,0.0,0.0,0.0,0,0.0,0.0,0.0,0.0,0.0,2,2,1,2.0,2.0,2.6%,1.4,15,2020,9,K,ACT,0,202,16,Florida State,NYG,new_york_giants,new_york_giants,MetLife Stadium,East Rutherford,NJ,40.8136,-74.0744,Outdoor,Turf,3,2010,baltimore_ravens
23,Dustin Hopkins,1.0,1.0,100.0,34,0.0,0.0,1.0,0.0,0.0,1,1,1,4.0,4.0,2.3%,23.5,12,2020,7,K,ACT,0,210,12,Florida State,CLE,cleveland_browns,cleveland_browns,FirstEnergy Stadium,Cleveland,OH,41.5061,-81.6995,Outdoor,Grass,577,1999,
28,Harrison Butker,0.0,0.0,0.0,0,0.0,0.0,0.0,0.0,0.0,0,0,0,0.0,0.0,69.5%,0.0,11,2020,7,K,ACT,0,205,9,Georgia Tech,KC,kansas_city_chiefs,kansas_city_chiefs,GEHA Field at Arrowhead Stadium,Kansas City,MO,39.049,-94.4839,Outdoor,Grass,1020,1972,
32,Anders Carlson,0.0,0.0,0.0,0,0.0,0.0,0.0,0.0,0.0,1,2,1,1.0,1.0,1.0%,0.7,13,2020,17,K,ACT,77,215,2,Auburn,GB,green_bay_packers,green_bay_packers,Lambeau Field,Green Bay,WI,44.5013,-88.0622,Outdoor,Grass,640,1957,
18,Wil Lutz,1.0,1.0,100.0,44,0.0,0.0,0.0,1.0,0.0,4,4,1,8.0,8.0,34.5%,26.3,15,2020,3,K,ACT,0,184,10,Georgia State,DEN,denver_broncos,denver_broncos,Empower Field at Mile High,Denver,CO,39.7439,-105.0201,Outdoor,Turf,5280,2001,los_angeles_chargers
26,Joey Slye,0.0,0.0,0.0,0,0.0,0.0,0.0,0.0,0.0,3,3,1,3.0,3.0,2.2%,2.1,6,2020,6,K,ACT,0,213,7,Virginia Tech,TEN,tennessee_titans,tennessee_titans,Nissan Stadium,Nashville,TN,36.1665,-86.7713,Outdoor,Grass,476,1999,pittsburgh_steelers
13,Cameron Dicker,2.0,2.0,100.0,46,0.0,0.0,0.0,2.0,0.0,2,3,1,10.0,10.0,91.8%,28.4,2,2020,11,K,ACT,0,216,4,Texas,LAC,los_angeles_chargers,los_angeles_chargers,SoFi Stadium,Inglewood,CA,33.9535,-118.3392,Outdoor,Turf,100,2020,kansas_city_chiefs
1,Jason Sanders,5.0,5.0,100.0,54,0.0,0.0,2.0,2.0,1.0,2,2,1,21.0,21.0,45.6%,38.2,16,2020,7,K,ACT,0,195,8,New Mexico,MIA,miami_dolphins,miami_dolphins,Hard Rock Stadium,Miami Gardens,FL,25.958,-80.238,Outdoor,Grass,7,1987,buffalo_bills
9,Wil Lutz,3.0,3.0,100.0,45,0.0,0.0,2.0,1.0,0.0,1,1,1,11.0,11.0,34.5%,29.8,1,2020,3,K,ACT,0,184,10,Georgia State,DEN,denver_broncos,denver_broncos,Empower Field at Mile High,Denver,CO,39.7439,-105.0201,Outdoor,Turf,5280,2001,tennessee_titans
9,Jason Sanders,2.0,2.0,100.0,51,0.0,1.0,0.0,0.0,1.0,4,4,1,12.0,12.0,45.6%,29.9,12,2020,7,K,ACT,0,195,8,New Mexico,MIA,miami_dolphins,miami_dolphins,Hard Rock Stadium,Miami Gardens,FL,25.958,-80.238,Outdoor,Grass,7,1987,
5,Tyler Bass,2.0,3.0,66.7,50,0.0,0.0,0.0,1.0,1.0,6,6,1,15.0,15.0,60.9%,25.44,15,2020,2,K,ACT,0,183,6,Georgia Southern,BUF,buffalo_bills,buffalo_bills,Highmark Stadium,Orchard Park,NY,42.7738,-78.7868,Outdoor,Grass,600,1973,
6,Justin Tucker,2.0,2.0,100.0,37,0.0,0.0,2.0,0.0,0.0,5,5,1,11.0,11.0,12.5%,29.1,9,2020,,,,,,,,,,,,,,,,,,,,
6,Chris Boswell,2.0,2.0,100.0,54,0.0,0.0,1.0,0.0,1.0,3,3,1,11.0,11.0,72.7%,29.1,14,2020,9,K,ACT,0,185,11,Rice,PIT,pittsburgh_steelers,pittsburgh_steelers,Acrisure Stadium,Pittsburgh,PA,40.4468,-80.0158,Outdoor,Grass,730,2001,cincinnati_bengals
32,Riley Patterson,0.0,0.0,0.0,0,0.0,0.0,0.0,0.0,0.0,1,1,1,1.0,1.0,1.0%,0.7,15,2020,10,K,ACT,71,195,4,Memphis,CLE,cleveland_browns,cleveland_browns,FirstEnergy Stadium,Cleveland,OH,41.5061,-81.6995,Outdoor,Grass,577,1999,new_york_jets
2,Brandon Aubrey,4.0,4.0,100.0,58,0.0,0.0,0.0,1.0,3.0,2,2,1,21.0,21.0,96.5%,37.5,16,2020,17,K,ACT,0,218,3,Notre Dame,DAL,dallas_cowboys,dallas_cowboys,AT&T Stadium,Arlington,TX,32.7473,-97.0945,Indoor,Turf,639,2009,new_york_giants
26,Spencer Shrader,0.0,0.0,0.0,0,0.0,0.0,0.0,0.0,0.0,3,3,1,3.0,3.0,1.9%,2.1,11,2020,3,K,ACT,0,201,2,Notre Dame,IND,indianapolis_colts,indianapolis_colts,Lucas Oil Stadium,Indianapolis,IN,39.7601,-86.1639,Indoor,Turf,700,2008,tennessee_titans
6,Jake Bates,1.0,1.0,100.0,51,0.0,0.0,0.0,0.0,1.0,7,7,1,12.0,12.0,92.5%,29.1,8,2020,39,K,ACT,0,202,2,Arkansas,DET,detroit_lions,detroit_lions,Ford Field,Detroit,MI,42.34,-83.0456,Indoor,Turf,600,2002,minnesota_vikings
4,Jason Myers,3.0,3.0,100.0,36,0.0,1.0,2.0,0.0,0.0,3,3,1,12.0,12.0,9.1%,30.6,14,2020,5,K,ACT,0,190,11,Marist,SEA,seattle_seahawks,seattle_seahawks,Lumen Field,Seattle,WA,47.5952,-122.3316,Outdoor,Turf,20,2002,
14,Nick Folk,2.0,2.0,100.0,43,0.0,0.0,1.0,1.0,0.0,1,1,1,8.0,8.0,1.0%,27.0,11,2020,6,K,ACT,73,222,17,Arizona,TEN,tennessee_titans,tennessee_titans,Nissan Stadium,Nashville,TN,36.1665,-86.7713,Outdoor,Grass,476,1999,
12,Nick Folk,2.0,2.0,100.0,46,0.0,0.0,1.0,1.0,0.0,0,0,1,7.0,7.0,1.0%,26.3,14,2020,6,K,ACT,73,222,17,Arizona,TEN,tennessee_titans,tennessee_titans,Nissan Stadium,Nashville,TN,36.1665,-86.7713,Outdoor,Grass,476,1999,
16,Harrison Butker,2.0,2.0,100.0,51,1.0,0.0,0.0,0.0,1.0,2,2,1,10.0,10.0,69.5%,28.4,2,2020,7,K,ACT,0,205,9,Georgia Tech,KC,kansas_city_chiefs,kansas_city_chiefs,GEHA Field at Arrowhead Stadium,Kansas City,MO,39.049,-94.4839,Outdoor,Grass,1020,1972,
11,Ka'Imi Fairbairn,2.0,2.0,100.0,44,0.0,1.0,0.0,1.0,0.0,2,2,1,9.0,9.0,65.1%,27.8,15,2020,15,K,ACT,0,183,10,UCLA,HOU,houston_texans,houston_texans,NRG Stadium,Houston,TX,29.6847,-95.4107,Indoor,Turf,50,2002,cincinnati_bengals
7,Brandon Aubrey,2.0,2.0,100.0,65,0.0,0.0,0.0,0.0,2.0,1,1,1,11.0,11.0,96.5%,29.1,3,2020,17,K,ACT,0,218,3,Notre Dame,DAL,dallas_cowboys,dallas_cowboys,AT&T Stadium,Arlington,TX,32.7473,-97.0945,Indoor,Turf,639,2009,seattle_seahawks
9,Ka'Imi Fairbairn,2.0,3.0,66.7,46,0.0,0.0,1.0,1.0,0.0,5,5,1,12.0,12.0,65.1%,23.34,6,2020,15,K,ACT,0,183,10,UCLA,HOU,houston_texans,houston_texans,NRG Stadium,Houston,TX,29.6847,-95.4107,Indoor,Turf,50,2002,tennessee_titans
28,Daniel Carlson,0.0,1.0,0.0,0,0.0,0.0,0.0,0.0,0.0,2,2,1,2.0,2.0,15.3%,1.6,3,2020,8,K,ACT,0,215,8,Auburn,LV,las_vegas_raiders,las_vegas_raiders,Allegiant Stadium,Las Vegas,NV,36.0908,-115.183,Indoor,Turf,2001,2020,new_england_patriots
22,Justin Tucker,0.0,1.0,0.0,0,0.0,0.0,0.0,0.0,0.0,4,4,1,4.0,4.0,12.5%,3.0,3,2020,,,,,,,,,,,,,,,,,,,,
6,Evan Mcpherson,2.0,2.0,100.0,56,0.0,0.0,0.0,1.0,1.0,4,4,1,13.0,13.0,44.5%,30.5,4,2020,2,K,ACT,0,185,5,Florida,CIN,cincinnati_bengals,cincinnati_bengals,Paycor Stadium,Cincinnati,OH,39.0954,-84.516,Outdoor,Turf,482,2000,
31,Younghoe Koo,0.0,0.0,0.0,0,0.0,0.0,0.0,0.0,0.0,0,0,0,0.0,0.0,21.9%,0.0,17,2020,6,K,ACT,0,195,8,Georgia Southern,ATL,atlanta_falcons,atlanta_falcons,Mercedes-Benz Stadium,Atlanta,GA,33.755,-84.4008,Indoor,Turf,1050,2017,
23,Matt Gay,0.0,0.0,0.0,0,0.0,0.0,0.0,0.0,0.0,3,3,1,3.0,3.0,16.3%,2.1,3,2020,16,K,ACT,0,232,7,Utah,WAS,washington_commanders,washington_commanders,FedExField,Landover,MD,38.9078,-76.8645,Outdoor,Grass,300,1997,cleveland_browns
5,Will Reichard,3.0,3.0,100.0,57,0.0,0.0,0.0,2.0,1.0,2,2,1,15.0,15.0,12.6%,32.6,7,2020,16,K,ACT,0,187,2,Alabama,MIN,minnesota_vikings,minnesota_vikings,U.S. Bank Stadium,Minneapolis,MN,44.974,-93.2581,Indoor,Turf,840,2016,
5,Jake Moody,3.0,3.0,100.0,41,0.0,2.0,0.0,1.0,0.0,3,3,1,13.0,13.0,12.5%,31.4,4,2020,4,K,ACT,0,210,3,Michigan,SF,san_francisco_49ers,san_francisco_49ers,Levi's Stadium,Santa Clara,CA,37.403,-121.9692,Outdoor,Grass,13,2014,philadelphia_eagles
6,Cam Little,3.0,3.0,100.0,49,0.0,1.0,1.0,1.0,0.0,4,4,1,14.0,14.0,4.6%,32.0,5,2020,39,K,ACT,0,172,2,Arkansas,JAX,jacksonville_jaguars,jacksonville_jaguars,TIAA Bank Field,Jacksonville,FL,30.3239,-81.6373,Outdoor,Grass,16,1995,detroit_lions
23,Jake Elliott,0.0,0.0,0.0,0,0.0,0.0,0.0,0.0,0.0,4,4,1,4.0,4.0,60.8%,2.8,7,2020,4,K,ACT,0,167,9,Memphis,PHI,philadelphia_eagles,philadelphia_eagles,Lincoln Financial Field,Philadelphia,PA,39.9008,-75.1675,Outdoor,Grass,30,2003,
13,Evan Mcpherson,2.0,4.0,50.0,27,0.0,2.0,0.0,0.0,0.0,3,3,1,9.0,9.0,44.5%,18.3,11,2020,2,K,ACT,0,185,5,Florida,CIN,cincinnati_bengals,cincinnati_bengals,Paycor Stadium,Cincinnati,OH,39.0954,-84.516,Outdoor,Turf,482,2000,new_york_giants
5,Chad Ryland,2.0,2.0,100.0,55,0.0,1.0,0.0,0.0,1.0,3,3,1,11.0,11.0,3.7%,29.2,9,2020,38,K,ACT,0,195,3,Maryland,ARI,arizona_cardinals,arizona_cardinals,State Farm Stadium,Glendale,AZ,33.5275,-112.2625,Indoor,Turf,1070,2006,miami_dolphins
23,Wil Lutz,1.0,1.0,100.0,37,0.0,0.0,1.0,0.0,0.0,1,1,1,4.0,4.0,34.5%,23.5,9,2020,3,K,ACT,0,184,10,Georgia State,DEN,denver_broncos,denver_broncos,Empower Field at Mile High,Denver,CO,39.7439,-105.0201,Outdoor,Turf,5280,2001,las_vegas_raiders
19,Graham Gano,2.0,2.0,100.0,50,0.0,1.0,0.0,0.0,1.0,0,0,1,8.0,8.0,2.6%,27.1,1,2020,9,K,ACT,0,202,16,Florida State,NYG,new_york_giants,new_york_giants,MetLife Stadium,East Rutherford,NJ,40.8136,-74.0744,Outdoor,Turf,3,2010,pittsburgh_steelers
9,Joshua Karty,1.0,1.0,100.0,22,0.0,1.0,0.0,0.0,0.0,5,6,1,8.0,8.0,12.6%,26.4,14,2020,16,K,ACT,0,208,2,Stanford,LAR,los_angeles_rams,los_angeles_rams,SoFi Stadium,Inglewood,CA,33.9535,-118.3392,Outdoor,Turf,100,2020,new_york_jets
18,Joey Slye,1.0,1.0,100.0,41,0.0,0.0,0.0,1.0,0.0,1,1,1,5.0,5.0,2.2%,24.2,7,2020,6,K,ACT,0,213,7,Virginia Tech,TEN,tennessee_titans,tennessee_titans,Nissan Stadium,Nashville,TN,36.1665,-86.7713,Outdoor,Grass,476,1999,cincinnati_bengals
27,Nick Folk,0.0,0.0,0.0,0,0.0,0.0,0.0,0.0,0.0,2,2,1,2.0,2.0,1.0%,1.4,3,2020,6,K,ACT,73,222,17,Arizona,TEN,tennessee_titans,tennessee_titans,Nissan Stadium,Nashville,TN,36.1665,-86.7713,Outdoor,Grass,476,1999,
22,Nick Folk,1.0,1.0,100.0,25,0.0,1.0,0.0,0.0,0.0,1,1,1,4.0,4.0,1.0%,23.6,7,2020,6,K,ACT,73,222,17,Arizona,TEN,tennessee_titans,tennessee_titans,Nissan Stadium,Nashville,TN,36.1665,-86.7713,Outdoor,Grass,476,1999,cincinnati_bengals
6,Chase Mclaughlin,3.0,3.0,100.0,56,0.0,1.0,1.0,0.0,1.0,4,4,1,15.0,15.0,70.7%,32.7,1,2020,4,K,ACT,0,190,7,Illinois,TB,tampa_bay_buccaneers,tampa_bay_buccaneers,Raymond James Stadium,Tampa,FL,27.9759,-82.5033,Outdoor,Grass,26,1998,new_orleans_saints
3,Jason Sanders,4.0,4.0,100.0,57,0.0,1.0,1.0,0.0,2.0,0,1,1,16.0,16.0,45.6%,34.1,14,2020,7,K,ACT,0,195,8,New Mexico,MIA,miami_dolphins,miami_dolphins,Hard Rock Stadium,Miami Gardens,FL,25.958,-80.238,Outdoor,Grass,7,1987,
11,Jason Sanders,2.0,3.0,66.7,52,0.0,0.0,1.0,0.0,1.0,2,2,1,10.0,10.0,45.6%,21.94,1,2020,7,K,ACT,0,195,8,New Mexico,MIA,miami_dolphins,miami_dolphins,Hard Rock Stadium,Miami Gardens,FL,25.958,-80.238,Outdoor,Grass,7,1987,new_england_patriots
28,Daniel Carlson,0.0,0.0,0.0,0,0.0,0.0,0.0,0.0,0.0,1,1,1,1.0,1.0,15.3%,0.7,6,2020,8,K,ACT,0,215,8,Auburn,LV,las_vegas_raiders,las_vegas_raiders,Allegiant Stadium,Las Vegas,NV,36.0908,-115.183,Indoor,Turf,2001,2020,
18,Jake Bates,1.0,1.0,100.0,27,0.0,1.0,0.0,0.0,0.0,3,3,1,6.0,6.0,92.5%,25.0,9,2020,39,K,ACT,0,202,2,Arkansas,DET,detroit_lions,detroit_lions,Ford Field,Detroit,MI,42.34,-83.0456,Indoor,Turf,600,2002,
2,Cairo Santos,3.0,3.0,100.0,53,0.0,1.0,0.0,0.0,2.0,0,0,1,13.0,13.0,15.5%,31.3,9,2020,8,K,ACT,0,175,12,Tulane,CHI,chicago_bears,chicago_bears,Soldier Field,Chicago,IL,41.8623,-87.6167,Outdoor,Grass,595,1924,
25,Joshua Karty,0.0,1.0,0.0,0,0.0,0.0,0.0,0.0,0.0,4,4,1,4.0,4.0,12.6%,3.0,11,2020,16,K,ACT,0,208,2,Stanford,LAR,los_angeles_rams,los_angeles_rams,SoFi Stadium,Inglewood,CA,33.9535,-118.3392,Outdoor,Turf,100,2020,san_francisco_49ers
21,Tyler Bass,1.0,2.0,50.0,50,0.0,0.0,0.0,0.0,1.0,1,1,1,6.0,6.0,60.9%,15.1,4,2020,2,K,ACT,0,183,6,Georgia Southern,BUF,buffalo_bills,buffalo_bills,Highmark Stadium,Orchard Park,NY,42.7738,-78.7868,Outdoor,Grass,600,1973,
10,Graham Gano,1.0,1.0,100.0,30,0.0,0.0,1.0,0.0,0.0,6,6,1,9.0,9.0,2.6%,27.0,17,2020,9,K,ACT,0,202,16,Florida State,NYG,new_york_giants,new_york_giants,MetLife Stadium,East Rutherford,NJ,40.8136,-74.0744,Outdoor,Turf,3,2010,
3,Chris Boswell,4.0,4.0,100.0,31,0.0,3.0,1.0,0.0,0.0,2,2,1,14.0,14.0,72.7%,32.9,8,2020,9,K,ACT,0,185,11,Rice,PIT,pittsburgh_steelers,pittsburgh_steelers,Acrisure Stadium,Pittsburgh,PA,40.4468,-80.0158,Outdoor,Grass,730,2001,
30,Matthew Wright,0.0,0.0,0.0,0,0.0,0.0,0.0,0.0,0.0,0,0,0,0.0,0.0,2.1%,0.0,5,2020,37,K,ACT,0,174,4,UCF,CAR,carolina_panthers,carolina_panthers,Bank of America Stadium,Charlotte,NC,35.2258,-80.8528,Outdoor,Grass,748,1996,
23,Brandon Aubrey,1.0,1.0,100.0,29,0.0,1.0,0.0,0.0,0.0,3,3,1,6.0,6.0,96.5%,25.0,8,2020,17,K,ACT,0,218,3,Notre Dame,DAL,dallas_cowboys,dallas_cowboys,AT&T Stadium,Arlington,TX,32.7473,-97.0945,Indoor,Turf,639,2009,philadelphia_eagles
29,Dustin Hopkins,0.0,1.0,0.0,0,0.0,0.0,0.0,0.0,0.0,1,1,1,1.0,1.0,2.3%,0.9,3,2020,7,K,ACT,0,210,12,Florida State,CLE,cleveland_browns,cleveland_browns,FirstEnergy Stadium,Cleveland,OH,41.5061,-81.6995,Outdoor,Grass,577,1999,
20,Eddy Pineiro,1.0,1.0,100.0,48,0.0,0.0,0.0,1.0,0.0,2,2,1,6.0,6.0,1.1%,24.9,9,2020,4,K,ACT,72,185,6,Florida,CAR,carolina_panthers,carolina_panthers,Bank of America Stadium,Charlotte,NC,35.2258,-80.8528,Outdoor,Grass,748,1996,tampa_bay_buccaneers
8,Eddy Pineiro,4.0,4.0,100.0,33,0.0,1.0,3.0,0.0,0.0,1,1,1,13.0,13.0,1.1%,32.0,12,2020,4,K,ACT,72,185,6,Florida,CAR,carolina_panthers,carolina_panthers,Bank of America Stadium,Charlotte,NC,35.2258,-80.8528,Outdoor,Grass,748,1996,
7,Justin Tucker,2.0,2.0,100.0,52,0.0,1.0,0.0,0.0,1.0,5,5,1,13.0,13.0,12.5%,30.6,7,2020,,,,,,,,,,,,,,,,,,,,
25,Cam Little,1.0,1.0,100.0,30,0.0,0.0,1.0,0.0,0.0,1,1,1,4.0,4.0,4.6%,23.5,6,2020,39,K,ACT,0,172,2,Arkansas,JAX,jacksonville_jaguars,jacksonville_jaguars,TIAA Bank Field,Jacksonville,FL,30.3239,-81.6373,Outdoor,Grass,16,1995,
17,Brandon Aubrey,2.0,2.0,100.0,33,0.0,1.0,1.0,0.0,0.0,3,3,1,9.0,9.0,96.5%,27.8,13,2020,17,K,ACT,0,218,3,Notre Dame,DAL,dallas_cowboys,dallas_cowboys,AT&T Stadium,Arlington,TX,32.7473,-97.0945,Indoor,Turf,639,2009,
1,Austin Seibert,7.0,7.0,100.0,45,0.0,4.0,2.0,1.0,0.0,0,0,1,22.0,22.0,0.7%,40.7,2,2020,16,K,ACT,69,214,5,Oklahoma,FA,free_agent,,,,,,,,,,,
25,Nick Folk,1.0,1.0,100.0,40,0.0,0.0,0.0,1.0,0.0,2,2,1,6.0,6.0,1.0%,24.9,1,2020,6,K,ACT,73,222,17,Arizona,TEN,tennessee_titans,tennessee_titans,Nissan Stadium,Nashville,TN,36.1665,-86.7713,Outdoor,Grass,476,1999,
7,Wil Lutz,2.0,2.0,100.0,51,0.0,0.0,0.0,1.0,1.0,4,4,1,13.0,13.0,34.5%,30.5,5,2020,3,K,ACT,0,184,10,Georgia State,DEN,denver_broncos,denver_broncos,Empower Field at Mile High,Denver,CO,39.7439,-105.0201,Outdoor,Turf,5280,2001,
3,Blake Grupe,4.0,4.0,100.0,57,0.0,0.0,1.0,1.0,2.0,5,5,1,22.0,22.0,3.2%,38.2,1,2020,19,K,ACT,0,156,3,Notre Dame,NO,new_orleans_saints,new_orleans_saints,Caesars Superdome,New Orleans,LA,29.9509,-90.0815,Indoor,Turf,3,1975,
12,Brandon Mcmanus,1.0,1.0,100.0,51,0.0,0.0,0.0,0.0,1.0,5,5,1,10.0,10.0,7.8%,27.7,12,2020,17,K,ACT,0,201,12,Temple,GB,green_bay_packers,green_bay_packers,Lambeau Field,Green Bay,WI,44.5013,-88.0622,Outdoor,Grass,640,1957,
18,Chris Boswell,1.0,1.0,100.0,51,0.0,0.0,0.0,0.0,1.0,2,2,1,7.0,7.0,72.7%,25.6,16,2020,9,K,ACT,0,185,11,Rice,PIT,pittsburgh_steelers,pittsburgh_steelers,Acrisure Stadium,Pittsburgh,PA,40.4468,-80.0158,Outdoor,Grass,730,2001,cleveland_browns
7,Cam Little,2.0,2.0,100.0,52,0.0,0.0,0.0,1.0,1.0,2,2,1,11.0,11.0,4.6%,29.1,4,2020,39,K,ACT,0,172,2,Arkansas,JAX,jacksonville_jaguars,jacksonville_jaguars,TIAA Bank Field,Jacksonville,FL,30.3239,-81.6373,Outdoor,Grass,16,1995,cincinnati_bengals
21,Younghoe Koo,1.0,4.0,25.0,27,0.0,1.0,0.0,0.0,0.0,2,2,1,5.0,5.0,21.9%,9.9,10,2020,6,K,ACT,0,195,8,Georgia Southern,ATL,atlanta_falcons,atlanta_falcons,Mercedes-Benz Stadium,Atlanta,GA,33.755,-84.4008,Indoor,Turf,1050,2017,new_orleans_saints
28,Younghoe Koo,1.0,1.0,100.0,24,0.0,1.0,0.0,0.0,0.0,1,1,1,4.0,4.0,21.9%,23.6,1,2020,6,K,ACT,0,195,8,Georgia Southern,ATL,atlanta_falcons,atlanta_falcons,Mercedes-Benz Stadium,Atlanta,GA,33.755,-84.4008,Indoor,Turf,1050,2017,seattle_seahawks
21,Wil Lutz,1.0,1.0,100.0,40,0.0,0.0,0.0,1.0,0.0,1,1,1,5.0,5.0,34.5%,24.2,6,2020,3,K,ACT,0,184,10,Georgia State,DEN,denver_broncos,denver_broncos,Empower Field at Mile High,Denver,CO,39.7439,-105.0201,Outdoor,Turf,5280,2001,
7,Cade York,2.0,2.0,100.0,37,0.0,1.0,1.0,0.0,0.0,3,3,1,9.0,9.0,2.9%,27.8,14,2020,3,K,ACT,74,206,3,LSU,TEN,tennessee_titans,tennessee_titans,Nissan Stadium,Nashville,TN,36.1665,-86.7713,Outdoor,Grass,476,1999,
19,Cam Little,1.0,1.0,100.0,41,0.0,0.0,0.0,1.0,0.0,1,1,1,5.0,5.0,4.6%,24.2,3,2020,39,K,ACT,0,172,2,Arkansas,JAX,jacksonville_jaguars,jacksonville_jaguars,TIAA Bank Field,Jacksonville,FL,30.3239,-81.6373,Outdoor,Grass,16,1995,miami_dolphins
25,Greg Joseph,0.0,1.0,0.0,0,0.0,0.0,0.0,0.0,0.0,3,3,1,3.0,3.0,0.7%,2.3,3,2020,40,K,ACT,0,206,5,Florida Atlantic,SF,san_francisco_49ers,san_francisco_49ers,Levi's Stadium,Santa Clara,CA,37.403,-121.9692,Outdoor,Grass,13,2014,
18,Chase Mclaughlin,0.0,0.0,0.0,0,0.0,0.0,0.0,0.0,0.0,4,4,1,4.0,4.0,70.7%,2.8,14,2020,4,K,ACT,0,190,7,Illinois,TB,tampa_bay_buccaneers,tampa_bay_buccaneers,Raymond James Stadium,Tampa,FL,27.9759,-82.5033,Outdoor,Grass,26,1998,
9,Zane Gonzalez,2.0,2.0,100.0,48,0.0,0.0,0.0,2.0,0.0,3,3,1,11.0,11.0,7.1%,29.1,10,2020,5,K,ACT,72,202,7,Arizona State,LAR,los_angeles_rams,los_angeles_rams,SoFi Stadium,Inglewood,CA,33.9535,-118.3392,Outdoor,Turf,100,2020,
25,Cairo Santos,1.0,1.0,100.0,33,0.0,0.0,1.0,0.0,0.0,0,0,1,3.0,3.0,15.5%,22.8,10,2020,8,K,ACT,0,175,12,Tulane,CHI,chicago_bears,chicago_bears,Soldier Field,Chicago,IL,41.8623,-87.6167,Outdoor,Grass,595,1924,minnesota_vikings
31,Younghoe Koo,0.0,0.0,0.0,0,0.0,0.0,0.0,0.0,0.0,0,0,0,0.0,0.0,21.9%,0.0,12,2020,6,K,ACT,0,195,8,Georgia Southern,ATL,atlanta_falcons,atlanta_falcons,Mercedes-Benz Stadium,Atlanta,GA,33.755,-84.4008,Indoor,Turf,1050,2017,new_orleans_saints
23,Cameron Dicker,1.0,1.0,100.0,41,0.0,0.0,0.0,1.0,0.0,2,2,1,6.0,6.0,91.8%,24.9,15,2020,11,K,ACT,0,216,4,Texas,LAC,los_angeles_chargers,los_angeles_chargers,SoFi Stadium,Inglewood,CA,33.9535,-118.3392,Outdoor,Turf,100,2020,
7,Justin Tucker,2.0,2.0,100.0,51,0.0,1.0,0.0,0.0,1.0,4,4,1,12.0,12.0,12.5%,29.9,16,2020,,,,,,,,,,,,,,,,,,,,
20,Tyler Bass,1.0,1.0,100.0,27,0.0,1.0,0.0,0.0,0.0,4,4,1,7.0,7.0,60.9%,25.7,8,2020,2,K,ACT,0,183,6,Georgia Southern,BUF,buffalo_bills,buffalo_bills,Highmark Stadium,Orchard Park,NY,42.7738,-78.7868,Outdoor,Grass,600,1973,
10,Brandon Aubrey,2.0,2.0,100.0,57,0.0,0.0,1.0,0.0,1.0,1,1,1,9.0,9.0,96.5%,27.7,9,2020,17,K,ACT,0,218,3,Notre Dame,DAL,dallas_cowboys,dallas_cowboys,AT&T Stadium,Arlington,TX,32.7473,-97.0945,Indoor,Turf,639,2009,pittsburgh_steelers
14,Jake Elliott,2.0,2.0,100.0,38,0.0,1.0,1.0,0.0,0.0,4,4,1,10.0,10.0,60.8%,28.5,1,2020,4,K,ACT,0,167,9,Memphis,PHI,philadelphia_eagles,philadelphia_eagles,Lincoln Financial Field,Philadelphia,PA,39.9008,-75.1675,Outdoor,Grass,30,2003,washington_commanders
15,Jake Elliott,2.0,4.0,50.0,31,0.0,1.0,1.0,0.0,0.0,2,3,1,8.0,8.0,60.8%,17.5,11,2020,4,K,ACT,0,167,9,Memphis,PHI,philadelphia_eagles,philadelphia_eagles,Lincoln Financial Field,Philadelphia,PA,39.9008,-75.1675,Outdoor,Grass,30,2003,seattle_seahawks
27,Daniel Carlson,1.0,4.0,25.0,27,0.0,1.0,0.0,0.0,0.0,2,2,1,5.0,5.0,15.3%,9.9,13,2020,8,K,ACT,0,215,8,Auburn,LV,las_vegas_raiders,las_vegas_raiders,Allegiant Stadium,Las Vegas,NV,36.0908,-115.183,Indoor,Turf,2001,2020,indianapolis_colts
19,Wil Lutz,1.0,1.0,100.0,30,0.0,0.0,1.0,0.0,0.0,3,3,1,6.0,6.0,34.5%,24.9,17,2020,3,K,ACT,0,184,10,Georgia State,DEN,denver_broncos,denver_broncos,Empower Field at Mile High,Denver,CO,39.7439,-105.0201,Outdoor,Turf,5280,2001,
11,Ka'Imi Fairbairn,2.0,3.0,66.7,54,0.0,1.0,0.0,0.0,1.0,3,3,1,11.0,11.0,65.1%,22.74,12,2020,15,K,ACT,0,183,10,UCLA,HOU,houston_texans,houston_texans,NRG Stadium,Houston,TX,29.6847,-95.4107,Indoor,Turf,50,2002,indianapolis_colts
29,Eddy Pineiro,0.0,0.0,0.0,0,0.0,0.0,0.0,0.0,0.0,1,1,1,1.0,1.0,1.1%,0.7,7,2020,4,K,ACT,72,185,6,Florida,CAR,carolina_panthers,carolina_panthers,Bank of America Stadium,Charlotte,NC,35.2258,-80.8528,Outdoor,Grass,748,1996,new_orleans_saints
12,Jake Bates,2.0,3.0,66.7,34,0.0,0.0,2.0,0.0,0.0,4,4,1,10.0,10.0,92.5%,21.94,16,2020,39,K,ACT,0,202,2,Arkansas,DET,detroit_lions,detroit_lions,Ford Field,Detroit,MI,42.34,-83.0456,Indoor,Turf,600,2002,minnesota_vikings
2,Jake Elliott,3.0,3.0,100.0,49,0.0,0.0,1.0,2.0,0.0,4,4,1,15.0,15.0,60.8%,32.6,8,2020,4,K,ACT,0,167,9,Memphis,PHI,philadelphia_eagles,philadelphia_eagles,Lincoln Financial Field,Philadelphia,PA,39.9008,-75.1675,Outdoor,Grass,30,2003,
6,Cam Little,3.0,3.0,100.0,49,0.0,1.0,1.0,1.0,0.0,4,4,1,14.0,14.0,4.6%,32.0,5,2020,39,K,ACT,0,172,2,Arkansas,JAX,jacksonville_jaguars,jacksonville_jaguars,TIAA Bank Field,Jacksonville,FL,30.3239,-81.6373,Outdoor,Grass,16,1995,houston_texans
28,Harrison Butker,1.0,2.0,50.0,37,0.0,0.0,1.0,0.0,0.0,2,2,1,5.0,5.0,69.5%,14.4,4,2020,7,K,ACT,0,205,9,Georgia Tech,KC,kansas_city_chiefs,kansas_city_chiefs,GEHA Field at Arrowhead Stadium,Kansas City,MO,39.049,-94.4839,Outdoor,Grass,1020,1972,
6,Spencer Shrader,3.0,3.0,100.0,41,0.0,1.0,1.0,1.0,0.0,3,3,1,13.0,13.0,1.9%,31.3,12,2020,3,K,ACT,0,201,2,Notre Dame,IND,indianapolis_colts,indianapolis_colts,Lucas Oil Stadium,Indianapolis,IN,39.7601,-86.1639,Indoor,Turf,700,2008,
20,Chase Mclaughlin,1.0,1.0,100.0,23,0.0,1.0,0.0,0.0,0.0,3,4,1,6.0,6.0,70.7%,25.0,12,2020,4,K,ACT,0,190,7,Illinois,TB,tampa_bay_buccaneers,tampa_bay_buccaneers,Raymond James Stadium,Tampa,FL,27.9759,-82.5033,Outdoor,Grass,26,1998,
19,Brandon Aubrey,1.0,2.0,50.0,64,0.0,0.0,0.0,0.0,1.0,1,1,1,6.0,6.0,96.5%,15.1,11,2020,17,K,ACT,0,218,3,Notre Dame,DAL,dallas_cowboys,dallas_cowboys,AT&T Stadium,Arlington,TX,32.7473,-97.0945,Indoor,Turf,639,2009,washington_commanders
8,Younghoe Koo,3.0,3.0,100.0,35,0.0,1.0,2.0,0.0,0.0,3,3,1,12.0,12.0,21.9%,30.6,6,2020,6,K,ACT,0,195,8,Georgia Southern,ATL,atlanta_falcons,atlanta_falcons,Mercedes-Benz Stadium,Atlanta,GA,33.755,-84.4008,Indoor,Turf,1050,2017,detroit_lions
23,Blake Grupe,0.0,0.0,0.0,0,0.0,0.0,0.0,0.0,0.0,5,5,1,5.0,5.0,3.2%,3.5,11,2020,19,K,ACT,0,156,3,Notre Dame,NO,new_orleans_saints,new_orleans_saints,Caesars Superdome,New Orleans,LA,29.9509,-90.0815,Indoor,Turf,3,1975,
32,Matthew Wright,0.0,0.0,0.0,0,0.0,0.0,0.0,0.0,0.0,0,0,0,0.0,0.0,2.1%,0.0,2,2020,37,K,ACT,0,174,4,UCF,CAR,carolina_panthers,carolina_panthers,Bank of America Stadium,Charlotte,NC,35.2258,-80.8528,Outdoor,Grass,748,1996,tampa_bay_buccaneers
18,Jake Moody,1.0,2.0,50.0,26,0.0,1.0,0.0,0.0,0.0,3,3,1,6.0,6.0,12.5%,15.2,3,2020,4,K,ACT,0,210,3,Michigan,SF,san_francisco_49ers,san_francisco_49ers,Levi's Stadium,Santa Clara,CA,37.403,-121.9692,Outdoor,Grass,13,2014,
15,Matt Gay,2.0,3.0,66.7,35,0.0,0.0,2.0,0.0,0.0,3,3,1,9.0,9.0,16.3%,21.24,4,2020,16,K,ACT,0,232,7,Utah,WAS,washington_commanders,washington_commanders,FedExField,Landover,MD,38.9078,-76.8645,Outdoor,Grass,300,1997,baltimore_ravens
13,Daniel Carlson,2.0,2.0,100.0,52,0.0,0.0,1.0,0.0,1.0,2,2,1,10.0,10.0,15.3%,28.4,4,2020,8,K,ACT,0,215,8,Auburn,LV,las_vegas_raiders,las_vegas_raiders,Allegiant Stadium,Las Vegas,NV,36.0908,-115.183,Indoor,Turf,2001,2020,buffalo_bills
2,Matt Gay,3.0,3.0,100.0,56,0.0,0.0,0.0,2.0,1.0,1,1,1,14.0,14.0,16.3%,31.9,11,2020,16,K,ACT,0,232,7,Utah,WAS,washington_commanders,washington_commanders,FedExField,Landover,MD,38.9078,-76.8645,Outdoor,Grass,300,1997,
21,Harrison Butker,1.0,1.0,100.0,32,0.0,0.0,1.0,0.0,0.0,2,3,1,5.0,5.0,69.5%,24.2,17,2020,7,K,ACT,0,205,9,Georgia Tech,KC,kansas_city_chiefs,kansas_city_chiefs,GEHA Field at Arrowhead Stadium,Kansas City,MO,39.049,-94.4839,Outdoor,Grass,1020,1972,tampa_bay_buccaneers
12,Matt Gay,2.0,2.0,100.0,37,0.0,0.0,2.0,0.0,0.0,4,4,1,10.0,10.0,16.3%,28.4,5,2020,16,K,ACT,0,232,7,Utah,WAS,washington_commanders,washington_commanders,FedExField,Landover,MD,38.9078,-76.8645,Outdoor,Grass,300,1997,los_angeles_rams
31,Eddy Pineiro,0.0,0.0,0.0,0,0.0,0.0,0.0,0.0,0.0,2,2,1,2.0,2.0,1.1%,1.4,15,2020,4,K,ACT,72,185,6,Florida,CAR,carolina_panthers,carolina_panthers,Bank of America Stadium,Charlotte,NC,35.2258,-80.8528,Outdoor,Grass,748,1996,
8,Justin Tucker,2.0,2.0,100.0,56,0.0,1.0,0.0,0.0,1.0,5,5,1,13.0,13.0,12.5%,30.6,5,2020,,,,,,,,,,,,,,,,,,,,
4,Joey Slye,4.0,4.0,100.0,37,0.0,1.0,3.0,0.0,0.0,1,1,1,13.0,13.0,2.2%,32.0,10,2020,6,K,ACT,0,213,7,Virginia Tech,TEN,tennessee_titans,tennessee_titans,Nissan Stadium,Nashville,TN,36.1665,-86.7713,Outdoor,Grass,476,1999,
11,Ka'Imi Fairbairn,2.0,4.0,50.0,54,0.0,1.0,0.0,0.0,1.0,1,1,1,9.0,9.0,65.1%,18.2,9,2020,15,K,ACT,0,183,10,UCLA,HOU,houston_texans,houston_texans,NRG Stadium,Houston,TX,29.6847,-95.4107,Indoor,Turf,50,2002,cleveland_browns
8,Jake Moody,3.0,6.0,50.0,44,0.0,1.0,1.0,1.0,0.0,2,2,1,12.0,12.0,12.5%,21.2,10,2020,4,K,ACT,0,210,3,Michigan,SF,san_francisco_49ers,san_francisco_49ers,Levi's Stadium,Santa Clara,CA,37.403,-121.9692,Outdoor,Grass,13,2014,
20,Nick Folk,1.0,1.0,100.0,44,0.0,0.0,0.0,1.0,0.0,2,2,1,6.0,6.0,1.0%,24.9,6,2020,6,K,ACT,73,222,17,Arizona,TEN,tennessee_titans,tennessee_titans,Nissan Stadium,Nashville,TN,36.1665,-86.7713,Outdoor,Grass,476,1999,pittsburgh_steelers
20,Anders Carlson,1.0,2.0,50.0,43,0.0,0.0,0.0,1.0,0.0,3,3,1,7.0,7.0,1.0%,15.8,15,2020,17,K,ACT,77,215,2,Auburn,GB,green_bay_packers,green_bay_packers,Lambeau Field,Green Bay,WI,44.5013,-88.0622,Outdoor,Grass,640,1957,
18,Cairo Santos,1.0,1.0,100.0,40,0.0,0.0,0.0,1.0,0.0,3,3,1,7.0,7.0,15.5%,25.6,4,2020,8,K,ACT,0,175,12,Tulane,CHI,chicago_bears,chicago_bears,Soldier Field,Chicago,IL,41.8623,-87.6167,Outdoor,Grass,595,1924,indianapolis_colts
2,Brayden Narveson,3.0,3.0,100.0,47,0.0,2.0,0.0,1.0,0.0,3,3,1,13.0,13.0,0.7%,31.4,3,2020,1,K,ACT,72,190,1,NC State,GB,green_bay_packers,green_bay_packers,Lambeau Field,Green Bay,WI,44.5013,-88.0622,Outdoor,Grass,640,1957,
30,Jason Sanders,0.0,0.0,0.0,0,0.0,0.0,0.0,0.0,0.0,0,0,0,0.0,0.0,45.6%,0.0,6,2020,7,K,ACT,0,195,8,New Mexico,MIA,miami_dolphins,miami_dolphins,Hard Rock Stadium,Miami Gardens,FL,25.958,-80.238,Outdoor,Grass,7,1987,
26,Eddy Pineiro,1.0,1.0,100.0,43,0.0,0.0,0.0,1.0,0.0,1,1,1,5.0,5.0,1.1%,24.2,1,2020,4,K,ACT,72,185,6,Florida,CAR,carolina_panthers,carolina_panthers,Bank of America Stadium,Charlotte,NC,35.2258,-80.8528,Outdoor,Grass,748,1996,las_vegas_raiders
10,Jason Myers,2.0,2.0,100.0,59,0.0,0.0,1.0,0.0,1.0,4,4,1,12.0,12.0,9.1%,29.8,7,2020,5,K,ACT,0,190,11,Marist,SEA,seattle_seahawks,seattle_seahawks,Lumen Field,Seattle,WA,47.5952,-122.3316,Outdoor,Turf,20,2002,arizona_cardinals
25,Greg Zuerlein,1.0,1.0,100.0,33,0.0,0.0,1.0,0.0,0.0,3,3,1,6.0,6.0,1.3%,24.9,2,2020,,,,,,,,,,,,,,,,,,,,
32,Harrison Mevis,0.0,0.0,0.0,0,0.0,0.0,0.0,0.0,0.0,0,0,0,0.0,0.0,1.4%,0.0,6,2020,"",K,ACT,0,243,1,Missouri,NYJ,new_york_jets,new_york_jets,MetLife Stadium,East Rutherford,NJ,40.8136,-74.0744,Outdoor,Turf,3,2010,miami_dolphins
2,Chase Mclaughlin,4.0,5.0,80.0,51,0.0,2.0,1.0,0.0,1.0,2,2,1,16.0,16.0,70.7%,30.4,13,2020,4,K,ACT,0,190,7,Illinois,TB,tampa_bay_buccaneers,tampa_bay_buccaneers,Raymond James Stadium,Tampa,FL,27.9759,-82.5033,Outdoor,Grass,26,1998,
28,Joshua Karty,0.0,0.0,0.0,0,0.0,0.0,0.0,0.0,0.0,4,4,1,4.0,4.0,12.6%,2.8,8,2020,16,K,ACT,0,208,2,Stanford,LAR,los_angeles_rams,los_angeles_rams,SoFi Stadium,Inglewood,CA,33.9535,-118.3392,Outdoor,Turf,100,2020,
19,Blake Grupe,1.0,1.0,100.0,26,0.0,1.0,0.0,0.0,0.0,5,6,1,8.0,8.0,3.2%,26.4,2,2020,19,K,ACT,0,156,3,Notre Dame,NO,new_orleans_saints,new_orleans_saints,Caesars Superdome,New Orleans,LA,29.9509,-90.0815,Indoor,Turf,3,1975,las_vegas_raiders
64,Dustin Hopkins,0.0,2.0,0.0,0,0.0,0.0,0.0,0.0,0.0,0,0,1,0.0,0.0,2.3%,0.4,11,2020,7,K,ACT,0,210,12,Florida State,CLE,cleveland_browns,cleveland_browns,FirstEnergy Stadium,Cleveland,OH,41.5061,-81.6995,Outdoor,Grass,577,1999,
32,Charlie Smyth,0.0,0.0,0.0,0,0.0,0.0,0.0,0.0,0.0,0,0,0,0.0,0.0,1.1%,0.0,5,2020,39,K,ACT,0,210,1,"",NO,new_orleans_saints,new_orleans_saints,Caesars Superdome,New Orleans,LA,29.9509,-90.0815,Indoor,Turf,3,1975,
24,Jason Sanders,1.0,2.0,50.0,23,0.0,1.0,0.0,0.0,0.0,0,0,1,3.0,3.0,45.6%,13.1,3,2020,7,K,ACT,0,195,8,New Mexico,MIA,miami_dolphins,miami_dolphins,Hard Rock Stadium,Miami Gardens,FL,25.958,-80.238,Outdoor,Grass,7,1987,
25,Evan Mcpherson,1.0,2.0,50.0,27,0.0,1.0,0.0,0.0,0.0,2,2,1,5.0,5.0,44.5%,14.5,8,2020,2,K,ACT,0,185,5,Florida,CIN,cincinnati_bengals,cincinnati_bengals,Paycor Stadium,Cincinnati,OH,39.0954,-84.516,Outdoor,Turf,482,2000,
31,Younghoe Koo,0.0,0.0,0.0,0,0.0,0.0,0.0,0.0,0.0,0,0,0,0.0,0.0,21.9%,0.0,16,2020,6,K,ACT,0,195,8,Georgia Southern,ATL,atlanta_falcons,atlanta_falcons,Mercedes-Benz Stadium,Atlanta,GA,33.755,-84.4008,Indoor,Turf,1050,2017,tampa_bay_buccaneers
19,Jason Myers,1.0,2.0,50.0,43,0.0,0.0,0.0,1.0,0.0,3,3,1,7.0,7.0,9.1%,15.8,16,2020,5,K,ACT,0,190,11,Marist,SEA,seattle_seahawks,seattle_seahawks,Lumen Field,Seattle,WA,47.5952,-122.3316,Outdoor,Turf,20,2002,
15,Blake Grupe,2.0,2.0,100.0,38,0.0,1.0,1.0,0.0,0.0,2,2,1,8.0,8.0,3.2%,27.1,10,2020,19,K,ACT,0,156,3,Notre Dame,NO,new_orleans_saints,new_orleans_saints,Caesars Superdome,New Orleans,LA,29.9509,-90.0815,Indoor,Turf,3,1975,
11,Eddy Pineiro,3.0,5.0,60.0,47,0.0,2.0,0.0,1.0,0.0,2,2,1,12.0,12.0,1.1%,23.1,13,2020,4,K,ACT,72,185,6,Florida,CAR,carolina_panthers,carolina_panthers,Bank of America Stadium,Charlotte,NC,35.2258,-80.8528,Outdoor,Grass,748,1996,denver_broncos
13,Wil Lutz,2.0,2.0,100.0,36,0.0,1.0,1.0,0.0,0.0,5,5,1,11.0,11.0,34.5%,29.2,13,2020,3,K,ACT,0,184,10,Georgia State,DEN,denver_broncos,denver_broncos,Empower Field at Mile High,Denver,CO,39.7439,-105.0201,Outdoor,Turf,5280,2001,
16,Chris Boswell,1.0,1.0,100.0,50,0.0,0.0,0.0,0.0,1.0,3,3,1,8.0,8.0,72.7%,26.3,4,2020,9,K,ACT,0,185,11,Rice,PIT,pittsburgh_steelers,pittsburgh_steelers,Acrisure Stadium,Pittsburgh,PA,40.4468,-80.0158,Outdoor,Grass,730,2001,
30,Matthew Wright,0.0,0.0,0.0,0,0.0,0.0,0.0,0.0,0.0,0,0,0,0.0,0.0,2.1%,0.0,7,2020,37,K,ACT,0,174,4,UCF,CAR,carolina_panthers,carolina_panthers,Bank of America Stadium,Charlotte,NC,35.2258,-80.8528,Outdoor,Grass,748,1996,atlanta_falcons
23,Jake Elliott,1.0,1.0,100.0,35,0.0,0.0,1.0,0.0,0.0,3,3,1,6.0,6.0,60.8%,24.9,13,2020,4,K,ACT,0,167,9,Memphis,PHI,philadelphia_eagles,philadelphia_eagles,Lincoln Financial Field,Philadelphia,PA,39.9008,-75.1675,Outdoor,Grass,30,2003,
12,Tyler Bass,2.0,2.0,100.0,39,0.0,0.0,2.0,0.0,0.0,4,4,1,10.0,10.0,60.9%,28.4,1,2020,2,K,ACT,0,183,6,Georgia Southern,BUF,buffalo_bills,buffalo_bills,Highmark Stadium,Orchard Park,NY,42.7738,-78.7868,Outdoor,Grass,600,1973,
7,Dustin Hopkins,3.0,3.0,100.0,48,0.0,1.0,1.0,1.0,0.0,2,2,1,12.0,12.0,2.3%,30.6,8,2020,7,K,ACT,0,210,12,Florida State,CLE,cleveland_browns,cleveland_browns,FirstEnergy Stadium,Cleveland,OH,41.5061,-81.6995,Outdoor,Grass,577,1999,las_vegas_raiders
17,Daniel Carlson,2.0,2.0,100.0,27,0.0,2.0,0.0,0.0,0.0,1,1,1,7.0,7.0,15.3%,26.5,11,2020,8,K,ACT,0,215,8,Auburn,LV,las_vegas_raiders,las_vegas_raiders,Allegiant Stadium,Las Vegas,NV,36.0908,-115.183,Indoor,Turf,2001,2020,atlanta_falcons
1,Nick Folk,5.0,5.0,100.0,53,0.0,1.0,0.0,1.0,3.0,2,2,1,24.0,24.0,1.0%,40.4,4,2020,6,K,ACT,73,222,17,Arizona,TEN,tennessee_titans,tennessee_titans,Nissan Stadium,Nashville,TN,36.1665,-86.7713,Outdoor,Grass,476,1999,
18,Justin Tucker,2.0,3.0,66.7,32,0.0,1.0,1.0,0.0,0.0,2,2,1,8.0,8.0,12.5%,20.64,1,2020,,,,,,,,,,,,,,,,,,,,
4,Harrison Butker,3.0,3.0,100.0,53,0.0,1.0,0.0,1.0,1.0,1,2,1,13.0,13.0,69.5%,31.3,3,2020,7,K,ACT,0,205,9,Georgia Tech,KC,kansas_city_chiefs,kansas_city_chiefs,GEHA Field at Arrowhead Stadium,Kansas City,MO,39.049,-94.4839,Outdoor,Grass,1020,1972,
7,Dustin Hopkins,3.0,4.0,75.0,49,0.0,0.0,1.0,2.0,0.0,1,1,1,12.0,12.0,2.3%,25.7,6,2020,7,K,ACT,0,210,12,Florida State,CLE,cleveland_browns,cleveland_browns,FirstEnergy Stadium,Cleveland,OH,41.5061,-81.6995,Outdoor,Grass,577,1999,pittsburgh_steelers
19,Brandon Mcmanus,2.0,3.0,66.7,38,0.0,0.0,2.0,0.0,0.0,0,0,1,6.0,6.0,7.8%,19.14,9,2020,17,K,ACT,0,201,12,Temple,GB,green_bay_packers,green_bay_packers,Lambeau Field,Green Bay,WI,44.5013,-88.0622,Outdoor,Grass,640,1957,
1,Chris Boswell,6.0,6.0,100.0,57,0.0,1.0,2.0,0.0,3.0,0,0,1,24.0,24.0,72.7%,41.1,11,2020,9,K,ACT,0,185,11,Rice,PIT,pittsburgh_steelers,pittsburgh_steelers,Acrisure Stadium,Pittsburgh,PA,40.4468,-80.0158,Outdoor,Grass,730,2001,
12,Greg Joseph,2.0,3.0,66.7,41,0.0,1.0,0.0,1.0,0.0,2,2,1,9.0,9.0,0.7%,21.34,15,2020,40,K,ACT,0,206,5,Florida Atlantic,SF,san_francisco_49ers,san_francisco_49ers,Levi's Stadium,Santa Clara,CA,37.403,-121.9692,Outdoor,Grass,13,2014,
13,Jake Bates,1.0,1.0,100.0,44,0.0,0.0,0.0,1.0,0.0,4,4,1,8.0,8.0,92.5%,26.3,7,2020,39,K,ACT,0,202,2,Arkansas,DET,detroit_lions,detroit_lions,Ford Field,Detroit,MI,42.34,-83.0456,Indoor,Turf,600,2002,indianapolis_colts
8,Matt Prater,2.0,2.0,100.0,45,0.0,0.0,0.0,2.0,0.0,1,1,1,9.0,9.0,0.8%,27.7,3,2020,5,K,ACT,70,195,18,UCF,ARI,arizona_cardinals,arizona_cardinals,State Farm Stadium,Glendale,AZ,33.5275,-112.2625,Indoor,Turf,1070,2006,detroit_lions
12,Cairo Santos,2.0,2.0,100.0,54,0.0,0.0,0.0,0.0,2.0,1,1,1,11.0,11.0,15.5%,29.1,2,2020,8,K,ACT,0,175,12,Tulane,CHI,chicago_bears,chicago_bears,Soldier Field,Chicago,IL,41.8623,-87.6167,Outdoor,Grass,595,1924,
17,Chad Ryland,2.0,2.0,100.0,40,0.0,0.0,1.0,1.0,0.0,1,1,1,8.0,8.0,3.7%,27.0,6,2020,38,K,ACT,0,195,3,Maryland,ARI,arizona_cardinals,arizona_cardinals,State Farm Stadium,Glendale,AZ,33.5275,-112.2625,Indoor,Turf,1070,2006,
20,Ka'Imi Fairbairn,2.0,2.0,100.0,38,0.0,0.0,2.0,0.0,0.0,1,2,1,7.0,7.0,65.1%,26.3,16,2020,15,K,ACT,0,183,10,UCLA,HOU,houston_texans,houston_texans,NRG Stadium,Houston,TX,29.6847,-95.4107,Indoor,Turf,50,2002,tennessee_titans
28,Greg Joseph,0.0,0.0,0.0,0,0.0,0.0,0.0,0.0,0.0,0,0,0,0.0,0.0,0.7%,0.0,12,2020,40,K,ACT,0,206,5,Florida Atlantic,SF,san_francisco_49ers,san_francisco_49ers,Levi's Stadium,Santa Clara,CA,37.403,-121.9692,Outdoor,Grass,13,2014,buffalo_bills
10,Harrison Butker,3.0,3.0,100.0,36,0.0,2.0,1.0,0.0,0.0,1,1,1,10.0,10.0,69.5%,29.3,10,2020,7,K,ACT,0,205,9,Georgia Tech,KC,kansas_city_chiefs,kansas_city_chiefs,GEHA Field at Arrowhead Stadium,Kansas City,MO,39.049,-94.4839,Outdoor,Grass,1020,1972,
31,Matthew Wright,0.0,0.0,0.0,0,0.0,0.0,0.0,0.0,0.0,0,0,0,0.0,0.0,2.1%,0.0,10,2020,37,K,ACT,0,174,4,UCF,CAR,carolina_panthers,carolina_panthers,Bank of America Stadium,Charlotte,NC,35.2258,-80.8528,Outdoor,Grass,748,1996,
14,Cade York,1.0,2.0,50.0,59,0.0,0.0,0.0,0.0,1.0,3,3,1,8.0,8.0,2.9%,16.5,16,2020,3,K,ACT,74,206,3,LSU,TEN,tennessee_titans,tennessee_titans,Nissan Stadium,Nashville,TN,36.1665,-86.7713,Outdoor,Grass,476,1999,
4,Daniel Carlson,4.0,4.0,100.0,53,0.0,1.0,2.0,0.0,1.0,1,1,1,15.0,15.0,15.3%,33.4,12,2020,8,K,ACT,0,215,8,Auburn,LV,las_vegas_raiders,las_vegas_raiders,Allegiant Stadium,Las Vegas,NV,36.0908,-115.183,Indoor,Turf,2001,2020,
23,Cairo Santos,1.0,1.0,100.0,42,0.0,0.0,0.0,1.0,0.0,0,0,1,4.0,4.0,15.5%,23.5,17,2020,8,K,ACT,0,175,12,Tulane,CHI,chicago_bears,chicago_bears,Soldier Field,Chicago,IL,41.8623,-87.6167,Outdoor,Grass,595,1924,new_orleans_saints
3,Blake Grupe,3.0,3.0,100.0,51,0.0,1.0,1.0,0.0,1.0,1,1,1,12.0,12.0,3.2%,30.6,9,2020,19,K,ACT,0,156,3,Notre Dame,NO,new_orleans_saints,new_orleans_saints,Caesars Superdome,New Orleans,LA,29.9509,-90.0815,Indoor,Turf,3,1975,
19,Blake Grupe,1.0,1.0,100.0,43,0.0,0.0,0.0,1.0,0.0,3,3,1,7.0,7.0,3.2%,25.6,4,2020,19,K,ACT,0,156,3,Notre Dame,NO,new_orleans_saints,new_orleans_saints,Caesars Superdome,New Orleans,LA,29.9509,-90.0815,Indoor,Turf,3,1975,
19,Blake Grupe,1.0,1.0,100.0,35,0.0,0.0,1.0,0.0,0.0,1,1,1,4.0,4.0,3.2%,23.5,7,2020,19,K,ACT,0,156,3,Notre Dame,NO,new_orleans_saints,new_orleans_saints,Caesars Superdome,New Orleans,LA,29.9509,-90.0815,Indoor,Turf,3,1975,
5,Parker Romo,4.0,4.0,100.0,45,0.0,1.0,2.0,1.0,0.0,0,0,1,13.0,13.0,1.2%,32.0,10,2020,11,K,ACT,72,180,1,Virginia Tech,CHI,chicago_bears,chicago_bears,Soldier Field,Chicago,IL,41.8623,-87.6167,Outdoor,Grass,595,1924,minnesota_vikings
5,Cameron Dicker,2.0,2.0,100.0,53,1.0,0.0,0.0,0.0,1.0,4,4,1,12.0,12.0,91.8%,29.8,11,2020,11,K,ACT,0,216,4,Texas,LAC,los_angeles_chargers,los_angeles_chargers,SoFi Stadium,Inglewood,CA,33.9535,-118.3392,Outdoor,Turf,100,2020,buffalo_bills
24,Cairo Santos,1.0,1.0,100.0,30,0.0,0.0,1.0,0.0,0.0,2,2,1,5.0,5.0,15.5%,24.2,16,2020,8,K,ACT,0,175,12,Tulane,CHI,chicago_bears,chicago_bears,Soldier Field,Chicago,IL,41.8623,-87.6167,Outdoor,Grass,595,1924,green_bay_packers
11,Joshua Karty,2.0,2.0,100.0,53,0.0,1.0,0.0,0.0,1.0,1,1,1,9.0,9.0,12.6%,27.8,17,2020,16,K,ACT,0,208,2,Stanford,LAR,los_angeles_rams,los_angeles_rams,SoFi Stadium,Inglewood,CA,33.9535,-118.3392,Outdoor,Turf,100,2020,green_bay_packers
1,Joshua Karty,5.0,6.0,83.3,55,0.0,1.0,2.0,0.0,2.0,0,0,1,19.0,19.0,12.6%,33.76,10,2020,16,K,ACT,0,208,2,Stanford,LAR,los_angeles_rams,los_angeles_rams,SoFi Stadium,Inglewood,CA,33.9535,-118.3392,Outdoor,Turf,100,2020,
7,Cairo Santos,3.0,3.0,100.0,50,0.0,1.0,0.0,1.0,1.0,1,1,1,13.0,13.0,15.5%,31.3,1,2020,8,K,ACT,0,175,12,Tulane,CHI,chicago_bears,chicago_bears,Soldier Field,Chicago,IL,41.8623,-87.6167,Outdoor,Grass,595,1924,
8,Cameron Dicker,3.0,3.0,100.0,53,0.0,2.0,0.0,0.0,1.0,1,1,1,12.0,12.0,91.8%,30.7,1,2020,11,K,ACT,0,216,4,Texas,LAC,los_angeles_chargers,los_angeles_chargers,SoFi Stadium,Inglewood,CA,33.9535,-118.3392,Outdoor,Turf,100,2020,
13,Jake Elliott,2.0,3.0,66.7,49,0.0,0.0,0.0,2.0,0.0,2,2,1,10.0,10.0,60.8%,21.94,6,2020,4,K,ACT,0,167,9,Memphis,PHI,philadelphia_eagles,philadelphia_eagles,Lincoln Financial Field,Philadelphia,PA,39.9008,-75.1675,Outdoor,Grass,30,2003,baltimore_ravens
20,Graham Gano,1.0,2.0,50.0,42,0.0,0.0,0.0,1.0,0.0,2,2,1,6.0,6.0,2.6%,15.1,10,2020,9,K,ACT,0,202,16,Florida State,NYG,new_york_giants,new_york_giants,MetLife Stadium,East Rutherford,NJ,40.8136,-74.0744,Outdoor,Turf,3,2010,
12,Chris Boswell,2.0,3.0,66.7,38,0.0,0.0,2.0,0.0,0.0,2,2,1,8.0,8.0,72.7%,20.54,3,2020,9,K,ACT,0,185,11,Rice,PIT,pittsburgh_steelers,pittsburgh_steelers,Acrisure Stadium,Pittsburgh,PA,40.4468,-80.0158,Outdoor,Grass,730,2001,
25,Joey Slye,0.0,1.0,0.0,0,0.0,0.0,0.0,0.0,0.0,1,1,1,1.0,1.0,2.2%,0.9,12,2020,6,K,ACT,0,213,7,Virginia Tech,TEN,tennessee_titans,tennessee_titans,Nissan Stadium,Nashville,TN,36.1665,-86.7713,Outdoor,Grass,476,1999,cleveland_browns
19,Jason Myers,1.0,1.0,100.0,20,0.0,1.0,0.0,0.0,0.0,3,3,1,6.0,6.0,9.1%,25.0,6,2020,5,K,ACT,0,190,11,Marist,SEA,seattle_seahawks,seattle_seahawks,Lumen Field,Seattle,WA,47.5952,-122.3316,Outdoor,Turf,20,2002,
13,Brandon Aubrey,2.0,3.0,66.7,55,0.0,0.0,1.0,0.0,1.0,2,2,1,10.0,10.0,96.5%,21.94,5,2020,17,K,ACT,0,218,3,Notre Dame,DAL,dallas_cowboys,dallas_cowboys,AT&T Stadium,Arlington,TX,32.7473,-97.0945,Indoor,Turf,639,2009,
11,Jake Elliott,2.0,2.0,100.0,39,0.0,0.0,2.0,0.0,0.0,4,4,1,10.0,10.0,60.8%,28.4,10,2020,4,K,ACT,0,167,9,Memphis,PHI,philadelphia_eagles,philadelphia_eagles,Lincoln Financial Field,Philadelphia,PA,39.9008,-75.1675,Outdoor,Grass,30,2003,cleveland_browns
7,Matt Gay,2.0,3.0,66.7,54,0.0,0.0,0.0,1.0,1.0,1,1,1,10.0,10.0,16.3%,21.94,9,2020,16,K,ACT,0,232,7,Utah,WAS,washington_commanders,washington_commanders,FedExField,Landover,MD,38.9078,-76.8645,Outdoor,Grass,300,1997,detroit_lions
19,Chad Ryland,2.0,3.0,66.7,35,0.0,1.0,1.0,0.0,0.0,0,0,1,6.0,6.0,3.7%,19.24,12,2020,38,K,ACT,0,195,3,Maryland,ARI,arizona_cardinals,arizona_cardinals,State Farm Stadium,Glendale,AZ,33.5275,-112.2625,Indoor,Turf,1070,2006,los_angeles_rams
7,Jason Sanders,2.0,2.0,100.0,54,0.0,0.0,1.0,0.0,1.0,2,2,1,10.0,10.0,45.6%,28.4,17,2020,7,K,ACT,0,195,8,New Mexico,MIA,miami_dolphins,miami_dolphins,Hard Rock Stadium,Miami Gardens,FL,25.958,-80.238,Outdoor,Grass,7,1987,
7,Jason Sanders,2.0,2.0,100.0,46,0.0,0.0,1.0,1.0,0.0,4,4,1,11.0,11.0,45.6%,29.1,11,2020,7,K,ACT,0,195,8,New Mexico,MIA,miami_dolphins,miami_dolphins,Hard Rock Stadium,Miami Gardens,FL,25.958,-80.238,Outdoor,Grass,7,1987,
5,Evan Mcpherson,4.0,4.0,100.0,53,0.0,1.0,1.0,1.0,1.0,1,2,1,16.0,16.0,44.5%,34.1,2,2020,2,K,ACT,0,185,5,Florida,CIN,cincinnati_bengals,cincinnati_bengals,Paycor Stadium,Cincinnati,OH,39.0954,-84.516,Outdoor,Turf,482,2000,cleveland_browns
16,Joey Slye,1.0,2.0,50.0,52,0.0,0.0,0.0,0.0,1.0,2,2,1,7.0,7.0,2.2%,15.8,9,2020,6,K,ACT,0,213,7,Virginia Tech,TEN,tennessee_titans,tennessee_titans,Nissan Stadium,Nashville,TN,36.1665,-86.7713,Outdoor,Grass,476,1999,indianapolis_colts
23,Dustin Hopkins,0.0,2.0,0.0,0,0.0,0.0,0.0,0.0,0.0,2,2,1,2.0,2.0,2.3%,1.8,14,2020,7,K,ACT,0,210,12,Florida State,CLE,cleveland_browns,cleveland_browns,FirstEnergy Stadium,Cleveland,OH,41.5061,-81.6995,Outdoor,Grass,577,1999,
15,Joshua Karty,2.0,2.0,100.0,45,0.0,0.0,1.0,1.0,0.0,1,2,1,8.0,8.0,12.6%,27.0,16,2020,16,K,ACT,0,208,2,Stanford,LAR,los_angeles_rams,los_angeles_rams,SoFi Stadium,Inglewood,CA,33.9535,-118.3392,Outdoor,Turf,100,2020,
31,Cade York,0.0,2.0,0.0,0,0.0,0.0,0.0,0.0,0.0,2,2,1,2.0,2.0,2.9%,1.8,1,2020,3,K,ACT,74,206,3,LSU,TEN,tennessee_titans,tennessee_titans,Nissan Stadium,Nashville,TN,36.1665,-86.7713,Outdoor,Grass,476,1999,
4,Brandon Aubrey,4.0,4.0,100.0,57,0.0,0.0,0.0,2.0,2.0,3,3,1,21.0,21.0,96.5%,37.5,1,2020,17,K,ACT,0,218,3,Notre Dame,DAL,dallas_cowboys,dallas_cowboys,AT&T Stadium,Arlington,TX,32.7473,-97.0945,Indoor,Turf,639,2009,los_angeles_rams
21,Jake Elliott,1.0,2.0,50.0,43,0.0,0.0,0.0,1.0,0.0,1,1,1,5.0,5.0,60.8%,14.4,9,2020,4,K,ACT,0,167,9,Memphis,PHI,philadelphia_eagles,philadelphia_eagles,Lincoln Financial Field,Philadelphia,PA,39.9008,-75.1675,Outdoor,Grass,30,2003,new_york_giants
14,Austin Seibert,2.0,3.0,66.7,51,0.0,0.0,0.0,1.0,1.0,0,2,1,9.0,9.0,0.7%,21.24,12,2020,16,K,ACT,69,214,5,Oklahoma,FA,free_agent,,,,,,,,,,,
32,Ka'Imi Fairbairn,0.0,1.0,0.0,0,0.0,0.0,0.0,0.0,0.0,1,1,1,1.0,1.0,65.1%,0.9,3,2020,15,K,ACT,0,183,10,UCLA,HOU,houston_texans,houston_texans,NRG Stadium,Houston,TX,29.6847,-95.4107,Indoor,Turf,50,2002,pittsburgh_steelers
22,Dustin Hopkins,1.0,2.0,50.0,38,0.0,0.0,1.0,0.0,0.0,1,1,1,4.0,4.0,2.3%,13.7,9,2020,7,K,ACT,0,210,12,Florida State,CLE,cleveland_browns,cleveland_browns,FirstEnergy Stadium,Cleveland,OH,41.5061,-81.6995,Outdoor,Grass,577,1999,
26,Jake Bates,0.0,0.0,0.0,0,0.0,0.0,0.0,0.0,0.0,2,3,1,2.0,2.0,92.5%,1.4,3,2020,39,K,ACT,0,202,2,Arkansas,DET,detroit_lions,detroit_lions,Ford Field,Detroit,MI,42.34,-83.0456,Indoor,Turf,600,2002,
20,Joey Slye,2.0,3.0,66.7,29,0.0,2.0,0.0,0.0,0.0,2,2,1,8.0,8.0,2.2%,20.74,2,2020,6,K,ACT,0,213,7,Virginia Tech,TEN,tennessee_titans,tennessee_titans,Nissan Stadium,Nashville,TN,36.1665,-86.7713,Outdoor,Grass,476,1999,
14,Cam Little,2.0,2.0,100.0,47,0.0,0.0,1.0,1.0,0.0,3,3,1,10.0,10.0,4.6%,28.4,8,2020,39,K,ACT,0,172,2,Arkansas,JAX,jacksonville_jaguars,jacksonville_jaguars,TIAA Bank Field,Jacksonville,FL,30.3239,-81.6373,Outdoor,Grass,16,1995,houston_texans
29,Harrison Butker,0.0,0.0,0.0,0,0.0,0.0,0.0,0.0,0.0,0,0,0,0.0,0.0,69.5%,0.0,6,2020,7,K,ACT,0,205,9,Georgia Tech,KC,kansas_city_chiefs,kansas_city_chiefs,GEHA Field at Arrowhead Stadium,Kansas City,MO,39.049,-94.4839,Outdoor,Grass,1020,1972,
29,Greg Joseph,0.0,0.0,0.0,0,0.0,0.0,0.0,0.0,0.0,0,0,0,0.0,0.0,0.7%,0.0,11,2020,40,K,ACT,0,206,5,Florida Atlantic,SF,san_francisco_49ers,san_francisco_49ers,Levi's Stadium,Santa Clara,CA,37.403,-121.9692,Outdoor,Grass,13,2014,
32,Greg Joseph,0.0,0.0,0.0,0,0.0,0.0,0.0,0.0,0.0,0,0,0,0.0,0.0,0.7%,0.0,16,2020,40,K,ACT,0,206,5,Florida Atlantic,SF,san_francisco_49ers,san_francisco_49ers,Levi's Stadium,Santa Clara,CA,37.403,-121.9692,Outdoor,Grass,13,2014,seattle_seahawks
1,Wil Lutz,5.0,5.0,100.0,54,0.0,0.0,2.0,1.0,2.0,2,2,1,22.0,22.0,34.5%,38.9,12,2020,3,K,ACT,0,184,10,Georgia State,DEN,denver_broncos,denver_broncos,Empower Field at Mile High,Denver,CO,39.7439,-105.0201,Outdoor,Turf,5280,2001,kansas_city_chiefs
17,Greg Zuerlein,1.0,2.0,50.0,28,0.0,1.0,0.0,0.0,0.0,3,3,1,6.0,6.0,1.3%,15.2,3,2020,,,,,,,,,,,,,,,,,,,,
14,Younghoe Koo,2.0,2.0,100.0,29,0.0,2.0,0.0,0.0,0.0,1,1,1,7.0,7.0,21.9%,26.5,14,2020,6,K,ACT,0,195,8,Georgia Southern,ATL,atlanta_falcons,atlanta_falcons,Mercedes-Benz Stadium,Atlanta,GA,33.755,-84.4008,Indoor,Turf,1050,2017,tampa_bay_buccaneers
1,Chad Ryland,5.0,6.0,83.3,40,0.0,2.0,2.0,1.0,0.0,1,1,1,17.0,17.0,3.7%,32.46,13,2020,38,K,ACT,0,195,3,Maryland,ARI,arizona_cardinals,arizona_cardinals,State Farm Stadium,Glendale,AZ,33.5275,-112.2625,Indoor,Turf,1070,2006,
2,Ka'Imi Fairbairn,4.0,4.0,100.0,59,0.0,0.0,0.0,1.0,3.0,1,1,1,20.0,20.0,65.1%,36.8,2,2020,15,K,ACT,0,183,10,UCLA,HOU,houston_texans,houston_texans,NRG Stadium,Houston,TX,29.6847,-95.4107,Indoor,Turf,50,2002,baltimore_ravens
31,Andre Szmyt,0.0,0.0,0.0,0,0.0,0.0,0.0,0.0,0.0,0,0,0,0.0,0.0,1.0%,0.0,7,2020,38,K,ACT,0,200,1,Syracuse,CLE,cleveland_browns,cleveland_browns,FirstEnergy Stadium,Cleveland,OH,41.5061,-81.6995,Outdoor,Grass,577,1999,
11,Brandon Aubrey,2.0,3.0,66.7,60,0.0,0.0,0.0,1.0,1.0,2,2,1,11.0,11.0,96.5%,22.64,4,2020,17,K,ACT,0,218,3,Notre Dame,DAL,dallas_cowboys,dallas_cowboys,AT&T Stadium,Arlington,TX,32.7473,-97.0945,Indoor,Turf,639,2009,cleveland_browns
19,Brayden Narveson,1.0,1.0,100.0,46,0.0,0.0,0.0,1.0,0.0,3,3,1,7.0,7.0,0.7%,25.6,5,2020,1,K,ACT,72,190,1,NC State,GB,green_bay_packers,green_bay_packers,Lambeau Field,Green Bay,WI,44.5013,-88.0622,Outdoor,Grass,640,1957,
5,Parker Romo,3.0,4.0,75.0,55,0.0,0.0,1.0,1.0,1.0,2,2,1,14.0,14.0,1.2%,27.1,13,2020,11,K,ACT,72,180,1,Virginia Tech,CHI,chicago_bears,chicago_bears,Soldier Field,Chicago,IL,41.8623,-87.6167,Outdoor,Grass,595,1924,
16,Nick Folk,2.0,2.0,100.0,44,0.0,0.0,0.0,2.0,0.0,1,1,1,9.0,9.0,1.0%,27.7,13,2020,6,K,ACT,73,222,17,Arizona,TEN,tennessee_titans,tennessee_titans,Nissan Stadium,Nashville,TN,36.1665,-86.7713,Outdoor,Grass,476,1999,
14,Younghoe Koo,3.0,3.0,100.0,39,0.0,1.0,2.0,0.0,0.0,1,1,1,10.0,10.0,21.9%,29.2,2,2020,6,K,ACT,0,195,8,Georgia Southern,ATL,atlanta_falcons,atlanta_falcons,Mercedes-Benz Stadium,Atlanta,GA,33.755,-84.4008,Indoor,Turf,1050,2017,dallas_cowboys
3,Jake Elliott,4.0,5.0,80.0,50,0.0,1.0,0.0,2.0,1.0,3,3,1,19.0,19.0,60.8%,32.4,16,2020,4,K,ACT,0,167,9,Memphis,PHI,philadelphia_eagles,philadelphia_eagles,Lincoln Financial Field,Philadelphia,PA,39.9008,-75.1675,Outdoor,Grass,30,2003,washington_commanders
2,Wil Lutz,4.0,4.0,100.0,52,0.0,0.0,2.0,1.0,1.0,3,3,1,18.0,18.0,34.5%,35.4,7,2020,3,K,ACT,0,184,10,Georgia State,DEN,denver_broncos,denver_broncos,Empower Field at Mile High,Denver,CO,39.7439,-105.0201,Outdoor,Turf,5280,2001,kansas_city_chiefs
17,Blake Grupe,2.0,3.0,66.7,43,0.0,0.0,0.0,2.0,0.0,0,0,1,8.0,8.0,3.2%,20.54,8,2020,19,K,ACT,0,156,3,Notre Dame,NO,new_orleans_saints,new_orleans_saints,Caesars Superdome,New Orleans,LA,29.9509,-90.0815,Indoor,Turf,3,1975,
32,Greg Joseph,0.0,0.0,0.0,0,0.0,0.0,0.0,0.0,0.0,0,0,0,0.0,0.0,0.7%,0.0,17,2020,40,K,ACT,0,206,5,Florida Atlantic,SF,san_francisco_49ers,san_francisco_49ers,Levi's Stadium,Santa Clara,CA,37.403,-121.9692,Outdoor,Grass,13,2014,
18,Jason Myers,1.0,1.0,100.0,50,0.0,0.0,0.0,0.0,1.0,1,2,1,6.0,6.0,9.1%,24.9,12,2020,5,K,ACT,0,190,11,Marist,SEA,seattle_seahawks,seattle_seahawks,Lumen Field,Seattle,WA,47.5952,-122.3316,Outdoor,Turf,20,2002,new_york_giants
1,Chris Boswell,6.0,6.0,100.0,57,0.0,1.0,0.0,2.0,3.0,0,0,1,26.0,26.0,72.7%,42.5,1,2020,9,K,ACT,0,185,11,Rice,PIT,pittsburgh_steelers,pittsburgh_steelers,Acrisure Stadium,Pittsburgh,PA,40.4468,-80.0158,Outdoor,Grass,730,2001,
29,Nick Folk,0.0,0.0,0.0,0,0.0,0.0,0.0,0.0,0.0,3,3,1,3.0,3.0,1.0%,2.1,15,2020,6,K,ACT,73,222,17,Arizona,TEN,tennessee_titans,tennessee_titans,Nissan Stadium,Nashville,TN,36.1665,-86.7713,Outdoor,Grass,476,1999,green_bay_packers
24,Tyler Bass,1.0,2.0,50.0,22,0.0,1.0,0.0,0.0,0.0,2,3,1,5.0,5.0,60.9%,14.5,6,2020,2,K,ACT,0,183,6,Georgia Southern,BUF,buffalo_bills,buffalo_bills,Highmark Stadium,Orchard Park,NY,42.7738,-78.7868,Outdoor,Grass,600,1973,kansas_city_chiefs
28,Will Reichard,0.0,2.0,0.0,0,0.0,0.0,0.0,0.0,0.0,3,3,1,3.0,3.0,12.6%,2.5,9,2020,16,K,ACT,0,187,2,Alabama,MIN,minnesota_vikings,minnesota_vikings,U.S. Bank Stadium,Minneapolis,MN,44.974,-93.2581,Indoor,Turf,840,2016,
5,Ka'Imi Fairbairn,3.0,3.0,100.0,51,0.0,0.0,0.0,0.0,3.0,2,2,1,17.0,17.0,65.1%,34.0,1,2020,15,K,ACT,0,183,10,UCLA,HOU,houston_texans,houston_texans,NRG Stadium,Houston,TX,29.6847,-95.4107,Indoor,Turf,50,2002,kansas_city_chiefs
5,Jake Bates,2.0,2.0,100.0,43,0.0,0.0,1.0,1.0,0.0,4,4,1,11.0,11.0,92.5%,29.1,14,2020,39,K,ACT,0,202,2,Arkansas,DET,detroit_lions,detroit_lions,Ford Field,Detroit,MI,42.34,-83.0456,Indoor,Turf,600,2002,tennessee_titans
25,Blake Grupe,0.0,2.0,0.0,0,0.0,0.0,0.0,0.0,0.0,2,2,1,2.0,2.0,3.2%,1.8,14,2020,19,K,ACT,0,156,3,Notre Dame,NO,new_orleans_saints,new_orleans_saints,Caesars Superdome,New Orleans,LA,29.9509,-90.0815,Indoor,Turf,3,1975,kansas_city_chiefs
32,Harrison Mevis,0.0,0.0,0.0,0,0.0,0.0,0.0,0.0,0.0,0,0,0,0.0,0.0,1.4%,0.0,14,2020,"",K,ACT,0,243,1,Missouri,NYJ,new_york_jets,new_york_jets,MetLife Stadium,East Rutherford,NJ,40.8136,-74.0744,Outdoor,Turf,3,2010,
22,Dustin Hopkins,1.0,1.0,100.0,56,0.0,0.0,0.0,0.0,1.0,1,2,1,6.0,6.0,2.3%,24.9,4,2020,7,K,ACT,0,210,12,Florida State,CLE,cleveland_browns,cleveland_browns,FirstEnergy Stadium,Cleveland,OH,41.5061,-81.6995,Outdoor,Grass,577,1999,
17,Jake Moody,2.0,2.0,100.0,28,0.0,2.0,0.0,0.0,0.0,2,2,1,8.0,8.0,12.5%,27.2,5,2020,4,K,ACT,0,210,3,Michigan,SF,san_francisco_49ers,san_francisco_49ers,Levi's Stadium,Santa Clara,CA,37.403,-121.9692,Outdoor,Grass,13,2014,miami_dolphins
24,Joshua Karty,0.0,1.0,0.0,0,0.0,0.0,0.0,0.0,0.0,2,2,1,2.0,2.0,12.6%,1.6,12,2020,16,K,ACT,0,208,2,Stanford,LAR,los_angeles_rams,los_angeles_rams,SoFi Stadium,Inglewood,CA,33.9535,-118.3392,Outdoor,Turf,100,2020,
32,Cairo Santos,0.0,0.0,0.0,0,0.0,0.0,0.0,0.0,0.0,1,1,1,1.0,1.0,15.5%,0.7,8,2020,8,K,ACT,0,175,12,Tulane,CHI,chicago_bears,chicago_bears,Soldier Field,Chicago,IL,41.8623,-87.6167,Outdoor,Grass,595,1924,new_orleans_saints
1,Cameron Dicker,4.0,4.0,100.0,41,0.0,1.0,2.0,1.0,0.0,4,4,1,17.0,17.0,91.8%,34.8,17,2020,11,K,ACT,0,216,4,Texas,LAC,los_angeles_chargers,los_angeles_chargers,SoFi Stadium,Inglewood,CA,33.9535,-118.3392,Outdoor,Turf,100,2020,
22,Younghoe Koo,1.0,2.0,50.0,39,0.0,0.0,1.0,0.0,0.0,4,4,1,7.0,7.0,21.9%,15.8,8,2020,6,K,ACT,0,195,8,Georgia Southern,ATL,atlanta_falcons,atlanta_falcons,Mercedes-Benz Stadium,Atlanta,GA,33.755,-84.4008,Indoor,Turf,1050,2017,
29,Matt Gay,0.0,0.0,0.0,0,0.0,0.0,0.0,0.0,0.0,0,0,0,0.0,0.0,16.3%,0.0,14,2020,16,K,ACT,0,232,7,Utah,WAS,washington_commanders,washington_commanders,FedExField,Landover,MD,38.9078,-76.8645,Outdoor,Grass,300,1997,seattle_seahawks
4,Justin Tucker,3.0,3.0,100.0,45,0.0,0.0,2.0,1.0,0.0,3,3,1,13.0,13.0,12.5%,31.2,6,2020,,,,,,,,,,,,,,,,,,,,
6,Anders Carlson,2.0,2.0,100.0,58,0.0,0.0,1.0,0.0,1.0,3,3,1,11.0,11.0,1.0%,29.1,11,2020,17,K,ACT,77,215,2,Auburn,GB,green_bay_packers,green_bay_packers,Lambeau Field,Green Bay,WI,44.5013,-88.0622,Outdoor,Grass,640,1957,
31,Andre Szmyt,0.0,0.0,0.0,0,0.0,0.0,0.0,0.0,0.0,0,0,0,0.0,0.0,1.0%,0.0,14,2020,38,K,ACT,0,200,1,Syracuse,CLE,cleveland_browns,cleveland_browns,FirstEnergy Stadium,Cleveland,OH,41.5061,-81.6995,Outdoor,Grass,577,1999,
9,Jason Sanders,2.0,2.0,100.0,39,0.0,1.0,1.0,0.0,0.0,3,3,1,9.0,9.0,45.6%,27.8,9,2020,7,K,ACT,0,195,8,New Mexico,MIA,miami_dolphins,miami_dolphins,Hard Rock Stadium,Miami Gardens,FL,25.958,-80.238,Outdoor,Grass,7,1987,
27,Younghoe Koo,0.0,1.0,0.0,0,0.0,0.0,0.0,0.0,0.0,2,2,1,2.0,2.0,21.9%,1.6,7,2020,6,K,ACT,0,195,8,Georgia Southern,ATL,atlanta_falcons,atlanta_falcons,Mercedes-Benz Stadium,Atlanta,GA,33.755,-84.4008,Indoor,Turf,1050,2017,
4,Greg Joseph,4.0,4.0,100.0,48,0.0,1.0,1.0,2.0,0.0,0,0,1,14.0,14.0,0.7%,32.7,8,2020,40,K,ACT,0,206,5,Florida Atlantic,SF,san_francisco_49ers,san_francisco_49ers,Levi's Stadium,Santa Clara,CA,37.403,-121.9692,Outdoor,Grass,13,2014,green_bay_packers
10,Cameron Dicker,2.0,2.0,100.0,57,0.0,0.0,1.0,0.0,1.0,2,2,1,10.0,10.0,91.8%,28.4,16,2020,11,K,ACT,0,216,4,Texas,LAC,los_angeles_chargers,los_angeles_chargers,SoFi Stadium,Inglewood,CA,33.9535,-118.3392,Outdoor,Turf,100,2020,
17,Harrison Butker,2.0,2.0,100.0,32,0.0,0.0,2.0,0.0,0.0,3,3,1,9.0,9.0,69.5%,27.7,1,2020,7,K,ACT,0,205,9,Georgia Tech,KC,kansas_city_chiefs,kansas_city_chiefs,GEHA Field at Arrowhead Stadium,Kansas City,MO,39.049,-94.4839,Outdoor,Grass,1020,1972,
14,Matt Gay,2.0,2.0,100.0,27,0.0,2.0,0.0,0.0,0.0,2,2,1,8.0,8.0,16.3%,27.2,10,2020,16,K,ACT,0,232,7,Utah,WAS,washington_commanders,washington_commanders,FedExField,Landover,MD,38.9078,-76.8645,Outdoor,Grass,300,1997,
5,Austin Seibert,4.0,5.0,80.0,47,0.0,2.0,1.0,1.0,0.0,0,0,1,13.0,13.0,0.7%,28.3,8,2020,16,K,ACT,69,214,5,Oklahoma,FA,free_agent,,,,,,,,,,,
32,Jake Elliott,0.0,0.0,0.0,0,0.0,0.0,0.0,0.0,0.0,2,2,1,2.0,2.0,60.8%,1.4,4,2020,4,K,ACT,0,167,9,Memphis,PHI,philadelphia_eagles,philadelphia_eagles,Lincoln Financial Field,Philadelphia,PA,39.9008,-75.1675,Outdoor,Grass,30,2003,
15,Daniel Carlson,1.0,1.0,100.0,46,0.0,0.0,0.0,1.0,0.0,3,3,1,7.0,7.0,15.3%,25.6,9,2020,8,K,ACT,0,215,8,Auburn,LV,las_vegas_raiders,las_vegas_raiders,Allegiant Stadium,Las Vegas,NV,36.0908,-115.183,Indoor,Turf,2001,2020,
25,Matt Gay,1.0,1.0,100.0,25,0.0,1.0,0.0,0.0,0.0,2,2,1,5.0,5.0,16.3%,24.3,13,2020,16,K,ACT,0,232,7,Utah,WAS,washington_commanders,washington_commanders,FedExField,Landover,MD,38.9078,-76.8645,Outdoor,Grass,300,1997,
2,Chris Boswell,4.0,4.0,100.0,52,0.0,0.0,2.0,1.0,1.0,2,2,1,17.0,17.0,72.7%,34.7,6,2020,9,K,ACT,0,185,11,Rice,PIT,pittsburgh_steelers,pittsburgh_steelers,Acrisure Stadium,Pittsburgh,PA,40.4468,-80.0158,Outdoor,Grass,730,2001,
25,Ka'Imi Fairbairn,1.0,1.0,100.0,30,0.0,0.0,1.0,0.0,0.0,3,3,1,6.0,6.0,65.1%,24.9,4,2020,15,K,ACT,0,183,10,UCLA,HOU,houston_texans,houston_texans,NRG Stadium,Houston,TX,29.6847,-95.4107,Indoor,Turf,50,2002,minnesota_vikings
11,Tyler Bass,2.0,2.0,100.0,30,0.0,1.0,1.0,0.0,0.0,4,4,1,10.0,10.0,60.9%,28.5,7,2020,2,K,ACT,0,183,6,Georgia Southern,BUF,buffalo_bills,buffalo_bills,Highmark Stadium,Orchard Park,NY,42.7738,-78.7868,Outdoor,Grass,600,1973,
24,Joey Slye,1.0,1.0,100.0,23,0.0,1.0,0.0,0.0,0.0,2,2,1,5.0,5.0,2.2%,24.3,8,2020,6,K,ACT,0,213,7,Virginia Tech,TEN,tennessee_titans,tennessee_titans,Nissan Stadium,Nashville,TN,36.1665,-86.7713,Outdoor,Grass,476,1999,
22,Cam Little,1.0,1.0,100.0,53,0.0,0.0,0.0,0.0,1.0,2,2,1,7.0,7.0,4.6%,25.6,1,2020,39,K,ACT,0,172,2,Arkansas,JAX,jacksonville_jaguars,jacksonville_jaguars,TIAA Bank Field,Jacksonville,FL,30.3239,-81.6373,Outdoor,Grass,16,1995,
32,Andre Szmyt,0.0,0.0,0.0,0,0.0,0.0,0.0,0.0,0.0,0,0,0,0.0,0.0,1.0%,0.0,12,2020,38,K,ACT,0,200,1,Syracuse,CLE,cleveland_browns,cleveland_browns,FirstEnergy Stadium,Cleveland,OH,41.5061,-81.6995,Outdoor,Grass,577,1999,
18,Chris Boswell,2.0,2.0,100.0,53,0.0,1.0,0.0,0.0,1.0,1,1,1,9.0,9.0,72.7%,27.8,2,2020,9,K,ACT,0,185,11,Rice,PIT,pittsburgh_steelers,pittsburgh_steelers,Acrisure Stadium,Pittsburgh,PA,40.4468,-80.0158,Outdoor,Grass,730,2001,
9,Ka'Imi Fairbairn,2.0,3.0,66.7,46,0.0,0.0,1.0,1.0,0.0,5,5,1,12.0,12.0,65.1%,23.34,6,2020,15,K,ACT,0,183,10,UCLA,HOU,houston_texans,houston_texans,NRG Stadium,Houston,TX,29.6847,-95.4107,Indoor,Turf,50,2002,green_bay_packers
9,Ka'Imi Fairbairn,2.0,2.0,100.0,33,0.0,1.0,1.0,0.0,0.0,4,4,1,10.0,10.0,65.1%,28.5,11,2020,15,K,ACT,0,183,10,UCLA,HOU,houston_texans,houston_texans,NRG Stadium,Houston,TX,29.6847,-95.4107,Indoor,Turf,50,2002,
13,Cairo Santos,2.0,3.0,66.7,49,0.0,0.0,0.0,2.0,0.0,1,1,1,9.0,9.0,15.5%,21.24,12,2020,8,K,ACT,0,175,12,Tulane,CHI,chicago_bears,chicago_bears,Soldier Field,Chicago,IL,41.8623,-87.6167,Outdoor,Grass,595,1924,detroit_lions
2,Matthew Wright,4.0,4.0,100.0,50,0.0,0.0,2.0,1.0,1.0,1,1,1,16.0,16.0,2.1%,34.0,14,2020,37,K,ACT,0,174,4,UCF,CAR,carolina_panthers,carolina_panthers,Bank of America Stadium,Charlotte,NC,35.2258,-80.8528,Outdoor,Grass,748,1996,green_bay_packers
13,Jason Myers,1.0,2.0,50.0,56,0.0,0.0,0.0,0.0,1.0,3,3,1,8.0,8.0,9.1%,16.5,3,2020,5,K,ACT,0,190,11,Marist,SEA,seattle_seahawks,seattle_seahawks,Lumen Field,Seattle,WA,47.5952,-122.3316,Outdoor,Turf,20,2002,
14,Tyler Bass,1.0,1.0,100.0,39,0.0,0.0,1.0,0.0,0.0,5,5,1,8.0,8.0,60.9%,26.3,17,2020,2,K,ACT,0,183,6,Georgia Southern,BUF,buffalo_bills,buffalo_bills,Highmark Stadium,Orchard Park,NY,42.7738,-78.7868,Outdoor,Grass,600,1973,kansas_city_chiefs
8,Brandon Aubrey,2.0,2.0,100.0,47,0.0,0.0,1.0,1.0,0.0,2,2,1,9.0,9.0,96.5%,27.7,14,2020,17,K,ACT,0,218,3,Notre Dame,DAL,dallas_cowboys,dallas_cowboys,AT&T Stadium,Arlington,TX,32.7473,-97.0945,Indoor,Turf,639,2009,
30,Harrison Butker,0.0,0.0,0.0,0,0.0,0.0,0.0,0.0,0.0,0,0,0,0.0,0.0,69.5%,0.0,12,2020,7,K,ACT,0,205,9,Georgia Tech,KC,kansas_city_chiefs,kansas_city_chiefs,GEHA Field at Arrowhead Stadium,Kansas City,MO,39.049,-94.4839,Outdoor,Grass,1020,1972,
20,Tyler Bass,1.0,1.0,100.0,33,0.0,0.0,1.0,0.0,0.0,3,4,1,6.0,6.0,60.9%,24.9,11,2020,2,K,ACT,0,183,6,Georgia Southern,BUF,buffalo_bills,buffalo_bills,Highmark Stadium,Orchard Park,NY,42.7738,-78.7868,Outdoor,Grass,600,1973,
27,Daniel Carlson,1.0,2.0,50.0,32,0.0,0.0,1.0,0.0,0.0,1,1,1,4.0,4.0,15.3%,13.7,1,2020,8,K,ACT,0,215,8,Auburn,LV,las_vegas_raiders,las_vegas_raiders,Allegiant Stadium,Las Vegas,NV,36.0908,-115.183,Indoor,Turf,2001,2020,
13,Cameron Dicker,2.0,2.0,100.0,37,0.0,1.0,1.0,0.0,0.0,3,3,1,9.0,9.0,91.8%,27.8,10,2020,11,K,ACT,0,216,4,Texas,LAC,los_angeles_chargers,los_angeles_chargers,SoFi Stadium,Inglewood,CA,33.9535,-118.3392,Outdoor,Turf,100,2020,
6,Will Reichard,2.0,4.0,50.0,50,0.0,1.0,0.0,0.0,1.0,3,3,1,11.0,11.0,12.6%,19.6,17,2020,16,K,ACT,0,187,2,Alabama,MIN,minnesota_vikings,minnesota_vikings,U.S. Bank Stadium,Minneapolis,MN,44.974,-93.2581,Indoor,Turf,840,2016,
2,Brandon Aubrey,3.0,4.0,75.0,52,0.0,0.0,0.0,2.0,1.0,3,3,1,16.0,16.0,96.5%,28.5,15,2020,17,K,ACT,0,218,3,Notre Dame,DAL,dallas_cowboys,dallas_cowboys,AT&T Stadium,Arlington,TX,32.7473,-97.0945,Indoor,Turf,639,2009,
32,Greg Zuerlein,0.0,0.0,0.0,0,0.0,0.0,0.0,0.0,0.0,1,1,1,1.0,1.0,1.3%,0.7,1,2020,,,,,,,,,,,,,,,,,,,,
1,Cameron Dicker,5.0,5.0,100.0,59,0.0,1.0,0.0,2.0,2.0,0,0,1,21.0,21.0,91.8%,38.3,7,2020,11,K,ACT,0,216,4,Texas,LAC,los_angeles_chargers,los_angeles_chargers,SoFi Stadium,Inglewood,CA,33.9535,-118.3392,Outdoor,Turf,100,2020,
28,Brayden Narveson,0.0,1.0,0.0,0,0.0,0.0,0.0,0.0,0.0,2,2,1,2.0,2.0,0.7%,1.6,16,2020,1,K,ACT,72,190,1,NC State,GB,green_bay_packers,green_bay_packers,Lambeau Field,Green Bay,WI,44.5013,-88.0622,Outdoor,Grass,640,1957,
3,Chase Mclaughlin,2.0,2.0,100.0,34,0.0,1.0,1.0,0.0,0.0,6,6,1,12.0,12.0,70.7%,29.9,17,2020,4,K,ACT,0,190,7,Illinois,TB,tampa_bay_buccaneers,tampa_bay_buccaneers,Raymond James Stadium,Tampa,FL,27.9759,-82.5033,Outdoor,Grass,26,1998,
17,Cade York,1.0,2.0,50.0,22,0.0,1.0,0.0,0.0,0.0,3,3,1,6.0,6.0,2.9%,15.2,17,2020,3,K,ACT,74,206,3,LSU,TEN,tennessee_titans,tennessee_titans,Nissan Stadium,Nashville,TN,36.1665,-86.7713,Outdoor,Grass,476,1999,baltimore_ravens
8,Will Reichard,2.0,2.0,100.0,52,0.0,0.0,0.0,1.0,1.0,3,3,1,12.0,12.0,12.6%,29.8,16,2020,16,K,ACT,0,187,2,Alabama,MIN,minnesota_vikings,minnesota_vikings,U.S. Bank Stadium,Minneapolis,MN,44.974,-93.2581,Indoor,Turf,840,2016,
6,Cameron Dicker,3.0,3.0,100.0,46,0.0,1.0,1.0,1.0,0.0,2,2,1,12.0,12.0,91.8%,30.6,6,2020,11,K,ACT,0,216,4,Texas,LAC,los_angeles_chargers,los_angeles_chargers,SoFi Stadium,Inglewood,CA,33.9535,-118.3392,Outdoor,Turf,100,2020,
16,Chase Mclaughlin,2.0,2.0,100.0,30,0.0,1.0,1.0,0.0,0.0,2,2,1,8.0,8.0,70.7%,27.1,10,2020,4,K,ACT,0,190,7,Illinois,TB,tampa_bay_buccaneers,tampa_bay_buccaneers,Raymond James Stadium,Tampa,FL,27.9759,-82.5033,Outdoor,Grass,26,1998,
9,Ka'Imi Fairbairn,3.0,3.0,100.0,52,0.0,1.0,1.0,0.0,1.0,1,1,1,12.0,12.0,65.1%,30.6,7,2020,15,K,ACT,0,183,10,UCLA,HOU,houston_texans,houston_texans,NRG Stadium,Houston,TX,29.6847,-95.4107,Indoor,Turf,50,2002,
12,Greg Zuerlein,3.0,4.0,75.0,40,0.0,1.0,1.0,1.0,0.0,0,0,1,10.0,10.0,1.3%,24.4,4,2020,,,,,,,,,,,,,,,,,,,,
14,Jason Sanders,2.0,2.0,100.0,56,0.0,0.0,0.0,1.0,1.0,0,0,1,9.0,9.0,45.6%,27.7,4,2020,7,K,ACT,0,195,8,New Mexico,MIA,miami_dolphins,miami_dolphins,Hard Rock Stadium,Miami Gardens,FL,25.958,-80.238,Outdoor,Grass,7,1987,seattle_seahawks
26,Dustin Hopkins,1.0,1.0,100.0,25,0.0,1.0,0.0,0.0,0.0,0,0,1,3.0,3.0,2.3%,22.9,17,2020,7,K,ACT,0,210,12,Florida State,CLE,cleveland_browns,cleveland_browns,FirstEnergy Stadium,Cleveland,OH,41.5061,-81.6995,Outdoor,Grass,577,1999,kansas_city_chiefs
5,Brandon Mcmanus,2.0,2.0,100.0,55,0.0,0.0,0.0,1.0,1.0,4,4,1,13.0,13.0,7.8%,30.5,16,2020,17,K,ACT,0,201,12,Temple,GB,green_bay_packers,green_bay_packers,Lambeau Field,Green Bay,WI,44.5013,-88.0622,Outdoor,Grass,640,1957,
10,Cameron Dicker,3.0,3.0,100.0,51,0.0,0.0,1.0,1.0,1.0,0,0,1,12.0,12.0,91.8%,30.5,13,2020,11,K,ACT,0,216,4,Texas,LAC,los_angeles_chargers,los_angeles_chargers,SoFi Stadium,Inglewood,CA,33.9535,-118.3392,Outdoor,Turf,100,2020,
32,Matthew Wright,0.0,0.0,0.0,0,0.0,0.0,0.0,0.0,0.0,0,0,0,0.0,0.0,2.1%,0.0,9,2020,37,K,ACT,0,174,4,UCF,CAR,carolina_panthers,carolina_panthers,Bank of America Stadium,Charlotte,NC,35.2258,-80.8528,Outdoor,Grass,748,1996,tampa_bay_buccaneers
2,Jason Sanders,3.0,3.0,100.0,50,0.0,0.0,1.0,0.0,2.0,2,2,1,15.0,15.0,45.6%,32.6,10,2020,7,K,ACT,0,195,8,New Mexico,MIA,miami_dolphins,miami_dolphins,Hard Rock Stadium,Miami Gardens,FL,25.958,-80.238,Outdoor,Grass,7,1987,denver_broncos
8,Austin Seibert,2.0,2.0,100.0,31,0.0,1.0,1.0,0.0,0.0,3,3,1,9.0,9.0,0.7%,27.8,9,2020,16,K,ACT,69,214,5,Oklahoma,FA,free_agent,,,,,,,,,,,
4,Jake Bates,1.0,1.0,100.0,54,0.0,0.0,0.0,0.0,1.0,7,7,1,12.0,12.0,92.5%,29.1,11,2020,39,K,ACT,0,202,2,Arkansas,DET,detroit_lions,detroit_lions,Ford Field,Detroit,MI,42.34,-83.0456,Indoor,Turf,600,2002,houston_texans
29,Jason Myers,0.0,1.0,0.0,0,0.0,0.0,0.0,0.0,0.0,3,3,1,3.0,3.0,9.1%,2.3,4,2020,5,K,ACT,0,190,11,Marist,SEA,seattle_seahawks,seattle_seahawks,Lumen Field,Seattle,WA,47.5952,-122.3316,Outdoor,Turf,20,2002,
22,Cam Little,2.0,3.0,66.7,33,0.0,0.0,2.0,0.0,0.0,0,0,1,6.0,6.0,4.6%,19.14,13,2020,39,K,ACT,0,172,2,Arkansas,JAX,jacksonville_jaguars,jacksonville_jaguars,TIAA Bank Field,Jacksonville,FL,30.3239,-81.6373,Outdoor,Grass,16,1995,tennessee_titans
16,Joshua Karty,2.0,2.0,100.0,41,0.0,1.0,0.0,1.0,0.0,2,2,1,9.0,9.0,12.6%,27.8,1,2020,16,K,ACT,0,208,2,Stanford,LAR,los_angeles_rams,los_angeles_rams,SoFi Stadium,Inglewood,CA,33.9535,-118.3392,Outdoor,Turf,100,2020,
2,Daniel Carlson,4.0,4.0,100.0,54,0.0,1.0,2.0,0.0,1.0,1,2,1,15.0,15.0,15.3%,33.4,17,2020,8,K,ACT,0,215,8,Auburn,LV,las_vegas_raiders,las_vegas_raiders,Allegiant Stadium,Las Vegas,NV,36.0908,-115.183,Indoor,Turf,2001,2020,
15,Jake Bates,1.0,1.0,100.0,56,0.0,0.0,0.0,0.0,1.0,3,3,1,8.0,8.0,92.5%,26.3,12,2020,39,K,ACT,0,202,2,Arkansas,DET,detroit_lions,detroit_lions,Ford Field,Detroit,MI,42.34,-83.0456,Indoor,Turf,600,2002,
20,Brandon Mcmanus,1.0,1.0,100.0,22,0.0,1.0,0.0,0.0,0.0,2,2,1,5.0,5.0,7.8%,24.3,17,2020,17,K,ACT,0,201,12,Temple,GB,green_bay_packers,green_bay_packers,Lambeau Field,Green Bay,WI,44.5013,-88.0622,Outdoor,Grass,640,1957,tampa_bay_buccaneers
22,Cam Little,2.0,3.0,66.7,25,0.0,2.0,0.0,0.0,0.0,1,1,1,7.0,7.0,4.6%,20.04,2,2020,39,K,ACT,0,172,2,Arkansas,JAX,jacksonville_jaguars,jacksonville_jaguars,TIAA Bank Field,Jacksonville,FL,30.3239,-81.6373,Outdoor,Grass,16,1995,tennessee_titans
12,Daniel Carlson,2.0,2.0,100.0,54,0.0,0.0,1.0,0.0,1.0,2,2,1,10.0,10.0,15.3%,28.4,8,2020,8,K,ACT,0,215,8,Auburn,LV,las_vegas_raiders,las_vegas_raiders,Allegiant Stadium,Las Vegas,NV,36.0908,-115.183,Indoor,Turf,2001,2020,
30,Nick Folk,0.0,0.0,0.0,0,0.0,0.0,0.0,0.0,0.0,2,2,1,2.0,2.0,1.0%,1.4,8,2020,6,K,ACT,73,222,17,Arizona,TEN,tennessee_titans,tennessee_titans,Nissan Stadium,Nashville,TN,36.1665,-86.7713,Outdoor,Grass,476,1999,
27,Tyler Bass,0.0,0.0,0.0,0,0.0,0.0,0.0,0.0,0.0,0,0,0,0.0,0.0,60.9%,0.0,12,2020,2,K,ACT,0,183,6,Georgia Southern,BUF,buffalo_bills,buffalo_bills,Highmark Stadium,Orchard Park,NY,42.7738,-78.7868,Outdoor,Grass,600,1973,
17,Chase Mclaughlin,2.0,2.0,100.0,55,0.0,0.0,1.0,0.0,1.0,2,2,1,10.0,10.0,70.7%,28.4,2,2020,4,K,ACT,0,190,7,Illinois,TB,tampa_bay_buccaneers,tampa_bay_buccaneers,Raymond James Stadium,Tampa,FL,27.9759,-82.5033,Outdoor,Grass,26,1998,
31,Eddy Pineiro,0.0,0.0,0.0,0,0.0,0.0,0.0,0.0,0.0,2,2,1,2.0,2.0,1.1%,1.4,8,2020,4,K,ACT,72,185,6,Florida,CAR,carolina_panthers,carolina_panthers,Bank of America Stadium,Charlotte,NC,35.2258,-80.8528,Outdoor,Grass,748,1996,kansas_city_chiefs
21,Jason Sanders,1.0,2.0,50.0,33,0.0,0.0,1.0,0.0,0.0,1,1,1,4.0,4.0,45.6%,13.7,7,2020,7,K,ACT,0,195,8,New Mexico,MIA,miami_dolphins,miami_dolphins,Hard Rock Stadium,Miami Gardens,FL,25.958,-80.238,Outdoor,Grass,7,1987,
15,Will Reichard,0.0,1.0,0.0,39,0.0,0.0,0.0,0.0,0.0,6,6,1,6.0,6.0,12.6%,4.4,14,2020,16,K,ACT,0,187,2,Alabama,MIN,minnesota_vikings,minnesota_vikings,U.S. Bank Stadium,Minneapolis,MN,44.974,-93.2581,Indoor,Turf,840,2016,chicago_bears
5,Jake Bates,2.0,2.0,100.0,57,0.0,0.0,0.0,1.0,1.0,2,4,1,11.0,11.0,92.5%,29.1,17,2020,39,K,ACT,0,202,2,Arkansas,DET,detroit_lions,detroit_lions,Ford Field,Detroit,MI,42.34,-83.0456,Indoor,Turf,600,2002,
31,Greg Joseph,0.0,0.0,0.0,0,0.0,0.0,0.0,0.0,0.0,0,0,0,0.0,0.0,0.7%,0.0,9,2020,40,K,ACT,0,206,5,Florida Atlantic,SF,san_francisco_49ers,san_francisco_49ers,Levi's Stadium,Santa Clara,CA,37.403,-121.9692,Outdoor,Grass,13,2014,new_orleans_saints
23,Daniel Carlson,1.0,1.0,100.0,40,0.0,0.0,0.0,1.0,0.0,1,1,1,5.0,5.0,15.3%,24.2,5,2020,8,K,ACT,0,215,8,Auburn,LV,las_vegas_raiders,las_vegas_raiders,Allegiant Stadium,Las Vegas,NV,36.0908,-115.183,Indoor,Turf,2001,2020,
13,Joshua Karty,2.0,2.0,100.0,38,0.0,1.0,1.0,0.0,0.0,2,2,1,8.0,8.0,12.6%,27.1,9,2020,16,K,ACT,0,208,2,Stanford,LAR,los_angeles_rams,los_angeles_rams,SoFi Stadium,Inglewood,CA,33.9535,-118.3392,Outdoor,Turf,100,2020,
27,Daniel Carlson,1.0,1.0,100.0,52,0.0,0.0,0.0,0.0,1.0,0,1,1,5.0,5.0,15.3%,24.2,15,2020,8,K,ACT,0,215,8,Auburn,LV,las_vegas_raiders,las_vegas_raiders,Allegiant Stadium,Las Vegas,NV,36.0908,-115.183,Indoor,Turf,2001,2020,miami_dolphins
10,Austin Seibert,1.0,1.0,100.0,42,0.0,0.0,0.0,1.0,0.0,5,5,1,9.0,9.0,0.7%,27.0,3,2020,16,K,ACT,69,214,5,Oklahoma,FA,free_agent,,,,,,,,,,,
31,Matt Prater,0.0,0.0,0.0,0,0.0,0.0,0.0,0.0,0.0,2,2,1,2.0,2.0,0.8%,1.4,4,2020,5,K,ACT,70,195,18,UCF,ARI,arizona_cardinals,arizona_cardinals,State Farm Stadium,Glendale,AZ,33.5275,-112.2625,Indoor,Turf,1070,2006,carolina_panthers
66,Dustin Hopkins,0.0,1.0,0.0,0,0.0,0.0,0.0,0.0,0.0,0,1,1,0.0,0.0,2.3%,0.2,7,2020,7,K,ACT,0,210,12,Florida State,CLE,cleveland_browns,cleveland_browns,FirstEnergy Stadium,Cleveland,OH,41.5061,-81.6995,Outdoor,Grass,577,1999,
27,Greg Zuerlein,1.0,2.0,50.0,29,0.0,1.0,0.0,0.0,0.0,1,2,1,4.0,4.0,1.3%,13.8,8,2020,,,,,,,,,,,,,,,,,,,,
31,Andre Szmyt,0.0,0.0,0.0,0,0.0,0.0,0.0,0.0,0.0,0,0,0,0.0,0.0,1.0%,0.0,6,2020,38,K,ACT,0,200,1,Syracuse,CLE,cleveland_browns,cleveland_browns,FirstEnergy Stadium,Cleveland,OH,41.5061,-81.6995,Outdoor,Grass,577,1999,pittsburgh_steelers
14,Chase Mclaughlin,1.0,1.0,100.0,26,0.0,1.0,0.0,0.0,0.0,6,6,1,9.0,9.0,70.7%,27.1,6,2020,4,K,ACT,0,190,7,Illinois,TB,tampa_bay_buccaneers,tampa_bay_buccaneers,Raymond James Stadium,Tampa,FL,27.9759,-82.5033,Outdoor,Grass,26,1998,
32,Cairo Santos,0.0,0.0,0.0,0,0.0,0.0,0.0,0.0,0.0,1,1,1,1.0,1.0,15.5%,0.7,8,2020,8,K,ACT,0,175,12,Tulane,CHI,chicago_bears,chicago_bears,Soldier Field,Chicago,IL,41.8623,-87.6167,Outdoor,Grass,595,1924,tennessee_titans
1,Anders Carlson,4.0,4.0,100.0,42,0.0,1.0,1.0,2.0,0.0,2,2,1,16.0,16.0,1.0%,34.1,14,2020,17,K,ACT,77,215,2,Auburn,GB,green_bay_packers,green_bay_packers,Lambeau Field,Green Bay,WI,44.5013,-88.0622,Outdoor,Grass,640,1957,
8,Cam Little,2.0,2.0,100.0,48,0.0,0.0,0.0,2.0,0.0,2,2,1,10.0,10.0,4.6%,28.4,17,2020,39,K,ACT,0,172,2,Arkansas,JAX,jacksonville_jaguars,jacksonville_jaguars,TIAA Bank Field,Jacksonville,FL,30.3239,-81.6373,Outdoor,Grass,16,1995,
27,Wil Lutz,0.0,2.0,0.0,0,0.0,0.0,0.0,0.0,0.0,2,2,1,2.0,2.0,34.5%,1.8,10,2020,3,K,ACT,0,184,10,Georgia State,DEN,denver_broncos,denver_broncos,Empower Field at Mile High,Denver,CO,39.7439,-105.0201,Outdoor,Turf,5280,2001,
31,Cairo Santos,0.0,0.0,0.0,0,0.0,0.0,0.0,0.0,0.0,2,2,1,2.0,2.0,15.5%,1.4,13,2020,8,K,ACT,0,175,12,Tulane,CHI,chicago_bears,chicago_bears,Soldier Field,Chicago,IL,41.8623,-87.6167,Outdoor,Grass,595,1924,
29,Jake Elliott,0.0,0.0,0.0,0,0.0,0.0,0.0,0.0,0.0,0,0,0,0.0,0.0,60.8%,0.0,5,2020,4,K,ACT,0,167,9,Memphis,PHI,philadelphia_eagles,philadelphia_eagles,Lincoln Financial Field,Philadelphia,PA,39.9008,-75.1675,Outdoor,Grass,30,2003,pittsburgh_steelers
27,Chad Ryland,1.0,1.0,100.0,28,0.0,1.0,0.0,0.0,0.0,0,1,1,3.0,3.0,3.7%,22.9,17,2020,38,K,ACT,0,195,3,Maryland,ARI,arizona_cardinals,arizona_cardinals,State Farm Stadium,Glendale,AZ,33.5275,-112.2625,Indoor,Turf,1070,2006,
17,Daniel Carlson,2.0,3.0,66.7,49,0.0,0.0,1.0,1.0,0.0,1,1,1,8.0,8.0,15.3%,20.54,16,2020,8,K,ACT,0,215,8,Auburn,LV,las_vegas_raiders,las_vegas_raiders,Allegiant Stadium,Las Vegas,NV,36.0908,-115.183,Indoor,Turf,2001,2020,
26,Wil Lutz,2.0,2.0,100.0,35,0.0,1.0,1.0,0.0,0.0,0,0,1,6.0,6.0,34.5%,25.7,2,2020,3,K,ACT,0,184,10,Georgia State,DEN,denver_broncos,denver_broncos,Empower Field at Mile High,Denver,CO,39.7439,-105.0201,Outdoor,Turf,5280,2001,pittsburgh_steelers
28,Jason Sanders,1.0,1.0,100.0,34,0.0,0.0,1.0,0.0,0.0,1,1,1,4.0,4.0,45.6%,23.5,2,2020,7,K,ACT,0,195,8,New Mexico,MIA,miami_dolphins,miami_dolphins,Hard Rock Stadium,Miami Gardens,FL,25.958,-80.238,Outdoor,Grass,7,1987,buffalo_bills
10,Brayden Narveson,3.0,4.0,75.0,31,0.0,2.0,1.0,0.0,0.0,2,2,1,11.0,11.0,0.7%,25.2,1,2020,1,K,ACT,72,190,1,NC State,GB,green_bay_packers,green_bay_packers,Lambeau Field,Green Bay,WI,44.5013,-88.0622,Outdoor,Grass,640,1957,
21,Matt Gay,2.0,2.0,100.0,29,0.0,2.0,0.0,0.0,0.0,0,0,1,6.0,6.0,16.3%,25.8,12,2020,16,K,ACT,0,232,7,Utah,WAS,washington_commanders,washington_commanders,FedExField,Landover,MD,38.9078,-76.8645,Outdoor,Grass,300,1997,
17,Jason Sanders,2.0,2.0,100.0,55,0.0,0.0,1.0,0.0,1.0,0,1,1,8.0,8.0,45.6%,27.0,15,2020,7,K,ACT,0,195,8,New Mexico,MIA,miami_dolphins,miami_dolphins,Hard Rock Stadium,Miami Gardens,FL,25.958,-80.238,Outdoor,Grass,7,1987,
4,Ka'Imi Fairbairn,3.0,3.0,100.0,59,0.0,0.0,0.0,1.0,2.0,2,2,1,16.0,16.0,65.1%,33.3,5,2020,15,K,ACT,0,183,10,UCLA,HOU,houston_texans,houston_texans,NRG Stadium,Houston,TX,29.6847,-95.4107,Indoor,Turf,50,2002,
26,Justin Tucker,0.0,0.0,0.0,0,0.0,0.0,0.0,0.0,0.0,5,5,1,5.0,5.0,12.5%,3.5,15,2020,,,,,,,,,,,,,,,,,,,,
24,Greg Joseph,1.0,1.0,100.0,38,0.0,0.0,1.0,0.0,0.0,0,0,1,3.0,3.0,0.7%,22.8,7,2020,40,K,ACT,0,206,5,Florida Atlantic,SF,san_francisco_49ers,san_francisco_49ers,Levi's Stadium,Santa Clara,CA,37.403,-121.9692,Outdoor,Grass,13,2014,
14,Brandon Mcmanus,1.0,1.0,100.0,45,0.0,0.0,0.0,1.0,0.0,3,3,1,7.0,7.0,7.8%,25.6,7,2020,17,K,ACT,0,201,12,Temple,GB,green_bay_packers,green_bay_packers,Lambeau Field,Green Bay,WI,44.5013,-88.0622,Outdoor,Grass,640,1957,minnesota_vikings
27,Cameron Dicker,0.0,1.0,0.0,0,0.0,0.0,0.0,0.0,0.0,3,4,1,3.0,3.0,91.8%,2.3,9,2020,11,K,ACT,0,216,4,Texas,LAC,los_angeles_chargers,los_angeles_chargers,SoFi Stadium,Inglewood,CA,33.9535,-118.3392,Outdoor,Turf,100,2020,las_vegas_raiders
18,Matt Gay,2.0,2.0,100.0,26,0.0,2.0,0.0,0.0,0.0,2,2,1,8.0,8.0,16.3%,27.2,6,2020,16,K,ACT,0,232,7,Utah,WAS,washington_commanders,washington_commanders,FedExField,Landover,MD,38.9078,-76.8645,Outdoor,Grass,300,1997,new_york_giants
4,Joshua Karty,4.0,5.0,80.0,52,0.0,1.0,1.0,1.0,1.0,0,0,1,15.0,15.0,12.6%,29.6,4,2020,16,K,ACT,0,208,2,Stanford,LAR,los_angeles_rams,los_angeles_rams,SoFi Stadium,Inglewood,CA,33.9535,-118.3392,Outdoor,Turf,100,2020,
17,Will Reichard,1.0,1.0,100.0,33,0.0,0.0,1.0,0.0,0.0,4,4,1,7.0,7.0,12.6%,25.6,4,2020,16,K,ACT,0,187,2,Alabama,MIN,minnesota_vikings,minnesota_vikings,U.S. Bank Stadium,Minneapolis,MN,44.974,-93.2581,Indoor,Turf,840,2016,
27,Jake Moody,1.0,1.0,100.0,31,0.0,0.0,1.0,0.0,0.0,2,2,1,5.0,5.0,12.5%,24.2,2,2020,4,K,ACT,0,210,3,Michigan,SF,san_francisco_49ers,san_francisco_49ers,Levi's Stadium,Santa Clara,CA,37.403,-121.9692,Outdoor,Grass,13,2014,
12,Wil Lutz,1.0,1.0,100.0,45,0.0,0.0,0.0,1.0,0.0,5,5,1,9.0,9.0,34.5%,27.0,11,2020,3,K,ACT,0,184,10,Georgia State,DEN,denver_broncos,denver_broncos,Empower Field at Mile High,Denver,CO,39.7439,-105.0201,Outdoor,Turf,5280,2001,new_orleans_saints
4,Matthew Wright,4.0,5.0,80.0,42,0.0,1.0,2.0,1.0,0.0,1,1,1,14.0,14.0,2.1%,28.9,13,2020,37,K,ACT,0,174,4,UCF,CAR,carolina_panthers,carolina_panthers,Bank of America Stadium,Charlotte,NC,35.2258,-80.8528,Outdoor,Grass,748,1996,denver_broncos
30,Matthew Wright,0.0,0.0,0.0,0,0.0,0.0,0.0,0.0,0.0,0,0,0,0.0,0.0,2.1%,0.0,7,2020,37,K,ACT,0,174,4,UCF,CAR,carolina_panthers,carolina_panthers,Bank of America Stadium,Charlotte,NC,35.2258,-80.8528,Outdoor,Grass,748,1996,new_orleans_saints
31,Chase Mclaughlin,0.0,0.0,0.0,0,0.0,0.0,0.0,0.0,0.0,1,1,1,1.0,1.0,70.7%,0.7,3,2020,4,K,ACT,0,190,7,Illinois,TB,tampa_bay_buccaneers,tampa_bay_buccaneers,Raymond James Stadium,Tampa,FL,27.9759,-82.5033,Outdoor,Grass,26,1998,
8,Brandon Mcmanus,3.0,3.0,100.0,38,0.0,1.0,2.0,0.0,0.0,3,3,1,12.0,12.0,7.8%,30.6,8,2020,17,K,ACT,0,201,12,Temple,GB,green_bay_packers,green_bay_packers,Lambeau Field,Green Bay,WI,44.5013,-88.0622,Outdoor,Grass,640,1957,
27,Joey Slye,0.0,0.0,0.0,0,0.0,0.0,0.0,0.0,0.0,3,3,1,3.0,3.0,2.2%,2.1,16,2020,6,K,ACT,0,213,7,Virginia Tech,TEN,tennessee_titans,tennessee_titans,Nissan Stadium,Nashville,TN,36.1665,-86.7713,Outdoor,Grass,476,1999,
20,Younghoe Koo,2.0,3.0,66.7,41,0.0,1.0,0.0,1.0,0.0,1,1,1,8.0,8.0,21.9%,20.64,13,2020,6,K,ACT,0,195,8,Georgia Southern,ATL,atlanta_falcons,atlanta_falcons,Mercedes-Benz Stadium,Atlanta,GA,33.755,-84.4008,Indoor,Turf,1050,2017,los_angeles_chargers
5,Will Reichard,2.0,2.0,100.0,58,0.0,0.0,1.0,0.0,1.0,4,4,1,12.0,12.0,12.6%,29.8,3,2020,16,K,ACT,0,187,2,Alabama,MIN,minnesota_vikings,minnesota_vikings,U.S. Bank Stadium,Minneapolis,MN,44.974,-93.2581,Indoor,Turf,840,2016,tennessee_titans
10,Brandon Aubrey,2.0,4.0,50.0,48,0.0,0.0,0.0,2.0,0.0,4,4,1,12.0,12.0,96.5%,20.2,12,2020,17,K,ACT,0,218,3,Notre Dame,DAL,dallas_cowboys,dallas_cowboys,AT&T Stadium,Arlington,TX,32.7473,-97.0945,Indoor,Turf,639,2009,baltimore_ravens
13,Younghoe Koo,2.0,3.0,66.7,48,0.0,0.0,0.0,2.0,0.0,1,1,1,9.0,9.0,21.9%,21.24,15,2020,6,K,ACT,0,195,8,Georgia Southern,ATL,atlanta_falcons,atlanta_falcons,Mercedes-Benz Stadium,Atlanta,GA,33.755,-84.4008,Indoor,Turf,1050,2017,kansas_city_chiefs
12,Blake Grupe,2.0,2.0,100.0,42,0.0,1.0,0.0,1.0,0.0,3,3,1,10.0,10.0,3.2%,28.5,6,2020,19,K,ACT,0,156,3,Notre Dame,NO,new_orleans_saints,new_orleans_saints,Caesars Superdome,New Orleans,LA,29.9509,-90.0815,Indoor,Turf,3,1975,
4,Greg Joseph,4.0,4.0,100.0,48,0.0,1.0,1.0,2.0,0.0,0,0,1,14.0,14.0,0.7%,32.7,8,2020,40,K,ACT,0,206,5,Florida Atlantic,SF,san_francisco_49ers,san_francisco_49ers,Levi's Stadium,Santa Clara,CA,37.403,-121.9692,Outdoor,Grass,13,2014,seattle_seahawks
10,Brandon Aubrey,3.0,3.0,100.0,50,0.0,0.0,1.0,1.0,1.0,0,0,1,12.0,12.0,96.5%,30.5,6,2020,17,K,ACT,0,218,3,Notre Dame,DAL,dallas_cowboys,dallas_cowboys,AT&T Stadium,Arlington,TX,32.7473,-97.0945,Indoor,Turf,639,2009,arizona_cardinals
28,Eddy Pineiro,0.0,1.0,0.0,0,0.0,0.0,0.0,0.0,0.0,2,2,1,2.0,2.0,1.1%,1.6,17,2020,4,K,ACT,72,185,6,Florida,CAR,carolina_panthers,carolina_panthers,Bank of America Stadium,Charlotte,NC,35.2258,-80.8528,Outdoor,Grass,748,1996,
19,Evan Mcpherson,1.0,1.0,100.0,38,0.0,0.0,1.0,0.0,0.0,5,5,1,8.0,8.0,44.5%,26.3,13,2020,2,K,ACT,0,185,5,Florida,CIN,cincinnati_bengals,cincinnati_bengals,Paycor Stadium,Cincinnati,OH,39.0954,-84.516,Outdoor,Turf,482,2000,dallas_cowboys
20,Eddy Pineiro,1.0,1.0,100.0,48,0.0,0.0,0.0,1.0,0.0,3,3,1,7.0,7.0,1.1%,25.6,4,2020,4,K,ACT,72,185,6,Florida,CAR,carolina_panthers,carolina_panthers,Bank of America Stadium,Charlotte,NC,35.2258,-80.8528,Outdoor,Grass,748,1996,
19,Chris Boswell,2.0,2.0,100.0,49,0.0,0.0,1.0,1.0,0.0,1,1,1,8.0,8.0,72.7%,27.0,15,2020,9,K,ACT,0,185,11,Rice,PIT,pittsburgh_steelers,pittsburgh_steelers,Acrisure Stadium,Pittsburgh,PA,40.4468,-80.0158,Outdoor,Grass,730,2001,
13,Joey Slye,3.0,3.0,100.0,37,0.0,0.0,3.0,0.0,0.0,1,1,1,10.0,10.0,2.2%,29.1,1,2020,6,K,ACT,0,213,7,Virginia Tech,TEN,tennessee_titans,tennessee_titans,Nissan Stadium,Nashville,TN,36.1665,-86.7713,Outdoor,Grass,476,1999,
6,Chad Ryland,3.0,3.0,100.0,49,0.0,0.0,1.0,2.0,0.0,3,3,1,14.0,14.0,3.7%,31.9,15,2020,38,K,ACT,0,195,3,Maryland,ARI,arizona_cardinals,arizona_cardinals,State Farm Stadium,Glendale,AZ,33.5275,-112.2625,Indoor,Turf,1070,2006,san_francisco_49ers
30,Jake Elliott,0.0,1.0,0.0,0,0.0,0.0,0.0,0.0,0.0,1,1,1,1.0,1.0,60.8%,0.9,3,2020,4,K,ACT,0,167,9,Memphis,PHI,philadelphia_eagles,philadelphia_eagles,Lincoln Financial Field,Philadelphia,PA,39.9008,-75.1675,Outdoor,Grass,30,2003,
3,Jason Myers,2.0,2.0,100.0,57,0.0,0.0,0.0,0.0,2.0,2,2,1,12.0,12.0,9.1%,29.8,11,2020,5,K,ACT,0,190,11,Marist,SEA,seattle_seahawks,seattle_seahawks,Lumen Field,Seattle,WA,47.5952,-122.3316,Outdoor,Turf,20,2002,
26,Graham Gano,0.0,0.0,0.0,0,0.0,0.0,0.0,0.0,0.0,1,1,1,1.0,1.0,2.6%,0.7,12,2020,9,K,ACT,0,202,16,Florida State,NYG,new_york_giants,new_york_giants,MetLife Stadium,East Rutherford,NJ,40.8136,-74.0744,Outdoor,Turf,3,2010,
3,Greg Joseph,5.0,5.0,100.0,52,0.0,1.0,1.0,2.0,1.0,0,0,1,19.0,19.0,0.7%,36.9,4,2020,40,K,ACT,0,206,5,Florida Atlantic,SF,san_francisco_49ers,san_francisco_49ers,Levi's Stadium,Santa Clara,CA,37.403,-121.9692,Outdoor,Grass,13,2014,philadelphia_eagles
18,Will Reichard,2.0,2.0,100.0,35,0.0,1.0,1.0,0.0,0.0,2,2,1,8.0,8.0,12.6%,27.1,8,2020,16,K,ACT,0,187,2,Alabama,MIN,minnesota_vikings,minnesota_vikings,U.S. Bank Stadium,Minneapolis,MN,44.974,-93.2581,Indoor,Turf,840,2016,
25,Evan Mcpherson,0.0,1.0,0.0,0,0.0,0.0,0.0,0.0,0.0,3,3,1,3.0,3.0,44.5%,2.3,7,2020,2,K,ACT,0,185,5,Florida,CIN,cincinnati_bengals,cincinnati_bengals,Paycor Stadium,Cincinnati,OH,39.0954,-84.516,Outdoor,Turf,482,2000,cleveland_browns
2,Jake Moody,6.0,6.0,100.0,53,0.0,1.0,1.0,2.0,2.0,2,2,1,26.0,26.0,12.5%,42.5,1,2020,4,K,ACT,0,210,3,Michigan,SF,san_francisco_49ers,san_francisco_49ers,Levi's Stadium,Santa Clara,CA,37.403,-121.9692,Outdoor,Grass,13,2014,arizona_cardinals
16,Tyler Bass,1.0,1.0,100.0,50,0.0,0.0,0.0,0.0,1.0,3,3,1,8.0,8.0,60.9%,26.3,16,2020,2,K,ACT,0,183,6,Georgia Southern,BUF,buffalo_bills,buffalo_bills,Highmark Stadium,Orchard Park,NY,42.7738,-78.7868,Outdoor,Grass,600,1973,
30,Graham Gano,0.0,0.0,0.0,0,0.0,0.0,0.0,0.0,0.0,1,1,1,1.0,1.0,2.6%,0.7,16,2020,9,K,ACT,0,202,16,Florida State,NYG,new_york_giants,new_york_giants,MetLife Stadium,East Rutherford,NJ,40.8136,-74.0744,Outdoor,Turf,3,2010,
18,Zane Gonzalez,1.0,1.0,100.0,31,0.0,0.0,1.0,0.0,0.0,3,3,1,6.0,6.0,7.1%,24.9,17,2020,5,K,ACT,72,202,7,Arizona State,LAR,los_angeles_rams,los_angeles_rams,SoFi Stadium,Inglewood,CA,33.9535,-118.3392,Outdoor,Turf,100,2020,green_bay_packers
27,Greg Joseph,0.0,2.0,0.0,0,0.0,0.0,0.0,0.0,0.0,1,1,1,1.0,1.0,0.7%,1.1,6,2020,40,K,ACT,0,206,5,Florida Atlantic,SF,san_francisco_49ers,san_francisco_49ers,Levi's Stadium,Santa Clara,CA,37.403,-121.9692,Outdoor,Grass,13,2014,
30,Brayden Narveson,0.0,2.0,0.0,0,0.0,0.0,0.0,0.0,0.0,3,3,1,3.0,3.0,0.7%,2.5,4,2020,1,K,ACT,72,190,1,NC State,GB,green_bay_packers,green_bay_packers,Lambeau Field,Green Bay,WI,44.5013,-88.0622,Outdoor,Grass,640,1957,
21,Parker Romo,1.0,1.0,100.0,40,0.0,0.0,0.0,1.0,0.0,2,3,1,6.0,6.0,1.2%,24.9,11,2020,11,K,ACT,72,180,1,Virginia Tech,CHI,chicago_bears,chicago_bears,Soldier Field,Chicago,IL,41.8623,-87.6167,Outdoor,Grass,595,1924,green_bay_packers
17,Cameron Dicker,1.0,1.0,100.0,37,0.0,0.0,1.0,0.0,0.0,2,2,1,5.0,5.0,91.8%,24.2,14,2020,11,K,ACT,0,216,4,Texas,LAC,los_angeles_chargers,los_angeles_chargers,SoFi Stadium,Inglewood,CA,33.9535,-118.3392,Outdoor,Turf,100,2020,
8,Brandon Mcmanus,3.0,3.0,100.0,39,0.0,2.0,1.0,0.0,0.0,3,3,1,12.0,12.0,7.8%,30.7,15,2020,17,K,ACT,0,201,12,Temple,GB,green_bay_packers,green_bay_packers,Lambeau Field,Green Bay,WI,44.5013,-88.0622,Outdoor,Grass,640,1957,
1,Wil Lutz,4.0,4.0,100.0,43,0.0,0.0,2.0,2.0,0.0,2,2,1,16.0,16.0,34.5%,34.0,3,2020,3,K,ACT,0,184,10,Georgia State,DEN,denver_broncos,denver_broncos,Empower Field at Mile High,Denver,CO,39.7439,-105.0201,Outdoor,Turf,5280,2001,tampa_bay_buccaneers
31,Eddy Pineiro,1.0,1.0,100.0,38,0.0,0.0,1.0,0.0,0.0,0,0,1,3.0,3.0,1.1%,22.8,2,2020,4,K,ACT,72,185,6,Florida,CAR,carolina_panthers,carolina_panthers,Bank of America Stadium,Charlotte,NC,35.2258,-80.8528,Outdoor,Grass,748,1996,tampa_bay_buccaneers
21,Chase Mclaughlin,1.0,1.0,100.0,45,0.0,0.0,0.0,1.0,0.0,3,3,1,7.0,7.0,70.7%,25.6,16,2020,4,K,ACT,0,190,7,Illinois,TB,tampa_bay_buccaneers,tampa_bay_buccaneers,Raymond James Stadium,Tampa,FL,27.9759,-82.5033,Outdoor,Grass,26,1998,
3,Austin Seibert,4.0,4.0,100.0,49,0.0,2.0,1.0,1.0,0.0,4,4,1,17.0,17.0,0.7%,34.9,7,2020,16,K,ACT,69,214,5,Oklahoma,FA,free_agent,,,,,,,,,,,
8,Matt Gay,3.0,3.0,100.0,52,0.0,1.0,1.0,0.0,1.0,1,1,1,12.0,12.0,16.3%,30.6,7,2020,16,K,ACT,0,232,7,Utah,WAS,washington_commanders,washington_commanders,FedExField,Landover,MD,38.9078,-76.8645,Outdoor,Grass,300,1997,
15,Eddy Pineiro,2.0,2.0,100.0,40,0.0,1.0,0.0,1.0,0.0,2,2,1,9.0,9.0,1.1%,27.8,6,2020,4,K,ACT,72,185,6,Florida,CAR,carolina_panthers,carolina_panthers,Bank of America Stadium,Charlotte,NC,35.2258,-80.8528,Outdoor,Grass,748,1996,chicago_bears
20,Jake Bates,2.0,2.0,100.0,32,0.0,1.0,1.0,0.0,0.0,2,2,1,8.0,8.0,92.5%,27.1,1,2020,39,K,ACT,0,202,2,Arkansas,DET,detroit_lions,detroit_lions,Ford Field,Detroit,MI,42.34,-83.0456,Indoor,Turf,600,2002,chicago_bears
24,Zane Gonzalez,1.0,1.0,100.0,45,0.0,0.0,0.0,1.0,0.0,1,1,1,5.0,5.0,7.1%,24.2,11,2020,5,K,ACT,72,202,7,Arizona State,LAR,los_angeles_rams,los_angeles_rams,SoFi Stadium,Inglewood,CA,33.9535,-118.3392,Outdoor,Turf,100,2020,san_francisco_49ers
17,Chad Ryland,1.0,1.0,100.0,32,0.0,0.0,1.0,0.0,0.0,2,2,1,5.0,5.0,3.7%,24.2,7,2020,38,K,ACT,0,195,3,Maryland,ARI,arizona_cardinals,arizona_cardinals,State Farm Stadium,Glendale,AZ,33.5275,-112.2625,Indoor,Turf,1070,2006,
22,Chris Boswell,1.0,1.0,100.0,36,0.0,0.0,1.0,0.0,0.0,1,1,1,4.0,4.0,72.7%,23.5,17,2020,9,K,ACT,0,185,11,Rice,PIT,pittsburgh_steelers,pittsburgh_steelers,Acrisure Stadium,Pittsburgh,PA,40.4468,-80.0158,Outdoor,Grass,730,2001,cleveland_browns
29,Matthew Wright,0.0,0.0,0.0,0,0.0,0.0,0.0,0.0,0.0,0,0,0,0.0,0.0,2.1%,0.0,12,2020,37,K,ACT,0,174,4,UCF,CAR,carolina_panthers,carolina_panthers,Bank of America Stadium,Charlotte,NC,35.2258,-80.8528,Outdoor,Grass,748,1996,
10,Chad Ryland,3.0,4.0,75.0,42,0.0,0.0,2.0,1.0,0.0,1,1,1,11.0,11.0,3.7%,25.0,5,2020,38,K,ACT,0,195,3,Maryland,ARI,arizona_cardinals,arizona_cardinals,State Farm Stadium,Glendale,AZ,33.5275,-112.2625,Indoor,Turf,1070,2006,
27,Brandon Mcmanus,0.0,0.0,0.0,0,0.0,0.0,0.0,0.0,0.0,2,2,1,2.0,2.0,7.8%,1.4,11,2020,17,K,ACT,0,201,12,Temple,GB,green_bay_packers,green_bay_packers,Lambeau Field,Green Bay,WI,44.5013,-88.0622,Outdoor,Grass,640,1957,
19,Chad Ryland,1.0,2.0,50.0,28,0.0,1.0,0.0,0.0,0.0,1,1,1,4.0,4.0,3.7%,13.8,14,2020,38,K,ACT,0,195,3,Maryland,ARI,arizona_cardinals,arizona_cardinals,State Farm Stadium,Glendale,AZ,33.5275,-112.2625,Indoor,Turf,1070,2006,
31,Harrison Mevis,0.0,0.0,0.0,0,0.0,0.0,0.0,0.0,0.0,0,0,0,0.0,0.0,1.4%,0.0,5,2020,"",K,ACT,0,243,1,Missouri,NYJ,new_york_jets,new_york_jets,MetLife Stadium,East Rutherford,NJ,40.8136,-74.0744,Outdoor,Turf,3,2010,arizona_cardinals
10,Brayden Narveson,3.0,4.0,75.0,46,0.0,0.0,1.0,2.0,0.0,1,1,1,12.0,12.0,0.7%,25.7,2,2020,1,K,ACT,72,190,1,NC State,GB,green_bay_packers,green_bay_packers,Lambeau Field,Green Bay,WI,44.5013,-88.0622,Outdoor,Grass,640,1957,
9,Joey Slye,2.0,2.0,100.0,63,0.0,0.0,0.0,0.0,2.0,1,1,1,11.0,11.0,2.2%,29.1,4,2020,6,K,ACT,0,213,7,Virginia Tech,TEN,tennessee_titans,tennessee_titans,Nissan Stadium,Nashville,TN,36.1665,-86.7713,Outdoor,Grass,476,1999,
8,Austin Seibert,2.0,2.0,100.0,45,0.0,0.0,1.0,1.0,0.0,4,4,1,11.0,11.0,0.7%,29.1,4,2020,16,K,ACT,69,214,5,Oklahoma,FA,free_agent,,,,,,,,,,,
26,Eddy Pineiro,1.0,2.0,50.0,27,0.0,1.0,0.0,0.0,0.0,1,1,1,4.0,4.0,1.1%,13.8,5,2020,4,K,ACT,72,185,6,Florida,CAR,carolina_panthers,carolina_panthers,Bank of America Stadium,Charlotte,NC,35.2258,-80.8528,Outdoor,Grass,748,1996,
16,Cam Little,2.0,2.0,100.0,59,0.0,0.0,1.0,0.0,1.0,0,0,1,8.0,8.0,4.6%,27.0,11,2020,39,K,ACT,0,172,2,Arkansas,JAX,jacksonville_jaguars,jacksonville_jaguars,TIAA Bank Field,Jacksonville,FL,30.3239,-81.6373,Outdoor,Grass,16,1995,cleveland_browns
22,Greg Zuerlein,1.0,1.0,100.0,32,0.0,0.0,1.0,0.0,0.0,2,2,1,5.0,5.0,1.3%,24.2,5,2020,,,,,,,,,,,,,,,,,,,,
15,Jason Myers,2.0,2.0,100.0,50,0.0,1.0,0.0,0.0,1.0,2,2,1,10.0,10.0,9.1%,28.5,1,2020,5,K,ACT,0,190,11,Marist,SEA,seattle_seahawks,seattle_seahawks,Lumen Field,Seattle,WA,47.5952,-122.3316,Outdoor,Turf,20,2002,
21,Cameron Dicker,1.0,1.0,100.0,28,0.0,1.0,0.0,0.0,0.0,1,1,1,4.0,4.0,91.8%,23.6,3,2020,11,K,ACT,0,216,4,Texas,LAC,los_angeles_chargers,los_angeles_chargers,SoFi Stadium,Inglewood,CA,33.9535,-118.3392,Outdoor,Turf,100,2020,carolina_panthers
24,Jake Elliott,0.0,1.0,0.0,0,0.0,0.0,0.0,0.0,0.0,2,2,1,2.0,2.0,60.8%,1.6,14,2020,4,K,ACT,0,167,9,Memphis,PHI,philadelphia_eagles,philadelphia_eagles,Lincoln Financial Field,Philadelphia,PA,39.9008,-75.1675,Outdoor,Grass,30,2003,arizona_cardinals
24,Cairo Santos,2.0,2.0,100.0,39,0.0,1.0,1.0,0.0,0.0,0,0,1,6.0,6.0,15.5%,25.7,15,2020,8,K,ACT,0,175,12,Tulane,CHI,chicago_bears,chicago_bears,Soldier Field,Chicago,IL,41.8623,-87.6167,Outdoor,Grass,595,1924,
26,Joshua Karty,0.0,1.0,0.0,0,0.0,0.0,0.0,0.0,0.0,2,3,1,2.0,2.0,12.6%,1.6,7,2020,16,K,ACT,0,208,2,Stanford,LAR,los_angeles_rams,los_angeles_rams,SoFi Stadium,Inglewood,CA,33.9535,-118.3392,Outdoor,Turf,100,2020,miami_dolphins
7,Jake Bates,2.0,2.0,100.0,58,0.0,0.0,0.0,0.0,2.0,2,2,1,12.0,12.0,92.5%,29.8,10,2020,39,K,ACT,0,202,2,Arkansas,DET,detroit_lions,detroit_lions,Ford Field,Detroit,MI,42.34,-83.0456,Indoor,Turf,600,2002,carolina_panthers
4,Evan Mcpherson,2.0,2.0,100.0,44,0.0,1.0,0.0,1.0,0.0,5,5,1,12.0,12.0,44.5%,29.9,9,2020,2,K,ACT,0,185,5,Florida,CIN,cincinnati_bengals,cincinnati_bengals,Paycor Stadium,Cincinnati,OH,39.0954,-84.516,Outdoor,Turf,482,2000,pittsburgh_steelers
31,Matthew Wright,0.0,0.0,0.0,0,0.0,0.0,0.0,0.0,0.0,0,0,0,0.0,0.0,2.1%,0.0,11,2020,37,K,ACT,0,174,4,UCF,CAR,carolina_panthers,carolina_panthers,Bank of America Stadium,Charlotte,NC,35.2258,-80.8528,Outdoor,Grass,748,1996,minnesota_vikings
7,Brandon Mcmanus,3.0,3.0,100.0,46,0.0,1.0,1.0,1.0,0.0,3,3,1,13.0,13.0,7.8%,31.3,13,2020,17,K,ACT,0,201,12,Temple,GB,green_bay_packers,green_bay_packers,Lambeau Field,Green Bay,WI,44.5013,-88.0622,Outdoor,Grass,640,1957,
18,Justin Tucker,1.0,3.0,33.3,54,0.0,0.0,0.0,0.0,1.0,1,1,1,6.0,6.0,12.5%,11.96,11,2020,,,,,,,,,,,,,,,,,,,,
1,Anders Carlson,3.0,3.0,100.0,50,0.0,0.0,0.0,2.0,1.0,3,3,1,16.0,16.0,1.0%,33.3,8,2020,17,K,ACT,77,215,2,Auburn,GB,green_bay_packers,green_bay_packers,Lambeau Field,Green Bay,WI,44.5013,-88.0622,Outdoor,Grass,640,1957,
12,Matt Gay,2.0,3.0,66.7,32,0.0,1.0,1.0,0.0,0.0,3,3,1,9.0,9.0,16.3%,21.34,17,2020,16,K,ACT,0,232,7,Utah,WAS,washington_commanders,washington_commanders,FedExField,Landover,MD,38.9078,-76.8645,Outdoor,Grass,300,1997,tampa_bay_buccaneers
26,Younghoe Koo,0.0,0.0,0.0,0,0.0,0.0,0.0,0.0,0.0,3,3,1,3.0,3.0,21.9%,2.1,9,2020,6,K,ACT,0,195,8,Georgia Southern,ATL,atlanta_falcons,atlanta_falcons,Mercedes-Benz Stadium,Atlanta,GA,33.755,-84.4008,Indoor,Turf,1050,2017,
29,Jason Myers,0.0,0.0,0.0,0,0.0,0.0,0.0,0.0,0.0,2,3,1,2.0,2.0,9.1%,1.4,9,2020,5,K,ACT,0,190,11,Marist,SEA,seattle_seahawks,seattle_seahawks,Lumen Field,Seattle,WA,47.5952,-122.3316,Outdoor,Turf,20,2002,
21,Matt Prater,2.0,2.0,100.0,31,0.0,1.0,1.0,0.0,0.0,2,2,1,8.0,8.0,0.8%,27.1,1,2020,5,K,ACT,70,195,18,UCF,ARI,arizona_cardinals,arizona_cardinals,State Farm Stadium,Glendale,AZ,33.5275,-112.2625,Indoor,Turf,1070,2006,
21,Dustin Hopkins,1.0,2.0,50.0,45,0.0,0.0,0.0,1.0,0.0,3,3,1,7.0,7.0,2.3%,15.8,13,2020,7,K,ACT,0,210,12,Florida State,CLE,cleveland_browns,cleveland_browns,FirstEnergy Stadium,Cleveland,OH,41.5061,-81.6995,Outdoor,Grass,577,1999,baltimore_ravens
26,Justin Tucker,0.0,0.0,0.0,0,0.0,0.0,0.0,0.0,0.0,3,4,1,3.0,3.0,12.5%,2.1,10,2020,,,,,,,,,,,,,,,,,,,,
32,Harrison Mevis,0.0,0.0,0.0,0,0.0,0.0,0.0,0.0,0.0,0,0,0,0.0,0.0,1.4%,0.0,6,2020,"",K,ACT,0,243,1,Missouri,NYJ,new_york_jets,new_york_jets,MetLife Stadium,East Rutherford,NJ,40.8136,-74.0744,Outdoor,Turf,3,2010,buffalo_bills
30,Joey Slye,0.0,0.0,0.0,0,0.0,0.0,0.0,0.0,0.0,0,0,0,0.0,0.0,2.2%,0.0,14,2020,6,K,ACT,0,213,7,Virginia Tech,TEN,tennessee_titans,tennessee_titans,Nissan Stadium,Nashville,TN,36.1665,-86.7713,Outdoor,Grass,476,1999,
30,Greg Joseph,0.0,0.0,0.0,0,0.0,0.0,0.0,0.0,0.0,0,0,0,0.0,0.0,0.7%,0.0,10,2020,40,K,ACT,0,206,5,Florida Atlantic,SF,san_francisco_49ers,san_francisco_49ers,Levi's Stadium,Santa Clara,CA,37.403,-121.9692,Outdoor,Grass,13,2014,
3,Will Reichard,3.0,3.0,100.0,54,0.0,0.0,0.0,1.0,2.0,2,2,1,16.0,16.0,12.6%,33.3,5,2020,16,K,ACT,0,187,2,Alabama,MIN,minnesota_vikings,minnesota_vikings,U.S. Bank Stadium,Minneapolis,MN,44.974,-93.2581,Indoor,Turf,840,2016,seattle_seahawks
4,Brandon Aubrey,4.0,4.0,100.0,52,0.0,0.0,1.0,2.0,1.0,1,1,1,17.0,17.0,96.5%,34.7,2,2020,17,K,ACT,0,218,3,Notre Dame,DAL,dallas_cowboys,dallas_cowboys,AT&T Stadium,Arlington,TX,32.7473,-97.0945,Indoor,Turf,639,2009,
3,Austin Seibert,3.0,4.0,75.0,55,0.0,0.0,0.0,2.0,1.0,2,2,1,15.0,15.0,0.7%,27.8,6,2020,16,K,ACT,69,214,5,Oklahoma,FA,free_agent,,,,,,,,,,,
16,Cameron Dicker,2.0,2.0,100.0,46,0.0,1.0,0.0,1.0,0.0,2,3,1,9.0,9.0,91.8%,27.8,8,2020,11,K,ACT,0,216,4,Texas,LAC,los_angeles_chargers,los_angeles_chargers,SoFi Stadium,Inglewood,CA,33.9535,-118.3392,Outdoor,Turf,100,2020,denver_broncos
25,Blake Grupe,1.0,1.0,100.0,34,0.0,0.0,1.0,0.0,0.0,1,1,1,4.0,4.0,3.2%,23.5,17,2020,19,K,ACT,0,156,3,Notre Dame,NO,new_orleans_saints,new_orleans_saints,Caesars Superdome,New Orleans,LA,29.9509,-90.0815,Indoor,Turf,3,1975,tampa_bay_buccaneers
18,Justin Tucker,2.0,4.0,50.0,50,0.0,0.0,1.0,0.0,1.0,1,2,1,9.0,9.0,12.5%,18.1,13,2020,,,,,,,,,,,,,,,,,,,,
30,Chase Mclaughlin,0.0,0.0,0.0,0,0.0,0.0,0.0,0.0,0.0,0,0,0,0.0,0.0,70.7%,0.0,11,2020,4,K,ACT,0,190,7,Illinois,TB,tampa_bay_buccaneers,tampa_bay_buccaneers,Raymond James Stadium,Tampa,FL,27.9759,-82.5033,Outdoor,Grass,26,1998,los_angeles_rams
10,Jake Elliott,2.0,2.0,100.0,41,0.0,0.0,1.0,1.0,0.0,3,3,1,10.0,10.0,60.8%,28.4,15,2020,4,K,ACT,0,167,9,Memphis,PHI,philadelphia_eagles,philadelphia_eagles,Lincoln Financial Field,Philadelphia,PA,39.9008,-75.1675,Outdoor,Grass,30,2003,dallas_cowboys
4,Jake Elliott,2.0,2.0,100.0,31,0.0,1.0,1.0,0.0,0.0,5,5,1,11.0,11.0,60.8%,29.2,17,2020,4,K,ACT,0,167,9,Memphis,PHI,philadelphia_eagles,philadelphia_eagles,Lincoln Financial Field,Philadelphia,PA,39.9008,-75.1675,Outdoor,Grass,30,2003,
12,Anders Carlson,2.0,2.0,100.0,55,0.0,1.0,0.0,0.0,1.0,0,1,1,8.0,8.0,1.0%,27.1,7,2020,17,K,ACT,77,215,2,Auburn,GB,green_bay_packers,green_bay_packers,Lambeau Field,Green Bay,WI,44.5013,-88.0622,Outdoor,Grass,640,1957,minnesota_vikings
21,Tyler Bass,1.0,2.0,50.0,43,0.0,0.0,0.0,1.0,0.0,4,4,1,8.0,8.0,60.9%,16.5,2,2020,2,K,ACT,0,183,6,Georgia Southern,BUF,buffalo_bills,buffalo_bills,Highmark Stadium,Orchard Park,NY,42.7738,-78.7868,Outdoor,Grass,600,1973,
22,Eddy Pineiro,1.0,1.0,100.0,29,0.0,1.0,0.0,0.0,0.0,3,4,1,6.0,6.0,1.1%,25.0,16,2020,4,K,ACT,72,185,6,Florida,CAR,carolina_panthers,carolina_panthers,Bank of America Stadium,Charlotte,NC,35.2258,-80.8528,Outdoor,Grass,748,1996,new_orleans_saints
24,Jake Bates,0.0,0.0,0.0,0,0.0,0.0,0.0,0.0,0.0,6,6,1,6.0,6.0,92.5%,4.2,4,2020,39,K,ACT,0,202,2,Arkansas,DET,detroit_lions,detroit_lions,Ford Field,Detroit,MI,42.34,-83.0456,Indoor,Turf,600,2002,new_orleans_saints
15,Jake Bates,3.0,3.0,100.0,35,0.0,1.0,2.0,0.0,0.0,1,1,1,10.0,10.0,92.5%,29.2,2,2020,39,K,ACT,0,202,2,Arkansas,DET,detroit_lions,detroit_lions,Ford Field,Detroit,MI,42.34,-83.0456,Indoor,Turf,600,2002,green_bay_packers
30,Matt Gay,1.0,2.0,50.0,34,0.0,0.0,1.0,0.0,0.0,1,1,1,4.0,4.0,16.3%,13.7,2,2020,16,K,ACT,0,232,7,Utah,WAS,washington_commanders,washington_commanders,FedExField,Landover,MD,38.9078,-76.8645,Outdoor,Grass,300,1997,arizona_cardinals
2,Nick Folk,3.0,3.0,100.0,56,0.0,0.0,0.0,0.0,3.0,3,3,1,18.0,18.0,1.0%,34.7,12,2020,6,K,ACT,73,222,17,Arizona,TEN,tennessee_titans,tennessee_titans,Nissan Stadium,Nashville,TN,36.1665,-86.7713,Outdoor,Grass,476,1999,cleveland_browns
5,Jake Elliott,3.0,3.0,100.0,31,0.0,2.0,1.0,0.0,0.0,4,4,1,13.0,13.0,60.8%,31.4,12,2020,4,K,ACT,0,167,9,Memphis,PHI,philadelphia_eagles,philadelphia_eagles,Lincoln Financial Field,Philadelphia,PA,39.9008,-75.1675,Outdoor,Grass,30,2003,green_bay_packers
15,Cam Little,1.0,1.0,100.0,21,0.0,1.0,0.0,0.0,0.0,3,3,1,6.0,6.0,4.6%,25.0,7,2020,39,K,ACT,0,172,2,Arkansas,JAX,jacksonville_jaguars,jacksonville_jaguars,TIAA Bank Field,Jacksonville,FL,30.3239,-81.6373,Outdoor,Grass,16,1995,los_angeles_chargers
15,Austin Seibert,2.0,2.0,100.0,30,0.0,1.0,1.0,0.0,0.0,4,4,1,10.0,10.0,0.7%,28.5,5,2020,16,K,ACT,69,214,5,Oklahoma,FA,free_agent,,,,,,,,,,,
15,Matt Gay,2.0,2.0,100.0,46,0.0,0.0,1.0,1.0,0.0,2,2,1,9.0,9.0,16.3%,27.7,8,2020,16,K,ACT,0,232,7,Utah,WAS,washington_commanders,washington_commanders,FedExField,Landover,MD,38.9078,-76.8645,Outdoor,Grass,300,1997,new_york_giants
30,Spencer Shrader,0.0,0.0,0.0,0,0.0,0.0,0.0,0.0,0.0,3,3,1,3.0,3.0,1.9%,2.1,1,2020,3,K,ACT,0,201,2,Notre Dame,IND,indianapolis_colts,indianapolis_colts,Lucas Oil Stadium,Indianapolis,IN,39.7601,-86.1639,Indoor,Turf,700,2008,jacksonville_jaguars
23,Dustin Hopkins,1.0,1.0,100.0,51,0.0,0.0,0.0,0.0,1.0,2,2,1,7.0,7.0,2.3%,25.6,1,2020,7,K,ACT,0,210,12,Florida State,CLE,cleveland_browns,cleveland_browns,FirstEnergy Stadium,Cleveland,OH,41.5061,-81.6995,Outdoor,Grass,577,1999,baltimore_ravens
17,Justin Tucker,1.0,1.0,100.0,45,0.0,0.0,0.0,1.0,0.0,3,3,1,7.0,7.0,12.5%,25.6,12,2020,,,,,,,,,,,,,,,,,,,,
8,Justin Tucker,3.0,4.0,75.0,48,0.0,0.0,1.0,2.0,0.0,2,2,1,13.0,13.0,12.5%,26.4,2,2020,,,,,,,,,,,,,,,,,,,,
26,Justin Tucker,0.0,0.0,0.0,0,0.0,0.0,0.0,0.0,0.0,5,5,1,5.0,5.0,12.5%,3.5,4,2020,,,,,,,,,,,,,,,,,,,,
23,Chris Boswell,0.0,0.0,0.0,0,0.0,0.0,0.0,0.0,0.0,4,4,1,4.0,4.0,72.7%,2.8,10,2020,9,K,ACT,0,185,11,Rice,PIT,pittsburgh_steelers,pittsburgh_steelers,Acrisure Stadium,Pittsburgh,PA,40.4468,-80.0158,Outdoor,Grass,730,2001,
28,Greg Zuerlein,0.0,1.0,0.0,0,0.0,0.0,0.0,0.0,0.0,1,1,1,1.0,1.0,1.3%,0.9,7,2020,,,,,,,,,,,,,,,,,,,,
14,Blake Grupe,2.0,3.0,66.7,54,0.0,0.0,0.0,0.0,2.0,0,0,1,10.0,10.0,3.2%,21.94,13,2020,19,K,ACT,0,156,3,Notre Dame,NO,new_orleans_saints,new_orleans_saints,Caesars Superdome,New Orleans,LA,29.9509,-90.0815,Indoor,Turf,3,1975,philadelphia_eagles
14,Younghoe Koo,1.0,1.0,100.0,54,0.0,0.0,0.0,0.0,1.0,2,2,1,7.0,7.0,21.9%,25.6,3,2020,6,K,ACT,0,195,8,Georgia Southern,ATL,atlanta_falcons,atlanta_falcons,Mercedes-Benz Stadium,Atlanta,GA,33.755,-84.4008,Indoor,Turf,1050,2017,chicago_bears
28,Jake Moody,1.0,3.0,33.3,33,0.0,0.0,1.0,0.0,0.0,1,1,1,4.0,4.0,12.5%,10.56,13,2020,4,K,ACT,0,210,3,Michigan,SF,san_francisco_49ers,san_francisco_49ers,Levi's Stadium,Santa Clara,CA,37.403,-121.9692,Outdoor,Grass,13,2014,washington_commanders
3,Daniel Carlson,4.0,4.0,100.0,53,0.0,1.0,1.0,0.0,2.0,2,2,1,18.0,18.0,15.3%,35.5,2,2020,8,K,ACT,0,215,8,Auburn,LV,las_vegas_raiders,las_vegas_raiders,Allegiant Stadium,Las Vegas,NV,36.0908,-115.183,Indoor,Turf,2001,2020,
3,Ka'Imi Fairbairn,3.0,4.0,75.0,56,0.0,1.0,1.0,0.0,1.0,2,2,1,13.0,13.0,65.1%,26.5,10,2020,15,K,ACT,0,183,10,UCLA,HOU,houston_texans,houston_texans,NRG Stadium,Houston,TX,29.6847,-95.4107,Indoor,Turf,50,2002,
16,Chase Mclaughlin,1.0,2.0,50.0,23,0.0,1.0,0.0,0.0,0.0,2,2,1,5.0,5.0,70.7%,14.5,7,2020,4,K,ACT,0,190,7,Illinois,TB,tampa_bay_buccaneers,tampa_bay_buccaneers,Raymond James Stadium,Tampa,FL,27.9759,-82.5033,Outdoor,Grass,26,1998,
13,Matt Gay,1.0,2.0,50.0,31,0.0,0.0,1.0,0.0,0.0,5,5,1,8.0,8.0,16.3%,16.5,16,2020,16,K,ACT,0,232,7,Utah,WAS,washington_commanders,washington_commanders,FedExField,Landover,MD,38.9078,-76.8645,Outdoor,Grass,300,1997,
20,Cairo Santos,1.0,1.0,100.0,33,0.0,0.0,1.0,0.0,0.0,3,4,1,6.0,6.0,15.5%,24.9,5,2020,8,K,ACT,0,175,12,Tulane,CHI,chicago_bears,chicago_bears,Soldier Field,Chicago,IL,41.8623,-87.6167,Outdoor,Grass,595,1924,
29,Wil Lutz,0.0,0.0,0.0,0,0.0,0.0,0.0,0.0,0.0,4,4,1,4.0,4.0,34.5%,2.8,8,2020,3,K,ACT,0,184,10,Georgia State,DEN,denver_broncos,denver_broncos,Empower Field at Mile High,Denver,CO,39.7439,-105.0201,Outdoor,Turf,5280,2001,atlanta_falcons
24,Zane Gonzalez,0.0,2.0,0.0,0,0.0,0.0,0.0,0.0,0.0,6,6,1,6.0,6.0,7.1%,4.6,13,2020,5,K,ACT,72,202,7,Arizona State,LAR,los_angeles_rams,los_angeles_rams,SoFi Stadium,Inglewood,CA,33.9535,-118.3392,Outdoor,Turf,100,2020,
20,Joey Slye,1.0,1.0,100.0,44,0.0,0.0,0.0,1.0,0.0,0,0,1,4.0,4.0,2.2%,23.5,3,2020,6,K,ACT,0,213,7,Virginia Tech,TEN,tennessee_titans,tennessee_titans,Nissan Stadium,Nashville,TN,36.1665,-86.7713,Outdoor,Grass,476,1999,
24,Joey Slye,1.0,2.0,50.0,38,0.0,0.0,1.0,0.0,0.0,1,1,1,4.0,4.0,2.2%,13.7,5,2020,6,K,ACT,0,213,7,Virginia Tech,TEN,tennessee_titans,tennessee_titans,Nissan Stadium,Nashville,TN,36.1665,-86.7713,Outdoor,Grass,476,1999,
13,Daniel Carlson,2.0,2.0,100.0,27,0.0,2.0,0.0,0.0,0.0,1,1,1,7.0,7.0,15.3%,26.5,14,2020,8,K,ACT,0,215,8,Auburn,LV,las_vegas_raiders,las_vegas_raiders,Allegiant Stadium,Las Vegas,NV,36.0908,-115.183,Indoor,Turf,2001,2020,los_angeles_chargers
17,Chase Mclaughlin,1.0,1.0,100.0,47,0.0,0.0,0.0,1.0,0.0,3,3,1,7.0,7.0,70.7%,25.6,9,2020,4,K,ACT,0,190,7,Illinois,TB,tampa_bay_buccaneers,tampa_bay_buccaneers,Raymond James Stadium,Tampa,FL,27.9759,-82.5033,Outdoor,Grass,26,1998,new_orleans_saints
11,Chad Ryland,2.0,2.0,100.0,57,0.0,0.0,1.0,0.0,1.0,2,2,1,10.0,10.0,3.7%,28.4,8,2020,38,K,ACT,0,195,3,Maryland,ARI,arizona_cardinals,arizona_cardinals,State Farm Stadium,Glendale,AZ,33.5275,-112.2625,Indoor,Turf,1070,2006,
27,Wil Lutz,1.0,2.0,50.0,47,0.0,0.0,0.0,1.0,0.0,1,1,1,5.0,5.0,34.5%,14.4,4,2020,3,K,ACT,0,184,10,Georgia State,DEN,denver_broncos,denver_broncos,Empower Field at Mile High,Denver,CO,39.7439,-105.0201,Outdoor,Turf,5280,2001,
6,Wil Lutz,2.0,2.0,100.0,55,0.0,0.0,0.0,1.0,1.0,3,3,1,12.0,12.0,34.5%,29.8,16,2020,3,K,ACT,0,184,10,Georgia State,DEN,denver_broncos,denver_broncos,Empower Field at Mile High,Denver,CO,39.7439,-105.0201,Outdoor,Turf,5280,2001,las_vegas_raiders
11,Will Reichard,3.0,3.0,100.0,39,0.0,2.0,1.0,0.0,0.0,2,2,1,11.0,11.0,12.6%,30.0,2,2020,16,K,ACT,0,187,2,Alabama,MIN,minnesota_vikings,minnesota_vikings,U.S. Bank Stadium,Minneapolis,MN,44.974,-93.2581,Indoor,Turf,840,2016,indianapolis_colts
9,Evan Mcpherson,2.0,3.0,66.7,31,0.0,1.0,1.0,0.0,0.0,3,3,1,9.0,9.0,44.5%,21.34,3,2020,2,K,ACT,0,185,5,Florida,CIN,cincinnati_bengals,cincinnati_bengals,Paycor Stadium,Cincinnati,OH,39.0954,-84.516,Outdoor,Turf,482,2000,philadelphia_eagles
7,Joshua Karty,4.0,4.0,100.0,48,0.0,3.0,0.0,1.0,0.0,0,0,1,13.0,13.0,12.6%,32.2,15,2020,16,K,ACT,0,208,2,Stanford,LAR,los_angeles_rams,los_angeles_rams,SoFi Stadium,Inglewood,CA,33.9535,-118.3392,Outdoor,Turf,100,2020,seattle_seahawks
11,Brayden Narveson,2.0,3.0,66.7,41,0.0,0.0,1.0,1.0,0.0,4,4,1,11.0,11.0,0.7%,22.64,6,2020,1,K,ACT,72,190,1,NC State,GB,green_bay_packers,green_bay_packers,Lambeau Field,Green Bay,WI,44.5013,-88.0622,Outdoor,Grass,640,1957,tampa_bay_buccaneers
6,Tyler Bass,3.0,3.0,100.0,47,0.0,2.0,0.0,1.0,0.0,3,3,1,13.0,13.0,60.9%,31.4,10,2020,2,K,ACT,0,183,6,Georgia Southern,BUF,buffalo_bills,buffalo_bills,Highmark Stadium,Orchard Park,NY,42.7738,-78.7868,Outdoor,Grass,600,1973,
4,Chad Ryland,3.0,3.0,100.0,58,0.0,0.0,1.0,1.0,1.0,3,3,1,15.0,15.0,3.7%,32.6,16,2020,38,K,ACT,0,195,3,Maryland,ARI,arizona_cardinals,arizona_cardinals,State Farm Stadium,Glendale,AZ,33.5275,-112.2625,Indoor,Turf,1070,2006,los_angeles_rams
27,Cameron Dicker,0.0,1.0,0.0,0,0.0,0.0,0.0,0.0,0.0,3,4,1,3.0,3.0,91.8%,2.3,9,2020,11,K,ACT,0,216,4,Texas,LAC,los_angeles_chargers,los_angeles_chargers,SoFi Stadium,Inglewood,CA,33.9535,-118.3392,Outdoor,Turf,100,2020,miami_dolphins
1,Tyler Bass,3.0,3.0,100.0,61,0.0,0.0,0.0,2.0,1.0,1,2,1,14.0,14.0,60.9%,31.9,9,2020,2,K,ACT,0,183,6,Georgia Southern,BUF,buffalo_bills,buffalo_bills,Highmark Stadium,Orchard Park,NY,42.7738,-78.7868,Outdoor,Grass,600,1973,arizona_cardinals
29,Joshua Karty,1.0,1.0,100.0,29,0.0,1.0,0.0,0.0,0.0,1,1,1,4.0,4.0,12.6%,23.6,2,2020,16,K,ACT,0,208,2,Stanford,LAR,los_angeles_rams,los_angeles_rams,SoFi Stadium,Inglewood,CA,33.9535,-118.3392,Outdoor,Turf,100,2020,
11,Harrison Butker,2.0,2.0,100.0,44,0.0,1.0,0.0,1.0,0.0,3,3,1,10.0,10.0,69.5%,28.5,16,2020,7,K,ACT,0,205,9,Georgia Tech,KC,kansas_city_chiefs,kansas_city_chiefs,GEHA Field at Arrowhead Stadium,Kansas City,MO,39.049,-94.4839,Outdoor,Grass,1020,1972,los_angeles_chargers
23,Cameron Dicker,1.0,2.0,50.0,50,0.0,0.0,0.0,0.0,1.0,1,1,1,6.0,6.0,91.8%,15.1,4,2020,11,K,ACT,0,216,4,Texas,LAC,los_angeles_chargers,los_angeles_chargers,SoFi Stadium,Inglewood,CA,33.9535,-118.3392,Outdoor,Turf,100,2020,tampa_bay_buccaneers
21,Cade York,1.0,1.0,100.0,21,0.0,1.0,0.0,0.0,0.0,4,5,1,7.0,7.0,2.9%,25.7,15,2020,3,K,ACT,74,206,3,LSU,TEN,tennessee_titans,tennessee_titans,Nissan Stadium,Nashville,TN,36.1665,-86.7713,Outdoor,Grass,476,1999,green_bay_packers
29,Joshua Karty,0.0,0.0,0.0,0,0.0,0.0,0.0,0.0,0.0,3,3,1,3.0,3.0,12.6%,2.1,13,2020,16,K,ACT,0,208,2,Stanford,LAR,los_angeles_rams,los_angeles_rams,SoFi Stadium,Inglewood,CA,33.9535,-118.3392,Outdoor,Turf,100,2020,
9,Jake Bates,3.0,4.0,75.0,48,0.0,0.0,2.0,1.0,0.0,2,2,1,12.0,12.0,92.5%,25.7,13,2020,39,K,ACT,0,202,2,Arkansas,DET,detroit_lions,detroit_lions,Ford Field,Detroit,MI,42.34,-83.0456,Indoor,Turf,600,2002,green_bay_packers
8,Joey Slye,3.0,5.0,60.0,54,0.0,0.0,2.0,0.0,1.0,1,1,1,12.0,12.0,2.2%,22.9,13,2020,6,K,ACT,0,213,7,Virginia Tech,TEN,tennessee_titans,tennessee_titans,Nissan Stadium,Nashville,TN,36.1665,-86.7713,Outdoor,Grass,476,1999,
2,Younghoe Koo,4.0,4.0,100.0,58,0.0,0.0,0.0,2.0,2.0,2,2,1,20.0,20.0,21.9%,36.8,4,2020,6,K,ACT,0,195,8,Georgia Southern,ATL,atlanta_falcons,atlanta_falcons,Mercedes-Benz Stadium,Atlanta,GA,33.755,-84.4008,Indoor,Turf,1050,2017,green_bay_packers
30,Jason Sanders,1.0,1.0,100.0,33,0.0,0.0,1.0,0.0,0.0,0,0,1,3.0,3.0,45.6%,22.8,13,2020,7,K,ACT,0,195,8,New Mexico,MIA,miami_dolphins,miami_dolphins,Hard Rock Stadium,Miami Gardens,FL,25.958,-80.238,Outdoor,Grass,7,1987,kansas_city_chiefs
26,Cairo Santos,0.0,0.0,0.0,0,0.0,0.0,0.0,0.0,0.0,1,1,1,1.0,1.0,15.5%,0.7,14,2020,8,K,ACT,0,175,12,Tulane,CHI,chicago_bears,chicago_bears,Soldier Field,Chicago,IL,41.8623,-87.6167,Outdoor,Grass,595,1924,
22,Joey Slye,1.0,2.0,50.0,50,0.0,0.0,0.0,0.0,1.0,2,2,1,7.0,7.0,2.2%,15.8,15,2020,6,K,ACT,0,213,7,Virginia Tech,TEN,tennessee_titans,tennessee_titans,Nissan Stadium,Nashville,TN,36.1665,-86.7713,Outdoor,Grass,476,1999,green_bay_packers
29,Will Reichard,0.0,0.0,0.0,0,0.0,0.0,0.0,0.0,0.0,4,4,1,4.0,4.0,12.6%,2.8,1,2020,16,K,ACT,0,187,2,Alabama,MIN,minnesota_vikings,minnesota_vikings,U.S. Bank Stadium,Minneapolis,MN,44.974,-93.2581,Indoor,Turf,840,2016,green_bay_packers
29,Eddy Pineiro,0.0,0.0,0.0,0,0.0,0.0,0.0,0.0,0.0,1,1,1,1.0,1.0,1.1%,0.7,7,2020,4,K,ACT,72,185,6,Florida,CAR,carolina_panthers,carolina_panthers,Bank of America Stadium,Charlotte,NC,35.2258,-80.8528,Outdoor,Grass,748,1996,atlanta_falcons
16,Riley Patterson,1.0,2.0,50.0,39,0.0,0.0,1.0,0.0,0.0,3,3,1,6.0,6.0,1.0%,15.1,17,2020,10,K,ACT,71,195,4,Memphis,CLE,cleveland_browns,cleveland_browns,FirstEnergy Stadium,Cleveland,OH,41.5061,-81.6995,Outdoor,Grass,577,1999,kansas_city_chiefs
23,Jake Elliott,2.0,2.0,100.0,29,0.0,2.0,0.0,0.0,0.0,1,1,1,7.0,7.0,60.8%,26.5,2,2020,4,K,ACT,0,167,9,Memphis,PHI,philadelphia_eagles,philadelphia_eagles,Lincoln Financial Field,Philadelphia,PA,39.9008,-75.1675,Outdoor,Grass,30,2003,los_angeles_rams
9,Jason Myers,3.0,3.0,100.0,44,0.0,0.0,2.0,1.0,0.0,2,2,1,12.0,12.0,9.1%,30.5,2,2020,5,K,ACT,0,190,11,Marist,SEA,seattle_seahawks,seattle_seahawks,Lumen Field,Seattle,WA,47.5952,-122.3316,Outdoor,Turf,20,2002,
10,Younghoe Koo,2.0,2.0,100.0,51,0.0,0.0,0.0,1.0,1.0,0,0,1,9.0,9.0,21.9%,27.7,11,2020,6,K,ACT,0,195,8,Georgia Southern,ATL,atlanta_falcons,atlanta_falcons,Mercedes-Benz Stadium,Atlanta,GA,33.755,-84.4008,Indoor,Turf,1050,2017,
11,Brandon Mcmanus,1.0,1.0,100.0,32,0.0,0.0,1.0,0.0,0.0,4,4,1,7.0,7.0,7.8%,25.6,14,2020,17,K,ACT,0,201,12,Temple,GB,green_bay_packers,green_bay_packers,Lambeau Field,Green Bay,WI,44.5013,-88.0622,Outdoor,Grass,640,1957,
22,Cairo Santos,0.0,1.0,0.0,0,0.0,0.0,0.0,0.0,0.0,5,5,1,5.0,5.0,15.5%,3.7,6,2020,8,K,ACT,0,175,12,Tulane,CHI,chicago_bears,chicago_bears,Soldier Field,Chicago,IL,41.8623,-87.6167,Outdoor,Grass,595,1924,
18,Tyler Bass,2.0,2.0,100.0,38,0.0,0.0,2.0,0.0,0.0,2,2,1,8.0,8.0,60.9%,27.0,5,2020,2,K,ACT,0,183,6,Georgia Southern,BUF,buffalo_bills,buffalo_bills,Highmark Stadium,Orchard Park,NY,42.7738,-78.7868,Outdoor,Grass,600,1973,tennessee_titans
11,Greg Joseph,3.0,3.0,100.0,38,0.0,1.0,2.0,0.0,0.0,2,2,1,11.0,11.0,0.7%,29.9,5,2020,40,K,ACT,0,206,5,Florida Atlantic,SF,san_francisco_49ers,san_francisco_49ers,Levi's Stadium,Santa Clara,CA,37.403,-121.9692,Outdoor,Grass,13,2014,miami_dolphins
14,Jason Myers,2.0,2.0,100.0,48,0.0,0.0,0.0,2.0,0.0,1,1,1,9.0,9.0,9.1%,27.7,15,2020,5,K,ACT,0,190,11,Marist,SEA,seattle_seahawks,seattle_seahawks,Lumen Field,Seattle,WA,47.5952,-122.3316,Outdoor,Turf,20,2002,
9,Blake Grupe,2.0,2.0,100.0,51,0.0,0.0,0.0,1.0,1.0,1,1,1,10.0,10.0,3.2%,28.4,15,2020,19,K,ACT,0,156,3,Notre Dame,NO,new_orleans_saints,new_orleans_saints,Caesars Superdome,New Orleans,LA,29.9509,-90.0815,Indoor,Turf,3,1975,
1,Younghoe Koo,3.0,5.0,60.0,54,0.0,0.0,0.0,1.0,2.0,3,3,1,17.0,17.0,21.9%,26.4,5,2020,6,K,ACT,0,195,8,Georgia Southern,ATL,atlanta_falcons,atlanta_falcons,Mercedes-Benz Stadium,Atlanta,GA,33.755,-84.4008,Indoor,Turf,1050,2017,carolina_panthers
26,Anders Carlson,1.0,2.0,50.0,21,0.0,1.0,0.0,0.0,0.0,0,1,1,3.0,3.0,1.0%,13.1,16,2020,17,K,ACT,77,215,2,Auburn,GB,green_bay_packers,green_bay_packers,Lambeau Field,Green Bay,WI,44.5013,-88.0622,Outdoor,Grass,640,1957,
24,Nick Folk,1.0,1.0,100.0,41,0.0,0.0,0.0,1.0,0.0,2,2,1,6.0,6.0,1.0%,24.9,2,2020,6,K,ACT,73,222,17,Arizona,TEN,tennessee_titans,tennessee_titans,Nissan Stadium,Nashville,TN,36.1665,-86.7713,Outdoor,Grass,476,1999,
12,Nick Folk,2.0,2.0,100.0,25,0.0,2.0,0.0,0.0,0.0,2,2,1,8.0,8.0,1.0%,27.2,9,2020,6,K,ACT,73,222,17,Arizona,TEN,tennessee_titans,tennessee_titans,Nissan Stadium,Nashville,TN,36.1665,-86.7713,Outdoor,Grass,476,1999,indianapolis_colts
30,Brandon Aubrey,0.0,1.0,0.0,0,0.0,0.0,0.0,0.0,0.0,1,1,1,1.0,1.0,96.5%,0.9,17,2020,17,K,ACT,0,218,3,Notre Dame,DAL,dallas_cowboys,dallas_cowboys,AT&T Stadium,Arlington,TX,32.7473,-97.0945,Indoor,Turf,639,2009,
26,Jason Myers,1.0,1.0,100.0,38,0.0,0.0,1.0,0.0,0.0,1,1,1,4.0,4.0,9.1%,23.5,8,2020,5,K,ACT,0,190,11,Marist,SEA,seattle_seahawks,seattle_seahawks,Lumen Field,Seattle,WA,47.5952,-122.3316,Outdoor,Turf,20,2002,buffalo_bills
29,Daniel Carlson,0.0,0.0,0.0,0,0.0,0.0,0.0,0.0,0.0,0,0,0,0.0,0.0,15.3%,0.0,10,2020,8,K,ACT,0,215,8,Auburn,LV,las_vegas_raiders,las_vegas_raiders,Allegiant Stadium,Las Vegas,NV,36.0908,-115.183,Indoor,Turf,2001,2020,kansas_city_chiefs
10,Chase Mclaughlin,2.0,2.0,100.0,52,0.0,1.0,0.0,0.0,1.0,3,4,1,11.0,11.0,70.7%,29.2,4,2020,4,K,ACT,0,190,7,Illinois,TB,tampa_bay_buccaneers,tampa_bay_buccaneers,Raymond James Stadium,Tampa,FL,27.9759,-82.5033,Outdoor,Grass,26,1998,chicago_bears
25,Riley Patterson,0.0,0.0,0.0,0,0.0,0.0,0.0,0.0,0.0,3,3,1,3.0,3.0,1.0%,2.1,9,2020,10,K,ACT,71,195,4,Memphis,CLE,cleveland_browns,cleveland_browns,FirstEnergy Stadium,Cleveland,OH,41.5061,-81.6995,Outdoor,Grass,577,1999,
27,Blake Grupe,0.0,0.0,0.0,0,0.0,0.0,0.0,0.0,0.0,1,2,1,1.0,1.0,3.2%,0.7,5,2020,19,K,ACT,0,156,3,Notre Dame,NO,new_orleans_saints,new_orleans_saints,Caesars Superdome,New Orleans,LA,29.9509,-90.0815,Indoor,Turf,3,1975,
5,Harrison Butker,4.0,5.0,80.0,38,0.0,2.0,2.0,0.0,0.0,2,2,1,14.0,14.0,69.5%,29.0,5,2020,7,K,ACT,0,205,9,Georgia Tech,KC,kansas_city_chiefs,kansas_city_chiefs,GEHA Field at Arrowhead Stadium,Kansas City,MO,39.049,-94.4839,Outdoor,Grass,1020,1972,las_vegas_raiders
15,Jake Moody,2.0,2.0,100.0,53,0.0,0.0,0.0,1.0,1.0,0,0,1,9.0,9.0,12.5%,27.7,15,2020,4,K,ACT,0,210,3,Michigan,SF,san_francisco_49ers,san_francisco_49ers,Levi's Stadium,Santa Clara,CA,37.403,-121.9692,Outdoor,Grass,13,2014,
3,Eddy Pineiro,3.0,3.0,100.0,43,0.0,1.0,1.0,1.0,0.0,3,3,1,13.0,13.0,1.1%,31.3,3,2020,4,K,ACT,72,185,6,Florida,CAR,carolina_panthers,carolina_panthers,Bank of America Stadium,Charlotte,NC,35.2258,-80.8528,Outdoor,Grass,748,1996,
14,Harrison Butker,1.0,1.0,100.0,40,0.0,0.0,0.0,1.0,0.0,3,3,1,7.0,7.0,69.5%,25.6,9,2020,7,K,ACT,0,205,9,Georgia Tech,KC,kansas_city_chiefs,kansas_city_chiefs,GEHA Field at Arrowhead Stadium,Kansas City,MO,39.049,-94.4839,Outdoor,Grass,1020,1972,
10,Jake Moody,1.0,1.0,100.0,23,0.0,1.0,0.0,0.0,0.0,5,5,1,8.0,8.0,12.5%,26.4,14,2020,4,K,ACT,0,210,3,Michigan,SF,san_francisco_49ers,san_francisco_49ers,Levi's Stadium,Santa Clara,CA,37.403,-121.9692,Outdoor,Grass,13,2014,dallas_cowboys
8,Joey Slye,3.0,3.0,100.0,42,0.0,1.0,1.0,1.0,0.0,1,2,1,11.0,11.0,2.2%,29.9,11,2020,6,K,ACT,0,213,7,Virginia Tech,TEN,tennessee_titans,tennessee_titans,Nissan Stadium,Nashville,TN,36.1665,-86.7713,Outdoor,Grass,476,1999,
6,Chris Boswell,3.0,3.0,100.0,46,0.0,2.0,0.0,1.0,0.0,4,4,1,14.0,14.0,72.7%,32.1,7,2020,9,K,ACT,0,185,11,Rice,PIT,pittsburgh_steelers,pittsburgh_steelers,Acrisure Stadium,Pittsburgh,PA,40.4468,-80.0158,Outdoor,Grass,730,2001,
6,Ka'Imi Fairbairn,3.0,3.0,100.0,53,0.0,1.0,1.0,0.0,1.0,2,2,1,13.0,13.0,65.1%,31.3,13,2020,15,K,ACT,0,183,10,UCLA,HOU,houston_texans,houston_texans,NRG Stadium,Houston,TX,29.6847,-95.4107,Indoor,Turf,50,2002,chicago_bears
16,Dustin Hopkins,2.0,2.0,100.0,51,0.0,0.0,1.0,0.0,1.0,1,1,1,9.0,9.0,2.3%,27.7,5,2020,7,K,ACT,0,210,12,Florida State,CLE,cleveland_browns,cleveland_browns,FirstEnergy Stadium,Cleveland,OH,41.5061,-81.6995,Outdoor,Grass,577,1999,
11,Joshua Karty,2.0,2.0,100.0,37,0.0,0.0,2.0,0.0,0.0,3,3,1,9.0,9.0,12.6%,27.7,3,2020,16,K,ACT,0,208,2,Stanford,LAR,los_angeles_rams,los_angeles_rams,SoFi Stadium,Inglewood,CA,33.9535,-118.3392,Outdoor,Turf,100,2020,buffalo_bills
9,Justin Tucker,1.0,1.0,100.0,52,0.0,0.0,0.0,0.0,1.0,4,4,1,9.0,9.0,12.5%,27.0,17,2020,,,,,,,,,,,,,,,,,,,,
15,Matthew Wright,2.0,2.0,100.0,39,0.0,1.0,1.0,0.0,0.0,1,1,1,7.0,7.0,2.1%,26.4,17,2020,37,K,ACT,0,174,4,UCF,CAR,carolina_panthers,carolina_panthers,Bank of America Stadium,Charlotte,NC,35.2258,-80.8528,Outdoor,Grass,748,1996,
26,Tyler Bass,0.0,1.0,0.0,0,0.0,0.0,0.0,0.0,0.0,5,5,1,5.0,5.0,60.9%,3.7,13,2020,2,K,ACT,0,183,6,Georgia Southern,BUF,buffalo_bills,buffalo_bills,Highmark Stadium,Orchard Park,NY,42.7738,-78.7868,Outdoor,Grass,600,1973,
