Rank,Player,REC,TGT,YDS,Y/R,LG,20+,TD,ATT,FL,G,FPTS,FPTS/G,ROST,Score,week,year,Number,Position,Status,Height,Weight,Experience,College,Team,home_team_name,stadium_id,stadium_name,city,state,latitude,longitude,indoor_outdoor,surface_type,elevation,year_opened,away_team_name
28,Elijah Higgins,2.0,2,0.0,17.0,23.0,1.0,0.0,0,0,1,5.4,5.4,1.9%,9.43,9,2020,84,TE,ACT,0,234,3,Stanford,ARI,arizona_cardinals,arizona_cardinals,State Farm Stadium,Glendale,AZ,33.5275,-112.2625,Indoor,Turf,1070,2006,miami_dolphins
5,George Kittle,8.0,8,0.0,14.0,22.0,2.0,0.0,0,0,1,19.2,19.2,97.9%,20.74,17,2020,85,TE,ACT,0,250,9,Iowa,SF,san_francisco_49ers,san_francisco_49ers,Levi's Stadium,Santa Clara,CA,37.403,-121.9692,Outdoor,Grass,13,2014,
45,Luke Schoonmaker,1.0,2,0.0,8.0,8.0,0.0,0.0,0,0,1,1.8,1.8,4.6%,3.61,5,2020,86,TE,ACT,0,250,3,Michigan,DAL,dallas_cowboys,dallas_cowboys,AT&T Stadium,Arlington,TX,32.7473,-97.0945,Indoor,Turf,639,2009,
2,Mark Andrews,6.0,7,0.0,11.3,18.0,0.0,0.0,0,0,1,18.8,18.8,94.1%,18.76,10,2020,89,TE,ACT,0,250,8,Oklahoma,BAL,baltimore_ravens,baltimore_ravens,M&T Bank Stadium,Baltimore,MD,39.2779,-76.6227,Outdoor,Grass,10,1998,tennessee_titans
25,Colby Parkinson,3.0,5,0.0,7.0,9.0,0.0,0.0,0,0,1,5.1,5.1,4.5%,6.57,3,2020,84,TE,ACT,0,265,6,Stanford,LAR,los_angeles_rams,los_angeles_rams,SoFi Stadium,Inglewood,CA,33.9535,-118.3392,Outdoor,Turf,100,2020,buffalo_bills
31,David Njoku,1.0,5,0.0,9.0,9.0,0.0,0.0,0,0,1,3.9,3.9,90.5%,5.33,12,2020,85,TE,ACT,0,246,9,Miami,CLE,cleveland_browns,cleveland_browns,FirstEnergy Stadium,Cleveland,OH,41.5061,-81.6995,Outdoor,Grass,577,1999,
1,Trey Mcbride,12.0,16,0.0,10.3,34.0,1.0,0.0,0,0,1,30.3,30.3,98.4%,30.46,17,2020,85,TE,ACT,0,246,4,Colorado State,ARI,arizona_cardinals,arizona_cardinals,State Farm Stadium,Glendale,AZ,33.5275,-112.2625,Indoor,Turf,1070,2006,
4,George Kittle,6.0,6,0.0,13.7,31.0,2.0,0.0,0,0,1,20.2,20.2,97.9%,21.6,12,2020,85,TE,ACT,0,250,9,Iowa,SF,san_francisco_49ers,san_francisco_49ers,Levi's Stadium,Santa Clara,CA,37.403,-121.9692,Outdoor,Grass,13,2014,buffalo_bills
15,Nate Adkins,1.0,1,0.0,15.0,15.0,0.0,0.0,0,0,1,8.5,8.5,1.1%,10.05,15,2020,45,TE,ACT,0,252,3,South Carolina,DEN,denver_broncos,denver_broncos,Empower Field at Mile High,Denver,CO,39.7439,-105.0201,Outdoor,Turf,5280,2001,los_angeles_chargers
35,Erick All Jr.,2.0,2,0.0,16.0,28.0,1.0,0.0,0,0,1,5.2,5.2,1.4%,9.64,8,2020,83,TE,ACT,0,255,2,Iowa,CIN,cincinnati_bengals,cincinnati_bengals,Paycor Stadium,Cincinnati,OH,39.0954,-84.516,Outdoor,Turf,482,2000,
43,Pat Freiermuth,2.0,2,0.0,9.5,11.0,0.0,0.0,0,0,1,3.9,3.9,59.9%,5.96,8,2020,88,TE,ACT,0,258,5,Penn State,PIT,pittsburgh_steelers,pittsburgh_steelers,Acrisure Stadium,Pittsburgh,PA,40.4468,-80.0158,Outdoor,Grass,730,2001,
4,Kyle Pitts,3.0,3,0.0,8.7,12.0,0.0,0.0,0,0,1,11.6,11.6,52.5%,11.68,1,2020,8,TE,ACT,0,250,5,Florida,ATL,atlanta_falcons,atlanta_falcons,Mercedes-Benz Stadium,Atlanta,GA,33.755,-84.4008,Indoor,Turf,1050,2017,seattle_seahawks
6,Hunter Henry,8.0,9,0.0,11.5,32.0,1.0,0.0,0,0,1,17.2,17.2,48.2%,19.86,7,2020,85,TE,ACT,0,249,10,Arkansas,NE,new_england_patriots,new_england_patriots,Gillette Stadium,Foxborough,MA,42.0909,-71.2643,Outdoor,Turf,289,2002,san_francisco_49ers
1,George Kittle,6.0,6,0.0,25.2,33.0,4.0,0.0,0,0,1,21.1,21.1,97.9%,24.35,14,2020,85,TE,ACT,0,250,9,Iowa,SF,san_francisco_49ers,san_francisco_49ers,Levi's Stadium,Santa Clara,CA,37.403,-121.9692,Outdoor,Grass,13,2014,dallas_cowboys
29,Pat Freiermuth,2.0,3,0.0,8.0,8.0,0.0,0.0,0,0,1,3.6,3.6,59.9%,5.22,6,2020,88,TE,ACT,0,258,5,Penn State,PIT,pittsburgh_steelers,pittsburgh_steelers,Acrisure Stadium,Pittsburgh,PA,40.4468,-80.0158,Outdoor,Grass,730,2001,
1,Cade Otton,9.0,10,0.0,9.0,29.0,1.0,0.0,0,0,1,29.1,29.1,37.3%,27.87,8,2020,88,TE,ACT,0,247,4,Washington,TB,tampa_bay_buccaneers,tampa_bay_buccaneers,Raymond James Stadium,Tampa,FL,27.9759,-82.5033,Outdoor,Grass,26,1998,
31,Ja'Tavion Sanders,2.0,2,0.0,8.0,11.0,0.0,0.0,0,0,1,3.6,3.6,20.1%,5.52,4,2020,"",TE,ACT,0,252,2,Texas,CAR,carolina_panthers,carolina_panthers,Bank of America Stadium,Charlotte,NC,35.2258,-80.8528,Outdoor,Grass,748,1996,
1,Mike Gesicki,5.0,6,0.0,20.0,47.0,2.0,0.0,0,0,1,27.0,27.0,34.2%,28.55,9,2020,88,TE,ACT,0,245,8,Penn State,CIN,cincinnati_bengals,cincinnati_bengals,Paycor Stadium,Cincinnati,OH,39.0954,-84.516,Outdoor,Turf,482,2000,pittsburgh_steelers
38,Tucker Fisk,1.0,1,0.0,7.0,7.0,0.0,0.0,0,0,1,1.7,1.7,1.0%,3.29,12,2020,42,TE,ACT,0,285,2,Stanford,LAC,los_angeles_chargers,los_angeles_chargers,SoFi Stadium,Inglewood,CA,33.9535,-118.3392,Outdoor,Turf,100,2020,new_england_patriots
46,Ian Thomas,1.0,1,0.0,3.0,3.0,0.0,0.0,0,0,1,1.3,1.3,0.1%,2.01,10,2020,80,TE,ACT,0,260,8,Indiana,LV,las_vegas_raiders,las_vegas_raiders,Allegiant Stadium,Las Vegas,NV,36.0908,-115.183,Indoor,Turf,2001,2020,kansas_city_chiefs
44,Nate Adkins,1.0,1,0.0,8.0,8.0,0.0,0.0,0,0,1,1.8,1.8,1.1%,3.61,5,2020,45,TE,ACT,0,252,3,South Carolina,DEN,denver_broncos,denver_broncos,Empower Field at Mile High,Denver,CO,39.7439,-105.0201,Outdoor,Turf,5280,2001,
12,Evan Engram,5.0,10,0.0,9.0,24.0,1.0,0.0,0,0,1,11.5,11.5,88.1%,13.65,9,2020,1,TE,ACT,0,240,9,Mississippi,DEN,denver_broncos,denver_broncos,Empower Field at Mile High,Denver,CO,39.7439,-105.0201,Outdoor,Turf,5280,2001,las_vegas_raiders
25,Juwan Johnson,3.0,4,0.0,16.0,22.0,1.0,0.0,0,0,1,7.8,7.8,18.0%,11.21,8,2020,83,TE,ACT,0,231,6,Oregon,NO,new_orleans_saints,new_orleans_saints,Caesars Superdome,New Orleans,LA,29.9509,-90.0815,Indoor,Turf,3,1975,
22,Darnell Washington,4.0,4,0.0,9.0,18.0,0.0,0.0,0,0,1,7.6,7.6,3.0%,9.87,7,2020,80,TE,ACT,0,265,3,Georgia,PIT,pittsburgh_steelers,pittsburgh_steelers,Acrisure Stadium,Pittsburgh,PA,40.4468,-80.0158,Outdoor,Grass,730,2001,
33,Josh Whyle,2.0,2,0.0,16.5,33.0,1.0,0.0,0,0,1,5.3,5.3,0.7%,10.28,8,2020,81,TE,ACT,0,248,3,Cincinnati,TEN,tennessee_titans,tennessee_titans,Nissan Stadium,Nashville,TN,36.1665,-86.7713,Outdoor,Grass,476,1999,
40,Kyle Pitts,1.0,1,0.0,11.0,11.0,0.0,0.0,0,0,1,2.1,2.1,52.5%,4.57,9,2020,8,TE,ACT,0,250,5,Florida,ATL,atlanta_falcons,atlanta_falcons,Mercedes-Benz Stadium,Atlanta,GA,33.755,-84.4008,Indoor,Turf,1050,2017,
42,Quintin Morris,1.0,1,0.0,14.0,14.0,0.0,0.0,0,0,1,2.4,2.4,0.0%,5.53,13,2020,45,TE,ACT,0,252,4,Bowling Green,JAX,jacksonville_jaguars,jacksonville_jaguars,TIAA Bank Field,Jacksonville,FL,30.3239,-81.6373,Outdoor,Grass,16,1995,tennessee_titans
27,Dalton Kincaid,2.0,5,0.0,12.0,12.0,0.0,0.0,0,0,1,4.4,4.4,81.2%,6.78,10,2020,86,TE,ACT,0,240,3,Utah,BUF,buffalo_bills,buffalo_bills,Highmark Stadium,Orchard Park,NY,42.7738,-78.7868,Outdoor,Grass,600,1973,
5,Brock Bowers,9.0,10,0.0,7.9,18.0,0.0,0.0,0,0,1,16.1,16.1,98.8%,17.4,6,2020,89,TE,ACT,0,230,2,Georgia,LV,las_vegas_raiders,las_vegas_raiders,Allegiant Stadium,Las Vegas,NV,36.0908,-115.183,Indoor,Turf,2001,2020,
12,Ja'Tavion Sanders,6.0,6,0.0,10.2,29.0,1.0,0.0,0,0,1,12.1,12.1,20.1%,15.1,7,2020,"",TE,ACT,0,252,2,Texas,CAR,carolina_panthers,carolina_panthers,Bank of America Stadium,Charlotte,NC,35.2258,-80.8528,Outdoor,Grass,748,1996,atlanta_falcons
16,Cole Kmet,2.0,2,0.0,4.5,8.0,0.0,0.0,0,0,1,8.9,8.9,26.4%,8.41,16,2020,85,TE,ACT,0,260,6,Notre Dame,CHI,chicago_bears,chicago_bears,Soldier Field,Chicago,IL,41.8623,-87.6167,Outdoor,Grass,595,1924,green_bay_packers
14,Brock Wright,4.0,5,0.0,8.5,11.0,0.0,0.0,0,0,1,7.4,7.4,1.0%,8.96,3,2020,89,TE,ACT,0,254,5,Notre Dame,DET,detroit_lions,detroit_lions,Ford Field,Detroit,MI,42.34,-83.0456,Indoor,Turf,600,2002,
6,Chig Okonkwo,2.0,2,0.0,7.5,17.0,0.0,0.0,0,0,1,9.5,9.5,25.3%,10.18,1,2020,85,TE,ACT,0,238,4,Maryland,TEN,tennessee_titans,tennessee_titans,Nissan Stadium,Nashville,TN,36.1665,-86.7713,Outdoor,Grass,476,1999,
9,Luke Schoonmaker,3.0,4,0.0,18.3,24.0,2.0,0.0,0,0,1,14.5,14.5,4.6%,16.55,12,2020,86,TE,ACT,0,250,3,Michigan,DAL,dallas_cowboys,dallas_cowboys,AT&T Stadium,Arlington,TX,32.7473,-97.0945,Indoor,Turf,639,2009,baltimore_ravens
26,Luke Schoonmaker,2.0,2,0.0,11.0,14.0,0.0,0.0,0,0,1,4.2,4.2,4.6%,6.69,14,2020,86,TE,ACT,0,250,3,Michigan,DAL,dallas_cowboys,dallas_cowboys,AT&T Stadium,Arlington,TX,32.7473,-97.0945,Indoor,Turf,639,2009,
42,Austin Hooper,1.0,1,0.0,8.0,8.0,0.0,0.0,0,0,1,1.8,1.8,3.5%,3.61,9,2020,81,TE,ACT,0,254,10,Stanford,NE,new_england_patriots,new_england_patriots,Gillette Stadium,Foxborough,MA,42.0909,-71.2643,Outdoor,Turf,289,2002,
3,Travis Kelce,10.0,12,0.0,9.0,25.0,1.0,0.0,0,0,1,25.0,25.0,95.2%,24.95,8,2020,87,TE,ACT,0,250,13,Cincinnati,KC,kansas_city_chiefs,kansas_city_chiefs,GEHA Field at Arrowhead Stadium,Kansas City,MO,39.049,-94.4839,Outdoor,Grass,1020,1972,
17,Chig Okonkwo,4.0,4,0.0,12.5,26.0,1.0,0.0,0,0,1,9.0,9.0,25.3%,12.27,7,2020,85,TE,ACT,0,238,4,Maryland,TEN,tennessee_titans,tennessee_titans,Nissan Stadium,Nashville,TN,36.1665,-86.7713,Outdoor,Grass,476,1999,cincinnati_bengals
24,Pat Freiermuth,2.0,3,0.0,25.5,30.0,2.0,0.0,0,0,1,7.1,7.1,59.9%,12.7,7,2020,88,TE,ACT,0,258,5,Penn State,PIT,pittsburgh_steelers,pittsburgh_steelers,Acrisure Stadium,Pittsburgh,PA,40.4468,-80.0158,Outdoor,Grass,730,2001,
29,Dalton Schultz,3.0,6,0.0,7.0,8.0,0.0,0.0,0,0,1,5.1,5.1,23.3%,6.47,9,2020,86,TE,ACT,0,242,8,Stanford,HOU,houston_texans,houston_texans,NRG Stadium,Houston,TX,29.6847,-95.4107,Indoor,Turf,50,2002,cleveland_browns
13,Tucker Kraft,3.0,4,2.0,21.0,30.0,2.0,0.0,1,0,1,9.5,9.5,84.9%,14.55,16,2020,85,TE,ACT,0,259,3,South Dakota State,GB,green_bay_packers,green_bay_packers,Lambeau Field,Green Bay,WI,44.5013,-88.0622,Outdoor,Grass,640,1957,
35,Luke Farrell,2.0,2,0.0,8.5,11.0,0.0,0.0,0,0,1,3.7,3.7,0.1%,5.67,5,2020,89,TE,ACT,0,250,5,Ohio State,SF,san_francisco_49ers,san_francisco_49ers,Levi's Stadium,Santa Clara,CA,37.403,-121.9692,Outdoor,Grass,13,2014,miami_dolphins
30,T.J. Hockenson,2.0,5,0.0,13.5,19.0,0.0,0.0,0,0,1,4.7,4.7,94.4%,7.92,16,2020,87,TE,ACT,0,248,7,Iowa,MIN,minnesota_vikings,minnesota_vikings,U.S. Bank Stadium,Minneapolis,MN,44.974,-93.2581,Indoor,Turf,840,2016,
41,Peyton Hendershot,1.0,1,0.0,11.0,11.0,0.0,0.0,0,0,1,2.1,2.1,0.0%,4.57,11,2020,89,TE,ACT,76,254,3,Indiana,DAL,dallas_cowboys,dallas_cowboys,AT&T Stadium,Arlington,TX,32.7473,-97.0945,Indoor,Turf,639,2009,washington_commanders
31,Elijah Higgins,2.0,2,0.0,6.0,7.0,0.0,0.0,0,0,1,3.2,3.2,1.9%,4.54,1,2020,84,TE,ACT,0,234,3,Stanford,ARI,arizona_cardinals,arizona_cardinals,State Farm Stadium,Glendale,AZ,33.5275,-112.2625,Indoor,Turf,1070,2006,
26,Julian Hill,2.0,3,0.0,14.0,17.0,0.0,0.0,0,0,1,4.8,4.8,0.6%,7.86,11,2020,89,TE,ACT,0,251,3,Campbell University,MIA,miami_dolphins,miami_dolphins,Hard Rock Stadium,Miami Gardens,FL,25.958,-80.238,Outdoor,Grass,7,1987,
8,Tucker Kraft,3.0,5,0.0,13.7,21.0,1.0,0.0,0,0,1,13.1,13.1,84.9%,14.48,14,2020,85,TE,ACT,0,259,3,South Dakota State,GB,green_bay_packers,green_bay_packers,Lambeau Field,Green Bay,WI,44.5013,-88.0622,Outdoor,Grass,640,1957,
3,Travis Kelce,8.0,11,0.0,10.5,20.0,1.0,0.0,0,0,1,22.4,22.4,95.2%,22.15,17,2020,87,TE,ACT,0,250,13,Cincinnati,KC,kansas_city_chiefs,kansas_city_chiefs,GEHA Field at Arrowhead Stadium,Kansas City,MO,39.049,-94.4839,Outdoor,Grass,1020,1972,tampa_bay_buccaneers
42,Johnny Mundt,1.0,1,0.0,7.0,7.0,0.0,0.0,0,0,1,1.7,1.7,0.1%,3.29,17,2020,81,TE,ACT,0,243,8,Oregon,JAX,jacksonville_jaguars,jacksonville_jaguars,TIAA Bank Field,Jacksonville,FL,30.3239,-81.6373,Outdoor,Grass,16,1995,
12,Travis Kelce,5.0,6,0.0,9.0,13.0,0.0,0.0,0,0,1,9.5,9.5,95.2%,11.05,14,2020,87,TE,ACT,0,250,13,Cincinnati,KC,kansas_city_chiefs,kansas_city_chiefs,GEHA Field at Arrowhead Stadium,Kansas City,MO,39.049,-94.4839,Outdoor,Grass,1020,1972,
17,David Njoku,5.0,7,0.0,6.2,14.0,0.0,0.0,0,0,1,8.1,8.1,90.5%,9.75,6,2020,85,TE,ACT,0,246,9,Miami,CLE,cleveland_browns,cleveland_browns,FirstEnergy Stadium,Cleveland,OH,41.5061,-81.6995,Outdoor,Grass,577,1999,pittsburgh_steelers
18,Brock Bowers,5.0,5,0.0,11.6,19.0,0.0,0.0,0,0,1,10.8,10.8,98.8%,12.95,8,2020,89,TE,ACT,0,230,2,Georgia,LV,las_vegas_raiders,las_vegas_raiders,Allegiant Stadium,Las Vegas,NV,36.0908,-115.183,Indoor,Turf,2001,2020,
20,Jonnu Smith,3.0,4,0.0,15.0,33.0,1.0,0.0,0,0,1,7.5,7.5,90.7%,11.95,10,2020,9,TE,ACT,0,248,9,Florida International,MIA,miami_dolphins,miami_dolphins,Hard Rock Stadium,Miami Gardens,FL,25.958,-80.238,Outdoor,Grass,7,1987,denver_broncos
50,Daniel Bellinger,1.0,2,0.0,5.0,5.0,0.0,0.0,0,0,1,1.5,1.5,2.7%,2.65,16,2020,82,TE,ACT,0,255,4,San Diego State,NYG,new_york_giants,new_york_giants,MetLife Stadium,East Rutherford,NJ,40.8136,-74.0744,Outdoor,Turf,3,2010,
24,Josh Whyle,2.0,2,0.0,15.5,23.0,1.0,0.0,0,0,1,5.1,5.1,0.7%,8.99,14,2020,81,TE,ACT,0,248,3,Cincinnati,TEN,tennessee_titans,tennessee_titans,Nissan Stadium,Nashville,TN,36.1665,-86.7713,Outdoor,Grass,476,1999,
28,Adam Trautman,1.0,1,0.0,34.0,34.0,1.0,0.0,0,0,1,4.4,4.4,0.7%,12.03,10,2020,82,TE,ACT,0,253,6,Dayton,DEN,denver_broncos,denver_broncos,Empower Field at Mile High,Denver,CO,39.7439,-105.0201,Outdoor,Turf,5280,2001,
20,Tommy Tremble,3.0,4,0.0,7.7,12.0,0.0,0.0,0,0,1,5.3,5.3,1.7%,7.12,2,2020,82,TE,ACT,0,250,5,Notre Dame,CAR,carolina_panthers,carolina_panthers,Bank of America Stadium,Charlotte,NC,35.2258,-80.8528,Outdoor,Grass,748,1996,tampa_bay_buccaneers
17,Kenny Yeboah,1.0,1,0.0,11.0,11.0,0.0,0.0,0,0,1,8.1,8.1,0.0%,8.77,11,2020,88,TE,ACT,0,250,5,Mississippi,DET,detroit_lions,detroit_lions,Ford Field,Detroit,MI,42.34,-83.0456,Indoor,Turf,600,2002,houston_texans
7,Jonnu Smith,3.0,4,0.0,14.7,20.0,1.0,0.0,0,0,1,13.4,13.4,90.7%,14.74,14,2020,9,TE,ACT,0,248,9,Florida International,MIA,miami_dolphins,miami_dolphins,Hard Rock Stadium,Miami Gardens,FL,25.958,-80.238,Outdoor,Grass,7,1987,
10,Isaiah Likely,3.0,3,0.0,9.7,19.0,0.0,0.0,0,0,1,11.9,11.9,50.4%,12.74,16,2020,80,TE,ACT,0,247,4,Coastal Carolina,BAL,baltimore_ravens,baltimore_ravens,M&T Bank Stadium,Baltimore,MD,39.2779,-76.6227,Outdoor,Grass,10,1998,
27,Lucas Krull,3.0,3,0.0,7.0,10.0,0.0,0.0,0,0,1,5.1,5.1,1.0%,6.67,16,2020,85,TE,ACT,0,260,3,Pittsburgh,DEN,denver_broncos,denver_broncos,Empower Field at Mile High,Denver,CO,39.7439,-105.0201,Outdoor,Turf,5280,2001,las_vegas_raiders
36,Noah Fant,3.0,4,0.0,7.3,14.0,0.0,0.0,0,0,1,5.2,5.2,17.3%,7.18,8,2020,87,TE,ACT,0,249,7,Iowa,SEA,seattle_seahawks,seattle_seahawks,Lumen Field,Seattle,WA,47.5952,-122.3316,Outdoor,Turf,20,2002,buffalo_bills
21,Brock Wright,1.0,1,0.0,5.0,5.0,0.0,0.0,0,0,1,7.5,7.5,1.0%,6.85,11,2020,89,TE,ACT,0,254,5,Notre Dame,DET,detroit_lions,detroit_lions,Ford Field,Detroit,MI,42.34,-83.0456,Indoor,Turf,600,2002,houston_texans
6,Noah Gray,4.0,5,0.0,5.8,14.0,0.0,0.0,0,0,1,18.3,18.3,15.6%,16.48,11,2020,83,TE,ACT,0,240,5,Duke,KC,kansas_city_chiefs,kansas_city_chiefs,GEHA Field at Arrowhead Stadium,Kansas City,MO,39.049,-94.4839,Outdoor,Grass,1020,1972,
7,Dalton Schultz,5.0,7,0.0,12.2,22.0,1.0,0.0,0,0,1,17.1,17.1,23.3%,17.85,13,2020,86,TE,ACT,0,242,8,Stanford,HOU,houston_texans,houston_texans,NRG Stadium,Houston,TX,29.6847,-95.4107,Indoor,Turf,50,2002,chicago_bears
10,Kyle Pitts,7.0,9,0.0,9.3,13.0,0.0,0.0,0,0,1,13.5,13.5,52.5%,14.6,7,2020,8,TE,ACT,0,250,5,Florida,ATL,atlanta_falcons,atlanta_falcons,Mercedes-Benz Stadium,Atlanta,GA,33.755,-84.4008,Indoor,Turf,1050,2017,
44,Davis Allen,1.0,3,0.0,5.0,5.0,0.0,0.0,0,0,1,1.5,1.5,0.6%,2.65,9,2020,87,TE,ACT,0,251,3,Clemson,LAR,los_angeles_rams,los_angeles_rams,SoFi Stadium,Inglewood,CA,33.9535,-118.3392,Outdoor,Turf,100,2020,
40,Jeremy Ruckert,2.0,2,0.0,5.0,9.0,0.0,0.0,0,0,1,3.0,3.0,1.9%,4.45,4,2020,89,TE,ACT,0,250,4,Ohio State,NYJ,new_york_jets,new_york_jets,MetLife Stadium,East Rutherford,NJ,40.8136,-74.0744,Outdoor,Turf,3,2010,denver_broncos
23,Aj Barner,2.0,2,0.0,7.0,12.0,0.0,0.0,0,0,1,9.4,9.4,4.5%,9.53,13,2020,88,TE,ACT,0,251,2,Michigan,SEA,seattle_seahawks,seattle_seahawks,Lumen Field,Seattle,WA,47.5952,-122.3316,Outdoor,Turf,20,2002,
19,Noah Fant,4.0,5,0.0,10.8,15.0,0.0,0.0,0,0,1,8.3,8.3,17.3%,10.33,17,2020,87,TE,ACT,0,249,7,Iowa,SEA,seattle_seahawks,seattle_seahawks,Lumen Field,Seattle,WA,47.5952,-122.3316,Outdoor,Turf,20,2002,los_angeles_rams
42,Kyle Pitts,1.0,3,0.0,9.0,9.0,0.0,0.0,0,0,1,1.9,1.9,52.5%,3.93,11,2020,8,TE,ACT,0,250,5,Florida,ATL,atlanta_falcons,atlanta_falcons,Mercedes-Benz Stadium,Atlanta,GA,33.755,-84.4008,Indoor,Turf,1050,2017,
33,Nate Adkins,2.0,2,0.0,9.0,13.0,0.0,0.0,0,0,1,3.8,3.8,1.1%,6.01,16,2020,45,TE,ACT,0,252,3,South Carolina,DEN,denver_broncos,denver_broncos,Empower Field at Mile High,Denver,CO,39.7439,-105.0201,Outdoor,Turf,5280,2001,las_vegas_raiders
7,Hunter Henry,4.0,8,0.0,9.8,12.0,0.0,0.0,0,0,1,13.9,13.9,48.2%,13.8,16,2020,85,TE,ACT,0,249,10,Arkansas,NE,new_england_patriots,new_england_patriots,Gillette Stadium,Foxborough,MA,42.0909,-71.2643,Outdoor,Turf,289,2002,
6,Kyle Pitts,7.0,8,0.0,12.6,32.0,1.0,0.0,0,0,1,15.8,15.8,52.5%,18.7,5,2020,8,TE,ACT,0,250,5,Florida,ATL,atlanta_falcons,atlanta_falcons,Mercedes-Benz Stadium,Atlanta,GA,33.755,-84.4008,Indoor,Turf,1050,2017,carolina_panthers
9,Brenton Strange,4.0,4,0.0,6.0,12.0,0.0,0.0,0,0,1,12.4,12.4,33.2%,12.18,5,2020,85,TE,ACT,0,253,3,Penn State,JAX,jacksonville_jaguars,jacksonville_jaguars,TIAA Bank Field,Jacksonville,FL,30.3239,-81.6373,Outdoor,Grass,16,1995,detroit_lions
14,Ja'Tavion Sanders,5.0,7,0.0,9.8,21.0,1.0,0.0,0,0,1,9.9,9.9,20.1%,12.35,6,2020,"",TE,ACT,0,252,2,Texas,CAR,carolina_panthers,carolina_panthers,Bank of America Stadium,Charlotte,NC,35.2258,-80.8528,Outdoor,Grass,748,1996,chicago_bears
38,Grant Calcaterra,1.0,1,0.0,11.0,11.0,0.0,0.0,0,0,1,2.1,2.1,2.8%,4.57,1,2020,81,TE,ACT,0,240,4,SMU,PHI,philadelphia_eagles,philadelphia_eagles,Lincoln Financial Field,Philadelphia,PA,39.9008,-75.1675,Outdoor,Grass,30,2003,washington_commanders
2,David Njoku,7.0,13,0.0,6.0,15.0,0.0,0.0,0,0,1,17.2,17.2,90.5%,16.89,14,2020,85,TE,ACT,0,246,9,Miami,CLE,cleveland_browns,cleveland_browns,FirstEnergy Stadium,Cleveland,OH,41.5061,-81.6995,Outdoor,Grass,577,1999,
14,Dalton Kincaid,4.0,7,0.0,13.3,29.0,1.0,0.0,0,0,1,9.3,9.3,81.2%,12.9,15,2020,86,TE,ACT,0,240,3,Utah,BUF,buffalo_bills,buffalo_bills,Highmark Stadium,Orchard Park,NY,42.7738,-78.7868,Outdoor,Grass,600,1973,
30,Drew Sample,2.0,2,0.0,6.5,12.0,0.0,0.0,0,0,1,3.3,3.3,0.6%,5.18,14,2020,89,TE,ACT,0,260,7,Washington,CIN,cincinnati_bengals,cincinnati_bengals,Paycor Stadium,Cincinnati,OH,39.0954,-84.516,Outdoor,Turf,482,2000,
15,Jonnu Smith,5.0,6,0.0,9.2,15.0,0.0,0.0,0,0,1,9.6,9.6,90.7%,11.35,9,2020,9,TE,ACT,0,248,9,Florida International,MIA,miami_dolphins,miami_dolphins,Hard Rock Stadium,Miami Gardens,FL,25.958,-80.238,Outdoor,Grass,7,1987,
18,Mo Alie-Cox,4.0,4,0.0,10.3,22.0,1.0,0.0,0,0,1,8.1,8.1,0.6%,10.92,6,2020,81,TE,ACT,0,267,8,Virginia Commonwealth Univ.,IND,indianapolis_colts,indianapolis_colts,Lucas Oil Stadium,Indianapolis,IN,39.7601,-86.1639,Indoor,Turf,700,2008,
17,Kylen Granson,3.0,4,0.0,15.7,18.0,0.0,0.0,0,0,1,7.7,7.7,0.9%,10.6,15,2020,83,TE,ACT,0,242,5,SMU,PHI,philadelphia_eagles,philadelphia_eagles,Lincoln Financial Field,Philadelphia,PA,39.9008,-75.1675,Outdoor,Grass,30,2003,dallas_cowboys
48,Luke Musgrave,1.0,1,0.0,6.0,6.0,0.0,0.0,0,0,1,1.6,1.6,11.0%,2.97,2,2020,88,TE,ACT,0,253,3,Oregon State,GB,green_bay_packers,green_bay_packers,Lambeau Field,Green Bay,WI,44.5013,-88.0622,Outdoor,Grass,640,1957,
41,Darnell Washington,1.0,3,0.0,6.0,6.0,0.0,0.0,0,0,1,1.6,1.6,3.0%,2.97,10,2020,80,TE,ACT,0,265,3,Georgia,PIT,pittsburgh_steelers,pittsburgh_steelers,Acrisure Stadium,Pittsburgh,PA,40.4468,-80.0158,Outdoor,Grass,730,2001,
27,Johnny Mundt,2.0,3,0.0,7.5,9.0,0.0,0.0,0,0,1,3.5,3.5,0.1%,5.18,1,2020,81,TE,ACT,0,243,8,Oregon,JAX,jacksonville_jaguars,jacksonville_jaguars,TIAA Bank Field,Jacksonville,FL,30.3239,-81.6373,Outdoor,Grass,16,1995,
33,Luke Farrell,2.0,2,0.0,8.0,9.0,0.0,0.0,0,0,1,3.6,3.6,0.1%,5.32,10,2020,89,TE,ACT,0,250,5,Ohio State,SF,san_francisco_49ers,san_francisco_49ers,Levi's Stadium,Santa Clara,CA,37.403,-121.9692,Outdoor,Grass,13,2014,
25,Brenton Strange,3.0,3,0.0,6.3,11.0,0.0,0.0,0,0,1,4.9,4.9,33.2%,6.52,4,2020,85,TE,ACT,0,253,3,Penn State,JAX,jacksonville_jaguars,jacksonville_jaguars,TIAA Bank Field,Jacksonville,FL,30.3239,-81.6373,Outdoor,Grass,16,1995,cincinnati_bengals
34,Taysom Hill,1.0,1,18.0,1.0,1.0,0.0,0.0,3,0,1,2.9,2.9,19.9%,7.13,2,2020,7,TE,ACT,0,221,9,BYU,NO,new_orleans_saints,new_orleans_saints,Caesars Superdome,New Orleans,LA,29.9509,-90.0815,Indoor,Turf,3,1975,las_vegas_raiders
31,Jake Ferguson,2.0,4,0.0,11.5,19.0,0.0,0.0,0,0,1,4.3,4.3,69.2%,7.34,15,2020,87,TE,ACT,0,244,4,Wisconsin,DAL,dallas_cowboys,dallas_cowboys,AT&T Stadium,Arlington,TX,32.7473,-97.0945,Indoor,Turf,639,2009,
7,Foster Moreau,4.0,4,0.0,9.8,19.0,0.0,0.0,0,0,1,13.9,13.9,1.4%,14.5,15,2020,87,TE,ACT,0,250,7,LSU,NO,new_orleans_saints,new_orleans_saints,Caesars Superdome,New Orleans,LA,29.9509,-90.0815,Indoor,Turf,3,1975,
31,Chig Okonkwo,3.0,6,0.0,9.0,14.0,0.0,0.0,0,0,1,5.7,5.7,25.3%,7.79,13,2020,85,TE,ACT,0,238,4,Maryland,TEN,tennessee_titans,tennessee_titans,Nissan Stadium,Nashville,TN,36.1665,-86.7713,Outdoor,Grass,476,1999,
15,Pat Freiermuth,4.0,4,0.0,14.8,22.0,1.0,0.0,0,0,1,9.9,9.9,59.9%,12.85,12,2020,88,TE,ACT,0,258,5,Penn State,PIT,pittsburgh_steelers,pittsburgh_steelers,Acrisure Stadium,Pittsburgh,PA,40.4468,-80.0158,Outdoor,Grass,730,2001,washington_commanders
46,Jared Wiley,1.0,1,0.0,7.0,7.0,0.0,0.0,0,0,1,1.7,1.7,0.9%,3.29,2,2020,12,TE,ACT,0,249,2,TCU,KC,kansas_city_chiefs,kansas_city_chiefs,GEHA Field at Arrowhead Stadium,Kansas City,MO,39.049,-94.4839,Outdoor,Grass,1020,1972,
2,Zach Ertz,6.0,7,0.0,12.0,37.0,1.0,0.0,0,0,1,25.2,25.2,48.1%,25.34,17,2020,86,TE,ACT,0,250,13,Stanford,WAS,washington_commanders,washington_commanders,FedExField,Landover,MD,38.9078,-76.8645,Outdoor,Grass,300,1997,tampa_bay_buccaneers
22,Nick Vannett,1.0,1,0.0,8.0,8.0,0.0,0.0,0,0,1,7.8,7.8,0.0%,7.81,17,2020,83,TE,ACT,78,261,9,Ohio State,TEN,tennessee_titans,tennessee_titans,Nissan Stadium,Nashville,TN,36.1665,-86.7713,Outdoor,Grass,476,1999,baltimore_ravens
50,Darnell Washington,1.0,2,0.0,5.0,5.0,0.0,0.0,0,0,1,1.5,1.5,3.0%,2.65,5,2020,80,TE,ACT,0,265,3,Georgia,PIT,pittsburgh_steelers,pittsburgh_steelers,Acrisure Stadium,Pittsburgh,PA,40.4468,-80.0158,Outdoor,Grass,730,2001,
37,Pharaoh Brown,1.0,1,0.0,17.0,17.0,0.0,0.0,0,0,1,2.7,2.7,0.1%,6.49,16,2020,85,TE,ACT,0,246,8,Oregon,MIA,miami_dolphins,miami_dolphins,Hard Rock Stadium,Miami Gardens,FL,25.958,-80.238,Outdoor,Grass,7,1987,buffalo_bills
19,Hunter Henry,5.0,6,0.0,9.0,12.0,0.0,0.0,0,0,1,9.5,9.5,48.2%,10.95,8,2020,85,TE,ACT,0,249,10,Arkansas,NE,new_england_patriots,new_england_patriots,Gillette Stadium,Foxborough,MA,42.0909,-71.2643,Outdoor,Turf,289,2002,
25,Lucas Krull,3.0,4,0.0,13.7,23.0,1.0,0.0,0,0,1,7.1,7.1,1.0%,10.47,7,2020,85,TE,ACT,0,260,3,Pittsburgh,DEN,denver_broncos,denver_broncos,Empower Field at Mile High,Denver,CO,39.7439,-105.0201,Outdoor,Turf,5280,2001,kansas_city_chiefs
11,Mike Gesicki,4.0,5,0.0,11.8,17.0,0.0,0.0,0,0,1,8.7,8.7,34.2%,10.96,3,2020,88,TE,ACT,0,245,8,Penn State,CIN,cincinnati_bengals,cincinnati_bengals,Paycor Stadium,Cincinnati,OH,39.0954,-84.516,Outdoor,Turf,482,2000,philadelphia_eagles
7,Will Dissly,8.0,11,0.0,10.1,18.0,0.0,0.0,0,0,1,16.1,16.1,7.5%,17.38,7,2020,89,TE,ACT,0,265,8,Washington,LAC,los_angeles_chargers,los_angeles_chargers,SoFi Stadium,Inglewood,CA,33.9535,-118.3392,Outdoor,Turf,100,2020,
12,George Kittle,4.0,7,0.0,15.3,33.0,1.0,0.0,0,0,1,10.1,10.1,97.9%,14.16,15,2020,85,TE,ACT,0,250,9,Iowa,SF,san_francisco_49ers,san_francisco_49ers,Levi's Stadium,Santa Clara,CA,37.403,-121.9692,Outdoor,Grass,13,2014,
4,George Kittle,6.0,7,0.0,21.3,43.0,3.0,0.0,0,0,1,24.8,24.8,97.9%,27.26,8,2020,85,TE,ACT,0,250,9,Iowa,SF,san_francisco_49ers,san_francisco_49ers,Levi's Stadium,Santa Clara,CA,37.403,-121.9692,Outdoor,Grass,13,2014,green_bay_packers
33,Jake Ferguson,3.0,5,0.0,6.0,7.0,0.0,0.0,0,1,1,2.8,2.8,69.2%,4.61,17,2020,87,TE,ACT,0,244,4,Wisconsin,DAL,dallas_cowboys,dallas_cowboys,AT&T Stadium,Arlington,TX,32.7473,-97.0945,Indoor,Turf,639,2009,
49,Hunter Long,1.0,1,0.0,18.0,18.0,0.0,0.0,0,0,1,2.8,2.8,0.1%,6.81,8,2020,84,TE,ACT,0,243,5,Boston College,JAX,jacksonville_jaguars,jacksonville_jaguars,TIAA Bank Field,Jacksonville,FL,30.3239,-81.6373,Outdoor,Grass,16,1995,houston_texans
25,Luke Schoonmaker,5.0,6,0.0,6.6,10.0,0.0,0.0,0,0,1,8.3,8.3,4.6%,9.55,13,2020,86,TE,ACT,0,250,3,Michigan,DAL,dallas_cowboys,dallas_cowboys,AT&T Stadium,Arlington,TX,32.7473,-97.0945,Indoor,Turf,639,2009,
2,Jonnu Smith,7.0,7,0.0,13.7,18.0,0.0,0.0,0,0,1,22.6,22.6,90.7%,22.12,7,2020,9,TE,ACT,0,248,9,Florida International,MIA,miami_dolphins,miami_dolphins,Hard Rock Stadium,Miami Gardens,FL,25.958,-80.238,Outdoor,Grass,7,1987,
8,Tucker Kraft,3.0,3,0.0,26.0,67.0,1.0,0.0,0,0,1,16.8,16.8,84.9%,23.51,8,2020,85,TE,ACT,0,259,3,South Dakota State,GB,green_bay_packers,green_bay_packers,Lambeau Field,Green Bay,WI,44.5013,-88.0622,Outdoor,Grass,640,1957,
10,Trey Mcbride,5.0,9,0.0,6.0,8.0,0.0,0.0,0,0,1,8.0,8.0,98.4%,9.05,1,2020,85,TE,ACT,0,246,4,Colorado State,ARI,arizona_cardinals,arizona_cardinals,State Farm Stadium,Glendale,AZ,33.5275,-112.2625,Indoor,Turf,1070,2006,
39,Drew Sample,2.0,2,0.0,4.0,6.0,0.0,0.0,0,0,1,2.8,2.8,0.6%,3.86,13,2020,89,TE,ACT,0,260,7,Washington,CIN,cincinnati_bengals,cincinnati_bengals,Paycor Stadium,Cincinnati,OH,39.0954,-84.516,Outdoor,Turf,482,2000,dallas_cowboys
33,Stone Smartt,1.0,2,0.0,31.0,31.0,1.0,0.0,0,0,1,4.1,4.1,2.9%,11.07,7,2020,84,TE,ACT,0,226,4,Old Dominion,NYJ,new_york_jets,new_york_jets,MetLife Stadium,East Rutherford,NJ,40.8136,-74.0744,Outdoor,Turf,3,2010,
14,Tucker Kraft,2.0,2,0.0,13.0,15.0,0.0,0.0,0,0,1,10.6,10.6,84.9%,11.57,12,2020,85,TE,ACT,0,259,3,South Dakota State,GB,green_bay_packers,green_bay_packers,Lambeau Field,Green Bay,WI,44.5013,-88.0622,Outdoor,Grass,640,1957,
50,Lucas Krull,1.0,1,0.0,3.0,3.0,0.0,0.0,0,0,1,1.3,1.3,1.0%,2.01,17,2020,85,TE,ACT,0,260,3,Pittsburgh,DEN,denver_broncos,denver_broncos,Empower Field at Mile High,Denver,CO,39.7439,-105.0201,Outdoor,Turf,5280,2001,
38,Austin Hooper,1.0,4,0.0,19.0,19.0,0.0,0.0,0,0,1,2.9,2.9,3.5%,7.13,3,2020,81,TE,ACT,0,254,10,Stanford,NE,new_england_patriots,new_england_patriots,Gillette Stadium,Foxborough,MA,42.0909,-71.2643,Outdoor,Turf,289,2002,
8,Sam Laporta,4.0,5,0.0,11.3,18.0,0.0,0.0,0,0,1,8.5,8.5,97.8%,10.84,1,2020,87,TE,ACT,0,245,3,Iowa,DET,detroit_lions,detroit_lions,Ford Field,Detroit,MI,42.34,-83.0456,Indoor,Turf,600,2002,chicago_bears
13,Drew Sample,4.0,4,0.0,3.5,5.0,0.0,0.0,0,0,1,11.4,11.4,0.6%,10.4,9,2020,89,TE,ACT,0,260,7,Washington,CIN,cincinnati_bengals,cincinnati_bengals,Paycor Stadium,Cincinnati,OH,39.0954,-84.516,Outdoor,Turf,482,2000,pittsburgh_steelers
14,Austin Hooper,4.0,5,0.0,13.8,26.0,1.0,0.0,0,0,1,9.5,9.5,3.5%,12.82,16,2020,81,TE,ACT,0,254,10,Stanford,NE,new_england_patriots,new_england_patriots,Gillette Stadium,Foxborough,MA,42.0909,-71.2643,Outdoor,Turf,289,2002,
28,Chig Okonkwo,2.0,4,0.0,9.5,12.0,0.0,0.0,0,0,1,3.9,3.9,25.3%,6.06,11,2020,85,TE,ACT,0,238,4,Maryland,TEN,tennessee_titans,tennessee_titans,Nissan Stadium,Nashville,TN,36.1665,-86.7713,Outdoor,Grass,476,1999,
42,Theo Johnson,1.0,3,0.0,13.0,13.0,0.0,0.0,0,0,1,2.3,2.3,17.6%,5.21,3,2020,84,TE,ACT,0,264,2,Penn State,NYG,new_york_giants,new_york_giants,MetLife Stadium,East Rutherford,NJ,40.8136,-74.0744,Outdoor,Turf,3,2010,san_francisco_49ers
38,Drew Ogletree,1.0,2,0.0,12.0,12.0,0.0,0.0,0,0,1,2.2,2.2,1.1%,4.89,2,2020,85,TE,ACT,77,260,3,Findlay,IND,indianapolis_colts,indianapolis_colts,Lucas Oil Stadium,Indianapolis,IN,39.7601,-86.1639,Indoor,Turf,700,2008,
45,Dawson Knox,1.0,2,0.0,5.0,5.0,0.0,0.0,0,0,1,1.5,1.5,5.6%,2.65,9,2020,88,TE,ACT,0,254,7,Mississippi,BUF,buffalo_bills,buffalo_bills,Highmark Stadium,Orchard Park,NY,42.7738,-78.7868,Outdoor,Grass,600,1973,arizona_cardinals
50,Charlie Woerner,1.0,1,0.0,13.0,13.0,0.0,0.0,0,0,1,2.3,2.3,0.1%,5.21,8,2020,89,TE,ACT,0,250,6,Georgia,ATL,atlanta_falcons,atlanta_falcons,Mercedes-Benz Stadium,Atlanta,GA,33.755,-84.4008,Indoor,Turf,1050,2017,
23,Austin Hooper,4.0,5,0.0,8.0,11.0,0.0,0.0,0,0,1,7.2,7.2,3.5%,8.74,7,2020,81,TE,ACT,0,254,10,Stanford,NE,new_england_patriots,new_england_patriots,Gillette Stadium,Foxborough,MA,42.0909,-71.2643,Outdoor,Turf,289,2002,san_francisco_49ers
10,Evan Engram,6.0,8,0.0,6.7,15.0,0.0,0.0,0,0,1,10.0,10.0,88.1%,11.6,10,2020,1,TE,ACT,0,240,9,Mississippi,DEN,denver_broncos,denver_broncos,Empower Field at Mile High,Denver,CO,39.7439,-105.0201,Outdoor,Turf,5280,2001,
47,Josh Whyle,1.0,1,0.0,6.0,6.0,0.0,0.0,0,0,1,1.6,1.6,0.7%,2.97,11,2020,81,TE,ACT,0,248,3,Cincinnati,TEN,tennessee_titans,tennessee_titans,Nissan Stadium,Nashville,TN,36.1665,-86.7713,Outdoor,Grass,476,1999,
14,Tommy Tremble,5.0,8,0.0,15.4,38.0,1.0,0.0,0,0,1,12.7,12.7,1.7%,16.85,13,2020,82,TE,ACT,0,250,5,Notre Dame,CAR,carolina_panthers,carolina_panthers,Bank of America Stadium,Charlotte,NC,35.2258,-80.8528,Outdoor,Grass,748,1996,denver_broncos
16,Cade Otton,5.0,8,0.0,7.0,15.0,0.0,0.0,0,0,1,8.5,8.5,37.3%,10.25,10,2020,88,TE,ACT,0,247,4,Washington,TB,tampa_bay_buccaneers,tampa_bay_buccaneers,Raymond James Stadium,Tampa,FL,27.9759,-82.5033,Outdoor,Grass,26,1998,
40,Tanner Hudson,2.0,3,0.0,9.0,13.0,0.0,0.0,0,1,1,1.8,1.8,1.2%,4.61,1,2020,87,TE,ACT,0,241,6,Southern Arkansas,CIN,cincinnati_bengals,cincinnati_bengals,Paycor Stadium,Cincinnati,OH,39.0954,-84.516,Outdoor,Turf,482,2000,los_angeles_chargers
51,Hayden Hurst,1.0,2,0.0,5.0,5.0,0.0,0.0,0,0,1,1.5,1.5,0.7%,2.65,2,2020,81,TE,ACT,76,250,7,South Carolina,LAC,los_angeles_chargers,los_angeles_chargers,SoFi Stadium,Inglewood,CA,33.9535,-118.3392,Outdoor,Turf,100,2020,kansas_city_chiefs
15,Ja'Tavion Sanders,2.0,2,0.0,4.0,5.0,0.0,0.0,0,0,1,8.8,8.8,20.1%,7.96,10,2020,"",TE,ACT,0,252,2,Texas,CAR,carolina_panthers,carolina_panthers,Bank of America Stadium,Charlotte,NC,35.2258,-80.8528,Outdoor,Grass,748,1996,
34,Tanner Hudson,2.0,2,0.0,6.5,9.0,0.0,0.0,0,0,1,3.3,3.3,1.2%,4.88,11,2020,87,TE,ACT,0,241,6,Southern Arkansas,CIN,cincinnati_bengals,cincinnati_bengals,Paycor Stadium,Cincinnati,OH,39.0954,-84.516,Outdoor,Turf,482,2000,new_york_giants
25,Darnell Washington,2.0,4,0.0,21.0,25.0,1.0,0.0,0,0,1,6.2,6.2,3.0%,10.79,11,2020,80,TE,ACT,0,265,3,Georgia,PIT,pittsburgh_steelers,pittsburgh_steelers,Acrisure Stadium,Pittsburgh,PA,40.4468,-80.0158,Outdoor,Grass,730,2001,
31,Tucker Kraft,2.0,4,2.0,6.5,8.0,0.0,0.0,1,0,1,3.5,3.5,84.9%,5.42,6,2020,85,TE,ACT,0,259,3,South Dakota State,GB,green_bay_packers,green_bay_packers,Lambeau Field,Green Bay,WI,44.5013,-88.0622,Outdoor,Grass,640,1957,tampa_bay_buccaneers
42,Cade Stover,2.0,3,0.0,9.5,14.0,0.0,0.0,0,0,1,3.9,3.9,4.4%,6.26,8,2020,87,TE,ACT,0,251,2,Ohio State,HOU,houston_texans,houston_texans,NRG Stadium,Houston,TX,29.6847,-95.4107,Indoor,Turf,50,2002,
36,Shane Zylstra,1.0,1,0.0,22.0,22.0,1.0,0.0,0,0,1,3.2,3.2,0.6%,8.19,11,2020,84,TE,ACT,0,244,4,Minnesota State,DET,detroit_lions,detroit_lions,Ford Field,Detroit,MI,42.34,-83.0456,Indoor,Turf,600,2002,houston_texans
9,Aj Barner,2.0,2,0.0,13.5,18.0,0.0,0.0,0,0,1,10.7,10.7,4.5%,12.01,4,2020,88,TE,ACT,0,251,2,Michigan,SEA,seattle_seahawks,seattle_seahawks,Lumen Field,Seattle,WA,47.5952,-122.3316,Outdoor,Turf,20,2002,
49,Nick Vannett,1.0,1,0.0,6.0,6.0,0.0,0.0,0,0,1,1.6,1.6,0.0%,2.97,11,2020,83,TE,ACT,78,261,9,Ohio State,TEN,tennessee_titans,tennessee_titans,Nissan Stadium,Nashville,TN,36.1665,-86.7713,Outdoor,Grass,476,1999,
9,Brenton Strange,3.0,6,0.0,21.7,30.0,2.0,0.0,0,0,1,9.5,9.5,33.2%,14.16,2,2020,85,TE,ACT,0,253,3,Penn State,JAX,jacksonville_jaguars,jacksonville_jaguars,TIAA Bank Field,Jacksonville,FL,30.3239,-81.6373,Outdoor,Grass,16,1995,tennessee_titans
44,Charlie Kolar,1.0,1,0.0,4.0,4.0,0.0,0.0,0,0,1,1.4,1.4,0.1%,2.33,10,2020,88,TE,ACT,0,267,4,Iowa State,BAL,baltimore_ravens,baltimore_ravens,M&T Bank Stadium,Baltimore,MD,39.2779,-76.6227,Outdoor,Grass,10,1998,new_england_patriots
26,Dawson Knox,2.0,2,0.0,28.0,39.0,1.0,0.0,0,0,1,7.6,7.6,5.6%,14.22,13,2020,88,TE,ACT,0,254,7,Mississippi,BUF,buffalo_bills,buffalo_bills,Highmark Stadium,Orchard Park,NY,42.7738,-78.7868,Outdoor,Grass,600,1973,
47,Tip Reiman,1.0,1,0.0,9.0,9.0,0.0,0.0,0,0,1,1.9,1.9,0.1%,3.93,13,2020,87,TE,ACT,0,271,2,Illinois,ARI,arizona_cardinals,arizona_cardinals,State Farm Stadium,Glendale,AZ,33.5275,-112.2625,Indoor,Turf,1070,2006,
9,Mark Andrews,2.0,2,0.0,12.0,13.0,0.0,0.0,0,0,1,10.4,10.4,94.1%,11.08,15,2020,89,TE,ACT,0,250,8,Oklahoma,BAL,baltimore_ravens,baltimore_ravens,M&T Bank Stadium,Baltimore,MD,39.2779,-76.6227,Outdoor,Grass,10,1998,
26,Juwan Johnson,2.0,2,0.0,20.5,25.0,1.0,0.0,0,0,1,6.1,6.1,18.0%,10.64,9,2020,83,TE,ACT,0,231,6,Oregon,NO,new_orleans_saints,new_orleans_saints,Caesars Superdome,New Orleans,LA,29.9509,-90.0815,Indoor,Turf,3,1975,
1,Dallas Goedert,10.0,11,0.0,17.0,61.0,4.0,0.0,0,0,1,27.0,27.0,80.6%,31.45,3,2020,88,TE,ACT,0,256,8,South Dakota State,PHI,philadelphia_eagles,philadelphia_eagles,Lincoln Financial Field,Philadelphia,PA,39.9008,-75.1675,Outdoor,Grass,30,2003,
44,Charlie Woerner,1.0,1,0.0,6.0,6.0,0.0,0.0,0,0,1,1.6,1.6,0.1%,2.97,17,2020,89,TE,ACT,0,250,6,Georgia,ATL,atlanta_falcons,atlanta_falcons,Mercedes-Benz Stadium,Atlanta,GA,33.755,-84.4008,Indoor,Turf,1050,2017,
37,Brenton Strange,1.0,2,0.0,11.0,11.0,0.0,0.0,0,0,1,2.1,2.1,33.2%,4.57,6,2020,85,TE,ACT,0,253,3,Penn State,JAX,jacksonville_jaguars,jacksonville_jaguars,TIAA Bank Field,Jacksonville,FL,30.3239,-81.6373,Outdoor,Grass,16,1995,
8,Theo Johnson,3.0,6,0.0,17.0,35.0,1.0,0.0,0,0,1,14.1,14.1,17.6%,17.07,9,2020,84,TE,ACT,0,264,2,Penn State,NYG,new_york_giants,new_york_giants,MetLife Stadium,East Rutherford,NJ,40.8136,-74.0744,Outdoor,Turf,3,2010,
46,Dawson Knox,1.0,3,0.0,5.0,5.0,0.0,0.0,0,0,1,1.5,1.5,5.6%,2.65,7,2020,88,TE,ACT,0,254,7,Mississippi,BUF,buffalo_bills,buffalo_bills,Highmark Stadium,Orchard Park,NY,42.7738,-78.7868,Outdoor,Grass,600,1973,
40,Michael Mayer,1.0,1,0.0,11.0,11.0,0.0,0.0,0,0,1,2.1,2.1,13.1%,4.57,2,2020,87,TE,ACT,0,265,3,Notre Dame,LV,las_vegas_raiders,las_vegas_raiders,Allegiant Stadium,Las Vegas,NV,36.0908,-115.183,Indoor,Turf,2001,2020,
34,Brevyn Spann-Ford,2.0,3,0.0,10.0,13.0,0.0,0.0,0,0,1,4.0,4.0,0.0%,6.3,5,2020,89,TE,ACT,0,270,2,Minnesota,DAL,dallas_cowboys,dallas_cowboys,AT&T Stadium,Arlington,TX,32.7473,-97.0945,Indoor,Turf,639,2009,
17,Cole Kmet,4.0,5,0.0,6.8,12.0,0.0,0.0,0,0,1,6.7,6.7,26.4%,8.31,2,2020,85,TE,ACT,0,260,6,Notre Dame,CHI,chicago_bears,chicago_bears,Soldier Field,Chicago,IL,41.8623,-87.6167,Outdoor,Grass,595,1924,
39,Ben Sinnott,1.0,1,0.0,12.0,12.0,0.0,0.0,0,0,1,2.2,2.2,15.4%,4.89,9,2020,82,TE,ACT,0,247,2,Kansas State,WAS,washington_commanders,washington_commanders,FedExField,Landover,MD,38.9078,-76.8645,Outdoor,Grass,300,1997,detroit_lions
48,Tucker Fisk,1.0,2,0.0,6.0,6.0,0.0,0.0,0,0,1,1.6,1.6,1.0%,2.97,11,2020,42,TE,ACT,0,285,2,Stanford,LAC,los_angeles_chargers,los_angeles_chargers,SoFi Stadium,Inglewood,CA,33.9535,-118.3392,Outdoor,Turf,100,2020,buffalo_bills
22,Mycole Pruitt,1.0,2,0.0,1.0,1.0,0.0,0.0,0,0,1,7.1,7.1,1.0%,5.57,16,2020,85,TE,ACT,74,245,9,Southern Illinois,PIT,pittsburgh_steelers,pittsburgh_steelers,Acrisure Stadium,Pittsburgh,PA,40.4468,-80.0158,Outdoor,Grass,730,2001,cleveland_browns
6,Brock Bowers,5.0,8,0.0,9.0,22.0,1.0,0.0,0,0,1,15.5,15.5,98.8%,16.25,9,2020,89,TE,ACT,0,230,2,Georgia,LV,las_vegas_raiders,las_vegas_raiders,Allegiant Stadium,Las Vegas,NV,36.0908,-115.183,Indoor,Turf,2001,2020,
12,Austin Hooper,2.0,2,0.0,6.5,8.0,0.0,0.0,0,0,1,9.3,9.3,3.5%,8.98,4,2020,81,TE,ACT,0,254,10,Stanford,NE,new_england_patriots,new_england_patriots,Gillette Stadium,Foxborough,MA,42.0909,-71.2643,Outdoor,Turf,289,2002,kansas_city_chiefs
30,Colby Parkinson,2.0,2,0.0,16.0,23.0,1.0,0.0,0,0,1,5.2,5.2,4.5%,9.14,7,2020,84,TE,ACT,0,265,6,Stanford,LAR,los_angeles_rams,los_angeles_rams,SoFi Stadium,Inglewood,CA,33.9535,-118.3392,Outdoor,Turf,100,2020,miami_dolphins
33,Isaiah Likely,2.0,2,0.0,8.5,11.0,0.0,0.0,0,0,1,3.7,3.7,50.4%,5.67,15,2020,80,TE,ACT,0,247,4,Coastal Carolina,BAL,baltimore_ravens,baltimore_ravens,M&T Bank Stadium,Baltimore,MD,39.2779,-76.6227,Outdoor,Grass,10,1998,
22,Grant Calcaterra,3.0,3,0.0,19.3,28.0,1.0,0.0,0,0,1,8.8,8.8,2.8%,13.0,8,2020,81,TE,ACT,0,240,4,SMU,PHI,philadelphia_eagles,philadelphia_eagles,Lincoln Financial Field,Philadelphia,PA,39.9008,-75.1675,Outdoor,Grass,30,2003,
36,Will Dissly,2.0,3,0.0,4.5,8.0,0.0,0.0,0,0,1,2.9,2.9,7.5%,4.2,9,2020,89,TE,ACT,0,265,8,Washington,LAC,los_angeles_chargers,los_angeles_chargers,SoFi Stadium,Inglewood,CA,33.9535,-118.3392,Outdoor,Turf,100,2020,miami_dolphins
32,Colby Parkinson,2.0,5,0.0,10.5,14.0,0.0,0.0,0,0,1,4.1,4.1,4.5%,6.54,15,2020,84,TE,ACT,0,265,6,Stanford,LAR,los_angeles_rams,los_angeles_rams,SoFi Stadium,Inglewood,CA,33.9535,-118.3392,Outdoor,Turf,100,2020,seattle_seahawks
15,Noah Fant,4.0,4,0.0,16.3,28.0,2.0,0.0,0,0,1,10.5,10.5,17.3%,14.2,7,2020,87,TE,ACT,0,249,7,Iowa,SEA,seattle_seahawks,seattle_seahawks,Lumen Field,Seattle,WA,47.5952,-122.3316,Outdoor,Turf,20,2002,arizona_cardinals
18,Jordan Akins,3.0,4,0.0,9.0,13.0,0.0,0.0,0,0,1,5.7,5.7,1.0%,7.69,1,2020,88,TE,ACT,76,245,7,UCF,CLE,cleveland_browns,cleveland_browns,FirstEnergy Stadium,Cleveland,OH,41.5061,-81.6995,Outdoor,Grass,577,1999,baltimore_ravens
11,Cole Kmet,7.0,10,0.0,9.1,20.0,1.0,0.0,0,0,1,13.4,13.4,26.4%,15.29,12,2020,85,TE,ACT,0,260,6,Notre Dame,CHI,chicago_bears,chicago_bears,Soldier Field,Chicago,IL,41.8623,-87.6167,Outdoor,Grass,595,1924,detroit_lions
23,Austin Hooper,4.0,5,0.0,8.0,11.0,0.0,0.0,0,0,1,7.2,7.2,3.5%,8.74,7,2020,81,TE,ACT,0,254,10,Stanford,NE,new_england_patriots,new_england_patriots,Gillette Stadium,Foxborough,MA,42.0909,-71.2643,Outdoor,Turf,289,2002,buffalo_bills
46,Ja'Tavion Sanders,1.0,1,0.0,5.0,5.0,0.0,0.0,0,0,1,1.5,1.5,20.1%,2.65,17,2020,"",TE,ACT,0,252,2,Texas,CAR,carolina_panthers,carolina_panthers,Bank of America Stadium,Charlotte,NC,35.2258,-80.8528,Outdoor,Grass,748,1996,
8,Mark Andrews,5.0,5,2.0,8.8,16.0,0.0,0.0,1,0,1,15.6,15.6,94.1%,16.09,12,2020,89,TE,ACT,0,250,8,Oklahoma,BAL,baltimore_ravens,baltimore_ravens,M&T Bank Stadium,Baltimore,MD,39.2779,-76.6227,Outdoor,Grass,10,1998,pittsburgh_steelers
19,Theo Johnson,4.0,6,0.0,9.3,13.0,0.0,0.0,0,0,1,7.7,7.7,17.6%,9.48,10,2020,84,TE,ACT,0,264,2,Penn State,NYG,new_york_giants,new_york_giants,MetLife Stadium,East Rutherford,NJ,40.8136,-74.0744,Outdoor,Turf,3,2010,
38,Zach Ertz,2.0,8,0.0,5.0,7.0,0.0,0.0,0,0,1,3.0,3.0,48.1%,4.25,5,2020,86,TE,ACT,0,250,13,Stanford,WAS,washington_commanders,washington_commanders,FedExField,Landover,MD,38.9078,-76.8645,Outdoor,Grass,300,1997,los_angeles_rams
11,Elijah Higgins,1.0,1,0.0,18.0,18.0,0.0,0.0,0,0,1,8.8,8.8,1.9%,11.01,2,2020,84,TE,ACT,0,234,3,Stanford,ARI,arizona_cardinals,arizona_cardinals,State Farm Stadium,Glendale,AZ,33.5275,-112.2625,Indoor,Turf,1070,2006,
26,Brock Wright,1.0,1,0.0,8.0,8.0,0.0,0.0,0,0,1,7.8,7.8,1.0%,7.81,8,2020,89,TE,ACT,0,254,5,Notre Dame,DET,detroit_lions,detroit_lions,Ford Field,Detroit,MI,42.34,-83.0456,Indoor,Turf,600,2002,minnesota_vikings
18,Foster Moreau,3.0,4,0.0,16.7,22.0,1.0,0.0,0,0,1,8.0,8.0,1.4%,11.46,11,2020,87,TE,ACT,0,250,7,LSU,NO,new_orleans_saints,new_orleans_saints,Caesars Superdome,New Orleans,LA,29.9509,-90.0815,Indoor,Turf,3,1975,
27,Drew Ogletree,2.0,2,0.0,12.0,22.0,1.0,0.0,0,0,1,4.4,4.4,1.1%,7.88,6,2020,85,TE,ACT,77,260,3,Findlay,IND,indianapolis_colts,indianapolis_colts,Lucas Oil Stadium,Indianapolis,IN,39.7601,-86.1639,Indoor,Turf,700,2008,
40,Zach Ertz,1.0,2,0.0,12.0,12.0,0.0,0.0,0,0,1,2.2,2.2,48.1%,4.89,16,2020,86,TE,ACT,0,250,13,Stanford,WAS,washington_commanders,washington_commanders,FedExField,Landover,MD,38.9078,-76.8645,Outdoor,Grass,300,1997,
17,Brenton Strange,5.0,5,0.0,11.8,21.0,2.0,0.0,0,0,1,10.9,10.9,33.2%,13.45,8,2020,85,TE,ACT,0,253,3,Penn State,JAX,jacksonville_jaguars,jacksonville_jaguars,TIAA Bank Field,Jacksonville,FL,30.3239,-81.6373,Outdoor,Grass,16,1995,houston_texans
15,Aj Barner,2.0,2,0.0,6.5,9.0,0.0,0.0,0,0,1,9.3,9.3,4.5%,9.09,16,2020,88,TE,ACT,0,251,2,Michigan,SEA,seattle_seahawks,seattle_seahawks,Lumen Field,Seattle,WA,47.5952,-122.3316,Outdoor,Turf,20,2002,
4,George Kittle,4.0,4,0.0,11.3,15.0,0.0,0.0,0,0,1,14.5,14.5,97.9%,14.74,4,2020,85,TE,ACT,0,250,9,Iowa,SF,san_francisco_49ers,san_francisco_49ers,Levi's Stadium,Santa Clara,CA,37.403,-121.9692,Outdoor,Grass,13,2014,philadelphia_eagles
22,Juwan Johnson,5.0,5,0.0,6.2,11.0,0.0,0.0,0,0,1,8.1,8.1,18.0%,9.45,5,2020,83,TE,ACT,0,231,6,Oregon,NO,new_orleans_saints,new_orleans_saints,Caesars Superdome,New Orleans,LA,29.9509,-90.0815,Indoor,Turf,3,1975,
26,Jake Ferguson,4.0,5,0.0,6.0,10.0,0.0,0.0,0,1,1,4.4,4.4,69.2%,6.38,10,2020,87,TE,ACT,0,244,4,Wisconsin,DAL,dallas_cowboys,dallas_cowboys,AT&T Stadium,Arlington,TX,32.7473,-97.0945,Indoor,Turf,639,2009,
32,Noah Fant,3.0,4,0.0,8.7,11.0,0.0,0.0,0,0,1,5.6,5.6,17.3%,7.37,13,2020,87,TE,ACT,0,249,7,Iowa,SEA,seattle_seahawks,seattle_seahawks,Lumen Field,Seattle,WA,47.5952,-122.3316,Outdoor,Turf,20,2002,
38,Drew Ogletree,1.0,2,0.0,22.0,22.0,1.0,0.0,0,0,1,3.2,3.2,1.1%,8.19,13,2020,85,TE,ACT,77,260,3,Findlay,IND,indianapolis_colts,indianapolis_colts,Lucas Oil Stadium,Indianapolis,IN,39.7601,-86.1639,Indoor,Turf,700,2008,
20,Mike Gesicki,3.0,4,0.0,12.3,17.0,0.0,0.0,0,0,1,6.7,6.7,34.2%,9.28,15,2020,88,TE,ACT,0,245,8,Penn State,CIN,cincinnati_bengals,cincinnati_bengals,Paycor Stadium,Cincinnati,OH,39.0954,-84.516,Outdoor,Turf,482,2000,
2,Kyle Pitts,4.0,5,0.0,22.8,49.0,2.0,0.0,0,0,1,25.1,25.1,52.5%,27.49,8,2020,8,TE,ACT,0,250,5,Florida,ATL,atlanta_falcons,atlanta_falcons,Mercedes-Benz Stadium,Atlanta,GA,33.755,-84.4008,Indoor,Turf,1050,2017,
31,Josh Whyle,2.0,2,0.0,6.5,12.0,0.0,0.0,0,0,1,3.3,3.3,0.7%,5.18,2,2020,81,TE,ACT,0,248,3,Cincinnati,TEN,tennessee_titans,tennessee_titans,Nissan Stadium,Nashville,TN,36.1665,-86.7713,Outdoor,Grass,476,1999,
48,Drew Ogletree,1.0,1,0.0,2.0,2.0,0.0,0.0,0,0,1,1.2,1.2,1.1%,1.69,10,2020,85,TE,ACT,77,260,3,Findlay,IND,indianapolis_colts,indianapolis_colts,Lucas Oil Stadium,Indianapolis,IN,39.7601,-86.1639,Indoor,Turf,700,2008,
13,Tyler Conklin,3.0,4,0.0,14.0,27.0,1.0,0.0,0,0,1,13.2,13.2,13.5%,15.19,8,2020,83,TE,ACT,0,248,8,Central Michigan,LAC,los_angeles_chargers,los_angeles_chargers,SoFi Stadium,Inglewood,CA,33.9535,-118.3392,Outdoor,Turf,100,2020,denver_broncos
23,Chig Okonkwo,3.0,4,0.0,12.7,21.0,1.0,0.0,0,0,1,6.8,6.8,25.3%,9.91,9,2020,85,TE,ACT,0,238,4,Maryland,TEN,tennessee_titans,tennessee_titans,Nissan Stadium,Nashville,TN,36.1665,-86.7713,Outdoor,Grass,476,1999,indianapolis_colts
36,Chris Manhertz,1.0,1,0.0,12.0,12.0,0.0,0.0,0,0,1,2.2,2.2,0.0%,4.89,17,2020,85,TE,ACT,0,235,10,Canisius College,NYG,new_york_giants,new_york_giants,MetLife Stadium,East Rutherford,NJ,40.8136,-74.0744,Outdoor,Turf,3,2010,
31,Will Dissly,2.0,3,0.0,10.5,14.0,0.0,0.0,0,0,1,4.1,4.1,7.5%,6.54,17,2020,89,TE,ACT,0,265,8,Washington,LAC,los_angeles_chargers,los_angeles_chargers,SoFi Stadium,Inglewood,CA,33.9535,-118.3392,Outdoor,Turf,100,2020,
39,Brenton Strange,2.0,4,0.0,11.0,13.0,0.0,0.0,0,1,1,2.2,2.2,33.2%,5.19,16,2020,85,TE,ACT,0,253,3,Penn State,JAX,jacksonville_jaguars,jacksonville_jaguars,TIAA Bank Field,Jacksonville,FL,30.3239,-81.6373,Outdoor,Grass,16,1995,indianapolis_colts
30,Cade Otton,2.0,3,0.0,12.0,13.0,0.0,0.0,0,0,1,4.4,4.4,37.3%,6.88,15,2020,88,TE,ACT,0,247,4,Washington,TB,tampa_bay_buccaneers,tampa_bay_buccaneers,Raymond James Stadium,Tampa,FL,27.9759,-82.5033,Outdoor,Grass,26,1998,
46,Tommy Tremble,2.0,3,0.0,6.5,8.0,0.0,0.0,0,0,1,3.3,3.3,1.7%,4.78,8,2020,82,TE,ACT,0,250,5,Notre Dame,CAR,carolina_panthers,carolina_panthers,Bank of America Stadium,Charlotte,NC,35.2258,-80.8528,Outdoor,Grass,748,1996,kansas_city_chiefs
5,Trey Mcbride,9.0,11,0.0,13.8,37.0,1.0,0.0,0,0,1,21.4,21.4,98.4%,24.0,8,2020,85,TE,ACT,0,246,4,Colorado State,ARI,arizona_cardinals,arizona_cardinals,State Farm Stadium,Glendale,AZ,33.5275,-112.2625,Indoor,Turf,1070,2006,
50,Dominique Dafney,0.0,0,0.0,0.0,0.0,0.0,0.0,0,0,0,0.0,0.0,0.0%,0.0,10,2020,46,TE,ACT,0,235,2,Indiana State,CAR,carolina_panthers,carolina_panthers,Bank of America Stadium,Charlotte,NC,35.2258,-80.8528,Outdoor,Grass,748,1996,
8,Pat Freiermuth,3.0,6,0.0,7.3,12.0,0.0,0.0,0,0,1,11.2,11.2,59.9%,11.18,15,2020,88,TE,ACT,0,258,5,Penn State,PIT,pittsburgh_steelers,pittsburgh_steelers,Acrisure Stadium,Pittsburgh,PA,40.4468,-80.0158,Outdoor,Grass,730,2001,
10,Ja'Tavion Sanders,4.0,5,0.0,21.8,46.0,2.0,0.0,0,0,1,12.7,12.7,20.1%,18.36,9,2020,"",TE,ACT,0,252,2,Texas,CAR,carolina_panthers,carolina_panthers,Bank of America Stadium,Charlotte,NC,35.2258,-80.8528,Outdoor,Grass,748,1996,tampa_bay_buccaneers
22,Eric Saubert,2.0,2,0.0,13.0,14.0,0.0,0.0,0,0,1,4.6,4.6,1.8%,7.27,2,2020,81,TE,ACT,0,253,8,Drake,SEA,seattle_seahawks,seattle_seahawks,Lumen Field,Seattle,WA,47.5952,-122.3316,Outdoor,Turf,20,2002,
34,Kylen Granson,2.0,2,0.0,7.5,12.0,0.0,0.0,0,0,1,3.5,3.5,0.9%,5.48,10,2020,83,TE,ACT,0,242,5,SMU,PHI,philadelphia_eagles,philadelphia_eagles,Lincoln Financial Field,Philadelphia,PA,39.9008,-75.1675,Outdoor,Grass,30,2003,cleveland_browns
11,Tucker Kraft,3.0,4,0.0,11.0,14.0,0.0,0.0,0,0,1,12.3,12.3,84.9%,12.71,7,2020,85,TE,ACT,0,259,3,South Dakota State,GB,green_bay_packers,green_bay_packers,Lambeau Field,Green Bay,WI,44.5013,-88.0622,Outdoor,Grass,640,1957,minnesota_vikings
2,Brock Bowers,13.0,16,-3.0,9.7,23.0,1.0,0.0,1,0,1,31.3,31.3,98.8%,29.56,11,2020,89,TE,ACT,0,230,2,Georgia,LV,las_vegas_raiders,las_vegas_raiders,Allegiant Stadium,Las Vegas,NV,36.0908,-115.183,Indoor,Turf,2001,2020,atlanta_falcons
33,Pat Freiermuth,2.0,2,0.0,7.0,9.0,0.0,0.0,0,0,1,3.4,3.4,59.9%,5.03,11,2020,88,TE,ACT,0,258,5,Penn State,PIT,pittsburgh_steelers,pittsburgh_steelers,Acrisure Stadium,Pittsburgh,PA,40.4468,-80.0158,Outdoor,Grass,730,2001,
34,Hunter Long,2.0,2,0.0,8.5,9.0,0.0,0.0,0,0,1,3.7,3.7,0.1%,5.47,15,2020,84,TE,ACT,0,243,5,Boston College,JAX,jacksonville_jaguars,jacksonville_jaguars,TIAA Bank Field,Jacksonville,FL,30.3239,-81.6373,Outdoor,Grass,16,1995,chicago_bears
21,Cole Kmet,3.0,4,0.0,19.0,26.0,2.0,0.0,0,0,1,8.7,8.7,26.4%,12.79,5,2020,85,TE,ACT,0,260,6,Notre Dame,CHI,chicago_bears,chicago_bears,Soldier Field,Chicago,IL,41.8623,-87.6167,Outdoor,Grass,595,1924,
13,Cade Stover,3.0,4,0.0,8.7,19.0,0.0,0.0,0,0,1,11.6,11.6,4.4%,12.38,12,2020,87,TE,ACT,0,251,2,Ohio State,HOU,houston_texans,houston_texans,NRG Stadium,Houston,TX,29.6847,-95.4107,Indoor,Turf,50,2002,indianapolis_colts
3,Travis Kelce,7.0,9,0.0,12.7,38.0,1.0,0.0,0,0,1,15.9,15.9,95.2%,19.38,4,2020,87,TE,ACT,0,250,13,Cincinnati,KC,kansas_city_chiefs,kansas_city_chiefs,GEHA Field at Arrowhead Stadium,Kansas City,MO,39.049,-94.4839,Outdoor,Grass,1020,1972,
49,Kenny Yeboah,0.0,0,0.0,0.0,0.0,0.0,0.0,0,0,0,0.0,0.0,0.0%,0.0,6,2020,88,TE,ACT,0,250,5,Mississippi,DET,detroit_lions,detroit_lions,Ford Field,Detroit,MI,42.34,-83.0456,Indoor,Turf,600,2002,
12,Isaiah Likely,4.0,5,0.0,18.8,42.0,1.0,0.0,0,1,1,9.5,9.5,50.4%,15.17,11,2020,80,TE,ACT,0,247,4,Coastal Carolina,BAL,baltimore_ravens,baltimore_ravens,M&T Bank Stadium,Baltimore,MD,39.2779,-76.6227,Outdoor,Grass,10,1998,
38,Kenny Yeboah,1.0,1,0.0,12.0,12.0,0.0,0.0,0,0,1,2.2,2.2,0.0%,4.89,9,2020,88,TE,ACT,0,250,5,Mississippi,DET,detroit_lions,detroit_lions,Ford Field,Detroit,MI,42.34,-83.0456,Indoor,Turf,600,2002,
40,Dallin Holker,1.0,1,0.0,10.0,10.0,0.0,0.0,0,0,1,2.0,2.0,1.0%,4.25,14,2020,85,TE,ACT,0,241,2,Colorado State,NO,new_orleans_saints,new_orleans_saints,Caesars Superdome,New Orleans,LA,29.9509,-90.0815,Indoor,Turf,3,1975,kansas_city_chiefs
35,Colby Parkinson,1.0,2,0.0,10.0,10.0,0.0,0.0,0,0,1,2.0,2.0,4.5%,4.25,12,2020,84,TE,ACT,0,265,6,Stanford,LAR,los_angeles_rams,los_angeles_rams,SoFi Stadium,Inglewood,CA,33.9535,-118.3392,Outdoor,Turf,100,2020,
46,Kyle Pitts,1.0,2,0.0,7.0,7.0,0.0,0.0,0,0,1,1.7,1.7,52.5%,3.29,16,2020,8,TE,ACT,0,250,5,Florida,ATL,atlanta_falcons,atlanta_falcons,Mercedes-Benz Stadium,Atlanta,GA,33.755,-84.4008,Indoor,Turf,1050,2017,tampa_bay_buccaneers
22,Taysom Hill,5.0,7,10.0,7.4,21.0,1.0,0.0,5,0,1,9.7,9.7,19.9%,14.35,13,2020,7,TE,ACT,0,221,9,BYU,NO,new_orleans_saints,new_orleans_saints,Caesars Superdome,New Orleans,LA,29.9509,-90.0815,Indoor,Turf,3,1975,philadelphia_eagles
19,Austin Hooper,3.0,3,0.0,12.7,26.0,1.0,0.0,0,0,1,6.8,6.8,3.5%,10.42,15,2020,81,TE,ACT,0,254,10,Stanford,NE,new_england_patriots,new_england_patriots,Gillette Stadium,Foxborough,MA,42.0909,-71.2643,Outdoor,Turf,289,2002,buffalo_bills
47,Ja'Tavion Sanders,1.0,1,0.0,4.0,4.0,0.0,0.0,0,0,1,1.4,1.4,20.1%,2.33,1,2020,"",TE,ACT,0,252,2,Texas,CAR,carolina_panthers,carolina_panthers,Bank of America Stadium,Charlotte,NC,35.2258,-80.8528,Outdoor,Grass,748,1996,las_vegas_raiders
32,Aj Barner,2.0,2,0.0,17.0,20.0,1.0,0.0,0,0,1,5.4,5.4,4.5%,9.13,8,2020,88,TE,ACT,0,251,2,Michigan,SEA,seattle_seahawks,seattle_seahawks,Lumen Field,Seattle,WA,47.5952,-122.3316,Outdoor,Turf,20,2002,buffalo_bills
42,Josh Whyle,1.0,1,0.0,2.0,2.0,0.0,0.0,0,0,1,1.2,1.2,0.7%,1.69,6,2020,81,TE,ACT,0,248,3,Cincinnati,TEN,tennessee_titans,tennessee_titans,Nissan Stadium,Nashville,TN,36.1665,-86.7713,Outdoor,Grass,476,1999,pittsburgh_steelers
46,Zach Ertz,1.0,1,0.0,5.0,5.0,0.0,0.0,0,0,1,1.5,1.5,48.1%,2.65,9,2020,86,TE,ACT,0,250,13,Stanford,WAS,washington_commanders,washington_commanders,FedExField,Landover,MD,38.9078,-76.8645,Outdoor,Grass,300,1997,detroit_lions
44,Lucas Krull,2.0,2,0.0,9.0,15.0,0.0,0.0,0,0,1,3.8,3.8,1.0%,6.21,8,2020,85,TE,ACT,0,260,3,Pittsburgh,DEN,denver_broncos,denver_broncos,Empower Field at Mile High,Denver,CO,39.7439,-105.0201,Outdoor,Turf,5280,2001,atlanta_falcons
35,Chig Okonkwo,2.0,2,0.0,7.5,8.0,0.0,0.0,0,0,1,3.5,3.5,25.3%,5.08,3,2020,85,TE,ACT,0,238,4,Maryland,TEN,tennessee_titans,tennessee_titans,Nissan Stadium,Nashville,TN,36.1665,-86.7713,Outdoor,Grass,476,1999,
37,Hunter Henry,2.0,3,0.0,4.5,9.0,0.0,0.0,0,0,1,2.9,2.9,48.2%,4.3,3,2020,85,TE,ACT,0,249,10,Arkansas,NE,new_england_patriots,new_england_patriots,Gillette Stadium,Foxborough,MA,42.0909,-71.2643,Outdoor,Turf,289,2002,
26,Hunter Henry,2.0,3,0.0,9.0,9.0,0.0,0.0,0,0,1,3.8,3.8,48.2%,5.61,1,2020,85,TE,ACT,0,249,10,Arkansas,NE,new_england_patriots,new_england_patriots,Gillette Stadium,Foxborough,MA,42.0909,-71.2643,Outdoor,Turf,289,2002,
13,Austin Hooper,3.0,4,0.0,21.3,28.0,2.0,0.0,0,0,1,9.4,9.4,3.5%,13.82,10,2020,81,TE,ACT,0,254,10,Stanford,NE,new_england_patriots,new_england_patriots,Gillette Stadium,Foxborough,MA,42.0909,-71.2643,Outdoor,Turf,289,2002,houston_texans
48,Michael Mayer,1.0,3,0.0,7.0,7.0,0.0,0.0,0,0,1,1.7,1.7,13.1%,3.29,3,2020,87,TE,ACT,0,265,3,Notre Dame,LV,las_vegas_raiders,las_vegas_raiders,Allegiant Stadium,Las Vegas,NV,36.0908,-115.183,Indoor,Turf,2001,2020,new_england_patriots
45,Cade Otton,1.0,2,0.0,5.0,5.0,0.0,0.0,0,0,1,1.5,1.5,37.3%,2.65,1,2020,88,TE,ACT,0,247,4,Washington,TB,tampa_bay_buccaneers,tampa_bay_buccaneers,Raymond James Stadium,Tampa,FL,27.9759,-82.5033,Outdoor,Grass,26,1998,new_orleans_saints
29,Travis Kelce,4.0,5,0.0,4.3,7.0,0.0,0.0,0,0,1,5.7,5.7,95.2%,6.74,7,2020,87,TE,ACT,0,250,13,Cincinnati,KC,kansas_city_chiefs,kansas_city_chiefs,GEHA Field at Arrowhead Stadium,Kansas City,MO,39.049,-94.4839,Outdoor,Grass,1020,1972,
48,Durham Smythe,1.0,1,0.0,8.0,8.0,0.0,0.0,0,0,1,1.8,1.8,0.6%,3.61,13,2020,81,TE,ACT,0,248,8,Notre Dame,CHI,chicago_bears,chicago_bears,Soldier Field,Chicago,IL,41.8623,-87.6167,Outdoor,Grass,595,1924,
20,Austin Hooper,2.0,4,0.0,15.5,16.0,0.0,0.0,0,0,1,5.1,5.1,3.5%,8.2,1,2020,81,TE,ACT,0,254,10,Stanford,NE,new_england_patriots,new_england_patriots,Gillette Stadium,Foxborough,MA,42.0909,-71.2643,Outdoor,Turf,289,2002,
30,Mo Alie-Cox,2.0,3,0.0,8.5,12.0,0.0,0.0,0,0,1,3.7,3.7,0.6%,5.76,11,2020,81,TE,ACT,0,267,8,Virginia Commonwealth Univ.,IND,indianapolis_colts,indianapolis_colts,Lucas Oil Stadium,Indianapolis,IN,39.7601,-86.1639,Indoor,Turf,700,2008,tennessee_titans
2,David Njoku,9.0,17,0.0,5.8,13.0,0.0,0.0,0,0,1,26.2,26.2,90.5%,23.66,13,2020,85,TE,ACT,0,246,9,Miami,CLE,cleveland_browns,cleveland_browns,FirstEnergy Stadium,Cleveland,OH,41.5061,-81.6995,Outdoor,Grass,577,1999,baltimore_ravens
24,Tommy Tremble,3.0,3,0.0,10.7,15.0,0.0,0.0,0,0,1,6.2,6.2,1.7%,8.49,16,2020,82,TE,ACT,0,250,5,Notre Dame,CAR,carolina_panthers,carolina_panthers,Bank of America Stadium,Charlotte,NC,35.2258,-80.8528,Outdoor,Grass,748,1996,new_orleans_saints
22,Dalton Kincaid,4.0,10,0.0,8.0,15.0,0.0,0.0,0,0,1,7.2,7.2,81.2%,9.14,9,2020,86,TE,ACT,0,240,3,Utah,BUF,buffalo_bills,buffalo_bills,Highmark Stadium,Orchard Park,NY,42.7738,-78.7868,Outdoor,Grass,600,1973,arizona_cardinals
14,Pat Freiermuth,4.0,4,0.0,6.8,10.0,0.0,0.0,0,0,1,6.7,6.7,59.9%,8.11,1,2020,88,TE,ACT,0,258,5,Penn State,PIT,pittsburgh_steelers,pittsburgh_steelers,Acrisure Stadium,Pittsburgh,PA,40.4468,-80.0158,Outdoor,Grass,730,2001,
46,Tucker Fisk,1.0,1,0.0,0.0,0.0,0.0,0.0,0,0,1,1.0,1.0,1.0%,1.05,14,2020,42,TE,ACT,0,285,2,Stanford,LAC,los_angeles_chargers,los_angeles_chargers,SoFi Stadium,Inglewood,CA,33.9535,-118.3392,Outdoor,Turf,100,2020,
38,Travis Kelce,2.0,4,0.0,4.0,6.0,0.0,0.0,0,0,1,2.8,2.8,95.2%,3.86,11,2020,87,TE,ACT,0,250,13,Cincinnati,KC,kansas_city_chiefs,kansas_city_chiefs,GEHA Field at Arrowhead Stadium,Kansas City,MO,39.049,-94.4839,Outdoor,Grass,1020,1972,
27,Grant Calcaterra,2.0,2,0.0,9.5,15.0,0.0,0.0,0,0,1,3.9,3.9,2.8%,6.36,2,2020,81,TE,ACT,0,240,4,SMU,PHI,philadelphia_eagles,philadelphia_eagles,Lincoln Financial Field,Philadelphia,PA,39.9008,-75.1675,Outdoor,Grass,30,2003,los_angeles_rams
50,Luke Lachey,0.0,0,0.0,0.0,0.0,0.0,0.0,0,0,0,0.0,0.0,1.0%,0.0,12,2020,42,TE,ACT,0,247,1,Iowa,HOU,houston_texans,houston_texans,NRG Stadium,Houston,TX,29.6847,-95.4107,Indoor,Turf,50,2002,indianapolis_colts
9,Isaiah Likely,5.0,8,0.0,7.6,11.0,0.0,0.0,0,0,1,14.8,14.8,50.4%,14.35,13,2020,80,TE,ACT,0,247,4,Coastal Carolina,BAL,baltimore_ravens,baltimore_ravens,M&T Bank Stadium,Baltimore,MD,39.2779,-76.6227,Outdoor,Grass,10,1998,
36,Will Dissly,2.0,3,0.0,4.5,8.0,0.0,0.0,0,0,1,2.9,2.9,7.5%,4.2,9,2020,89,TE,ACT,0,265,8,Washington,LAC,los_angeles_chargers,los_angeles_chargers,SoFi Stadium,Inglewood,CA,33.9535,-118.3392,Outdoor,Turf,100,2020,las_vegas_raiders
6,George Kittle,3.0,4,0.0,19.0,33.0,1.0,0.0,0,0,1,14.7,14.7,97.9%,17.59,10,2020,85,TE,ACT,0,250,9,Iowa,SF,san_francisco_49ers,san_francisco_49ers,Levi's Stadium,Santa Clara,CA,37.403,-121.9692,Outdoor,Grass,13,2014,
12,Jake Ferguson,6.0,9,0.0,6.7,21.0,1.0,0.0,0,0,1,10.0,10.0,69.2%,12.3,16,2020,87,TE,ACT,0,244,4,Wisconsin,DAL,dallas_cowboys,dallas_cowboys,AT&T Stadium,Arlington,TX,32.7473,-97.0945,Indoor,Turf,639,2009,new_york_giants
17,Jordan Akins,6.0,8,0.0,8.2,15.0,0.0,0.0,0,0,1,10.9,10.9,1.0%,12.46,17,2020,88,TE,ACT,76,245,7,UCF,CLE,cleveland_browns,cleveland_browns,FirstEnergy Stadium,Cleveland,OH,41.5061,-81.6995,Outdoor,Grass,577,1999,kansas_city_chiefs
31,Mark Andrews,2.0,2,0.0,13.0,16.0,0.0,0.0,0,0,1,4.6,4.6,94.1%,7.47,9,2020,89,TE,ACT,0,250,8,Oklahoma,BAL,baltimore_ravens,baltimore_ravens,M&T Bank Stadium,Baltimore,MD,39.2779,-76.6227,Outdoor,Grass,10,1998,
7,Charlie Kolar,3.0,4,2.0,21.3,55.0,1.0,0.0,1,0,1,15.6,15.6,0.1%,21.26,5,2020,88,TE,ACT,0,267,4,Iowa State,BAL,baltimore_ravens,baltimore_ravens,M&T Bank Stadium,Baltimore,MD,39.2779,-76.6227,Outdoor,Grass,10,1998,
37,Noah Fant,1.0,3,0.0,14.0,14.0,0.0,0.0,0,0,1,2.4,2.4,17.3%,5.53,2,2020,87,TE,ACT,0,249,7,Iowa,SEA,seattle_seahawks,seattle_seahawks,Lumen Field,Seattle,WA,47.5952,-122.3316,Outdoor,Turf,20,2002,
2,Chig Okonkwo,9.0,11,0.0,9.0,22.0,1.0,0.0,0,0,1,19.1,19.1,25.3%,20.17,16,2020,85,TE,ACT,0,238,4,Maryland,TEN,tennessee_titans,tennessee_titans,Nissan Stadium,Nashville,TN,36.1665,-86.7713,Outdoor,Grass,476,1999,
13,T.J. Hockenson,5.0,6,0.0,13.6,28.0,1.0,0.0,0,0,1,11.8,11.8,94.4%,14.95,17,2020,87,TE,ACT,0,248,7,Iowa,MIN,minnesota_vikings,minnesota_vikings,U.S. Bank Stadium,Minneapolis,MN,44.974,-93.2581,Indoor,Turf,840,2016,
13,Trey Mcbride,6.0,9,0.0,8.8,22.0,1.0,0.0,0,0,1,11.3,11.3,98.4%,13.63,5,2020,85,TE,ACT,0,246,4,Colorado State,ARI,arizona_cardinals,arizona_cardinals,State Farm Stadium,Glendale,AZ,33.5275,-112.2625,Indoor,Turf,1070,2006,
41,Jordan Akins,1.0,2,0.0,10.0,10.0,0.0,0.0,0,0,1,2.0,2.0,1.0%,4.25,4,2020,88,TE,ACT,76,245,7,UCF,CLE,cleveland_browns,cleveland_browns,FirstEnergy Stadium,Cleveland,OH,41.5061,-81.6995,Outdoor,Grass,577,1999,
31,Noah Gray,2.0,2,0.0,14.5,15.0,0.0,0.0,0,0,1,4.9,4.9,15.6%,7.8,5,2020,83,TE,ACT,0,240,5,Duke,KC,kansas_city_chiefs,kansas_city_chiefs,GEHA Field at Arrowhead Stadium,Kansas City,MO,39.049,-94.4839,Outdoor,Grass,1020,1972,las_vegas_raiders
47,Elijah Higgins,2.0,2,0.0,6.5,7.0,0.0,0.0,0,0,1,3.3,3.3,1.9%,4.69,8,2020,84,TE,ACT,0,234,3,Stanford,ARI,arizona_cardinals,arizona_cardinals,State Farm Stadium,Glendale,AZ,33.5275,-112.2625,Indoor,Turf,1070,2006,
11,Dallas Goedert,5.0,5,0.0,12.2,32.0,1.0,0.0,0,0,1,11.1,11.1,80.6%,14.65,11,2020,88,TE,ACT,0,256,8,South Dakota State,PHI,philadelphia_eagles,philadelphia_eagles,Lincoln Financial Field,Philadelphia,PA,39.9008,-75.1675,Outdoor,Grass,30,2003,seattle_seahawks
24,Aj Barner,4.0,7,0.0,6.8,10.0,0.0,0.0,0,0,1,6.7,6.7,4.5%,8.11,9,2020,88,TE,ACT,0,251,2,Michigan,SEA,seattle_seahawks,seattle_seahawks,Lumen Field,Seattle,WA,47.5952,-122.3316,Outdoor,Turf,20,2002,
24,Sam Laporta,3.0,6,0.0,6.3,9.0,0.0,0.0,0,0,1,4.9,4.9,97.8%,6.32,12,2020,87,TE,ACT,0,245,3,Iowa,DET,detroit_lions,detroit_lions,Ford Field,Detroit,MI,42.34,-83.0456,Indoor,Turf,600,2002,
25,Isaiah Likely,2.0,3,0.0,13.0,15.0,0.0,0.0,0,0,1,4.6,4.6,50.4%,7.37,2,2020,80,TE,ACT,0,247,4,Coastal Carolina,BAL,baltimore_ravens,baltimore_ravens,M&T Bank Stadium,Baltimore,MD,39.2779,-76.6227,Outdoor,Grass,10,1998,
15,Drew Ogletree,1.0,1,0.0,15.0,15.0,0.0,0.0,0,0,1,8.5,8.5,1.1%,10.05,4,2020,85,TE,ACT,77,260,3,Findlay,IND,indianapolis_colts,indianapolis_colts,Lucas Oil Stadium,Indianapolis,IN,39.7601,-86.1639,Indoor,Turf,700,2008,
47,Josh Oliver,1.0,1,0.0,5.0,5.0,0.0,0.0,0,0,1,1.5,1.5,1.0%,2.65,7,2020,84,TE,ACT,0,259,7,San Jose State,MIN,minnesota_vikings,minnesota_vikings,U.S. Bank Stadium,Minneapolis,MN,44.974,-93.2581,Indoor,Turf,840,2016,
20,Tyler Conklin,3.0,5,0.0,11.0,12.0,0.0,0.0,0,0,1,6.3,6.3,13.5%,8.31,14,2020,83,TE,ACT,0,248,8,Central Michigan,LAC,los_angeles_chargers,los_angeles_chargers,SoFi Stadium,Inglewood,CA,33.9535,-118.3392,Outdoor,Turf,100,2020,
32,Aj Barner,2.0,4,0.0,7.5,9.0,0.0,0.0,0,0,1,3.5,3.5,4.5%,5.18,11,2020,88,TE,ACT,0,251,2,Michigan,SEA,seattle_seahawks,seattle_seahawks,Lumen Field,Seattle,WA,47.5952,-122.3316,Outdoor,Turf,20,2002,
45,Ben Sims,1.0,1,0.0,2.0,2.0,0.0,0.0,0,0,1,1.2,1.2,0.0%,1.69,14,2020,89,TE,ACT,0,250,3,Baylor,GB,green_bay_packers,green_bay_packers,Lambeau Field,Green Bay,WI,44.5013,-88.0622,Outdoor,Grass,640,1957,
5,Pat Freiermuth,3.0,3,0.0,16.0,21.0,2.0,0.0,0,0,1,13.8,13.8,59.9%,15.41,14,2020,88,TE,ACT,0,258,5,Penn State,PIT,pittsburgh_steelers,pittsburgh_steelers,Acrisure Stadium,Pittsburgh,PA,40.4468,-80.0158,Outdoor,Grass,730,2001,cincinnati_bengals
28,Trey Mcbride,3.0,4,0.0,6.7,11.0,0.0,0.0,0,0,1,5.0,5.0,98.4%,6.65,16,2020,85,TE,ACT,0,246,4,Colorado State,ARI,arizona_cardinals,arizona_cardinals,State Farm Stadium,Glendale,AZ,33.5275,-112.2625,Indoor,Turf,1070,2006,los_angeles_rams
6,Mark Andrews,3.0,4,0.0,22.0,38.0,1.0,0.0,0,0,1,15.6,15.6,94.1%,19.17,6,2020,89,TE,ACT,0,250,8,Oklahoma,BAL,baltimore_ravens,baltimore_ravens,M&T Bank Stadium,Baltimore,MD,39.2779,-76.6227,Outdoor,Grass,10,1998,
9,Sam Laporta,6.0,6,0.0,8.0,24.0,1.0,0.0,0,0,1,16.8,16.8,97.8%,17.56,8,2020,87,TE,ACT,0,245,3,Iowa,DET,detroit_lions,detroit_lions,Ford Field,Detroit,MI,42.34,-83.0456,Indoor,Turf,600,2002,minnesota_vikings
23,Isaiah Likely,4.0,4,0.0,11.8,25.0,1.0,0.0,0,0,1,8.7,8.7,50.4%,11.86,8,2020,80,TE,ACT,0,247,4,Coastal Carolina,BAL,baltimore_ravens,baltimore_ravens,M&T Bank Stadium,Baltimore,MD,39.2779,-76.6227,Outdoor,Grass,10,1998,
45,Kenny Yeboah,1.0,1,0.0,4.0,4.0,0.0,0.0,0,0,1,1.4,1.4,0.0%,2.33,10,2020,88,TE,ACT,0,250,5,Mississippi,DET,detroit_lions,detroit_lions,Ford Field,Detroit,MI,42.34,-83.0456,Indoor,Turf,600,2002,carolina_panthers
11,Mark Andrews,5.0,5,0.0,7.2,11.0,0.0,0.0,0,0,1,14.6,14.6,94.1%,14.15,8,2020,89,TE,ACT,0,250,8,Oklahoma,BAL,baltimore_ravens,baltimore_ravens,M&T Bank Stadium,Baltimore,MD,39.2779,-76.6227,Outdoor,Grass,10,1998,
43,Cam Grandy,1.0,1,0.0,7.0,7.0,0.0,0.0,0,0,1,1.7,1.7,0.0%,3.29,17,2020,85,TE,ACT,0,253,2,Illinois State,CIN,cincinnati_bengals,cincinnati_bengals,Paycor Stadium,Cincinnati,OH,39.0954,-84.516,Outdoor,Turf,482,2000,
8,Mark Andrews,2.0,2,0.0,34.0,67.0,1.0,0.0,0,0,1,14.8,14.8,94.1%,22.96,17,2020,89,TE,ACT,0,250,8,Oklahoma,BAL,baltimore_ravens,baltimore_ravens,M&T Bank Stadium,Baltimore,MD,39.2779,-76.6227,Outdoor,Grass,10,1998,buffalo_bills
1,Jonnu Smith,9.0,11,0.0,5.3,10.0,0.0,0.0,0,0,1,19.8,19.8,90.7%,18.81,15,2020,9,TE,ACT,0,248,9,Florida International,MIA,miami_dolphins,miami_dolphins,Hard Rock Stadium,Miami Gardens,FL,25.958,-80.238,Outdoor,Grass,7,1987,
48,Tommy Tremble,0.0,0,0.0,0.0,0.0,0.0,0.0,0,0,0,0.0,0.0,1.7%,0.0,6,2020,82,TE,ACT,0,250,5,Notre Dame,CAR,carolina_panthers,carolina_panthers,Bank of America Stadium,Charlotte,NC,35.2258,-80.8528,Outdoor,Grass,748,1996,chicago_bears
39,Darnell Washington,1.0,1,0.0,8.0,8.0,0.0,0.0,0,0,1,1.8,1.8,3.0%,3.61,17,2020,80,TE,ACT,0,265,3,Georgia,PIT,pittsburgh_steelers,pittsburgh_steelers,Acrisure Stadium,Pittsburgh,PA,40.4468,-80.0158,Outdoor,Grass,730,2001,cleveland_browns
34,Mike Gesicki,2.0,2,0.0,7.0,9.0,0.0,0.0,0,0,1,3.4,3.4,34.2%,5.03,16,2020,88,TE,ACT,0,245,8,Penn State,CIN,cincinnati_bengals,cincinnati_bengals,Paycor Stadium,Cincinnati,OH,39.0954,-84.516,Outdoor,Turf,482,2000,baltimore_ravens
49,Will Mallory,1.0,1,0.0,7.0,7.0,0.0,0.0,0,0,1,1.7,1.7,1.0%,3.29,13,2020,86,TE,ACT,0,239,3,Miami,IND,indianapolis_colts,indianapolis_colts,Lucas Oil Stadium,Indianapolis,IN,39.7601,-86.1639,Indoor,Turf,700,2008,
39,Mycole Pruitt,1.0,2,0.0,9.0,9.0,0.0,0.0,0,0,1,1.9,1.9,1.0%,3.93,1,2020,85,TE,ACT,74,245,9,Southern Illinois,PIT,pittsburgh_steelers,pittsburgh_steelers,Acrisure Stadium,Pittsburgh,PA,40.4468,-80.0158,Outdoor,Grass,730,2001,
24,Chig Okonkwo,3.0,3,0.0,5.3,8.0,0.0,0.0,0,0,1,4.6,4.6,25.3%,5.86,2,2020,85,TE,ACT,0,238,4,Maryland,TEN,tennessee_titans,tennessee_titans,Nissan Stadium,Nashville,TN,36.1665,-86.7713,Outdoor,Grass,476,1999,
14,Dalton Kincaid,4.0,4,0.0,8.3,9.0,0.0,0.0,0,0,1,7.3,7.3,81.2%,8.65,2,2020,86,TE,ACT,0,240,3,Utah,BUF,buffalo_bills,buffalo_bills,Highmark Stadium,Orchard Park,NY,42.7738,-78.7868,Outdoor,Grass,600,1973,
44,Charlie Kolar,1.0,1,0.0,4.0,4.0,0.0,0.0,0,0,1,1.4,1.4,0.1%,2.33,10,2020,88,TE,ACT,0,267,4,Iowa State,BAL,baltimore_ravens,baltimore_ravens,M&T Bank Stadium,Baltimore,MD,39.2779,-76.6227,Outdoor,Grass,10,1998,tennessee_titans
47,Mycole Pruitt,1.0,1,0.0,-1.0,0.0,0.0,0.0,0,0,1,0.9,0.9,1.0%,0.83,14,2020,85,TE,ACT,74,245,9,Southern Illinois,PIT,pittsburgh_steelers,pittsburgh_steelers,Acrisure Stadium,Pittsburgh,PA,40.4468,-80.0158,Outdoor,Grass,730,2001,cincinnati_bengals
45,Chig Okonkwo,1.0,3,0.0,5.0,5.0,0.0,0.0,0,0,1,1.5,1.5,25.3%,2.65,4,2020,85,TE,ACT,0,238,4,Maryland,TEN,tennessee_titans,tennessee_titans,Nissan Stadium,Nashville,TN,36.1665,-86.7713,Outdoor,Grass,476,1999,
8,Sam Laporta,3.0,6,0.0,2.0,3.0,0.0,0.0,0,0,1,15.6,15.6,97.8%,12.57,13,2020,87,TE,ACT,0,245,3,Iowa,DET,detroit_lions,detroit_lions,Ford Field,Detroit,MI,42.34,-83.0456,Indoor,Turf,600,2002,green_bay_packers
20,Jordan Akins,4.0,4,0.0,10.5,21.0,1.0,0.0,0,0,1,8.2,8.2,1.0%,10.91,7,2020,88,TE,ACT,76,245,7,UCF,CLE,cleveland_browns,cleveland_browns,FirstEnergy Stadium,Cleveland,OH,41.5061,-81.6995,Outdoor,Grass,577,1999,
21,Mike Gesicki,3.0,4,0.0,6.0,7.0,0.0,0.0,0,0,1,4.8,4.8,34.2%,6.01,1,2020,88,TE,ACT,0,245,8,Penn State,CIN,cincinnati_bengals,cincinnati_bengals,Paycor Stadium,Cincinnati,OH,39.0954,-84.516,Outdoor,Turf,482,2000,los_angeles_chargers
41,Pharaoh Brown,1.0,2,0.0,6.0,6.0,0.0,0.0,0,0,1,1.6,1.6,0.1%,2.97,14,2020,85,TE,ACT,0,246,8,Oregon,MIA,miami_dolphins,miami_dolphins,Hard Rock Stadium,Miami Gardens,FL,25.958,-80.238,Outdoor,Grass,7,1987,
7,Will Dissly,4.0,6,0.0,20.0,29.0,3.0,0.0,0,0,1,18.0,18.0,7.5%,20.2,11,2020,89,TE,ACT,0,265,8,Washington,LAC,los_angeles_chargers,los_angeles_chargers,SoFi Stadium,Inglewood,CA,33.9535,-118.3392,Outdoor,Turf,100,2020,buffalo_bills
6,Austin Hooper,4.0,4,0.0,14.8,38.0,1.0,0.0,0,0,1,15.9,15.9,3.5%,18.65,12,2020,81,TE,ACT,0,254,10,Stanford,NE,new_england_patriots,new_england_patriots,Gillette Stadium,Foxborough,MA,42.0909,-71.2643,Outdoor,Turf,289,2002,
11,George Kittle,4.0,5,0.0,10.0,26.0,1.0,0.0,0,0,1,8.0,8.0,97.9%,11.2,1,2020,85,TE,ACT,0,250,9,Iowa,SF,san_francisco_49ers,san_francisco_49ers,Levi's Stadium,Santa Clara,CA,37.403,-121.9692,Outdoor,Grass,13,2014,arizona_cardinals
5,Zach Ertz,6.0,7,0.0,7.8,16.0,0.0,0.0,0,0,1,18.7,18.7,48.1%,17.96,11,2020,86,TE,ACT,0,250,13,Stanford,WAS,washington_commanders,washington_commanders,FedExField,Landover,MD,38.9078,-76.8645,Outdoor,Grass,300,1997,
36,Elijah Higgins,2.0,2,0.0,6.5,11.0,0.0,0.0,0,0,1,3.3,3.3,1.9%,5.08,10,2020,84,TE,ACT,0,234,3,Stanford,ARI,arizona_cardinals,arizona_cardinals,State Farm Stadium,Glendale,AZ,33.5275,-112.2625,Indoor,Turf,1070,2006,seattle_seahawks
24,Dawson Knox,2.0,3,0.0,20.0,34.0,1.0,0.0,0,0,1,6.0,6.0,5.6%,11.4,10,2020,88,TE,ACT,0,254,7,Mississippi,BUF,buffalo_bills,buffalo_bills,Highmark Stadium,Orchard Park,NY,42.7738,-78.7868,Outdoor,Grass,600,1973,
23,Greg Dulcich,3.0,8,0.0,5.3,9.0,0.0,0.0,0,0,1,4.6,4.6,3.0%,5.96,2,2020,89,TE,ACT,0,245,4,UCLA,NYG,new_york_giants,new_york_giants,MetLife Stadium,East Rutherford,NJ,40.8136,-74.0744,Outdoor,Turf,3,2010,chicago_bears
33,Johnny Mundt,2.0,3,0.0,6.0,6.0,0.0,0.0,0,0,1,3.2,3.2,0.1%,4.44,2,2020,81,TE,ACT,0,243,8,Oregon,JAX,jacksonville_jaguars,jacksonville_jaguars,TIAA Bank Field,Jacksonville,FL,30.3239,-81.6373,Outdoor,Grass,16,1995,tennessee_titans
35,Dalton Schultz,1.0,2,0.0,28.0,28.0,1.0,0.0,0,0,1,3.8,3.8,23.3%,10.11,7,2020,86,TE,ACT,0,242,8,Stanford,HOU,houston_texans,houston_texans,NRG Stadium,Houston,TX,29.6847,-95.4107,Indoor,Turf,50,2002,
10,Kyle Pitts,4.0,5,0.0,11.0,23.0,1.0,0.0,0,0,1,14.4,14.4,52.5%,15.53,17,2020,8,TE,ACT,0,250,5,Florida,ATL,atlanta_falcons,atlanta_falcons,Mercedes-Benz Stadium,Atlanta,GA,33.755,-84.4008,Indoor,Turf,1050,2017,
35,Will Dissly,1.0,1,0.0,13.0,13.0,0.0,0.0,0,0,1,2.3,2.3,7.5%,5.21,1,2020,89,TE,ACT,0,265,8,Washington,LAC,los_angeles_chargers,los_angeles_chargers,SoFi Stadium,Inglewood,CA,33.9535,-118.3392,Outdoor,Turf,100,2020,
36,Dalton Schultz,2.0,4,0.0,6.5,9.0,0.0,0.0,0,0,1,3.3,3.3,23.3%,4.88,15,2020,86,TE,ACT,0,242,8,Stanford,HOU,houston_texans,houston_texans,NRG Stadium,Houston,TX,29.6847,-95.4107,Indoor,Turf,50,2002,cincinnati_bengals
1,Brock Bowers,11.0,13,0.0,9.0,32.0,1.0,0.0,0,0,1,20.9,20.9,98.8%,23.13,16,2020,89,TE,ACT,0,230,2,Georgia,LV,las_vegas_raiders,las_vegas_raiders,Allegiant Stadium,Las Vegas,NV,36.0908,-115.183,Indoor,Turf,2001,2020,
11,Austin Hooper,4.0,4,0.0,10.5,16.0,0.0,0.0,0,0,1,14.2,14.2,3.5%,14.51,13,2020,81,TE,ACT,0,254,10,Stanford,NE,new_england_patriots,new_england_patriots,Gillette Stadium,Foxborough,MA,42.0909,-71.2643,Outdoor,Turf,289,2002,los_angeles_rams
29,Johnny Mundt,2.0,2,0.0,15.5,20.0,1.0,0.0,0,0,1,5.1,5.1,0.1%,8.69,5,2020,81,TE,ACT,0,243,8,Oregon,JAX,jacksonville_jaguars,jacksonville_jaguars,TIAA Bank Field,Jacksonville,FL,30.3239,-81.6373,Outdoor,Grass,16,1995,houston_texans
30,Cade Stover,1.0,1,0.0,27.0,27.0,1.0,0.0,0,0,1,3.7,3.7,4.4%,9.79,4,2020,87,TE,ACT,0,251,2,Ohio State,HOU,houston_texans,houston_texans,NRG Stadium,Houston,TX,29.6847,-95.4107,Indoor,Turf,50,2002,minnesota_vikings
48,Cole Kmet,1.0,1,0.0,4.0,4.0,0.0,0.0,0,0,1,1.4,1.4,26.4%,2.33,1,2020,85,TE,ACT,0,260,6,Notre Dame,CHI,chicago_bears,chicago_bears,Soldier Field,Chicago,IL,41.8623,-87.6167,Outdoor,Grass,595,1924,
21,Isaiah Likely,1.0,1,0.0,9.0,9.0,0.0,0.0,0,0,1,7.9,7.9,50.4%,8.13,17,2020,80,TE,ACT,0,247,4,Coastal Carolina,BAL,baltimore_ravens,baltimore_ravens,M&T Bank Stadium,Baltimore,MD,39.2779,-76.6227,Outdoor,Grass,10,1998,buffalo_bills
6,Sam Laporta,4.0,7,0.0,10.8,21.0,1.0,0.0,0,0,1,14.3,14.3,97.8%,15.23,16,2020,87,TE,ACT,0,245,3,Iowa,DET,detroit_lions,detroit_lions,Ford Field,Detroit,MI,42.34,-83.0456,Indoor,Turf,600,2002,minnesota_vikings
15,Stone Smartt,3.0,3,0.0,18.0,24.0,2.0,0.0,0,0,1,8.4,8.4,2.9%,12.23,14,2020,84,TE,ACT,0,226,4,Old Dominion,NYJ,new_york_jets,new_york_jets,MetLife Stadium,East Rutherford,NJ,40.8136,-74.0744,Outdoor,Turf,3,2010,
29,Juwan Johnson,2.0,2,0.0,13.5,17.0,0.0,0.0,0,0,1,4.7,4.7,18.0%,7.72,16,2020,83,TE,ACT,0,231,6,Oregon,NO,new_orleans_saints,new_orleans_saints,Caesars Superdome,New Orleans,LA,29.9509,-90.0815,Indoor,Turf,3,1975,
37,Dalton Kincaid,1.0,2,0.0,11.0,11.0,0.0,0.0,0,0,1,2.1,2.1,81.2%,4.57,1,2020,86,TE,ACT,0,240,3,Utah,BUF,buffalo_bills,buffalo_bills,Highmark Stadium,Orchard Park,NY,42.7738,-78.7868,Outdoor,Grass,600,1973,
19,Brock Bowers,4.0,10,0.0,9.5,13.0,0.0,0.0,0,0,1,7.8,7.8,98.8%,9.59,12,2020,89,TE,ACT,0,230,2,Georgia,LV,las_vegas_raiders,las_vegas_raiders,Allegiant Stadium,Las Vegas,NV,36.0908,-115.183,Indoor,Turf,2001,2020,
2,Brock Bowers,8.0,12,0.0,12.1,57.0,1.0,0.0,0,0,1,23.7,23.7,98.8%,27.01,5,2020,89,TE,ACT,0,230,2,Georgia,LV,las_vegas_raiders,las_vegas_raiders,Allegiant Stadium,Las Vegas,NV,36.0908,-115.183,Indoor,Turf,2001,2020,
36,Dalton Schultz,2.0,5,0.0,5.5,8.0,0.0,0.0,0,0,1,3.1,3.1,23.3%,4.5,3,2020,86,TE,ACT,0,242,8,Stanford,HOU,houston_texans,houston_texans,NRG Stadium,Houston,TX,29.6847,-95.4107,Indoor,Turf,50,2002,pittsburgh_steelers
31,Brenton Strange,1.0,1,0.0,21.0,21.0,1.0,0.0,0,0,1,3.1,3.1,33.2%,7.87,14,2020,85,TE,ACT,0,253,3,Penn State,JAX,jacksonville_jaguars,jacksonville_jaguars,TIAA Bank Field,Jacksonville,FL,30.3239,-81.6373,Outdoor,Grass,16,1995,baltimore_ravens
23,Theo Johnson,3.0,3,0.0,10.0,15.0,0.0,0.0,0,0,1,6.0,6.0,17.6%,8.25,6,2020,84,TE,ACT,0,264,2,Penn State,NYG,new_york_giants,new_york_giants,MetLife Stadium,East Rutherford,NJ,40.8136,-74.0744,Outdoor,Turf,3,2010,philadelphia_eagles
32,Nick Vannett,2.0,2,0.0,5.5,8.0,0.0,0.0,0,0,1,3.1,3.1,0.0%,4.5,1,2020,83,TE,ACT,78,261,9,Ohio State,TEN,tennessee_titans,tennessee_titans,Nissan Stadium,Nashville,TN,36.1665,-86.7713,Outdoor,Grass,476,1999,
27,Will Dissly,3.0,3,0.0,6.3,7.0,0.0,0.0,0,0,1,4.9,4.9,7.5%,6.12,3,2020,89,TE,ACT,0,265,8,Washington,LAC,los_angeles_chargers,los_angeles_chargers,SoFi Stadium,Inglewood,CA,33.9535,-118.3392,Outdoor,Turf,100,2020,carolina_panthers
32,Blake Whiteheart,1.0,1,0.0,29.0,29.0,1.0,0.0,0,0,1,3.9,3.9,0.0%,10.43,12,2020,86,TE,ACT,0,250,3,Wake Forest,CLE,cleveland_browns,cleveland_browns,FirstEnergy Stadium,Cleveland,OH,41.5061,-81.6995,Outdoor,Grass,577,1999,
39,Grant Calcaterra,1.0,1,0.0,22.0,22.0,1.0,0.0,0,0,1,3.2,3.2,2.8%,8.19,15,2020,81,TE,ACT,0,240,4,SMU,PHI,philadelphia_eagles,philadelphia_eagles,Lincoln Financial Field,Philadelphia,PA,39.9008,-75.1675,Outdoor,Grass,30,2003,dallas_cowboys
45,Hayden Hurst,1.0,1,0.0,8.0,8.0,0.0,0.0,0,0,1,1.8,1.8,0.7%,3.61,16,2020,81,TE,ACT,76,250,7,South Carolina,LAC,los_angeles_chargers,los_angeles_chargers,SoFi Stadium,Inglewood,CA,33.9535,-118.3392,Outdoor,Turf,100,2020,
49,Nate Adkins,1.0,1,0.0,6.0,6.0,0.0,0.0,0,0,1,1.6,1.6,1.1%,2.97,3,2020,45,TE,ACT,0,252,3,South Carolina,DEN,denver_broncos,denver_broncos,Empower Field at Mile High,Denver,CO,39.7439,-105.0201,Outdoor,Turf,5280,2001,tampa_bay_buccaneers
33,Tyler Conklin,2.0,3,0.0,5.0,6.0,0.0,0.0,0,0,1,3.0,3.0,13.5%,4.15,6,2020,83,TE,ACT,0,248,8,Central Michigan,LAC,los_angeles_chargers,los_angeles_chargers,SoFi Stadium,Inglewood,CA,33.9535,-118.3392,Outdoor,Turf,100,2020,
21,Quintin Morris,1.0,1,0.0,2.0,2.0,0.0,0.0,0,0,1,7.2,7.2,0.0%,5.89,9,2020,45,TE,ACT,0,252,4,Bowling Green,JAX,jacksonville_jaguars,jacksonville_jaguars,TIAA Bank Field,Jacksonville,FL,30.3239,-81.6373,Outdoor,Grass,16,1995,green_bay_packers
20,Payne Durham,5.0,7,0.0,5.8,7.0,0.0,0.0,0,0,1,7.9,7.9,0.6%,8.85,16,2020,87,TE,ACT,0,255,3,Purdue,TB,tampa_bay_buccaneers,tampa_bay_buccaneers,Raymond James Stadium,Tampa,FL,27.9759,-82.5033,Outdoor,Grass,26,1998,
40,Cade Stover,2.0,2,0.0,3.0,5.0,0.0,0.0,0,0,1,2.6,2.6,4.4%,3.47,5,2020,87,TE,ACT,0,251,2,Ohio State,HOU,houston_texans,houston_texans,NRG Stadium,Houston,TX,29.6847,-95.4107,Indoor,Turf,50,2002,
43,Hayden Hurst,1.0,1,0.0,6.0,6.0,0.0,0.0,0,0,1,1.6,1.6,0.7%,2.97,9,2020,81,TE,ACT,76,250,7,South Carolina,LAC,los_angeles_chargers,los_angeles_chargers,SoFi Stadium,Inglewood,CA,33.9535,-118.3392,Outdoor,Turf,100,2020,miami_dolphins
11,Cade Otton,3.0,4,0.0,23.3,44.0,2.0,0.0,0,0,1,10.0,10.0,37.3%,16.14,14,2020,88,TE,ACT,0,247,4,Washington,TB,tampa_bay_buccaneers,tampa_bay_buccaneers,Raymond James Stadium,Tampa,FL,27.9759,-82.5033,Outdoor,Grass,26,1998,
4,George Kittle,6.0,7,0.0,21.3,43.0,3.0,0.0,0,0,1,24.8,24.8,97.9%,27.26,8,2020,85,TE,ACT,0,250,9,Iowa,SF,san_francisco_49ers,san_francisco_49ers,Levi's Stadium,Santa Clara,CA,37.403,-121.9692,Outdoor,Grass,13,2014,seattle_seahawks
20,Foster Moreau,2.0,2,0.0,27.0,41.0,1.0,0.0,0,0,1,7.4,7.4,1.4%,14.13,6,2020,87,TE,ACT,0,250,7,LSU,NO,new_orleans_saints,new_orleans_saints,Caesars Superdome,New Orleans,LA,29.9509,-90.0815,Indoor,Turf,3,1975,
19,Tucker Kraft,4.0,6,2.0,8.5,13.0,0.0,0.0,1,0,1,7.6,7.6,84.9%,9.8,9,2020,85,TE,ACT,0,259,3,South Dakota State,GB,green_bay_packers,green_bay_packers,Lambeau Field,Green Bay,WI,44.5013,-88.0622,Outdoor,Grass,640,1957,
30,Mike Gesicki,2.0,2,0.0,15.5,19.0,0.0,0.0,0,0,1,5.1,5.1,34.2%,8.49,5,2020,88,TE,ACT,0,245,8,Penn State,CIN,cincinnati_bengals,cincinnati_bengals,Paycor Stadium,Cincinnati,OH,39.0954,-84.516,Outdoor,Turf,482,2000,baltimore_ravens
39,Daniel Bellinger,1.0,1,0.0,17.0,17.0,0.0,0.0,0,0,1,2.7,2.7,2.7%,6.49,3,2020,82,TE,ACT,0,255,4,San Diego State,NYG,new_york_giants,new_york_giants,MetLife Stadium,East Rutherford,NJ,40.8136,-74.0744,Outdoor,Turf,3,2010,san_francisco_49ers
24,Juwan Johnson,5.0,7,0.0,7.2,21.0,1.0,0.0,0,0,1,8.6,8.6,18.0%,11.05,13,2020,83,TE,ACT,0,231,6,Oregon,NO,new_orleans_saints,new_orleans_saints,Caesars Superdome,New Orleans,LA,29.9509,-90.0815,Indoor,Turf,3,1975,philadelphia_eagles
43,Elijah Higgins,1.0,1,0.0,11.0,11.0,0.0,0.0,0,0,1,2.1,2.1,1.9%,4.57,3,2020,84,TE,ACT,0,234,3,Stanford,ARI,arizona_cardinals,arizona_cardinals,State Farm Stadium,Glendale,AZ,33.5275,-112.2625,Indoor,Turf,1070,2006,detroit_lions
40,Charlie Kolar,1.0,1,0.0,14.0,14.0,0.0,0.0,0,0,1,2.4,2.4,0.1%,5.53,7,2020,88,TE,ACT,0,267,4,Iowa State,BAL,baltimore_ravens,baltimore_ravens,M&T Bank Stadium,Baltimore,MD,39.2779,-76.6227,Outdoor,Grass,10,1998,pittsburgh_steelers
37,Sam Laporta,1.0,2,0.0,25.0,25.0,1.0,0.0,0,0,1,3.5,3.5,97.8%,9.15,7,2020,87,TE,ACT,0,245,3,Iowa,DET,detroit_lions,detroit_lions,Ford Field,Detroit,MI,42.34,-83.0456,Indoor,Turf,600,2002,indianapolis_colts
46,Josh Whyle,1.0,1,0.0,5.0,5.0,0.0,0.0,0,0,1,1.5,1.5,0.7%,2.65,4,2020,81,TE,ACT,0,248,3,Cincinnati,TEN,tennessee_titans,tennessee_titans,Nissan Stadium,Nashville,TN,36.1665,-86.7713,Outdoor,Grass,476,1999,
32,Tyler Higbee,2.0,3,0.0,4.5,7.0,0.0,0.0,0,0,1,2.9,2.9,17.2%,4.11,17,2020,89,TE,ACT,0,255,10,Western Kentucky,LAR,los_angeles_rams,los_angeles_rams,SoFi Stadium,Inglewood,CA,33.9535,-118.3392,Outdoor,Turf,100,2020,green_bay_packers
12,Travis Kelce,6.0,8,0.0,10.3,27.0,1.0,0.0,0,0,1,12.2,12.2,95.2%,14.98,12,2020,87,TE,ACT,0,250,13,Cincinnati,KC,kansas_city_chiefs,kansas_city_chiefs,GEHA Field at Arrowhead Stadium,Kansas City,MO,39.049,-94.4839,Outdoor,Grass,1020,1972,
16,Foster Moreau,1.0,2,0.0,17.0,17.0,0.0,0.0,0,0,1,8.7,8.7,1.4%,10.69,9,2020,87,TE,ACT,0,250,7,LSU,NO,new_orleans_saints,new_orleans_saints,Caesars Superdome,New Orleans,LA,29.9509,-90.0815,Indoor,Turf,3,1975,
12,Dallas Goedert,4.0,5,0.0,7.8,21.0,1.0,0.0,0,0,1,7.1,7.1,80.6%,9.74,1,2020,88,TE,ACT,0,256,8,South Dakota State,PHI,philadelphia_eagles,philadelphia_eagles,Lincoln Financial Field,Philadelphia,PA,39.9008,-75.1675,Outdoor,Grass,30,2003,washington_commanders
32,Isaiah Likely,1.0,2,0.0,26.0,26.0,1.0,0.0,0,0,1,3.6,3.6,50.4%,9.47,4,2020,80,TE,ACT,0,247,4,Coastal Carolina,BAL,baltimore_ravens,baltimore_ravens,M&T Bank Stadium,Baltimore,MD,39.2779,-76.6227,Outdoor,Grass,10,1998,
9,Zach Ertz,4.0,5,0.0,10.0,15.0,0.0,0.0,0,0,1,14.0,14.0,48.1%,14.2,7,2020,86,TE,ACT,0,250,13,Stanford,WAS,washington_commanders,washington_commanders,FedExField,Landover,MD,38.9078,-76.8645,Outdoor,Grass,300,1997,
21,Will Dissly,5.0,7,0.0,8.2,16.0,0.0,0.0,0,0,1,9.1,9.1,7.5%,10.95,8,2020,89,TE,ACT,0,265,8,Washington,LAC,los_angeles_chargers,los_angeles_chargers,SoFi Stadium,Inglewood,CA,33.9535,-118.3392,Outdoor,Turf,100,2020,denver_broncos
21,Dalton Schultz,4.0,8,0.0,6.8,9.0,0.0,0.0,0,0,1,6.7,6.7,23.3%,8.01,6,2020,86,TE,ACT,0,242,8,Stanford,HOU,houston_texans,houston_texans,NRG Stadium,Houston,TX,29.6847,-95.4107,Indoor,Turf,50,2002,green_bay_packers
35,Kylen Granson,1.0,1,0.0,22.0,22.0,1.0,0.0,0,0,1,3.2,3.2,0.9%,8.19,9,2020,83,TE,ACT,0,242,5,SMU,PHI,philadelphia_eagles,philadelphia_eagles,Lincoln Financial Field,Philadelphia,PA,39.9008,-75.1675,Outdoor,Grass,30,2003,new_york_giants
2,Pat Freiermuth,5.0,7,0.0,11.4,29.0,1.0,0.0,0,0,1,16.7,16.7,59.9%,18.15,4,2020,88,TE,ACT,0,258,5,Penn State,PIT,pittsburgh_steelers,pittsburgh_steelers,Acrisure Stadium,Pittsburgh,PA,40.4468,-80.0158,Outdoor,Grass,730,2001,
50,Brevin Jordan,1.0,2,0.0,3.0,3.0,0.0,0.0,0,0,1,1.3,1.3,0.8%,2.01,1,2020,9,TE,ACT,0,245,5,Miami,HOU,houston_texans,houston_texans,NRG Stadium,Houston,TX,29.6847,-95.4107,Indoor,Turf,50,2002,kansas_city_chiefs
36,Hunter Long,2.0,2,0.0,8.0,9.0,0.0,0.0,0,0,1,3.6,3.6,0.1%,5.32,5,2020,84,TE,ACT,0,243,5,Boston College,JAX,jacksonville_jaguars,jacksonville_jaguars,TIAA Bank Field,Jacksonville,FL,30.3239,-81.6373,Outdoor,Grass,16,1995,detroit_lions
12,Pat Freiermuth,4.0,4,0.0,9.8,14.0,0.0,0.0,0,0,1,7.9,7.9,59.9%,9.8,2,2020,88,TE,ACT,0,258,5,Penn State,PIT,pittsburgh_steelers,pittsburgh_steelers,Acrisure Stadium,Pittsburgh,PA,40.4468,-80.0158,Outdoor,Grass,730,2001,
3,Mark Andrews,4.0,4,0.0,10.3,20.0,1.0,0.0,0,0,1,20.1,20.1,94.1%,19.12,7,2020,89,TE,ACT,0,250,8,Oklahoma,BAL,baltimore_ravens,baltimore_ravens,M&T Bank Stadium,Baltimore,MD,39.2779,-76.6227,Outdoor,Grass,10,1998,pittsburgh_steelers
1,George Kittle,7.0,8,0.0,10.9,25.0,1.0,0.0,0,0,1,20.6,20.6,97.9%,21.1,2,2020,85,TE,ACT,0,250,9,Iowa,SF,san_francisco_49ers,san_francisco_49ers,Levi's Stadium,Santa Clara,CA,37.403,-121.9692,Outdoor,Grass,13,2014,
44,Kylen Granson,1.0,2,0.0,9.0,9.0,0.0,0.0,0,0,1,1.9,1.9,0.9%,3.93,2,2020,83,TE,ACT,0,242,5,SMU,PHI,philadelphia_eagles,philadelphia_eagles,Lincoln Financial Field,Philadelphia,PA,39.9008,-75.1675,Outdoor,Grass,30,2003,los_angeles_rams
23,Cade Otton,3.0,4,0.0,14.7,22.0,1.0,0.0,0,0,1,7.4,7.4,37.3%,10.74,5,2020,88,TE,ACT,0,247,4,Washington,TB,tampa_bay_buccaneers,tampa_bay_buccaneers,Raymond James Stadium,Tampa,FL,27.9759,-82.5033,Outdoor,Grass,26,1998,
14,Nick Vannett,2.0,2,0.0,16.5,24.0,1.0,0.0,0,0,1,11.3,11.3,0.0%,13.58,9,2020,83,TE,ACT,78,261,9,Ohio State,TEN,tennessee_titans,tennessee_titans,Nissan Stadium,Nashville,TN,36.1665,-86.7713,Outdoor,Grass,476,1999,indianapolis_colts
28,Jake Ferguson,3.0,4,0.0,3.7,6.0,0.0,0.0,0,0,1,4.1,4.1,69.2%,5.07,6,2020,87,TE,ACT,0,244,4,Wisconsin,DAL,dallas_cowboys,dallas_cowboys,AT&T Stadium,Arlington,TX,32.7473,-97.0945,Indoor,Turf,639,2009,arizona_cardinals
9,Grant Calcaterra,3.0,3,0.0,5.3,7.0,0.0,0.0,0,0,1,10.6,10.6,2.8%,9.96,14,2020,81,TE,ACT,0,240,4,SMU,PHI,philadelphia_eagles,philadelphia_eagles,Lincoln Financial Field,Philadelphia,PA,39.9008,-75.1675,Outdoor,Grass,30,2003,arizona_cardinals
28,Dawson Knox,2.0,2,0.0,25.0,27.0,2.0,0.0,0,0,1,7.0,7.0,5.6%,12.25,8,2020,88,TE,ACT,0,254,7,Mississippi,BUF,buffalo_bills,buffalo_bills,Highmark Stadium,Orchard Park,NY,42.7738,-78.7868,Outdoor,Grass,600,1973,
31,Jonnu Smith,4.0,6,0.0,5.0,12.0,0.0,0.0,0,0,1,6.0,6.0,90.7%,7.55,8,2020,9,TE,ACT,0,248,9,Florida International,MIA,miami_dolphins,miami_dolphins,Hard Rock Stadium,Miami Gardens,FL,25.958,-80.238,Outdoor,Grass,7,1987,
4,Isaiah Likely,3.0,3,0.0,4.3,6.0,0.0,0.0,0,0,1,16.3,16.3,50.4%,13.71,5,2020,80,TE,ACT,0,247,4,Coastal Carolina,BAL,baltimore_ravens,baltimore_ravens,M&T Bank Stadium,Baltimore,MD,39.2779,-76.6227,Outdoor,Grass,10,1998,
17,Evan Engram,7.0,9,0.0,5.9,16.0,0.0,0.0,0,0,1,11.1,11.1,88.1%,12.7,13,2020,1,TE,ACT,0,240,9,Mississippi,DEN,denver_broncos,denver_broncos,Empower Field at Mile High,Denver,CO,39.7439,-105.0201,Outdoor,Turf,5280,2001,
24,Dalton Schultz,4.0,6,0.0,8.5,18.0,0.0,0.0,0,0,1,7.4,7.4,23.3%,9.66,5,2020,86,TE,ACT,0,242,8,Stanford,HOU,houston_texans,houston_texans,NRG Stadium,Houston,TX,29.6847,-95.4107,Indoor,Turf,50,2002,
35,T.J. Hockenson,2.0,3,0.0,6.5,9.0,0.0,0.0,0,0,1,3.3,3.3,94.4%,4.88,11,2020,87,TE,ACT,0,248,7,Iowa,MIN,minnesota_vikings,minnesota_vikings,U.S. Bank Stadium,Minneapolis,MN,44.974,-93.2581,Indoor,Turf,840,2016,
30,Aj Barner,3.0,3,0.0,4.3,8.0,0.0,0.0,0,0,1,4.3,4.3,4.5%,5.5,3,2020,88,TE,ACT,0,251,2,Michigan,SEA,seattle_seahawks,seattle_seahawks,Lumen Field,Seattle,WA,47.5952,-122.3316,Outdoor,Turf,20,2002,
2,Cole Kmet,10.0,11,0.0,9.7,19.0,0.0,0.0,0,0,1,25.7,25.7,26.4%,24.84,3,2020,85,TE,ACT,0,260,6,Notre Dame,CHI,chicago_bears,chicago_bears,Soldier Field,Chicago,IL,41.8623,-87.6167,Outdoor,Grass,595,1924,
2,Travis Kelce,14.0,16,0.0,7.1,20.0,1.0,0.0,0,1,1,22.0,22.0,95.2%,23.47,9,2020,87,TE,ACT,0,250,13,Cincinnati,KC,kansas_city_chiefs,kansas_city_chiefs,GEHA Field at Arrowhead Stadium,Kansas City,MO,39.049,-94.4839,Outdoor,Grass,1020,1972,
38,Cade Stover,1.0,1,0.0,15.0,15.0,0.0,0.0,0,0,1,2.5,2.5,4.4%,5.85,7,2020,87,TE,ACT,0,251,2,Ohio State,HOU,houston_texans,houston_texans,NRG Stadium,Houston,TX,29.6847,-95.4107,Indoor,Turf,50,2002,
1,Isaiah Likely,9.0,12,0.0,12.3,49.0,1.0,0.0,0,0,1,26.1,26.1,50.4%,28.26,1,2020,80,TE,ACT,0,247,4,Coastal Carolina,BAL,baltimore_ravens,baltimore_ravens,M&T Bank Stadium,Baltimore,MD,39.2779,-76.6227,Outdoor,Grass,10,1998,
13,Sam Laporta,4.0,4,0.0,13.3,30.0,1.0,0.0,0,0,1,9.3,9.3,97.8%,13.0,4,2020,87,TE,ACT,0,245,3,Iowa,DET,detroit_lions,detroit_lions,Ford Field,Detroit,MI,42.34,-83.0456,Indoor,Turf,600,2002,new_orleans_saints
26,Nick Vannett,4.0,4,0.0,6.3,11.0,0.0,0.0,0,0,1,6.5,6.5,0.0%,8.0,7,2020,83,TE,ACT,78,261,9,Ohio State,TEN,tennessee_titans,tennessee_titans,Nissan Stadium,Nashville,TN,36.1665,-86.7713,Outdoor,Grass,476,1999,cincinnati_bengals
44,John Fitzpatrick,1.0,1,0.0,2.0,2.0,0.0,0.0,0,0,1,1.2,1.2,0.0%,1.69,12,2020,86,TE,ACT,0,262,4,Georgia,GB,green_bay_packers,green_bay_packers,Lambeau Field,Green Bay,WI,44.5013,-88.0622,Outdoor,Grass,640,1957,
42,Tucker Fisk,1.0,1,0.0,10.0,10.0,0.0,0.0,0,0,1,2.0,2.0,1.0%,4.25,16,2020,42,TE,ACT,0,285,2,Stanford,LAC,los_angeles_chargers,los_angeles_chargers,SoFi Stadium,Inglewood,CA,33.9535,-118.3392,Outdoor,Turf,100,2020,
12,Travis Kelce,7.0,13,0.0,9.7,24.0,1.0,0.0,0,0,1,13.8,13.8,95.2%,16.07,13,2020,87,TE,ACT,0,250,13,Cincinnati,KC,kansas_city_chiefs,kansas_city_chiefs,GEHA Field at Arrowhead Stadium,Kansas City,MO,39.049,-94.4839,Outdoor,Grass,1020,1972,
1,Taysom Hill,8.0,10,138.0,6.3,14.0,0.0,3.0,7,1,1,42.5,42.5,19.9%,70.9,11,2020,7,TE,ACT,0,221,9,BYU,NO,new_orleans_saints,new_orleans_saints,Caesars Superdome,New Orleans,LA,29.9509,-90.0815,Indoor,Turf,3,1975,
8,Pat Freiermuth,3.0,3,0.0,5.7,8.0,0.0,0.0,0,0,1,10.7,10.7,59.9%,10.2,10,2020,88,TE,ACT,0,258,5,Penn State,PIT,pittsburgh_steelers,pittsburgh_steelers,Acrisure Stadium,Pittsburgh,PA,40.4468,-80.0158,Outdoor,Grass,730,2001,
35,Cole Kmet,2.0,4,0.0,6.5,7.0,0.0,0.0,0,0,1,3.3,3.3,26.4%,4.69,10,2020,85,TE,ACT,0,260,6,Notre Dame,CHI,chicago_bears,chicago_bears,Soldier Field,Chicago,IL,41.8623,-87.6167,Outdoor,Grass,595,1924,minnesota_vikings
2,Hunter Henry,8.0,12,0.0,13.6,35.0,1.0,0.0,0,0,1,18.9,18.9,48.2%,21.67,2,2020,85,TE,ACT,0,249,10,Arkansas,NE,new_england_patriots,new_england_patriots,Gillette Stadium,Foxborough,MA,42.0909,-71.2643,Outdoor,Turf,289,2002,seattle_seahawks
19,Evan Engram,5.0,5,0.0,7.0,13.0,0.0,0.0,0,0,1,8.5,8.5,88.1%,10.05,7,2020,1,TE,ACT,0,240,9,Mississippi,DEN,denver_broncos,denver_broncos,Empower Field at Mile High,Denver,CO,39.7439,-105.0201,Outdoor,Turf,5280,2001,kansas_city_chiefs
42,Aj Barner,1.0,1,0.0,13.0,13.0,0.0,0.0,0,0,1,2.3,2.3,4.5%,5.21,5,2020,88,TE,ACT,0,251,2,Michigan,SEA,seattle_seahawks,seattle_seahawks,Lumen Field,Seattle,WA,47.5952,-122.3316,Outdoor,Turf,20,2002,
5,Mark Andrews,6.0,7,2.0,11.2,23.0,1.0,0.0,1,0,1,18.9,18.9,94.1%,19.91,13,2020,89,TE,ACT,0,250,8,Oklahoma,BAL,baltimore_ravens,baltimore_ravens,M&T Bank Stadium,Baltimore,MD,39.2779,-76.6227,Outdoor,Grass,10,1998,
3,Brock Bowers,6.0,8,0.0,9.7,26.0,1.0,0.0,0,0,1,11.8,11.8,98.8%,14.52,1,2020,89,TE,ACT,0,230,2,Georgia,LV,las_vegas_raiders,las_vegas_raiders,Allegiant Stadium,Las Vegas,NV,36.0908,-115.183,Indoor,Turf,2001,2020,
16,Noah Gray,4.0,4,0.0,10.0,29.0,1.0,0.0,0,0,1,8.0,8.0,15.6%,11.5,4,2020,83,TE,ACT,0,240,5,Duke,KC,kansas_city_chiefs,kansas_city_chiefs,GEHA Field at Arrowhead Stadium,Kansas City,MO,39.049,-94.4839,Outdoor,Grass,1020,1972,
41,Tommy Tremble,1.0,2,0.0,5.0,5.0,0.0,0.0,0,0,1,1.5,1.5,1.7%,2.65,12,2020,82,TE,ACT,0,250,5,Notre Dame,CAR,carolina_panthers,carolina_panthers,Bank of America Stadium,Charlotte,NC,35.2258,-80.8528,Outdoor,Grass,748,1996,
14,Dalton Kincaid,4.0,7,0.0,7.8,12.0,0.0,0.0,0,0,1,13.1,13.1,81.2%,12.94,8,2020,86,TE,ACT,0,240,3,Utah,BUF,buffalo_bills,buffalo_bills,Highmark Stadium,Orchard Park,NY,42.7738,-78.7868,Outdoor,Grass,600,1973,
29,Theo Johnson,3.0,4,0.0,11.7,25.0,1.0,0.0,0,0,1,6.5,6.5,17.6%,9.95,8,2020,84,TE,ACT,0,264,2,Penn State,NYG,new_york_giants,new_york_giants,MetLife Stadium,East Rutherford,NJ,40.8136,-74.0744,Outdoor,Turf,3,2010,tampa_bay_buccaneers
29,Luke Farrell,2.0,2,0.0,6.5,7.0,0.0,0.0,0,0,1,3.3,3.3,0.1%,4.69,2,2020,89,TE,ACT,0,250,5,Ohio State,SF,san_francisco_49ers,san_francisco_49ers,Levi's Stadium,Santa Clara,CA,37.403,-121.9692,Outdoor,Grass,13,2014,
48,Lucas Krull,1.0,1,0.0,5.0,5.0,0.0,0.0,0,0,1,1.5,1.5,1.0%,2.65,5,2020,85,TE,ACT,0,260,3,Pittsburgh,DEN,denver_broncos,denver_broncos,Empower Field at Mile High,Denver,CO,39.7439,-105.0201,Outdoor,Turf,5280,2001,
20,Dalton Schultz,3.0,5,0.0,11.3,23.0,1.0,0.0,0,0,1,6.4,6.4,23.3%,9.62,4,2020,86,TE,ACT,0,242,8,Stanford,HOU,houston_texans,houston_texans,NRG Stadium,Houston,TX,29.6847,-95.4107,Indoor,Turf,50,2002,minnesota_vikings
8,Jake Ferguson,6.0,7,0.0,11.7,27.0,1.0,0.0,0,0,1,13.0,13.0,69.2%,15.76,5,2020,87,TE,ACT,0,244,4,Wisconsin,DAL,dallas_cowboys,dallas_cowboys,AT&T Stadium,Arlington,TX,32.7473,-97.0945,Indoor,Turf,639,2009,
37,Mo Alie-Cox,2.0,2,0.0,7.5,11.0,0.0,0.0,0,0,1,3.5,3.5,0.6%,5.38,13,2020,81,TE,ACT,0,267,8,Virginia Commonwealth Univ.,IND,indianapolis_colts,indianapolis_colts,Lucas Oil Stadium,Indianapolis,IN,39.7601,-86.1639,Indoor,Turf,700,2008,
48,Gerald Everett,1.0,1,0.0,5.0,5.0,0.0,0.0,0,0,1,1.5,1.5,1.4%,2.65,9,2020,81,TE,ACT,75,250,8,South Alabama,CHI,chicago_bears,chicago_bears,Soldier Field,Chicago,IL,41.8623,-87.6167,Outdoor,Grass,595,1924,
21,Jordan Akins,3.0,4,0.0,12.7,18.0,0.0,0.0,0,0,1,6.8,6.8,1.0%,9.52,12,2020,88,TE,ACT,76,245,7,UCF,CLE,cleveland_browns,cleveland_browns,FirstEnergy Stadium,Cleveland,OH,41.5061,-81.6995,Outdoor,Grass,577,1999,
1,Cole Kmet,5.0,5,0.0,14.0,31.0,2.0,0.0,0,0,1,24.0,24.0,26.4%,23.95,6,2020,85,TE,ACT,0,260,6,Notre Dame,CHI,chicago_bears,chicago_bears,Soldier Field,Chicago,IL,41.8623,-87.6167,Outdoor,Grass,595,1924,
9,Trey Mcbride,3.0,4,2.0,11.7,15.0,0.0,1.0,1,0,1,12.7,12.7,98.4%,14.2,9,2020,85,TE,ACT,0,246,4,Colorado State,ARI,arizona_cardinals,arizona_cardinals,State Farm Stadium,Glendale,AZ,33.5275,-112.2625,Indoor,Turf,1070,2006,miami_dolphins
26,Kylen Granson,1.0,1,0.0,40.0,40.0,1.0,0.0,0,0,1,5.0,5.0,0.9%,13.95,3,2020,83,TE,ACT,0,242,5,SMU,PHI,philadelphia_eagles,philadelphia_eagles,Lincoln Financial Field,Philadelphia,PA,39.9008,-75.1675,Outdoor,Grass,30,2003,
21,Eric Saubert,2.0,2,0.0,20.5,17.0,0.0,0.0,0,0,1,6.1,6.1,1.8%,9.74,3,2020,81,TE,ACT,0,253,8,Drake,SEA,seattle_seahawks,seattle_seahawks,Lumen Field,Seattle,WA,47.5952,-122.3316,Outdoor,Turf,20,2002,
10,Chig Okonkwo,1.0,1,0.0,70.0,70.0,1.0,0.0,0,0,1,14.0,14.0,25.3%,27.75,12,2020,85,TE,ACT,0,238,4,Maryland,TEN,tennessee_titans,tennessee_titans,Nissan Stadium,Nashville,TN,36.1665,-86.7713,Outdoor,Grass,476,1999,cleveland_browns
44,Grant Calcaterra,1.0,1,0.0,5.0,5.0,0.0,0.0,0,0,1,1.5,1.5,2.8%,2.65,7,2020,81,TE,ACT,0,240,4,SMU,PHI,philadelphia_eagles,philadelphia_eagles,Lincoln Financial Field,Philadelphia,PA,39.9008,-75.1675,Outdoor,Grass,30,2003,
40,Charlie Kolar,1.0,1,0.0,6.0,6.0,0.0,0.0,0,0,1,1.6,1.6,0.1%,2.97,12,2020,88,TE,ACT,0,267,4,Iowa State,BAL,baltimore_ravens,baltimore_ravens,M&T Bank Stadium,Baltimore,MD,39.2779,-76.6227,Outdoor,Grass,10,1998,pittsburgh_steelers
40,Julian Hill,3.0,3,0.0,3.7,6.0,0.0,0.0,0,0,1,4.1,4.1,0.6%,5.07,8,2020,89,TE,ACT,0,251,3,Campbell University,MIA,miami_dolphins,miami_dolphins,Hard Rock Stadium,Miami Gardens,FL,25.958,-80.238,Outdoor,Grass,7,1987,
35,Tommy Tremble,2.0,2,0.0,7.5,8.0,0.0,0.0,0,0,1,3.5,3.5,1.7%,5.08,15,2020,82,TE,ACT,0,250,5,Notre Dame,CAR,carolina_panthers,carolina_panthers,Bank of America Stadium,Charlotte,NC,35.2258,-80.8528,Outdoor,Grass,748,1996,
27,Nate Adkins,1.0,1,0.0,3.0,3.0,0.0,0.0,0,0,1,7.3,7.3,1.1%,6.21,8,2020,45,TE,ACT,0,252,3,South Carolina,DEN,denver_broncos,denver_broncos,Empower Field at Mile High,Denver,CO,39.7439,-105.0201,Outdoor,Turf,5280,2001,atlanta_falcons
32,Dawson Knox,2.0,2,0.0,11.0,13.0,0.0,0.0,0,0,1,4.2,4.2,5.6%,6.59,16,2020,88,TE,ACT,0,254,7,Mississippi,BUF,buffalo_bills,buffalo_bills,Highmark Stadium,Orchard Park,NY,42.7738,-78.7868,Outdoor,Grass,600,1973,
16,Dawson Knox,1.0,1,0.0,12.0,12.0,0.0,0.0,0,0,1,8.2,8.2,5.6%,9.09,6,2020,88,TE,ACT,0,254,7,Mississippi,BUF,buffalo_bills,buffalo_bills,Highmark Stadium,Orchard Park,NY,42.7738,-78.7868,Outdoor,Grass,600,1973,kansas_city_chiefs
14,T.J. Hockenson,4.0,5,0.0,11.3,18.0,0.0,0.0,0,0,1,8.5,8.5,94.4%,10.84,14,2020,87,TE,ACT,0,248,7,Iowa,MIN,minnesota_vikings,minnesota_vikings,U.S. Bank Stadium,Minneapolis,MN,44.974,-93.2581,Indoor,Turf,840,2016,chicago_bears
13,Colby Parkinson,1.0,1,0.0,19.0,19.0,0.0,0.0,0,0,1,8.9,8.9,4.5%,11.33,11,2020,84,TE,ACT,0,265,6,Stanford,LAR,los_angeles_rams,los_angeles_rams,SoFi Stadium,Inglewood,CA,33.9535,-118.3392,Outdoor,Turf,100,2020,san_francisco_49ers
45,Payne Durham,1.0,1,0.0,8.0,8.0,0.0,0.0,0,0,1,1.8,1.8,0.6%,3.61,3,2020,87,TE,ACT,0,255,3,Purdue,TB,tampa_bay_buccaneers,tampa_bay_buccaneers,Raymond James Stadium,Tampa,FL,27.9759,-82.5033,Outdoor,Grass,26,1998,
47,Dawson Knox,1.0,2,0.0,7.0,7.0,0.0,0.0,0,0,1,1.7,1.7,5.6%,3.29,3,2020,88,TE,ACT,0,254,7,Mississippi,BUF,buffalo_bills,buffalo_bills,Highmark Stadium,Orchard Park,NY,42.7738,-78.7868,Outdoor,Grass,600,1973,
31,Johnny Mundt,4.0,5,0.0,2.0,3.0,0.0,0.0,0,0,1,4.8,4.8,0.1%,5.36,7,2020,81,TE,ACT,0,243,8,Oregon,JAX,jacksonville_jaguars,jacksonville_jaguars,TIAA Bank Field,Jacksonville,FL,30.3239,-81.6373,Outdoor,Grass,16,1995,los_angeles_chargers
30,Dalton Schultz,2.0,6,0.0,10.5,18.0,0.0,0.0,0,0,1,4.1,4.1,23.3%,6.94,17,2020,86,TE,ACT,0,242,8,Stanford,HOU,houston_texans,houston_texans,NRG Stadium,Houston,TX,29.6847,-95.4107,Indoor,Turf,50,2002,
18,Zach Ertz,3.0,3,0.0,7.3,13.0,0.0,0.0,0,0,1,7.2,7.2,48.1%,8.48,4,2020,86,TE,ACT,0,250,13,Stanford,WAS,washington_commanders,washington_commanders,FedExField,Landover,MD,38.9078,-76.8645,Outdoor,Grass,300,1997,baltimore_ravens
39,Hunter Henry,2.0,3,0.0,6.0,8.0,0.0,0.0,0,0,1,3.2,3.2,48.2%,4.64,4,2020,85,TE,ACT,0,249,10,Arkansas,NE,new_england_patriots,new_england_patriots,Gillette Stadium,Foxborough,MA,42.0909,-71.2643,Outdoor,Turf,289,2002,kansas_city_chiefs
27,Tyler Conklin,4.0,5,0.0,8.0,14.0,0.0,0.0,0,0,1,7.2,7.2,13.5%,9.04,13,2020,83,TE,ACT,0,248,8,Central Michigan,LAC,los_angeles_chargers,los_angeles_chargers,SoFi Stadium,Inglewood,CA,33.9535,-118.3392,Outdoor,Turf,100,2020,
36,Brock Wright,2.0,2,0.0,6.5,10.0,0.0,0.0,0,0,1,3.3,3.3,1.0%,4.99,4,2020,89,TE,ACT,0,254,5,Notre Dame,DET,detroit_lions,detroit_lions,Ford Field,Detroit,MI,42.34,-83.0456,Indoor,Turf,600,2002,new_orleans_saints
41,Lucas Krull,2.0,2,0.0,4.0,8.0,0.0,0.0,0,0,1,2.8,2.8,1.0%,4.06,15,2020,85,TE,ACT,0,260,3,Pittsburgh,DEN,denver_broncos,denver_broncos,Empower Field at Mile High,Denver,CO,39.7439,-105.0201,Outdoor,Turf,5280,2001,los_angeles_chargers
11,Hunter Henry,7.0,8,0.0,8.0,13.0,0.0,0.0,0,0,1,12.6,12.6,48.2%,13.77,9,2020,85,TE,ACT,0,249,10,Arkansas,NE,new_england_patriots,new_england_patriots,Gillette Stadium,Foxborough,MA,42.0909,-71.2643,Outdoor,Turf,289,2002,
47,Jack Stoll,1.0,2,0.0,4.0,4.0,0.0,0.0,0,0,1,1.4,1.4,0.0%,2.33,4,2020,88,TE,ACT,0,247,5,Nebraska,NO,new_orleans_saints,new_orleans_saints,Caesars Superdome,New Orleans,LA,29.9509,-90.0815,Indoor,Turf,3,1975,
42,Eric Tomlinson,1.0,1,0.0,7.0,7.0,0.0,0.0,0,0,1,1.7,1.7,0.0%,3.29,7,2020,89,TE,ACT,78,263,9,UTEP,HOU,houston_texans,houston_texans,NRG Stadium,Houston,TX,29.6847,-95.4107,Indoor,Turf,50,2002,
23,Aj Barner,3.0,4,0.0,6.3,11.0,0.0,0.0,0,0,1,4.9,4.9,4.5%,6.52,12,2020,88,TE,ACT,0,251,2,Michigan,SEA,seattle_seahawks,seattle_seahawks,Lumen Field,Seattle,WA,47.5952,-122.3316,Outdoor,Turf,20,2002,new_york_giants
33,Payne Durham,1.0,1,0.0,26.0,26.0,1.0,0.0,0,0,1,3.6,3.6,0.6%,9.47,12,2020,87,TE,ACT,0,255,3,Purdue,TB,tampa_bay_buccaneers,tampa_bay_buccaneers,Raymond James Stadium,Tampa,FL,27.9759,-82.5033,Outdoor,Grass,26,1998,
21,Zach Ertz,4.0,8,0.0,7.8,9.0,0.0,0.0,0,0,1,7.1,7.1,48.1%,8.44,10,2020,86,TE,ACT,0,250,13,Stanford,WAS,washington_commanders,washington_commanders,FedExField,Landover,MD,38.9078,-76.8645,Outdoor,Grass,300,1997,
39,Cole Kmet,1.0,1,0.0,14.0,14.0,0.0,0.0,0,0,1,4.4,4.4,26.4%,6.93,8,2020,85,TE,ACT,0,260,6,Notre Dame,CHI,chicago_bears,chicago_bears,Soldier Field,Chicago,IL,41.8623,-87.6167,Outdoor,Grass,595,1924,tennessee_titans
27,Mark Andrews,2.0,3,0.0,11.0,14.0,0.0,0.0,0,0,1,4.2,4.2,94.1%,6.69,11,2020,89,TE,ACT,0,250,8,Oklahoma,BAL,baltimore_ravens,baltimore_ravens,M&T Bank Stadium,Baltimore,MD,39.2779,-76.6227,Outdoor,Grass,10,1998,
27,Josh Whyle,3.0,4,0.0,11.3,12.0,0.0,0.0,0,0,1,6.4,6.4,0.7%,8.43,7,2020,81,TE,ACT,0,248,3,Cincinnati,TEN,tennessee_titans,tennessee_titans,Nissan Stadium,Nashville,TN,36.1665,-86.7713,Outdoor,Grass,476,1999,cincinnati_bengals
15,Cade Otton,2.0,6,0.0,7.5,8.0,0.0,0.0,0,0,1,9.5,9.5,37.3%,9.28,6,2020,88,TE,ACT,0,247,4,Washington,TB,tampa_bay_buccaneers,tampa_bay_buccaneers,Raymond James Stadium,Tampa,FL,27.9759,-82.5033,Outdoor,Grass,26,1998,
43,Peyton Hendershot,1.0,1,0.0,6.0,6.0,0.0,0.0,0,0,1,1.6,1.6,0.0%,2.97,10,2020,89,TE,ACT,76,254,3,Indiana,DAL,dallas_cowboys,dallas_cowboys,AT&T Stadium,Arlington,TX,32.7473,-97.0945,Indoor,Turf,639,2009,
11,Dalton Kincaid,5.0,7,0.0,9.4,25.0,1.0,0.0,0,0,1,9.7,9.7,81.2%,12.55,4,2020,86,TE,ACT,0,240,3,Utah,BUF,buffalo_bills,buffalo_bills,Highmark Stadium,Orchard Park,NY,42.7738,-78.7868,Outdoor,Grass,600,1973,
49,Elijah Arroyo,0.0,0,0.0,0.0,0.0,0.0,0.0,0,0,0,0.0,0.0,17.1%,0.0,12,2020,18,TE,UDF,0,254,1,Miami,SEA,seattle_seahawks,seattle_seahawks,Lumen Field,Seattle,WA,47.5952,-122.3316,Outdoor,Turf,20,2002,new_york_giants
27,Grant Calcaterra,1.0,2,0.0,34.0,34.0,1.0,0.0,0,0,1,4.4,4.4,2.8%,12.03,17,2020,81,TE,ACT,0,240,4,SMU,PHI,philadelphia_eagles,philadelphia_eagles,Lincoln Financial Field,Philadelphia,PA,39.9008,-75.1675,Outdoor,Grass,30,2003,
40,Tyler Conklin,1.0,2,0.0,8.0,8.0,0.0,0.0,0,0,1,1.8,1.8,13.5%,3.61,10,2020,83,TE,ACT,0,248,8,Central Michigan,LAC,los_angeles_chargers,los_angeles_chargers,SoFi Stadium,Inglewood,CA,33.9535,-118.3392,Outdoor,Turf,100,2020,
5,Dalton Kincaid,3.0,5,0.0,13.7,28.0,1.0,0.0,0,0,1,13.1,13.1,81.2%,15.18,3,2020,86,TE,ACT,0,240,3,Utah,BUF,buffalo_bills,buffalo_bills,Highmark Stadium,Orchard Park,NY,42.7738,-78.7868,Outdoor,Grass,600,1973,
15,Mike Gesicki,7.0,8,0.0,10.4,24.0,1.0,0.0,0,1,1,12.3,12.3,34.2%,15.12,8,2020,88,TE,ACT,0,245,8,Penn State,CIN,cincinnati_bengals,cincinnati_bengals,Paycor Stadium,Cincinnati,OH,39.0954,-84.516,Outdoor,Turf,482,2000,
14,Noah Gray,4.0,4,0.0,16.5,26.0,2.0,0.0,0,0,1,10.6,10.6,15.6%,14.1,7,2020,83,TE,ACT,0,240,5,Duke,KC,kansas_city_chiefs,kansas_city_chiefs,GEHA Field at Arrowhead Stadium,Kansas City,MO,39.049,-94.4839,Outdoor,Grass,1020,1972,
12,Tyler Conklin,6.0,9,0.0,9.2,25.0,1.0,0.0,0,0,1,11.5,11.5,13.5%,14.13,5,2020,83,TE,ACT,0,248,8,Central Michigan,LAC,los_angeles_chargers,los_angeles_chargers,SoFi Stadium,Inglewood,CA,33.9535,-118.3392,Outdoor,Turf,100,2020,new_orleans_saints
18,Will Dissly,3.0,3,0.0,9.7,15.0,0.0,0.0,0,0,1,5.9,5.9,7.5%,8.14,2,2020,89,TE,ACT,0,265,8,Washington,LAC,los_angeles_chargers,los_angeles_chargers,SoFi Stadium,Inglewood,CA,33.9535,-118.3392,Outdoor,Turf,100,2020,kansas_city_chiefs
47,Josh Whyle,0.0,0,0.0,0.0,0.0,0.0,0.0,0,0,1,0.0,0.0,0.7%,0.0,12,2020,81,TE,ACT,0,248,3,Cincinnati,TEN,tennessee_titans,tennessee_titans,Nissan Stadium,Nashville,TN,36.1665,-86.7713,Outdoor,Grass,476,1999,cleveland_browns
18,Travis Kelce,4.0,5,0.0,7.5,17.0,0.0,0.0,0,0,1,7.0,7.0,95.2%,9.12,3,2020,87,TE,ACT,0,250,13,Cincinnati,KC,kansas_city_chiefs,kansas_city_chiefs,GEHA Field at Arrowhead Stadium,Kansas City,MO,39.049,-94.4839,Outdoor,Grass,1020,1972,
50,Luke Schoonmaker,1.0,2,0.0,5.0,5.0,0.0,0.0,0,0,1,1.5,1.5,4.6%,2.65,3,2020,86,TE,ACT,0,250,3,Michigan,DAL,dallas_cowboys,dallas_cowboys,AT&T Stadium,Arlington,TX,32.7473,-97.0945,Indoor,Turf,639,2009,seattle_seahawks
10,T.J. Hockenson,5.0,7,0.0,10.4,16.0,0.0,0.0,0,0,1,10.2,10.2,94.4%,12.05,15,2020,87,TE,ACT,0,248,7,Iowa,MIN,minnesota_vikings,minnesota_vikings,U.S. Bank Stadium,Minneapolis,MN,44.974,-93.2581,Indoor,Turf,840,2016,new_orleans_saints
10,Sam Laporta,5.0,7,0.0,10.8,14.0,0.0,0.0,0,0,1,10.4,10.4,97.8%,12.05,14,2020,87,TE,ACT,0,245,3,Iowa,DET,detroit_lions,detroit_lions,Ford Field,Detroit,MI,42.34,-83.0456,Indoor,Turf,600,2002,tennessee_titans
3,Jake Ferguson,6.0,11,0.0,15.8,26.0,2.0,0.0,0,0,1,15.5,15.5,69.2%,18.12,3,2020,87,TE,ACT,0,244,4,Wisconsin,DAL,dallas_cowboys,dallas_cowboys,AT&T Stadium,Arlington,TX,32.7473,-97.0945,Indoor,Turf,639,2009,seattle_seahawks
17,Tucker Kraft,2.0,3,0.0,18.5,29.0,1.0,0.0,0,0,1,5.7,5.7,84.9%,10.46,1,2020,85,TE,ACT,0,259,3,South Dakota State,GB,green_bay_packers,green_bay_packers,Lambeau Field,Green Bay,WI,44.5013,-88.0622,Outdoor,Grass,640,1957,
32,Mo Alie-Cox,1.0,1,0.0,22.0,22.0,1.0,0.0,0,0,1,3.2,3.2,0.6%,8.19,2,2020,81,TE,ACT,0,267,8,Virginia Commonwealth Univ.,IND,indianapolis_colts,indianapolis_colts,Lucas Oil Stadium,Indianapolis,IN,39.7601,-86.1639,Indoor,Turf,700,2008,
11,Noah Gray,2.0,5,0.0,10.5,15.0,0.0,0.0,0,0,1,10.1,10.1,15.6%,10.84,15,2020,83,TE,ACT,0,240,5,Duke,KC,kansas_city_chiefs,kansas_city_chiefs,GEHA Field at Arrowhead Stadium,Kansas City,MO,39.049,-94.4839,Outdoor,Grass,1020,1972,
39,Adam Trautman,1.0,1,0.0,19.0,19.0,0.0,0.0,0,0,1,2.9,2.9,0.7%,7.13,5,2020,82,TE,ACT,0,253,6,Dayton,DEN,denver_broncos,denver_broncos,Empower Field at Mile High,Denver,CO,39.7439,-105.0201,Outdoor,Turf,5280,2001,
50,Jeremy Ruckert,1.0,1,0.0,4.0,4.0,0.0,0.0,0,0,1,1.4,1.4,1.9%,2.33,9,2020,89,TE,ACT,0,250,4,Ohio State,NYJ,new_york_jets,new_york_jets,MetLife Stadium,East Rutherford,NJ,40.8136,-74.0744,Outdoor,Turf,3,2010,new_england_patriots
4,Trey Mcbride,7.0,14,0.0,10.0,14.0,0.0,0.0,0,0,1,14.0,14.0,98.4%,15.15,14,2020,85,TE,ACT,0,246,4,Colorado State,ARI,arizona_cardinals,arizona_cardinals,State Farm Stadium,Glendale,AZ,33.5275,-112.2625,Indoor,Turf,1070,2006,
22,Austin Hooper,4.0,4,0.0,8.8,19.0,0.0,0.0,0,0,1,7.5,7.5,3.5%,9.87,11,2020,81,TE,ACT,0,254,10,Stanford,NE,new_england_patriots,new_england_patriots,Gillette Stadium,Foxborough,MA,42.0909,-71.2643,Outdoor,Turf,289,2002,
16,Dallas Goedert,3.0,4,0.0,12.7,16.0,0.0,0.0,0,0,1,6.8,6.8,80.6%,9.32,2,2020,88,TE,ACT,0,256,8,South Dakota State,PHI,philadelphia_eagles,philadelphia_eagles,Lincoln Financial Field,Philadelphia,PA,39.9008,-75.1675,Outdoor,Grass,30,2003,los_angeles_rams
46,Charlie Kolar,0.0,0,0.0,0.0,0.0,0.0,0.0,0,0,1,0.0,0.0,0.1%,0.0,6,2020,88,TE,ACT,0,267,4,Iowa State,BAL,baltimore_ravens,baltimore_ravens,M&T Bank Stadium,Baltimore,MD,39.2779,-76.6227,Outdoor,Grass,10,1998,
36,Luke Farrell,2.0,3,0.0,4.0,6.0,0.0,0.0,0,0,1,2.8,2.8,0.1%,3.86,16,2020,89,TE,ACT,0,250,5,Ohio State,SF,san_francisco_49ers,san_francisco_49ers,Levi's Stadium,Santa Clara,CA,37.403,-121.9692,Outdoor,Grass,13,2014,seattle_seahawks
19,Erick All Jr.,4.0,4,0.0,7.0,11.0,0.0,0.0,0,0,1,6.8,6.8,1.4%,8.31,4,2020,83,TE,ACT,0,255,2,Iowa,CIN,cincinnati_bengals,cincinnati_bengals,Paycor Stadium,Cincinnati,OH,39.0954,-84.516,Outdoor,Turf,482,2000,
15,Pat Freiermuth,4.0,5,0.0,8.3,15.0,0.0,0.0,0,0,1,7.3,7.3,59.9%,9.25,3,2020,88,TE,ACT,0,258,5,Penn State,PIT,pittsburgh_steelers,pittsburgh_steelers,Acrisure Stadium,Pittsburgh,PA,40.4468,-80.0158,Outdoor,Grass,730,2001,
20,Johnny Mundt,2.0,2,0.0,11.0,18.0,0.0,0.0,0,0,1,10.2,10.2,0.1%,11.29,13,2020,81,TE,ACT,0,243,8,Oregon,JAX,jacksonville_jaguars,jacksonville_jaguars,TIAA Bank Field,Jacksonville,FL,30.3239,-81.6373,Outdoor,Grass,16,1995,tennessee_titans
16,Johnny Mundt,1.0,3,0.0,2.0,2.0,0.0,0.0,0,0,1,7.2,7.2,0.1%,5.89,3,2020,81,TE,ACT,0,243,8,Oregon,JAX,jacksonville_jaguars,jacksonville_jaguars,TIAA Bank Field,Jacksonville,FL,30.3239,-81.6373,Outdoor,Grass,16,1995,miami_dolphins
29,Dawson Knox,1.0,2,0.0,23.0,23.0,1.0,0.0,0,0,1,3.3,3.3,5.6%,8.51,1,2020,88,TE,ACT,0,254,7,Mississippi,BUF,buffalo_bills,buffalo_bills,Highmark Stadium,Orchard Park,NY,42.7738,-78.7868,Outdoor,Grass,600,1973,
22,Tommy Tremble,3.0,3,0.0,9.7,20.0,1.0,0.0,0,0,1,5.9,5.9,1.7%,8.74,3,2020,82,TE,ACT,0,250,5,Notre Dame,CAR,carolina_panthers,carolina_panthers,Bank of America Stadium,Charlotte,NC,35.2258,-80.8528,Outdoor,Grass,748,1996,
32,Lucas Krull,2.0,4,0.0,5.5,8.0,0.0,0.0,0,0,1,3.1,3.1,1.0%,4.5,6,2020,85,TE,ACT,0,260,3,Pittsburgh,DEN,denver_broncos,denver_broncos,Empower Field at Mile High,Denver,CO,39.7439,-105.0201,Outdoor,Turf,5280,2001,
16,Connor Heyward,2.0,4,0.0,11.5,16.0,0.0,0.0,0,0,1,10.3,10.3,0.1%,11.24,5,2020,83,TE,ACT,0,230,4,Michigan State,PIT,pittsburgh_steelers,pittsburgh_steelers,Acrisure Stadium,Pittsburgh,PA,40.4468,-80.0158,Outdoor,Grass,730,2001,
49,Charlie Woerner,1.0,2,0.0,4.0,4.0,0.0,0.0,0,0,1,1.4,1.4,0.1%,2.33,1,2020,89,TE,ACT,0,250,6,Georgia,ATL,atlanta_falcons,atlanta_falcons,Mercedes-Benz Stadium,Atlanta,GA,33.755,-84.4008,Indoor,Turf,1050,2017,seattle_seahawks
24,Taysom Hill,1.0,2,35.0,1.0,1.0,0.0,0.0,5,0,1,4.6,4.6,19.9%,12.57,1,2020,7,TE,ACT,0,221,9,BYU,NO,new_orleans_saints,new_orleans_saints,Caesars Superdome,New Orleans,LA,29.9509,-90.0815,Indoor,Turf,3,1975,
30,T.J. Hockenson,3.0,6,0.0,9.3,12.0,0.0,0.0,0,0,1,5.8,5.8,94.4%,7.7,13,2020,87,TE,ACT,0,248,7,Iowa,MIN,minnesota_vikings,minnesota_vikings,U.S. Bank Stadium,Minneapolis,MN,44.974,-93.2581,Indoor,Turf,840,2016,tampa_bay_buccaneers
25,Elijah Higgins,1.0,1,0.0,2.0,2.0,0.0,0.0,0,0,1,7.2,7.2,1.9%,5.89,5,2020,84,TE,ACT,0,234,3,Stanford,ARI,arizona_cardinals,arizona_cardinals,State Farm Stadium,Glendale,AZ,33.5275,-112.2625,Indoor,Turf,1070,2006,
30,Greg Dulcich,2.0,3,0.0,6.0,7.0,0.0,0.0,0,0,1,3.2,3.2,3.0%,4.54,1,2020,89,TE,ACT,0,245,4,UCLA,NYG,new_york_giants,new_york_giants,MetLife Stadium,East Rutherford,NJ,40.8136,-74.0744,Outdoor,Turf,3,2010,pittsburgh_steelers
46,Brenton Strange,1.0,1,0.0,6.0,6.0,0.0,0.0,0,0,1,1.6,1.6,33.2%,2.97,11,2020,85,TE,ACT,0,253,3,Penn State,JAX,jacksonville_jaguars,jacksonville_jaguars,TIAA Bank Field,Jacksonville,FL,30.3239,-81.6373,Outdoor,Grass,16,1995,cleveland_browns
30,Pharaoh Brown,2.0,2,0.0,9.5,13.0,0.0,0.0,0,0,1,3.9,3.9,0.1%,6.15,12,2020,85,TE,ACT,0,246,8,Oregon,MIA,miami_dolphins,miami_dolphins,Hard Rock Stadium,Miami Gardens,FL,25.958,-80.238,Outdoor,Grass,7,1987,
6,Pat Freiermuth,6.0,7,0.0,11.3,25.0,1.0,0.0,0,0,1,18.8,18.8,59.9%,19.56,13,2020,88,TE,ACT,0,258,5,Penn State,PIT,pittsburgh_steelers,pittsburgh_steelers,Acrisure Stadium,Pittsburgh,PA,40.4468,-80.0158,Outdoor,Grass,730,2001,buffalo_bills
5,Mike Gesicki,7.0,9,0.0,13.0,37.0,1.0,0.0,0,0,1,16.1,16.1,34.2%,19.47,2,2020,88,TE,ACT,0,245,8,Penn State,CIN,cincinnati_bengals,cincinnati_bengals,Paycor Stadium,Cincinnati,OH,39.0954,-84.516,Outdoor,Turf,482,2000,cleveland_browns
29,Tucker Kraft,2.0,3,0.0,12.0,21.0,1.0,0.0,0,0,1,4.4,4.4,84.9%,7.78,3,2020,85,TE,ACT,0,259,3,South Dakota State,GB,green_bay_packers,green_bay_packers,Lambeau Field,Green Bay,WI,44.5013,-88.0622,Outdoor,Grass,640,1957,
2,Foster Moreau,4.0,4,0.0,10.8,22.0,1.0,0.0,0,0,1,14.3,14.3,1.4%,15.33,1,2020,87,TE,ACT,0,250,7,LSU,NO,new_orleans_saints,new_orleans_saints,Caesars Superdome,New Orleans,LA,29.9509,-90.0815,Indoor,Turf,3,1975,
3,Tanner Hudson,6.0,7,1.0,7.0,10.0,0.0,0.0,1,0,1,16.3,16.3,1.2%,15.81,10,2020,87,TE,ACT,0,241,6,Southern Arkansas,CIN,cincinnati_bengals,cincinnati_bengals,Paycor Stadium,Cincinnati,OH,39.0954,-84.516,Outdoor,Turf,482,2000,washington_commanders
46,Darnell Washington,1.0,1,0.0,5.0,5.0,0.0,0.0,0,0,1,1.5,1.5,3.0%,2.65,1,2020,80,TE,ACT,0,265,3,Georgia,PIT,pittsburgh_steelers,pittsburgh_steelers,Acrisure Stadium,Pittsburgh,PA,40.4468,-80.0158,Outdoor,Grass,730,2001,
23,Dalton Schultz,3.0,3,0.0,5.3,7.0,0.0,0.0,0,0,1,4.6,4.6,23.3%,5.76,1,2020,86,TE,ACT,0,242,8,Stanford,HOU,houston_texans,houston_texans,NRG Stadium,Houston,TX,29.6847,-95.4107,Indoor,Turf,50,2002,kansas_city_chiefs
42,Elijah Higgins,1.0,2,0.0,5.0,5.0,0.0,0.0,0,0,1,1.5,1.5,1.9%,2.65,12,2020,84,TE,ACT,0,234,3,Stanford,ARI,arizona_cardinals,arizona_cardinals,State Farm Stadium,Glendale,AZ,33.5275,-112.2625,Indoor,Turf,1070,2006,los_angeles_rams
34,Erick All Jr.,2.0,3,0.0,5.0,9.0,0.0,0.0,0,0,1,3.0,3.0,1.4%,4.45,6,2020,83,TE,ACT,0,255,2,Iowa,CIN,cincinnati_bengals,cincinnati_bengals,Paycor Stadium,Cincinnati,OH,39.0954,-84.516,Outdoor,Turf,482,2000,indianapolis_colts
10,Mark Andrews,4.0,5,0.0,12.8,16.0,0.0,0.0,0,0,1,9.1,9.1,94.1%,11.29,2,2020,89,TE,ACT,0,250,8,Oklahoma,BAL,baltimore_ravens,baltimore_ravens,M&T Bank Stadium,Baltimore,MD,39.2779,-76.6227,Outdoor,Grass,10,1998,
34,Lucas Krull,3.0,3,0.0,8.0,12.0,0.0,0.0,0,0,1,5.4,5.4,1.0%,7.23,13,2020,85,TE,ACT,0,260,3,Pittsburgh,DEN,denver_broncos,denver_broncos,Empower Field at Mile High,Denver,CO,39.7439,-105.0201,Outdoor,Turf,5280,2001,
28,Hunter Henry,2.0,4,0.0,16.0,25.0,1.0,0.0,0,0,1,5.2,5.2,48.2%,9.34,5,2020,85,TE,ACT,0,249,10,Arkansas,NE,new_england_patriots,new_england_patriots,Gillette Stadium,Foxborough,MA,42.0909,-71.2643,Outdoor,Turf,289,2002,denver_broncos
33,Harrison Bryant,2.0,2,0.0,11.0,18.0,0.0,0.0,0,0,1,4.2,4.2,0.1%,7.09,9,2020,85,TE,ACT,0,243,6,Florida Atlantic,PHI,philadelphia_eagles,philadelphia_eagles,Lincoln Financial Field,Philadelphia,PA,39.9008,-75.1675,Outdoor,Grass,30,2003,new_york_giants
45,Durham Smythe,1.0,1,0.0,8.0,8.0,0.0,0.0,0,0,1,1.8,1.8,0.6%,3.61,2,2020,81,TE,ACT,0,248,8,Notre Dame,CHI,chicago_bears,chicago_bears,Soldier Field,Chicago,IL,41.8623,-87.6167,Outdoor,Grass,595,1924,
34,Johnny Mundt,2.0,2,0.0,7.5,9.0,0.0,0.0,0,0,1,3.5,3.5,0.1%,5.18,4,2020,81,TE,ACT,0,243,8,Oregon,JAX,jacksonville_jaguars,jacksonville_jaguars,TIAA Bank Field,Jacksonville,FL,30.3239,-81.6373,Outdoor,Grass,16,1995,cincinnati_bengals
6,Michael Mayer,7.0,9,0.0,9.7,29.0,1.0,0.0,0,0,1,13.8,13.8,13.1%,16.57,14,2020,87,TE,ACT,0,265,3,Notre Dame,LV,las_vegas_raiders,las_vegas_raiders,Allegiant Stadium,Las Vegas,NV,36.0908,-115.183,Indoor,Turf,2001,2020,los_angeles_chargers
42,Jordan Akins,1.0,1,0.0,10.0,10.0,0.0,0.0,0,0,1,2.0,2.0,1.0%,4.25,2,2020,88,TE,ACT,76,245,7,UCF,CLE,cleveland_browns,cleveland_browns,FirstEnergy Stadium,Cleveland,OH,41.5061,-81.6995,Outdoor,Grass,577,1999,
17,Theo Johnson,5.0,5,0.0,9.6,22.0,1.0,0.0,0,0,1,9.8,9.8,17.6%,12.35,5,2020,84,TE,ACT,0,264,2,Penn State,NYG,new_york_giants,new_york_giants,MetLife Stadium,East Rutherford,NJ,40.8136,-74.0744,Outdoor,Turf,3,2010,dallas_cowboys
19,Mike Gesicki,5.0,5,0.0,10.6,20.0,1.0,0.0,0,0,1,10.3,10.3,34.2%,12.65,13,2020,88,TE,ACT,0,245,8,Penn State,CIN,cincinnati_bengals,cincinnati_bengals,Paycor Stadium,Cincinnati,OH,39.0954,-84.516,Outdoor,Turf,482,2000,dallas_cowboys
42,Dawson Knox,1.0,1,0.0,5.0,5.0,0.0,0.0,0,0,1,1.5,1.5,5.6%,2.65,14,2020,88,TE,ACT,0,254,7,Mississippi,BUF,buffalo_bills,buffalo_bills,Highmark Stadium,Orchard Park,NY,42.7738,-78.7868,Outdoor,Grass,600,1973,
16,Zach Ertz,3.0,4,0.0,9.3,12.0,0.0,0.0,0,0,1,5.8,5.8,48.1%,7.7,1,2020,86,TE,ACT,0,250,13,Stanford,WAS,washington_commanders,washington_commanders,FedExField,Landover,MD,38.9078,-76.8645,Outdoor,Grass,300,1997,
30,Taysom Hill,2.0,4,20.0,10.5,14.0,0.0,0.0,4,0,1,6.2,6.2,19.9%,13.02,8,2020,7,TE,ACT,0,221,9,BYU,NO,new_orleans_saints,new_orleans_saints,Caesars Superdome,New Orleans,LA,29.9509,-90.0815,Indoor,Turf,3,1975,
1,Brock Bowers,10.0,14,2.0,14.0,33.0,3.0,0.0,1,0,1,30.2,30.2,98.8%,30.84,13,2020,89,TE,ACT,0,230,2,Georgia,LV,las_vegas_raiders,las_vegas_raiders,Allegiant Stadium,Las Vegas,NV,36.0908,-115.183,Indoor,Turf,2001,2020,indianapolis_colts
41,Adam Trautman,1.0,1,0.0,13.0,13.0,0.0,0.0,0,0,1,2.3,2.3,0.7%,5.21,3,2020,82,TE,ACT,0,253,6,Dayton,DEN,denver_broncos,denver_broncos,Empower Field at Mile High,Denver,CO,39.7439,-105.0201,Outdoor,Turf,5280,2001,tampa_bay_buccaneers
16,Brock Bowers,3.0,5,3.0,16.3,25.0,1.0,0.0,1,0,1,8.2,8.2,98.8%,12.58,14,2020,89,TE,ACT,0,230,2,Georgia,LV,las_vegas_raiders,las_vegas_raiders,Allegiant Stadium,Las Vegas,NV,36.0908,-115.183,Indoor,Turf,2001,2020,los_angeles_chargers
36,Isaiah Likely,2.0,4,0.0,8.5,10.0,0.0,0.0,0,0,1,3.7,3.7,50.4%,5.56,7,2020,80,TE,ACT,0,247,4,Coastal Carolina,BAL,baltimore_ravens,baltimore_ravens,M&T Bank Stadium,Baltimore,MD,39.2779,-76.6227,Outdoor,Grass,10,1998,pittsburgh_steelers
17,Colby Parkinson,4.0,7,0.0,8.3,11.0,0.0,0.0,0,0,1,7.3,7.3,4.5%,8.86,4,2020,84,TE,ACT,0,265,6,Stanford,LAR,los_angeles_rams,los_angeles_rams,SoFi Stadium,Inglewood,CA,33.9535,-118.3392,Outdoor,Turf,100,2020,
41,Jonnu Smith,1.0,2,0.0,7.0,7.0,0.0,0.0,0,0,1,1.7,1.7,90.7%,3.29,1,2020,9,TE,ACT,0,248,9,Florida International,MIA,miami_dolphins,miami_dolphins,Hard Rock Stadium,Miami Gardens,FL,25.958,-80.238,Outdoor,Grass,7,1987,new_england_patriots
22,Hunter Henry,4.0,4,0.0,6.3,11.0,0.0,0.0,0,0,1,6.5,6.5,48.2%,8.0,15,2020,85,TE,ACT,0,249,10,Arkansas,NE,new_england_patriots,new_england_patriots,Gillette Stadium,Foxborough,MA,42.0909,-71.2643,Outdoor,Turf,289,2002,buffalo_bills
37,Josh Whyle,1.0,2,0.0,12.0,12.0,0.0,0.0,0,0,1,2.2,2.2,0.7%,4.89,9,2020,81,TE,ACT,0,248,3,Cincinnati,TEN,tennessee_titans,tennessee_titans,Nissan Stadium,Nashville,TN,36.1665,-86.7713,Outdoor,Grass,476,1999,indianapolis_colts
43,Theo Johnson,1.0,1,0.0,6.0,6.0,0.0,0.0,0,0,1,1.6,1.6,17.6%,2.97,4,2020,84,TE,ACT,0,264,2,Penn State,NYG,new_york_giants,new_york_giants,MetLife Stadium,East Rutherford,NJ,40.8136,-74.0744,Outdoor,Turf,3,2010,los_angeles_rams
19,Dawson Knox,4.0,6,0.0,10.0,24.0,1.0,0.0,0,0,1,8.0,8.0,5.6%,11.0,11,2020,88,TE,ACT,0,254,7,Mississippi,BUF,buffalo_bills,buffalo_bills,Highmark Stadium,Orchard Park,NY,42.7738,-78.7868,Outdoor,Grass,600,1973,
40,Noah Gray,1.0,2,0.0,13.0,13.0,0.0,0.0,0,0,1,2.3,2.3,15.6%,5.21,3,2020,83,TE,ACT,0,240,5,Duke,KC,kansas_city_chiefs,kansas_city_chiefs,GEHA Field at Arrowhead Stadium,Kansas City,MO,39.049,-94.4839,Outdoor,Grass,1020,1972,
29,John Bates,2.0,3,0.0,8.5,9.0,0.0,0.0,0,0,1,3.7,3.7,0.6%,5.47,11,2020,87,TE,ACT,0,259,5,Boise State,WAS,washington_commanders,washington_commanders,FedExField,Landover,MD,38.9078,-76.8645,Outdoor,Grass,300,1997,
13,Daniel Bellinger,5.0,7,0.0,9.0,12.0,0.0,0.0,0,0,1,9.5,9.5,2.7%,10.95,14,2020,82,TE,ACT,0,255,4,San Diego State,NYG,new_york_giants,new_york_giants,MetLife Stadium,East Rutherford,NJ,40.8136,-74.0744,Outdoor,Turf,3,2010,cleveland_browns
49,Cam Grandy,1.0,1,0.0,0.0,0.0,0.0,0.0,0,0,1,1.0,1.0,0.0%,1.05,10,2020,85,TE,ACT,0,253,2,Illinois State,CIN,cincinnati_bengals,cincinnati_bengals,Paycor Stadium,Cincinnati,OH,39.0954,-84.516,Outdoor,Turf,482,2000,washington_commanders
13,Tyler Conklin,4.0,4,0.0,1.8,5.0,0.0,0.0,0,0,1,10.7,10.7,13.5%,9.66,7,2020,83,TE,ACT,0,248,8,Central Michigan,LAC,los_angeles_chargers,los_angeles_chargers,SoFi Stadium,Inglewood,CA,33.9535,-118.3392,Outdoor,Turf,100,2020,
17,Davis Allen,5.0,6,0.0,6.8,13.0,0.0,0.0,0,0,1,8.4,8.4,0.6%,9.95,10,2020,87,TE,ACT,0,251,3,Clemson,LAR,los_angeles_rams,los_angeles_rams,SoFi Stadium,Inglewood,CA,33.9535,-118.3392,Outdoor,Turf,100,2020,
49,Nate Adkins,1.0,1,0.0,0.0,0.0,0.0,0.0,0,0,1,1.0,1.0,1.1%,1.05,4,2020,45,TE,ACT,0,252,3,South Carolina,DEN,denver_broncos,denver_broncos,Empower Field at Mile High,Denver,CO,39.7439,-105.0201,Outdoor,Turf,5280,2001,
36,Hunter Long,2.0,2,0.0,8.0,9.0,0.0,0.0,0,0,1,3.6,3.6,0.1%,5.32,5,2020,84,TE,ACT,0,243,5,Boston College,JAX,jacksonville_jaguars,jacksonville_jaguars,TIAA Bank Field,Jacksonville,FL,30.3239,-81.6373,Outdoor,Grass,16,1995,houston_texans
15,Zach Ertz,3.0,6,0.0,11.7,25.0,1.0,0.0,0,0,1,12.5,12.5,48.1%,14.16,13,2020,86,TE,ACT,0,250,13,Stanford,WAS,washington_commanders,washington_commanders,FedExField,Landover,MD,38.9078,-76.8645,Outdoor,Grass,300,1997,
19,Foster Moreau,2.0,2,0.0,6.5,7.0,0.0,0.0,0,0,1,9.3,9.3,1.4%,8.89,5,2020,87,TE,ACT,0,250,7,LSU,NO,new_orleans_saints,new_orleans_saints,Caesars Superdome,New Orleans,LA,29.9509,-90.0815,Indoor,Turf,3,1975,
29,Josh Oliver,1.0,2,0.0,26.0,26.0,1.0,0.0,0,0,1,3.6,3.6,1.0%,9.47,14,2020,84,TE,ACT,0,259,7,San Jose State,MIN,minnesota_vikings,minnesota_vikings,U.S. Bank Stadium,Minneapolis,MN,44.974,-93.2581,Indoor,Turf,840,2016,chicago_bears
50,Austin Hooper,1.0,1,0.0,5.0,5.0,0.0,0.0,0,0,1,1.5,1.5,3.5%,2.65,2,2020,81,TE,ACT,0,254,10,Stanford,NE,new_england_patriots,new_england_patriots,Gillette Stadium,Foxborough,MA,42.0909,-71.2643,Outdoor,Turf,289,2002,seattle_seahawks
44,Jeremy Ruckert,1.0,3,0.0,12.0,12.0,0.0,0.0,0,0,1,2.2,2.2,1.9%,4.89,15,2020,89,TE,ACT,0,250,4,Ohio State,NYJ,new_york_jets,new_york_jets,MetLife Stadium,East Rutherford,NJ,40.8136,-74.0744,Outdoor,Turf,3,2010,
41,Drew Sample,1.0,1,0.0,12.0,12.0,0.0,0.0,0,0,1,2.2,2.2,0.6%,4.89,16,2020,89,TE,ACT,0,260,7,Washington,CIN,cincinnati_bengals,cincinnati_bengals,Paycor Stadium,Cincinnati,OH,39.0954,-84.516,Outdoor,Turf,482,2000,baltimore_ravens
23,Tucker Kraft,2.0,3,0.0,26.5,35.0,1.0,0.0,0,0,1,7.3,7.3,84.9%,13.38,17,2020,85,TE,ACT,0,259,3,South Dakota State,GB,green_bay_packers,green_bay_packers,Lambeau Field,Green Bay,WI,44.5013,-88.0622,Outdoor,Grass,640,1957,tampa_bay_buccaneers
5,Josh Whyle,5.0,5,0.0,7.4,13.0,0.0,0.0,0,0,1,14.7,14.7,0.7%,14.45,15,2020,81,TE,ACT,0,248,3,Cincinnati,TEN,tennessee_titans,tennessee_titans,Nissan Stadium,Nashville,TN,36.1665,-86.7713,Outdoor,Grass,476,1999,green_bay_packers
3,Juwan Johnson,4.0,5,0.0,12.5,30.0,1.0,0.0,0,0,1,15.0,15.0,18.0%,16.88,14,2020,83,TE,ACT,0,231,6,Oregon,NO,new_orleans_saints,new_orleans_saints,Caesars Superdome,New Orleans,LA,29.9509,-90.0815,Indoor,Turf,3,1975,kansas_city_chiefs
18,Will Dissly,5.0,6,0.0,6.0,14.0,0.0,0.0,0,0,1,8.0,8.0,7.5%,9.65,10,2020,89,TE,ACT,0,265,8,Washington,LAC,los_angeles_chargers,los_angeles_chargers,SoFi Stadium,Inglewood,CA,33.9535,-118.3392,Outdoor,Turf,100,2020,
29,Zach Ertz,2.0,2,0.0,12.5,19.0,0.0,0.0,0,0,1,4.5,4.5,48.1%,7.62,15,2020,86,TE,ACT,0,250,13,Stanford,WAS,washington_commanders,washington_commanders,FedExField,Landover,MD,38.9078,-76.8645,Outdoor,Grass,300,1997,carolina_panthers
44,Jordan Akins,1.0,2,0.0,8.0,8.0,0.0,0.0,0,0,1,1.8,1.8,1.0%,3.61,16,2020,88,TE,ACT,76,245,7,UCF,CLE,cleveland_browns,cleveland_browns,FirstEnergy Stadium,Cleveland,OH,41.5061,-81.6995,Outdoor,Grass,577,1999,
6,Dallas Goedert,7.0,8,0.0,8.9,18.0,0.0,0.0,0,0,1,13.2,13.2,80.6%,14.82,4,2020,88,TE,ACT,0,256,8,South Dakota State,PHI,philadelphia_eagles,philadelphia_eagles,Lincoln Financial Field,Philadelphia,PA,39.9008,-75.1675,Outdoor,Grass,30,2003,
26,Foster Moreau,2.0,3,0.0,16.5,21.0,1.0,0.0,0,0,1,5.3,5.3,1.4%,9.09,16,2020,87,TE,ACT,0,250,7,LSU,NO,new_orleans_saints,new_orleans_saints,Caesars Superdome,New Orleans,LA,29.9509,-90.0815,Indoor,Turf,3,1975,
16,Dallas Goedert,3.0,4,0.0,11.7,17.0,0.0,0.0,0,0,1,12.5,12.5,80.6%,13.26,13,2020,88,TE,ACT,0,256,8,South Dakota State,PHI,philadelphia_eagles,philadelphia_eagles,Lincoln Financial Field,Philadelphia,PA,39.9008,-75.1675,Outdoor,Grass,30,2003,
27,Tucker Kraft,2.0,2,0.0,17.0,26.0,1.0,0.0,0,0,1,5.4,5.4,84.9%,9.73,15,2020,85,TE,ACT,0,259,3,South Dakota State,GB,green_bay_packers,green_bay_packers,Lambeau Field,Green Bay,WI,44.5013,-88.0622,Outdoor,Grass,640,1957,
46,Josiah Deguara,1.0,1,0.0,8.0,8.0,0.0,0.0,0,0,1,1.8,1.8,0.0%,3.61,3,2020,47,TE,ACT,0,238,5,Cincinnati,ARI,arizona_cardinals,arizona_cardinals,State Farm Stadium,Glendale,AZ,33.5275,-112.2625,Indoor,Turf,1070,2006,detroit_lions
39,Cole Kmet,1.0,1,0.0,14.0,14.0,0.0,0.0,0,0,1,4.4,4.4,26.4%,6.93,8,2020,85,TE,ACT,0,260,6,Notre Dame,CHI,chicago_bears,chicago_bears,Soldier Field,Chicago,IL,41.8623,-87.6167,Outdoor,Grass,595,1924,new_orleans_saints
10,Zach Ertz,5.0,5,0.0,7.6,12.0,0.0,0.0,0,0,1,8.8,8.8,48.1%,10.25,3,2020,86,TE,ACT,0,250,13,Stanford,WAS,washington_commanders,washington_commanders,FedExField,Landover,MD,38.9078,-76.8645,Outdoor,Grass,300,1997,cleveland_browns
21,Kyle Pitts,3.0,4,0.0,6.7,11.0,0.0,0.0,0,0,1,5.0,5.0,52.5%,6.65,2,2020,8,TE,ACT,0,250,5,Florida,ATL,atlanta_falcons,atlanta_falcons,Mercedes-Benz Stadium,Atlanta,GA,33.755,-84.4008,Indoor,Turf,1050,2017,dallas_cowboys
50,Jeremy Ruckert,1.0,2,0.0,6.0,6.0,0.0,0.0,0,0,1,1.6,1.6,1.9%,2.97,11,2020,89,TE,ACT,0,250,4,Ohio State,NYJ,new_york_jets,new_york_jets,MetLife Stadium,East Rutherford,NJ,40.8136,-74.0744,Outdoor,Turf,3,2010,miami_dolphins
43,Hayden Hurst,1.0,1,0.0,6.0,6.0,0.0,0.0,0,0,1,1.6,1.6,0.7%,2.97,9,2020,81,TE,ACT,76,250,7,South Carolina,LAC,los_angeles_chargers,los_angeles_chargers,SoFi Stadium,Inglewood,CA,33.9535,-118.3392,Outdoor,Turf,100,2020,las_vegas_raiders
41,Darnell Washington,1.0,1,0.0,29.0,29.0,1.0,0.0,0,0,1,3.9,3.9,3.0%,10.43,8,2020,80,TE,ACT,0,265,3,Georgia,PIT,pittsburgh_steelers,pittsburgh_steelers,Acrisure Stadium,Pittsburgh,PA,40.4468,-80.0158,Outdoor,Grass,730,2001,
28,Luke Musgrave,3.0,3,0.0,4.3,5.0,0.0,0.0,0,0,1,4.3,4.3,11.0%,5.2,4,2020,88,TE,ACT,0,253,3,Oregon State,GB,green_bay_packers,green_bay_packers,Lambeau Field,Green Bay,WI,44.5013,-88.0622,Outdoor,Grass,640,1957,
41,Peyton Hendershot,1.0,1,0.0,9.0,9.0,0.0,0.0,0,0,1,1.9,1.9,0.0%,3.93,9,2020,89,TE,ACT,76,254,3,Indiana,DAL,dallas_cowboys,dallas_cowboys,AT&T Stadium,Arlington,TX,32.7473,-97.0945,Indoor,Turf,639,2009,pittsburgh_steelers
28,Chig Okonkwo,3.0,4,0.0,2.7,10.0,0.0,0.0,0,0,1,3.8,3.8,25.3%,5.12,14,2020,85,TE,ACT,0,238,4,Maryland,TEN,tennessee_titans,tennessee_titans,Nissan Stadium,Nashville,TN,36.1665,-86.7713,Outdoor,Grass,476,1999,
37,Durham Smythe,1.0,1,0.0,8.0,8.0,0.0,0.0,0,0,1,1.8,1.8,0.6%,3.61,12,2020,81,TE,ACT,0,248,8,Notre Dame,CHI,chicago_bears,chicago_bears,Soldier Field,Chicago,IL,41.8623,-87.6167,Outdoor,Grass,595,1924,detroit_lions
49,Julian Hill,1.0,2,0.0,4.0,4.0,0.0,0.0,0,0,1,1.4,1.4,0.6%,2.33,7,2020,89,TE,ACT,0,251,3,Campbell University,MIA,miami_dolphins,miami_dolphins,Hard Rock Stadium,Miami Gardens,FL,25.958,-80.238,Outdoor,Grass,7,1987,
40,Tucker Fisk,1.0,1,0.0,8.0,8.0,0.0,0.0,0,0,1,1.8,1.8,1.0%,3.61,17,2020,42,TE,ACT,0,285,2,Stanford,LAC,los_angeles_chargers,los_angeles_chargers,SoFi Stadium,Inglewood,CA,33.9535,-118.3392,Outdoor,Turf,100,2020,
26,Isaiah Likely,2.0,4,0.0,13.5,18.0,0.0,0.0,0,0,1,4.7,4.7,50.4%,7.82,6,2020,80,TE,ACT,0,247,4,Coastal Carolina,BAL,baltimore_ravens,baltimore_ravens,M&T Bank Stadium,Baltimore,MD,39.2779,-76.6227,Outdoor,Grass,10,1998,
46,Will Mallory,1.0,1,0.0,7.0,7.0,0.0,0.0,0,0,1,1.7,1.7,1.0%,3.29,5,2020,86,TE,ACT,0,239,3,Miami,IND,indianapolis_colts,indianapolis_colts,Lucas Oil Stadium,Indianapolis,IN,39.7601,-86.1639,Indoor,Turf,700,2008,cleveland_browns
20,Pat Freiermuth,3.0,3,0.0,7.3,19.0,0.0,0.0,0,1,1,9.2,9.2,59.9%,10.48,5,2020,88,TE,ACT,0,258,5,Penn State,PIT,pittsburgh_steelers,pittsburgh_steelers,Acrisure Stadium,Pittsburgh,PA,40.4468,-80.0158,Outdoor,Grass,730,2001,
43,Marcedes Lewis,1.0,1,0.0,2.0,2.0,0.0,0.0,0,0,1,1.2,1.2,0.0%,1.69,6,2020,84,TE,ACT,78,265,19,UCLA,CHI,chicago_bears,chicago_bears,Soldier Field,Chicago,IL,41.8623,-87.6167,Outdoor,Grass,595,1924,
43,Austin Hooper,1.0,3,0.0,9.0,9.0,0.0,0.0,0,0,1,1.9,1.9,3.5%,3.93,5,2020,81,TE,ACT,0,254,10,Stanford,NE,new_england_patriots,new_england_patriots,Gillette Stadium,Foxborough,MA,42.0909,-71.2643,Outdoor,Turf,289,2002,denver_broncos
18,Evan Engram,4.0,6,0.0,8.3,11.0,0.0,0.0,0,0,1,7.3,7.3,88.1%,8.86,14,2020,1,TE,ACT,0,240,9,Mississippi,DEN,denver_broncos,denver_broncos,Empower Field at Mile High,Denver,CO,39.7439,-105.0201,Outdoor,Turf,5280,2001,buffalo_bills
4,Tyler Conklin,8.0,8,0.0,7.1,20.0,1.0,0.0,0,0,1,21.7,21.7,13.5%,21.16,17,2020,83,TE,ACT,0,248,8,Central Michigan,LAC,los_angeles_chargers,los_angeles_chargers,SoFi Stadium,Inglewood,CA,33.9535,-118.3392,Outdoor,Turf,100,2020,
47,Hunter Long,0.0,0,0.0,0.0,0.0,0.0,0.0,0,0,0,0.0,0.0,0.1%,0.0,6,2020,84,TE,ACT,0,243,5,Boston College,JAX,jacksonville_jaguars,jacksonville_jaguars,TIAA Bank Field,Jacksonville,FL,30.3239,-81.6373,Outdoor,Grass,16,1995,
2,Jonnu Smith,9.0,11,0.0,9.7,14.0,0.0,0.0,1,0,1,23.7,23.7,90.7%,22.6,12,2020,9,TE,ACT,0,248,9,Florida International,MIA,miami_dolphins,miami_dolphins,Hard Rock Stadium,Miami Gardens,FL,25.958,-80.238,Outdoor,Grass,7,1987,
20,Devin Culp,3.0,4,0.0,17.3,26.0,1.0,0.0,0,0,1,8.2,8.2,1.5%,12.08,17,2020,82,TE,ACT,0,237,2,Washington,TB,tampa_bay_buccaneers,tampa_bay_buccaneers,Raymond James Stadium,Tampa,FL,27.9759,-82.5033,Outdoor,Grass,26,1998,
5,Taysom Hill,0.0,0,24.0,0.0,0.0,0.0,2.0,6,0,1,14.4,14.4,19.9%,17.08,4,2020,7,TE,ACT,0,221,9,BYU,NO,new_orleans_saints,new_orleans_saints,Caesars Superdome,New Orleans,LA,29.9509,-90.0815,Indoor,Turf,3,1975,
20,Dalton Schultz,4.0,6,0.0,13.0,17.0,0.0,0.0,0,0,1,9.2,9.2,23.3%,11.49,8,2020,86,TE,ACT,0,242,8,Stanford,HOU,houston_texans,houston_texans,NRG Stadium,Houston,TX,29.6847,-95.4107,Indoor,Turf,50,2002,
28,Tanner Hudson,4.0,4,0.0,7.0,10.0,0.0,0.0,0,0,1,6.8,6.8,1.2%,8.21,13,2020,87,TE,ACT,0,241,6,Southern Arkansas,CIN,cincinnati_bengals,cincinnati_bengals,Paycor Stadium,Cincinnati,OH,39.0954,-84.516,Outdoor,Turf,482,2000,dallas_cowboys
11,Tyler Conklin,5.0,7,0.0,11.8,20.0,1.0,0.0,0,0,1,10.9,10.9,13.5%,13.25,16,2020,83,TE,ACT,0,248,8,Central Michigan,LAC,los_angeles_chargers,los_angeles_chargers,SoFi Stadium,Inglewood,CA,33.9535,-118.3392,Outdoor,Turf,100,2020,
25,Noah Fant,3.0,4,0.0,6.0,7.0,0.0,0.0,0,0,1,4.8,4.8,17.3%,6.01,14,2020,87,TE,ACT,0,249,7,Iowa,SEA,seattle_seahawks,seattle_seahawks,Lumen Field,Seattle,WA,47.5952,-122.3316,Outdoor,Turf,20,2002,
14,Jordan Akins,3.0,3,0.0,7.3,10.0,0.0,0.0,0,0,1,11.2,11.2,1.0%,10.98,5,2020,88,TE,ACT,76,245,7,UCF,CLE,cleveland_browns,cleveland_browns,FirstEnergy Stadium,Cleveland,OH,41.5061,-81.6995,Outdoor,Grass,577,1999,
49,Durham Smythe,1.0,1,0.0,4.0,4.0,0.0,0.0,0,0,1,1.4,1.4,0.6%,2.33,9,2020,81,TE,ACT,0,248,8,Notre Dame,CHI,chicago_bears,chicago_bears,Soldier Field,Chicago,IL,41.8623,-87.6167,Outdoor,Grass,595,1924,
48,Hunter Long,1.0,1,0.0,5.0,5.0,0.0,0.0,0,0,1,1.5,1.5,0.1%,2.65,7,2020,84,TE,ACT,0,243,5,Boston College,JAX,jacksonville_jaguars,jacksonville_jaguars,TIAA Bank Field,Jacksonville,FL,30.3239,-81.6373,Outdoor,Grass,16,1995,los_angeles_chargers
14,Josh Oliver,2.0,2,0.0,5.0,8.0,0.0,0.0,0,0,1,9.0,9.0,1.0%,8.55,4,2020,84,TE,ACT,0,259,7,San Jose State,MIN,minnesota_vikings,minnesota_vikings,U.S. Bank Stadium,Minneapolis,MN,44.974,-93.2581,Indoor,Turf,840,2016,
2,Brenton Strange,11.0,12,0.0,6.6,9.0,0.0,0.0,0,0,1,18.3,18.3,33.2%,18.55,15,2020,85,TE,ACT,0,253,3,Penn State,JAX,jacksonville_jaguars,jacksonville_jaguars,TIAA Bank Field,Jacksonville,FL,30.3239,-81.6373,Outdoor,Grass,16,1995,chicago_bears
46,Darnell Washington,1.0,1,0.0,10.0,10.0,0.0,0.0,0,0,1,2.0,2.0,3.0%,4.25,13,2020,80,TE,ACT,0,265,3,Georgia,PIT,pittsburgh_steelers,pittsburgh_steelers,Acrisure Stadium,Pittsburgh,PA,40.4468,-80.0158,Outdoor,Grass,730,2001,buffalo_bills
41,Foster Moreau,2.0,4,0.0,3.0,4.0,0.0,0.0,0,0,1,2.6,2.6,1.4%,3.37,13,2020,87,TE,ACT,0,250,7,LSU,NO,new_orleans_saints,new_orleans_saints,Caesars Superdome,New Orleans,LA,29.9509,-90.0815,Indoor,Turf,3,1975,philadelphia_eagles
5,Travis Kelce,9.0,10,0.0,7.8,21.0,1.0,0.0,0,0,1,16.0,16.0,95.2%,17.72,5,2020,87,TE,ACT,0,250,13,Cincinnati,KC,kansas_city_chiefs,kansas_city_chiefs,GEHA Field at Arrowhead Stadium,Kansas City,MO,39.049,-94.4839,Outdoor,Grass,1020,1972,las_vegas_raiders
10,Zach Ertz,7.0,11,0.0,11.0,20.0,1.0,0.0,0,0,1,14.7,14.7,48.1%,16.49,8,2020,86,TE,ACT,0,250,13,Stanford,WAS,washington_commanders,washington_commanders,FedExField,Landover,MD,38.9078,-76.8645,Outdoor,Grass,300,1997,new_york_giants
13,Tucker Kraft,6.0,7,0.0,13.0,17.0,0.0,0.0,0,0,1,13.8,13.8,84.9%,15.41,13,2020,85,TE,ACT,0,259,3,South Dakota State,GB,green_bay_packers,green_bay_packers,Lambeau Field,Green Bay,WI,44.5013,-88.0622,Outdoor,Grass,640,1957,
4,David Njoku,9.0,9,0.0,9.0,18.0,0.0,0.0,0,0,1,19.1,19.1,90.5%,19.67,11,2020,85,TE,ACT,0,246,9,Miami,CLE,cleveland_browns,cleveland_browns,FirstEnergy Stadium,Cleveland,OH,41.5061,-81.6995,Outdoor,Grass,577,1999,
13,Darnell Washington,1.0,1,0.0,5.0,5.0,0.0,0.0,0,0,1,7.5,7.5,3.0%,6.85,2,2020,80,TE,ACT,0,265,3,Georgia,PIT,pittsburgh_steelers,pittsburgh_steelers,Acrisure Stadium,Pittsburgh,PA,40.4468,-80.0158,Outdoor,Grass,730,2001,
48,Kenny Yeboah,0.0,0,0.0,0.0,0.0,0.0,0.0,0,0,1,0.0,0.0,0.0%,0.0,14,2020,88,TE,ACT,0,250,5,Mississippi,DET,detroit_lions,detroit_lions,Ford Field,Detroit,MI,42.34,-83.0456,Indoor,Turf,600,2002,tennessee_titans
3,Sam Laporta,7.0,10,0.0,15.9,31.0,2.0,0.0,0,0,1,18.1,18.1,97.8%,20.8,15,2020,87,TE,ACT,0,245,3,Iowa,DET,detroit_lions,detroit_lions,Ford Field,Detroit,MI,42.34,-83.0456,Indoor,Turf,600,2002,tampa_bay_buccaneers
31,Pat Freiermuth,3.0,3,0.0,5.3,7.0,0.0,0.0,0,0,1,4.6,4.6,59.9%,5.76,16,2020,88,TE,ACT,0,258,5,Penn State,PIT,pittsburgh_steelers,pittsburgh_steelers,Acrisure Stadium,Pittsburgh,PA,40.4468,-80.0158,Outdoor,Grass,730,2001,cleveland_browns
42,Charlie Woerner,2.0,3,0.0,3.5,5.0,0.0,0.0,0,0,1,2.7,2.7,0.1%,3.62,15,2020,89,TE,ACT,0,250,6,Georgia,ATL,atlanta_falcons,atlanta_falcons,Mercedes-Benz Stadium,Atlanta,GA,33.755,-84.4008,Indoor,Turf,1050,2017,kansas_city_chiefs
50,Ben Sims,1.0,1,0.0,2.0,2.0,0.0,0.0,0,0,1,1.2,1.2,0.0%,1.69,7,2020,89,TE,ACT,0,250,3,Baylor,GB,green_bay_packers,green_bay_packers,Lambeau Field,Green Bay,WI,44.5013,-88.0622,Outdoor,Grass,640,1957,minnesota_vikings
37,Cam Grandy,2.0,2,0.0,6.0,9.0,0.0,0.0,0,0,1,3.2,3.2,0.0%,4.74,15,2020,85,TE,ACT,0,253,2,Illinois State,CIN,cincinnati_bengals,cincinnati_bengals,Paycor Stadium,Cincinnati,OH,39.0954,-84.516,Outdoor,Turf,482,2000,
33,Grant Calcaterra,1.0,2,0.0,26.0,26.0,1.0,0.0,0,0,1,3.6,3.6,2.8%,9.47,4,2020,81,TE,ACT,0,240,4,SMU,PHI,philadelphia_eagles,philadelphia_eagles,Lincoln Financial Field,Philadelphia,PA,39.9008,-75.1675,Outdoor,Grass,30,2003,
35,Jeremy Ruckert,2.0,2,0.0,6.0,7.0,0.0,0.0,0,0,1,3.2,3.2,1.9%,4.54,16,2020,89,TE,ACT,0,250,4,Ohio State,NYJ,new_york_jets,new_york_jets,MetLife Stadium,East Rutherford,NJ,40.8136,-74.0744,Outdoor,Turf,3,2010,new_england_patriots
1,Trey Mcbride,12.0,15,0.0,11.1,20.0,1.0,0.0,0,0,1,25.3,25.3,98.4%,25.68,12,2020,85,TE,ACT,0,246,4,Colorado State,ARI,arizona_cardinals,arizona_cardinals,State Farm Stadium,Glendale,AZ,33.5275,-112.2625,Indoor,Turf,1070,2006,los_angeles_rams
36,Julian Hill,1.0,2,0.0,8.0,8.0,0.0,0.0,0,0,1,1.8,1.8,0.6%,3.61,12,2020,89,TE,ACT,0,251,3,Campbell University,MIA,miami_dolphins,miami_dolphins,Hard Rock Stadium,Miami Gardens,FL,25.958,-80.238,Outdoor,Grass,7,1987,
50,Drew Sample,1.0,1,0.0,0.0,0.0,0.0,0.0,0,0,1,1.0,1.0,0.6%,1.05,4,2020,89,TE,ACT,0,260,7,Washington,CIN,cincinnati_bengals,cincinnati_bengals,Paycor Stadium,Cincinnati,OH,39.0954,-84.516,Outdoor,Turf,482,2000,
9,Dallas Goedert,2.0,3,0.0,12.5,14.0,0.0,0.0,0,0,1,10.5,10.5,80.6%,11.32,10,2020,88,TE,ACT,0,256,8,South Dakota State,PHI,philadelphia_eagles,philadelphia_eagles,Lincoln Financial Field,Philadelphia,PA,39.9008,-75.1675,Outdoor,Grass,30,2003,cleveland_browns
19,Noah Gray,4.0,5,0.0,6.5,8.0,0.0,0.0,0,0,1,6.6,6.6,15.6%,7.79,14,2020,83,TE,ACT,0,240,5,Duke,KC,kansas_city_chiefs,kansas_city_chiefs,GEHA Field at Arrowhead Stadium,Kansas City,MO,39.049,-94.4839,Outdoor,Grass,1020,1972,
26,Dalton Kincaid,2.0,2,0.0,12.0,13.0,0.0,0.0,0,0,1,4.4,4.4,81.2%,6.88,17,2020,86,TE,ACT,0,240,3,Utah,BUF,buffalo_bills,buffalo_bills,Highmark Stadium,Orchard Park,NY,42.7738,-78.7868,Outdoor,Grass,600,1973,kansas_city_chiefs
39,Johnny Mundt,1.0,1,0.0,7.0,7.0,0.0,0.0,0,0,1,1.7,1.7,0.1%,3.29,12,2020,81,TE,ACT,0,243,8,Oregon,JAX,jacksonville_jaguars,jacksonville_jaguars,TIAA Bank Field,Jacksonville,FL,30.3239,-81.6373,Outdoor,Grass,16,1995,minnesota_vikings
38,Elijah Higgins,2.0,3,0.0,6.0,9.0,0.0,0.0,0,0,1,3.2,3.2,1.9%,4.74,4,2020,84,TE,ACT,0,234,3,Stanford,ARI,arizona_cardinals,arizona_cardinals,State Farm Stadium,Glendale,AZ,33.5275,-112.2625,Indoor,Turf,1070,2006,carolina_panthers
38,Stone Smartt,1.0,1,0.0,10.0,10.0,0.0,0.0,0,0,1,2.0,2.0,2.9%,4.25,6,2020,84,TE,ACT,0,226,4,Old Dominion,NYJ,new_york_jets,new_york_jets,MetLife Stadium,East Rutherford,NJ,40.8136,-74.0744,Outdoor,Turf,3,2010,miami_dolphins
1,Tucker Kraft,4.0,5,0.0,22.0,66.0,1.0,0.0,0,0,1,24.8,24.8,84.9%,28.76,5,2020,85,TE,ACT,0,259,3,South Dakota State,GB,green_bay_packers,green_bay_packers,Lambeau Field,Green Bay,WI,44.5013,-88.0622,Outdoor,Grass,640,1957,
39,Will Mallory,1.0,1,0.0,10.0,10.0,0.0,0.0,0,0,1,2.0,2.0,1.0%,4.25,10,2020,86,TE,ACT,0,239,3,Miami,IND,indianapolis_colts,indianapolis_colts,Lucas Oil Stadium,Indianapolis,IN,39.7601,-86.1639,Indoor,Turf,700,2008,
29,Harrison Bryant,2.0,2,0.0,10.5,14.0,0.0,0.0,0,0,1,4.1,4.1,0.1%,6.54,4,2020,85,TE,ACT,0,243,6,Florida Atlantic,PHI,philadelphia_eagles,philadelphia_eagles,Lincoln Financial Field,Philadelphia,PA,39.9008,-75.1675,Outdoor,Grass,30,2003,
31,Charlie Kolar,1.0,1,0.0,30.0,30.0,1.0,0.0,0,0,1,4.0,4.0,0.1%,10.75,3,2020,88,TE,ACT,0,267,4,Iowa State,BAL,baltimore_ravens,baltimore_ravens,M&T Bank Stadium,Baltimore,MD,39.2779,-76.6227,Outdoor,Grass,10,1998,kansas_city_chiefs
47,Luke Farrell,1.0,1,0.0,5.0,5.0,0.0,0.0,0,0,1,1.5,1.5,0.1%,2.65,9,2020,89,TE,ACT,0,250,5,Ohio State,SF,san_francisco_49ers,san_francisco_49ers,Levi's Stadium,Santa Clara,CA,37.403,-121.9692,Outdoor,Grass,13,2014,new_orleans_saints
32,Jeremy Ruckert,2.0,2,0.0,8.5,12.0,0.0,0.0,0,0,1,3.7,3.7,1.9%,5.76,10,2020,89,TE,ACT,0,250,4,Ohio State,NYJ,new_york_jets,new_york_jets,MetLife Stadium,East Rutherford,NJ,40.8136,-74.0744,Outdoor,Turf,3,2010,los_angeles_chargers
1,David Njoku,10.0,14,0.0,7.6,15.0,0.0,0.0,0,0,1,23.6,23.6,90.5%,22.66,7,2020,85,TE,ACT,0,246,9,Miami,CLE,cleveland_browns,cleveland_browns,FirstEnergy Stadium,Cleveland,OH,41.5061,-81.6995,Outdoor,Grass,577,1999,
3,George Kittle,8.0,12,0.0,8.0,15.0,0.0,0.0,0,0,1,20.4,20.4,97.9%,19.78,5,2020,85,TE,ACT,0,250,9,Iowa,SF,san_francisco_49ers,san_francisco_49ers,Levi's Stadium,Santa Clara,CA,37.403,-121.9692,Outdoor,Grass,13,2014,miami_dolphins
10,Dalton Kincaid,6.0,7,0.0,8.5,15.0,0.0,0.0,0,0,1,11.1,11.1,81.2%,12.65,6,2020,86,TE,ACT,0,240,3,Utah,BUF,buffalo_bills,buffalo_bills,Highmark Stadium,Orchard Park,NY,42.7738,-78.7868,Outdoor,Grass,600,1973,kansas_city_chiefs
38,Jeremy Ruckert,3.0,3,0.0,4.7,10.0,0.0,0.0,0,0,1,4.4,4.4,1.9%,5.84,8,2020,89,TE,ACT,0,250,4,Ohio State,NYJ,new_york_jets,new_york_jets,MetLife Stadium,East Rutherford,NJ,40.8136,-74.0744,Outdoor,Turf,3,2010,kansas_city_chiefs
13,Kyle Pitts,2.0,5,0.0,29.5,50.0,1.0,0.0,0,0,1,7.9,7.9,52.5%,15.76,3,2020,8,TE,ACT,0,250,5,Florida,ATL,atlanta_falcons,atlanta_falcons,Mercedes-Benz Stadium,Atlanta,GA,33.755,-84.4008,Indoor,Turf,1050,2017,chicago_bears
33,Hayden Hurst,2.0,2,0.0,7.5,8.0,0.0,0.0,0,0,1,3.5,3.5,0.7%,5.08,3,2020,81,TE,ACT,76,250,7,South Carolina,LAC,los_angeles_chargers,los_angeles_chargers,SoFi Stadium,Inglewood,CA,33.9535,-118.3392,Outdoor,Turf,100,2020,carolina_panthers
11,Mo Alie-Cox,2.0,4,0.0,18.5,19.0,0.0,0.0,0,0,1,11.7,11.7,0.6%,13.56,5,2020,81,TE,ACT,0,267,8,Virginia Commonwealth Univ.,IND,indianapolis_colts,indianapolis_colts,Lucas Oil Stadium,Indianapolis,IN,39.7601,-86.1639,Indoor,Turf,700,2008,cleveland_browns
8,Brenton Strange,2.0,5,0.0,6.0,6.0,0.0,0.0,0,0,1,9.2,9.2,33.2%,8.64,3,2020,85,TE,ACT,0,253,3,Penn State,JAX,jacksonville_jaguars,jacksonville_jaguars,TIAA Bank Field,Jacksonville,FL,30.3239,-81.6373,Outdoor,Grass,16,1995,miami_dolphins
28,Julian Hill,2.0,2,0.0,12.0,13.0,0.0,0.0,0,0,1,4.4,4.4,0.6%,6.88,3,2020,89,TE,ACT,0,251,3,Campbell University,MIA,miami_dolphins,miami_dolphins,Hard Rock Stadium,Miami Gardens,FL,25.958,-80.238,Outdoor,Grass,7,1987,
224,Austin Hooper,1.0,2,0.0,5.0,5.0,0.0,0.0,0,1,1,-0.5,-0.5,3.5%,1.25,6,2020,81,TE,ACT,0,254,10,Stanford,NE,new_england_patriots,new_england_patriots,Gillette Stadium,Foxborough,MA,42.0909,-71.2643,Outdoor,Turf,289,2002,
2,George Kittle,5.0,6,0.0,11.6,29.0,1.0,0.0,0,0,1,22.8,22.8,97.9%,22.45,6,2020,85,TE,ACT,0,250,9,Iowa,SF,san_francisco_49ers,san_francisco_49ers,Levi's Stadium,Santa Clara,CA,37.403,-121.9692,Outdoor,Grass,13,2014,
12,Juwan Johnson,6.0,10,0.0,11.0,25.0,1.0,0.0,0,0,1,12.6,12.6,18.0%,15.17,17,2020,83,TE,ACT,0,231,6,Oregon,NO,new_orleans_saints,new_orleans_saints,Caesars Superdome,New Orleans,LA,29.9509,-90.0815,Indoor,Turf,3,1975,tampa_bay_buccaneers
10,Luke Schoonmaker,6.0,10,0.0,9.3,24.0,1.0,0.0,0,0,1,11.6,11.6,4.6%,14.11,11,2020,86,TE,ACT,0,250,3,Michigan,DAL,dallas_cowboys,dallas_cowboys,AT&T Stadium,Arlington,TX,32.7473,-97.0945,Indoor,Turf,639,2009,washington_commanders
49,Luke Musgrave,1.0,1,0.0,4.0,4.0,0.0,0.0,0,0,1,1.4,1.4,11.0%,2.33,17,2020,88,TE,ACT,0,253,3,Oregon State,GB,green_bay_packers,green_bay_packers,Lambeau Field,Green Bay,WI,44.5013,-88.0622,Outdoor,Grass,640,1957,tampa_bay_buccaneers
4,Jonnu Smith,10.0,11,0.0,11.3,16.0,0.0,0.0,0,0,1,21.3,21.3,90.7%,21.7,13,2020,9,TE,ACT,0,248,9,Florida International,MIA,miami_dolphins,miami_dolphins,Hard Rock Stadium,Miami Gardens,FL,25.958,-80.238,Outdoor,Grass,7,1987,kansas_city_chiefs
24,Jake Ferguson,6.0,8,0.0,3.8,10.0,0.0,0.0,0,0,1,8.3,8.3,69.2%,9.48,8,2020,87,TE,ACT,0,244,4,Wisconsin,DAL,dallas_cowboys,dallas_cowboys,AT&T Stadium,Arlington,TX,32.7473,-97.0945,Indoor,Turf,639,2009,philadelphia_eagles
8,Cade Otton,6.0,9,0.0,8.7,16.0,0.0,0.0,0,0,1,11.2,11.2,37.3%,12.84,4,2020,88,TE,ACT,0,247,4,Washington,TB,tampa_bay_buccaneers,tampa_bay_buccaneers,Raymond James Stadium,Tampa,FL,27.9759,-82.5033,Outdoor,Grass,26,1998,chicago_bears
25,Brevyn Spann-Ford,2.0,2,0.0,12.0,18.0,0.0,0.0,0,0,1,4.4,4.4,0.0%,7.38,12,2020,89,TE,ACT,0,270,2,Minnesota,DAL,dallas_cowboys,dallas_cowboys,AT&T Stadium,Arlington,TX,32.7473,-97.0945,Indoor,Turf,639,2009,baltimore_ravens
10,Blake Whiteheart,3.0,3,0.0,4.3,7.0,0.0,0.0,0,0,1,10.3,10.3,0.0%,9.6,4,2020,86,TE,ACT,0,250,3,Wake Forest,CLE,cleveland_browns,cleveland_browns,FirstEnergy Stadium,Cleveland,OH,41.5061,-81.6995,Outdoor,Grass,577,1999,
35,John Bates,1.0,1,0.0,14.0,14.0,0.0,0.0,0,0,1,2.4,2.4,0.6%,5.53,17,2020,87,TE,ACT,0,259,5,Boise State,WAS,washington_commanders,washington_commanders,FedExField,Landover,MD,38.9078,-76.8645,Outdoor,Grass,300,1997,tampa_bay_buccaneers
22,Josh Oliver,2.0,2,0.0,13.5,22.0,1.0,0.0,0,0,1,4.7,4.7,1.0%,8.32,1,2020,84,TE,ACT,0,259,7,San Jose State,MIN,minnesota_vikings,minnesota_vikings,U.S. Bank Stadium,Minneapolis,MN,44.974,-93.2581,Indoor,Turf,840,2016,green_bay_packers
4,Dalton Schultz,5.0,8,0.0,9.0,24.0,1.0,0.0,0,0,1,15.5,15.5,23.3%,16.45,16,2020,86,TE,ACT,0,242,8,Stanford,HOU,houston_texans,houston_texans,NRG Stadium,Houston,TX,29.6847,-95.4107,Indoor,Turf,50,2002,tennessee_titans
25,Dawson Knox,2.0,3,0.0,21.0,23.0,1.0,0.0,0,0,1,6.2,6.2,5.6%,10.59,15,2020,88,TE,ACT,0,254,7,Mississippi,BUF,buffalo_bills,buffalo_bills,Highmark Stadium,Orchard Park,NY,42.7738,-78.7868,Outdoor,Grass,600,1973,
13,Kyle Pitts,3.0,5,0.0,23.3,52.0,1.0,0.0,0,0,1,10.0,10.0,52.5%,16.84,6,2020,8,TE,ACT,0,250,5,Florida,ATL,atlanta_falcons,atlanta_falcons,Mercedes-Benz Stadium,Atlanta,GA,33.755,-84.4008,Indoor,Turf,1050,2017,detroit_lions
13,Adam Trautman,2.0,2,0.0,10.0,13.0,0.0,0.0,0,0,1,10.0,10.0,0.7%,10.5,15,2020,82,TE,ACT,0,253,6,Dayton,DEN,denver_broncos,denver_broncos,Empower Field at Mile High,Denver,CO,39.7439,-105.0201,Outdoor,Turf,5280,2001,los_angeles_chargers
43,Nick Vannett,1.0,2,0.0,4.0,4.0,0.0,0.0,0,0,1,1.4,1.4,0.0%,2.33,14,2020,83,TE,ACT,78,261,9,Ohio State,TEN,tennessee_titans,tennessee_titans,Nissan Stadium,Nashville,TN,36.1665,-86.7713,Outdoor,Grass,476,1999,
45,Colby Parkinson,2.0,2,0.0,8.5,9.0,0.0,0.0,0,0,1,3.7,3.7,4.5%,5.47,8,2020,84,TE,ACT,0,265,6,Stanford,LAR,los_angeles_rams,los_angeles_rams,SoFi Stadium,Inglewood,CA,33.9535,-118.3392,Outdoor,Turf,100,2020,
1,Tucker Kraft,6.0,9,0.0,8.8,21.0,1.0,0.0,0,1,1,17.3,17.3,84.9%,17.73,4,2020,85,TE,ACT,0,259,3,South Dakota State,GB,green_bay_packers,green_bay_packers,Lambeau Field,Green Bay,WI,44.5013,-88.0622,Outdoor,Grass,640,1957,
20,Theo Johnson,3.0,6,0.0,13.0,23.0,1.0,0.0,0,0,1,6.9,6.9,17.6%,10.23,12,2020,84,TE,ACT,0,264,2,Penn State,NYG,new_york_giants,new_york_giants,MetLife Stadium,East Rutherford,NJ,40.8136,-74.0744,Outdoor,Turf,3,2010,
12,Evan Engram,4.0,5,0.0,9.0,14.0,0.0,0.0,0,0,1,13.6,13.6,88.1%,13.67,8,2020,1,TE,ACT,0,240,9,Mississippi,DEN,denver_broncos,denver_broncos,Empower Field at Mile High,Denver,CO,39.7439,-105.0201,Outdoor,Turf,5280,2001,atlanta_falcons
18,Mark Andrews,4.0,5,0.0,13.8,27.0,1.0,0.0,0,0,1,9.5,9.5,94.1%,12.92,5,2020,89,TE,ACT,0,250,8,Oklahoma,BAL,baltimore_ravens,baltimore_ravens,M&T Bank Stadium,Baltimore,MD,39.2779,-76.6227,Outdoor,Grass,10,1998,
16,Josh Oliver,2.0,2,0.0,15.0,25.0,1.0,0.0,0,0,1,11.0,11.0,1.0%,13.25,8,2020,84,TE,ACT,0,259,7,San Jose State,MIN,minnesota_vikings,minnesota_vikings,U.S. Bank Stadium,Minneapolis,MN,44.974,-93.2581,Indoor,Turf,840,2016,
7,Jake Ferguson,7.0,10,0.0,10.1,27.0,1.0,0.0,0,0,1,14.1,14.1,69.2%,16.64,9,2020,87,TE,ACT,0,244,4,Wisconsin,DAL,dallas_cowboys,dallas_cowboys,AT&T Stadium,Arlington,TX,32.7473,-97.0945,Indoor,Turf,639,2009,pittsburgh_steelers
15,Jonnu Smith,5.0,8,-1.0,12.4,17.0,0.0,0.0,1,0,1,11.1,11.1,90.7%,12.83,5,2020,9,TE,ACT,0,248,9,Florida International,MIA,miami_dolphins,miami_dolphins,Hard Rock Stadium,Miami Gardens,FL,25.958,-80.238,Outdoor,Grass,7,1987,
44,Eric Saubert,1.0,1,0.0,7.0,7.0,0.0,0.0,0,0,1,1.7,1.7,1.8%,3.29,11,2020,81,TE,ACT,0,253,8,Drake,SEA,seattle_seahawks,seattle_seahawks,Lumen Field,Seattle,WA,47.5952,-122.3316,Outdoor,Turf,20,2002,
18,Ben Sinnott,2.0,2,0.0,3.0,3.0,0.0,0.0,0,0,1,8.6,8.6,15.4%,7.47,7,2020,82,TE,ACT,0,247,2,Kansas State,WAS,washington_commanders,washington_commanders,FedExField,Landover,MD,38.9078,-76.8645,Outdoor,Grass,300,1997,
10,Hunter Henry,7.0,9,0.0,10.7,14.0,0.0,0.0,0,0,1,14.5,14.5,48.2%,15.6,13,2020,85,TE,ACT,0,249,10,Arkansas,NE,new_england_patriots,new_england_patriots,Gillette Stadium,Foxborough,MA,42.0909,-71.2643,Outdoor,Turf,289,2002,los_angeles_rams
3,George Kittle,8.0,9,0.0,13.3,28.0,2.0,0.0,0,0,1,18.6,18.6,97.9%,20.82,16,2020,85,TE,ACT,0,250,9,Iowa,SF,san_francisco_49ers,san_francisco_49ers,Levi's Stadium,Santa Clara,CA,37.403,-121.9692,Outdoor,Grass,13,2014,seattle_seahawks
40,Jake Ferguson,1.0,1,0.0,11.0,11.0,0.0,0.0,0,0,1,2.1,2.1,69.2%,4.57,11,2020,87,TE,ACT,0,244,4,Wisconsin,DAL,dallas_cowboys,dallas_cowboys,AT&T Stadium,Arlington,TX,32.7473,-97.0945,Indoor,Turf,639,2009,washington_commanders
12,Kyle Pitts,4.0,6,0.0,13.8,23.0,1.0,0.0,0,0,1,9.5,9.5,52.5%,12.52,10,2020,8,TE,ACT,0,250,5,Florida,ATL,atlanta_falcons,atlanta_falcons,Mercedes-Benz Stadium,Atlanta,GA,33.755,-84.4008,Indoor,Turf,1050,2017,new_orleans_saints
26,Noah Fant,2.0,2,0.0,13.0,16.0,0.0,0.0,0,0,1,4.6,4.6,17.3%,7.47,4,2020,87,TE,ACT,0,249,7,Iowa,SEA,seattle_seahawks,seattle_seahawks,Lumen Field,Seattle,WA,47.5952,-122.3316,Outdoor,Turf,20,2002,
39,Colby Parkinson,1.0,2,0.0,12.0,12.0,0.0,0.0,0,0,1,2.2,2.2,4.5%,4.89,2,2020,84,TE,ACT,0,265,6,Stanford,LAR,los_angeles_rams,los_angeles_rams,SoFi Stadium,Inglewood,CA,33.9535,-118.3392,Outdoor,Turf,100,2020,
37,Juwan Johnson,2.0,3,0.0,6.5,8.0,0.0,0.0,0,0,1,3.3,3.3,18.0%,4.78,4,2020,83,TE,ACT,0,231,6,Oregon,NO,new_orleans_saints,new_orleans_saints,Caesars Superdome,New Orleans,LA,29.9509,-90.0815,Indoor,Turf,3,1975,
50,Quintin Morris,0.0,0,0.0,0.0,0.0,0.0,0.0,0,0,0,0.0,0.0,0.0%,0.0,14,2020,45,TE,ACT,0,252,4,Bowling Green,JAX,jacksonville_jaguars,jacksonville_jaguars,TIAA Bank Field,Jacksonville,FL,30.3239,-81.6373,Outdoor,Grass,16,1995,baltimore_ravens
27,Will Dissly,2.0,2,0.0,9.5,15.0,0.0,0.0,0,0,1,3.9,3.9,7.5%,6.36,14,2020,89,TE,ACT,0,265,8,Washington,LAC,los_angeles_chargers,los_angeles_chargers,SoFi Stadium,Inglewood,CA,33.9535,-118.3392,Outdoor,Turf,100,2020,
23,Daniel Bellinger,3.0,3,0.0,11.7,17.0,0.0,0.0,0,0,1,6.5,6.5,2.7%,9.06,15,2020,82,TE,ACT,0,255,4,San Diego State,NYG,new_york_giants,new_york_giants,MetLife Stadium,East Rutherford,NJ,40.8136,-74.0744,Outdoor,Turf,3,2010,baltimore_ravens
47,David Martin-Robinson,1.0,1,0.0,6.0,6.0,0.0,0.0,0,0,1,1.6,1.6,0.0%,2.97,16,2020,88,TE,ACT,0,247,2,Temple,TEN,tennessee_titans,tennessee_titans,Nissan Stadium,Nashville,TN,36.1665,-86.7713,Outdoor,Grass,476,1999,
9,David Njoku,4.0,5,0.0,11.0,29.0,1.0,0.0,0,0,1,8.4,8.4,90.5%,11.93,1,2020,85,TE,ACT,0,246,9,Miami,CLE,cleveland_browns,cleveland_browns,FirstEnergy Stadium,Cleveland,OH,41.5061,-81.6995,Outdoor,Grass,577,1999,baltimore_ravens
38,Charlie Woerner,1.0,1,0.0,11.0,11.0,0.0,0.0,0,0,1,2.1,2.1,0.1%,4.57,14,2020,89,TE,ACT,0,250,6,Georgia,ATL,atlanta_falcons,atlanta_falcons,Mercedes-Benz Stadium,Atlanta,GA,33.755,-84.4008,Indoor,Turf,1050,2017,tampa_bay_buccaneers
44,Eric Saubert,1.0,1,0.0,4.0,4.0,0.0,0.0,0,0,1,1.4,1.4,1.8%,2.33,14,2020,81,TE,ACT,0,253,8,Drake,SEA,seattle_seahawks,seattle_seahawks,Lumen Field,Seattle,WA,47.5952,-122.3316,Outdoor,Turf,20,2002,
44,Hayden Hurst,1.0,3,0.0,6.0,6.0,0.0,0.0,0,0,1,1.6,1.6,0.7%,2.97,4,2020,81,TE,ACT,76,250,7,South Carolina,LAC,los_angeles_chargers,los_angeles_chargers,SoFi Stadium,Inglewood,CA,33.9535,-118.3392,Outdoor,Turf,100,2020,tampa_bay_buccaneers
5,David Njoku,8.0,10,0.0,8.3,29.0,1.0,0.0,0,0,1,14.6,14.6,90.5%,17.26,16,2020,85,TE,ACT,0,246,9,Miami,CLE,cleveland_browns,cleveland_browns,FirstEnergy Stadium,Cleveland,OH,41.5061,-81.6995,Outdoor,Grass,577,1999,
29,Johnny Mundt,2.0,2,0.0,15.5,20.0,1.0,0.0,0,0,1,5.1,5.1,0.1%,8.69,5,2020,81,TE,ACT,0,243,8,Oregon,JAX,jacksonville_jaguars,jacksonville_jaguars,TIAA Bank Field,Jacksonville,FL,30.3239,-81.6373,Outdoor,Grass,16,1995,detroit_lions
26,Dalton Schultz,2.0,3,0.0,10.5,16.0,0.0,0.0,0,0,1,4.1,4.1,23.3%,6.74,2,2020,86,TE,ACT,0,242,8,Stanford,HOU,houston_texans,houston_texans,NRG Stadium,Houston,TX,29.6847,-95.4107,Indoor,Turf,50,2002,baltimore_ravens
23,Taysom Hill,2.0,2,14.0,18.0,34.0,1.0,0.0,4,0,1,7.0,7.0,19.9%,15.3,10,2020,7,TE,ACT,0,221,9,BYU,NO,new_orleans_saints,new_orleans_saints,Caesars Superdome,New Orleans,LA,29.9509,-90.0815,Indoor,Turf,3,1975,
48,John Bates,1.0,2,0.0,20.0,20.0,1.0,0.0,0,0,1,3.0,3.0,0.6%,7.55,8,2020,87,TE,ACT,0,259,5,Boise State,WAS,washington_commanders,washington_commanders,FedExField,Landover,MD,38.9078,-76.8645,Outdoor,Grass,300,1997,new_york_giants
49,John Bates,1.0,1,0.0,5.0,5.0,0.0,0.0,0,0,1,1.5,1.5,0.6%,2.65,2,2020,87,TE,ACT,0,259,5,Boise State,WAS,washington_commanders,washington_commanders,FedExField,Landover,MD,38.9078,-76.8645,Outdoor,Grass,300,1997,arizona_cardinals
9,Brenton Strange,4.0,4,0.0,6.0,12.0,0.0,0.0,0,0,1,12.4,12.4,33.2%,12.18,5,2020,85,TE,ACT,0,253,3,Penn State,JAX,jacksonville_jaguars,jacksonville_jaguars,TIAA Bank Field,Jacksonville,FL,30.3239,-81.6373,Outdoor,Grass,16,1995,houston_texans
18,Kyle Pitts,4.0,4,0.0,7.0,11.0,0.0,0.0,0,0,1,6.8,6.8,52.5%,8.31,15,2020,8,TE,ACT,0,250,5,Florida,ATL,atlanta_falcons,atlanta_falcons,Mercedes-Benz Stadium,Atlanta,GA,33.755,-84.4008,Indoor,Turf,1050,2017,kansas_city_chiefs
34,Tanner Hudson,2.0,3,0.0,7.0,11.0,0.0,0.0,0,0,1,3.4,3.4,1.2%,5.23,9,2020,87,TE,ACT,0,241,6,Southern Arkansas,CIN,cincinnati_bengals,cincinnati_bengals,Paycor Stadium,Cincinnati,OH,39.0954,-84.516,Outdoor,Turf,482,2000,pittsburgh_steelers
18,Chig Okonkwo,5.0,7,17.0,8.4,18.0,0.0,0.0,1,0,1,10.9,10.9,25.3%,16.69,17,2020,85,TE,ACT,0,238,4,Maryland,TEN,tennessee_titans,tennessee_titans,Nissan Stadium,Nashville,TN,36.1665,-86.7713,Outdoor,Grass,476,1999,baltimore_ravens
48,Drew Sample,1.0,1,0.0,8.0,8.0,0.0,0.0,0,0,1,1.8,1.8,0.6%,3.61,15,2020,89,TE,ACT,0,260,7,Washington,CIN,cincinnati_bengals,cincinnati_bengals,Paycor Stadium,Cincinnati,OH,39.0954,-84.516,Outdoor,Turf,482,2000,
29,Juwan Johnson,2.0,3,0.0,11.0,16.0,0.0,0.0,0,0,1,4.2,4.2,18.0%,6.89,10,2020,83,TE,ACT,0,231,6,Oregon,NO,new_orleans_saints,new_orleans_saints,Caesars Superdome,New Orleans,LA,29.9509,-90.0815,Indoor,Turf,3,1975,
25,Dalton Kincaid,4.0,7,0.0,3.8,7.0,0.0,0.0,0,0,1,5.5,5.5,81.2%,6.52,16,2020,86,TE,ACT,0,240,3,Utah,BUF,buffalo_bills,buffalo_bills,Highmark Stadium,Orchard Park,NY,42.7738,-78.7868,Outdoor,Grass,600,1973,
7,Cade Otton,7.0,8,0.0,6.7,13.0,0.0,0.0,0,1,1,9.7,9.7,37.3%,11.54,3,2020,88,TE,ACT,0,247,4,Washington,TB,tampa_bay_buccaneers,tampa_bay_buccaneers,Raymond James Stadium,Tampa,FL,27.9759,-82.5033,Outdoor,Grass,26,1998,
49,Drew Ogletree,1.0,1,0.0,5.0,5.0,0.0,0.0,0,0,1,1.5,1.5,1.1%,2.65,5,2020,85,TE,ACT,77,260,3,Findlay,IND,indianapolis_colts,indianapolis_colts,Lucas Oil Stadium,Indianapolis,IN,39.7601,-86.1639,Indoor,Turf,700,2008,cleveland_browns
36,Ja'Tavion Sanders,2.0,2,0.0,4.0,6.0,0.0,0.0,0,0,1,2.8,2.8,20.1%,3.86,2,2020,"",TE,ACT,0,252,2,Texas,CAR,carolina_panthers,carolina_panthers,Bank of America Stadium,Charlotte,NC,35.2258,-80.8528,Outdoor,Grass,748,1996,tampa_bay_buccaneers
9,Nick Vannett,2.0,2,0.0,4.5,8.0,0.0,0.0,0,0,1,8.9,8.9,0.0%,8.41,3,2020,83,TE,ACT,78,261,9,Ohio State,TEN,tennessee_titans,tennessee_titans,Nissan Stadium,Nashville,TN,36.1665,-86.7713,Outdoor,Grass,476,1999,
42,John Bates,1.0,1,0.0,9.0,9.0,0.0,0.0,0,0,1,1.9,1.9,0.6%,3.93,4,2020,87,TE,ACT,0,259,5,Boise State,WAS,washington_commanders,washington_commanders,FedExField,Landover,MD,38.9078,-76.8645,Outdoor,Grass,300,1997,baltimore_ravens
19,Jordan Akins,4.0,7,0.0,7.3,10.0,0.0,0.0,0,0,1,6.9,6.9,1.0%,8.33,3,2020,88,TE,ACT,76,245,7,UCF,CLE,cleveland_browns,cleveland_browns,FirstEnergy Stadium,Cleveland,OH,41.5061,-81.6995,Outdoor,Grass,577,1999,
39,Ian Thomas,2.0,2,0.0,2.0,2.0,0.0,0.0,0,0,1,2.4,2.4,0.1%,2.88,7,2020,80,TE,ACT,0,260,8,Indiana,LV,las_vegas_raiders,las_vegas_raiders,Allegiant Stadium,Las Vegas,NV,36.0908,-115.183,Indoor,Turf,2001,2020,tampa_bay_buccaneers
45,Tyler Conklin,1.0,2,0.0,7.0,7.0,0.0,0.0,1,0,1,1.7,1.7,13.5%,3.29,11,2020,83,TE,ACT,0,248,8,Central Michigan,LAC,los_angeles_chargers,los_angeles_chargers,SoFi Stadium,Inglewood,CA,33.9535,-118.3392,Outdoor,Turf,100,2020,buffalo_bills
8,Mark Andrews,4.0,6,1.0,9.3,16.0,0.0,0.0,1,0,1,13.8,13.8,94.1%,14.3,16,2020,89,TE,ACT,0,250,8,Oklahoma,BAL,baltimore_ravens,baltimore_ravens,M&T Bank Stadium,Baltimore,MD,39.2779,-76.6227,Outdoor,Grass,10,1998,
28,Mark Andrews,2.0,2,0.0,7.0,11.0,0.0,0.0,0,0,1,3.4,3.4,94.1%,5.23,1,2020,89,TE,ACT,0,250,8,Oklahoma,BAL,baltimore_ravens,baltimore_ravens,M&T Bank Stadium,Baltimore,MD,39.2779,-76.6227,Outdoor,Grass,10,1998,
3,Jonnu Smith,6.0,8,0.0,16.8,57.0,1.0,0.0,0,0,1,28.1,28.1,90.7%,30.09,11,2020,9,TE,ACT,0,248,9,Florida International,MIA,miami_dolphins,miami_dolphins,Hard Rock Stadium,Miami Gardens,FL,25.958,-80.238,Outdoor,Grass,7,1987,
32,Jonnu Smith,2.0,3,0.0,9.0,13.0,0.0,0.0,0,0,1,3.8,3.8,90.7%,6.01,3,2020,9,TE,ACT,0,248,9,Florida International,MIA,miami_dolphins,miami_dolphins,Hard Rock Stadium,Miami Gardens,FL,25.958,-80.238,Outdoor,Grass,7,1987,
43,Adam Trautman,1.0,2,0.0,3.0,3.0,0.0,0.0,0,0,1,1.3,1.3,0.7%,2.01,12,2020,82,TE,ACT,0,253,6,Dayton,DEN,denver_broncos,denver_broncos,Empower Field at Mile High,Denver,CO,39.7439,-105.0201,Outdoor,Turf,5280,2001,kansas_city_chiefs
49,Adam Trautman,1.0,1,0.0,5.0,5.0,0.0,0.0,0,0,1,1.5,1.5,0.7%,2.65,16,2020,82,TE,ACT,0,253,6,Dayton,DEN,denver_broncos,denver_broncos,Empower Field at Mile High,Denver,CO,39.7439,-105.0201,Outdoor,Turf,5280,2001,las_vegas_raiders
4,Josh Oliver,5.0,5,0.0,11.6,14.0,0.0,0.0,0,0,1,16.8,16.8,1.0%,16.65,9,2020,84,TE,ACT,0,259,7,San Jose State,MIN,minnesota_vikings,minnesota_vikings,U.S. Bank Stadium,Minneapolis,MN,44.974,-93.2581,Indoor,Turf,840,2016,
23,Darnell Washington,2.0,2,0.0,15.5,20.0,1.0,0.0,0,0,1,5.1,5.1,3.0%,8.69,4,2020,80,TE,ACT,0,265,3,Georgia,PIT,pittsburgh_steelers,pittsburgh_steelers,Acrisure Stadium,Pittsburgh,PA,40.4468,-80.0158,Outdoor,Grass,730,2001,
43,Brenton Strange,1.0,2,0.0,14.0,14.0,0.0,0.0,0,0,1,2.4,2.4,33.2%,5.53,13,2020,85,TE,ACT,0,253,3,Penn State,JAX,jacksonville_jaguars,jacksonville_jaguars,TIAA Bank Field,Jacksonville,FL,30.3239,-81.6373,Outdoor,Grass,16,1995,tennessee_titans
17,Tommy Tremble,1.0,2,0.0,3.0,3.0,0.0,0.0,0,0,1,7.3,7.3,1.7%,6.21,14,2020,82,TE,ACT,0,250,5,Notre Dame,CAR,carolina_panthers,carolina_panthers,Bank of America Stadium,Charlotte,NC,35.2258,-80.8528,Outdoor,Grass,748,1996,green_bay_packers
18,David Njoku,5.0,7,0.0,5.8,11.0,0.0,0.0,0,0,1,7.9,7.9,90.5%,9.25,9,2020,85,TE,ACT,0,246,9,Miami,CLE,cleveland_browns,cleveland_browns,FirstEnergy Stadium,Cleveland,OH,41.5061,-81.6995,Outdoor,Grass,577,1999,
11,Dalton Schultz,3.0,4,0.0,22.0,32.0,1.0,0.0,0,0,1,9.6,9.6,23.3%,14.37,10,2020,86,TE,ACT,0,242,8,Stanford,HOU,houston_texans,houston_texans,NRG Stadium,Houston,TX,29.6847,-95.4107,Indoor,Turf,50,2002,
25,Austin Hooper,3.0,3,0.0,6.3,9.0,0.0,0.0,0,0,1,4.9,4.9,3.5%,6.32,17,2020,81,TE,ACT,0,254,10,Stanford,NE,new_england_patriots,new_england_patriots,Gillette Stadium,Foxborough,MA,42.0909,-71.2643,Outdoor,Turf,289,2002,
42,Tyler Conklin,1.0,2,0.0,6.0,6.0,0.0,0.0,0,0,1,1.6,1.6,13.5%,2.97,1,2020,83,TE,ACT,0,248,8,Central Michigan,LAC,los_angeles_chargers,los_angeles_chargers,SoFi Stadium,Inglewood,CA,33.9535,-118.3392,Outdoor,Turf,100,2020,
5,Taysom Hill,4.0,5,19.0,10.3,15.0,0.0,1.0,5,0,1,16.0,16.0,19.9%,20.9,9,2020,7,TE,ACT,0,221,9,BYU,NO,new_orleans_saints,new_orleans_saints,Caesars Superdome,New Orleans,LA,29.9509,-90.0815,Indoor,Turf,3,1975,
12,Josh Whyle,4.0,5,0.0,10.8,23.0,1.0,0.0,0,0,1,8.3,8.3,0.7%,11.23,3,2020,81,TE,ACT,0,248,3,Cincinnati,TEN,tennessee_titans,tennessee_titans,Nissan Stadium,Nashville,TN,36.1665,-86.7713,Outdoor,Grass,476,1999,
21,Eric Saubert,1.0,1,0.0,2.0,2.0,0.0,0.0,0,0,1,7.2,7.2,1.8%,5.89,16,2020,81,TE,ACT,0,253,8,Drake,SEA,seattle_seahawks,seattle_seahawks,Lumen Field,Seattle,WA,47.5952,-122.3316,Outdoor,Turf,20,2002,
16,Pat Freiermuth,7.0,8,0.0,8.6,15.0,0.0,0.0,0,1,1,11.0,11.0,59.9%,12.94,17,2020,88,TE,ACT,0,258,5,Penn State,PIT,pittsburgh_steelers,pittsburgh_steelers,Acrisure Stadium,Pittsburgh,PA,40.4468,-80.0158,Outdoor,Grass,730,2001,cleveland_browns
22,Tyler Conklin,4.0,8,0.0,4.3,9.0,0.0,0.0,0,0,1,5.7,5.7,13.5%,6.94,4,2020,83,TE,ACT,0,248,8,Central Michigan,LAC,los_angeles_chargers,los_angeles_chargers,SoFi Stadium,Inglewood,CA,33.9535,-118.3392,Outdoor,Turf,100,2020,tampa_bay_buccaneers
37,Aj Barner,1.0,1,0.0,13.0,13.0,0.0,0.0,0,0,1,2.3,2.3,4.5%,5.21,14,2020,88,TE,ACT,0,251,2,Michigan,SEA,seattle_seahawks,seattle_seahawks,Lumen Field,Seattle,WA,47.5952,-122.3316,Outdoor,Turf,20,2002,
18,Travis Kelce,5.0,7,0.0,6.0,14.0,0.0,0.0,0,0,1,8.0,8.0,95.2%,9.65,16,2020,87,TE,ACT,0,250,13,Cincinnati,KC,kansas_city_chiefs,kansas_city_chiefs,GEHA Field at Arrowhead Stadium,Kansas City,MO,39.049,-94.4839,Outdoor,Grass,1020,1972,los_angeles_chargers
39,Colby Parkinson,1.0,1,0.0,11.0,11.0,0.0,0.0,0,0,1,2.1,2.1,4.5%,4.57,14,2020,84,TE,ACT,0,265,6,Stanford,LAR,los_angeles_rams,los_angeles_rams,SoFi Stadium,Inglewood,CA,33.9535,-118.3392,Outdoor,Turf,100,2020,new_york_jets
21,Dalton Kincaid,3.0,6,0.0,17.3,25.0,1.0,0.0,0,0,1,8.2,8.2,81.2%,11.98,7,2020,86,TE,ACT,0,240,3,Utah,BUF,buffalo_bills,buffalo_bills,Highmark Stadium,Orchard Park,NY,42.7738,-78.7868,Outdoor,Grass,600,1973,
4,Sam Laporta,3.0,6,0.0,22.0,37.0,2.0,0.0,0,0,1,15.6,15.6,97.8%,19.17,10,2020,87,TE,ACT,0,245,3,Iowa,DET,detroit_lions,detroit_lions,Ford Field,Detroit,MI,42.34,-83.0456,Indoor,Turf,600,2002,carolina_panthers
15,Jonnu Smith,3.0,4,0.0,8.7,12.0,0.0,0.0,0,0,1,11.6,11.6,90.7%,11.68,17,2020,9,TE,ACT,0,248,9,Florida International,MIA,miami_dolphins,miami_dolphins,Hard Rock Stadium,Miami Gardens,FL,25.958,-80.238,Outdoor,Grass,7,1987,
34,Noah Gray,3.0,3,0.0,7.7,10.0,0.0,0.0,0,0,1,5.3,5.3,15.6%,6.92,8,2020,83,TE,ACT,0,240,5,Duke,KC,kansas_city_chiefs,kansas_city_chiefs,GEHA Field at Arrowhead Stadium,Kansas City,MO,39.049,-94.4839,Outdoor,Grass,1020,1972,
23,Cole Kmet,3.0,3,0.0,14.0,25.0,1.0,0.0,0,0,1,7.2,7.2,26.4%,10.79,11,2020,85,TE,ACT,0,260,6,Notre Dame,CHI,chicago_bears,chicago_bears,Soldier Field,Chicago,IL,41.8623,-87.6167,Outdoor,Grass,595,1924,green_bay_packers
22,Dallas Goedert,4.0,5,0.0,4.8,7.0,0.0,0.0,0,0,1,5.9,5.9,80.6%,6.95,12,2020,88,TE,ACT,0,256,8,South Dakota State,PHI,philadelphia_eagles,philadelphia_eagles,Lincoln Financial Field,Philadelphia,PA,39.9008,-75.1675,Outdoor,Grass,30,2003,green_bay_packers
6,Noah Fant,6.0,6,0.0,10.0,16.0,0.0,0.0,0,0,1,12.0,12.0,17.3%,13.6,3,2020,87,TE,ACT,0,249,7,Iowa,SEA,seattle_seahawks,seattle_seahawks,Lumen Field,Seattle,WA,47.5952,-122.3316,Outdoor,Turf,20,2002,
19,Drew Sample,3.0,3,0.0,9.3,12.0,0.0,0.0,0,0,1,5.8,5.8,0.6%,7.7,2,2020,89,TE,ACT,0,260,7,Washington,CIN,cincinnati_bengals,cincinnati_bengals,Paycor Stadium,Cincinnati,OH,39.0954,-84.516,Outdoor,Turf,482,2000,cleveland_browns
34,Julian Hill,1.0,1,0.0,14.0,14.0,0.0,0.0,0,0,1,2.4,2.4,0.6%,5.53,14,2020,89,TE,ACT,0,251,3,Campbell University,MIA,miami_dolphins,miami_dolphins,Hard Rock Stadium,Miami Gardens,FL,25.958,-80.238,Outdoor,Grass,7,1987,
21,Dalton Schultz,4.0,8,0.0,6.8,9.0,0.0,0.0,0,0,1,6.7,6.7,23.3%,8.01,6,2020,86,TE,ACT,0,242,8,Stanford,HOU,houston_texans,houston_texans,NRG Stadium,Houston,TX,29.6847,-95.4107,Indoor,Turf,50,2002,tennessee_titans
25,Jake Ferguson,3.0,5,0.0,5.0,7.0,0.0,0.0,0,0,1,4.5,4.5,69.2%,5.65,1,2020,87,TE,ACT,0,244,4,Wisconsin,DAL,dallas_cowboys,dallas_cowboys,AT&T Stadium,Arlington,TX,32.7473,-97.0945,Indoor,Turf,639,2009,los_angeles_rams
5,Juwan Johnson,2.0,3,0.0,13.0,16.0,0.0,0.0,0,0,1,10.6,10.6,18.0%,11.67,1,2020,83,TE,ACT,0,231,6,Oregon,NO,new_orleans_saints,new_orleans_saints,Caesars Superdome,New Orleans,LA,29.9509,-90.0815,Indoor,Turf,3,1975,
7,Sam Laporta,6.0,8,0.0,10.7,28.0,1.0,0.0,0,0,1,18.4,18.4,97.8%,19.48,17,2020,87,TE,ACT,0,245,3,Iowa,DET,detroit_lions,detroit_lions,Ford Field,Detroit,MI,42.34,-83.0456,Indoor,Turf,600,2002,
23,Mike Gesicki,3.0,3,0.0,8.0,13.0,0.0,0.0,0,0,1,5.4,5.4,34.2%,7.33,14,2020,88,TE,ACT,0,245,8,Penn State,CIN,cincinnati_bengals,cincinnati_bengals,Paycor Stadium,Cincinnati,OH,39.0954,-84.516,Outdoor,Turf,482,2000,
16,Stone Smartt,5.0,6,0.0,10.0,31.0,1.0,0.0,0,1,1,8.0,8.0,2.9%,12.05,15,2020,84,TE,ACT,0,226,4,Old Dominion,NYJ,new_york_jets,new_york_jets,MetLife Stadium,East Rutherford,NJ,40.8136,-74.0744,Outdoor,Turf,3,2010,
34,Harrison Bryant,2.0,2,0.0,9.5,12.0,0.0,0.0,0,0,1,3.9,3.9,0.1%,6.06,7,2020,85,TE,ACT,0,243,6,Florida Atlantic,PHI,philadelphia_eagles,philadelphia_eagles,Lincoln Financial Field,Philadelphia,PA,39.9008,-75.1675,Outdoor,Grass,30,2003,
45,Colby Parkinson,1.0,1,0.0,13.0,13.0,0.0,0.0,0,0,1,2.3,2.3,4.5%,5.21,13,2020,84,TE,ACT,0,265,6,Stanford,LAR,los_angeles_rams,los_angeles_rams,SoFi Stadium,Inglewood,CA,33.9535,-118.3392,Outdoor,Turf,100,2020,
47,Pharaoh Brown,1.0,1,0.0,7.0,7.0,0.0,0.0,0,0,1,1.7,1.7,0.1%,3.29,5,2020,85,TE,ACT,0,246,8,Oregon,MIA,miami_dolphins,miami_dolphins,Hard Rock Stadium,Miami Gardens,FL,25.958,-80.238,Outdoor,Grass,7,1987,
5,T.J. Hockenson,8.0,9,0.0,9.0,26.0,1.0,0.0,0,0,1,15.2,15.2,94.4%,17.49,10,2020,87,TE,ACT,0,248,7,Iowa,MIN,minnesota_vikings,minnesota_vikings,U.S. Bank Stadium,Minneapolis,MN,44.974,-93.2581,Indoor,Turf,840,2016,dallas_cowboys
44,Brock Wright,1.0,1,0.0,13.0,13.0,0.0,0.0,0,0,1,2.3,2.3,1.0%,5.21,13,2020,89,TE,ACT,0,254,5,Notre Dame,DET,detroit_lions,detroit_lions,Ford Field,Detroit,MI,42.34,-83.0456,Indoor,Turf,600,2002,green_bay_packers
28,Dalton Schultz,2.0,2,0.0,10.0,16.0,0.0,0.0,0,0,1,4.0,4.0,23.3%,6.6,12,2020,86,TE,ACT,0,242,8,Stanford,HOU,houston_texans,houston_texans,NRG Stadium,Houston,TX,29.6847,-95.4107,Indoor,Turf,50,2002,indianapolis_colts
7,Trey Mcbride,4.0,5,0.0,17.8,23.0,1.0,0.0,0,0,1,11.1,11.1,98.4%,14.24,10,2020,85,TE,ACT,0,246,4,Colorado State,ARI,arizona_cardinals,arizona_cardinals,State Farm Stadium,Glendale,AZ,33.5275,-112.2625,Indoor,Turf,1070,2006,seattle_seahawks
46,Tanner Hudson,1.0,1,0.0,9.0,9.0,0.0,0.0,0,0,1,1.9,1.9,1.2%,3.93,15,2020,87,TE,ACT,0,241,6,Southern Arkansas,CIN,cincinnati_bengals,cincinnati_bengals,Paycor Stadium,Cincinnati,OH,39.0954,-84.516,Outdoor,Turf,482,2000,
47,Cade Stover,1.0,2,0.0,2.0,2.0,0.0,0.0,0,0,1,1.2,1.2,4.4%,1.69,10,2020,87,TE,ACT,0,251,2,Ohio State,HOU,houston_texans,houston_texans,NRG Stadium,Houston,TX,29.6847,-95.4107,Indoor,Turf,50,2002,
24,Trey Mcbride,3.0,6,0.0,8.3,9.0,0.0,0.0,0,0,1,5.5,5.5,98.4%,7.04,3,2020,85,TE,ACT,0,246,4,Colorado State,ARI,arizona_cardinals,arizona_cardinals,State Farm Stadium,Glendale,AZ,33.5275,-112.2625,Indoor,Turf,1070,2006,detroit_lions
31,Noah Gray,2.0,2,0.0,9.0,13.0,0.0,0.0,0,0,1,3.8,3.8,15.6%,6.01,10,2020,83,TE,ACT,0,240,5,Duke,KC,kansas_city_chiefs,kansas_city_chiefs,GEHA Field at Arrowhead Stadium,Kansas City,MO,39.049,-94.4839,Outdoor,Grass,1020,1972,
1,Travis Kelce,8.0,12,0.0,8.0,22.0,1.0,0.0,0,0,1,20.4,20.4,95.2%,20.58,10,2020,87,TE,ACT,0,250,13,Cincinnati,KC,kansas_city_chiefs,kansas_city_chiefs,GEHA Field at Arrowhead Stadium,Kansas City,MO,39.049,-94.4839,Outdoor,Grass,1020,1972,
11,Zach Ertz,4.0,5,0.0,17.0,24.0,2.0,0.0,0,0,1,10.8,10.8,48.1%,14.11,6,2020,86,TE,ACT,0,250,13,Stanford,WAS,washington_commanders,washington_commanders,FedExField,Landover,MD,38.9078,-76.8645,Outdoor,Grass,300,1997,new_york_giants
7,Jake Ferguson,7.0,7,0.0,7.0,9.0,0.0,0.0,0,0,1,11.9,11.9,69.2%,12.73,4,2020,87,TE,ACT,0,244,4,Wisconsin,DAL,dallas_cowboys,dallas_cowboys,AT&T Stadium,Arlington,TX,32.7473,-97.0945,Indoor,Turf,639,2009,cleveland_browns
33,Gerald Everett,2.0,2,0.0,11.0,17.0,0.0,0.0,0,0,1,4.2,4.2,1.4%,6.99,5,2020,81,TE,ACT,75,250,8,South Alabama,CHI,chicago_bears,chicago_bears,Soldier Field,Chicago,IL,41.8623,-87.6167,Outdoor,Grass,595,1924,
3,Evan Engram,10.0,10,0.0,10.2,24.0,1.0,0.0,0,1,1,18.2,18.2,88.1%,20.27,6,2020,1,TE,ACT,0,240,9,Mississippi,DEN,denver_broncos,denver_broncos,Empower Field at Mile High,Denver,CO,39.7439,-105.0201,Outdoor,Turf,5280,2001,
36,Tip Reiman,1.0,1,0.0,14.0,14.0,0.0,0.0,0,0,1,2.4,2.4,0.1%,5.53,14,2020,87,TE,ACT,0,271,2,Illinois,ARI,arizona_cardinals,arizona_cardinals,State Farm Stadium,Glendale,AZ,33.5275,-112.2625,Indoor,Turf,1070,2006,
33,Jordan Akins,1.0,1,0.0,14.0,14.0,0.0,0.0,0,0,1,2.4,2.4,1.0%,5.53,14,2020,88,TE,ACT,76,245,7,UCF,CLE,cleveland_browns,cleveland_browns,FirstEnergy Stadium,Cleveland,OH,41.5061,-81.6995,Outdoor,Grass,577,1999,
34,Michael Mayer,2.0,2,0.0,5.5,9.0,0.0,0.0,0,0,1,3.1,3.1,13.1%,4.6,12,2020,87,TE,ACT,0,265,3,Notre Dame,LV,las_vegas_raiders,las_vegas_raiders,Allegiant Stadium,Las Vegas,NV,36.0908,-115.183,Indoor,Turf,2001,2020,
20,Erick All Jr.,4.0,4,0.0,5.5,8.0,0.0,0.0,0,0,1,6.2,6.2,1.4%,7.36,3,2020,83,TE,ACT,0,255,2,Iowa,CIN,cincinnati_bengals,cincinnati_bengals,Paycor Stadium,Cincinnati,OH,39.0954,-84.516,Outdoor,Turf,482,2000,philadelphia_eagles
12,Ja'Tavion Sanders,6.0,6,0.0,10.2,29.0,1.0,0.0,0,0,1,12.1,12.1,20.1%,15.1,7,2020,"",TE,ACT,0,252,2,Texas,CAR,carolina_panthers,carolina_panthers,Bank of America Stadium,Charlotte,NC,35.2258,-80.8528,Outdoor,Grass,748,1996,new_orleans_saints
34,Jeremy Ruckert,2.0,2,0.0,7.5,11.0,0.0,0.0,0,0,1,3.5,3.5,1.9%,5.38,3,2020,89,TE,ACT,0,250,4,Ohio State,NYJ,new_york_jets,new_york_jets,MetLife Stadium,East Rutherford,NJ,40.8136,-74.0744,Outdoor,Turf,3,2010,indianapolis_colts
21,Noah Gray,4.0,6,0.0,14.5,26.0,2.0,0.0,0,0,1,9.8,9.8,15.6%,13.24,13,2020,83,TE,ACT,0,240,5,Duke,KC,kansas_city_chiefs,kansas_city_chiefs,GEHA Field at Arrowhead Stadium,Kansas City,MO,39.049,-94.4839,Outdoor,Grass,1020,1972,
16,Trey Mcbride,5.0,7,0.0,10.2,14.0,0.0,0.0,0,0,1,10.1,10.1,98.4%,11.75,7,2020,85,TE,ACT,0,246,4,Colorado State,ARI,arizona_cardinals,arizona_cardinals,State Farm Stadium,Glendale,AZ,33.5275,-112.2625,Indoor,Turf,1070,2006,
30,Lucas Krull,2.0,2,0.0,10.5,11.0,0.0,0.0,0,0,1,4.1,4.1,1.0%,6.24,10,2020,85,TE,ACT,0,260,3,Pittsburgh,DEN,denver_broncos,denver_broncos,Empower Field at Mile High,Denver,CO,39.7439,-105.0201,Outdoor,Turf,5280,2001,
38,Mo Alie-Cox,1.0,2,0.0,15.0,15.0,0.0,0.0,0,0,1,2.5,2.5,0.6%,5.85,16,2020,81,TE,ACT,0,267,8,Virginia Commonwealth Univ.,IND,indianapolis_colts,indianapolis_colts,Lucas Oil Stadium,Indianapolis,IN,39.7601,-86.1639,Indoor,Turf,700,2008,
19,Noah Fant,3.0,6,0.0,16.7,18.0,0.0,0.0,0,0,1,8.0,8.0,17.3%,10.96,16,2020,87,TE,ACT,0,249,7,Iowa,SEA,seattle_seahawks,seattle_seahawks,Lumen Field,Seattle,WA,47.5952,-122.3316,Outdoor,Turf,20,2002,
38,Hunter Henry,1.0,4,0.0,14.0,14.0,0.0,0.0,0,0,1,2.4,2.4,48.2%,5.53,10,2020,85,TE,ACT,0,249,10,Arkansas,NE,new_england_patriots,new_england_patriots,Gillette Stadium,Foxborough,MA,42.0909,-71.2643,Outdoor,Turf,289,2002,houston_texans
32,Erick All Jr.,2.0,2,0.0,12.0,18.0,0.0,0.0,0,0,1,4.4,4.4,1.4%,7.38,9,2020,83,TE,ACT,0,255,2,Iowa,CIN,cincinnati_bengals,cincinnati_bengals,Paycor Stadium,Cincinnati,OH,39.0954,-84.516,Outdoor,Turf,482,2000,pittsburgh_steelers
35,Cade Stover,1.0,1,0.0,18.0,18.0,0.0,0.0,0,0,1,2.8,2.8,4.4%,6.81,2,2020,87,TE,ACT,0,251,2,Ohio State,HOU,houston_texans,houston_texans,NRG Stadium,Houston,TX,29.6847,-95.4107,Indoor,Turf,50,2002,baltimore_ravens
28,Stone Smartt,2.0,2,0.0,11.5,14.0,0.0,0.0,0,0,1,4.3,4.3,2.9%,6.84,17,2020,84,TE,ACT,0,226,4,Old Dominion,NYJ,new_york_jets,new_york_jets,MetLife Stadium,East Rutherford,NJ,40.8136,-74.0744,Outdoor,Turf,3,2010,
29,Cade Otton,4.0,7,0.0,5.0,7.0,0.0,0.0,0,0,1,6.0,6.0,37.3%,7.05,13,2020,88,TE,ACT,0,247,4,Washington,TB,tampa_bay_buccaneers,tampa_bay_buccaneers,Raymond James Stadium,Tampa,FL,27.9759,-82.5033,Outdoor,Grass,26,1998,
8,George Kittle,6.0,7,0.0,15.3,41.0,2.0,0.0,0,0,1,15.2,15.2,97.9%,19.34,7,2020,85,TE,ACT,0,250,9,Iowa,SF,san_francisco_49ers,san_francisco_49ers,Levi's Stadium,Santa Clara,CA,37.403,-121.9692,Outdoor,Grass,13,2014,
3,Brock Bowers,9.0,9,0.0,10.9,27.0,2.0,0.0,0,0,1,18.8,18.8,98.8%,20.85,2,2020,89,TE,ACT,0,230,2,Georgia,LV,las_vegas_raiders,las_vegas_raiders,Allegiant Stadium,Las Vegas,NV,36.0908,-115.183,Indoor,Turf,2001,2020,
7,Luke Schoonmaker,6.0,6,0.0,7.2,15.0,0.0,0.0,0,0,1,10.3,10.3,4.6%,11.89,2,2020,86,TE,ACT,0,250,3,Michigan,DAL,dallas_cowboys,dallas_cowboys,AT&T Stadium,Arlington,TX,32.7473,-97.0945,Indoor,Turf,639,2009,
47,Travis Kelce,1.0,3,1.0,5.0,5.0,0.0,0.0,1,0,1,1.6,1.6,95.2%,2.97,2,2020,87,TE,ACT,0,250,13,Cincinnati,KC,kansas_city_chiefs,kansas_city_chiefs,GEHA Field at Arrowhead Stadium,Kansas City,MO,39.049,-94.4839,Outdoor,Grass,1020,1972,
28,Foster Moreau,2.0,2,0.0,19.0,32.0,1.0,0.0,0,0,1,5.8,5.8,1.4%,10.91,7,2020,87,TE,ACT,0,250,7,LSU,NO,new_orleans_saints,new_orleans_saints,Caesars Superdome,New Orleans,LA,29.9509,-90.0815,Indoor,Turf,3,1975,
18,Ja'Tavion Sanders,3.0,3,0.0,16.3,28.0,1.0,0.0,0,0,1,7.9,7.9,20.1%,11.92,12,2020,"",TE,ACT,0,252,2,Texas,CAR,carolina_panthers,carolina_panthers,Bank of America Stadium,Charlotte,NC,35.2258,-80.8528,Outdoor,Grass,748,1996,
38,Juwan Johnson,2.0,3,0.0,6.0,9.0,0.0,0.0,0,0,1,3.2,3.2,18.0%,4.74,15,2020,83,TE,ACT,0,231,6,Oregon,NO,new_orleans_saints,new_orleans_saints,Caesars Superdome,New Orleans,LA,29.9509,-90.0815,Indoor,Turf,3,1975,
4,Tyler Conklin,5.0,6,0.0,18.6,22.0,3.0,0.0,0,0,1,14.3,14.3,13.5%,17.05,3,2020,83,TE,ACT,0,248,8,Central Michigan,LAC,los_angeles_chargers,los_angeles_chargers,SoFi Stadium,Inglewood,CA,33.9535,-118.3392,Outdoor,Turf,100,2020,carolina_panthers
3,Noah Gray,4.0,4,0.0,16.5,35.0,1.0,0.0,0,0,1,22.6,22.6,15.6%,23.3,12,2020,83,TE,ACT,0,240,5,Duke,KC,kansas_city_chiefs,kansas_city_chiefs,GEHA Field at Arrowhead Stadium,Kansas City,MO,39.049,-94.4839,Outdoor,Grass,1020,1972,
22,Foster Moreau,2.0,2,0.0,20.0,32.0,1.0,0.0,0,0,1,6.0,6.0,1.4%,11.2,14,2020,87,TE,ACT,0,250,7,LSU,NO,new_orleans_saints,new_orleans_saints,Caesars Superdome,New Orleans,LA,29.9509,-90.0815,Indoor,Turf,3,1975,kansas_city_chiefs
19,Juwan Johnson,3.0,3,0.0,16.0,27.0,1.0,0.0,0,0,1,7.8,7.8,18.0%,11.71,6,2020,83,TE,ACT,0,231,6,Oregon,NO,new_orleans_saints,new_orleans_saints,Caesars Superdome,New Orleans,LA,29.9509,-90.0815,Indoor,Turf,3,1975,
18,Theo Johnson,5.0,5,0.0,10.8,15.0,0.0,0.0,0,0,1,10.4,10.4,17.6%,12.15,13,2020,84,TE,ACT,0,264,2,Penn State,NYG,new_york_giants,new_york_giants,MetLife Stadium,East Rutherford,NJ,40.8136,-74.0744,Outdoor,Turf,3,2010,arizona_cardinals
37,Austin Hooper,3.0,4,0.0,5.0,6.0,0.0,0.0,0,0,1,4.5,4.5,3.5%,5.55,8,2020,81,TE,ACT,0,254,10,Stanford,NE,new_england_patriots,new_england_patriots,Gillette Stadium,Foxborough,MA,42.0909,-71.2643,Outdoor,Turf,289,2002,
37,Blake Whiteheart,1.0,1,0.0,8.0,8.0,0.0,0.0,0,0,1,1.8,1.8,0.0%,3.61,17,2020,86,TE,ACT,0,250,3,Wake Forest,CLE,cleveland_browns,cleveland_browns,FirstEnergy Stadium,Cleveland,OH,41.5061,-81.6995,Outdoor,Grass,577,1999,kansas_city_chiefs
3,Cade Otton,8.0,11,0.0,9.6,18.0,0.0,0.0,0,0,1,21.7,21.7,37.3%,21.23,9,2020,88,TE,ACT,0,247,4,Washington,TB,tampa_bay_buccaneers,tampa_bay_buccaneers,Raymond James Stadium,Tampa,FL,27.9759,-82.5033,Outdoor,Grass,26,1998,new_orleans_saints
34,Michael Mayer,1.0,2,0.0,14.0,14.0,0.0,0.0,0,0,1,2.4,2.4,13.1%,5.53,17,2020,87,TE,ACT,0,265,3,Notre Dame,LV,las_vegas_raiders,las_vegas_raiders,Allegiant Stadium,Las Vegas,NV,36.0908,-115.183,Indoor,Turf,2001,2020,
24,Brock Bowers,3.0,6,0.0,11.7,22.0,1.0,0.0,0,0,1,6.5,6.5,98.8%,9.65,15,2020,89,TE,ACT,0,230,2,Georgia,LV,las_vegas_raiders,las_vegas_raiders,Allegiant Stadium,Las Vegas,NV,36.0908,-115.183,Indoor,Turf,2001,2020,miami_dolphins
50,George Kittle,1.0,2,0.0,7.0,7.0,0.0,0.0,0,0,1,1.7,1.7,97.9%,3.29,13,2020,85,TE,ACT,0,250,9,Iowa,SF,san_francisco_49ers,san_francisco_49ers,Levi's Stadium,Santa Clara,CA,37.403,-121.9692,Outdoor,Grass,13,2014,washington_commanders
15,Brevyn Spann-Ford,4.0,5,0.0,10.5,17.0,0.0,0.0,0,0,1,8.2,8.2,0.0%,10.42,11,2020,89,TE,ACT,0,270,2,Minnesota,DAL,dallas_cowboys,dallas_cowboys,AT&T Stadium,Arlington,TX,32.7473,-97.0945,Indoor,Turf,639,2009,washington_commanders
30,Sam Laporta,2.0,3,0.0,6.5,7.0,0.0,0.0,0,0,1,3.3,3.3,97.8%,4.69,2,2020,87,TE,ACT,0,245,3,Iowa,DET,detroit_lions,detroit_lions,Ford Field,Detroit,MI,42.34,-83.0456,Indoor,Turf,600,2002,green_bay_packers
47,Adam Trautman,1.0,3,0.0,5.0,5.0,0.0,0.0,0,0,1,1.5,1.5,0.7%,2.65,17,2020,82,TE,ACT,0,253,6,Dayton,DEN,denver_broncos,denver_broncos,Empower Field at Mile High,Denver,CO,39.7439,-105.0201,Outdoor,Turf,5280,2001,
36,Aj Barner,1.0,1,0.0,13.0,13.0,0.0,0.0,0,0,1,2.3,2.3,4.5%,5.21,6,2020,88,TE,ACT,0,251,2,Michigan,SEA,seattle_seahawks,seattle_seahawks,Lumen Field,Seattle,WA,47.5952,-122.3316,Outdoor,Turf,20,2002,
20,Chris Manhertz,1.0,1,0.0,2.0,2.0,0.0,0.0,0,0,1,7.2,7.2,0.0%,5.89,9,2020,85,TE,ACT,0,235,10,Canisius College,NYG,new_york_giants,new_york_giants,MetLife Stadium,East Rutherford,NJ,40.8136,-74.0744,Outdoor,Turf,3,2010,
35,Jeremy Ruckert,2.0,3,0.0,3.5,8.0,0.0,0.0,0,0,1,2.7,2.7,1.9%,3.92,6,2020,89,TE,ACT,0,250,4,Ohio State,NYJ,new_york_jets,new_york_jets,MetLife Stadium,East Rutherford,NJ,40.8136,-74.0744,Outdoor,Turf,3,2010,miami_dolphins
24,Josh Oliver,3.0,3,0.0,11.3,21.0,1.0,0.0,0,0,1,6.4,6.4,1.0%,9.43,11,2020,84,TE,ACT,0,259,7,San Jose State,MIN,minnesota_vikings,minnesota_vikings,U.S. Bank Stadium,Minneapolis,MN,44.974,-93.2581,Indoor,Turf,840,2016,
28,Tucker Kraft,2.0,2,0.0,8.0,17.0,0.0,0.0,0,0,1,3.6,3.6,84.9%,6.12,2,2020,85,TE,ACT,0,259,3,South Dakota State,GB,green_bay_packers,green_bay_packers,Lambeau Field,Green Bay,WI,44.5013,-88.0622,Outdoor,Grass,640,1957,
33,Cole Kmet,3.0,3,0.0,8.7,14.0,0.0,0.0,0,0,1,5.6,5.6,26.4%,7.67,13,2020,85,TE,ACT,0,260,6,Notre Dame,CHI,chicago_bears,chicago_bears,Soldier Field,Chicago,IL,41.8623,-87.6167,Outdoor,Grass,595,1924,
4,Brock Bowers,10.0,14,0.0,9.3,25.0,1.0,0.0,0,0,1,19.3,19.3,98.8%,21.0,7,2020,89,TE,ACT,0,230,2,Georgia,LV,las_vegas_raiders,las_vegas_raiders,Allegiant Stadium,Las Vegas,NV,36.0908,-115.183,Indoor,Turf,2001,2020,tampa_bay_buccaneers
24,Kylen Granson,3.0,4,0.0,11.3,27.0,1.0,0.0,0,0,1,6.4,6.4,0.9%,10.02,17,2020,83,TE,ACT,0,242,5,SMU,PHI,philadelphia_eagles,philadelphia_eagles,Lincoln Financial Field,Philadelphia,PA,39.9008,-75.1675,Outdoor,Grass,30,2003,
48,Thomas Fidone Ii,0.0,0,0.0,0.0,0.0,0.0,0.0,0,0,0,0.0,0.0,0.9%,0.0,12,2020,86,TE,ACT,0,255,1,Nebraska,NYG,new_york_giants,new_york_giants,MetLife Stadium,East Rutherford,NJ,40.8136,-74.0744,Outdoor,Turf,3,2010,
8,Hunter Henry,6.0,9,0.0,10.5,15.0,0.0,0.0,0,0,1,12.3,12.3,48.2%,13.78,11,2020,85,TE,ACT,0,249,10,Arkansas,NE,new_england_patriots,new_england_patriots,Gillette Stadium,Foxborough,MA,42.0909,-71.2643,Outdoor,Turf,289,2002,
17,Will Dissly,4.0,4,0.0,11.8,18.0,0.0,0.0,0,0,1,8.7,8.7,7.5%,11.06,12,2020,89,TE,ACT,0,265,8,Washington,LAC,los_angeles_chargers,los_angeles_chargers,SoFi Stadium,Inglewood,CA,33.9535,-118.3392,Outdoor,Turf,100,2020,new_england_patriots
16,Nate Adkins,1.0,1,0.0,12.0,12.0,0.0,0.0,0,0,1,8.2,8.2,1.1%,9.09,11,2020,45,TE,ACT,0,252,3,South Carolina,DEN,denver_broncos,denver_broncos,Empower Field at Mile High,Denver,CO,39.7439,-105.0201,Outdoor,Turf,5280,2001,new_orleans_saints
7,David Njoku,5.0,7,0.0,12.2,23.0,2.0,0.0,0,0,1,17.1,17.1,90.5%,18.05,8,2020,85,TE,ACT,0,246,9,Miami,CLE,cleveland_browns,cleveland_browns,FirstEnergy Stadium,Cleveland,OH,41.5061,-81.6995,Outdoor,Grass,577,1999,las_vegas_raiders
14,Josh Oliver,4.0,6,0.0,13.0,28.0,1.0,0.0,0,0,1,9.2,9.2,1.0%,12.69,10,2020,84,TE,ACT,0,259,7,San Jose State,MIN,minnesota_vikings,minnesota_vikings,U.S. Bank Stadium,Minneapolis,MN,44.974,-93.2581,Indoor,Turf,840,2016,dallas_cowboys
48,Dawson Knox,1.0,3,0.0,4.0,4.0,0.0,0.0,0,0,1,1.4,1.4,5.6%,2.33,17,2020,88,TE,ACT,0,254,7,Mississippi,BUF,buffalo_bills,buffalo_bills,Highmark Stadium,Orchard Park,NY,42.7738,-78.7868,Outdoor,Grass,600,1973,kansas_city_chiefs
32,Tanner Hudson,1.0,1,0.0,19.0,19.0,0.0,0.0,0,0,1,2.9,2.9,1.2%,7.13,14,2020,87,TE,ACT,0,241,6,Southern Arkansas,CIN,cincinnati_bengals,cincinnati_bengals,Paycor Stadium,Cincinnati,OH,39.0954,-84.516,Outdoor,Turf,482,2000,
21,Jake Ferguson,3.0,6,0.0,10.7,20.0,1.0,0.0,0,0,1,6.2,6.2,69.2%,9.09,14,2020,87,TE,ACT,0,244,4,Wisconsin,DAL,dallas_cowboys,dallas_cowboys,AT&T Stadium,Arlington,TX,32.7473,-97.0945,Indoor,Turf,639,2009,
30,Chig Okonkwo,3.0,3,0.0,2.0,5.0,0.0,0.0,0,0,1,3.6,3.6,25.3%,4.37,6,2020,85,TE,ACT,0,238,4,Maryland,TEN,tennessee_titans,tennessee_titans,Nissan Stadium,Nashville,TN,36.1665,-86.7713,Outdoor,Grass,476,1999,pittsburgh_steelers
41,Daniel Bellinger,1.0,1,0.0,11.0,11.0,0.0,0.0,0,0,1,2.1,2.1,2.7%,4.57,7,2020,82,TE,ACT,0,255,4,San Diego State,NYG,new_york_giants,new_york_giants,MetLife Stadium,East Rutherford,NJ,40.8136,-74.0744,Outdoor,Turf,3,2010,
27,Darnell Washington,3.0,3,0.0,4.7,6.0,0.0,0.0,0,0,1,4.4,4.4,3.0%,5.44,12,2020,80,TE,ACT,0,265,3,Georgia,PIT,pittsburgh_steelers,pittsburgh_steelers,Acrisure Stadium,Pittsburgh,PA,40.4468,-80.0158,Outdoor,Grass,730,2001,washington_commanders
32,Juwan Johnson,3.0,6,0.0,6.0,12.0,0.0,0.0,0,0,1,4.8,4.8,18.0%,6.51,7,2020,83,TE,ACT,0,231,6,Oregon,NO,new_orleans_saints,new_orleans_saints,Caesars Superdome,New Orleans,LA,29.9509,-90.0815,Indoor,Turf,3,1975,
17,Tyler Higbee,1.0,2,0.0,11.0,11.0,0.0,0.0,0,0,1,8.1,8.1,17.2%,8.77,16,2020,89,TE,ACT,0,255,10,Western Kentucky,LAR,los_angeles_rams,los_angeles_rams,SoFi Stadium,Inglewood,CA,33.9535,-118.3392,Outdoor,Turf,100,2020,
29,Elijah Higgins,2.0,3,0.0,11.5,15.0,0.0,0.0,0,0,1,4.3,4.3,1.9%,6.94,17,2020,84,TE,ACT,0,234,3,Stanford,ARI,arizona_cardinals,arizona_cardinals,State Farm Stadium,Glendale,AZ,33.5275,-112.2625,Indoor,Turf,1070,2006,
19,Hayden Hurst,2.0,3,0.0,16.5,27.0,1.0,0.0,0,0,1,5.3,5.3,0.7%,9.68,1,2020,81,TE,ACT,76,250,7,South Carolina,LAC,los_angeles_chargers,los_angeles_chargers,SoFi Stadium,Inglewood,CA,33.9535,-118.3392,Outdoor,Turf,100,2020,
48,Pharaoh Brown,1.0,2,0.0,3.0,3.0,0.0,0.0,0,0,1,1.3,1.3,0.1%,2.01,4,2020,85,TE,ACT,0,246,8,Oregon,MIA,miami_dolphins,miami_dolphins,Hard Rock Stadium,Miami Gardens,FL,25.958,-80.238,Outdoor,Grass,7,1987,seattle_seahawks
25,Brenton Strange,2.0,3,0.0,12.5,23.0,1.0,0.0,0,0,1,4.5,4.5,33.2%,8.12,10,2020,85,TE,ACT,0,253,3,Penn State,JAX,jacksonville_jaguars,jacksonville_jaguars,TIAA Bank Field,Jacksonville,FL,30.3239,-81.6373,Outdoor,Grass,16,1995,pittsburgh_steelers
41,David Njoku,1.0,3,0.0,14.0,14.0,0.0,0.0,0,0,1,2.4,2.4,90.5%,5.53,5,2020,85,TE,ACT,0,246,9,Miami,CLE,cleveland_browns,cleveland_browns,FirstEnergy Stadium,Cleveland,OH,41.5061,-81.6995,Outdoor,Grass,577,1999,
32,Ja'Tavion Sanders,3.0,5,0.0,4.3,10.0,0.0,0.0,0,0,1,4.3,4.3,20.1%,5.7,5,2020,"",TE,ACT,0,252,2,Texas,CAR,carolina_panthers,carolina_panthers,Bank of America Stadium,Charlotte,NC,35.2258,-80.8528,Outdoor,Grass,748,1996,
22,Will Dissly,4.0,5,0.0,6.5,20.0,1.0,0.0,0,0,1,6.6,6.6,7.5%,9.1,6,2020,89,TE,ACT,0,265,8,Washington,LAC,los_angeles_chargers,los_angeles_chargers,SoFi Stadium,Inglewood,CA,33.9535,-118.3392,Outdoor,Turf,100,2020,
49,John Bates,0.0,0,0.0,0.0,0.0,0.0,0.0,0,0,0,0.0,0.0,0.6%,0.0,14,2020,87,TE,ACT,0,259,5,Boise State,WAS,washington_commanders,washington_commanders,FedExField,Landover,MD,38.9078,-76.8645,Outdoor,Grass,300,1997,seattle_seahawks
6,Mike Gesicki,10.0,12,0.0,8.6,12.0,0.0,0.0,0,0,1,18.6,18.6,34.2%,19.01,17,2020,88,TE,ACT,0,245,8,Penn State,CIN,cincinnati_bengals,cincinnati_bengals,Paycor Stadium,Cincinnati,OH,39.0954,-84.516,Outdoor,Turf,482,2000,
34,Theo Johnson,1.0,4,0.0,18.0,18.0,0.0,0.0,0,0,1,2.8,2.8,17.6%,6.81,1,2020,84,TE,ACT,0,264,2,Penn State,NYG,new_york_giants,new_york_giants,MetLife Stadium,East Rutherford,NJ,40.8136,-74.0744,Outdoor,Turf,3,2010,pittsburgh_steelers
43,Cole Kmet,1.0,1,0.0,14.0,14.0,0.0,0.0,0,0,1,2.4,2.4,26.4%,5.53,15,2020,85,TE,ACT,0,260,6,Notre Dame,CHI,chicago_bears,chicago_bears,Soldier Field,Chicago,IL,41.8623,-87.6167,Outdoor,Grass,595,1924,
45,Michael Mayer,1.0,2,0.0,11.0,11.0,0.0,0.0,0,0,1,2.1,2.1,13.1%,4.57,15,2020,87,TE,ACT,0,265,3,Notre Dame,LV,las_vegas_raiders,las_vegas_raiders,Allegiant Stadium,Las Vegas,NV,36.0908,-115.183,Indoor,Turf,2001,2020,miami_dolphins
4,Trey Mcbride,6.0,6,0.0,11.2,21.0,1.0,0.0,0,0,1,18.7,18.7,98.4%,19.07,2,2020,85,TE,ACT,0,246,4,Colorado State,ARI,arizona_cardinals,arizona_cardinals,State Farm Stadium,Glendale,AZ,33.5275,-112.2625,Indoor,Turf,1070,2006,
11,Foster Moreau,3.0,5,0.0,15.7,30.0,1.0,0.0,0,0,1,13.7,13.7,1.4%,16.1,17,2020,87,TE,ACT,0,250,7,LSU,NO,new_orleans_saints,new_orleans_saints,Caesars Superdome,New Orleans,LA,29.9509,-90.0815,Indoor,Turf,3,1975,tampa_bay_buccaneers
35,Elijah Higgins,2.0,2,0.0,11.5,19.0,0.0,0.0,0,0,1,4.3,4.3,1.9%,7.34,13,2020,84,TE,ACT,0,234,3,Stanford,ARI,arizona_cardinals,arizona_cardinals,State Farm Stadium,Glendale,AZ,33.5275,-112.2625,Indoor,Turf,1070,2006,
37,Erick All Jr.,2.0,2,0.0,5.0,5.0,0.0,0.0,0,0,1,3.0,3.0,1.4%,4.05,5,2020,83,TE,ACT,0,255,2,Iowa,CIN,cincinnati_bengals,cincinnati_bengals,Paycor Stadium,Cincinnati,OH,39.0954,-84.516,Outdoor,Turf,482,2000,baltimore_ravens
24,Ben Sims,2.0,2,0.0,19.0,28.0,1.0,0.0,0,0,1,5.8,5.8,0.0%,10.51,6,2020,89,TE,ACT,0,250,3,Baylor,GB,green_bay_packers,green_bay_packers,Lambeau Field,Green Bay,WI,44.5013,-88.0622,Outdoor,Grass,640,1957,tampa_bay_buccaneers
26,Noah Fant,3.0,3,0.0,8.0,12.0,0.0,0.0,0,0,1,5.4,5.4,17.3%,7.23,5,2020,87,TE,ACT,0,249,7,Iowa,SEA,seattle_seahawks,seattle_seahawks,Lumen Field,Seattle,WA,47.5952,-122.3316,Outdoor,Turf,20,2002,
43,Drew Ogletree,1.0,1,0.0,8.0,8.0,0.0,0.0,0,0,1,1.8,1.8,1.1%,3.61,11,2020,85,TE,ACT,77,260,3,Findlay,IND,indianapolis_colts,indianapolis_colts,Lucas Oil Stadium,Indianapolis,IN,39.7601,-86.1639,Indoor,Turf,700,2008,tennessee_titans
6,Chig Okonkwo,8.0,10,0.0,7.4,12.0,0.0,0.0,0,0,1,13.9,13.9,25.3%,14.84,15,2020,85,TE,ACT,0,238,4,Maryland,TEN,tennessee_titans,tennessee_titans,Nissan Stadium,Nashville,TN,36.1665,-86.7713,Outdoor,Grass,476,1999,green_bay_packers
40,Nate Adkins,1.0,1,0.0,5.0,5.0,0.0,0.0,0,0,1,1.5,1.5,1.1%,2.65,6,2020,45,TE,ACT,0,252,3,South Carolina,DEN,denver_broncos,denver_broncos,Empower Field at Mile High,Denver,CO,39.7439,-105.0201,Outdoor,Turf,5280,2001,
5,T.J. Hockenson,7.0,9,0.0,16.3,34.0,3.0,0.0,0,0,1,18.4,18.4,94.4%,21.48,12,2020,87,TE,ACT,0,248,7,Iowa,MIN,minnesota_vikings,minnesota_vikings,U.S. Bank Stadium,Minneapolis,MN,44.974,-93.2581,Indoor,Turf,840,2016,
38,Connor Heyward,1.0,1,0.0,8.0,8.0,0.0,0.0,0,0,1,1.8,1.8,0.1%,3.61,17,2020,83,TE,ACT,0,230,4,Michigan State,PIT,pittsburgh_steelers,pittsburgh_steelers,Acrisure Stadium,Pittsburgh,PA,40.4468,-80.0158,Outdoor,Grass,730,2001,cleveland_browns
43,Julian Hill,1.0,1,0.0,6.0,6.0,0.0,0.0,0,0,1,1.6,1.6,0.6%,2.97,1,2020,89,TE,ACT,0,251,3,Campbell University,MIA,miami_dolphins,miami_dolphins,Hard Rock Stadium,Miami Gardens,FL,25.958,-80.238,Outdoor,Grass,7,1987,new_england_patriots
41,Connor Heyward,1.0,1,0.0,4.0,4.0,0.0,0.0,0,0,1,1.4,1.4,0.1%,2.33,6,2020,83,TE,ACT,0,230,4,Michigan State,PIT,pittsburgh_steelers,pittsburgh_steelers,Acrisure Stadium,Pittsburgh,PA,40.4468,-80.0158,Outdoor,Grass,730,2001,
44,Evan Engram,1.0,4,0.0,5.0,5.0,0.0,0.0,0,0,1,1.5,1.5,88.1%,2.65,1,2020,1,TE,ACT,0,240,9,Mississippi,DEN,denver_broncos,denver_broncos,Empower Field at Mile High,Denver,CO,39.7439,-105.0201,Outdoor,Turf,5280,2001,tennessee_titans
2,Mark Andrews,6.0,7,0.0,11.3,18.0,0.0,0.0,0,0,1,18.8,18.8,94.1%,18.76,10,2020,89,TE,ACT,0,250,8,Oklahoma,BAL,baltimore_ravens,baltimore_ravens,M&T Bank Stadium,Baltimore,MD,39.2779,-76.6227,Outdoor,Grass,10,1998,new_england_patriots
39,Darnell Washington,1.0,1,0.0,9.0,9.0,0.0,0.0,0,0,1,1.9,1.9,3.0%,3.93,6,2020,80,TE,ACT,0,265,3,Georgia,PIT,pittsburgh_steelers,pittsburgh_steelers,Acrisure Stadium,Pittsburgh,PA,40.4468,-80.0158,Outdoor,Grass,730,2001,
15,Erick All Jr.,4.0,4,0.0,8.0,19.0,0.0,0.0,0,0,1,7.2,7.2,1.4%,9.54,2,2020,83,TE,ACT,0,255,2,Iowa,CIN,cincinnati_bengals,cincinnati_bengals,Paycor Stadium,Cincinnati,OH,39.0954,-84.516,Outdoor,Turf,482,2000,cleveland_browns
27,T.J. Hockenson,3.0,4,0.0,9.0,19.0,0.0,0.0,0,0,1,5.7,5.7,94.4%,8.29,9,2020,87,TE,ACT,0,248,7,Iowa,MIN,minnesota_vikings,minnesota_vikings,U.S. Bank Stadium,Minneapolis,MN,44.974,-93.2581,Indoor,Turf,840,2016,
45,Aj Barner,1.0,1,0.0,5.0,5.0,0.0,0.0,0,0,1,1.5,1.5,4.5%,2.65,7,2020,88,TE,ACT,0,251,2,Michigan,SEA,seattle_seahawks,seattle_seahawks,Lumen Field,Seattle,WA,47.5952,-122.3316,Outdoor,Turf,20,2002,arizona_cardinals
9,Juwan Johnson,3.0,3,0.0,10.0,20.0,1.0,0.0,0,0,1,12.0,12.0,18.0%,13.05,11,2020,83,TE,ACT,0,231,6,Oregon,NO,new_orleans_saints,new_orleans_saints,Caesars Superdome,New Orleans,LA,29.9509,-90.0815,Indoor,Turf,3,1975,
27,Will Dissly,2.0,3,0.0,12.0,22.0,1.0,0.0,0,0,1,4.4,4.4,7.5%,7.88,4,2020,89,TE,ACT,0,265,8,Washington,LAC,los_angeles_chargers,los_angeles_chargers,SoFi Stadium,Inglewood,CA,33.9535,-118.3392,Outdoor,Turf,100,2020,tampa_bay_buccaneers
6,Jonnu Smith,6.0,7,0.0,8.8,15.0,0.0,0.0,0,0,1,11.3,11.3,90.7%,12.83,2,2020,9,TE,ACT,0,248,9,Florida International,MIA,miami_dolphins,miami_dolphins,Hard Rock Stadium,Miami Gardens,FL,25.958,-80.238,Outdoor,Grass,7,1987,buffalo_bills
43,Will Mallory,1.0,1,0.0,5.0,5.0,0.0,0.0,0,0,1,1.5,1.5,1.0%,2.65,7,2020,86,TE,ACT,0,239,3,Miami,IND,indianapolis_colts,indianapolis_colts,Lucas Oil Stadium,Indianapolis,IN,39.7601,-86.1639,Indoor,Turf,700,2008,
26,Brock Wright,2.0,2,0.0,12.0,16.0,0.0,0.0,0,0,1,4.4,4.4,1.0%,7.18,12,2020,89,TE,ACT,0,254,5,Notre Dame,DET,detroit_lions,detroit_lions,Ford Field,Detroit,MI,42.34,-83.0456,Indoor,Turf,600,2002,
26,Jordan Akins,3.0,4,0.0,10.0,12.0,0.0,0.0,0,0,1,6.0,6.0,1.0%,7.95,15,2020,88,TE,ACT,76,245,7,UCF,CLE,cleveland_browns,cleveland_browns,FirstEnergy Stadium,Cleveland,OH,41.5061,-81.6995,Outdoor,Grass,577,1999,new_york_jets
8,Zach Ertz,4.0,4,0.0,15.5,21.0,2.0,0.0,0,0,1,10.2,10.2,48.1%,13.16,2,2020,86,TE,ACT,0,250,13,Stanford,WAS,washington_commanders,washington_commanders,FedExField,Landover,MD,38.9078,-76.8645,Outdoor,Grass,300,1997,arizona_cardinals
46,Jake Briningstool,0.0,0,0.0,0.0,0.0,0.0,0.0,0,0,0,0.0,0.0,0.0%,0.0,12,2020,88,TE,ACT,0,240,1,Clemson,KC,kansas_city_chiefs,kansas_city_chiefs,GEHA Field at Arrowhead Stadium,Kansas City,MO,39.049,-94.4839,Outdoor,Grass,1020,1972,
20,Evan Engram,5.0,7,0.0,5.6,9.0,0.0,0.0,0,0,1,7.8,7.8,88.1%,8.95,11,2020,1,TE,ACT,0,240,9,Mississippi,DEN,denver_broncos,denver_broncos,Empower Field at Mile High,Denver,CO,39.7439,-105.0201,Outdoor,Turf,5280,2001,new_orleans_saints
31,Cade Stover,2.0,2,0.0,7.5,12.0,0.0,0.0,0,0,1,3.5,3.5,4.4%,5.48,11,2020,87,TE,ACT,0,251,2,Ohio State,HOU,houston_texans,houston_texans,NRG Stadium,Houston,TX,29.6847,-95.4107,Indoor,Turf,50,2002,
22,Mike Gesicki,4.0,9,0.0,7.5,13.0,0.0,0.0,0,0,1,7.0,7.0,34.2%,8.72,10,2020,88,TE,ACT,0,245,8,Penn State,CIN,cincinnati_bengals,cincinnati_bengals,Paycor Stadium,Cincinnati,OH,39.0954,-84.516,Outdoor,Turf,482,2000,washington_commanders
14,Payne Durham,2.0,3,0.0,18.0,31.0,1.0,0.0,0,0,1,11.6,11.6,0.6%,14.72,17,2020,87,TE,ACT,0,255,3,Purdue,TB,tampa_bay_buccaneers,tampa_bay_buccaneers,Raymond James Stadium,Tampa,FL,27.9759,-82.5033,Outdoor,Grass,26,1998,
25,Harrison Bryant,3.0,5,0.0,8.0,14.0,0.0,0.0,0,0,1,5.4,5.4,0.1%,7.43,6,2020,85,TE,ACT,0,243,6,Florida Atlantic,PHI,philadelphia_eagles,philadelphia_eagles,Lincoln Financial Field,Philadelphia,PA,39.9008,-75.1675,Outdoor,Grass,30,2003,baltimore_ravens
14,Dalton Schultz,5.0,7,0.0,6.6,12.0,0.0,0.0,0,0,1,8.3,8.3,23.3%,9.75,11,2020,86,TE,ACT,0,242,8,Stanford,HOU,houston_texans,houston_texans,NRG Stadium,Houston,TX,29.6847,-95.4107,Indoor,Turf,50,2002,
39,Johnny Mundt,1.0,1,0.0,13.0,13.0,0.0,0.0,0,0,1,2.3,2.3,0.1%,5.21,11,2020,81,TE,ACT,0,243,8,Oregon,JAX,jacksonville_jaguars,jacksonville_jaguars,TIAA Bank Field,Jacksonville,FL,30.3239,-81.6373,Outdoor,Grass,16,1995,cleveland_browns
6,Hunter Henry,8.0,9,0.0,11.5,32.0,1.0,0.0,0,0,1,17.2,17.2,48.2%,19.86,7,2020,85,TE,ACT,0,249,10,Arkansas,NE,new_england_patriots,new_england_patriots,Gillette Stadium,Foxborough,MA,42.0909,-71.2643,Outdoor,Turf,289,2002,buffalo_bills
37,Chig Okonkwo,1.0,1,0.0,14.0,14.0,0.0,0.0,0,0,1,2.4,2.4,25.3%,5.53,10,2020,85,TE,ACT,0,238,4,Maryland,TEN,tennessee_titans,tennessee_titans,Nissan Stadium,Nashville,TN,36.1665,-86.7713,Outdoor,Grass,476,1999,
9,Jonnu Smith,6.0,6,0.0,10.3,22.0,1.0,0.0,0,0,1,12.2,12.2,90.7%,14.48,16,2020,9,TE,ACT,0,248,9,Florida International,MIA,miami_dolphins,miami_dolphins,Hard Rock Stadium,Miami Gardens,FL,25.958,-80.238,Outdoor,Grass,7,1987,buffalo_bills
27,Dalton Kincaid,2.0,6,0.0,17.0,26.0,1.0,0.0,0,0,1,5.4,5.4,81.2%,9.73,5,2020,86,TE,ACT,0,240,3,Utah,BUF,buffalo_bills,buffalo_bills,Highmark Stadium,Orchard Park,NY,42.7738,-78.7868,Outdoor,Grass,600,1973,tennessee_titans
48,Gerald Everett,1.0,1,0.0,6.0,6.0,0.0,0.0,0,0,1,1.6,1.6,1.4%,2.97,16,2020,81,TE,ACT,75,250,8,South Alabama,CHI,chicago_bears,chicago_bears,Soldier Field,Chicago,IL,41.8623,-87.6167,Outdoor,Grass,595,1924,green_bay_packers
36,Michael Mayer,2.0,3,0.0,1.5,3.0,0.0,0.0,0,0,1,2.3,2.3,13.1%,2.84,1,2020,87,TE,ACT,0,265,3,Notre Dame,LV,las_vegas_raiders,las_vegas_raiders,Allegiant Stadium,Las Vegas,NV,36.0908,-115.183,Indoor,Turf,2001,2020,
28,Noah Fant,3.0,7,0.0,5.0,5.0,0.0,0.0,0,0,1,4.5,4.5,17.3%,5.45,15,2020,87,TE,ACT,0,249,7,Iowa,SEA,seattle_seahawks,seattle_seahawks,Lumen Field,Seattle,WA,47.5952,-122.3316,Outdoor,Turf,20,2002,
12,Grant Calcaterra,4.0,4,0.0,16.8,34.0,2.0,0.0,0,0,1,10.7,10.7,2.8%,15.01,6,2020,81,TE,ACT,0,240,4,SMU,PHI,philadelphia_eagles,philadelphia_eagles,Lincoln Financial Field,Philadelphia,PA,39.9008,-75.1675,Outdoor,Grass,30,2003,baltimore_ravens
15,Travis Kelce,3.0,4,0.0,11.3,23.0,1.0,0.0,0,0,1,6.4,6.4,95.2%,9.62,1,2020,87,TE,ACT,0,250,13,Cincinnati,KC,kansas_city_chiefs,kansas_city_chiefs,GEHA Field at Arrowhead Stadium,Kansas City,MO,39.049,-94.4839,Outdoor,Grass,1020,1972,
37,Jordan Akins,1.0,4,0.0,19.0,19.0,0.0,0.0,0,0,1,2.9,2.9,1.0%,7.13,11,2020,88,TE,ACT,76,245,7,UCF,CLE,cleveland_browns,cleveland_browns,FirstEnergy Stadium,Cleveland,OH,41.5061,-81.6995,Outdoor,Grass,577,1999,
36,Mycole Pruitt,2.0,3,0.0,10.5,18.0,0.0,0.0,0,0,1,4.1,4.1,1.0%,6.94,13,2020,85,TE,ACT,74,245,9,Southern Illinois,PIT,pittsburgh_steelers,pittsburgh_steelers,Acrisure Stadium,Pittsburgh,PA,40.4468,-80.0158,Outdoor,Grass,730,2001,buffalo_bills
42,Durham Smythe,1.0,1,0.0,6.0,6.0,0.0,0.0,0,0,1,1.6,1.6,0.6%,2.97,10,2020,81,TE,ACT,0,248,8,Notre Dame,CHI,chicago_bears,chicago_bears,Soldier Field,Chicago,IL,41.8623,-87.6167,Outdoor,Grass,595,1924,minnesota_vikings
6,Adam Trautman,4.0,4,0.0,21.3,37.0,1.0,0.0,0,0,1,18.5,18.5,0.7%,21.34,8,2020,82,TE,ACT,0,253,6,Dayton,DEN,denver_broncos,denver_broncos,Empower Field at Mile High,Denver,CO,39.7439,-105.0201,Outdoor,Turf,5280,2001,atlanta_falcons
7,Colby Parkinson,4.0,5,0.0,11.8,20.0,1.0,0.0,0,0,1,8.7,8.7,4.5%,11.36,1,2020,84,TE,ACT,0,265,6,Stanford,LAR,los_angeles_rams,los_angeles_rams,SoFi Stadium,Inglewood,CA,33.9535,-118.3392,Outdoor,Turf,100,2020,
29,Cade Otton,1.0,3,0.0,30.0,30.0,1.0,0.0,0,0,1,4.0,4.0,37.3%,10.75,12,2020,88,TE,ACT,0,247,4,Washington,TB,tampa_bay_buccaneers,tampa_bay_buccaneers,Raymond James Stadium,Tampa,FL,27.9759,-82.5033,Outdoor,Grass,26,1998,
4,Trey Mcbride,8.0,8,0.0,12.0,27.0,1.0,0.0,0,0,1,17.6,17.6,98.4%,19.72,6,2020,85,TE,ACT,0,246,4,Colorado State,ARI,arizona_cardinals,arizona_cardinals,State Farm Stadium,Glendale,AZ,33.5275,-112.2625,Indoor,Turf,1070,2006,
23,Stone Smartt,3.0,3,0.0,12.3,19.0,0.0,0.0,0,0,1,6.7,6.7,2.9%,9.48,16,2020,84,TE,ACT,0,226,4,Old Dominion,NYJ,new_york_jets,new_york_jets,MetLife Stadium,East Rutherford,NJ,40.8136,-74.0744,Outdoor,Turf,3,2010,new_england_patriots
30,Sam Laporta,2.0,3,0.0,14.0,19.0,0.0,0.0,0,0,1,4.8,4.8,97.8%,8.06,9,2020,87,TE,ACT,0,245,3,Iowa,DET,detroit_lions,detroit_lions,Ford Field,Detroit,MI,42.34,-83.0456,Indoor,Turf,600,2002,
33,Noah Fant,2.0,4,0.0,5.5,9.0,0.0,0.0,0,0,1,3.1,3.1,17.3%,4.6,1,2020,87,TE,ACT,0,249,7,Iowa,SEA,seattle_seahawks,seattle_seahawks,Lumen Field,Seattle,WA,47.5952,-122.3316,Outdoor,Turf,20,2002,
43,Noah Gray,1.0,1,0.0,10.0,10.0,0.0,0.0,0,0,1,2.0,2.0,15.6%,4.25,16,2020,83,TE,ACT,0,240,5,Duke,KC,kansas_city_chiefs,kansas_city_chiefs,GEHA Field at Arrowhead Stadium,Kansas City,MO,39.049,-94.4839,Outdoor,Grass,1020,1972,los_angeles_chargers
9,Sam Laporta,1.0,1,0.0,52.0,52.0,1.0,0.0,0,0,1,12.2,12.2,97.8%,21.99,6,2020,87,TE,ACT,0,245,3,Iowa,DET,detroit_lions,detroit_lions,Ford Field,Detroit,MI,42.34,-83.0456,Indoor,Turf,600,2002,
35,Kyle Pitts,1.0,6,0.0,14.0,14.0,0.0,0.0,0,0,1,2.4,2.4,52.5%,5.53,14,2020,8,TE,ACT,0,250,5,Florida,ATL,atlanta_falcons,atlanta_falcons,Mercedes-Benz Stadium,Atlanta,GA,33.755,-84.4008,Indoor,Turf,1050,2017,tampa_bay_buccaneers
5,Cade Otton,8.0,10,0.0,12.5,28.0,2.0,0.0,0,0,1,18.0,18.0,37.3%,20.27,7,2020,88,TE,ACT,0,247,4,Washington,TB,tampa_bay_buccaneers,tampa_bay_buccaneers,Raymond James Stadium,Tampa,FL,27.9759,-82.5033,Outdoor,Grass,26,1998,
4,Trey Mcbride,9.0,10,0.0,9.7,29.0,2.0,0.0,0,0,1,17.7,17.7,98.4%,20.1,15,2020,85,TE,ACT,0,246,4,Colorado State,ARI,arizona_cardinals,arizona_cardinals,State Farm Stadium,Glendale,AZ,33.5275,-112.2625,Indoor,Turf,1070,2006,san_francisco_49ers
7,Zach Ertz,6.0,8,0.0,6.3,13.0,0.0,0.0,0,0,1,15.8,15.8,48.1%,15.4,12,2020,86,TE,ACT,0,250,13,Stanford,WAS,washington_commanders,washington_commanders,FedExField,Landover,MD,38.9078,-76.8645,Outdoor,Grass,300,1997,
21,Travis Kelce,4.0,8,0.0,6.8,8.0,0.0,0.0,0,0,1,6.7,6.7,95.2%,7.91,15,2020,87,TE,ACT,0,250,13,Cincinnati,KC,kansas_city_chiefs,kansas_city_chiefs,GEHA Field at Arrowhead Stadium,Kansas City,MO,39.049,-94.4839,Outdoor,Grass,1020,1972,
35,Tanner Conner,2.0,2,0.0,7.5,11.0,0.0,0.0,0,0,1,3.5,3.5,1.0%,5.38,4,2020,80,TE,ACT,0,232,3,Idaho State,MIA,miami_dolphins,miami_dolphins,Hard Rock Stadium,Miami Gardens,FL,25.958,-80.238,Outdoor,Grass,7,1987,seattle_seahawks
21,Cole Kmet,3.0,3,0.0,11.3,22.0,1.0,0.0,0,0,1,6.4,6.4,26.4%,9.52,4,2020,85,TE,ACT,0,260,6,Notre Dame,CHI,chicago_bears,chicago_bears,Soldier Field,Chicago,IL,41.8623,-87.6167,Outdoor,Grass,595,1924,indianapolis_colts
38,Stone Smartt,1.0,1,0.0,10.0,10.0,0.0,0.0,0,0,1,2.0,2.0,2.9%,4.25,6,2020,84,TE,ACT,0,226,4,Old Dominion,NYJ,new_york_jets,new_york_jets,MetLife Stadium,East Rutherford,NJ,40.8136,-74.0744,Outdoor,Turf,3,2010,buffalo_bills
3,Trey Mcbride,12.0,12,0.0,8.0,14.0,0.0,0.0,0,0,1,21.6,21.6,98.4%,21.92,13,2020,85,TE,ACT,0,246,4,Colorado State,ARI,arizona_cardinals,arizona_cardinals,State Farm Stadium,Glendale,AZ,33.5275,-112.2625,Indoor,Turf,1070,2006,
17,Brock Bowers,3.0,4,0.0,13.7,21.0,1.0,0.0,0,0,1,7.1,7.1,98.8%,10.27,3,2020,89,TE,ACT,0,230,2,Georgia,LV,las_vegas_raiders,las_vegas_raiders,Allegiant Stadium,Las Vegas,NV,36.0908,-115.183,Indoor,Turf,2001,2020,new_england_patriots
44,Pharaoh Brown,1.0,2,0.0,9.0,9.0,0.0,0.0,0,0,1,1.9,1.9,0.1%,3.93,3,2020,85,TE,ACT,0,246,8,Oregon,MIA,miami_dolphins,miami_dolphins,Hard Rock Stadium,Miami Gardens,FL,25.958,-80.238,Outdoor,Grass,7,1987,
35,Jeremy Ruckert,2.0,3,0.0,3.5,8.0,0.0,0.0,0,0,1,2.7,2.7,1.9%,3.92,6,2020,89,TE,ACT,0,250,4,Ohio State,NYJ,new_york_jets,new_york_jets,MetLife Stadium,East Rutherford,NJ,40.8136,-74.0744,Outdoor,Turf,3,2010,buffalo_bills
47,Durham Smythe,1.0,1,0.0,8.0,8.0,0.0,0.0,0,0,1,1.8,1.8,0.6%,3.61,15,2020,81,TE,ACT,0,248,8,Notre Dame,CHI,chicago_bears,chicago_bears,Soldier Field,Chicago,IL,41.8623,-87.6167,Outdoor,Grass,595,1924,
16,Hunter Henry,5.0,8,0.0,8.8,16.0,0.0,0.0,0,0,1,9.4,9.4,48.2%,11.25,12,2020,85,TE,ACT,0,249,10,Arkansas,NE,new_england_patriots,new_england_patriots,Gillette Stadium,Foxborough,MA,42.0909,-71.2643,Outdoor,Turf,289,2002,
41,Nate Adkins,1.0,1,0.0,7.0,7.0,0.0,0.0,0,0,1,1.7,1.7,1.1%,3.29,17,2020,45,TE,ACT,0,252,3,South Carolina,DEN,denver_broncos,denver_broncos,Empower Field at Mile High,Denver,CO,39.7439,-105.0201,Outdoor,Turf,5280,2001,
43,Tyler Conklin,1.0,2,0.0,10.0,10.0,0.0,0.0,0,0,1,2.0,2.0,13.5%,4.25,2,2020,83,TE,ACT,0,248,8,Central Michigan,LAC,los_angeles_chargers,los_angeles_chargers,SoFi Stadium,Inglewood,CA,33.9535,-118.3392,Outdoor,Turf,100,2020,kansas_city_chiefs
45,Dominique Dafney,0.0,0,0.0,0.0,0.0,0.0,0.0,0,0,0,0.0,0.0,0.0%,0.0,6,2020,46,TE,ACT,0,235,2,Indiana State,CAR,carolina_panthers,carolina_panthers,Bank of America Stadium,Charlotte,NC,35.2258,-80.8528,Outdoor,Grass,748,1996,chicago_bears
25,Jordan Akins,3.0,4,0.0,10.7,21.0,1.0,0.0,0,0,1,6.2,6.2,1.0%,9.19,9,2020,88,TE,ACT,76,245,7,UCF,CLE,cleveland_browns,cleveland_browns,FirstEnergy Stadium,Cleveland,OH,41.5061,-81.6995,Outdoor,Grass,577,1999,
40,Nate Adkins,1.0,1,0.0,16.0,16.0,0.0,0.0,0,0,1,2.6,2.6,1.1%,6.17,13,2020,45,TE,ACT,0,252,3,South Carolina,DEN,denver_broncos,denver_broncos,Empower Field at Mile High,Denver,CO,39.7439,-105.0201,Outdoor,Turf,5280,2001,
13,Noah Gray,3.0,3,0.0,12.3,13.0,0.0,0.0,0,0,1,6.7,6.7,15.6%,8.88,1,2020,83,TE,ACT,0,240,5,Duke,KC,kansas_city_chiefs,kansas_city_chiefs,GEHA Field at Arrowhead Stadium,Kansas City,MO,39.049,-94.4839,Outdoor,Grass,1020,1972,
7,Hunter Henry,3.0,5,0.0,13.7,30.0,1.0,0.0,0,0,1,13.1,13.1,48.2%,15.38,6,2020,85,TE,ACT,0,249,10,Arkansas,NE,new_england_patriots,new_england_patriots,Gillette Stadium,Foxborough,MA,42.0909,-71.2643,Outdoor,Turf,289,2002,
17,Grant Calcaterra,5.0,5,0.0,6.0,10.0,0.0,0.0,0,0,1,8.0,8.0,2.8%,9.25,9,2020,81,TE,ACT,0,240,4,SMU,PHI,philadelphia_eagles,philadelphia_eagles,Lincoln Financial Field,Philadelphia,PA,39.9008,-75.1675,Outdoor,Grass,30,2003,new_york_giants
9,Brock Bowers,7.0,7,-1.0,11.0,17.0,0.0,0.0,1,0,1,14.6,14.6,98.8%,15.77,17,2020,89,TE,ACT,0,230,2,Georgia,LV,las_vegas_raiders,las_vegas_raiders,Allegiant Stadium,Las Vegas,NV,36.0908,-115.183,Indoor,Turf,2001,2020,
49,Ben Sinnott,1.0,1,0.0,7.0,7.0,0.0,0.0,0,0,1,1.7,1.7,15.4%,3.29,15,2020,82,TE,ACT,0,247,2,Kansas State,WAS,washington_commanders,washington_commanders,FedExField,Landover,MD,38.9078,-76.8645,Outdoor,Grass,300,1997,carolina_panthers
50,Nick Vannett,1.0,1,0.0,7.0,7.0,0.0,0.0,0,0,1,1.7,1.7,0.0%,3.29,15,2020,83,TE,ACT,78,261,9,Ohio State,TEN,tennessee_titans,tennessee_titans,Nissan Stadium,Nashville,TN,36.1665,-86.7713,Outdoor,Grass,476,1999,green_bay_packers
40,Tip Reiman,2.0,3,0.0,4.0,5.0,0.0,0.0,0,0,1,2.8,2.8,0.1%,3.76,15,2020,87,TE,ACT,0,271,2,Illinois,ARI,arizona_cardinals,arizona_cardinals,State Farm Stadium,Glendale,AZ,33.5275,-112.2625,Indoor,Turf,1070,2006,san_francisco_49ers
10,Colby Parkinson,7.0,13,0.0,7.4,9.0,0.0,0.0,0,0,1,12.2,12.2,4.5%,13.0,5,2020,84,TE,ACT,0,265,6,Stanford,LAR,los_angeles_rams,los_angeles_rams,SoFi Stadium,Inglewood,CA,33.9535,-118.3392,Outdoor,Turf,100,2020,
8,Noah Fant,6.0,6,0.0,10.5,12.0,0.0,0.0,0,0,1,12.3,12.3,17.3%,13.49,6,2020,87,TE,ACT,0,249,7,Iowa,SEA,seattle_seahawks,seattle_seahawks,Lumen Field,Seattle,WA,47.5952,-122.3316,Outdoor,Turf,20,2002,
24,Brock Bowers,2.0,3,12.0,9.5,13.0,0.0,0.0,1,0,1,5.1,5.1,98.8%,9.99,4,2020,89,TE,ACT,0,230,2,Georgia,LV,las_vegas_raiders,las_vegas_raiders,Allegiant Stadium,Las Vegas,NV,36.0908,-115.183,Indoor,Turf,2001,2020,buffalo_bills
45,John Bates,1.0,1,0.0,13.0,13.0,0.0,0.0,0,1,1,0.3,0.3,0.6%,3.81,12,2020,87,TE,ACT,0,259,5,Boise State,WAS,washington_commanders,washington_commanders,FedExField,Landover,MD,38.9078,-76.8645,Outdoor,Grass,300,1997,
44,Elijah Arroyo,0.0,0,0.0,0.0,0.0,0.0,0.0,0,0,0,0.0,0.0,17.1%,0.0,6,2020,18,TE,UDF,0,254,1,Miami,SEA,seattle_seahawks,seattle_seahawks,Lumen Field,Seattle,WA,47.5952,-122.3316,Outdoor,Turf,20,2002,
23,Sam Laporta,2.0,2,0.0,18.0,24.0,1.0,0.0,0,0,1,5.6,5.6,97.8%,9.82,3,2020,87,TE,ACT,0,245,3,Iowa,DET,detroit_lions,detroit_lions,Ford Field,Detroit,MI,42.34,-83.0456,Indoor,Turf,600,2002,
45,Noah Gray,1.0,1,0.0,6.0,6.0,0.0,0.0,0,0,1,1.6,1.6,15.6%,2.97,17,2020,83,TE,ACT,0,240,5,Duke,KC,kansas_city_chiefs,kansas_city_chiefs,GEHA Field at Arrowhead Stadium,Kansas City,MO,39.049,-94.4839,Outdoor,Grass,1020,1972,tampa_bay_buccaneers
