Week,Day,Date,Time,Winner,is_away,Loser,Winner_Pts,Loser_Pts,YdsW,TOW,YdsL,Year,home_team_norm,stadium_name,home_team_name,city,state,latitude,longitude,indoor_outdoor,surface_type,elevation,year_opened
1,Thu,2018-09-06,8:20PM,philadelphia_eagles,"",atlanta_falcons,18,12,232,2,299,2018,philadelphia_eagles,Lincoln Financial Field,philadelphia_eagles,Philadelphia,PA,39.9008,-75.1675,Outdoor,Grass,30,2003
1,Sun,2018-09-09,1:00PM,baltimore_ravens,"",buffalo_bills,47,3,369,1,153,2018,baltimore_ravens,M&T Bank Stadium,baltimore_ravens,Baltimore,MD,39.2779,-76.6227,Outdoor,Grass,10,1998
1,Sun,2018-09-09,1:00PM,cincinnati_bengals,@,indianapolis_colts,34,23,330,2,380,2018,indianapolis_colts,Lucas Oil Stadium,indianapolis_colts,Indianapolis,IN,39.7601,-86.1639,Indoor,Turf,700,2008
1,Sun,2018-09-09,1:00PM,pittsburgh_steelers,@,cleveland_browns,21,21,472,6,327,2018,cleveland_browns,FirstEnergy Stadium,cleveland_browns,Cleveland,OH,41.5061,-81.6995,Outdoor,Grass,577,1999
1,Sun,2018-09-09,1:00PM,new_england_patriots,"",houston_texans,27,20,389,3,325,2018,new_england_patriots,Gillette Stadium,new_england_patriots,Foxborough,MA,42.0909,-71.2643,Outdoor,Turf,289,2002
1,Sun,2018-09-09,1:00PM,jacksonville_jaguars,@,new_york_giants,20,15,305,1,324,2018,new_york_giants,MetLife Stadium,new_york_giants,East Rutherford,NJ,40.8136,-74.0744,Outdoor,Turf,3,2010
1,Sun,2018-09-09,1:00PM,miami_dolphins,"",tennessee_titans,27,20,342,2,336,2018,miami_dolphins,Hard Rock Stadium,miami_dolphins,Miami Gardens,FL,25.958,-80.238,Outdoor,Grass,7,1987
1,Sun,2018-09-09,1:00PM,minnesota_vikings,"",san_francisco_49ers,24,16,343,1,327,2018,minnesota_vikings,U.S. Bank Stadium,minnesota_vikings,Minneapolis,MN,44.974,-93.2581,Indoor,Turf,840,2016
1,Sun,2018-09-09,1:00PM,tampa_bay_buccaneers,@,new_orleans_saints,48,40,529,0,475,2018,new_orleans_saints,Caesars Superdome,new_orleans_saints,New Orleans,LA,29.9509,-90.0815,Indoor,Turf,3,1975
1,Sun,2018-09-09,4:05PM,kansas_city_chiefs,@,los_angeles_chargers,38,28,362,0,541,2018,los_angeles_chargers,SoFi Stadium,los_angeles_chargers,Inglewood,CA,33.9535,-118.3392,Outdoor,Turf,100,2020
1,Sun,2018-09-09,4:25PM,carolina_panthers,"",dallas_cowboys,16,8,293,1,232,2018,carolina_panthers,Bank of America Stadium,carolina_panthers,Charlotte,NC,35.2258,-80.8528,Outdoor,Grass,748,1996
1,Sun,2018-09-09,4:25PM,washington_commanders,@,arizona_cardinals,24,6,429,1,213,2018,arizona_cardinals,State Farm Stadium,arizona_cardinals,Glendale,AZ,33.5275,-112.2625,Indoor,Turf,1070,2006
1,Sun,2018-09-09,4:25PM,denver_broncos,"",seattle_seahawks,27,24,470,3,306,2018,denver_broncos,Empower Field at Mile High,denver_broncos,Denver,CO,39.7439,-105.0201,Outdoor,Turf,5280,2001
1,Sun,2018-09-09,8:20PM,green_bay_packers,"",chicago_bears,24,23,370,2,294,2018,green_bay_packers,Lambeau Field,green_bay_packers,Green Bay,WI,44.5013,-88.0622,Outdoor,Grass,640,1957
1,Mon,2018-09-10,7:10PM,new_york_jets,@,detroit_lions,48,17,349,2,339,2018,detroit_lions,Ford Field,detroit_lions,Detroit,MI,42.34,-83.0456,Indoor,Turf,600,2002
1,Mon,2018-09-10,10:20PM,los_angeles_rams,@,las_vegas_raiders,33,13,365,0,395,2018,las_vegas_raiders,Allegiant Stadium,las_vegas_raiders,Las Vegas,NV,36.0908,-115.183,Indoor,Turf,2001,2020
2,Thu,2018-09-13,8:20PM,cincinnati_bengals,"",baltimore_ravens,34,23,373,0,425,2018,cincinnati_bengals,Paycor Stadium,cincinnati_bengals,Cincinnati,OH,39.0954,-84.516,Outdoor,Turf,482,2000
2,Sun,2018-09-16,1:00PM,atlanta_falcons,"",carolina_panthers,31,24,442,1,439,2018,atlanta_falcons,Mercedes-Benz Stadium,atlanta_falcons,Atlanta,GA,33.755,-84.4008,Indoor,Turf,1050,2017
2,Sun,2018-09-16,1:00PM,los_angeles_chargers,@,buffalo_bills,31,20,349,0,293,2018,buffalo_bills,Highmark Stadium,buffalo_bills,Orchard Park,NY,42.7738,-78.7868,Outdoor,Grass,600,1973
2,Sun,2018-09-16,1:00PM,new_orleans_saints,"",cleveland_browns,21,18,275,2,327,2018,new_orleans_saints,Caesars Superdome,new_orleans_saints,New Orleans,LA,29.9509,-90.0815,Indoor,Turf,3,1975
2,Sun,2018-09-16,1:00PM,indianapolis_colts,@,washington_commanders,21,9,281,2,334,2018,washington_commanders,FedExField,washington_commanders,Landover,MD,38.9078,-76.8645,Outdoor,Grass,300,1997
2,Sun,2018-09-16,1:00PM,minnesota_vikings,@,green_bay_packers,29,29,480,1,351,2018,green_bay_packers,Lambeau Field,green_bay_packers,Green Bay,WI,44.5013,-88.0622,Outdoor,Grass,640,1957
2,Sun,2018-09-16,1:00PM,tennessee_titans,"",houston_texans,20,17,283,0,437,2018,tennessee_titans,Nissan Stadium,tennessee_titans,Nashville,TN,36.1665,-86.7713,Outdoor,Grass,476,1999
2,Sun,2018-09-16,1:00PM,kansas_city_chiefs,@,pittsburgh_steelers,42,37,449,1,475,2018,pittsburgh_steelers,Acrisure Stadium,pittsburgh_steelers,Pittsburgh,PA,40.4468,-80.0158,Outdoor,Grass,730,2001
2,Sun,2018-09-16,1:00PM,miami_dolphins,@,new_york_jets,20,12,257,2,362,2018,new_york_jets,MetLife Stadium,new_york_jets,East Rutherford,NJ,40.8136,-74.0744,Outdoor,Turf,3,2010
2,Sun,2018-09-16,1:00PM,tampa_bay_buccaneers,"",philadelphia_eagles,27,21,436,2,412,2018,tampa_bay_buccaneers,Raymond James Stadium,tampa_bay_buccaneers,Tampa,FL,27.9759,-82.5033,Outdoor,Grass,26,1998
2,Sun,2018-09-16,4:05PM,los_angeles_rams,"",arizona_cardinals,34,0,432,1,137,2018,los_angeles_rams,SoFi Stadium,los_angeles_rams,Inglewood,CA,33.9535,-118.3392,Outdoor,Turf,100,2020
2,Sun,2018-09-16,4:05PM,san_francisco_49ers,"",detroit_lions,30,27,346,0,427,2018,san_francisco_49ers,Levi's Stadium,san_francisco_49ers,Santa Clara,CA,37.403,-121.9692,Outdoor,Grass,13,2014
2,Sun,2018-09-16,4:25PM,denver_broncos,"",las_vegas_raiders,20,19,385,1,373,2018,denver_broncos,Empower Field at Mile High,denver_broncos,Denver,CO,39.7439,-105.0201,Outdoor,Turf,5280,2001
2,Sun,2018-09-16,4:25PM,jacksonville_jaguars,"",new_england_patriots,31,20,480,2,302,2018,jacksonville_jaguars,TIAA Bank Field,jacksonville_jaguars,Jacksonville,FL,30.3239,-81.6373,Outdoor,Grass,16,1995
2,Sun,2018-09-16,8:20PM,dallas_cowboys,"",new_york_giants,20,13,298,0,255,2018,dallas_cowboys,AT&T Stadium,dallas_cowboys,Arlington,TX,32.7473,-97.0945,Indoor,Turf,639,2009
2,Mon,2018-09-17,8:15PM,chicago_bears,"",seattle_seahawks,24,17,271,2,276,2018,chicago_bears,Soldier Field,chicago_bears,Chicago,IL,41.8623,-87.6167,Outdoor,Grass,595,1924
3,Thu,2018-09-20,8:20PM,cleveland_browns,"",new_york_jets,21,17,323,0,268,2018,cleveland_browns,FirstEnergy Stadium,cleveland_browns,Cleveland,OH,41.5061,-81.6995,Outdoor,Grass,577,1999
3,Sun,2018-09-23,1:00PM,new_orleans_saints,@,atlanta_falcons,43,37,534,0,407,2018,atlanta_falcons,Mercedes-Benz Stadium,atlanta_falcons,Atlanta,GA,33.755,-84.4008,Indoor,Turf,1050,2017
3,Sun,2018-09-23,1:00PM,buffalo_bills,@,minnesota_vikings,27,6,292,0,292,2018,minnesota_vikings,U.S. Bank Stadium,minnesota_vikings,Minneapolis,MN,44.974,-93.2581,Indoor,Turf,840,2016
3,Sun,2018-09-23,1:00PM,carolina_panthers,"",cincinnati_bengals,31,21,377,0,396,2018,carolina_panthers,Bank of America Stadium,carolina_panthers,Charlotte,NC,35.2258,-80.8528,Outdoor,Grass,748,1996
3,Sun,2018-09-23,1:00PM,philadelphia_eagles,"",indianapolis_colts,20,16,379,2,209,2018,philadelphia_eagles,Lincoln Financial Field,philadelphia_eagles,Philadelphia,PA,39.9008,-75.1675,Outdoor,Grass,30,2003
3,Sun,2018-09-23,1:00PM,baltimore_ravens,"",denver_broncos,27,14,342,0,293,2018,baltimore_ravens,M&T Bank Stadium,baltimore_ravens,Baltimore,MD,39.2779,-76.6227,Outdoor,Grass,10,1998
3,Sun,2018-09-23,1:00PM,washington_commanders,"",green_bay_packers,31,17,386,1,340,2018,washington_commanders,FedExField,washington_commanders,Landover,MD,38.9078,-76.8645,Outdoor,Grass,300,1997
3,Sun,2018-09-23,1:00PM,new_york_giants,@,houston_texans,27,22,379,0,427,2018,houston_texans,NRG Stadium,houston_texans,Houston,TX,29.6847,-95.4107,Indoor,Turf,50,2002
3,Sun,2018-09-23,1:00PM,tennessee_titans,@,jacksonville_jaguars,9,6,233,0,232,2018,jacksonville_jaguars,TIAA Bank Field,jacksonville_jaguars,Jacksonville,FL,30.3239,-81.6373,Outdoor,Grass,16,1995
3,Sun,2018-09-23,1:00PM,kansas_city_chiefs,"",san_francisco_49ers,38,27,384,0,406,2018,kansas_city_chiefs,GEHA Field at Arrowhead Stadium,kansas_city_chiefs,Kansas City,MO,39.049,-94.4839,Outdoor,Grass,1020,1972
3,Sun,2018-09-23,1:00PM,miami_dolphins,"",las_vegas_raiders,28,20,373,0,434,2018,miami_dolphins,Hard Rock Stadium,miami_dolphins,Miami Gardens,FL,25.958,-80.238,Outdoor,Grass,7,1987
3,Sun,2018-09-23,4:05PM,los_angeles_rams,"",los_angeles_chargers,35,23,521,2,356,2018,los_angeles_rams,SoFi Stadium,los_angeles_rams,Inglewood,CA,33.9535,-118.3392,Outdoor,Turf,100,2020
3,Sun,2018-09-23,4:25PM,chicago_bears,@,arizona_cardinals,16,14,316,2,221,2018,arizona_cardinals,State Farm Stadium,arizona_cardinals,Glendale,AZ,33.5275,-112.2625,Indoor,Turf,1070,2006
3,Sun,2018-09-23,4:25PM,seattle_seahawks,"",dallas_cowboys,24,13,295,0,303,2018,seattle_seahawks,Lumen Field,seattle_seahawks,Seattle,WA,47.5952,-122.3316,Outdoor,Turf,20,2002
3,Sun,2018-09-23,8:20PM,detroit_lions,"",new_england_patriots,26,10,414,1,209,2018,detroit_lions,Ford Field,detroit_lions,Detroit,MI,42.34,-83.0456,Indoor,Turf,600,2002
3,Mon,2018-09-24,8:15PM,pittsburgh_steelers,@,tampa_bay_buccaneers,30,27,413,1,455,2018,tampa_bay_buccaneers,Raymond James Stadium,tampa_bay_buccaneers,Tampa,FL,27.9759,-82.5033,Outdoor,Grass,26,1998
4,Thu,2018-09-27,8:20PM,los_angeles_rams,"",minnesota_vikings,38,31,556,0,446,2018,los_angeles_rams,SoFi Stadium,los_angeles_rams,Inglewood,CA,33.9535,-118.3392,Outdoor,Turf,100,2020
4,Sun,2018-09-30,1:00PM,cincinnati_bengals,@,atlanta_falcons,37,36,407,1,495,2018,atlanta_falcons,Mercedes-Benz Stadium,atlanta_falcons,Atlanta,GA,33.755,-84.4008,Indoor,Turf,1050,2017
4,Sun,2018-09-30,1:00PM,green_bay_packers,"",buffalo_bills,22,0,423,2,145,2018,green_bay_packers,Lambeau Field,green_bay_packers,Green Bay,WI,44.5013,-88.0622,Outdoor,Grass,640,1957
4,Sun,2018-09-30,1:00PM,chicago_bears,"",tampa_bay_buccaneers,48,10,483,0,311,2018,chicago_bears,Soldier Field,chicago_bears,Chicago,IL,41.8623,-87.6167,Outdoor,Grass,595,1924
4,Sun,2018-09-30,1:00PM,houston_texans,@,indianapolis_colts,37,34,466,1,478,2018,indianapolis_colts,Lucas Oil Stadium,indianapolis_colts,Indianapolis,IN,39.7601,-86.1639,Indoor,Turf,700,2008
4,Sun,2018-09-30,1:00PM,dallas_cowboys,"",detroit_lions,26,24,414,0,382,2018,dallas_cowboys,AT&T Stadium,dallas_cowboys,Arlington,TX,32.7473,-97.0945,Indoor,Turf,639,2009
4,Sun,2018-09-30,1:00PM,jacksonville_jaguars,"",new_york_jets,31,12,503,3,178,2018,jacksonville_jaguars,TIAA Bank Field,jacksonville_jaguars,Jacksonville,FL,30.3239,-81.6373,Outdoor,Grass,16,1995
4,Sun,2018-09-30,1:00PM,new_england_patriots,"",miami_dolphins,38,7,449,2,172,2018,new_england_patriots,Gillette Stadium,new_england_patriots,Foxborough,MA,42.0909,-71.2643,Outdoor,Turf,289,2002
4,Sun,2018-09-30,1:00PM,tennessee_titans,"",philadelphia_eagles,26,23,397,1,432,2018,tennessee_titans,Nissan Stadium,tennessee_titans,Nashville,TN,36.1665,-86.7713,Outdoor,Grass,476,1999
4,Sun,2018-09-30,4:05PM,las_vegas_raiders,"",cleveland_browns,45,42,565,2,487,2018,las_vegas_raiders,Allegiant Stadium,las_vegas_raiders,Las Vegas,NV,36.0908,-115.183,Indoor,Turf,2001,2020
4,Sun,2018-09-30,4:05PM,seattle_seahawks,@,arizona_cardinals,20,17,331,0,263,2018,arizona_cardinals,State Farm Stadium,arizona_cardinals,Glendale,AZ,33.5275,-112.2625,Indoor,Turf,1070,2006
4,Sun,2018-09-30,4:25PM,new_orleans_saints,@,new_york_giants,33,18,389,0,299,2018,new_york_giants,MetLife Stadium,new_york_giants,East Rutherford,NJ,40.8136,-74.0744,Outdoor,Turf,3,2010
4,Sun,2018-09-30,4:25PM,los_angeles_chargers,"",san_francisco_49ers,29,27,368,1,364,2018,los_angeles_chargers,SoFi Stadium,los_angeles_chargers,Inglewood,CA,33.9535,-118.3392,Outdoor,Turf,100,2020
4,Sun,2018-09-30,8:20PM,baltimore_ravens,@,pittsburgh_steelers,26,14,451,1,284,2018,pittsburgh_steelers,Acrisure Stadium,pittsburgh_steelers,Pittsburgh,PA,40.4468,-80.0158,Outdoor,Grass,730,2001
4,Mon,2018-10-01,8:15PM,kansas_city_chiefs,@,denver_broncos,27,23,446,0,385,2018,denver_broncos,Empower Field at Mile High,denver_broncos,Denver,CO,39.7439,-105.0201,Outdoor,Turf,5280,2001
5,Thu,2018-10-04,8:20PM,new_england_patriots,"",indianapolis_colts,38,24,438,2,439,2018,new_england_patriots,Gillette Stadium,new_england_patriots,Foxborough,MA,42.0909,-71.2643,Outdoor,Turf,289,2002
5,Sun,2018-10-07,1:00PM,carolina_panthers,"",new_york_giants,33,31,350,2,432,2018,carolina_panthers,Bank of America Stadium,carolina_panthers,Charlotte,NC,35.2258,-80.8528,Outdoor,Grass,748,1996
5,Sun,2018-10-07,1:00PM,pittsburgh_steelers,"",atlanta_falcons,41,17,381,1,324,2018,pittsburgh_steelers,Acrisure Stadium,pittsburgh_steelers,Pittsburgh,PA,40.4468,-80.0158,Outdoor,Grass,730,2001
5,Sun,2018-10-07,1:00PM,buffalo_bills,"",tennessee_titans,13,12,223,1,221,2018,buffalo_bills,Highmark Stadium,buffalo_bills,Orchard Park,NY,42.7738,-78.7868,Outdoor,Grass,600,1973
5,Sun,2018-10-07,1:00PM,cincinnati_bengals,"",miami_dolphins,27,17,332,1,297,2018,cincinnati_bengals,Paycor Stadium,cincinnati_bengals,Cincinnati,OH,39.0954,-84.516,Outdoor,Turf,482,2000
5,Sun,2018-10-07,1:00PM,cleveland_browns,"",baltimore_ravens,12,9,416,1,410,2018,cleveland_browns,FirstEnergy Stadium,cleveland_browns,Cleveland,OH,41.5061,-81.6995,Outdoor,Grass,577,1999
5,Sun,2018-10-07,1:00PM,new_york_jets,"",denver_broncos,34,16,512,2,436,2018,new_york_jets,MetLife Stadium,new_york_jets,East Rutherford,NJ,40.8136,-74.0744,Outdoor,Turf,3,2010
5,Sun,2018-10-07,1:00PM,detroit_lions,"",green_bay_packers,31,23,264,0,521,2018,detroit_lions,Ford Field,detroit_lions,Detroit,MI,42.34,-83.0456,Indoor,Turf,600,2002
5,Sun,2018-10-07,1:00PM,kansas_city_chiefs,"",jacksonville_jaguars,30,14,424,2,502,2018,kansas_city_chiefs,GEHA Field at Arrowhead Stadium,kansas_city_chiefs,Kansas City,MO,39.049,-94.4839,Outdoor,Grass,1020,1972
5,Sun,2018-10-07,4:05PM,los_angeles_chargers,"",las_vegas_raiders,26,10,412,0,289,2018,los_angeles_chargers,SoFi Stadium,los_angeles_chargers,Inglewood,CA,33.9535,-118.3392,Outdoor,Turf,100,2020
5,Sun,2018-10-07,4:25PM,arizona_cardinals,@,san_francisco_49ers,28,18,220,0,447,2018,san_francisco_49ers,Levi's Stadium,san_francisco_49ers,Santa Clara,CA,37.403,-121.9692,Outdoor,Grass,13,2014
5,Sun,2018-10-07,4:25PM,minnesota_vikings,@,philadelphia_eagles,23,21,375,1,364,2018,philadelphia_eagles,Lincoln Financial Field,philadelphia_eagles,Philadelphia,PA,39.9008,-75.1675,Outdoor,Grass,30,2003
5,Sun,2018-10-07,4:25PM,los_angeles_rams,@,seattle_seahawks,33,31,468,2,373,2018,seattle_seahawks,Lumen Field,seattle_seahawks,Seattle,WA,47.5952,-122.3316,Outdoor,Turf,20,2002
5,Sun,2018-10-07,8:20PM,houston_texans,"",dallas_cowboys,19,16,462,2,292,2018,houston_texans,NRG Stadium,houston_texans,Houston,TX,29.6847,-95.4107,Indoor,Turf,50,2002
5,Mon,2018-10-08,8:15PM,new_orleans_saints,"",washington_commanders,43,19,447,1,283,2018,new_orleans_saints,Caesars Superdome,new_orleans_saints,New Orleans,LA,29.9509,-90.0815,Indoor,Turf,3,1975
6,Thu,2018-10-11,8:20PM,philadelphia_eagles,@,new_york_giants,34,13,379,0,401,2018,new_york_giants,MetLife Stadium,new_york_giants,East Rutherford,NJ,40.8136,-74.0744,Outdoor,Turf,3,2010
6,Sun,2018-10-14,1:00PM,washington_commanders,"",carolina_panthers,23,17,288,0,350,2018,washington_commanders,FedExField,washington_commanders,Landover,MD,38.9078,-76.8645,Outdoor,Grass,300,1997
6,Sun,2018-10-14,1:00PM,miami_dolphins,"",chicago_bears,31,28,541,3,467,2018,miami_dolphins,Hard Rock Stadium,miami_dolphins,Miami Gardens,FL,25.958,-80.238,Outdoor,Grass,7,1987
6,Sun,2018-10-14,1:00PM,atlanta_falcons,"",tampa_bay_buccaneers,34,29,417,0,510,2018,atlanta_falcons,Mercedes-Benz Stadium,atlanta_falcons,Atlanta,GA,33.755,-84.4008,Indoor,Turf,1050,2017
6,Sun,2018-10-14,1:00PM,houston_texans,"",buffalo_bills,20,13,216,3,229,2018,houston_texans,NRG Stadium,houston_texans,Houston,TX,29.6847,-95.4107,Indoor,Turf,50,2002
6,Sun,2018-10-14,1:00PM,pittsburgh_steelers,@,cincinnati_bengals,28,21,481,0,275,2018,cincinnati_bengals,Paycor Stadium,cincinnati_bengals,Cincinnati,OH,39.0954,-84.516,Outdoor,Turf,482,2000
6,Sun,2018-10-14,1:00PM,los_angeles_chargers,@,cleveland_browns,38,14,449,1,317,2018,cleveland_browns,FirstEnergy Stadium,cleveland_browns,Cleveland,OH,41.5061,-81.6995,Outdoor,Grass,577,1999
6,Sun,2018-10-14,1:00PM,new_york_jets,"",indianapolis_colts,42,34,374,2,428,2018,new_york_jets,MetLife Stadium,new_york_jets,East Rutherford,NJ,40.8136,-74.0744,Outdoor,Turf,3,2010
6,Sun,2018-10-14,1:00PM,minnesota_vikings,"",arizona_cardinals,27,17,411,2,268,2018,minnesota_vikings,U.S. Bank Stadium,minnesota_vikings,Minneapolis,MN,44.974,-93.2581,Indoor,Turf,840,2016
6,Sun,2018-10-14,1:00PM,seattle_seahawks,@,las_vegas_raiders,27,3,369,1,185,2018,las_vegas_raiders,Allegiant Stadium,las_vegas_raiders,Las Vegas,NV,36.0908,-115.183,Indoor,Turf,2001,2020
6,Sun,2018-10-14,4:05PM,los_angeles_rams,@,denver_broncos,23,20,444,1,357,2018,denver_broncos,Empower Field at Mile High,denver_broncos,Denver,CO,39.7439,-105.0201,Outdoor,Turf,5280,2001
6,Sun,2018-10-14,4:25PM,dallas_cowboys,"",jacksonville_jaguars,40,7,378,0,204,2018,dallas_cowboys,AT&T Stadium,dallas_cowboys,Arlington,TX,32.7473,-97.0945,Indoor,Turf,639,2009
6,Sun,2018-10-14,4:25PM,baltimore_ravens,@,tennessee_titans,21,0,361,1,106,2018,tennessee_titans,Nissan Stadium,tennessee_titans,Nashville,TN,36.1665,-86.7713,Outdoor,Grass,476,1999
6,Sun,2018-10-14,8:20PM,new_england_patriots,"",kansas_city_chiefs,43,40,500,1,446,2018,new_england_patriots,Gillette Stadium,new_england_patriots,Foxborough,MA,42.0909,-71.2643,Outdoor,Turf,289,2002
6,Mon,2018-10-15,8:15PM,green_bay_packers,"",san_francisco_49ers,33,30,521,0,401,2018,green_bay_packers,Lambeau Field,green_bay_packers,Green Bay,WI,44.5013,-88.0622,Outdoor,Grass,640,1957
7,Thu,2018-10-18,8:20PM,denver_broncos,@,arizona_cardinals,45,10,309,1,223,2018,arizona_cardinals,State Farm Stadium,arizona_cardinals,Glendale,AZ,33.5275,-112.2625,Indoor,Turf,1070,2006
7,Sun,2018-10-21,9:30AM,los_angeles_chargers,"",tennessee_titans,20,19,344,0,390,2018,los_angeles_chargers,SoFi Stadium,los_angeles_chargers,Inglewood,CA,33.9535,-118.3392,Outdoor,Turf,100,2020
7,Sun,2018-10-21,1:00PM,carolina_panthers,@,philadelphia_eagles,21,17,371,0,342,2018,philadelphia_eagles,Lincoln Financial Field,philadelphia_eagles,Philadelphia,PA,39.9008,-75.1675,Outdoor,Grass,30,2003
7,Sun,2018-10-21,1:00PM,new_england_patriots,@,chicago_bears,38,31,381,3,453,2018,chicago_bears,Soldier Field,chicago_bears,Chicago,IL,41.8623,-87.6167,Outdoor,Grass,595,1924
7,Sun,2018-10-21,1:00PM,detroit_lions,@,miami_dolphins,32,21,457,0,322,2018,miami_dolphins,Hard Rock Stadium,miami_dolphins,Miami Gardens,FL,25.958,-80.238,Outdoor,Grass,7,1987
7,Sun,2018-10-21,1:00PM,indianapolis_colts,"",buffalo_bills,37,5,376,0,303,2018,indianapolis_colts,Lucas Oil Stadium,indianapolis_colts,Indianapolis,IN,39.7601,-86.1639,Indoor,Turf,700,2008
7,Sun,2018-10-21,1:00PM,tampa_bay_buccaneers,"",cleveland_browns,26,23,456,4,305,2018,tampa_bay_buccaneers,Raymond James Stadium,tampa_bay_buccaneers,Tampa,FL,27.9759,-82.5033,Outdoor,Grass,26,1998
7,Sun,2018-10-21,1:00PM,houston_texans,@,jacksonville_jaguars,20,7,272,0,259,2018,jacksonville_jaguars,TIAA Bank Field,jacksonville_jaguars,Jacksonville,FL,30.3239,-81.6373,Outdoor,Grass,16,1995
7,Sun,2018-10-21,1:00PM,minnesota_vikings,@,new_york_jets,37,17,316,0,263,2018,new_york_jets,MetLife Stadium,new_york_jets,East Rutherford,NJ,40.8136,-74.0744,Outdoor,Turf,3,2010
7,Sun,2018-10-21,4:05PM,new_orleans_saints,@,baltimore_ravens,24,23,339,1,351,2018,baltimore_ravens,M&T Bank Stadium,baltimore_ravens,Baltimore,MD,39.2779,-76.6227,Outdoor,Grass,10,1998
7,Sun,2018-10-21,4:25PM,washington_commanders,"",dallas_cowboys,20,17,305,0,323,2018,washington_commanders,FedExField,washington_commanders,Landover,MD,38.9078,-76.8645,Outdoor,Grass,300,1997
7,Sun,2018-10-21,4:25PM,los_angeles_rams,@,san_francisco_49ers,39,10,339,0,228,2018,san_francisco_49ers,Levi's Stadium,san_francisco_49ers,Santa Clara,CA,37.403,-121.9692,Outdoor,Grass,13,2014
7,Sun,2018-10-21,8:20PM,kansas_city_chiefs,"",cincinnati_bengals,45,10,551,1,239,2018,kansas_city_chiefs,GEHA Field at Arrowhead Stadium,kansas_city_chiefs,Kansas City,MO,39.049,-94.4839,Outdoor,Grass,1020,1972
7,Mon,2018-10-22,8:15PM,atlanta_falcons,"",new_york_giants,23,20,423,1,433,2018,atlanta_falcons,Mercedes-Benz Stadium,atlanta_falcons,Atlanta,GA,33.755,-84.4008,Indoor,Turf,1050,2017
8,Thu,2018-10-25,8:20PM,houston_texans,"",miami_dolphins,42,23,427,0,370,2018,houston_texans,NRG Stadium,houston_texans,Houston,TX,29.6847,-95.4107,Indoor,Turf,50,2002
8,Sun,2018-10-28,9:30AM,philadelphia_eagles,@,jacksonville_jaguars,24,18,395,2,335,2018,jacksonville_jaguars,TIAA Bank Field,jacksonville_jaguars,Jacksonville,FL,30.3239,-81.6373,Outdoor,Grass,16,1995
8,Sun,2018-10-28,1:00PM,carolina_panthers,"",baltimore_ravens,36,21,386,0,325,2018,carolina_panthers,Bank of America Stadium,carolina_panthers,Charlotte,NC,35.2258,-80.8528,Outdoor,Grass,748,1996
8,Sun,2018-10-28,1:00PM,chicago_bears,"",new_york_jets,24,10,395,0,207,2018,chicago_bears,Soldier Field,chicago_bears,Chicago,IL,41.8623,-87.6167,Outdoor,Grass,595,1924
8,Sun,2018-10-28,1:00PM,seattle_seahawks,@,detroit_lions,28,14,413,0,331,2018,detroit_lions,Ford Field,detroit_lions,Detroit,MI,42.34,-83.0456,Indoor,Turf,600,2002
8,Sun,2018-10-28,1:00PM,cincinnati_bengals,"",tampa_bay_buccaneers,37,34,402,0,576,2018,cincinnati_bengals,Paycor Stadium,cincinnati_bengals,Cincinnati,OH,39.0954,-84.516,Outdoor,Turf,482,2000
8,Sun,2018-10-28,1:00PM,pittsburgh_steelers,"",cleveland_browns,33,18,421,2,237,2018,pittsburgh_steelers,Acrisure Stadium,pittsburgh_steelers,Pittsburgh,PA,40.4468,-80.0158,Outdoor,Grass,730,2001
8,Sun,2018-10-28,1:00PM,kansas_city_chiefs,"",denver_broncos,30,23,340,1,411,2018,kansas_city_chiefs,GEHA Field at Arrowhead Stadium,kansas_city_chiefs,Kansas City,MO,39.049,-94.4839,Outdoor,Grass,1020,1972
8,Sun,2018-10-28,1:00PM,washington_commanders,@,new_york_giants,20,13,360,1,303,2018,new_york_giants,MetLife Stadium,new_york_giants,East Rutherford,NJ,40.8136,-74.0744,Outdoor,Turf,3,2010
8,Sun,2018-10-28,4:05PM,indianapolis_colts,@,las_vegas_raiders,42,28,461,0,347,2018,las_vegas_raiders,Allegiant Stadium,las_vegas_raiders,Las Vegas,NV,36.0908,-115.183,Indoor,Turf,2001,2020
8,Sun,2018-10-28,4:25PM,los_angeles_rams,"",green_bay_packers,29,27,416,0,359,2018,los_angeles_rams,SoFi Stadium,los_angeles_rams,Inglewood,CA,33.9535,-118.3392,Outdoor,Turf,100,2020
8,Sun,2018-10-28,4:25PM,arizona_cardinals,"",san_francisco_49ers,18,15,321,2,267,2018,arizona_cardinals,State Farm Stadium,arizona_cardinals,Glendale,AZ,33.5275,-112.2625,Indoor,Turf,1070,2006
8,Sun,2018-10-28,8:20PM,new_orleans_saints,@,minnesota_vikings,30,20,270,1,423,2018,minnesota_vikings,U.S. Bank Stadium,minnesota_vikings,Minneapolis,MN,44.974,-93.2581,Indoor,Turf,840,2016
8,Mon,2018-10-29,8:15PM,new_england_patriots,@,buffalo_bills,25,6,387,0,333,2018,buffalo_bills,Highmark Stadium,buffalo_bills,Orchard Park,NY,42.7738,-78.7868,Outdoor,Grass,600,1973
9,Thu,2018-11-01,8:20PM,san_francisco_49ers,"",las_vegas_raiders,34,3,405,0,242,2018,san_francisco_49ers,Levi's Stadium,san_francisco_49ers,Santa Clara,CA,37.403,-121.9692,Outdoor,Grass,13,2014
9,Sun,2018-11-04,1:00PM,atlanta_falcons,@,washington_commanders,38,14,491,1,366,2018,washington_commanders,FedExField,washington_commanders,Landover,MD,38.9078,-76.8645,Outdoor,Grass,300,1997
9,Sun,2018-11-04,1:00PM,carolina_panthers,"",tampa_bay_buccaneers,42,28,407,0,301,2018,carolina_panthers,Bank of America Stadium,carolina_panthers,Charlotte,NC,35.2258,-80.8528,Outdoor,Grass,748,1996
9,Sun,2018-11-04,1:00PM,minnesota_vikings,"",detroit_lions,24,9,283,2,209,2018,minnesota_vikings,U.S. Bank Stadium,minnesota_vikings,Minneapolis,MN,44.974,-93.2581,Indoor,Turf,840,2016
9,Sun,2018-11-04,1:00PM,pittsburgh_steelers,@,baltimore_ravens,23,16,395,0,265,2018,baltimore_ravens,M&T Bank Stadium,baltimore_ravens,Baltimore,MD,39.2779,-76.6227,Outdoor,Grass,10,1998
9,Sun,2018-11-04,1:00PM,chicago_bears,@,buffalo_bills,41,9,190,1,264,2018,buffalo_bills,Highmark Stadium,buffalo_bills,Orchard Park,NY,42.7738,-78.7868,Outdoor,Grass,600,1973
9,Sun,2018-11-04,1:00PM,kansas_city_chiefs,@,cleveland_browns,37,21,499,1,388,2018,cleveland_browns,FirstEnergy Stadium,cleveland_browns,Cleveland,OH,41.5061,-81.6995,Outdoor,Grass,577,1999
9,Sun,2018-11-04,1:00PM,miami_dolphins,"",new_york_jets,13,6,168,0,282,2018,miami_dolphins,Hard Rock Stadium,miami_dolphins,Miami Gardens,FL,25.958,-80.238,Outdoor,Grass,7,1987
9,Sun,2018-11-04,4:05PM,los_angeles_chargers,@,seattle_seahawks,25,17,375,0,356,2018,seattle_seahawks,Lumen Field,seattle_seahawks,Seattle,WA,47.5952,-122.3316,Outdoor,Turf,20,2002
9,Sun,2018-11-04,4:05PM,houston_texans,@,denver_broncos,19,17,290,0,348,2018,denver_broncos,Empower Field at Mile High,denver_broncos,Denver,CO,39.7439,-105.0201,Outdoor,Turf,5280,2001
9,Sun,2018-11-04,4:25PM,new_orleans_saints,"",los_angeles_rams,45,35,487,1,483,2018,new_orleans_saints,Caesars Superdome,new_orleans_saints,New Orleans,LA,29.9509,-90.0815,Indoor,Turf,3,1975
9,Sun,2018-11-04,8:20PM,new_england_patriots,"",green_bay_packers,31,17,433,0,367,2018,new_england_patriots,Gillette Stadium,new_england_patriots,Foxborough,MA,42.0909,-71.2643,Outdoor,Turf,289,2002
9,Mon,2018-11-05,8:15PM,tennessee_titans,@,dallas_cowboys,28,14,340,2,297,2018,dallas_cowboys,AT&T Stadium,dallas_cowboys,Arlington,TX,32.7473,-97.0945,Indoor,Turf,639,2009
10,Thu,2018-11-08,8:20PM,pittsburgh_steelers,"",carolina_panthers,52,21,457,0,242,2018,pittsburgh_steelers,Acrisure Stadium,pittsburgh_steelers,Pittsburgh,PA,40.4468,-80.0158,Outdoor,Grass,730,2001
10,Sun,2018-11-11,1:00PM,cleveland_browns,"",atlanta_falcons,28,16,427,1,382,2018,cleveland_browns,FirstEnergy Stadium,cleveland_browns,Cleveland,OH,41.5061,-81.6995,Outdoor,Grass,577,1999
10,Sun,2018-11-11,1:00PM,chicago_bears,"",detroit_lions,34,22,402,0,305,2018,chicago_bears,Soldier Field,chicago_bears,Chicago,IL,41.8623,-87.6167,Outdoor,Grass,595,1924
10,Sun,2018-11-11,1:00PM,new_orleans_saints,@,cincinnati_bengals,51,14,509,0,284,2018,cincinnati_bengals,Paycor Stadium,cincinnati_bengals,Cincinnati,OH,39.0954,-84.516,Outdoor,Turf,482,2000
10,Sun,2018-11-11,1:00PM,indianapolis_colts,"",jacksonville_jaguars,29,26,366,1,415,2018,indianapolis_colts,Lucas Oil Stadium,indianapolis_colts,Indianapolis,IN,39.7601,-86.1639,Indoor,Turf,700,2008
10,Sun,2018-11-11,1:00PM,kansas_city_chiefs,"",arizona_cardinals,26,14,330,0,260,2018,kansas_city_chiefs,GEHA Field at Arrowhead Stadium,kansas_city_chiefs,Kansas City,MO,39.049,-94.4839,Outdoor,Grass,1020,1972
10,Sun,2018-11-11,1:00PM,washington_commanders,@,tampa_bay_buccaneers,16,3,286,0,501,2018,tampa_bay_buccaneers,Raymond James Stadium,tampa_bay_buccaneers,Tampa,FL,27.9759,-82.5033,Outdoor,Grass,26,1998
10,Sun,2018-11-11,1:00PM,buffalo_bills,@,new_york_jets,41,10,451,0,199,2018,new_york_jets,MetLife Stadium,new_york_jets,East Rutherford,NJ,40.8136,-74.0744,Outdoor,Turf,3,2010
10,Sun,2018-11-11,1:00PM,tennessee_titans,"",new_england_patriots,34,10,385,0,284,2018,tennessee_titans,Nissan Stadium,tennessee_titans,Nashville,TN,36.1665,-86.7713,Outdoor,Grass,476,1999
10,Sun,2018-11-11,4:05PM,los_angeles_chargers,@,las_vegas_raiders,20,6,335,1,317,2018,las_vegas_raiders,Allegiant Stadium,las_vegas_raiders,Las Vegas,NV,36.0908,-115.183,Indoor,Turf,2001,2020
10,Sun,2018-11-11,4:25PM,green_bay_packers,"",miami_dolphins,31,12,377,1,294,2018,green_bay_packers,Lambeau Field,green_bay_packers,Green Bay,WI,44.5013,-88.0622,Outdoor,Grass,640,1957
10,Sun,2018-11-11,4:25PM,los_angeles_rams,"",seattle_seahawks,36,31,456,0,414,2018,los_angeles_rams,SoFi Stadium,los_angeles_rams,Inglewood,CA,33.9535,-118.3392,Outdoor,Turf,100,2020
10,Sun,2018-11-11,8:20PM,dallas_cowboys,@,philadelphia_eagles,27,20,410,0,421,2018,philadelphia_eagles,Lincoln Financial Field,philadelphia_eagles,Philadelphia,PA,39.9008,-75.1675,Outdoor,Grass,30,2003
10,Mon,2018-11-12,8:15PM,new_york_giants,@,san_francisco_49ers,27,23,277,0,374,2018,san_francisco_49ers,Levi's Stadium,san_francisco_49ers,Santa Clara,CA,37.403,-121.9692,Outdoor,Grass,13,2014
11,Thu,2018-11-15,8:20PM,seattle_seahawks,"",green_bay_packers,27,24,378,1,359,2018,seattle_seahawks,Lumen Field,seattle_seahawks,Seattle,WA,47.5952,-122.3316,Outdoor,Turf,20,2002
11,Sun,2018-11-18,1:00PM,dallas_cowboys,@,atlanta_falcons,22,19,323,0,354,2018,atlanta_falcons,Mercedes-Benz Stadium,atlanta_falcons,Atlanta,GA,33.755,-84.4008,Indoor,Turf,1050,2017
11,Sun,2018-11-18,1:00PM,detroit_lions,"",carolina_panthers,20,19,309,0,387,2018,detroit_lions,Ford Field,detroit_lions,Detroit,MI,42.34,-83.0456,Indoor,Turf,600,2002
11,Sun,2018-11-18,1:00PM,baltimore_ravens,"",cincinnati_bengals,24,21,403,1,255,2018,baltimore_ravens,M&T Bank Stadium,baltimore_ravens,Baltimore,MD,39.2779,-76.6227,Outdoor,Grass,10,1998
11,Sun,2018-11-18,1:00PM,indianapolis_colts,"",tennessee_titans,38,10,397,0,267,2018,indianapolis_colts,Lucas Oil Stadium,indianapolis_colts,Indianapolis,IN,39.7601,-86.1639,Indoor,Turf,700,2008
11,Sun,2018-11-18,1:00PM,houston_texans,@,washington_commanders,23,21,320,3,278,2018,washington_commanders,FedExField,washington_commanders,Landover,MD,38.9078,-76.8645,Outdoor,Grass,300,1997
11,Sun,2018-11-18,1:00PM,pittsburgh_steelers,@,jacksonville_jaguars,20,16,323,3,243,2018,jacksonville_jaguars,TIAA Bank Field,jacksonville_jaguars,Jacksonville,FL,30.3239,-81.6373,Outdoor,Grass,16,1995
11,Sun,2018-11-18,1:00PM,new_york_giants,"",tampa_bay_buccaneers,38,35,359,0,510,2018,new_york_giants,MetLife Stadium,new_york_giants,East Rutherford,NJ,40.8136,-74.0744,Outdoor,Turf,3,2010
11,Sun,2018-11-18,4:05PM,las_vegas_raiders,@,arizona_cardinals,23,21,325,0,282,2018,arizona_cardinals,State Farm Stadium,arizona_cardinals,Glendale,AZ,33.5275,-112.2625,Indoor,Turf,1070,2006
11,Sun,2018-11-18,4:05PM,denver_broncos,@,los_angeles_chargers,23,22,325,0,479,2018,los_angeles_chargers,SoFi Stadium,los_angeles_chargers,Inglewood,CA,33.9535,-118.3392,Outdoor,Turf,100,2020
11,Sun,2018-11-18,4:25PM,new_orleans_saints,"",philadelphia_eagles,48,7,546,0,196,2018,new_orleans_saints,Caesars Superdome,new_orleans_saints,New Orleans,LA,29.9509,-90.0815,Indoor,Turf,3,1975
11,Sun,2018-11-18,8:20PM,chicago_bears,"",minnesota_vikings,25,20,308,3,268,2018,chicago_bears,Soldier Field,chicago_bears,Chicago,IL,41.8623,-87.6167,Outdoor,Grass,595,1924
11,Mon,2018-11-19,8:15PM,los_angeles_rams,"",kansas_city_chiefs,54,51,455,2,546,2018,los_angeles_rams,SoFi Stadium,los_angeles_rams,Inglewood,CA,33.9535,-118.3392,Outdoor,Turf,100,2020
12,Thu,2018-11-22,12:30PM,chicago_bears,@,detroit_lions,23,16,264,1,333,2018,detroit_lions,Ford Field,detroit_lions,Detroit,MI,42.34,-83.0456,Indoor,Turf,600,2002
12,Thu,2018-11-22,4:30PM,dallas_cowboys,"",washington_commanders,31,23,404,0,331,2018,dallas_cowboys,AT&T Stadium,dallas_cowboys,Arlington,TX,32.7473,-97.0945,Indoor,Turf,639,2009
12,Thu,2018-11-22,8:20PM,new_orleans_saints,"",atlanta_falcons,31,17,312,1,366,2018,new_orleans_saints,Caesars Superdome,new_orleans_saints,New Orleans,LA,29.9509,-90.0815,Indoor,Turf,3,1975
12,Sun,2018-11-25,1:00PM,buffalo_bills,"",jacksonville_jaguars,24,21,327,0,333,2018,buffalo_bills,Highmark Stadium,buffalo_bills,Orchard Park,NY,42.7738,-78.7868,Outdoor,Grass,600,1973
12,Sun,2018-11-25,1:00PM,seattle_seahawks,@,carolina_panthers,30,27,397,0,476,2018,carolina_panthers,Bank of America Stadium,carolina_panthers,Charlotte,NC,35.2258,-80.8528,Outdoor,Grass,748,1996
12,Sun,2018-11-25,1:00PM,cleveland_browns,@,cincinnati_bengals,35,20,342,0,372,2018,cincinnati_bengals,Paycor Stadium,cincinnati_bengals,Cincinnati,OH,39.0954,-84.516,Outdoor,Turf,482,2000
12,Sun,2018-11-25,1:00PM,new_england_patriots,@,new_york_jets,27,13,498,0,338,2018,new_york_jets,MetLife Stadium,new_york_jets,East Rutherford,NJ,40.8136,-74.0744,Outdoor,Turf,3,2010
12,Sun,2018-11-25,1:00PM,philadelphia_eagles,"",new_york_giants,25,22,341,0,402,2018,philadelphia_eagles,Lincoln Financial Field,philadelphia_eagles,Philadelphia,PA,39.9008,-75.1675,Outdoor,Grass,30,2003
12,Sun,2018-11-25,1:00PM,baltimore_ravens,"",las_vegas_raiders,34,17,416,2,249,2018,baltimore_ravens,M&T Bank Stadium,baltimore_ravens,Baltimore,MD,39.2779,-76.6227,Outdoor,Grass,10,1998
12,Sun,2018-11-25,1:00PM,tampa_bay_buccaneers,"",san_francisco_49ers,27,9,412,0,342,2018,tampa_bay_buccaneers,Raymond James Stadium,tampa_bay_buccaneers,Tampa,FL,27.9759,-82.5033,Outdoor,Grass,26,1998
12,Sun,2018-11-25,4:05PM,los_angeles_chargers,"",arizona_cardinals,45,10,414,1,149,2018,los_angeles_chargers,SoFi Stadium,los_angeles_chargers,Inglewood,CA,33.9535,-118.3392,Outdoor,Turf,100,2020
12,Sun,2018-11-25,4:25PM,indianapolis_colts,"",miami_dolphins,27,24,455,3,314,2018,indianapolis_colts,Lucas Oil Stadium,indianapolis_colts,Indianapolis,IN,39.7601,-86.1639,Indoor,Turf,700,2008
12,Sun,2018-11-25,4:25PM,denver_broncos,"",pittsburgh_steelers,24,17,308,0,527,2018,denver_broncos,Empower Field at Mile High,denver_broncos,Denver,CO,39.7439,-105.0201,Outdoor,Turf,5280,2001
12,Sun,2018-11-25,8:20PM,minnesota_vikings,"",green_bay_packers,24,17,416,0,254,2018,minnesota_vikings,U.S. Bank Stadium,minnesota_vikings,Minneapolis,MN,44.974,-93.2581,Indoor,Turf,840,2016
12,Mon,2018-11-26,8:15PM,houston_texans,"",tennessee_titans,34,17,462,0,365,2018,houston_texans,NRG Stadium,houston_texans,Houston,TX,29.6847,-95.4107,Indoor,Turf,50,2002
13,Thu,2018-11-29,8:20PM,dallas_cowboys,"",new_orleans_saints,13,10,308,2,176,2018,dallas_cowboys,AT&T Stadium,dallas_cowboys,Arlington,TX,32.7473,-97.0945,Indoor,Turf,639,2009
13,Sun,2018-12-02,1:00PM,baltimore_ravens,@,atlanta_falcons,26,16,366,1,131,2018,atlanta_falcons,Mercedes-Benz Stadium,atlanta_falcons,Atlanta,GA,33.755,-84.4008,Indoor,Turf,1050,2017
13,Sun,2018-12-02,1:00PM,miami_dolphins,"",buffalo_bills,21,17,175,1,415,2018,miami_dolphins,Hard Rock Stadium,miami_dolphins,Miami Gardens,FL,25.958,-80.238,Outdoor,Grass,7,1987
13,Sun,2018-12-02,1:00PM,tampa_bay_buccaneers,"",carolina_panthers,24,17,315,1,444,2018,tampa_bay_buccaneers,Raymond James Stadium,tampa_bay_buccaneers,Tampa,FL,27.9759,-82.5033,Outdoor,Grass,26,1998
13,Sun,2018-12-02,1:00PM,new_york_giants,"",chicago_bears,30,27,338,1,376,2018,new_york_giants,MetLife Stadium,new_york_giants,East Rutherford,NJ,40.8136,-74.0744,Outdoor,Turf,3,2010
13,Sun,2018-12-02,1:00PM,denver_broncos,@,cincinnati_bengals,24,10,361,1,313,2018,cincinnati_bengals,Paycor Stadium,cincinnati_bengals,Cincinnati,OH,39.0954,-84.516,Outdoor,Turf,482,2000
13,Sun,2018-12-02,1:00PM,houston_texans,"",cleveland_browns,29,13,384,0,428,2018,houston_texans,NRG Stadium,houston_texans,Houston,TX,29.6847,-95.4107,Indoor,Turf,50,2002
13,Sun,2018-12-02,1:00PM,jacksonville_jaguars,"",indianapolis_colts,6,0,211,1,265,2018,jacksonville_jaguars,TIAA Bank Field,jacksonville_jaguars,Jacksonville,FL,30.3239,-81.6373,Outdoor,Grass,16,1995
13,Sun,2018-12-02,1:00PM,arizona_cardinals,@,green_bay_packers,20,17,315,0,325,2018,green_bay_packers,Lambeau Field,green_bay_packers,Green Bay,WI,44.5013,-88.0622,Outdoor,Grass,640,1957
13,Sun,2018-12-02,1:00PM,los_angeles_rams,@,detroit_lions,30,16,344,2,310,2018,detroit_lions,Ford Field,detroit_lions,Detroit,MI,42.34,-83.0456,Indoor,Turf,600,2002
13,Sun,2018-12-02,4:05PM,kansas_city_chiefs,@,las_vegas_raiders,40,33,469,1,442,2018,las_vegas_raiders,Allegiant Stadium,las_vegas_raiders,Las Vegas,NV,36.0908,-115.183,Indoor,Turf,2001,2020
13,Sun,2018-12-02,4:05PM,tennessee_titans,"",new_york_jets,26,22,403,1,280,2018,tennessee_titans,Nissan Stadium,tennessee_titans,Nashville,TN,36.1665,-86.7713,Outdoor,Grass,476,1999
13,Sun,2018-12-02,4:25PM,new_england_patriots,"",minnesota_vikings,24,10,471,1,278,2018,new_england_patriots,Gillette Stadium,new_england_patriots,Foxborough,MA,42.0909,-71.2643,Outdoor,Turf,289,2002
13,Sun,2018-12-02,4:25PM,seattle_seahawks,"",san_francisco_49ers,43,16,331,0,452,2018,seattle_seahawks,Lumen Field,seattle_seahawks,Seattle,WA,47.5952,-122.3316,Outdoor,Turf,20,2002
13,Sun,2018-12-02,8:20PM,los_angeles_chargers,@,pittsburgh_steelers,33,30,371,0,336,2018,pittsburgh_steelers,Acrisure Stadium,pittsburgh_steelers,Pittsburgh,PA,40.4468,-80.0158,Outdoor,Grass,730,2001
13,Mon,2018-12-03,8:15PM,philadelphia_eagles,"",washington_commanders,28,13,436,1,235,2018,philadelphia_eagles,Lincoln Financial Field,philadelphia_eagles,Philadelphia,PA,39.9008,-75.1675,Outdoor,Grass,30,2003
14,Thu,2018-12-06,8:20PM,tennessee_titans,"",jacksonville_jaguars,30,9,426,1,255,2018,tennessee_titans,Nissan Stadium,tennessee_titans,Nashville,TN,36.1665,-86.7713,Outdoor,Grass,476,1999
14,Sun,2018-12-09,1:00PM,green_bay_packers,"",atlanta_falcons,34,20,300,0,344,2018,green_bay_packers,Lambeau Field,green_bay_packers,Green Bay,WI,44.5013,-88.0622,Outdoor,Grass,640,1957
14,Sun,2018-12-09,1:00PM,new_york_jets,@,buffalo_bills,27,23,248,2,368,2018,buffalo_bills,Highmark Stadium,buffalo_bills,Orchard Park,NY,42.7738,-78.7868,Outdoor,Grass,600,1973
14,Sun,2018-12-09,1:00PM,cleveland_browns,"",carolina_panthers,26,20,348,2,393,2018,cleveland_browns,FirstEnergy Stadium,cleveland_browns,Cleveland,OH,41.5061,-81.6995,Outdoor,Grass,577,1999
14,Sun,2018-12-09,1:00PM,indianapolis_colts,@,houston_texans,24,21,436,1,315,2018,houston_texans,NRG Stadium,houston_texans,Houston,TX,29.6847,-95.4107,Indoor,Turf,50,2002
14,Sun,2018-12-09,1:00PM,kansas_city_chiefs,"",baltimore_ravens,27,24,442,1,321,2018,kansas_city_chiefs,GEHA Field at Arrowhead Stadium,kansas_city_chiefs,Kansas City,MO,39.049,-94.4839,Outdoor,Grass,1020,1972
14,Sun,2018-12-09,1:00PM,miami_dolphins,"",new_england_patriots,34,33,412,0,421,2018,miami_dolphins,Hard Rock Stadium,miami_dolphins,Miami Gardens,FL,25.958,-80.238,Outdoor,Grass,7,1987
14,Sun,2018-12-09,1:00PM,new_orleans_saints,@,tampa_bay_buccaneers,28,14,298,2,279,2018,tampa_bay_buccaneers,Raymond James Stadium,tampa_bay_buccaneers,Tampa,FL,27.9759,-82.5033,Outdoor,Grass,26,1998
14,Sun,2018-12-09,1:00PM,new_york_giants,@,washington_commanders,40,16,402,1,288,2018,washington_commanders,FedExField,washington_commanders,Landover,MD,38.9078,-76.8645,Outdoor,Grass,300,1997
14,Sun,2018-12-09,4:05PM,los_angeles_chargers,"",cincinnati_bengals,26,21,288,0,295,2018,los_angeles_chargers,SoFi Stadium,los_angeles_chargers,Inglewood,CA,33.9535,-118.3392,Outdoor,Turf,100,2020
14,Sun,2018-12-09,4:05PM,san_francisco_49ers,"",denver_broncos,20,14,389,1,274,2018,san_francisco_49ers,Levi's Stadium,san_francisco_49ers,Santa Clara,CA,37.403,-121.9692,Outdoor,Grass,13,2014
14,Sun,2018-12-09,4:25PM,detroit_lions,@,arizona_cardinals,17,3,218,1,279,2018,arizona_cardinals,State Farm Stadium,arizona_cardinals,Glendale,AZ,33.5275,-112.2625,Indoor,Turf,1070,2006
14,Sun,2018-12-09,4:25PM,dallas_cowboys,"",philadelphia_eagles,29,23,576,3,256,2018,dallas_cowboys,AT&T Stadium,dallas_cowboys,Arlington,TX,32.7473,-97.0945,Indoor,Turf,639,2009
14,Sun,2018-12-09,4:25PM,las_vegas_raiders,"",pittsburgh_steelers,24,21,354,1,340,2018,las_vegas_raiders,Allegiant Stadium,las_vegas_raiders,Las Vegas,NV,36.0908,-115.183,Indoor,Turf,2001,2020
14,Sun,2018-12-09,8:20PM,chicago_bears,"",los_angeles_rams,15,6,294,3,214,2018,chicago_bears,Soldier Field,chicago_bears,Chicago,IL,41.8623,-87.6167,Outdoor,Grass,595,1924
14,Mon,2018-12-10,8:15PM,seattle_seahawks,"",minnesota_vikings,21,7,274,1,276,2018,seattle_seahawks,Lumen Field,seattle_seahawks,Seattle,WA,47.5952,-122.3316,Outdoor,Turf,20,2002
15,Thu,2018-12-13,8:20PM,los_angeles_chargers,@,kansas_city_chiefs,29,28,407,2,294,2018,kansas_city_chiefs,GEHA Field at Arrowhead Stadium,kansas_city_chiefs,Kansas City,MO,39.049,-94.4839,Outdoor,Grass,1020,1972
15,Sat,2018-12-15,4:30PM,houston_texans,@,new_york_jets,29,22,286,0,318,2018,new_york_jets,MetLife Stadium,new_york_jets,East Rutherford,NJ,40.8136,-74.0744,Outdoor,Turf,3,2010
15,Sat,2018-12-15,8:20PM,cleveland_browns,@,denver_broncos,17,16,309,2,270,2018,denver_broncos,Empower Field at Mile High,denver_broncos,Denver,CO,39.7439,-105.0201,Outdoor,Turf,5280,2001
15,Sun,2018-12-16,1:00PM,atlanta_falcons,"",arizona_cardinals,40,14,435,0,253,2018,atlanta_falcons,Mercedes-Benz Stadium,atlanta_falcons,Atlanta,GA,33.755,-84.4008,Indoor,Turf,1050,2017
15,Sun,2018-12-16,1:00PM,buffalo_bills,"",detroit_lions,14,13,312,0,313,2018,buffalo_bills,Highmark Stadium,buffalo_bills,Orchard Park,NY,42.7738,-78.7868,Outdoor,Grass,600,1973
15,Sun,2018-12-16,1:00PM,chicago_bears,"",green_bay_packers,24,17,332,1,323,2018,chicago_bears,Soldier Field,chicago_bears,Chicago,IL,41.8623,-87.6167,Outdoor,Grass,595,1924
15,Sun,2018-12-16,1:00PM,cincinnati_bengals,"",las_vegas_raiders,30,16,294,1,297,2018,cincinnati_bengals,Paycor Stadium,cincinnati_bengals,Cincinnati,OH,39.0954,-84.516,Outdoor,Turf,482,2000
15,Sun,2018-12-16,1:00PM,indianapolis_colts,"",dallas_cowboys,23,0,370,1,292,2018,indianapolis_colts,Lucas Oil Stadium,indianapolis_colts,Indianapolis,IN,39.7601,-86.1639,Indoor,Turf,700,2008
15,Sun,2018-12-16,1:00PM,washington_commanders,@,jacksonville_jaguars,16,13,245,0,192,2018,jacksonville_jaguars,TIAA Bank Field,jacksonville_jaguars,Jacksonville,FL,30.3239,-81.6373,Outdoor,Grass,16,1995
15,Sun,2018-12-16,1:00PM,minnesota_vikings,"",miami_dolphins,41,17,418,1,193,2018,minnesota_vikings,U.S. Bank Stadium,minnesota_vikings,Minneapolis,MN,44.974,-93.2581,Indoor,Turf,840,2016
15,Sun,2018-12-16,1:00PM,tennessee_titans,@,new_york_giants,17,0,301,0,260,2018,new_york_giants,MetLife Stadium,new_york_giants,East Rutherford,NJ,40.8136,-74.0744,Outdoor,Turf,3,2010
15,Sun,2018-12-16,1:00PM,baltimore_ravens,"",tampa_bay_buccaneers,20,12,370,2,241,2018,baltimore_ravens,M&T Bank Stadium,baltimore_ravens,Baltimore,MD,39.2779,-76.6227,Outdoor,Grass,10,1998
15,Sun,2018-12-16,4:05PM,san_francisco_49ers,"",seattle_seahawks,26,23,351,1,385,2018,san_francisco_49ers,Levi's Stadium,san_francisco_49ers,Santa Clara,CA,37.403,-121.9692,Outdoor,Grass,13,2014
15,Sun,2018-12-16,4:25PM,pittsburgh_steelers,"",new_england_patriots,17,10,376,2,368,2018,pittsburgh_steelers,Acrisure Stadium,pittsburgh_steelers,Pittsburgh,PA,40.4468,-80.0158,Outdoor,Grass,730,2001
15,Sun,2018-12-16,8:20PM,philadelphia_eagles,@,los_angeles_rams,30,23,381,1,407,2018,los_angeles_rams,SoFi Stadium,los_angeles_rams,Inglewood,CA,33.9535,-118.3392,Outdoor,Turf,100,2020
15,Mon,2018-12-17,8:15PM,new_orleans_saints,@,carolina_panthers,12,9,346,2,247,2018,carolina_panthers,Bank of America Stadium,carolina_panthers,Charlotte,NC,35.2258,-80.8528,Outdoor,Grass,748,1996
16,Sat,2018-12-22,4:30PM,tennessee_titans,"",washington_commanders,25,16,291,0,292,2018,tennessee_titans,Nissan Stadium,tennessee_titans,Nashville,TN,36.1665,-86.7713,Outdoor,Grass,476,1999
16,Sat,2018-12-22,8:20PM,baltimore_ravens,@,los_angeles_chargers,22,10,361,1,198,2018,los_angeles_chargers,SoFi Stadium,los_angeles_chargers,Inglewood,CA,33.9535,-118.3392,Outdoor,Turf,100,2020
16,Sun,2018-12-23,1:00PM,atlanta_falcons,@,carolina_panthers,24,10,427,2,436,2018,carolina_panthers,Bank of America Stadium,carolina_panthers,Charlotte,NC,35.2258,-80.8528,Outdoor,Grass,748,1996
16,Sun,2018-12-23,1:00PM,new_england_patriots,"",buffalo_bills,24,12,390,3,289,2018,new_england_patriots,Gillette Stadium,new_england_patriots,Foxborough,MA,42.0909,-71.2643,Outdoor,Turf,289,2002
16,Sun,2018-12-23,1:00PM,cleveland_browns,"",cincinnati_bengals,26,18,493,0,209,2018,cleveland_browns,FirstEnergy Stadium,cleveland_browns,Cleveland,OH,41.5061,-81.6995,Outdoor,Grass,577,1999
16,Sun,2018-12-23,1:00PM,indianapolis_colts,"",new_york_giants,28,27,402,1,392,2018,indianapolis_colts,Lucas Oil Stadium,indianapolis_colts,Indianapolis,IN,39.7601,-86.1639,Indoor,Turf,700,2008
16,Sun,2018-12-23,1:00PM,dallas_cowboys,"",tampa_bay_buccaneers,27,20,232,0,383,2018,dallas_cowboys,AT&T Stadium,dallas_cowboys,Arlington,TX,32.7473,-97.0945,Indoor,Turf,639,2009
16,Sun,2018-12-23,1:00PM,minnesota_vikings,@,detroit_lions,27,9,340,0,223,2018,detroit_lions,Ford Field,detroit_lions,Detroit,MI,42.34,-83.0456,Indoor,Turf,600,2002
16,Sun,2018-12-23,1:00PM,green_bay_packers,@,new_york_jets,44,38,540,1,370,2018,new_york_jets,MetLife Stadium,new_york_jets,East Rutherford,NJ,40.8136,-74.0744,Outdoor,Turf,3,2010
16,Sun,2018-12-23,1:00PM,philadelphia_eagles,"",houston_texans,32,30,519,3,371,2018,philadelphia_eagles,Lincoln Financial Field,philadelphia_eagles,Philadelphia,PA,39.9008,-75.1675,Outdoor,Grass,30,2003
16,Sun,2018-12-23,1:00PM,jacksonville_jaguars,@,miami_dolphins,17,7,244,1,183,2018,miami_dolphins,Hard Rock Stadium,miami_dolphins,Miami Gardens,FL,25.958,-80.238,Outdoor,Grass,7,1987
16,Sun,2018-12-23,4:05PM,chicago_bears,@,san_francisco_49ers,14,9,325,2,279,2018,san_francisco_49ers,Levi's Stadium,san_francisco_49ers,Santa Clara,CA,37.403,-121.9692,Outdoor,Grass,13,2014
16,Sun,2018-12-23,4:05PM,los_angeles_rams,@,arizona_cardinals,31,9,461,1,263,2018,arizona_cardinals,State Farm Stadium,arizona_cardinals,Glendale,AZ,33.5275,-112.2625,Indoor,Turf,1070,2006
16,Sun,2018-12-23,4:25PM,new_orleans_saints,"",pittsburgh_steelers,31,28,370,1,429,2018,new_orleans_saints,Caesars Superdome,new_orleans_saints,New Orleans,LA,29.9509,-90.0815,Indoor,Turf,3,1975
16,Sun,2018-12-23,8:20PM,seattle_seahawks,"",kansas_city_chiefs,38,31,464,0,419,2018,seattle_seahawks,Lumen Field,seattle_seahawks,Seattle,WA,47.5952,-122.3316,Outdoor,Turf,20,2002
16,Mon,2018-12-24,8:15PM,las_vegas_raiders,"",denver_broncos,27,14,273,0,300,2018,las_vegas_raiders,Allegiant Stadium,las_vegas_raiders,Las Vegas,NV,36.0908,-115.183,Indoor,Turf,2001,2020
17,Sun,2018-12-30,1:00PM,atlanta_falcons,@,tampa_bay_buccaneers,34,32,489,1,433,2018,tampa_bay_buccaneers,Raymond James Stadium,tampa_bay_buccaneers,Tampa,FL,27.9759,-82.5033,Outdoor,Grass,26,1998
17,Sun,2018-12-30,1:00PM,buffalo_bills,"",miami_dolphins,42,17,381,1,225,2018,buffalo_bills,Highmark Stadium,buffalo_bills,Orchard Park,NY,42.7738,-78.7868,Outdoor,Grass,600,1973
17,Sun,2018-12-30,1:00PM,carolina_panthers,@,new_orleans_saints,33,14,374,0,294,2018,new_orleans_saints,Caesars Superdome,new_orleans_saints,New Orleans,LA,29.9509,-90.0815,Indoor,Turf,3,1975
17,Sun,2018-12-30,1:00PM,dallas_cowboys,@,new_york_giants,36,35,419,1,441,2018,new_york_giants,MetLife Stadium,new_york_giants,East Rutherford,NJ,40.8136,-74.0744,Outdoor,Turf,3,2010
17,Sun,2018-12-30,1:00PM,detroit_lions,@,green_bay_packers,31,0,402,0,175,2018,green_bay_packers,Lambeau Field,green_bay_packers,Green Bay,WI,44.5013,-88.0622,Outdoor,Grass,640,1957
17,Sun,2018-12-30,1:00PM,houston_texans,"",jacksonville_jaguars,20,3,342,1,119,2018,houston_texans,NRG Stadium,houston_texans,Houston,TX,29.6847,-95.4107,Indoor,Turf,50,2002
17,Sun,2018-12-30,1:00PM,new_england_patriots,"",new_york_jets,38,3,375,0,239,2018,new_england_patriots,Gillette Stadium,new_england_patriots,Foxborough,MA,42.0909,-71.2643,Outdoor,Turf,289,2002
17,Sun,2018-12-30,4:25PM,chicago_bears,@,minnesota_vikings,24,10,332,0,164,2018,minnesota_vikings,U.S. Bank Stadium,minnesota_vikings,Minneapolis,MN,44.974,-93.2581,Indoor,Turf,840,2016
17,Sun,2018-12-30,4:25PM,pittsburgh_steelers,"",cincinnati_bengals,16,13,343,1,196,2018,pittsburgh_steelers,Acrisure Stadium,pittsburgh_steelers,Pittsburgh,PA,40.4468,-80.0158,Outdoor,Grass,730,2001
17,Sun,2018-12-30,4:25PM,baltimore_ravens,"",cleveland_browns,26,24,463,1,426,2018,baltimore_ravens,M&T Bank Stadium,baltimore_ravens,Baltimore,MD,39.2779,-76.6227,Outdoor,Grass,10,1998
17,Sun,2018-12-30,4:25PM,seattle_seahawks,"",arizona_cardinals,27,24,291,1,198,2018,seattle_seahawks,Lumen Field,seattle_seahawks,Seattle,WA,47.5952,-122.3316,Outdoor,Turf,20,2002
17,Sun,2018-12-30,4:25PM,los_angeles_chargers,@,denver_broncos,23,9,276,4,370,2018,denver_broncos,Empower Field at Mile High,denver_broncos,Denver,CO,39.7439,-105.0201,Outdoor,Turf,5280,2001
17,Sun,2018-12-30,4:25PM,kansas_city_chiefs,"",las_vegas_raiders,35,3,409,1,292,2018,kansas_city_chiefs,GEHA Field at Arrowhead Stadium,kansas_city_chiefs,Kansas City,MO,39.049,-94.4839,Outdoor,Grass,1020,1972
17,Sun,2018-12-30,4:25PM,philadelphia_eagles,@,washington_commanders,24,0,360,1,89,2018,washington_commanders,FedExField,washington_commanders,Landover,MD,38.9078,-76.8645,Outdoor,Grass,300,1997
17,Sun,2018-12-30,4:25PM,los_angeles_rams,"",san_francisco_49ers,48,32,377,0,391,2018,los_angeles_rams,SoFi Stadium,los_angeles_rams,Inglewood,CA,33.9535,-118.3392,Outdoor,Turf,100,2020
17,Sun,2018-12-30,8:20PM,indianapolis_colts,@,tennessee_titans,33,17,436,2,258,2018,tennessee_titans,Nissan Stadium,tennessee_titans,Nashville,TN,36.1665,-86.7713,Outdoor,Grass,476,1999
18,Sat,2019-01-05,4:35PM,indianapolis_colts,@,houston_texans,21,7,422,1,322,2019,houston_texans,NRG Stadium,houston_texans,Houston,TX,29.6847,-95.4107,Indoor,Turf,50,2002
18,Sat,2019-01-05,8:15PM,dallas_cowboys,"",seattle_seahawks,24,22,380,1,299,2019,dallas_cowboys,AT&T Stadium,dallas_cowboys,Arlington,TX,32.7473,-97.0945,Indoor,Turf,639,2009
18,Sun,2019-01-06,1:05PM,los_angeles_chargers,@,baltimore_ravens,23,17,243,1,229,2019,baltimore_ravens,M&T Bank Stadium,baltimore_ravens,Baltimore,MD,39.2779,-76.6227,Outdoor,Grass,10,1998
18,Sun,2019-01-06,4:40PM,philadelphia_eagles,@,chicago_bears,16,15,300,2,356,2019,chicago_bears,Soldier Field,chicago_bears,Chicago,IL,41.8623,-87.6167,Outdoor,Grass,595,1924
19,Sat,2019-01-12,4:35PM,kansas_city_chiefs,"",indianapolis_colts,31,13,433,1,266,2019,kansas_city_chiefs,GEHA Field at Arrowhead Stadium,kansas_city_chiefs,Kansas City,MO,39.049,-94.4839,Outdoor,Grass,1020,1972
19,Sat,2019-01-12,8:15PM,los_angeles_rams,"",dallas_cowboys,30,22,459,0,308,2019,los_angeles_rams,SoFi Stadium,los_angeles_rams,Inglewood,CA,33.9535,-118.3392,Outdoor,Turf,100,2020
19,Sun,2019-01-13,1:05PM,new_england_patriots,"",los_angeles_chargers,41,28,498,0,335,2019,new_england_patriots,Gillette Stadium,new_england_patriots,Foxborough,MA,42.0909,-71.2643,Outdoor,Turf,289,2002
19,Sun,2019-01-13,4:40PM,new_orleans_saints,"",philadelphia_eagles,20,14,420,1,250,2019,new_orleans_saints,Caesars Superdome,new_orleans_saints,New Orleans,LA,29.9509,-90.0815,Indoor,Turf,3,1975
20,Sun,2019-01-20,3:05PM,los_angeles_rams,@,new_orleans_saints,26,23,378,1,290,2019,new_orleans_saints,Caesars Superdome,new_orleans_saints,New Orleans,LA,29.9509,-90.0815,Indoor,Turf,3,1975
20,Sun,2019-01-20,6:40PM,new_england_patriots,@,kansas_city_chiefs,37,31,524,2,290,2019,kansas_city_chiefs,GEHA Field at Arrowhead Stadium,kansas_city_chiefs,Kansas City,MO,39.049,-94.4839,Outdoor,Grass,1020,1972
21,Sun,2019-02-03,6:30PM,new_england_patriots,N,los_angeles_rams,13,3,407,1,260,2019,new_england_patriots,Gillette Stadium,new_england_patriots,Foxborough,MA,42.0909,-71.2643,Outdoor,Turf,289,2002
1,Thu,2019-09-05,8:20PM,green_bay_packers,@,chicago_bears,10,3,213,0,254,2019,chicago_bears,Soldier Field,chicago_bears,Chicago,IL,41.8623,-87.6167,Outdoor,Grass,595,1924
1,Sun,2019-09-08,1:00PM,minnesota_vikings,"",atlanta_falcons,28,12,269,0,345,2019,minnesota_vikings,U.S. Bank Stadium,minnesota_vikings,Minneapolis,MN,44.974,-93.2581,Indoor,Turf,840,2016
1,Sun,2019-09-08,1:00PM,buffalo_bills,@,new_york_jets,17,16,370,4,223,2019,new_york_jets,MetLife Stadium,new_york_jets,East Rutherford,NJ,40.8136,-74.0744,Outdoor,Turf,3,2010
1,Sun,2019-09-08,1:00PM,los_angeles_rams,@,carolina_panthers,30,27,349,1,343,2019,carolina_panthers,Bank of America Stadium,carolina_panthers,Charlotte,NC,35.2258,-80.8528,Outdoor,Grass,748,1996
1,Sun,2019-09-08,1:00PM,tennessee_titans,@,cleveland_browns,43,13,339,0,346,2019,cleveland_browns,FirstEnergy Stadium,cleveland_browns,Cleveland,OH,41.5061,-81.6995,Outdoor,Grass,577,1999
1,Sun,2019-09-08,1:00PM,kansas_city_chiefs,@,jacksonville_jaguars,40,26,491,0,428,2019,jacksonville_jaguars,TIAA Bank Field,jacksonville_jaguars,Jacksonville,FL,30.3239,-81.6373,Outdoor,Grass,16,1995
1,Sun,2019-09-08,1:00PM,baltimore_ravens,@,miami_dolphins,59,10,643,0,200,2019,miami_dolphins,Hard Rock Stadium,miami_dolphins,Miami Gardens,FL,25.958,-80.238,Outdoor,Grass,7,1987
1,Sun,2019-09-08,1:00PM,philadelphia_eagles,"",washington_commanders,32,27,436,0,398,2019,philadelphia_eagles,Lincoln Financial Field,philadelphia_eagles,Philadelphia,PA,39.9008,-75.1675,Outdoor,Grass,30,2003
1,Sun,2019-09-08,4:05PM,seattle_seahawks,"",cincinnati_bengals,21,20,232,1,429,2019,seattle_seahawks,Lumen Field,seattle_seahawks,Seattle,WA,47.5952,-122.3316,Outdoor,Turf,20,2002
1,Sun,2019-09-08,4:05PM,los_angeles_chargers,"",indianapolis_colts,30,24,435,2,376,2019,los_angeles_chargers,SoFi Stadium,los_angeles_chargers,Inglewood,CA,33.9535,-118.3392,Outdoor,Turf,100,2020
1,Sun,2019-09-08,4:25PM,detroit_lions,@,arizona_cardinals,27,27,477,2,387,2019,arizona_cardinals,State Farm Stadium,arizona_cardinals,Glendale,AZ,33.5275,-112.2625,Indoor,Turf,1070,2006
1,Sun,2019-09-08,4:25PM,dallas_cowboys,"",new_york_giants,35,17,494,0,470,2019,dallas_cowboys,AT&T Stadium,dallas_cowboys,Arlington,TX,32.7473,-97.0945,Indoor,Turf,639,2009
1,Sun,2019-09-08,4:25PM,san_francisco_49ers,@,tampa_bay_buccaneers,31,17,256,2,295,2019,tampa_bay_buccaneers,Raymond James Stadium,tampa_bay_buccaneers,Tampa,FL,27.9759,-82.5033,Outdoor,Grass,26,1998
1,Sun,2019-09-08,8:20PM,new_england_patriots,"",pittsburgh_steelers,33,3,465,0,308,2019,new_england_patriots,Gillette Stadium,new_england_patriots,Foxborough,MA,42.0909,-71.2643,Outdoor,Turf,289,2002
1,Mon,2019-09-09,7:10PM,new_orleans_saints,"",houston_texans,30,28,510,1,414,2019,new_orleans_saints,Caesars Superdome,new_orleans_saints,New Orleans,LA,29.9509,-90.0815,Indoor,Turf,3,1975
1,Mon,2019-09-09,10:20PM,las_vegas_raiders,"",denver_broncos,24,16,357,0,344,2019,las_vegas_raiders,Allegiant Stadium,las_vegas_raiders,Las Vegas,NV,36.0908,-115.183,Indoor,Turf,2001,2020
2,Thu,2019-09-12,8:20PM,tampa_bay_buccaneers,@,carolina_panthers,20,14,289,0,352,2019,carolina_panthers,Bank of America Stadium,carolina_panthers,Charlotte,NC,35.2258,-80.8528,Outdoor,Grass,748,1996
2,Sun,2019-09-15,1:00PM,buffalo_bills,@,new_york_giants,28,14,388,0,370,2019,new_york_giants,MetLife Stadium,new_york_giants,East Rutherford,NJ,40.8136,-74.0744,Outdoor,Turf,3,2010
2,Sun,2019-09-15,1:00PM,san_francisco_49ers,@,cincinnati_bengals,41,17,571,1,316,2019,cincinnati_bengals,Paycor Stadium,cincinnati_bengals,Cincinnati,OH,39.0954,-84.516,Outdoor,Turf,482,2000
2,Sun,2019-09-15,1:00PM,indianapolis_colts,@,tennessee_titans,19,17,288,2,243,2019,tennessee_titans,Nissan Stadium,tennessee_titans,Nashville,TN,36.1665,-86.7713,Outdoor,Grass,476,1999
2,Sun,2019-09-15,1:00PM,baltimore_ravens,"",arizona_cardinals,23,17,440,0,349,2019,baltimore_ravens,M&T Bank Stadium,baltimore_ravens,Baltimore,MD,39.2779,-76.6227,Outdoor,Grass,10,1998
2,Sun,2019-09-15,1:00PM,dallas_cowboys,@,washington_commanders,31,21,474,1,255,2019,washington_commanders,FedExField,washington_commanders,Landover,MD,38.9078,-76.8645,Outdoor,Grass,300,1997
2,Sun,2019-09-15,1:00PM,detroit_lions,"",los_angeles_chargers,13,10,339,2,424,2019,detroit_lions,Ford Field,detroit_lions,Detroit,MI,42.34,-83.0456,Indoor,Turf,600,2002
2,Sun,2019-09-15,1:00PM,green_bay_packers,"",minnesota_vikings,21,16,335,2,421,2019,green_bay_packers,Lambeau Field,green_bay_packers,Green Bay,WI,44.5013,-88.0622,Outdoor,Grass,640,1957
2,Sun,2019-09-15,1:00PM,houston_texans,"",jacksonville_jaguars,13,12,263,0,281,2019,houston_texans,NRG Stadium,houston_texans,Houston,TX,29.6847,-95.4107,Indoor,Turf,50,2002
2,Sun,2019-09-15,1:00PM,new_england_patriots,@,miami_dolphins,43,0,379,1,184,2019,miami_dolphins,Hard Rock Stadium,miami_dolphins,Miami Gardens,FL,25.958,-80.238,Outdoor,Grass,7,1987
2,Sun,2019-09-15,1:00PM,seattle_seahawks,@,pittsburgh_steelers,28,26,425,2,261,2019,pittsburgh_steelers,Acrisure Stadium,pittsburgh_steelers,Pittsburgh,PA,40.4468,-80.0158,Outdoor,Grass,730,2001
2,Sun,2019-09-15,4:05PM,kansas_city_chiefs,@,las_vegas_raiders,28,10,467,1,307,2019,las_vegas_raiders,Allegiant Stadium,las_vegas_raiders,Las Vegas,NV,36.0908,-115.183,Indoor,Turf,2001,2020
2,Sun,2019-09-15,4:25PM,chicago_bears,@,denver_broncos,16,14,273,0,372,2019,denver_broncos,Empower Field at Mile High,denver_broncos,Denver,CO,39.7439,-105.0201,Outdoor,Turf,5280,2001
2,Sun,2019-09-15,4:25PM,los_angeles_rams,"",new_orleans_saints,27,9,380,1,244,2019,los_angeles_rams,SoFi Stadium,los_angeles_rams,Inglewood,CA,33.9535,-118.3392,Outdoor,Turf,100,2020
2,Sun,2019-09-15,8:20PM,atlanta_falcons,"",philadelphia_eagles,24,20,367,3,286,2019,atlanta_falcons,Mercedes-Benz Stadium,atlanta_falcons,Atlanta,GA,33.755,-84.4008,Indoor,Turf,1050,2017
2,Mon,2019-09-16,8:15PM,cleveland_browns,@,new_york_jets,23,3,375,1,262,2019,new_york_jets,MetLife Stadium,new_york_jets,East Rutherford,NJ,40.8136,-74.0744,Outdoor,Turf,3,2010
3,Thu,2019-09-19,8:20PM,jacksonville_jaguars,"",tennessee_titans,20,7,292,0,340,2019,jacksonville_jaguars,TIAA Bank Field,jacksonville_jaguars,Jacksonville,FL,30.3239,-81.6373,Outdoor,Grass,16,1995
3,Sun,2019-09-22,1:00PM,indianapolis_colts,"",atlanta_falcons,27,24,379,0,397,2019,indianapolis_colts,Lucas Oil Stadium,indianapolis_colts,Indianapolis,IN,39.7601,-86.1639,Indoor,Turf,700,2008
3,Sun,2019-09-22,1:00PM,buffalo_bills,"",cincinnati_bengals,21,17,416,2,306,2019,buffalo_bills,Highmark Stadium,buffalo_bills,Orchard Park,NY,42.7738,-78.7868,Outdoor,Grass,600,1973
3,Sun,2019-09-22,1:00PM,dallas_cowboys,"",miami_dolphins,31,6,476,1,283,2019,dallas_cowboys,AT&T Stadium,dallas_cowboys,Arlington,TX,32.7473,-97.0945,Indoor,Turf,639,2009
3,Sun,2019-09-22,1:00PM,green_bay_packers,"",denver_broncos,27,16,312,0,310,2019,green_bay_packers,Lambeau Field,green_bay_packers,Green Bay,WI,44.5013,-88.0622,Outdoor,Grass,640,1957
3,Sun,2019-09-22,1:00PM,detroit_lions,@,philadelphia_eagles,27,24,287,0,373,2019,philadelphia_eagles,Lincoln Financial Field,philadelphia_eagles,Philadelphia,PA,39.9008,-75.1675,Outdoor,Grass,30,2003
3,Sun,2019-09-22,1:00PM,kansas_city_chiefs,"",baltimore_ravens,33,28,503,0,452,2019,kansas_city_chiefs,GEHA Field at Arrowhead Stadium,kansas_city_chiefs,Kansas City,MO,39.049,-94.4839,Outdoor,Grass,1020,1972
3,Sun,2019-09-22,1:00PM,minnesota_vikings,"",las_vegas_raiders,34,14,385,0,302,2019,minnesota_vikings,U.S. Bank Stadium,minnesota_vikings,Minneapolis,MN,44.974,-93.2581,Indoor,Turf,840,2016
3,Sun,2019-09-22,1:00PM,new_england_patriots,"",new_york_jets,30,14,381,2,105,2019,new_england_patriots,Gillette Stadium,new_england_patriots,Foxborough,MA,42.0909,-71.2643,Outdoor,Turf,289,2002
3,Sun,2019-09-22,4:05PM,carolina_panthers,@,arizona_cardinals,38,20,413,1,248,2019,arizona_cardinals,State Farm Stadium,arizona_cardinals,Glendale,AZ,33.5275,-112.2625,Indoor,Turf,1070,2006
3,Sun,2019-09-22,4:05PM,new_york_giants,@,tampa_bay_buccaneers,32,31,384,2,499,2019,tampa_bay_buccaneers,Raymond James Stadium,tampa_bay_buccaneers,Tampa,FL,27.9759,-82.5033,Outdoor,Grass,26,1998
3,Sun,2019-09-22,4:25PM,houston_texans,@,los_angeles_chargers,27,20,376,1,366,2019,los_angeles_chargers,SoFi Stadium,los_angeles_chargers,Inglewood,CA,33.9535,-118.3392,Outdoor,Turf,100,2020
3,Sun,2019-09-22,4:25PM,new_orleans_saints,@,seattle_seahawks,33,27,265,1,514,2019,seattle_seahawks,Lumen Field,seattle_seahawks,Seattle,WA,47.5952,-122.3316,Outdoor,Turf,20,2002
3,Sun,2019-09-22,4:25PM,san_francisco_49ers,"",pittsburgh_steelers,24,20,436,5,239,2019,san_francisco_49ers,Levi's Stadium,san_francisco_49ers,Santa Clara,CA,37.403,-121.9692,Outdoor,Grass,13,2014
3,Sun,2019-09-22,8:20PM,los_angeles_rams,@,cleveland_browns,20,13,344,3,270,2019,cleveland_browns,FirstEnergy Stadium,cleveland_browns,Cleveland,OH,41.5061,-81.6995,Outdoor,Grass,577,1999
3,Mon,2019-09-23,8:15PM,chicago_bears,@,washington_commanders,31,15,298,1,356,2019,washington_commanders,FedExField,washington_commanders,Landover,MD,38.9078,-76.8645,Outdoor,Grass,300,1997
4,Thu,2019-09-26,8:20PM,philadelphia_eagles,@,green_bay_packers,34,27,336,0,491,2019,green_bay_packers,Lambeau Field,green_bay_packers,Green Bay,WI,44.5013,-88.0622,Outdoor,Grass,640,1957
4,Sun,2019-09-29,1:00PM,tennessee_titans,@,atlanta_falcons,24,10,365,0,422,2019,atlanta_falcons,Mercedes-Benz Stadium,atlanta_falcons,Atlanta,GA,33.755,-84.4008,Indoor,Turf,1050,2017
4,Sun,2019-09-29,1:00PM,new_england_patriots,@,buffalo_bills,16,10,224,1,375,2019,buffalo_bills,Highmark Stadium,buffalo_bills,Orchard Park,NY,42.7738,-78.7868,Outdoor,Grass,600,1973
4,Sun,2019-09-29,1:00PM,carolina_panthers,@,houston_texans,16,10,297,3,264,2019,houston_texans,NRG Stadium,houston_texans,Houston,TX,29.6847,-95.4107,Indoor,Turf,50,2002
4,Sun,2019-09-29,1:00PM,cleveland_browns,@,baltimore_ravens,40,25,530,1,395,2019,baltimore_ravens,M&T Bank Stadium,baltimore_ravens,Baltimore,MD,39.2779,-76.6227,Outdoor,Grass,10,1998
4,Sun,2019-09-29,1:00PM,las_vegas_raiders,@,indianapolis_colts,31,24,377,1,346,2019,indianapolis_colts,Lucas Oil Stadium,indianapolis_colts,Indianapolis,IN,39.7601,-86.1639,Indoor,Turf,700,2008
4,Sun,2019-09-29,1:00PM,kansas_city_chiefs,@,detroit_lions,34,30,438,3,447,2019,detroit_lions,Ford Field,detroit_lions,Detroit,MI,42.34,-83.0456,Indoor,Turf,600,2002
4,Sun,2019-09-29,1:00PM,los_angeles_chargers,@,miami_dolphins,30,10,390,0,233,2019,miami_dolphins,Hard Rock Stadium,miami_dolphins,Miami Gardens,FL,25.958,-80.238,Outdoor,Grass,7,1987
4,Sun,2019-09-29,1:00PM,new_york_giants,"",washington_commanders,24,3,389,4,176,2019,new_york_giants,MetLife Stadium,new_york_giants,East Rutherford,NJ,40.8136,-74.0744,Outdoor,Turf,3,2010
4,Sun,2019-09-29,4:05PM,seattle_seahawks,@,arizona_cardinals,27,10,340,0,321,2019,arizona_cardinals,State Farm Stadium,arizona_cardinals,Glendale,AZ,33.5275,-112.2625,Indoor,Turf,1070,2006
4,Sun,2019-09-29,4:05PM,tampa_bay_buccaneers,@,los_angeles_rams,55,40,464,1,518,2019,los_angeles_rams,SoFi Stadium,los_angeles_rams,Inglewood,CA,33.9535,-118.3392,Outdoor,Turf,100,2020
4,Sun,2019-09-29,4:25PM,chicago_bears,"",minnesota_vikings,16,6,269,0,222,2019,chicago_bears,Soldier Field,chicago_bears,Chicago,IL,41.8623,-87.6167,Outdoor,Grass,595,1924
4,Sun,2019-09-29,4:25PM,jacksonville_jaguars,@,denver_broncos,26,24,455,0,371,2019,denver_broncos,Empower Field at Mile High,denver_broncos,Denver,CO,39.7439,-105.0201,Outdoor,Turf,5280,2001
4,Sun,2019-09-29,8:20PM,new_orleans_saints,"",dallas_cowboys,12,10,266,1,257,2019,new_orleans_saints,Caesars Superdome,new_orleans_saints,New Orleans,LA,29.9509,-90.0815,Indoor,Turf,3,1975
4,Mon,2019-09-30,8:15PM,pittsburgh_steelers,"",cincinnati_bengals,27,3,326,1,175,2019,pittsburgh_steelers,Acrisure Stadium,pittsburgh_steelers,Pittsburgh,PA,40.4468,-80.0158,Outdoor,Grass,730,2001
5,Thu,2019-10-03,8:20PM,seattle_seahawks,"",los_angeles_rams,30,29,429,1,477,2019,seattle_seahawks,Lumen Field,seattle_seahawks,Seattle,WA,47.5952,-122.3316,Outdoor,Turf,20,2002
5,Sun,2019-10-06,1:00PM,philadelphia_eagles,"",new_york_jets,31,6,265,1,128,2019,philadelphia_eagles,Lincoln Financial Field,philadelphia_eagles,Philadelphia,PA,39.9008,-75.1675,Outdoor,Grass,30,2003
5,Sun,2019-10-06,1:00PM,houston_texans,"",atlanta_falcons,53,32,592,1,373,2019,houston_texans,NRG Stadium,houston_texans,Houston,TX,29.6847,-95.4107,Indoor,Turf,50,2002
5,Sun,2019-10-06,1:00PM,buffalo_bills,@,tennessee_titans,14,7,313,1,252,2019,tennessee_titans,Nissan Stadium,tennessee_titans,Nashville,TN,36.1665,-86.7713,Outdoor,Grass,476,1999
5,Sun,2019-10-06,1:00PM,carolina_panthers,"",jacksonville_jaguars,34,27,445,0,507,2019,carolina_panthers,Bank of America Stadium,carolina_panthers,Charlotte,NC,35.2258,-80.8528,Outdoor,Grass,748,1996
5,Sun,2019-10-06,1:00PM,las_vegas_raiders,"",chicago_bears,24,21,398,2,236,2019,las_vegas_raiders,Allegiant Stadium,las_vegas_raiders,Las Vegas,NV,36.0908,-115.183,Indoor,Turf,2001,2020
5,Sun,2019-10-06,1:00PM,arizona_cardinals,@,cincinnati_bengals,26,23,514,0,370,2019,cincinnati_bengals,Paycor Stadium,cincinnati_bengals,Cincinnati,OH,39.0954,-84.516,Outdoor,Turf,482,2000
5,Sun,2019-10-06,1:00PM,minnesota_vikings,@,new_york_giants,28,10,490,1,211,2019,new_york_giants,MetLife Stadium,new_york_giants,East Rutherford,NJ,40.8136,-74.0744,Outdoor,Turf,3,2010
5,Sun,2019-10-06,1:00PM,new_orleans_saints,"",tampa_bay_buccaneers,31,24,457,1,252,2019,new_orleans_saints,Caesars Superdome,new_orleans_saints,New Orleans,LA,29.9509,-90.0815,Indoor,Turf,3,1975
5,Sun,2019-10-06,1:00PM,new_england_patriots,@,washington_commanders,33,7,442,1,223,2019,washington_commanders,FedExField,washington_commanders,Landover,MD,38.9078,-76.8645,Outdoor,Grass,300,1997
5,Sun,2019-10-06,1:00PM,baltimore_ravens,@,pittsburgh_steelers,26,23,277,3,269,2019,pittsburgh_steelers,Acrisure Stadium,pittsburgh_steelers,Pittsburgh,PA,40.4468,-80.0158,Outdoor,Grass,730,2001
5,Sun,2019-10-06,4:05PM,denver_broncos,@,los_angeles_chargers,20,13,350,2,246,2019,los_angeles_chargers,SoFi Stadium,los_angeles_chargers,Inglewood,CA,33.9535,-118.3392,Outdoor,Turf,100,2020
5,Sun,2019-10-06,4:25PM,green_bay_packers,@,dallas_cowboys,34,24,335,0,563,2019,dallas_cowboys,AT&T Stadium,dallas_cowboys,Arlington,TX,32.7473,-97.0945,Indoor,Turf,639,2009
5,Sun,2019-10-06,8:20PM,indianapolis_colts,@,kansas_city_chiefs,19,13,331,1,324,2019,kansas_city_chiefs,GEHA Field at Arrowhead Stadium,kansas_city_chiefs,Kansas City,MO,39.049,-94.4839,Outdoor,Grass,1020,1972
5,Mon,2019-10-07,8:15PM,san_francisco_49ers,"",cleveland_browns,31,3,446,0,180,2019,san_francisco_49ers,Levi's Stadium,san_francisco_49ers,Santa Clara,CA,37.403,-121.9692,Outdoor,Grass,13,2014
6,Thu,2019-10-10,8:20PM,new_england_patriots,"",new_york_giants,35,14,427,2,213,2019,new_england_patriots,Gillette Stadium,new_england_patriots,Foxborough,MA,42.0909,-71.2643,Outdoor,Turf,289,2002
6,Sun,2019-10-13,9:30AM,carolina_panthers,@,tampa_bay_buccaneers,37,26,268,1,407,2019,tampa_bay_buccaneers,Raymond James Stadium,tampa_bay_buccaneers,Tampa,FL,27.9759,-82.5033,Outdoor,Grass,26,1998
6,Sun,2019-10-13,1:00PM,washington_commanders,@,miami_dolphins,17,16,311,0,271,2019,miami_dolphins,Hard Rock Stadium,miami_dolphins,Miami Gardens,FL,25.958,-80.238,Outdoor,Grass,7,1987
6,Sun,2019-10-13,1:00PM,baltimore_ravens,"",cincinnati_bengals,23,17,497,1,250,2019,baltimore_ravens,M&T Bank Stadium,baltimore_ravens,Baltimore,MD,39.2779,-76.6227,Outdoor,Grass,10,1998
6,Sun,2019-10-13,1:00PM,seattle_seahawks,@,cleveland_browns,32,28,454,1,406,2019,cleveland_browns,FirstEnergy Stadium,cleveland_browns,Cleveland,OH,41.5061,-81.6995,Outdoor,Grass,577,1999
6,Sun,2019-10-13,1:00PM,houston_texans,@,kansas_city_chiefs,31,24,472,3,309,2019,kansas_city_chiefs,GEHA Field at Arrowhead Stadium,kansas_city_chiefs,Kansas City,MO,39.049,-94.4839,Outdoor,Grass,1020,1972
6,Sun,2019-10-13,1:00PM,new_orleans_saints,@,jacksonville_jaguars,13,6,326,0,226,2019,jacksonville_jaguars,TIAA Bank Field,jacksonville_jaguars,Jacksonville,FL,30.3239,-81.6373,Outdoor,Grass,16,1995
6,Sun,2019-10-13,1:00PM,minnesota_vikings,"",philadelphia_eagles,38,20,447,2,400,2019,minnesota_vikings,U.S. Bank Stadium,minnesota_vikings,Minneapolis,MN,44.974,-93.2581,Indoor,Turf,840,2016
6,Sun,2019-10-13,4:05PM,arizona_cardinals,"",atlanta_falcons,34,33,442,0,444,2019,arizona_cardinals,State Farm Stadium,arizona_cardinals,Glendale,AZ,33.5275,-112.2625,Indoor,Turf,1070,2006
6,Sun,2019-10-13,4:05PM,san_francisco_49ers,@,los_angeles_rams,20,7,331,2,157,2019,los_angeles_rams,SoFi Stadium,los_angeles_rams,Inglewood,CA,33.9535,-118.3392,Outdoor,Turf,100,2020
6,Sun,2019-10-13,4:25PM,new_york_jets,"",dallas_cowboys,24,22,382,1,399,2019,new_york_jets,MetLife Stadium,new_york_jets,East Rutherford,NJ,40.8136,-74.0744,Outdoor,Turf,3,2010
6,Sun,2019-10-13,4:25PM,denver_broncos,"",tennessee_titans,16,0,270,1,204,2019,denver_broncos,Empower Field at Mile High,denver_broncos,Denver,CO,39.7439,-105.0201,Outdoor,Turf,5280,2001
6,Sun,2019-10-13,8:20PM,pittsburgh_steelers,@,los_angeles_chargers,24,17,256,1,348,2019,los_angeles_chargers,SoFi Stadium,los_angeles_chargers,Inglewood,CA,33.9535,-118.3392,Outdoor,Turf,100,2020
6,Mon,2019-10-14,8:15PM,green_bay_packers,"",detroit_lions,23,22,447,3,299,2019,green_bay_packers,Lambeau Field,green_bay_packers,Green Bay,WI,44.5013,-88.0622,Outdoor,Grass,640,1957
7,Thu,2019-10-17,8:20PM,kansas_city_chiefs,@,denver_broncos,30,6,271,0,205,2019,denver_broncos,Empower Field at Mile High,denver_broncos,Denver,CO,39.7439,-105.0201,Outdoor,Turf,5280,2001
7,Sun,2019-10-20,1:00PM,buffalo_bills,"",miami_dolphins,31,21,305,0,381,2019,buffalo_bills,Highmark Stadium,buffalo_bills,Orchard Park,NY,42.7738,-78.7868,Outdoor,Grass,600,1973
7,Sun,2019-10-20,1:00PM,indianapolis_colts,"",houston_texans,30,23,383,1,391,2019,indianapolis_colts,Lucas Oil Stadium,indianapolis_colts,Indianapolis,IN,39.7601,-86.1639,Indoor,Turf,700,2008
7,Sun,2019-10-20,1:00PM,minnesota_vikings,@,detroit_lions,42,30,504,0,433,2019,detroit_lions,Ford Field,detroit_lions,Detroit,MI,42.34,-83.0456,Indoor,Turf,600,2002
7,Sun,2019-10-20,1:00PM,san_francisco_49ers,@,washington_commanders,9,0,283,1,154,2019,washington_commanders,FedExField,washington_commanders,Landover,MD,38.9078,-76.8645,Outdoor,Grass,300,1997
7,Sun,2019-10-20,1:00PM,los_angeles_rams,@,atlanta_falcons,37,10,381,0,224,2019,atlanta_falcons,Mercedes-Benz Stadium,atlanta_falcons,Atlanta,GA,33.755,-84.4008,Indoor,Turf,1050,2017
7,Sun,2019-10-20,1:00PM,jacksonville_jaguars,@,cincinnati_bengals,27,17,460,0,291,2019,cincinnati_bengals,Paycor Stadium,cincinnati_bengals,Cincinnati,OH,39.0954,-84.516,Outdoor,Turf,482,2000
7,Sun,2019-10-20,1:00PM,arizona_cardinals,@,new_york_giants,27,21,245,0,263,2019,new_york_giants,MetLife Stadium,new_york_giants,East Rutherford,NJ,40.8136,-74.0744,Outdoor,Turf,3,2010
7,Sun,2019-10-20,1:00PM,green_bay_packers,"",las_vegas_raiders,42,24,481,0,484,2019,green_bay_packers,Lambeau Field,green_bay_packers,Green Bay,WI,44.5013,-88.0622,Outdoor,Grass,640,1957
7,Sun,2019-10-20,4:05PM,tennessee_titans,"",los_angeles_chargers,23,20,403,1,365,2019,tennessee_titans,Nissan Stadium,tennessee_titans,Nashville,TN,36.1665,-86.7713,Outdoor,Grass,476,1999
7,Sun,2019-10-20,4:25PM,new_orleans_saints,@,chicago_bears,36,25,424,0,252,2019,chicago_bears,Soldier Field,chicago_bears,Chicago,IL,41.8623,-87.6167,Outdoor,Grass,595,1924
7,Sun,2019-10-20,4:25PM,baltimore_ravens,@,seattle_seahawks,30,16,340,0,347,2019,seattle_seahawks,Lumen Field,seattle_seahawks,Seattle,WA,47.5952,-122.3316,Outdoor,Turf,20,2002
7,Sun,2019-10-20,8:20PM,dallas_cowboys,"",philadelphia_eagles,37,10,402,1,283,2019,dallas_cowboys,AT&T Stadium,dallas_cowboys,Arlington,TX,32.7473,-97.0945,Indoor,Turf,639,2009
7,Mon,2019-10-21,8:15PM,new_england_patriots,@,new_york_jets,33,0,323,1,154,2019,new_york_jets,MetLife Stadium,new_york_jets,East Rutherford,NJ,40.8136,-74.0744,Outdoor,Turf,3,2010
8,Thu,2019-10-24,8:20PM,minnesota_vikings,"",washington_commanders,19,9,434,1,216,2019,minnesota_vikings,U.S. Bank Stadium,minnesota_vikings,Minneapolis,MN,44.974,-93.2581,Indoor,Turf,840,2016
8,Sun,2019-10-27,1:00PM,philadelphia_eagles,@,buffalo_bills,31,13,371,1,253,2019,buffalo_bills,Highmark Stadium,buffalo_bills,Orchard Park,NY,42.7738,-78.7868,Outdoor,Grass,600,1973
8,Sun,2019-10-27,1:00PM,los_angeles_chargers,@,chicago_bears,17,16,231,1,388,2019,chicago_bears,Soldier Field,chicago_bears,Chicago,IL,41.8623,-87.6167,Outdoor,Grass,595,1924
8,Sun,2019-10-27,1:00PM,indianapolis_colts,"",denver_broncos,15,13,318,1,279,2019,indianapolis_colts,Lucas Oil Stadium,indianapolis_colts,Indianapolis,IN,39.7601,-86.1639,Indoor,Turf,700,2008
8,Sun,2019-10-27,1:00PM,detroit_lions,"",new_york_giants,31,26,375,2,370,2019,detroit_lions,Ford Field,detroit_lions,Detroit,MI,42.34,-83.0456,Indoor,Turf,600,2002
8,Sun,2019-10-27,1:00PM,seattle_seahawks,@,atlanta_falcons,27,20,322,0,510,2019,atlanta_falcons,Mercedes-Benz Stadium,atlanta_falcons,Atlanta,GA,33.755,-84.4008,Indoor,Turf,1050,2017
8,Sun,2019-10-27,1:00PM,los_angeles_rams,"",cincinnati_bengals,24,10,470,0,401,2019,los_angeles_rams,SoFi Stadium,los_angeles_rams,Inglewood,CA,33.9535,-118.3392,Outdoor,Turf,100,2020
8,Sun,2019-10-27,1:00PM,new_orleans_saints,"",arizona_cardinals,31,9,510,1,237,2019,new_orleans_saints,Caesars Superdome,new_orleans_saints,New Orleans,LA,29.9509,-90.0815,Indoor,Turf,3,1975
8,Sun,2019-10-27,1:00PM,jacksonville_jaguars,"",new_york_jets,29,15,389,1,213,2019,jacksonville_jaguars,TIAA Bank Field,jacksonville_jaguars,Jacksonville,FL,30.3239,-81.6373,Outdoor,Grass,16,1995
8,Sun,2019-10-27,1:00PM,tennessee_titans,"",tampa_bay_buccaneers,27,23,246,1,389,2019,tennessee_titans,Nissan Stadium,tennessee_titans,Nashville,TN,36.1665,-86.7713,Outdoor,Grass,476,1999
8,Sun,2019-10-27,4:05PM,san_francisco_49ers,"",carolina_panthers,51,13,388,1,230,2019,san_francisco_49ers,Levi's Stadium,san_francisco_49ers,Santa Clara,CA,37.403,-121.9692,Outdoor,Grass,13,2014
8,Sun,2019-10-27,4:25PM,new_england_patriots,"",cleveland_browns,27,13,318,0,310,2019,new_england_patriots,Gillette Stadium,new_england_patriots,Foxborough,MA,42.0909,-71.2643,Outdoor,Turf,289,2002
8,Sun,2019-10-27,4:25PM,houston_texans,"",las_vegas_raiders,27,24,388,0,378,2019,houston_texans,NRG Stadium,houston_texans,Houston,TX,29.6847,-95.4107,Indoor,Turf,50,2002
8,Sun,2019-10-27,8:20PM,green_bay_packers,@,kansas_city_chiefs,31,24,374,0,337,2019,kansas_city_chiefs,GEHA Field at Arrowhead Stadium,kansas_city_chiefs,Kansas City,MO,39.049,-94.4839,Outdoor,Grass,1020,1972
8,Mon,2019-10-28,8:15PM,pittsburgh_steelers,"",miami_dolphins,27,14,394,1,230,2019,pittsburgh_steelers,Acrisure Stadium,pittsburgh_steelers,Pittsburgh,PA,40.4468,-80.0158,Outdoor,Grass,730,2001
9,Thu,2019-10-31,8:20PM,san_francisco_49ers,@,arizona_cardinals,28,25,411,0,357,2019,arizona_cardinals,State Farm Stadium,arizona_cardinals,Glendale,AZ,33.5275,-112.2625,Indoor,Turf,1070,2006
9,Sun,2019-11-03,9:30AM,houston_texans,@,jacksonville_jaguars,26,3,410,1,356,2019,jacksonville_jaguars,TIAA Bank Field,jacksonville_jaguars,Jacksonville,FL,30.3239,-81.6373,Outdoor,Grass,16,1995
9,Sun,2019-11-03,1:00PM,buffalo_bills,"",washington_commanders,24,9,268,0,243,2019,buffalo_bills,Highmark Stadium,buffalo_bills,Orchard Park,NY,42.7738,-78.7868,Outdoor,Grass,600,1973
9,Sun,2019-11-03,1:00PM,carolina_panthers,"",tennessee_titans,30,20,370,1,431,2019,carolina_panthers,Bank of America Stadium,carolina_panthers,Charlotte,NC,35.2258,-80.8528,Outdoor,Grass,748,1996
9,Sun,2019-11-03,1:00PM,philadelphia_eagles,"",chicago_bears,22,14,373,0,164,2019,philadelphia_eagles,Lincoln Financial Field,philadelphia_eagles,Philadelphia,PA,39.9008,-75.1675,Outdoor,Grass,30,2003
9,Sun,2019-11-03,1:00PM,pittsburgh_steelers,"",indianapolis_colts,26,24,273,2,328,2019,pittsburgh_steelers,Acrisure Stadium,pittsburgh_steelers,Pittsburgh,PA,40.4468,-80.0158,Outdoor,Grass,730,2001
9,Sun,2019-11-03,1:00PM,miami_dolphins,"",new_york_jets,26,18,316,0,321,2019,miami_dolphins,Hard Rock Stadium,miami_dolphins,Miami Gardens,FL,25.958,-80.238,Outdoor,Grass,7,1987
9,Sun,2019-11-03,1:00PM,kansas_city_chiefs,"",minnesota_vikings,26,23,377,1,308,2019,kansas_city_chiefs,GEHA Field at Arrowhead Stadium,kansas_city_chiefs,Kansas City,MO,39.049,-94.4839,Outdoor,Grass,1020,1972
9,Sun,2019-11-03,4:05PM,las_vegas_raiders,"",detroit_lions,31,24,450,0,473,2019,las_vegas_raiders,Allegiant Stadium,las_vegas_raiders,Las Vegas,NV,36.0908,-115.183,Indoor,Turf,2001,2020
9,Sun,2019-11-03,4:05PM,seattle_seahawks,"",tampa_bay_buccaneers,40,34,492,1,418,2019,seattle_seahawks,Lumen Field,seattle_seahawks,Seattle,WA,47.5952,-122.3316,Outdoor,Turf,20,2002
9,Sun,2019-11-03,4:25PM,denver_broncos,"",cleveland_browns,24,19,302,1,351,2019,denver_broncos,Empower Field at Mile High,denver_broncos,Denver,CO,39.7439,-105.0201,Outdoor,Turf,5280,2001
9,Sun,2019-11-03,4:25PM,los_angeles_chargers,"",green_bay_packers,26,11,442,0,184,2019,los_angeles_chargers,SoFi Stadium,los_angeles_chargers,Inglewood,CA,33.9535,-118.3392,Outdoor,Turf,100,2020
9,Sun,2019-11-03,8:20PM,baltimore_ravens,"",new_england_patriots,37,20,372,2,342,2019,baltimore_ravens,M&T Bank Stadium,baltimore_ravens,Baltimore,MD,39.2779,-76.6227,Outdoor,Grass,10,1998
9,Mon,2019-11-04,8:15PM,dallas_cowboys,@,new_york_giants,37,18,429,2,271,2019,new_york_giants,MetLife Stadium,new_york_giants,East Rutherford,NJ,40.8136,-74.0744,Outdoor,Turf,3,2010
10,Thu,2019-11-07,8:20PM,las_vegas_raiders,"",los_angeles_chargers,26,24,278,0,315,2019,las_vegas_raiders,Allegiant Stadium,las_vegas_raiders,Las Vegas,NV,36.0908,-115.183,Indoor,Turf,2001,2020
10,Sun,2019-11-10,1:00PM,atlanta_falcons,@,new_orleans_saints,26,9,317,1,310,2019,new_orleans_saints,Caesars Superdome,new_orleans_saints,New Orleans,LA,29.9509,-90.0815,Indoor,Turf,3,1975
10,Sun,2019-11-10,1:00PM,cleveland_browns,"",buffalo_bills,19,16,368,0,344,2019,cleveland_browns,FirstEnergy Stadium,cleveland_browns,Cleveland,OH,41.5061,-81.6995,Outdoor,Grass,577,1999
10,Sun,2019-11-10,1:00PM,chicago_bears,"",detroit_lions,20,13,226,0,357,2019,chicago_bears,Soldier Field,chicago_bears,Chicago,IL,41.8623,-87.6167,Outdoor,Grass,595,1924
10,Sun,2019-11-10,1:00PM,baltimore_ravens,@,cincinnati_bengals,49,13,379,1,307,2019,cincinnati_bengals,Paycor Stadium,cincinnati_bengals,Cincinnati,OH,39.0954,-84.516,Outdoor,Turf,482,2000
10,Sun,2019-11-10,1:00PM,tampa_bay_buccaneers,"",arizona_cardinals,30,27,457,3,417,2019,tampa_bay_buccaneers,Raymond James Stadium,tampa_bay_buccaneers,Tampa,FL,27.9759,-82.5033,Outdoor,Grass,26,1998
10,Sun,2019-11-10,1:00PM,tennessee_titans,"",kansas_city_chiefs,35,32,371,1,530,2019,tennessee_titans,Nissan Stadium,tennessee_titans,Nashville,TN,36.1665,-86.7713,Outdoor,Grass,476,1999
10,Sun,2019-11-10,1:00PM,new_york_jets,"",new_york_giants,34,27,294,0,281,2019,new_york_jets,MetLife Stadium,new_york_jets,East Rutherford,NJ,40.8136,-74.0744,Outdoor,Turf,3,2010
10,Sun,2019-11-10,4:05PM,miami_dolphins,@,indianapolis_colts,16,12,229,2,300,2019,indianapolis_colts,Lucas Oil Stadium,indianapolis_colts,Indianapolis,IN,39.7601,-86.1639,Indoor,Turf,700,2008
10,Sun,2019-11-10,4:25PM,green_bay_packers,"",carolina_panthers,24,16,388,0,401,2019,green_bay_packers,Lambeau Field,green_bay_packers,Green Bay,WI,44.5013,-88.0622,Outdoor,Grass,640,1957
10,Sun,2019-11-10,4:25PM,pittsburgh_steelers,"",los_angeles_rams,17,12,273,2,306,2019,pittsburgh_steelers,Acrisure Stadium,pittsburgh_steelers,Pittsburgh,PA,40.4468,-80.0158,Outdoor,Grass,730,2001
10,Sun,2019-11-10,8:20PM,minnesota_vikings,@,dallas_cowboys,28,24,364,0,443,2019,dallas_cowboys,AT&T Stadium,dallas_cowboys,Arlington,TX,32.7473,-97.0945,Indoor,Turf,639,2009
10,Mon,2019-11-11,8:15PM,seattle_seahawks,@,san_francisco_49ers,27,24,336,4,302,2019,san_francisco_49ers,Levi's Stadium,san_francisco_49ers,Santa Clara,CA,37.403,-121.9692,Outdoor,Grass,13,2014
11,Thu,2019-11-14,8:20PM,cleveland_browns,"",pittsburgh_steelers,21,7,293,0,236,2019,cleveland_browns,FirstEnergy Stadium,cleveland_browns,Cleveland,OH,41.5061,-81.6995,Outdoor,Grass,577,1999
11,Sun,2019-11-17,1:00PM,atlanta_falcons,@,carolina_panthers,29,3,349,0,347,2019,carolina_panthers,Bank of America Stadium,carolina_panthers,Charlotte,NC,35.2258,-80.8528,Outdoor,Grass,748,1996
11,Sun,2019-11-17,1:00PM,buffalo_bills,@,miami_dolphins,37,20,424,0,303,2019,miami_dolphins,Hard Rock Stadium,miami_dolphins,Miami Gardens,FL,25.958,-80.238,Outdoor,Grass,7,1987
11,Sun,2019-11-17,1:00PM,indianapolis_colts,"",jacksonville_jaguars,33,13,389,2,308,2019,indianapolis_colts,Lucas Oil Stadium,indianapolis_colts,Indianapolis,IN,39.7601,-86.1639,Indoor,Turf,700,2008
11,Sun,2019-11-17,1:00PM,dallas_cowboys,@,detroit_lions,35,27,509,1,312,2019,detroit_lions,Ford Field,detroit_lions,Detroit,MI,42.34,-83.0456,Indoor,Turf,600,2002
11,Sun,2019-11-17,1:00PM,minnesota_vikings,"",denver_broncos,27,23,321,2,394,2019,minnesota_vikings,U.S. Bank Stadium,minnesota_vikings,Minneapolis,MN,44.974,-93.2581,Indoor,Turf,840,2016
11,Sun,2019-11-17,1:00PM,baltimore_ravens,"",houston_texans,41,7,491,0,232,2019,baltimore_ravens,M&T Bank Stadium,baltimore_ravens,Baltimore,MD,39.2779,-76.6227,Outdoor,Grass,10,1998
11,Sun,2019-11-17,1:00PM,new_orleans_saints,@,tampa_bay_buccaneers,34,17,328,0,334,2019,tampa_bay_buccaneers,Raymond James Stadium,tampa_bay_buccaneers,Tampa,FL,27.9759,-82.5033,Outdoor,Grass,26,1998
11,Sun,2019-11-17,1:00PM,new_york_jets,@,washington_commanders,34,17,400,2,225,2019,washington_commanders,FedExField,washington_commanders,Landover,MD,38.9078,-76.8645,Outdoor,Grass,300,1997
11,Sun,2019-11-17,4:05PM,san_francisco_49ers,"",arizona_cardinals,36,26,442,2,266,2019,san_francisco_49ers,Levi's Stadium,san_francisco_49ers,Santa Clara,CA,37.403,-121.9692,Outdoor,Grass,13,2014
11,Sun,2019-11-17,4:25PM,las_vegas_raiders,"",cincinnati_bengals,17,10,386,2,246,2019,las_vegas_raiders,Allegiant Stadium,las_vegas_raiders,Las Vegas,NV,36.0908,-115.183,Indoor,Turf,2001,2020
11,Sun,2019-11-17,4:25PM,new_england_patriots,@,philadelphia_eagles,17,10,298,0,255,2019,philadelphia_eagles,Lincoln Financial Field,philadelphia_eagles,Philadelphia,PA,39.9008,-75.1675,Outdoor,Grass,30,2003
11,Sun,2019-11-17,8:20PM,los_angeles_rams,"",chicago_bears,17,7,283,2,267,2019,los_angeles_rams,SoFi Stadium,los_angeles_rams,Inglewood,CA,33.9535,-118.3392,Outdoor,Turf,100,2020
11,Mon,2019-11-18,8:15PM,kansas_city_chiefs,@,los_angeles_chargers,24,17,310,1,438,2019,los_angeles_chargers,SoFi Stadium,los_angeles_chargers,Inglewood,CA,33.9535,-118.3392,Outdoor,Turf,100,2020
12,Thu,2019-11-21,8:20PM,houston_texans,"",indianapolis_colts,20,17,396,1,296,2019,houston_texans,NRG Stadium,houston_texans,Houston,TX,29.6847,-95.4107,Indoor,Turf,50,2002
12,Sun,2019-11-24,1:00PM,tampa_bay_buccaneers,@,atlanta_falcons,35,22,446,2,337,2019,atlanta_falcons,Mercedes-Benz Stadium,atlanta_falcons,Atlanta,GA,33.755,-84.4008,Indoor,Turf,1050,2017
12,Sun,2019-11-24,1:00PM,buffalo_bills,"",denver_broncos,20,3,424,1,134,2019,buffalo_bills,Highmark Stadium,buffalo_bills,Orchard Park,NY,42.7738,-78.7868,Outdoor,Grass,600,1973
12,Sun,2019-11-24,1:00PM,new_orleans_saints,"",carolina_panthers,34,31,418,1,351,2019,new_orleans_saints,Caesars Superdome,new_orleans_saints,New Orleans,LA,29.9509,-90.0815,Indoor,Turf,3,1975
12,Sun,2019-11-24,1:00PM,chicago_bears,"",new_york_giants,19,14,335,2,243,2019,chicago_bears,Soldier Field,chicago_bears,Chicago,IL,41.8623,-87.6167,Outdoor,Grass,595,1924
12,Sun,2019-11-24,1:00PM,pittsburgh_steelers,@,cincinnati_bengals,16,10,338,1,244,2019,cincinnati_bengals,Paycor Stadium,cincinnati_bengals,Cincinnati,OH,39.0954,-84.516,Outdoor,Turf,482,2000
12,Sun,2019-11-24,1:00PM,cleveland_browns,"",miami_dolphins,41,24,467,1,284,2019,cleveland_browns,FirstEnergy Stadium,cleveland_browns,Cleveland,OH,41.5061,-81.6995,Outdoor,Grass,577,1999
12,Sun,2019-11-24,1:00PM,washington_commanders,"",detroit_lions,19,16,230,2,364,2019,washington_commanders,FedExField,washington_commanders,Landover,MD,38.9078,-76.8645,Outdoor,Grass,300,1997
12,Sun,2019-11-24,1:00PM,new_york_jets,"",las_vegas_raiders,34,3,401,1,208,2019,new_york_jets,MetLife Stadium,new_york_jets,East Rutherford,NJ,40.8136,-74.0744,Outdoor,Turf,3,2010
12,Sun,2019-11-24,1:00PM,seattle_seahawks,@,philadelphia_eagles,17,9,348,2,344,2019,philadelphia_eagles,Lincoln Financial Field,philadelphia_eagles,Philadelphia,PA,39.9008,-75.1675,Outdoor,Grass,30,2003
12,Sun,2019-11-24,4:05PM,tennessee_titans,"",jacksonville_jaguars,42,20,471,2,369,2019,tennessee_titans,Nissan Stadium,tennessee_titans,Nashville,TN,36.1665,-86.7713,Outdoor,Grass,476,1999
12,Sun,2019-11-24,4:25PM,new_england_patriots,"",dallas_cowboys,13,9,282,0,321,2019,new_england_patriots,Gillette Stadium,new_england_patriots,Foxborough,MA,42.0909,-71.2643,Outdoor,Turf,289,2002
12,Sun,2019-11-24,8:20PM,san_francisco_49ers,"",green_bay_packers,37,8,339,0,198,2019,san_francisco_49ers,Levi's Stadium,san_francisco_49ers,Santa Clara,CA,37.403,-121.9692,Outdoor,Grass,13,2014
12,Mon,2019-11-25,8:15PM,baltimore_ravens,@,los_angeles_rams,45,6,480,0,221,2019,los_angeles_rams,SoFi Stadium,los_angeles_rams,Inglewood,CA,33.9535,-118.3392,Outdoor,Turf,100,2020
13,Thu,2019-11-28,12:30PM,chicago_bears,@,detroit_lions,24,20,419,1,364,2019,detroit_lions,Ford Field,detroit_lions,Detroit,MI,42.34,-83.0456,Indoor,Turf,600,2002
13,Thu,2019-11-28,4:30PM,buffalo_bills,@,dallas_cowboys,26,15,356,0,426,2019,dallas_cowboys,AT&T Stadium,dallas_cowboys,Arlington,TX,32.7473,-97.0945,Indoor,Turf,639,2009
13,Thu,2019-11-28,8:20PM,new_orleans_saints,@,atlanta_falcons,26,18,279,0,348,2019,atlanta_falcons,Mercedes-Benz Stadium,atlanta_falcons,Atlanta,GA,33.755,-84.4008,Indoor,Turf,1050,2017
13,Sun,2019-12-01,1:00PM,washington_commanders,@,carolina_panthers,29,21,362,0,278,2019,carolina_panthers,Bank of America Stadium,carolina_panthers,Charlotte,NC,35.2258,-80.8528,Outdoor,Grass,748,1996
13,Sun,2019-12-01,1:00PM,cincinnati_bengals,"",new_york_jets,22,6,277,0,271,2019,cincinnati_bengals,Paycor Stadium,cincinnati_bengals,Cincinnati,OH,39.0954,-84.516,Outdoor,Turf,482,2000
13,Sun,2019-12-01,1:00PM,pittsburgh_steelers,"",cleveland_browns,20,13,323,1,279,2019,pittsburgh_steelers,Acrisure Stadium,pittsburgh_steelers,Pittsburgh,PA,40.4468,-80.0158,Outdoor,Grass,730,2001
13,Sun,2019-12-01,1:00PM,tennessee_titans,@,indianapolis_colts,31,17,292,2,391,2019,indianapolis_colts,Lucas Oil Stadium,indianapolis_colts,Indianapolis,IN,39.7601,-86.1639,Indoor,Turf,700,2008
13,Sun,2019-12-01,1:00PM,green_bay_packers,@,new_york_giants,31,13,322,0,335,2019,new_york_giants,MetLife Stadium,new_york_giants,East Rutherford,NJ,40.8136,-74.0744,Outdoor,Turf,3,2010
13,Sun,2019-12-01,1:00PM,tampa_bay_buccaneers,@,jacksonville_jaguars,28,11,315,1,242,2019,jacksonville_jaguars,TIAA Bank Field,jacksonville_jaguars,Jacksonville,FL,30.3239,-81.6373,Outdoor,Grass,16,1995
13,Sun,2019-12-01,1:00PM,miami_dolphins,"",philadelphia_eagles,37,31,409,1,386,2019,miami_dolphins,Hard Rock Stadium,miami_dolphins,Miami Gardens,FL,25.958,-80.238,Outdoor,Grass,7,1987
13,Sun,2019-12-01,1:00PM,baltimore_ravens,"",san_francisco_49ers,20,17,283,1,331,2019,baltimore_ravens,M&T Bank Stadium,baltimore_ravens,Baltimore,MD,39.2779,-76.6227,Outdoor,Grass,10,1998
13,Sun,2019-12-01,4:05PM,los_angeles_rams,@,arizona_cardinals,34,7,549,0,198,2019,arizona_cardinals,State Farm Stadium,arizona_cardinals,Glendale,AZ,33.5275,-112.2625,Indoor,Turf,1070,2006
13,Sun,2019-12-01,4:25PM,denver_broncos,"",los_angeles_chargers,23,20,218,1,359,2019,denver_broncos,Empower Field at Mile High,denver_broncos,Denver,CO,39.7439,-105.0201,Outdoor,Turf,5280,2001
13,Sun,2019-12-01,4:25PM,kansas_city_chiefs,"",las_vegas_raiders,40,9,259,0,332,2019,kansas_city_chiefs,GEHA Field at Arrowhead Stadium,kansas_city_chiefs,Kansas City,MO,39.049,-94.4839,Outdoor,Grass,1020,1972
13,Sun,2019-12-01,8:20PM,houston_texans,"",new_england_patriots,28,22,276,0,448,2019,houston_texans,NRG Stadium,houston_texans,Houston,TX,29.6847,-95.4107,Indoor,Turf,50,2002
13,Mon,2019-12-02,8:15PM,seattle_seahawks,"",minnesota_vikings,37,30,444,2,354,2019,seattle_seahawks,Lumen Field,seattle_seahawks,Seattle,WA,47.5952,-122.3316,Outdoor,Turf,20,2002
14,Thu,2019-12-05,8:20PM,chicago_bears,"",dallas_cowboys,31,24,382,2,408,2019,chicago_bears,Soldier Field,chicago_bears,Chicago,IL,41.8623,-87.6167,Outdoor,Grass,595,1924
14,Sun,2019-12-08,1:00PM,atlanta_falcons,"",carolina_panthers,40,20,461,0,345,2019,atlanta_falcons,Mercedes-Benz Stadium,atlanta_falcons,Atlanta,GA,33.755,-84.4008,Indoor,Turf,1050,2017
14,Sun,2019-12-08,1:00PM,baltimore_ravens,@,buffalo_bills,24,17,257,1,209,2019,buffalo_bills,Highmark Stadium,buffalo_bills,Orchard Park,NY,42.7738,-78.7868,Outdoor,Grass,600,1973
14,Sun,2019-12-08,1:00PM,cleveland_browns,"",cincinnati_bengals,27,19,333,2,451,2019,cleveland_browns,FirstEnergy Stadium,cleveland_browns,Cleveland,OH,41.5061,-81.6995,Outdoor,Grass,577,1999
14,Sun,2019-12-08,1:00PM,tampa_bay_buccaneers,"",indianapolis_colts,38,35,542,4,309,2019,tampa_bay_buccaneers,Raymond James Stadium,tampa_bay_buccaneers,Tampa,FL,27.9759,-82.5033,Outdoor,Grass,26,1998
14,Sun,2019-12-08,1:00PM,denver_broncos,@,houston_texans,38,24,391,1,414,2019,houston_texans,NRG Stadium,houston_texans,Houston,TX,29.6847,-95.4107,Indoor,Turf,50,2002
14,Sun,2019-12-08,1:00PM,minnesota_vikings,"",detroit_lions,20,7,354,0,231,2019,minnesota_vikings,U.S. Bank Stadium,minnesota_vikings,Minneapolis,MN,44.974,-93.2581,Indoor,Turf,840,2016
14,Sun,2019-12-08,1:00PM,green_bay_packers,"",washington_commanders,20,15,341,1,262,2019,green_bay_packers,Lambeau Field,green_bay_packers,Green Bay,WI,44.5013,-88.0622,Outdoor,Grass,640,1957
14,Sun,2019-12-08,1:00PM,new_york_jets,"",miami_dolphins,22,21,374,1,362,2019,new_york_jets,MetLife Stadium,new_york_jets,East Rutherford,NJ,40.8136,-74.0744,Outdoor,Turf,3,2010
14,Sun,2019-12-08,1:00PM,san_francisco_49ers,@,new_orleans_saints,48,46,516,1,465,2019,new_orleans_saints,Caesars Superdome,new_orleans_saints,New Orleans,LA,29.9509,-90.0815,Indoor,Turf,3,1975
14,Sun,2019-12-08,4:05PM,los_angeles_chargers,@,jacksonville_jaguars,45,10,525,0,252,2019,jacksonville_jaguars,TIAA Bank Field,jacksonville_jaguars,Jacksonville,FL,30.3239,-81.6373,Outdoor,Grass,16,1995
14,Sun,2019-12-08,4:25PM,pittsburgh_steelers,@,arizona_cardinals,23,17,275,2,236,2019,arizona_cardinals,State Farm Stadium,arizona_cardinals,Glendale,AZ,33.5275,-112.2625,Indoor,Turf,1070,2006
14,Sun,2019-12-08,4:25PM,kansas_city_chiefs,@,new_england_patriots,23,16,346,2,278,2019,new_england_patriots,Gillette Stadium,new_england_patriots,Foxborough,MA,42.0909,-71.2643,Outdoor,Turf,289,2002
14,Sun,2019-12-08,4:25PM,tennessee_titans,@,las_vegas_raiders,42,21,552,1,355,2019,las_vegas_raiders,Allegiant Stadium,las_vegas_raiders,Las Vegas,NV,36.0908,-115.183,Indoor,Turf,2001,2020
14,Sun,2019-12-08,8:20PM,los_angeles_rams,"",seattle_seahawks,28,12,455,2,308,2019,los_angeles_rams,SoFi Stadium,los_angeles_rams,Inglewood,CA,33.9535,-118.3392,Outdoor,Turf,100,2020
14,Mon,2019-12-09,8:15PM,philadelphia_eagles,"",new_york_giants,23,17,418,1,255,2019,philadelphia_eagles,Lincoln Financial Field,philadelphia_eagles,Philadelphia,PA,39.9008,-75.1675,Outdoor,Grass,30,2003
15,Thu,2019-12-12,8:20PM,baltimore_ravens,"",new_york_jets,42,21,430,0,310,2019,baltimore_ravens,M&T Bank Stadium,baltimore_ravens,Baltimore,MD,39.2779,-76.6227,Outdoor,Grass,10,1998
15,Sun,2019-12-15,1:00PM,seattle_seahawks,@,carolina_panthers,30,24,428,1,414,2019,carolina_panthers,Bank of America Stadium,carolina_panthers,Charlotte,NC,35.2258,-80.8528,Outdoor,Grass,748,1996
15,Sun,2019-12-15,1:00PM,green_bay_packers,"",chicago_bears,21,13,292,0,415,2019,green_bay_packers,Lambeau Field,green_bay_packers,Green Bay,WI,44.5013,-88.0622,Outdoor,Grass,640,1957
15,Sun,2019-12-15,1:00PM,new_england_patriots,@,cincinnati_bengals,34,13,291,0,315,2019,cincinnati_bengals,Paycor Stadium,cincinnati_bengals,Cincinnati,OH,39.0954,-84.516,Outdoor,Turf,482,2000
15,Sun,2019-12-15,1:00PM,kansas_city_chiefs,"",denver_broncos,23,3,419,1,251,2019,kansas_city_chiefs,GEHA Field at Arrowhead Stadium,kansas_city_chiefs,Kansas City,MO,39.049,-94.4839,Outdoor,Grass,1020,1972
15,Sun,2019-12-15,1:00PM,tampa_bay_buccaneers,@,detroit_lions,38,17,495,1,295,2019,detroit_lions,Ford Field,detroit_lions,Detroit,MI,42.34,-83.0456,Indoor,Turf,600,2002
15,Sun,2019-12-15,1:00PM,houston_texans,@,tennessee_titans,24,21,374,2,432,2019,tennessee_titans,Nissan Stadium,tennessee_titans,Nashville,TN,36.1665,-86.7713,Outdoor,Grass,476,1999
15,Sun,2019-12-15,1:00PM,new_york_giants,"",miami_dolphins,36,20,412,3,384,2019,new_york_giants,MetLife Stadium,new_york_giants,East Rutherford,NJ,40.8136,-74.0744,Outdoor,Turf,3,2010
15,Sun,2019-12-15,1:00PM,philadelphia_eagles,@,washington_commanders,37,27,415,1,352,2019,washington_commanders,FedExField,washington_commanders,Landover,MD,38.9078,-76.8645,Outdoor,Grass,300,1997
15,Sun,2019-12-15,4:05PM,arizona_cardinals,"",cleveland_browns,38,24,445,1,393,2019,arizona_cardinals,State Farm Stadium,arizona_cardinals,Glendale,AZ,33.5275,-112.2625,Indoor,Turf,1070,2006
15,Sun,2019-12-15,4:05PM,jacksonville_jaguars,@,las_vegas_raiders,20,16,262,0,364,2019,las_vegas_raiders,Allegiant Stadium,las_vegas_raiders,Las Vegas,NV,36.0908,-115.183,Indoor,Turf,2001,2020
15,Sun,2019-12-15,4:05PM,minnesota_vikings,@,los_angeles_chargers,39,10,344,1,345,2019,los_angeles_chargers,SoFi Stadium,los_angeles_chargers,Inglewood,CA,33.9535,-118.3392,Outdoor,Turf,100,2020
15,Sun,2019-12-15,4:25PM,atlanta_falcons,@,san_francisco_49ers,29,22,290,1,313,2019,san_francisco_49ers,Levi's Stadium,san_francisco_49ers,Santa Clara,CA,37.403,-121.9692,Outdoor,Grass,13,2014
15,Sun,2019-12-15,4:25PM,dallas_cowboys,"",los_angeles_rams,44,21,475,0,289,2019,dallas_cowboys,AT&T Stadium,dallas_cowboys,Arlington,TX,32.7473,-97.0945,Indoor,Turf,639,2009
15,Sun,2019-12-15,8:20PM,buffalo_bills,@,pittsburgh_steelers,17,10,261,2,229,2019,pittsburgh_steelers,Acrisure Stadium,pittsburgh_steelers,Pittsburgh,PA,40.4468,-80.0158,Outdoor,Grass,730,2001
15,Mon,2019-12-16,8:15PM,new_orleans_saints,"",indianapolis_colts,34,7,424,0,205,2019,new_orleans_saints,Caesars Superdome,new_orleans_saints,New Orleans,LA,29.9509,-90.0815,Indoor,Turf,3,1975
16,Sat,2019-12-21,1:00PM,houston_texans,@,tampa_bay_buccaneers,23,20,229,2,435,2019,tampa_bay_buccaneers,Raymond James Stadium,tampa_bay_buccaneers,Tampa,FL,27.9759,-82.5033,Outdoor,Grass,26,1998
16,Sat,2019-12-21,4:30PM,new_england_patriots,"",buffalo_bills,24,17,414,1,268,2019,new_england_patriots,Gillette Stadium,new_england_patriots,Foxborough,MA,42.0909,-71.2643,Outdoor,Turf,289,2002
16,Sat,2019-12-21,8:15PM,san_francisco_49ers,"",los_angeles_rams,34,31,334,2,395,2019,san_francisco_49ers,Levi's Stadium,san_francisco_49ers,Santa Clara,CA,37.403,-121.9692,Outdoor,Grass,13,2014
16,Sun,2019-12-22,1:00PM,atlanta_falcons,"",jacksonville_jaguars,24,12,518,2,288,2019,atlanta_falcons,Mercedes-Benz Stadium,atlanta_falcons,Atlanta,GA,33.755,-84.4008,Indoor,Turf,1050,2017
16,Sun,2019-12-22,1:00PM,indianapolis_colts,"",carolina_panthers,38,6,324,0,286,2019,indianapolis_colts,Lucas Oil Stadium,indianapolis_colts,Indianapolis,IN,39.7601,-86.1639,Indoor,Turf,700,2008
16,Sun,2019-12-22,1:00PM,miami_dolphins,"",cincinnati_bengals,38,35,502,1,430,2019,miami_dolphins,Hard Rock Stadium,miami_dolphins,Miami Gardens,FL,25.958,-80.238,Outdoor,Grass,7,1987
16,Sun,2019-12-22,1:00PM,baltimore_ravens,@,cleveland_browns,31,15,481,1,241,2019,cleveland_browns,FirstEnergy Stadium,cleveland_browns,Cleveland,OH,41.5061,-81.6995,Outdoor,Grass,577,1999
16,Sun,2019-12-22,1:00PM,new_orleans_saints,@,tennessee_titans,38,28,377,0,397,2019,tennessee_titans,Nissan Stadium,tennessee_titans,Nashville,TN,36.1665,-86.7713,Outdoor,Grass,476,1999
16,Sun,2019-12-22,1:00PM,new_york_giants,@,washington_commanders,41,35,552,0,361,2019,washington_commanders,FedExField,washington_commanders,Landover,MD,38.9078,-76.8645,Outdoor,Grass,300,1997
16,Sun,2019-12-22,1:00PM,new_york_jets,"",pittsburgh_steelers,16,10,259,1,260,2019,new_york_jets,MetLife Stadium,new_york_jets,East Rutherford,NJ,40.8136,-74.0744,Outdoor,Turf,3,2010
16,Sun,2019-12-22,4:05PM,denver_broncos,"",detroit_lions,27,17,348,0,191,2019,denver_broncos,Empower Field at Mile High,denver_broncos,Denver,CO,39.7439,-105.0201,Outdoor,Turf,5280,2001
16,Sun,2019-12-22,4:05PM,las_vegas_raiders,@,los_angeles_chargers,24,17,366,0,284,2019,los_angeles_chargers,SoFi Stadium,los_angeles_chargers,Inglewood,CA,33.9535,-118.3392,Outdoor,Turf,100,2020
16,Sun,2019-12-22,4:25PM,arizona_cardinals,@,seattle_seahawks,27,13,412,0,224,2019,seattle_seahawks,Lumen Field,seattle_seahawks,Seattle,WA,47.5952,-122.3316,Outdoor,Turf,20,2002
16,Sun,2019-12-22,4:25PM,philadelphia_eagles,"",dallas_cowboys,17,9,431,0,311,2019,philadelphia_eagles,Lincoln Financial Field,philadelphia_eagles,Philadelphia,PA,39.9008,-75.1675,Outdoor,Grass,30,2003
16,Sun,2019-12-22,8:20PM,kansas_city_chiefs,@,chicago_bears,26,3,350,0,234,2019,chicago_bears,Soldier Field,chicago_bears,Chicago,IL,41.8623,-87.6167,Outdoor,Grass,595,1924
16,Mon,2019-12-23,8:15PM,green_bay_packers,@,minnesota_vikings,23,10,383,3,139,2019,minnesota_vikings,U.S. Bank Stadium,minnesota_vikings,Minneapolis,MN,44.974,-93.2581,Indoor,Turf,840,2016
17,Sun,2019-12-29,1:00PM,atlanta_falcons,@,tampa_bay_buccaneers,28,22,373,1,329,2019,tampa_bay_buccaneers,Raymond James Stadium,tampa_bay_buccaneers,Tampa,FL,27.9759,-82.5033,Outdoor,Grass,26,1998
17,Sun,2019-12-29,1:00PM,new_york_jets,@,buffalo_bills,13,6,271,1,309,2019,buffalo_bills,Highmark Stadium,buffalo_bills,Orchard Park,NY,42.7738,-78.7868,Outdoor,Grass,600,1973
17,Sun,2019-12-29,1:00PM,new_orleans_saints,@,carolina_panthers,42,10,379,0,329,2019,carolina_panthers,Bank of America Stadium,carolina_panthers,Charlotte,NC,35.2258,-80.8528,Outdoor,Grass,748,1996
17,Sun,2019-12-29,1:00PM,chicago_bears,@,minnesota_vikings,21,19,337,1,300,2019,minnesota_vikings,U.S. Bank Stadium,minnesota_vikings,Minneapolis,MN,44.974,-93.2581,Indoor,Turf,840,2016
17,Sun,2019-12-29,1:00PM,cincinnati_bengals,"",cleveland_browns,33,23,361,1,313,2019,cincinnati_bengals,Paycor Stadium,cincinnati_bengals,Cincinnati,OH,39.0954,-84.516,Outdoor,Turf,482,2000
17,Sun,2019-12-29,1:00PM,green_bay_packers,@,detroit_lions,23,20,432,1,305,2019,detroit_lions,Ford Field,detroit_lions,Detroit,MI,42.34,-83.0456,Indoor,Turf,600,2002
17,Sun,2019-12-29,1:00PM,kansas_city_chiefs,"",los_angeles_chargers,31,21,336,1,366,2019,kansas_city_chiefs,GEHA Field at Arrowhead Stadium,kansas_city_chiefs,Kansas City,MO,39.049,-94.4839,Outdoor,Grass,1020,1972
17,Sun,2019-12-29,1:00PM,miami_dolphins,@,new_england_patriots,27,24,389,0,352,2019,new_england_patriots,Gillette Stadium,new_england_patriots,Foxborough,MA,42.0909,-71.2643,Outdoor,Turf,289,2002
17,Sun,2019-12-29,4:25PM,jacksonville_jaguars,"",indianapolis_colts,38,20,353,1,275,2019,jacksonville_jaguars,TIAA Bank Field,jacksonville_jaguars,Jacksonville,FL,30.3239,-81.6373,Outdoor,Grass,16,1995
17,Sun,2019-12-29,4:25PM,los_angeles_rams,"",arizona_cardinals,31,24,424,0,393,2019,los_angeles_rams,SoFi Stadium,los_angeles_rams,Inglewood,CA,33.9535,-118.3392,Outdoor,Turf,100,2020
17,Sun,2019-12-29,4:25PM,dallas_cowboys,"",washington_commanders,47,16,517,1,271,2019,dallas_cowboys,AT&T Stadium,dallas_cowboys,Arlington,TX,32.7473,-97.0945,Indoor,Turf,639,2009
17,Sun,2019-12-29,4:25PM,denver_broncos,"",las_vegas_raiders,16,15,238,1,477,2019,denver_broncos,Empower Field at Mile High,denver_broncos,Denver,CO,39.7439,-105.0201,Outdoor,Turf,5280,2001
17,Sun,2019-12-29,4:25PM,tennessee_titans,@,houston_texans,35,14,467,0,301,2019,houston_texans,NRG Stadium,houston_texans,Houston,TX,29.6847,-95.4107,Indoor,Turf,50,2002
17,Sun,2019-12-29,4:25PM,philadelphia_eagles,@,new_york_giants,34,17,400,0,397,2019,new_york_giants,MetLife Stadium,new_york_giants,East Rutherford,NJ,40.8136,-74.0744,Outdoor,Turf,3,2010
17,Sun,2019-12-29,4:25PM,baltimore_ravens,"",pittsburgh_steelers,28,10,304,2,168,2019,baltimore_ravens,M&T Bank Stadium,baltimore_ravens,Baltimore,MD,39.2779,-76.6227,Outdoor,Grass,10,1998
17,Sun,2019-12-29,8:20PM,san_francisco_49ers,@,seattle_seahawks,26,21,398,0,348,2019,seattle_seahawks,Lumen Field,seattle_seahawks,Seattle,WA,47.5952,-122.3316,Outdoor,Turf,20,2002
18,Sat,2020-01-04,4:35PM,houston_texans,"",buffalo_bills,22,19,360,1,425,2020,houston_texans,NRG Stadium,houston_texans,Houston,TX,29.6847,-95.4107,Indoor,Turf,50,2002
18,Sat,2020-01-04,8:15PM,tennessee_titans,@,new_england_patriots,20,13,272,1,307,2020,new_england_patriots,Gillette Stadium,new_england_patriots,Foxborough,MA,42.0909,-71.2643,Outdoor,Turf,289,2002
18,Sun,2020-01-05,1:05PM,minnesota_vikings,@,new_orleans_saints,26,20,362,1,324,2020,new_orleans_saints,Caesars Superdome,new_orleans_saints,New Orleans,LA,29.9509,-90.0815,Indoor,Turf,3,1975
18,Sun,2020-01-05,4:40PM,seattle_seahawks,@,philadelphia_eagles,17,9,382,0,282,2020,philadelphia_eagles,Lincoln Financial Field,philadelphia_eagles,Philadelphia,PA,39.9008,-75.1675,Outdoor,Grass,30,2003
19,Sat,2020-01-11,4:35PM,san_francisco_49ers,"",minnesota_vikings,27,10,308,2,147,2020,san_francisco_49ers,Levi's Stadium,san_francisco_49ers,Santa Clara,CA,37.403,-121.9692,Outdoor,Grass,13,2014
19,Sat,2020-01-11,8:15PM,tennessee_titans,@,baltimore_ravens,28,12,300,0,530,2020,baltimore_ravens,M&T Bank Stadium,baltimore_ravens,Baltimore,MD,39.2779,-76.6227,Outdoor,Grass,10,1998
19,Sun,2020-01-12,3:05PM,kansas_city_chiefs,"",houston_texans,51,31,434,1,442,2020,kansas_city_chiefs,GEHA Field at Arrowhead Stadium,kansas_city_chiefs,Kansas City,MO,39.049,-94.4839,Outdoor,Grass,1020,1972
19,Sun,2020-01-12,6:40PM,green_bay_packers,"",seattle_seahawks,28,23,344,0,375,2020,green_bay_packers,Lambeau Field,green_bay_packers,Green Bay,WI,44.5013,-88.0622,Outdoor,Grass,640,1957
20,Sun,2020-01-19,3:05PM,kansas_city_chiefs,"",tennessee_titans,35,24,404,0,295,2020,kansas_city_chiefs,GEHA Field at Arrowhead Stadium,kansas_city_chiefs,Kansas City,MO,39.049,-94.4839,Outdoor,Grass,1020,1972
20,Sun,2020-01-19,6:40PM,san_francisco_49ers,"",green_bay_packers,37,20,354,0,358,2020,san_francisco_49ers,Levi's Stadium,san_francisco_49ers,Santa Clara,CA,37.403,-121.9692,Outdoor,Grass,13,2014
21,Sun,2020-02-02,6:30PM,kansas_city_chiefs,N,san_francisco_49ers,31,20,397,2,351,2020,kansas_city_chiefs,GEHA Field at Arrowhead Stadium,kansas_city_chiefs,Kansas City,MO,39.049,-94.4839,Outdoor,Grass,1020,1972
1,Thu,2020-09-10,8:20PM,kansas_city_chiefs,"",houston_texans,34,20,369,0,360,2020,kansas_city_chiefs,GEHA Field at Arrowhead Stadium,kansas_city_chiefs,Kansas City,MO,39.049,-94.4839,Outdoor,Grass,1020,1972
1,Sun,2020-09-13,1:00PM,seattle_seahawks,@,atlanta_falcons,38,25,383,0,506,2020,atlanta_falcons,Mercedes-Benz Stadium,atlanta_falcons,Atlanta,GA,33.755,-84.4008,Indoor,Turf,1050,2017
1,Sun,2020-09-13,1:00PM,buffalo_bills,"",new_york_jets,27,17,404,2,254,2020,buffalo_bills,Highmark Stadium,buffalo_bills,Orchard Park,NY,42.7738,-78.7868,Outdoor,Grass,600,1973
1,Sun,2020-09-13,1:00PM,las_vegas_raiders,@,carolina_panthers,34,30,372,0,388,2020,carolina_panthers,Bank of America Stadium,carolina_panthers,Charlotte,NC,35.2258,-80.8528,Outdoor,Grass,748,1996
1,Sun,2020-09-13,1:00PM,chicago_bears,@,detroit_lions,27,23,363,0,426,2020,detroit_lions,Ford Field,detroit_lions,Detroit,MI,42.34,-83.0456,Indoor,Turf,600,2002
1,Sun,2020-09-13,1:00PM,baltimore_ravens,"",cleveland_browns,38,6,381,1,306,2020,baltimore_ravens,M&T Bank Stadium,baltimore_ravens,Baltimore,MD,39.2779,-76.6227,Outdoor,Grass,10,1998
1,Sun,2020-09-13,1:00PM,jacksonville_jaguars,"",indianapolis_colts,27,20,241,0,445,2020,jacksonville_jaguars,TIAA Bank Field,jacksonville_jaguars,Jacksonville,FL,30.3239,-81.6373,Outdoor,Grass,16,1995
1,Sun,2020-09-13,1:00PM,green_bay_packers,@,minnesota_vikings,43,34,522,0,382,2020,minnesota_vikings,U.S. Bank Stadium,minnesota_vikings,Minneapolis,MN,44.974,-93.2581,Indoor,Turf,840,2016
1,Sun,2020-09-13,1:00PM,new_england_patriots,"",miami_dolphins,21,11,357,1,269,2020,new_england_patriots,Gillette Stadium,new_england_patriots,Foxborough,MA,42.0909,-71.2643,Outdoor,Turf,289,2002
1,Sun,2020-09-13,1:00PM,washington_commanders,"",philadelphia_eagles,27,17,239,0,265,2020,washington_commanders,FedExField,washington_commanders,Landover,MD,38.9078,-76.8645,Outdoor,Grass,300,1997
1,Sun,2020-09-13,4:05PM,los_angeles_chargers,@,cincinnati_bengals,16,13,362,0,295,2020,cincinnati_bengals,Paycor Stadium,cincinnati_bengals,Cincinnati,OH,39.0954,-84.516,Outdoor,Turf,482,2000
1,Sun,2020-09-13,4:25PM,arizona_cardinals,@,san_francisco_49ers,24,20,404,1,366,2020,san_francisco_49ers,Levi's Stadium,san_francisco_49ers,Santa Clara,CA,37.403,-121.9692,Outdoor,Grass,13,2014
1,Sun,2020-09-13,4:25PM,new_orleans_saints,"",tampa_bay_buccaneers,34,23,271,0,310,2020,new_orleans_saints,Caesars Superdome,new_orleans_saints,New Orleans,LA,29.9509,-90.0815,Indoor,Turf,3,1975
1,Sun,2020-09-13,8:20PM,los_angeles_rams,"",dallas_cowboys,20,17,422,1,380,2020,los_angeles_rams,SoFi Stadium,los_angeles_rams,Inglewood,CA,33.9535,-118.3392,Outdoor,Turf,100,2020
1,Mon,2020-09-14,7:15PM,pittsburgh_steelers,@,new_york_giants,26,16,349,1,291,2020,new_york_giants,MetLife Stadium,new_york_giants,East Rutherford,NJ,40.8136,-74.0744,Outdoor,Turf,3,2010
1,Mon,2020-09-14,10:10PM,tennessee_titans,@,denver_broncos,16,14,377,0,323,2020,denver_broncos,Empower Field at Mile High,denver_broncos,Denver,CO,39.7439,-105.0201,Outdoor,Turf,5280,2001
2,Thu,2020-09-17,8:20PM,cleveland_browns,"",cincinnati_bengals,35,30,434,1,353,2020,cleveland_browns,FirstEnergy Stadium,cleveland_browns,Cleveland,OH,41.5061,-81.6995,Outdoor,Grass,577,1999
2,Sun,2020-09-20,1:00PM,dallas_cowboys,"",atlanta_falcons,40,39,570,3,380,2020,dallas_cowboys,AT&T Stadium,dallas_cowboys,Arlington,TX,32.7473,-97.0945,Indoor,Turf,639,2009
2,Sun,2020-09-20,1:00PM,buffalo_bills,@,miami_dolphins,31,28,523,1,410,2020,miami_dolphins,Hard Rock Stadium,miami_dolphins,Miami Gardens,FL,25.958,-80.238,Outdoor,Grass,7,1987
2,Sun,2020-09-20,1:00PM,tampa_bay_buccaneers,"",carolina_panthers,31,17,339,2,427,2020,tampa_bay_buccaneers,Raymond James Stadium,tampa_bay_buccaneers,Tampa,FL,27.9759,-82.5033,Outdoor,Grass,26,1998
2,Sun,2020-09-20,1:00PM,chicago_bears,"",new_york_giants,17,13,304,2,295,2020,chicago_bears,Soldier Field,chicago_bears,Chicago,IL,41.8623,-87.6167,Outdoor,Grass,595,1924
2,Sun,2020-09-20,1:00PM,indianapolis_colts,"",minnesota_vikings,28,11,354,1,175,2020,indianapolis_colts,Lucas Oil Stadium,indianapolis_colts,Indianapolis,IN,39.7601,-86.1639,Indoor,Turf,700,2008
2,Sun,2020-09-20,1:00PM,pittsburgh_steelers,"",denver_broncos,26,21,410,2,319,2020,pittsburgh_steelers,Acrisure Stadium,pittsburgh_steelers,Pittsburgh,PA,40.4468,-80.0158,Outdoor,Grass,730,2001
2,Sun,2020-09-20,1:00PM,green_bay_packers,"",detroit_lions,42,21,488,0,307,2020,green_bay_packers,Lambeau Field,green_bay_packers,Green Bay,WI,44.5013,-88.0622,Outdoor,Grass,640,1957
2,Sun,2020-09-20,1:00PM,tennessee_titans,"",jacksonville_jaguars,33,30,354,0,480,2020,tennessee_titans,Nissan Stadium,tennessee_titans,Nashville,TN,36.1665,-86.7713,Outdoor,Grass,476,1999
2,Sun,2020-09-20,1:00PM,san_francisco_49ers,@,new_york_jets,31,13,359,1,277,2020,new_york_jets,MetLife Stadium,new_york_jets,East Rutherford,NJ,40.8136,-74.0744,Outdoor,Turf,3,2010
2,Sun,2020-09-20,1:00PM,los_angeles_rams,@,philadelphia_eagles,37,19,449,1,363,2020,philadelphia_eagles,Lincoln Financial Field,philadelphia_eagles,Philadelphia,PA,39.9008,-75.1675,Outdoor,Grass,30,2003
2,Sun,2020-09-20,4:05PM,arizona_cardinals,"",washington_commanders,30,15,438,1,316,2020,arizona_cardinals,State Farm Stadium,arizona_cardinals,Glendale,AZ,33.5275,-112.2625,Indoor,Turf,1070,2006
2,Sun,2020-09-20,4:25PM,baltimore_ravens,@,houston_texans,33,16,407,0,304,2020,houston_texans,NRG Stadium,houston_texans,Houston,TX,29.6847,-95.4107,Indoor,Turf,50,2002
2,Sun,2020-09-20,4:25PM,kansas_city_chiefs,@,los_angeles_chargers,23,20,414,0,479,2020,los_angeles_chargers,SoFi Stadium,los_angeles_chargers,Inglewood,CA,33.9535,-118.3392,Outdoor,Turf,100,2020
2,Sun,2020-09-20,8:20PM,seattle_seahawks,"",new_england_patriots,35,30,429,1,464,2020,seattle_seahawks,Lumen Field,seattle_seahawks,Seattle,WA,47.5952,-122.3316,Outdoor,Turf,20,2002
2,Mon,2020-09-21,8:15PM,las_vegas_raiders,"",new_orleans_saints,34,24,377,1,424,2020,las_vegas_raiders,Allegiant Stadium,las_vegas_raiders,Las Vegas,NV,36.0908,-115.183,Indoor,Turf,2001,2020
3,Thu,2020-09-24,8:20PM,miami_dolphins,@,jacksonville_jaguars,31,13,294,0,318,2020,jacksonville_jaguars,TIAA Bank Field,jacksonville_jaguars,Jacksonville,FL,30.3239,-81.6373,Outdoor,Grass,16,1995
3,Sun,2020-09-27,1:00PM,chicago_bears,@,atlanta_falcons,30,26,437,2,371,2020,atlanta_falcons,Mercedes-Benz Stadium,atlanta_falcons,Atlanta,GA,33.755,-84.4008,Indoor,Turf,1050,2017
3,Sun,2020-09-27,1:00PM,buffalo_bills,"",los_angeles_rams,35,32,375,2,478,2020,buffalo_bills,Highmark Stadium,buffalo_bills,Orchard Park,NY,42.7738,-78.7868,Outdoor,Grass,600,1973
3,Sun,2020-09-27,1:00PM,philadelphia_eagles,"",cincinnati_bengals,23,23,378,2,304,2020,philadelphia_eagles,Lincoln Financial Field,philadelphia_eagles,Philadelphia,PA,39.9008,-75.1675,Outdoor,Grass,30,2003
3,Sun,2020-09-27,1:00PM,cleveland_browns,"",washington_commanders,34,20,300,0,309,2020,cleveland_browns,FirstEnergy Stadium,cleveland_browns,Cleveland,OH,41.5061,-81.6995,Outdoor,Grass,577,1999
3,Sun,2020-09-27,1:00PM,pittsburgh_steelers,"",houston_texans,28,21,387,0,260,2020,pittsburgh_steelers,Acrisure Stadium,pittsburgh_steelers,Pittsburgh,PA,40.4468,-80.0158,Outdoor,Grass,730,2001
3,Sun,2020-09-27,1:00PM,tennessee_titans,@,minnesota_vikings,31,30,444,1,464,2020,minnesota_vikings,U.S. Bank Stadium,minnesota_vikings,Minneapolis,MN,44.974,-93.2581,Indoor,Turf,840,2016
3,Sun,2020-09-27,1:00PM,new_england_patriots,"",las_vegas_raiders,36,20,406,1,375,2020,new_england_patriots,Gillette Stadium,new_england_patriots,Foxborough,MA,42.0909,-71.2643,Outdoor,Turf,289,2002
3,Sun,2020-09-27,1:00PM,san_francisco_49ers,@,new_york_giants,36,9,420,0,231,2020,new_york_giants,MetLife Stadium,new_york_giants,East Rutherford,NJ,40.8136,-74.0744,Outdoor,Turf,3,2010
3,Sun,2020-09-27,4:05PM,carolina_panthers,@,los_angeles_chargers,21,16,302,0,436,2020,los_angeles_chargers,SoFi Stadium,los_angeles_chargers,Inglewood,CA,33.9535,-118.3392,Outdoor,Turf,100,2020
3,Sun,2020-09-27,4:05PM,indianapolis_colts,"",new_york_jets,36,7,353,0,260,2020,indianapolis_colts,Lucas Oil Stadium,indianapolis_colts,Indianapolis,IN,39.7601,-86.1639,Indoor,Turf,700,2008
3,Sun,2020-09-27,4:25PM,detroit_lions,@,arizona_cardinals,26,23,322,0,377,2020,arizona_cardinals,State Farm Stadium,arizona_cardinals,Glendale,AZ,33.5275,-112.2625,Indoor,Turf,1070,2006
3,Sun,2020-09-27,4:25PM,seattle_seahawks,"",dallas_cowboys,38,31,412,1,522,2020,seattle_seahawks,Lumen Field,seattle_seahawks,Seattle,WA,47.5952,-122.3316,Outdoor,Turf,20,2002
3,Sun,2020-09-27,4:25PM,tampa_bay_buccaneers,@,denver_broncos,28,10,353,0,226,2020,denver_broncos,Empower Field at Mile High,denver_broncos,Denver,CO,39.7439,-105.0201,Outdoor,Turf,5280,2001
3,Sun,2020-09-27,8:20PM,green_bay_packers,@,new_orleans_saints,37,30,369,0,397,2020,new_orleans_saints,Caesars Superdome,new_orleans_saints,New Orleans,LA,29.9509,-90.0815,Indoor,Turf,3,1975
3,Mon,2020-09-28,8:15PM,kansas_city_chiefs,@,baltimore_ravens,34,20,517,1,228,2020,baltimore_ravens,M&T Bank Stadium,baltimore_ravens,Baltimore,MD,39.2779,-76.6227,Outdoor,Grass,10,1998
4,Thu,2020-10-01,8:20PM,denver_broncos,@,new_york_jets,37,28,359,3,321,2020,new_york_jets,MetLife Stadium,new_york_jets,East Rutherford,NJ,40.8136,-74.0744,Outdoor,Turf,3,2010
4,Sun,2020-10-04,1:00PM,carolina_panthers,"",arizona_cardinals,31,21,444,1,262,2020,carolina_panthers,Bank of America Stadium,carolina_panthers,Charlotte,NC,35.2258,-80.8528,Outdoor,Grass,748,1996
4,Sun,2020-10-04,1:00PM,indianapolis_colts,@,chicago_bears,19,11,289,0,269,2020,chicago_bears,Soldier Field,chicago_bears,Chicago,IL,41.8623,-87.6167,Outdoor,Grass,595,1924
4,Sun,2020-10-04,1:00PM,cincinnati_bengals,"",jacksonville_jaguars,33,25,505,1,429,2020,cincinnati_bengals,Paycor Stadium,cincinnati_bengals,Cincinnati,OH,39.0954,-84.516,Outdoor,Turf,482,2000
4,Sun,2020-10-04,1:00PM,cleveland_browns,@,dallas_cowboys,49,38,508,0,566,2020,dallas_cowboys,AT&T Stadium,dallas_cowboys,Arlington,TX,32.7473,-97.0945,Indoor,Turf,639,2009
4,Sun,2020-10-04,1:00PM,new_orleans_saints,@,detroit_lions,35,29,392,1,281,2020,detroit_lions,Ford Field,detroit_lions,Detroit,MI,42.34,-83.0456,Indoor,Turf,600,2002
4,Sun,2020-10-04,1:00PM,minnesota_vikings,@,houston_texans,31,23,410,0,386,2020,houston_texans,NRG Stadium,houston_texans,Houston,TX,29.6847,-95.4107,Indoor,Turf,50,2002
4,Sun,2020-10-04,1:00PM,seattle_seahawks,@,miami_dolphins,31,23,441,1,415,2020,miami_dolphins,Hard Rock Stadium,miami_dolphins,Miami Gardens,FL,25.958,-80.238,Outdoor,Grass,7,1987
4,Sun,2020-10-04,1:00PM,baltimore_ravens,@,washington_commanders,31,17,350,2,343,2020,washington_commanders,FedExField,washington_commanders,Landover,MD,38.9078,-76.8645,Outdoor,Grass,300,1997
4,Sun,2020-10-04,1:00PM,tampa_bay_buccaneers,"",los_angeles_chargers,38,31,484,1,324,2020,tampa_bay_buccaneers,Raymond James Stadium,tampa_bay_buccaneers,Tampa,FL,27.9759,-82.5033,Outdoor,Grass,26,1998
4,Sun,2020-10-04,4:05PM,los_angeles_rams,"",new_york_giants,17,9,240,1,295,2020,los_angeles_rams,SoFi Stadium,los_angeles_rams,Inglewood,CA,33.9535,-118.3392,Outdoor,Turf,100,2020
4,Sun,2020-10-04,4:25PM,buffalo_bills,@,las_vegas_raiders,30,23,337,0,383,2020,las_vegas_raiders,Allegiant Stadium,las_vegas_raiders,Las Vegas,NV,36.0908,-115.183,Indoor,Turf,2001,2020
4,Sun,2020-10-04,8:20PM,philadelphia_eagles,@,san_francisco_49ers,25,20,267,1,417,2020,san_francisco_49ers,Levi's Stadium,san_francisco_49ers,Santa Clara,CA,37.403,-121.9692,Outdoor,Grass,13,2014
4,Mon,2020-10-05,7:05PM,kansas_city_chiefs,"",new_england_patriots,26,10,323,1,357,2020,kansas_city_chiefs,GEHA Field at Arrowhead Stadium,kansas_city_chiefs,Kansas City,MO,39.049,-94.4839,Outdoor,Grass,1020,1972
4,Mon,2020-10-05,8:15PM,green_bay_packers,"",atlanta_falcons,30,16,403,0,327,2020,green_bay_packers,Lambeau Field,green_bay_packers,Green Bay,WI,44.5013,-88.0622,Outdoor,Grass,640,1957
5,Thu,2020-10-08,8:20PM,chicago_bears,"",tampa_bay_buccaneers,20,19,243,1,339,2020,chicago_bears,Soldier Field,chicago_bears,Chicago,IL,41.8623,-87.6167,Outdoor,Grass,595,1924
5,Sun,2020-10-11,1:00PM,carolina_panthers,@,atlanta_falcons,23,16,437,0,373,2020,atlanta_falcons,Mercedes-Benz Stadium,atlanta_falcons,Atlanta,GA,33.755,-84.4008,Indoor,Turf,1050,2017
5,Sun,2020-10-11,1:00PM,baltimore_ravens,"",cincinnati_bengals,27,3,332,1,205,2020,baltimore_ravens,M&T Bank Stadium,baltimore_ravens,Baltimore,MD,39.2779,-76.6227,Outdoor,Grass,10,1998
5,Sun,2020-10-11,1:00PM,arizona_cardinals,@,new_york_jets,30,10,496,1,285,2020,new_york_jets,MetLife Stadium,new_york_jets,East Rutherford,NJ,40.8136,-74.0744,Outdoor,Turf,3,2010
5,Sun,2020-10-11,1:00PM,houston_texans,"",jacksonville_jaguars,30,14,486,2,364,2020,houston_texans,NRG Stadium,houston_texans,Houston,TX,29.6847,-95.4107,Indoor,Turf,50,2002
5,Sun,2020-10-11,1:00PM,las_vegas_raiders,@,kansas_city_chiefs,40,32,490,1,413,2020,kansas_city_chiefs,GEHA Field at Arrowhead Stadium,kansas_city_chiefs,Kansas City,MO,39.049,-94.4839,Outdoor,Grass,1020,1972
5,Sun,2020-10-11,1:00PM,pittsburgh_steelers,"",philadelphia_eagles,38,29,367,1,336,2020,pittsburgh_steelers,Acrisure Stadium,pittsburgh_steelers,Pittsburgh,PA,40.4468,-80.0158,Outdoor,Grass,730,2001
5,Sun,2020-10-11,1:00PM,los_angeles_rams,@,washington_commanders,30,10,429,1,108,2020,washington_commanders,FedExField,washington_commanders,Landover,MD,38.9078,-76.8645,Outdoor,Grass,300,1997
5,Sun,2020-10-11,4:05PM,miami_dolphins,@,san_francisco_49ers,43,17,436,0,259,2020,san_francisco_49ers,Levi's Stadium,san_francisco_49ers,Santa Clara,CA,37.403,-121.9692,Outdoor,Grass,13,2014
5,Sun,2020-10-11,4:25PM,cleveland_browns,"",indianapolis_colts,32,23,385,2,308,2020,cleveland_browns,FirstEnergy Stadium,cleveland_browns,Cleveland,OH,41.5061,-81.6995,Outdoor,Grass,577,1999
5,Sun,2020-10-11,4:25PM,dallas_cowboys,"",new_york_giants,37,34,402,2,300,2020,dallas_cowboys,AT&T Stadium,dallas_cowboys,Arlington,TX,32.7473,-97.0945,Indoor,Turf,639,2009
5,Sun,2020-10-11,8:20PM,seattle_seahawks,"",minnesota_vikings,27,26,314,1,449,2020,seattle_seahawks,Lumen Field,seattle_seahawks,Seattle,WA,47.5952,-122.3316,Outdoor,Turf,20,2002
5,Mon,2020-10-12,8:15PM,new_orleans_saints,"",los_angeles_chargers,30,27,408,1,350,2020,new_orleans_saints,Caesars Superdome,new_orleans_saints,New Orleans,LA,29.9509,-90.0815,Indoor,Turf,3,1975
5,Tue,2020-10-13,7:00PM,tennessee_titans,"",buffalo_bills,42,16,334,0,370,2020,tennessee_titans,Nissan Stadium,tennessee_titans,Nashville,TN,36.1665,-86.7713,Outdoor,Grass,476,1999
6,Sun,2020-10-18,1:00PM,denver_broncos,@,new_england_patriots,18,12,299,2,288,2020,new_england_patriots,Gillette Stadium,new_england_patriots,Foxborough,MA,42.0909,-71.2643,Outdoor,Turf,289,2002
6,Sun,2020-10-18,1:00PM,detroit_lions,@,jacksonville_jaguars,34,16,403,1,275,2020,jacksonville_jaguars,TIAA Bank Field,jacksonville_jaguars,Jacksonville,FL,30.3239,-81.6373,Outdoor,Grass,16,1995
6,Sun,2020-10-18,1:00PM,atlanta_falcons,@,minnesota_vikings,40,23,462,1,365,2020,minnesota_vikings,U.S. Bank Stadium,minnesota_vikings,Minneapolis,MN,44.974,-93.2581,Indoor,Turf,840,2016
6,Sun,2020-10-18,1:00PM,chicago_bears,@,carolina_panthers,23,16,261,1,303,2020,carolina_panthers,Bank of America Stadium,carolina_panthers,Charlotte,NC,35.2258,-80.8528,Outdoor,Grass,748,1996
6,Sun,2020-10-18,1:00PM,indianapolis_colts,"",cincinnati_bengals,31,27,430,2,398,2020,indianapolis_colts,Lucas Oil Stadium,indianapolis_colts,Indianapolis,IN,39.7601,-86.1639,Indoor,Turf,700,2008
6,Sun,2020-10-18,1:00PM,pittsburgh_steelers,"",cleveland_browns,38,7,277,0,220,2020,pittsburgh_steelers,Acrisure Stadium,pittsburgh_steelers,Pittsburgh,PA,40.4468,-80.0158,Outdoor,Grass,730,2001
6,Sun,2020-10-18,1:00PM,tennessee_titans,"",houston_texans,42,36,607,2,412,2020,tennessee_titans,Nissan Stadium,tennessee_titans,Nashville,TN,36.1665,-86.7713,Outdoor,Grass,476,1999
6,Sun,2020-10-18,1:00PM,new_york_giants,"",washington_commanders,20,19,240,1,337,2020,new_york_giants,MetLife Stadium,new_york_giants,East Rutherford,NJ,40.8136,-74.0744,Outdoor,Turf,3,2010
6,Sun,2020-10-18,1:00PM,baltimore_ravens,@,philadelphia_eagles,30,28,355,0,364,2020,philadelphia_eagles,Lincoln Financial Field,philadelphia_eagles,Philadelphia,PA,39.9008,-75.1675,Outdoor,Grass,30,2003
6,Sun,2020-10-18,4:05PM,miami_dolphins,"",new_york_jets,24,0,302,2,263,2020,miami_dolphins,Hard Rock Stadium,miami_dolphins,Miami Gardens,FL,25.958,-80.238,Outdoor,Grass,7,1987
6,Sun,2020-10-18,4:25PM,tampa_bay_buccaneers,"",green_bay_packers,38,10,324,0,201,2020,tampa_bay_buccaneers,Raymond James Stadium,tampa_bay_buccaneers,Tampa,FL,27.9759,-82.5033,Outdoor,Grass,26,1998
6,Sun,2020-10-18,8:20PM,san_francisco_49ers,"",los_angeles_rams,24,16,390,0,311,2020,san_francisco_49ers,Levi's Stadium,san_francisco_49ers,Santa Clara,CA,37.403,-121.9692,Outdoor,Grass,13,2014
6,Mon,2020-10-19,5:00PM,kansas_city_chiefs,@,buffalo_bills,26,17,466,1,206,2020,buffalo_bills,Highmark Stadium,buffalo_bills,Orchard Park,NY,42.7738,-78.7868,Outdoor,Grass,600,1973
6,Mon,2020-10-19,8:15PM,arizona_cardinals,@,dallas_cowboys,38,10,438,0,344,2020,dallas_cowboys,AT&T Stadium,dallas_cowboys,Arlington,TX,32.7473,-97.0945,Indoor,Turf,639,2009
7,Thu,2020-10-22,8:20PM,philadelphia_eagles,"",new_york_giants,22,21,442,1,325,2020,philadelphia_eagles,Lincoln Financial Field,philadelphia_eagles,Philadelphia,PA,39.9008,-75.1675,Outdoor,Grass,30,2003
7,Sun,2020-10-25,1:00PM,green_bay_packers,@,houston_texans,35,20,379,0,365,2020,houston_texans,NRG Stadium,houston_texans,Houston,TX,29.6847,-95.4107,Indoor,Turf,50,2002
7,Sun,2020-10-25,1:00PM,pittsburgh_steelers,@,tennessee_titans,27,24,362,3,292,2020,tennessee_titans,Nissan Stadium,tennessee_titans,Nashville,TN,36.1665,-86.7713,Outdoor,Grass,476,1999
7,Sun,2020-10-25,1:00PM,detroit_lions,@,atlanta_falcons,23,22,386,0,388,2020,atlanta_falcons,Mercedes-Benz Stadium,atlanta_falcons,Atlanta,GA,33.755,-84.4008,Indoor,Turf,1050,2017
7,Sun,2020-10-25,1:00PM,buffalo_bills,@,new_york_jets,18,10,422,1,191,2020,new_york_jets,MetLife Stadium,new_york_jets,East Rutherford,NJ,40.8136,-74.0744,Outdoor,Turf,3,2010
7,Sun,2020-10-25,1:00PM,new_orleans_saints,"",carolina_panthers,27,24,415,1,283,2020,new_orleans_saints,Caesars Superdome,new_orleans_saints,New Orleans,LA,29.9509,-90.0815,Indoor,Turf,3,1975
7,Sun,2020-10-25,1:00PM,cleveland_browns,@,cincinnati_bengals,37,34,398,1,468,2020,cincinnati_bengals,Paycor Stadium,cincinnati_bengals,Cincinnati,OH,39.0954,-84.516,Outdoor,Turf,482,2000
7,Sun,2020-10-25,1:00PM,washington_commanders,"",dallas_cowboys,25,3,397,0,142,2020,washington_commanders,FedExField,washington_commanders,Landover,MD,38.9078,-76.8645,Outdoor,Grass,300,1997
7,Sun,2020-10-25,4:05PM,tampa_bay_buccaneers,@,las_vegas_raiders,45,20,454,0,347,2020,las_vegas_raiders,Allegiant Stadium,las_vegas_raiders,Las Vegas,NV,36.0908,-115.183,Indoor,Turf,2001,2020
7,Sun,2020-10-25,4:25PM,kansas_city_chiefs,@,denver_broncos,43,16,286,1,411,2020,denver_broncos,Empower Field at Mile High,denver_broncos,Denver,CO,39.7439,-105.0201,Outdoor,Turf,5280,2001
7,Sun,2020-10-25,4:25PM,san_francisco_49ers,@,new_england_patriots,33,6,467,2,241,2020,new_england_patriots,Gillette Stadium,new_england_patriots,Foxborough,MA,42.0909,-71.2643,Outdoor,Turf,289,2002
7,Sun,2020-10-25,4:25PM,los_angeles_chargers,"",jacksonville_jaguars,39,29,484,0,294,2020,los_angeles_chargers,SoFi Stadium,los_angeles_chargers,Inglewood,CA,33.9535,-118.3392,Outdoor,Turf,100,2020
7,Sun,2020-10-25,8:20PM,arizona_cardinals,"",seattle_seahawks,37,34,519,2,572,2020,arizona_cardinals,State Farm Stadium,arizona_cardinals,Glendale,AZ,33.5275,-112.2625,Indoor,Turf,1070,2006
7,Mon,2020-10-26,8:15PM,los_angeles_rams,"",chicago_bears,24,10,371,1,279,2020,los_angeles_rams,SoFi Stadium,los_angeles_rams,Inglewood,CA,33.9535,-118.3392,Outdoor,Turf,100,2020
8,Thu,2020-10-29,8:20PM,atlanta_falcons,@,carolina_panthers,25,17,401,1,304,2020,carolina_panthers,Bank of America Stadium,carolina_panthers,Charlotte,NC,35.2258,-80.8528,Outdoor,Grass,748,1996
8,Sun,2020-11-01,1:00PM,indianapolis_colts,@,detroit_lions,41,21,366,0,326,2020,detroit_lions,Ford Field,detroit_lions,Detroit,MI,42.34,-83.0456,Indoor,Turf,600,2002
8,Sun,2020-11-01,1:00PM,minnesota_vikings,@,green_bay_packers,28,22,324,0,400,2020,green_bay_packers,Lambeau Field,green_bay_packers,Green Bay,WI,44.5013,-88.0622,Outdoor,Grass,640,1957
8,Sun,2020-11-01,1:00PM,miami_dolphins,"",los_angeles_rams,28,17,145,2,471,2020,miami_dolphins,Hard Rock Stadium,miami_dolphins,Miami Gardens,FL,25.958,-80.238,Outdoor,Grass,7,1987
8,Sun,2020-11-01,1:00PM,pittsburgh_steelers,@,baltimore_ravens,28,24,221,1,457,2020,baltimore_ravens,M&T Bank Stadium,baltimore_ravens,Baltimore,MD,39.2779,-76.6227,Outdoor,Grass,10,1998
8,Sun,2020-11-01,1:00PM,buffalo_bills,"",new_england_patriots,24,21,339,1,349,2020,buffalo_bills,Highmark Stadium,buffalo_bills,Orchard Park,NY,42.7738,-78.7868,Outdoor,Grass,600,1973
8,Sun,2020-11-01,1:00PM,cincinnati_bengals,"",tennessee_titans,31,20,367,0,441,2020,cincinnati_bengals,Paycor Stadium,cincinnati_bengals,Cincinnati,OH,39.0954,-84.516,Outdoor,Turf,482,2000
8,Sun,2020-11-01,1:00PM,las_vegas_raiders,@,cleveland_browns,16,6,309,0,223,2020,cleveland_browns,FirstEnergy Stadium,cleveland_browns,Cleveland,OH,41.5061,-81.6995,Outdoor,Grass,577,1999
8,Sun,2020-11-01,1:00PM,kansas_city_chiefs,"",new_york_jets,35,9,496,0,221,2020,kansas_city_chiefs,GEHA Field at Arrowhead Stadium,kansas_city_chiefs,Kansas City,MO,39.049,-94.4839,Outdoor,Grass,1020,1972
8,Sun,2020-11-01,4:05PM,denver_broncos,"",los_angeles_chargers,31,30,351,1,485,2020,denver_broncos,Empower Field at Mile High,denver_broncos,Denver,CO,39.7439,-105.0201,Outdoor,Turf,5280,2001
8,Sun,2020-11-01,4:25PM,seattle_seahawks,"",san_francisco_49ers,37,27,350,0,351,2020,seattle_seahawks,Lumen Field,seattle_seahawks,Seattle,WA,47.5952,-122.3316,Outdoor,Turf,20,2002
8,Sun,2020-11-01,4:25PM,new_orleans_saints,@,chicago_bears,26,23,394,0,329,2020,chicago_bears,Soldier Field,chicago_bears,Chicago,IL,41.8623,-87.6167,Outdoor,Grass,595,1924
8,Sun,2020-11-01,8:20PM,philadelphia_eagles,"",dallas_cowboys,23,9,222,4,265,2020,philadelphia_eagles,Lincoln Financial Field,philadelphia_eagles,Philadelphia,PA,39.9008,-75.1675,Outdoor,Grass,30,2003
8,Mon,2020-11-02,8:15PM,tampa_bay_buccaneers,@,new_york_giants,25,23,344,1,357,2020,new_york_giants,MetLife Stadium,new_york_giants,East Rutherford,NJ,40.8136,-74.0744,Outdoor,Turf,3,2010
9,Thu,2020-11-05,8:20PM,green_bay_packers,@,san_francisco_49ers,34,17,405,0,337,2020,san_francisco_49ers,Levi's Stadium,san_francisco_49ers,Santa Clara,CA,37.403,-121.9692,Outdoor,Grass,13,2014
9,Sun,2020-11-08,1:00PM,baltimore_ravens,@,indianapolis_colts,24,10,266,1,339,2020,indianapolis_colts,Lucas Oil Stadium,indianapolis_colts,Indianapolis,IN,39.7601,-86.1639,Indoor,Turf,700,2008
9,Sun,2020-11-08,1:00PM,minnesota_vikings,"",detroit_lions,34,20,487,0,421,2020,minnesota_vikings,U.S. Bank Stadium,minnesota_vikings,Minneapolis,MN,44.974,-93.2581,Indoor,Turf,840,2016
9,Sun,2020-11-08,1:00PM,houston_texans,@,jacksonville_jaguars,27,25,374,1,403,2020,jacksonville_jaguars,TIAA Bank Field,jacksonville_jaguars,Jacksonville,FL,30.3239,-81.6373,Outdoor,Grass,16,1995
9,Sun,2020-11-08,1:00PM,atlanta_falcons,"",denver_broncos,34,27,363,1,405,2020,atlanta_falcons,Mercedes-Benz Stadium,atlanta_falcons,Atlanta,GA,33.755,-84.4008,Indoor,Turf,1050,2017
9,Sun,2020-11-08,1:00PM,buffalo_bills,"",seattle_seahawks,44,34,420,0,419,2020,buffalo_bills,Highmark Stadium,buffalo_bills,Orchard Park,NY,42.7738,-78.7868,Outdoor,Grass,600,1973
9,Sun,2020-11-08,1:00PM,kansas_city_chiefs,"",carolina_panthers,33,31,397,1,435,2020,kansas_city_chiefs,GEHA Field at Arrowhead Stadium,kansas_city_chiefs,Kansas City,MO,39.049,-94.4839,Outdoor,Grass,1020,1972
9,Sun,2020-11-08,1:00PM,tennessee_titans,"",chicago_bears,24,17,228,0,375,2020,tennessee_titans,Nissan Stadium,tennessee_titans,Nashville,TN,36.1665,-86.7713,Outdoor,Grass,476,1999
9,Sun,2020-11-08,1:00PM,new_york_giants,@,washington_commanders,23,20,350,0,402,2020,washington_commanders,FedExField,washington_commanders,Landover,MD,38.9078,-76.8645,Outdoor,Grass,300,1997
9,Sun,2020-11-08,4:05PM,las_vegas_raiders,@,los_angeles_chargers,31,26,320,1,440,2020,los_angeles_chargers,SoFi Stadium,los_angeles_chargers,Inglewood,CA,33.9535,-118.3392,Outdoor,Turf,100,2020
9,Sun,2020-11-08,4:25PM,miami_dolphins,@,arizona_cardinals,34,31,312,0,442,2020,arizona_cardinals,State Farm Stadium,arizona_cardinals,Glendale,AZ,33.5275,-112.2625,Indoor,Turf,1070,2006
9,Sun,2020-11-08,4:25PM,pittsburgh_steelers,@,dallas_cowboys,24,19,355,0,364,2020,dallas_cowboys,AT&T Stadium,dallas_cowboys,Arlington,TX,32.7473,-97.0945,Indoor,Turf,639,2009
9,Sun,2020-11-08,8:20PM,new_orleans_saints,@,tampa_bay_buccaneers,38,3,420,2,194,2020,tampa_bay_buccaneers,Raymond James Stadium,tampa_bay_buccaneers,Tampa,FL,27.9759,-82.5033,Outdoor,Grass,26,1998
9,Mon,2020-11-09,8:15PM,new_england_patriots,@,new_york_jets,30,27,433,0,322,2020,new_york_jets,MetLife Stadium,new_york_jets,East Rutherford,NJ,40.8136,-74.0744,Outdoor,Turf,3,2010
10,Thu,2020-11-12,8:20PM,indianapolis_colts,@,tennessee_titans,34,17,430,0,294,2020,tennessee_titans,Nissan Stadium,tennessee_titans,Nashville,TN,36.1665,-86.7713,Outdoor,Grass,476,1999
10,Sun,2020-11-15,1:00PM,cleveland_browns,"",houston_texans,10,7,356,0,243,2020,cleveland_browns,FirstEnergy Stadium,cleveland_browns,Cleveland,OH,41.5061,-81.6995,Outdoor,Grass,577,1999
10,Sun,2020-11-15,1:00PM,detroit_lions,"",washington_commanders,30,27,372,0,464,2020,detroit_lions,Ford Field,detroit_lions,Detroit,MI,42.34,-83.0456,Indoor,Turf,600,2002
10,Sun,2020-11-15,1:00PM,green_bay_packers,"",jacksonville_jaguars,24,20,395,2,260,2020,green_bay_packers,Lambeau Field,green_bay_packers,Green Bay,WI,44.5013,-88.0622,Outdoor,Grass,640,1957
10,Sun,2020-11-15,1:00PM,tampa_bay_buccaneers,@,carolina_panthers,46,23,544,1,187,2020,carolina_panthers,Bank of America Stadium,carolina_panthers,Charlotte,NC,35.2258,-80.8528,Outdoor,Grass,748,1996
10,Sun,2020-11-15,1:00PM,new_york_giants,"",philadelphia_eagles,27,17,382,0,346,2020,new_york_giants,MetLife Stadium,new_york_giants,East Rutherford,NJ,40.8136,-74.0744,Outdoor,Turf,3,2010
10,Sun,2020-11-15,4:05PM,las_vegas_raiders,"",denver_broncos,37,12,357,0,313,2020,las_vegas_raiders,Allegiant Stadium,las_vegas_raiders,Las Vegas,NV,36.0908,-115.183,Indoor,Turf,2001,2020
10,Sun,2020-11-15,4:05PM,miami_dolphins,"",los_angeles_chargers,29,21,280,1,273,2020,miami_dolphins,Hard Rock Stadium,miami_dolphins,Miami Gardens,FL,25.958,-80.238,Outdoor,Grass,7,1987
10,Sun,2020-11-15,4:05PM,arizona_cardinals,"",buffalo_bills,32,30,453,2,369,2020,arizona_cardinals,State Farm Stadium,arizona_cardinals,Glendale,AZ,33.5275,-112.2625,Indoor,Turf,1070,2006
10,Sun,2020-11-15,4:25PM,pittsburgh_steelers,"",cincinnati_bengals,36,10,377,0,324,2020,pittsburgh_steelers,Acrisure Stadium,pittsburgh_steelers,Pittsburgh,PA,40.4468,-80.0158,Outdoor,Grass,730,2001
10,Sun,2020-11-15,4:25PM,new_orleans_saints,"",san_francisco_49ers,27,13,237,2,281,2020,new_orleans_saints,Caesars Superdome,new_orleans_saints,New Orleans,LA,29.9509,-90.0815,Indoor,Turf,3,1975
10,Sun,2020-11-15,4:25PM,los_angeles_rams,"",seattle_seahawks,23,16,389,1,333,2020,los_angeles_rams,SoFi Stadium,los_angeles_rams,Inglewood,CA,33.9535,-118.3392,Outdoor,Turf,100,2020
10,Sun,2020-11-15,8:20PM,new_england_patriots,"",baltimore_ravens,23,17,308,0,357,2020,new_england_patriots,Gillette Stadium,new_england_patriots,Foxborough,MA,42.0909,-71.2643,Outdoor,Turf,289,2002
10,Mon,2020-11-16,8:15PM,minnesota_vikings,@,chicago_bears,19,13,385,2,149,2020,chicago_bears,Soldier Field,chicago_bears,Chicago,IL,41.8623,-87.6167,Outdoor,Grass,595,1924
11,Thu,2020-11-19,8:20PM,seattle_seahawks,"",arizona_cardinals,28,21,347,0,314,2020,seattle_seahawks,Lumen Field,seattle_seahawks,Seattle,WA,47.5952,-122.3316,Outdoor,Turf,20,2002
11,Sun,2020-11-22,1:00PM,new_orleans_saints,"",atlanta_falcons,24,9,376,1,248,2020,new_orleans_saints,Caesars Superdome,new_orleans_saints,New Orleans,LA,29.9509,-90.0815,Indoor,Turf,3,1975
11,Sun,2020-11-22,1:00PM,washington_commanders,"",cincinnati_bengals,20,9,325,1,272,2020,washington_commanders,FedExField,washington_commanders,Landover,MD,38.9078,-76.8645,Outdoor,Grass,300,1997
11,Sun,2020-11-22,1:00PM,cleveland_browns,"",philadelphia_eagles,22,17,324,1,315,2020,cleveland_browns,FirstEnergy Stadium,cleveland_browns,Cleveland,OH,41.5061,-81.6995,Outdoor,Grass,577,1999
11,Sun,2020-11-22,1:00PM,houston_texans,"",new_england_patriots,27,20,399,0,435,2020,houston_texans,NRG Stadium,houston_texans,Houston,TX,29.6847,-95.4107,Indoor,Turf,50,2002
11,Sun,2020-11-22,1:00PM,pittsburgh_steelers,@,jacksonville_jaguars,27,3,373,1,206,2020,jacksonville_jaguars,TIAA Bank Field,jacksonville_jaguars,Jacksonville,FL,30.3239,-81.6373,Outdoor,Grass,16,1995
11,Sun,2020-11-22,1:00PM,tennessee_titans,@,baltimore_ravens,30,24,423,1,306,2020,baltimore_ravens,M&T Bank Stadium,baltimore_ravens,Baltimore,MD,39.2779,-76.6227,Outdoor,Grass,10,1998
11,Sun,2020-11-22,1:00PM,carolina_panthers,"",detroit_lions,20,0,374,2,185,2020,carolina_panthers,Bank of America Stadium,carolina_panthers,Charlotte,NC,35.2258,-80.8528,Outdoor,Grass,748,1996
11,Sun,2020-11-22,4:05PM,denver_broncos,"",miami_dolphins,20,13,459,2,223,2020,denver_broncos,Empower Field at Mile High,denver_broncos,Denver,CO,39.7439,-105.0201,Outdoor,Turf,5280,2001
11,Sun,2020-11-22,4:05PM,los_angeles_chargers,"",new_york_jets,34,28,376,1,292,2020,los_angeles_chargers,SoFi Stadium,los_angeles_chargers,Inglewood,CA,33.9535,-118.3392,Outdoor,Turf,100,2020
11,Sun,2020-11-22,4:25PM,indianapolis_colts,"",green_bay_packers,34,31,420,2,367,2020,indianapolis_colts,Lucas Oil Stadium,indianapolis_colts,Indianapolis,IN,39.7601,-86.1639,Indoor,Turf,700,2008
11,Sun,2020-11-22,4:25PM,dallas_cowboys,@,minnesota_vikings,31,28,376,1,430,2020,minnesota_vikings,U.S. Bank Stadium,minnesota_vikings,Minneapolis,MN,44.974,-93.2581,Indoor,Turf,840,2016
11,Sun,2020-11-22,8:20PM,kansas_city_chiefs,@,las_vegas_raiders,35,31,460,1,364,2020,las_vegas_raiders,Allegiant Stadium,las_vegas_raiders,Las Vegas,NV,36.0908,-115.183,Indoor,Turf,2001,2020
11,Mon,2020-11-23,8:15PM,los_angeles_rams,@,tampa_bay_buccaneers,27,24,413,2,251,2020,tampa_bay_buccaneers,Raymond James Stadium,tampa_bay_buccaneers,Tampa,FL,27.9759,-82.5033,Outdoor,Grass,26,1998
12,Thu,2020-11-26,12:30PM,houston_texans,@,detroit_lions,41,25,384,1,388,2020,detroit_lions,Ford Field,detroit_lions,Detroit,MI,42.34,-83.0456,Indoor,Turf,600,2002
12,Thu,2020-11-26,4:30PM,washington_commanders,@,dallas_cowboys,41,16,338,1,247,2020,dallas_cowboys,AT&T Stadium,dallas_cowboys,Arlington,TX,32.7473,-97.0945,Indoor,Turf,639,2009
12,Sun,2020-11-29,1:00PM,atlanta_falcons,"",las_vegas_raiders,43,6,304,1,243,2020,atlanta_falcons,Mercedes-Benz Stadium,atlanta_falcons,Atlanta,GA,33.755,-84.4008,Indoor,Turf,1050,2017
12,Sun,2020-11-29,1:00PM,buffalo_bills,"",los_angeles_chargers,27,17,332,3,367,2020,buffalo_bills,Highmark Stadium,buffalo_bills,Orchard Park,NY,42.7738,-78.7868,Outdoor,Grass,600,1973
12,Sun,2020-11-29,1:00PM,new_york_giants,@,cincinnati_bengals,19,17,386,1,155,2020,cincinnati_bengals,Paycor Stadium,cincinnati_bengals,Cincinnati,OH,39.0954,-84.516,Outdoor,Turf,482,2000
12,Sun,2020-11-29,1:00PM,cleveland_browns,@,jacksonville_jaguars,27,25,459,1,375,2020,jacksonville_jaguars,TIAA Bank Field,jacksonville_jaguars,Jacksonville,FL,30.3239,-81.6373,Outdoor,Grass,16,1995
12,Sun,2020-11-29,1:00PM,tennessee_titans,@,indianapolis_colts,45,26,449,0,336,2020,indianapolis_colts,Lucas Oil Stadium,indianapolis_colts,Indianapolis,IN,39.7601,-86.1639,Indoor,Turf,700,2008
12,Sun,2020-11-29,1:00PM,new_england_patriots,"",arizona_cardinals,20,17,179,2,298,2020,new_england_patriots,Gillette Stadium,new_england_patriots,Foxborough,MA,42.0909,-71.2643,Outdoor,Turf,289,2002
12,Sun,2020-11-29,1:00PM,miami_dolphins,@,new_york_jets,20,3,345,2,260,2020,new_york_jets,MetLife Stadium,new_york_jets,East Rutherford,NJ,40.8136,-74.0744,Outdoor,Turf,3,2010
12,Sun,2020-11-29,1:00PM,minnesota_vikings,"",carolina_panthers,28,27,387,3,374,2020,minnesota_vikings,U.S. Bank Stadium,minnesota_vikings,Minneapolis,MN,44.974,-93.2581,Indoor,Turf,840,2016
12,Sun,2020-11-29,4:05PM,new_orleans_saints,@,denver_broncos,31,3,292,1,112,2020,denver_broncos,Empower Field at Mile High,denver_broncos,Denver,CO,39.7439,-105.0201,Outdoor,Turf,5280,2001
12,Sun,2020-11-29,4:05PM,san_francisco_49ers,@,los_angeles_rams,23,20,345,3,308,2020,los_angeles_rams,SoFi Stadium,los_angeles_rams,Inglewood,CA,33.9535,-118.3392,Outdoor,Turf,100,2020
12,Sun,2020-11-29,4:25PM,kansas_city_chiefs,@,tampa_bay_buccaneers,27,24,543,1,417,2020,tampa_bay_buccaneers,Raymond James Stadium,tampa_bay_buccaneers,Tampa,FL,27.9759,-82.5033,Outdoor,Grass,26,1998
12,Sun,2020-11-29,8:20PM,green_bay_packers,"",chicago_bears,41,25,393,0,350,2020,green_bay_packers,Lambeau Field,green_bay_packers,Green Bay,WI,44.5013,-88.0622,Outdoor,Grass,640,1957
12,Mon,2020-11-30,8:15PM,seattle_seahawks,@,philadelphia_eagles,23,17,301,0,250,2020,philadelphia_eagles,Lincoln Financial Field,philadelphia_eagles,Philadelphia,PA,39.9008,-75.1675,Outdoor,Grass,30,2003
12,Wed,2020-12-02,3:40PM,pittsburgh_steelers,"",baltimore_ravens,19,14,334,2,219,2020,pittsburgh_steelers,Acrisure Stadium,pittsburgh_steelers,Pittsburgh,PA,40.4468,-80.0158,Outdoor,Grass,730,2001
13,Sun,2020-12-06,1:00PM,new_orleans_saints,@,atlanta_falcons,21,16,424,1,332,2020,atlanta_falcons,Mercedes-Benz Stadium,atlanta_falcons,Atlanta,GA,33.755,-84.4008,Indoor,Turf,1050,2017
13,Sun,2020-12-06,1:00PM,detroit_lions,@,chicago_bears,34,30,460,1,389,2020,chicago_bears,Soldier Field,chicago_bears,Chicago,IL,41.8623,-87.6167,Outdoor,Grass,595,1924
13,Sun,2020-12-06,1:00PM,miami_dolphins,"",cincinnati_bengals,19,7,406,1,196,2020,miami_dolphins,Hard Rock Stadium,miami_dolphins,Miami Gardens,FL,25.958,-80.238,Outdoor,Grass,7,1987
13,Sun,2020-12-06,1:00PM,cleveland_browns,@,tennessee_titans,41,35,458,1,431,2020,tennessee_titans,Nissan Stadium,tennessee_titans,Nashville,TN,36.1665,-86.7713,Outdoor,Grass,476,1999
13,Sun,2020-12-06,1:00PM,indianapolis_colts,@,houston_texans,26,20,371,0,398,2020,houston_texans,NRG Stadium,houston_texans,Houston,TX,29.6847,-95.4107,Indoor,Turf,50,2002
13,Sun,2020-12-06,1:00PM,minnesota_vikings,"",jacksonville_jaguars,27,24,420,2,390,2020,minnesota_vikings,U.S. Bank Stadium,minnesota_vikings,Minneapolis,MN,44.974,-93.2581,Indoor,Turf,840,2016
13,Sun,2020-12-06,1:00PM,las_vegas_raiders,@,new_york_jets,31,28,440,2,376,2020,new_york_jets,MetLife Stadium,new_york_jets,East Rutherford,NJ,40.8136,-74.0744,Outdoor,Turf,3,2010
13,Sun,2020-12-06,4:05PM,los_angeles_rams,@,arizona_cardinals,38,28,463,1,232,2020,arizona_cardinals,State Farm Stadium,arizona_cardinals,Glendale,AZ,33.5275,-112.2625,Indoor,Turf,1070,2006
13,Sun,2020-12-06,4:05PM,new_york_giants,@,seattle_seahawks,17,12,290,1,327,2020,seattle_seahawks,Lumen Field,seattle_seahawks,Seattle,WA,47.5952,-122.3316,Outdoor,Turf,20,2002
13,Sun,2020-12-06,4:25PM,green_bay_packers,"",philadelphia_eagles,30,16,437,0,278,2020,green_bay_packers,Lambeau Field,green_bay_packers,Green Bay,WI,44.5013,-88.0622,Outdoor,Grass,640,1957
13,Sun,2020-12-06,4:25PM,new_england_patriots,@,los_angeles_chargers,45,0,291,0,258,2020,los_angeles_chargers,SoFi Stadium,los_angeles_chargers,Inglewood,CA,33.9535,-118.3392,Outdoor,Turf,100,2020
13,Sun,2020-12-06,8:20PM,kansas_city_chiefs,"",denver_broncos,22,16,447,0,330,2020,kansas_city_chiefs,GEHA Field at Arrowhead Stadium,kansas_city_chiefs,Kansas City,MO,39.049,-94.4839,Outdoor,Grass,1020,1972
13,Mon,2020-12-07,5:00PM,washington_commanders,@,pittsburgh_steelers,23,17,318,0,326,2020,pittsburgh_steelers,Acrisure Stadium,pittsburgh_steelers,Pittsburgh,PA,40.4468,-80.0158,Outdoor,Grass,730,2001
13,Mon,2020-12-07,8:15PM,buffalo_bills,@,san_francisco_49ers,34,24,449,1,402,2020,san_francisco_49ers,Levi's Stadium,san_francisco_49ers,Santa Clara,CA,37.403,-121.9692,Outdoor,Grass,13,2014
13,Tue,2020-12-08,8:05PM,baltimore_ravens,"",dallas_cowboys,34,17,401,1,388,2020,baltimore_ravens,M&T Bank Stadium,baltimore_ravens,Baltimore,MD,39.2779,-76.6227,Outdoor,Grass,10,1998
14,Thu,2020-12-10,8:20PM,los_angeles_rams,"",new_england_patriots,24,3,318,1,220,2020,los_angeles_rams,SoFi Stadium,los_angeles_rams,Inglewood,CA,33.9535,-118.3392,Outdoor,Turf,100,2020
14,Sun,2020-12-13,1:00PM,denver_broncos,@,carolina_panthers,32,27,365,1,370,2020,carolina_panthers,Bank of America Stadium,carolina_panthers,Charlotte,NC,35.2258,-80.8528,Outdoor,Grass,748,1996
14,Sun,2020-12-13,1:00PM,chicago_bears,"",houston_texans,36,7,410,0,263,2020,chicago_bears,Soldier Field,chicago_bears,Chicago,IL,41.8623,-87.6167,Outdoor,Grass,595,1924
14,Sun,2020-12-13,1:00PM,dallas_cowboys,@,cincinnati_bengals,30,7,272,0,309,2020,cincinnati_bengals,Paycor Stadium,cincinnati_bengals,Cincinnati,OH,39.0954,-84.516,Outdoor,Turf,482,2000
14,Sun,2020-12-13,1:00PM,arizona_cardinals,@,new_york_giants,26,7,390,0,159,2020,new_york_giants,MetLife Stadium,new_york_giants,East Rutherford,NJ,40.8136,-74.0744,Outdoor,Turf,3,2010
14,Sun,2020-12-13,1:00PM,tennessee_titans,@,jacksonville_jaguars,31,10,454,1,354,2020,jacksonville_jaguars,TIAA Bank Field,jacksonville_jaguars,Jacksonville,FL,30.3239,-81.6373,Outdoor,Grass,16,1995
14,Sun,2020-12-13,1:00PM,kansas_city_chiefs,@,miami_dolphins,33,27,448,4,367,2020,miami_dolphins,Hard Rock Stadium,miami_dolphins,Miami Gardens,FL,25.958,-80.238,Outdoor,Grass,7,1987
14,Sun,2020-12-13,1:00PM,tampa_bay_buccaneers,"",minnesota_vikings,26,14,303,0,335,2020,tampa_bay_buccaneers,Raymond James Stadium,tampa_bay_buccaneers,Tampa,FL,27.9759,-82.5033,Outdoor,Grass,26,1998
14,Sun,2020-12-13,4:05PM,indianapolis_colts,@,las_vegas_raiders,44,27,456,0,424,2020,las_vegas_raiders,Allegiant Stadium,las_vegas_raiders,Las Vegas,NV,36.0908,-115.183,Indoor,Turf,2001,2020
14,Sun,2020-12-13,4:05PM,seattle_seahawks,"",new_york_jets,40,3,410,1,185,2020,seattle_seahawks,Lumen Field,seattle_seahawks,Seattle,WA,47.5952,-122.3316,Outdoor,Turf,20,2002
14,Sun,2020-12-13,4:25PM,los_angeles_chargers,"",atlanta_falcons,20,17,345,1,319,2020,los_angeles_chargers,SoFi Stadium,los_angeles_chargers,Inglewood,CA,33.9535,-118.3392,Outdoor,Turf,100,2020
14,Sun,2020-12-13,4:25PM,green_bay_packers,@,detroit_lions,31,24,410,0,293,2020,detroit_lions,Ford Field,detroit_lions,Detroit,MI,42.34,-83.0456,Indoor,Turf,600,2002
14,Sun,2020-12-13,4:25PM,philadelphia_eagles,"",new_orleans_saints,24,21,413,1,358,2020,philadelphia_eagles,Lincoln Financial Field,philadelphia_eagles,Philadelphia,PA,39.9008,-75.1675,Outdoor,Grass,30,2003
14,Sun,2020-12-13,4:25PM,washington_commanders,@,san_francisco_49ers,23,15,193,1,344,2020,san_francisco_49ers,Levi's Stadium,san_francisco_49ers,Santa Clara,CA,37.403,-121.9692,Outdoor,Grass,13,2014
14,Sun,2020-12-13,8:20PM,buffalo_bills,"",pittsburgh_steelers,26,15,334,2,224,2020,buffalo_bills,Highmark Stadium,buffalo_bills,Orchard Park,NY,42.7738,-78.7868,Outdoor,Grass,600,1973
14,Mon,2020-12-14,8:15PM,baltimore_ravens,@,cleveland_browns,47,42,385,0,493,2020,cleveland_browns,FirstEnergy Stadium,cleveland_browns,Cleveland,OH,41.5061,-81.6995,Outdoor,Grass,577,1999
15,Thu,2020-12-17,8:20PM,los_angeles_chargers,@,las_vegas_raiders,30,27,402,0,449,2020,las_vegas_raiders,Allegiant Stadium,las_vegas_raiders,Las Vegas,NV,36.0908,-115.183,Indoor,Turf,2001,2020
15,Sat,2020-12-19,4:30PM,buffalo_bills,@,denver_broncos,48,19,534,1,255,2020,denver_broncos,Empower Field at Mile High,denver_broncos,Denver,CO,39.7439,-105.0201,Outdoor,Turf,5280,2001
15,Sat,2020-12-19,8:15PM,green_bay_packers,"",carolina_panthers,24,16,291,0,364,2020,green_bay_packers,Lambeau Field,green_bay_packers,Green Bay,WI,44.5013,-88.0622,Outdoor,Grass,640,1957
15,Sun,2020-12-20,1:00PM,tampa_bay_buccaneers,@,atlanta_falcons,31,27,416,0,369,2020,atlanta_falcons,Mercedes-Benz Stadium,atlanta_falcons,Atlanta,GA,33.755,-84.4008,Indoor,Turf,1050,2017
15,Sun,2020-12-20,1:00PM,chicago_bears,@,minnesota_vikings,33,27,397,1,407,2020,minnesota_vikings,U.S. Bank Stadium,minnesota_vikings,Minneapolis,MN,44.974,-93.2581,Indoor,Turf,840,2016
15,Sun,2020-12-20,1:00PM,indianapolis_colts,"",houston_texans,27,20,350,0,425,2020,indianapolis_colts,Lucas Oil Stadium,indianapolis_colts,Indianapolis,IN,39.7601,-86.1639,Indoor,Turf,700,2008
15,Sun,2020-12-20,1:00PM,dallas_cowboys,"",san_francisco_49ers,41,33,291,0,458,2020,dallas_cowboys,AT&T Stadium,dallas_cowboys,Arlington,TX,32.7473,-97.0945,Indoor,Turf,639,2009
15,Sun,2020-12-20,1:00PM,tennessee_titans,"",detroit_lions,46,25,463,0,430,2020,tennessee_titans,Nissan Stadium,tennessee_titans,Nashville,TN,36.1665,-86.7713,Outdoor,Grass,476,1999
15,Sun,2020-12-20,1:00PM,baltimore_ravens,"",jacksonville_jaguars,40,14,409,1,267,2020,baltimore_ravens,M&T Bank Stadium,baltimore_ravens,Baltimore,MD,39.2779,-76.6227,Outdoor,Grass,10,1998
15,Sun,2020-12-20,1:00PM,miami_dolphins,"",new_england_patriots,22,12,383,1,303,2020,miami_dolphins,Hard Rock Stadium,miami_dolphins,Miami Gardens,FL,25.958,-80.238,Outdoor,Grass,7,1987
15,Sun,2020-12-20,1:00PM,seattle_seahawks,@,washington_commanders,20,15,302,1,353,2020,washington_commanders,FedExField,washington_commanders,Landover,MD,38.9078,-76.8645,Outdoor,Grass,300,1997
15,Sun,2020-12-20,4:05PM,arizona_cardinals,"",philadelphia_eagles,33,26,526,3,422,2020,arizona_cardinals,State Farm Stadium,arizona_cardinals,Glendale,AZ,33.5275,-112.2625,Indoor,Turf,1070,2006
15,Sun,2020-12-20,4:05PM,new_york_jets,@,los_angeles_rams,23,20,289,0,303,2020,los_angeles_rams,SoFi Stadium,los_angeles_rams,Inglewood,CA,33.9535,-118.3392,Outdoor,Turf,100,2020
15,Sun,2020-12-20,4:25PM,kansas_city_chiefs,@,new_orleans_saints,32,29,411,1,285,2020,new_orleans_saints,Caesars Superdome,new_orleans_saints,New Orleans,LA,29.9509,-90.0815,Indoor,Turf,3,1975
15,Sun,2020-12-20,8:20PM,cleveland_browns,@,new_york_giants,20,6,392,0,288,2020,new_york_giants,MetLife Stadium,new_york_giants,East Rutherford,NJ,40.8136,-74.0744,Outdoor,Turf,3,2010
15,Mon,2020-12-21,8:15PM,cincinnati_bengals,"",pittsburgh_steelers,27,17,230,0,244,2020,cincinnati_bengals,Paycor Stadium,cincinnati_bengals,Cincinnati,OH,39.0954,-84.516,Outdoor,Turf,482,2000
16,Fri,2020-12-25,4:30PM,new_orleans_saints,"",minnesota_vikings,52,33,583,2,364,2020,new_orleans_saints,Caesars Superdome,new_orleans_saints,New Orleans,LA,29.9509,-90.0815,Indoor,Turf,3,1975
16,Sat,2020-12-26,1:00PM,tampa_bay_buccaneers,@,detroit_lions,47,7,588,0,186,2020,detroit_lions,Ford Field,detroit_lions,Detroit,MI,42.34,-83.0456,Indoor,Turf,600,2002
16,Sat,2020-12-26,4:30PM,san_francisco_49ers,@,arizona_cardinals,20,12,398,1,350,2020,arizona_cardinals,State Farm Stadium,arizona_cardinals,Glendale,AZ,33.5275,-112.2625,Indoor,Turf,1070,2006
16,Sat,2020-12-26,8:15PM,miami_dolphins,@,las_vegas_raiders,26,25,383,0,418,2020,las_vegas_raiders,Allegiant Stadium,las_vegas_raiders,Las Vegas,NV,36.0908,-115.183,Indoor,Turf,2001,2020
16,Sun,2020-12-27,1:00PM,kansas_city_chiefs,"",atlanta_falcons,17,14,395,2,367,2020,kansas_city_chiefs,GEHA Field at Arrowhead Stadium,kansas_city_chiefs,Kansas City,MO,39.049,-94.4839,Outdoor,Grass,1020,1972
16,Sun,2020-12-27,1:00PM,chicago_bears,@,jacksonville_jaguars,41,17,391,1,279,2020,jacksonville_jaguars,TIAA Bank Field,jacksonville_jaguars,Jacksonville,FL,30.3239,-81.6373,Outdoor,Grass,16,1995
16,Sun,2020-12-27,1:00PM,cincinnati_bengals,@,houston_texans,37,31,540,0,488,2020,houston_texans,NRG Stadium,houston_texans,Houston,TX,29.6847,-95.4107,Indoor,Turf,50,2002
16,Sun,2020-12-27,1:00PM,new_york_jets,"",cleveland_browns,23,16,333,0,299,2020,new_york_jets,MetLife Stadium,new_york_jets,East Rutherford,NJ,40.8136,-74.0744,Outdoor,Turf,3,2010
16,Sun,2020-12-27,1:00PM,pittsburgh_steelers,"",indianapolis_colts,28,24,354,0,365,2020,pittsburgh_steelers,Acrisure Stadium,pittsburgh_steelers,Pittsburgh,PA,40.4468,-80.0158,Outdoor,Grass,730,2001
16,Sun,2020-12-27,1:00PM,baltimore_ravens,"",new_york_giants,27,13,432,1,269,2020,baltimore_ravens,M&T Bank Stadium,baltimore_ravens,Baltimore,MD,39.2779,-76.6227,Outdoor,Grass,10,1998
16,Sun,2020-12-27,4:05PM,carolina_panthers,@,washington_commanders,20,13,280,2,386,2020,washington_commanders,FedExField,washington_commanders,Landover,MD,38.9078,-76.8645,Outdoor,Grass,300,1997
16,Sun,2020-12-27,4:05PM,los_angeles_chargers,"",denver_broncos,19,16,316,0,396,2020,los_angeles_chargers,SoFi Stadium,los_angeles_chargers,Inglewood,CA,33.9535,-118.3392,Outdoor,Turf,100,2020
16,Sun,2020-12-27,4:25PM,dallas_cowboys,"",philadelphia_eagles,37,17,513,1,477,2020,dallas_cowboys,AT&T Stadium,dallas_cowboys,Arlington,TX,32.7473,-97.0945,Indoor,Turf,639,2009
16,Sun,2020-12-27,4:25PM,seattle_seahawks,"",los_angeles_rams,20,9,292,0,334,2020,seattle_seahawks,Lumen Field,seattle_seahawks,Seattle,WA,47.5952,-122.3316,Outdoor,Turf,20,2002
16,Sun,2020-12-27,8:20PM,green_bay_packers,"",tennessee_titans,40,14,448,1,260,2020,green_bay_packers,Lambeau Field,green_bay_packers,Green Bay,WI,44.5013,-88.0622,Outdoor,Grass,640,1957
16,Mon,2020-12-28,8:15PM,buffalo_bills,@,new_england_patriots,38,9,474,0,201,2020,new_england_patriots,Gillette Stadium,new_england_patriots,Foxborough,MA,42.0909,-71.2643,Outdoor,Turf,289,2002
17,Sun,2021-01-03,1:00PM,tampa_bay_buccaneers,"",atlanta_falcons,44,27,485,1,385,2021,tampa_bay_buccaneers,Raymond James Stadium,tampa_bay_buccaneers,Tampa,FL,27.9759,-82.5033,Outdoor,Grass,26,1998
17,Sun,2021-01-03,1:00PM,buffalo_bills,"",miami_dolphins,56,26,455,2,454,2021,buffalo_bills,Highmark Stadium,buffalo_bills,Orchard Park,NY,42.7738,-78.7868,Outdoor,Grass,600,1973
17,Sun,2021-01-03,1:00PM,baltimore_ravens,@,cincinnati_bengals,38,3,525,1,195,2021,cincinnati_bengals,Paycor Stadium,cincinnati_bengals,Cincinnati,OH,39.0954,-84.516,Outdoor,Turf,482,2000
17,Sun,2021-01-03,1:00PM,cleveland_browns,"",pittsburgh_steelers,24,22,358,0,394,2021,cleveland_browns,FirstEnergy Stadium,cleveland_browns,Cleveland,OH,41.5061,-81.6995,Outdoor,Grass,577,1999
17,Sun,2021-01-03,1:00PM,new_york_giants,"",dallas_cowboys,23,19,336,2,307,2021,new_york_giants,MetLife Stadium,new_york_giants,East Rutherford,NJ,40.8136,-74.0744,Outdoor,Turf,3,2010
17,Sun,2021-01-03,1:00PM,minnesota_vikings,@,detroit_lions,37,35,508,0,417,2021,detroit_lions,Ford Field,detroit_lions,Detroit,MI,42.34,-83.0456,Indoor,Turf,600,2002
17,Sun,2021-01-03,1:00PM,new_england_patriots,"",new_york_jets,28,14,404,0,350,2021,new_england_patriots,Gillette Stadium,new_england_patriots,Foxborough,MA,42.0909,-71.2643,Outdoor,Turf,289,2002
17,Sun,2021-01-03,4:25PM,new_orleans_saints,@,carolina_panthers,33,7,347,0,320,2021,carolina_panthers,Bank of America Stadium,carolina_panthers,Charlotte,NC,35.2258,-80.8528,Outdoor,Grass,748,1996
17,Sun,2021-01-03,4:25PM,green_bay_packers,@,chicago_bears,35,16,316,1,356,2021,chicago_bears,Soldier Field,chicago_bears,Chicago,IL,41.8623,-87.6167,Outdoor,Grass,595,1924
17,Sun,2021-01-03,4:25PM,indianapolis_colts,"",jacksonville_jaguars,28,14,437,1,283,2021,indianapolis_colts,Lucas Oil Stadium,indianapolis_colts,Indianapolis,IN,39.7601,-86.1639,Indoor,Turf,700,2008
17,Sun,2021-01-03,4:25PM,los_angeles_rams,"",arizona_cardinals,18,7,333,2,214,2021,los_angeles_rams,SoFi Stadium,los_angeles_rams,Inglewood,CA,33.9535,-118.3392,Outdoor,Turf,100,2020
17,Sun,2021-01-03,4:25PM,las_vegas_raiders,@,denver_broncos,32,31,465,4,446,2021,denver_broncos,Empower Field at Mile High,denver_broncos,Denver,CO,39.7439,-105.0201,Outdoor,Turf,5280,2001
17,Sun,2021-01-03,4:25PM,tennessee_titans,@,houston_texans,41,38,492,1,457,2021,houston_texans,NRG Stadium,houston_texans,Houston,TX,29.6847,-95.4107,Indoor,Turf,50,2002
17,Sun,2021-01-03,4:25PM,los_angeles_chargers,@,kansas_city_chiefs,38,21,416,0,268,2021,kansas_city_chiefs,GEHA Field at Arrowhead Stadium,kansas_city_chiefs,Kansas City,MO,39.049,-94.4839,Outdoor,Grass,1020,1972
17,Sun,2021-01-03,4:25PM,seattle_seahawks,@,san_francisco_49ers,26,23,280,0,328,2021,san_francisco_49ers,Levi's Stadium,san_francisco_49ers,Santa Clara,CA,37.403,-121.9692,Outdoor,Grass,13,2014
17,Sun,2021-01-03,8:20PM,washington_commanders,@,philadelphia_eagles,20,14,248,2,216,2021,philadelphia_eagles,Lincoln Financial Field,philadelphia_eagles,Philadelphia,PA,39.9008,-75.1675,Outdoor,Grass,30,2003
18,Sat,2021-01-09,1:05PM,buffalo_bills,"",indianapolis_colts,27,24,397,0,472,2021,buffalo_bills,Highmark Stadium,buffalo_bills,Orchard Park,NY,42.7738,-78.7868,Outdoor,Grass,600,1973
18,Sat,2021-01-09,4:40PM,los_angeles_rams,@,seattle_seahawks,30,20,333,0,278,2021,seattle_seahawks,Lumen Field,seattle_seahawks,Seattle,WA,47.5952,-122.3316,Outdoor,Turf,20,2002
18,Sat,2021-01-09,8:15PM,tampa_bay_buccaneers,@,washington_commanders,31,23,507,1,375,2021,washington_commanders,FedExField,washington_commanders,Landover,MD,38.9078,-76.8645,Outdoor,Grass,300,1997
18,Sun,2021-01-10,1:05PM,baltimore_ravens,@,tennessee_titans,20,13,401,1,209,2021,tennessee_titans,Nissan Stadium,tennessee_titans,Nashville,TN,36.1665,-86.7713,Outdoor,Grass,476,1999
18,Sun,2021-01-10,4:40PM,new_orleans_saints,"",chicago_bears,21,9,385,1,239,2021,new_orleans_saints,Caesars Superdome,new_orleans_saints,New Orleans,LA,29.9509,-90.0815,Indoor,Turf,3,1975
18,Sun,2021-01-10,8:15PM,cleveland_browns,@,pittsburgh_steelers,48,37,390,0,553,2021,pittsburgh_steelers,Acrisure Stadium,pittsburgh_steelers,Pittsburgh,PA,40.4468,-80.0158,Outdoor,Grass,730,2001
19,Sat,2021-01-16,4:35PM,green_bay_packers,"",los_angeles_rams,32,18,484,0,244,2021,green_bay_packers,Lambeau Field,green_bay_packers,Green Bay,WI,44.5013,-88.0622,Outdoor,Grass,640,1957
19,Sat,2021-01-16,8:15PM,buffalo_bills,"",baltimore_ravens,17,3,220,0,340,2021,buffalo_bills,Highmark Stadium,buffalo_bills,Orchard Park,NY,42.7738,-78.7868,Outdoor,Grass,600,1973
19,Sun,2021-01-17,3:05PM,kansas_city_chiefs,"",cleveland_browns,22,17,438,1,308,2021,kansas_city_chiefs,GEHA Field at Arrowhead Stadium,kansas_city_chiefs,Kansas City,MO,39.049,-94.4839,Outdoor,Grass,1020,1972
19,Sun,2021-01-17,6:40PM,tampa_bay_buccaneers,@,new_orleans_saints,30,20,316,0,294,2021,new_orleans_saints,Caesars Superdome,new_orleans_saints,New Orleans,LA,29.9509,-90.0815,Indoor,Turf,3,1975
20,Sun,2021-01-24,3:05PM,tampa_bay_buccaneers,@,green_bay_packers,31,26,351,3,381,2021,green_bay_packers,Lambeau Field,green_bay_packers,Green Bay,WI,44.5013,-88.0622,Outdoor,Grass,640,1957
20,Sun,2021-01-24,6:40PM,kansas_city_chiefs,"",buffalo_bills,38,24,439,1,363,2021,kansas_city_chiefs,GEHA Field at Arrowhead Stadium,kansas_city_chiefs,Kansas City,MO,39.049,-94.4839,Outdoor,Grass,1020,1972
21,Sun,2021-02-07,6:30PM,tampa_bay_buccaneers,N,kansas_city_chiefs,31,9,340,0,350,2021,tampa_bay_buccaneers,Raymond James Stadium,tampa_bay_buccaneers,Tampa,FL,27.9759,-82.5033,Outdoor,Grass,26,1998
1,Thu,2021-09-09,8:20PM,tampa_bay_buccaneers,"",dallas_cowboys,31,29,431,4,451,2021,tampa_bay_buccaneers,Raymond James Stadium,tampa_bay_buccaneers,Tampa,FL,27.9759,-82.5033,Outdoor,Grass,26,1998
1,Sun,2021-09-12,1:00PM,philadelphia_eagles,@,atlanta_falcons,32,6,434,0,260,2021,atlanta_falcons,Mercedes-Benz Stadium,atlanta_falcons,Atlanta,GA,33.755,-84.4008,Indoor,Turf,1050,2017
1,Sun,2021-09-12,1:00PM,pittsburgh_steelers,@,buffalo_bills,23,16,252,0,371,2021,buffalo_bills,Highmark Stadium,buffalo_bills,Orchard Park,NY,42.7738,-78.7868,Outdoor,Grass,600,1973
1,Sun,2021-09-12,1:00PM,carolina_panthers,"",new_york_jets,19,14,381,1,252,2021,carolina_panthers,Bank of America Stadium,carolina_panthers,Charlotte,NC,35.2258,-80.8528,Outdoor,Grass,748,1996
1,Sun,2021-09-12,1:00PM,cincinnati_bengals,"",minnesota_vikings,27,24,366,0,403,2021,cincinnati_bengals,Paycor Stadium,cincinnati_bengals,Cincinnati,OH,39.0954,-84.516,Outdoor,Turf,482,2000
1,Sun,2021-09-12,1:00PM,seattle_seahawks,@,indianapolis_colts,28,16,381,1,336,2021,indianapolis_colts,Lucas Oil Stadium,indianapolis_colts,Indianapolis,IN,39.7601,-86.1639,Indoor,Turf,700,2008
1,Sun,2021-09-12,1:00PM,arizona_cardinals,@,tennessee_titans,38,13,416,1,248,2021,tennessee_titans,Nissan Stadium,tennessee_titans,Nashville,TN,36.1665,-86.7713,Outdoor,Grass,476,1999
1,Sun,2021-09-12,1:00PM,san_francisco_49ers,@,detroit_lions,41,33,442,2,430,2021,detroit_lions,Ford Field,detroit_lions,Detroit,MI,42.34,-83.0456,Indoor,Turf,600,2002
1,Sun,2021-09-12,1:00PM,houston_texans,"",jacksonville_jaguars,37,21,449,0,395,2021,houston_texans,NRG Stadium,houston_texans,Houston,TX,29.6847,-95.4107,Indoor,Turf,50,2002
1,Sun,2021-09-12,1:00PM,los_angeles_chargers,@,washington_commanders,20,16,424,2,259,2021,washington_commanders,FedExField,washington_commanders,Landover,MD,38.9078,-76.8645,Outdoor,Grass,300,1997
1,Sun,2021-09-12,4:25PM,kansas_city_chiefs,"",cleveland_browns,33,29,397,0,457,2021,kansas_city_chiefs,GEHA Field at Arrowhead Stadium,kansas_city_chiefs,Kansas City,MO,39.049,-94.4839,Outdoor,Grass,1020,1972
1,Sun,2021-09-12,4:25PM,denver_broncos,@,new_york_giants,27,13,420,1,314,2021,new_york_giants,MetLife Stadium,new_york_giants,East Rutherford,NJ,40.8136,-74.0744,Outdoor,Turf,3,2010
1,Sun,2021-09-12,4:25PM,new_orleans_saints,"",green_bay_packers,38,3,322,0,229,2021,new_orleans_saints,Caesars Superdome,new_orleans_saints,New Orleans,LA,29.9509,-90.0815,Indoor,Turf,3,1975
1,Sun,2021-09-12,4:25PM,miami_dolphins,@,new_england_patriots,17,16,259,1,393,2021,new_england_patriots,Gillette Stadium,new_england_patriots,Foxborough,MA,42.0909,-71.2643,Outdoor,Turf,289,2002
1,Sun,2021-09-12,8:20PM,los_angeles_rams,"",chicago_bears,34,14,386,0,322,2021,los_angeles_rams,SoFi Stadium,los_angeles_rams,Inglewood,CA,33.9535,-118.3392,Outdoor,Turf,100,2020
1,Mon,2021-09-13,8:15PM,las_vegas_raiders,"",baltimore_ravens,33,27,491,1,406,2021,las_vegas_raiders,Allegiant Stadium,las_vegas_raiders,Las Vegas,NV,36.0908,-115.183,Indoor,Turf,2001,2020
2,Thu,2021-09-16,8:20PM,washington_commanders,"",new_york_giants,30,29,407,1,391,2021,washington_commanders,FedExField,washington_commanders,Landover,MD,38.9078,-76.8645,Outdoor,Grass,300,1997
2,Sun,2021-09-19,1:00PM,buffalo_bills,@,miami_dolphins,35,0,314,2,216,2021,miami_dolphins,Hard Rock Stadium,miami_dolphins,Miami Gardens,FL,25.958,-80.238,Outdoor,Grass,7,1987
2,Sun,2021-09-19,1:00PM,carolina_panthers,"",new_orleans_saints,26,7,383,1,128,2021,carolina_panthers,Bank of America Stadium,carolina_panthers,Charlotte,NC,35.2258,-80.8528,Outdoor,Grass,748,1996
2,Sun,2021-09-19,1:00PM,chicago_bears,"",cincinnati_bengals,20,17,206,1,248,2021,chicago_bears,Soldier Field,chicago_bears,Chicago,IL,41.8623,-87.6167,Outdoor,Grass,595,1924
2,Sun,2021-09-19,1:00PM,cleveland_browns,"",houston_texans,31,21,355,2,302,2021,cleveland_browns,FirstEnergy Stadium,cleveland_browns,Cleveland,OH,41.5061,-81.6995,Outdoor,Grass,577,1999
2,Sun,2021-09-19,1:00PM,los_angeles_rams,@,indianapolis_colts,27,24,371,2,354,2021,indianapolis_colts,Lucas Oil Stadium,indianapolis_colts,Indianapolis,IN,39.7601,-86.1639,Indoor,Turf,700,2008
2,Sun,2021-09-19,1:00PM,denver_broncos,@,jacksonville_jaguars,23,13,398,0,189,2021,jacksonville_jaguars,TIAA Bank Field,jacksonville_jaguars,Jacksonville,FL,30.3239,-81.6373,Outdoor,Grass,16,1995
2,Sun,2021-09-19,1:00PM,new_england_patriots,@,new_york_jets,25,6,260,0,336,2021,new_york_jets,MetLife Stadium,new_york_jets,East Rutherford,NJ,40.8136,-74.0744,Outdoor,Turf,3,2010
2,Sun,2021-09-19,1:00PM,san_francisco_49ers,@,philadelphia_eagles,17,11,306,0,328,2021,philadelphia_eagles,Lincoln Financial Field,philadelphia_eagles,Philadelphia,PA,39.9008,-75.1675,Outdoor,Grass,30,2003
2,Sun,2021-09-19,1:00PM,las_vegas_raiders,@,pittsburgh_steelers,26,17,425,0,331,2021,pittsburgh_steelers,Acrisure Stadium,pittsburgh_steelers,Pittsburgh,PA,40.4468,-80.0158,Outdoor,Grass,730,2001
2,Sun,2021-09-19,4:05PM,tampa_bay_buccaneers,"",atlanta_falcons,48,25,341,1,348,2021,tampa_bay_buccaneers,Raymond James Stadium,tampa_bay_buccaneers,Tampa,FL,27.9759,-82.5033,Outdoor,Grass,26,1998
2,Sun,2021-09-19,4:05PM,arizona_cardinals,"",minnesota_vikings,34,33,474,2,419,2021,arizona_cardinals,State Farm Stadium,arizona_cardinals,Glendale,AZ,33.5275,-112.2625,Indoor,Turf,1070,2006
2,Sun,2021-09-19,4:25PM,dallas_cowboys,@,los_angeles_chargers,20,17,419,1,408,2021,los_angeles_chargers,SoFi Stadium,los_angeles_chargers,Inglewood,CA,33.9535,-118.3392,Outdoor,Turf,100,2020
2,Sun,2021-09-19,4:25PM,tennessee_titans,@,seattle_seahawks,33,30,532,1,397,2021,seattle_seahawks,Lumen Field,seattle_seahawks,Seattle,WA,47.5952,-122.3316,Outdoor,Turf,20,2002
2,Sun,2021-09-19,8:20PM,baltimore_ravens,"",kansas_city_chiefs,36,35,481,2,405,2021,baltimore_ravens,M&T Bank Stadium,baltimore_ravens,Baltimore,MD,39.2779,-76.6227,Outdoor,Grass,10,1998
2,Mon,2021-09-20,8:15PM,green_bay_packers,"",detroit_lions,35,17,323,0,344,2021,green_bay_packers,Lambeau Field,green_bay_packers,Green Bay,WI,44.5013,-88.0622,Outdoor,Grass,640,1957
3,Thu,2021-09-23,8:20PM,carolina_panthers,@,houston_texans,24,9,407,0,193,2021,houston_texans,NRG Stadium,houston_texans,Houston,TX,29.6847,-95.4107,Indoor,Turf,50,2002
3,Sun,2021-09-26,1:00PM,atlanta_falcons,@,new_york_giants,17,14,296,1,346,2021,new_york_giants,MetLife Stadium,new_york_giants,East Rutherford,NJ,40.8136,-74.0744,Outdoor,Turf,3,2010
3,Sun,2021-09-26,1:00PM,buffalo_bills,"",washington_commanders,43,21,481,0,290,2021,buffalo_bills,Highmark Stadium,buffalo_bills,Orchard Park,NY,42.7738,-78.7868,Outdoor,Grass,600,1973
3,Sun,2021-09-26,1:00PM,cleveland_browns,"",chicago_bears,26,6,418,0,47,2021,cleveland_browns,FirstEnergy Stadium,cleveland_browns,Cleveland,OH,41.5061,-81.6995,Outdoor,Grass,577,1999
3,Sun,2021-09-26,1:00PM,cincinnati_bengals,@,pittsburgh_steelers,24,10,268,1,342,2021,pittsburgh_steelers,Acrisure Stadium,pittsburgh_steelers,Pittsburgh,PA,40.4468,-80.0158,Outdoor,Grass,730,2001
3,Sun,2021-09-26,1:00PM,tennessee_titans,"",indianapolis_colts,25,16,368,3,265,2021,tennessee_titans,Nissan Stadium,tennessee_titans,Nashville,TN,36.1665,-86.7713,Outdoor,Grass,476,1999
3,Sun,2021-09-26,1:00PM,arizona_cardinals,@,jacksonville_jaguars,31,19,407,1,361,2021,jacksonville_jaguars,TIAA Bank Field,jacksonville_jaguars,Jacksonville,FL,30.3239,-81.6373,Outdoor,Grass,16,1995
3,Sun,2021-09-26,1:00PM,baltimore_ravens,@,detroit_lions,19,17,387,1,285,2021,detroit_lions,Ford Field,detroit_lions,Detroit,MI,42.34,-83.0456,Indoor,Turf,600,2002
3,Sun,2021-09-26,1:00PM,los_angeles_chargers,@,kansas_city_chiefs,30,24,352,0,437,2021,kansas_city_chiefs,GEHA Field at Arrowhead Stadium,kansas_city_chiefs,Kansas City,MO,39.049,-94.4839,Outdoor,Grass,1020,1972
3,Sun,2021-09-26,1:00PM,new_orleans_saints,@,new_england_patriots,28,13,252,0,300,2021,new_england_patriots,Gillette Stadium,new_england_patriots,Foxborough,MA,42.0909,-71.2643,Outdoor,Turf,289,2002
3,Sun,2021-09-26,4:05PM,denver_broncos,"",new_york_jets,26,0,343,1,162,2021,denver_broncos,Empower Field at Mile High,denver_broncos,Denver,CO,39.7439,-105.0201,Outdoor,Turf,5280,2001
3,Sun,2021-09-26,4:05PM,las_vegas_raiders,"",miami_dolphins,31,28,497,1,330,2021,las_vegas_raiders,Allegiant Stadium,las_vegas_raiders,Las Vegas,NV,36.0908,-115.183,Indoor,Turf,2001,2020
3,Sun,2021-09-26,4:25PM,minnesota_vikings,"",seattle_seahawks,30,17,453,0,389,2021,minnesota_vikings,U.S. Bank Stadium,minnesota_vikings,Minneapolis,MN,44.974,-93.2581,Indoor,Turf,840,2016
3,Sun,2021-09-26,4:25PM,los_angeles_rams,"",tampa_bay_buccaneers,34,24,407,0,446,2021,los_angeles_rams,SoFi Stadium,los_angeles_rams,Inglewood,CA,33.9535,-118.3392,Outdoor,Turf,100,2020
3,Sun,2021-09-26,8:20PM,green_bay_packers,@,san_francisco_49ers,30,28,353,0,298,2021,san_francisco_49ers,Levi's Stadium,san_francisco_49ers,Santa Clara,CA,37.403,-121.9692,Outdoor,Grass,13,2014
3,Mon,2021-09-27,8:15PM,dallas_cowboys,"",philadelphia_eagles,41,21,380,1,367,2021,dallas_cowboys,AT&T Stadium,dallas_cowboys,Arlington,TX,32.7473,-97.0945,Indoor,Turf,639,2009
4,Thu,2021-09-30,8:20PM,cincinnati_bengals,"",jacksonville_jaguars,24,21,420,0,341,2021,cincinnati_bengals,Paycor Stadium,cincinnati_bengals,Cincinnati,OH,39.0954,-84.516,Outdoor,Turf,482,2000
4,Sun,2021-10-03,1:00PM,washington_commanders,@,atlanta_falcons,34,30,412,0,374,2021,atlanta_falcons,Mercedes-Benz Stadium,atlanta_falcons,Atlanta,GA,33.755,-84.4008,Indoor,Turf,1050,2017
4,Sun,2021-10-03,1:00PM,buffalo_bills,"",houston_texans,40,0,450,1,109,2021,buffalo_bills,Highmark Stadium,buffalo_bills,Orchard Park,NY,42.7738,-78.7868,Outdoor,Grass,600,1973
4,Sun,2021-10-03,1:00PM,dallas_cowboys,"",carolina_panthers,36,28,433,0,379,2021,dallas_cowboys,AT&T Stadium,dallas_cowboys,Arlington,TX,32.7473,-97.0945,Indoor,Turf,639,2009
4,Sun,2021-10-03,1:00PM,chicago_bears,"",detroit_lions,24,14,373,1,351,2021,chicago_bears,Soldier Field,chicago_bears,Chicago,IL,41.8623,-87.6167,Outdoor,Grass,595,1924
4,Sun,2021-10-03,1:00PM,cleveland_browns,@,minnesota_vikings,14,7,327,0,255,2021,minnesota_vikings,U.S. Bank Stadium,minnesota_vikings,Minneapolis,MN,44.974,-93.2581,Indoor,Turf,840,2016
4,Sun,2021-10-03,1:00PM,indianapolis_colts,@,miami_dolphins,27,17,349,1,203,2021,miami_dolphins,Hard Rock Stadium,miami_dolphins,Miami Gardens,FL,25.958,-80.238,Outdoor,Grass,7,1987
4,Sun,2021-10-03,1:00PM,kansas_city_chiefs,@,philadelphia_eagles,42,30,471,1,461,2021,philadelphia_eagles,Lincoln Financial Field,philadelphia_eagles,Philadelphia,PA,39.9008,-75.1675,Outdoor,Grass,30,2003
4,Sun,2021-10-03,1:00PM,new_york_giants,@,new_orleans_saints,27,21,485,1,405,2021,new_orleans_saints,Caesars Superdome,new_orleans_saints,New Orleans,LA,29.9509,-90.0815,Indoor,Turf,3,1975
4,Sun,2021-10-03,1:00PM,new_york_jets,"",tennessee_titans,27,24,355,1,430,2021,new_york_jets,MetLife Stadium,new_york_jets,East Rutherford,NJ,40.8136,-74.0744,Outdoor,Turf,3,2010
4,Sun,2021-10-03,4:05PM,arizona_cardinals,@,los_angeles_rams,37,20,465,0,401,2021,los_angeles_rams,SoFi Stadium,los_angeles_rams,Inglewood,CA,33.9535,-118.3392,Outdoor,Turf,100,2020
4,Sun,2021-10-03,4:05PM,seattle_seahawks,@,san_francisco_49ers,28,21,234,0,457,2021,san_francisco_49ers,Levi's Stadium,san_francisco_49ers,Santa Clara,CA,37.403,-121.9692,Outdoor,Grass,13,2014
4,Sun,2021-10-03,4:25PM,baltimore_ravens,@,denver_broncos,23,7,406,0,254,2021,denver_broncos,Empower Field at Mile High,denver_broncos,Denver,CO,39.7439,-105.0201,Outdoor,Turf,5280,2001
4,Sun,2021-10-03,4:25PM,green_bay_packers,"",pittsburgh_steelers,27,17,367,1,282,2021,green_bay_packers,Lambeau Field,green_bay_packers,Green Bay,WI,44.5013,-88.0622,Outdoor,Grass,640,1957
4,Sun,2021-10-03,8:20PM,tampa_bay_buccaneers,@,new_england_patriots,19,17,381,0,294,2021,new_england_patriots,Gillette Stadium,new_england_patriots,Foxborough,MA,42.0909,-71.2643,Outdoor,Turf,289,2002
4,Mon,2021-10-04,8:15PM,los_angeles_chargers,"",las_vegas_raiders,28,14,380,0,213,2021,los_angeles_chargers,SoFi Stadium,los_angeles_chargers,Inglewood,CA,33.9535,-118.3392,Outdoor,Turf,100,2020
5,Thu,2021-10-07,8:20PM,los_angeles_rams,@,seattle_seahawks,26,17,476,1,354,2021,seattle_seahawks,Lumen Field,seattle_seahawks,Seattle,WA,47.5952,-122.3316,Outdoor,Turf,20,2002
5,Sun,2021-10-10,9:30AM,atlanta_falcons,"",new_york_jets,27,20,450,2,230,2021,atlanta_falcons,Mercedes-Benz Stadium,atlanta_falcons,Atlanta,GA,33.755,-84.4008,Indoor,Turf,1050,2017
5,Sun,2021-10-10,1:00PM,philadelphia_eagles,@,carolina_panthers,21,18,273,2,267,2021,carolina_panthers,Bank of America Stadium,carolina_panthers,Charlotte,NC,35.2258,-80.8528,Outdoor,Grass,748,1996
5,Sun,2021-10-10,1:00PM,green_bay_packers,@,cincinnati_bengals,25,22,466,1,367,2021,cincinnati_bengals,Paycor Stadium,cincinnati_bengals,Cincinnati,OH,39.0954,-84.516,Outdoor,Turf,482,2000
5,Sun,2021-10-10,1:00PM,pittsburgh_steelers,"",denver_broncos,27,19,391,1,374,2021,pittsburgh_steelers,Acrisure Stadium,pittsburgh_steelers,Pittsburgh,PA,40.4468,-80.0158,Outdoor,Grass,730,2001
5,Sun,2021-10-10,1:00PM,minnesota_vikings,"",detroit_lions,19,17,384,2,288,2021,minnesota_vikings,U.S. Bank Stadium,minnesota_vikings,Minneapolis,MN,44.974,-93.2581,Indoor,Turf,840,2016
5,Sun,2021-10-10,1:00PM,new_england_patriots,@,houston_texans,25,22,352,2,360,2021,houston_texans,NRG Stadium,houston_texans,Houston,TX,29.6847,-95.4107,Indoor,Turf,50,2002
5,Sun,2021-10-10,1:00PM,tennessee_titans,@,jacksonville_jaguars,37,19,368,0,454,2021,jacksonville_jaguars,TIAA Bank Field,jacksonville_jaguars,Jacksonville,FL,30.3239,-81.6373,Outdoor,Grass,16,1995
5,Sun,2021-10-10,1:00PM,tampa_bay_buccaneers,"",miami_dolphins,45,17,558,0,301,2021,tampa_bay_buccaneers,Raymond James Stadium,tampa_bay_buccaneers,Tampa,FL,27.9759,-82.5033,Outdoor,Grass,26,1998
5,Sun,2021-10-10,1:00PM,new_orleans_saints,@,washington_commanders,33,22,369,2,373,2021,washington_commanders,FedExField,washington_commanders,Landover,MD,38.9078,-76.8645,Outdoor,Grass,300,1997
5,Sun,2021-10-10,4:05PM,chicago_bears,@,las_vegas_raiders,20,9,252,0,259,2021,las_vegas_raiders,Allegiant Stadium,las_vegas_raiders,Las Vegas,NV,36.0908,-115.183,Indoor,Turf,2001,2020
5,Sun,2021-10-10,4:05PM,los_angeles_chargers,"",cleveland_browns,47,42,493,1,531,2021,los_angeles_chargers,SoFi Stadium,los_angeles_chargers,Inglewood,CA,33.9535,-118.3392,Outdoor,Turf,100,2020
5,Sun,2021-10-10,4:25PM,arizona_cardinals,"",san_francisco_49ers,17,10,304,1,338,2021,arizona_cardinals,State Farm Stadium,arizona_cardinals,Glendale,AZ,33.5275,-112.2625,Indoor,Turf,1070,2006
5,Sun,2021-10-10,4:25PM,dallas_cowboys,"",new_york_giants,44,20,515,2,367,2021,dallas_cowboys,AT&T Stadium,dallas_cowboys,Arlington,TX,32.7473,-97.0945,Indoor,Turf,639,2009
5,Sun,2021-10-10,8:20PM,buffalo_bills,@,kansas_city_chiefs,38,20,436,0,392,2021,kansas_city_chiefs,GEHA Field at Arrowhead Stadium,kansas_city_chiefs,Kansas City,MO,39.049,-94.4839,Outdoor,Grass,1020,1972
5,Mon,2021-10-11,8:15PM,baltimore_ravens,"",indianapolis_colts,31,25,523,1,513,2021,baltimore_ravens,M&T Bank Stadium,baltimore_ravens,Baltimore,MD,39.2779,-76.6227,Outdoor,Grass,10,1998
6,Thu,2021-10-14,8:20PM,tampa_bay_buccaneers,@,philadelphia_eagles,28,22,399,1,213,2021,philadelphia_eagles,Lincoln Financial Field,philadelphia_eagles,Philadelphia,PA,39.9008,-75.1675,Outdoor,Grass,30,2003
6,Sun,2021-10-17,9:30AM,jacksonville_jaguars,"",miami_dolphins,23,20,396,1,431,2021,jacksonville_jaguars,TIAA Bank Field,jacksonville_jaguars,Jacksonville,FL,30.3239,-81.6373,Outdoor,Grass,16,1995
6,Sun,2021-10-17,1:00PM,minnesota_vikings,@,carolina_panthers,34,28,571,1,306,2021,carolina_panthers,Bank of America Stadium,carolina_panthers,Charlotte,NC,35.2258,-80.8528,Outdoor,Grass,748,1996
6,Sun,2021-10-17,1:00PM,green_bay_packers,@,chicago_bears,24,14,323,0,277,2021,chicago_bears,Soldier Field,chicago_bears,Chicago,IL,41.8623,-87.6167,Outdoor,Grass,595,1924
6,Sun,2021-10-17,1:00PM,cincinnati_bengals,@,detroit_lions,34,11,398,1,228,2021,detroit_lions,Ford Field,detroit_lions,Detroit,MI,42.34,-83.0456,Indoor,Turf,600,2002
6,Sun,2021-10-17,1:00PM,indianapolis_colts,"",houston_texans,31,3,388,0,353,2021,indianapolis_colts,Lucas Oil Stadium,indianapolis_colts,Indianapolis,IN,39.7601,-86.1639,Indoor,Turf,700,2008
6,Sun,2021-10-17,1:00PM,kansas_city_chiefs,@,washington_commanders,31,13,499,3,276,2021,washington_commanders,FedExField,washington_commanders,Landover,MD,38.9078,-76.8645,Outdoor,Grass,300,1997
6,Sun,2021-10-17,1:00PM,los_angeles_rams,@,new_york_giants,38,11,365,2,261,2021,new_york_giants,MetLife Stadium,new_york_giants,East Rutherford,NJ,40.8136,-74.0744,Outdoor,Turf,3,2010
6,Sun,2021-10-17,1:00PM,baltimore_ravens,"",los_angeles_chargers,34,6,327,2,208,2021,baltimore_ravens,M&T Bank Stadium,baltimore_ravens,Baltimore,MD,39.2779,-76.6227,Outdoor,Grass,10,1998
6,Sun,2021-10-17,4:05PM,arizona_cardinals,@,cleveland_browns,37,14,352,0,290,2021,cleveland_browns,FirstEnergy Stadium,cleveland_browns,Cleveland,OH,41.5061,-81.6995,Outdoor,Grass,577,1999
6,Sun,2021-10-17,4:25PM,dallas_cowboys,@,new_england_patriots,35,29,567,2,335,2021,new_england_patriots,Gillette Stadium,new_england_patriots,Foxborough,MA,42.0909,-71.2643,Outdoor,Turf,289,2002
6,Sun,2021-10-17,4:25PM,las_vegas_raiders,@,denver_broncos,34,24,426,0,421,2021,denver_broncos,Empower Field at Mile High,denver_broncos,Denver,CO,39.7439,-105.0201,Outdoor,Turf,5280,2001
6,Sun,2021-10-17,8:20PM,pittsburgh_steelers,"",seattle_seahawks,23,20,345,1,309,2021,pittsburgh_steelers,Acrisure Stadium,pittsburgh_steelers,Pittsburgh,PA,40.4468,-80.0158,Outdoor,Grass,730,2001
6,Mon,2021-10-18,8:15PM,tennessee_titans,"",buffalo_bills,34,31,362,1,417,2021,tennessee_titans,Nissan Stadium,tennessee_titans,Nashville,TN,36.1665,-86.7713,Outdoor,Grass,476,1999
7,Thu,2021-10-21,8:20PM,cleveland_browns,"",denver_broncos,17,14,376,0,223,2021,cleveland_browns,FirstEnergy Stadium,cleveland_browns,Cleveland,OH,41.5061,-81.6995,Outdoor,Grass,577,1999
7,Sun,2021-10-24,1:00PM,atlanta_falcons,@,miami_dolphins,30,28,397,2,413,2021,miami_dolphins,Hard Rock Stadium,miami_dolphins,Miami Gardens,FL,25.958,-80.238,Outdoor,Grass,7,1987
7,Sun,2021-10-24,1:00PM,new_york_giants,"",carolina_panthers,25,3,302,0,173,2021,new_york_giants,MetLife Stadium,new_york_giants,East Rutherford,NJ,40.8136,-74.0744,Outdoor,Turf,3,2010
7,Sun,2021-10-24,1:00PM,cincinnati_bengals,@,baltimore_ravens,41,17,520,1,393,2021,baltimore_ravens,M&T Bank Stadium,baltimore_ravens,Baltimore,MD,39.2779,-76.6227,Outdoor,Grass,10,1998
7,Sun,2021-10-24,1:00PM,green_bay_packers,"",washington_commanders,24,10,304,1,430,2021,green_bay_packers,Lambeau Field,green_bay_packers,Green Bay,WI,44.5013,-88.0622,Outdoor,Grass,640,1957
7,Sun,2021-10-24,1:00PM,tennessee_titans,"",kansas_city_chiefs,27,3,369,1,334,2021,tennessee_titans,Nissan Stadium,tennessee_titans,Nashville,TN,36.1665,-86.7713,Outdoor,Grass,476,1999
7,Sun,2021-10-24,1:00PM,new_england_patriots,"",new_york_jets,54,13,551,0,299,2021,new_england_patriots,Gillette Stadium,new_england_patriots,Foxborough,MA,42.0909,-71.2643,Outdoor,Turf,289,2002
7,Sun,2021-10-24,4:05PM,los_angeles_rams,"",detroit_lions,28,19,374,0,415,2021,los_angeles_rams,SoFi Stadium,los_angeles_rams,Inglewood,CA,33.9535,-118.3392,Outdoor,Turf,100,2020
7,Sun,2021-10-24,4:05PM,las_vegas_raiders,"",philadelphia_eagles,33,22,442,1,358,2021,las_vegas_raiders,Allegiant Stadium,las_vegas_raiders,Las Vegas,NV,36.0908,-115.183,Indoor,Turf,2001,2020
7,Sun,2021-10-24,4:25PM,tampa_bay_buccaneers,"",chicago_bears,38,3,408,1,311,2021,tampa_bay_buccaneers,Raymond James Stadium,tampa_bay_buccaneers,Tampa,FL,27.9759,-82.5033,Outdoor,Grass,26,1998
7,Sun,2021-10-24,4:25PM,arizona_cardinals,"",houston_texans,31,5,397,1,160,2021,arizona_cardinals,State Farm Stadium,arizona_cardinals,Glendale,AZ,33.5275,-112.2625,Indoor,Turf,1070,2006
7,Sun,2021-10-24,8:20PM,indianapolis_colts,@,san_francisco_49ers,30,18,295,2,280,2021,san_francisco_49ers,Levi's Stadium,san_francisco_49ers,Santa Clara,CA,37.403,-121.9692,Outdoor,Grass,13,2014
7,Mon,2021-10-25,8:15PM,new_orleans_saints,@,seattle_seahawks,13,10,304,1,219,2021,seattle_seahawks,Lumen Field,seattle_seahawks,Seattle,WA,47.5952,-122.3316,Outdoor,Turf,20,2002
8,Thu,2021-10-28,8:20PM,green_bay_packers,@,arizona_cardinals,24,21,335,0,334,2021,arizona_cardinals,State Farm Stadium,arizona_cardinals,Glendale,AZ,33.5275,-112.2625,Indoor,Turf,1070,2006
8,Sun,2021-10-31,1:00PM,carolina_panthers,@,atlanta_falcons,19,13,332,1,213,2021,atlanta_falcons,Mercedes-Benz Stadium,atlanta_falcons,Atlanta,GA,33.755,-84.4008,Indoor,Turf,1050,2017
8,Sun,2021-10-31,1:00PM,buffalo_bills,"",miami_dolphins,26,11,351,0,262,2021,buffalo_bills,Highmark Stadium,buffalo_bills,Orchard Park,NY,42.7738,-78.7868,Outdoor,Grass,600,1973
8,Sun,2021-10-31,1:00PM,san_francisco_49ers,@,chicago_bears,33,22,467,0,324,2021,chicago_bears,Soldier Field,chicago_bears,Chicago,IL,41.8623,-87.6167,Outdoor,Grass,595,1924
8,Sun,2021-10-31,1:00PM,new_york_jets,"",cincinnati_bengals,34,31,511,3,318,2021,new_york_jets,MetLife Stadium,new_york_jets,East Rutherford,NJ,40.8136,-74.0744,Outdoor,Turf,3,2010
8,Sun,2021-10-31,1:00PM,pittsburgh_steelers,@,cleveland_browns,15,10,370,0,306,2021,cleveland_browns,FirstEnergy Stadium,cleveland_browns,Cleveland,OH,41.5061,-81.6995,Outdoor,Grass,577,1999
8,Sun,2021-10-31,1:00PM,tennessee_titans,@,indianapolis_colts,34,31,340,2,307,2021,indianapolis_colts,Lucas Oil Stadium,indianapolis_colts,Indianapolis,IN,39.7601,-86.1639,Indoor,Turf,700,2008
8,Sun,2021-10-31,1:00PM,philadelphia_eagles,@,detroit_lions,44,6,350,0,228,2021,detroit_lions,Ford Field,detroit_lions,Detroit,MI,42.34,-83.0456,Indoor,Turf,600,2002
8,Sun,2021-10-31,1:00PM,los_angeles_rams,@,houston_texans,38,22,467,0,323,2021,houston_texans,NRG Stadium,houston_texans,Houston,TX,29.6847,-95.4107,Indoor,Turf,50,2002
8,Sun,2021-10-31,4:05PM,seattle_seahawks,"",jacksonville_jaguars,31,7,229,0,309,2021,seattle_seahawks,Lumen Field,seattle_seahawks,Seattle,WA,47.5952,-122.3316,Outdoor,Turf,20,2002
8,Sun,2021-10-31,4:05PM,new_england_patriots,@,los_angeles_chargers,27,24,352,1,369,2021,los_angeles_chargers,SoFi Stadium,los_angeles_chargers,Inglewood,CA,33.9535,-118.3392,Outdoor,Turf,100,2020
8,Sun,2021-10-31,4:25PM,new_orleans_saints,"",tampa_bay_buccaneers,36,27,361,0,421,2021,new_orleans_saints,Caesars Superdome,new_orleans_saints,New Orleans,LA,29.9509,-90.0815,Indoor,Turf,3,1975
8,Sun,2021-10-31,4:25PM,denver_broncos,"",washington_commanders,17,10,273,1,342,2021,denver_broncos,Empower Field at Mile High,denver_broncos,Denver,CO,39.7439,-105.0201,Outdoor,Turf,5280,2001
8,Sun,2021-10-31,8:20PM,dallas_cowboys,@,minnesota_vikings,20,16,419,2,278,2021,minnesota_vikings,U.S. Bank Stadium,minnesota_vikings,Minneapolis,MN,44.974,-93.2581,Indoor,Turf,840,2016
8,Mon,2021-11-01,8:15PM,kansas_city_chiefs,"",new_york_giants,20,17,368,2,300,2021,kansas_city_chiefs,GEHA Field at Arrowhead Stadium,kansas_city_chiefs,Kansas City,MO,39.049,-94.4839,Outdoor,Grass,1020,1972
9,Thu,2021-11-04,8:20PM,indianapolis_colts,"",new_york_jets,45,30,532,0,486,2021,indianapolis_colts,Lucas Oil Stadium,indianapolis_colts,Indianapolis,IN,39.7601,-86.1639,Indoor,Turf,700,2008
9,Sun,2021-11-07,1:00PM,atlanta_falcons,@,new_orleans_saints,27,25,366,0,376,2021,new_orleans_saints,Caesars Superdome,new_orleans_saints,New Orleans,LA,29.9509,-90.0815,Indoor,Turf,3,1975
9,Sun,2021-11-07,1:00PM,jacksonville_jaguars,"",buffalo_bills,9,6,218,1,301,2021,jacksonville_jaguars,TIAA Bank Field,jacksonville_jaguars,Jacksonville,FL,30.3239,-81.6373,Outdoor,Grass,16,1995
9,Sun,2021-11-07,1:00PM,denver_broncos,@,dallas_cowboys,30,16,407,0,290,2021,dallas_cowboys,AT&T Stadium,dallas_cowboys,Arlington,TX,32.7473,-97.0945,Indoor,Turf,639,2009
9,Sun,2021-11-07,1:00PM,baltimore_ravens,"",minnesota_vikings,34,31,500,2,318,2021,baltimore_ravens,M&T Bank Stadium,baltimore_ravens,Baltimore,MD,39.2779,-76.6227,Outdoor,Grass,10,1998
9,Sun,2021-11-07,1:00PM,new_england_patriots,@,carolina_panthers,24,6,273,2,240,2021,carolina_panthers,Bank of America Stadium,carolina_panthers,Charlotte,NC,35.2258,-80.8528,Outdoor,Grass,748,1996
9,Sun,2021-11-07,1:00PM,cleveland_browns,@,cincinnati_bengals,41,16,361,0,348,2021,cincinnati_bengals,Paycor Stadium,cincinnati_bengals,Cincinnati,OH,39.0954,-84.516,Outdoor,Turf,482,2000
9,Sun,2021-11-07,1:00PM,miami_dolphins,"",houston_texans,17,9,262,5,272,2021,miami_dolphins,Hard Rock Stadium,miami_dolphins,Miami Gardens,FL,25.958,-80.238,Outdoor,Grass,7,1987
9,Sun,2021-11-07,1:00PM,new_york_giants,"",las_vegas_raiders,23,16,247,1,403,2021,new_york_giants,MetLife Stadium,new_york_giants,East Rutherford,NJ,40.8136,-74.0744,Outdoor,Turf,3,2010
9,Sun,2021-11-07,4:05PM,los_angeles_chargers,@,philadelphia_eagles,27,24,445,0,331,2021,philadelphia_eagles,Lincoln Financial Field,philadelphia_eagles,Philadelphia,PA,39.9008,-75.1675,Outdoor,Grass,30,2003
9,Sun,2021-11-07,4:25PM,arizona_cardinals,@,san_francisco_49ers,31,17,437,0,337,2021,san_francisco_49ers,Levi's Stadium,san_francisco_49ers,Santa Clara,CA,37.403,-121.9692,Outdoor,Grass,13,2014
9,Sun,2021-11-07,4:25PM,kansas_city_chiefs,"",green_bay_packers,13,7,237,0,301,2021,kansas_city_chiefs,GEHA Field at Arrowhead Stadium,kansas_city_chiefs,Kansas City,MO,39.049,-94.4839,Outdoor,Grass,1020,1972
9,Sun,2021-11-07,8:20PM,tennessee_titans,@,los_angeles_rams,28,16,194,1,347,2021,los_angeles_rams,SoFi Stadium,los_angeles_rams,Inglewood,CA,33.9535,-118.3392,Outdoor,Turf,100,2020
9,Mon,2021-11-08,8:15PM,pittsburgh_steelers,"",chicago_bears,29,27,280,1,414,2021,pittsburgh_steelers,Acrisure Stadium,pittsburgh_steelers,Pittsburgh,PA,40.4468,-80.0158,Outdoor,Grass,730,2001
10,Thu,2021-11-11,8:20PM,miami_dolphins,"",baltimore_ravens,22,10,350,0,304,2021,miami_dolphins,Hard Rock Stadium,miami_dolphins,Miami Gardens,FL,25.958,-80.238,Outdoor,Grass,7,1987
10,Sun,2021-11-14,1:00PM,dallas_cowboys,"",atlanta_falcons,43,3,431,1,214,2021,dallas_cowboys,AT&T Stadium,dallas_cowboys,Arlington,TX,32.7473,-97.0945,Indoor,Turf,639,2009
10,Sun,2021-11-14,1:00PM,buffalo_bills,@,new_york_jets,45,17,489,2,366,2021,new_york_jets,MetLife Stadium,new_york_jets,East Rutherford,NJ,40.8136,-74.0744,Outdoor,Turf,3,2010
10,Sun,2021-11-14,1:00PM,pittsburgh_steelers,"",detroit_lions,16,16,387,3,306,2021,pittsburgh_steelers,Acrisure Stadium,pittsburgh_steelers,Pittsburgh,PA,40.4468,-80.0158,Outdoor,Grass,730,2001
10,Sun,2021-11-14,1:00PM,tennessee_titans,"",new_orleans_saints,23,21,264,0,373,2021,tennessee_titans,Nissan Stadium,tennessee_titans,Nashville,TN,36.1665,-86.7713,Outdoor,Grass,476,1999
10,Sun,2021-11-14,1:00PM,washington_commanders,"",tampa_bay_buccaneers,29,19,320,1,273,2021,washington_commanders,FedExField,washington_commanders,Landover,MD,38.9078,-76.8645,Outdoor,Grass,300,1997
10,Sun,2021-11-14,1:00PM,new_england_patriots,"",cleveland_browns,45,7,452,0,217,2021,new_england_patriots,Gillette Stadium,new_england_patriots,Foxborough,MA,42.0909,-71.2643,Outdoor,Turf,289,2002
10,Sun,2021-11-14,1:00PM,indianapolis_colts,"",jacksonville_jaguars,23,17,295,0,331,2021,indianapolis_colts,Lucas Oil Stadium,indianapolis_colts,Indianapolis,IN,39.7601,-86.1639,Indoor,Turf,700,2008
10,Sun,2021-11-14,4:05PM,minnesota_vikings,@,los_angeles_chargers,27,20,381,1,253,2021,los_angeles_chargers,SoFi Stadium,los_angeles_chargers,Inglewood,CA,33.9535,-118.3392,Outdoor,Turf,100,2020
10,Sun,2021-11-14,4:05PM,carolina_panthers,@,arizona_cardinals,34,10,341,2,169,2021,arizona_cardinals,State Farm Stadium,arizona_cardinals,Glendale,AZ,33.5275,-112.2625,Indoor,Turf,1070,2006
10,Sun,2021-11-14,4:25PM,philadelphia_eagles,@,denver_broncos,30,13,386,1,308,2021,denver_broncos,Empower Field at Mile High,denver_broncos,Denver,CO,39.7439,-105.0201,Outdoor,Turf,5280,2001
10,Sun,2021-11-14,4:25PM,green_bay_packers,"",seattle_seahawks,17,0,393,1,208,2021,green_bay_packers,Lambeau Field,green_bay_packers,Green Bay,WI,44.5013,-88.0622,Outdoor,Grass,640,1957
10,Sun,2021-11-14,8:20PM,kansas_city_chiefs,@,las_vegas_raiders,41,14,516,1,299,2021,las_vegas_raiders,Allegiant Stadium,las_vegas_raiders,Las Vegas,NV,36.0908,-115.183,Indoor,Turf,2001,2020
10,Mon,2021-11-15,8:15PM,san_francisco_49ers,"",los_angeles_rams,31,10,335,0,278,2021,san_francisco_49ers,Levi's Stadium,san_francisco_49ers,Santa Clara,CA,37.403,-121.9692,Outdoor,Grass,13,2014
11,Thu,2021-11-18,8:20PM,new_england_patriots,@,atlanta_falcons,25,0,308,1,165,2021,atlanta_falcons,Mercedes-Benz Stadium,atlanta_falcons,Atlanta,GA,33.755,-84.4008,Indoor,Turf,1050,2017
11,Sun,2021-11-21,1:00PM,indianapolis_colts,@,buffalo_bills,41,15,370,0,311,2021,buffalo_bills,Highmark Stadium,buffalo_bills,Orchard Park,NY,42.7738,-78.7868,Outdoor,Grass,600,1973
11,Sun,2021-11-21,1:00PM,baltimore_ravens,@,chicago_bears,16,13,299,1,353,2021,chicago_bears,Soldier Field,chicago_bears,Chicago,IL,41.8623,-87.6167,Outdoor,Grass,595,1924
11,Sun,2021-11-21,1:00PM,houston_texans,@,tennessee_titans,22,13,190,0,420,2021,tennessee_titans,Nissan Stadium,tennessee_titans,Nashville,TN,36.1665,-86.7713,Outdoor,Grass,476,1999
11,Sun,2021-11-21,1:00PM,san_francisco_49ers,@,jacksonville_jaguars,30,10,333,0,200,2021,jacksonville_jaguars,TIAA Bank Field,jacksonville_jaguars,Jacksonville,FL,30.3239,-81.6373,Outdoor,Grass,16,1995
11,Sun,2021-11-21,1:00PM,philadelphia_eagles,"",new_orleans_saints,40,29,380,1,323,2021,philadelphia_eagles,Lincoln Financial Field,philadelphia_eagles,Philadelphia,PA,39.9008,-75.1675,Outdoor,Grass,30,2003
11,Sun,2021-11-21,1:00PM,washington_commanders,@,carolina_panthers,27,21,369,1,297,2021,carolina_panthers,Bank of America Stadium,carolina_panthers,Charlotte,NC,35.2258,-80.8528,Outdoor,Grass,748,1996
11,Sun,2021-11-21,1:00PM,cleveland_browns,"",detroit_lions,13,10,349,2,245,2021,cleveland_browns,FirstEnergy Stadium,cleveland_browns,Cleveland,OH,41.5061,-81.6995,Outdoor,Grass,577,1999
11,Sun,2021-11-21,1:00PM,minnesota_vikings,"",green_bay_packers,34,31,408,0,467,2021,minnesota_vikings,U.S. Bank Stadium,minnesota_vikings,Minneapolis,MN,44.974,-93.2581,Indoor,Turf,840,2016
11,Sun,2021-11-21,1:00PM,miami_dolphins,@,new_york_jets,24,17,388,1,380,2021,new_york_jets,MetLife Stadium,new_york_jets,East Rutherford,NJ,40.8136,-74.0744,Outdoor,Turf,3,2010
11,Sun,2021-11-21,4:05PM,cincinnati_bengals,@,las_vegas_raiders,32,13,288,1,278,2021,las_vegas_raiders,Allegiant Stadium,las_vegas_raiders,Las Vegas,NV,36.0908,-115.183,Indoor,Turf,2001,2020
11,Sun,2021-11-21,4:25PM,kansas_city_chiefs,"",dallas_cowboys,19,9,370,2,276,2021,kansas_city_chiefs,GEHA Field at Arrowhead Stadium,kansas_city_chiefs,Kansas City,MO,39.049,-94.4839,Outdoor,Grass,1020,1972
11,Sun,2021-11-21,4:25PM,arizona_cardinals,@,seattle_seahawks,23,13,413,0,266,2021,seattle_seahawks,Lumen Field,seattle_seahawks,Seattle,WA,47.5952,-122.3316,Outdoor,Turf,20,2002
11,Sun,2021-11-21,8:20PM,los_angeles_chargers,"",pittsburgh_steelers,41,37,533,1,300,2021,los_angeles_chargers,SoFi Stadium,los_angeles_chargers,Inglewood,CA,33.9535,-118.3392,Outdoor,Turf,100,2020
11,Mon,2021-11-22,8:15PM,tampa_bay_buccaneers,"",new_york_giants,30,10,402,1,215,2021,tampa_bay_buccaneers,Raymond James Stadium,tampa_bay_buccaneers,Tampa,FL,27.9759,-82.5033,Outdoor,Grass,26,1998
12,Thu,2021-11-25,12:30PM,chicago_bears,@,detroit_lions,16,14,378,1,239,2021,detroit_lions,Ford Field,detroit_lions,Detroit,MI,42.34,-83.0456,Indoor,Turf,600,2002
12,Thu,2021-11-25,4:30PM,las_vegas_raiders,@,dallas_cowboys,36,33,509,0,437,2021,dallas_cowboys,AT&T Stadium,dallas_cowboys,Arlington,TX,32.7473,-97.0945,Indoor,Turf,639,2009
12,Thu,2021-11-25,8:20PM,buffalo_bills,@,new_orleans_saints,31,6,361,2,190,2021,new_orleans_saints,Caesars Superdome,new_orleans_saints,New Orleans,LA,29.9509,-90.0815,Indoor,Turf,3,1975
12,Sun,2021-11-28,1:00PM,atlanta_falcons,@,jacksonville_jaguars,21,14,332,1,357,2021,jacksonville_jaguars,TIAA Bank Field,jacksonville_jaguars,Jacksonville,FL,30.3239,-81.6373,Outdoor,Grass,16,1995
12,Sun,2021-11-28,1:00PM,cincinnati_bengals,"",pittsburgh_steelers,41,10,370,1,301,2021,cincinnati_bengals,Paycor Stadium,cincinnati_bengals,Cincinnati,OH,39.0954,-84.516,Outdoor,Turf,482,2000
12,Sun,2021-11-28,1:00PM,new_york_jets,@,houston_texans,21,14,266,1,202,2021,houston_texans,NRG Stadium,houston_texans,Houston,TX,29.6847,-95.4107,Indoor,Turf,50,2002
12,Sun,2021-11-28,1:00PM,new_york_giants,"",philadelphia_eagles,13,7,264,0,332,2021,new_york_giants,MetLife Stadium,new_york_giants,East Rutherford,NJ,40.8136,-74.0744,Outdoor,Turf,3,2010
12,Sun,2021-11-28,1:00PM,miami_dolphins,"",carolina_panthers,33,10,315,1,198,2021,miami_dolphins,Hard Rock Stadium,miami_dolphins,Miami Gardens,FL,25.958,-80.238,Outdoor,Grass,7,1987
12,Sun,2021-11-28,1:00PM,tampa_bay_buccaneers,@,indianapolis_colts,38,31,359,2,392,2021,indianapolis_colts,Lucas Oil Stadium,indianapolis_colts,Indianapolis,IN,39.7601,-86.1639,Indoor,Turf,700,2008
12,Sun,2021-11-28,1:00PM,new_england_patriots,"",tennessee_titans,36,13,394,0,355,2021,new_england_patriots,Gillette Stadium,new_england_patriots,Foxborough,MA,42.0909,-71.2643,Outdoor,Turf,289,2002
12,Sun,2021-11-28,4:05PM,denver_broncos,"",los_angeles_chargers,28,13,302,1,357,2021,denver_broncos,Empower Field at Mile High,denver_broncos,Denver,CO,39.7439,-105.0201,Outdoor,Turf,5280,2001
12,Sun,2021-11-28,4:25PM,san_francisco_49ers,"",minnesota_vikings,34,26,423,1,323,2021,san_francisco_49ers,Levi's Stadium,san_francisco_49ers,Santa Clara,CA,37.403,-121.9692,Outdoor,Grass,13,2014
12,Sun,2021-11-28,4:25PM,green_bay_packers,"",los_angeles_rams,36,28,399,1,353,2021,green_bay_packers,Lambeau Field,green_bay_packers,Green Bay,WI,44.5013,-88.0622,Outdoor,Grass,640,1957
12,Sun,2021-11-28,8:20PM,baltimore_ravens,"",cleveland_browns,16,10,303,4,262,2021,baltimore_ravens,M&T Bank Stadium,baltimore_ravens,Baltimore,MD,39.2779,-76.6227,Outdoor,Grass,10,1998
12,Mon,2021-11-29,8:15PM,washington_commanders,"",seattle_seahawks,17,15,371,1,267,2021,washington_commanders,FedExField,washington_commanders,Landover,MD,38.9078,-76.8645,Outdoor,Grass,300,1997
13,Thu,2021-12-02,8:20PM,dallas_cowboys,@,new_orleans_saints,27,17,377,1,405,2021,new_orleans_saints,Caesars Superdome,new_orleans_saints,New Orleans,LA,29.9509,-90.0815,Indoor,Turf,3,1975
13,Sun,2021-12-05,1:00PM,tampa_bay_buccaneers,@,atlanta_falcons,30,17,425,1,380,2021,atlanta_falcons,Mercedes-Benz Stadium,atlanta_falcons,Atlanta,GA,33.755,-84.4008,Indoor,Turf,1050,2017
13,Sun,2021-12-05,1:00PM,arizona_cardinals,@,chicago_bears,33,22,257,0,329,2021,chicago_bears,Soldier Field,chicago_bears,Chicago,IL,41.8623,-87.6167,Outdoor,Grass,595,1924
13,Sun,2021-12-05,1:00PM,los_angeles_chargers,@,cincinnati_bengals,41,22,363,3,356,2021,cincinnati_bengals,Paycor Stadium,cincinnati_bengals,Cincinnati,OH,39.0954,-84.516,Outdoor,Turf,482,2000
13,Sun,2021-12-05,1:00PM,detroit_lions,"",minnesota_vikings,29,27,372,2,426,2021,detroit_lions,Ford Field,detroit_lions,Detroit,MI,42.34,-83.0456,Indoor,Turf,600,2002
13,Sun,2021-12-05,1:00PM,philadelphia_eagles,@,new_york_jets,33,18,418,0,281,2021,new_york_jets,MetLife Stadium,new_york_jets,East Rutherford,NJ,40.8136,-74.0744,Outdoor,Turf,3,2010
13,Sun,2021-12-05,1:00PM,indianapolis_colts,@,houston_texans,31,0,389,1,141,2021,houston_texans,NRG Stadium,houston_texans,Houston,TX,29.6847,-95.4107,Indoor,Turf,50,2002
13,Sun,2021-12-05,1:00PM,miami_dolphins,"",new_york_giants,20,9,297,0,250,2021,miami_dolphins,Hard Rock Stadium,miami_dolphins,Miami Gardens,FL,25.958,-80.238,Outdoor,Grass,7,1987
13,Sun,2021-12-05,4:00PM,seattle_seahawks,"",san_francisco_49ers,30,23,327,3,365,2021,seattle_seahawks,Lumen Field,seattle_seahawks,Seattle,WA,47.5952,-122.3316,Outdoor,Turf,20,2002
13,Sun,2021-12-05,4:05PM,washington_commanders,@,las_vegas_raiders,17,15,298,1,310,2021,las_vegas_raiders,Allegiant Stadium,las_vegas_raiders,Las Vegas,NV,36.0908,-115.183,Indoor,Turf,2001,2020
13,Sun,2021-12-05,4:25PM,los_angeles_rams,"",jacksonville_jaguars,37,7,418,0,197,2021,los_angeles_rams,SoFi Stadium,los_angeles_rams,Inglewood,CA,33.9535,-118.3392,Outdoor,Turf,100,2020
13,Sun,2021-12-05,4:25PM,pittsburgh_steelers,"",baltimore_ravens,20,19,321,0,326,2021,pittsburgh_steelers,Acrisure Stadium,pittsburgh_steelers,Pittsburgh,PA,40.4468,-80.0158,Outdoor,Grass,730,2001
13,Sun,2021-12-05,8:20PM,kansas_city_chiefs,"",denver_broncos,22,9,267,1,404,2021,kansas_city_chiefs,GEHA Field at Arrowhead Stadium,kansas_city_chiefs,Kansas City,MO,39.049,-94.4839,Outdoor,Grass,1020,1972
13,Mon,2021-12-06,8:15PM,new_england_patriots,@,buffalo_bills,14,10,241,1,230,2021,buffalo_bills,Highmark Stadium,buffalo_bills,Orchard Park,NY,42.7738,-78.7868,Outdoor,Grass,600,1973
14,Thu,2021-12-09,8:20PM,minnesota_vikings,"",pittsburgh_steelers,36,28,458,2,375,2021,minnesota_vikings,U.S. Bank Stadium,minnesota_vikings,Minneapolis,MN,44.974,-93.2581,Indoor,Turf,840,2016
14,Sun,2021-12-12,1:00PM,atlanta_falcons,@,carolina_panthers,29,21,318,1,334,2021,carolina_panthers,Bank of America Stadium,carolina_panthers,Charlotte,NC,35.2258,-80.8528,Outdoor,Grass,748,1996
14,Sun,2021-12-12,1:00PM,san_francisco_49ers,@,cincinnati_bengals,26,23,355,0,397,2021,cincinnati_bengals,Paycor Stadium,cincinnati_bengals,Cincinnati,OH,39.0954,-84.516,Outdoor,Turf,482,2000
14,Sun,2021-12-12,1:00PM,cleveland_browns,"",baltimore_ravens,24,22,290,1,389,2021,cleveland_browns,FirstEnergy Stadium,cleveland_browns,Cleveland,OH,41.5061,-81.6995,Outdoor,Grass,577,1999
14,Sun,2021-12-12,1:00PM,dallas_cowboys,@,washington_commanders,27,20,323,2,224,2021,washington_commanders,FedExField,washington_commanders,Landover,MD,38.9078,-76.8645,Outdoor,Grass,300,1997
14,Sun,2021-12-12,1:00PM,seattle_seahawks,@,houston_texans,33,13,453,0,380,2021,houston_texans,NRG Stadium,houston_texans,Houston,TX,29.6847,-95.4107,Indoor,Turf,50,2002
14,Sun,2021-12-12,1:00PM,tennessee_titans,"",jacksonville_jaguars,20,0,263,0,192,2021,tennessee_titans,Nissan Stadium,tennessee_titans,Nashville,TN,36.1665,-86.7713,Outdoor,Grass,476,1999
14,Sun,2021-12-12,1:00PM,kansas_city_chiefs,"",las_vegas_raiders,48,9,372,0,290,2021,kansas_city_chiefs,GEHA Field at Arrowhead Stadium,kansas_city_chiefs,Kansas City,MO,39.049,-94.4839,Outdoor,Grass,1020,1972
14,Sun,2021-12-12,1:00PM,new_orleans_saints,@,new_york_jets,30,9,344,0,256,2021,new_york_jets,MetLife Stadium,new_york_jets,East Rutherford,NJ,40.8136,-74.0744,Outdoor,Turf,3,2010
14,Sun,2021-12-12,4:05PM,denver_broncos,"",detroit_lions,38,10,358,0,316,2021,denver_broncos,Empower Field at Mile High,denver_broncos,Denver,CO,39.7439,-105.0201,Outdoor,Turf,5280,2001
14,Sun,2021-12-12,4:05PM,los_angeles_chargers,"",new_york_giants,37,21,423,0,316,2021,los_angeles_chargers,SoFi Stadium,los_angeles_chargers,Inglewood,CA,33.9535,-118.3392,Outdoor,Turf,100,2020
14,Sun,2021-12-12,4:25PM,tampa_bay_buccaneers,"",buffalo_bills,33,27,488,0,466,2021,tampa_bay_buccaneers,Raymond James Stadium,tampa_bay_buccaneers,Tampa,FL,27.9759,-82.5033,Outdoor,Grass,26,1998
14,Sun,2021-12-12,8:20PM,green_bay_packers,"",chicago_bears,45,30,439,0,347,2021,green_bay_packers,Lambeau Field,green_bay_packers,Green Bay,WI,44.5013,-88.0622,Outdoor,Grass,640,1957
14,Mon,2021-12-13,8:15PM,los_angeles_rams,@,arizona_cardinals,30,23,356,0,447,2021,arizona_cardinals,State Farm Stadium,arizona_cardinals,Glendale,AZ,33.5275,-112.2625,Indoor,Turf,1070,2006
15,Thu,2021-12-16,8:20PM,kansas_city_chiefs,@,los_angeles_chargers,34,28,496,2,428,2021,los_angeles_chargers,SoFi Stadium,los_angeles_chargers,Inglewood,CA,33.9535,-118.3392,Outdoor,Turf,100,2020
15,Sat,2021-12-18,8:20PM,indianapolis_colts,"",new_england_patriots,27,17,275,1,365,2021,indianapolis_colts,Lucas Oil Stadium,indianapolis_colts,Indianapolis,IN,39.7601,-86.1639,Indoor,Turf,700,2008
15,Sun,2021-12-19,1:00PM,buffalo_bills,"",carolina_panthers,31,14,312,1,275,2021,buffalo_bills,Highmark Stadium,buffalo_bills,Orchard Park,NY,42.7738,-78.7868,Outdoor,Grass,600,1973
15,Sun,2021-12-19,1:00PM,detroit_lions,"",arizona_cardinals,30,12,338,1,398,2021,detroit_lions,Ford Field,detroit_lions,Detroit,MI,42.34,-83.0456,Indoor,Turf,600,2002
15,Sun,2021-12-19,1:00PM,dallas_cowboys,@,new_york_giants,21,6,328,1,302,2021,new_york_giants,MetLife Stadium,new_york_giants,East Rutherford,NJ,40.8136,-74.0744,Outdoor,Turf,3,2010
15,Sun,2021-12-19,1:00PM,green_bay_packers,@,baltimore_ravens,31,30,346,0,354,2021,baltimore_ravens,M&T Bank Stadium,baltimore_ravens,Baltimore,MD,39.2779,-76.6227,Outdoor,Grass,10,1998
15,Sun,2021-12-19,1:00PM,houston_texans,@,jacksonville_jaguars,30,16,281,1,296,2021,jacksonville_jaguars,TIAA Bank Field,jacksonville_jaguars,Jacksonville,FL,30.3239,-81.6373,Outdoor,Grass,16,1995
15,Sun,2021-12-19,1:00PM,miami_dolphins,"",new_york_jets,31,24,379,3,228,2021,miami_dolphins,Hard Rock Stadium,miami_dolphins,Miami Gardens,FL,25.958,-80.238,Outdoor,Grass,7,1987
15,Sun,2021-12-19,1:00PM,pittsburgh_steelers,"",tennessee_titans,19,13,168,0,318,2021,pittsburgh_steelers,Acrisure Stadium,pittsburgh_steelers,Pittsburgh,PA,40.4468,-80.0158,Outdoor,Grass,730,2001
15,Sun,2021-12-19,4:05PM,san_francisco_49ers,"",atlanta_falcons,31,13,397,1,275,2021,san_francisco_49ers,Levi's Stadium,san_francisco_49ers,Santa Clara,CA,37.403,-121.9692,Outdoor,Grass,13,2014
15,Sun,2021-12-19,4:05PM,cincinnati_bengals,@,denver_broncos,15,10,249,0,292,2021,denver_broncos,Empower Field at Mile High,denver_broncos,Denver,CO,39.7439,-105.0201,Outdoor,Turf,5280,2001
15,Sun,2021-12-19,8:20PM,new_orleans_saints,@,tampa_bay_buccaneers,9,0,212,0,302,2021,tampa_bay_buccaneers,Raymond James Stadium,tampa_bay_buccaneers,Tampa,FL,27.9759,-82.5033,Outdoor,Grass,26,1998
15,Mon,2021-12-20,5:00PM,las_vegas_raiders,@,cleveland_browns,16,14,328,2,236,2021,cleveland_browns,FirstEnergy Stadium,cleveland_browns,Cleveland,OH,41.5061,-81.6995,Outdoor,Grass,577,1999
15,Mon,2021-12-20,8:15PM,minnesota_vikings,@,chicago_bears,17,9,193,1,370,2021,chicago_bears,Soldier Field,chicago_bears,Chicago,IL,41.8623,-87.6167,Outdoor,Grass,595,1924
15,Tue,2021-12-21,7:00PM,philadelphia_eagles,"",washington_commanders,27,17,519,2,237,2021,philadelphia_eagles,Lincoln Financial Field,philadelphia_eagles,Philadelphia,PA,39.9008,-75.1675,Outdoor,Grass,30,2003
15,Tue,2021-12-21,7:00PM,los_angeles_rams,"",seattle_seahawks,20,10,332,1,214,2021,los_angeles_rams,SoFi Stadium,los_angeles_rams,Inglewood,CA,33.9535,-118.3392,Outdoor,Turf,100,2020
16,Thu,2021-12-23,8:20PM,tennessee_titans,"",san_francisco_49ers,20,17,278,0,389,2021,tennessee_titans,Nissan Stadium,tennessee_titans,Nashville,TN,36.1665,-86.7713,Outdoor,Grass,476,1999
16,Sat,2021-12-25,4:30PM,green_bay_packers,"",cleveland_browns,24,22,311,0,408,2021,green_bay_packers,Lambeau Field,green_bay_packers,Green Bay,WI,44.5013,-88.0622,Outdoor,Grass,640,1957
16,Sat,2021-12-25,8:15PM,indianapolis_colts,@,arizona_cardinals,22,16,346,0,378,2021,arizona_cardinals,State Farm Stadium,arizona_cardinals,Glendale,AZ,33.5275,-112.2625,Indoor,Turf,1070,2006
16,Sun,2021-12-26,1:00PM,atlanta_falcons,"",detroit_lions,20,16,254,1,338,2021,atlanta_falcons,Mercedes-Benz Stadium,atlanta_falcons,Atlanta,GA,33.755,-84.4008,Indoor,Turf,1050,2017
16,Sun,2021-12-26,1:00PM,buffalo_bills,@,new_england_patriots,33,21,428,0,288,2021,new_england_patriots,Gillette Stadium,new_england_patriots,Foxborough,MA,42.0909,-71.2643,Outdoor,Turf,289,2002
16,Sun,2021-12-26,1:00PM,tampa_bay_buccaneers,@,carolina_panthers,32,6,391,0,273,2021,carolina_panthers,Bank of America Stadium,carolina_panthers,Charlotte,NC,35.2258,-80.8528,Outdoor,Grass,748,1996
16,Sun,2021-12-26,1:00PM,cincinnati_bengals,"",baltimore_ravens,41,21,575,0,334,2021,cincinnati_bengals,Paycor Stadium,cincinnati_bengals,Cincinnati,OH,39.0954,-84.516,Outdoor,Turf,482,2000
16,Sun,2021-12-26,1:00PM,houston_texans,"",los_angeles_chargers,41,29,437,0,417,2021,houston_texans,NRG Stadium,houston_texans,Houston,TX,29.6847,-95.4107,Indoor,Turf,50,2002
16,Sun,2021-12-26,1:00PM,new_york_jets,"",jacksonville_jaguars,26,21,373,0,384,2021,new_york_jets,MetLife Stadium,new_york_jets,East Rutherford,NJ,40.8136,-74.0744,Outdoor,Turf,3,2010
16,Sun,2021-12-26,1:00PM,los_angeles_rams,@,minnesota_vikings,30,23,356,3,361,2021,minnesota_vikings,U.S. Bank Stadium,minnesota_vikings,Minneapolis,MN,44.974,-93.2581,Indoor,Turf,840,2016
16,Sun,2021-12-26,1:00PM,philadelphia_eagles,"",new_york_giants,34,10,324,0,192,2021,philadelphia_eagles,Lincoln Financial Field,philadelphia_eagles,Philadelphia,PA,39.9008,-75.1675,Outdoor,Grass,30,2003
16,Sun,2021-12-26,4:05PM,chicago_bears,@,seattle_seahawks,25,24,317,0,331,2021,seattle_seahawks,Lumen Field,seattle_seahawks,Seattle,WA,47.5952,-122.3316,Outdoor,Turf,20,2002
16,Sun,2021-12-26,4:25PM,las_vegas_raiders,"",denver_broncos,17,13,342,3,158,2021,las_vegas_raiders,Allegiant Stadium,las_vegas_raiders,Las Vegas,NV,36.0908,-115.183,Indoor,Turf,2001,2020
16,Sun,2021-12-26,4:25PM,kansas_city_chiefs,"",pittsburgh_steelers,36,10,381,0,303,2021,kansas_city_chiefs,GEHA Field at Arrowhead Stadium,kansas_city_chiefs,Kansas City,MO,39.049,-94.4839,Outdoor,Grass,1020,1972
16,Sun,2021-12-26,8:20PM,dallas_cowboys,"",washington_commanders,56,14,497,0,257,2021,dallas_cowboys,AT&T Stadium,dallas_cowboys,Arlington,TX,32.7473,-97.0945,Indoor,Turf,639,2009
16,Mon,2021-12-27,8:15PM,miami_dolphins,@,new_orleans_saints,20,3,259,1,164,2021,new_orleans_saints,Caesars Superdome,new_orleans_saints,New Orleans,LA,29.9509,-90.0815,Indoor,Turf,3,1975
17,Sun,2022-01-02,1:00PM,buffalo_bills,"",atlanta_falcons,29,15,351,3,265,2022,buffalo_bills,Highmark Stadium,buffalo_bills,Orchard Park,NY,42.7738,-78.7868,Outdoor,Grass,600,1973
17,Sun,2022-01-02,1:00PM,new_orleans_saints,"",carolina_panthers,18,10,280,0,178,2022,new_orleans_saints,Caesars Superdome,new_orleans_saints,New Orleans,LA,29.9509,-90.0815,Indoor,Turf,3,1975
17,Sun,2022-01-02,1:00PM,chicago_bears,"",new_york_giants,29,3,249,2,155,2022,chicago_bears,Soldier Field,chicago_bears,Chicago,IL,41.8623,-87.6167,Outdoor,Grass,595,1924
17,Sun,2022-01-02,1:00PM,cincinnati_bengals,"",kansas_city_chiefs,34,31,475,0,414,2022,cincinnati_bengals,Paycor Stadium,cincinnati_bengals,Cincinnati,OH,39.0954,-84.516,Outdoor,Turf,482,2000
17,Sun,2022-01-02,1:00PM,las_vegas_raiders,@,indianapolis_colts,23,20,326,2,262,2022,indianapolis_colts,Lucas Oil Stadium,indianapolis_colts,Indianapolis,IN,39.7601,-86.1639,Indoor,Turf,700,2008
17,Sun,2022-01-02,1:00PM,new_england_patriots,"",jacksonville_jaguars,50,10,471,0,253,2022,new_england_patriots,Gillette Stadium,new_england_patriots,Foxborough,MA,42.0909,-71.2643,Outdoor,Turf,289,2002
17,Sun,2022-01-02,1:00PM,tennessee_titans,"",miami_dolphins,34,3,308,0,256,2022,tennessee_titans,Nissan Stadium,tennessee_titans,Nashville,TN,36.1665,-86.7713,Outdoor,Grass,476,1999
17,Sun,2022-01-02,1:00PM,tampa_bay_buccaneers,@,new_york_jets,28,24,467,1,374,2022,new_york_jets,MetLife Stadium,new_york_jets,East Rutherford,NJ,40.8136,-74.0744,Outdoor,Turf,3,2010
17,Sun,2022-01-02,1:00PM,philadelphia_eagles,@,washington_commanders,20,16,330,0,312,2022,washington_commanders,FedExField,washington_commanders,Landover,MD,38.9078,-76.8645,Outdoor,Grass,300,1997
17,Sun,2022-01-02,4:05PM,los_angeles_chargers,"",denver_broncos,34,13,341,0,319,2022,los_angeles_chargers,SoFi Stadium,los_angeles_chargers,Inglewood,CA,33.9535,-118.3392,Outdoor,Turf,100,2020
17,Sun,2022-01-02,4:05PM,san_francisco_49ers,"",houston_texans,23,7,416,1,222,2022,san_francisco_49ers,Levi's Stadium,san_francisco_49ers,Santa Clara,CA,37.403,-121.9692,Outdoor,Grass,13,2014
17,Sun,2022-01-02,4:25PM,arizona_cardinals,@,dallas_cowboys,25,22,399,0,301,2022,dallas_cowboys,AT&T Stadium,dallas_cowboys,Arlington,TX,32.7473,-97.0945,Indoor,Turf,639,2009
17,Sun,2022-01-02,4:25PM,seattle_seahawks,"",detroit_lions,51,29,497,0,357,2022,seattle_seahawks,Lumen Field,seattle_seahawks,Seattle,WA,47.5952,-122.3316,Outdoor,Turf,20,2002
17,Sun,2022-01-02,4:25PM,los_angeles_rams,@,baltimore_ravens,20,19,373,3,327,2022,baltimore_ravens,M&T Bank Stadium,baltimore_ravens,Baltimore,MD,39.2779,-76.6227,Outdoor,Grass,10,1998
17,Sun,2022-01-02,8:20PM,green_bay_packers,"",minnesota_vikings,37,10,481,0,206,2022,green_bay_packers,Lambeau Field,green_bay_packers,Green Bay,WI,44.5013,-88.0622,Outdoor,Grass,640,1957
17,Mon,2022-01-03,8:15PM,pittsburgh_steelers,"",cleveland_browns,26,14,299,1,232,2022,pittsburgh_steelers,Acrisure Stadium,pittsburgh_steelers,Pittsburgh,PA,40.4468,-80.0158,Outdoor,Grass,730,2001
18,Sat,2022-01-08,4:30PM,kansas_city_chiefs,@,denver_broncos,28,24,390,0,364,2022,denver_broncos,Empower Field at Mile High,denver_broncos,Denver,CO,39.7439,-105.0201,Outdoor,Turf,5280,2001
18,Sat,2022-01-08,8:15PM,dallas_cowboys,@,philadelphia_eagles,51,26,475,0,315,2022,philadelphia_eagles,Lincoln Financial Field,philadelphia_eagles,Philadelphia,PA,39.9008,-75.1675,Outdoor,Grass,30,2003
18,Sun,2022-01-09,1:00PM,new_orleans_saints,@,atlanta_falcons,30,20,369,0,257,2022,atlanta_falcons,Mercedes-Benz Stadium,atlanta_falcons,Atlanta,GA,33.755,-84.4008,Indoor,Turf,1050,2017
18,Sun,2022-01-09,1:00PM,tampa_bay_buccaneers,"",carolina_panthers,41,17,409,0,317,2022,tampa_bay_buccaneers,Raymond James Stadium,tampa_bay_buccaneers,Tampa,FL,27.9759,-82.5033,Outdoor,Grass,26,1998
18,Sun,2022-01-09,1:00PM,minnesota_vikings,"",chicago_bears,31,17,331,0,356,2022,minnesota_vikings,U.S. Bank Stadium,minnesota_vikings,Minneapolis,MN,44.974,-93.2581,Indoor,Turf,840,2016
18,Sun,2022-01-09,1:00PM,cleveland_browns,"",cincinnati_bengals,21,16,376,2,182,2022,cleveland_browns,FirstEnergy Stadium,cleveland_browns,Cleveland,OH,41.5061,-81.6995,Outdoor,Grass,577,1999
18,Sun,2022-01-09,1:00PM,jacksonville_jaguars,"",indianapolis_colts,26,11,318,0,233,2022,jacksonville_jaguars,TIAA Bank Field,jacksonville_jaguars,Jacksonville,FL,30.3239,-81.6373,Outdoor,Grass,16,1995
18,Sun,2022-01-09,1:00PM,detroit_lions,"",green_bay_packers,37,30,404,0,378,2022,detroit_lions,Ford Field,detroit_lions,Detroit,MI,42.34,-83.0456,Indoor,Turf,600,2002
18,Sun,2022-01-09,1:00PM,tennessee_titans,@,houston_texans,28,25,405,0,353,2022,houston_texans,NRG Stadium,houston_texans,Houston,TX,29.6847,-95.4107,Indoor,Turf,50,2002
18,Sun,2022-01-09,1:00PM,miami_dolphins,"",new_england_patriots,33,24,298,0,379,2022,miami_dolphins,Hard Rock Stadium,miami_dolphins,Miami Gardens,FL,25.958,-80.238,Outdoor,Grass,7,1987
18,Sun,2022-01-09,1:00PM,washington_commanders,@,new_york_giants,22,7,325,0,177,2022,new_york_giants,MetLife Stadium,new_york_giants,East Rutherford,NJ,40.8136,-74.0744,Outdoor,Turf,3,2010
18,Sun,2022-01-09,1:00PM,pittsburgh_steelers,@,baltimore_ravens,16,13,314,1,381,2022,baltimore_ravens,M&T Bank Stadium,baltimore_ravens,Baltimore,MD,39.2779,-76.6227,Outdoor,Grass,10,1998
18,Sun,2022-01-09,4:25PM,buffalo_bills,"",new_york_jets,27,10,424,0,53,2022,buffalo_bills,Highmark Stadium,buffalo_bills,Orchard Park,NY,42.7738,-78.7868,Outdoor,Grass,600,1973
18,Sun,2022-01-09,4:25PM,seattle_seahawks,@,arizona_cardinals,38,30,431,2,305,2022,arizona_cardinals,State Farm Stadium,arizona_cardinals,Glendale,AZ,33.5275,-112.2625,Indoor,Turf,1070,2006
18,Sun,2022-01-09,4:25PM,san_francisco_49ers,@,los_angeles_rams,27,24,449,2,265,2022,los_angeles_rams,SoFi Stadium,los_angeles_rams,Inglewood,CA,33.9535,-118.3392,Outdoor,Turf,100,2020
18,Sun,2022-01-09,8:25PM,las_vegas_raiders,"",los_angeles_chargers,35,32,346,0,440,2022,las_vegas_raiders,Allegiant Stadium,las_vegas_raiders,Las Vegas,NV,36.0908,-115.183,Indoor,Turf,2001,2020
18,Sat,2022-01-15,4:30PM,cincinnati_bengals,"",las_vegas_raiders,26,19,308,0,385,2022,cincinnati_bengals,Paycor Stadium,cincinnati_bengals,Cincinnati,OH,39.0954,-84.516,Outdoor,Turf,482,2000
18,Sat,2022-01-15,8:15PM,buffalo_bills,"",new_england_patriots,47,17,482,0,305,2022,buffalo_bills,Highmark Stadium,buffalo_bills,Orchard Park,NY,42.7738,-78.7868,Outdoor,Grass,600,1973
18,Sun,2022-01-16,1:00PM,tampa_bay_buccaneers,"",philadelphia_eagles,31,15,349,0,339,2022,tampa_bay_buccaneers,Raymond James Stadium,tampa_bay_buccaneers,Tampa,FL,27.9759,-82.5033,Outdoor,Grass,26,1998
18,Sun,2022-01-16,4:40PM,san_francisco_49ers,@,dallas_cowboys,23,17,341,1,307,2022,dallas_cowboys,AT&T Stadium,dallas_cowboys,Arlington,TX,32.7473,-97.0945,Indoor,Turf,639,2009
18,Sun,2022-01-16,8:15PM,kansas_city_chiefs,"",pittsburgh_steelers,42,21,478,2,257,2022,kansas_city_chiefs,GEHA Field at Arrowhead Stadium,kansas_city_chiefs,Kansas City,MO,39.049,-94.4839,Outdoor,Grass,1020,1972
18,Mon,2022-01-17,8:15PM,los_angeles_rams,"",arizona_cardinals,34,11,375,0,183,2022,los_angeles_rams,SoFi Stadium,los_angeles_rams,Inglewood,CA,33.9535,-118.3392,Outdoor,Turf,100,2020
19,Sat,2022-01-22,4:30PM,cincinnati_bengals,@,tennessee_titans,19,16,345,1,353,2022,tennessee_titans,Nissan Stadium,tennessee_titans,Nashville,TN,36.1665,-86.7713,Outdoor,Grass,476,1999
19,Sat,2022-01-22,8:15PM,san_francisco_49ers,@,green_bay_packers,13,10,212,1,263,2022,green_bay_packers,Lambeau Field,green_bay_packers,Green Bay,WI,44.5013,-88.0622,Outdoor,Grass,640,1957
19,Sun,2022-01-23,3:00PM,los_angeles_rams,@,tampa_bay_buccaneers,30,27,428,4,359,2022,tampa_bay_buccaneers,Raymond James Stadium,tampa_bay_buccaneers,Tampa,FL,27.9759,-82.5033,Outdoor,Grass,26,1998
19,Sun,2022-01-23,6:30PM,kansas_city_chiefs,"",buffalo_bills,42,36,552,0,422,2022,kansas_city_chiefs,GEHA Field at Arrowhead Stadium,kansas_city_chiefs,Kansas City,MO,39.049,-94.4839,Outdoor,Grass,1020,1972
20,Sun,2022-01-30,3:00PM,cincinnati_bengals,@,kansas_city_chiefs,27,24,359,1,375,2022,kansas_city_chiefs,GEHA Field at Arrowhead Stadium,kansas_city_chiefs,Kansas City,MO,39.049,-94.4839,Outdoor,Grass,1020,1972
20,Sun,2022-01-30,6:30PM,los_angeles_rams,"",san_francisco_49ers,20,17,396,1,282,2022,los_angeles_rams,SoFi Stadium,los_angeles_rams,Inglewood,CA,33.9535,-118.3392,Outdoor,Turf,100,2020
21,Sun,2022-02-13,6:30PM,los_angeles_rams,N,cincinnati_bengals,23,20,313,2,305,2022,los_angeles_rams,SoFi Stadium,los_angeles_rams,Inglewood,CA,33.9535,-118.3392,Outdoor,Turf,100,2020
1,Thu,2022-09-08,8:20PM,buffalo_bills,@,los_angeles_rams,31,10,413,4,243,2022,los_angeles_rams,SoFi Stadium,los_angeles_rams,Inglewood,CA,33.9535,-118.3392,Outdoor,Turf,100,2020
1,Sun,2022-09-11,1:00PM,new_orleans_saints,@,atlanta_falcons,27,26,385,1,416,2022,atlanta_falcons,Mercedes-Benz Stadium,atlanta_falcons,Atlanta,GA,33.755,-84.4008,Indoor,Turf,1050,2017
1,Sun,2022-09-11,1:00PM,cleveland_browns,@,carolina_panthers,26,24,355,0,261,2022,carolina_panthers,Bank of America Stadium,carolina_panthers,Charlotte,NC,35.2258,-80.8528,Outdoor,Grass,748,1996
1,Sun,2022-09-11,1:00PM,chicago_bears,"",san_francisco_49ers,19,10,204,1,331,2022,chicago_bears,Soldier Field,chicago_bears,Chicago,IL,41.8623,-87.6167,Outdoor,Grass,595,1924
1,Sun,2022-09-11,1:00PM,pittsburgh_steelers,@,cincinnati_bengals,23,20,267,0,432,2022,cincinnati_bengals,Paycor Stadium,cincinnati_bengals,Cincinnati,OH,39.0954,-84.516,Outdoor,Turf,482,2000
1,Sun,2022-09-11,1:00PM,houston_texans,"",indianapolis_colts,20,20,299,1,517,2022,houston_texans,NRG Stadium,houston_texans,Houston,TX,29.6847,-95.4107,Indoor,Turf,50,2002
1,Sun,2022-09-11,1:00PM,philadelphia_eagles,@,detroit_lions,38,35,455,0,386,2022,detroit_lions,Ford Field,detroit_lions,Detroit,MI,42.34,-83.0456,Indoor,Turf,600,2002
1,Sun,2022-09-11,1:00PM,washington_commanders,"",jacksonville_jaguars,28,22,390,3,383,2022,washington_commanders,FedExField,washington_commanders,Landover,MD,38.9078,-76.8645,Outdoor,Grass,300,1997
1,Sun,2022-09-11,1:00PM,miami_dolphins,"",new_england_patriots,20,7,307,0,271,2022,miami_dolphins,Hard Rock Stadium,miami_dolphins,Miami Gardens,FL,25.958,-80.238,Outdoor,Grass,7,1987
1,Sun,2022-09-11,1:00PM,baltimore_ravens,@,new_york_jets,24,9,274,1,380,2022,new_york_jets,MetLife Stadium,new_york_jets,East Rutherford,NJ,40.8136,-74.0744,Outdoor,Turf,3,2010
1,Sun,2022-09-11,4:25PM,kansas_city_chiefs,@,arizona_cardinals,44,21,488,1,282,2022,arizona_cardinals,State Farm Stadium,arizona_cardinals,Glendale,AZ,33.5275,-112.2625,Indoor,Turf,1070,2006
1,Sun,2022-09-11,4:25PM,minnesota_vikings,"",green_bay_packers,23,7,395,0,338,2022,minnesota_vikings,U.S. Bank Stadium,minnesota_vikings,Minneapolis,MN,44.974,-93.2581,Indoor,Turf,840,2016
1,Sun,2022-09-11,4:25PM,new_york_giants,@,tennessee_titans,21,20,394,2,359,2022,tennessee_titans,Nissan Stadium,tennessee_titans,Nashville,TN,36.1665,-86.7713,Outdoor,Grass,476,1999
1,Sun,2022-09-11,4:25PM,los_angeles_chargers,"",las_vegas_raiders,24,19,355,0,320,2022,los_angeles_chargers,SoFi Stadium,los_angeles_chargers,Inglewood,CA,33.9535,-118.3392,Outdoor,Turf,100,2020
1,Sun,2022-09-11,8:20PM,tampa_bay_buccaneers,@,dallas_cowboys,19,3,347,1,244,2022,dallas_cowboys,AT&T Stadium,dallas_cowboys,Arlington,TX,32.7473,-97.0945,Indoor,Turf,639,2009
1,Mon,2022-09-12,8:20PM,seattle_seahawks,"",denver_broncos,17,16,253,1,433,2022,seattle_seahawks,Lumen Field,seattle_seahawks,Seattle,WA,47.5952,-122.3316,Outdoor,Turf,20,2002
2,Thu,2022-09-15,8:15PM,kansas_city_chiefs,"",los_angeles_chargers,27,24,319,0,401,2022,kansas_city_chiefs,GEHA Field at Arrowhead Stadium,kansas_city_chiefs,Kansas City,MO,39.049,-94.4839,Outdoor,Grass,1020,1972
2,Sun,2022-09-18,1:00PM,new_york_giants,"",carolina_panthers,19,16,265,0,275,2022,new_york_giants,MetLife Stadium,new_york_giants,East Rutherford,NJ,40.8136,-74.0744,Outdoor,Turf,3,2010
2,Sun,2022-09-18,1:00PM,new_york_jets,@,cleveland_browns,31,30,402,1,405,2022,cleveland_browns,FirstEnergy Stadium,cleveland_browns,Cleveland,OH,41.5061,-81.6995,Outdoor,Grass,577,1999
2,Sun,2022-09-18,1:00PM,jacksonville_jaguars,"",indianapolis_colts,24,0,331,0,218,2022,jacksonville_jaguars,TIAA Bank Field,jacksonville_jaguars,Jacksonville,FL,30.3239,-81.6373,Outdoor,Grass,16,1995
2,Sun,2022-09-18,1:00PM,detroit_lions,"",washington_commanders,36,27,425,0,396,2022,detroit_lions,Ford Field,detroit_lions,Detroit,MI,42.34,-83.0456,Indoor,Turf,600,2002
2,Sun,2022-09-18,1:00PM,miami_dolphins,@,baltimore_ravens,42,38,547,2,473,2022,baltimore_ravens,M&T Bank Stadium,baltimore_ravens,Baltimore,MD,39.2779,-76.6227,Outdoor,Grass,10,1998
2,Sun,2022-09-18,1:00PM,tampa_bay_buccaneers,@,new_orleans_saints,20,10,260,1,308,2022,new_orleans_saints,Caesars Superdome,new_orleans_saints,New Orleans,LA,29.9509,-90.0815,Indoor,Turf,3,1975
2,Sun,2022-09-18,1:00PM,new_england_patriots,@,pittsburgh_steelers,17,14,376,1,243,2022,pittsburgh_steelers,Acrisure Stadium,pittsburgh_steelers,Pittsburgh,PA,40.4468,-80.0158,Outdoor,Grass,730,2001
2,Sun,2022-09-18,4:05PM,los_angeles_rams,"",atlanta_falcons,31,27,337,3,261,2022,los_angeles_rams,SoFi Stadium,los_angeles_rams,Inglewood,CA,33.9535,-118.3392,Outdoor,Turf,100,2020
2,Sun,2022-09-18,4:05PM,san_francisco_49ers,"",seattle_seahawks,27,7,373,0,216,2022,san_francisco_49ers,Levi's Stadium,san_francisco_49ers,Santa Clara,CA,37.403,-121.9692,Outdoor,Grass,13,2014
2,Sun,2022-09-18,4:25PM,dallas_cowboys,"",cincinnati_bengals,20,17,337,1,254,2022,dallas_cowboys,AT&T Stadium,dallas_cowboys,Arlington,TX,32.7473,-97.0945,Indoor,Turf,639,2009
2,Sun,2022-09-18,4:25PM,arizona_cardinals,@,las_vegas_raiders,29,23,413,1,324,2022,las_vegas_raiders,Allegiant Stadium,las_vegas_raiders,Las Vegas,NV,36.0908,-115.183,Indoor,Turf,2001,2020
2,Sun,2022-09-18,4:25PM,denver_broncos,"",houston_texans,16,9,350,1,234,2022,denver_broncos,Empower Field at Mile High,denver_broncos,Denver,CO,39.7439,-105.0201,Outdoor,Turf,5280,2001
2,Sun,2022-09-18,8:20PM,green_bay_packers,"",chicago_bears,27,10,414,1,228,2022,green_bay_packers,Lambeau Field,green_bay_packers,Green Bay,WI,44.5013,-88.0622,Outdoor,Grass,640,1957
2,Mon,2022-09-19,7:15PM,buffalo_bills,"",tennessee_titans,41,7,414,0,187,2022,buffalo_bills,Highmark Stadium,buffalo_bills,Orchard Park,NY,42.7738,-78.7868,Outdoor,Grass,600,1973
2,Mon,2022-09-19,8:30PM,philadelphia_eagles,"",minnesota_vikings,24,7,486,1,264,2022,philadelphia_eagles,Lincoln Financial Field,philadelphia_eagles,Philadelphia,PA,39.9008,-75.1675,Outdoor,Grass,30,2003
3,Thu,2022-09-22,8:15PM,cleveland_browns,"",pittsburgh_steelers,29,17,376,0,308,2022,cleveland_browns,FirstEnergy Stadium,cleveland_browns,Cleveland,OH,41.5061,-81.6995,Outdoor,Grass,577,1999
3,Sun,2022-09-25,1:00PM,miami_dolphins,"",buffalo_bills,21,19,212,0,497,2022,miami_dolphins,Hard Rock Stadium,miami_dolphins,Miami Gardens,FL,25.958,-80.238,Outdoor,Grass,7,1987
3,Sun,2022-09-25,1:00PM,carolina_panthers,"",new_orleans_saints,22,14,293,0,426,2022,carolina_panthers,Bank of America Stadium,carolina_panthers,Charlotte,NC,35.2258,-80.8528,Outdoor,Grass,748,1996
3,Sun,2022-09-25,1:00PM,chicago_bears,"",houston_texans,23,20,363,2,329,2022,chicago_bears,Soldier Field,chicago_bears,Chicago,IL,41.8623,-87.6167,Outdoor,Grass,595,1924
3,Sun,2022-09-25,1:00PM,cincinnati_bengals,@,new_york_jets,27,12,330,1,328,2022,new_york_jets,MetLife Stadium,new_york_jets,East Rutherford,NJ,40.8136,-74.0744,Outdoor,Turf,3,2010
3,Sun,2022-09-25,1:00PM,indianapolis_colts,"",kansas_city_chiefs,20,17,259,1,315,2022,indianapolis_colts,Lucas Oil Stadium,indianapolis_colts,Indianapolis,IN,39.7601,-86.1639,Indoor,Turf,700,2008
3,Sun,2022-09-25,1:00PM,minnesota_vikings,"",detroit_lions,28,24,373,1,416,2022,minnesota_vikings,U.S. Bank Stadium,minnesota_vikings,Minneapolis,MN,44.974,-93.2581,Indoor,Turf,840,2016
3,Sun,2022-09-25,1:00PM,baltimore_ravens,@,new_england_patriots,37,26,394,2,447,2022,new_england_patriots,Gillette Stadium,new_england_patriots,Foxborough,MA,42.0909,-71.2643,Outdoor,Turf,289,2002
3,Sun,2022-09-25,1:00PM,tennessee_titans,"",las_vegas_raiders,24,22,361,1,396,2022,tennessee_titans,Nissan Stadium,tennessee_titans,Nashville,TN,36.1665,-86.7713,Outdoor,Grass,476,1999
3,Sun,2022-09-25,1:00PM,philadelphia_eagles,@,washington_commanders,24,8,400,0,240,2022,washington_commanders,FedExField,washington_commanders,Landover,MD,38.9078,-76.8645,Outdoor,Grass,300,1997
3,Sun,2022-09-25,4:05PM,jacksonville_jaguars,@,los_angeles_chargers,38,10,413,0,312,2022,los_angeles_chargers,SoFi Stadium,los_angeles_chargers,Inglewood,CA,33.9535,-118.3392,Outdoor,Turf,100,2020
3,Sun,2022-09-25,4:25PM,atlanta_falcons,@,seattle_seahawks,27,23,386,2,420,2022,seattle_seahawks,Lumen Field,seattle_seahawks,Seattle,WA,47.5952,-122.3316,Outdoor,Turf,20,2002
3,Sun,2022-09-25,4:25PM,los_angeles_rams,@,arizona_cardinals,20,12,339,1,365,2022,arizona_cardinals,State Farm Stadium,arizona_cardinals,Glendale,AZ,33.5275,-112.2625,Indoor,Turf,1070,2006
3,Sun,2022-09-25,4:25PM,green_bay_packers,@,tampa_bay_buccaneers,14,12,315,2,285,2022,tampa_bay_buccaneers,Raymond James Stadium,tampa_bay_buccaneers,Tampa,FL,27.9759,-82.5033,Outdoor,Grass,26,1998
3,Sun,2022-09-25,8:20PM,denver_broncos,"",san_francisco_49ers,11,10,261,0,267,2022,denver_broncos,Empower Field at Mile High,denver_broncos,Denver,CO,39.7439,-105.0201,Outdoor,Turf,5280,2001
3,Mon,2022-09-26,8:15PM,dallas_cowboys,@,new_york_giants,23,16,391,0,336,2022,new_york_giants,MetLife Stadium,new_york_giants,East Rutherford,NJ,40.8136,-74.0744,Outdoor,Turf,3,2010
4,Thu,2022-09-29,8:15PM,cincinnati_bengals,"",miami_dolphins,27,15,371,0,378,2022,cincinnati_bengals,Paycor Stadium,cincinnati_bengals,Cincinnati,OH,39.0954,-84.516,Outdoor,Turf,482,2000
4,Sun,2022-10-02,9:30AM,minnesota_vikings,@,new_orleans_saints,28,25,344,1,338,2022,new_orleans_saints,Caesars Superdome,new_orleans_saints,New Orleans,LA,29.9509,-90.0815,Indoor,Turf,3,1975
4,Sun,2022-10-02,1:00PM,atlanta_falcons,"",cleveland_browns,23,20,333,1,403,2022,atlanta_falcons,Mercedes-Benz Stadium,atlanta_falcons,Atlanta,GA,33.755,-84.4008,Indoor,Turf,1050,2017
4,Sun,2022-10-02,1:00PM,buffalo_bills,@,baltimore_ravens,23,20,326,2,296,2022,baltimore_ravens,M&T Bank Stadium,baltimore_ravens,Baltimore,MD,39.2779,-76.6227,Outdoor,Grass,10,1998
4,Sun,2022-10-02,1:00PM,new_york_giants,"",chicago_bears,20,12,333,2,304,2022,new_york_giants,MetLife Stadium,new_york_giants,East Rutherford,NJ,40.8136,-74.0744,Outdoor,Turf,3,2010
4,Sun,2022-10-02,1:00PM,tennessee_titans,@,indianapolis_colts,24,17,243,0,365,2022,indianapolis_colts,Lucas Oil Stadium,indianapolis_colts,Indianapolis,IN,39.7601,-86.1639,Indoor,Turf,700,2008
4,Sun,2022-10-02,1:00PM,dallas_cowboys,"",washington_commanders,25,10,279,0,297,2022,dallas_cowboys,AT&T Stadium,dallas_cowboys,Arlington,TX,32.7473,-97.0945,Indoor,Turf,639,2009
4,Sun,2022-10-02,1:00PM,seattle_seahawks,@,detroit_lions,48,45,555,1,520,2022,detroit_lions,Ford Field,detroit_lions,Detroit,MI,42.34,-83.0456,Indoor,Turf,600,2002
4,Sun,2022-10-02,1:00PM,los_angeles_chargers,@,houston_texans,34,24,419,1,346,2022,houston_texans,NRG Stadium,houston_texans,Houston,TX,29.6847,-95.4107,Indoor,Turf,50,2002
4,Sun,2022-10-02,1:00PM,philadelphia_eagles,"",jacksonville_jaguars,29,21,401,1,219,2022,philadelphia_eagles,Lincoln Financial Field,philadelphia_eagles,Philadelphia,PA,39.9008,-75.1675,Outdoor,Grass,30,2003
4,Sun,2022-10-02,1:00PM,new_york_jets,@,pittsburgh_steelers,24,20,348,2,297,2022,pittsburgh_steelers,Acrisure Stadium,pittsburgh_steelers,Pittsburgh,PA,40.4468,-80.0158,Outdoor,Grass,730,2001
4,Sun,2022-10-02,4:05PM,arizona_cardinals,@,carolina_panthers,26,16,338,1,220,2022,carolina_panthers,Bank of America Stadium,carolina_panthers,Charlotte,NC,35.2258,-80.8528,Outdoor,Grass,748,1996
4,Sun,2022-10-02,4:25PM,las_vegas_raiders,"",denver_broncos,32,23,385,0,299,2022,las_vegas_raiders,Allegiant Stadium,las_vegas_raiders,Las Vegas,NV,36.0908,-115.183,Indoor,Turf,2001,2020
4,Sun,2022-10-02,4:25PM,green_bay_packers,"",new_england_patriots,27,24,443,2,271,2022,green_bay_packers,Lambeau Field,green_bay_packers,Green Bay,WI,44.5013,-88.0622,Outdoor,Grass,640,1957
4,Sun,2022-10-02,8:20PM,kansas_city_chiefs,@,tampa_bay_buccaneers,41,31,417,1,376,2022,tampa_bay_buccaneers,Raymond James Stadium,tampa_bay_buccaneers,Tampa,FL,27.9759,-82.5033,Outdoor,Grass,26,1998
4,Mon,2022-10-03,8:15PM,san_francisco_49ers,"",los_angeles_rams,24,9,327,0,257,2022,san_francisco_49ers,Levi's Stadium,san_francisco_49ers,Santa Clara,CA,37.403,-121.9692,Outdoor,Grass,13,2014
5,Thu,2022-10-06,8:15PM,indianapolis_colts,@,denver_broncos,12,9,306,2,375,2022,denver_broncos,Empower Field at Mile High,denver_broncos,Denver,CO,39.7439,-105.0201,Outdoor,Turf,5280,2001
5,Sun,2022-10-09,9:30AM,new_york_giants,@,green_bay_packers,27,22,338,0,301,2022,green_bay_packers,Lambeau Field,green_bay_packers,Green Bay,WI,44.5013,-88.0622,Outdoor,Grass,640,1957
5,Sun,2022-10-09,1:00PM,tampa_bay_buccaneers,"",atlanta_falcons,21,15,420,0,261,2022,tampa_bay_buccaneers,Raymond James Stadium,tampa_bay_buccaneers,Tampa,FL,27.9759,-82.5033,Outdoor,Grass,26,1998
5,Sun,2022-10-09,1:00PM,buffalo_bills,"",pittsburgh_steelers,38,3,552,2,364,2022,buffalo_bills,Highmark Stadium,buffalo_bills,Orchard Park,NY,42.7738,-78.7868,Outdoor,Grass,600,1973
5,Sun,2022-10-09,1:00PM,minnesota_vikings,"",chicago_bears,29,22,429,1,271,2022,minnesota_vikings,U.S. Bank Stadium,minnesota_vikings,Minneapolis,MN,44.974,-93.2581,Indoor,Turf,840,2016
5,Sun,2022-10-09,1:00PM,los_angeles_chargers,@,cleveland_browns,30,28,465,0,443,2022,cleveland_browns,FirstEnergy Stadium,cleveland_browns,Cleveland,OH,41.5061,-81.6995,Outdoor,Grass,577,1999
5,Sun,2022-10-09,1:00PM,new_england_patriots,"",detroit_lions,29,0,364,1,312,2022,new_england_patriots,Gillette Stadium,new_england_patriots,Foxborough,MA,42.0909,-71.2643,Outdoor,Turf,289,2002
5,Sun,2022-10-09,1:00PM,houston_texans,@,jacksonville_jaguars,13,6,248,0,422,2022,jacksonville_jaguars,TIAA Bank Field,jacksonville_jaguars,Jacksonville,FL,30.3239,-81.6373,Outdoor,Grass,16,1995
5,Sun,2022-10-09,1:00PM,new_york_jets,"",miami_dolphins,40,17,322,0,295,2022,new_york_jets,MetLife Stadium,new_york_jets,East Rutherford,NJ,40.8136,-74.0744,Outdoor,Turf,3,2010
5,Sun,2022-10-09,1:00PM,new_orleans_saints,"",seattle_seahawks,39,32,438,2,396,2022,new_orleans_saints,Caesars Superdome,new_orleans_saints,New Orleans,LA,29.9509,-90.0815,Indoor,Turf,3,1975
5,Sun,2022-10-09,1:00PM,tennessee_titans,@,washington_commanders,21,17,241,0,385,2022,washington_commanders,FedExField,washington_commanders,Landover,MD,38.9078,-76.8645,Outdoor,Grass,300,1997
5,Sun,2022-10-09,4:05PM,san_francisco_49ers,@,carolina_panthers,37,15,397,1,308,2022,carolina_panthers,Bank of America Stadium,carolina_panthers,Charlotte,NC,35.2258,-80.8528,Outdoor,Grass,748,1996
5,Sun,2022-10-09,4:25PM,philadelphia_eagles,@,arizona_cardinals,20,17,357,0,363,2022,arizona_cardinals,State Farm Stadium,arizona_cardinals,Glendale,AZ,33.5275,-112.2625,Indoor,Turf,1070,2006
5,Sun,2022-10-09,4:25PM,dallas_cowboys,@,los_angeles_rams,22,10,239,0,323,2022,los_angeles_rams,SoFi Stadium,los_angeles_rams,Inglewood,CA,33.9535,-118.3392,Outdoor,Turf,100,2020
5,Sun,2022-10-09,8:20PM,baltimore_ravens,"",cincinnati_bengals,19,17,325,1,291,2022,baltimore_ravens,M&T Bank Stadium,baltimore_ravens,Baltimore,MD,39.2779,-76.6227,Outdoor,Grass,10,1998
5,Mon,2022-10-10,8:15PM,kansas_city_chiefs,"",las_vegas_raiders,30,29,368,0,378,2022,kansas_city_chiefs,GEHA Field at Arrowhead Stadium,kansas_city_chiefs,Kansas City,MO,39.049,-94.4839,Outdoor,Grass,1020,1972
6,Thu,2022-10-13,8:15PM,washington_commanders,@,chicago_bears,12,7,214,0,391,2022,chicago_bears,Soldier Field,chicago_bears,Chicago,IL,41.8623,-87.6167,Outdoor,Grass,595,1924
6,Sun,2022-10-16,1:00PM,atlanta_falcons,"",san_francisco_49ers,28,14,289,0,346,2022,atlanta_falcons,Mercedes-Benz Stadium,atlanta_falcons,Atlanta,GA,33.755,-84.4008,Indoor,Turf,1050,2017
6,Sun,2022-10-16,1:00PM,cincinnati_bengals,@,new_orleans_saints,30,26,348,1,399,2022,new_orleans_saints,Caesars Superdome,new_orleans_saints,New Orleans,LA,29.9509,-90.0815,Indoor,Turf,3,1975
6,Sun,2022-10-16,1:00PM,new_england_patriots,@,cleveland_browns,38,15,399,1,328,2022,cleveland_browns,FirstEnergy Stadium,cleveland_browns,Cleveland,OH,41.5061,-81.6995,Outdoor,Grass,577,1999
6,Sun,2022-10-16,1:00PM,indianapolis_colts,"",jacksonville_jaguars,34,27,434,0,379,2022,indianapolis_colts,Lucas Oil Stadium,indianapolis_colts,Indianapolis,IN,39.7601,-86.1639,Indoor,Turf,700,2008
6,Sun,2022-10-16,1:00PM,new_york_jets,@,green_bay_packers,27,10,278,0,278,2022,green_bay_packers,Lambeau Field,green_bay_packers,Green Bay,WI,44.5013,-88.0622,Outdoor,Grass,640,1957
6,Sun,2022-10-16,1:00PM,minnesota_vikings,@,miami_dolphins,24,16,234,0,458,2022,miami_dolphins,Hard Rock Stadium,miami_dolphins,Miami Gardens,FL,25.958,-80.238,Outdoor,Grass,7,1987
6,Sun,2022-10-16,1:00PM,new_york_giants,"",baltimore_ravens,24,20,238,1,406,2022,new_york_giants,MetLife Stadium,new_york_giants,East Rutherford,NJ,40.8136,-74.0744,Outdoor,Turf,3,2010
6,Sun,2022-10-16,1:00PM,pittsburgh_steelers,"",tampa_bay_buccaneers,20,18,270,0,304,2022,pittsburgh_steelers,Acrisure Stadium,pittsburgh_steelers,Pittsburgh,PA,40.4468,-80.0158,Outdoor,Grass,730,2001
6,Sun,2022-10-16,4:05PM,los_angeles_rams,"",carolina_panthers,24,10,360,1,203,2022,los_angeles_rams,SoFi Stadium,los_angeles_rams,Inglewood,CA,33.9535,-118.3392,Outdoor,Turf,100,2020
6,Sun,2022-10-16,4:05PM,seattle_seahawks,"",arizona_cardinals,19,9,296,1,315,2022,seattle_seahawks,Lumen Field,seattle_seahawks,Seattle,WA,47.5952,-122.3316,Outdoor,Turf,20,2002
6,Sun,2022-10-16,4:25PM,buffalo_bills,@,kansas_city_chiefs,24,20,443,1,387,2022,kansas_city_chiefs,GEHA Field at Arrowhead Stadium,kansas_city_chiefs,Kansas City,MO,39.049,-94.4839,Outdoor,Grass,1020,1972
6,Sun,2022-10-16,8:20PM,philadelphia_eagles,"",dallas_cowboys,26,17,268,0,315,2022,philadelphia_eagles,Lincoln Financial Field,philadelphia_eagles,Philadelphia,PA,39.9008,-75.1675,Outdoor,Grass,30,2003
6,Mon,2022-10-17,8:15PM,los_angeles_chargers,"",denver_broncos,19,16,297,1,258,2022,los_angeles_chargers,SoFi Stadium,los_angeles_chargers,Inglewood,CA,33.9535,-118.3392,Outdoor,Turf,100,2020
7,Thu,2022-10-20,8:15PM,arizona_cardinals,"",new_orleans_saints,42,34,326,0,494,2022,arizona_cardinals,State Farm Stadium,arizona_cardinals,Glendale,AZ,33.5275,-112.2625,Indoor,Turf,1070,2006
7,Sun,2022-10-23,1:00PM,cincinnati_bengals,"",atlanta_falcons,35,17,537,0,214,2022,cincinnati_bengals,Paycor Stadium,cincinnati_bengals,Cincinnati,OH,39.0954,-84.516,Outdoor,Turf,482,2000
7,Sun,2022-10-23,1:00PM,carolina_panthers,"",tampa_bay_buccaneers,21,3,343,0,322,2022,carolina_panthers,Bank of America Stadium,carolina_panthers,Charlotte,NC,35.2258,-80.8528,Outdoor,Grass,748,1996
7,Sun,2022-10-23,1:00PM,baltimore_ravens,"",cleveland_browns,23,20,254,1,336,2022,baltimore_ravens,M&T Bank Stadium,baltimore_ravens,Baltimore,MD,39.2779,-76.6227,Outdoor,Grass,10,1998
7,Sun,2022-10-23,1:00PM,tennessee_titans,"",indianapolis_colts,19,10,254,1,292,2022,tennessee_titans,Nissan Stadium,tennessee_titans,Nashville,TN,36.1665,-86.7713,Outdoor,Grass,476,1999
7,Sun,2022-10-23,1:00PM,dallas_cowboys,"",detroit_lions,24,6,330,1,312,2022,dallas_cowboys,AT&T Stadium,dallas_cowboys,Arlington,TX,32.7473,-97.0945,Indoor,Turf,639,2009
7,Sun,2022-10-23,1:00PM,washington_commanders,"",green_bay_packers,23,21,364,1,232,2022,washington_commanders,FedExField,washington_commanders,Landover,MD,38.9078,-76.8645,Outdoor,Grass,300,1997
7,Sun,2022-10-23,1:00PM,new_york_giants,@,jacksonville_jaguars,23,17,436,0,452,2022,jacksonville_jaguars,TIAA Bank Field,jacksonville_jaguars,Jacksonville,FL,30.3239,-81.6373,Outdoor,Grass,16,1995
7,Sun,2022-10-23,4:05PM,las_vegas_raiders,"",houston_texans,38,20,400,0,404,2022,las_vegas_raiders,Allegiant Stadium,las_vegas_raiders,Las Vegas,NV,36.0908,-115.183,Indoor,Turf,2001,2020
7,Sun,2022-10-23,4:05PM,new_york_jets,@,denver_broncos,16,9,260,0,324,2022,denver_broncos,Empower Field at Mile High,denver_broncos,Denver,CO,39.7439,-105.0201,Outdoor,Turf,5280,2001
7,Sun,2022-10-23,4:25PM,kansas_city_chiefs,@,san_francisco_49ers,44,23,529,2,444,2022,san_francisco_49ers,Levi's Stadium,san_francisco_49ers,Santa Clara,CA,37.403,-121.9692,Outdoor,Grass,13,2014
7,Sun,2022-10-23,4:25PM,seattle_seahawks,@,los_angeles_chargers,37,23,404,2,329,2022,los_angeles_chargers,SoFi Stadium,los_angeles_chargers,Inglewood,CA,33.9535,-118.3392,Outdoor,Turf,100,2020
7,Sun,2022-10-23,8:20PM,miami_dolphins,"",pittsburgh_steelers,16,10,372,0,341,2022,miami_dolphins,Hard Rock Stadium,miami_dolphins,Miami Gardens,FL,25.958,-80.238,Outdoor,Grass,7,1987
7,Mon,2022-10-24,8:15PM,chicago_bears,@,new_england_patriots,33,14,390,1,260,2022,new_england_patriots,Gillette Stadium,new_england_patriots,Foxborough,MA,42.0909,-71.2643,Outdoor,Turf,289,2002
8,Thu,2022-10-27,8:15PM,baltimore_ravens,@,tampa_bay_buccaneers,27,22,453,0,349,2022,tampa_bay_buccaneers,Raymond James Stadium,tampa_bay_buccaneers,Tampa,FL,27.9759,-82.5033,Outdoor,Grass,26,1998
8,Sun,2022-10-30,9:30AM,denver_broncos,@,jacksonville_jaguars,21,17,331,1,305,2022,jacksonville_jaguars,TIAA Bank Field,jacksonville_jaguars,Jacksonville,FL,30.3239,-81.6373,Outdoor,Grass,16,1995
8,Sun,2022-10-30,1:00PM,miami_dolphins,@,detroit_lions,31,27,476,1,393,2022,detroit_lions,Ford Field,detroit_lions,Detroit,MI,42.34,-83.0456,Indoor,Turf,600,2002
8,Sun,2022-10-30,1:00PM,philadelphia_eagles,"",pittsburgh_steelers,35,13,401,0,302,2022,philadelphia_eagles,Lincoln Financial Field,philadelphia_eagles,Philadelphia,PA,39.9008,-75.1675,Outdoor,Grass,30,2003
8,Sun,2022-10-30,1:00PM,atlanta_falcons,"",carolina_panthers,37,34,406,2,478,2022,atlanta_falcons,Mercedes-Benz Stadium,atlanta_falcons,Atlanta,GA,33.755,-84.4008,Indoor,Turf,1050,2017
8,Sun,2022-10-30,1:00PM,dallas_cowboys,"",chicago_bears,49,29,442,1,371,2022,dallas_cowboys,AT&T Stadium,dallas_cowboys,Arlington,TX,32.7473,-97.0945,Indoor,Turf,639,2009
8,Sun,2022-10-30,1:00PM,minnesota_vikings,"",arizona_cardinals,34,26,381,1,375,2022,minnesota_vikings,U.S. Bank Stadium,minnesota_vikings,Minneapolis,MN,44.974,-93.2581,Indoor,Turf,840,2016
8,Sun,2022-10-30,1:00PM,new_orleans_saints,"",las_vegas_raiders,24,0,367,0,183,2022,new_orleans_saints,Caesars Superdome,new_orleans_saints,New Orleans,LA,29.9509,-90.0815,Indoor,Turf,3,1975
8,Sun,2022-10-30,1:00PM,new_england_patriots,@,new_york_jets,22,17,288,1,387,2022,new_york_jets,MetLife Stadium,new_york_jets,East Rutherford,NJ,40.8136,-74.0744,Outdoor,Turf,3,2010
8,Sun,2022-10-30,4:05PM,tennessee_titans,@,houston_texans,17,10,354,2,161,2022,houston_texans,NRG Stadium,houston_texans,Houston,TX,29.6847,-95.4107,Indoor,Turf,50,2002
8,Sun,2022-10-30,4:25PM,san_francisco_49ers,@,los_angeles_rams,31,14,368,0,223,2022,los_angeles_rams,SoFi Stadium,los_angeles_rams,Inglewood,CA,33.9535,-118.3392,Outdoor,Turf,100,2020
8,Sun,2022-10-30,4:25PM,washington_commanders,@,indianapolis_colts,17,16,362,1,324,2022,indianapolis_colts,Lucas Oil Stadium,indianapolis_colts,Indianapolis,IN,39.7601,-86.1639,Indoor,Turf,700,2008
8,Sun,2022-10-30,4:25PM,seattle_seahawks,"",new_york_giants,27,13,277,1,225,2022,seattle_seahawks,Lumen Field,seattle_seahawks,Seattle,WA,47.5952,-122.3316,Outdoor,Turf,20,2002
8,Sun,2022-10-30,8:20PM,buffalo_bills,"",green_bay_packers,27,17,369,2,398,2022,buffalo_bills,Highmark Stadium,buffalo_bills,Orchard Park,NY,42.7738,-78.7868,Outdoor,Grass,600,1973
8,Mon,2022-10-31,8:15PM,cleveland_browns,"",cincinnati_bengals,32,13,440,2,229,2022,cleveland_browns,FirstEnergy Stadium,cleveland_browns,Cleveland,OH,41.5061,-81.6995,Outdoor,Grass,577,1999
9,Thu,2022-11-03,8:15PM,philadelphia_eagles,@,houston_texans,29,17,360,1,303,2022,houston_texans,NRG Stadium,houston_texans,Houston,TX,29.6847,-95.4107,Indoor,Turf,50,2002
9,Sun,2022-11-06,1:00PM,new_york_jets,"",buffalo_bills,20,17,310,1,317,2022,new_york_jets,MetLife Stadium,new_york_jets,East Rutherford,NJ,40.8136,-74.0744,Outdoor,Turf,3,2010
9,Sun,2022-11-06,1:00PM,detroit_lions,"",green_bay_packers,15,9,254,1,389,2022,detroit_lions,Ford Field,detroit_lions,Detroit,MI,42.34,-83.0456,Indoor,Turf,600,2002
9,Sun,2022-11-06,1:00PM,minnesota_vikings,@,washington_commanders,20,17,301,1,263,2022,washington_commanders,FedExField,washington_commanders,Landover,MD,38.9078,-76.8645,Outdoor,Grass,300,1997
9,Sun,2022-11-06,1:00PM,los_angeles_chargers,@,atlanta_falcons,20,17,336,2,315,2022,atlanta_falcons,Mercedes-Benz Stadium,atlanta_falcons,Atlanta,GA,33.755,-84.4008,Indoor,Turf,1050,2017
9,Sun,2022-11-06,1:00PM,cincinnati_bengals,"",carolina_panthers,42,21,464,0,228,2022,cincinnati_bengals,Paycor Stadium,cincinnati_bengals,Cincinnati,OH,39.0954,-84.516,Outdoor,Turf,482,2000
9,Sun,2022-11-06,1:00PM,miami_dolphins,@,chicago_bears,35,32,379,0,368,2022,chicago_bears,Soldier Field,chicago_bears,Chicago,IL,41.8623,-87.6167,Outdoor,Grass,595,1924
9,Sun,2022-11-06,1:00PM,new_england_patriots,"",indianapolis_colts,26,3,203,1,121,2022,new_england_patriots,Gillette Stadium,new_england_patriots,Foxborough,MA,42.0909,-71.2643,Outdoor,Turf,289,2002
9,Sun,2022-11-06,1:00PM,jacksonville_jaguars,"",las_vegas_raiders,27,20,403,1,321,2022,jacksonville_jaguars,TIAA Bank Field,jacksonville_jaguars,Jacksonville,FL,30.3239,-81.6373,Outdoor,Grass,16,1995
9,Sun,2022-11-06,4:05PM,seattle_seahawks,@,arizona_cardinals,31,21,421,1,262,2022,arizona_cardinals,State Farm Stadium,arizona_cardinals,Glendale,AZ,33.5275,-112.2625,Indoor,Turf,1070,2006
9,Sun,2022-11-06,4:25PM,tampa_bay_buccaneers,"",los_angeles_rams,16,13,323,0,206,2022,tampa_bay_buccaneers,Raymond James Stadium,tampa_bay_buccaneers,Tampa,FL,27.9759,-82.5033,Outdoor,Grass,26,1998
9,Sun,2022-11-06,8:20PM,kansas_city_chiefs,"",tennessee_titans,20,17,499,1,229,2022,kansas_city_chiefs,GEHA Field at Arrowhead Stadium,kansas_city_chiefs,Kansas City,MO,39.049,-94.4839,Outdoor,Grass,1020,1972
9,Mon,2022-11-07,8:15PM,baltimore_ravens,@,new_orleans_saints,27,13,319,0,243,2022,new_orleans_saints,Caesars Superdome,new_orleans_saints,New Orleans,LA,29.9509,-90.0815,Indoor,Turf,3,1975
10,Thu,2022-11-10,8:15PM,carolina_panthers,"",atlanta_falcons,25,15,333,0,291,2022,carolina_panthers,Bank of America Stadium,carolina_panthers,Charlotte,NC,35.2258,-80.8528,Outdoor,Grass,748,1996
10,Sun,2022-11-13,9:30AM,tampa_bay_buccaneers,"",seattle_seahawks,21,16,419,2,283,2022,tampa_bay_buccaneers,Raymond James Stadium,tampa_bay_buccaneers,Tampa,FL,27.9759,-82.5033,Outdoor,Grass,26,1998
10,Sun,2022-11-13,1:00PM,minnesota_vikings,@,buffalo_bills,33,30,481,2,486,2022,buffalo_bills,Highmark Stadium,buffalo_bills,Orchard Park,NY,42.7738,-78.7868,Outdoor,Grass,600,1973
10,Sun,2022-11-13,1:00PM,miami_dolphins,"",cleveland_browns,39,17,491,0,297,2022,miami_dolphins,Hard Rock Stadium,miami_dolphins,Miami Gardens,FL,25.958,-80.238,Outdoor,Grass,7,1987
10,Sun,2022-11-13,1:00PM,tennessee_titans,"",denver_broncos,17,10,307,1,313,2022,tennessee_titans,Nissan Stadium,tennessee_titans,Nashville,TN,36.1665,-86.7713,Outdoor,Grass,476,1999
10,Sun,2022-11-13,1:00PM,new_york_giants,"",houston_texans,24,16,367,0,387,2022,new_york_giants,MetLife Stadium,new_york_giants,East Rutherford,NJ,40.8136,-74.0744,Outdoor,Turf,3,2010
10,Sun,2022-11-13,1:00PM,detroit_lions,@,chicago_bears,31,30,323,0,408,2022,chicago_bears,Soldier Field,chicago_bears,Chicago,IL,41.8623,-87.6167,Outdoor,Grass,595,1924
10,Sun,2022-11-13,1:00PM,kansas_city_chiefs,"",jacksonville_jaguars,27,17,486,3,315,2022,kansas_city_chiefs,GEHA Field at Arrowhead Stadium,kansas_city_chiefs,Kansas City,MO,39.049,-94.4839,Outdoor,Grass,1020,1972
10,Sun,2022-11-13,1:00PM,pittsburgh_steelers,"",new_orleans_saints,20,10,379,0,186,2022,pittsburgh_steelers,Acrisure Stadium,pittsburgh_steelers,Pittsburgh,PA,40.4468,-80.0158,Outdoor,Grass,730,2001
10,Sun,2022-11-13,4:05PM,indianapolis_colts,@,las_vegas_raiders,25,20,415,1,309,2022,las_vegas_raiders,Allegiant Stadium,las_vegas_raiders,Las Vegas,NV,36.0908,-115.183,Indoor,Turf,2001,2020
10,Sun,2022-11-13,4:25PM,green_bay_packers,"",dallas_cowboys,31,28,415,2,421,2022,green_bay_packers,Lambeau Field,green_bay_packers,Green Bay,WI,44.5013,-88.0622,Outdoor,Grass,640,1957
10,Sun,2022-11-13,4:25PM,arizona_cardinals,@,los_angeles_rams,27,17,298,0,256,2022,los_angeles_rams,SoFi Stadium,los_angeles_rams,Inglewood,CA,33.9535,-118.3392,Outdoor,Turf,100,2020
10,Sun,2022-11-13,8:20PM,san_francisco_49ers,"",los_angeles_chargers,22,16,387,1,238,2022,san_francisco_49ers,Levi's Stadium,san_francisco_49ers,Santa Clara,CA,37.403,-121.9692,Outdoor,Grass,13,2014
10,Mon,2022-11-14,8:15PM,washington_commanders,@,philadelphia_eagles,32,21,330,2,264,2022,philadelphia_eagles,Lincoln Financial Field,philadelphia_eagles,Philadelphia,PA,39.9008,-75.1675,Outdoor,Grass,30,2003
11,Thu,2022-11-17,8:15PM,tennessee_titans,@,green_bay_packers,27,17,408,1,271,2022,green_bay_packers,Lambeau Field,green_bay_packers,Green Bay,WI,44.5013,-88.0622,Outdoor,Grass,640,1957
11,Sun,2022-11-20,1:00PM,buffalo_bills,"",cleveland_browns,31,23,357,0,396,2022,buffalo_bills,Highmark Stadium,buffalo_bills,Orchard Park,NY,42.7738,-78.7868,Outdoor,Grass,600,1973
11,Sun,2022-11-20,1:00PM,detroit_lions,@,new_york_giants,31,18,325,0,413,2022,new_york_giants,MetLife Stadium,new_york_giants,East Rutherford,NJ,40.8136,-74.0744,Outdoor,Turf,3,2010
11,Sun,2022-11-20,1:00PM,washington_commanders,@,houston_texans,23,10,344,0,148,2022,houston_texans,NRG Stadium,houston_texans,Houston,TX,29.6847,-95.4107,Indoor,Turf,50,2002
11,Sun,2022-11-20,1:00PM,new_england_patriots,"",new_york_jets,10,3,297,0,103,2022,new_england_patriots,Gillette Stadium,new_england_patriots,Foxborough,MA,42.0909,-71.2643,Outdoor,Turf,289,2002
11,Sun,2022-11-20,1:00PM,atlanta_falcons,"",chicago_bears,27,24,280,2,288,2022,atlanta_falcons,Mercedes-Benz Stadium,atlanta_falcons,Atlanta,GA,33.755,-84.4008,Indoor,Turf,1050,2017
11,Sun,2022-11-20,1:00PM,baltimore_ravens,"",carolina_panthers,13,3,308,1,205,2022,baltimore_ravens,M&T Bank Stadium,baltimore_ravens,Baltimore,MD,39.2779,-76.6227,Outdoor,Grass,10,1998
11,Sun,2022-11-20,1:00PM,philadelphia_eagles,@,indianapolis_colts,17,16,314,2,284,2022,indianapolis_colts,Lucas Oil Stadium,indianapolis_colts,Indianapolis,IN,39.7601,-86.1639,Indoor,Turf,700,2008
11,Sun,2022-11-20,1:00PM,new_orleans_saints,"",los_angeles_rams,27,20,323,0,336,2022,new_orleans_saints,Caesars Superdome,new_orleans_saints,New Orleans,LA,29.9509,-90.0815,Indoor,Turf,3,1975
11,Sun,2022-11-20,4:05PM,las_vegas_raiders,@,denver_broncos,22,16,407,0,320,2022,denver_broncos,Empower Field at Mile High,denver_broncos,Denver,CO,39.7439,-105.0201,Outdoor,Turf,5280,2001
11,Sun,2022-11-20,4:25PM,cincinnati_bengals,@,pittsburgh_steelers,37,30,408,2,351,2022,pittsburgh_steelers,Acrisure Stadium,pittsburgh_steelers,Pittsburgh,PA,40.4468,-80.0158,Outdoor,Grass,730,2001
11,Sun,2022-11-20,4:25PM,dallas_cowboys,@,minnesota_vikings,40,3,458,0,183,2022,minnesota_vikings,U.S. Bank Stadium,minnesota_vikings,Minneapolis,MN,44.974,-93.2581,Indoor,Turf,840,2016
11,Sun,2022-11-20,8:20PM,kansas_city_chiefs,@,los_angeles_chargers,30,27,485,1,365,2022,los_angeles_chargers,SoFi Stadium,los_angeles_chargers,Inglewood,CA,33.9535,-118.3392,Outdoor,Turf,100,2020
11,Mon,2022-11-21,8:15PM,san_francisco_49ers,@,arizona_cardinals,38,10,387,0,314,2022,arizona_cardinals,State Farm Stadium,arizona_cardinals,Glendale,AZ,33.5275,-112.2625,Indoor,Turf,1070,2006
12,Thu,2022-11-24,12:30PM,buffalo_bills,@,detroit_lions,28,25,401,1,326,2022,detroit_lions,Ford Field,detroit_lions,Detroit,MI,42.34,-83.0456,Indoor,Turf,600,2002
12,Thu,2022-11-24,4:30PM,dallas_cowboys,"",new_york_giants,28,20,430,2,300,2022,dallas_cowboys,AT&T Stadium,dallas_cowboys,Arlington,TX,32.7473,-97.0945,Indoor,Turf,639,2009
12,Thu,2022-11-24,8:20PM,minnesota_vikings,"",new_england_patriots,33,26,358,1,409,2022,minnesota_vikings,U.S. Bank Stadium,minnesota_vikings,Minneapolis,MN,44.974,-93.2581,Indoor,Turf,840,2016
12,Sun,2022-11-27,1:00PM,cincinnati_bengals,@,tennessee_titans,20,16,374,0,344,2022,tennessee_titans,Nissan Stadium,tennessee_titans,Nashville,TN,36.1665,-86.7713,Outdoor,Grass,476,1999
12,Sun,2022-11-27,1:00PM,cleveland_browns,"",tampa_bay_buccaneers,23,17,367,1,325,2022,cleveland_browns,FirstEnergy Stadium,cleveland_browns,Cleveland,OH,41.5061,-81.6995,Outdoor,Grass,577,1999
12,Sun,2022-11-27,1:00PM,miami_dolphins,"",houston_texans,30,15,339,1,210,2022,miami_dolphins,Hard Rock Stadium,miami_dolphins,Miami Gardens,FL,25.958,-80.238,Outdoor,Grass,7,1987
12,Sun,2022-11-27,1:00PM,jacksonville_jaguars,"",baltimore_ravens,28,27,332,1,415,2022,jacksonville_jaguars,TIAA Bank Field,jacksonville_jaguars,Jacksonville,FL,30.3239,-81.6373,Outdoor,Grass,16,1995
12,Sun,2022-11-27,1:00PM,washington_commanders,"",atlanta_falcons,19,13,314,1,332,2022,washington_commanders,FedExField,washington_commanders,Landover,MD,38.9078,-76.8645,Outdoor,Grass,300,1997
12,Sun,2022-11-27,1:00PM,carolina_panthers,"",denver_broncos,23,10,349,1,246,2022,carolina_panthers,Bank of America Stadium,carolina_panthers,Charlotte,NC,35.2258,-80.8528,Outdoor,Grass,748,1996
12,Sun,2022-11-27,1:00PM,new_york_jets,"",chicago_bears,31,10,466,0,292,2022,new_york_jets,MetLife Stadium,new_york_jets,East Rutherford,NJ,40.8136,-74.0744,Outdoor,Turf,3,2010
12,Sun,2022-11-27,4:05PM,las_vegas_raiders,@,seattle_seahawks,40,34,576,2,372,2022,seattle_seahawks,Lumen Field,seattle_seahawks,Seattle,WA,47.5952,-122.3316,Outdoor,Turf,20,2002
12,Sun,2022-11-27,4:05PM,los_angeles_chargers,@,arizona_cardinals,25,24,311,0,366,2022,arizona_cardinals,State Farm Stadium,arizona_cardinals,Glendale,AZ,33.5275,-112.2625,Indoor,Turf,1070,2006
12,Sun,2022-11-27,4:25PM,kansas_city_chiefs,"",los_angeles_rams,26,10,437,2,198,2022,kansas_city_chiefs,GEHA Field at Arrowhead Stadium,kansas_city_chiefs,Kansas City,MO,39.049,-94.4839,Outdoor,Grass,1020,1972
12,Sun,2022-11-27,4:25PM,san_francisco_49ers,"",new_orleans_saints,13,0,317,0,260,2022,san_francisco_49ers,Levi's Stadium,san_francisco_49ers,Santa Clara,CA,37.403,-121.9692,Outdoor,Grass,13,2014
12,Sun,2022-11-27,8:20PM,philadelphia_eagles,"",green_bay_packers,40,33,500,1,342,2022,philadelphia_eagles,Lincoln Financial Field,philadelphia_eagles,Philadelphia,PA,39.9008,-75.1675,Outdoor,Grass,30,2003
12,Mon,2022-11-28,8:15PM,pittsburgh_steelers,@,indianapolis_colts,24,17,323,0,290,2022,indianapolis_colts,Lucas Oil Stadium,indianapolis_colts,Indianapolis,IN,39.7601,-86.1639,Indoor,Turf,700,2008
13,Thu,2022-12-01,8:15PM,buffalo_bills,@,new_england_patriots,24,10,355,1,242,2022,new_england_patriots,Gillette Stadium,new_england_patriots,Foxborough,MA,42.0909,-71.2643,Outdoor,Turf,289,2002
13,Sun,2022-12-04,1:00PM,cleveland_browns,@,houston_texans,27,14,304,2,283,2022,houston_texans,NRG Stadium,houston_texans,Houston,TX,29.6847,-95.4107,Indoor,Turf,50,2002
13,Sun,2022-12-04,1:00PM,baltimore_ravens,"",denver_broncos,10,9,285,2,272,2022,baltimore_ravens,M&T Bank Stadium,baltimore_ravens,Baltimore,MD,39.2779,-76.6227,Outdoor,Grass,10,1998
13,Sun,2022-12-04,1:00PM,detroit_lions,"",jacksonville_jaguars,40,14,437,0,266,2022,detroit_lions,Ford Field,detroit_lions,Detroit,MI,42.34,-83.0456,Indoor,Turf,600,2002
13,Sun,2022-12-04,1:00PM,minnesota_vikings,"",new_york_jets,27,22,287,0,486,2022,minnesota_vikings,U.S. Bank Stadium,minnesota_vikings,Minneapolis,MN,44.974,-93.2581,Indoor,Turf,840,2016
13,Sun,2022-12-04,1:00PM,washington_commanders,@,new_york_giants,20,20,411,1,316,2022,new_york_giants,MetLife Stadium,new_york_giants,East Rutherford,NJ,40.8136,-74.0744,Outdoor,Turf,3,2010
13,Sun,2022-12-04,1:00PM,philadelphia_eagles,"",tennessee_titans,35,10,453,0,209,2022,philadelphia_eagles,Lincoln Financial Field,philadelphia_eagles,Philadelphia,PA,39.9008,-75.1675,Outdoor,Grass,30,2003
13,Sun,2022-12-04,1:00PM,pittsburgh_steelers,@,atlanta_falcons,19,16,351,0,306,2022,atlanta_falcons,Mercedes-Benz Stadium,atlanta_falcons,Atlanta,GA,33.755,-84.4008,Indoor,Turf,1050,2017
13,Sun,2022-12-04,1:00PM,green_bay_packers,@,chicago_bears,28,19,357,0,409,2022,chicago_bears,Soldier Field,chicago_bears,Chicago,IL,41.8623,-87.6167,Outdoor,Grass,595,1924
13,Sun,2022-12-04,4:05PM,san_francisco_49ers,"",miami_dolphins,33,17,351,1,308,2022,san_francisco_49ers,Levi's Stadium,san_francisco_49ers,Santa Clara,CA,37.403,-121.9692,Outdoor,Grass,13,2014
13,Sun,2022-12-04,4:05PM,seattle_seahawks,@,los_angeles_rams,27,23,438,2,319,2022,los_angeles_rams,SoFi Stadium,los_angeles_rams,Inglewood,CA,33.9535,-118.3392,Outdoor,Turf,100,2020
13,Sun,2022-12-04,4:25PM,cincinnati_bengals,"",kansas_city_chiefs,27,24,431,0,349,2022,cincinnati_bengals,Paycor Stadium,cincinnati_bengals,Cincinnati,OH,39.0954,-84.516,Outdoor,Turf,482,2000
13,Sun,2022-12-04,4:25PM,las_vegas_raiders,"",los_angeles_chargers,27,20,404,2,386,2022,las_vegas_raiders,Allegiant Stadium,las_vegas_raiders,Las Vegas,NV,36.0908,-115.183,Indoor,Turf,2001,2020
13,Sun,2022-12-04,8:20PM,dallas_cowboys,"",indianapolis_colts,54,19,385,1,309,2022,dallas_cowboys,AT&T Stadium,dallas_cowboys,Arlington,TX,32.7473,-97.0945,Indoor,Turf,639,2009
13,Mon,2022-12-05,8:15PM,tampa_bay_buccaneers,"",new_orleans_saints,17,16,350,2,298,2022,tampa_bay_buccaneers,Raymond James Stadium,tampa_bay_buccaneers,Tampa,FL,27.9759,-82.5033,Outdoor,Grass,26,1998
14,Thu,2022-12-08,8:15PM,los_angeles_rams,"",las_vegas_raiders,17,16,282,1,302,2022,los_angeles_rams,SoFi Stadium,los_angeles_rams,Inglewood,CA,33.9535,-118.3392,Outdoor,Turf,100,2020
14,Sun,2022-12-11,1:00PM,buffalo_bills,"",new_york_jets,20,12,232,0,309,2022,buffalo_bills,Highmark Stadium,buffalo_bills,Orchard Park,NY,42.7738,-78.7868,Outdoor,Grass,600,1973
14,Sun,2022-12-11,1:00PM,cincinnati_bengals,"",cleveland_browns,23,10,363,1,344,2022,cincinnati_bengals,Paycor Stadium,cincinnati_bengals,Cincinnati,OH,39.0954,-84.516,Outdoor,Turf,482,2000
14,Sun,2022-12-11,1:00PM,dallas_cowboys,"",houston_texans,27,23,404,3,327,2022,dallas_cowboys,AT&T Stadium,dallas_cowboys,Arlington,TX,32.7473,-97.0945,Indoor,Turf,639,2009
14,Sun,2022-12-11,1:00PM,detroit_lions,"",minnesota_vikings,34,23,464,0,416,2022,detroit_lions,Ford Field,detroit_lions,Detroit,MI,42.34,-83.0456,Indoor,Turf,600,2002
14,Sun,2022-12-11,1:00PM,jacksonville_jaguars,@,tennessee_titans,36,22,428,0,364,2022,tennessee_titans,Nissan Stadium,tennessee_titans,Nashville,TN,36.1665,-86.7713,Outdoor,Grass,476,1999
14,Sun,2022-12-11,1:00PM,philadelphia_eagles,@,new_york_giants,48,22,437,0,304,2022,new_york_giants,MetLife Stadium,new_york_giants,East Rutherford,NJ,40.8136,-74.0744,Outdoor,Turf,3,2010
14,Sun,2022-12-11,1:00PM,baltimore_ravens,@,pittsburgh_steelers,16,14,309,0,329,2022,pittsburgh_steelers,Acrisure Stadium,pittsburgh_steelers,Pittsburgh,PA,40.4468,-80.0158,Outdoor,Grass,730,2001
14,Sun,2022-12-11,4:20PM,kansas_city_chiefs,@,denver_broncos,34,28,431,3,320,2022,denver_broncos,Empower Field at Mile High,denver_broncos,Denver,CO,39.7439,-105.0201,Outdoor,Turf,5280,2001
14,Sun,2022-12-11,4:25PM,carolina_panthers,@,seattle_seahawks,30,24,328,0,287,2022,seattle_seahawks,Lumen Field,seattle_seahawks,Seattle,WA,47.5952,-122.3316,Outdoor,Turf,20,2002
14,Sun,2022-12-11,4:25PM,san_francisco_49ers,"",tampa_bay_buccaneers,35,7,404,1,322,2022,san_francisco_49ers,Levi's Stadium,san_francisco_49ers,Santa Clara,CA,37.403,-121.9692,Outdoor,Grass,13,2014
14,Sun,2022-12-11,8:20PM,los_angeles_chargers,"",miami_dolphins,23,17,432,0,219,2022,los_angeles_chargers,SoFi Stadium,los_angeles_chargers,Inglewood,CA,33.9535,-118.3392,Outdoor,Turf,100,2020
14,Mon,2022-12-12,8:15PM,new_england_patriots,@,arizona_cardinals,27,13,328,1,323,2022,arizona_cardinals,State Farm Stadium,arizona_cardinals,Glendale,AZ,33.5275,-112.2625,Indoor,Turf,1070,2006
15,Thu,2022-12-15,8:15PM,san_francisco_49ers,@,seattle_seahawks,21,13,381,0,277,2022,seattle_seahawks,Lumen Field,seattle_seahawks,Seattle,WA,47.5952,-122.3316,Outdoor,Turf,20,2002
15,Sat,2022-12-17,1:00PM,minnesota_vikings,"",indianapolis_colts,39,36,518,3,341,2022,minnesota_vikings,U.S. Bank Stadium,minnesota_vikings,Minneapolis,MN,44.974,-93.2581,Indoor,Turf,840,2016
15,Sat,2022-12-17,4:30PM,cleveland_browns,"",baltimore_ravens,13,3,283,0,324,2022,cleveland_browns,FirstEnergy Stadium,cleveland_browns,Cleveland,OH,41.5061,-81.6995,Outdoor,Grass,577,1999
15,Sat,2022-12-17,8:15PM,buffalo_bills,"",miami_dolphins,32,29,446,1,405,2022,buffalo_bills,Highmark Stadium,buffalo_bills,Orchard Park,NY,42.7738,-78.7868,Outdoor,Grass,600,1973
15,Sun,2022-12-18,1:00PM,new_orleans_saints,"",atlanta_falcons,21,18,348,1,320,2022,new_orleans_saints,Caesars Superdome,new_orleans_saints,New Orleans,LA,29.9509,-90.0815,Indoor,Turf,3,1975
15,Sun,2022-12-18,1:00PM,pittsburgh_steelers,@,carolina_panthers,24,16,325,0,209,2022,carolina_panthers,Bank of America Stadium,carolina_panthers,Charlotte,NC,35.2258,-80.8528,Outdoor,Grass,748,1996
15,Sun,2022-12-18,1:00PM,philadelphia_eagles,@,chicago_bears,25,20,421,3,248,2022,chicago_bears,Soldier Field,chicago_bears,Chicago,IL,41.8623,-87.6167,Outdoor,Grass,595,1924
15,Sun,2022-12-18,1:00PM,jacksonville_jaguars,"",dallas_cowboys,40,34,503,3,397,2022,jacksonville_jaguars,TIAA Bank Field,jacksonville_jaguars,Jacksonville,FL,30.3239,-81.6373,Outdoor,Grass,16,1995
15,Sun,2022-12-18,1:00PM,detroit_lions,@,new_york_jets,20,17,359,0,337,2022,new_york_jets,MetLife Stadium,new_york_jets,East Rutherford,NJ,40.8136,-74.0744,Outdoor,Turf,3,2010
15,Sun,2022-12-18,1:00PM,kansas_city_chiefs,@,houston_texans,30,24,502,2,219,2022,houston_texans,NRG Stadium,houston_texans,Houston,TX,29.6847,-95.4107,Indoor,Turf,50,2002
15,Sun,2022-12-18,4:05PM,denver_broncos,"",arizona_cardinals,24,15,324,2,240,2022,denver_broncos,Empower Field at Mile High,denver_broncos,Denver,CO,39.7439,-105.0201,Outdoor,Turf,5280,2001
15,Sun,2022-12-18,4:05PM,las_vegas_raiders,"",new_england_patriots,30,24,308,1,318,2022,las_vegas_raiders,Allegiant Stadium,las_vegas_raiders,Las Vegas,NV,36.0908,-115.183,Indoor,Turf,2001,2020
15,Sun,2022-12-18,4:25PM,cincinnati_bengals,@,tampa_bay_buccaneers,34,23,237,1,396,2022,tampa_bay_buccaneers,Raymond James Stadium,tampa_bay_buccaneers,Tampa,FL,27.9759,-82.5033,Outdoor,Grass,26,1998
15,Sun,2022-12-18,4:25PM,los_angeles_chargers,"",tennessee_titans,17,14,365,2,284,2022,los_angeles_chargers,SoFi Stadium,los_angeles_chargers,Inglewood,CA,33.9535,-118.3392,Outdoor,Turf,100,2020
15,Sun,2022-12-18,8:15PM,new_york_giants,@,washington_commanders,20,12,288,0,387,2022,washington_commanders,FedExField,washington_commanders,Landover,MD,38.9078,-76.8645,Outdoor,Grass,300,1997
15,Mon,2022-12-19,8:15PM,green_bay_packers,"",los_angeles_rams,24,12,345,2,156,2022,green_bay_packers,Lambeau Field,green_bay_packers,Green Bay,WI,44.5013,-88.0622,Outdoor,Grass,640,1957
16,Thu,2022-12-22,8:15PM,jacksonville_jaguars,@,new_york_jets,19,3,365,1,227,2022,new_york_jets,MetLife Stadium,new_york_jets,East Rutherford,NJ,40.8136,-74.0744,Outdoor,Turf,3,2010
16,Sat,2022-12-24,1:00PM,baltimore_ravens,"",atlanta_falcons,17,9,299,0,327,2022,baltimore_ravens,M&T Bank Stadium,baltimore_ravens,Baltimore,MD,39.2779,-76.6227,Outdoor,Grass,10,1998
16,Sat,2022-12-24,1:00PM,buffalo_bills,@,chicago_bears,35,13,426,3,209,2022,chicago_bears,Soldier Field,chicago_bears,Chicago,IL,41.8623,-87.6167,Outdoor,Grass,595,1924
16,Sat,2022-12-24,1:00PM,carolina_panthers,"",detroit_lions,37,23,570,0,381,2022,carolina_panthers,Bank of America Stadium,carolina_panthers,Charlotte,NC,35.2258,-80.8528,Outdoor,Grass,748,1996
16,Sat,2022-12-24,1:00PM,cincinnati_bengals,@,new_england_patriots,22,18,442,3,285,2022,new_england_patriots,Gillette Stadium,new_england_patriots,Foxborough,MA,42.0909,-71.2643,Outdoor,Turf,289,2002
16,Sat,2022-12-24,1:00PM,new_orleans_saints,@,cleveland_browns,17,10,244,1,249,2022,cleveland_browns,FirstEnergy Stadium,cleveland_browns,Cleveland,OH,41.5061,-81.6995,Outdoor,Grass,577,1999
16,Sat,2022-12-24,1:00PM,houston_texans,@,tennessee_titans,19,14,285,1,272,2022,tennessee_titans,Nissan Stadium,tennessee_titans,Nashville,TN,36.1665,-86.7713,Outdoor,Grass,476,1999
16,Sat,2022-12-24,1:00PM,kansas_city_chiefs,"",seattle_seahawks,24,10,297,0,333,2022,kansas_city_chiefs,GEHA Field at Arrowhead Stadium,kansas_city_chiefs,Kansas City,MO,39.049,-94.4839,Outdoor,Grass,1020,1972
16,Sat,2022-12-24,1:00PM,minnesota_vikings,"",new_york_giants,27,24,353,0,445,2022,minnesota_vikings,U.S. Bank Stadium,minnesota_vikings,Minneapolis,MN,44.974,-93.2581,Indoor,Turf,840,2016
16,Sat,2022-12-24,4:05PM,san_francisco_49ers,"",washington_commanders,37,20,371,1,349,2022,san_francisco_49ers,Levi's Stadium,san_francisco_49ers,Santa Clara,CA,37.403,-121.9692,Outdoor,Grass,13,2014
16,Sat,2022-12-24,4:25PM,dallas_cowboys,"",philadelphia_eagles,40,34,419,1,442,2022,dallas_cowboys,AT&T Stadium,dallas_cowboys,Arlington,TX,32.7473,-97.0945,Indoor,Turf,639,2009
16,Sat,2022-12-24,8:15PM,pittsburgh_steelers,"",las_vegas_raiders,13,10,350,1,201,2022,pittsburgh_steelers,Acrisure Stadium,pittsburgh_steelers,Pittsburgh,PA,40.4468,-80.0158,Outdoor,Grass,730,2001
16,Sun,2022-12-25,1:00PM,green_bay_packers,@,miami_dolphins,26,20,301,1,376,2022,miami_dolphins,Hard Rock Stadium,miami_dolphins,Miami Gardens,FL,25.958,-80.238,Outdoor,Grass,7,1987
16,Sun,2022-12-25,4:30PM,los_angeles_rams,"",denver_broncos,51,14,388,0,323,2022,los_angeles_rams,SoFi Stadium,los_angeles_rams,Inglewood,CA,33.9535,-118.3392,Outdoor,Turf,100,2020
16,Sun,2022-12-25,8:20PM,tampa_bay_buccaneers,@,arizona_cardinals,19,16,396,2,325,2022,arizona_cardinals,State Farm Stadium,arizona_cardinals,Glendale,AZ,33.5275,-112.2625,Indoor,Turf,1070,2006
16,Mon,2022-12-26,8:15PM,los_angeles_chargers,@,indianapolis_colts,20,3,314,2,173,2022,indianapolis_colts,Lucas Oil Stadium,indianapolis_colts,Indianapolis,IN,39.7601,-86.1639,Indoor,Turf,700,2008
17,Thu,2022-12-29,8:15PM,dallas_cowboys,@,tennessee_titans,27,13,361,3,317,2022,tennessee_titans,Nissan Stadium,tennessee_titans,Nashville,TN,36.1665,-86.7713,Outdoor,Grass,476,1999
17,Sun,2023-01-01,1:00PM,atlanta_falcons,"",arizona_cardinals,20,19,298,1,339,2023,atlanta_falcons,Mercedes-Benz Stadium,atlanta_falcons,Atlanta,GA,33.755,-84.4008,Indoor,Turf,1050,2017
17,Sun,2023-01-01,1:00PM,tampa_bay_buccaneers,"",carolina_panthers,30,24,478,1,400,2023,tampa_bay_buccaneers,Raymond James Stadium,tampa_bay_buccaneers,Tampa,FL,27.9759,-82.5033,Outdoor,Grass,26,1998
17,Sun,2023-01-01,1:00PM,detroit_lions,"",chicago_bears,41,10,504,0,230,2023,detroit_lions,Ford Field,detroit_lions,Detroit,MI,42.34,-83.0456,Indoor,Turf,600,2002
17,Sun,2023-01-01,1:00PM,cleveland_browns,@,washington_commanders,24,10,301,0,260,2023,washington_commanders,FedExField,washington_commanders,Landover,MD,38.9078,-76.8645,Outdoor,Grass,300,1997
17,Sun,2023-01-01,1:00PM,new_york_giants,"",indianapolis_colts,38,10,394,1,252,2023,new_york_giants,MetLife Stadium,new_york_giants,East Rutherford,NJ,40.8136,-74.0744,Outdoor,Turf,3,2010
17,Sun,2023-01-01,1:00PM,kansas_city_chiefs,"",denver_broncos,27,24,374,2,307,2023,kansas_city_chiefs,GEHA Field at Arrowhead Stadium,kansas_city_chiefs,Kansas City,MO,39.049,-94.4839,Outdoor,Grass,1020,1972
17,Sun,2023-01-01,1:00PM,jacksonville_jaguars,@,houston_texans,31,3,337,2,277,2023,houston_texans,NRG Stadium,houston_texans,Houston,TX,29.6847,-95.4107,Indoor,Turf,50,2002
17,Sun,2023-01-01,1:00PM,new_england_patriots,"",miami_dolphins,23,21,249,0,333,2023,new_england_patriots,Gillette Stadium,new_england_patriots,Foxborough,MA,42.0909,-71.2643,Outdoor,Turf,289,2002
17,Sun,2023-01-01,1:00PM,new_orleans_saints,@,philadelphia_eagles,20,10,313,1,313,2023,philadelphia_eagles,Lincoln Financial Field,philadelphia_eagles,Philadelphia,PA,39.9008,-75.1675,Outdoor,Grass,30,2003
17,Sun,2023-01-01,4:05PM,seattle_seahawks,"",new_york_jets,23,6,346,0,279,2023,seattle_seahawks,Lumen Field,seattle_seahawks,Seattle,WA,47.5952,-122.3316,Outdoor,Turf,20,2002
17,Sun,2023-01-01,4:05PM,san_francisco_49ers,@,las_vegas_raiders,37,34,454,1,500,2023,las_vegas_raiders,Allegiant Stadium,las_vegas_raiders,Las Vegas,NV,36.0908,-115.183,Indoor,Turf,2001,2020
17,Sun,2023-01-01,4:25PM,green_bay_packers,"",minnesota_vikings,41,17,315,0,346,2023,green_bay_packers,Lambeau Field,green_bay_packers,Green Bay,WI,44.5013,-88.0622,Outdoor,Grass,640,1957
17,Sun,2023-01-01,4:25PM,los_angeles_chargers,"",los_angeles_rams,31,10,431,0,277,2023,los_angeles_chargers,SoFi Stadium,los_angeles_chargers,Inglewood,CA,33.9535,-118.3392,Outdoor,Turf,100,2020
17,Sun,2023-01-01,8:20PM,pittsburgh_steelers,@,baltimore_ravens,16,13,351,0,240,2023,baltimore_ravens,M&T Bank Stadium,baltimore_ravens,Baltimore,MD,39.2779,-76.6227,Outdoor,Grass,10,1998
18,Sat,2023-01-07,4:30PM,kansas_city_chiefs,@,las_vegas_raiders,31,13,349,0,279,2023,las_vegas_raiders,Allegiant Stadium,las_vegas_raiders,Las Vegas,NV,36.0908,-115.183,Indoor,Turf,2001,2020
18,Sat,2023-01-07,8:15PM,jacksonville_jaguars,"",tennessee_titans,20,16,222,1,312,2023,jacksonville_jaguars,TIAA Bank Field,jacksonville_jaguars,Jacksonville,FL,30.3239,-81.6373,Outdoor,Grass,16,1995
18,Sun,2023-01-08,1:00PM,buffalo_bills,"",new_england_patriots,35,23,327,3,341,2023,buffalo_bills,Highmark Stadium,buffalo_bills,Orchard Park,NY,42.7738,-78.7868,Outdoor,Grass,600,1973
18,Sun,2023-01-08,1:00PM,cincinnati_bengals,"",baltimore_ravens,27,16,257,1,386,2023,cincinnati_bengals,Paycor Stadium,cincinnati_bengals,Cincinnati,OH,39.0954,-84.516,Outdoor,Turf,482,2000
18,Sun,2023-01-08,1:00PM,atlanta_falcons,"",tampa_bay_buccaneers,30,17,382,1,222,2023,atlanta_falcons,Mercedes-Benz Stadium,atlanta_falcons,Atlanta,GA,33.755,-84.4008,Indoor,Turf,1050,2017
18,Sun,2023-01-08,1:00PM,carolina_panthers,@,new_orleans_saints,10,7,203,2,304,2023,new_orleans_saints,Caesars Superdome,new_orleans_saints,New Orleans,LA,29.9509,-90.0815,Indoor,Turf,3,1975
18,Sun,2023-01-08,1:00PM,minnesota_vikings,@,chicago_bears,29,13,482,2,259,2023,chicago_bears,Soldier Field,chicago_bears,Chicago,IL,41.8623,-87.6167,Outdoor,Grass,595,1924
18,Sun,2023-01-08,1:00PM,pittsburgh_steelers,"",cleveland_browns,28,14,333,1,307,2023,pittsburgh_steelers,Acrisure Stadium,pittsburgh_steelers,Pittsburgh,PA,40.4468,-80.0158,Outdoor,Grass,730,2001
18,Sun,2023-01-08,1:00PM,houston_texans,@,indianapolis_colts,32,31,360,3,398,2023,indianapolis_colts,Lucas Oil Stadium,indianapolis_colts,Indianapolis,IN,39.7601,-86.1639,Indoor,Turf,700,2008
18,Sun,2023-01-08,1:00PM,miami_dolphins,"",new_york_jets,11,6,302,0,187,2023,miami_dolphins,Hard Rock Stadium,miami_dolphins,Miami Gardens,FL,25.958,-80.238,Outdoor,Grass,7,1987
18,Sun,2023-01-08,4:25PM,san_francisco_49ers,"",arizona_cardinals,38,13,311,0,255,2023,san_francisco_49ers,Levi's Stadium,san_francisco_49ers,Santa Clara,CA,37.403,-121.9692,Outdoor,Grass,13,2014
18,Sun,2023-01-08,4:25PM,washington_commanders,"",dallas_cowboys,26,6,309,1,182,2023,washington_commanders,FedExField,washington_commanders,Landover,MD,38.9078,-76.8645,Outdoor,Grass,300,1997
18,Sun,2023-01-08,4:25PM,denver_broncos,"",los_angeles_chargers,31,28,471,2,352,2023,denver_broncos,Empower Field at Mile High,denver_broncos,Denver,CO,39.7439,-105.0201,Outdoor,Turf,5280,2001
18,Sun,2023-01-08,4:25PM,philadelphia_eagles,"",new_york_giants,22,16,342,1,284,2023,philadelphia_eagles,Lincoln Financial Field,philadelphia_eagles,Philadelphia,PA,39.9008,-75.1675,Outdoor,Grass,30,2003
18,Sun,2023-01-08,4:25PM,seattle_seahawks,"",los_angeles_rams,19,16,402,2,269,2023,seattle_seahawks,Lumen Field,seattle_seahawks,Seattle,WA,47.5952,-122.3316,Outdoor,Turf,20,2002
18,Sun,2023-01-08,8:20PM,detroit_lions,@,green_bay_packers,20,16,323,0,291,2023,green_bay_packers,Lambeau Field,green_bay_packers,Green Bay,WI,44.5013,-88.0622,Outdoor,Grass,640,1957
18,Sat,2023-01-14,4:30PM,san_francisco_49ers,"",seattle_seahawks,41,23,505,0,332,2023,san_francisco_49ers,Levi's Stadium,san_francisco_49ers,Santa Clara,CA,37.403,-121.9692,Outdoor,Grass,13,2014
18,Sat,2023-01-14,8:15PM,jacksonville_jaguars,"",los_angeles_chargers,31,30,390,5,320,2023,jacksonville_jaguars,TIAA Bank Field,jacksonville_jaguars,Jacksonville,FL,30.3239,-81.6373,Outdoor,Grass,16,1995
18,Sun,2023-01-15,1:00PM,buffalo_bills,"",miami_dolphins,34,31,423,3,231,2023,buffalo_bills,Highmark Stadium,buffalo_bills,Orchard Park,NY,42.7738,-78.7868,Outdoor,Grass,600,1973
18,Sun,2023-01-15,4:30PM,new_york_giants,@,minnesota_vikings,31,24,431,0,332,2023,minnesota_vikings,U.S. Bank Stadium,minnesota_vikings,Minneapolis,MN,44.974,-93.2581,Indoor,Turf,840,2016
18,Sun,2023-01-15,8:15PM,cincinnati_bengals,"",baltimore_ravens,24,17,234,1,364,2023,cincinnati_bengals,Paycor Stadium,cincinnati_bengals,Cincinnati,OH,39.0954,-84.516,Outdoor,Turf,482,2000
18,Mon,2023-01-16,8:15PM,dallas_cowboys,@,tampa_bay_buccaneers,31,14,425,0,386,2023,tampa_bay_buccaneers,Raymond James Stadium,tampa_bay_buccaneers,Tampa,FL,27.9759,-82.5033,Outdoor,Grass,26,1998
19,Sat,2023-01-21,4:30PM,kansas_city_chiefs,"",jacksonville_jaguars,27,20,362,0,349,2023,kansas_city_chiefs,GEHA Field at Arrowhead Stadium,kansas_city_chiefs,Kansas City,MO,39.049,-94.4839,Outdoor,Grass,1020,1972
19,Sat,2023-01-21,8:15PM,philadelphia_eagles,"",new_york_giants,38,7,416,0,227,2023,philadelphia_eagles,Lincoln Financial Field,philadelphia_eagles,Philadelphia,PA,39.9008,-75.1675,Outdoor,Grass,30,2003
19,Sun,2023-01-22,3:00PM,cincinnati_bengals,@,buffalo_bills,27,10,412,0,325,2023,buffalo_bills,Highmark Stadium,buffalo_bills,Orchard Park,NY,42.7738,-78.7868,Outdoor,Grass,600,1973
19,Sun,2023-01-22,6:30PM,san_francisco_49ers,"",dallas_cowboys,19,12,312,1,282,2023,san_francisco_49ers,Levi's Stadium,san_francisco_49ers,Santa Clara,CA,37.403,-121.9692,Outdoor,Grass,13,2014
20,Sun,2023-01-29,3:00PM,philadelphia_eagles,"",san_francisco_49ers,31,7,269,0,164,2023,philadelphia_eagles,Lincoln Financial Field,philadelphia_eagles,Philadelphia,PA,39.9008,-75.1675,Outdoor,Grass,30,2003
20,Sun,2023-01-29,6:30PM,kansas_city_chiefs,"",cincinnati_bengals,23,20,357,1,309,2023,kansas_city_chiefs,GEHA Field at Arrowhead Stadium,kansas_city_chiefs,Kansas City,MO,39.049,-94.4839,Outdoor,Grass,1020,1972
21,Sun,2023-02-12,6:30PM,kansas_city_chiefs,N,philadelphia_eagles,38,35,340,0,417,2023,kansas_city_chiefs,GEHA Field at Arrowhead Stadium,kansas_city_chiefs,Kansas City,MO,39.049,-94.4839,Outdoor,Grass,1020,1972
1,Thu,2023-09-07,8:20PM,detroit_lions,@,kansas_city_chiefs,21,20,368,1,316,2023,kansas_city_chiefs,GEHA Field at Arrowhead Stadium,kansas_city_chiefs,Kansas City,MO,39.049,-94.4839,Outdoor,Grass,1020,1972
1,Sun,2023-09-10,1:00PM,atlanta_falcons,"",carolina_panthers,24,10,221,0,281,2023,atlanta_falcons,Mercedes-Benz Stadium,atlanta_falcons,Atlanta,GA,33.755,-84.4008,Indoor,Turf,1050,2017
1,Sun,2023-09-10,1:00PM,cleveland_browns,"",cincinnati_bengals,24,3,350,2,142,2023,cleveland_browns,FirstEnergy Stadium,cleveland_browns,Cleveland,OH,41.5061,-81.6995,Outdoor,Grass,577,1999
1,Sun,2023-09-10,1:00PM,jacksonville_jaguars,@,indianapolis_colts,31,21,342,2,280,2023,indianapolis_colts,Lucas Oil Stadium,indianapolis_colts,Indianapolis,IN,39.7601,-86.1639,Indoor,Turf,700,2008
1,Sun,2023-09-10,1:00PM,washington_commanders,"",arizona_cardinals,20,16,248,3,210,2023,washington_commanders,FedExField,washington_commanders,Landover,MD,38.9078,-76.8645,Outdoor,Grass,300,1997
1,Sun,2023-09-10,1:00PM,baltimore_ravens,"",houston_texans,25,9,265,2,268,2023,baltimore_ravens,M&T Bank Stadium,baltimore_ravens,Baltimore,MD,39.2779,-76.6227,Outdoor,Grass,10,1998
1,Sun,2023-09-10,1:00PM,tampa_bay_buccaneers,@,minnesota_vikings,20,17,242,0,369,2023,minnesota_vikings,U.S. Bank Stadium,minnesota_vikings,Minneapolis,MN,44.974,-93.2581,Indoor,Turf,840,2016
1,Sun,2023-09-10,1:00PM,new_orleans_saints,"",tennessee_titans,16,15,351,2,285,2023,new_orleans_saints,Caesars Superdome,new_orleans_saints,New Orleans,LA,29.9509,-90.0815,Indoor,Turf,3,1975
1,Sun,2023-09-10,1:00PM,san_francisco_49ers,@,pittsburgh_steelers,30,7,391,1,239,2023,pittsburgh_steelers,Acrisure Stadium,pittsburgh_steelers,Pittsburgh,PA,40.4468,-80.0158,Outdoor,Grass,730,2001
1,Sun,2023-09-10,4:25PM,green_bay_packers,@,chicago_bears,38,20,329,0,311,2023,chicago_bears,Soldier Field,chicago_bears,Chicago,IL,41.8623,-87.6167,Outdoor,Grass,595,1924
1,Sun,2023-09-10,4:25PM,las_vegas_raiders,@,denver_broncos,17,16,261,1,260,2023,denver_broncos,Empower Field at Mile High,denver_broncos,Denver,CO,39.7439,-105.0201,Outdoor,Turf,5280,2001
1,Sun,2023-09-10,4:25PM,miami_dolphins,@,los_angeles_chargers,36,34,536,2,433,2023,los_angeles_chargers,SoFi Stadium,los_angeles_chargers,Inglewood,CA,33.9535,-118.3392,Outdoor,Turf,100,2020
1,Sun,2023-09-10,4:25PM,philadelphia_eagles,@,new_england_patriots,25,20,251,1,382,2023,new_england_patriots,Gillette Stadium,new_england_patriots,Foxborough,MA,42.0909,-71.2643,Outdoor,Turf,289,2002
1,Sun,2023-09-10,4:25PM,los_angeles_rams,@,seattle_seahawks,30,13,426,0,180,2023,seattle_seahawks,Lumen Field,seattle_seahawks,Seattle,WA,47.5952,-122.3316,Outdoor,Turf,20,2002
1,Sun,2023-09-10,8:20PM,dallas_cowboys,@,new_york_giants,40,0,265,0,171,2023,new_york_giants,MetLife Stadium,new_york_giants,East Rutherford,NJ,40.8136,-74.0744,Outdoor,Turf,3,2010
1,Mon,2023-09-11,8:15PM,new_york_jets,"",buffalo_bills,22,16,289,1,314,2023,new_york_jets,MetLife Stadium,new_york_jets,East Rutherford,NJ,40.8136,-74.0744,Outdoor,Turf,3,2010
2,Thu,2023-09-14,8:15PM,philadelphia_eagles,"",minnesota_vikings,34,28,430,1,374,2023,philadelphia_eagles,Lincoln Financial Field,philadelphia_eagles,Philadelphia,PA,39.9008,-75.1675,Outdoor,Grass,30,2003
2,Sun,2023-09-17,1:00PM,atlanta_falcons,"",green_bay_packers,25,24,446,1,224,2023,atlanta_falcons,Mercedes-Benz Stadium,atlanta_falcons,Atlanta,GA,33.755,-84.4008,Indoor,Turf,1050,2017
2,Sun,2023-09-17,1:00PM,buffalo_bills,"",las_vegas_raiders,38,10,450,0,240,2023,buffalo_bills,Highmark Stadium,buffalo_bills,Orchard Park,NY,42.7738,-78.7868,Outdoor,Grass,600,1973
2,Sun,2023-09-17,1:00PM,tampa_bay_buccaneers,"",chicago_bears,27,17,437,0,236,2023,tampa_bay_buccaneers,Raymond James Stadium,tampa_bay_buccaneers,Tampa,FL,27.9759,-82.5033,Outdoor,Grass,26,1998
2,Sun,2023-09-17,1:00PM,baltimore_ravens,@,cincinnati_bengals,27,24,415,0,282,2023,cincinnati_bengals,Paycor Stadium,cincinnati_bengals,Cincinnati,OH,39.0954,-84.516,Outdoor,Turf,482,2000
2,Sun,2023-09-17,1:00PM,indianapolis_colts,@,houston_texans,31,20,353,0,389,2023,houston_texans,NRG Stadium,houston_texans,Houston,TX,29.6847,-95.4107,Indoor,Turf,50,2002
2,Sun,2023-09-17,1:00PM,seattle_seahawks,@,detroit_lions,37,31,393,0,418,2023,detroit_lions,Ford Field,detroit_lions,Detroit,MI,42.34,-83.0456,Indoor,Turf,600,2002
2,Sun,2023-09-17,1:00PM,kansas_city_chiefs,@,jacksonville_jaguars,17,9,399,3,271,2023,jacksonville_jaguars,TIAA Bank Field,jacksonville_jaguars,Jacksonville,FL,30.3239,-81.6373,Outdoor,Grass,16,1995
2,Sun,2023-09-17,1:00PM,tennessee_titans,"",los_angeles_chargers,27,24,341,0,342,2023,tennessee_titans,Nissan Stadium,tennessee_titans,Nashville,TN,36.1665,-86.7713,Outdoor,Grass,476,1999
2,Sun,2023-09-17,4:05PM,new_york_giants,@,arizona_cardinals,31,28,439,1,379,2023,arizona_cardinals,State Farm Stadium,arizona_cardinals,Glendale,AZ,33.5275,-112.2625,Indoor,Turf,1070,2006
2,Sun,2023-09-17,4:05PM,san_francisco_49ers,@,los_angeles_rams,30,23,365,0,386,2023,los_angeles_rams,SoFi Stadium,los_angeles_rams,Inglewood,CA,33.9535,-118.3392,Outdoor,Turf,100,2020
2,Sun,2023-09-17,4:25PM,dallas_cowboys,"",new_york_jets,30,10,382,0,215,2023,dallas_cowboys,AT&T Stadium,dallas_cowboys,Arlington,TX,32.7473,-97.0945,Indoor,Turf,639,2009
2,Sun,2023-09-17,4:25PM,washington_commanders,@,denver_broncos,35,33,388,0,399,2023,denver_broncos,Empower Field at Mile High,denver_broncos,Denver,CO,39.7439,-105.0201,Outdoor,Turf,5280,2001
2,Sun,2023-09-17,8:20PM,miami_dolphins,@,new_england_patriots,24,17,389,1,288,2023,new_england_patriots,Gillette Stadium,new_england_patriots,Foxborough,MA,42.0909,-71.2643,Outdoor,Turf,289,2002
2,Mon,2023-09-18,7:15PM,new_orleans_saints,@,carolina_panthers,20,17,341,1,239,2023,carolina_panthers,Bank of America Stadium,carolina_panthers,Charlotte,NC,35.2258,-80.8528,Outdoor,Grass,748,1996
2,Mon,2023-09-18,8:15PM,pittsburgh_steelers,"",cleveland_browns,26,22,255,2,408,2023,pittsburgh_steelers,Acrisure Stadium,pittsburgh_steelers,Pittsburgh,PA,40.4468,-80.0158,Outdoor,Grass,730,2001
3,Thu,2023-09-21,8:15PM,san_francisco_49ers,"",new_york_giants,30,12,441,0,150,2023,san_francisco_49ers,Levi's Stadium,san_francisco_49ers,Santa Clara,CA,37.403,-121.9692,Outdoor,Grass,13,2014
3,Sun,2023-09-24,1:00PM,detroit_lions,"",atlanta_falcons,20,6,358,1,183,2023,detroit_lions,Ford Field,detroit_lions,Detroit,MI,42.34,-83.0456,Indoor,Turf,600,2002
3,Sun,2023-09-24,1:00PM,buffalo_bills,@,washington_commanders,37,3,386,1,230,2023,washington_commanders,FedExField,washington_commanders,Landover,MD,38.9078,-76.8645,Outdoor,Grass,300,1997
3,Sun,2023-09-24,1:00PM,cleveland_browns,"",tennessee_titans,27,3,341,1,94,2023,cleveland_browns,FirstEnergy Stadium,cleveland_browns,Cleveland,OH,41.5061,-81.6995,Outdoor,Grass,577,1999
3,Sun,2023-09-24,1:00PM,indianapolis_colts,@,baltimore_ravens,22,19,327,0,364,2023,baltimore_ravens,M&T Bank Stadium,baltimore_ravens,Baltimore,MD,39.2779,-76.6227,Outdoor,Grass,10,1998
3,Sun,2023-09-24,1:00PM,miami_dolphins,"",denver_broncos,70,20,726,0,363,2023,miami_dolphins,Hard Rock Stadium,miami_dolphins,Miami Gardens,FL,25.958,-80.238,Outdoor,Grass,7,1987
3,Sun,2023-09-24,1:00PM,green_bay_packers,"",new_orleans_saints,18,17,340,1,252,2023,green_bay_packers,Lambeau Field,green_bay_packers,Green Bay,WI,44.5013,-88.0622,Outdoor,Grass,640,1957
3,Sun,2023-09-24,1:00PM,houston_texans,@,jacksonville_jaguars,37,17,366,0,404,2023,jacksonville_jaguars,TIAA Bank Field,jacksonville_jaguars,Jacksonville,FL,30.3239,-81.6373,Outdoor,Grass,16,1995
3,Sun,2023-09-24,1:00PM,los_angeles_chargers,@,minnesota_vikings,28,24,475,1,475,2023,minnesota_vikings,U.S. Bank Stadium,minnesota_vikings,Minneapolis,MN,44.974,-93.2581,Indoor,Turf,840,2016
3,Sun,2023-09-24,1:00PM,new_england_patriots,@,new_york_jets,15,10,358,0,171,2023,new_york_jets,MetLife Stadium,new_york_jets,East Rutherford,NJ,40.8136,-74.0744,Outdoor,Turf,3,2010
3,Sun,2023-09-24,4:05PM,seattle_seahawks,"",carolina_panthers,37,27,425,1,378,2023,seattle_seahawks,Lumen Field,seattle_seahawks,Seattle,WA,47.5952,-122.3316,Outdoor,Turf,20,2002
3,Sun,2023-09-24,4:25PM,kansas_city_chiefs,"",chicago_bears,41,10,456,2,203,2023,kansas_city_chiefs,GEHA Field at Arrowhead Stadium,kansas_city_chiefs,Kansas City,MO,39.049,-94.4839,Outdoor,Grass,1020,1972
3,Sun,2023-09-24,4:25PM,arizona_cardinals,"",dallas_cowboys,28,16,400,0,416,2023,arizona_cardinals,State Farm Stadium,arizona_cardinals,Glendale,AZ,33.5275,-112.2625,Indoor,Turf,1070,2006
3,Sun,2023-09-24,8:20PM,pittsburgh_steelers,@,las_vegas_raiders,23,18,333,0,362,2023,las_vegas_raiders,Allegiant Stadium,las_vegas_raiders,Las Vegas,NV,36.0908,-115.183,Indoor,Turf,2001,2020
3,Mon,2023-09-25,7:15PM,philadelphia_eagles,@,tampa_bay_buccaneers,25,11,472,2,174,2023,tampa_bay_buccaneers,Raymond James Stadium,tampa_bay_buccaneers,Tampa,FL,27.9759,-82.5033,Outdoor,Grass,26,1998
3,Mon,2023-09-25,8:15PM,cincinnati_bengals,"",los_angeles_rams,19,16,309,1,292,2023,cincinnati_bengals,Paycor Stadium,cincinnati_bengals,Cincinnati,OH,39.0954,-84.516,Outdoor,Turf,482,2000
4,Thu,2023-09-28,8:15PM,detroit_lions,@,green_bay_packers,34,20,401,1,230,2023,green_bay_packers,Lambeau Field,green_bay_packers,Green Bay,WI,44.5013,-88.0622,Outdoor,Grass,640,1957
4,Sun,2023-10-01,9:30AM,jacksonville_jaguars,"",atlanta_falcons,23,7,300,0,287,2023,jacksonville_jaguars,TIAA Bank Field,jacksonville_jaguars,Jacksonville,FL,30.3239,-81.6373,Outdoor,Grass,16,1995
4,Sun,2023-10-01,1:00PM,buffalo_bills,"",miami_dolphins,48,20,414,0,393,2023,buffalo_bills,Highmark Stadium,buffalo_bills,Orchard Park,NY,42.7738,-78.7868,Outdoor,Grass,600,1973
4,Sun,2023-10-01,1:00PM,minnesota_vikings,@,carolina_panthers,21,13,265,2,232,2023,carolina_panthers,Bank of America Stadium,carolina_panthers,Charlotte,NC,35.2258,-80.8528,Outdoor,Grass,748,1996
4,Sun,2023-10-01,1:00PM,denver_broncos,@,chicago_bears,31,28,311,0,471,2023,chicago_bears,Soldier Field,chicago_bears,Chicago,IL,41.8623,-87.6167,Outdoor,Grass,595,1924
4,Sun,2023-10-01,1:00PM,tennessee_titans,"",cincinnati_bengals,27,3,400,1,211,2023,tennessee_titans,Nissan Stadium,tennessee_titans,Nashville,TN,36.1665,-86.7713,Outdoor,Grass,476,1999
4,Sun,2023-10-01,1:00PM,baltimore_ravens,@,cleveland_browns,28,3,296,1,166,2023,cleveland_browns,FirstEnergy Stadium,cleveland_browns,Cleveland,OH,41.5061,-81.6995,Outdoor,Grass,577,1999
4,Sun,2023-10-01,1:00PM,los_angeles_rams,@,indianapolis_colts,29,23,467,1,329,2023,indianapolis_colts,Lucas Oil Stadium,indianapolis_colts,Indianapolis,IN,39.7601,-86.1639,Indoor,Turf,700,2008
4,Sun,2023-10-01,1:00PM,houston_texans,"",pittsburgh_steelers,30,6,451,0,225,2023,houston_texans,NRG Stadium,houston_texans,Houston,TX,29.6847,-95.4107,Indoor,Turf,50,2002
4,Sun,2023-10-01,1:00PM,tampa_bay_buccaneers,@,new_orleans_saints,26,9,353,1,197,2023,new_orleans_saints,Caesars Superdome,new_orleans_saints,New Orleans,LA,29.9509,-90.0815,Indoor,Turf,3,1975
4,Sun,2023-10-01,1:00PM,philadelphia_eagles,"",washington_commanders,34,31,415,0,365,2023,philadelphia_eagles,Lincoln Financial Field,philadelphia_eagles,Philadelphia,PA,39.9008,-75.1675,Outdoor,Grass,30,2003
4,Sun,2023-10-01,4:05PM,los_angeles_chargers,"",las_vegas_raiders,24,17,305,1,264,2023,los_angeles_chargers,SoFi Stadium,los_angeles_chargers,Inglewood,CA,33.9535,-118.3392,Outdoor,Turf,100,2020
4,Sun,2023-10-01,4:25PM,san_francisco_49ers,"",arizona_cardinals,35,16,395,0,362,2023,san_francisco_49ers,Levi's Stadium,san_francisco_49ers,Santa Clara,CA,37.403,-121.9692,Outdoor,Grass,13,2014
4,Sun,2023-10-01,4:25PM,dallas_cowboys,"",new_england_patriots,38,3,377,0,253,2023,dallas_cowboys,AT&T Stadium,dallas_cowboys,Arlington,TX,32.7473,-97.0945,Indoor,Turf,639,2009
4,Sun,2023-10-01,8:20PM,kansas_city_chiefs,@,new_york_jets,23,20,401,2,336,2023,new_york_jets,MetLife Stadium,new_york_jets,East Rutherford,NJ,40.8136,-74.0744,Outdoor,Turf,3,2010
4,Mon,2023-10-02,8:15PM,seattle_seahawks,@,new_york_giants,24,3,281,0,248,2023,new_york_giants,MetLife Stadium,new_york_giants,East Rutherford,NJ,40.8136,-74.0744,Outdoor,Turf,3,2010
5,Thu,2023-10-05,8:15PM,chicago_bears,@,washington_commanders,40,20,451,0,388,2023,washington_commanders,FedExField,washington_commanders,Landover,MD,38.9078,-76.8645,Outdoor,Grass,300,1997
5,Sun,2023-10-08,9:30AM,jacksonville_jaguars,@,buffalo_bills,25,20,474,2,388,2023,buffalo_bills,Highmark Stadium,buffalo_bills,Orchard Park,NY,42.7738,-78.7868,Outdoor,Grass,600,1973
5,Sun,2023-10-08,1:00PM,atlanta_falcons,"",houston_texans,21,19,447,2,313,2023,atlanta_falcons,Mercedes-Benz Stadium,atlanta_falcons,Atlanta,GA,33.755,-84.4008,Indoor,Turf,1050,2017
5,Sun,2023-10-08,1:00PM,detroit_lions,"",carolina_panthers,42,24,377,0,342,2023,detroit_lions,Ford Field,detroit_lions,Detroit,MI,42.34,-83.0456,Indoor,Turf,600,2002
5,Sun,2023-10-08,1:00PM,indianapolis_colts,"",tennessee_titans,23,16,429,0,348,2023,indianapolis_colts,Lucas Oil Stadium,indianapolis_colts,Indianapolis,IN,39.7601,-86.1639,Indoor,Turf,700,2008
5,Sun,2023-10-08,1:00PM,miami_dolphins,"",new_york_giants,31,16,524,3,268,2023,miami_dolphins,Hard Rock Stadium,miami_dolphins,Miami Gardens,FL,25.958,-80.238,Outdoor,Grass,7,1987
5,Sun,2023-10-08,1:00PM,new_orleans_saints,@,new_england_patriots,34,0,304,0,156,2023,new_england_patriots,Gillette Stadium,new_england_patriots,Foxborough,MA,42.0909,-71.2643,Outdoor,Turf,289,2002
5,Sun,2023-10-08,1:00PM,pittsburgh_steelers,"",baltimore_ravens,17,10,289,1,335,2023,pittsburgh_steelers,Acrisure Stadium,pittsburgh_steelers,Pittsburgh,PA,40.4468,-80.0158,Outdoor,Grass,730,2001
5,Sun,2023-10-08,4:05PM,cincinnati_bengals,@,arizona_cardinals,34,20,380,1,294,2023,arizona_cardinals,State Farm Stadium,arizona_cardinals,Glendale,AZ,33.5275,-112.2625,Indoor,Turf,1070,2006
5,Sun,2023-10-08,4:05PM,philadelphia_eagles,@,los_angeles_rams,23,14,454,1,249,2023,los_angeles_rams,SoFi Stadium,los_angeles_rams,Inglewood,CA,33.9535,-118.3392,Outdoor,Turf,100,2020
5,Sun,2023-10-08,4:25PM,new_york_jets,@,denver_broncos,31,21,407,2,308,2023,denver_broncos,Empower Field at Mile High,denver_broncos,Denver,CO,39.7439,-105.0201,Outdoor,Turf,5280,2001
5,Sun,2023-10-08,4:25PM,kansas_city_chiefs,@,minnesota_vikings,27,20,333,0,329,2023,minnesota_vikings,U.S. Bank Stadium,minnesota_vikings,Minneapolis,MN,44.974,-93.2581,Indoor,Turf,840,2016
5,Sun,2023-10-08,8:20PM,san_francisco_49ers,"",dallas_cowboys,42,10,421,1,197,2023,san_francisco_49ers,Levi's Stadium,san_francisco_49ers,Santa Clara,CA,37.403,-121.9692,Outdoor,Grass,13,2014
5,Mon,2023-10-09,8:15PM,las_vegas_raiders,"",green_bay_packers,17,13,279,1,285,2023,las_vegas_raiders,Allegiant Stadium,las_vegas_raiders,Las Vegas,NV,36.0908,-115.183,Indoor,Turf,2001,2020
6,Thu,2023-10-12,8:15PM,kansas_city_chiefs,"",denver_broncos,19,8,389,1,197,2023,kansas_city_chiefs,GEHA Field at Arrowhead Stadium,kansas_city_chiefs,Kansas City,MO,39.049,-94.4839,Outdoor,Grass,1020,1972
6,Sun,2023-10-15,9:30AM,baltimore_ravens,@,tennessee_titans,24,16,360,1,233,2023,tennessee_titans,Nissan Stadium,tennessee_titans,Nashville,TN,36.1665,-86.7713,Outdoor,Grass,476,1999
6,Sun,2023-10-15,1:00PM,cleveland_browns,"",san_francisco_49ers,19,17,334,2,215,2023,cleveland_browns,FirstEnergy Stadium,cleveland_browns,Cleveland,OH,41.5061,-81.6995,Outdoor,Grass,577,1999
6,Sun,2023-10-15,1:00PM,washington_commanders,@,atlanta_falcons,24,16,193,0,402,2023,atlanta_falcons,Mercedes-Benz Stadium,atlanta_falcons,Atlanta,GA,33.755,-84.4008,Indoor,Turf,1050,2017
6,Sun,2023-10-15,1:00PM,miami_dolphins,"",carolina_panthers,42,21,424,1,296,2023,miami_dolphins,Hard Rock Stadium,miami_dolphins,Miami Gardens,FL,25.958,-80.238,Outdoor,Grass,7,1987
6,Sun,2023-10-15,1:00PM,minnesota_vikings,@,chicago_bears,19,13,220,1,275,2023,chicago_bears,Soldier Field,chicago_bears,Chicago,IL,41.8623,-87.6167,Outdoor,Grass,595,1924
6,Sun,2023-10-15,1:00PM,cincinnati_bengals,"",seattle_seahawks,17,13,214,1,384,2023,cincinnati_bengals,Paycor Stadium,cincinnati_bengals,Cincinnati,OH,39.0954,-84.516,Outdoor,Turf,482,2000
6,Sun,2023-10-15,1:00PM,jacksonville_jaguars,"",indianapolis_colts,37,20,233,1,354,2023,jacksonville_jaguars,TIAA Bank Field,jacksonville_jaguars,Jacksonville,FL,30.3239,-81.6373,Outdoor,Grass,16,1995
6,Sun,2023-10-15,1:00PM,houston_texans,"",new_orleans_saints,20,13,297,1,430,2023,houston_texans,NRG Stadium,houston_texans,Houston,TX,29.6847,-95.4107,Indoor,Turf,50,2002
6,Sun,2023-10-15,4:05PM,las_vegas_raiders,"",new_england_patriots,21,17,348,1,259,2023,las_vegas_raiders,Allegiant Stadium,las_vegas_raiders,Las Vegas,NV,36.0908,-115.183,Indoor,Turf,2001,2020
6,Sun,2023-10-15,4:25PM,los_angeles_rams,"",arizona_cardinals,26,9,382,1,345,2023,los_angeles_rams,SoFi Stadium,los_angeles_rams,Inglewood,CA,33.9535,-118.3392,Outdoor,Turf,100,2020
6,Sun,2023-10-15,4:25PM,detroit_lions,@,tampa_bay_buccaneers,20,6,380,0,251,2023,tampa_bay_buccaneers,Raymond James Stadium,tampa_bay_buccaneers,Tampa,FL,27.9759,-82.5033,Outdoor,Grass,26,1998
6,Sun,2023-10-15,4:25PM,new_york_jets,"",philadelphia_eagles,20,14,244,0,348,2023,new_york_jets,MetLife Stadium,new_york_jets,East Rutherford,NJ,40.8136,-74.0744,Outdoor,Turf,3,2010
6,Sun,2023-10-15,8:20PM,buffalo_bills,"",new_york_giants,14,9,297,2,317,2023,buffalo_bills,Highmark Stadium,buffalo_bills,Orchard Park,NY,42.7738,-78.7868,Outdoor,Grass,600,1973
6,Mon,2023-10-16,8:15PM,dallas_cowboys,@,los_angeles_chargers,20,17,342,1,272,2023,los_angeles_chargers,SoFi Stadium,los_angeles_chargers,Inglewood,CA,33.9535,-118.3392,Outdoor,Turf,100,2020
7,Thu,2023-10-19,8:15PM,jacksonville_jaguars,@,new_orleans_saints,31,24,330,2,407,2023,new_orleans_saints,Caesars Superdome,new_orleans_saints,New Orleans,LA,29.9509,-90.0815,Indoor,Turf,3,1975
7,Sun,2023-10-22,1:00PM,cleveland_browns,@,indianapolis_colts,39,38,316,2,456,2023,indianapolis_colts,Lucas Oil Stadium,indianapolis_colts,Indianapolis,IN,39.7601,-86.1639,Indoor,Turf,700,2008
7,Sun,2023-10-22,1:00PM,atlanta_falcons,@,tampa_bay_buccaneers,16,13,401,3,329,2023,tampa_bay_buccaneers,Raymond James Stadium,tampa_bay_buccaneers,Tampa,FL,27.9759,-82.5033,Outdoor,Grass,26,1998
7,Sun,2023-10-22,1:00PM,new_england_patriots,"",buffalo_bills,29,25,364,1,339,2023,new_england_patriots,Gillette Stadium,new_england_patriots,Foxborough,MA,42.0909,-71.2643,Outdoor,Turf,289,2002
7,Sun,2023-10-22,1:00PM,chicago_bears,"",las_vegas_raiders,30,12,323,0,235,2023,chicago_bears,Soldier Field,chicago_bears,Chicago,IL,41.8623,-87.6167,Outdoor,Grass,595,1924
7,Sun,2023-10-22,1:00PM,baltimore_ravens,"",detroit_lions,38,6,503,1,337,2023,baltimore_ravens,M&T Bank Stadium,baltimore_ravens,Baltimore,MD,39.2779,-76.6227,Outdoor,Grass,10,1998
7,Sun,2023-10-22,1:00PM,new_york_giants,"",washington_commanders,14,7,356,2,273,2023,new_york_giants,MetLife Stadium,new_york_giants,East Rutherford,NJ,40.8136,-74.0744,Outdoor,Turf,3,2010
7,Sun,2023-10-22,4:05PM,pittsburgh_steelers,@,los_angeles_rams,24,17,300,0,354,2023,los_angeles_rams,SoFi Stadium,los_angeles_rams,Inglewood,CA,33.9535,-118.3392,Outdoor,Turf,100,2020
7,Sun,2023-10-22,4:05PM,seattle_seahawks,"",arizona_cardinals,20,10,318,3,249,2023,seattle_seahawks,Lumen Field,seattle_seahawks,Seattle,WA,47.5952,-122.3316,Outdoor,Turf,20,2002
7,Sun,2023-10-22,4:25PM,denver_broncos,"",green_bay_packers,19,17,339,0,331,2023,denver_broncos,Empower Field at Mile High,denver_broncos,Denver,CO,39.7439,-105.0201,Outdoor,Turf,5280,2001
7,Sun,2023-10-22,4:25PM,kansas_city_chiefs,"",los_angeles_chargers,31,17,483,2,358,2023,kansas_city_chiefs,GEHA Field at Arrowhead Stadium,kansas_city_chiefs,Kansas City,MO,39.049,-94.4839,Outdoor,Grass,1020,1972
7,Sun,2023-10-22,8:20PM,philadelphia_eagles,"",miami_dolphins,31,17,355,2,244,2023,philadelphia_eagles,Lincoln Financial Field,philadelphia_eagles,Philadelphia,PA,39.9008,-75.1675,Outdoor,Grass,30,2003
7,Mon,2023-10-23,8:15PM,minnesota_vikings,"",san_francisco_49ers,22,17,452,1,325,2023,minnesota_vikings,U.S. Bank Stadium,minnesota_vikings,Minneapolis,MN,44.974,-93.2581,Indoor,Turf,840,2016
8,Thu,2023-10-26,8:15PM,buffalo_bills,"",tampa_bay_buccaneers,24,18,427,1,302,2023,buffalo_bills,Highmark Stadium,buffalo_bills,Orchard Park,NY,42.7738,-78.7868,Outdoor,Grass,600,1973
8,Sun,2023-10-29,1:00PM,carolina_panthers,"",houston_texans,15,13,224,0,229,2023,carolina_panthers,Bank of America Stadium,carolina_panthers,Charlotte,NC,35.2258,-80.8528,Outdoor,Grass,748,1996
8,Sun,2023-10-29,1:00PM,dallas_cowboys,"",los_angeles_rams,43,20,387,1,280,2023,dallas_cowboys,AT&T Stadium,dallas_cowboys,Arlington,TX,32.7473,-97.0945,Indoor,Turf,639,2009
8,Sun,2023-10-29,1:00PM,minnesota_vikings,@,green_bay_packers,24,10,346,1,270,2023,green_bay_packers,Lambeau Field,green_bay_packers,Green Bay,WI,44.5013,-88.0622,Outdoor,Grass,640,1957
8,Sun,2023-10-29,1:00PM,tennessee_titans,"",atlanta_falcons,28,23,375,1,342,2023,tennessee_titans,Nissan Stadium,tennessee_titans,Nashville,TN,36.1665,-86.7713,Outdoor,Grass,476,1999
8,Sun,2023-10-29,1:00PM,new_orleans_saints,@,indianapolis_colts,38,27,511,1,371,2023,indianapolis_colts,Lucas Oil Stadium,indianapolis_colts,Indianapolis,IN,39.7601,-86.1639,Indoor,Turf,700,2008
8,Sun,2023-10-29,1:00PM,jacksonville_jaguars,@,pittsburgh_steelers,20,10,377,3,261,2023,pittsburgh_steelers,Acrisure Stadium,pittsburgh_steelers,Pittsburgh,PA,40.4468,-80.0158,Outdoor,Grass,730,2001
8,Sun,2023-10-29,1:00PM,miami_dolphins,"",new_england_patriots,31,17,390,2,218,2023,miami_dolphins,Hard Rock Stadium,miami_dolphins,Miami Gardens,FL,25.958,-80.238,Outdoor,Grass,7,1987
8,Sun,2023-10-29,1:00PM,new_york_jets,@,new_york_giants,13,10,251,2,194,2023,new_york_giants,MetLife Stadium,new_york_giants,East Rutherford,NJ,40.8136,-74.0744,Outdoor,Turf,3,2010
8,Sun,2023-10-29,1:00PM,philadelphia_eagles,@,washington_commanders,38,31,374,2,472,2023,washington_commanders,FedExField,washington_commanders,Landover,MD,38.9078,-76.8645,Outdoor,Grass,300,1997
8,Sun,2023-10-29,4:05PM,seattle_seahawks,"",cleveland_browns,24,20,362,2,385,2023,seattle_seahawks,Lumen Field,seattle_seahawks,Seattle,WA,47.5952,-122.3316,Outdoor,Turf,20,2002
8,Sun,2023-10-29,4:25PM,cincinnati_bengals,@,san_francisco_49ers,31,17,400,1,460,2023,san_francisco_49ers,Levi's Stadium,san_francisco_49ers,Santa Clara,CA,37.403,-121.9692,Outdoor,Grass,13,2014
8,Sun,2023-10-29,4:25PM,baltimore_ravens,@,arizona_cardinals,31,24,268,0,310,2023,arizona_cardinals,State Farm Stadium,arizona_cardinals,Glendale,AZ,33.5275,-112.2625,Indoor,Turf,1070,2006
8,Sun,2023-10-29,4:25PM,denver_broncos,"",kansas_city_chiefs,24,9,240,1,274,2023,denver_broncos,Empower Field at Mile High,denver_broncos,Denver,CO,39.7439,-105.0201,Outdoor,Turf,5280,2001
8,Sun,2023-10-29,8:20PM,los_angeles_chargers,"",chicago_bears,30,13,352,1,295,2023,los_angeles_chargers,SoFi Stadium,los_angeles_chargers,Inglewood,CA,33.9535,-118.3392,Outdoor,Turf,100,2020
8,Mon,2023-10-30,8:15PM,detroit_lions,"",las_vegas_raiders,26,14,486,3,157,2023,detroit_lions,Ford Field,detroit_lions,Detroit,MI,42.34,-83.0456,Indoor,Turf,600,2002
9,Thu,2023-11-02,8:15PM,pittsburgh_steelers,"",tennessee_titans,20,16,326,0,340,2023,pittsburgh_steelers,Acrisure Stadium,pittsburgh_steelers,Pittsburgh,PA,40.4468,-80.0158,Outdoor,Grass,730,2001
9,Sun,2023-11-05,9:30AM,kansas_city_chiefs,"",miami_dolphins,21,14,267,1,292,2023,kansas_city_chiefs,GEHA Field at Arrowhead Stadium,kansas_city_chiefs,Kansas City,MO,39.049,-94.4839,Outdoor,Grass,1020,1972
9,Sun,2023-11-05,1:00PM,cleveland_browns,"",arizona_cardinals,27,0,326,0,58,2023,cleveland_browns,FirstEnergy Stadium,cleveland_browns,Cleveland,OH,41.5061,-81.6995,Outdoor,Grass,577,1999
9,Sun,2023-11-05,1:00PM,green_bay_packers,"",los_angeles_rams,20,3,391,2,187,2023,green_bay_packers,Lambeau Field,green_bay_packers,Green Bay,WI,44.5013,-88.0622,Outdoor,Grass,640,1957
9,Sun,2023-11-05,1:00PM,houston_texans,"",tampa_bay_buccaneers,39,37,496,1,332,2023,houston_texans,NRG Stadium,houston_texans,Houston,TX,29.6847,-95.4107,Indoor,Turf,50,2002
9,Sun,2023-11-05,1:00PM,minnesota_vikings,@,atlanta_falcons,31,28,363,2,370,2023,atlanta_falcons,Mercedes-Benz Stadium,atlanta_falcons,Atlanta,GA,33.755,-84.4008,Indoor,Turf,1050,2017
9,Sun,2023-11-05,1:00PM,new_orleans_saints,"",chicago_bears,24,17,301,0,368,2023,new_orleans_saints,Caesars Superdome,new_orleans_saints,New Orleans,LA,29.9509,-90.0815,Indoor,Turf,3,1975
9,Sun,2023-11-05,1:00PM,washington_commanders,@,new_england_patriots,20,17,432,2,327,2023,new_england_patriots,Gillette Stadium,new_england_patriots,Foxborough,MA,42.0909,-71.2643,Outdoor,Turf,289,2002
9,Sun,2023-11-05,1:00PM,baltimore_ravens,"",seattle_seahawks,37,3,515,2,151,2023,baltimore_ravens,M&T Bank Stadium,baltimore_ravens,Baltimore,MD,39.2779,-76.6227,Outdoor,Grass,10,1998
9,Sun,2023-11-05,4:05PM,indianapolis_colts,@,carolina_panthers,27,13,198,1,275,2023,carolina_panthers,Bank of America Stadium,carolina_panthers,Charlotte,NC,35.2258,-80.8528,Outdoor,Grass,748,1996
9,Sun,2023-11-05,4:25PM,philadelphia_eagles,"",dallas_cowboys,28,23,292,0,406,2023,philadelphia_eagles,Lincoln Financial Field,philadelphia_eagles,Philadelphia,PA,39.9008,-75.1675,Outdoor,Grass,30,2003
9,Sun,2023-11-05,4:25PM,las_vegas_raiders,"",new_york_giants,30,6,334,0,277,2023,las_vegas_raiders,Allegiant Stadium,las_vegas_raiders,Las Vegas,NV,36.0908,-115.183,Indoor,Turf,2001,2020
9,Sun,2023-11-05,8:20PM,cincinnati_bengals,"",buffalo_bills,24,18,397,0,317,2023,cincinnati_bengals,Paycor Stadium,cincinnati_bengals,Cincinnati,OH,39.0954,-84.516,Outdoor,Turf,482,2000
9,Mon,2023-11-06,8:15PM,los_angeles_chargers,@,new_york_jets,27,6,191,0,270,2023,new_york_jets,MetLife Stadium,new_york_jets,East Rutherford,NJ,40.8136,-74.0744,Outdoor,Turf,3,2010
10,Thu,2023-11-09,8:15PM,chicago_bears,"",carolina_panthers,16,13,295,0,213,2023,chicago_bears,Soldier Field,chicago_bears,Chicago,IL,41.8623,-87.6167,Outdoor,Grass,595,1924
10,Sun,2023-11-12,9:30AM,indianapolis_colts,@,new_england_patriots,10,6,264,1,340,2023,new_england_patriots,Gillette Stadium,new_england_patriots,Foxborough,MA,42.0909,-71.2643,Outdoor,Turf,289,2002
10,Sun,2023-11-12,1:00PM,houston_texans,@,cincinnati_bengals,30,27,544,3,380,2023,cincinnati_bengals,Paycor Stadium,cincinnati_bengals,Cincinnati,OH,39.0954,-84.516,Outdoor,Turf,482,2000
10,Sun,2023-11-12,1:00PM,cleveland_browns,@,baltimore_ravens,33,31,373,2,306,2023,baltimore_ravens,M&T Bank Stadium,baltimore_ravens,Baltimore,MD,39.2779,-76.6227,Outdoor,Grass,10,1998
10,Sun,2023-11-12,1:00PM,pittsburgh_steelers,"",green_bay_packers,23,19,324,0,399,2023,pittsburgh_steelers,Acrisure Stadium,pittsburgh_steelers,Pittsburgh,PA,40.4468,-80.0158,Outdoor,Grass,730,2001
10,Sun,2023-11-12,1:00PM,san_francisco_49ers,@,jacksonville_jaguars,34,3,437,0,221,2023,jacksonville_jaguars,TIAA Bank Field,jacksonville_jaguars,Jacksonville,FL,30.3239,-81.6373,Outdoor,Grass,16,1995
10,Sun,2023-11-12,1:00PM,tampa_bay_buccaneers,"",tennessee_titans,20,6,340,1,209,2023,tampa_bay_buccaneers,Raymond James Stadium,tampa_bay_buccaneers,Tampa,FL,27.9759,-82.5033,Outdoor,Grass,26,1998
10,Sun,2023-11-12,1:00PM,minnesota_vikings,"",new_orleans_saints,27,19,388,0,280,2023,minnesota_vikings,U.S. Bank Stadium,minnesota_vikings,Minneapolis,MN,44.974,-93.2581,Indoor,Turf,840,2016
10,Sun,2023-11-12,4:05PM,detroit_lions,@,los_angeles_chargers,41,38,533,0,421,2023,los_angeles_chargers,SoFi Stadium,los_angeles_chargers,Inglewood,CA,33.9535,-118.3392,Outdoor,Turf,100,2020
10,Sun,2023-11-12,4:05PM,arizona_cardinals,"",atlanta_falcons,25,23,352,1,254,2023,arizona_cardinals,State Farm Stadium,arizona_cardinals,Glendale,AZ,33.5275,-112.2625,Indoor,Turf,1070,2006
10,Sun,2023-11-12,4:25PM,dallas_cowboys,"",new_york_giants,49,17,640,2,172,2023,dallas_cowboys,AT&T Stadium,dallas_cowboys,Arlington,TX,32.7473,-97.0945,Indoor,Turf,639,2009
10,Sun,2023-11-12,4:25PM,seattle_seahawks,"",washington_commanders,29,26,489,0,356,2023,seattle_seahawks,Lumen Field,seattle_seahawks,Seattle,WA,47.5952,-122.3316,Outdoor,Turf,20,2002
10,Sun,2023-11-12,8:20PM,las_vegas_raiders,"",new_york_jets,16,12,274,2,365,2023,las_vegas_raiders,Allegiant Stadium,las_vegas_raiders,Las Vegas,NV,36.0908,-115.183,Indoor,Turf,2001,2020
10,Mon,2023-11-13,8:15PM,denver_broncos,@,buffalo_bills,24,22,300,1,369,2023,buffalo_bills,Highmark Stadium,buffalo_bills,Orchard Park,NY,42.7738,-78.7868,Outdoor,Grass,600,1973
11,Thu,2023-11-16,8:15PM,baltimore_ravens,"",cincinnati_bengals,34,20,405,0,272,2023,baltimore_ravens,M&T Bank Stadium,baltimore_ravens,Baltimore,MD,39.2779,-76.6227,Outdoor,Grass,10,1998
11,Sun,2023-11-19,1:00PM,dallas_cowboys,@,carolina_panthers,33,10,311,0,187,2023,carolina_panthers,Bank of America Stadium,carolina_panthers,Charlotte,NC,35.2258,-80.8528,Outdoor,Grass,748,1996
11,Sun,2023-11-19,1:00PM,cleveland_browns,"",pittsburgh_steelers,13,10,259,1,249,2023,cleveland_browns,FirstEnergy Stadium,cleveland_browns,Cleveland,OH,41.5061,-81.6995,Outdoor,Grass,577,1999
11,Sun,2023-11-19,1:00PM,green_bay_packers,"",los_angeles_chargers,23,20,397,0,394,2023,green_bay_packers,Lambeau Field,green_bay_packers,Green Bay,WI,44.5013,-88.0622,Outdoor,Grass,640,1957
11,Sun,2023-11-19,1:00PM,jacksonville_jaguars,"",tennessee_titans,34,14,389,0,235,2023,jacksonville_jaguars,TIAA Bank Field,jacksonville_jaguars,Jacksonville,FL,30.3239,-81.6373,Outdoor,Grass,16,1995
11,Sun,2023-11-19,1:00PM,miami_dolphins,"",las_vegas_raiders,20,13,422,3,296,2023,miami_dolphins,Hard Rock Stadium,miami_dolphins,Miami Gardens,FL,25.958,-80.238,Outdoor,Grass,7,1987
11,Sun,2023-11-19,1:00PM,detroit_lions,"",chicago_bears,31,26,338,4,334,2023,detroit_lions,Ford Field,detroit_lions,Detroit,MI,42.34,-83.0456,Indoor,Turf,600,2002
11,Sun,2023-11-19,1:00PM,houston_texans,"",arizona_cardinals,21,16,419,3,319,2023,houston_texans,NRG Stadium,houston_texans,Houston,TX,29.6847,-95.4107,Indoor,Turf,50,2002
11,Sun,2023-11-19,1:00PM,new_york_giants,@,washington_commanders,31,19,292,0,404,2023,washington_commanders,FedExField,washington_commanders,Landover,MD,38.9078,-76.8645,Outdoor,Grass,300,1997
11,Sun,2023-11-19,4:05PM,san_francisco_49ers,"",tampa_bay_buccaneers,27,14,420,0,287,2023,san_francisco_49ers,Levi's Stadium,san_francisco_49ers,Santa Clara,CA,37.403,-121.9692,Outdoor,Grass,13,2014
11,Sun,2023-11-19,4:25PM,los_angeles_rams,"",seattle_seahawks,17,16,267,1,291,2023,los_angeles_rams,SoFi Stadium,los_angeles_rams,Inglewood,CA,33.9535,-118.3392,Outdoor,Turf,100,2020
11,Sun,2023-11-19,4:25PM,buffalo_bills,"",new_york_jets,32,6,393,1,155,2023,buffalo_bills,Highmark Stadium,buffalo_bills,Orchard Park,NY,42.7738,-78.7868,Outdoor,Grass,600,1973
11,Sun,2023-11-19,8:20PM,denver_broncos,"",minnesota_vikings,21,20,295,0,385,2023,denver_broncos,Empower Field at Mile High,denver_broncos,Denver,CO,39.7439,-105.0201,Outdoor,Turf,5280,2001
11,Mon,2023-11-20,8:15PM,philadelphia_eagles,@,kansas_city_chiefs,21,17,238,1,336,2023,kansas_city_chiefs,GEHA Field at Arrowhead Stadium,kansas_city_chiefs,Kansas City,MO,39.049,-94.4839,Outdoor,Grass,1020,1972
12,Thu,2023-11-23,12:30PM,green_bay_packers,@,detroit_lions,29,22,377,0,464,2023,detroit_lions,Ford Field,detroit_lions,Detroit,MI,42.34,-83.0456,Indoor,Turf,600,2002
12,Thu,2023-11-23,4:30PM,dallas_cowboys,"",washington_commanders,45,10,431,0,376,2023,dallas_cowboys,AT&T Stadium,dallas_cowboys,Arlington,TX,32.7473,-97.0945,Indoor,Turf,639,2009
12,Thu,2023-11-23,8:20PM,san_francisco_49ers,@,seattle_seahawks,31,13,377,1,220,2023,seattle_seahawks,Lumen Field,seattle_seahawks,Seattle,WA,47.5952,-122.3316,Outdoor,Turf,20,2002
12,Fri,2023-11-24,3:00PM,miami_dolphins,@,new_york_jets,34,13,395,3,159,2023,new_york_jets,MetLife Stadium,new_york_jets,East Rutherford,NJ,40.8136,-74.0744,Outdoor,Turf,3,2010
12,Sun,2023-11-26,1:00PM,atlanta_falcons,"",new_orleans_saints,24,15,396,2,444,2023,atlanta_falcons,Mercedes-Benz Stadium,atlanta_falcons,Atlanta,GA,33.755,-84.4008,Indoor,Turf,1050,2017
12,Sun,2023-11-26,1:00PM,tennessee_titans,"",carolina_panthers,17,10,264,0,258,2023,tennessee_titans,Nissan Stadium,tennessee_titans,Nashville,TN,36.1665,-86.7713,Outdoor,Grass,476,1999
12,Sun,2023-11-26,1:00PM,pittsburgh_steelers,@,cincinnati_bengals,16,10,421,1,222,2023,cincinnati_bengals,Paycor Stadium,cincinnati_bengals,Cincinnati,OH,39.0954,-84.516,Outdoor,Turf,482,2000
12,Sun,2023-11-26,1:00PM,indianapolis_colts,"",tampa_bay_buccaneers,27,20,394,1,298,2023,indianapolis_colts,Lucas Oil Stadium,indianapolis_colts,Indianapolis,IN,39.7601,-86.1639,Indoor,Turf,700,2008
12,Sun,2023-11-26,1:00PM,jacksonville_jaguars,@,houston_texans,24,21,445,1,352,2023,houston_texans,NRG Stadium,houston_texans,Houston,TX,29.6847,-95.4107,Indoor,Turf,50,2002
12,Sun,2023-11-26,1:00PM,new_york_giants,"",new_england_patriots,10,7,220,1,283,2023,new_york_giants,MetLife Stadium,new_york_giants,East Rutherford,NJ,40.8136,-74.0744,Outdoor,Turf,3,2010
12,Sun,2023-11-26,4:05PM,denver_broncos,"",cleveland_browns,29,12,294,1,269,2023,denver_broncos,Empower Field at Mile High,denver_broncos,Denver,CO,39.7439,-105.0201,Outdoor,Turf,5280,2001
12,Sun,2023-11-26,4:05PM,los_angeles_rams,@,arizona_cardinals,37,14,457,1,292,2023,arizona_cardinals,State Farm Stadium,arizona_cardinals,Glendale,AZ,33.5275,-112.2625,Indoor,Turf,1070,2006
12,Sun,2023-11-26,4:25PM,kansas_city_chiefs,@,las_vegas_raiders,31,17,360,0,358,2023,las_vegas_raiders,Allegiant Stadium,las_vegas_raiders,Las Vegas,NV,36.0908,-115.183,Indoor,Turf,2001,2020
12,Sun,2023-11-26,4:25PM,philadelphia_eagles,"",buffalo_bills,37,34,378,2,505,2023,philadelphia_eagles,Lincoln Financial Field,philadelphia_eagles,Philadelphia,PA,39.9008,-75.1675,Outdoor,Grass,30,2003
12,Sun,2023-11-26,8:20PM,baltimore_ravens,@,los_angeles_chargers,20,10,361,0,279,2023,los_angeles_chargers,SoFi Stadium,los_angeles_chargers,Inglewood,CA,33.9535,-118.3392,Outdoor,Turf,100,2020
12,Mon,2023-11-27,8:15PM,chicago_bears,@,minnesota_vikings,12,10,317,2,242,2023,minnesota_vikings,U.S. Bank Stadium,minnesota_vikings,Minneapolis,MN,44.974,-93.2581,Indoor,Turf,840,2016
13,Thu,2023-11-30,8:15PM,dallas_cowboys,"",seattle_seahawks,41,35,411,0,406,2023,dallas_cowboys,AT&T Stadium,dallas_cowboys,Arlington,TX,32.7473,-97.0945,Indoor,Turf,639,2009
13,Sun,2023-12-03,1:00PM,atlanta_falcons,@,new_york_jets,13,8,194,0,259,2023,new_york_jets,MetLife Stadium,new_york_jets,East Rutherford,NJ,40.8136,-74.0744,Outdoor,Turf,3,2010
13,Sun,2023-12-03,1:00PM,indianapolis_colts,@,tennessee_titans,31,28,355,2,381,2023,tennessee_titans,Nissan Stadium,tennessee_titans,Nashville,TN,36.1665,-86.7713,Outdoor,Grass,476,1999
13,Sun,2023-12-03,1:00PM,houston_texans,"",denver_broncos,22,17,353,0,282,2023,houston_texans,NRG Stadium,houston_texans,Houston,TX,29.6847,-95.4107,Indoor,Turf,50,2002
13,Sun,2023-12-03,1:00PM,detroit_lions,@,new_orleans_saints,33,28,347,0,362,2023,new_orleans_saints,Caesars Superdome,new_orleans_saints,New Orleans,LA,29.9509,-90.0815,Indoor,Turf,3,1975
13,Sun,2023-12-03,1:00PM,miami_dolphins,@,washington_commanders,45,15,406,0,245,2023,washington_commanders,FedExField,washington_commanders,Landover,MD,38.9078,-76.8645,Outdoor,Grass,300,1997
13,Sun,2023-12-03,1:00PM,los_angeles_chargers,@,new_england_patriots,6,0,241,0,257,2023,new_england_patriots,Gillette Stadium,new_england_patriots,Foxborough,MA,42.0909,-71.2643,Outdoor,Turf,289,2002
13,Sun,2023-12-03,1:00PM,arizona_cardinals,@,pittsburgh_steelers,24,10,282,0,317,2023,pittsburgh_steelers,Acrisure Stadium,pittsburgh_steelers,Pittsburgh,PA,40.4468,-80.0158,Outdoor,Grass,730,2001
13,Sun,2023-12-03,4:05PM,tampa_bay_buccaneers,"",carolina_panthers,21,18,322,1,282,2023,tampa_bay_buccaneers,Raymond James Stadium,tampa_bay_buccaneers,Tampa,FL,27.9759,-82.5033,Outdoor,Grass,26,1998
13,Sun,2023-12-03,4:25PM,los_angeles_rams,"",cleveland_browns,36,19,399,0,327,2023,los_angeles_rams,SoFi Stadium,los_angeles_rams,Inglewood,CA,33.9535,-118.3392,Outdoor,Turf,100,2020
13,Sun,2023-12-03,4:25PM,san_francisco_49ers,@,philadelphia_eagles,42,19,456,0,333,2023,philadelphia_eagles,Lincoln Financial Field,philadelphia_eagles,Philadelphia,PA,39.9008,-75.1675,Outdoor,Grass,30,2003
13,Sun,2023-12-03,8:20PM,green_bay_packers,"",kansas_city_chiefs,27,19,382,0,337,2023,green_bay_packers,Lambeau Field,green_bay_packers,Green Bay,WI,44.5013,-88.0622,Outdoor,Grass,640,1957
13,Mon,2023-12-04,8:15PM,cincinnati_bengals,@,jacksonville_jaguars,34,31,491,1,376,2023,jacksonville_jaguars,TIAA Bank Field,jacksonville_jaguars,Jacksonville,FL,30.3239,-81.6373,Outdoor,Grass,16,1995
14,Thu,2023-12-07,8:15PM,new_england_patriots,@,pittsburgh_steelers,21,18,303,1,264,2023,pittsburgh_steelers,Acrisure Stadium,pittsburgh_steelers,Pittsburgh,PA,40.4468,-80.0158,Outdoor,Grass,730,2001
14,Sun,2023-12-10,1:00PM,tampa_bay_buccaneers,@,atlanta_falcons,29,25,290,0,434,2023,atlanta_falcons,Mercedes-Benz Stadium,atlanta_falcons,Atlanta,GA,33.755,-84.4008,Indoor,Turf,1050,2017
14,Sun,2023-12-10,1:00PM,new_orleans_saints,"",carolina_panthers,28,6,207,1,303,2023,new_orleans_saints,Caesars Superdome,new_orleans_saints,New Orleans,LA,29.9509,-90.0815,Indoor,Turf,3,1975
14,Sun,2023-12-10,1:00PM,chicago_bears,"",detroit_lions,28,13,336,0,267,2023,chicago_bears,Soldier Field,chicago_bears,Chicago,IL,41.8623,-87.6167,Outdoor,Grass,595,1924
14,Sun,2023-12-10,1:00PM,cincinnati_bengals,"",indianapolis_colts,34,14,385,1,272,2023,cincinnati_bengals,Paycor Stadium,cincinnati_bengals,Cincinnati,OH,39.0954,-84.516,Outdoor,Turf,482,2000
14,Sun,2023-12-10,1:00PM,cleveland_browns,"",jacksonville_jaguars,31,27,389,3,293,2023,cleveland_browns,FirstEnergy Stadium,cleveland_browns,Cleveland,OH,41.5061,-81.6995,Outdoor,Grass,577,1999
14,Sun,2023-12-10,1:00PM,new_york_jets,"",houston_texans,30,6,347,1,135,2023,new_york_jets,MetLife Stadium,new_york_jets,East Rutherford,NJ,40.8136,-74.0744,Outdoor,Turf,3,2010
14,Sun,2023-12-10,1:00PM,baltimore_ravens,"",los_angeles_rams,37,31,449,1,410,2023,baltimore_ravens,M&T Bank Stadium,baltimore_ravens,Baltimore,MD,39.2779,-76.6227,Outdoor,Grass,10,1998
14,Sun,2023-12-10,4:05PM,minnesota_vikings,@,las_vegas_raiders,3,0,231,0,202,2023,las_vegas_raiders,Allegiant Stadium,las_vegas_raiders,Las Vegas,NV,36.0908,-115.183,Indoor,Turf,2001,2020
14,Sun,2023-12-10,4:05PM,san_francisco_49ers,"",seattle_seahawks,28,16,527,2,324,2023,san_francisco_49ers,Levi's Stadium,san_francisco_49ers,Santa Clara,CA,37.403,-121.9692,Outdoor,Grass,13,2014
14,Sun,2023-12-10,4:25PM,buffalo_bills,@,kansas_city_chiefs,20,17,327,1,346,2023,kansas_city_chiefs,GEHA Field at Arrowhead Stadium,kansas_city_chiefs,Kansas City,MO,39.049,-94.4839,Outdoor,Grass,1020,1972
14,Sun,2023-12-10,4:25PM,denver_broncos,@,los_angeles_chargers,24,7,322,1,283,2023,los_angeles_chargers,SoFi Stadium,los_angeles_chargers,Inglewood,CA,33.9535,-118.3392,Outdoor,Turf,100,2020
14,Sun,2023-12-10,8:20PM,dallas_cowboys,"",philadelphia_eagles,33,13,394,1,324,2023,dallas_cowboys,AT&T Stadium,dallas_cowboys,Arlington,TX,32.7473,-97.0945,Indoor,Turf,639,2009
14,Mon,2023-12-11,8:15PM,new_york_giants,"",green_bay_packers,24,22,367,2,326,2023,new_york_giants,MetLife Stadium,new_york_giants,East Rutherford,NJ,40.8136,-74.0744,Outdoor,Turf,3,2010
14,Mon,2023-12-11,8:15PM,tennessee_titans,@,miami_dolphins,28,27,403,3,366,2023,miami_dolphins,Hard Rock Stadium,miami_dolphins,Miami Gardens,FL,25.958,-80.238,Outdoor,Grass,7,1987
15,Thu,2023-12-14,8:15PM,las_vegas_raiders,"",los_angeles_chargers,63,21,378,0,326,2023,las_vegas_raiders,Allegiant Stadium,las_vegas_raiders,Las Vegas,NV,36.0908,-115.183,Indoor,Turf,2001,2020
15,Sat,2023-12-16,1:00PM,cincinnati_bengals,"",minnesota_vikings,27,24,378,1,424,2023,cincinnati_bengals,Paycor Stadium,cincinnati_bengals,Cincinnati,OH,39.0954,-84.516,Outdoor,Turf,482,2000
15,Sun,2023-12-16,4:30PM,indianapolis_colts,"",pittsburgh_steelers,30,13,372,0,216,2023,indianapolis_colts,Lucas Oil Stadium,indianapolis_colts,Indianapolis,IN,39.7601,-86.1639,Indoor,Turf,700,2008
15,Sun,2023-12-16,8:15PM,detroit_lions,"",denver_broncos,42,17,448,0,287,2023,detroit_lions,Ford Field,detroit_lions,Detroit,MI,42.34,-83.0456,Indoor,Turf,600,2002
15,Sun,2023-12-17,1:00PM,carolina_panthers,"",atlanta_falcons,9,7,283,0,204,2023,carolina_panthers,Bank of America Stadium,carolina_panthers,Charlotte,NC,35.2258,-80.8528,Outdoor,Grass,748,1996
15,Sun,2023-12-17,1:00PM,cleveland_browns,"",chicago_bears,20,17,377,3,236,2023,cleveland_browns,FirstEnergy Stadium,cleveland_browns,Cleveland,OH,41.5061,-81.6995,Outdoor,Grass,577,1999
15,Sun,2023-12-17,1:00PM,tampa_bay_buccaneers,@,green_bay_packers,34,20,452,1,321,2023,green_bay_packers,Lambeau Field,green_bay_packers,Green Bay,WI,44.5013,-88.0622,Outdoor,Grass,640,1957
15,Sun,2023-12-17,1:00PM,houston_texans,@,tennessee_titans,19,16,340,1,204,2023,tennessee_titans,Nissan Stadium,tennessee_titans,Nashville,TN,36.1665,-86.7713,Outdoor,Grass,476,1999
15,Mon,2023-12-17,1:00PM,kansas_city_chiefs,@,new_england_patriots,27,17,326,2,206,2023,new_england_patriots,Gillette Stadium,new_england_patriots,Foxborough,MA,42.0909,-71.2643,Outdoor,Turf,289,2002
15,Sun,2023-12-17,1:00PM,miami_dolphins,"",new_york_jets,30,0,290,0,103,2023,miami_dolphins,Hard Rock Stadium,miami_dolphins,Miami Gardens,FL,25.958,-80.238,Outdoor,Grass,7,1987
15,Sun,2023-12-17,1:00PM,new_orleans_saints,"",new_york_giants,24,6,296,0,193,2023,new_orleans_saints,Caesars Superdome,new_orleans_saints,New Orleans,LA,29.9509,-90.0815,Indoor,Turf,3,1975
15,Sun,2023-12-17,4:05PM,san_francisco_49ers,@,arizona_cardinals,45,29,406,0,436,2023,arizona_cardinals,State Farm Stadium,arizona_cardinals,Glendale,AZ,33.5275,-112.2625,Indoor,Turf,1070,2006
15,Sun,2023-12-17,4:05PM,los_angeles_rams,"",washington_commanders,28,20,445,2,297,2023,los_angeles_rams,SoFi Stadium,los_angeles_rams,Inglewood,CA,33.9535,-118.3392,Outdoor,Turf,100,2020
15,Sun,2023-12-17,4:25PM,buffalo_bills,"",dallas_cowboys,31,10,351,0,195,2023,buffalo_bills,Highmark Stadium,buffalo_bills,Orchard Park,NY,42.7738,-78.7868,Outdoor,Grass,600,1973
15,Sun,2023-12-17,8:20PM,baltimore_ravens,@,jacksonville_jaguars,23,7,396,1,333,2023,jacksonville_jaguars,TIAA Bank Field,jacksonville_jaguars,Jacksonville,FL,30.3239,-81.6373,Outdoor,Grass,16,1995
15,Sun,2023-12-18,8:15PM,seattle_seahawks,"",philadelphia_eagles,20,17,297,0,321,2023,seattle_seahawks,Lumen Field,seattle_seahawks,Seattle,WA,47.5952,-122.3316,Outdoor,Turf,20,2002
16,Thu,2023-12-21,8:15PM,los_angeles_rams,"",new_orleans_saints,30,22,458,0,339,2023,los_angeles_rams,SoFi Stadium,los_angeles_rams,Inglewood,CA,33.9535,-118.3392,Outdoor,Turf,100,2020
16,Sat,2023-12-23,4:30PM,pittsburgh_steelers,"",cincinnati_bengals,34,11,397,0,368,2023,pittsburgh_steelers,Acrisure Stadium,pittsburgh_steelers,Pittsburgh,PA,40.4468,-80.0158,Outdoor,Grass,730,2001
16,Sat,2023-12-23,8:00PM,buffalo_bills,@,los_angeles_chargers,24,22,335,3,273,2023,los_angeles_chargers,SoFi Stadium,los_angeles_chargers,Inglewood,CA,33.9535,-118.3392,Outdoor,Turf,100,2020
16,Sun,2023-12-24,1:00PM,atlanta_falcons,"",indianapolis_colts,29,10,406,0,262,2023,atlanta_falcons,Mercedes-Benz Stadium,atlanta_falcons,Atlanta,GA,33.755,-84.4008,Indoor,Turf,1050,2017
16,Sun,2023-12-24,1:00PM,green_bay_packers,@,carolina_panthers,33,30,369,0,394,2023,carolina_panthers,Bank of America Stadium,carolina_panthers,Charlotte,NC,35.2258,-80.8528,Outdoor,Grass,748,1996
16,Sun,2023-12-24,1:00PM,cleveland_browns,@,houston_texans,36,22,418,2,250,2023,houston_texans,NRG Stadium,houston_texans,Houston,TX,29.6847,-95.4107,Indoor,Turf,50,2002
16,Sun,2023-12-24,1:00PM,detroit_lions,@,minnesota_vikings,30,24,389,1,390,2023,minnesota_vikings,U.S. Bank Stadium,minnesota_vikings,Minneapolis,MN,44.974,-93.2581,Indoor,Turf,840,2016
16,Sun,2023-12-24,1:00PM,new_york_jets,"",washington_commanders,30,28,381,2,245,2023,new_york_jets,MetLife Stadium,new_york_jets,East Rutherford,NJ,40.8136,-74.0744,Outdoor,Turf,3,2010
16,Sun,2023-12-24,1:00PM,seattle_seahawks,@,tennessee_titans,20,17,273,0,287,2023,tennessee_titans,Nissan Stadium,tennessee_titans,Nashville,TN,36.1665,-86.7713,Outdoor,Grass,476,1999
16,Sun,2023-12-24,4:05PM,tampa_bay_buccaneers,"",jacksonville_jaguars,30,12,335,0,305,2023,tampa_bay_buccaneers,Raymond James Stadium,tampa_bay_buccaneers,Tampa,FL,27.9759,-82.5033,Outdoor,Grass,26,1998
16,Sun,2023-12-24,4:25PM,chicago_bears,"",arizona_cardinals,27,16,420,1,306,2023,chicago_bears,Soldier Field,chicago_bears,Chicago,IL,41.8623,-87.6167,Outdoor,Grass,595,1924
16,Sun,2023-12-24,4:25PM,miami_dolphins,"",dallas_cowboys,22,20,375,0,339,2023,miami_dolphins,Hard Rock Stadium,miami_dolphins,Miami Gardens,FL,25.958,-80.238,Outdoor,Grass,7,1987
16,Sun,2023-12-24,8:15PM,new_england_patriots,@,denver_broncos,26,23,289,1,276,2023,denver_broncos,Empower Field at Mile High,denver_broncos,Denver,CO,39.7439,-105.0201,Outdoor,Turf,5280,2001
16,Mon,2023-12-25,1:00PM,las_vegas_raiders,@,kansas_city_chiefs,20,14,205,0,308,2023,kansas_city_chiefs,GEHA Field at Arrowhead Stadium,kansas_city_chiefs,Kansas City,MO,39.049,-94.4839,Outdoor,Grass,1020,1972
16,Mon,2023-12-25,4:30PM,philadelphia_eagles,"",new_york_giants,33,25,465,2,292,2023,philadelphia_eagles,Lincoln Financial Field,philadelphia_eagles,Philadelphia,PA,39.9008,-75.1675,Outdoor,Grass,30,2003
16,Mon,2023-12-25,8:15PM,baltimore_ravens,@,san_francisco_49ers,33,19,343,0,429,2023,san_francisco_49ers,Levi's Stadium,san_francisco_49ers,Santa Clara,CA,37.403,-121.9692,Outdoor,Grass,13,2014
17,Thu,2023-12-28,8:15PM,cleveland_browns,"",new_york_jets,37,20,428,3,360,2023,cleveland_browns,FirstEnergy Stadium,cleveland_browns,Cleveland,OH,41.5061,-81.6995,Outdoor,Grass,577,1999
17,Sat,2023-12-30,8:15PM,dallas_cowboys,"",detroit_lions,20,19,384,2,420,2023,dallas_cowboys,AT&T Stadium,dallas_cowboys,Arlington,TX,32.7473,-97.0945,Indoor,Turf,639,2009
17,Sun,2023-12-31,1:00PM,chicago_bears,"",atlanta_falcons,37,17,432,0,307,2023,chicago_bears,Soldier Field,chicago_bears,Chicago,IL,41.8623,-87.6167,Outdoor,Grass,595,1924
17,Sun,2023-12-31,1:00PM,buffalo_bills,"",new_england_patriots,27,21,281,1,294,2023,buffalo_bills,Highmark Stadium,buffalo_bills,Orchard Park,NY,42.7738,-78.7868,Outdoor,Grass,600,1973
17,Sun,2023-12-31,1:00PM,jacksonville_jaguars,"",carolina_panthers,26,0,317,0,124,2023,jacksonville_jaguars,TIAA Bank Field,jacksonville_jaguars,Jacksonville,FL,30.3239,-81.6373,Outdoor,Grass,16,1995
17,Sun,2023-12-31,1:00PM,indianapolis_colts,"",las_vegas_raiders,23,20,349,0,370,2023,indianapolis_colts,Lucas Oil Stadium,indianapolis_colts,Indianapolis,IN,39.7601,-86.1639,Indoor,Turf,700,2008
17,Sun,2023-12-31,1:00PM,arizona_cardinals,@,philadelphia_eagles,35,31,449,1,275,2023,philadelphia_eagles,Lincoln Financial Field,philadelphia_eagles,Philadelphia,PA,39.9008,-75.1675,Outdoor,Grass,30,2003
17,Sun,2023-12-31,1:00PM,houston_texans,"",tennessee_titans,26,3,312,0,187,2023,houston_texans,NRG Stadium,houston_texans,Houston,TX,29.6847,-95.4107,Indoor,Turf,50,2002
17,Sun,2023-12-31,1:00PM,baltimore_ravens,"",miami_dolphins,56,19,491,1,375,2023,baltimore_ravens,M&T Bank Stadium,baltimore_ravens,Baltimore,MD,39.2779,-76.6227,Outdoor,Grass,10,1998
17,Sun,2023-12-31,1:00PM,new_orleans_saints,@,tampa_bay_buccaneers,23,13,310,0,349,2023,tampa_bay_buccaneers,Raymond James Stadium,tampa_bay_buccaneers,Tampa,FL,27.9759,-82.5033,Outdoor,Grass,26,1998
17,Sun,2023-12-31,1:00PM,los_angeles_rams,@,new_york_giants,26,25,391,3,389,2023,new_york_giants,MetLife Stadium,new_york_giants,East Rutherford,NJ,40.8136,-74.0744,Outdoor,Turf,3,2010
17,Sun,2023-12-31,1:00PM,san_francisco_49ers,@,washington_commanders,27,10,408,0,225,2023,washington_commanders,FedExField,washington_commanders,Landover,MD,38.9078,-76.8645,Outdoor,Grass,300,1997
17,Sun,2023-12-31,4:05PM,pittsburgh_steelers,@,seattle_seahawks,30,23,468,0,369,2023,seattle_seahawks,Lumen Field,seattle_seahawks,Seattle,WA,47.5952,-122.3316,Outdoor,Turf,20,2002
17,Sun,2023-12-31,4:25PM,kansas_city_chiefs,"",cincinnati_bengals,25,17,373,1,263,2023,kansas_city_chiefs,GEHA Field at Arrowhead Stadium,kansas_city_chiefs,Kansas City,MO,39.049,-94.4839,Outdoor,Grass,1020,1972
17,Sun,2023-12-31,4:25PM,denver_broncos,"",los_angeles_chargers,16,9,313,0,301,2023,denver_broncos,Empower Field at Mile High,denver_broncos,Denver,CO,39.7439,-105.0201,Outdoor,Turf,5280,2001
17,Sun,2023-12-31,8:20PM,green_bay_packers,@,minnesota_vikings,33,10,470,1,211,2023,minnesota_vikings,U.S. Bank Stadium,minnesota_vikings,Minneapolis,MN,44.974,-93.2581,Indoor,Turf,840,2016
18,Sat,2024-01-06,4:30PM,pittsburgh_steelers,@,baltimore_ravens,17,10,289,2,224,2024,baltimore_ravens,M&T Bank Stadium,baltimore_ravens,Baltimore,MD,39.2779,-76.6227,Outdoor,Grass,10,1998
18,Sat,2024-01-06,8:15PM,houston_texans,@,indianapolis_colts,23,19,306,0,360,2024,indianapolis_colts,Lucas Oil Stadium,indianapolis_colts,Indianapolis,IN,39.7601,-86.1639,Indoor,Turf,700,2008
18,Sun,2024-01-07,1:00PM,new_orleans_saints,"",atlanta_falcons,48,17,400,0,389,2024,new_orleans_saints,Caesars Superdome,new_orleans_saints,New Orleans,LA,29.9509,-90.0815,Indoor,Turf,3,1975
18,Sun,2024-01-07,1:00PM,tampa_bay_buccaneers,@,carolina_panthers,9,0,228,0,199,2024,carolina_panthers,Bank of America Stadium,carolina_panthers,Charlotte,NC,35.2258,-80.8528,Outdoor,Grass,748,1996
18,Sun,2024-01-07,1:00PM,cincinnati_bengals,"",cleveland_browns,31,14,328,1,244,2024,cincinnati_bengals,Paycor Stadium,cincinnati_bengals,Cincinnati,OH,39.0954,-84.516,Outdoor,Turf,482,2000
18,Sun,2024-01-07,1:00PM,detroit_lions,"",minnesota_vikings,30,20,381,0,448,2024,detroit_lions,Ford Field,detroit_lions,Detroit,MI,42.34,-83.0456,Indoor,Turf,600,2002
18,Sun,2024-01-07,1:00PM,tennessee_titans,"",jacksonville_jaguars,28,20,327,1,362,2024,tennessee_titans,Nissan Stadium,tennessee_titans,Nashville,TN,36.1665,-86.7713,Outdoor,Grass,476,1999
18,Sun,2024-01-07,1:00PM,new_york_jets,@,new_england_patriots,17,3,254,1,119,2024,new_england_patriots,Gillette Stadium,new_england_patriots,Foxborough,MA,42.0909,-71.2643,Outdoor,Turf,289,2002
18,Sun,2024-01-07,4:25PM,green_bay_packers,"",chicago_bears,17,9,432,1,192,2024,green_bay_packers,Lambeau Field,green_bay_packers,Green Bay,WI,44.5013,-88.0622,Outdoor,Grass,640,1957
18,Sun,2024-01-07,4:25PM,seattle_seahawks,@,arizona_cardinals,21,20,327,0,466,2024,arizona_cardinals,State Farm Stadium,arizona_cardinals,Glendale,AZ,33.5275,-112.2625,Indoor,Turf,1070,2006
18,Sun,2024-01-07,4:25PM,dallas_cowboys,@,washington_commanders,38,10,440,1,180,2024,washington_commanders,FedExField,washington_commanders,Landover,MD,38.9078,-76.8645,Outdoor,Grass,300,1997
18,Sun,2024-01-07,4:25PM,las_vegas_raiders,"",denver_broncos,27,14,359,0,286,2024,las_vegas_raiders,Allegiant Stadium,las_vegas_raiders,Las Vegas,NV,36.0908,-115.183,Indoor,Turf,2001,2020
18,Sun,2024-01-07,4:25PM,kansas_city_chiefs,@,los_angeles_chargers,13,12,268,1,353,2024,los_angeles_chargers,SoFi Stadium,los_angeles_chargers,Inglewood,CA,33.9535,-118.3392,Outdoor,Turf,100,2020
18,Sun,2024-01-07,4:25PM,new_york_giants,"",philadelphia_eagles,27,10,415,1,299,2024,new_york_giants,MetLife Stadium,new_york_giants,East Rutherford,NJ,40.8136,-74.0744,Outdoor,Turf,3,2010
18,Sun,2024-01-07,4:25PM,los_angeles_rams,@,san_francisco_49ers,21,20,258,1,300,2024,san_francisco_49ers,Levi's Stadium,san_francisco_49ers,Santa Clara,CA,37.403,-121.9692,Outdoor,Grass,13,2014
18,Sun,2024-01-07,8:20PM,buffalo_bills,@,miami_dolphins,21,14,473,3,275,2024,miami_dolphins,Hard Rock Stadium,miami_dolphins,Miami Gardens,FL,25.958,-80.238,Outdoor,Grass,7,1987
18,Sat,2024-01-13,4:30PM,houston_texans,"",cleveland_browns,45,14,356,0,324,2024,houston_texans,NRG Stadium,houston_texans,Houston,TX,29.6847,-95.4107,Indoor,Turf,50,2002
18,Sat,2024-01-13,8:10PM,kansas_city_chiefs,"",miami_dolphins,26,7,409,1,264,2024,kansas_city_chiefs,GEHA Field at Arrowhead Stadium,kansas_city_chiefs,Kansas City,MO,39.049,-94.4839,Outdoor,Grass,1020,1972
18,Sun,2024-01-14,4:30PM,green_bay_packers,@,dallas_cowboys,48,32,415,0,510,2024,dallas_cowboys,AT&T Stadium,dallas_cowboys,Arlington,TX,32.7473,-97.0945,Indoor,Turf,639,2009
18,Sun,2024-01-14,8:15PM,detroit_lions,"",los_angeles_rams,24,23,334,0,425,2024,detroit_lions,Ford Field,detroit_lions,Detroit,MI,42.34,-83.0456,Indoor,Turf,600,2002
18,Mon,2024-01-15,4:30PM,buffalo_bills,"",pittsburgh_steelers,31,17,368,0,324,2024,buffalo_bills,Highmark Stadium,buffalo_bills,Orchard Park,NY,42.7738,-78.7868,Outdoor,Grass,600,1973
18,Mon,2024-01-15,8:15PM,tampa_bay_buccaneers,"",philadelphia_eagles,32,9,426,0,276,2024,tampa_bay_buccaneers,Raymond James Stadium,tampa_bay_buccaneers,Tampa,FL,27.9759,-82.5033,Outdoor,Grass,26,1998
19,Sat,2024-01-20,4:30PM,baltimore_ravens,"",houston_texans,34,10,352,0,213,2024,baltimore_ravens,M&T Bank Stadium,baltimore_ravens,Baltimore,MD,39.2779,-76.6227,Outdoor,Grass,10,1998
19,Sat,2024-01-20,8:15PM,san_francisco_49ers,"",green_bay_packers,24,21,356,0,330,2024,san_francisco_49ers,Levi's Stadium,san_francisco_49ers,Santa Clara,CA,37.403,-121.9692,Outdoor,Grass,13,2014
19,Sun,2024-01-21,3:00PM,detroit_lions,"",tampa_bay_buccaneers,31,23,391,0,408,2024,detroit_lions,Ford Field,detroit_lions,Detroit,MI,42.34,-83.0456,Indoor,Turf,600,2002
19,Sun,2024-01-21,6:30PM,kansas_city_chiefs,@,buffalo_bills,27,24,361,1,368,2024,buffalo_bills,Highmark Stadium,buffalo_bills,Orchard Park,NY,42.7738,-78.7868,Outdoor,Grass,600,1973
20,Sun,2024-01-28,3:00PM,kansas_city_chiefs,@,baltimore_ravens,17,10,319,0,336,2024,baltimore_ravens,M&T Bank Stadium,baltimore_ravens,Baltimore,MD,39.2779,-76.6227,Outdoor,Grass,10,1998
20,Sun,2024-01-28,6:30PM,san_francisco_49ers,"",detroit_lions,34,31,413,1,442,2024,san_francisco_49ers,Levi's Stadium,san_francisco_49ers,Santa Clara,CA,37.403,-121.9692,Outdoor,Grass,13,2014
21,Sun,2024-02-11,6:30PM,kansas_city_chiefs,N,san_francisco_49ers,25,22,455,2,382,2024,kansas_city_chiefs,GEHA Field at Arrowhead Stadium,kansas_city_chiefs,Kansas City,MO,39.049,-94.4839,Outdoor,Grass,1020,1972
1,Thu,2024-09-05,8:20PM,kansas_city_chiefs,"",baltimore_ravens,27,20,353,1,452,2024,kansas_city_chiefs,GEHA Field at Arrowhead Stadium,kansas_city_chiefs,Kansas City,MO,39.049,-94.4839,Outdoor,Grass,1020,1972
1,Fri,2024-09-06,8:15PM,philadelphia_eagles,"",green_bay_packers,34,29,410,3,414,2024,philadelphia_eagles,Lincoln Financial Field,philadelphia_eagles,Philadelphia,PA,39.9008,-75.1675,Outdoor,Grass,30,2003
1,Sun,2024-09-08,1:00PM,pittsburgh_steelers,@,atlanta_falcons,18,10,270,0,226,2024,atlanta_falcons,Mercedes-Benz Stadium,atlanta_falcons,Atlanta,GA,33.755,-84.4008,Indoor,Turf,1050,2017
1,Sun,2024-09-08,1:00PM,buffalo_bills,"",arizona_cardinals,34,28,352,1,270,2024,buffalo_bills,Highmark Stadium,buffalo_bills,Orchard Park,NY,42.7738,-78.7868,Outdoor,Grass,600,1973
1,Sun,2024-09-08,1:00PM,new_orleans_saints,"",carolina_panthers,47,10,379,1,193,2024,new_orleans_saints,Caesars Superdome,new_orleans_saints,New Orleans,LA,29.9509,-90.0815,Indoor,Turf,3,1975
1,Sun,2024-09-08,1:00PM,chicago_bears,"",tennessee_titans,24,17,148,1,244,2024,chicago_bears,Soldier Field,chicago_bears,Chicago,IL,41.8623,-87.6167,Outdoor,Grass,595,1924
1,Sun,2024-09-08,1:00PM,new_england_patriots,@,cincinnati_bengals,16,10,290,0,224,2024,cincinnati_bengals,Paycor Stadium,cincinnati_bengals,Cincinnati,OH,39.0954,-84.516,Outdoor,Turf,482,2000
1,Sun,2024-09-08,1:00PM,houston_texans,@,indianapolis_colts,29,27,417,0,303,2024,indianapolis_colts,Lucas Oil Stadium,indianapolis_colts,Indianapolis,IN,39.7601,-86.1639,Indoor,Turf,700,2008
1,Sun,2024-09-08,1:00PM,miami_dolphins,"",jacksonville_jaguars,20,17,400,0,267,2024,miami_dolphins,Hard Rock Stadium,miami_dolphins,Miami Gardens,FL,25.958,-80.238,Outdoor,Grass,7,1987
1,Sun,2024-09-08,1:00PM,minnesota_vikings,@,new_york_giants,28,6,312,2,240,2024,new_york_giants,MetLife Stadium,new_york_giants,East Rutherford,NJ,40.8136,-74.0744,Outdoor,Turf,3,2010
1,Sun,2024-09-08,4:05PM,seattle_seahawks,"",denver_broncos,26,20,304,2,231,2024,seattle_seahawks,Lumen Field,seattle_seahawks,Seattle,WA,47.5952,-122.3316,Outdoor,Turf,20,2002
1,Sun,2024-09-08,4:05PM,los_angeles_chargers,"",las_vegas_raiders,22,10,316,0,296,2024,los_angeles_chargers,SoFi Stadium,los_angeles_chargers,Inglewood,CA,33.9535,-118.3392,Outdoor,Turf,100,2020
1,Sun,2024-09-08,4:25PM,dallas_cowboys,@,cleveland_browns,33,17,265,0,230,2024,cleveland_browns,FirstEnergy Stadium,cleveland_browns,Cleveland,OH,41.5061,-81.6995,Outdoor,Grass,577,1999
1,Sun,2024-09-08,4:25PM,tampa_bay_buccaneers,"",washington_commanders,37,20,392,0,299,2024,tampa_bay_buccaneers,Raymond James Stadium,tampa_bay_buccaneers,Tampa,FL,27.9759,-82.5033,Outdoor,Grass,26,1998
1,Sun,2024-09-08,8:20PM,detroit_lions,"",los_angeles_rams,26,20,363,1,387,2024,detroit_lions,Ford Field,detroit_lions,Detroit,MI,42.34,-83.0456,Indoor,Turf,600,2002
1,Mon,2024-09-09,8:15PM,san_francisco_49ers,"",new_york_jets,32,19,401,0,266,2024,san_francisco_49ers,Levi's Stadium,san_francisco_49ers,Santa Clara,CA,37.403,-121.9692,Outdoor,Grass,13,2014
2,Thu,2024-09-12,8:15PM,buffalo_bills,@,miami_dolphins,31,10,247,0,351,2024,miami_dolphins,Hard Rock Stadium,miami_dolphins,Miami Gardens,FL,25.958,-80.238,Outdoor,Grass,7,1987
2,Sun,2024-09-15,1:00PM,los_angeles_chargers,@,carolina_panthers,26,3,349,2,159,2024,carolina_panthers,Bank of America Stadium,carolina_panthers,Charlotte,NC,35.2258,-80.8528,Outdoor,Grass,748,1996
2,Sun,2024-09-15,1:00PM,cleveland_browns,@,jacksonville_jaguars,18,13,297,0,323,2024,jacksonville_jaguars,TIAA Bank Field,jacksonville_jaguars,Jacksonville,FL,30.3239,-81.6373,Outdoor,Grass,16,1995
2,Sun,2024-09-15,1:00PM,green_bay_packers,"",indianapolis_colts,16,10,383,1,338,2024,green_bay_packers,Lambeau Field,green_bay_packers,Green Bay,WI,44.5013,-88.0622,Outdoor,Grass,640,1957
2,Sun,2024-09-15,1:00PM,new_orleans_saints,@,dallas_cowboys,44,19,432,1,353,2024,dallas_cowboys,AT&T Stadium,dallas_cowboys,Arlington,TX,32.7473,-97.0945,Indoor,Turf,639,2009
2,Sun,2024-09-15,1:00PM,tampa_bay_buccaneers,@,detroit_lions,20,16,216,1,463,2024,detroit_lions,Ford Field,detroit_lions,Detroit,MI,42.34,-83.0456,Indoor,Turf,600,2002
2,Sun,2024-09-15,1:00PM,minnesota_vikings,"",san_francisco_49ers,23,17,403,2,396,2024,minnesota_vikings,U.S. Bank Stadium,minnesota_vikings,Minneapolis,MN,44.974,-93.2581,Indoor,Turf,840,2016
2,Sun,2024-09-15,1:00PM,seattle_seahawks,@,new_england_patriots,23,20,358,0,310,2024,new_england_patriots,Gillette Stadium,new_england_patriots,Foxborough,MA,42.0909,-71.2643,Outdoor,Turf,289,2002
2,Sun,2024-09-15,1:00PM,washington_commanders,"",new_york_giants,21,18,425,0,304,2024,washington_commanders,FedExField,washington_commanders,Landover,MD,38.9078,-76.8645,Outdoor,Grass,300,1997
2,Sun,2024-09-15,1:00PM,new_york_jets,@,tennessee_titans,24,17,265,0,300,2024,tennessee_titans,Nissan Stadium,tennessee_titans,Nashville,TN,36.1665,-86.7713,Outdoor,Grass,476,1999
2,Sun,2024-09-15,1:00PM,las_vegas_raiders,@,baltimore_ravens,26,23,260,1,383,2024,baltimore_ravens,M&T Bank Stadium,baltimore_ravens,Baltimore,MD,39.2779,-76.6227,Outdoor,Grass,10,1998
2,Sun,2024-09-15,4:05PM,arizona_cardinals,"",los_angeles_rams,41,10,489,1,245,2024,arizona_cardinals,State Farm Stadium,arizona_cardinals,Glendale,AZ,33.5275,-112.2625,Indoor,Turf,1070,2006
2,Sun,2024-09-15,4:25PM,kansas_city_chiefs,"",cincinnati_bengals,26,25,286,3,320,2024,kansas_city_chiefs,GEHA Field at Arrowhead Stadium,kansas_city_chiefs,Kansas City,MO,39.049,-94.4839,Outdoor,Grass,1020,1972
2,Sun,2024-09-15,4:25PM,pittsburgh_steelers,@,denver_broncos,13,6,251,0,295,2024,denver_broncos,Empower Field at Mile High,denver_broncos,Denver,CO,39.7439,-105.0201,Outdoor,Turf,5280,2001
2,Sun,2024-09-15,8:20PM,houston_texans,"",chicago_bears,19,13,310,1,205,2024,houston_texans,NRG Stadium,houston_texans,Houston,TX,29.6847,-95.4107,Indoor,Turf,50,2002
2,Mon,2024-09-16,8:15PM,atlanta_falcons,@,philadelphia_eagles,22,21,385,0,365,2024,philadelphia_eagles,Lincoln Financial Field,philadelphia_eagles,Philadelphia,PA,39.9008,-75.1675,Outdoor,Grass,30,2003
3,Thu,2024-09-19,8:15PM,new_york_jets,"",new_england_patriots,24,3,400,0,139,2024,new_york_jets,MetLife Stadium,new_york_jets,East Rutherford,NJ,40.8136,-74.0744,Outdoor,Turf,3,2010
3,Sun,2024-09-22,1:00PM,indianapolis_colts,"",chicago_bears,21,16,306,2,395,2024,indianapolis_colts,Lucas Oil Stadium,indianapolis_colts,Indianapolis,IN,39.7601,-86.1639,Indoor,Turf,700,2008
3,Sun,2024-09-22,1:00PM,new_york_giants,@,cleveland_browns,21,15,340,2,217,2024,cleveland_browns,FirstEnergy Stadium,cleveland_browns,Cleveland,OH,41.5061,-81.6995,Outdoor,Grass,577,1999
3,Sun,2024-09-22,1:00PM,denver_broncos,@,tampa_bay_buccaneers,26,7,352,1,223,2024,tampa_bay_buccaneers,Raymond James Stadium,tampa_bay_buccaneers,Tampa,FL,27.9759,-82.5033,Outdoor,Grass,26,1998
3,Sun,2024-09-22,1:00PM,green_bay_packers,@,tennessee_titans,30,14,378,0,237,2024,tennessee_titans,Nissan Stadium,tennessee_titans,Nashville,TN,36.1665,-86.7713,Outdoor,Grass,476,1999
3,Sun,2024-09-22,1:00PM,minnesota_vikings,"",houston_texans,34,7,274,0,296,2024,minnesota_vikings,U.S. Bank Stadium,minnesota_vikings,Minneapolis,MN,44.974,-93.2581,Indoor,Turf,840,2016
3,Sun,2024-09-22,1:00PM,philadelphia_eagles,@,new_orleans_saints,15,12,460,2,219,2024,new_orleans_saints,Caesars Superdome,new_orleans_saints,New Orleans,LA,29.9509,-90.0815,Indoor,Turf,3,1975
3,Sun,2024-09-22,1:00PM,pittsburgh_steelers,"",los_angeles_chargers,20,10,346,1,166,2024,pittsburgh_steelers,Acrisure Stadium,pittsburgh_steelers,Pittsburgh,PA,40.4468,-80.0158,Outdoor,Grass,730,2001
3,Sun,2024-09-22,4:05PM,carolina_panthers,@,las_vegas_raiders,36,22,437,0,331,2024,las_vegas_raiders,Allegiant Stadium,las_vegas_raiders,Las Vegas,NV,36.0908,-115.183,Indoor,Turf,2001,2020
3,Sun,2024-09-22,4:05PM,seattle_seahawks,"",miami_dolphins,24,3,370,2,205,2024,seattle_seahawks,Lumen Field,seattle_seahawks,Seattle,WA,47.5952,-122.3316,Outdoor,Turf,20,2002
3,Sun,2024-09-22,4:25PM,detroit_lions,@,arizona_cardinals,20,13,373,1,277,2024,arizona_cardinals,State Farm Stadium,arizona_cardinals,Glendale,AZ,33.5275,-112.2625,Indoor,Turf,1070,2006
3,Sun,2024-09-22,4:25PM,baltimore_ravens,@,dallas_cowboys,28,25,456,0,412,2024,dallas_cowboys,AT&T Stadium,dallas_cowboys,Arlington,TX,32.7473,-97.0945,Indoor,Turf,639,2009
3,Sun,2024-09-22,4:25PM,los_angeles_rams,"",san_francisco_49ers,27,24,296,0,425,2024,los_angeles_rams,SoFi Stadium,los_angeles_rams,Inglewood,CA,33.9535,-118.3392,Outdoor,Turf,100,2020
3,Sun,2024-09-22,8:20PM,kansas_city_chiefs,@,atlanta_falcons,22,17,345,1,311,2024,atlanta_falcons,Mercedes-Benz Stadium,atlanta_falcons,Atlanta,GA,33.755,-84.4008,Indoor,Turf,1050,2017
3,Mon,2024-09-23,7:30PM,buffalo_bills,"",jacksonville_jaguars,47,10,388,0,239,2024,buffalo_bills,Highmark Stadium,buffalo_bills,Orchard Park,NY,42.7738,-78.7868,Outdoor,Grass,600,1973
3,Mon,2024-09-23,8:15PM,washington_commanders,@,cincinnati_bengals,38,33,356,0,436,2024,cincinnati_bengals,Paycor Stadium,cincinnati_bengals,Cincinnati,OH,39.0954,-84.516,Outdoor,Turf,482,2000
4,Thu,2024-09-26,8:15PM,dallas_cowboys,@,new_york_giants,20,15,293,0,303,2024,new_york_giants,MetLife Stadium,new_york_giants,East Rutherford,NJ,40.8136,-74.0744,Outdoor,Turf,3,2010
4,Sun,2024-09-29,1:00PM,atlanta_falcons,"",new_orleans_saints,26,24,315,1,366,2024,atlanta_falcons,Mercedes-Benz Stadium,atlanta_falcons,Atlanta,GA,33.755,-84.4008,Indoor,Turf,1050,2017
4,Sun,2024-09-29,1:00PM,cincinnati_bengals,@,carolina_panthers,34,24,373,1,375,2024,carolina_panthers,Bank of America Stadium,carolina_panthers,Charlotte,NC,35.2258,-80.8528,Outdoor,Grass,748,1996
4,Sun,2024-09-29,1:00PM,chicago_bears,"",los_angeles_rams,24,18,264,0,322,2024,chicago_bears,Soldier Field,chicago_bears,Chicago,IL,41.8623,-87.6167,Outdoor,Grass,595,1924
4,Sun,2024-09-29,1:00PM,indianapolis_colts,"",pittsburgh_steelers,27,24,358,0,404,2024,indianapolis_colts,Lucas Oil Stadium,indianapolis_colts,Indianapolis,IN,39.7601,-86.1639,Indoor,Turf,700,2008
4,Sun,2024-09-29,1:00PM,denver_broncos,@,new_york_jets,10,9,186,1,248,2024,new_york_jets,MetLife Stadium,new_york_jets,East Rutherford,NJ,40.8136,-74.0744,Outdoor,Turf,3,2010
4,Sun,2024-09-29,1:00PM,minnesota_vikings,@,green_bay_packers,31,29,374,3,465,2024,green_bay_packers,Lambeau Field,green_bay_packers,Green Bay,WI,44.5013,-88.0622,Outdoor,Grass,640,1957
4,Sun,2024-09-29,1:00PM,houston_texans,"",jacksonville_jaguars,24,20,435,1,313,2024,houston_texans,NRG Stadium,houston_texans,Houston,TX,29.6847,-95.4107,Indoor,Turf,50,2002
4,Sun,2024-09-29,1:00PM,tampa_bay_buccaneers,"",philadelphia_eagles,33,16,445,0,227,2024,tampa_bay_buccaneers,Raymond James Stadium,tampa_bay_buccaneers,Tampa,FL,27.9759,-82.5033,Outdoor,Grass,26,1998
4,Sun,2024-09-29,4:05PM,washington_commanders,@,arizona_cardinals,42,14,449,1,296,2024,arizona_cardinals,State Farm Stadium,arizona_cardinals,Glendale,AZ,33.5275,-112.2625,Indoor,Turf,1070,2006
4,Sun,2024-09-29,4:05PM,san_francisco_49ers,"",new_england_patriots,30,13,431,2,216,2024,san_francisco_49ers,Levi's Stadium,san_francisco_49ers,Santa Clara,CA,37.403,-121.9692,Outdoor,Grass,13,2014
4,Sun,2024-09-29,4:25PM,las_vegas_raiders,"",cleveland_browns,20,16,268,1,241,2024,las_vegas_raiders,Allegiant Stadium,las_vegas_raiders,Las Vegas,NV,36.0908,-115.183,Indoor,Turf,2001,2020
4,Sun,2024-09-29,4:25PM,kansas_city_chiefs,@,los_angeles_chargers,17,10,329,2,224,2024,los_angeles_chargers,SoFi Stadium,los_angeles_chargers,Inglewood,CA,33.9535,-118.3392,Outdoor,Turf,100,2020
4,Sun,2024-09-29,8:20PM,baltimore_ravens,"",buffalo_bills,35,10,427,1,236,2024,baltimore_ravens,M&T Bank Stadium,baltimore_ravens,Baltimore,MD,39.2779,-76.6227,Outdoor,Grass,10,1998
4,Mon,2024-09-30,7:30PM,tennessee_titans,@,miami_dolphins,31,12,244,1,184,2024,miami_dolphins,Hard Rock Stadium,miami_dolphins,Miami Gardens,FL,25.958,-80.238,Outdoor,Grass,7,1987
4,Mon,2024-09-30,8:15PM,detroit_lions,"",seattle_seahawks,42,29,389,0,516,2024,detroit_lions,Ford Field,detroit_lions,Detroit,MI,42.34,-83.0456,Indoor,Turf,600,2002
5,Thu,2024-10-03,8:15PM,atlanta_falcons,"",tampa_bay_buccaneers,36,30,550,1,333,2024,atlanta_falcons,Mercedes-Benz Stadium,atlanta_falcons,Atlanta,GA,33.755,-84.4008,Indoor,Turf,1050,2017
5,Sun,2024-10-06,9:30AM,minnesota_vikings,"",new_york_jets,23,17,253,2,254,2024,minnesota_vikings,U.S. Bank Stadium,minnesota_vikings,Minneapolis,MN,44.974,-93.2581,Indoor,Turf,840,2016
5,Sun,2024-10-06,1:00PM,houston_texans,"",buffalo_bills,23,20,425,2,276,2024,houston_texans,NRG Stadium,houston_texans,Houston,TX,29.6847,-95.4107,Indoor,Turf,50,2002
5,Sun,2024-10-06,1:00PM,chicago_bears,"",carolina_panthers,36,10,424,0,292,2024,chicago_bears,Soldier Field,chicago_bears,Chicago,IL,41.8623,-87.6167,Outdoor,Grass,595,1924
5,Sun,2024-10-06,1:00PM,baltimore_ravens,@,cincinnati_bengals,41,38,520,1,442,2024,cincinnati_bengals,Paycor Stadium,cincinnati_bengals,Cincinnati,OH,39.0954,-84.516,Outdoor,Turf,482,2000
5,Sun,2024-10-06,1:00PM,washington_commanders,"",cleveland_browns,34,13,434,2,212,2024,washington_commanders,FedExField,washington_commanders,Landover,MD,38.9078,-76.8645,Outdoor,Grass,300,1997
5,Sun,2024-10-06,1:00PM,jacksonville_jaguars,"",indianapolis_colts,37,34,497,2,447,2024,jacksonville_jaguars,TIAA Bank Field,jacksonville_jaguars,Jacksonville,FL,30.3239,-81.6373,Outdoor,Grass,16,1995
5,Sun,2024-10-06,1:00PM,miami_dolphins,@,new_england_patriots,15,10,372,2,299,2024,new_england_patriots,Gillette Stadium,new_england_patriots,Foxborough,MA,42.0909,-71.2643,Outdoor,Turf,289,2002
5,Sun,2024-10-06,4:05PM,arizona_cardinals,@,san_francisco_49ers,24,23,358,1,384,2024,san_francisco_49ers,Levi's Stadium,san_francisco_49ers,Santa Clara,CA,37.403,-121.9692,Outdoor,Grass,13,2014
5,Sun,2024-10-06,4:05PM,denver_broncos,"",las_vegas_raiders,34,18,289,0,330,2024,denver_broncos,Empower Field at Mile High,denver_broncos,Denver,CO,39.7439,-105.0201,Outdoor,Turf,5280,2001
5,Sun,2024-10-06,4:25PM,green_bay_packers,@,los_angeles_rams,24,19,328,1,370,2024,los_angeles_rams,SoFi Stadium,los_angeles_rams,Inglewood,CA,33.9535,-118.3392,Outdoor,Turf,100,2020
5,Sun,2024-10-06,4:25PM,new_york_giants,@,seattle_seahawks,29,20,420,1,333,2024,seattle_seahawks,Lumen Field,seattle_seahawks,Seattle,WA,47.5952,-122.3316,Outdoor,Turf,20,2002
5,Sun,2024-10-06,8:20PM,dallas_cowboys,@,pittsburgh_steelers,20,17,445,3,226,2024,pittsburgh_steelers,Acrisure Stadium,pittsburgh_steelers,Pittsburgh,PA,40.4468,-80.0158,Outdoor,Grass,730,2001
5,Mon,2024-10-07,8:15PM,kansas_city_chiefs,"",new_orleans_saints,26,13,460,1,220,2024,kansas_city_chiefs,GEHA Field at Arrowhead Stadium,kansas_city_chiefs,Kansas City,MO,39.049,-94.4839,Outdoor,Grass,1020,1972
6,Thu,2024-10-10,8:15PM,san_francisco_49ers,@,seattle_seahawks,36,24,483,0,358,2024,seattle_seahawks,Lumen Field,seattle_seahawks,Seattle,WA,47.5952,-122.3316,Outdoor,Turf,20,2002
6,Sun,2024-10-13,9:30AM,chicago_bears,"",jacksonville_jaguars,35,16,373,1,278,2024,chicago_bears,Soldier Field,chicago_bears,Chicago,IL,41.8623,-87.6167,Outdoor,Grass,595,1924
6,Sun,2024-10-13,1:00PM,philadelphia_eagles,"",cleveland_browns,20,16,372,0,244,2024,philadelphia_eagles,Lincoln Financial Field,philadelphia_eagles,Philadelphia,PA,39.9008,-75.1675,Outdoor,Grass,30,2003
6,Sun,2024-10-13,1:00PM,indianapolis_colts,@,tennessee_titans,20,17,269,1,241,2024,tennessee_titans,Nissan Stadium,tennessee_titans,Nashville,TN,36.1665,-86.7713,Outdoor,Grass,476,1999
6,Sun,2024-10-13,1:00PM,green_bay_packers,"",arizona_cardinals,34,13,437,1,303,2024,green_bay_packers,Lambeau Field,green_bay_packers,Green Bay,WI,44.5013,-88.0622,Outdoor,Grass,640,1957
6,Sun,2024-10-13,1:00PM,houston_texans,@,new_england_patriots,41,21,368,1,291,2024,new_england_patriots,Gillette Stadium,new_england_patriots,Foxborough,MA,42.0909,-71.2643,Outdoor,Turf,289,2002
6,Sun,2024-10-13,1:00PM,tampa_bay_buccaneers,@,new_orleans_saints,51,27,594,3,303,2024,new_orleans_saints,Caesars Superdome,new_orleans_saints,New Orleans,LA,29.9509,-90.0815,Indoor,Turf,3,1975
6,Sun,2024-10-13,1:00PM,baltimore_ravens,"",washington_commanders,30,23,484,1,305,2024,baltimore_ravens,M&T Bank Stadium,baltimore_ravens,Baltimore,MD,39.2779,-76.6227,Outdoor,Grass,10,1998
6,Sun,2024-10-13,4:05PM,los_angeles_chargers,@,denver_broncos,23,16,350,0,316,2024,denver_broncos,Empower Field at Mile High,denver_broncos,Denver,CO,39.7439,-105.0201,Outdoor,Turf,5280,2001
6,Sun,2024-10-13,4:05PM,pittsburgh_steelers,@,las_vegas_raiders,32,13,293,0,275,2024,las_vegas_raiders,Allegiant Stadium,las_vegas_raiders,Las Vegas,NV,36.0908,-115.183,Indoor,Turf,2001,2020
6,Sun,2024-10-13,4:25PM,atlanta_falcons,@,carolina_panthers,38,20,423,1,335,2024,carolina_panthers,Bank of America Stadium,carolina_panthers,Charlotte,NC,35.2258,-80.8528,Outdoor,Grass,748,1996
6,Sun,2024-10-13,4:25PM,detroit_lions,@,dallas_cowboys,47,9,492,0,251,2024,dallas_cowboys,AT&T Stadium,dallas_cowboys,Arlington,TX,32.7473,-97.0945,Indoor,Turf,639,2009
6,Sun,2024-10-13,8:20PM,cincinnati_bengals,@,new_york_giants,17,7,304,1,309,2024,new_york_giants,MetLife Stadium,new_york_giants,East Rutherford,NJ,40.8136,-74.0744,Outdoor,Turf,3,2010
6,Mon,2024-10-14,8:15PM,buffalo_bills,@,new_york_jets,23,20,359,0,393,2024,new_york_jets,MetLife Stadium,new_york_jets,East Rutherford,NJ,40.8136,-74.0744,Outdoor,Turf,3,2010
7,Thu,2024-10-17,8:15PM,denver_broncos,@,new_orleans_saints,33,10,389,1,271,2024,new_orleans_saints,Caesars Superdome,new_orleans_saints,New Orleans,LA,29.9509,-90.0815,Indoor,Turf,3,1975
7,Sun,2024-10-20,9:30AM,jacksonville_jaguars,"",new_england_patriots,32,16,364,0,295,2024,jacksonville_jaguars,TIAA Bank Field,jacksonville_jaguars,Jacksonville,FL,30.3239,-81.6373,Outdoor,Grass,16,1995
7,Sun,2024-10-20,1:00PM,detroit_lions,@,minnesota_vikings,31,29,391,1,383,2024,minnesota_vikings,U.S. Bank Stadium,minnesota_vikings,Minneapolis,MN,44.974,-93.2581,Indoor,Turf,840,2016
7,Sun,2024-10-20,1:00PM,seattle_seahawks,@,atlanta_falcons,34,14,339,0,369,2024,atlanta_falcons,Mercedes-Benz Stadium,atlanta_falcons,Atlanta,GA,33.755,-84.4008,Indoor,Turf,1050,2017
7,Sun,2024-10-20,1:00PM,buffalo_bills,"",tennessee_titans,34,10,389,0,289,2024,buffalo_bills,Highmark Stadium,buffalo_bills,Orchard Park,NY,42.7738,-78.7868,Outdoor,Grass,600,1973
7,Sun,2024-10-20,1:00PM,cincinnati_bengals,@,cleveland_browns,21,14,223,0,336,2024,cleveland_browns,FirstEnergy Stadium,cleveland_browns,Cleveland,OH,41.5061,-81.6995,Outdoor,Grass,577,1999
7,Sun,2024-10-20,1:00PM,indianapolis_colts,"",miami_dolphins,16,10,284,1,337,2024,indianapolis_colts,Lucas Oil Stadium,indianapolis_colts,Indianapolis,IN,39.7601,-86.1639,Indoor,Turf,700,2008
7,Sun,2024-10-20,1:00PM,green_bay_packers,"",houston_texans,24,22,277,3,197,2024,green_bay_packers,Lambeau Field,green_bay_packers,Green Bay,WI,44.5013,-88.0622,Outdoor,Grass,640,1957
7,Sun,2024-10-20,1:00PM,philadelphia_eagles,@,new_york_giants,28,3,339,0,119,2024,new_york_giants,MetLife Stadium,new_york_giants,East Rutherford,NJ,40.8136,-74.0744,Outdoor,Turf,3,2010
7,Sun,2024-10-20,4:05PM,washington_commanders,"",carolina_panthers,40,7,421,0,180,2024,washington_commanders,FedExField,washington_commanders,Landover,MD,38.9078,-76.8645,Outdoor,Grass,300,1997
7,Sun,2024-10-20,4:05PM,los_angeles_rams,"",las_vegas_raiders,20,15,259,1,317,2024,los_angeles_rams,SoFi Stadium,los_angeles_rams,Inglewood,CA,33.9535,-118.3392,Outdoor,Turf,100,2020
7,Sun,2024-10-20,4:25PM,kansas_city_chiefs,@,san_francisco_49ers,28,18,329,2,310,2024,san_francisco_49ers,Levi's Stadium,san_francisco_49ers,Santa Clara,CA,37.403,-121.9692,Outdoor,Grass,13,2014
7,Sun,2024-10-20,8:20PM,pittsburgh_steelers,"",new_york_jets,37,15,409,0,323,2024,pittsburgh_steelers,Acrisure Stadium,pittsburgh_steelers,Pittsburgh,PA,40.4468,-80.0158,Outdoor,Grass,730,2001
7,Mon,2024-10-21,8:15PM,baltimore_ravens,@,tampa_bay_buccaneers,41,31,508,1,481,2024,tampa_bay_buccaneers,Raymond James Stadium,tampa_bay_buccaneers,Tampa,FL,27.9759,-82.5033,Outdoor,Grass,26,1998
7,Mon,2024-10-21,9:00PM,arizona_cardinals,"",los_angeles_chargers,17,15,326,1,395,2024,arizona_cardinals,State Farm Stadium,arizona_cardinals,Glendale,AZ,33.5275,-112.2625,Indoor,Turf,1070,2006
8,Thu,2024-10-24,8:15PM,los_angeles_rams,"",minnesota_vikings,30,20,386,1,276,2024,los_angeles_rams,SoFi Stadium,los_angeles_rams,Inglewood,CA,33.9535,-118.3392,Outdoor,Turf,100,2020
8,Sun,2024-10-27,1:00PM,detroit_lions,"",tennessee_titans,52,14,225,0,416,2024,detroit_lions,Ford Field,detroit_lions,Detroit,MI,42.34,-83.0456,Indoor,Turf,600,2002
8,Sun,2024-10-27,1:00PM,atlanta_falcons,@,tampa_bay_buccaneers,31,26,394,0,432,2024,tampa_bay_buccaneers,Raymond James Stadium,tampa_bay_buccaneers,Tampa,FL,27.9759,-82.5033,Outdoor,Grass,26,1998
8,Sun,2024-10-27,1:00PM,philadelphia_eagles,@,cincinnati_bengals,37,17,397,0,280,2024,cincinnati_bengals,Paycor Stadium,cincinnati_bengals,Cincinnati,OH,39.0954,-84.516,Outdoor,Turf,482,2000
8,Sun,2024-10-27,1:00PM,cleveland_browns,"",baltimore_ravens,29,24,401,1,387,2024,cleveland_browns,FirstEnergy Stadium,cleveland_browns,Cleveland,OH,41.5061,-81.6995,Outdoor,Grass,577,1999
8,Sun,2024-10-27,1:00PM,houston_texans,"",indianapolis_colts,23,20,363,1,303,2024,houston_texans,NRG Stadium,houston_texans,Houston,TX,29.6847,-95.4107,Indoor,Turf,50,2002
8,Sun,2024-10-27,1:00PM,arizona_cardinals,@,miami_dolphins,28,27,389,0,377,2024,miami_dolphins,Hard Rock Stadium,miami_dolphins,Miami Gardens,FL,25.958,-80.238,Outdoor,Grass,7,1987
8,Sun,2024-10-27,1:00PM,green_bay_packers,@,jacksonville_jaguars,30,27,422,1,390,2024,jacksonville_jaguars,TIAA Bank Field,jacksonville_jaguars,Jacksonville,FL,30.3239,-81.6373,Outdoor,Grass,16,1995
8,Sun,2024-10-27,1:00PM,new_england_patriots,"",new_york_jets,25,22,248,0,336,2024,new_england_patriots,Gillette Stadium,new_england_patriots,Foxborough,MA,42.0909,-71.2643,Outdoor,Turf,289,2002
8,Sun,2024-10-27,4:05PM,buffalo_bills,@,seattle_seahawks,31,10,445,1,233,2024,seattle_seahawks,Lumen Field,seattle_seahawks,Seattle,WA,47.5952,-122.3316,Outdoor,Turf,20,2002
8,Sun,2024-10-27,4:05PM,los_angeles_chargers,"",new_orleans_saints,26,8,378,0,366,2024,los_angeles_chargers,SoFi Stadium,los_angeles_chargers,Inglewood,CA,33.9535,-118.3392,Outdoor,Turf,100,2020
8,Sun,2024-10-27,4:25PM,washington_commanders,"",chicago_bears,18,15,481,0,307,2024,washington_commanders,FedExField,washington_commanders,Landover,MD,38.9078,-76.8645,Outdoor,Grass,300,1997
8,Sun,2024-10-27,4:25PM,kansas_city_chiefs,@,las_vegas_raiders,27,20,334,1,228,2024,las_vegas_raiders,Allegiant Stadium,las_vegas_raiders,Las Vegas,NV,36.0908,-115.183,Indoor,Turf,2001,2020
8,Sun,2024-10-27,4:25PM,denver_broncos,"",carolina_panthers,28,14,400,2,284,2024,denver_broncos,Empower Field at Mile High,denver_broncos,Denver,CO,39.7439,-105.0201,Outdoor,Turf,5280,2001
8,Sun,2024-10-27,8:20PM,san_francisco_49ers,"",dallas_cowboys,30,24,469,0,292,2024,san_francisco_49ers,Levi's Stadium,san_francisco_49ers,Santa Clara,CA,37.403,-121.9692,Outdoor,Grass,13,2014
8,Mon,2024-10-28,8:15PM,pittsburgh_steelers,"",new_york_giants,26,18,426,1,394,2024,pittsburgh_steelers,Acrisure Stadium,pittsburgh_steelers,Pittsburgh,PA,40.4468,-80.0158,Outdoor,Grass,730,2001
9,Thu,2024-10-31,8:15PM,new_york_jets,"",houston_texans,21,13,293,1,322,2024,new_york_jets,MetLife Stadium,new_york_jets,East Rutherford,NJ,40.8136,-74.0744,Outdoor,Turf,3,2010
9,Sun,2024-11-03,1:00PM,atlanta_falcons,"",dallas_cowboys,27,21,310,1,378,2024,atlanta_falcons,Mercedes-Benz Stadium,atlanta_falcons,Atlanta,GA,33.755,-84.4008,Indoor,Turf,1050,2017
9,Sun,2024-11-03,1:00PM,buffalo_bills,"",miami_dolphins,30,27,325,1,373,2024,buffalo_bills,Highmark Stadium,buffalo_bills,Orchard Park,NY,42.7738,-78.7868,Outdoor,Grass,600,1973
9,Sun,2024-11-03,1:00PM,carolina_panthers,"",new_orleans_saints,23,22,246,1,427,2024,carolina_panthers,Bank of America Stadium,carolina_panthers,Charlotte,NC,35.2258,-80.8528,Outdoor,Grass,748,1996
9,Sun,2024-11-03,1:00PM,cincinnati_bengals,"",las_vegas_raiders,41,24,373,1,217,2024,cincinnati_bengals,Paycor Stadium,cincinnati_bengals,Cincinnati,OH,39.0954,-84.516,Outdoor,Turf,482,2000
9,Sun,2024-11-03,1:00PM,los_angeles_chargers,@,cleveland_browns,27,10,342,0,292,2024,cleveland_browns,FirstEnergy Stadium,cleveland_browns,Cleveland,OH,41.5061,-81.6995,Outdoor,Grass,577,1999
9,Sun,2024-11-03,1:00PM,baltimore_ravens,"",denver_broncos,41,10,396,0,319,2024,baltimore_ravens,M&T Bank Stadium,baltimore_ravens,Baltimore,MD,39.2779,-76.6227,Outdoor,Grass,10,1998
9,Sun,2024-11-03,1:00PM,tennessee_titans,"",new_england_patriots,20,17,400,1,295,2024,tennessee_titans,Nissan Stadium,tennessee_titans,Nashville,TN,36.1665,-86.7713,Outdoor,Grass,476,1999
9,Sun,2024-11-03,1:00PM,washington_commanders,@,new_york_giants,27,22,358,0,326,2024,new_york_giants,MetLife Stadium,new_york_giants,East Rutherford,NJ,40.8136,-74.0744,Outdoor,Turf,3,2010
9,Sun,2024-11-03,4:05PM,arizona_cardinals,"",chicago_bears,29,9,350,2,241,2024,arizona_cardinals,State Farm Stadium,arizona_cardinals,Glendale,AZ,33.5275,-112.2625,Indoor,Turf,1070,2006
9,Sun,2024-11-03,4:05PM,philadelphia_eagles,"",jacksonville_jaguars,28,23,447,1,215,2024,philadelphia_eagles,Lincoln Financial Field,philadelphia_eagles,Philadelphia,PA,39.9008,-75.1675,Outdoor,Grass,30,2003
9,Sun,2024-11-03,4:25PM,detroit_lions,@,green_bay_packers,24,14,261,0,411,2024,green_bay_packers,Lambeau Field,green_bay_packers,Green Bay,WI,44.5013,-88.0622,Outdoor,Grass,640,1957
9,Sun,2024-11-03,4:25PM,los_angeles_rams,@,seattle_seahawks,26,20,366,1,424,2024,seattle_seahawks,Lumen Field,seattle_seahawks,Seattle,WA,47.5952,-122.3316,Outdoor,Turf,20,2002
9,Sun,2024-11-03,8:20PM,minnesota_vikings,"",indianapolis_colts,21,13,415,3,227,2024,minnesota_vikings,U.S. Bank Stadium,minnesota_vikings,Minneapolis,MN,44.974,-93.2581,Indoor,Turf,840,2016
9,Mon,2024-11-04,8:15PM,kansas_city_chiefs,"",tampa_bay_buccaneers,30,24,384,1,284,2024,kansas_city_chiefs,GEHA Field at Arrowhead Stadium,kansas_city_chiefs,Kansas City,MO,39.049,-94.4839,Outdoor,Grass,1020,1972
10,Thu,2024-11-07,8:15PM,baltimore_ravens,"",cincinnati_bengals,35,34,389,0,470,2024,baltimore_ravens,M&T Bank Stadium,baltimore_ravens,Baltimore,MD,39.2779,-76.6227,Outdoor,Grass,10,1998
10,Sun,2024-11-10,9:30AM,carolina_panthers,"",new_york_giants,20,17,306,1,342,2024,carolina_panthers,Bank of America Stadium,carolina_panthers,Charlotte,NC,35.2258,-80.8528,Outdoor,Grass,748,1996
10,Sun,2024-11-10,1:00PM,new_england_patriots,@,chicago_bears,19,3,328,1,142,2024,chicago_bears,Soldier Field,chicago_bears,Chicago,IL,41.8623,-87.6167,Outdoor,Grass,595,1924
10,Sun,2024-11-10,1:00PM,pittsburgh_steelers,@,washington_commanders,28,27,312,2,242,2024,washington_commanders,FedExField,washington_commanders,Landover,MD,38.9078,-76.8645,Outdoor,Grass,300,1997
10,Sun,2024-11-10,1:00PM,san_francisco_49ers,@,tampa_bay_buccaneers,23,20,413,1,215,2024,tampa_bay_buccaneers,Raymond James Stadium,tampa_bay_buccaneers,Tampa,FL,27.9759,-82.5033,Outdoor,Grass,26,1998
10,Sun,2024-11-10,1:00PM,new_orleans_saints,"",atlanta_falcons,20,17,365,0,468,2024,new_orleans_saints,Caesars Superdome,new_orleans_saints,New Orleans,LA,29.9509,-90.0815,Indoor,Turf,3,1975
10,Sun,2024-11-10,1:00PM,buffalo_bills,@,indianapolis_colts,30,20,415,2,361,2024,indianapolis_colts,Lucas Oil Stadium,indianapolis_colts,Indianapolis,IN,39.7601,-86.1639,Indoor,Turf,700,2008
10,Sun,2024-11-10,1:00PM,kansas_city_chiefs,"",denver_broncos,16,14,300,0,260,2024,kansas_city_chiefs,GEHA Field at Arrowhead Stadium,kansas_city_chiefs,Kansas City,MO,39.049,-94.4839,Outdoor,Grass,1020,1972
10,Sun,2024-11-10,1:00PM,minnesota_vikings,@,jacksonville_jaguars,12,7,402,3,143,2024,jacksonville_jaguars,TIAA Bank Field,jacksonville_jaguars,Jacksonville,FL,30.3239,-81.6373,Outdoor,Grass,16,1995
10,Sun,2024-11-10,4:05PM,los_angeles_chargers,"",tennessee_titans,27,17,309,0,289,2024,los_angeles_chargers,SoFi Stadium,los_angeles_chargers,Inglewood,CA,33.9535,-118.3392,Outdoor,Turf,100,2020
10,Sun,2024-11-10,4:25PM,philadelphia_eagles,@,dallas_cowboys,34,6,348,2,146,2024,dallas_cowboys,AT&T Stadium,dallas_cowboys,Arlington,TX,32.7473,-97.0945,Indoor,Turf,639,2009
10,Sun,2024-11-10,4:25PM,arizona_cardinals,"",new_york_jets,31,6,406,0,207,2024,arizona_cardinals,State Farm Stadium,arizona_cardinals,Glendale,AZ,33.5275,-112.2625,Indoor,Turf,1070,2006
10,Sun,2024-11-10,8:20PM,detroit_lions,@,houston_texans,26,23,345,5,248,2024,houston_texans,NRG Stadium,houston_texans,Houston,TX,29.6847,-95.4107,Indoor,Turf,50,2002
10,Mon,2024-11-11,8:15PM,miami_dolphins,@,los_angeles_rams,23,15,238,2,327,2024,los_angeles_rams,SoFi Stadium,los_angeles_rams,Inglewood,CA,33.9535,-118.3392,Outdoor,Turf,100,2020
11,Thu,2024-11-14,8:15PM,philadelphia_eagles,"",washington_commanders,26,18,434,0,264,2024,philadelphia_eagles,Lincoln Financial Field,philadelphia_eagles,Philadelphia,PA,39.9008,-75.1675,Outdoor,Grass,30,2003
11,Sun,2024-11-17,1:00PM,green_bay_packers,@,chicago_bears,20,19,366,1,391,2024,chicago_bears,Soldier Field,chicago_bears,Chicago,IL,41.8623,-87.6167,Outdoor,Grass,595,1924
11,Sun,2024-11-17,1:00PM,new_orleans_saints,"",cleveland_browns,35,14,473,2,443,2024,new_orleans_saints,Caesars Superdome,new_orleans_saints,New Orleans,LA,29.9509,-90.0815,Indoor,Turf,3,1975
11,Sun,2024-11-17,1:00PM,detroit_lions,"",jacksonville_jaguars,52,6,645,0,170,2024,detroit_lions,Ford Field,detroit_lions,Detroit,MI,42.34,-83.0456,Indoor,Turf,600,2002
11,Sun,2024-11-17,1:00PM,miami_dolphins,"",las_vegas_raiders,34,19,353,0,328,2024,miami_dolphins,Hard Rock Stadium,miami_dolphins,Miami Gardens,FL,25.958,-80.238,Outdoor,Grass,7,1987
11,Sun,2024-11-17,1:00PM,minnesota_vikings,@,tennessee_titans,23,13,318,1,294,2024,tennessee_titans,Nissan Stadium,tennessee_titans,Nashville,TN,36.1665,-86.7713,Outdoor,Grass,476,1999
11,Sun,2024-11-17,1:00PM,pittsburgh_steelers,"",baltimore_ravens,18,16,303,1,329,2024,pittsburgh_steelers,Acrisure Stadium,pittsburgh_steelers,Pittsburgh,PA,40.4468,-80.0158,Outdoor,Grass,730,2001
11,Sun,2024-11-17,1:00PM,indianapolis_colts,@,new_york_jets,28,27,332,1,253,2024,new_york_jets,MetLife Stadium,new_york_jets,East Rutherford,NJ,40.8136,-74.0744,Outdoor,Turf,3,2010
11,Sun,2024-11-17,1:00PM,los_angeles_rams,@,new_england_patriots,28,22,402,0,382,2024,new_england_patriots,Gillette Stadium,new_england_patriots,Foxborough,MA,42.0909,-71.2643,Outdoor,Turf,289,2002
11,Sun,2024-11-17,4:05PM,seattle_seahawks,@,san_francisco_49ers,20,17,289,1,277,2024,san_francisco_49ers,Levi's Stadium,san_francisco_49ers,Santa Clara,CA,37.403,-121.9692,Outdoor,Grass,13,2014
11,Sun,2024-11-17,4:05PM,denver_broncos,"",atlanta_falcons,38,6,400,0,226,2024,denver_broncos,Empower Field at Mile High,denver_broncos,Denver,CO,39.7439,-105.0201,Outdoor,Turf,5280,2001
11,Sun,2024-11-17,4:25PM,buffalo_bills,"",kansas_city_chiefs,30,21,366,1,259,2024,buffalo_bills,Highmark Stadium,buffalo_bills,Orchard Park,NY,42.7738,-78.7868,Outdoor,Grass,600,1973
11,Sun,2024-11-17,8:20PM,los_angeles_chargers,"",cincinnati_bengals,34,27,435,1,452,2024,los_angeles_chargers,SoFi Stadium,los_angeles_chargers,Inglewood,CA,33.9535,-118.3392,Outdoor,Turf,100,2020
11,Mon,2024-11-18,8:15PM,houston_texans,@,dallas_cowboys,34,10,391,1,388,2024,dallas_cowboys,AT&T Stadium,dallas_cowboys,Arlington,TX,32.7473,-97.0945,Indoor,Turf,639,2009
12,Thu,2024-11-21,8:15PM,cleveland_browns,"",pittsburgh_steelers,24,19,304,3,368,2024,cleveland_browns,FirstEnergy Stadium,cleveland_browns,Cleveland,OH,41.5061,-81.6995,Outdoor,Grass,577,1999
12,Sun,2024-11-24,1:00PM,kansas_city_chiefs,@,carolina_panthers,30,27,391,0,334,2024,carolina_panthers,Bank of America Stadium,carolina_panthers,Charlotte,NC,35.2258,-80.8528,Outdoor,Grass,748,1996
12,Sun,2024-11-24,1:00PM,minnesota_vikings,@,chicago_bears,30,27,452,1,398,2024,chicago_bears,Soldier Field,chicago_bears,Chicago,IL,41.8623,-87.6167,Outdoor,Grass,595,1924
12,Sun,2024-11-24,1:00PM,dallas_cowboys,@,washington_commanders,34,26,332,1,412,2024,washington_commanders,FedExField,washington_commanders,Landover,MD,38.9078,-76.8645,Outdoor,Grass,300,1997
12,Sun,2024-11-24,1:00PM,miami_dolphins,"",new_england_patriots,34,15,373,1,269,2024,miami_dolphins,Hard Rock Stadium,miami_dolphins,Miami Gardens,FL,25.958,-80.238,Outdoor,Grass,7,1987
12,Sun,2024-11-24,1:00PM,tampa_bay_buccaneers,@,new_york_giants,30,7,451,1,245,2024,new_york_giants,MetLife Stadium,new_york_giants,East Rutherford,NJ,40.8136,-74.0744,Outdoor,Turf,3,2010
12,Sun,2024-11-24,1:00PM,detroit_lions,@,indianapolis_colts,24,6,390,0,268,2024,indianapolis_colts,Lucas Oil Stadium,indianapolis_colts,Indianapolis,IN,39.7601,-86.1639,Indoor,Turf,700,2008
12,Sun,2024-11-24,1:00PM,tennessee_titans,@,houston_texans,32,27,369,3,260,2024,houston_texans,NRG Stadium,houston_texans,Houston,TX,29.6847,-95.4107,Indoor,Turf,50,2002
12,Sun,2024-11-24,4:05PM,denver_broncos,@,las_vegas_raiders,29,19,325,0,369,2024,las_vegas_raiders,Allegiant Stadium,las_vegas_raiders,Las Vegas,NV,36.0908,-115.183,Indoor,Turf,2001,2020
12,Sun,2024-11-24,4:25PM,seattle_seahawks,"",arizona_cardinals,16,6,285,1,298,2024,seattle_seahawks,Lumen Field,seattle_seahawks,Seattle,WA,47.5952,-122.3316,Outdoor,Turf,20,2002
12,Sun,2024-11-24,4:25PM,green_bay_packers,"",san_francisco_49ers,38,10,325,0,241,2024,green_bay_packers,Lambeau Field,green_bay_packers,Green Bay,WI,44.5013,-88.0622,Outdoor,Grass,640,1957
12,Sun,2024-11-24,8:20PM,philadelphia_eagles,@,los_angeles_rams,37,20,481,0,290,2024,los_angeles_rams,SoFi Stadium,los_angeles_rams,Inglewood,CA,33.9535,-118.3392,Outdoor,Turf,100,2020
12,Mon,2024-11-25,8:15PM,baltimore_ravens,@,los_angeles_chargers,30,23,389,0,285,2024,los_angeles_chargers,SoFi Stadium,los_angeles_chargers,Inglewood,CA,33.9535,-118.3392,Outdoor,Turf,100,2020
13,Thu,2024-11-28,12:30PM,detroit_lions,"",chicago_bears,23,20,405,1,301,2024,detroit_lions,Ford Field,detroit_lions,Detroit,MI,42.34,-83.0456,Indoor,Turf,600,2002
13,Thu,2024-11-28,4:30PM,dallas_cowboys,"",new_york_giants,27,20,317,0,247,2024,dallas_cowboys,AT&T Stadium,dallas_cowboys,Arlington,TX,32.7473,-97.0945,Indoor,Turf,639,2009
13,Thu,2024-11-28,8:20PM,green_bay_packers,"",miami_dolphins,30,17,388,0,375,2024,green_bay_packers,Lambeau Field,green_bay_packers,Green Bay,WI,44.5013,-88.0622,Outdoor,Grass,640,1957
13,Fri,2024-11-29,3:00PM,kansas_city_chiefs,"",las_vegas_raiders,19,17,329,0,434,2024,kansas_city_chiefs,GEHA Field at Arrowhead Stadium,kansas_city_chiefs,Kansas City,MO,39.049,-94.4839,Outdoor,Grass,1020,1972
13,Sun,2024-12-01,1:00PM,los_angeles_chargers,@,atlanta_falcons,17,13,187,1,350,2024,atlanta_falcons,Mercedes-Benz Stadium,atlanta_falcons,Atlanta,GA,33.755,-84.4008,Indoor,Turf,1050,2017
13,Sun,2024-12-01,1:00PM,pittsburgh_steelers,@,cincinnati_bengals,44,38,520,1,375,2024,cincinnati_bengals,Paycor Stadium,cincinnati_bengals,Cincinnati,OH,39.0954,-84.516,Outdoor,Turf,482,2000
13,Sun,2024-12-01,1:00PM,minnesota_vikings,"",arizona_cardinals,23,22,273,1,406,2024,minnesota_vikings,U.S. Bank Stadium,minnesota_vikings,Minneapolis,MN,44.974,-93.2581,Indoor,Turf,840,2016
13,Sun,2024-12-01,1:00PM,seattle_seahawks,@,new_york_jets,26,21,259,2,258,2024,new_york_jets,MetLife Stadium,new_york_jets,East Rutherford,NJ,40.8136,-74.0744,Outdoor,Turf,3,2010
13,Sun,2024-12-01,1:00PM,washington_commanders,"",tennessee_titans,42,19,463,1,245,2024,washington_commanders,FedExField,washington_commanders,Landover,MD,38.9078,-76.8645,Outdoor,Grass,300,1997
13,Sun,2024-12-01,1:00PM,indianapolis_colts,@,new_england_patriots,25,24,253,2,422,2024,new_england_patriots,Gillette Stadium,new_england_patriots,Foxborough,MA,42.0909,-71.2643,Outdoor,Turf,289,2002
13,Sun,2024-12-01,1:00PM,houston_texans,@,jacksonville_jaguars,23,20,326,0,373,2024,jacksonville_jaguars,TIAA Bank Field,jacksonville_jaguars,Jacksonville,FL,30.3239,-81.6373,Outdoor,Grass,16,1995
13,Sun,2024-12-01,4:05PM,tampa_bay_buccaneers,@,carolina_panthers,26,23,445,2,367,2024,carolina_panthers,Bank of America Stadium,carolina_panthers,Charlotte,NC,35.2258,-80.8528,Outdoor,Grass,748,1996
13,Sun,2024-12-01,4:05PM,los_angeles_rams,@,new_orleans_saints,21,14,322,0,327,2024,new_orleans_saints,Caesars Superdome,new_orleans_saints,New Orleans,LA,29.9509,-90.0815,Indoor,Turf,3,1975
13,Sun,2024-12-01,4:25PM,philadelphia_eagles,@,baltimore_ravens,24,19,252,0,372,2024,baltimore_ravens,M&T Bank Stadium,baltimore_ravens,Baltimore,MD,39.2779,-76.6227,Outdoor,Grass,10,1998
13,Sun,2024-12-01,8:20PM,buffalo_bills,"",san_francisco_49ers,35,10,372,0,239,2024,buffalo_bills,Highmark Stadium,buffalo_bills,Orchard Park,NY,42.7738,-78.7868,Outdoor,Grass,600,1973
13,Mon,2024-12-02,8:15PM,denver_broncos,"",cleveland_browns,41,32,400,2,552,2024,denver_broncos,Empower Field at Mile High,denver_broncos,Denver,CO,39.7439,-105.0201,Outdoor,Turf,5280,2001
14,Thu,2024-12-05,8:15PM,detroit_lions,"",green_bay_packers,34,31,391,1,298,2024,detroit_lions,Ford Field,detroit_lions,Detroit,MI,42.34,-83.0456,Indoor,Turf,600,2002
14,Sun,2024-12-08,1:00PM,minnesota_vikings,"",atlanta_falcons,42,21,433,0,496,2024,minnesota_vikings,U.S. Bank Stadium,minnesota_vikings,Minneapolis,MN,44.974,-93.2581,Indoor,Turf,840,2016
14,Sun,2024-12-08,1:00PM,philadelphia_eagles,"",carolina_panthers,22,16,292,0,302,2024,philadelphia_eagles,Lincoln Financial Field,philadelphia_eagles,Philadelphia,PA,39.9008,-75.1675,Outdoor,Grass,30,2003
14,Sun,2024-12-08,1:00PM,pittsburgh_steelers,"",cleveland_browns,27,14,267,1,300,2024,pittsburgh_steelers,Acrisure Stadium,pittsburgh_steelers,Pittsburgh,PA,40.4468,-80.0158,Outdoor,Grass,730,2001
14,Sun,2024-12-08,1:00PM,jacksonville_jaguars,@,tennessee_titans,10,6,291,2,272,2024,tennessee_titans,Nissan Stadium,tennessee_titans,Nashville,TN,36.1665,-86.7713,Outdoor,Grass,476,1999
14,Sun,2024-12-08,1:00PM,miami_dolphins,"",new_york_jets,32,26,375,0,402,2024,miami_dolphins,Hard Rock Stadium,miami_dolphins,Miami Gardens,FL,25.958,-80.238,Outdoor,Grass,7,1987
14,Sun,2024-12-08,1:00PM,new_orleans_saints,@,new_york_giants,14,11,292,1,325,2024,new_york_giants,MetLife Stadium,new_york_giants,East Rutherford,NJ,40.8136,-74.0744,Outdoor,Turf,3,2010
14,Sun,2024-12-08,1:00PM,tampa_bay_buccaneers,"",las_vegas_raiders,28,13,420,3,286,2024,tampa_bay_buccaneers,Raymond James Stadium,tampa_bay_buccaneers,Tampa,FL,27.9759,-82.5033,Outdoor,Grass,26,1998
14,Sun,2024-12-08,4:05PM,seattle_seahawks,@,arizona_cardinals,30,18,409,0,356,2024,arizona_cardinals,State Farm Stadium,arizona_cardinals,Glendale,AZ,33.5275,-112.2625,Indoor,Turf,1070,2006
14,Sun,2024-12-08,4:25PM,los_angeles_rams,"",buffalo_bills,44,42,457,0,445,2024,los_angeles_rams,SoFi Stadium,los_angeles_rams,Inglewood,CA,33.9535,-118.3392,Outdoor,Turf,100,2020
14,Sun,2024-12-08,4:25PM,san_francisco_49ers,"",chicago_bears,38,13,452,1,162,2024,san_francisco_49ers,Levi's Stadium,san_francisco_49ers,Santa Clara,CA,37.403,-121.9692,Outdoor,Grass,13,2014
14,Sun,2024-12-08,8:20PM,kansas_city_chiefs,"",los_angeles_chargers,19,17,298,0,288,2024,kansas_city_chiefs,GEHA Field at Arrowhead Stadium,kansas_city_chiefs,Kansas City,MO,39.049,-94.4839,Outdoor,Grass,1020,1972
14,Mon,2024-12-09,8:15PM,cincinnati_bengals,@,dallas_cowboys,27,20,433,1,322,2024,dallas_cowboys,AT&T Stadium,dallas_cowboys,Arlington,TX,32.7473,-97.0945,Indoor,Turf,639,2009
15,Thu,2024-12-12,8:15PM,los_angeles_rams,@,san_francisco_49ers,12,6,302,0,191,2024,san_francisco_49ers,Levi's Stadium,san_francisco_49ers,Santa Clara,CA,37.403,-121.9692,Outdoor,Grass,13,2014
15,Sun,2024-12-15,1:00PM,dallas_cowboys,@,carolina_panthers,30,14,410,1,235,2024,carolina_panthers,Bank of America Stadium,carolina_panthers,Charlotte,NC,35.2258,-80.8528,Outdoor,Grass,748,1996
15,Sun,2024-12-15,1:00PM,cincinnati_bengals,@,tennessee_titans,37,27,370,4,374,2024,tennessee_titans,Nissan Stadium,tennessee_titans,Nashville,TN,36.1665,-86.7713,Outdoor,Grass,476,1999
15,Sun,2024-12-15,1:00PM,kansas_city_chiefs,@,cleveland_browns,21,7,311,0,266,2024,cleveland_browns,FirstEnergy Stadium,cleveland_browns,Cleveland,OH,41.5061,-81.6995,Outdoor,Grass,577,1999
15,Sun,2024-12-15,1:00PM,houston_texans,"",miami_dolphins,20,12,181,1,224,2024,houston_texans,NRG Stadium,houston_texans,Houston,TX,29.6847,-95.4107,Indoor,Turf,50,2002
15,Sun,2024-12-15,1:00PM,new_york_jets,@,jacksonville_jaguars,32,25,400,0,421,2024,jacksonville_jaguars,TIAA Bank Field,jacksonville_jaguars,Jacksonville,FL,30.3239,-81.6373,Outdoor,Grass,16,1995
15,Sun,2024-12-15,1:00PM,washington_commanders,@,new_orleans_saints,20,19,326,0,245,2024,new_orleans_saints,Caesars Superdome,new_orleans_saints,New Orleans,LA,29.9509,-90.0815,Indoor,Turf,3,1975
15,Sun,2024-12-15,1:00PM,baltimore_ravens,@,new_york_giants,35,14,445,1,236,2024,new_york_giants,MetLife Stadium,new_york_giants,East Rutherford,NJ,40.8136,-74.0744,Outdoor,Turf,3,2010
15,Sun,2024-12-15,4:25PM,buffalo_bills,@,detroit_lions,48,42,559,0,521,2024,detroit_lions,Ford Field,detroit_lions,Detroit,MI,42.34,-83.0456,Indoor,Turf,600,2002
15,Sun,2024-12-15,4:25PM,denver_broncos,"",indianapolis_colts,31,13,193,3,310,2024,denver_broncos,Empower Field at Mile High,denver_broncos,Denver,CO,39.7439,-105.0201,Outdoor,Turf,5280,2001
15,Sun,2024-12-15,4:25PM,arizona_cardinals,"",new_england_patriots,30,17,395,0,311,2024,arizona_cardinals,State Farm Stadium,arizona_cardinals,Glendale,AZ,33.5275,-112.2625,Indoor,Turf,1070,2006
15,Sun,2024-12-15,4:25PM,philadelphia_eagles,"",pittsburgh_steelers,27,13,401,2,163,2024,philadelphia_eagles,Lincoln Financial Field,philadelphia_eagles,Philadelphia,PA,39.9008,-75.1675,Outdoor,Grass,30,2003
15,Sun,2024-12-15,4:25PM,tampa_bay_buccaneers,@,los_angeles_chargers,40,17,506,2,206,2024,los_angeles_chargers,SoFi Stadium,los_angeles_chargers,Inglewood,CA,33.9535,-118.3392,Outdoor,Turf,100,2020
15,Sun,2024-12-15,8:20PM,green_bay_packers,@,seattle_seahawks,30,13,369,1,208,2024,seattle_seahawks,Lumen Field,seattle_seahawks,Seattle,WA,47.5952,-122.3316,Outdoor,Turf,20,2002
15,Mon,2024-12-16,8:00PM,minnesota_vikings,"",chicago_bears,30,12,329,1,284,2024,minnesota_vikings,U.S. Bank Stadium,minnesota_vikings,Minneapolis,MN,44.974,-93.2581,Indoor,Turf,840,2016
15,Mon,2024-12-16,8:30PM,atlanta_falcons,@,las_vegas_raiders,15,9,261,1,249,2024,las_vegas_raiders,Allegiant Stadium,las_vegas_raiders,Las Vegas,NV,36.0908,-115.183,Indoor,Turf,2001,2020
16,Thu,2024-12-19,8:15PM,los_angeles_chargers,"",denver_broncos,34,27,380,1,355,2024,los_angeles_chargers,SoFi Stadium,los_angeles_chargers,Inglewood,CA,33.9535,-118.3392,Outdoor,Turf,100,2020
16,Sat,2024-12-21,1:00PM,kansas_city_chiefs,"",houston_texans,27,19,375,0,311,2024,kansas_city_chiefs,GEHA Field at Arrowhead Stadium,kansas_city_chiefs,Kansas City,MO,39.049,-94.4839,Outdoor,Grass,1020,1972
16,Sat,2024-12-21,4:30PM,baltimore_ravens,"",pittsburgh_steelers,34,17,418,1,315,2024,baltimore_ravens,M&T Bank Stadium,baltimore_ravens,Baltimore,MD,39.2779,-76.6227,Outdoor,Grass,10,1998
16,Sun,2024-12-22,1:00PM,atlanta_falcons,"",new_york_giants,34,7,329,1,234,2024,atlanta_falcons,Mercedes-Benz Stadium,atlanta_falcons,Atlanta,GA,33.755,-84.4008,Indoor,Turf,1050,2017
16,Sun,2024-12-22,1:00PM,carolina_panthers,"",arizona_cardinals,36,30,392,0,382,2024,carolina_panthers,Bank of America Stadium,carolina_panthers,Charlotte,NC,35.2258,-80.8528,Outdoor,Grass,748,1996
16,Sun,2024-12-22,1:00PM,detroit_lions,@,chicago_bears,34,17,475,0,382,2024,chicago_bears,Soldier Field,chicago_bears,Chicago,IL,41.8623,-87.6167,Outdoor,Grass,595,1924
16,Sun,2024-12-22,1:00PM,cincinnati_bengals,"",cleveland_browns,24,6,326,1,273,2024,cincinnati_bengals,Paycor Stadium,cincinnati_bengals,Cincinnati,OH,39.0954,-84.516,Outdoor,Turf,482,2000
16,Sun,2024-12-22,1:00PM,indianapolis_colts,"",tennessee_titans,38,30,458,1,307,2024,indianapolis_colts,Lucas Oil Stadium,indianapolis_colts,Indianapolis,IN,39.7601,-86.1639,Indoor,Turf,700,2008
16,Sun,2024-12-22,1:00PM,los_angeles_rams,@,new_york_jets,19,9,242,1,321,2024,new_york_jets,MetLife Stadium,new_york_jets,East Rutherford,NJ,40.8136,-74.0744,Outdoor,Turf,3,2010
16,Sun,2024-12-22,1:00PM,washington_commanders,"",philadelphia_eagles,36,33,368,5,338,2024,washington_commanders,FedExField,washington_commanders,Landover,MD,38.9078,-76.8645,Outdoor,Grass,300,1997
16,Sun,2024-12-22,4:05PM,minnesota_vikings,@,seattle_seahawks,27,24,298,0,361,2024,seattle_seahawks,Lumen Field,seattle_seahawks,Seattle,WA,47.5952,-122.3316,Outdoor,Turf,20,2002
16,Sun,2024-12-22,4:25PM,buffalo_bills,"",new_england_patriots,24,21,324,1,379,2024,buffalo_bills,Highmark Stadium,buffalo_bills,Orchard Park,NY,42.7738,-78.7868,Outdoor,Grass,600,1973
16,Sun,2024-12-22,4:25PM,las_vegas_raiders,"",jacksonville_jaguars,19,14,314,0,308,2024,las_vegas_raiders,Allegiant Stadium,las_vegas_raiders,Las Vegas,NV,36.0908,-115.183,Indoor,Turf,2001,2020
16,Sun,2024-12-22,4:25PM,miami_dolphins,"",san_francisco_49ers,29,17,381,0,374,2024,miami_dolphins,Hard Rock Stadium,miami_dolphins,Miami Gardens,FL,25.958,-80.238,Outdoor,Grass,7,1987
16,Sun,2024-12-22,8:20PM,dallas_cowboys,"",tampa_bay_buccaneers,26,24,317,0,410,2024,dallas_cowboys,AT&T Stadium,dallas_cowboys,Arlington,TX,32.7473,-97.0945,Indoor,Turf,639,2009
16,Mon,2024-12-23,8:15PM,green_bay_packers,"",new_orleans_saints,34,0,404,0,196,2024,green_bay_packers,Lambeau Field,green_bay_packers,Green Bay,WI,44.5013,-88.0622,Outdoor,Grass,640,1957
17,Wed,2024-12-25,1:00PM,kansas_city_chiefs,@,pittsburgh_steelers,29,10,389,0,364,2024,pittsburgh_steelers,Acrisure Stadium,pittsburgh_steelers,Pittsburgh,PA,40.4468,-80.0158,Outdoor,Grass,730,2001
17,Wed,2024-12-25,4:30PM,baltimore_ravens,@,houston_texans,31,2,432,0,211,2024,houston_texans,NRG Stadium,houston_texans,Houston,TX,29.6847,-95.4107,Indoor,Turf,50,2002
17,Thu,2024-12-26,8:15PM,seattle_seahawks,@,chicago_bears,6,3,265,1,179,2024,chicago_bears,Soldier Field,chicago_bears,Chicago,IL,41.8623,-87.6167,Outdoor,Grass,595,1924
17,Sat,2024-12-28,1:00PM,los_angeles_chargers,@,new_england_patriots,40,7,428,0,181,2024,new_england_patriots,Gillette Stadium,new_england_patriots,Foxborough,MA,42.0909,-71.2643,Outdoor,Turf,289,2002
17,Sat,2024-12-28,4:30PM,cincinnati_bengals,"",denver_broncos,30,24,499,1,329,2024,cincinnati_bengals,Paycor Stadium,cincinnati_bengals,Cincinnati,OH,39.0954,-84.516,Outdoor,Turf,482,2000
17,Sat,2024-12-28,8:10PM,los_angeles_rams,"",arizona_cardinals,13,9,257,0,396,2024,los_angeles_rams,SoFi Stadium,los_angeles_rams,Inglewood,CA,33.9535,-118.3392,Outdoor,Turf,100,2020
17,Sun,2024-12-29,1:00PM,buffalo_bills,"",new_york_jets,40,14,348,0,281,2024,buffalo_bills,Highmark Stadium,buffalo_bills,Orchard Park,NY,42.7738,-78.7868,Outdoor,Grass,600,1973
17,Sun,2024-12-29,1:00PM,tampa_bay_buccaneers,"",carolina_panthers,48,14,551,0,204,2024,tampa_bay_buccaneers,Raymond James Stadium,tampa_bay_buccaneers,Tampa,FL,27.9759,-82.5033,Outdoor,Grass,26,1998
17,Sun,2024-12-29,1:00PM,new_york_giants,"",indianapolis_colts,45,33,389,0,446,2024,new_york_giants,MetLife Stadium,new_york_giants,East Rutherford,NJ,40.8136,-74.0744,Outdoor,Turf,3,2010
17,Sun,2024-12-29,1:00PM,philadelphia_eagles,"",dallas_cowboys,41,7,376,0,268,2024,philadelphia_eagles,Lincoln Financial Field,philadelphia_eagles,Philadelphia,PA,39.9008,-75.1675,Outdoor,Grass,30,2003
17,Sun,2024-12-29,1:00PM,jacksonville_jaguars,"",tennessee_titans,20,13,295,0,337,2024,jacksonville_jaguars,TIAA Bank Field,jacksonville_jaguars,Jacksonville,FL,30.3239,-81.6373,Outdoor,Grass,16,1995
17,Sun,2024-12-29,1:00PM,las_vegas_raiders,@,new_orleans_saints,25,10,388,0,269,2024,new_orleans_saints,Caesars Superdome,new_orleans_saints,New Orleans,LA,29.9509,-90.0815,Indoor,Turf,3,1975
17,Sun,2024-12-29,4:05PM,miami_dolphins,@,cleveland_browns,20,3,280,0,276,2024,cleveland_browns,FirstEnergy Stadium,cleveland_browns,Cleveland,OH,41.5061,-81.6995,Outdoor,Grass,577,1999
17,Sun,2024-12-29,4:25PM,minnesota_vikings,"",green_bay_packers,27,25,441,1,271,2024,minnesota_vikings,U.S. Bank Stadium,minnesota_vikings,Minneapolis,MN,44.974,-93.2581,Indoor,Turf,840,2016
17,Sun,2024-12-29,8:20PM,washington_commanders,"",atlanta_falcons,30,24,412,1,337,2024,washington_commanders,FedExField,washington_commanders,Landover,MD,38.9078,-76.8645,Outdoor,Grass,300,1997
17,Mon,2024-12-30,8:15PM,detroit_lions,@,san_francisco_49ers,40,34,439,0,475,2024,san_francisco_49ers,Levi's Stadium,san_francisco_49ers,Santa Clara,CA,37.403,-121.9692,Outdoor,Grass,13,2014
18,Sat,2025-01-04,4:30PM,baltimore_ravens,"",cleveland_browns,35,10,437,0,230,2025,baltimore_ravens,M&T Bank Stadium,baltimore_ravens,Baltimore,MD,39.2779,-76.6227,Outdoor,Grass,10,1998
18,Sat,2025-01-04,8:00PM,cincinnati_bengals,@,pittsburgh_steelers,19,17,314,2,193,2025,pittsburgh_steelers,Acrisure Stadium,pittsburgh_steelers,Pittsburgh,PA,40.4468,-80.0158,Outdoor,Grass,730,2001
18,Sun,2025-01-05,1:00PM,carolina_panthers,@,atlanta_falcons,44,38,425,0,537,2025,atlanta_falcons,Mercedes-Benz Stadium,atlanta_falcons,Atlanta,GA,33.755,-84.4008,Indoor,Turf,1050,2017
18,Sun,2025-01-05,1:00PM,new_england_patriots,"",buffalo_bills,23,16,309,1,259,2025,new_england_patriots,Gillette Stadium,new_england_patriots,Foxborough,MA,42.0909,-71.2643,Outdoor,Turf,289,2002
18,Sun,2025-01-05,1:00PM,chicago_bears,@,green_bay_packers,24,22,224,2,367,2025,green_bay_packers,Lambeau Field,green_bay_packers,Green Bay,WI,44.5013,-88.0622,Outdoor,Grass,640,1957
18,Sun,2025-01-05,1:00PM,indianapolis_colts,"",jacksonville_jaguars,26,23,429,0,319,2025,indianapolis_colts,Lucas Oil Stadium,indianapolis_colts,Indianapolis,IN,39.7601,-86.1639,Indoor,Turf,700,2008
18,Sun,2025-01-05,1:00PM,washington_commanders,@,dallas_cowboys,23,19,269,1,378,2025,dallas_cowboys,AT&T Stadium,dallas_cowboys,Arlington,TX,32.7473,-97.0945,Indoor,Turf,639,2009
18,Sun,2025-01-05,1:00PM,houston_texans,@,tennessee_titans,23,14,374,1,314,2025,tennessee_titans,Nissan Stadium,tennessee_titans,Nashville,TN,36.1665,-86.7713,Outdoor,Grass,476,1999
18,Sun,2025-01-05,1:00PM,tampa_bay_buccaneers,"",new_orleans_saints,27,19,395,1,292,2025,tampa_bay_buccaneers,Raymond James Stadium,tampa_bay_buccaneers,Tampa,FL,27.9759,-82.5033,Outdoor,Grass,26,1998
18,Sun,2025-01-05,1:00PM,philadelphia_eagles,"",new_york_giants,20,13,303,0,238,2025,philadelphia_eagles,Lincoln Financial Field,philadelphia_eagles,Philadelphia,PA,39.9008,-75.1675,Outdoor,Grass,30,2003
18,Sun,2025-01-05,4:25PM,arizona_cardinals,"",san_francisco_49ers,47,24,393,0,436,2025,arizona_cardinals,State Farm Stadium,arizona_cardinals,Glendale,AZ,33.5275,-112.2625,Indoor,Turf,1070,2006
18,Sun,2025-01-05,4:25PM,denver_broncos,"",kansas_city_chiefs,38,0,479,0,98,2025,denver_broncos,Empower Field at Mile High,denver_broncos,Denver,CO,39.7439,-105.0201,Outdoor,Turf,5280,2001
18,Sun,2025-01-05,4:25PM,new_york_jets,"",miami_dolphins,32,20,375,1,334,2025,new_york_jets,MetLife Stadium,new_york_jets,East Rutherford,NJ,40.8136,-74.0744,Outdoor,Turf,3,2010
18,Sun,2025-01-05,4:25PM,los_angeles_chargers,@,las_vegas_raiders,34,20,473,0,264,2025,las_vegas_raiders,Allegiant Stadium,las_vegas_raiders,Las Vegas,NV,36.0908,-115.183,Indoor,Turf,2001,2020
18,Sun,2025-01-05,4:25PM,seattle_seahawks,@,los_angeles_rams,30,25,336,0,403,2025,los_angeles_rams,SoFi Stadium,los_angeles_rams,Inglewood,CA,33.9535,-118.3392,Outdoor,Turf,100,2020
18,Sun,2025-01-05,8:20PM,detroit_lions,"",minnesota_vikings,31,9,394,2,262,2025,detroit_lions,Ford Field,detroit_lions,Detroit,MI,42.34,-83.0456,Indoor,Turf,600,2002
18,Sat,2025-01-11,4:30PM,houston_texans,"",los_angeles_chargers,32,12,429,3,261,2025,houston_texans,NRG Stadium,houston_texans,Houston,TX,29.6847,-95.4107,Indoor,Turf,50,2002
18,Sat,2025-01-11,8:00PM,baltimore_ravens,"",pittsburgh_steelers,28,14,464,0,280,2025,baltimore_ravens,M&T Bank Stadium,baltimore_ravens,Baltimore,MD,39.2779,-76.6227,Outdoor,Grass,10,1998
18,Sun,2025-01-12,1:00PM,buffalo_bills,"",denver_broncos,31,7,471,0,224,2025,buffalo_bills,Highmark Stadium,buffalo_bills,Orchard Park,NY,42.7738,-78.7868,Outdoor,Grass,600,1973
18,Sun,2025-01-12,4:30PM,philadelphia_eagles,"",green_bay_packers,22,10,290,0,302,2025,philadelphia_eagles,Lincoln Financial Field,philadelphia_eagles,Philadelphia,PA,39.9008,-75.1675,Outdoor,Grass,30,2003
18,Sun,2025-01-12,8:00PM,washington_commanders,@,tampa_bay_buccaneers,23,20,350,0,284,2025,tampa_bay_buccaneers,Raymond James Stadium,tampa_bay_buccaneers,Tampa,FL,27.9759,-82.5033,Outdoor,Grass,26,1998
18,Mon,2025-01-13,8:00PM,los_angeles_rams,"",minnesota_vikings,27,9,292,0,269,2025,los_angeles_rams,SoFi Stadium,los_angeles_rams,Inglewood,CA,33.9535,-118.3392,Outdoor,Turf,100,2020
19,Sat,2025-01-18,4:30PM,kansas_city_chiefs,"",houston_texans,23,14,212,0,336,2025,kansas_city_chiefs,GEHA Field at Arrowhead Stadium,kansas_city_chiefs,Kansas City,MO,39.049,-94.4839,Outdoor,Grass,1020,1972
19,Sat,2025-01-18,8:00PM,washington_commanders,@,detroit_lions,45,31,481,0,521,2025,detroit_lions,Ford Field,detroit_lions,Detroit,MI,42.34,-83.0456,Indoor,Turf,600,2002
19,Sun,2025-01-19,3:00PM,philadelphia_eagles,"",los_angeles_rams,28,22,350,0,402,2025,philadelphia_eagles,Lincoln Financial Field,philadelphia_eagles,Philadelphia,PA,39.9008,-75.1675,Outdoor,Grass,30,2003
19,Sun,2025-01-19,6:30PM,buffalo_bills,"",baltimore_ravens,27,25,273,0,416,2025,buffalo_bills,Highmark Stadium,buffalo_bills,Orchard Park,NY,42.7738,-78.7868,Outdoor,Grass,600,1973
20,Sun,2025-01-26,3:00PM,philadelphia_eagles,"",washington_commanders,55,23,459,0,350,2025,philadelphia_eagles,Lincoln Financial Field,philadelphia_eagles,Philadelphia,PA,39.9008,-75.1675,Outdoor,Grass,30,2003
20,Sun,2025-01-26,6:30PM,kansas_city_chiefs,"",buffalo_bills,32,29,368,1,374,2025,kansas_city_chiefs,GEHA Field at Arrowhead Stadium,kansas_city_chiefs,Kansas City,MO,39.049,-94.4839,Outdoor,Grass,1020,1972
21,Sun,2025-02-09,6:30PM,philadelphia_eagles,N,kansas_city_chiefs,40,22,345,1,275,2025,philadelphia_eagles,Lincoln Financial Field,philadelphia_eagles,Philadelphia,PA,39.9008,-75.1675,Outdoor,Grass,30,2003
1,Thu,2025-09-04,8:20 PM,dallas_cowboys,@,philadelphia_eagles,,,,,,2025,philadelphia_eagles,Lincoln Financial Field,philadelphia_eagles,Philadelphia,PA,39.9008,-75.1675,Outdoor,Grass,30,2003
1,Fri,2025-09-05,8:00 PM,kansas_city_chiefs,@,los_angeles_chargers,,,,,,2025,los_angeles_chargers,SoFi Stadium,los_angeles_chargers,Inglewood,CA,33.9535,-118.3392,Outdoor,Turf,100,2020
1,Sun,2025-09-07,1:00 PM,tampa_bay_buccaneers,@,atlanta_falcons,,,,,,2025,atlanta_falcons,Mercedes-Benz Stadium,atlanta_falcons,Atlanta,GA,33.755,-84.4008,Indoor,Turf,1050,2017
1,Sun,2025-09-07,1:00 PM,cincinnati_bengals,@,cleveland_browns,,,,,,2025,cleveland_browns,FirstEnergy Stadium,cleveland_browns,Cleveland,OH,41.5061,-81.6995,Outdoor,Grass,577,1999
1,Sun,2025-09-07,1:00 PM,miami_dolphins,@,indianapolis_colts,,,,,,2025,indianapolis_colts,Lucas Oil Stadium,indianapolis_colts,Indianapolis,IN,39.7601,-86.1639,Indoor,Turf,700,2008
1,Sun,2025-09-07,1:00 PM,carolina_panthers,@,jacksonville_jaguars,,,,,,2025,jacksonville_jaguars,TIAA Bank Field,jacksonville_jaguars,Jacksonville,FL,30.3239,-81.6373,Outdoor,Grass,16,1995
1,Sun,2025-09-07,1:00 PM,arizona_cardinals,@,new_orleans_saints,,,,,,2025,new_orleans_saints,Caesars Superdome,new_orleans_saints,New Orleans,LA,29.9509,-90.0815,Indoor,Turf,3,1975
1,Sun,2025-09-07,1:00 PM,las_vegas_raiders,@,new_england_patriots,,,,,,2025,new_england_patriots,Gillette Stadium,new_england_patriots,Foxborough,MA,42.0909,-71.2643,Outdoor,Turf,289,2002
1,Sun,2025-09-07,1:00 PM,pittsburgh_steelers,@,new_york_jets,,,,,,2025,new_york_jets,MetLife Stadium,new_york_jets,East Rutherford,NJ,40.8136,-74.0744,Outdoor,Turf,3,2010
1,Sun,2025-09-07,1:00 PM,new_york_giants,@,washington_commanders,,,,,,2025,washington_commanders,FedExField,washington_commanders,Landover,MD,38.9078,-76.8645,Outdoor,Grass,300,1997
1,Sun,2025-09-07,4:05 PM,tennessee_titans,@,denver_broncos,,,,,,2025,denver_broncos,Empower Field at Mile High,denver_broncos,Denver,CO,39.7439,-105.0201,Outdoor,Turf,5280,2001
1,Sun,2025-09-07,4:05 PM,san_francisco_49ers,@,seattle_seahawks,,,,,,2025,seattle_seahawks,Lumen Field,seattle_seahawks,Seattle,WA,47.5952,-122.3316,Outdoor,Turf,20,2002
1,Sun,2025-09-07,4:25 PM,detroit_lions,@,green_bay_packers,,,,,,2025,green_bay_packers,Lambeau Field,green_bay_packers,Green Bay,WI,44.5013,-88.0622,Outdoor,Grass,640,1957
1,Sun,2025-09-07,4:25 PM,houston_texans,@,los_angeles_rams,,,,,,2025,los_angeles_rams,SoFi Stadium,los_angeles_rams,Inglewood,CA,33.9535,-118.3392,Outdoor,Turf,100,2020
1,Sun,2025-09-07,8:20 PM,baltimore_ravens,@,buffalo_bills,,,,,,2025,buffalo_bills,Highmark Stadium,buffalo_bills,Orchard Park,NY,42.7738,-78.7868,Outdoor,Grass,600,1973
1,Mon,2025-09-8,8:15 PM,minnesota_vikings,@,chicago_bears,,,,,,2025,chicago_bears,Soldier Field,chicago_bears,Chicago,IL,41.8623,-87.6167,Outdoor,Grass,595,1924
2,Thu,2025-09-11,8:15 PM,washington_commanders,@,green_bay_packers,,,,,,2025,green_bay_packers,Lambeau Field,green_bay_packers,Green Bay,WI,44.5013,-88.0622,Outdoor,Grass,640,1957
2,Sun,2025-09-14,1:00 PM,jacksonville_jaguars,@,cincinnati_bengals,,,,,,2025,cincinnati_bengals,Paycor Stadium,cincinnati_bengals,Cincinnati,OH,39.0954,-84.516,Outdoor,Turf,482,2000
2,Sun,2025-09-14,1:00 PM,new_york_giants,@,dallas_cowboys,,,,,,2025,dallas_cowboys,AT&T Stadium,dallas_cowboys,Arlington,TX,32.7473,-97.0945,Indoor,Turf,639,2009
2,Sun,2025-09-14,1:00 PM,chicago_bears,@,detroit_lions,,,,,,2025,detroit_lions,Ford Field,detroit_lions,Detroit,MI,42.34,-83.0456,Indoor,Turf,600,2002
2,Sun,2025-09-14,1:00 PM,new_england_patriots,@,miami_dolphins,,,,,,2025,miami_dolphins,Hard Rock Stadium,miami_dolphins,Miami Gardens,FL,25.958,-80.238,Outdoor,Grass,7,1987
2,Sun,2025-09-14,1:00 PM,san_francisco_49ers,@,new_orleans_saints,,,,,,2025,new_orleans_saints,Caesars Superdome,new_orleans_saints,New Orleans,LA,29.9509,-90.0815,Indoor,Turf,3,1975
2,Sun,2025-09-14,1:00 PM,buffalo_bills,@,new_york_jets,,,,,,2025,new_york_jets,MetLife Stadium,new_york_jets,East Rutherford,NJ,40.8136,-74.0744,Outdoor,Turf,3,2010
2,Sun,2025-09-14,1:00 PM,los_angeles_rams,@,tennessee_titans,,,,,,2025,tennessee_titans,Nissan Stadium,tennessee_titans,Nashville,TN,36.1665,-86.7713,Outdoor,Grass,476,1999
2,Sun,2025-09-14,1:00 PM,seattle_seahawks,@,pittsburgh_steelers,,,,,,2025,pittsburgh_steelers,Acrisure Stadium,pittsburgh_steelers,Pittsburgh,PA,40.4468,-80.0158,Outdoor,Grass,730,2001
2,Sun,2025-09-14,1:00 PM,cleveland_browns,@,baltimore_ravens,,,,,,2025,baltimore_ravens,M&T Bank Stadium,baltimore_ravens,Baltimore,MD,39.2779,-76.6227,Outdoor,Grass,10,1998
2,Sun,2025-09-14,4:05 PM,denver_broncos,@,indianapolis_colts,,,,,,2025,indianapolis_colts,Lucas Oil Stadium,indianapolis_colts,Indianapolis,IN,39.7601,-86.1639,Indoor,Turf,700,2008
2,Sun,2025-09-14,4:05 PM,carolina_panthers,@,arizona_cardinals,,,,,,2025,arizona_cardinals,State Farm Stadium,arizona_cardinals,Glendale,AZ,33.5275,-112.2625,Indoor,Turf,1070,2006
2,Sun,2025-09-14,4:25 PM,philadelphia_eagles,@,kansas_city_chiefs,,,,,,2025,kansas_city_chiefs,GEHA Field at Arrowhead Stadium,kansas_city_chiefs,Kansas City,MO,39.049,-94.4839,Outdoor,Grass,1020,1972
2,Sun,2025-09-14,8:20 PM,atlanta_falcons,@,minnesota_vikings,,,,,,2025,minnesota_vikings,U.S. Bank Stadium,minnesota_vikings,Minneapolis,MN,44.974,-93.2581,Indoor,Turf,840,2016
2,Mon,2025-09-15,7:00 PM,tampa_bay_buccaneers,@,houston_texans,,,,,,2025,houston_texans,NRG Stadium,houston_texans,Houston,TX,29.6847,-95.4107,Indoor,Turf,50,2002
2,Mon,2025-09-15,10:00 PM,los_angeles_chargers,@,las_vegas_raiders,,,,,,2025,las_vegas_raiders,Allegiant Stadium,las_vegas_raiders,Las Vegas,NV,36.0908,-115.183,Indoor,Turf,2001,2020
3,Thu,2025-09-18,8:15 PM,miami_dolphins,@,buffalo_bills,,,,,,2025,buffalo_bills,Highmark Stadium,buffalo_bills,Orchard Park,NY,42.7738,-78.7868,Outdoor,Grass,600,1973
3,Sun,2025-09-21,1:00 PM,atlanta_falcons,@,carolina_panthers,,,,,,2025,carolina_panthers,Bank of America Stadium,carolina_panthers,Charlotte,NC,35.2258,-80.8528,Outdoor,Grass,748,1996
3,Sun,2025-09-21,1:00 PM,green_bay_packers,@,cleveland_browns,,,,,,2025,cleveland_browns,FirstEnergy Stadium,cleveland_browns,Cleveland,OH,41.5061,-81.6995,Outdoor,Grass,577,1999
3,Sun,2025-09-21,1:00 PM,houston_texans,@,jacksonville_jaguars,,,,,,2025,jacksonville_jaguars,TIAA Bank Field,jacksonville_jaguars,Jacksonville,FL,30.3239,-81.6373,Outdoor,Grass,16,1995
3,Sun,2025-09-21,1:00 PM,cincinnati_bengals,@,minnesota_vikings,,,,,,2025,minnesota_vikings,U.S. Bank Stadium,minnesota_vikings,Minneapolis,MN,44.974,-93.2581,Indoor,Turf,840,2016
3,Sun,2025-09-21,1:00 PM,pittsburgh_steelers,@,new_england_patriots,,,,,,2025,new_england_patriots,Gillette Stadium,new_england_patriots,Foxborough,MA,42.0909,-71.2643,Outdoor,Turf,289,2002
3,Sun,2025-09-21,1:00 PM,indianapolis_colts,@,tennessee_titans,,,,,,2025,tennessee_titans,Nissan Stadium,tennessee_titans,Nashville,TN,36.1665,-86.7713,Outdoor,Grass,476,1999
3,Sun,2025-09-21,1:00 PM,los_angeles_rams,@,philadelphia_eagles,,,,,,2025,philadelphia_eagles,Lincoln Financial Field,philadelphia_eagles,Philadelphia,PA,39.9008,-75.1675,Outdoor,Grass,30,2003
3,Sun,2025-09-21,1:00 PM,new_york_jets,@,tampa_bay_buccaneers,,,,,,2025,tampa_bay_buccaneers,Raymond James Stadium,tampa_bay_buccaneers,Tampa,FL,27.9759,-82.5033,Outdoor,Grass,26,1998
3,Sun,2025-09-21,1:00 PM,las_vegas_raiders,@,washington_commanders,,,,,,2025,washington_commanders,FedExField,washington_commanders,Landover,MD,38.9078,-76.8645,Outdoor,Grass,300,1997
3,Sun,2025-09-21,4:05 PM,denver_broncos,@,los_angeles_chargers,,,,,,2025,los_angeles_chargers,SoFi Stadium,los_angeles_chargers,Inglewood,CA,33.9535,-118.3392,Outdoor,Turf,100,2020
3,Sun,2025-09-21,4:05 PM,new_orleans_saints,@,seattle_seahawks,,,,,,2025,seattle_seahawks,Lumen Field,seattle_seahawks,Seattle,WA,47.5952,-122.3316,Outdoor,Turf,20,2002
3,Sun,2025-09-21,4:25 PM,dallas_cowboys,@,chicago_bears,,,,,,2025,chicago_bears,Soldier Field,chicago_bears,Chicago,IL,41.8623,-87.6167,Outdoor,Grass,595,1924
3,Sun,2025-09-21,4:25 PM,arizona_cardinals,@,san_francisco_49ers,,,,,,2025,san_francisco_49ers,Levi's Stadium,san_francisco_49ers,Santa Clara,CA,37.403,-121.9692,Outdoor,Grass,13,2014
3,Sun,2025-09-21,8:20 PM,kansas_city_chiefs,@,new_york_giants,,,,,,2025,new_york_giants,MetLife Stadium,new_york_giants,East Rutherford,NJ,40.8136,-74.0744,Outdoor,Turf,3,2010
3,Mon,2025-09-22,8:15 PM,detroit_lions,@,baltimore_ravens,,,,,,2025,baltimore_ravens,M&T Bank Stadium,baltimore_ravens,Baltimore,MD,39.2779,-76.6227,Outdoor,Grass,10,1998
4,Thu,2025-09-25,8:15 PM,seattle_seahawks,@,arizona_cardinals,,,,,,2025,arizona_cardinals,State Farm Stadium,arizona_cardinals,Glendale,AZ,33.5275,-112.2625,Indoor,Turf,1070,2006
4,Sun,2025-09-28,9:30 AM,minnesota_vikings,@,pittsburgh_steelers,,,,,,2025,pittsburgh_steelers,Acrisure Stadium,pittsburgh_steelers,Pittsburgh,PA,40.4468,-80.0158,Outdoor,Grass,730,2001
4,Sun,2025-09-28,1:00 PM,washington_commanders,@,atlanta_falcons,,,,,,2025,atlanta_falcons,Mercedes-Benz Stadium,atlanta_falcons,Atlanta,GA,33.755,-84.4008,Indoor,Turf,1050,2017
4,Sun,2025-09-28,1:00 PM,new_orleans_saints,@,buffalo_bills,,,,,,2025,buffalo_bills,Highmark Stadium,buffalo_bills,Orchard Park,NY,42.7738,-78.7868,Outdoor,Grass,600,1973
4,Sun,2025-09-28,1:00 PM,cleveland_browns,@,detroit_lions,,,,,,2025,detroit_lions,Ford Field,detroit_lions,Detroit,MI,42.34,-83.0456,Indoor,Turf,600,2002
4,Sun,2025-09-28,1:00 PM,tennessee_titans,@,houston_texans,,,,,,2025,houston_texans,NRG Stadium,houston_texans,Houston,TX,29.6847,-95.4107,Indoor,Turf,50,2002
4,Sun,2025-09-28,1:00 PM,carolina_panthers,@,new_england_patriots,,,,,,2025,new_england_patriots,Gillette Stadium,new_england_patriots,Foxborough,MA,42.0909,-71.2643,Outdoor,Turf,289,2002
4,Sun,2025-09-28,1:00 PM,los_angeles_chargers,@,new_york_giants,,,,,,2025,new_york_giants,MetLife Stadium,new_york_giants,East Rutherford,NJ,40.8136,-74.0744,Outdoor,Turf,3,2010
4,Sun,2025-09-28,1:00 PM,philadelphia_eagles,@,tampa_bay_buccaneers,,,,,,2025,tampa_bay_buccaneers,Raymond James Stadium,tampa_bay_buccaneers,Tampa,FL,27.9759,-82.5033,Outdoor,Grass,26,1998
4,Sun,2025-09-28,4:05 PM,indianapolis_colts,@,los_angeles_rams,,,,,,2025,los_angeles_rams,SoFi Stadium,los_angeles_rams,Inglewood,CA,33.9535,-118.3392,Outdoor,Turf,100,2020
4,Sun,2025-09-28,4:05 PM,jacksonville_jaguars,@,san_francisco_49ers,,,,,,2025,san_francisco_49ers,Levi's Stadium,san_francisco_49ers,Santa Clara,CA,37.403,-121.9692,Outdoor,Grass,13,2014
4,Sun,2025-09-28,4:25 PM,baltimore_ravens,@,kansas_city_chiefs,,,,,,2025,kansas_city_chiefs,GEHA Field at Arrowhead Stadium,kansas_city_chiefs,Kansas City,MO,39.049,-94.4839,Outdoor,Grass,1020,1972
4,Sun,2025-09-28,4:25 PM,chicago_bears,@,las_vegas_raiders,,,,,,2025,las_vegas_raiders,Allegiant Stadium,las_vegas_raiders,Las Vegas,NV,36.0908,-115.183,Indoor,Turf,2001,2020
4,Sun,2025-09-28,8:20 PM,green_bay_packers,@,dallas_cowboys,,,,,,2025,dallas_cowboys,AT&T Stadium,dallas_cowboys,Arlington,TX,32.7473,-97.0945,Indoor,Turf,639,2009
4,Mon,2025-09-29,7:15 PM,new_york_jets,@,miami_dolphins,,,,,,2025,miami_dolphins,Hard Rock Stadium,miami_dolphins,Miami Gardens,FL,25.958,-80.238,Outdoor,Grass,7,1987
4,Mon,2025-09-29,8:15 PM,cincinnati_bengals,@,denver_broncos,,,,,,2025,denver_broncos,Empower Field at Mile High,denver_broncos,Denver,CO,39.7439,-105.0201,Outdoor,Turf,5280,2001
5,Thu,2025-10-02,8:15 PM,san_francisco_49ers,@,los_angeles_rams,,,,,,2025,los_angeles_rams,SoFi Stadium,los_angeles_rams,Inglewood,CA,33.9535,-118.3392,Outdoor,Turf,100,2020
5,Sun,2025-10-05,9:30 AM,minnesota_vikings,@,cleveland_browns,,,,,,2025,cleveland_browns,FirstEnergy Stadium,cleveland_browns,Cleveland,OH,41.5061,-81.6995,Outdoor,Grass,577,1999
5,Sun,2025-10-05,1:00 PM,miami_dolphins,@,carolina_panthers,,,,,,2025,carolina_panthers,Bank of America Stadium,carolina_panthers,Charlotte,NC,35.2258,-80.8528,Outdoor,Grass,748,1996
5,Sun,2025-10-05,1:00 PM,las_vegas_raiders,@,indianapolis_colts,,,,,,2025,indianapolis_colts,Lucas Oil Stadium,indianapolis_colts,Indianapolis,IN,39.7601,-86.1639,Indoor,Turf,700,2008
5,Sun,2025-10-05,1:00 PM,new_york_giants,@,new_orleans_saints,,,,,,2025,new_orleans_saints,Caesars Superdome,new_orleans_saints,New Orleans,LA,29.9509,-90.0815,Indoor,Turf,3,1975
5,Sun,2025-10-05,1:00 PM,dallas_cowboys,@,new_york_jets,,,,,,2025,new_york_jets,MetLife Stadium,new_york_jets,East Rutherford,NJ,40.8136,-74.0744,Outdoor,Turf,3,2010
5,Sun,2025-10-05,1:00 PM,denver_broncos,@,philadelphia_eagles,,,,,,2025,philadelphia_eagles,Lincoln Financial Field,philadelphia_eagles,Philadelphia,PA,39.9008,-75.1675,Outdoor,Grass,30,2003
5,Sun,2025-10-05,1:00 PM,houston_texans,@,baltimore_ravens,,,,,,2025,baltimore_ravens,M&T Bank Stadium,baltimore_ravens,Baltimore,MD,39.2779,-76.6227,Outdoor,Grass,10,1998
5,Sun,2025-10-05,4:05 PM,tennessee_titans,@,arizona_cardinals,,,,,,2025,arizona_cardinals,State Farm Stadium,arizona_cardinals,Glendale,AZ,33.5275,-112.2625,Indoor,Turf,1070,2006
5,Sun,2025-10-05,4:05 PM,tampa_bay_buccaneers,@,seattle_seahawks,,,,,,2025,seattle_seahawks,Lumen Field,seattle_seahawks,Seattle,WA,47.5952,-122.3316,Outdoor,Turf,20,2002
5,Sun,2025-10-05,4:25 PM,detroit_lions,@,cincinnati_bengals,,,,,,2025,cincinnati_bengals,Paycor Stadium,cincinnati_bengals,Cincinnati,OH,39.0954,-84.516,Outdoor,Turf,482,2000
5,Sun,2025-10-05,4:25 PM,washington_commanders,@,los_angeles_chargers,,,,,,2025,los_angeles_chargers,SoFi Stadium,los_angeles_chargers,Inglewood,CA,33.9535,-118.3392,Outdoor,Turf,100,2020
5,Sun,2025-10-05,8:20 PM,new_england_patriots,@,buffalo_bills,,,,,,2025,buffalo_bills,Highmark Stadium,buffalo_bills,Orchard Park,NY,42.7738,-78.7868,Outdoor,Grass,600,1973
5,Mon,2025-10-06,8:15 PM,kansas_city_chiefs,@,jacksonville_jaguars,,,,,,2025,jacksonville_jaguars,TIAA Bank Field,jacksonville_jaguars,Jacksonville,FL,30.3239,-81.6373,Outdoor,Grass,16,1995
6,Thu,2025-10-09,8:15 PM,philadelphia_eagles,@,new_york_giants,,,,,,2025,new_york_giants,MetLife Stadium,new_york_giants,East Rutherford,NJ,40.8136,-74.0744,Outdoor,Turf,3,2010
6,Sun,2025-10-12,9:30 AM,denver_broncos,@,new_york_jets,,,,,,2025,new_york_jets,MetLife Stadium,new_york_jets,East Rutherford,NJ,40.8136,-74.0744,Outdoor,Turf,3,2010
6,Sun,2025-10-12,1:00 PM,dallas_cowboys,@,carolina_panthers,,,,,,2025,carolina_panthers,Bank of America Stadium,carolina_panthers,Charlotte,NC,35.2258,-80.8528,Outdoor,Grass,748,1996
6,Sun,2025-10-12,1:00 PM,arizona_cardinals,@,indianapolis_colts,,,,,,2025,indianapolis_colts,Lucas Oil Stadium,indianapolis_colts,Indianapolis,IN,39.7601,-86.1639,Indoor,Turf,700,2008
6,Sun,2025-10-12,1:00 PM,seattle_seahawks,@,jacksonville_jaguars,,,,,,2025,jacksonville_jaguars,TIAA Bank Field,jacksonville_jaguars,Jacksonville,FL,30.3239,-81.6373,Outdoor,Grass,16,1995
6,Sun,2025-10-12,1:00 PM,los_angeles_chargers,@,miami_dolphins,,,,,,2025,miami_dolphins,Hard Rock Stadium,miami_dolphins,Miami Gardens,FL,25.958,-80.238,Outdoor,Grass,7,1987
6,Sun,2025-10-12,1:00 PM,cleveland_browns,@,pittsburgh_steelers,,,,,,2025,pittsburgh_steelers,Acrisure Stadium,pittsburgh_steelers,Pittsburgh,PA,40.4468,-80.0158,Outdoor,Grass,730,2001
6,Sun,2025-10-12,1:00 PM,los_angeles_rams,@,baltimore_ravens,,,,,,2025,baltimore_ravens,M&T Bank Stadium,baltimore_ravens,Baltimore,MD,39.2779,-76.6227,Outdoor,Grass,10,1998
6,Sun,2025-10-12,1:00 PM,san_francisco_49ers,@,tampa_bay_buccaneers,,,,,,2025,tampa_bay_buccaneers,Raymond James Stadium,tampa_bay_buccaneers,Tampa,FL,27.9759,-82.5033,Outdoor,Grass,26,1998
6,Sun,2025-10-12,4:05 PM,tennessee_titans,@,las_vegas_raiders,,,,,,2025,las_vegas_raiders,Allegiant Stadium,las_vegas_raiders,Las Vegas,NV,36.0908,-115.183,Indoor,Turf,2001,2020
6,Sun,2025-10-12,4:25 PM,cincinnati_bengals,@,green_bay_packers,,,,,,2025,green_bay_packers,Lambeau Field,green_bay_packers,Green Bay,WI,44.5013,-88.0622,Outdoor,Grass,640,1957
6,Sun,2025-10-12,4:25 PM,new_england_patriots,@,new_orleans_saints,,,,,,2025,new_orleans_saints,Caesars Superdome,new_orleans_saints,New Orleans,LA,29.9509,-90.0815,Indoor,Turf,3,1975
6,Sun,2025-10-12,8:20 PM,detroit_lions,@,kansas_city_chiefs,,,,,,2025,kansas_city_chiefs,GEHA Field at Arrowhead Stadium,kansas_city_chiefs,Kansas City,MO,39.049,-94.4839,Outdoor,Grass,1020,1972
6,Mon,2025-10-13,7:15 PM,buffalo_bills,@,atlanta_falcons,,,,,,2025,atlanta_falcons,Mercedes-Benz Stadium,atlanta_falcons,Atlanta,GA,33.755,-84.4008,Indoor,Turf,1050,2017
6,Mon,2025-10-13,8:15 PM,chicago_bears,@,washington_commanders,,,,,,2025,washington_commanders,FedExField,washington_commanders,Landover,MD,38.9078,-76.8645,Outdoor,Grass,300,1997
7,Thu,2025-10-16,8:15 PM,pittsburgh_steelers,@,cincinnati_bengals,,,,,,2025,cincinnati_bengals,Paycor Stadium,cincinnati_bengals,Cincinnati,OH,39.0954,-84.516,Outdoor,Turf,482,2000
7,Sun,2025-10-19,9:30 AM,los_angeles_rams,@,jacksonville_jaguars,,,,,,2025,jacksonville_jaguars,TIAA Bank Field,jacksonville_jaguars,Jacksonville,FL,30.3239,-81.6373,Outdoor,Grass,16,1995
7,Sun,2025-10-19,1:00 PM,new_orleans_saints,@,chicago_bears,,,,,,2025,chicago_bears,Soldier Field,chicago_bears,Chicago,IL,41.8623,-87.6167,Outdoor,Grass,595,1924
7,Sun,2025-10-19,1:00 PM,miami_dolphins,@,cleveland_browns,,,,,,2025,cleveland_browns,FirstEnergy Stadium,cleveland_browns,Cleveland,OH,41.5061,-81.6995,Outdoor,Grass,577,1999
7,Sun,2025-10-19,1:00 PM,las_vegas_raiders,@,kansas_city_chiefs,,,,,,2025,kansas_city_chiefs,GEHA Field at Arrowhead Stadium,kansas_city_chiefs,Kansas City,MO,39.049,-94.4839,Outdoor,Grass,1020,1972
7,Sun,2025-10-19,1:00 PM,philadelphia_eagles,@,minnesota_vikings,,,,,,2025,minnesota_vikings,U.S. Bank Stadium,minnesota_vikings,Minneapolis,MN,44.974,-93.2581,Indoor,Turf,840,2016
7,Sun,2025-10-19,1:00 PM,carolina_panthers,@,new_york_jets,,,,,,2025,new_york_jets,MetLife Stadium,new_york_jets,East Rutherford,NJ,40.8136,-74.0744,Outdoor,Turf,3,2010
7,Sun,2025-10-19,1:00 PM,new_england_patriots,@,tennessee_titans,,,,,,2025,tennessee_titans,Nissan Stadium,tennessee_titans,Nashville,TN,36.1665,-86.7713,Outdoor,Grass,476,1999
7,Sun,2025-10-19,4:05 PM,new_york_giants,@,denver_broncos,,,,,,2025,denver_broncos,Empower Field at Mile High,denver_broncos,Denver,CO,39.7439,-105.0201,Outdoor,Turf,5280,2001
7,Sun,2025-10-19,4:05 PM,indianapolis_colts,@,los_angeles_chargers,,,,,,2025,los_angeles_chargers,SoFi Stadium,los_angeles_chargers,Inglewood,CA,33.9535,-118.3392,Outdoor,Turf,100,2020
7,Sun,2025-10-19,4:25 PM,green_bay_packers,@,arizona_cardinals,,,,,,2025,arizona_cardinals,State Farm Stadium,arizona_cardinals,Glendale,AZ,33.5275,-112.2625,Indoor,Turf,1070,2006
7,Sun,2025-10-19,4:25 PM,washington_commanders,@,dallas_cowboys,,,,,,2025,dallas_cowboys,AT&T Stadium,dallas_cowboys,Arlington,TX,32.7473,-97.0945,Indoor,Turf,639,2009
7,Sun,2025-10-19,8:20 PM,atlanta_falcons,@,san_francisco_49ers,,,,,,2025,san_francisco_49ers,Levi's Stadium,san_francisco_49ers,Santa Clara,CA,37.403,-121.9692,Outdoor,Grass,13,2014
7,Mon,2025-10-20,7:00 PM,tampa_bay_buccaneers,@,detroit_lions,,,,,,2025,detroit_lions,Ford Field,detroit_lions,Detroit,MI,42.34,-83.0456,Indoor,Turf,600,2002
7,Mon,2025-10-20,10:00 PM,houston_texans,@,seattle_seahawks,,,,,,2025,seattle_seahawks,Lumen Field,seattle_seahawks,Seattle,WA,47.5952,-122.3316,Outdoor,Turf,20,2002
8,Thu,2025-10-23,8:15 PM,minnesota_vikings,@,los_angeles_chargers,,,,,,2025,los_angeles_chargers,SoFi Stadium,los_angeles_chargers,Inglewood,CA,33.9535,-118.3392,Outdoor,Turf,100,2020
8,Sun,2025-10-26,1:00 PM,miami_dolphins,@,atlanta_falcons,,,,,,2025,atlanta_falcons,Mercedes-Benz Stadium,atlanta_falcons,Atlanta,GA,33.755,-84.4008,Indoor,Turf,1050,2017
8,Sun,2025-10-26,1:00 PM,buffalo_bills,@,carolina_panthers,,,,,,2025,carolina_panthers,Bank of America Stadium,carolina_panthers,Charlotte,NC,35.2258,-80.8528,Outdoor,Grass,748,1996
8,Sun,2025-10-26,1:00 PM,new_york_jets,@,cincinnati_bengals,,,,,,2025,cincinnati_bengals,Paycor Stadium,cincinnati_bengals,Cincinnati,OH,39.0954,-84.516,Outdoor,Turf,482,2000
8,Sun,2025-10-26,1:00 PM,san_francisco_49ers,@,houston_texans,,,,,,2025,houston_texans,NRG Stadium,houston_texans,Houston,TX,29.6847,-95.4107,Indoor,Turf,50,2002
8,Sun,2025-10-26,1:00 PM,cleveland_browns,@,new_england_patriots,,,,,,2025,new_england_patriots,Gillette Stadium,new_england_patriots,Foxborough,MA,42.0909,-71.2643,Outdoor,Turf,289,2002
8,Sun,2025-10-26,1:00 PM,new_york_giants,@,philadelphia_eagles,,,,,,2025,philadelphia_eagles,Lincoln Financial Field,philadelphia_eagles,Philadelphia,PA,39.9008,-75.1675,Outdoor,Grass,30,2003
8,Sun,2025-10-26,1:00 PM,chicago_bears,@,baltimore_ravens,,,,,,2025,baltimore_ravens,M&T Bank Stadium,baltimore_ravens,Baltimore,MD,39.2779,-76.6227,Outdoor,Grass,10,1998
8,Sun,2025-10-26,4:05 PM,tampa_bay_buccaneers,@,new_orleans_saints,,,,,,2025,new_orleans_saints,Caesars Superdome,new_orleans_saints,New Orleans,LA,29.9509,-90.0815,Indoor,Turf,3,1975
8,Sun,2025-10-26,4:25 PM,tennessee_titans,@,indianapolis_colts,,,,,,2025,indianapolis_colts,Lucas Oil Stadium,indianapolis_colts,Indianapolis,IN,39.7601,-86.1639,Indoor,Turf,700,2008
8,Sun,2025-10-26,4:25 PM,dallas_cowboys,@,denver_broncos,,,,,,2025,denver_broncos,Empower Field at Mile High,denver_broncos,Denver,CO,39.7439,-105.0201,Outdoor,Turf,5280,2001
8,Sun,2025-10-26,8:20 PM,green_bay_packers,@,pittsburgh_steelers,,,,,,2025,pittsburgh_steelers,Acrisure Stadium,pittsburgh_steelers,Pittsburgh,PA,40.4468,-80.0158,Outdoor,Grass,730,2001
8,Mon,2025-10-27,8:15 PM,washington_commanders,@,kansas_city_chiefs,,,,,,2025,kansas_city_chiefs,GEHA Field at Arrowhead Stadium,kansas_city_chiefs,Kansas City,MO,39.049,-94.4839,Outdoor,Grass,1020,1972
9,Thu,2025-10-30,8:15 PM,baltimore_ravens,@,miami_dolphins,,,,,,2025,miami_dolphins,Hard Rock Stadium,miami_dolphins,Miami Gardens,FL,25.958,-80.238,Outdoor,Grass,7,1987
9,Sun,2025-11-02,1:00 PM,chicago_bears,@,cincinnati_bengals,,,,,,2025,cincinnati_bengals,Paycor Stadium,cincinnati_bengals,Cincinnati,OH,39.0954,-84.516,Outdoor,Turf,482,2000
9,Sun,2025-11-02,1:00 PM,minnesota_vikings,@,detroit_lions,,,,,,2025,detroit_lions,Ford Field,detroit_lions,Detroit,MI,42.34,-83.0456,Indoor,Turf,600,2002
9,Sun,2025-11-02,1:00 PM,carolina_panthers,@,green_bay_packers,,,,,,2025,green_bay_packers,Lambeau Field,green_bay_packers,Green Bay,WI,44.5013,-88.0622,Outdoor,Grass,640,1957
9,Sun,2025-11-02,1:00 PM,denver_broncos,@,houston_texans,,,,,,2025,houston_texans,NRG Stadium,houston_texans,Houston,TX,29.6847,-95.4107,Indoor,Turf,50,2002
9,Sun,2025-11-02,1:00 PM,atlanta_falcons,@,new_england_patriots,,,,,,2025,new_england_patriots,Gillette Stadium,new_england_patriots,Foxborough,MA,42.0909,-71.2643,Outdoor,Turf,289,2002
9,Sun,2025-11-02,1:00 PM,san_francisco_49ers,@,new_york_giants,,,,,,2025,new_york_giants,MetLife Stadium,new_york_giants,East Rutherford,NJ,40.8136,-74.0744,Outdoor,Turf,3,2010
9,Sun,2025-11-02,1:00 PM,los_angeles_chargers,@,tennessee_titans,,,,,,2025,tennessee_titans,Nissan Stadium,tennessee_titans,Nashville,TN,36.1665,-86.7713,Outdoor,Grass,476,1999
9,Sun,2025-11-02,1:00 PM,indianapolis_colts,@,pittsburgh_steelers,,,,,,2025,pittsburgh_steelers,Acrisure Stadium,pittsburgh_steelers,Pittsburgh,PA,40.4468,-80.0158,Outdoor,Grass,730,2001
9,Sun,2025-11-02,4:05 PM,jacksonville_jaguars,@,las_vegas_raiders,,,,,,2025,las_vegas_raiders,Allegiant Stadium,las_vegas_raiders,Las Vegas,NV,36.0908,-115.183,Indoor,Turf,2001,2020
9,Sun,2025-11-02,4:05 PM,new_orleans_saints,@,los_angeles_rams,,,,,,2025,los_angeles_rams,SoFi Stadium,los_angeles_rams,Inglewood,CA,33.9535,-118.3392,Outdoor,Turf,100,2020
9,Sun,2025-11-02,4:25 PM,kansas_city_chiefs,@,buffalo_bills,,,,,,2025,buffalo_bills,Highmark Stadium,buffalo_bills,Orchard Park,NY,42.7738,-78.7868,Outdoor,Grass,600,1973
9,Sun,2025-11-02,8:20 PM,seattle_seahawks,@,washington_commanders,,,,,,2025,washington_commanders,FedExField,washington_commanders,Landover,MD,38.9078,-76.8645,Outdoor,Grass,300,1997
9,Mon,2025-11-03,8:15 PM,arizona_cardinals,@,dallas_cowboys,,,,,,2025,dallas_cowboys,AT&T Stadium,dallas_cowboys,Arlington,TX,32.7473,-97.0945,Indoor,Turf,639,2009
10,Thu,2025-11-06,8:15 PM,las_vegas_raiders,@,denver_broncos,,,,,,2025,denver_broncos,Empower Field at Mile High,denver_broncos,Denver,CO,39.7439,-105.0201,Outdoor,Turf,5280,2001
10,Sun,2025-11-09,9:30 AM,atlanta_falcons,@,indianapolis_colts,,,,,,2025,indianapolis_colts,Lucas Oil Stadium,indianapolis_colts,Indianapolis,IN,39.7601,-86.1639,Indoor,Turf,700,2008
10,Sun,2025-11-09,1:00 PM,new_orleans_saints,@,carolina_panthers,,,,,,2025,carolina_panthers,Bank of America Stadium,carolina_panthers,Charlotte,NC,35.2258,-80.8528,Outdoor,Grass,748,1996
10,Sun,2025-11-09,1:00 PM,new_york_giants,@,chicago_bears,,,,,,2025,chicago_bears,Soldier Field,chicago_bears,Chicago,IL,41.8623,-87.6167,Outdoor,Grass,595,1924
10,Sun,2025-11-09,1:00 PM,jacksonville_jaguars,@,houston_texans,,,,,,2025,houston_texans,NRG Stadium,houston_texans,Houston,TX,29.6847,-95.4107,Indoor,Turf,50,2002
10,Sun,2025-11-09,1:00 PM,buffalo_bills,@,miami_dolphins,,,,,,2025,miami_dolphins,Hard Rock Stadium,miami_dolphins,Miami Gardens,FL,25.958,-80.238,Outdoor,Grass,7,1987
10,Sun,2025-11-09,1:00 PM,baltimore_ravens,@,minnesota_vikings,,,,,,2025,minnesota_vikings,U.S. Bank Stadium,minnesota_vikings,Minneapolis,MN,44.974,-93.2581,Indoor,Turf,840,2016
10,Sun,2025-11-09,1:00 PM,cleveland_browns,@,new_york_jets,,,,,,2025,new_york_jets,MetLife Stadium,new_york_jets,East Rutherford,NJ,40.8136,-74.0744,Outdoor,Turf,3,2010
10,Sun,2025-11-09,1:00 PM,new_england_patriots,@,tampa_bay_buccaneers,,,,,,2025,tampa_bay_buccaneers,Raymond James Stadium,tampa_bay_buccaneers,Tampa,FL,27.9759,-82.5033,Outdoor,Grass,26,1998
10,Sun,2025-11-09,4:05 PM,arizona_cardinals,@,seattle_seahawks,,,,,,2025,seattle_seahawks,Lumen Field,seattle_seahawks,Seattle,WA,47.5952,-122.3316,Outdoor,Turf,20,2002
10,Sun,2025-11-09,4:25 PM,los_angeles_rams,@,san_francisco_49ers,,,,,,2025,san_francisco_49ers,Levi's Stadium,san_francisco_49ers,Santa Clara,CA,37.403,-121.9692,Outdoor,Grass,13,2014
10,Sun,2025-11-09,4:25 PM,detroit_lions,@,washington_commanders,,,,,,2025,washington_commanders,FedExField,washington_commanders,Landover,MD,38.9078,-76.8645,Outdoor,Grass,300,1997
10,Sun,2025-11-09,8:20 PM,pittsburgh_steelers,@,los_angeles_chargers,,,,,,2025,los_angeles_chargers,SoFi Stadium,los_angeles_chargers,Inglewood,CA,33.9535,-118.3392,Outdoor,Turf,100,2020
10,Mon,2025-11-10,8:15 PM,philadelphia_eagles,@,green_bay_packers,,,,,,2025,green_bay_packers,Lambeau Field,green_bay_packers,Green Bay,WI,44.5013,-88.0622,Outdoor,Grass,640,1957
11,Thu,2025-11-13,8:15 PM,new_york_jets,@,new_england_patriots,,,,,,2025,new_england_patriots,Gillette Stadium,new_england_patriots,Foxborough,MA,42.0909,-71.2643,Outdoor,Turf,289,2002
11,Sun,2025-11-16,9:30 AM,washington_commanders,@,miami_dolphins,,,,,,2025,miami_dolphins,Hard Rock Stadium,miami_dolphins,Miami Gardens,FL,25.958,-80.238,Outdoor,Grass,7,1987
11,Sun,2025-11-16,1:00 PM,carolina_panthers,@,atlanta_falcons,,,,,,2025,atlanta_falcons,Mercedes-Benz Stadium,atlanta_falcons,Atlanta,GA,33.755,-84.4008,Indoor,Turf,1050,2017
11,Sun,2025-11-16,1:00 PM,tampa_bay_buccaneers,@,buffalo_bills,,,,,,2025,buffalo_bills,Highmark Stadium,buffalo_bills,Orchard Park,NY,42.7738,-78.7868,Outdoor,Grass,600,1973
11,Sun,2025-11-16,1:00 PM,los_angeles_chargers,@,jacksonville_jaguars,,,,,,2025,jacksonville_jaguars,TIAA Bank Field,jacksonville_jaguars,Jacksonville,FL,30.3239,-81.6373,Outdoor,Grass,16,1995
11,Sun,2025-11-16,1:00 PM,chicago_bears,@,minnesota_vikings,,,,,,2025,minnesota_vikings,U.S. Bank Stadium,minnesota_vikings,Minneapolis,MN,44.974,-93.2581,Indoor,Turf,840,2016
11,Sun,2025-11-16,1:00 PM,green_bay_packers,@,new_york_giants,,,,,,2025,new_york_giants,MetLife Stadium,new_york_giants,East Rutherford,NJ,40.8136,-74.0744,Outdoor,Turf,3,2010
11,Sun,2025-11-16,1:00 PM,houston_texans,@,tennessee_titans,,,,,,2025,tennessee_titans,Nissan Stadium,tennessee_titans,Nashville,TN,36.1665,-86.7713,Outdoor,Grass,476,1999
11,Sun,2025-11-16,1:00 PM,cincinnati_bengals,@,pittsburgh_steelers,,,,,,2025,pittsburgh_steelers,Acrisure Stadium,pittsburgh_steelers,Pittsburgh,PA,40.4468,-80.0158,Outdoor,Grass,730,2001
11,Sun,2025-11-16,4:05 PM,san_francisco_49ers,@,arizona_cardinals,,,,,,2025,arizona_cardinals,State Farm Stadium,arizona_cardinals,Glendale,AZ,33.5275,-112.2625,Indoor,Turf,1070,2006
11,Sun,2025-11-16,4:05 PM,seattle_seahawks,@,los_angeles_rams,,,,,,2025,los_angeles_rams,SoFi Stadium,los_angeles_rams,Inglewood,CA,33.9535,-118.3392,Outdoor,Turf,100,2020
11,Sun,2025-11-16,4:25 PM,baltimore_ravens,@,cleveland_browns,,,,,,2025,cleveland_browns,FirstEnergy Stadium,cleveland_browns,Cleveland,OH,41.5061,-81.6995,Outdoor,Grass,577,1999
11,Sun,2025-11-16,4:25 PM,kansas_city_chiefs,@,denver_broncos,,,,,,2025,denver_broncos,Empower Field at Mile High,denver_broncos,Denver,CO,39.7439,-105.0201,Outdoor,Turf,5280,2001
11,Sun,2025-11-16,8:20 PM,detroit_lions,@,philadelphia_eagles,,,,,,2025,philadelphia_eagles,Lincoln Financial Field,philadelphia_eagles,Philadelphia,PA,39.9008,-75.1675,Outdoor,Grass,30,2003
11,Mon,2025-11-17,8:15 PM,dallas_cowboys,@,las_vegas_raiders,,,,,,2025,las_vegas_raiders,Allegiant Stadium,las_vegas_raiders,Las Vegas,NV,36.0908,-115.183,Indoor,Turf,2001,2020
12,Thu,2025-11-20,8:15 PM,buffalo_bills,@,houston_texans,,,,,,2025,houston_texans,NRG Stadium,houston_texans,Houston,TX,29.6847,-95.4107,Indoor,Turf,50,2002
12,Sun,2025-11-23,1:00 PM,pittsburgh_steelers,@,chicago_bears,,,,,,2025,chicago_bears,Soldier Field,chicago_bears,Chicago,IL,41.8623,-87.6167,Outdoor,Grass,595,1924
12,Sun,2025-11-23,1:00 PM,new_england_patriots,@,cincinnati_bengals,,,,,,2025,cincinnati_bengals,Paycor Stadium,cincinnati_bengals,Cincinnati,OH,39.0954,-84.516,Outdoor,Turf,482,2000
12,Sun,2025-11-23,1:00 PM,new_york_giants,@,detroit_lions,,,,,,2025,detroit_lions,Ford Field,detroit_lions,Detroit,MI,42.34,-83.0456,Indoor,Turf,600,2002
12,Sun,2025-11-23,1:00 PM,minnesota_vikings,@,green_bay_packers,,,,,,2025,green_bay_packers,Lambeau Field,green_bay_packers,Green Bay,WI,44.5013,-88.0622,Outdoor,Grass,640,1957
12,Sun,2025-11-23,1:00 PM,indianapolis_colts,@,kansas_city_chiefs,,,,,,2025,kansas_city_chiefs,GEHA Field at Arrowhead Stadium,kansas_city_chiefs,Kansas City,MO,39.049,-94.4839,Outdoor,Grass,1020,1972
12,Sun,2025-11-23,1:00 PM,seattle_seahawks,@,tennessee_titans,,,,,,2025,tennessee_titans,Nissan Stadium,tennessee_titans,Nashville,TN,36.1665,-86.7713,Outdoor,Grass,476,1999
12,Sun,2025-11-23,1:00 PM,new_york_jets,@,baltimore_ravens,,,,,,2025,baltimore_ravens,M&T Bank Stadium,baltimore_ravens,Baltimore,MD,39.2779,-76.6227,Outdoor,Grass,10,1998
12,Sun,2025-11-23,4:05 PM,jacksonville_jaguars,@,arizona_cardinals,,,,,,2025,arizona_cardinals,State Farm Stadium,arizona_cardinals,Glendale,AZ,33.5275,-112.2625,Indoor,Turf,1070,2006
12,Sun,2025-11-23,4:05 PM,cleveland_browns,@,las_vegas_raiders,,,,,,2025,las_vegas_raiders,Allegiant Stadium,las_vegas_raiders,Las Vegas,NV,36.0908,-115.183,Indoor,Turf,2001,2020
12,Sun,2025-11-23,4:25 PM,philadelphia_eagles,@,dallas_cowboys,,,,,,2025,dallas_cowboys,AT&T Stadium,dallas_cowboys,Arlington,TX,32.7473,-97.0945,Indoor,Turf,639,2009
12,Sun,2025-11-23,4:25 PM,atlanta_falcons,@,new_orleans_saints,,,,,,2025,new_orleans_saints,Caesars Superdome,new_orleans_saints,New Orleans,LA,29.9509,-90.0815,Indoor,Turf,3,1975
12,Sun,2025-11-23,8:20 PM,tampa_bay_buccaneers,@,los_angeles_rams,,,,,,2025,los_angeles_rams,SoFi Stadium,los_angeles_rams,Inglewood,CA,33.9535,-118.3392,Outdoor,Turf,100,2020
12,Mon,2025-11-24,8:15 PM,carolina_panthers,@,san_francisco_49ers,,,,,,2025,san_francisco_49ers,Levi's Stadium,san_francisco_49ers,Santa Clara,CA,37.403,-121.9692,Outdoor,Grass,13,2014
13,Thu,2025-11-27,1:00 PM,green_bay_packers,@,detroit_lions,,,,,,2025,detroit_lions,Ford Field,detroit_lions,Detroit,MI,42.34,-83.0456,Indoor,Turf,600,2002
13,Thu,2025-11-27,4:30 PM,kansas_city_chiefs,@,dallas_cowboys,,,,,,2025,dallas_cowboys,AT&T Stadium,dallas_cowboys,Arlington,TX,32.7473,-97.0945,Indoor,Turf,639,2009
13,Thu,2025-11-27,8:20 PM,cincinnati_bengals,@,baltimore_ravens,,,,,,2025,baltimore_ravens,M&T Bank Stadium,baltimore_ravens,Baltimore,MD,39.2779,-76.6227,Outdoor,Grass,10,1998
13,Fri,2025-11-28,3:00 PM,chicago_bears,@,philadelphia_eagles,,,,,,2025,philadelphia_eagles,Lincoln Financial Field,philadelphia_eagles,Philadelphia,PA,39.9008,-75.1675,Outdoor,Grass,30,2003
13,Sun,2025-11-30,1:00 PM,los_angeles_rams,@,carolina_panthers,,,,,,2025,carolina_panthers,Bank of America Stadium,carolina_panthers,Charlotte,NC,35.2258,-80.8528,Outdoor,Grass,748,1996
13,Sun,2025-11-30,1:00 PM,san_francisco_49ers,@,cleveland_browns,,,,,,2025,cleveland_browns,FirstEnergy Stadium,cleveland_browns,Cleveland,OH,41.5061,-81.6995,Outdoor,Grass,577,1999
13,Sun,2025-11-30,1:00 PM,houston_texans,@,indianapolis_colts,,,,,,2025,indianapolis_colts,Lucas Oil Stadium,indianapolis_colts,Indianapolis,IN,39.7601,-86.1639,Indoor,Turf,700,2008
13,Sun,2025-11-30,1:00 PM,new_orleans_saints,@,miami_dolphins,,,,,,2025,miami_dolphins,Hard Rock Stadium,miami_dolphins,Miami Gardens,FL,25.958,-80.238,Outdoor,Grass,7,1987
13,Sun,2025-11-30,1:00 PM,atlanta_falcons,@,new_york_jets,,,,,,2025,new_york_jets,MetLife Stadium,new_york_jets,East Rutherford,NJ,40.8136,-74.0744,Outdoor,Turf,3,2010
13,Sun,2025-11-30,1:00 PM,jacksonville_jaguars,@,tennessee_titans,,,,,,2025,tennessee_titans,Nissan Stadium,tennessee_titans,Nashville,TN,36.1665,-86.7713,Outdoor,Grass,476,1999
13,Sun,2025-11-30,1:00 PM,arizona_cardinals,@,tampa_bay_buccaneers,,,,,,2025,tampa_bay_buccaneers,Raymond James Stadium,tampa_bay_buccaneers,Tampa,FL,27.9759,-82.5033,Outdoor,Grass,26,1998
13,Sun,2025-11-30,4:05 PM,minnesota_vikings,@,seattle_seahawks,,,,,,2025,seattle_seahawks,Lumen Field,seattle_seahawks,Seattle,WA,47.5952,-122.3316,Outdoor,Turf,20,2002
13,Sun,2025-11-30,4:25 PM,buffalo_bills,@,pittsburgh_steelers,,,,,,2025,pittsburgh_steelers,Acrisure Stadium,pittsburgh_steelers,Pittsburgh,PA,40.4468,-80.0158,Outdoor,Grass,730,2001
13,Sun,2025-11-30,4:25 PM,las_vegas_raiders,@,los_angeles_chargers,,,,,,2025,los_angeles_chargers,SoFi Stadium,los_angeles_chargers,Inglewood,CA,33.9535,-118.3392,Outdoor,Turf,100,2020
13,Sun,2025-11-30,8:20 PM,denver_broncos,@,washington_commanders,,,,,,2025,washington_commanders,FedExField,washington_commanders,Landover,MD,38.9078,-76.8645,Outdoor,Grass,300,1997
13,Mon,2025-12-01,8:15 PM,new_york_giants,@,new_england_patriots,,,,,,2025,new_england_patriots,Gillette Stadium,new_england_patriots,Foxborough,MA,42.0909,-71.2643,Outdoor,Turf,289,2002
14,Thu,2025-12-04,8:15 PM,dallas_cowboys,@,detroit_lions,,,,,,2025,detroit_lions,Ford Field,detroit_lions,Detroit,MI,42.34,-83.0456,Indoor,Turf,600,2002
14,Sun,2025-12-07,1:00 PM,seattle_seahawks,@,atlanta_falcons,,,,,,2025,atlanta_falcons,Mercedes-Benz Stadium,atlanta_falcons,Atlanta,GA,33.755,-84.4008,Indoor,Turf,1050,2017
14,Sun,2025-12-07,1:00 PM,tennessee_titans,@,cleveland_browns,,,,,,2025,cleveland_browns,FirstEnergy Stadium,cleveland_browns,Cleveland,OH,41.5061,-81.6995,Outdoor,Grass,577,1999
14,Sun,2025-12-07,1:00 PM,chicago_bears,@,green_bay_packers,,,,,,2025,green_bay_packers,Lambeau Field,green_bay_packers,Green Bay,WI,44.5013,-88.0622,Outdoor,Grass,640,1957
14,Sun,2025-12-07,1:00 PM,indianapolis_colts,@,jacksonville_jaguars,,,,,,2025,jacksonville_jaguars,TIAA Bank Field,jacksonville_jaguars,Jacksonville,FL,30.3239,-81.6373,Outdoor,Grass,16,1995
14,Sun,2025-12-07,1:00 PM,washington_commanders,@,minnesota_vikings,,,,,,2025,minnesota_vikings,U.S. Bank Stadium,minnesota_vikings,Minneapolis,MN,44.974,-93.2581,Indoor,Turf,840,2016
14,Sun,2025-12-07,1:00 PM,miami_dolphins,@,new_york_jets,,,,,,2025,new_york_jets,MetLife Stadium,new_york_jets,East Rutherford,NJ,40.8136,-74.0744,Outdoor,Turf,3,2010
14,Sun,2025-12-07,1:00 PM,pittsburgh_steelers,@,baltimore_ravens,,,,,,2025,baltimore_ravens,M&T Bank Stadium,baltimore_ravens,Baltimore,MD,39.2779,-76.6227,Outdoor,Grass,10,1998
14,Sun,2025-12-07,1:00 PM,new_orleans_saints,@,tampa_bay_buccaneers,,,,,,2025,tampa_bay_buccaneers,Raymond James Stadium,tampa_bay_buccaneers,Tampa,FL,27.9759,-82.5033,Outdoor,Grass,26,1998
14,Sun,2025-12-07,4:05 PM,denver_broncos,@,las_vegas_raiders,,,,,,2025,las_vegas_raiders,Allegiant Stadium,las_vegas_raiders,Las Vegas,NV,36.0908,-115.183,Indoor,Turf,2001,2020
14,Sun,2025-12-07,4:25 PM,cincinnati_bengals,@,buffalo_bills,,,,,,2025,buffalo_bills,Highmark Stadium,buffalo_bills,Orchard Park,NY,42.7738,-78.7868,Outdoor,Grass,600,1973
14,Sun,2025-12-07,4:25 PM,los_angeles_rams,@,arizona_cardinals,,,,,,2025,arizona_cardinals,State Farm Stadium,arizona_cardinals,Glendale,AZ,33.5275,-112.2625,Indoor,Turf,1070,2006
14,Sun,2025-12-07,8:20 PM,houston_texans,@,kansas_city_chiefs,,,,,,2025,kansas_city_chiefs,GEHA Field at Arrowhead Stadium,kansas_city_chiefs,Kansas City,MO,39.049,-94.4839,Outdoor,Grass,1020,1972
14,Mon,2025-12-08,8:15 PM,philadelphia_eagles,@,los_angeles_chargers,,,,,,2025,los_angeles_chargers,SoFi Stadium,los_angeles_chargers,Inglewood,CA,33.9535,-118.3392,Outdoor,Turf,100,2020
15,Thu,2025-12-11,8:15 PM,atlanta_falcons,@,tampa_bay_buccaneers,,,,,,2025,tampa_bay_buccaneers,Raymond James Stadium,tampa_bay_buccaneers,Tampa,FL,27.9759,-82.5033,Outdoor,Grass,26,1998
15,Sun,2025-12-14,1:00 PM,cleveland_browns,@,chicago_bears,,,,,,2025,chicago_bears,Soldier Field,chicago_bears,Chicago,IL,41.8623,-87.6167,Outdoor,Grass,595,1924
15,Sun,2025-12-14,1:00 PM,baltimore_ravens,@,cincinnati_bengals,,,,,,2025,cincinnati_bengals,Paycor Stadium,cincinnati_bengals,Cincinnati,OH,39.0954,-84.516,Outdoor,Turf,482,2000
15,Sun,2025-12-14,1:00 PM,arizona_cardinals,@,houston_texans,,,,,,2025,houston_texans,NRG Stadium,houston_texans,Houston,TX,29.6847,-95.4107,Indoor,Turf,50,2002
15,Sun,2025-12-14,1:00 PM,new_york_jets,@,jacksonville_jaguars,,,,,,2025,jacksonville_jaguars,TIAA Bank Field,jacksonville_jaguars,Jacksonville,FL,30.3239,-81.6373,Outdoor,Grass,16,1995
15,Sun,2025-12-14,1:00 PM,los_angeles_chargers,@,kansas_city_chiefs,,,,,,2025,kansas_city_chiefs,GEHA Field at Arrowhead Stadium,kansas_city_chiefs,Kansas City,MO,39.049,-94.4839,Outdoor,Grass,1020,1972
15,Sun,2025-12-14,1:00 PM,buffalo_bills,@,new_england_patriots,,,,,,2025,new_england_patriots,Gillette Stadium,new_england_patriots,Foxborough,MA,42.0909,-71.2643,Outdoor,Turf,289,2002
15,Sun,2025-12-14,1:00 PM,washington_commanders,@,new_york_giants,,,,,,2025,new_york_giants,MetLife Stadium,new_york_giants,East Rutherford,NJ,40.8136,-74.0744,Outdoor,Turf,3,2010
15,Sun,2025-12-14,1:00 PM,las_vegas_raiders,@,philadelphia_eagles,,,,,,2025,philadelphia_eagles,Lincoln Financial Field,philadelphia_eagles,Philadelphia,PA,39.9008,-75.1675,Outdoor,Grass,30,2003
15,Sun,2025-12-14,4:25 PM,green_bay_packers,@,denver_broncos,,,,,,2025,denver_broncos,Empower Field at Mile High,denver_broncos,Denver,CO,39.7439,-105.0201,Outdoor,Turf,5280,2001
15,Sun,2025-12-14,4:25 PM,carolina_panthers,@,new_orleans_saints,,,,,,2025,new_orleans_saints,Caesars Superdome,new_orleans_saints,New Orleans,LA,29.9509,-90.0815,Indoor,Turf,3,1975
15,Sun,2025-12-14,4:25 PM,detroit_lions,@,los_angeles_rams,,,,,,2025,los_angeles_rams,SoFi Stadium,los_angeles_rams,Inglewood,CA,33.9535,-118.3392,Outdoor,Turf,100,2020
15,Sun,2025-12-14,4:25 PM,indianapolis_colts,@,seattle_seahawks,,,,,,2025,seattle_seahawks,Lumen Field,seattle_seahawks,Seattle,WA,47.5952,-122.3316,Outdoor,Turf,20,2002
15,Sun,2025-12-14,4:25 PM,tennessee_titans,@,san_francisco_49ers,,,,,,2025,san_francisco_49ers,Levi's Stadium,san_francisco_49ers,Santa Clara,CA,37.403,-121.9692,Outdoor,Grass,13,2014
15,Sun,2025-12-14,8:20 PM,minnesota_vikings,@,dallas_cowboys,,,,,,2025,dallas_cowboys,AT&T Stadium,dallas_cowboys,Arlington,TX,32.7473,-97.0945,Indoor,Turf,639,2009
15,Mon,2025-12-15,8:15 PM,miami_dolphins,@,pittsburgh_steelers,,,,,,2025,pittsburgh_steelers,Acrisure Stadium,pittsburgh_steelers,Pittsburgh,PA,40.4468,-80.0158,Outdoor,Grass,730,2001
16,Thu,2025-12-18,8:15 PM,los_angeles_rams,@,seattle_seahawks,,,,,,2025,seattle_seahawks,Lumen Field,seattle_seahawks,Seattle,WA,47.5952,-122.3316,Outdoor,Turf,20,2002
16,Sat,2025-12-20,1:00 PM,green_bay_packers,@,chicago_bears,,,,,,2025,chicago_bears,Soldier Field,chicago_bears,Chicago,IL,41.8623,-87.6167,Outdoor,Grass,595,1924
16,Sat,2025-12-20,1:00 PM,philadelphia_eagles,@,washington_commanders,,,,,,2025,washington_commanders,FedExField,washington_commanders,Landover,MD,38.9078,-76.8645,Outdoor,Grass,300,1997
16,Sun,2025-12-21,1:00 PM,tampa_bay_buccaneers,@,carolina_panthers,,,,,,2025,carolina_panthers,Bank of America Stadium,carolina_panthers,Charlotte,NC,35.2258,-80.8528,Outdoor,Grass,748,1996
16,Sun,2025-12-21,1:00 PM,buffalo_bills,@,cleveland_browns,,,,,,2025,cleveland_browns,FirstEnergy Stadium,cleveland_browns,Cleveland,OH,41.5061,-81.6995,Outdoor,Grass,577,1999
16,Sun,2025-12-21,1:00 PM,los_angeles_chargers,@,dallas_cowboys,,,,,,2025,dallas_cowboys,AT&T Stadium,dallas_cowboys,Arlington,TX,32.7473,-97.0945,Indoor,Turf,639,2009
16,Sun,2025-12-21,1:00 PM,new_york_jets,@,new_orleans_saints,,,,,,2025,new_orleans_saints,Caesars Superdome,new_orleans_saints,New Orleans,LA,29.9509,-90.0815,Indoor,Turf,3,1975
16,Sun,2025-12-21,1:00 PM,minnesota_vikings,@,new_york_giants,,,,,,2025,new_york_giants,MetLife Stadium,new_york_giants,East Rutherford,NJ,40.8136,-74.0744,Outdoor,Turf,3,2010
16,Sun,2025-12-21,1:00 PM,kansas_city_chiefs,@,tennessee_titans,,,,,,2025,tennessee_titans,Nissan Stadium,tennessee_titans,Nashville,TN,36.1665,-86.7713,Outdoor,Grass,476,1999
16,Sun,2025-12-21,1:00 PM,new_england_patriots,@,baltimore_ravens,,,,,,2025,baltimore_ravens,M&T Bank Stadium,baltimore_ravens,Baltimore,MD,39.2779,-76.6227,Outdoor,Grass,10,1998
16,Sun,2025-12-21,4:05 PM,atlanta_falcons,@,arizona_cardinals,,,,,,2025,arizona_cardinals,State Farm Stadium,arizona_cardinals,Glendale,AZ,33.5275,-112.2625,Indoor,Turf,1070,2006
16,Sun,2025-12-21,4:05 PM,jacksonville_jaguars,@,denver_broncos,,,,,,2025,denver_broncos,Empower Field at Mile High,denver_broncos,Denver,CO,39.7439,-105.0201,Outdoor,Turf,5280,2001
16,Sun,2025-12-21,4:25 PM,pittsburgh_steelers,@,detroit_lions,,,,,,2025,detroit_lions,Ford Field,detroit_lions,Detroit,MI,42.34,-83.0456,Indoor,Turf,600,2002
16,Sun,2025-12-21,4:25 PM,las_vegas_raiders,@,houston_texans,,,,,,2025,houston_texans,NRG Stadium,houston_texans,Houston,TX,29.6847,-95.4107,Indoor,Turf,50,2002
16,Sun,2025-12-21,8:20 PM,cincinnati_bengals,@,miami_dolphins,,,,,,2025,miami_dolphins,Hard Rock Stadium,miami_dolphins,Miami Gardens,FL,25.958,-80.238,Outdoor,Grass,7,1987
16,Mon,2025-12-22,8:15 PM,san_francisco_49ers,@,indianapolis_colts,,,,,,2025,indianapolis_colts,Lucas Oil Stadium,indianapolis_colts,Indianapolis,IN,39.7601,-86.1639,Indoor,Turf,700,2008
17,Thu,2025-12-25,1:00 PM,dallas_cowboys,@,washington_commanders,,,,,,2025,washington_commanders,FedExField,washington_commanders,Landover,MD,38.9078,-76.8645,Outdoor,Grass,300,1997
17,Thu,2025-12-25,4:30 PM,detroit_lions,@,minnesota_vikings,,,,,,2025,minnesota_vikings,U.S. Bank Stadium,minnesota_vikings,Minneapolis,MN,44.974,-93.2581,Indoor,Turf,840,2016
17,Thu,2025-12-25,8:15 PM,denver_broncos,@,kansas_city_chiefs,,,,,,2025,kansas_city_chiefs,GEHA Field at Arrowhead Stadium,kansas_city_chiefs,Kansas City,MO,39.049,-94.4839,Outdoor,Grass,1020,1972
17,Sun,2025-12-28,1:00 PM,seattle_seahawks,@,carolina_panthers,,,,,,2025,carolina_panthers,Bank of America Stadium,carolina_panthers,Charlotte,NC,35.2258,-80.8528,Outdoor,Grass,748,1996
17,Sun,2025-12-28,1:00 PM,arizona_cardinals,@,cincinnati_bengals,,,,,,2025,cincinnati_bengals,Paycor Stadium,cincinnati_bengals,Cincinnati,OH,39.0954,-84.516,Outdoor,Turf,482,2000
17,Sun,2025-12-28,1:00 PM,pittsburgh_steelers,@,cleveland_browns,,,,,,2025,cleveland_browns,FirstEnergy Stadium,cleveland_browns,Cleveland,OH,41.5061,-81.6995,Outdoor,Grass,577,1999
17,Sun,2025-12-28,1:00 PM,jacksonville_jaguars,@,indianapolis_colts,,,,,,2025,indianapolis_colts,Lucas Oil Stadium,indianapolis_colts,Indianapolis,IN,39.7601,-86.1639,Indoor,Turf,700,2008
17,Sun,2025-12-28,1:00 PM,baltimore_ravens,@,green_bay_packers,,,,,,2025,green_bay_packers,Lambeau Field,green_bay_packers,Green Bay,WI,44.5013,-88.0622,Outdoor,Grass,640,1957
17,Sun,2025-12-28,1:00 PM,tampa_bay_buccaneers,@,miami_dolphins,,,,,,2025,miami_dolphins,Hard Rock Stadium,miami_dolphins,Miami Gardens,FL,25.958,-80.238,Outdoor,Grass,7,1987
17,Sun,2025-12-28,1:00 PM,new_england_patriots,@,new_york_jets,,,,,,2025,new_york_jets,MetLife Stadium,new_york_jets,East Rutherford,NJ,40.8136,-74.0744,Outdoor,Turf,3,2010
17,Sun,2025-12-28,1:00 PM,new_orleans_saints,@,tennessee_titans,,,,,,2025,tennessee_titans,Nissan Stadium,tennessee_titans,Nashville,TN,36.1665,-86.7713,Outdoor,Grass,476,1999
17,Sun,2025-12-28,1:00 PM,new_york_giants,@,las_vegas_raiders,,,,,,2025,las_vegas_raiders,Allegiant Stadium,las_vegas_raiders,Las Vegas,NV,36.0908,-115.183,Indoor,Turf,2001,2020
17,Sun,2025-12-28,1:00 PM,houston_texans,@,los_angeles_chargers,,,,,,2025,los_angeles_chargers,SoFi Stadium,los_angeles_chargers,Inglewood,CA,33.9535,-118.3392,Outdoor,Turf,100,2020
17,Sun,2025-12-28,4:25 PM,philadelphia_eagles,@,buffalo_bills,,,,,,2025,buffalo_bills,Highmark Stadium,buffalo_bills,Orchard Park,NY,42.7738,-78.7868,Outdoor,Grass,600,1973
17,Sun,2025-12-28,8:20 PM,chicago_bears,@,san_francisco_49ers,,,,,,2025,san_francisco_49ers,Levi's Stadium,san_francisco_49ers,Santa Clara,CA,37.403,-121.9692,Outdoor,Grass,13,2014
17,Mon,2025-12-29,8:15 PM,los_angeles_rams,@,atlanta_falcons,,,,,,2025,atlanta_falcons,Mercedes-Benz Stadium,atlanta_falcons,Atlanta,GA,33.755,-84.4008,Indoor,Turf,1050,2017
18,Sun,2026-01-04,1:00 PM,new_orleans_saints,@,atlanta_falcons,,,,,,2026,atlanta_falcons,Mercedes-Benz Stadium,atlanta_falcons,Atlanta,GA,33.755,-84.4008,Indoor,Turf,1050,2017
18,Sun,2026-01-04,1:00 PM,new_york_jets,@,buffalo_bills,,,,,,2026,buffalo_bills,Highmark Stadium,buffalo_bills,Orchard Park,NY,42.7738,-78.7868,Outdoor,Grass,600,1973
18,Sun,2026-01-04,1:00 PM,detroit_lions,@,chicago_bears,,,,,,2026,chicago_bears,Soldier Field,chicago_bears,Chicago,IL,41.8623,-87.6167,Outdoor,Grass,595,1924
18,Sun,2026-01-04,1:00 PM,cleveland_browns,@,cincinnati_bengals,,,,,,2026,cincinnati_bengals,Paycor Stadium,cincinnati_bengals,Cincinnati,OH,39.0954,-84.516,Outdoor,Turf,482,2000
18,Sun,2026-01-04,1:00 PM,los_angeles_chargers,@,denver_broncos,,,,,,2026,denver_broncos,Empower Field at Mile High,denver_broncos,Denver,CO,39.7439,-105.0201,Outdoor,Turf,5280,2001
18,Sun,2026-01-04,1:00 PM,indianapolis_colts,@,houston_texans,,,,,,2026,houston_texans,NRG Stadium,houston_texans,Houston,TX,29.6847,-95.4107,Indoor,Turf,50,2002
18,Sun,2026-01-04,1:00 PM,tennessee_titans,@,jacksonville_jaguars,,,,,,2026,jacksonville_jaguars,TIAA Bank Field,jacksonville_jaguars,Jacksonville,FL,30.3239,-81.6373,Outdoor,Grass,16,1995
18,Sun,2026-01-04,1:00 PM,green_bay_packers,@,minnesota_vikings,,,,,,2026,minnesota_vikings,U.S. Bank Stadium,minnesota_vikings,Minneapolis,MN,44.974,-93.2581,Indoor,Turf,840,2016
18,Sun,2026-01-04,1:00 PM,miami_dolphins,@,new_england_patriots,,,,,,2026,new_england_patriots,Gillette Stadium,new_england_patriots,Foxborough,MA,42.0909,-71.2643,Outdoor,Turf,289,2002
18,Sun,2026-01-04,1:00 PM,dallas_cowboys,@,new_york_giants,,,,,,2026,new_york_giants,MetLife Stadium,new_york_giants,East Rutherford,NJ,40.8136,-74.0744,Outdoor,Turf,3,2010
18,Sun,2026-01-04,1:00 PM,washington_commanders,@,philadelphia_eagles,,,,,,2026,philadelphia_eagles,Lincoln Financial Field,philadelphia_eagles,Philadelphia,PA,39.9008,-75.1675,Outdoor,Grass,30,2003
18,Sun,2026-01-04,1:00 PM,baltimore_ravens,@,pittsburgh_steelers,,,,,,2026,pittsburgh_steelers,Acrisure Stadium,pittsburgh_steelers,Pittsburgh,PA,40.4468,-80.0158,Outdoor,Grass,730,2001
18,Sun,2026-01-04,1:00 PM,kansas_city_chiefs,@,las_vegas_raiders,,,,,,2026,las_vegas_raiders,Allegiant Stadium,las_vegas_raiders,Las Vegas,NV,36.0908,-115.183,Indoor,Turf,2001,2020
18,Sun,2026-01-04,1:00 PM,arizona_cardinals,@,los_angeles_rams,,,,,,2026,los_angeles_rams,SoFi Stadium,los_angeles_rams,Inglewood,CA,33.9535,-118.3392,Outdoor,Turf,100,2020
18,Sun,2026-01-04,1:00 PM,seattle_seahawks,@,san_francisco_49ers,,,,,,2026,san_francisco_49ers,Levi's Stadium,san_francisco_49ers,Santa Clara,CA,37.403,-121.9692,Outdoor,Grass,13,2014
18,Sun,2026-01-04,1:00 PM,carolina_panthers,@,tampa_bay_buccaneers,,,,,,2026,tampa_bay_buccaneers,Raymond James Stadium,tampa_bay_buccaneers,Tampa,FL,27.9759,-82.5033,Outdoor,Grass,26,1998
