year,week,player_id,player_name,team,position,games_played,fpts,fpts_ppr,fpts_per_game,fpts_ppr_per_game
2024,22,00-0030506,T.Kelce,KC,TE,1,3.9,7.9,3.9,7.9
2024,22,00-0034351,D.Goedert,PHI,TE,1,2.7,4.7,2.7,4.7
2024,22,00-0036637,N.Gray,KC,TE,1,0.2,1.2,0.2,1.2
2024,21,00-0030061,Z.Ertz,WAS,TE,1,10.4,21.4,10.4,21.4
2024,21,00-0034351,D.Goedert,PHI,TE,1,9.8,16.8,9.8,16.8
2024,21,00-0030506,T.Kelce,KC,TE,1,1.9,3.9,1.9,3.9
2024,21,00-0038933,D.Kincaid,BUF,TE,1,1.3,3.3,1.3,3.3
2024,21,00-0039912,B.Sinnott,WAS,TE,1,2.3,3.3,2.3,3.3
2024,21,00-0036628,J.Bates,WAS,TE,1,1.1,3.1,1.1,3.1
2024,21,00-0035689,D.Knox,BUF,TE,1,0.7,1.7,0.7,1.7
2024,20,00-0030506,T.Kelce,KC,TE,1,17.7,24.7,17.7,24.7
2024,20,00-0033110,T.Higbee,LA,TE,1,11.4,18.4,11.4,18.4
2024,20,00-0037838,I.Likely,BAL,TE,1,13.3,17.3,13.3,17.3
2024,20,00-0039065,S.LaPorta,DET,TE,1,11.1,17.1,11.1,17.1
2024,20,00-0030061,Z.Ertz,WAS,TE,1,8.8,13.8,8.8,13.8
2024,20,00-0034753,M.Andrews,BAL,TE,1,6.4,11.4,6.4,11.4
2024,20,00-0034383,D.Schultz,HOU,TE,1,6.3,10.3,6.3,10.3
2024,20,00-0034351,D.Goedert,PHI,TE,1,5.6,9.6,5.6,9.6
2024,20,00-0036244,C.Parkinson,LA,TE,1,6.9,8.9,6.9,8.9
2024,20,00-0036637,N.Gray,KC,TE,1,1.3,4.3,1.3,4.3
2024,20,00-0036628,J.Bates,WAS,TE,1,2.0,3.0,2.0,3.0
2024,20,00-0038933,D.Kincaid,BUF,TE,1,1.1,2.1,1.1,2.1
2024,20,00-0034970,I.Smith,HOU,TE,1,0.2,1.2,0.2,1.2
2024,20,00-0035689,D.Knox,BUF,TE,1,0.0,1.0,0.0,1.0
2024,19,00-0035229,T.Hockenson,MIN,TE,1,12.4,17.4,12.4,17.4
2024,19,00-0034351,D.Goedert,PHI,TE,1,10.7,14.7,10.7,14.7
2024,19,00-0033110,T.Higbee,LA,TE,1,5.8,10.8,5.8,10.8
2024,19,00-0038996,T.Kraft,GB,TE,1,3.6,8.6,3.6,8.6
2024,19,00-0039074,D.Allen,LA,TE,1,7.3,8.3,7.3,8.3
2024,19,00-0037838,I.Likely,BAL,TE,1,5.3,8.3,5.3,8.3
2024,19,00-0038933,D.Kincaid,BUF,TE,1,4.7,7.7,4.7,7.7
2024,19,00-0039359,C.Stover,HOU,TE,1,2.8,6.8,2.8,6.8
2024,19,00-0035689,D.Knox,BUF,TE,1,3.8,5.8,3.8,5.8
2024,19,00-0038129,C.Otton,TB,TE,1,3.2,5.2,3.2,5.2
2024,19,00-0034753,M.Andrews,BAL,TE,1,3.2,5.2,3.2,5.2
2024,19,00-0033246,J.Mundt,MIN,TE,1,2.8,4.8,2.8,4.8
2024,19,00-0036894,P.Freiermuth,PIT,TE,1,1.5,4.5,1.5,4.5
2024,19,00-0030061,Z.Ertz,WAS,TE,1,2.3,4.3,2.3,4.3
2024,19,00-0034383,D.Schultz,HOU,TE,1,2.3,4.3,2.3,4.3
2024,19,00-0034159,W.Dissly,LAC,TE,1,1.6,3.6,1.6,3.6
2024,19,00-0036244,C.Parkinson,LA,TE,1,1.3,3.3,1.3,3.3
2024,19,00-0037654,T.Fisk,LAC,TE,1,1.5,2.5,1.5,2.5
2024,19,00-0037004,H.Long,LA,TE,1,1.3,2.3,1.3,2.3
2024,19,00-0038558,D.Washington,PIT,TE,1,0.9,1.9,0.9,1.9
2024,19,00-0035249,J.Oliver,MIN,TE,1,0.5,1.5,0.5,1.5
2024,19,00-0037086,G.Calcaterra,PHI,TE,1,0.4,1.4,0.4,1.4
2024,19,00-0037539,L.Krull,DEN,TE,1,0.2,1.2,0.2,1.2
2024,19,00-0036422,A.Trautman,DEN,TE,1,0.2,1.2,0.2,1.2
2024,19,00-0036628,J.Bates,WAS,TE,1,0.0,0.0,0.0,0.0
2024,18,00-0036894,P.Freiermuth,PIT,TE,1,14.5,22.5,14.5,22.5
2024,18,00-0033858,J.Smith,MIA,TE,1,11.6,20.6,11.6,20.6
2024,18,00-0037744,T.McBride,ARI,TE,1,12.5,19.5,12.5,19.5
2024,18,00-0034364,J.Akins,CLE,TE,1,12.0,18.0,12.0,18.0
2024,18,00-0035644,N.Fant,SEA,TE,1,12.3,17.3,12.3,17.3
2024,18,00-0033110,T.Higbee,LA,TE,1,10.6,15.6,10.6,15.6
2024,18,00-0030061,Z.Ertz,WAS,TE,1,10.4,15.4,10.4,15.4
2024,18,00-0034753,M.Andrews,BAL,TE,1,11.4,15.4,11.4,15.4
2024,18,00-0034159,W.Dissly,LAC,TE,1,10.2,15.2,10.2,15.2
2024,18,00-0039338,B.Bowers,LV,TE,1,11.0,15.0,11.0,15.0
2024,18,00-0034829,M.Gesicki,CIN,TE,1,6.8,14.8,6.8,14.8
2024,18,00-0039793,A.Barner,SEA,TE,1,9.4,14.4,9.4,14.4
2024,18,00-0036040,J.Johnson,NO,TE,1,8.0,14.0,8.0,14.0
2024,18,00-0039065,S.LaPorta,DET,TE,1,6.3,13.3,6.3,13.3
2024,18,00-0037005,T.Tremble,CAR,TE,1,9.0,11.0,9.0,11.0
2024,18,00-0038935,B.Strange,JAX,TE,1,6.0,10.0,6.0,10.0
2024,18,00-0034270,T.Conklin,NYJ,TE,1,7.6,9.6,7.6,9.6
2024,18,00-0039050,P.Durham,TB,TE,1,7.6,9.6,7.6,9.6
2024,18,00-0034351,D.Goedert,PHI,TE,1,5.5,9.5,5.5,9.5
2024,18,00-0038589,J.Whyle,TEN,TE,1,2.9,7.9,2.9,7.9
2024,18,00-0038498,E.Jenkins,PHI,TE,1,6.7,7.7,6.7,7.7
2024,18,00-0038996,T.Kraft,GB,TE,1,3.6,7.6,3.6,7.6
2024,18,00-0034981,F.Moreau,NO,TE,1,3.1,7.1,3.1,7.1
2024,18,00-0037838,I.Likely,BAL,TE,1,3.8,6.8,3.8,6.8
2024,18,00-0032392,A.Hooper,NE,TE,1,2.7,6.7,2.7,6.7
2024,18,00-0039356,J.Sanders,CAR,TE,1,3.5,6.5,3.5,6.5
2024,18,00-0039066,M.Mayer,LV,TE,1,2.1,6.1,2.1,6.1
2024,18,00-0034383,D.Schultz,HOU,TE,1,2.9,5.9,2.9,5.9
2024,18,00-0033576,E.Saubert,SF,TE,1,1.7,5.7,1.7,5.7
2024,18,00-0039754,D.Culp,TB,TE,1,3.6,5.6,3.6,5.6
2024,18,00-0038783,N.Adkins,DEN,TE,1,2.5,5.5,2.5,5.5
2024,18,00-0035631,D.Sample,CIN,TE,1,1.4,5.4,1.4,5.4
2024,18,00-0036590,Q.Morris,BUF,TE,1,2.0,5.0,2.0,5.0
2024,18,00-0033288,G.Kittle,SF,TE,1,2.7,4.7,2.7,4.7
2024,18,00-0032394,N.Vannett,TEN,TE,1,2.6,4.6,2.6,4.6
2024,18,00-0037569,P.Hendershot,KC,TE,1,2.5,4.5,2.5,4.5
2024,18,00-0036510,K.Yeboah,NYJ,TE,1,2.0,4.0,2.0,4.0
2024,18,00-0038547,L.Schoonmaker,DAL,TE,1,1.6,3.6,1.6,3.6
2024,18,00-0035249,J.Oliver,MIN,TE,1,1.6,3.6,1.6,3.6
2024,18,00-0036970,K.Pitts,ATL,TE,1,1.5,3.5,1.5,3.5
2024,18,00-0038041,J.Ferguson,DAL,TE,1,1.2,3.2,1.2,3.2
2024,18,00-0039613,D.Holker,NO,TE,1,1.1,3.1,1.1,3.1
2024,18,00-0037292,A.Ogletree,IND,TE,1,2.1,3.1,2.1,3.1
2024,18,00-0037086,G.Calcaterra,PHI,TE,1,1.0,3.0,1.0,3.0
2024,18,00-0039420,J.Bell,NE,TE,1,1.9,2.9,1.9,2.9
2024,18,00-0038115,D.Bellinger,NYG,TE,1,0.9,2.9,0.9,2.9
2024,18,00-0035229,T.Hockenson,MIN,TE,1,0.9,2.9,0.9,2.9
2024,18,00-0039144,L.Musgrave,GB,TE,1,1.9,2.9,1.9,2.9
2024,18,00-0031484,C.Manhertz,NYG,TE,1,1.6,2.6,1.6,2.6
2024,18,00-0036290,C.Kmet,CHI,TE,1,0.3,2.3,0.3,2.3
2024,18,00-0036825,F.Franks,CAR,TE,1,1.2,2.2,1.2,2.2
2024,18,00-0034613,T.Hudson,CIN,TE,1,1.1,2.1,1.1,2.1
2024,18,00-0039631,C.Grandy,CIN,TE,1,0.9,1.9,0.9,1.9
2024,18,00-0036876,K.Granson,IND,TE,1,0.7,1.7,0.7,1.7
2024,18,00-0036244,C.Parkinson,LA,TE,1,0.6,1.6,0.6,1.6
2024,18,00-0037805,J.Ruckert,NYJ,TE,1,0.5,1.5,0.5,1.5
2024,18,00-0036887,L.Farrell,JAX,TE,1,0.4,1.4,0.4,1.4
2024,18,00-0038710,B.Whiteheart,CLE,TE,1,0.1,1.1,0.1,1.1
2024,18,00-0036637,N.Gray,KC,TE,1,-0.3,0.7,-0.3,0.7
2024,18,00-0038720,J.Hill,MIA,TE,1,0.0,0.0,0.0,0.0
2024,18,00-0038643,B.Willis,SF,TE,1,0.0,0.0,0.0,0.0
2024,18,00-0034798,D.Smythe,MIA,TE,1,0.0,0.0,0.0,0.0
2024,18,00-0039359,C.Stover,HOU,TE,1,0.0,0.0,0.0,0.0
2024,18,00-0036628,J.Bates,WAS,TE,1,0.0,0.0,0.0,0.0
2024,18,00-0039458,B.Bates,CLE,TE,1,0.0,0.0,0.0,0.0
2024,18,00-0033217,M.Alie-Cox,IND,TE,1,0.0,0.0,0.0,0.0
2024,17,00-0037744,T.McBride,ARI,TE,1,18.3,30.3,18.3,30.3
2024,17,00-0030061,Z.Ertz,WAS,TE,1,19.2,25.2,19.2,25.2
2024,17,00-0030506,T.Kelce,KC,TE,1,14.4,22.4,14.4,22.4
2024,17,00-0034270,T.Conklin,NYJ,TE,1,11.7,19.7,11.7,19.7
2024,17,00-0033288,G.Kittle,SF,TE,1,11.2,19.2,11.2,19.2
2024,17,00-0034829,M.Gesicki,CIN,TE,1,8.6,18.6,8.6,18.6
2024,17,00-0039065,S.LaPorta,DET,TE,1,12.4,18.4,12.4,18.4
2024,17,00-0034753,M.Andrews,BAL,TE,1,12.8,14.8,12.8,14.8
2024,17,00-0039338,B.Bowers,LV,TE,1,7.6,14.6,7.6,14.6
2024,17,00-0036970,K.Pitts,ATL,TE,1,10.4,14.4,10.4,14.4
2024,17,00-0034981,F.Moreau,NO,TE,1,10.7,13.7,10.7,13.7
2024,17,00-0036894,P.Freiermuth,PIT,TE,1,6.0,13.0,6.0,13.0
2024,17,00-0036040,J.Johnson,NO,TE,1,6.6,12.6,6.6,12.6
2024,17,00-0035229,T.Hockenson,MIN,TE,1,6.8,11.8,6.8,11.8
2024,17,00-0039050,P.Durham,TB,TE,1,9.6,11.6,9.6,11.6
2024,17,00-0033858,J.Smith,MIA,TE,1,8.6,11.6,8.6,11.6
2024,17,00-0034364,J.Akins,CLE,TE,1,4.9,10.9,4.9,10.9
2024,17,00-0037809,C.Okonkwo,TEN,TE,1,5.9,10.9,5.9,10.9
2024,17,00-0035644,N.Fant,SEA,TE,1,4.3,8.3,4.3,8.3
2024,17,00-0039754,D.Culp,TB,TE,1,5.2,8.2,5.2,8.2
2024,17,00-0037838,I.Likely,BAL,TE,1,6.9,7.9,6.9,7.9
2024,17,00-0032394,N.Vannett,TEN,TE,1,6.8,7.8,6.8,7.8
2024,17,00-0038996,T.Kraft,GB,TE,1,5.3,7.3,5.3,7.3
2024,17,00-0036876,K.Granson,IND,TE,1,3.4,6.4,3.4,6.4
2024,17,00-0032392,A.Hooper,NE,TE,1,1.9,4.9,1.9,4.9
2024,17,00-0038041,J.Ferguson,DAL,TE,1,1.8,4.8,1.8,4.8
2024,17,00-0037086,G.Calcaterra,PHI,TE,1,3.4,4.4,3.4,4.4
2024,17,00-0038933,D.Kincaid,BUF,TE,1,2.4,4.4,2.4,4.4
2024,17,00-0037475,S.Smartt,LAC,TE,1,2.3,4.3,2.3,4.3
2024,17,00-0039041,E.Higgins,ARI,TE,1,2.3,4.3,2.3,4.3
2024,17,00-0034159,W.Dissly,LAC,TE,1,2.1,4.1,2.1,4.1
2024,17,00-0034383,D.Schultz,HOU,TE,1,2.1,4.1,2.1,4.1
2024,17,00-0033110,T.Higbee,LA,TE,1,0.9,2.9,0.9,2.9
2024,17,00-0039066,M.Mayer,LV,TE,1,1.4,2.4,1.4,2.4
2024,17,00-0036628,J.Bates,WAS,TE,1,1.4,2.4,1.4,2.4
2024,17,00-0031484,C.Manhertz,NYG,TE,1,1.2,2.2,1.2,2.2
2024,17,00-0038710,B.Whiteheart,CLE,TE,1,0.8,1.8,0.8,1.8
2024,17,00-0037654,T.Fisk,LAC,TE,1,0.8,1.8,0.8,1.8
2024,17,00-0038558,D.Washington,PIT,TE,1,0.8,1.8,0.8,1.8
2024,17,00-0037304,C.Heyward,PIT,TE,1,0.8,1.8,0.8,1.8
2024,17,00-0039631,C.Grandy,CIN,TE,1,0.7,1.7,0.7,1.7
2024,17,00-0038783,N.Adkins,DEN,TE,1,0.7,1.7,0.7,1.7
2024,17,00-0033246,J.Mundt,MIN,TE,1,0.7,1.7,0.7,1.7
2024,17,00-0036429,C.Woerner,ATL,TE,1,0.6,1.6,0.6,1.6
2024,17,00-0036637,N.Gray,KC,TE,1,0.6,1.6,0.6,1.6
2024,17,00-0036422,A.Trautman,DEN,TE,1,0.5,1.5,0.5,1.5
2024,17,00-0039356,J.Sanders,CAR,TE,1,0.5,1.5,0.5,1.5
2024,17,00-0033439,P.Brown,SEA,TE,1,0.4,1.4,0.4,1.4
2024,17,00-0039144,L.Musgrave,GB,TE,1,0.4,1.4,0.4,1.4
2024,17,00-0035689,D.Knox,BUF,TE,1,0.4,1.4,0.4,1.4
2024,17,00-0037539,L.Krull,DEN,TE,1,0.3,1.3,0.3,1.3
2024,17,00-0035631,D.Sample,CIN,TE,1,0.3,1.3,0.3,1.3
2024,17,00-0039359,C.Stover,HOU,TE,1,0.1,1.1,0.1,1.1
2024,17,00-0039074,D.Allen,LA,TE,1,0.0,0.0,0.0,0.0
2024,17,00-0036244,C.Parkinson,LA,TE,1,0.0,0.0,0.0,0.0
2024,17,00-0033895,G.Everett,CHI,TE,1,0.0,0.0,0.0,0.0
2024,17,00-0036510,K.Yeboah,NYJ,TE,1,0.0,0.0,0.0,0.0
2024,17,00-0033217,M.Alie-Cox,IND,TE,1,0.0,0.0,0.0,0.0
2024,17,00-0036590,Q.Morris,BUF,TE,1,0.0,0.0,0.0,0.0
2024,17,00-0038498,E.Jenkins,PHI,TE,1,0.0,0.0,0.0,0.0
2024,17,00-0033090,H.Henry,NE,TE,1,0.0,0.0,0.0,0.0
2024,17,00-0038589,J.Whyle,TEN,TE,1,0.0,0.0,0.0,0.0
2024,17,00-0038935,B.Strange,JAX,TE,1,0.0,0.0,0.0,0.0
2024,16,00-0039338,B.Bowers,LV,TE,1,9.9,20.9,9.9,20.9
2024,16,00-0033288,G.Kittle,SF,TE,1,10.6,18.6,10.6,18.6
2024,16,00-0037809,C.Okonkwo,TEN,TE,1,8.1,17.1,8.1,17.1
2024,16,00-0034383,D.Schultz,HOU,TE,1,10.5,15.5,10.5,15.5
2024,16,00-0033885,D.Njoku,CLE,TE,1,6.6,14.6,6.6,14.6
2024,16,00-0039065,S.LaPorta,DET,TE,1,10.3,14.3,10.3,14.3
2024,16,00-0033090,H.Henry,NE,TE,1,9.9,13.9,9.9,13.9
2024,16,00-0034753,M.Andrews,BAL,TE,1,9.8,13.8,9.8,13.8
2024,16,00-0033858,J.Smith,MIA,TE,1,6.2,12.2,6.2,12.2
2024,16,00-0037838,I.Likely,BAL,TE,1,8.9,11.9,8.9,11.9
2024,16,00-0034270,T.Conklin,NYJ,TE,1,5.9,10.9,5.9,10.9
2024,16,00-0038041,J.Ferguson,DAL,TE,1,4.0,10.0,4.0,10.0
2024,16,00-0032392,A.Hooper,NE,TE,1,5.5,9.5,5.5,9.5
2024,16,00-0038996,T.Kraft,GB,TE,1,6.5,9.5,6.5,9.5
2024,16,00-0039793,A.Barner,SEA,TE,1,7.3,9.3,7.3,9.3
2024,16,00-0036290,C.Kmet,CHI,TE,1,6.9,8.9,6.9,8.9
2024,16,00-0033110,T.Higbee,LA,TE,1,7.1,8.1,7.1,8.1
2024,16,00-0035644,N.Fant,SEA,TE,1,5.0,8.0,5.0,8.0
2024,16,00-0030506,T.Kelce,KC,TE,1,3.0,8.0,3.0,8.0
2024,16,00-0039050,P.Durham,TB,TE,1,2.9,7.9,2.9,7.9
2024,16,00-0033576,E.Saubert,SF,TE,1,6.2,7.2,6.2,7.2
2024,16,00-0031585,M.Pruitt,PIT,TE,1,6.1,7.1,6.1,7.1
2024,16,00-0037475,S.Smartt,LAC,TE,1,3.7,6.7,3.7,6.7
2024,16,00-0037005,T.Tremble,CAR,TE,1,3.2,6.2,3.2,6.2
2024,16,00-0038933,D.Kincaid,BUF,TE,1,1.5,5.5,1.5,5.5
2024,16,00-0034981,F.Moreau,NO,TE,1,3.3,5.3,3.3,5.3
2024,16,00-0037539,L.Krull,DEN,TE,1,2.1,5.1,2.1,5.1
2024,16,00-0037744,T.McBride,ARI,TE,1,2.0,5.0,2.0,5.0
2024,16,00-0036040,J.Johnson,NO,TE,1,2.7,4.7,2.7,4.7
2024,16,00-0035229,T.Hockenson,MIN,TE,1,2.7,4.7,2.7,4.7
2024,16,00-0036894,P.Freiermuth,PIT,TE,1,1.6,4.6,1.6,4.6
2024,16,00-0038935,B.Strange,JAX,TE,1,2.2,4.2,2.2,4.2
2024,16,00-0035689,D.Knox,BUF,TE,1,2.2,4.2,2.2,4.2
2024,16,00-0038783,N.Adkins,DEN,TE,1,1.8,3.8,1.8,3.8
2024,16,00-0034829,M.Gesicki,CIN,TE,1,1.4,3.4,1.4,3.4
2024,16,00-0037805,J.Ruckert,NYJ,TE,1,1.2,3.2,1.2,3.2
2024,16,00-0036887,L.Farrell,JAX,TE,1,0.8,2.8,0.8,2.8
2024,16,00-0033439,P.Brown,SEA,TE,1,1.7,2.7,1.7,2.7
2024,16,00-0033217,M.Alie-Cox,IND,TE,1,1.5,2.5,1.5,2.5
2024,16,00-0030061,Z.Ertz,WAS,TE,1,1.2,2.2,1.2,2.2
2024,16,00-0035631,D.Sample,CIN,TE,1,1.2,2.2,1.2,2.2
2024,16,00-0036637,N.Gray,KC,TE,1,1.0,2.0,1.0,2.0
2024,16,00-0037654,T.Fisk,LAC,TE,1,1.0,2.0,1.0,2.0
2024,16,00-0034830,H.Hurst,LAC,TE,1,0.8,1.8,0.8,1.8
2024,16,00-0034364,J.Akins,CLE,TE,1,0.8,1.8,0.8,1.8
2024,16,00-0036970,K.Pitts,ATL,TE,1,0.7,1.7,0.7,1.7
2024,16,00-0039648,D.Martin-Robinson,TEN,TE,1,0.6,1.6,0.6,1.6
2024,16,00-0033895,G.Everett,CHI,TE,1,0.6,1.6,0.6,1.6
2024,16,00-0036422,A.Trautman,DEN,TE,1,0.5,1.5,0.5,1.5
2024,16,00-0038115,D.Bellinger,NYG,TE,1,0.5,1.5,0.5,1.5
2024,16,00-0034798,D.Smythe,MIA,TE,1,0.5,1.5,0.5,1.5
2024,16,00-0036332,J.Deguara,JAX,TE,1,0.4,1.4,0.4,1.4
2024,16,00-0037304,C.Heyward,PIT,TE,1,0.3,1.3,0.3,1.3
2024,16,00-0038547,L.Schoonmaker,DAL,TE,1,0.3,1.3,0.3,1.3
2024,16,00-0039066,M.Mayer,LV,TE,1,0.0,0.0,0.0,0.0
2024,16,00-0036244,C.Parkinson,LA,TE,1,0.0,0.0,0.0,0.0
2024,16,00-0036628,J.Bates,WAS,TE,1,0.0,0.0,0.0,0.0
2024,16,00-0039041,E.Higgins,ARI,TE,1,0.0,0.0,0.0,0.0
2024,16,00-0035249,J.Oliver,MIN,TE,1,0.0,0.0,0.0,0.0
2024,16,00-0036510,K.Yeboah,NYJ,TE,1,0.0,0.0,0.0,0.0
2024,16,00-0037292,A.Ogletree,IND,TE,1,0.0,0.0,0.0,0.0
2024,16,00-0039144,L.Musgrave,GB,TE,1,0.0,0.0,0.0,0.0
2024,16,00-0036429,C.Woerner,ATL,TE,1,0.0,0.0,0.0,0.0
2024,15,00-0033858,J.Smith,MIA,TE,1,10.8,19.8,10.8,19.8
2024,15,00-0038935,B.Strange,JAX,TE,1,7.3,18.3,7.3,18.3
2024,15,00-0039065,S.LaPorta,DET,TE,1,11.1,18.1,11.1,18.1
2024,15,00-0037744,T.McBride,ARI,TE,1,8.7,17.7,8.7,17.7
2024,15,00-0038589,J.Whyle,TEN,TE,1,9.7,14.7,9.7,14.7
2024,15,00-0037809,C.Okonkwo,TEN,TE,1,5.9,13.9,5.9,13.9
2024,15,00-0034981,F.Moreau,NO,TE,1,9.9,13.9,9.9,13.9
2024,15,00-0036894,P.Freiermuth,PIT,TE,1,8.2,11.2,8.2,11.2
2024,15,00-0034753,M.Andrews,BAL,TE,1,8.4,10.4,8.4,10.4
2024,15,00-0035229,T.Hockenson,MIN,TE,1,5.2,10.2,5.2,10.2
2024,15,00-0036637,N.Gray,KC,TE,1,8.1,10.1,8.1,10.1
2024,15,00-0033288,G.Kittle,SF,TE,1,6.1,10.1,6.1,10.1
2024,15,00-0036422,A.Trautman,DEN,TE,1,8.0,10.0,8.0,10.0
2024,15,00-0037475,S.Smartt,LAC,TE,1,5.0,10.0,5.0,10.0
2024,15,00-0038933,D.Kincaid,BUF,TE,1,5.3,9.3,5.3,9.3
2024,15,00-0038783,N.Adkins,DEN,TE,1,7.5,8.5,7.5,8.5
2024,15,00-0036876,K.Granson,IND,TE,1,4.7,7.7,4.7,7.7
2024,15,00-0032392,A.Hooper,NE,TE,1,3.8,6.8,3.8,6.8
2024,15,00-0036970,K.Pitts,ATL,TE,1,2.8,6.8,2.8,6.8
2024,15,00-0034829,M.Gesicki,CIN,TE,1,3.7,6.7,3.7,6.7
2024,15,00-0030506,T.Kelce,KC,TE,1,2.7,6.7,2.7,6.7
2024,15,00-0033090,H.Henry,NE,TE,1,2.5,6.5,2.5,6.5
2024,15,00-0039338,B.Bowers,LV,TE,1,3.5,6.5,3.5,6.5
2024,15,00-0038115,D.Bellinger,NYG,TE,1,3.5,6.5,3.5,6.5
2024,15,00-0035689,D.Knox,BUF,TE,1,4.2,6.2,4.2,6.2
2024,15,00-0034364,J.Akins,CLE,TE,1,3.0,6.0,3.0,6.0
2024,15,00-0038996,T.Kraft,GB,TE,1,3.4,5.4,3.4,5.4
2024,15,00-0030061,Z.Ertz,WAS,TE,1,2.5,4.5,2.5,4.5
2024,15,00-0035644,N.Fant,SEA,TE,1,1.5,4.5,1.5,4.5
2024,15,00-0038129,C.Otton,TB,TE,1,2.4,4.4,2.4,4.4
2024,15,00-0038041,J.Ferguson,DAL,TE,1,2.3,4.3,2.3,4.3
2024,15,00-0036244,C.Parkinson,LA,TE,1,2.1,4.1,2.1,4.1
2024,15,00-0037004,H.Long,LA,TE,1,1.7,3.7,1.7,3.7
2024,15,00-0037838,I.Likely,BAL,TE,1,1.7,3.7,1.7,3.7
2024,15,00-0037005,T.Tremble,CAR,TE,1,1.5,3.5,1.5,3.5
2024,15,00-0034383,D.Schultz,HOU,TE,1,1.3,3.3,1.3,3.3
2024,15,00-0037086,G.Calcaterra,PHI,TE,1,2.2,3.2,2.2,3.2
2024,15,00-0036040,J.Johnson,NO,TE,1,1.2,3.2,1.2,3.2
2024,15,00-0039631,C.Grandy,CIN,TE,1,1.2,3.2,1.2,3.2
2024,15,00-0037539,L.Krull,DEN,TE,1,0.8,2.8,0.8,2.8
2024,15,00-0039737,T.Reiman,ARI,TE,1,0.8,2.8,0.8,2.8
2024,15,00-0036429,C.Woerner,ATL,TE,1,0.7,2.7,0.7,2.7
2024,15,00-0036290,C.Kmet,CHI,TE,1,1.4,2.4,1.4,2.4
2024,15,00-0037805,J.Ruckert,NYJ,TE,1,1.2,2.2,1.2,2.2
2024,15,00-0039066,M.Mayer,LV,TE,1,1.1,2.1,1.1,2.1
2024,15,00-0034613,T.Hudson,CIN,TE,1,0.9,1.9,0.9,1.9
2024,15,00-0034798,D.Smythe,MIA,TE,1,0.8,1.8,0.8,1.8
2024,15,00-0035631,D.Sample,CIN,TE,1,0.8,1.8,0.8,1.8
2024,15,00-0037654,T.Fisk,LAC,TE,1,0.7,1.7,0.7,1.7
2024,15,00-0039912,B.Sinnott,WAS,TE,1,0.7,1.7,0.7,1.7
2024,15,00-0032394,N.Vannett,TEN,TE,1,0.7,1.7,0.7,1.7
2024,15,00-0036628,J.Bates,WAS,TE,1,0.6,1.6,0.6,1.6
2024,15,00-0039041,E.Higgins,ARI,TE,1,0.5,1.5,0.5,1.5
2024,15,00-0039793,A.Barner,SEA,TE,1,0.5,1.5,0.5,1.5
2024,15,00-0039530,B.Spann-Ford,DAL,TE,1,0.2,1.2,0.2,1.2
2024,15,00-0038394,W.Mallory,IND,TE,1,0.0,0.0,0.0,0.0
2024,15,00-0033246,J.Mundt,MIN,TE,1,0.0,0.0,0.0,0.0
2024,15,00-0038710,B.Whiteheart,CLE,TE,1,0.0,0.0,0.0,0.0
2024,15,00-0039356,J.Sanders,CAR,TE,1,0.0,0.0,0.0,0.0
2024,14,00-0033288,G.Kittle,SF,TE,1,15.1,21.1,15.1,21.1
2024,14,00-0033885,D.Njoku,CLE,TE,1,10.2,17.2,10.2,17.2
2024,14,00-0036040,J.Johnson,NO,TE,1,11.0,15.0,11.0,15.0
2024,14,00-0037744,T.McBride,ARI,TE,1,7.0,14.0,7.0,14.0
2024,14,00-0036894,P.Freiermuth,PIT,TE,1,10.8,13.8,10.8,13.8
2024,14,00-0039066,M.Mayer,LV,TE,1,6.8,13.8,6.8,13.8
2024,14,00-0033858,J.Smith,MIA,TE,1,10.4,13.4,10.4,13.4
2024,14,00-0038996,T.Kraft,GB,TE,1,10.1,13.1,10.1,13.1
2024,14,00-0037086,G.Calcaterra,PHI,TE,1,7.6,10.6,7.6,10.6
2024,14,00-0039065,S.LaPorta,DET,TE,1,5.4,10.4,5.4,10.4
2024,14,00-0038129,C.Otton,TB,TE,1,7.0,10.0,7.0,10.0
2024,14,00-0030506,T.Kelce,KC,TE,1,4.5,9.5,4.5,9.5
2024,14,00-0038115,D.Bellinger,NYG,TE,1,4.5,9.5,4.5,9.5
2024,14,00-0035229,T.Hockenson,MIN,TE,1,4.5,8.5,4.5,8.5
2024,14,00-0037475,S.Smartt,LAC,TE,1,5.4,8.4,5.4,8.4
2024,14,00-0039338,B.Bowers,LV,TE,1,5.2,8.2,5.2,8.2
2024,14,00-0033881,E.Engram,JAX,TE,1,3.3,7.3,3.3,7.3
2024,14,00-0037005,T.Tremble,CAR,TE,1,6.3,7.3,6.3,7.3
2024,14,00-0036637,N.Gray,KC,TE,1,2.6,6.6,2.6,6.6
2024,14,00-0034270,T.Conklin,NYJ,TE,1,3.3,6.3,3.3,6.3
2024,14,00-0038041,J.Ferguson,DAL,TE,1,3.2,6.2,3.2,6.2
2024,14,00-0034981,F.Moreau,NO,TE,1,4.0,6.0,4.0,6.0
2024,14,00-0034829,M.Gesicki,CIN,TE,1,2.4,5.4,2.4,5.4
2024,14,00-0038589,J.Whyle,TEN,TE,1,3.1,5.1,3.1,5.1
2024,14,00-0035644,N.Fant,SEA,TE,1,1.8,4.8,1.8,4.8
2024,14,00-0038547,L.Schoonmaker,DAL,TE,1,2.2,4.2,2.2,4.2
2024,14,00-0034159,W.Dissly,LAC,TE,1,1.9,3.9,1.9,3.9
2024,14,00-0037809,C.Okonkwo,TEN,TE,1,0.8,3.8,0.8,3.8
2024,14,00-0035249,J.Oliver,MIN,TE,1,2.6,3.6,2.6,3.6
2024,14,00-0035631,D.Sample,CIN,TE,1,1.3,3.3,1.3,3.3
2024,14,00-0038935,B.Strange,JAX,TE,1,2.1,3.1,2.1,3.1
2024,14,00-0034613,T.Hudson,CIN,TE,1,1.9,2.9,1.9,2.9
2024,14,00-0034364,J.Akins,CLE,TE,1,1.4,2.4,1.4,2.4
2024,14,00-0036970,K.Pitts,ATL,TE,1,1.4,2.4,1.4,2.4
2024,14,00-0038720,J.Hill,MIA,TE,1,1.4,2.4,1.4,2.4
2024,14,00-0039737,T.Reiman,ARI,TE,1,1.4,2.4,1.4,2.4
2024,14,00-0039793,A.Barner,SEA,TE,1,1.3,2.3,1.3,2.3
2024,14,00-0036244,C.Parkinson,LA,TE,1,1.1,2.1,1.1,2.1
2024,14,00-0036429,C.Woerner,ATL,TE,1,1.1,2.1,1.1,2.1
2024,14,00-0039613,D.Holker,NO,TE,1,1.0,2.0,1.0,2.0
2024,14,00-0033439,P.Brown,SEA,TE,1,0.6,1.6,0.6,1.6
2024,14,00-0035689,D.Knox,BUF,TE,1,0.5,1.5,0.5,1.5
2024,14,00-0033576,E.Saubert,SF,TE,1,0.4,1.4,0.4,1.4
2024,14,00-0032394,N.Vannett,TEN,TE,1,0.4,1.4,0.4,1.4
2024,14,00-0038809,B.Sims,GB,TE,1,0.2,1.2,0.2,1.2
2024,14,00-0037654,T.Fisk,LAC,TE,1,0.0,1.0,0.0,1.0
2024,14,00-0031585,M.Pruitt,PIT,TE,1,-0.1,0.9,-0.1,0.9
2024,14,00-0036754,B.Wright,DET,TE,1,0.0,0.0,0.0,0.0
2024,14,00-0039648,D.Martin-Robinson,TEN,TE,1,0.0,0.0,0.0,0.0
2024,14,00-0038710,B.Whiteheart,CLE,TE,1,0.0,0.0,0.0,0.0
2024,14,00-0034798,D.Smythe,MIA,TE,1,0.0,0.0,0.0,0.0
2024,14,00-0039316,B.Cupp,KC,TE,1,0.0,0.0,0.0,0.0
2024,14,00-0038558,D.Washington,PIT,TE,1,0.0,0.0,0.0,0.0
2024,14,00-0037805,J.Ruckert,NYJ,TE,1,0.0,0.0,0.0,0.0
2024,14,00-0037004,H.Long,LA,TE,1,0.0,0.0,0.0,0.0
2024,14,00-0039356,J.Sanders,CAR,TE,1,0.0,0.0,0.0,0.0
2024,13,00-0039338,B.Bowers,LV,TE,1,20.2,30.2,20.2,30.2
2024,13,00-0033885,D.Njoku,CLE,TE,1,17.2,26.2,17.2,26.2
2024,13,00-0037744,T.McBride,ARI,TE,1,9.6,21.6,9.6,21.6
2024,13,00-0033858,J.Smith,MIA,TE,1,11.3,21.3,11.3,21.3
2024,13,00-0034753,M.Andrews,BAL,TE,1,12.9,18.9,12.9,18.9
2024,13,00-0036894,P.Freiermuth,PIT,TE,1,12.8,18.8,12.8,18.8
2024,13,00-0034383,D.Schultz,HOU,TE,1,12.1,17.1,12.1,17.1
2024,13,00-0039065,S.LaPorta,DET,TE,1,12.6,15.6,12.6,15.6
2024,13,00-0037838,I.Likely,BAL,TE,1,9.8,14.8,9.8,14.8
2024,13,00-0033090,H.Henry,NE,TE,1,7.5,14.5,7.5,14.5
2024,13,00-0032392,A.Hooper,NE,TE,1,10.2,14.2,10.2,14.2
2024,13,00-0038996,T.Kraft,GB,TE,1,7.8,13.8,7.8,13.8
2024,13,00-0030506,T.Kelce,KC,TE,1,6.8,13.8,6.8,13.8
2024,13,00-0037005,T.Tremble,CAR,TE,1,7.7,12.7,7.7,12.7
2024,13,00-0034351,D.Goedert,PHI,TE,1,9.5,12.5,9.5,12.5
2024,13,00-0030061,Z.Ertz,WAS,TE,1,9.5,12.5,9.5,12.5
2024,13,00-0033881,E.Engram,JAX,TE,1,4.1,11.1,4.1,11.1
2024,13,00-0039847,T.Johnson,NYG,TE,1,5.4,10.4,5.4,10.4
2024,13,00-0034829,M.Gesicki,CIN,TE,1,5.3,10.3,5.3,10.3
2024,13,00-0033246,J.Mundt,MIN,TE,1,8.2,10.2,8.2,10.2
2024,13,00-0036637,N.Gray,KC,TE,1,5.8,9.8,5.8,9.8
2024,13,00-0033357,T.Hill,NO,TE,1,4.7,9.7,4.7,9.7
2024,13,00-0039793,A.Barner,SEA,TE,1,7.4,9.4,7.4,9.4
2024,13,00-0036040,J.Johnson,NO,TE,1,3.6,8.6,3.6,8.6
2024,13,00-0038547,L.Schoonmaker,DAL,TE,1,3.3,8.3,3.3,8.3
2024,13,00-0035689,D.Knox,BUF,TE,1,5.6,7.6,5.6,7.6
2024,13,00-0034270,T.Conklin,NYJ,TE,1,3.2,7.2,3.2,7.2
2024,13,00-0034613,T.Hudson,CIN,TE,1,2.8,6.8,2.8,6.8
2024,13,00-0038129,C.Otton,TB,TE,1,2.0,6.0,2.0,6.0
2024,13,00-0035229,T.Hockenson,MIN,TE,1,2.8,5.8,2.8,5.8
2024,13,00-0037809,C.Okonkwo,TEN,TE,1,2.7,5.7,2.7,5.7
2024,13,00-0035644,N.Fant,SEA,TE,1,2.6,5.6,2.6,5.6
2024,13,00-0036290,C.Kmet,CHI,TE,1,2.6,5.6,2.6,5.6
2024,13,00-0037539,L.Krull,DEN,TE,1,2.4,5.4,2.4,5.4
2024,13,00-0039041,E.Higgins,ARI,TE,1,2.3,4.3,2.3,4.3
2024,13,00-0031585,M.Pruitt,PIT,TE,1,2.1,4.1,2.1,4.1
2024,13,00-0033217,M.Alie-Cox,IND,TE,1,1.5,3.5,1.5,3.5
2024,13,00-0037292,A.Ogletree,IND,TE,1,2.2,3.2,2.2,3.2
2024,13,00-0035631,D.Sample,CIN,TE,1,0.8,2.8,0.8,2.8
2024,13,00-0038783,N.Adkins,DEN,TE,1,1.6,2.6,1.6,2.6
2024,13,00-0034981,F.Moreau,NO,TE,1,0.6,2.6,0.6,2.6
2024,13,00-0038935,B.Strange,JAX,TE,1,1.4,2.4,1.4,2.4
2024,13,00-0036590,Q.Morris,BUF,TE,1,1.4,2.4,1.4,2.4
2024,13,00-0036754,B.Wright,DET,TE,1,1.3,2.3,1.3,2.3
2024,13,00-0036244,C.Parkinson,LA,TE,1,1.3,2.3,1.3,2.3
2024,13,00-0038558,D.Washington,PIT,TE,1,1.0,2.0,1.0,2.0
2024,13,00-0039737,T.Reiman,ARI,TE,1,0.9,1.9,0.9,1.9
2024,13,00-0034798,D.Smythe,MIA,TE,1,0.8,1.8,0.8,1.8
2024,13,00-0038394,W.Mallory,IND,TE,1,0.7,1.7,0.7,1.7
2024,13,00-0033288,G.Kittle,SF,TE,1,0.7,1.7,0.7,1.7
2024,13,00-0032394,N.Vannett,TEN,TE,1,0.6,1.6,0.6,1.6
2024,13,00-0039066,M.Mayer,LV,TE,1,0.5,1.5,0.5,1.5
2024,13,00-0036429,C.Woerner,ATL,TE,1,0.5,1.5,0.5,1.5
2024,13,00-0038720,J.Hill,MIA,TE,1,0.5,1.5,0.5,1.5
2024,13,00-0039359,C.Stover,HOU,TE,1,0.4,1.4,0.4,1.4
2024,13,00-0038589,J.Whyle,TEN,TE,1,0.3,1.3,0.3,1.3
2024,13,00-0037805,J.Ruckert,NYJ,TE,1,0.3,1.3,0.3,1.3
2024,13,00-0037475,S.Smartt,LAC,TE,1,0.3,1.3,0.3,1.3
2024,13,00-0039912,B.Sinnott,WAS,TE,1,0.3,1.3,0.3,1.3
2024,13,00-0037654,T.Fisk,LAC,TE,1,0.1,1.1,0.1,1.1
2024,13,00-0036438,S.Sullivan,CAR,TE,1,0.0,0.0,0.0,0.0
2024,13,00-0034159,W.Dissly,LAC,TE,1,0.0,0.0,0.0,0.0
2024,13,00-0037004,H.Long,LA,TE,1,0.0,0.0,0.0,0.0
2024,13,00-0036876,K.Granson,IND,TE,1,0.0,0.0,0.0,0.0
2024,13,00-0036640,Z.Davidson,BUF,TE,1,0.0,0.0,0.0,0.0
2024,13,00-0038710,B.Whiteheart,CLE,TE,1,0.0,0.0,0.0,0.0
2024,13,00-0033439,P.Brown,SEA,TE,1,0.0,0.0,0.0,0.0
2024,13,00-0036887,L.Farrell,JAX,TE,1,0.0,0.0,0.0,0.0
2024,13,00-0036825,F.Franks,CAR,TE,1,0.0,0.0,0.0,0.0
2024,13,00-0036970,K.Pitts,ATL,TE,1,0.0,0.0,0.0,0.0
2024,13,00-0036422,A.Trautman,DEN,TE,1,0.0,0.0,0.0,0.0
2024,13,00-0034364,J.Akins,CLE,TE,1,0.0,0.0,0.0,0.0
2024,12,00-0037744,T.McBride,ARI,TE,1,13.3,25.3,13.3,25.3
2024,12,00-0033858,J.Smith,MIA,TE,1,14.7,23.7,14.7,23.7
2024,12,00-0036637,N.Gray,KC,TE,1,18.6,22.6,18.6,22.6
2024,12,00-0033288,G.Kittle,SF,TE,1,14.2,20.2,14.2,20.2
2024,12,00-0035229,T.Hockenson,MIN,TE,1,11.4,18.4,11.4,18.4
2024,12,00-0032392,A.Hooper,NE,TE,1,11.9,15.9,11.9,15.9
2024,12,00-0030061,Z.Ertz,WAS,TE,1,9.8,15.8,9.8,15.8
2024,12,00-0034753,M.Andrews,BAL,TE,1,10.6,15.6,10.6,15.6
2024,12,00-0038547,L.Schoonmaker,DAL,TE,1,11.5,14.5,11.5,14.5
2024,12,00-0037809,C.Okonkwo,TEN,TE,1,13.0,14.0,13.0,14.0
2024,12,00-0036290,C.Kmet,CHI,TE,1,6.4,13.4,6.4,13.4
2024,12,00-0030506,T.Kelce,KC,TE,1,6.2,12.2,6.2,12.2
2024,12,00-0039359,C.Stover,HOU,TE,1,8.6,11.6,8.6,11.6
2024,12,00-0038996,T.Kraft,GB,TE,1,8.6,10.6,8.6,10.6
2024,12,00-0036894,P.Freiermuth,PIT,TE,1,5.9,9.9,5.9,9.9
2024,12,00-0033090,H.Henry,NE,TE,1,4.4,9.4,4.4,9.4
2024,12,00-0034159,W.Dissly,LAC,TE,1,4.7,8.7,4.7,8.7
2024,12,00-0039356,J.Sanders,CAR,TE,1,4.9,7.9,4.9,7.9
2024,12,00-0039338,B.Bowers,LV,TE,1,3.8,7.8,3.8,7.8
2024,12,00-0039847,T.Johnson,NYG,TE,1,3.9,6.9,3.9,6.9
2024,12,00-0034364,J.Akins,CLE,TE,1,3.8,6.8,3.8,6.8
2024,12,00-0034351,D.Goedert,PHI,TE,1,1.9,5.9,1.9,5.9
2024,12,00-0039065,S.LaPorta,DET,TE,1,1.9,4.9,1.9,4.9
2024,12,00-0039793,A.Barner,SEA,TE,1,1.9,4.9,1.9,4.9
2024,12,00-0038558,D.Washington,PIT,TE,1,1.4,4.4,1.4,4.4
2024,12,00-0036754,B.Wright,DET,TE,1,2.4,4.4,2.4,4.4
2024,12,00-0039530,B.Spann-Ford,DAL,TE,1,2.4,4.4,2.4,4.4
2024,12,00-0038129,C.Otton,TB,TE,1,3.0,4.0,3.0,4.0
2024,12,00-0034383,D.Schultz,HOU,TE,1,2.0,4.0,2.0,4.0
2024,12,00-0038710,B.Whiteheart,CLE,TE,1,2.9,3.9,2.9,3.9
2024,12,00-0033439,P.Brown,SEA,TE,1,1.9,3.9,1.9,3.9
2024,12,00-0039050,P.Durham,TB,TE,1,2.6,3.6,2.6,3.6
2024,12,00-0039066,M.Mayer,LV,TE,1,1.1,3.1,1.1,3.1
2024,12,00-0036628,J.Bates,WAS,TE,1,1.3,2.3,1.3,2.3
2024,12,00-0036244,C.Parkinson,LA,TE,1,1.0,2.0,1.0,2.0
2024,12,00-0033885,D.Njoku,CLE,TE,1,0.9,1.9,0.9,1.9
2024,12,00-0034798,D.Smythe,MIA,TE,1,0.8,1.8,0.8,1.8
2024,12,00-0038720,J.Hill,MIA,TE,1,0.8,1.8,0.8,1.8
2024,12,00-0033246,J.Mundt,MIN,TE,1,0.7,1.7,0.7,1.7
2024,12,00-0037654,T.Fisk,LAC,TE,1,0.7,1.7,0.7,1.7
2024,12,00-0038046,C.Kolar,BAL,TE,1,0.6,1.6,0.6,1.6
2024,12,00-0039041,E.Higgins,ARI,TE,1,0.5,1.5,0.5,1.5
2024,12,00-0037005,T.Tremble,CAR,TE,1,0.5,1.5,0.5,1.5
2024,12,00-0036422,A.Trautman,DEN,TE,1,0.3,1.3,0.3,1.3
2024,12,00-0037306,J.FitzPatrick,GB,TE,1,0.2,1.2,0.2,1.2
2024,12,00-0039074,D.Allen,LA,TE,1,0.0,0.0,0.0,0.0
2024,12,00-0037292,A.Ogletree,IND,TE,1,0.0,0.0,0.0,0.0
2024,12,00-0033576,E.Saubert,SF,TE,1,0.0,0.0,0.0,0.0
2024,12,00-0037086,G.Calcaterra,PHI,TE,1,0.0,0.0,0.0,0.0
2024,12,00-0036876,K.Granson,IND,TE,1,0.0,0.0,0.0,0.0
2024,12,00-0032394,N.Vannett,TEN,TE,1,0.0,0.0,0.0,0.0
2024,11,00-0033357,T.Hill,NO,TE,1,35.7,43.7,35.7,43.7
2024,11,00-0039338,B.Bowers,LV,TE,1,18.3,31.3,18.3,31.3
2024,11,00-0033858,J.Smith,MIA,TE,1,22.1,28.1,22.1,28.1
2024,11,00-0036637,N.Gray,KC,TE,1,14.3,18.3,14.3,18.3
2024,11,00-0034159,W.Dissly,LAC,TE,1,14.0,18.0,14.0,18.0
2024,11,00-0033885,D.Njoku,CLE,TE,1,8.1,17.1,8.1,17.1
2024,11,00-0030061,Z.Ertz,WAS,TE,1,10.7,16.7,10.7,16.7
2024,11,00-0033090,H.Henry,NE,TE,1,6.3,12.3,6.3,12.3
2024,11,00-0036040,J.Johnson,NO,TE,1,9.0,12.0,9.0,12.0
2024,11,00-0038547,L.Schoonmaker,DAL,TE,1,5.6,11.6,5.6,11.6
2024,11,00-0037838,I.Likely,BAL,TE,1,7.5,11.5,7.5,11.5
2024,11,00-0034351,D.Goedert,PHI,TE,1,6.1,11.1,6.1,11.1
2024,11,00-0036244,C.Parkinson,LA,TE,1,7.9,8.9,7.9,8.9
2024,11,00-0034383,D.Schultz,HOU,TE,1,3.3,8.3,3.3,8.3
2024,11,00-0039530,B.Spann-Ford,DAL,TE,1,4.2,8.2,4.2,8.2
2024,11,00-0038783,N.Adkins,DEN,TE,1,7.2,8.2,7.2,8.2
2024,11,00-0036510,K.Yeboah,NYJ,TE,1,7.1,8.1,7.1,8.1
2024,11,00-0034981,F.Moreau,NO,TE,1,5.0,8.0,5.0,8.0
2024,11,00-0035689,D.Knox,BUF,TE,1,4.0,8.0,4.0,8.0
2024,11,00-0033881,E.Engram,JAX,TE,1,2.8,7.8,2.8,7.8
2024,11,00-0032392,A.Hooper,NE,TE,1,3.5,7.5,3.5,7.5
2024,11,00-0036754,B.Wright,DET,TE,1,6.5,7.5,6.5,7.5
2024,11,00-0036290,C.Kmet,CHI,TE,1,4.2,7.2,4.2,7.2
2024,11,00-0035249,J.Oliver,MIN,TE,1,3.4,6.4,3.4,6.4
2024,11,00-0038558,D.Washington,PIT,TE,1,4.2,6.2,4.2,6.2
2024,11,00-0038720,J.Hill,MIA,TE,1,2.8,4.8,2.8,4.8
2024,11,00-0034753,M.Andrews,BAL,TE,1,2.2,4.2,2.2,4.2
2024,11,00-0037809,C.Okonkwo,TEN,TE,1,1.9,3.9,1.9,3.9
2024,11,00-0033217,M.Alie-Cox,IND,TE,1,1.7,3.7,1.7,3.7
2024,11,00-0036628,J.Bates,WAS,TE,1,1.7,3.7,1.7,3.7
2024,11,00-0039359,C.Stover,HOU,TE,1,1.5,3.5,1.5,3.5
2024,11,00-0039793,A.Barner,SEA,TE,1,1.5,3.5,1.5,3.5
2024,11,00-0036894,P.Freiermuth,PIT,TE,1,1.4,3.4,1.4,3.4
2024,11,00-0035229,T.Hockenson,MIN,TE,1,1.3,3.3,1.3,3.3
2024,11,00-0034613,T.Hudson,CIN,TE,1,1.3,3.3,1.3,3.3
2024,11,00-0036534,S.Zylstra,DET,TE,1,2.2,3.2,2.2,3.2
2024,11,00-0034364,J.Akins,CLE,TE,1,1.9,2.9,1.9,2.9
2024,11,00-0030506,T.Kelce,KC,TE,1,0.8,2.8,0.8,2.8
2024,11,00-0033246,J.Mundt,MIN,TE,1,1.3,2.3,1.3,2.3
2024,11,00-0038041,J.Ferguson,DAL,TE,1,1.1,2.1,1.1,2.1
2024,11,00-0037569,P.Hendershot,KC,TE,1,1.1,2.1,1.1,2.1
2024,11,00-0036970,K.Pitts,ATL,TE,1,0.9,1.9,0.9,1.9
2024,11,00-0037292,A.Ogletree,IND,TE,1,0.8,1.8,0.8,1.8
2024,11,00-0034270,T.Conklin,NYJ,TE,1,0.7,1.7,0.7,1.7
2024,11,00-0033576,E.Saubert,SF,TE,1,0.7,1.7,0.7,1.7
2024,11,00-0038589,J.Whyle,TEN,TE,1,0.6,1.6,0.6,1.6
2024,11,00-0038935,B.Strange,JAX,TE,1,0.6,1.6,0.6,1.6
2024,11,00-0032394,N.Vannett,TEN,TE,1,0.6,1.6,0.6,1.6
2024,11,00-0037805,J.Ruckert,NYJ,TE,1,0.6,1.6,0.6,1.6
2024,11,00-0037654,T.Fisk,LAC,TE,1,0.6,1.6,0.6,1.6
2024,11,00-0039066,M.Mayer,LV,TE,1,0.5,1.5,0.5,1.5
2024,11,00-0035631,D.Sample,CIN,TE,1,0.5,1.5,0.5,1.5
2024,11,00-0036640,Z.Davidson,BUF,TE,1,0.5,1.5,0.5,1.5
2024,11,00-0034073,R.Dwelley,ATL,TE,1,0.5,1.5,0.5,1.5
2024,11,00-0036876,K.Granson,IND,TE,1,0.4,1.4,0.4,1.4
2024,11,00-0034798,D.Smythe,MIA,TE,1,0.3,1.3,0.3,1.3
2024,11,00-0036887,L.Farrell,JAX,TE,1,0.3,1.3,0.3,1.3
2024,11,00-0036590,Q.Morris,BUF,TE,1,0.0,0.0,0.0,0.0
2024,11,00-0036422,A.Trautman,DEN,TE,1,0.0,0.0,0.0,0.0
2024,11,00-0034829,M.Gesicki,CIN,TE,1,0.0,0.0,0.0,0.0
2024,11,00-0039420,J.Bell,NE,TE,1,0.0,0.0,0.0,0.0
2024,11,00-0038996,T.Kraft,GB,TE,1,0.0,0.0,0.0,0.0
2024,10,00-0030506,T.Kelce,KC,TE,1,12.4,20.4,12.4,20.4
2024,10,00-0034753,M.Andrews,BAL,TE,1,12.8,18.8,12.8,18.8
2024,10,00-0034613,T.Hudson,CIN,TE,1,10.3,16.3,10.3,16.3
2024,10,00-0039065,S.LaPorta,DET,TE,1,12.6,15.6,12.6,15.6
2024,10,00-0035229,T.Hockenson,MIN,TE,1,7.2,15.2,7.2,15.2
2024,10,00-0033288,G.Kittle,SF,TE,1,11.7,14.7,11.7,14.7
2024,10,00-0037744,T.McBride,ARI,TE,1,7.1,11.1,7.1,11.1
2024,10,00-0036894,P.Freiermuth,PIT,TE,1,7.7,10.7,7.7,10.7
2024,10,00-0034351,D.Goedert,PHI,TE,1,8.5,10.5,8.5,10.5
2024,10,00-0033881,E.Engram,JAX,TE,1,4.0,10.0,4.0,10.0
2024,10,00-0034383,D.Schultz,HOU,TE,1,6.6,9.6,6.6,9.6
2024,10,00-0036970,K.Pitts,ATL,TE,1,5.5,9.5,5.5,9.5
2024,10,00-0032392,A.Hooper,NE,TE,1,6.4,9.4,6.4,9.4
2024,10,00-0035249,J.Oliver,MIN,TE,1,5.2,9.2,5.2,9.2
2024,10,00-0039356,J.Sanders,CAR,TE,1,6.8,8.8,6.8,8.8
2024,10,00-0038129,C.Otton,TB,TE,1,3.5,8.5,3.5,8.5
2024,10,00-0039074,D.Allen,LA,TE,1,3.4,8.4,3.4,8.4
2024,10,00-0034159,W.Dissly,LAC,TE,1,3.0,8.0,3.0,8.0
2024,10,00-0039847,T.Johnson,NYG,TE,1,3.7,7.7,3.7,7.7
2024,10,00-0033858,J.Smith,MIA,TE,1,4.5,7.5,4.5,7.5
2024,10,00-0030061,Z.Ertz,WAS,TE,1,3.1,7.1,3.1,7.1
2024,10,00-0033357,T.Hill,NO,TE,1,5.0,7.0,5.0,7.0
2024,10,00-0034829,M.Gesicki,CIN,TE,1,3.0,7.0,3.0,7.0
2024,10,00-0038041,J.Ferguson,DAL,TE,1,2.4,6.4,2.4,6.4
2024,10,00-0035689,D.Knox,BUF,TE,1,4.0,6.0,4.0,6.0
2024,10,00-0038935,B.Strange,JAX,TE,1,2.5,4.5,2.5,4.5
2024,10,00-0038933,D.Kincaid,BUF,TE,1,2.4,4.4,2.4,4.4
2024,10,00-0036422,A.Trautman,DEN,TE,1,3.4,4.4,3.4,4.4
2024,10,00-0036040,J.Johnson,NO,TE,1,2.2,4.2,2.2,4.2
2024,10,00-0037539,L.Krull,DEN,TE,1,2.1,4.1,2.1,4.1
2024,10,00-0036637,N.Gray,KC,TE,1,1.8,3.8,1.8,3.8
2024,10,00-0037805,J.Ruckert,NYJ,TE,1,1.7,3.7,1.7,3.7
2024,10,00-0036887,L.Farrell,JAX,TE,1,1.6,3.6,1.6,3.6
2024,10,00-0036876,K.Granson,IND,TE,1,1.5,3.5,1.5,3.5
2024,10,00-0036290,C.Kmet,CHI,TE,1,1.3,3.3,1.3,3.3
2024,10,00-0039041,E.Higgins,ARI,TE,1,1.3,3.3,1.3,3.3
2024,10,00-0033090,H.Henry,NE,TE,1,1.4,2.4,1.4,2.4
2024,10,00-0037809,C.Okonkwo,TEN,TE,1,1.4,2.4,1.4,2.4
2024,10,00-0038394,W.Mallory,IND,TE,1,1.0,2.0,1.0,2.0
2024,10,00-0034270,T.Conklin,NYJ,TE,1,0.8,1.8,0.8,1.8
2024,10,00-0034798,D.Smythe,MIA,TE,1,0.6,1.6,0.6,1.6
2024,10,00-0038558,D.Washington,PIT,TE,1,0.6,1.6,0.6,1.6
2024,10,00-0037569,P.Hendershot,KC,TE,1,0.6,1.6,0.6,1.6
2024,10,00-0036510,K.Yeboah,NYJ,TE,1,0.4,1.4,0.4,1.4
2024,10,00-0038046,C.Kolar,BAL,TE,1,0.4,1.4,0.4,1.4
2024,10,00-0034365,I.Thomas,CAR,TE,1,0.3,1.3,0.3,1.3
2024,10,00-0037292,A.Ogletree,IND,TE,1,0.2,1.2,0.2,1.2
2024,10,00-0039359,C.Stover,HOU,TE,1,0.2,1.2,0.2,1.2
2024,10,00-0039631,C.Grandy,CIN,TE,1,0.0,1.0,0.0,1.0
2024,10,00-0037086,G.Calcaterra,PHI,TE,1,0.0,0.0,0.0,0.0
2024,10,00-0038589,J.Whyle,TEN,TE,1,0.0,0.0,0.0,0.0
2024,10,00-0036429,C.Woerner,ATL,TE,1,0.0,0.0,0.0,0.0
2024,10,00-0038720,J.Hill,MIA,TE,1,0.0,0.0,0.0,0.0
2024,10,00-0038547,L.Schoonmaker,DAL,TE,1,0.0,0.0,0.0,0.0
2024,10,00-0034981,F.Moreau,NO,TE,1,0.0,0.0,0.0,0.0
2024,10,00-0034830,H.Hurst,LAC,TE,1,0.0,0.0,0.0,0.0
2024,10,00-0031585,M.Pruitt,PIT,TE,1,0.0,0.0,0.0,0.0
2024,9,00-0034829,M.Gesicki,CIN,TE,1,22.0,27.0,22.0,27.0
2024,9,00-0030506,T.Kelce,KC,TE,1,10.0,24.0,10.0,24.0
2024,9,00-0038129,C.Otton,TB,TE,1,13.7,21.7,13.7,21.7
2024,9,00-0035249,J.Oliver,MIN,TE,1,11.8,16.8,11.8,16.8
2024,9,00-0033357,T.Hill,NO,TE,1,12.0,16.0,12.0,16.0
2024,9,00-0039338,B.Bowers,LV,TE,1,10.5,15.5,10.5,15.5
2024,9,00-0038041,J.Ferguson,DAL,TE,1,7.1,14.1,7.1,14.1
2024,9,00-0039847,T.Johnson,NYG,TE,1,11.1,14.1,11.1,14.1
2024,9,00-0039356,J.Sanders,CAR,TE,1,8.7,12.7,8.7,12.7
2024,9,00-0037744,T.McBride,ARI,TE,1,9.7,12.7,9.7,12.7
2024,9,00-0033090,H.Henry,NE,TE,1,5.6,12.6,5.6,12.6
2024,9,00-0035631,D.Sample,CIN,TE,1,7.4,11.4,7.4,11.4
2024,9,00-0032394,N.Vannett,TEN,TE,1,9.3,11.3,9.3,11.3
2024,9,00-0033858,J.Smith,MIA,TE,1,4.6,9.6,4.6,9.6
2024,9,00-0033881,E.Engram,JAX,TE,1,4.5,9.5,4.5,9.5
2024,9,00-0034981,F.Moreau,NO,TE,1,7.7,8.7,7.7,8.7
2024,9,00-0037086,G.Calcaterra,PHI,TE,1,3.0,8.0,3.0,8.0
2024,9,00-0033885,D.Njoku,CLE,TE,1,2.9,7.9,2.9,7.9
2024,9,00-0038996,T.Kraft,GB,TE,1,3.6,7.6,3.6,7.6
2024,9,00-0036590,Q.Morris,BUF,TE,1,6.2,7.2,6.2,7.2
2024,9,00-0038933,D.Kincaid,BUF,TE,1,3.2,7.2,3.2,7.2
2024,9,00-0031484,C.Manhertz,NYG,TE,1,6.2,7.2,6.2,7.2
2024,9,00-0037809,C.Okonkwo,TEN,TE,1,3.8,6.8,3.8,6.8
2024,9,00-0039793,A.Barner,SEA,TE,1,2.7,6.7,2.7,6.7
2024,9,00-0034364,J.Akins,CLE,TE,1,3.2,6.2,3.2,6.2
2024,9,00-0036040,J.Johnson,NO,TE,1,4.1,6.1,4.1,6.1
2024,9,00-0035229,T.Hockenson,MIN,TE,1,2.7,5.7,2.7,5.7
2024,9,00-0039041,E.Higgins,ARI,TE,1,3.4,5.4,3.4,5.4
2024,9,00-0034383,D.Schultz,HOU,TE,1,2.1,5.1,2.1,5.1
2024,9,00-0039065,S.LaPorta,DET,TE,1,2.8,4.8,2.8,4.8
2024,9,00-0034753,M.Andrews,BAL,TE,1,2.6,4.6,2.6,4.6
2024,9,00-0039814,E.All,CIN,TE,1,2.4,4.4,2.4,4.4
2024,9,00-0036232,H.Bryant,LV,TE,1,2.2,4.2,2.2,4.2
2024,9,00-0034613,T.Hudson,CIN,TE,1,1.4,3.4,1.4,3.4
2024,9,00-0036876,K.Granson,IND,TE,1,2.2,3.2,2.2,3.2
2024,9,00-0034159,W.Dissly,LAC,TE,1,0.9,2.9,0.9,2.9
2024,9,00-0038589,J.Whyle,TEN,TE,1,1.2,2.2,1.2,2.2
2024,9,00-0036510,K.Yeboah,NYJ,TE,1,1.2,2.2,1.2,2.2
2024,9,00-0039912,B.Sinnott,WAS,TE,1,1.2,2.2,1.2,2.2
2024,9,00-0036970,K.Pitts,ATL,TE,1,1.1,2.1,1.1,2.1
2024,9,00-0037569,P.Hendershot,KC,TE,1,0.9,1.9,0.9,1.9
2024,9,00-0032392,A.Hooper,NE,TE,1,0.8,1.8,0.8,1.8
2024,9,00-0034830,H.Hurst,LAC,TE,1,0.6,1.6,0.6,1.6
2024,9,00-0035689,D.Knox,BUF,TE,1,0.5,1.5,0.5,1.5
2024,9,00-0039074,D.Allen,LA,TE,1,0.5,1.5,0.5,1.5
2024,9,00-0033895,G.Everett,CHI,TE,1,0.5,1.5,0.5,1.5
2024,9,00-0036887,L.Farrell,JAX,TE,1,0.5,1.5,0.5,1.5
2024,9,00-0030061,Z.Ertz,WAS,TE,1,0.5,1.5,0.5,1.5
2024,9,00-0037805,J.Ruckert,NYJ,TE,1,0.4,1.4,0.4,1.4
2024,9,00-0037004,H.Long,LA,TE,1,0.4,1.4,0.4,1.4
2024,9,00-0034798,D.Smythe,MIA,TE,1,0.4,1.4,0.4,1.4
2024,9,00-0036422,A.Trautman,DEN,TE,1,0.4,1.4,0.4,1.4
2024,9,00-0031690,E.Tomlinson,LAC,TE,1,0.2,1.2,0.2,1.2
2024,9,00-0039420,J.Bell,NE,TE,1,0.1,1.1,0.1,1.1
2024,9,00-0036754,B.Wright,DET,TE,1,0.1,1.1,0.1,1.1
2024,9,00-0034270,T.Conklin,NYJ,TE,1,-0.3,0.7,-0.3,0.7
2024,9,00-0039359,C.Stover,HOU,TE,1,0.0,0.0,0.0,0.0
2024,9,00-0036637,N.Gray,KC,TE,1,0.0,0.0,0.0,0.0
2024,9,00-0037838,I.Likely,BAL,TE,1,0.0,0.0,0.0,0.0
2024,9,00-0037539,L.Krull,DEN,TE,1,0.0,0.0,0.0,0.0
2024,9,00-0033246,J.Mundt,MIN,TE,1,0.0,0.0,0.0,0.0
2024,8,00-0038129,C.Otton,TB,TE,1,20.1,29.1,20.1,29.1
2024,8,00-0036970,K.Pitts,ATL,TE,1,21.1,25.1,21.1,25.1
2024,8,00-0030506,T.Kelce,KC,TE,1,15.0,25.0,15.0,25.0
2024,8,00-0033288,G.Kittle,SF,TE,1,18.8,24.8,18.8,24.8
2024,8,00-0037744,T.McBride,ARI,TE,1,12.4,21.4,12.4,21.4
2024,8,00-0036422,A.Trautman,DEN,TE,1,14.5,18.5,14.5,18.5
2024,8,00-0033885,D.Njoku,CLE,TE,1,12.1,17.1,12.1,17.1
2024,8,00-0039065,S.LaPorta,DET,TE,1,10.8,16.8,10.8,16.8
2024,8,00-0038996,T.Kraft,GB,TE,1,13.8,16.8,13.8,16.8
2024,8,00-0030061,Z.Ertz,WAS,TE,1,7.7,14.7,7.7,14.7
2024,8,00-0034753,M.Andrews,BAL,TE,1,9.6,14.6,9.6,14.6
2024,8,00-0034829,M.Gesicki,CIN,TE,1,7.3,14.3,7.3,14.3
2024,8,00-0033881,E.Engram,JAX,TE,1,9.6,13.6,9.6,13.6
2024,8,00-0034270,T.Conklin,NYJ,TE,1,10.2,13.2,10.2,13.2
2024,8,00-0038933,D.Kincaid,BUF,TE,1,9.1,13.1,9.1,13.1
2024,8,00-0035249,J.Oliver,MIN,TE,1,9.0,11.0,9.0,11.0
2024,8,00-0038935,B.Strange,JAX,TE,1,5.9,10.9,5.9,10.9
2024,8,00-0039338,B.Bowers,LV,TE,1,5.8,10.8,5.8,10.8
2024,8,00-0033090,H.Henry,NE,TE,1,4.5,9.5,4.5,9.5
2024,8,00-0034383,D.Schultz,HOU,TE,1,5.2,9.2,5.2,9.2
2024,8,00-0034159,W.Dissly,LAC,TE,1,4.1,9.1,4.1,9.1
2024,8,00-0037086,G.Calcaterra,PHI,TE,1,5.8,8.8,5.8,8.8
2024,8,00-0037838,I.Likely,BAL,TE,1,4.7,8.7,4.7,8.7
2024,8,00-0038041,J.Ferguson,DAL,TE,1,2.3,8.3,2.3,8.3
2024,8,00-0036040,J.Johnson,NO,TE,1,4.8,7.8,4.8,7.8
2024,8,00-0036754,B.Wright,DET,TE,1,6.8,7.8,6.8,7.8
2024,8,00-0038783,N.Adkins,DEN,TE,1,6.3,7.3,6.3,7.3
2024,8,00-0035689,D.Knox,BUF,TE,1,5.0,7.0,5.0,7.0
2024,8,00-0039847,T.Johnson,NYG,TE,1,3.5,6.5,3.5,6.5
2024,8,00-0033357,T.Hill,NO,TE,1,4.25,6.25,4.25,6.25
2024,8,00-0033858,J.Smith,MIA,TE,1,2.0,6.0,2.0,6.0
2024,8,00-0039793,A.Barner,SEA,TE,1,3.4,5.4,3.4,5.4
2024,8,00-0036637,N.Gray,KC,TE,1,2.3,5.3,2.3,5.3
2024,8,00-0038589,J.Whyle,TEN,TE,1,3.3,5.3,3.3,5.3
2024,8,00-0035644,N.Fant,SEA,TE,1,2.2,5.2,2.2,5.2
2024,8,00-0039814,E.All,CIN,TE,1,3.2,5.2,3.2,5.2
2024,8,00-0032392,A.Hooper,NE,TE,1,1.5,4.5,1.5,4.5
2024,8,00-0037805,J.Ruckert,NYJ,TE,1,1.4,4.4,1.4,4.4
2024,8,00-0038720,J.Hill,MIA,TE,1,1.1,4.1,1.1,4.1
2024,8,00-0039359,C.Stover,HOU,TE,1,1.9,3.9,1.9,3.9
2024,8,00-0038558,D.Washington,PIT,TE,1,2.9,3.9,2.9,3.9
2024,8,00-0036894,P.Freiermuth,PIT,TE,1,1.9,3.9,1.9,3.9
2024,8,00-0037539,L.Krull,DEN,TE,1,1.8,3.8,1.8,3.8
2024,8,00-0036244,C.Parkinson,LA,TE,1,1.7,3.7,1.7,3.7
2024,8,00-0037809,C.Okonkwo,TEN,TE,1,1.4,3.4,1.4,3.4
2024,8,00-0037005,T.Tremble,CAR,TE,1,1.3,3.3,1.3,3.3
2024,8,00-0039041,E.Higgins,ARI,TE,1,1.3,3.3,1.3,3.3
2024,8,00-0036628,J.Bates,WAS,TE,1,2.0,3.0,2.0,3.0
2024,8,00-0037004,H.Long,LA,TE,1,1.8,2.8,1.8,2.8
2024,8,00-0036290,C.Kmet,CHI,TE,1,1.4,2.4,1.4,2.4
2024,8,00-0036429,C.Woerner,ATL,TE,1,1.3,2.3,1.3,2.3
2024,8,00-0031585,M.Pruitt,PIT,TE,1,1.0,2.0,1.0,2.0
2024,8,00-0033246,J.Mundt,MIN,TE,1,1.0,2.0,1.0,2.0
2024,8,00-0038046,C.Kolar,BAL,TE,1,0.9,1.9,0.9,1.9
2024,8,00-0038920,J.Shenker,LV,TE,1,0.7,1.7,0.7,1.7
2024,8,00-0039356,J.Sanders,CAR,TE,1,0.7,1.7,0.7,1.7
2024,8,00-0032141,G.Swaim,CLE,TE,1,0.7,1.7,0.7,1.7
2024,8,00-0036741,J.Stoll,PHI,TE,1,0.6,1.6,0.6,1.6
2024,8,00-0036876,K.Granson,IND,TE,1,0.4,1.4,0.4,1.4
2024,8,00-0033895,G.Everett,CHI,TE,1,0.3,1.3,0.3,1.3
2024,8,00-0035547,J.Fortson,KC,TE,1,0.0,0.0,0.0,0.0
2024,8,00-0031484,C.Manhertz,NYG,TE,1,0.0,0.0,0.0,0.0
2024,8,00-0034981,F.Moreau,NO,TE,1,0.0,0.0,0.0,0.0
2024,8,00-0032394,N.Vannett,TEN,TE,1,0.0,0.0,0.0,0.0
2024,8,00-0033217,M.Alie-Cox,IND,TE,1,0.0,0.0,0.0,0.0
2024,8,00-0038809,B.Sims,GB,TE,1,0.0,0.0,0.0,0.0
2024,8,00-0039530,B.Spann-Ford,DAL,TE,1,0.0,0.0,0.0,0.0
2024,8,00-0038394,W.Mallory,IND,TE,1,0.0,0.0,0.0,0.0
2024,8,00-0031690,E.Tomlinson,LAC,TE,1,0.0,0.0,0.0,0.0
2024,8,00-0034364,J.Akins,CLE,TE,1,0.0,0.0,0.0,0.0
2024,7,00-0033885,D.Njoku,CLE,TE,1,13.6,23.6,13.6,23.6
2024,7,00-0033858,J.Smith,MIA,TE,1,15.6,22.6,15.6,22.6
2024,7,00-0034753,M.Andrews,BAL,TE,1,16.1,20.1,16.1,20.1
2024,7,00-0039338,B.Bowers,LV,TE,1,9.3,19.3,9.3,19.3
2024,7,00-0038129,C.Otton,TB,TE,1,10.0,18.0,10.0,18.0
2024,7,00-0033090,H.Henry,NE,TE,1,9.2,17.2,9.2,17.2
2024,7,00-0034159,W.Dissly,LAC,TE,1,8.1,16.1,8.1,16.1
2024,7,00-0033288,G.Kittle,SF,TE,1,9.2,15.2,9.2,15.2
2024,7,00-0030061,Z.Ertz,WAS,TE,1,10.0,14.0,10.0,14.0
2024,7,00-0036970,K.Pitts,ATL,TE,1,6.5,13.5,6.5,13.5
2024,7,00-0038996,T.Kraft,GB,TE,1,9.3,12.3,9.3,12.3
2024,7,00-0039356,J.Sanders,CAR,TE,1,6.1,12.1,6.1,12.1
2024,7,00-0034270,T.Conklin,NYJ,TE,1,6.7,10.7,6.7,10.7
2024,7,00-0036637,N.Gray,KC,TE,1,6.6,10.6,6.6,10.6
2024,7,00-0035644,N.Fant,SEA,TE,1,6.5,10.5,6.5,10.5
2024,7,00-0037744,T.McBride,ARI,TE,1,5.1,10.1,5.1,10.1
2024,7,00-0037809,C.Okonkwo,TEN,TE,1,5.0,9.0,5.0,9.0
2024,7,00-0039912,B.Sinnott,WAS,TE,1,6.6,8.6,6.6,8.6
2024,7,00-0033881,E.Engram,JAX,TE,1,3.5,8.5,3.5,8.5
2024,7,00-0038933,D.Kincaid,BUF,TE,1,5.2,8.2,5.2,8.2
2024,7,00-0034364,J.Akins,CLE,TE,1,4.2,8.2,4.2,8.2
2024,7,00-0038558,D.Washington,PIT,TE,1,3.6,7.6,3.6,7.6
2024,7,00-0032392,A.Hooper,NE,TE,1,3.2,7.2,3.2,7.2
2024,7,00-0036894,P.Freiermuth,PIT,TE,1,5.1,7.1,5.1,7.1
2024,7,00-0037539,L.Krull,DEN,TE,1,4.1,7.1,4.1,7.1
2024,7,00-0032394,N.Vannett,TEN,TE,1,2.5,6.5,2.5,6.5
2024,7,00-0038589,J.Whyle,TEN,TE,1,3.4,6.4,3.4,6.4
2024,7,00-0034981,F.Moreau,NO,TE,1,3.8,5.8,3.8,5.8
2024,7,00-0030506,T.Kelce,KC,TE,1,1.7,5.7,1.7,5.7
2024,7,00-0036244,C.Parkinson,LA,TE,1,3.2,5.2,3.2,5.2
2024,7,00-0033246,J.Mundt,MIN,TE,1,0.8,4.8,0.8,4.8
2024,7,00-0036040,J.Johnson,NO,TE,1,1.8,4.8,1.8,4.8
2024,7,00-0037475,S.Smartt,LAC,TE,1,3.1,4.1,3.1,4.1
2024,7,00-0036232,H.Bryant,LV,TE,1,1.9,3.9,1.9,3.9
2024,7,00-0034383,D.Schultz,HOU,TE,1,2.8,3.8,2.8,3.8
2024,7,00-0037838,I.Likely,BAL,TE,1,1.7,3.7,1.7,3.7
2024,7,00-0039065,S.LaPorta,DET,TE,1,2.5,3.5,2.5,3.5
2024,7,00-0039359,C.Stover,HOU,TE,1,1.5,2.5,1.5,2.5
2024,7,00-0038046,C.Kolar,BAL,TE,1,1.4,2.4,1.4,2.4
2024,7,00-0034365,I.Thomas,CAR,TE,1,0.4,2.4,0.4,2.4
2024,7,00-0038115,D.Bellinger,NYG,TE,1,1.1,2.1,1.1,2.1
2024,7,00-0031690,E.Tomlinson,LAC,TE,1,0.7,1.7,0.7,1.7
2024,7,00-0037086,G.Calcaterra,PHI,TE,1,0.5,1.5,0.5,1.5
2024,7,00-0035249,J.Oliver,MIN,TE,1,0.5,1.5,0.5,1.5
2024,7,00-0035689,D.Knox,BUF,TE,1,0.5,1.5,0.5,1.5
2024,7,00-0037004,H.Long,LA,TE,1,0.5,1.5,0.5,1.5
2024,7,00-0038394,W.Mallory,IND,TE,1,0.5,1.5,0.5,1.5
2024,7,00-0039793,A.Barner,SEA,TE,1,0.5,1.5,0.5,1.5
2024,7,00-0038720,J.Hill,MIA,TE,1,0.4,1.4,0.4,1.4
2024,7,00-0038809,B.Sims,GB,TE,1,0.2,1.2,0.2,1.2
2024,7,00-0034829,M.Gesicki,CIN,TE,1,0.2,1.2,0.2,1.2
2024,7,00-0039041,E.Higgins,ARI,TE,1,0.1,1.1,0.1,1.1
2024,7,00-0039737,T.Reiman,ARI,TE,1,0.1,1.1,0.1,1.1
2024,7,00-0036876,K.Granson,IND,TE,1,0.0,0.0,0.0,0.0
2024,7,00-0034613,T.Hudson,CIN,TE,1,0.0,0.0,0.0,0.0
2024,7,00-0037292,A.Ogletree,IND,TE,1,0.0,0.0,0.0,0.0
2024,7,00-0036422,A.Trautman,DEN,TE,1,0.0,0.0,0.0,0.0
2024,7,00-0035547,J.Fortson,KC,TE,1,0.0,0.0,0.0,0.0
2024,7,00-0039814,E.All,CIN,TE,1,0.0,0.0,0.0,0.0
2024,7,00-0033217,M.Alie-Cox,IND,TE,1,0.0,0.0,0.0,0.0
2024,7,00-0035631,D.Sample,CIN,TE,1,0.0,0.0,0.0,0.0
2024,6,00-0036290,C.Kmet,CHI,TE,1,19.0,24.0,19.0,24.0
2024,6,00-0033288,G.Kittle,SF,TE,1,17.8,22.8,17.8,22.8
2024,6,00-0033881,E.Engram,JAX,TE,1,10.2,20.2,10.2,20.2
2024,6,00-0037744,T.McBride,ARI,TE,1,9.6,17.6,9.6,17.6
2024,6,00-0039338,B.Bowers,LV,TE,1,7.1,16.1,7.1,16.1
2024,6,00-0034753,M.Andrews,BAL,TE,1,12.6,15.6,12.6,15.6
2024,6,00-0033090,H.Henry,NE,TE,1,10.1,13.1,10.1,13.1
2024,6,00-0035644,N.Fant,SEA,TE,1,6.3,12.3,6.3,12.3
2024,6,00-0039065,S.LaPorta,DET,TE,1,11.2,12.2,11.2,12.2
2024,6,00-0038933,D.Kincaid,BUF,TE,1,5.1,11.1,5.1,11.1
2024,6,00-0030061,Z.Ertz,WAS,TE,1,6.8,10.8,6.8,10.8
2024,6,00-0037086,G.Calcaterra,PHI,TE,1,6.7,10.7,6.7,10.7
2024,6,00-0036970,K.Pitts,ATL,TE,1,7.0,10.0,7.0,10.0
2024,6,00-0039356,J.Sanders,CAR,TE,1,4.9,9.9,4.9,9.9
2024,6,00-0038129,C.Otton,TB,TE,1,7.5,9.5,7.5,9.5
2024,6,00-0035689,D.Knox,BUF,TE,1,7.2,8.2,7.2,8.2
2024,6,00-0033217,M.Alie-Cox,IND,TE,1,4.1,8.1,4.1,8.1
2024,6,00-0033885,D.Njoku,CLE,TE,1,3.1,8.1,3.1,8.1
2024,6,00-0036040,J.Johnson,NO,TE,1,4.8,7.8,4.8,7.8
2024,6,00-0034981,F.Moreau,NO,TE,1,5.4,7.4,5.4,7.4
2024,6,00-0034383,D.Schultz,HOU,TE,1,2.7,6.7,2.7,6.7
2024,6,00-0034159,W.Dissly,LAC,TE,1,2.6,6.6,2.6,6.6
2024,6,00-0039847,T.Johnson,NYG,TE,1,3.0,6.0,3.0,6.0
2024,6,00-0038809,B.Sims,GB,TE,1,3.8,5.8,3.8,5.8
2024,6,00-0036232,H.Bryant,LV,TE,1,2.4,5.4,2.4,5.4
2024,6,00-0037838,I.Likely,BAL,TE,1,2.7,4.7,2.7,4.7
2024,6,00-0037292,A.Ogletree,IND,TE,1,2.4,4.4,2.4,4.4
2024,6,00-0038041,J.Ferguson,DAL,TE,1,1.1,4.1,1.1,4.1
2024,6,00-0036894,P.Freiermuth,PIT,TE,1,1.6,3.6,1.6,3.6
2024,6,00-0037809,C.Okonkwo,TEN,TE,1,0.6,3.6,0.6,3.6
2024,6,00-0038996,T.Kraft,GB,TE,1,1.5,3.5,1.5,3.5
2024,6,00-0037539,L.Krull,DEN,TE,1,1.1,3.1,1.1,3.1
2024,6,00-0039814,E.All,CIN,TE,1,1.0,3.0,1.0,3.0
2024,6,00-0034270,T.Conklin,NYJ,TE,1,1.0,3.0,1.0,3.0
2024,6,00-0037805,J.Ruckert,NYJ,TE,1,0.7,2.7,0.7,2.7
2024,6,00-0039793,A.Barner,SEA,TE,1,1.3,2.3,1.3,2.3
2024,6,00-0038935,B.Strange,JAX,TE,1,1.1,2.1,1.1,2.1
2024,6,00-0037475,S.Smartt,LAC,TE,1,1.0,2.0,1.0,2.0
2024,6,00-0038558,D.Washington,PIT,TE,1,0.9,1.9,0.9,1.9
2024,6,00-0032392,A.Hooper,NE,TE,1,0.5,1.5,0.5,1.5
2024,6,00-0038783,N.Adkins,DEN,TE,1,0.5,1.5,0.5,1.5
2024,6,00-0037304,C.Heyward,PIT,TE,1,0.4,1.4,0.4,1.4
2024,6,00-0038589,J.Whyle,TEN,TE,1,0.2,1.2,0.2,1.2
2024,6,00-0024243,M.Lewis,CHI,TE,1,0.2,1.2,0.2,1.2
2024,6,00-0034351,D.Goedert,PHI,TE,1,0.0,0.0,0.0,0.0
2024,6,00-0039359,C.Stover,HOU,TE,1,0.0,0.0,0.0,0.0
2024,6,00-0033895,G.Everett,CHI,TE,1,0.0,0.0,0.0,0.0
2024,6,00-0036876,K.Granson,IND,TE,1,0.0,0.0,0.0,0.0
2024,6,00-0038394,W.Mallory,IND,TE,1,0.0,0.0,0.0,0.0
2024,6,00-0036754,B.Wright,DET,TE,1,0.0,0.0,0.0,0.0
2024,6,00-0034365,I.Thomas,CAR,TE,1,0.0,0.0,0.0,0.0
2024,5,00-0038996,T.Kraft,GB,TE,1,20.8,24.8,20.8,24.8
2024,5,00-0039338,B.Bowers,LV,TE,1,15.7,23.7,15.7,23.7
2024,5,00-0033288,G.Kittle,SF,TE,1,12.4,20.4,12.4,20.4
2024,5,00-0037838,I.Likely,BAL,TE,1,13.3,16.3,13.3,16.3
2024,5,00-0030506,T.Kelce,KC,TE,1,7.0,16.0,7.0,16.0
2024,5,00-0036970,K.Pitts,ATL,TE,1,8.8,15.8,8.8,15.8
2024,5,00-0038046,C.Kolar,BAL,TE,1,12.6,15.6,12.6,15.6
2024,5,00-0038041,J.Ferguson,DAL,TE,1,7.0,13.0,7.0,13.0
2024,5,00-0038935,B.Strange,JAX,TE,1,8.4,12.4,8.4,12.4
2024,5,00-0036244,C.Parkinson,LA,TE,1,5.2,12.2,5.2,12.2
2024,5,00-0033217,M.Alie-Cox,IND,TE,1,9.7,11.7,9.7,11.7
2024,5,00-0034270,T.Conklin,NYJ,TE,1,5.5,11.5,5.5,11.5
2024,5,00-0037744,T.McBride,ARI,TE,1,5.3,11.3,5.3,11.3
2024,5,00-0034364,J.Akins,CLE,TE,1,8.2,11.2,8.2,11.2
2024,5,00-0036894,P.Freiermuth,PIT,TE,1,8.2,11.2,8.2,11.2
2024,5,00-0033858,J.Smith,MIA,TE,1,6.1,11.1,6.1,11.1
2024,5,00-0037304,C.Heyward,PIT,TE,1,8.3,10.3,8.3,10.3
2024,5,00-0039847,T.Johnson,NYG,TE,1,4.8,9.8,4.8,9.8
2024,5,00-0034753,M.Andrews,BAL,TE,1,5.5,9.5,5.5,9.5
2024,5,00-0034981,F.Moreau,NO,TE,1,7.3,9.3,7.3,9.3
2024,5,00-0036290,C.Kmet,CHI,TE,1,5.7,8.7,5.7,8.7
2024,5,00-0036040,J.Johnson,NO,TE,1,3.1,8.1,3.1,8.1
2024,5,00-0038129,C.Otton,TB,TE,1,4.4,7.4,4.4,7.4
2024,5,00-0034383,D.Schultz,HOU,TE,1,3.4,7.4,3.4,7.4
2024,5,00-0039041,E.Higgins,ARI,TE,1,6.2,7.2,6.2,7.2
2024,5,00-0038933,D.Kincaid,BUF,TE,1,3.4,5.4,3.4,5.4
2024,5,00-0035644,N.Fant,SEA,TE,1,2.4,5.4,2.4,5.4
2024,5,00-0033090,H.Henry,NE,TE,1,3.2,5.2,3.2,5.2
2024,5,00-0033246,J.Mundt,MIN,TE,1,3.1,5.1,3.1,5.1
2024,5,00-0034829,M.Gesicki,CIN,TE,1,3.1,5.1,3.1,5.1
2024,5,00-0036637,N.Gray,KC,TE,1,2.9,4.9,2.9,4.9
2024,5,00-0039356,J.Sanders,CAR,TE,1,1.3,4.3,1.3,4.3
2024,5,00-0033895,G.Everett,CHI,TE,1,2.2,4.2,2.2,4.2
2024,5,00-0039530,B.Spann-Ford,DAL,TE,1,2.0,4.0,2.0,4.0
2024,5,00-0036887,L.Farrell,JAX,TE,1,1.7,3.7,1.7,3.7
2024,5,00-0037004,H.Long,LA,TE,1,1.6,3.6,1.6,3.6
2024,5,00-0030061,Z.Ertz,WAS,TE,1,1.0,3.0,1.0,3.0
2024,5,00-0039814,E.All,CIN,TE,1,1.0,3.0,1.0,3.0
2024,5,00-0036422,A.Trautman,DEN,TE,1,1.9,2.9,1.9,2.9
2024,5,00-0039359,C.Stover,HOU,TE,1,0.6,2.6,0.6,2.6
2024,5,00-0033885,D.Njoku,CLE,TE,1,1.4,2.4,1.4,2.4
2024,5,00-0039793,A.Barner,SEA,TE,1,1.3,2.3,1.3,2.3
2024,5,00-0032392,A.Hooper,NE,TE,1,0.9,1.9,0.9,1.9
2024,5,00-0038783,N.Adkins,DEN,TE,1,0.8,1.8,0.8,1.8
2024,5,00-0038547,L.Schoonmaker,DAL,TE,1,0.8,1.8,0.8,1.8
2024,5,00-0038394,W.Mallory,IND,TE,1,0.7,1.7,0.7,1.7
2024,5,00-0033439,P.Brown,SEA,TE,1,0.7,1.7,0.7,1.7
2024,5,00-0037005,T.Tremble,CAR,TE,1,0.7,1.7,0.7,1.7
2024,5,00-0039737,T.Reiman,ARI,TE,1,0.5,1.5,0.5,1.5
2024,5,00-0037539,L.Krull,DEN,TE,1,0.5,1.5,0.5,1.5
2024,5,00-0038558,D.Washington,PIT,TE,1,0.5,1.5,0.5,1.5
2024,5,00-0035547,J.Fortson,KC,TE,1,0.5,1.5,0.5,1.5
2024,5,00-0037292,A.Ogletree,IND,TE,1,0.5,1.5,0.5,1.5
2024,5,00-0036332,J.Deguara,JAX,TE,1,0.2,1.2,0.2,1.2
2024,5,00-0034798,D.Smythe,MIA,TE,1,0.0,0.0,0.0,0.0
2024,5,00-0039074,D.Allen,LA,TE,1,0.0,0.0,0.0,0.0
2024,4,00-0038996,T.Kraft,GB,TE,1,11.3,17.3,11.3,17.3
2024,4,00-0036894,P.Freiermuth,PIT,TE,1,11.7,16.7,11.7,16.7
2024,4,00-0030506,T.Kelce,KC,TE,1,8.9,15.9,8.9,15.9
2024,4,00-0033288,G.Kittle,SF,TE,1,10.5,14.5,10.5,14.5
2024,4,00-0033357,T.Hill,NO,TE,1,14.4,14.4,14.4,14.4
2024,4,00-0034351,D.Goedert,PHI,TE,1,6.2,13.2,6.2,13.2
2024,4,00-0038041,J.Ferguson,DAL,TE,1,4.9,11.9,4.9,11.9
2024,4,00-0038129,C.Otton,TB,TE,1,5.2,11.2,5.2,11.2
2024,4,00-0039793,A.Barner,SEA,TE,1,8.7,10.7,8.7,10.7
2024,4,00-0038710,B.Whiteheart,CLE,TE,1,7.3,10.3,7.3,10.3
2024,4,00-0038933,D.Kincaid,BUF,TE,1,4.7,9.7,4.7,9.7
2024,4,00-0039065,S.LaPorta,DET,TE,1,5.3,9.3,5.3,9.3
2024,4,00-0032392,A.Hooper,NE,TE,1,7.3,9.3,7.3,9.3
2024,4,00-0035249,J.Oliver,MIN,TE,1,7.0,9.0,7.0,9.0
2024,4,00-0037292,A.Ogletree,IND,TE,1,7.5,8.5,7.5,8.5
2024,4,00-0036637,N.Gray,KC,TE,1,4.0,8.0,4.0,8.0
2024,4,00-0036244,C.Parkinson,LA,TE,1,3.3,7.3,3.3,7.3
2024,4,00-0039814,E.All,CIN,TE,1,2.8,6.8,2.8,6.8
2024,4,00-0034383,D.Schultz,HOU,TE,1,3.4,6.4,3.4,6.4
2024,4,00-0036290,C.Kmet,CHI,TE,1,3.4,6.4,3.4,6.4
2024,4,00-0034270,T.Conklin,NYJ,TE,1,1.7,5.7,1.7,5.7
2024,4,00-0030061,Z.Ertz,WAS,TE,1,2.2,5.2,2.2,5.2
2024,4,00-0039338,B.Bowers,LV,TE,1,3.1,5.1,3.1,5.1
2024,4,00-0038558,D.Washington,PIT,TE,1,3.1,5.1,3.1,5.1
2024,4,00-0038935,B.Strange,JAX,TE,1,1.9,4.9,1.9,4.9
2024,4,00-0035644,N.Fant,SEA,TE,1,2.6,4.6,2.6,4.6
2024,4,00-0034159,W.Dissly,LAC,TE,1,2.4,4.4,2.4,4.4
2024,4,00-0039144,L.Musgrave,GB,TE,1,1.3,4.3,1.3,4.3
2024,4,00-0036232,H.Bryant,LV,TE,1,2.1,4.1,2.1,4.1
2024,4,00-0039359,C.Stover,HOU,TE,1,2.7,3.7,2.7,3.7
2024,4,00-0039356,J.Sanders,CAR,TE,1,1.6,3.6,1.6,3.6
2024,4,00-0037838,I.Likely,BAL,TE,1,2.6,3.6,2.6,3.6
2024,4,00-0037086,G.Calcaterra,PHI,TE,1,2.6,3.6,2.6,3.6
2024,4,00-0033246,J.Mundt,MIN,TE,1,1.5,3.5,1.5,3.5
2024,4,00-0036040,J.Johnson,NO,TE,1,1.3,3.3,1.3,3.3
2024,4,00-0036754,B.Wright,DET,TE,1,1.3,3.3,1.3,3.3
2024,4,00-0033090,H.Henry,NE,TE,1,1.2,3.2,1.2,3.2
2024,4,00-0039041,E.Higgins,ARI,TE,1,1.2,3.2,1.2,3.2
2024,4,00-0037805,J.Ruckert,NYJ,TE,1,1.0,3.0,1.0,3.0
2024,4,00-0034364,J.Akins,CLE,TE,1,1.0,2.0,1.0,2.0
2024,4,00-0036628,J.Bates,WAS,TE,1,0.9,1.9,0.9,1.9
2024,4,00-0034830,H.Hurst,LAC,TE,1,0.6,1.6,0.6,1.6
2024,4,00-0039847,T.Johnson,NYG,TE,1,0.6,1.6,0.6,1.6
2024,4,00-0037809,C.Okonkwo,TEN,TE,1,0.5,1.5,0.5,1.5
2024,4,00-0038589,J.Whyle,TEN,TE,1,0.5,1.5,0.5,1.5
2024,4,00-0036741,J.Stoll,PHI,TE,1,0.4,1.4,0.4,1.4
2024,4,00-0033439,P.Brown,SEA,TE,1,0.3,1.3,0.3,1.3
2024,4,00-0035631,D.Sample,CIN,TE,1,0.0,1.0,0.0,1.0
2024,4,00-0035689,D.Knox,BUF,TE,1,0.0,1.0,0.0,1.0
2024,4,00-0038783,N.Adkins,DEN,TE,1,0.0,1.0,0.0,1.0
2024,4,00-0034829,M.Gesicki,CIN,TE,1,-0.9,0.1,-0.9,0.1
2024,4,00-0036825,F.Franks,CAR,TE,1,0.0,0.0,0.0,0.0
2024,4,00-0036887,L.Farrell,JAX,TE,1,0.0,0.0,0.0,0.0
2024,4,00-0036970,K.Pitts,ATL,TE,1,0.0,0.0,0.0,0.0
2024,4,00-0037252,G.Dulcich,DEN,TE,1,0.0,0.0,0.0,0.0
2024,4,00-0033858,J.Smith,MIA,TE,1,0.0,0.0,0.0,0.0
2024,4,00-0034753,M.Andrews,BAL,TE,1,0.0,0.0,0.0,0.0
2024,3,00-0034351,D.Goedert,PHI,TE,1,17.0,27.0,17.0,27.0
2024,3,00-0036290,C.Kmet,CHI,TE,1,15.7,25.7,15.7,25.7
2024,3,00-0038041,J.Ferguson,DAL,TE,1,9.5,15.5,9.5,15.5
2024,3,00-0034270,T.Conklin,NYJ,TE,1,9.3,14.3,9.3,14.3
2024,3,00-0038933,D.Kincaid,BUF,TE,1,10.1,13.1,10.1,13.1
2024,3,00-0035644,N.Fant,SEA,TE,1,6.0,12.0,6.0,12.0
2024,3,00-0038129,C.Otton,TB,TE,1,4.7,11.7,4.7,11.7
2024,3,00-0038935,B.Strange,JAX,TE,1,7.2,9.2,7.2,9.2
2024,3,00-0032394,N.Vannett,TEN,TE,1,6.9,8.9,6.9,8.9
2024,3,00-0030061,Z.Ertz,WAS,TE,1,3.8,8.8,3.8,8.8
2024,3,00-0034829,M.Gesicki,CIN,TE,1,4.7,8.7,4.7,8.7
2024,3,00-0038589,J.Whyle,TEN,TE,1,4.3,8.3,4.3,8.3
2024,3,00-0036970,K.Pitts,ATL,TE,1,5.9,7.9,5.9,7.9
2024,3,00-0036754,B.Wright,DET,TE,1,3.4,7.4,3.4,7.4
2024,3,00-0036894,P.Freiermuth,PIT,TE,1,3.3,7.3,3.3,7.3
2024,3,00-0033246,J.Mundt,MIN,TE,1,6.2,7.2,6.2,7.2
2024,3,00-0039338,B.Bowers,LV,TE,1,4.1,7.1,4.1,7.1
2024,3,00-0030506,T.Kelce,KC,TE,1,3.0,7.0,3.0,7.0
2024,3,00-0034364,J.Akins,CLE,TE,1,2.9,6.9,2.9,6.9
2024,3,00-0039814,E.All,CIN,TE,1,2.2,6.2,2.2,6.2
2024,3,00-0033576,E.Saubert,SF,TE,1,4.1,6.1,4.1,6.1
2024,3,00-0037005,T.Tremble,CAR,TE,1,2.9,5.9,2.9,5.9
2024,3,00-0039065,S.LaPorta,DET,TE,1,3.6,5.6,3.6,5.6
2024,3,00-0037744,T.McBride,ARI,TE,1,2.5,5.5,2.5,5.5
2024,3,00-0036244,C.Parkinson,LA,TE,1,2.1,5.1,2.1,5.1
2024,3,00-0036876,K.Granson,IND,TE,1,4.0,5.0,4.0,5.0
2024,3,00-0034159,W.Dissly,LAC,TE,1,1.9,4.9,1.9,4.9
2024,3,00-0038720,J.Hill,MIA,TE,1,2.4,4.4,2.4,4.4
2024,3,00-0038996,T.Kraft,GB,TE,1,2.4,4.4,2.4,4.4
2024,3,00-0039793,A.Barner,SEA,TE,1,1.3,4.3,1.3,4.3
2024,3,00-0038046,C.Kolar,BAL,TE,1,3.0,4.0,3.0,4.0
2024,3,00-0033858,J.Smith,MIA,TE,1,1.8,3.8,1.8,3.8
2024,3,00-0034830,H.Hurst,LAC,TE,1,1.5,3.5,1.5,3.5
2024,3,00-0037805,J.Ruckert,NYJ,TE,1,1.5,3.5,1.5,3.5
2024,3,00-0037809,C.Okonkwo,TEN,TE,1,1.5,3.5,1.5,3.5
2024,3,00-0034383,D.Schultz,HOU,TE,1,1.1,3.1,1.1,3.1
2024,3,00-0032392,A.Hooper,NE,TE,1,1.9,2.9,1.9,2.9
2024,3,00-0033090,H.Henry,NE,TE,1,0.9,2.9,0.9,2.9
2024,3,00-0038115,D.Bellinger,NYG,TE,1,1.7,2.7,1.7,2.7
2024,3,00-0039847,T.Johnson,NYG,TE,1,1.3,2.3,1.3,2.3
2024,3,00-0036637,N.Gray,KC,TE,1,1.3,2.3,1.3,2.3
2024,3,00-0036422,A.Trautman,DEN,TE,1,1.3,2.3,1.3,2.3
2024,3,00-0039041,E.Higgins,ARI,TE,1,1.1,2.1,1.1,2.1
2024,3,00-0033439,P.Brown,SEA,TE,1,0.9,1.9,0.9,1.9
2024,3,00-0036332,J.Deguara,JAX,TE,1,0.8,1.8,0.8,1.8
2024,3,00-0039050,P.Durham,TB,TE,1,0.8,1.8,0.8,1.8
2024,3,00-0039066,M.Mayer,LV,TE,1,0.7,1.7,0.7,1.7
2024,3,00-0035689,D.Knox,BUF,TE,1,0.7,1.7,0.7,1.7
2024,3,00-0038783,N.Adkins,DEN,TE,1,0.6,1.6,0.6,1.6
2024,3,00-0038547,L.Schoonmaker,DAL,TE,1,0.5,1.5,0.5,1.5
2024,3,00-0037838,I.Likely,BAL,TE,1,0.4,1.4,0.4,1.4
2024,3,00-0034798,D.Smythe,MIA,TE,1,0.3,1.3,0.3,1.3
2024,3,00-0039144,L.Musgrave,GB,TE,1,0.3,1.3,0.3,1.3
2024,3,00-0037304,C.Heyward,PIT,TE,1,0.2,1.2,0.2,1.2
2024,3,00-0034981,F.Moreau,NO,TE,1,0.2,1.2,0.2,1.2
2024,3,00-0036887,L.Farrell,JAX,TE,1,0.1,1.1,0.1,1.1
2024,3,00-0034753,M.Andrews,BAL,TE,1,0.0,0.0,0.0,0.0
2024,3,00-0033217,M.Alie-Cox,IND,TE,1,0.0,0.0,0.0,0.0
2024,3,00-0035249,J.Oliver,MIN,TE,1,0.0,0.0,0.0,0.0
2024,3,00-0039356,J.Sanders,CAR,TE,1,0.0,0.0,0.0,0.0
2024,3,00-0033895,G.Everett,CHI,TE,1,0.0,0.0,0.0,0.0
2024,2,00-0033288,G.Kittle,SF,TE,1,13.6,20.6,13.6,20.6
2024,2,00-0033090,H.Henry,NE,TE,1,10.9,18.9,10.9,18.9
2024,2,00-0039338,B.Bowers,LV,TE,1,9.8,18.8,9.8,18.8
2024,2,00-0034829,M.Gesicki,CIN,TE,1,9.1,16.1,9.1,16.1
2024,2,00-0037744,T.McBride,ARI,TE,1,6.7,12.7,6.7,12.7
2024,2,00-0033858,J.Smith,MIA,TE,1,5.3,11.3,5.3,11.3
2024,2,00-0038547,L.Schoonmaker,DAL,TE,1,4.3,10.3,4.3,10.3
2024,2,00-0030061,Z.Ertz,WAS,TE,1,6.2,10.2,6.2,10.2
2024,2,00-0038935,B.Strange,JAX,TE,1,6.5,9.5,6.5,9.5
2024,2,00-0034753,M.Andrews,BAL,TE,1,5.1,9.1,5.1,9.1
2024,2,00-0039041,E.Higgins,ARI,TE,1,7.8,8.8,7.8,8.8
2024,2,00-0036894,P.Freiermuth,PIT,TE,1,3.9,7.9,3.9,7.9
2024,2,00-0038558,D.Washington,PIT,TE,1,6.5,7.5,6.5,7.5
2024,2,00-0038933,D.Kincaid,BUF,TE,1,3.3,7.3,3.3,7.3
2024,2,00-0039814,E.All,CIN,TE,1,3.2,7.2,3.2,7.2
2024,2,00-0034351,D.Goedert,PHI,TE,1,3.8,6.8,3.8,6.8
2024,2,00-0036290,C.Kmet,CHI,TE,1,2.7,6.7,2.7,6.7
2024,2,00-0034159,W.Dissly,LAC,TE,1,2.9,5.9,2.9,5.9
2024,2,00-0035631,D.Sample,CIN,TE,1,2.8,5.8,2.8,5.8
2024,2,00-0037005,T.Tremble,CAR,TE,1,2.3,5.3,2.3,5.3
2024,2,00-0036970,K.Pitts,ATL,TE,1,2.0,5.0,2.0,5.0
2024,2,00-0037252,G.Dulcich,DEN,TE,1,1.6,4.6,1.6,4.6
2024,2,00-0037838,I.Likely,BAL,TE,1,2.6,4.6,2.6,4.6
2024,2,00-0037809,C.Okonkwo,TEN,TE,1,1.6,4.6,1.6,4.6
2024,2,00-0033576,E.Saubert,SF,TE,1,2.6,4.6,2.6,4.6
2024,2,00-0034383,D.Schultz,HOU,TE,1,2.1,4.1,2.1,4.1
2024,2,00-0037086,G.Calcaterra,PHI,TE,1,1.9,3.9,1.9,3.9
2024,2,00-0038996,T.Kraft,GB,TE,1,1.6,3.6,1.6,3.6
2024,2,00-0038589,J.Whyle,TEN,TE,1,1.3,3.3,1.3,3.3
2024,2,00-0039065,S.LaPorta,DET,TE,1,1.3,3.3,1.3,3.3
2024,2,00-0036887,L.Farrell,JAX,TE,1,1.3,3.3,1.3,3.3
2024,2,00-0033246,J.Mundt,MIN,TE,1,1.2,3.2,1.2,3.2
2024,2,00-0033217,M.Alie-Cox,IND,TE,1,2.2,3.2,2.2,3.2
2024,2,00-0033357,T.Hill,NO,TE,1,1.9,2.9,1.9,2.9
2024,2,00-0039359,C.Stover,HOU,TE,1,1.8,2.8,1.8,2.8
2024,2,00-0039356,J.Sanders,CAR,TE,1,0.8,2.8,0.8,2.8
2024,2,00-0035644,N.Fant,SEA,TE,1,1.4,2.4,1.4,2.4
2024,2,00-0036244,C.Parkinson,LA,TE,1,1.2,2.2,1.2,2.2
2024,2,00-0037292,A.Ogletree,IND,TE,1,1.2,2.2,1.2,2.2
2024,2,00-0039066,M.Mayer,LV,TE,1,1.1,2.1,1.1,2.1
2024,2,00-0033895,G.Everett,CHI,TE,1,0.1,2.1,0.1,2.1
2024,2,00-0034270,T.Conklin,NYJ,TE,1,1.0,2.0,1.0,2.0
2024,2,00-0034364,J.Akins,CLE,TE,1,1.0,2.0,1.0,2.0
2024,2,00-0036876,K.Granson,IND,TE,1,0.9,1.9,0.9,1.9
2024,2,00-0034798,D.Smythe,MIA,TE,1,0.8,1.8,0.8,1.8
2024,2,00-0039824,J.Wiley,KC,TE,1,0.7,1.7,0.7,1.7
2024,2,00-0039144,L.Musgrave,GB,TE,1,0.6,1.6,0.6,1.6
2024,2,00-0030506,T.Kelce,KC,TE,1,0.6,1.6,0.6,1.6
2024,2,00-0036628,J.Bates,WAS,TE,1,0.5,1.5,0.5,1.5
2024,2,00-0032392,A.Hooper,NE,TE,1,0.5,1.5,0.5,1.5
2024,2,00-0034830,H.Hurst,LAC,TE,1,0.5,1.5,0.5,1.5
2024,2,00-0038046,C.Kolar,BAL,TE,1,0.4,1.4,0.4,1.4
2024,2,00-0036556,B.Jordan,HOU,TE,1,0.4,1.4,0.4,1.4
2024,2,00-0038783,N.Adkins,DEN,TE,1,0.0,0.0,0.0,0.0
2024,2,00-0039530,B.Spann-Ford,DAL,TE,1,0.0,0.0,0.0,0.0
2024,2,00-0036232,H.Bryant,LV,TE,1,0.0,0.0,0.0,0.0
2024,2,00-0038720,J.Hill,MIA,TE,1,0.0,0.0,0.0,0.0
2024,2,00-0031690,E.Tomlinson,LAC,TE,1,0.0,0.0,0.0,0.0
2024,2,00-0037805,J.Ruckert,NYJ,TE,1,0.0,0.0,0.0,0.0
2024,2,00-0038129,C.Otton,TB,TE,1,-0.4,-0.4,-0.4,-0.4
2024,1,00-0037838,I.Likely,BAL,TE,1,17.1,26.1,17.1,26.1
2024,1,00-0034981,F.Moreau,NO,TE,1,10.3,14.3,10.3,14.3
2024,1,00-0039338,B.Bowers,LV,TE,1,5.8,11.8,5.8,11.8
2024,1,00-0036970,K.Pitts,ATL,TE,1,8.6,11.6,8.6,11.6
2024,1,00-0036040,J.Johnson,NO,TE,1,8.6,10.6,8.6,10.6
2024,1,00-0037809,C.Okonkwo,TEN,TE,1,7.5,9.5,7.5,9.5
2024,1,00-0036244,C.Parkinson,LA,TE,1,4.7,8.7,4.7,8.7
2024,1,00-0039065,S.LaPorta,DET,TE,1,4.5,8.5,4.5,8.5
2024,1,00-0033885,D.Njoku,CLE,TE,1,4.4,8.4,4.4,8.4
2024,1,00-0037744,T.McBride,ARI,TE,1,3.0,8.0,3.0,8.0
2024,1,00-0033288,G.Kittle,SF,TE,1,4.0,8.0,4.0,8.0
2024,1,00-0034351,D.Goedert,PHI,TE,1,3.1,7.1,3.1,7.1
2024,1,00-0036637,N.Gray,KC,TE,1,3.7,6.7,3.7,6.7
2024,1,00-0036894,P.Freiermuth,PIT,TE,1,2.7,6.7,2.7,6.7
2024,1,00-0030506,T.Kelce,KC,TE,1,3.4,6.4,3.4,6.4
2024,1,00-0030061,Z.Ertz,WAS,TE,1,2.8,5.8,2.8,5.8
2024,1,00-0038996,T.Kraft,GB,TE,1,3.7,5.7,3.7,5.7
2024,1,00-0034364,J.Akins,CLE,TE,1,2.7,5.7,2.7,5.7
2024,1,00-0034830,H.Hurst,LAC,TE,1,3.3,5.3,3.3,5.3
2024,1,00-0032392,A.Hooper,NE,TE,1,3.1,5.1,3.1,5.1
2024,1,00-0034829,M.Gesicki,CIN,TE,1,1.8,4.8,1.8,4.8
2024,1,00-0035249,J.Oliver,MIN,TE,1,2.7,4.7,2.7,4.7
2024,1,00-0034383,D.Schultz,HOU,TE,1,1.6,4.6,1.6,4.6
2024,1,00-0033357,T.Hill,NO,TE,1,3.6,4.6,3.6,4.6
2024,1,00-0038041,J.Ferguson,DAL,TE,1,1.5,4.5,1.5,4.5
2024,1,00-0034613,T.Hudson,CIN,TE,1,1.8,3.8,1.8,3.8
2024,1,00-0033090,H.Henry,NE,TE,1,1.8,3.8,1.8,3.8
2024,1,00-0033246,J.Mundt,MIN,TE,1,1.5,3.5,1.5,3.5
2024,1,00-0034753,M.Andrews,BAL,TE,1,1.4,3.4,1.4,3.4
2024,1,00-0035689,D.Knox,BUF,TE,1,2.3,3.3,2.3,3.3
2024,1,00-0039041,E.Higgins,ARI,TE,1,1.2,3.2,1.2,3.2
2024,1,00-0037252,G.Dulcich,DEN,TE,1,1.2,3.2,1.2,3.2
2024,1,00-0035644,N.Fant,SEA,TE,1,1.1,3.1,1.1,3.1
2024,1,00-0032394,N.Vannett,TEN,TE,1,1.1,3.1,1.1,3.1
2024,1,00-0039847,T.Johnson,NYG,TE,1,1.8,2.8,1.8,2.8
2024,1,00-0034159,W.Dissly,LAC,TE,1,1.3,2.3,1.3,2.3
2024,1,00-0039066,M.Mayer,LV,TE,1,0.3,2.3,0.3,2.3
2024,1,00-0038933,D.Kincaid,BUF,TE,1,1.1,2.1,1.1,2.1
2024,1,00-0037086,G.Calcaterra,PHI,TE,1,1.1,2.1,1.1,2.1
2024,1,00-0031585,M.Pruitt,PIT,TE,1,0.9,1.9,0.9,1.9
2024,1,00-0033858,J.Smith,MIA,TE,1,0.7,1.7,0.7,1.7
2024,1,00-0034270,T.Conklin,NYJ,TE,1,0.6,1.6,0.6,1.6
2024,1,00-0038720,J.Hill,MIA,TE,1,0.6,1.6,0.6,1.6
2024,1,00-0033881,E.Engram,JAX,TE,1,0.5,1.5,0.5,1.5
2024,1,00-0038129,C.Otton,TB,TE,1,0.5,1.5,0.5,1.5
2024,1,00-0038558,D.Washington,PIT,TE,1,0.5,1.5,0.5,1.5
2024,1,00-0039356,J.Sanders,CAR,TE,1,0.4,1.4,0.4,1.4
2024,1,00-0036429,C.Woerner,ATL,TE,1,0.4,1.4,0.4,1.4
2024,1,00-0036290,C.Kmet,CHI,TE,1,0.4,1.4,0.4,1.4
2024,1,00-0036556,B.Jordan,HOU,TE,1,0.3,1.3,0.3,1.3
2024,1,00-0038115,D.Bellinger,NYG,TE,1,0.3,1.3,0.3,1.3
2024,1,00-0036754,B.Wright,DET,TE,1,0.2,1.2,0.2,1.2
2024,1,00-0033895,G.Everett,CHI,TE,1,-0.1,0.9,-0.1,0.9
2024,1,00-0039074,D.Allen,LA,TE,1,0.0,0.0,0.0,0.0
2024,1,00-0036876,K.Granson,IND,TE,1,0.0,0.0,0.0,0.0
2024,1,00-0039144,L.Musgrave,GB,TE,1,0.0,0.0,0.0,0.0
2024,1,00-0036628,J.Bates,WAS,TE,1,0.0,0.0,0.0,0.0
2024,1,00-0033576,E.Saubert,SF,TE,1,0.0,0.0,0.0,0.0
2024,1,00-0036422,A.Trautman,DEN,TE,1,0.0,0.0,0.0,0.0
2024,1,00-0034798,D.Smythe,MIA,TE,1,0.0,0.0,0.0,0.0
2024,1,00-0033217,M.Alie-Cox,IND,TE,1,0.0,0.0,0.0,0.0
2024,1,00-0031299,J.Matthews,CAR,TE,1,0.0,0.0,0.0,0.0
2023,22,00-0030506,T.Kelce,KC,TE,1,9.3,18.3,9.3,18.3
2023,22,00-0036637,N.Gray,KC,TE,1,2.2,4.2,2.2,4.2
2023,22,00-0033288,G.Kittle,SF,TE,1,0.4,2.4,0.4,2.4
2023,21,00-0030506,T.Kelce,KC,TE,1,18.1,29.1,18.1,29.1
2023,21,00-0039065,S.LaPorta,DET,TE,1,9.7,18.7,9.7,18.7
2023,21,00-0033288,G.Kittle,SF,TE,1,2.7,4.7,2.7,4.7
2023,21,00-0037838,I.Likely,BAL,TE,1,1.6,3.6,1.6,3.6
2023,21,00-0034753,M.Andrews,BAL,TE,1,1.5,3.5,1.5,3.5
2023,21,00-0036637,N.Gray,KC,TE,1,0.8,2.8,0.8,2.8
2023,21,00-0033455,A.Firkser,DET,TE,1,0.8,1.8,0.8,1.8
2023,20,00-0030506,T.Kelce,KC,TE,1,19.5,24.5,19.5,24.5
2023,20,00-0033288,G.Kittle,SF,TE,1,14.1,18.1,14.1,18.1
2023,20,00-0038129,C.Otton,TB,TE,1,12.5,17.5,12.5,17.5
2023,20,00-0039065,S.LaPorta,DET,TE,1,6.5,15.5,6.5,15.5
2023,20,00-0037838,I.Likely,BAL,TE,1,9.4,11.4,9.4,11.4
2023,20,00-0038996,T.Kraft,GB,TE,1,6.9,9.9,6.9,9.9
2023,20,00-0038933,D.Kincaid,BUF,TE,1,4.5,9.5,4.5,9.5
2023,20,00-0034383,D.Schultz,HOU,TE,1,4.3,9.3,4.3,9.3
2023,20,00-0036637,N.Gray,KC,TE,1,1.6,4.6,1.6,4.6
2023,20,00-0039144,L.Musgrave,GB,TE,1,1.4,4.4,1.4,4.4
2023,20,00-0036754,B.Wright,DET,TE,1,2.9,3.9,2.9,3.9
2023,20,00-0038046,C.Kolar,BAL,TE,1,0.4,1.4,0.4,1.4
2023,20,00-0038809,B.Sims,GB,TE,1,0.4,1.4,0.4,1.4
2023,20,00-0035689,D.Knox,BUF,TE,1,0.4,1.4,0.4,1.4
2023,20,00-0036556,B.Jordan,HOU,TE,1,0.0,0.0,0.0,0.0
2023,19,00-0038041,J.Ferguson,DAL,TE,1,27.3,37.3,27.3,37.3
2023,19,00-0038129,C.Otton,TB,TE,1,8.9,16.9,8.9,16.9
2023,19,00-0033885,D.Njoku,CLE,TE,1,9.3,16.3,9.3,16.3
2023,19,00-0038933,D.Kincaid,BUF,TE,1,11.9,14.9,11.9,14.9
2023,19,00-0036556,B.Jordan,HOU,TE,1,13.6,14.6,13.6,14.6
2023,19,00-0039144,L.Musgrave,GB,TE,1,11.2,14.2,11.2,14.2
2023,19,00-0030506,T.Kelce,KC,TE,1,7.1,14.1,7.1,14.1
2023,19,00-0036894,P.Freiermuth,PIT,TE,1,7.6,12.6,7.6,12.6
2023,19,00-0034351,D.Goedert,PHI,TE,1,8.1,12.1,8.1,12.1
2023,19,00-0034383,D.Schultz,HOU,TE,1,9.7,10.7,9.7,10.7
2023,19,00-0036232,H.Bryant,CLE,TE,1,6.5,10.5,6.5,10.5
2023,19,00-0039065,S.LaPorta,DET,TE,1,7.4,10.4,7.4,10.4
2023,19,00-0035689,D.Knox,BUF,TE,1,6.9,7.9,6.9,7.9
2023,19,00-0039074,D.Allen,LA,TE,1,2.8,4.8,2.8,4.8
2023,19,00-0034798,D.Smythe,MIA,TE,1,1.2,4.2,1.2,4.2
2023,19,00-0038996,T.Kraft,GB,TE,1,1.5,3.5,1.5,3.5
2023,19,00-0036637,N.Gray,KC,TE,1,2.0,3.0,2.0,3.0
2023,19,00-0039050,P.Durham,TB,TE,1,1.8,2.8,1.8,2.8
2023,19,00-0038547,L.Schoonmaker,DAL,TE,1,0.7,1.7,0.7,1.7
2023,19,00-0037304,C.Heyward,PIT,TE,1,0.5,1.5,0.5,1.5
2023,19,00-0038558,D.Washington,PIT,TE,1,0.0,0.0,0.0,0.0
2023,19,00-0033110,T.Higbee,LA,TE,1,0.0,0.0,0.0,0.0
2023,18,00-0033881,E.Engram,JAX,TE,1,13.9,23.9,13.9,23.9
2023,18,00-0038933,D.Kincaid,BUF,TE,1,8.4,15.4,8.4,15.4
2023,18,00-0039065,S.LaPorta,DET,TE,1,8.9,13.9,8.9,13.9
2023,18,00-0034159,W.Dissly,SEA,TE,1,10.6,13.6,10.6,13.6
2023,18,00-0035329,D.Parham,LAC,TE,1,8.3,13.3,8.3,13.3
2023,18,00-0038041,J.Ferguson,DAL,TE,1,6.9,12.9,6.9,12.9
2023,18,00-0037744,T.McBride,ARI,TE,1,9.4,12.4,9.4,12.4
2023,18,00-0033357,T.Hill,NO,TE,1,7.9,11.9,7.9,11.9
2023,18,00-0033858,J.Smith,ATL,TE,1,8.9,11.9,8.9,11.9
2023,18,00-0037838,I.Likely,BAL,TE,1,9.1,11.1,9.1,11.1
2023,18,00-0033246,J.Mundt,MIN,TE,1,5.8,10.8,5.8,10.8
2023,18,00-0035689,D.Knox,BUF,TE,1,8.2,10.2,8.2,10.2
2023,18,00-0031610,D.Waller,NYG,TE,1,4.5,9.5,4.5,9.5
2023,18,00-0034383,D.Schultz,HOU,TE,1,4.2,9.2,4.2,9.2
2023,18,00-0032392,A.Hooper,LV,TE,1,3.9,7.9,3.9,7.9
2023,18,00-0036290,C.Kmet,CHI,TE,1,4.1,7.1,4.1,7.1
2023,18,00-0036040,J.Johnson,NO,TE,1,4.0,7.0,4.0,7.0
2023,18,00-0036424,B.Hopkins,LA,TE,1,4.7,6.7,4.7,6.7
2023,18,00-0039074,D.Allen,LA,TE,1,2.5,6.5,2.5,6.5
2023,18,00-0038996,T.Kraft,GB,TE,1,3.1,6.1,3.1,6.1
2023,18,00-0034798,D.Smythe,MIA,TE,1,3.0,6.0,3.0,6.0
2023,18,00-0037809,C.Okonkwo,TEN,TE,1,3.6,5.6,3.6,5.6
2023,18,00-0034364,J.Akins,CLE,TE,1,2.4,5.4,2.4,5.4
2023,18,00-0038046,C.Kolar,BAL,TE,1,2.3,5.3,2.3,5.3
2023,18,00-0039041,E.Higgins,ARI,TE,1,3.2,5.2,3.2,5.2
2023,18,00-0035249,J.Oliver,MIN,TE,1,3.1,5.1,3.1,5.1
2023,18,00-0038129,C.Otton,TB,TE,1,3.0,5.0,3.0,5.0
2023,18,00-0036970,K.Pitts,ATL,TE,1,2.7,4.7,2.7,4.7
2023,18,00-0036894,P.Freiermuth,PIT,TE,1,2.1,4.1,2.1,4.1
2023,18,00-0036244,C.Parkinson,SEA,TE,1,0.8,3.8,0.8,3.8
2023,18,00-0037086,G.Calcaterra,PHI,TE,1,1.8,3.8,1.8,3.8
2023,18,00-0033217,M.Alie-Cox,IND,TE,1,1.8,3.8,1.8,3.8
2023,18,00-0034270,T.Conklin,NYJ,TE,1,1.6,3.6,1.6,3.6
2023,18,00-0037282,J.Mitchell,DET,TE,1,2.4,3.4,2.4,3.4
2023,18,00-0037475,S.Smartt,LAC,TE,1,1.4,3.4,1.4,3.4
2023,18,00-0037569,P.Hendershot,DAL,TE,1,2.4,3.4,2.4,3.4
2023,18,00-0036876,K.Granson,IND,TE,1,2.3,3.3,2.3,3.3
2023,18,00-0037317,N.Muse,MIN,TE,1,2.2,3.2,2.2,3.2
2023,18,00-0034613,T.Hudson,CIN,TE,1,1.1,3.1,1.1,3.1
2023,18,00-0037005,T.Tremble,CAR,TE,1,1.1,3.1,1.1,3.1
2023,18,00-0036422,A.Trautman,DEN,TE,1,2.1,3.1,2.1,3.1
2023,18,00-0036429,C.Woerner,SF,TE,1,2.0,3.0,2.0,3.0
2023,18,00-0035631,D.Sample,CIN,TE,1,0.7,2.7,0.7,2.7
2023,18,00-0031585,M.Pruitt,ATL,TE,1,1.7,2.7,1.7,2.7
2023,18,00-0037304,C.Heyward,PIT,TE,1,0.4,2.4,0.4,2.4
2023,18,00-0037306,J.FitzPatrick,ATL,TE,1,1.2,2.2,1.2,2.2
2023,18,00-0036741,J.Stoll,PHI,TE,1,1.1,2.1,1.1,2.1
2023,18,00-0039144,L.Musgrave,GB,TE,1,1.1,2.1,1.1,2.1
2023,18,00-0031260,L.Thomas,WAS,TE,1,0.9,1.9,0.9,1.9
2023,18,00-0034829,M.Gesicki,NE,TE,1,0.5,1.5,0.5,1.5
2023,18,00-0034365,I.Thomas,CAR,TE,1,0.5,1.5,0.5,1.5
2023,18,00-0033576,E.Saubert,HOU,TE,1,0.5,1.5,0.5,1.5
2023,18,00-0034351,D.Goedert,PHI,TE,1,0.4,1.4,0.4,1.4
2023,18,00-0033895,G.Everett,LAC,TE,1,0.4,1.4,0.4,1.4
2023,18,00-0034981,F.Moreau,NO,TE,1,0.3,1.3,0.3,1.3
2023,18,00-0032062,B.Bell,KC,TE,1,0.3,1.3,0.3,1.3
2023,18,00-0032394,N.Vannett,LAC,TE,1,0.3,1.3,0.3,1.3
2023,18,00-0038720,J.Hill,MIA,TE,1,0.2,1.2,0.2,1.2
2023,18,00-0033439,P.Brown,NE,TE,1,0.0,1.0,0.0,1.0
2023,18,00-0036637,N.Gray,KC,TE,1,0.0,0.0,0.0,0.0
2023,18,00-0034193,K.Rader,TEN,TE,1,0.0,0.0,0.0,0.0
2023,18,00-0037539,L.Krull,DEN,TE,1,0.0,0.0,0.0,0.0
2023,18,00-0038394,W.Mallory,IND,TE,1,0.0,0.0,0.0,0.0
2023,18,00-0036438,S.Sullivan,CAR,TE,1,0.0,0.0,0.0,0.0
2023,18,00-0036628,J.Bates,WAS,TE,1,0.0,0.0,0.0,0.0
2023,18,00-0033757,R.Tonyan,CHI,TE,1,0.0,0.0,0.0,0.0
2023,17,00-0036040,J.Johnson,NO,TE,1,15.0,23.0,15.0,23.0
2023,17,00-0033885,D.Njoku,CLE,TE,1,13.4,19.4,13.4,19.4
2023,17,00-0037838,I.Likely,BAL,TE,1,16.2,18.2,16.2,18.2
2023,17,00-0034351,D.Goedert,PHI,TE,1,10.7,15.7,10.7,15.7
2023,17,00-0039065,S.LaPorta,DET,TE,1,8.4,15.4,8.4,15.4
2023,17,00-0033246,J.Mundt,MIN,TE,1,9.9,13.9,9.9,13.9
2023,17,00-0038933,D.Kincaid,BUF,TE,1,8.7,12.7,8.7,12.7
2023,17,00-0033110,T.Higbee,LA,TE,1,6.2,12.2,6.2,12.2
2023,17,00-0033881,E.Engram,JAX,TE,1,6.0,12.0,6.0,12.0
2023,17,00-0033357,T.Hill,NO,TE,1,9.65,11.65,9.65,11.65
2023,17,00-0035644,N.Fant,SEA,TE,1,5.9,10.9,5.9,10.9
2023,17,00-0038996,T.Kraft,GB,TE,1,4.8,10.8,4.8,10.8
2023,17,00-0037744,T.McBride,ARI,TE,1,4.8,10.8,4.8,10.8
2023,17,00-0031610,D.Waller,NYG,TE,1,5.1,10.1,5.1,10.1
2023,17,00-0036556,B.Jordan,HOU,TE,1,7.9,9.9,7.9,9.9
2023,17,00-0034270,T.Conklin,NYJ,TE,1,4.5,9.5,4.5,9.5
2023,17,00-0038046,C.Kolar,BAL,TE,1,7.9,8.9,7.9,8.9
2023,17,00-0034798,D.Smythe,MIA,TE,1,5.4,8.4,5.4,8.4
2023,17,00-0038115,D.Bellinger,NYG,TE,1,3.9,7.9,3.9,7.9
2023,17,00-0033895,G.Everett,LAC,TE,1,3.7,7.7,3.7,7.7
2023,17,00-0034829,M.Gesicki,NE,TE,1,3.5,7.5,3.5,7.5
2023,17,00-0036894,P.Freiermuth,PIT,TE,1,4.4,7.4,4.4,7.4
2023,17,00-0038041,J.Ferguson,DAL,TE,1,3.3,7.3,3.3,7.3
2023,17,00-0033757,R.Tonyan,CHI,TE,1,4.0,7.0,4.0,7.0
2023,17,00-0034613,T.Hudson,CIN,TE,1,3.8,6.8,3.8,6.8
2023,17,00-0037809,C.Okonkwo,TEN,TE,1,3.4,6.4,3.4,6.4
2023,17,00-0033288,G.Kittle,SF,TE,1,2.9,5.9,2.9,5.9
2023,17,00-0032392,A.Hooper,LV,TE,1,2.8,5.8,2.8,5.8
2023,17,00-0036244,C.Parkinson,SEA,TE,1,3.8,5.8,3.8,5.8
2023,17,00-0035631,D.Sample,CIN,TE,1,2.1,5.1,2.1,5.1
2023,17,00-0031260,L.Thomas,WAS,TE,1,2.0,5.0,2.0,5.0
2023,17,00-0036510,K.Yeboah,NYJ,TE,1,2.8,4.8,2.8,4.8
2023,17,00-0036637,N.Gray,KC,TE,1,1.7,4.7,1.7,4.7
2023,17,00-0030506,T.Kelce,KC,TE,1,1.6,4.6,1.6,4.6
2023,17,00-0037475,S.Smartt,LAC,TE,1,2.3,4.3,2.3,4.3
2023,17,00-0039041,E.Higgins,ARI,TE,1,2.1,4.1,2.1,4.1
2023,17,00-0034383,D.Schultz,HOU,TE,1,1.9,3.9,1.9,3.9
2023,17,00-0034364,J.Akins,CLE,TE,1,2.8,3.8,2.8,3.8
2023,17,00-0033217,M.Alie-Cox,IND,TE,1,1.8,3.8,1.8,3.8
2023,17,00-0037539,L.Krull,DEN,TE,1,1.4,3.4,1.4,3.4
2023,17,00-0036232,H.Bryant,CLE,TE,1,1.4,3.4,1.4,3.4
2023,17,00-0038129,C.Otton,TB,TE,1,1.0,3.0,1.0,3.0
2023,17,00-0038394,W.Mallory,IND,TE,1,1.9,2.9,1.9,2.9
2023,17,00-0035249,J.Oliver,MIN,TE,1,1.7,2.7,1.7,2.7
2023,17,00-0031585,M.Pruitt,ATL,TE,1,1.4,2.4,1.4,2.4
2023,17,00-0034981,F.Moreau,NO,TE,1,1.3,2.3,1.3,2.3
2023,17,00-0036876,K.Granson,IND,TE,1,1.3,2.3,1.3,2.3
2023,17,00-0036422,A.Trautman,DEN,TE,1,0.9,1.9,0.9,1.9
2023,17,00-0038720,J.Hill,MIA,TE,1,0.9,1.9,0.9,1.9
2023,17,00-0036887,L.Farrell,JAX,TE,1,0.7,1.7,0.7,1.7
2023,17,00-0038809,B.Sims,GB,TE,1,0.6,1.6,0.6,1.6
2023,17,00-0037569,P.Hendershot,DAL,TE,1,0.6,1.6,0.6,1.6
2023,17,00-0037005,T.Tremble,CAR,TE,1,0.6,1.6,0.6,1.6
2023,17,00-0034193,K.Rader,TEN,TE,1,0.6,1.6,0.6,1.6
2023,17,00-0036628,J.Bates,WAS,TE,1,0.6,1.6,0.6,1.6
2023,17,00-0033439,P.Brown,NE,TE,1,0.5,1.5,0.5,1.5
2023,17,00-0036970,K.Pitts,ATL,TE,1,0.5,1.5,0.5,1.5
2023,17,00-0037282,J.Mitchell,DET,TE,1,0.4,1.4,0.4,1.4
2023,17,00-0033576,E.Saubert,HOU,TE,1,0.2,1.2,0.2,1.2
2023,17,00-0038935,B.Strange,JAX,TE,1,0.1,1.1,0.1,1.1
2023,17,00-0035771,M.Wilcox,CIN,TE,1,0.0,0.0,0.0,0.0
2023,17,00-0033858,J.Smith,ATL,TE,1,0.0,0.0,0.0,0.0
2023,17,00-0036438,S.Sullivan,CAR,TE,1,0.0,0.0,0.0,0.0
2023,17,00-0034365,I.Thomas,CAR,TE,1,0.0,0.0,0.0,0.0
2023,16,00-0033288,G.Kittle,SF,TE,1,12.6,19.6,12.6,19.6
2023,16,00-0033881,E.Engram,JAX,TE,1,9.5,19.5,9.5,19.5
2023,16,00-0037809,C.Okonkwo,TEN,TE,1,12.3,18.3,12.3,18.3
2023,16,00-0033885,D.Njoku,CLE,TE,1,10.4,16.4,10.4,16.4
2023,16,00-0036040,J.Johnson,NO,TE,1,10.8,14.8,10.8,14.8
2023,16,00-0036290,C.Kmet,CHI,TE,1,10.7,14.7,10.7,14.7
2023,16,00-0031260,L.Thomas,WAS,TE,1,9.6,14.6,9.6,14.6
2023,16,00-0034351,D.Goedert,PHI,TE,1,7.1,14.1,7.1,14.1
2023,16,00-0034383,D.Schultz,HOU,TE,1,6.1,14.1,6.1,14.1
2023,16,00-0036970,K.Pitts,ATL,TE,1,10.9,13.9,10.9,13.9
2023,16,00-0037539,L.Krull,DEN,TE,1,8.8,12.8,8.8,12.8
2023,16,00-0033895,G.Everett,LAC,TE,1,4.2,11.2,4.2,11.2
2023,16,00-0036876,K.Granson,IND,TE,1,6.2,11.2,6.2,11.2
2023,16,00-0036244,C.Parkinson,SEA,TE,1,7.7,10.7,7.7,10.7
2023,16,00-0034798,D.Smythe,MIA,TE,1,5.6,10.6,5.6,10.6
2023,16,00-0038996,T.Kraft,GB,TE,1,6.0,10.0,6.0,10.0
2023,16,00-0037005,T.Tremble,CAR,TE,1,5.9,9.9,5.9,9.9
2023,16,00-0035229,T.Hockenson,MIN,TE,1,5.8,9.8,5.8,9.8
2023,16,00-0034829,M.Gesicki,NE,TE,1,7.5,9.5,7.5,9.5
2023,16,00-0030506,T.Kelce,KC,TE,1,4.4,9.4,4.4,9.4
2023,16,00-0037744,T.McBride,ARI,TE,1,3.1,9.1,3.1,9.1
2023,16,00-0038394,W.Mallory,IND,TE,1,4.7,8.7,4.7,8.7
2023,16,00-0037838,I.Likely,BAL,TE,1,5.6,8.6,5.6,8.6
2023,16,00-0038041,J.Ferguson,DAL,TE,1,4.5,8.5,4.5,8.5
2023,16,00-0038115,D.Bellinger,NYG,TE,1,4.3,8.3,4.3,8.3
2023,16,00-0034270,T.Conklin,NYJ,TE,1,3.6,7.6,3.6,7.6
2023,16,00-0033858,J.Smith,ATL,TE,1,3.2,7.2,3.2,7.2
2023,16,00-0024243,M.Lewis,CHI,TE,1,6.1,7.1,6.1,7.1
2023,16,00-0035631,D.Sample,CIN,TE,1,3.8,6.8,3.8,6.8
2023,16,00-0033110,T.Higbee,LA,TE,1,3.0,6.0,3.0,6.0
2023,16,00-0031610,D.Waller,NYG,TE,1,3.2,5.2,3.2,5.2
2023,16,00-0036438,S.Sullivan,CAR,TE,1,2.1,5.1,2.1,5.1
2023,16,00-0039065,S.LaPorta,DET,TE,1,1.8,4.8,1.8,4.8
2023,16,00-0036556,B.Jordan,HOU,TE,1,2.7,4.7,2.7,4.7
2023,16,00-0035689,D.Knox,BUF,TE,1,2.6,4.6,2.6,4.6
2023,16,00-0033439,P.Brown,NE,TE,1,2.5,4.5,2.5,4.5
2023,16,00-0036628,J.Bates,WAS,TE,1,1.4,4.4,1.4,4.4
2023,16,00-0035249,J.Oliver,MIN,TE,1,3.3,4.3,3.3,4.3
2023,16,00-0037086,G.Calcaterra,PHI,TE,1,2.1,4.1,2.1,4.1
2023,16,00-0034364,J.Akins,CLE,TE,1,1.8,3.8,1.8,3.8
2023,16,00-0039041,E.Higgins,ARI,TE,1,1.7,3.7,1.7,3.7
2023,16,00-0039050,P.Durham,TB,TE,1,2.5,3.5,2.5,3.5
2023,16,00-0033246,J.Mundt,MIN,TE,1,2.3,3.3,2.3,3.3
2023,16,00-0037475,S.Smartt,LAC,TE,1,2.3,3.3,2.3,3.3
2023,16,00-0032392,A.Hooper,LV,TE,1,1.3,3.3,1.3,3.3
2023,16,00-0038046,C.Kolar,BAL,TE,1,1.7,2.7,1.7,2.7
2023,16,00-0033757,R.Tonyan,CHI,TE,1,1.4,2.4,1.4,2.4
2023,16,00-0034981,F.Moreau,NO,TE,1,1.3,2.3,1.3,2.3
2023,16,00-0038558,D.Washington,PIT,TE,1,0.8,1.8,0.8,1.8
2023,16,00-0038129,C.Otton,TB,TE,1,0.7,1.7,0.7,1.7
2023,16,00-0038933,D.Kincaid,BUF,TE,1,0.7,1.7,0.7,1.7
2023,16,00-0037506,C.Fotheringham,LV,TE,1,0.6,1.6,0.6,1.6
2023,16,00-0036232,H.Bryant,CLE,TE,1,0.6,1.6,0.6,1.6
2023,16,00-0035771,M.Wilcox,CIN,TE,1,0.6,1.6,0.6,1.6
2023,16,00-0034159,W.Dissly,SEA,TE,1,0.6,1.6,0.6,1.6
2023,16,00-0036637,N.Gray,KC,TE,1,0.5,1.5,0.5,1.5
2023,16,00-0034613,T.Hudson,CIN,TE,1,0.5,1.5,0.5,1.5
2023,16,00-0032062,B.Bell,KC,TE,1,0.4,1.4,0.4,1.4
2023,16,00-0038547,L.Schoonmaker,DAL,TE,1,0.4,1.4,0.4,1.4
2023,16,00-0033357,T.Hill,NO,TE,1,0.2,0.2,0.2,0.2
2023,16,00-0037569,P.Hendershot,DAL,TE,1,0.0,0.0,0.0,0.0
2023,16,00-0036510,K.Yeboah,NYJ,TE,1,0.0,0.0,0.0,0.0
2023,16,00-0033217,M.Alie-Cox,IND,TE,1,0.0,0.0,0.0,0.0
2023,16,00-0036422,A.Trautman,DEN,TE,1,0.0,0.0,0.0,0.0
2023,15,00-0039065,S.LaPorta,DET,TE,1,23.6,28.6,23.6,28.6
2023,15,00-0033885,D.Njoku,CLE,TE,1,16.4,26.4,16.4,26.4
2023,15,00-0037744,T.McBride,ARI,TE,1,10.2,20.2,10.2,20.2
2023,15,00-0033090,H.Henry,NE,TE,1,12.6,19.6,12.6,19.6
2023,15,00-0037838,I.Likely,BAL,TE,1,13.0,18.0,13.0,18.0
2023,15,00-0038996,T.Kraft,GB,TE,1,11.7,15.7,11.7,15.7
2023,15,00-0039041,E.Higgins,ARI,TE,1,10.4,14.4,10.4,14.4
2023,15,00-0039066,M.Mayer,LV,TE,1,9.9,13.9,9.9,13.9
2023,15,00-0036290,C.Kmet,CHI,TE,1,8.3,13.3,8.3,13.3
2023,15,00-0035229,T.Hockenson,MIN,TE,1,6.3,12.3,6.3,12.3
2023,15,00-0036040,J.Johnson,NO,TE,1,9.8,11.8,9.8,11.8
2023,15,00-0038041,J.Ferguson,DAL,TE,1,4.4,10.4,4.4,10.4
2023,15,00-0033217,M.Alie-Cox,IND,TE,1,8.1,10.1,8.1,10.1
2023,15,00-0034613,T.Hudson,CIN,TE,1,4.9,9.9,4.9,9.9
2023,15,00-0034383,D.Schultz,HOU,TE,1,5.8,9.8,5.8,9.8
2023,15,00-0033895,G.Everett,LAC,TE,1,4.1,9.1,4.1,9.1
2023,15,00-0027696,J.Graham,NO,TE,1,6.9,8.9,6.9,8.9
2023,15,00-0033858,J.Smith,ATL,TE,1,6.1,8.1,6.1,8.1
2023,15,00-0031610,D.Waller,NYG,TE,1,4.0,8.0,4.0,8.0
2023,15,00-0030506,T.Kelce,KC,TE,1,2.8,7.8,2.8,7.8
2023,15,00-0033110,T.Higbee,LA,TE,1,3.6,7.6,3.6,7.6
2023,15,00-0033288,G.Kittle,SF,TE,1,5.4,7.4,5.4,7.4
2023,15,00-0037311,K.Kieft,TB,TE,1,6.2,7.2,6.2,7.2
2023,15,00-0034798,D.Smythe,MIA,TE,1,3.2,7.2,3.2,7.2
2023,15,00-0034351,D.Goedert,PHI,TE,1,3.1,7.1,3.1,7.1
2023,15,00-0033881,E.Engram,JAX,TE,1,2.8,6.8,2.8,6.8
2023,15,00-0036970,K.Pitts,ATL,TE,1,3.7,6.7,3.7,6.7
2023,15,00-0037809,C.Okonkwo,TEN,TE,1,3.6,6.6,3.6,6.6
2023,15,00-0038129,C.Otton,TB,TE,1,4.4,6.4,4.4,6.4
2023,15,00-0034270,T.Conklin,NYJ,TE,1,1.8,5.8,1.8,5.8
2023,15,00-0036637,N.Gray,KC,TE,1,3.7,5.7,3.7,5.7
2023,15,00-0037005,T.Tremble,CAR,TE,1,3.2,5.2,3.2,5.2
2023,15,00-0036894,P.Freiermuth,PIT,TE,1,1.6,4.6,1.6,4.6
2023,15,00-0035644,N.Fant,SEA,TE,1,1.6,4.6,1.6,4.6
2023,15,00-0037475,S.Smartt,LAC,TE,1,1.5,4.5,1.5,4.5
2023,15,00-0034981,F.Moreau,NO,TE,1,1.3,4.3,1.3,4.3
2023,15,00-0035771,M.Wilcox,CIN,TE,1,2.0,4.0,2.0,4.0
2023,15,00-0034970,I.Smith,CIN,TE,1,1.8,3.8,1.8,3.8
2023,15,00-0036887,L.Farrell,JAX,TE,1,2.8,3.8,2.8,3.8
2023,15,00-0037805,J.Ruckert,NYJ,TE,1,1.6,3.6,1.6,3.6
2023,15,00-0032141,G.Swaim,ARI,TE,1,2.6,3.6,2.6,3.6
2023,15,00-0036422,A.Trautman,DEN,TE,1,2.4,3.4,2.4,3.4
2023,15,00-0035249,J.Oliver,MIN,TE,1,1.4,3.4,1.4,3.4
2023,15,00-0038115,D.Bellinger,NYG,TE,1,1.3,3.3,1.3,3.3
2023,15,00-0034159,W.Dissly,SEA,TE,1,0.9,2.9,0.9,2.9
2023,15,00-0037539,L.Krull,DEN,TE,1,1.8,2.8,1.8,2.8
2023,15,00-0038046,C.Kolar,BAL,TE,1,1.5,2.5,1.5,2.5
2023,15,00-0036556,B.Jordan,HOU,TE,1,1.4,2.4,1.4,2.4
2023,15,00-0036438,S.Sullivan,CAR,TE,1,1.4,2.4,1.4,2.4
2023,15,00-0039074,D.Allen,LA,TE,1,1.4,2.4,1.4,2.4
2023,15,00-0037654,T.Fisk,ATL,TE,1,0.9,1.9,0.9,1.9
2023,15,00-0036145,L.Cager,NYG,TE,1,0.9,1.9,0.9,1.9
2023,15,00-0034364,J.Akins,CLE,TE,1,0.8,1.8,0.8,1.8
2023,15,00-0034829,M.Gesicki,NE,TE,1,0.7,1.7,0.7,1.7
2023,15,00-0031260,L.Thomas,WAS,TE,1,0.7,1.7,0.7,1.7
2023,15,00-0036876,K.Granson,IND,TE,1,0.6,1.6,0.6,1.6
2023,15,00-0036244,C.Parkinson,SEA,TE,1,0.6,1.6,0.6,1.6
2023,15,00-0037569,P.Hendershot,DAL,TE,1,0.5,1.5,0.5,1.5
2023,15,00-0033357,T.Hill,NO,TE,1,0.5,1.5,0.5,1.5
2023,15,00-0033439,P.Brown,NE,TE,1,0.4,1.4,0.4,1.4
2023,15,00-0033246,J.Mundt,MIN,TE,1,0.3,1.3,0.3,1.3
2023,15,00-0032062,B.Bell,KC,TE,1,0.0,0.0,0.0,0.0
2023,15,00-0036628,J.Bates,WAS,TE,1,0.0,0.0,0.0,0.0
2023,15,00-0037292,A.Ogletree,IND,TE,1,0.0,0.0,0.0,0.0
2023,15,00-0038809,B.Sims,GB,TE,1,0.0,0.0,0.0,0.0
2023,15,00-0035631,D.Sample,CIN,TE,1,0.0,0.0,0.0,0.0
2023,15,00-0032392,A.Hooper,LV,TE,1,0.0,0.0,0.0,0.0
2023,15,00-0036232,H.Bryant,CLE,TE,1,0.0,0.0,0.0,0.0
2023,15,00-0038933,D.Kincaid,BUF,TE,1,0.0,0.0,0.0,0.0
2023,15,00-0033757,R.Tonyan,CHI,TE,1,0.0,0.0,0.0,0.0
2023,14,00-0033881,E.Engram,JAX,TE,1,21.5,32.5,21.5,32.5
2023,14,00-0033885,D.Njoku,CLE,TE,1,21.1,27.1,21.1,27.1
2023,14,00-0037838,I.Likely,BAL,TE,1,14.3,19.3,14.3,19.3
2023,14,00-0033090,H.Henry,NE,TE,1,16.0,19.0,16.0,19.0
2023,14,00-0033288,G.Kittle,SF,TE,1,13.6,16.6,13.6,16.6
2023,14,00-0039074,D.Allen,LA,TE,1,11.0,15.0,11.0,15.0
2023,14,00-0036970,K.Pitts,ATL,TE,1,11.7,14.7,11.7,14.7
2023,14,00-0030506,T.Kelce,KC,TE,1,8.3,14.3,8.3,14.3
2023,14,00-0038041,J.Ferguson,DAL,TE,1,7.2,12.2,7.2,12.2
2023,14,00-0036290,C.Kmet,CHI,TE,1,6.6,11.6,6.6,11.6
2023,14,00-0036244,C.Parkinson,SEA,TE,1,8.8,10.8,8.8,10.8
2023,14,00-0038996,T.Kraft,GB,TE,1,6.4,10.4,6.4,10.4
2023,14,00-0035229,T.Hockenson,MIN,TE,1,5.3,10.3,5.3,10.3
2023,14,00-0034613,T.Hudson,CIN,TE,1,8.1,10.1,8.1,10.1
2023,14,00-0036422,A.Trautman,DEN,TE,1,7.9,9.9,7.9,9.9
2023,14,00-0034270,T.Conklin,NYJ,TE,1,5.7,9.7,5.7,9.7
2023,14,00-0027696,J.Graham,NO,TE,1,7.6,9.6,7.6,9.6
2023,14,00-0038129,C.Otton,TB,TE,1,7.6,9.6,7.6,9.6
2023,14,00-0037809,C.Okonkwo,TEN,TE,1,4.6,9.6,4.6,9.6
2023,14,00-0038394,W.Mallory,IND,TE,1,4.6,9.6,4.6,9.6
2023,14,00-0033895,G.Everett,LAC,TE,1,3.9,8.9,3.9,8.9
2023,14,00-0033217,M.Alie-Cox,IND,TE,1,6.2,7.2,6.2,7.2
2023,14,00-0038933,D.Kincaid,BUF,TE,1,2.1,7.1,2.1,7.1
2023,14,00-0034351,D.Goedert,PHI,TE,1,3.0,7.0,3.0,7.0
2023,14,00-0037805,J.Ruckert,NYJ,TE,1,3.7,6.7,3.7,6.7
2023,14,00-0033858,J.Smith,ATL,TE,1,2.7,6.7,2.7,6.7
2023,14,00-0035689,D.Knox,BUF,TE,1,3.6,6.6,3.6,6.6
2023,14,00-0036556,B.Jordan,HOU,TE,1,3.5,6.5,3.5,6.5
2023,14,00-0035644,N.Fant,SEA,TE,1,3.5,5.5,3.5,5.5
2023,14,00-0036894,P.Freiermuth,PIT,TE,1,1.8,4.8,1.8,4.8
2023,14,00-0039065,S.LaPorta,DET,TE,1,2.7,4.7,2.7,4.7
2023,14,00-0037539,L.Krull,DEN,TE,1,3.5,4.5,3.5,4.5
2023,14,00-0036876,K.Granson,IND,TE,1,1.7,3.7,1.7,3.7
2023,14,00-0034798,D.Smythe,MIA,TE,1,1.6,3.6,1.6,3.6
2023,14,00-0038115,D.Bellinger,NYG,TE,1,1.5,3.5,1.5,3.5
2023,14,00-0031585,M.Pruitt,ATL,TE,1,1.5,3.5,1.5,3.5
2023,14,00-0037304,C.Heyward,PIT,TE,1,1.5,3.5,1.5,3.5
2023,14,00-0036040,J.Johnson,NO,TE,1,1.0,3.0,1.0,3.0
2023,14,00-0034981,F.Moreau,NO,TE,1,0.8,2.8,0.8,2.8
2023,14,00-0036754,B.Wright,DET,TE,1,0.6,2.6,0.6,2.6
2023,14,00-0035631,D.Sample,CIN,TE,1,0.4,2.4,0.4,2.4
2023,14,00-0039066,M.Mayer,LV,TE,1,1.4,2.4,1.4,2.4
2023,14,00-0038558,D.Washington,PIT,TE,1,1.2,2.2,1.2,2.2
2023,14,00-0035329,D.Parham,LAC,TE,1,1.1,2.1,1.1,2.1
2023,14,00-0032392,A.Hooper,LV,TE,1,0.5,1.5,0.5,1.5
2023,14,00-0033439,P.Brown,NE,TE,1,0.4,1.4,0.4,1.4
2023,14,00-0024243,M.Lewis,CHI,TE,1,0.4,1.4,0.4,1.4
2023,14,00-0033246,J.Mundt,MIN,TE,1,0.4,1.4,0.4,1.4
2023,14,00-0036429,C.Woerner,SF,TE,1,0.3,1.3,0.3,1.3
2023,14,00-0034159,W.Dissly,SEA,TE,1,0.3,1.3,0.3,1.3
2023,14,00-0034364,J.Akins,CLE,TE,1,0.3,1.3,0.3,1.3
2023,14,00-0037005,T.Tremble,CAR,TE,1,0.2,1.2,0.2,1.2
2023,14,00-0035771,M.Wilcox,CIN,TE,1,0.0,1.0,0.0,1.0
2023,14,00-0035249,J.Oliver,MIN,TE,1,0.0,0.0,0.0,0.0
2023,14,00-0037311,K.Kieft,TB,TE,1,0.0,0.0,0.0,0.0
2023,14,00-0036438,S.Sullivan,CAR,TE,1,0.0,0.0,0.0,0.0
2023,14,00-0037292,A.Ogletree,IND,TE,1,0.0,0.0,0.0,0.0
2023,13,00-0039065,S.LaPorta,DET,TE,1,20.0,29.0,20.0,29.0
2023,13,00-0033881,E.Engram,JAX,TE,1,14.2,23.2,14.2,23.2
2023,13,00-0037744,T.McBride,ARI,TE,1,14.9,22.9,14.9,22.9
2023,13,00-0038041,J.Ferguson,DAL,TE,1,13.7,19.7,13.7,19.7
2023,13,00-0036232,H.Bryant,CLE,TE,1,10.9,15.9,10.9,15.9
2023,13,00-0033357,T.Hill,NO,TE,1,13.4,15.4,13.4,15.4
2023,13,00-0030506,T.Kelce,KC,TE,1,8.1,12.1,8.1,12.1
2023,13,00-0033288,G.Kittle,SF,TE,1,6.8,10.8,6.8,10.8
2023,13,00-0036876,K.Granson,IND,TE,1,7.4,10.4,7.4,10.4
2023,13,00-0036556,B.Jordan,HOU,TE,1,6.4,9.4,6.4,9.4
2023,13,00-0037809,C.Okonkwo,TEN,TE,1,6.4,9.4,6.4,9.4
2023,13,00-0036970,K.Pitts,ATL,TE,1,5.1,9.1,5.1,9.1
2023,13,00-0031585,M.Pruitt,ATL,TE,1,8.0,9.0,8.0,9.0
2023,13,00-0033895,G.Everett,LAC,TE,1,4.4,8.4,4.4,8.4
2023,13,00-0027696,J.Graham,NO,TE,1,6.6,7.6,6.6,7.6
2023,13,00-0034613,T.Hudson,CIN,TE,1,3.5,7.5,3.5,7.5
2023,13,00-0035644,N.Fant,SEA,TE,1,4.3,7.3,4.3,7.3
2023,13,00-0036637,N.Gray,KC,TE,1,6.2,7.2,6.2,7.2
2023,13,00-0038809,B.Sims,GB,TE,1,6.1,7.1,6.1,7.1
2023,13,00-0038996,T.Kraft,GB,TE,1,3.7,6.7,3.7,6.7
2023,13,00-0034270,T.Conklin,NYJ,TE,1,3.5,6.5,3.5,6.5
2023,13,00-0036894,P.Freiermuth,PIT,TE,1,2.9,5.9,2.9,5.9
2023,13,00-0033110,T.Higbee,LA,TE,1,3.5,5.5,3.5,5.5
2023,13,00-0034981,F.Moreau,NO,TE,1,2.8,4.8,2.8,4.8
2023,13,00-0038720,J.Hill,MIA,TE,1,2.3,4.3,2.3,4.3
2023,13,00-0033885,D.Njoku,CLE,TE,1,1.7,3.7,1.7,3.7
2023,13,00-0033090,H.Henry,NE,TE,1,1.5,3.5,1.5,3.5
2023,13,00-0035329,D.Parham,LAC,TE,1,1.2,3.2,1.2,3.2
2023,13,00-0039041,E.Higgins,ARI,TE,1,2.1,3.1,2.1,3.1
2023,13,00-0033858,J.Smith,ATL,TE,1,1.0,3.0,1.0,3.0
2023,13,00-0032141,G.Swaim,ARI,TE,1,1.0,3.0,1.0,3.0
2023,13,00-0038589,J.Whyle,TEN,TE,1,1.6,2.6,1.6,2.6
2023,13,00-0036438,S.Sullivan,CAR,TE,1,1.6,2.6,1.6,2.6
2023,13,00-0038394,W.Mallory,IND,TE,1,0.4,2.4,0.4,2.4
2023,13,00-0038547,L.Schoonmaker,DAL,TE,1,1.2,2.2,1.2,2.2
2023,13,00-0037805,J.Ruckert,NYJ,TE,1,1.2,2.2,1.2,2.2
2023,13,00-0035771,M.Wilcox,CIN,TE,1,1.2,2.2,1.2,2.2
2023,13,00-0035631,D.Sample,CIN,TE,1,1.1,2.1,1.1,2.1
2023,13,00-0036887,L.Farrell,JAX,TE,1,0.9,1.9,0.9,1.9
2023,13,00-0036754,B.Wright,DET,TE,1,0.8,1.8,0.8,1.8
2023,13,00-0036422,A.Trautman,DEN,TE,1,0.6,1.6,0.6,1.6
2023,13,00-0034364,J.Akins,CLE,TE,1,0.6,1.6,0.6,1.6
2023,13,00-0034365,I.Thomas,CAR,TE,1,0.6,1.6,0.6,1.6
2023,13,00-0033576,E.Saubert,HOU,TE,1,0.5,1.5,0.5,1.5
2023,13,00-0037078,C.Turner,WAS,TE,1,0.2,1.2,0.2,1.2
2023,13,00-0035259,T.Wesco,TEN,TE,1,0.0,0.0,0.0,0.0
2023,13,00-0036628,J.Bates,WAS,TE,1,0.0,0.0,0.0,0.0
2023,13,00-0037304,C.Heyward,PIT,TE,1,0.0,0.0,0.0,0.0
2023,13,00-0036040,J.Johnson,NO,TE,1,0.0,0.0,0.0,0.0
2023,13,00-0034159,W.Dissly,SEA,TE,1,0.0,0.0,0.0,0.0
2023,13,00-0036423,A.Okwuegbunam,PHI,TE,1,0.0,0.0,0.0,0.0
2023,13,00-0037475,S.Smartt,LAC,TE,1,0.0,0.0,0.0,0.0
2023,13,00-0037292,A.Ogletree,IND,TE,1,0.0,0.0,0.0,0.0
2023,13,00-0031260,L.Thomas,WAS,TE,1,0.0,0.0,0.0,0.0
2023,13,00-0037539,L.Krull,DEN,TE,1,0.0,0.0,0.0,0.0
2023,12,00-0036894,P.Freiermuth,PIT,TE,1,12.0,21.0,12.0,21.0
2023,12,00-0033110,T.Higbee,LA,TE,1,14.9,19.9,14.9,19.9
2023,12,00-0035229,T.Hockenson,MIN,TE,1,11.0,16.0,11.0,16.0
2023,12,00-0039065,S.LaPorta,DET,TE,1,10.7,15.7,10.7,15.7
2023,12,00-0030506,T.Kelce,KC,TE,1,9.1,15.1,9.1,15.1
2023,12,00-0033895,G.Everett,LAC,TE,1,10.3,14.3,10.3,14.3
2023,12,00-0037744,T.McBride,ARI,TE,1,6.0,13.0,6.0,13.0
2023,12,00-0033885,D.Njoku,CLE,TE,1,5.9,11.9,5.9,11.9
2023,12,00-0036290,C.Kmet,CHI,TE,1,4.3,11.3,4.3,11.3
2023,12,00-0033357,T.Hill,NO,TE,1,8.1,10.1,8.1,10.1
2023,12,00-0033881,E.Engram,JAX,TE,1,4.9,9.9,4.9,9.9
2023,12,00-0038996,T.Kraft,GB,TE,1,7.5,9.5,7.5,9.5
2023,12,00-0038933,D.Kincaid,BUF,TE,1,3.8,8.8,3.8,8.8
2023,12,00-0036887,L.Farrell,JAX,TE,1,5.5,8.5,5.5,8.5
2023,12,00-0037809,C.Okonkwo,TEN,TE,1,4.5,8.5,4.5,8.5
2023,12,00-0036040,J.Johnson,NO,TE,1,4.5,8.5,4.5,8.5
2023,12,00-0038129,C.Otton,TB,TE,1,4.5,8.5,4.5,8.5
2023,12,00-0035631,D.Sample,CIN,TE,1,7.1,8.1,7.1,8.1
2023,12,00-0037838,I.Likely,BAL,TE,1,4.0,8.0,4.0,8.0
2023,12,00-0036422,A.Trautman,DEN,TE,1,6.8,7.8,6.8,7.8
2023,12,00-0034270,T.Conklin,NYJ,TE,1,3.3,7.3,3.3,7.3
2023,12,00-0036232,H.Bryant,CLE,TE,1,6.2,7.2,6.2,7.2
2023,12,00-0036637,N.Gray,KC,TE,1,3.0,6.0,3.0,6.0
2023,12,00-0034613,T.Hudson,CIN,TE,1,1.8,5.8,1.8,5.8
2023,12,00-0038394,W.Mallory,IND,TE,1,2.9,4.9,2.9,4.9
2023,12,00-0033288,G.Kittle,SF,TE,1,1.9,4.9,1.9,4.9
2023,12,00-0039066,M.Mayer,LV,TE,1,2.7,4.7,2.7,4.7
2023,12,00-0038041,J.Ferguson,DAL,TE,1,3.5,4.5,3.5,4.5
2023,12,00-0035644,N.Fant,SEA,TE,1,2.5,4.5,2.5,4.5
2023,12,00-0036970,K.Pitts,ATL,TE,1,2.2,4.2,2.2,4.2
2023,12,00-0033217,M.Alie-Cox,IND,TE,1,3.0,4.0,3.0,4.0
2023,12,00-0037078,C.Turner,WAS,TE,1,2.9,3.9,2.9,3.9
2023,12,00-0037805,J.Ruckert,NYJ,TE,1,1.8,3.8,1.8,3.8
2023,12,00-0039041,E.Higgins,ARI,TE,1,2.6,3.6,2.6,3.6
2023,12,00-0031260,L.Thomas,WAS,TE,1,1.5,3.5,1.5,3.5
2023,12,00-0034159,W.Dissly,SEA,TE,1,2.1,3.1,2.1,3.1
2023,12,00-0037304,C.Heyward,PIT,TE,1,1.1,3.1,1.1,3.1
2023,12,00-0034970,I.Smith,CIN,TE,1,0.8,2.8,0.8,2.8
2023,12,00-0032392,A.Hooper,LV,TE,1,1.4,2.4,1.4,2.4
2023,12,00-0036741,J.Stoll,PHI,TE,1,1.4,2.4,1.4,2.4
2023,12,00-0036438,S.Sullivan,CAR,TE,1,1.3,2.3,1.3,2.3
2023,12,00-0038547,L.Schoonmaker,DAL,TE,1,1.2,2.2,1.2,2.2
2023,12,00-0039050,P.Durham,TB,TE,1,1.2,2.2,1.2,2.2
2023,12,00-0038589,J.Whyle,TEN,TE,1,1.1,2.1,1.1,2.1
2023,12,00-0038558,D.Washington,PIT,TE,1,1.0,2.0,1.0,2.0
2023,12,00-0034798,D.Smythe,MIA,TE,1,1.0,2.0,1.0,2.0
2023,12,00-0036556,B.Jordan,HOU,TE,1,0.9,1.9,0.9,1.9
2023,12,00-0036244,C.Parkinson,SEA,TE,1,0.9,1.9,0.9,1.9
2023,12,00-0036429,C.Woerner,SF,TE,1,0.9,1.9,0.9,1.9
2023,12,00-0036754,B.Wright,DET,TE,1,0.9,1.9,0.9,1.9
2023,12,00-0034365,I.Thomas,CAR,TE,1,0.9,1.9,0.9,1.9
2023,12,00-0038115,D.Bellinger,NYG,TE,1,0.8,1.8,0.8,1.8
2023,12,00-0037005,T.Tremble,CAR,TE,1,0.7,1.7,0.7,1.7
2023,12,00-0039074,D.Allen,LA,TE,1,0.6,1.6,0.6,1.6
2023,12,00-0034383,D.Schultz,HOU,TE,1,0.2,1.2,0.2,1.2
2023,12,00-0035771,M.Wilcox,CIN,TE,1,0.1,1.1,0.1,1.1
2023,12,00-0033757,R.Tonyan,CHI,TE,1,0.0,0.0,0.0,0.0
2023,12,00-0037475,S.Smartt,LAC,TE,1,0.0,0.0,0.0,0.0
2023,12,00-0036876,K.Granson,IND,TE,1,0.0,0.0,0.0,0.0
2023,12,00-0034829,M.Gesicki,NE,TE,1,0.0,0.0,0.0,0.0
2023,12,00-0038809,B.Sims,GB,TE,1,0.0,0.0,0.0,0.0
2023,11,00-0033288,G.Kittle,SF,TE,1,14.9,22.9,14.9,22.9
2023,11,00-0030506,T.Kelce,KC,TE,1,10.4,17.4,10.4,17.4
2023,11,00-0035249,J.Oliver,MIN,TE,1,10.7,14.7,10.7,14.7
2023,11,00-0033885,D.Njoku,CLE,TE,1,5.6,12.6,5.6,12.6
2023,11,00-0037475,S.Smartt,LAC,TE,1,11.1,12.1,11.1,12.1
2023,11,00-0034383,D.Schultz,HOU,TE,1,9.2,11.2,9.2,11.2
2023,11,00-0031260,L.Thomas,WAS,TE,1,5.8,10.8,5.8,10.8
2023,11,00-0038933,D.Kincaid,BUF,TE,1,4.6,10.6,4.6,10.6
2023,11,00-0038547,L.Schoonmaker,DAL,TE,1,8.3,10.3,8.3,10.3
2023,11,00-0035329,D.Parham,LAC,TE,1,5.7,9.7,5.7,9.7
2023,11,00-0035229,T.Hockenson,MIN,TE,1,5.5,9.5,5.5,9.5
2023,11,00-0037744,T.McBride,ARI,TE,1,4.3,9.3,4.3,9.3
2023,11,00-0038129,C.Otton,TB,TE,1,4.9,8.9,4.9,8.9
2023,11,00-0034613,T.Hudson,CIN,TE,1,4.9,8.9,4.9,8.9
2023,11,00-0039066,M.Mayer,LV,TE,1,4.6,8.6,4.6,8.6
2023,11,00-0037005,T.Tremble,CAR,TE,1,6.4,7.4,6.4,7.4
2023,11,00-0033881,E.Engram,JAX,TE,1,2.9,6.9,2.9,6.9
2023,11,00-0038115,D.Bellinger,NYG,TE,1,3.8,6.8,3.8,6.8
2023,11,00-0039144,L.Musgrave,GB,TE,1,2.8,6.8,2.8,6.8
2023,11,00-0038041,J.Ferguson,DAL,TE,1,3.2,6.2,3.2,6.2
2023,11,00-0037805,J.Ruckert,NYJ,TE,1,2.5,5.5,2.5,5.5
2023,11,00-0036422,A.Trautman,DEN,TE,1,3.3,5.3,3.3,5.3
2023,11,00-0038996,T.Kraft,GB,TE,1,3.2,5.2,3.2,5.2
2023,11,00-0036290,C.Kmet,CHI,TE,1,2.0,5.0,2.0,5.0
2023,11,00-0039065,S.LaPorta,DET,TE,1,1.8,4.8,1.8,4.8
2023,11,00-0034753,M.Andrews,BAL,TE,1,2.3,4.3,2.3,4.3
2023,11,00-0036887,L.Farrell,JAX,TE,1,2.1,4.1,2.1,4.1
2023,11,00-0035631,D.Sample,CIN,TE,1,1.9,3.9,1.9,3.9
2023,11,00-0034270,T.Conklin,NYJ,TE,1,1.8,3.8,1.8,3.8
2023,11,00-0036628,J.Bates,WAS,TE,1,1.5,3.5,1.5,3.5
2023,11,00-0032141,G.Swaim,ARI,TE,1,1.5,3.5,1.5,3.5
2023,11,00-0039050,P.Durham,TB,TE,1,1.3,3.3,1.3,3.3
2023,11,00-0036438,S.Sullivan,CAR,TE,1,2.0,3.0,2.0,3.0
2023,11,00-0033110,T.Higbee,LA,TE,1,1.7,2.7,1.7,2.7
2023,11,00-0038046,C.Kolar,BAL,TE,1,1.3,2.3,1.3,2.3
2023,11,00-0036590,Q.Morris,BUF,TE,1,1.1,2.1,1.1,2.1
2023,11,00-0038720,J.Hill,MIA,TE,1,1.0,2.0,1.0,2.0
2023,11,00-0034159,W.Dissly,SEA,TE,1,0.9,1.9,0.9,1.9
2023,11,00-0038558,D.Washington,PIT,TE,1,0.8,1.8,0.8,1.8
2023,11,00-0036894,P.Freiermuth,PIT,TE,1,0.7,1.7,0.7,1.7
2023,11,00-0038589,J.Whyle,TEN,TE,1,0.7,1.7,0.7,1.7
2023,11,00-0037078,C.Turner,WAS,TE,1,0.7,1.7,0.7,1.7
2023,11,00-0037809,C.Okonkwo,TEN,TE,1,0.6,1.6,0.6,1.6
2023,11,00-0035644,N.Fant,SEA,TE,1,0.4,1.4,0.4,1.4
2023,11,00-0036741,J.Stoll,PHI,TE,1,0.3,1.3,0.3,1.3
2023,11,00-0039041,E.Higgins,ARI,TE,1,0.2,1.2,0.2,1.2
2023,11,00-0034970,I.Smith,CIN,TE,1,0.0,0.0,0.0,0.0
2023,11,00-0032392,A.Hooper,LV,TE,1,0.0,0.0,0.0,0.0
2023,11,00-0037838,I.Likely,BAL,TE,1,0.0,0.0,0.0,0.0
2023,11,00-0036637,N.Gray,KC,TE,1,0.0,0.0,0.0,0.0
2023,11,00-0024243,M.Lewis,CHI,TE,1,0.0,0.0,0.0,0.0
2023,10,00-0035229,T.Hockenson,MIN,TE,1,19.4,30.4,19.4,30.4
2023,10,00-0037744,T.McBride,ARI,TE,1,13.1,21.1,13.1,21.1
2023,10,00-0033288,G.Kittle,SF,TE,1,17.6,20.6,17.6,20.6
2023,10,00-0038933,D.Kincaid,BUF,TE,1,11.1,16.1,11.1,16.1
2023,10,00-0034270,T.Conklin,NYJ,TE,1,7.0,14.0,7.0,14.0
2023,10,00-0038041,J.Ferguson,DAL,TE,1,8.6,12.6,8.6,12.6
2023,10,00-0033885,D.Njoku,CLE,TE,1,5.8,11.8,5.8,11.8
2023,10,00-0034383,D.Schultz,HOU,TE,1,7.1,11.1,7.1,11.1
2023,10,00-0039066,M.Mayer,LV,TE,1,7.9,10.9,7.9,10.9
2023,10,00-0036754,B.Wright,DET,TE,1,8.3,10.3,8.3,10.3
2023,10,00-0036290,C.Kmet,CHI,TE,1,4.6,9.6,4.6,9.6
2023,10,00-0034613,T.Hudson,CIN,TE,1,3.3,9.3,3.3,9.3
2023,10,00-0031260,L.Thomas,WAS,TE,1,4.0,9.0,4.0,9.0
2023,10,00-0039144,L.Musgrave,GB,TE,1,6.4,8.4,6.4,8.4
2023,10,00-0039065,S.LaPorta,DET,TE,1,4.0,8.0,4.0,8.0
2023,10,00-0036145,L.Cager,NYG,TE,1,7.0,8.0,7.0,8.0
2023,10,00-0034753,M.Andrews,BAL,TE,1,4.4,6.4,4.4,6.4
2023,10,00-0037304,C.Heyward,PIT,TE,1,3.2,6.2,3.2,6.2
2023,10,00-0036970,K.Pitts,ATL,TE,1,3.0,6.0,3.0,6.0
2023,10,00-0037809,C.Okonkwo,TEN,TE,1,2.7,5.7,2.7,5.7
2023,10,00-0038115,D.Bellinger,NYG,TE,1,3.4,5.4,3.4,5.4
2023,10,00-0033881,E.Engram,JAX,TE,1,1.2,5.2,1.2,5.2
2023,10,00-0036628,J.Bates,WAS,TE,1,2.1,5.1,2.1,5.1
2023,10,00-0033090,H.Henry,NE,TE,1,2.1,5.1,2.1,5.1
2023,10,00-0037005,T.Tremble,CAR,TE,1,1.6,4.6,1.6,4.6
2023,10,00-0033357,T.Hill,NO,TE,1,2.3,4.3,2.3,4.3
2023,10,00-0034829,M.Gesicki,NE,TE,1,2.2,4.2,2.2,4.2
2023,10,00-0034159,W.Dissly,SEA,TE,1,2.2,4.2,2.2,4.2
2023,10,00-0035329,D.Parham,LAC,TE,1,1.8,3.8,1.8,3.8
2023,10,00-0038589,J.Whyle,TEN,TE,1,1.6,3.6,1.6,3.6
2023,10,00-0036422,A.Trautman,DEN,TE,1,1.5,3.5,1.5,3.5
2023,10,00-0034830,H.Hurst,CAR,TE,1,1.4,3.4,1.4,3.4
2023,10,00-0032141,G.Swaim,ARI,TE,1,1.3,3.3,1.3,3.3
2023,10,00-0035631,D.Sample,CIN,TE,1,1.2,3.2,1.2,3.2
2023,10,00-0038129,C.Otton,TB,TE,1,1.0,3.0,1.0,3.0
2023,10,00-0033246,J.Mundt,MIN,TE,1,0.8,2.8,0.8,2.8
2023,10,00-0035644,N.Fant,SEA,TE,1,0.6,2.6,0.6,2.6
2023,10,00-0034364,J.Akins,CLE,TE,1,0.8,1.8,0.8,1.8
2023,10,00-0038394,W.Mallory,IND,TE,1,0.7,1.7,0.7,1.7
2023,10,00-0032392,A.Hooper,LV,TE,1,0.7,1.7,0.7,1.7
2023,10,00-0038996,T.Kraft,GB,TE,1,0.6,1.6,0.6,1.6
2023,10,00-0032134,C.Uzomah,NYJ,TE,1,0.6,1.6,0.6,1.6
2023,10,00-0038558,D.Washington,PIT,TE,1,0.6,1.6,0.6,1.6
2023,10,00-0031484,C.Manhertz,DEN,TE,1,0.6,1.6,0.6,1.6
2023,10,00-0034970,I.Smith,CIN,TE,1,0.6,1.6,0.6,1.6
2023,10,00-0036232,H.Bryant,CLE,TE,1,0.5,1.5,0.5,1.5
2023,10,00-0037838,I.Likely,BAL,TE,1,0.5,1.5,0.5,1.5
2023,10,00-0036876,K.Granson,IND,TE,1,0.5,1.5,0.5,1.5
2023,10,00-0036244,C.Parkinson,SEA,TE,1,0.3,1.3,0.3,1.3
2023,10,00-0036040,J.Johnson,NO,TE,1,0.2,1.2,0.2,1.2
2023,10,00-0033858,J.Smith,ATL,TE,1,0.1,1.1,0.1,1.1
2023,10,00-0035771,M.Wilcox,CIN,TE,1,0.0,0.0,0.0,0.0
2023,10,00-0037539,L.Krull,DEN,TE,1,0.0,0.0,0.0,0.0
2023,10,00-0033217,M.Alie-Cox,IND,TE,1,0.0,0.0,0.0,0.0
2023,10,00-0033895,G.Everett,LAC,TE,1,0.0,0.0,0.0,0.0
2023,10,00-0037475,S.Smartt,LAC,TE,1,0.0,0.0,0.0,0.0
2023,10,00-0038547,L.Schoonmaker,DAL,TE,1,0.0,0.0,0.0,0.0
2023,10,00-0038935,B.Strange,JAX,TE,1,0.0,0.0,0.0,0.0
2023,10,00-0039041,E.Higgins,ARI,TE,1,0.0,0.0,0.0,0.0
2023,9,00-0034383,D.Schultz,HOU,TE,1,19.0,29.0,19.0,29.0
2023,9,00-0038129,C.Otton,TB,TE,1,19.0,25.0,19.0,25.0
2023,9,00-0036290,C.Kmet,CHI,TE,1,17.5,23.5,17.5,23.5
2023,9,00-0038041,J.Ferguson,DAL,TE,1,15.1,22.1,15.1,22.1
2023,9,00-0033858,J.Smith,ATL,TE,1,16.0,21.0,16.0,21.0
2023,9,00-0033357,T.Hill,NO,TE,1,16.65,20.65,16.65,20.65
2023,9,00-0038933,D.Kincaid,BUF,TE,1,8.1,18.1,8.1,18.1
2023,9,00-0034753,M.Andrews,BAL,TE,1,8.0,17.0,8.0,17.0
2023,9,00-0039144,L.Musgrave,GB,TE,1,11.1,14.1,11.1,14.1
2023,9,00-0033090,H.Henry,NE,TE,1,9.9,13.9,9.9,13.9
2023,9,00-0036040,J.Johnson,NO,TE,1,8.9,13.9,8.9,13.9
2023,9,00-0035229,T.Hockenson,MIN,TE,1,6.9,13.9,6.9,13.9
2023,9,00-0034270,T.Conklin,NYJ,TE,1,6.6,12.6,6.6,12.6
2023,9,00-0033885,D.Njoku,CLE,TE,1,8.6,12.6,8.6,12.6
2023,9,00-0035631,D.Sample,CIN,TE,1,9.0,12.0,9.0,12.0
2023,9,00-0034970,I.Smith,CIN,TE,1,8.6,11.6,8.6,11.6
2023,9,00-0036970,K.Pitts,ATL,TE,1,5.6,9.6,5.6,9.6
2023,9,00-0034613,T.Hudson,CIN,TE,1,4.5,8.5,4.5,8.5
2023,9,00-0037838,I.Likely,BAL,TE,1,4.2,8.2,4.2,8.2
2023,9,00-0034351,D.Goedert,PHI,TE,1,5.0,8.0,5.0,8.0
2023,9,00-0034830,H.Hurst,CAR,TE,1,5.4,7.4,5.4,7.4
2023,9,00-0038115,D.Bellinger,NYG,TE,1,4.3,7.3,4.3,7.3
2023,9,00-0031260,L.Thomas,WAS,TE,1,3.1,7.1,3.1,7.1
2023,9,00-0036438,S.Sullivan,CAR,TE,1,2.8,6.8,2.8,6.8
2023,9,00-0036637,N.Gray,KC,TE,1,3.4,6.4,3.4,6.4
2023,9,00-0037809,C.Okonkwo,TEN,TE,1,2.8,5.8,2.8,5.8
2023,9,00-0037744,T.McBride,ARI,TE,1,2.2,5.2,2.2,5.2
2023,9,00-0034798,D.Smythe,MIA,TE,1,1.7,4.7,1.7,4.7
2023,9,00-0030506,T.Kelce,KC,TE,1,1.4,4.4,1.4,4.4
2023,9,00-0033895,G.Everett,LAC,TE,1,1.8,3.8,1.8,3.8
2023,9,00-0037304,C.Heyward,PIT,TE,1,1.6,3.6,1.6,3.6
2023,9,00-0034981,F.Moreau,NO,TE,1,2.3,3.3,2.3,3.3
2023,9,00-0037005,T.Tremble,CAR,TE,1,1.2,3.2,1.2,3.2
2023,9,00-0039066,M.Mayer,LV,TE,1,1.1,3.1,1.1,3.1
2023,9,00-0032134,C.Uzomah,NYJ,TE,1,1.1,3.1,1.1,3.1
2023,9,00-0037292,A.Ogletree,IND,TE,1,1.9,2.9,1.9,2.9
2023,9,00-0033246,J.Mundt,MIN,TE,1,1.8,2.8,1.8,2.8
2023,9,00-0035249,J.Oliver,MIN,TE,1,0.1,2.1,0.1,2.1
2023,9,00-0034364,J.Akins,CLE,TE,1,1.1,2.1,1.1,2.1
2023,9,00-0033757,R.Tonyan,CHI,TE,1,1.1,2.1,1.1,2.1
2023,9,00-0032392,A.Hooper,LV,TE,1,1.0,2.0,1.0,2.0
2023,9,00-0037805,J.Ruckert,NYJ,TE,1,0.7,1.7,0.7,1.7
2023,9,00-0036332,J.Deguara,GB,TE,1,0.7,1.7,0.7,1.7
2023,9,00-0038558,D.Washington,PIT,TE,1,0.7,1.7,0.7,1.7
2023,9,00-0036244,C.Parkinson,SEA,TE,1,0.6,1.6,0.6,1.6
2023,9,00-0038547,L.Schoonmaker,DAL,TE,1,0.0,1.0,0.0,1.0
2023,9,00-0036628,J.Bates,WAS,TE,1,-0.5,0.5,-0.5,0.5
2023,9,00-0034159,W.Dissly,SEA,TE,1,0.0,0.0,0.0,0.0
2023,9,00-0035644,N.Fant,SEA,TE,1,0.0,0.0,0.0,0.0
2023,9,00-0034829,M.Gesicki,NE,TE,1,0.0,0.0,0.0,0.0
2023,9,00-0036876,K.Granson,IND,TE,1,0.0,0.0,0.0,0.0
2023,9,00-0038589,J.Whyle,TEN,TE,1,0.0,0.0,0.0,0.0
2023,9,00-0033110,T.Higbee,LA,TE,1,0.0,0.0,0.0,0.0
2023,9,00-0037475,S.Smartt,LAC,TE,1,0.0,0.0,0.0,0.0
2023,9,00-0035329,D.Parham,LAC,TE,1,0.0,0.0,0.0,0.0
2023,8,00-0037744,T.McBride,ARI,TE,1,15.5,25.5,15.5,25.5
2023,8,00-0033288,G.Kittle,SF,TE,1,14.9,23.9,14.9,23.9
2023,8,00-0033357,T.Hill,NO,TE,1,21.9,22.9,21.9,22.9
2023,8,00-0035229,T.Hockenson,MIN,TE,1,14.8,20.8,14.8,20.8
2023,8,00-0039065,S.LaPorta,DET,TE,1,11.7,19.7,11.7,19.7
2023,8,00-0033881,E.Engram,JAX,TE,1,8.8,18.8,8.8,18.8
2023,8,00-0036290,C.Kmet,CHI,TE,1,7.9,17.9,7.9,17.9
2023,8,00-0033885,D.Njoku,CLE,TE,1,13.7,17.7,13.7,17.7
2023,8,00-0038933,D.Kincaid,BUF,TE,1,12.5,17.5,12.5,17.5
2023,8,00-0031260,L.Thomas,WAS,TE,1,10.4,16.4,10.4,16.4
2023,8,00-0038041,J.Ferguson,DAL,TE,1,10.7,14.7,10.7,14.7
2023,8,00-0035329,D.Parham,LAC,TE,1,10.3,14.3,10.3,14.3
2023,8,00-0034753,M.Andrews,BAL,TE,1,10.0,14.0,10.0,14.0
2023,8,00-0030506,T.Kelce,KC,TE,1,5.8,11.8,5.8,11.8
2023,8,00-0037292,A.Ogletree,IND,TE,1,9.3,10.3,9.3,10.3
2023,8,00-0033110,T.Higbee,LA,TE,1,4.5,9.5,4.5,9.5
2023,8,00-0037005,T.Tremble,CAR,TE,1,6.4,8.4,6.4,8.4
2023,8,00-0034351,D.Goedert,PHI,TE,1,3.6,7.6,3.6,7.6
2023,8,00-0037304,C.Heyward,PIT,TE,1,2.4,7.4,2.4,7.4
2023,8,00-0038129,C.Otton,TB,TE,1,2.7,6.7,2.7,6.7
2023,8,00-0037809,C.Okonkwo,TEN,TE,1,2.7,6.7,2.7,6.7
2023,8,00-0034970,I.Smith,CIN,TE,1,2.5,6.5,2.5,6.5
2023,8,00-0036970,K.Pitts,ATL,TE,1,3.5,6.5,3.5,6.5
2023,8,00-0034798,D.Smythe,MIA,TE,1,2.8,5.8,2.8,5.8
2023,8,00-0033090,H.Henry,NE,TE,1,2.8,5.8,2.8,5.8
2023,8,00-0033439,P.Brown,NE,TE,1,3.3,5.3,3.3,5.3
2023,8,00-0035644,N.Fant,SEA,TE,1,3.2,5.2,3.2,5.2
2023,8,00-0036637,N.Gray,KC,TE,1,2.5,4.5,2.5,4.5
2023,8,00-0032392,A.Hooper,LV,TE,1,1.9,3.9,1.9,3.9
2023,8,00-0034829,M.Gesicki,NE,TE,1,1.1,3.1,1.1,3.1
2023,8,00-0039144,L.Musgrave,GB,TE,1,0.9,2.9,0.9,2.9
2023,8,00-0032134,C.Uzomah,NYJ,TE,1,1.9,2.9,1.9,2.9
2023,8,00-0039066,M.Mayer,LV,TE,1,1.9,2.9,1.9,2.9
2023,8,00-0036628,J.Bates,WAS,TE,1,1.7,2.7,1.7,2.7
2023,8,00-0034383,D.Schultz,HOU,TE,1,0.5,2.5,0.5,2.5
2023,8,00-0038547,L.Schoonmaker,DAL,TE,1,1.3,2.3,1.3,2.3
2023,8,00-0033858,J.Smith,ATL,TE,1,1.3,2.3,1.3,2.3
2023,8,00-0036438,S.Sullivan,CAR,TE,1,1.3,2.3,1.3,2.3
2023,8,00-0033217,M.Alie-Cox,IND,TE,1,1.1,2.1,1.1,2.1
2023,8,00-0037838,I.Likely,BAL,TE,1,1.0,2.0,1.0,2.0
2023,8,00-0033757,R.Tonyan,CHI,TE,1,0.8,1.8,0.8,1.8
2023,8,00-0033246,J.Mundt,MIN,TE,1,0.8,1.8,0.8,1.8
2023,8,00-0034364,J.Akins,CLE,TE,1,0.6,1.6,0.6,1.6
2023,8,00-0038394,W.Mallory,IND,TE,1,0.6,1.6,0.6,1.6
2023,8,00-0036754,B.Wright,DET,TE,1,0.5,1.5,0.5,1.5
2023,8,00-0036040,J.Johnson,NO,TE,1,0.5,1.5,0.5,1.5
2023,8,00-0036887,L.Farrell,JAX,TE,1,0.5,1.5,0.5,1.5
2023,8,00-0031610,D.Waller,NYG,TE,1,0.4,1.4,0.4,1.4
2023,8,00-0038720,J.Hill,MIA,TE,1,0.4,1.4,0.4,1.4
2023,8,00-0031585,M.Pruitt,ATL,TE,1,0.3,1.3,0.3,1.3
2023,8,00-0037805,J.Ruckert,NYJ,TE,1,0.0,0.0,0.0,0.0
2023,8,00-0036032,S.McKeon,DAL,TE,1,0.0,0.0,0.0,0.0
2023,8,00-0036232,H.Bryant,CLE,TE,1,0.0,0.0,0.0,0.0
2023,8,00-0038115,D.Bellinger,NYG,TE,1,0.0,0.0,0.0,0.0
2023,8,00-0039050,P.Durham,TB,TE,1,0.0,0.0,0.0,0.0
2023,8,00-0034270,T.Conklin,NYJ,TE,1,0.0,0.0,0.0,0.0
2023,8,00-0032062,B.Bell,KC,TE,1,0.0,0.0,0.0,0.0
2023,8,00-0035631,D.Sample,CIN,TE,1,0.0,0.0,0.0,0.0
2023,8,00-0034830,H.Hurst,CAR,TE,1,0.0,0.0,0.0,0.0
2023,8,00-0037451,R.Williams,PIT,TE,1,0.0,0.0,0.0,0.0
2023,7,00-0030506,T.Kelce,KC,TE,1,23.9,35.9,23.9,35.9
2023,7,00-0031610,D.Waller,NYG,TE,1,15.8,22.8,15.8,22.8
2023,7,00-0034753,M.Andrews,BAL,TE,1,18.3,22.3,18.3,22.3
2023,7,00-0035229,T.Hockenson,MIN,TE,1,8.6,19.6,8.6,19.6
2023,7,00-0034351,D.Goedert,PHI,TE,1,13.7,18.7,13.7,18.7
2023,7,00-0033357,T.Hill,NO,TE,1,12.8,16.8,12.8,16.8
2023,7,00-0038933,D.Kincaid,BUF,TE,1,7.5,15.5,7.5,15.5
2023,7,00-0033288,G.Kittle,SF,TE,1,8.0,13.0,8.0,13.0
2023,7,00-0033895,G.Everett,LAC,TE,1,8.6,11.6,8.6,11.6
2023,7,00-0039065,S.LaPorta,DET,TE,1,5.2,11.2,5.2,11.2
2023,7,00-0033885,D.Njoku,CLE,TE,1,5.4,10.4,5.4,10.4
2023,7,00-0033881,E.Engram,JAX,TE,1,4.5,9.5,4.5,9.5
2023,7,00-0038129,C.Otton,TB,TE,1,4.3,9.3,4.3,9.3
2023,7,00-0031260,L.Thomas,WAS,TE,1,5.1,9.1,5.1,9.1
2023,7,00-0034829,M.Gesicki,NE,TE,1,6.5,8.5,6.5,8.5
2023,7,00-0036970,K.Pitts,ATL,TE,1,4.7,7.7,4.7,7.7
2023,7,00-0033439,P.Brown,NE,TE,1,5.1,7.1,5.1,7.1
2023,7,00-0039144,L.Musgrave,GB,TE,1,3.0,7.0,3.0,7.0
2023,7,00-0034981,F.Moreau,NO,TE,1,3.3,6.3,3.3,6.3
2023,7,00-0037744,T.McBride,ARI,TE,1,2.9,5.9,2.9,5.9
2023,7,00-0033858,J.Smith,ATL,TE,1,2.7,5.7,2.7,5.7
2023,7,00-0030061,Z.Ertz,ARI,TE,1,1.9,4.9,1.9,4.9
2023,7,00-0033090,H.Henry,NE,TE,1,2.7,4.7,2.7,4.7
2023,7,00-0036244,C.Parkinson,SEA,TE,1,2.6,4.6,2.6,4.6
2023,7,00-0037304,C.Heyward,PIT,TE,1,2.3,4.3,2.3,4.3
2023,7,00-0032392,A.Hooper,LV,TE,1,1.8,3.8,1.8,3.8
2023,7,00-0035644,N.Fant,SEA,TE,1,2.5,3.5,2.5,3.5
2023,7,00-0039066,M.Mayer,LV,TE,1,1.3,3.3,1.3,3.3
2023,7,00-0024243,M.Lewis,CHI,TE,1,1.6,2.6,1.6,2.6
2023,7,00-0035249,J.Oliver,MIN,TE,1,0.6,2.6,0.6,2.6
2023,7,00-0034073,R.Dwelley,SF,TE,1,1.2,2.2,1.2,2.2
2023,7,00-0035689,D.Knox,BUF,TE,1,1.0,2.0,1.0,2.0
2023,7,00-0035329,D.Parham,LAC,TE,1,0.9,1.9,0.9,1.9
2023,7,00-0036637,N.Gray,KC,TE,1,0.8,1.8,0.8,1.8
2023,7,00-0032141,G.Swaim,ARI,TE,1,0.8,1.8,0.8,1.8
2023,7,00-0033110,T.Higbee,LA,TE,1,0.7,1.7,0.7,1.7
2023,7,00-0032062,B.Bell,KC,TE,1,0.7,1.7,0.7,1.7
2023,7,00-0036422,A.Trautman,DEN,TE,1,0.5,1.5,0.5,1.5
2023,7,00-0036424,B.Hopkins,LA,TE,1,0.5,1.5,0.5,1.5
2023,7,00-0037475,S.Smartt,LAC,TE,1,0.5,1.5,0.5,1.5
2023,7,00-0035562,J.Horsted,LV,TE,1,0.4,1.4,0.4,1.4
2023,7,00-0038783,N.Adkins,DEN,TE,1,0.3,1.3,0.3,1.3
2023,7,00-0038809,B.Sims,GB,TE,1,0.2,1.2,0.2,1.2
2023,7,00-0039041,E.Higgins,ARI,TE,1,0.0,1.0,0.0,1.0
2023,7,00-0033217,M.Alie-Cox,IND,TE,1,-0.6,0.4,-0.6,0.4
2023,7,00-0036628,J.Bates,WAS,TE,1,0.0,0.0,0.0,0.0
2023,7,00-0038394,W.Mallory,IND,TE,1,0.0,0.0,0.0,0.0
2023,7,00-0039050,P.Durham,TB,TE,1,0.0,0.0,0.0,0.0
2023,7,00-0036232,H.Bryant,CLE,TE,1,0.0,0.0,0.0,0.0
2023,6,00-0030506,T.Kelce,KC,TE,1,12.4,21.4,12.4,21.4
2023,6,00-0034383,D.Schultz,HOU,TE,1,12.1,16.1,12.1,16.1
2023,6,00-0036970,K.Pitts,ATL,TE,1,10.3,14.3,10.3,14.3
2023,6,00-0033858,J.Smith,ATL,TE,1,9.6,13.6,9.6,13.6
2023,6,00-0039066,M.Mayer,LV,TE,1,7.5,12.5,7.5,12.5
2023,6,00-0033357,T.Hill,NO,TE,1,5.3,12.3,5.3,12.3
2023,6,00-0033881,E.Engram,JAX,TE,1,4.1,11.1,4.1,11.1
2023,6,00-0035229,T.Hockenson,MIN,TE,1,5.0,11.0,5.0,11.0
2023,6,00-0034753,M.Andrews,BAL,TE,1,6.9,10.9,6.9,10.9
2023,6,00-0033895,G.Everett,LAC,TE,1,7.8,10.8,7.8,10.8
2023,6,00-0038935,B.Strange,JAX,TE,1,8.7,10.7,8.7,10.7
2023,6,00-0037744,T.McBride,ARI,TE,1,6.2,10.2,6.2,10.2
2023,6,00-0036876,K.Granson,IND,TE,1,6.7,9.7,6.7,9.7
2023,6,00-0031610,D.Waller,NYG,TE,1,4.3,9.3,4.3,9.3
2023,6,00-0034351,D.Goedert,PHI,TE,1,4.2,9.2,4.2,9.2
2023,6,00-0036590,Q.Morris,BUF,TE,1,7.5,8.5,7.5,8.5
2023,6,00-0039065,S.LaPorta,DET,TE,1,3.6,7.6,3.6,7.6
2023,6,00-0034981,F.Moreau,NO,TE,1,3.3,7.3,3.3,7.3
2023,6,00-0034829,M.Gesicki,NE,TE,1,2.8,5.8,2.8,5.8
2023,6,00-0033885,D.Njoku,CLE,TE,1,2.4,5.4,2.4,5.4
2023,6,00-0034270,T.Conklin,NYJ,TE,1,2.4,5.4,2.4,5.4
2023,6,00-0036244,C.Parkinson,SEA,TE,1,1.9,4.9,1.9,4.9
2023,6,00-0035689,D.Knox,BUF,TE,1,1.7,4.7,1.7,4.7
2023,6,00-0037005,T.Tremble,CAR,TE,1,2.5,4.5,2.5,4.5
2023,6,00-0030061,Z.Ertz,ARI,TE,1,2.2,4.2,2.2,4.2
2023,6,00-0032392,A.Hooper,LV,TE,1,1.9,3.9,1.9,3.9
2023,6,00-0035329,D.Parham,LAC,TE,1,1.9,3.9,1.9,3.9
2023,6,00-0037809,C.Okonkwo,TEN,TE,1,1.8,3.8,1.8,3.8
2023,6,00-0033110,T.Higbee,LA,TE,1,1.8,3.8,1.8,3.8
2023,6,00-0036637,N.Gray,KC,TE,1,1.5,3.5,1.5,3.5
2023,6,00-0036290,C.Kmet,CHI,TE,1,0.9,2.9,0.9,2.9
2023,6,00-0034830,H.Hurst,CAR,TE,1,1.6,2.6,1.6,2.6
2023,6,00-0033439,P.Brown,NE,TE,1,1.5,2.5,1.5,2.5
2023,6,00-0038041,J.Ferguson,DAL,TE,1,1.5,2.5,1.5,2.5
2023,6,00-0038129,C.Otton,TB,TE,1,1.5,2.5,1.5,2.5
2023,6,00-0033757,R.Tonyan,CHI,TE,1,1.1,2.1,1.1,2.1
2023,6,00-0036556,B.Jordan,HOU,TE,1,1.1,2.1,1.1,2.1
2023,6,00-0038589,J.Whyle,TEN,TE,1,1.1,2.1,1.1,2.1
2023,6,00-0035644,N.Fant,SEA,TE,1,0.9,1.9,0.9,1.9
2023,6,00-0031585,M.Pruitt,ATL,TE,1,0.9,1.9,0.9,1.9
2023,6,00-0037805,J.Ruckert,NYJ,TE,1,0.8,1.8,0.8,1.8
2023,6,00-0039050,P.Durham,TB,TE,1,0.8,1.8,0.8,1.8
2023,6,00-0036754,B.Wright,DET,TE,1,0.7,1.7,0.7,1.7
2023,6,00-0033090,H.Henry,NE,TE,1,0.7,1.7,0.7,1.7
2023,6,00-0034970,I.Smith,CIN,TE,1,0.5,1.5,0.5,1.5
2023,6,00-0035631,D.Sample,CIN,TE,1,0.4,1.4,0.4,1.4
2023,6,00-0034159,W.Dissly,SEA,TE,1,0.4,1.4,0.4,1.4
2023,6,00-0036422,A.Trautman,DEN,TE,1,0.4,1.4,0.4,1.4
2023,6,00-0037252,G.Dulcich,DEN,TE,1,0.3,1.3,0.3,1.3
2023,6,00-0031260,L.Thomas,WAS,TE,1,0.2,1.2,0.2,1.2
2023,6,00-0033288,G.Kittle,SF,TE,1,0.1,1.1,0.1,1.1
2023,6,00-0031484,C.Manhertz,DEN,TE,1,0.0,0.0,0.0,0.0
2023,6,00-0034364,J.Akins,CLE,TE,1,0.0,0.0,0.0,0.0
2023,6,00-0034798,D.Smythe,MIA,TE,1,0.0,0.0,0.0,0.0
2023,6,00-0036032,S.McKeon,DAL,TE,1,0.0,0.0,0.0,0.0
2023,6,00-0034073,R.Dwelley,SF,TE,1,0.0,0.0,0.0,0.0
2023,6,00-0036232,H.Bryant,CLE,TE,1,0.0,0.0,0.0,0.0
2023,6,00-0032134,C.Uzomah,NYJ,TE,1,0.0,0.0,0.0,0.0
2023,6,00-0038394,W.Mallory,IND,TE,1,0.0,0.0,0.0,0.0
2023,6,00-0037292,A.Ogletree,IND,TE,1,0.0,0.0,0.0,0.0
2023,5,00-0033288,G.Kittle,SF,TE,1,24.7,27.7,24.7,27.7
2023,5,00-0034351,D.Goedert,PHI,TE,1,17.7,25.7,17.7,25.7
2023,5,00-0031260,L.Thomas,WAS,TE,1,13.7,22.7,13.7,22.7
2023,5,00-0030506,T.Kelce,KC,TE,1,12.7,22.7,12.7,22.7
2023,5,00-0039065,S.LaPorta,DET,TE,1,16.7,19.7,16.7,19.7
2023,5,00-0034383,D.Schultz,HOU,TE,1,12.5,19.5,12.5,19.5
2023,5,00-0031610,D.Waller,NYG,TE,1,8.6,16.6,8.6,16.6
2023,5,00-0036970,K.Pitts,ATL,TE,1,8.7,15.7,8.7,15.7
2023,5,00-0036290,C.Kmet,CHI,TE,1,10.2,15.2,10.2,15.2
2023,5,00-0033858,J.Smith,ATL,TE,1,6.7,12.7,6.7,12.7
2023,5,00-0036422,A.Trautman,DEN,TE,1,8.6,12.6,8.6,12.6
2023,5,00-0034753,M.Andrews,BAL,TE,1,6.5,12.5,6.5,12.5
2023,5,00-0034270,T.Conklin,NYJ,TE,1,6.7,10.7,6.7,10.7
2023,5,00-0035229,T.Hockenson,MIN,TE,1,5.1,10.1,5.1,10.1
2023,5,00-0039144,L.Musgrave,GB,TE,1,3.4,9.4,3.4,9.4
2023,5,00-0030061,Z.Ertz,ARI,TE,1,7.0,9.0,7.0,9.0
2023,5,00-0037809,C.Okonkwo,TEN,TE,1,3.3,8.3,3.3,8.3
2023,5,00-0034981,F.Moreau,NO,TE,1,6.6,7.6,6.6,7.6
2023,5,00-0037005,T.Tremble,CAR,TE,1,6.1,7.1,6.1,7.1
2023,5,00-0033881,E.Engram,JAX,TE,1,2.8,6.8,2.8,6.8
2023,5,00-0039066,M.Mayer,LV,TE,1,3.9,5.9,3.9,5.9
2023,5,00-0038041,J.Ferguson,DAL,TE,1,2.8,5.8,2.8,5.8
2023,5,00-0037304,C.Heyward,PIT,TE,1,2.3,5.3,2.3,5.3
2023,5,00-0034830,H.Hurst,CAR,TE,1,2.1,5.1,2.1,5.1
2023,5,00-0035689,D.Knox,BUF,TE,1,1.7,4.7,1.7,4.7
2023,5,00-0036754,B.Wright,DET,TE,1,1.6,4.6,1.6,4.6
2023,5,00-0032141,G.Swaim,ARI,TE,1,2.2,4.2,2.2,4.2
2023,5,00-0036637,N.Gray,KC,TE,1,2.1,4.1,2.1,4.1
2023,5,00-0033110,T.Higbee,LA,TE,1,2.0,4.0,2.0,4.0
2023,5,00-0038933,D.Kincaid,BUF,TE,1,1.9,3.9,1.9,3.9
2023,5,00-0036628,J.Bates,WAS,TE,1,1.9,3.9,1.9,3.9
2023,5,00-0034365,I.Thomas,CAR,TE,1,2.8,3.8,2.8,3.8
2023,5,00-0037744,T.McBride,ARI,TE,1,1.7,3.7,1.7,3.7
2023,5,00-0034829,M.Gesicki,NE,TE,1,1.7,3.7,1.7,3.7
2023,5,00-0037292,A.Ogletree,IND,TE,1,1.6,3.6,1.6,3.6
2023,5,00-0036876,K.Granson,IND,TE,1,1.5,3.5,1.5,3.5
2023,5,00-0037277,T.Quitoriano,HOU,TE,1,2.2,3.2,2.2,3.2
2023,5,00-0032134,C.Uzomah,NYJ,TE,1,1.2,3.2,1.2,3.2
2023,5,00-0031585,M.Pruitt,ATL,TE,1,2.2,3.2,2.2,3.2
2023,5,00-0035259,T.Wesco,TEN,TE,1,2.1,3.1,2.1,3.1
2023,5,00-0032392,A.Hooper,LV,TE,1,1.1,3.1,1.1,3.1
2023,5,00-0033757,R.Tonyan,CHI,TE,1,1.0,3.0,1.0,3.0
2023,5,00-0033357,T.Hill,NO,TE,1,2.0,3.0,2.0,3.0
2023,5,00-0036332,J.Deguara,GB,TE,1,1.9,2.9,1.9,2.9
2023,5,00-0033217,M.Alie-Cox,IND,TE,1,1.7,2.7,1.7,2.7
2023,5,00-0036887,L.Farrell,JAX,TE,1,1.6,2.6,1.6,2.6
2023,5,00-0035249,J.Oliver,MIN,TE,1,1.5,2.5,1.5,2.5
2023,5,00-0038809,B.Sims,GB,TE,1,1.2,2.2,1.2,2.2
2023,5,00-0033246,J.Mundt,MIN,TE,1,1.1,2.1,1.1,2.1
2023,5,00-0037078,C.Turner,WAS,TE,1,0.9,1.9,0.9,1.9
2023,5,00-0038115,D.Bellinger,NYG,TE,1,0.7,1.7,0.7,1.7
2023,5,00-0038589,J.Whyle,TEN,TE,1,0.7,1.7,0.7,1.7
2023,5,00-0036741,J.Stoll,PHI,TE,1,0.4,1.4,0.4,1.4
2023,5,00-0037805,J.Ruckert,NYJ,TE,1,0.2,1.2,0.2,1.2
2023,5,00-0038783,N.Adkins,DEN,TE,1,0.0,0.0,0.0,0.0
2023,5,00-0027696,J.Graham,NO,TE,1,0.0,0.0,0.0,0.0
2023,5,00-0038558,D.Washington,PIT,TE,1,0.0,0.0,0.0,0.0
2023,5,00-0038935,B.Strange,JAX,TE,1,0.0,0.0,0.0,0.0
2023,5,00-0038547,L.Schoonmaker,DAL,TE,1,0.0,0.0,0.0,0.0
2023,5,00-0033090,H.Henry,NE,TE,1,0.0,0.0,0.0,0.0
2023,4,00-0036290,C.Kmet,CHI,TE,1,20.6,27.6,20.6,27.6
2023,4,00-0034753,M.Andrews,BAL,TE,1,20.0,25.0,20.0,25.0
2023,4,00-0033858,J.Smith,ATL,TE,1,9.5,15.5,9.5,15.5
2023,4,00-0038041,J.Ferguson,DAL,TE,1,7.7,14.7,7.7,14.7
2023,4,00-0037292,A.Ogletree,IND,TE,1,10.8,13.8,10.8,13.8
2023,4,00-0034383,D.Schultz,HOU,TE,1,10.2,13.2,10.2,13.2
2023,4,00-0033881,E.Engram,JAX,TE,1,5.9,12.9,5.9,12.9
2023,4,00-0030506,T.Kelce,KC,TE,1,6.0,12.0,6.0,12.0
2023,4,00-0033110,T.Higbee,LA,TE,1,6.4,11.4,6.4,11.4
2023,4,00-0030061,Z.Ertz,ARI,TE,1,5.3,11.3,5.3,11.3
2023,4,00-0038589,J.Whyle,TEN,TE,1,8.6,10.6,8.6,10.6
2023,4,00-0033885,D.Njoku,CLE,TE,1,4.6,10.6,4.6,10.6
2023,4,00-0033217,M.Alie-Cox,IND,TE,1,9.5,10.5,9.5,10.5
2023,4,00-0036637,N.Gray,KC,TE,1,9.4,10.4,9.4,10.4
2023,4,00-0038129,C.Otton,TB,TE,1,7.3,10.3,7.3,10.3
2023,4,00-0034270,T.Conklin,NYJ,TE,1,5.8,9.8,5.8,9.8
2023,4,00-0039065,S.LaPorta,DET,TE,1,5.6,9.6,5.6,9.6
2023,4,00-0033090,H.Henry,NE,TE,1,5.1,9.1,5.1,9.1
2023,4,00-0035644,N.Fant,SEA,TE,1,6.3,8.3,6.3,8.3
2023,4,00-0034798,D.Smythe,MIA,TE,1,4.1,8.1,4.1,8.1
2023,4,00-0036332,J.Deguara,GB,TE,1,3.4,7.4,3.4,7.4
2023,4,00-0031260,L.Thomas,WAS,TE,1,4.3,7.3,4.3,7.3
2023,4,00-0032134,C.Uzomah,NYJ,TE,1,6.1,7.1,6.1,7.1
2023,4,00-0038933,D.Kincaid,BUF,TE,1,2.7,6.7,2.7,6.7
2023,4,00-0037809,C.Okonkwo,TEN,TE,1,2.9,5.9,2.9,5.9
2023,4,00-0031610,D.Waller,NYG,TE,1,2.1,5.1,2.1,5.1
2023,4,00-0037805,J.Ruckert,NYJ,TE,1,2.6,4.6,2.6,4.6
2023,4,00-0034351,D.Goedert,PHI,TE,1,2.5,4.5,2.5,4.5
2023,4,00-0035229,T.Hockenson,MIN,TE,1,2.4,4.4,2.4,4.4
2023,4,00-0036876,K.Granson,IND,TE,1,2.4,4.4,2.4,4.4
2023,4,00-0036970,K.Pitts,ATL,TE,1,2.1,4.1,2.1,4.1
2023,4,00-0034613,T.Hudson,CIN,TE,1,1.8,3.8,1.8,3.8
2023,4,00-0033757,R.Tonyan,CHI,TE,1,1.8,3.8,1.8,3.8
2023,4,00-0036894,P.Freiermuth,PIT,TE,1,0.7,3.7,0.7,3.7
2023,4,00-0033357,T.Hill,NO,TE,1,2.35,3.35,2.35,3.35
2023,4,00-0036887,L.Farrell,JAX,TE,1,1.0,3.0,1.0,3.0
2023,4,00-0033895,G.Everett,LAC,TE,1,0.9,2.9,0.9,2.9
2023,4,00-0038783,N.Adkins,DEN,TE,1,0.8,2.8,0.8,2.8
2023,4,00-0038996,T.Kraft,GB,TE,1,0.5,2.5,0.5,2.5
2023,4,00-0034829,M.Gesicki,NE,TE,1,1.2,2.2,1.2,2.2
2023,4,00-0035689,D.Knox,BUF,TE,1,1.2,2.2,1.2,2.2
2023,4,00-0032392,A.Hooper,LV,TE,1,1.1,2.1,1.1,2.1
2023,4,00-0031484,C.Manhertz,DEN,TE,1,1.0,2.0,1.0,2.0
2023,4,00-0038558,D.Washington,PIT,TE,1,1.0,2.0,1.0,2.0
2023,4,00-0033288,G.Kittle,SF,TE,1,0.9,1.9,0.9,1.9
2023,4,00-0024243,M.Lewis,CHI,TE,1,0.8,1.8,0.8,1.8
2023,4,00-0035771,M.Wilcox,CIN,TE,1,0.7,1.7,0.7,1.7
2023,4,00-0034830,H.Hurst,CAR,TE,1,0.7,1.7,0.7,1.7
2023,4,00-0038115,D.Bellinger,NYG,TE,1,0.6,1.6,0.6,1.6
2023,4,00-0034364,J.Akins,CLE,TE,1,0.6,1.6,0.6,1.6
2023,4,00-0036628,J.Bates,WAS,TE,1,0.6,1.6,0.6,1.6
2023,4,00-0036424,B.Hopkins,LA,TE,1,0.5,1.5,0.5,1.5
2023,4,00-0037744,T.McBride,ARI,TE,1,0.5,1.5,0.5,1.5
2023,4,00-0036232,H.Bryant,CLE,TE,1,0.4,1.4,0.4,1.4
2023,4,00-0039144,L.Musgrave,GB,TE,1,0.1,1.1,0.1,1.1
2023,4,00-0035631,D.Sample,CIN,TE,1,-0.1,0.9,-0.1,0.9
2023,4,00-0032141,G.Swaim,ARI,TE,1,0.0,0.0,0.0,0.0
2023,4,00-0036244,C.Parkinson,SEA,TE,1,0.0,0.0,0.0,0.0
2023,4,00-0037475,S.Smartt,LAC,TE,1,0.0,0.0,0.0,0.0
2023,4,00-0031585,M.Pruitt,ATL,TE,1,0.0,0.0,0.0,0.0
2023,4,00-0038547,L.Schoonmaker,DAL,TE,1,0.0,0.0,0.0,0.0
2023,4,00-0035329,D.Parham,LAC,TE,1,0.0,0.0,0.0,0.0
2023,4,00-0036422,A.Trautman,DEN,TE,1,0.0,0.0,0.0,0.0
2023,4,00-0034365,I.Thomas,CAR,TE,1,0.0,0.0,0.0,0.0
2023,3,00-0039065,S.LaPorta,DET,TE,1,14.4,22.4,14.4,22.4
2023,3,00-0030506,T.Kelce,KC,TE,1,12.9,19.9,12.9,19.9
2023,3,00-0033288,G.Kittle,SF,TE,1,9.0,16.0,9.0,16.0
2023,3,00-0035229,T.Hockenson,MIN,TE,1,7.8,15.8,7.8,15.8
2023,3,00-0033439,P.Brown,NE,TE,1,13.1,15.1,13.1,15.1
2023,3,00-0035329,D.Parham,LAC,TE,1,12.4,14.4,12.4,14.4
2023,3,00-0033881,E.Engram,JAX,TE,1,6.7,13.7,6.7,13.7
2023,3,00-0036894,P.Freiermuth,PIT,TE,1,10.1,13.1,10.1,13.1
2023,3,00-0033110,T.Higbee,LA,TE,1,7.1,12.1,7.1,12.1
2023,3,00-0039144,L.Musgrave,GB,TE,1,4.9,10.9,4.9,10.9
2023,3,00-0038041,J.Ferguson,DAL,TE,1,4.8,9.8,4.8,9.8
2023,3,00-0036556,B.Jordan,HOU,TE,1,7.3,9.3,7.3,9.3
2023,3,00-0034351,D.Goedert,PHI,TE,1,4.1,9.1,4.1,9.1
2023,3,00-0033895,G.Everett,LAC,TE,1,3.0,9.0,3.0,9.0
2023,3,00-0033858,J.Smith,ATL,TE,1,3.7,8.7,3.7,8.7
2023,3,00-0036970,K.Pitts,ATL,TE,1,3.7,8.7,3.7,8.7
2023,3,00-0035249,J.Oliver,MIN,TE,1,6.4,8.4,6.4,8.4
2023,3,00-0035644,N.Fant,SEA,TE,1,4.1,8.1,4.1,8.1
2023,3,00-0027696,J.Graham,NO,TE,1,6.8,7.8,6.8,7.8
2023,3,00-0034753,M.Andrews,BAL,TE,1,3.5,7.5,3.5,7.5
2023,3,00-0037078,C.Turner,WAS,TE,1,3.5,7.5,3.5,7.5
2023,3,00-0036244,C.Parkinson,SEA,TE,1,3.8,6.8,3.8,6.8
2023,3,00-0033885,D.Njoku,CLE,TE,1,2.0,6.0,2.0,6.0
2023,3,00-0034270,T.Conklin,NYJ,TE,1,2.6,5.6,2.6,5.6
2023,3,00-0031610,D.Waller,NYG,TE,1,2.0,5.0,2.0,5.0
2023,3,00-0034613,T.Hudson,CIN,TE,1,3.0,5.0,3.0,5.0
2023,3,00-0036290,C.Kmet,CHI,TE,1,2.2,4.2,2.2,4.2
2023,3,00-0037809,C.Okonkwo,TEN,TE,1,0.7,3.7,0.7,3.7
2023,3,00-0033090,H.Henry,NE,TE,1,1.7,3.7,1.7,3.7
2023,3,00-0036040,J.Johnson,NO,TE,1,1.2,3.2,1.2,3.2
2023,3,00-0036628,J.Bates,WAS,TE,1,1.2,3.2,1.2,3.2
2023,3,00-0033357,T.Hill,NO,TE,1,2.1,3.1,2.1,3.1
2023,3,00-0037838,I.Likely,BAL,TE,1,2.0,3.0,2.0,3.0
2023,3,00-0035771,M.Wilcox,CIN,TE,1,1.0,3.0,1.0,3.0
2023,3,00-0036876,K.Granson,IND,TE,1,0.9,2.9,0.9,2.9
2023,3,00-0034829,M.Gesicki,NE,TE,1,1.8,2.8,1.8,2.8
2023,3,00-0038935,B.Strange,JAX,TE,1,0.7,2.7,0.7,2.7
2023,3,00-0038129,C.Otton,TB,TE,1,1.6,2.6,1.6,2.6
2023,3,00-0030061,Z.Ertz,ARI,TE,1,0.6,2.6,0.6,2.6
2023,3,00-0034798,D.Smythe,MIA,TE,1,1.5,2.5,1.5,2.5
2023,3,00-0037005,T.Tremble,CAR,TE,1,1.5,2.5,1.5,2.5
2023,3,00-0038933,D.Kincaid,BUF,TE,1,0.3,2.3,0.3,2.3
2023,3,00-0037292,A.Ogletree,IND,TE,1,1.1,2.1,1.1,2.1
2023,3,00-0034830,H.Hurst,CAR,TE,1,1.1,2.1,1.1,2.1
2023,3,00-0038783,N.Adkins,DEN,TE,1,1.1,2.1,1.1,2.1
2023,3,00-0035689,D.Knox,BUF,TE,1,1.1,2.1,1.1,2.1
2023,3,00-0031585,M.Pruitt,ATL,TE,1,1.0,2.0,1.0,2.0
2023,3,00-0032134,C.Uzomah,NYJ,TE,1,0.9,1.9,0.9,1.9
2023,3,00-0036637,N.Gray,KC,TE,1,0.9,1.9,0.9,1.9
2023,3,00-0034383,D.Schultz,HOU,TE,1,0.9,1.9,0.9,1.9
2023,3,00-0034365,I.Thomas,CAR,TE,1,0.8,1.8,0.8,1.8
2023,3,00-0038115,D.Bellinger,NYG,TE,1,0.8,1.8,0.8,1.8
2023,3,00-0035631,D.Sample,CIN,TE,1,0.7,1.7,0.7,1.7
2023,3,00-0036741,J.Stoll,PHI,TE,1,0.6,1.6,0.6,1.6
2023,3,00-0036887,L.Farrell,JAX,TE,1,0.4,1.4,0.4,1.4
2023,3,00-0037569,P.Hendershot,DAL,TE,1,0.3,1.3,0.3,1.3
2023,3,00-0037744,T.McBride,ARI,TE,1,0.2,1.2,0.2,1.2
2023,3,00-0036232,H.Bryant,CLE,TE,1,0.4,0.4,0.4,0.4
2023,3,00-0031484,C.Manhertz,DEN,TE,1,0.0,0.0,0.0,0.0
2023,3,00-0037304,C.Heyward,PIT,TE,1,0.0,0.0,0.0,0.0
2023,3,00-0039066,M.Mayer,LV,TE,1,0.0,0.0,0.0,0.0
2023,3,00-0038547,L.Schoonmaker,DAL,TE,1,0.0,0.0,0.0,0.0
2023,3,00-0036422,A.Trautman,DEN,TE,1,0.0,0.0,0.0,0.0
2023,3,00-0037277,T.Quitoriano,HOU,TE,1,0.0,0.0,0.0,0.0
2023,3,00-0038720,J.Hill,MIA,TE,1,0.0,0.0,0.0,0.0
2023,2,00-0035229,T.Hockenson,MIN,TE,1,18.6,25.6,18.6,25.6
2023,2,00-0033090,H.Henry,NE,TE,1,11.2,17.2,11.2,17.2
2023,2,00-0034753,M.Andrews,BAL,TE,1,10.5,15.5,10.5,15.5
2023,2,00-0031610,D.Waller,NYG,TE,1,7.6,13.6,7.6,13.6
2023,2,00-0030506,T.Kelce,KC,TE,1,8.6,12.6,8.6,12.6
2023,2,00-0033881,E.Engram,JAX,TE,1,5.7,11.7,5.7,11.7
2023,2,00-0030061,Z.Ertz,ARI,TE,1,5.6,11.6,5.6,11.6
2023,2,00-0039065,S.LaPorta,DET,TE,1,6.3,11.3,6.3,11.3
2023,2,00-0036876,K.Granson,IND,TE,1,7.6,10.6,7.6,10.6
2023,2,00-0031260,L.Thomas,WAS,TE,1,8.2,10.2,8.2,10.2
2023,2,00-0038129,C.Otton,TB,TE,1,4.1,10.1,4.1,10.1
2023,2,00-0038041,J.Ferguson,DAL,TE,1,7.1,10.1,7.1,10.1
2023,2,00-0034270,T.Conklin,NYJ,TE,1,5.0,10.0,5.0,10.0
2023,2,00-0035689,D.Knox,BUF,TE,1,7.0,10.0,7.0,10.0
2023,2,00-0035644,N.Fant,SEA,TE,1,5.6,9.6,5.6,9.6
2023,2,00-0038933,D.Kincaid,BUF,TE,1,4.3,9.3,4.3,9.3
2023,2,00-0033885,D.Njoku,CLE,TE,1,4.8,8.8,4.8,8.8
2023,2,00-0033357,T.Hill,NO,TE,1,7.8,8.8,7.8,8.8
2023,2,00-0033858,J.Smith,ATL,TE,1,4.7,8.7,4.7,8.7
2023,2,00-0034829,M.Gesicki,NE,TE,1,3.3,8.3,3.3,8.3
2023,2,00-0034351,D.Goedert,PHI,TE,1,2.2,8.2,2.2,8.2
2023,2,00-0036290,C.Kmet,CHI,TE,1,3.8,7.8,3.8,7.8
2023,2,00-0033895,G.Everett,LAC,TE,1,4.7,7.7,4.7,7.7
2023,2,00-0036628,J.Bates,WAS,TE,1,4.6,7.6,4.6,7.6
2023,2,00-0037809,C.Okonkwo,TEN,TE,1,3.5,7.5,3.5,7.5
2023,2,00-0034383,D.Schultz,HOU,TE,1,3.4,7.4,3.4,7.4
2023,2,00-0038547,L.Schoonmaker,DAL,TE,1,6.1,7.1,6.1,7.1
2023,2,00-0038394,W.Mallory,IND,TE,1,4.9,6.9,4.9,6.9
2023,2,00-0036637,N.Gray,KC,TE,1,3.8,6.8,3.8,6.8
2023,2,00-0034159,W.Dissly,SEA,TE,1,3.5,6.5,3.5,6.5
2023,2,00-0036244,C.Parkinson,SEA,TE,1,4.1,6.1,4.1,6.1
2023,2,00-0033288,G.Kittle,SF,TE,1,3.0,6.0,3.0,6.0
2023,2,00-0034798,D.Smythe,MIA,TE,1,2.3,5.3,2.3,5.3
2023,2,00-0037744,T.McBride,ARI,TE,1,3.2,5.2,3.2,5.2
2023,2,00-0034830,H.Hurst,CAR,TE,1,2.0,5.0,2.0,5.0
2023,2,00-0036556,B.Jordan,HOU,TE,1,2.7,4.7,2.7,4.7
2023,2,00-0039144,L.Musgrave,GB,TE,1,2.5,4.5,2.5,4.5
2023,2,00-0033110,T.Higbee,LA,TE,1,1.2,4.2,1.2,4.2
2023,2,00-0037078,C.Turner,WAS,TE,1,2.1,4.1,2.1,4.1
2023,2,00-0032392,A.Hooper,LV,TE,1,2.0,4.0,2.0,4.0
2023,2,00-0034981,F.Moreau,NO,TE,1,2.0,4.0,2.0,4.0
2023,2,00-0036970,K.Pitts,ATL,TE,1,1.5,3.5,1.5,3.5
2023,2,00-0037475,S.Smartt,LAC,TE,1,2.4,3.4,2.4,3.4
2023,2,00-0035249,J.Oliver,MIN,TE,1,1.3,3.3,1.3,3.3
2023,2,00-0036040,J.Johnson,NO,TE,1,1.3,3.3,1.3,3.3
2023,2,00-0034970,I.Smith,CIN,TE,1,1.0,3.0,1.0,3.0
2023,2,00-0033217,M.Alie-Cox,IND,TE,1,1.5,2.5,1.5,2.5
2023,2,00-0036332,J.Deguara,GB,TE,1,0.5,2.5,0.5,2.5
2023,2,00-0037838,I.Likely,BAL,TE,1,0.8,1.8,0.8,1.8
2023,2,00-0035329,D.Parham,LAC,TE,1,0.7,1.7,0.7,1.7
2023,2,00-0034364,J.Akins,CLE,TE,1,0.2,1.2,0.2,1.2
2023,2,00-0036894,P.Freiermuth,PIT,TE,1,0.2,1.2,0.2,1.2
2023,2,00-0039066,M.Mayer,LV,TE,1,0.2,1.2,0.2,1.2
2023,2,00-0034575,D.Wells,TB,TE,1,-1.0,1.0,-1.0,1.0
2023,2,00-0037569,P.Hendershot,DAL,TE,1,0.0,0.0,0.0,0.0
2023,2,00-0036422,A.Trautman,DEN,TE,1,0.0,0.0,0.0,0.0
2023,2,00-0036232,H.Bryant,CLE,TE,1,0.0,0.0,0.0,0.0
2023,2,00-0035259,T.Wesco,TEN,TE,1,0.0,0.0,0.0,0.0
2023,2,00-0033757,R.Tonyan,CHI,TE,1,0.0,0.0,0.0,0.0
2023,1,00-0033090,H.Henry,NE,TE,1,11.6,16.6,11.6,16.6
2023,1,00-0034830,H.Hurst,CAR,TE,1,10.1,15.1,10.1,15.1
2023,1,00-0035229,T.Hockenson,MIN,TE,1,3.5,11.5,3.5,11.5
2023,1,00-0035329,D.Parham,LAC,TE,1,8.2,11.2,8.2,11.2
2023,1,00-0033881,E.Engram,JAX,TE,1,4.9,9.9,4.9,9.9
2023,1,00-0036290,C.Kmet,CHI,TE,1,4.4,9.4,4.4,9.4
2023,1,00-0032062,B.Bell,KC,TE,1,7.2,9.2,7.2,9.2
2023,1,00-0039065,S.LaPorta,DET,TE,1,3.9,8.9,3.9,8.9
2023,1,00-0036232,H.Bryant,CLE,TE,1,6.5,8.5,6.5,8.5
2023,1,00-0036422,A.Trautman,DEN,TE,1,3.4,8.4,3.4,8.4
2023,1,00-0031260,L.Thomas,WAS,TE,1,4.3,8.3,4.3,8.3
2023,1,00-0030061,Z.Ertz,ARI,TE,1,2.1,8.1,2.1,8.1
2023,1,00-0039144,L.Musgrave,GB,TE,1,5.0,8.0,5.0,8.0
2023,1,00-0036876,K.Granson,IND,TE,1,3.9,7.9,3.9,7.9
2023,1,00-0033110,T.Higbee,LA,TE,1,4.9,7.9,4.9,7.9
2023,1,00-0034798,D.Smythe,MIA,TE,1,4.4,7.4,4.4,7.4
2023,1,00-0036894,P.Freiermuth,PIT,TE,1,6.3,7.3,6.3,7.3
2023,1,00-0036040,J.Johnson,NO,TE,1,3.6,6.6,3.6,6.6
2023,1,00-0038933,D.Kincaid,BUF,TE,1,2.6,6.6,2.6,6.6
2023,1,00-0031610,D.Waller,NYG,TE,1,3.6,6.6,3.6,6.6
2023,1,00-0034829,M.Gesicki,NE,TE,1,3.6,6.6,3.6,6.6
2023,1,00-0036970,K.Pitts,ATL,TE,1,4.4,6.4,4.4,6.4
2023,1,00-0035249,J.Oliver,MIN,TE,1,3.2,6.2,3.2,6.2
2023,1,00-0036637,N.Gray,KC,TE,1,3.1,6.1,3.1,6.1
2023,1,00-0035689,D.Knox,BUF,TE,1,2.5,5.5,2.5,5.5
2023,1,00-0033288,G.Kittle,SF,TE,1,1.9,4.9,1.9,4.9
2023,1,00-0034970,I.Smith,CIN,TE,1,1.7,4.7,1.7,4.7
2023,1,00-0033885,D.Njoku,CLE,TE,1,2.4,4.4,2.4,4.4
2023,1,00-0037744,T.McBride,ARI,TE,1,2.3,4.3,2.3,4.3
2023,1,00-0033895,G.Everett,LAC,TE,1,2.3,4.3,2.3,4.3
2023,1,00-0037252,G.Dulcich,DEN,TE,1,2.2,4.2,2.2,4.2
2023,1,00-0037304,C.Heyward,PIT,TE,1,1.9,3.9,1.9,3.9
2023,1,00-0038129,C.Otton,TB,TE,1,1.9,3.9,1.9,3.9
2023,1,00-0036754,B.Wright,DET,TE,1,1.7,3.7,1.7,3.7
2023,1,00-0034159,W.Dissly,SEA,TE,1,1.7,3.7,1.7,3.7
2023,1,00-0036145,L.Cager,NYG,TE,1,1.7,3.7,1.7,3.7
2023,1,00-0036424,B.Hopkins,LA,TE,1,2.1,3.1,2.1,3.1
2023,1,00-0038041,J.Ferguson,DAL,TE,1,1.1,3.1,1.1,3.1
2023,1,00-0032392,A.Hooper,LV,TE,1,2.0,3.0,2.0,3.0
2023,1,00-0037292,A.Ogletree,IND,TE,1,2.0,3.0,2.0,3.0
2023,1,00-0037078,C.Turner,WAS,TE,1,1.7,2.7,1.7,2.7
2023,1,00-0034383,D.Schultz,HOU,TE,1,0.4,2.4,0.4,2.4
2023,1,00-0034364,J.Akins,CLE,TE,1,1.2,2.2,1.2,2.2
2023,1,00-0037277,T.Quitoriano,HOU,TE,1,1.1,2.1,1.1,2.1
2023,1,00-0036244,C.Parkinson,SEA,TE,1,0.8,1.8,0.8,1.8
2023,1,00-0037838,I.Likely,BAL,TE,1,0.4,1.4,0.4,1.4
2023,1,00-0035956,G.Ricci,CAR,TE,1,0.2,1.2,0.2,1.2
2023,1,00-0034270,T.Conklin,NYJ,TE,1,0.2,1.2,0.2,1.2
2023,1,00-0038115,D.Bellinger,NYG,TE,1,0.1,1.1,0.1,1.1
2023,1,00-0033357,T.Hill,NO,TE,1,0.4,0.4,0.4,0.4
2023,1,00-0037809,C.Okonkwo,TEN,TE,1,0.0,0.0,0.0,0.0
2023,1,00-0037311,K.Kieft,TB,TE,1,0.0,0.0,0.0,0.0
2023,1,00-0033217,M.Alie-Cox,IND,TE,1,0.0,0.0,0.0,0.0
2023,1,00-0038046,C.Kolar,BAL,TE,1,0.0,0.0,0.0,0.0
2023,1,00-0034351,D.Goedert,PHI,TE,1,0.0,0.0,0.0,0.0
2023,1,00-0037569,P.Hendershot,DAL,TE,1,0.0,0.0,0.0,0.0
2022,22,00-0030506,T.Kelce,KC,TE,1,14.1,20.1,14.1,20.1
2022,22,00-0034351,D.Goedert,PHI,TE,1,6.0,12.0,6.0,12.0
2022,22,00-0036637,N.Gray,KC,TE,1,0.6,1.6,0.6,1.6
2022,22,00-0035547,J.Fortson,KC,TE,1,0.0,0.0,0.0,0.0
2022,21,00-0030506,T.Kelce,KC,TE,1,13.8,20.8,13.8,20.8
2022,21,00-0034830,H.Hurst,CIN,TE,1,3.7,7.7,3.7,7.7
2022,21,00-0034351,D.Goedert,PHI,TE,1,2.3,7.3,2.3,7.3
2022,21,00-0033288,G.Kittle,SF,TE,1,3.6,6.6,3.6,6.6
2022,21,00-0035771,M.Wilcox,CIN,TE,1,1.0,2.0,1.0,2.0
2022,21,00-0036741,J.Stoll,PHI,TE,1,0.5,1.5,0.5,1.5
2022,21,00-0036637,N.Gray,KC,TE,1,0.4,1.4,0.4,1.4
2022,20,00-0030506,T.Kelce,KC,TE,1,21.8,35.8,21.8,35.8
2022,20,00-0034830,H.Hurst,CIN,TE,1,11.9,16.9,11.9,16.9
2022,20,00-0034351,D.Goedert,PHI,TE,1,11.8,16.8,11.8,16.8
2022,20,00-0033288,G.Kittle,SF,TE,1,9.5,14.5,9.5,14.5
2022,20,00-0034383,D.Schultz,DAL,TE,1,8.7,13.7,8.7,13.7
2022,20,00-0035689,D.Knox,BUF,TE,1,6.5,11.5,6.5,11.5
2022,20,00-0033881,E.Engram,JAX,TE,1,3.1,8.1,3.1,8.1
2022,20,00-0036637,N.Gray,KC,TE,1,2.7,3.7,2.7,3.7
2022,20,00-0036145,L.Cager,NYG,TE,1,1.6,2.6,1.6,2.6
2022,20,00-0035771,M.Wilcox,CIN,TE,1,0.9,1.9,0.9,1.9
2022,20,00-0036590,Q.Morris,BUF,TE,1,0.6,1.6,0.6,1.6
2022,20,00-0038115,D.Bellinger,NYG,TE,1,0.4,1.4,0.4,1.4
2022,20,00-0032062,B.Bell,KC,TE,1,0.4,1.4,0.4,1.4
2022,19,00-0034383,D.Schultz,DAL,TE,1,21.5,28.5,21.5,28.5
2022,19,00-0033895,G.Everett,LAC,TE,1,16.9,22.9,16.9,22.9
2022,19,00-0035229,T.Hockenson,MIN,TE,1,12.9,22.9,12.9,22.9
2022,19,00-0033881,E.Engram,JAX,TE,1,15.3,22.3,15.3,22.3
2022,19,00-0034753,M.Andrews,BAL,TE,1,7.3,12.3,7.3,12.3
2022,19,00-0035689,D.Knox,BUF,TE,1,8.0,11.0,8.0,11.0
2022,19,00-0038129,C.Otton,TB,TE,1,5.8,9.8,5.8,9.8
2022,19,00-0038115,D.Bellinger,NYG,TE,1,7.7,9.7,7.7,9.7
2022,19,00-0034829,M.Gesicki,MIA,TE,1,7.5,9.5,7.5,9.5
2022,19,00-0034830,H.Hurst,CIN,TE,1,4.5,8.5,4.5,8.5
2022,19,00-0031273,C.Brate,TB,TE,1,6.8,7.8,6.8,7.8
2022,19,00-0034970,I.Smith,MIN,TE,1,6.3,7.3,6.3,7.3
2022,19,00-0035329,D.Parham,LAC,TE,1,2.3,6.3,2.3,6.3
2022,19,00-0033288,G.Kittle,SF,TE,1,3.7,5.7,3.7,5.7
2022,19,00-0035249,J.Oliver,BAL,TE,1,2.6,4.6,2.6,4.6
2022,19,00-0036244,C.Parkinson,SEA,TE,1,1.4,4.4,1.4,4.4
2022,19,00-0038041,J.Ferguson,DAL,TE,1,3.4,4.4,3.4,4.4
2022,19,00-0037011,T.McKitty,LAC,TE,1,1.6,3.6,1.6,3.6
2022,19,00-0034798,D.Smythe,MIA,TE,1,2.0,3.0,2.0,3.0
2022,19,00-0033246,J.Mundt,MIN,TE,1,1.2,2.2,1.2,2.2
2022,19,00-0036590,Q.Morris,BUF,TE,1,1.2,2.2,1.2,2.2
2022,19,00-0035644,N.Fant,SEA,TE,1,1.1,2.1,1.1,2.1
2022,19,00-0036145,L.Cager,NYG,TE,1,0.4,1.4,0.4,1.4
2022,19,00-0037311,K.Kieft,TB,TE,1,0.0,0.0,0.0,0.0
2022,19,00-0037004,H.Long,MIA,TE,1,0.0,0.0,0.0,0.0
2022,18,00-0034364,J.Akins,HOU,TE,1,19.0,23.0,19.0,23.0
2022,18,00-0033288,G.Kittle,SF,TE,1,14.9,18.9,14.9,18.9
2022,18,00-0037838,I.Likely,BAL,TE,1,10.3,18.3,10.3,18.3
2022,18,00-0036290,C.Kmet,CHI,TE,1,11.7,15.7,11.7,15.7
2022,18,00-0036145,L.Cager,NYG,TE,1,6.9,14.9,6.9,14.9
2022,18,00-0033885,D.Njoku,CLE,TE,1,10.2,14.2,10.2,14.2
2022,18,00-0037809,C.Okonkwo,TEN,TE,1,10.2,13.2,10.2,13.2
2022,18,00-0031585,M.Pruitt,ATL,TE,1,9.4,12.4,9.4,12.4
2022,18,00-0037277,T.Quitoriano,HOU,TE,1,8.3,11.3,8.3,11.3
2022,18,00-0034351,D.Goedert,PHI,TE,1,4.6,10.6,4.6,10.6
2022,18,00-0033090,H.Henry,NE,TE,1,4.2,10.2,4.2,10.2
2022,18,00-0030506,T.Kelce,KC,TE,1,3.8,9.8,3.8,9.8
2022,18,00-0033895,G.Everett,LAC,TE,1,6.8,9.8,6.8,9.8
2022,18,00-0035689,D.Knox,BUF,TE,1,7.3,9.3,7.3,9.3
2022,18,00-0038046,C.Kolar,BAL,TE,1,4.9,8.9,4.9,8.9
2022,18,00-0034829,M.Gesicki,MIA,TE,1,4.6,8.6,4.6,8.6
2022,18,00-0037304,C.Heyward,PIT,TE,1,5.1,8.1,5.1,8.1
2022,18,00-0032392,A.Hooper,TEN,TE,1,3.8,7.8,3.8,7.8
2022,18,00-0027981,K.Rudolph,TB,TE,1,6.8,7.8,6.8,7.8
2022,18,00-0033217,M.Alie-Cox,IND,TE,1,6.4,7.4,6.4,7.4
2022,18,00-0033110,T.Higbee,LA,TE,1,3.3,7.3,3.3,7.3
2022,18,00-0034383,D.Schultz,DAL,TE,1,3.3,7.3,3.3,7.3
2022,18,00-0031690,E.Tomlinson,DEN,TE,1,6.3,7.3,6.3,7.3
2022,18,00-0037744,T.McBride,ARI,TE,1,4.1,7.1,4.1,7.1
2022,18,00-0034798,D.Smythe,MIA,TE,1,3.9,6.9,3.9,6.9
2022,18,00-0036244,C.Parkinson,SEA,TE,1,4.7,6.7,4.7,6.7
2022,18,00-0033881,E.Engram,JAX,TE,1,2.7,6.7,2.7,6.7
2022,18,00-0035644,N.Fant,SEA,TE,1,2.0,6.0,2.0,6.0
2022,18,00-0033757,R.Tonyan,GB,TE,1,2.9,5.9,2.9,5.9
2022,18,00-0031610,D.Waller,LV,TE,1,3.5,5.5,3.5,5.5
2022,18,00-0034830,H.Hurst,CIN,TE,1,1.4,5.4,1.4,5.4
2022,18,00-0035329,D.Parham,LAC,TE,1,3.1,5.1,3.1,5.1
2022,18,00-0034970,I.Smith,MIN,TE,1,1.4,4.4,1.4,4.4
2022,18,00-0036232,H.Bryant,CLE,TE,1,2.0,4.0,2.0,4.0
2022,18,00-0032394,N.Vannett,NYG,TE,1,1.8,3.8,1.8,3.8
2022,18,00-0031260,L.Thomas,WAS,TE,1,1.6,3.6,1.6,3.6
2022,18,00-0034270,T.Conklin,NYJ,TE,1,1.3,3.3,1.3,3.3
2022,18,00-0035222,Z.Gentry,PIT,TE,1,2.3,3.3,2.3,3.3
2022,18,00-0036040,J.Johnson,NO,TE,1,2.1,3.1,2.1,3.1
2022,18,00-0036422,A.Trautman,NO,TE,1,1.8,2.8,1.8,2.8
2022,18,00-0035229,T.Hockenson,MIN,TE,1,1.6,2.6,1.6,2.6
2022,18,00-0036637,N.Gray,KC,TE,1,1.4,2.4,1.4,2.4
2022,18,00-0033455,A.Firkser,ATL,TE,1,1.1,2.1,1.1,2.1
2022,18,00-0036887,L.Farrell,JAX,TE,1,1.1,2.1,1.1,2.1
2022,18,00-0034981,F.Moreau,LV,TE,1,1.0,2.0,1.0,2.0
2022,18,00-0037755,J.Woods,IND,TE,1,0.9,1.9,0.9,1.9
2022,18,00-0037805,J.Ruckert,NYJ,TE,1,0.8,1.8,0.8,1.8
2022,18,00-0037282,J.Mitchell,DET,TE,1,0.7,1.7,0.7,1.7
2022,18,00-0035572,P.Hesse,ATL,TE,1,0.6,1.6,0.6,1.6
2022,18,00-0038129,C.Otton,TB,TE,1,0.5,1.5,0.5,1.5
2022,18,00-0032141,G.Swaim,TEN,TE,1,0.5,1.5,0.5,1.5
2022,18,00-0038041,J.Ferguson,DAL,TE,1,0.4,1.4,0.4,1.4
2022,18,00-0032062,B.Bell,KC,TE,1,0.3,1.3,0.3,1.3
2022,18,00-0037005,T.Tremble,CAR,TE,1,0.2,1.2,0.2,1.2
2022,18,00-0037168,A.Rogers,WAS,TE,1,0.2,0.2,0.2,0.2
2022,18,00-0035249,J.Oliver,BAL,TE,1,0.0,0.0,0.0,0.0
2022,18,00-0036754,B.Wright,DET,TE,1,0.0,0.0,0.0,0.0
2022,18,00-0036894,P.Freiermuth,PIT,TE,1,0.0,0.0,0.0,0.0
2022,18,00-0036423,A.Okwuegbunam,DEN,TE,1,0.0,0.0,0.0,0.0
2022,18,00-0036424,B.Hopkins,LA,TE,1,0.0,0.0,0.0,0.0
2022,18,00-0037011,T.McKitty,LAC,TE,1,0.0,0.0,0.0,0.0
2022,18,00-0036534,S.Zylstra,DET,TE,1,0.0,0.0,0.0,0.0
2022,17,00-0034383,D.Schultz,DAL,TE,1,17.6,24.6,17.6,24.6
2022,17,00-0037744,T.McBride,ARI,TE,1,13.8,20.8,13.8,20.8
2022,17,00-0034753,M.Andrews,BAL,TE,1,10.0,19.0,10.0,19.0
2022,17,00-0036754,B.Wright,DET,TE,1,13.3,16.3,13.3,16.3
2022,17,00-0031610,D.Waller,LV,TE,1,13.2,16.2,13.2,16.2
2022,17,00-0036244,C.Parkinson,SEA,TE,1,9.6,14.6,9.6,14.6
2022,17,00-0033757,R.Tonyan,GB,TE,1,11.2,14.2,11.2,14.2
2022,17,00-0034270,T.Conklin,NYJ,TE,1,8.0,14.0,8.0,14.0
2022,17,00-0036423,A.Okwuegbunam,DEN,TE,1,10.5,13.5,10.5,13.5
2022,17,00-0035229,T.Hockenson,MIN,TE,1,5.9,12.9,5.9,12.9
2022,17,00-0037005,T.Tremble,CAR,TE,1,9.3,12.3,9.3,12.3
2022,17,00-0033288,G.Kittle,SF,TE,1,8.3,12.3,8.3,12.3
2022,17,00-0031260,L.Thomas,WAS,TE,1,5.6,11.6,5.6,11.6
2022,17,00-0030506,T.Kelce,KC,TE,1,4.3,11.3,4.3,11.3
2022,17,00-0036040,J.Johnson,NO,TE,1,6.2,11.2,6.2,11.2
2022,17,00-0036290,C.Kmet,CHI,TE,1,8.7,10.7,8.7,10.7
2022,17,00-0033895,G.Everett,LAC,TE,1,7.5,10.5,7.5,10.5
2022,17,00-0037838,I.Likely,BAL,TE,1,7.2,10.2,7.2,10.2
2022,17,00-0033090,H.Henry,NE,TE,1,5.2,10.2,5.2,10.2
2022,17,00-0034829,M.Gesicki,MIA,TE,1,7.8,9.8,7.8,9.8
2022,17,00-0031585,M.Pruitt,ATL,TE,1,4.9,8.9,4.9,8.9
2022,17,00-0032062,B.Bell,KC,TE,1,7.7,8.7,7.7,8.7
2022,17,00-0034981,F.Moreau,LV,TE,1,5.5,8.5,5.5,8.5
2022,17,00-0036059,T.Mabry,SEA,TE,1,6.7,7.7,6.7,7.7
2022,17,00-0034351,D.Goedert,PHI,TE,1,4.5,7.5,4.5,7.5
2022,17,00-0035329,D.Parham,LAC,TE,1,6.3,7.3,6.3,7.3
2022,17,00-0038115,D.Bellinger,NYG,TE,1,4.2,7.2,4.2,7.2
2022,17,00-0036894,P.Freiermuth,PIT,TE,1,3.6,6.6,3.6,6.6
2022,17,00-0035644,N.Fant,SEA,TE,1,4.0,6.0,4.0,6.0
2022,17,00-0033576,E.Saubert,DEN,TE,1,3.0,6.0,3.0,6.0
2022,17,00-0034364,J.Akins,HOU,TE,1,3.8,5.8,3.8,5.8
2022,17,00-0037809,C.Okonkwo,TEN,TE,1,2.4,5.4,2.4,5.4
2022,17,00-0032134,C.Uzomah,NYJ,TE,1,2.4,5.4,2.4,5.4
2022,17,00-0037755,J.Woods,IND,TE,1,1.9,4.9,1.9,4.9
2022,17,00-0035956,G.Ricci,CAR,TE,1,3.2,4.2,3.2,4.2
2022,17,00-0033110,T.Higbee,LA,TE,1,1.1,4.1,1.1,4.1
2022,17,00-0036232,H.Bryant,CLE,TE,1,1.9,3.9,1.9,3.9
2022,17,00-0033881,E.Engram,JAX,TE,1,2.9,3.9,2.9,3.9
2022,17,00-0038129,C.Otton,TB,TE,1,1.7,3.7,1.7,3.7
2022,17,00-0033879,O.Howard,HOU,TE,1,2.6,3.6,2.6,3.6
2022,17,00-0036424,B.Hopkins,LA,TE,1,2.1,3.1,2.1,3.1
2022,17,00-0033885,D.Njoku,CLE,TE,1,2.1,3.1,2.1,3.1
2022,17,00-0036556,B.Jordan,HOU,TE,1,2.0,3.0,2.0,3.0
2022,17,00-0036422,A.Trautman,NO,TE,1,1.6,2.6,1.6,2.6
2022,17,00-0037282,J.Mitchell,DET,TE,1,1.5,2.5,1.5,2.5
2022,17,00-0036637,N.Gray,KC,TE,1,1.2,2.2,1.2,2.2
2022,17,00-0034365,I.Thomas,CAR,TE,1,0.9,1.9,0.9,1.9
2022,17,00-0034798,D.Smythe,MIA,TE,1,0.9,1.9,0.9,1.9
2022,17,00-0038041,J.Ferguson,DAL,TE,1,0.7,1.7,0.7,1.7
2022,17,00-0036534,S.Zylstra,DET,TE,1,0.7,1.7,0.7,1.7
2022,17,00-0032392,A.Hooper,TEN,TE,1,0.6,1.6,0.6,1.6
2022,17,00-0032141,G.Swaim,TEN,TE,1,0.4,1.4,0.4,1.4
2022,17,00-0036332,J.Deguara,GB,TE,1,0.4,1.4,0.4,1.4
2022,17,00-0037569,P.Hendershot,DAL,TE,1,0.0,0.0,0.0,0.0
2022,17,00-0036438,S.Sullivan,CAR,TE,1,0.0,0.0,0.0,0.0
2022,17,00-0037311,K.Kieft,TB,TE,1,0.0,0.0,0.0,0.0
2022,17,00-0034011,D.Arnold,JAX,TE,1,0.0,0.0,0.0,0.0
2022,17,00-0030108,R.Griffin,CHI,TE,1,0.0,0.0,0.0,0.0
2022,17,00-0035249,J.Oliver,BAL,TE,1,0.0,0.0,0.0,0.0
2022,17,00-0033217,M.Alie-Cox,IND,TE,1,0.0,0.0,0.0,0.0
2022,16,00-0035229,T.Hockenson,MIN,TE,1,22.9,35.9,22.9,35.9
2022,16,00-0033110,T.Higbee,LA,TE,1,21.4,30.4,21.4,30.4
2022,16,00-0033288,G.Kittle,SF,TE,1,24.0,30.0,24.0,30.0
2022,16,00-0036534,S.Zylstra,DET,TE,1,20.6,25.6,20.6,25.6
2022,16,00-0033881,E.Engram,JAX,TE,1,11.3,18.3,11.3,18.3
2022,16,00-0030506,T.Kelce,KC,TE,1,11.3,17.3,11.3,17.3
2022,16,00-0037252,G.Dulcich,DEN,TE,1,9.9,13.9,9.9,13.9
2022,16,00-0036894,P.Freiermuth,PIT,TE,1,6.6,13.6,6.6,13.6
2022,16,00-0035689,D.Knox,BUF,TE,1,9.8,12.8,9.8,12.8
2022,16,00-0024243,M.Lewis,GB,TE,1,9.2,11.2,9.2,11.2
2022,16,00-0031610,D.Waller,LV,TE,1,5.8,9.8,5.8,9.8
2022,16,00-0034351,D.Goedert,PHI,TE,1,6.7,9.7,6.7,9.7
2022,16,00-0035771,M.Wilcox,CIN,TE,1,3.5,9.5,3.5,9.5
2022,16,00-0031260,L.Thomas,WAS,TE,1,3.5,9.5,3.5,9.5
2022,16,00-0035644,N.Fant,SEA,TE,1,7.2,9.2,7.2,9.2
2022,16,00-0036424,B.Hopkins,LA,TE,1,5.7,8.7,5.7,8.7
2022,16,00-0036290,C.Kmet,CHI,TE,1,2.7,7.7,2.7,7.7
2022,16,00-0036244,C.Parkinson,SEA,TE,1,4.5,7.5,4.5,7.5
2022,16,00-0034753,M.Andrews,BAL,TE,1,4.5,7.5,4.5,7.5
2022,16,00-0034270,T.Conklin,NYJ,TE,1,3.4,7.4,3.4,7.4
2022,16,00-0034383,D.Schultz,DAL,TE,1,4.3,7.3,4.3,7.3
2022,16,00-0037755,J.Woods,IND,TE,1,4.3,7.3,4.3,7.3
2022,16,00-0034364,J.Akins,HOU,TE,1,3.9,6.9,3.9,6.9
2022,16,00-0033858,J.Smith,NE,TE,1,2.1,5.1,2.1,5.1
2022,16,00-0037282,J.Mitchell,DET,TE,1,3.1,5.1,3.1,5.1
2022,16,00-0037744,T.McBride,ARI,TE,1,1.7,4.7,1.7,4.7
2022,16,00-0038115,D.Bellinger,NYG,TE,1,2.7,4.7,2.7,4.7
2022,16,00-0036556,B.Jordan,HOU,TE,1,2.1,4.1,2.1,4.1
2022,16,00-0032392,A.Hooper,TEN,TE,1,2.0,4.0,2.0,4.0
2022,16,00-0032134,C.Uzomah,NYJ,TE,1,3.0,4.0,3.0,4.0
2022,16,00-0034981,F.Moreau,LV,TE,1,1.9,3.9,1.9,3.9
2022,16,00-0037005,T.Tremble,CAR,TE,1,1.8,3.8,1.8,3.8
2022,16,00-0033885,D.Njoku,CLE,TE,1,1.4,3.4,1.4,3.4
2022,16,00-0034829,M.Gesicki,MIA,TE,1,2.4,3.4,2.4,3.4
2022,16,00-0038041,J.Ferguson,DAL,TE,1,2.4,3.4,2.4,3.4
2022,16,00-0038129,C.Otton,TB,TE,1,1.2,3.2,1.2,3.2
2022,16,00-0033455,A.Firkser,ATL,TE,1,1.0,3.0,1.0,3.0
2022,16,00-0034159,W.Dissly,SEA,TE,1,1.9,2.9,1.9,2.9
2022,16,00-0034011,D.Arnold,JAX,TE,1,1.7,2.7,1.7,2.7
2022,16,00-0033246,J.Mundt,MIN,TE,1,1.6,2.6,1.6,2.6
2022,16,00-0036194,D.Asiasi,CIN,TE,1,0.5,2.5,0.5,2.5
2022,16,00-0033757,R.Tonyan,GB,TE,1,1.3,2.3,1.3,2.3
2022,16,00-0034365,I.Thomas,CAR,TE,1,1.2,2.2,1.2,2.2
2022,16,00-0037304,C.Heyward,PIT,TE,1,2.1,2.1,2.1,2.1
2022,16,00-0036754,B.Wright,DET,TE,1,1.1,2.1,1.1,2.1
2022,16,00-0037011,T.McKitty,LAC,TE,1,1.0,2.0,1.0,2.0
2022,16,00-0037809,C.Okonkwo,TEN,TE,1,1.0,2.0,1.0,2.0
2022,16,00-0036040,J.Johnson,NO,TE,1,0.9,1.9,0.9,1.9
2022,16,00-0034798,D.Smythe,MIA,TE,1,0.8,1.8,0.8,1.8
2022,16,00-0035329,D.Parham,LAC,TE,1,0.8,1.8,0.8,1.8
2022,16,00-0036637,N.Gray,KC,TE,1,0.8,1.8,0.8,1.8
2022,16,00-0035572,P.Hesse,ATL,TE,1,0.8,1.8,0.8,1.8
2022,16,00-0035249,J.Oliver,BAL,TE,1,0.6,1.6,0.6,1.6
2022,16,00-0037838,I.Likely,BAL,TE,1,0.4,1.4,0.4,1.4
2022,16,00-0036332,J.Deguara,GB,TE,1,0.4,1.4,0.4,1.4
2022,16,00-0033217,M.Alie-Cox,IND,TE,1,0.2,1.2,0.2,1.2
2022,16,00-0030108,R.Griffin,CHI,TE,1,0.2,1.2,0.2,1.2
2022,16,00-0035222,Z.Gentry,PIT,TE,1,0.1,1.1,0.1,1.1
2022,16,00-0032141,G.Swaim,TEN,TE,1,-0.1,0.9,-0.1,0.9
2022,16,00-0032725,S.Anderson,ARI,TE,1,0.0,0.0,0.0,0.0
2022,16,00-0037277,T.Quitoriano,HOU,TE,1,0.0,0.0,0.0,0.0
2022,16,00-0031585,M.Pruitt,ATL,TE,1,0.0,0.0,0.0,0.0
2022,15,00-0033288,G.Kittle,SF,TE,1,21.3,25.3,21.3,25.3
2022,15,00-0036040,J.Johnson,NO,TE,1,18.7,22.7,18.7,22.7
2022,15,00-0035689,D.Knox,BUF,TE,1,15.8,21.8,15.8,21.8
2022,15,00-0030506,T.Kelce,KC,TE,1,10.5,20.5,10.5,20.5
2022,15,00-0032134,C.Uzomah,NYJ,TE,1,16.1,18.1,16.1,18.1
2022,15,00-0033881,E.Engram,JAX,TE,1,6.2,14.2,6.2,14.2
2022,15,00-0035644,N.Fant,SEA,TE,1,9.2,14.2,9.2,14.2
2022,15,00-0031610,D.Waller,LV,TE,1,10.8,13.8,10.8,13.8
2022,15,00-0033110,T.Higbee,LA,TE,1,8.7,12.7,8.7,12.7
2022,15,00-0035771,M.Wilcox,CIN,TE,1,9.4,12.4,9.4,12.4
2022,15,00-0036754,B.Wright,DET,TE,1,11.1,12.1,11.1,12.1
2022,15,00-0031690,E.Tomlinson,DEN,TE,1,8.8,11.8,8.8,11.8
2022,15,00-0034364,J.Akins,HOU,TE,1,8.2,11.2,8.2,11.2
2022,15,00-0037809,C.Okonkwo,TEN,TE,1,6.0,10.0,6.0,10.0
2022,15,00-0037744,T.McBride,ARI,TE,1,5.5,9.5,5.5,9.5
2022,15,00-0037569,P.Hendershot,DAL,TE,1,8.0,9.0,8.0,9.0
2022,15,00-0036590,Q.Morris,BUF,TE,1,7.4,8.4,7.4,8.4
2022,15,00-0033895,G.Everett,LAC,TE,1,4.2,8.2,4.2,8.2
2022,15,00-0037277,T.Quitoriano,HOU,TE,1,6.8,7.8,6.8,7.8
2022,15,00-0035329,D.Parham,LAC,TE,1,3.5,6.5,3.5,6.5
2022,15,00-0036290,C.Kmet,CHI,TE,1,2.5,6.5,2.5,6.5
2022,15,00-0035229,T.Hockenson,MIN,TE,1,3.3,6.3,3.3,6.3
2022,15,00-0036637,N.Gray,KC,TE,1,3.1,6.1,3.1,6.1
2022,15,00-0034753,M.Andrews,BAL,TE,1,3.1,6.1,3.1,6.1
2022,15,00-0033885,D.Njoku,CLE,TE,1,2.8,5.8,2.8,5.8
2022,15,00-0036876,K.Granson,IND,TE,1,3.4,5.4,3.4,5.4
2022,15,00-0032392,A.Hooper,TEN,TE,1,3.3,5.3,3.3,5.3
2022,15,00-0037755,J.Woods,IND,TE,1,3.6,4.6,3.6,4.6
2022,15,00-0031273,C.Brate,TB,TE,1,2.5,4.5,2.5,4.5
2022,15,00-0033858,J.Smith,NE,TE,1,2.4,4.4,2.4,4.4
2022,15,00-0031585,M.Pruitt,ATL,TE,1,2.0,4.0,2.0,4.0
2022,15,00-0034981,F.Moreau,LV,TE,1,2.0,4.0,2.0,4.0
2022,15,00-0037005,T.Tremble,CAR,TE,1,2.0,4.0,2.0,4.0
2022,15,00-0032214,T.Kroft,SF,TE,1,2.8,3.8,2.8,3.8
2022,15,00-0037838,I.Likely,BAL,TE,1,1.8,3.8,1.8,3.8
2022,15,00-0034383,D.Schultz,DAL,TE,1,1.5,3.5,1.5,3.5
2022,15,00-0035249,J.Oliver,BAL,TE,1,1.3,3.3,1.3,3.3
2022,15,00-0037282,J.Mitchell,DET,TE,1,1.2,3.2,1.2,3.2
2022,15,00-0031558,M.Williams,ARI,TE,1,1.1,3.1,1.1,3.1
2022,15,00-0038129,C.Otton,TB,TE,1,2.0,3.0,2.0,3.0
2022,15,00-0033090,H.Henry,NE,TE,1,0.9,2.9,0.9,2.9
2022,15,00-0036232,H.Bryant,CLE,TE,1,0.7,2.7,0.7,2.7
2022,15,00-0032394,N.Vannett,NYG,TE,1,1.5,2.5,1.5,2.5
2022,15,00-0024243,M.Lewis,GB,TE,1,1.4,2.4,1.4,2.4
2022,15,00-0034159,W.Dissly,SEA,TE,1,1.3,2.3,1.3,2.3
2022,15,00-0037252,G.Dulcich,DEN,TE,1,1.1,2.1,1.1,2.1
2022,15,00-0036556,B.Jordan,HOU,TE,1,0.9,1.9,0.9,1.9
2022,15,00-0034270,T.Conklin,NYJ,TE,1,0.9,1.9,0.9,1.9
2022,15,00-0033246,J.Mundt,MIN,TE,1,0.7,1.7,0.7,1.7
2022,15,00-0036741,J.Stoll,PHI,TE,1,0.6,1.6,0.6,1.6
2022,15,00-0031260,L.Thomas,WAS,TE,1,0.6,1.6,0.6,1.6
2022,15,00-0034829,M.Gesicki,MIA,TE,1,0.5,1.5,0.5,1.5
2022,15,00-0033576,E.Saubert,DEN,TE,1,0.5,1.5,0.5,1.5
2022,15,00-0033757,R.Tonyan,GB,TE,1,0.4,1.4,0.4,1.4
2022,15,00-0038115,D.Bellinger,NYG,TE,1,0.4,1.4,0.4,1.4
2022,15,00-0036534,S.Zylstra,DET,TE,1,0.4,1.4,0.4,1.4
2022,15,00-0035222,Z.Gentry,PIT,TE,1,0.4,1.4,0.4,1.4
2022,15,00-0034798,D.Smythe,MIA,TE,1,-0.2,0.8,-0.2,0.8
2022,15,00-0036825,F.Franks,ATL,TE,1,0.0,0.0,0.0,0.0
2022,15,00-0036244,C.Parkinson,SEA,TE,1,0.0,0.0,0.0,0.0
2022,15,00-0035547,J.Fortson,KC,TE,1,0.0,0.0,0.0,0.0
2022,15,00-0037086,G.Calcaterra,PHI,TE,1,0.0,0.0,0.0,0.0
2022,15,00-0033455,A.Firkser,ATL,TE,1,0.0,0.0,0.0,0.0
2022,15,00-0036422,A.Trautman,NO,TE,1,0.0,0.0,0.0,0.0
2022,15,00-0033217,M.Alie-Cox,IND,TE,1,0.0,0.0,0.0,0.0
2022,14,00-0033881,E.Engram,JAX,TE,1,28.2,39.2,28.2,39.2
2022,14,00-0033885,D.Njoku,CLE,TE,1,11.7,18.7,11.7,18.7
2022,14,00-0037809,C.Okonkwo,TEN,TE,1,10.5,16.5,10.5,16.5
2022,14,00-0034383,D.Schultz,DAL,TE,1,8.7,14.7,8.7,14.7
2022,14,00-0035689,D.Knox,BUF,TE,1,10.1,14.1,10.1,14.1
2022,14,00-0035229,T.Hockenson,MIN,TE,1,7.7,13.7,7.7,13.7
2022,14,00-0036894,P.Freiermuth,PIT,TE,1,9.3,12.3,9.3,12.3
2022,14,00-0032392,A.Hooper,TEN,TE,1,6.8,11.8,6.8,11.8
2022,14,00-0030506,T.Kelce,KC,TE,1,7.1,11.1,7.1,11.1
2022,14,00-0033090,H.Henry,NE,TE,1,7.0,10.0,7.0,10.0
2022,14,00-0033895,G.Everett,LAC,TE,1,2.8,7.8,2.8,7.8
2022,14,00-0034270,T.Conklin,NYJ,TE,1,2.8,7.8,2.8,7.8
2022,14,00-0036637,N.Gray,KC,TE,1,4.5,7.5,4.5,7.5
2022,14,00-0037252,G.Dulcich,DEN,TE,1,4.2,7.2,4.2,7.2
2022,14,00-0038129,C.Otton,TB,TE,1,2.8,6.8,2.8,6.8
2022,14,00-0033288,G.Kittle,SF,TE,1,2.8,6.8,2.8,6.8
2022,14,00-0037744,T.McBride,ARI,TE,1,2.8,5.8,2.8,5.8
2022,14,00-0038115,D.Bellinger,NYG,TE,1,1.9,4.9,1.9,4.9
2022,14,00-0037086,G.Calcaterra,PHI,TE,1,2.4,4.4,2.4,4.4
2022,14,00-0034159,W.Dissly,SEA,TE,1,2.0,4.0,2.0,4.0
2022,14,00-0036741,J.Stoll,PHI,TE,1,2.0,4.0,2.0,4.0
2022,14,00-0036534,S.Zylstra,DET,TE,1,1.8,3.8,1.8,3.8
2022,14,00-0034753,M.Andrews,BAL,TE,1,1.7,3.7,1.7,3.7
2022,14,00-0031273,C.Brate,TB,TE,1,1.2,3.2,1.2,3.2
2022,14,00-0031484,C.Manhertz,JAX,TE,1,2.1,3.1,2.1,3.1
2022,14,00-0034365,I.Thomas,CAR,TE,1,1.1,3.1,1.1,3.1
2022,14,00-0033110,T.Higbee,LA,TE,1,1.1,3.1,1.1,3.1
2022,14,00-0031690,E.Tomlinson,DEN,TE,1,1.1,3.1,1.1,3.1
2022,14,00-0032725,S.Anderson,ARI,TE,1,0.7,2.7,0.7,2.7
2022,14,00-0037304,C.Heyward,PIT,TE,1,1.3,2.3,1.3,2.3
2022,14,00-0037311,K.Kieft,TB,TE,1,1.1,2.1,1.1,2.1
2022,14,00-0036244,C.Parkinson,SEA,TE,1,1.0,2.0,1.0,2.0
2022,14,00-0035771,M.Wilcox,CIN,TE,1,1.0,2.0,1.0,2.0
2022,14,00-0032394,N.Vannett,NYG,TE,1,0.9,1.9,0.9,1.9
2022,14,00-0037475,S.Smartt,LAC,TE,1,0.8,1.8,0.8,1.8
2022,14,00-0036232,H.Bryant,CLE,TE,1,0.8,1.8,0.8,1.8
2022,14,00-0036424,B.Hopkins,LA,TE,1,0.8,1.8,0.8,1.8
2022,14,00-0032134,C.Uzomah,NYJ,TE,1,0.7,1.7,0.7,1.7
2022,14,00-0034364,J.Akins,HOU,TE,1,0.5,1.5,0.5,1.5
2022,14,00-0037011,T.McKitty,LAC,TE,1,0.5,1.5,0.5,1.5
2022,14,00-0034011,D.Arnold,JAX,TE,1,0.5,1.5,0.5,1.5
2022,14,00-0033576,E.Saubert,DEN,TE,1,0.2,1.2,0.2,1.2
2022,14,00-0036438,S.Sullivan,CAR,TE,1,0.0,0.0,0.0,0.0
2022,14,00-0034829,M.Gesicki,MIA,TE,1,0.0,0.0,0.0,0.0
2022,14,00-0037005,T.Tremble,CAR,TE,1,0.0,0.0,0.0,0.0
2022,14,00-0033858,J.Smith,NE,TE,1,0.0,0.0,0.0,0.0
2022,14,00-0036754,B.Wright,DET,TE,1,0.0,0.0,0.0,0.0
2022,14,00-0035222,Z.Gentry,PIT,TE,1,0.0,0.0,0.0,0.0
2022,14,00-0034981,F.Moreau,LV,TE,1,0.0,0.0,0.0,0.0
2022,14,00-0035644,N.Fant,SEA,TE,1,0.0,0.0,0.0,0.0
2022,13,00-0038129,C.Otton,TB,TE,1,8.8,14.8,8.8,14.8
2022,13,00-0037252,G.Dulcich,DEN,TE,1,8.5,14.5,8.5,14.5
2022,13,00-0035644,N.Fant,SEA,TE,1,10.2,14.2,10.2,14.2
2022,13,00-0033881,E.Engram,JAX,TE,1,9.0,14.0,9.0,14.0
2022,13,00-0036290,C.Kmet,CHI,TE,1,7.2,13.2,7.2,13.2
2022,13,00-0033895,G.Everett,LAC,TE,1,8.0,13.0,8.0,13.0
2022,13,00-0037809,C.Okonkwo,TEN,TE,1,6.8,10.8,6.8,10.8
2022,13,00-0036894,P.Freiermuth,PIT,TE,1,7.6,10.6,7.6,10.6
2022,13,00-0030506,T.Kelce,KC,TE,1,5.6,9.6,5.6,9.6
2022,13,00-0034753,M.Andrews,BAL,TE,1,5.4,9.4,5.4,9.4
2022,13,00-0037304,C.Heyward,PIT,TE,1,7.7,8.7,7.7,8.7
2022,13,00-0036556,B.Jordan,HOU,TE,1,4.6,8.6,4.6,8.6
2022,13,00-0031585,M.Pruitt,ATL,TE,1,6.7,7.7,6.7,7.7
2022,13,00-0038115,D.Bellinger,NYG,TE,1,2.4,7.4,2.4,7.4
2022,13,00-0035229,T.Hockenson,MIN,TE,1,3.3,7.3,3.3,7.3
2022,13,00-0036741,J.Stoll,PHI,TE,1,4.1,7.1,4.1,7.1
2022,13,00-0037838,I.Likely,BAL,TE,1,3.0,7.0,3.0,7.0
2022,13,00-0036876,K.Granson,IND,TE,1,1.9,5.9,1.9,5.9
2022,13,00-0034383,D.Schultz,DAL,TE,1,3.3,5.3,3.3,5.3
2022,13,00-0032392,A.Hooper,TEN,TE,1,2.2,5.2,2.2,5.2
2022,13,00-0034364,J.Akins,HOU,TE,1,2.1,5.1,2.1,5.1
2022,13,00-0031260,L.Thomas,WAS,TE,1,2.0,5.0,2.0,5.0
2022,13,00-0036422,A.Trautman,NO,TE,1,2.8,4.8,2.8,4.8
2022,13,00-0037755,J.Woods,IND,TE,1,2.8,4.8,2.8,4.8
2022,13,00-0036754,B.Wright,DET,TE,1,2.5,4.5,2.5,4.5
2022,13,00-0033455,A.Firkser,ATL,TE,1,2.4,4.4,2.4,4.4
2022,13,00-0034159,W.Dissly,SEA,TE,1,2.2,4.2,2.2,4.2
2022,13,00-0033288,G.Kittle,SF,TE,1,2.2,4.2,2.2,4.2
2022,13,00-0034981,F.Moreau,LV,TE,1,3.2,4.2,3.2,4.2
2022,13,00-0034798,D.Smythe,MIA,TE,1,2.1,4.1,2.1,4.1
2022,13,00-0032134,C.Uzomah,NYJ,TE,1,3.1,4.1,3.1,4.1
2022,13,00-0033110,T.Higbee,LA,TE,1,1.4,3.4,1.4,3.4
2022,13,00-0033090,H.Henry,NE,TE,1,1.3,3.3,1.3,3.3
2022,13,00-0034830,H.Hurst,CIN,TE,1,1.2,3.2,1.2,3.2
2022,13,00-0037086,G.Calcaterra,PHI,TE,1,1.9,2.9,1.9,2.9
2022,13,00-0034270,T.Conklin,NYJ,TE,1,0.9,2.9,0.9,2.9
2022,13,00-0035572,P.Hesse,ATL,TE,1,1.6,2.6,1.6,2.6
2022,13,00-0033858,J.Smith,NE,TE,1,0.6,2.6,0.6,2.6
2022,13,00-0036637,N.Gray,KC,TE,1,1.5,2.5,1.5,2.5
2022,13,00-0032214,T.Kroft,SF,TE,1,1.4,2.4,1.4,2.4
2022,13,00-0036232,H.Bryant,CLE,TE,1,1.4,2.4,1.4,2.4
2022,13,00-0035771,M.Wilcox,CIN,TE,1,1.3,2.3,1.3,2.3
2022,13,00-0037475,S.Smartt,LAC,TE,1,0.3,2.3,0.3,2.3
2022,13,00-0033246,J.Mundt,MIN,TE,1,1.2,2.2,1.2,2.2
2022,13,00-0037311,K.Kieft,TB,TE,1,1.2,2.2,1.2,2.2
2022,13,00-0036244,C.Parkinson,SEA,TE,1,1.2,2.2,1.2,2.2
2022,13,00-0033439,P.Brown,CLE,TE,1,1.1,2.1,1.1,2.1
2022,13,00-0033757,R.Tonyan,GB,TE,1,1.0,2.0,1.0,2.0
2022,13,00-0038041,J.Ferguson,DAL,TE,1,-0.1,1.9,-0.1,1.9
2022,13,00-0035222,Z.Gentry,PIT,TE,1,0.8,1.8,0.8,1.8
2022,13,00-0037011,T.McKitty,LAC,TE,1,0.8,1.8,0.8,1.8
2022,13,00-0033217,M.Alie-Cox,IND,TE,1,0.6,1.6,0.6,1.6
2022,13,00-0035547,J.Fortson,KC,TE,1,0.6,1.6,0.6,1.6
2022,13,00-0032141,G.Swaim,TEN,TE,1,0.4,1.4,0.4,1.4
2022,13,00-0036534,S.Zylstra,DET,TE,1,0.4,1.4,0.4,1.4
2022,13,00-0036887,L.Farrell,JAX,TE,1,0.3,1.3,0.3,1.3
2022,13,00-0036332,J.Deguara,GB,TE,1,0.0,0.0,0.0,0.0
2022,13,00-0035689,D.Knox,BUF,TE,1,0.0,0.0,0.0,0.0
2022,13,00-0031484,C.Manhertz,JAX,TE,1,0.0,0.0,0.0,0.0
2022,13,00-0037277,T.Quitoriano,HOU,TE,1,0.0,0.0,0.0,0.0
2022,13,00-0024243,M.Lewis,GB,TE,1,0.0,0.0,0.0,0.0
2022,13,00-0034829,M.Gesicki,MIA,TE,1,0.0,0.0,0.0,0.0
2022,12,00-0034383,D.Schultz,DAL,TE,1,15.1,19.1,15.1,19.1
2022,12,00-0037755,J.Woods,IND,TE,1,9.8,17.8,9.8,17.8
2022,12,00-0035249,J.Oliver,BAL,TE,1,13.6,17.6,13.6,17.6
2022,12,00-0034364,J.Akins,HOU,TE,1,12.1,17.1,12.1,17.1
2022,12,00-0030506,T.Kelce,KC,TE,1,11.7,15.7,11.7,15.7
2022,12,00-0033090,H.Henry,NE,TE,1,12.3,15.3,12.3,15.3
2022,12,00-0035229,T.Hockenson,MIN,TE,1,10.3,15.3,10.3,15.3
2022,12,00-0033885,D.Njoku,CLE,TE,1,8.9,13.9,8.9,13.9
2022,12,00-0034981,F.Moreau,LV,TE,1,9.3,12.3,9.3,12.3
2022,12,00-0034830,H.Hurst,CIN,TE,1,5.7,11.7,5.7,11.7
2022,12,00-0036628,J.Bates,WAS,TE,1,8.4,11.4,8.4,11.4
2022,12,00-0034753,M.Andrews,BAL,TE,1,5.0,9.0,5.0,9.0
2022,12,00-0031585,M.Pruitt,ATL,TE,1,6.9,8.9,6.9,8.9
2022,12,00-0038041,J.Ferguson,DAL,TE,1,5.7,8.7,5.7,8.7
2022,12,00-0034270,T.Conklin,NYJ,TE,1,5.0,8.0,5.0,8.0
2022,12,00-0037311,K.Kieft,TB,TE,1,6.5,7.5,6.5,7.5
2022,12,00-0034798,D.Smythe,MIA,TE,1,6.4,7.4,6.4,7.4
2022,12,00-0036894,P.Freiermuth,PIT,TE,1,3.9,6.9,3.9,6.9
2022,12,00-0037809,C.Okonkwo,TEN,TE,1,3.5,6.5,3.5,6.5
2022,12,00-0035644,N.Fant,SEA,TE,1,3.4,6.4,3.4,6.4
2022,12,00-0037569,P.Hendershot,DAL,TE,1,6.2,6.2,6.2,6.2
2022,12,00-0032392,A.Hooper,TEN,TE,1,3.0,6.0,3.0,6.0
2022,12,00-0033895,G.Everett,LAC,TE,1,1.8,5.8,1.8,5.8
2022,12,00-0036290,C.Kmet,CHI,TE,1,2.7,5.7,2.7,5.7
2022,12,00-0033288,G.Kittle,SF,TE,1,2.6,5.6,2.6,5.6
2022,12,00-0033757,R.Tonyan,GB,TE,1,2.0,5.0,2.0,5.0
2022,12,00-0032134,C.Uzomah,NYJ,TE,1,1.7,4.7,1.7,4.7
2022,12,00-0035547,J.Fortson,KC,TE,1,2.6,4.6,2.6,4.6
2022,12,00-0034365,I.Thomas,CAR,TE,1,2.1,4.1,2.1,4.1
2022,12,00-0037277,T.Quitoriano,HOU,TE,1,2.0,4.0,2.0,4.0
2022,12,00-0033246,J.Mundt,MIN,TE,1,2.0,4.0,2.0,4.0
2022,12,00-0034159,W.Dissly,SEA,TE,1,1.7,3.7,1.7,3.7
2022,12,00-0035689,D.Knox,BUF,TE,1,1.7,3.7,1.7,3.7
2022,12,00-0036637,N.Gray,KC,TE,1,1.6,3.6,1.6,3.6
2022,12,00-0031273,C.Brate,TB,TE,1,1.5,3.5,1.5,3.5
2022,12,00-0033217,M.Alie-Cox,IND,TE,1,1.4,3.4,1.4,3.4
2022,12,00-0035345,C.Myarick,NYG,TE,1,2.3,3.3,2.3,3.3
2022,12,00-0037282,J.Mitchell,DET,TE,1,2.2,3.2,2.2,3.2
2022,12,00-0037252,G.Dulcich,DEN,TE,1,1.1,3.1,1.1,3.1
2022,12,00-0036145,L.Cager,NYG,TE,1,2.0,3.0,2.0,3.0
2022,12,00-0036232,H.Bryant,CLE,TE,1,0.9,2.9,0.9,2.9
2022,12,00-0036422,A.Trautman,NO,TE,1,1.7,2.7,1.7,2.7
2022,12,00-0036754,B.Wright,DET,TE,1,0.6,2.6,0.6,2.6
2022,12,00-0033455,A.Firkser,ATL,TE,1,1.6,2.6,1.6,2.6
2022,12,00-0036424,B.Hopkins,LA,TE,1,1.2,2.2,1.2,2.2
2022,12,00-0034613,T.Hudson,NYG,TE,1,1.0,2.0,1.0,2.0
2022,12,00-0035572,P.Hesse,ATL,TE,1,0.9,1.9,0.9,1.9
2022,12,00-0031260,L.Thomas,WAS,TE,1,0.7,1.7,0.7,1.7
2022,12,00-0033881,E.Engram,JAX,TE,1,0.4,1.4,0.4,1.4
2022,12,00-0036590,Q.Morris,BUF,TE,1,0.3,1.3,0.3,1.3
2022,12,00-0035259,T.Wesco,CHI,TE,1,0.3,1.3,0.3,1.3
2022,12,00-0037005,T.Tremble,CAR,TE,1,0.2,1.2,0.2,1.2
2022,12,00-0037744,T.McBride,ARI,TE,1,0.1,1.1,0.1,1.1
2022,12,00-0037086,G.Calcaterra,PHI,TE,1,-0.2,0.8,-0.2,0.8
2022,12,00-0035222,Z.Gentry,PIT,TE,1,-0.4,0.6,-0.4,0.6
2022,12,00-0037078,C.Turner,WAS,TE,1,0.0,0.0,0.0,0.0
2022,12,00-0033879,O.Howard,HOU,TE,1,0.0,0.0,0.0,0.0
2022,12,00-0036250,T.Davis,GB,TE,1,0.0,0.0,0.0,0.0
2022,12,00-0034829,M.Gesicki,MIA,TE,1,0.0,0.0,0.0,0.0
2022,12,00-0036040,J.Johnson,NO,TE,1,0.0,0.0,0.0,0.0
2022,12,00-0032141,G.Swaim,TEN,TE,1,0.0,0.0,0.0,0.0
2022,11,00-0030506,T.Kelce,KC,TE,1,29.5,35.5,29.5,35.5
2022,11,00-0033288,G.Kittle,SF,TE,1,20.4,24.4,20.4,24.4
2022,11,00-0032392,A.Hooper,TEN,TE,1,15.6,19.6,15.6,19.6
2022,11,00-0036894,P.Freiermuth,PIT,TE,1,7.9,15.9,7.9,15.9
2022,11,00-0035689,D.Knox,BUF,TE,1,7.0,14.0,7.0,14.0
2022,11,00-0036040,J.Johnson,NO,TE,1,10.7,13.7,10.7,13.7
2022,11,00-0034753,M.Andrews,BAL,TE,1,6.3,12.3,6.3,12.3
2022,11,00-0031260,L.Thomas,WAS,TE,1,6.5,11.5,6.5,11.5
2022,11,00-0033110,T.Higbee,LA,TE,1,4.5,8.5,4.5,8.5
2022,11,00-0033858,J.Smith,NE,TE,1,4.5,8.5,4.5,8.5
2022,11,00-0035229,T.Hockenson,MIN,TE,1,3.4,8.4,3.4,8.4
2022,11,00-0036232,H.Bryant,CLE,TE,1,4.1,8.1,4.1,8.1
2022,11,00-0036970,K.Pitts,ATL,TE,1,4.3,7.3,4.3,7.3
2022,11,00-0035547,J.Fortson,KC,TE,1,5.1,7.1,5.1,7.1
2022,11,00-0037252,G.Dulcich,DEN,TE,1,3.0,7.0,3.0,7.0
2022,11,00-0036290,C.Kmet,CHI,TE,1,3.5,6.5,3.5,6.5
2022,11,00-0037744,T.McBride,ARI,TE,1,1.4,5.4,1.4,5.4
2022,11,00-0034365,I.Thomas,CAR,TE,1,2.4,5.4,2.4,5.4
2022,11,00-0034383,D.Schultz,DAL,TE,1,2.2,5.2,2.2,5.2
2022,11,00-0034830,H.Hurst,CIN,TE,1,2.8,4.8,2.8,4.8
2022,11,00-0034981,F.Moreau,LV,TE,1,3.3,4.3,3.3,4.3
2022,11,00-0036422,A.Trautman,NO,TE,1,1.2,4.2,1.2,4.2
2022,11,00-0037809,C.Okonkwo,TEN,TE,1,3.1,4.1,3.1,4.1
2022,11,00-0036754,B.Wright,DET,TE,1,2.0,4.0,2.0,4.0
2022,11,00-0036145,L.Cager,NYG,TE,1,2.0,4.0,2.0,4.0
2022,11,00-0033757,R.Tonyan,GB,TE,1,1.9,3.9,1.9,3.9
2022,11,00-0033885,D.Njoku,CLE,TE,1,1.7,3.7,1.7,3.7
2022,11,00-0033576,E.Saubert,DEN,TE,1,1.6,3.6,1.6,3.6
2022,11,00-0034270,T.Conklin,NYJ,TE,1,1.5,3.5,1.5,3.5
2022,11,00-0036637,N.Gray,KC,TE,1,1.5,3.5,1.5,3.5
2022,11,00-0038041,J.Ferguson,DAL,TE,1,1.5,3.5,1.5,3.5
2022,11,00-0033090,H.Henry,NE,TE,1,2.0,3.0,2.0,3.0
2022,11,00-0034364,J.Akins,HOU,TE,1,0.8,2.8,0.8,2.8
2022,11,00-0035222,Z.Gentry,PIT,TE,1,0.8,2.8,0.8,2.8
2022,11,00-0031585,M.Pruitt,ATL,TE,1,1.7,2.7,1.7,2.7
2022,11,00-0036876,K.Granson,IND,TE,1,1.6,2.6,1.6,2.6
2022,11,00-0033217,M.Alie-Cox,IND,TE,1,1.4,2.4,1.4,2.4
2022,11,00-0033879,O.Howard,HOU,TE,1,0.9,1.9,0.9,1.9
2022,11,00-0033246,J.Mundt,MIN,TE,1,0.8,1.8,0.8,1.8
2022,11,00-0031558,M.Williams,ARI,TE,1,0.7,1.7,0.7,1.7
2022,11,00-0036741,J.Stoll,PHI,TE,1,0.7,1.7,0.7,1.7
2022,11,00-0037475,S.Smartt,LAC,TE,1,0.6,1.6,0.6,1.6
2022,11,00-0032141,G.Swaim,TEN,TE,1,0.3,1.3,0.3,1.3
2022,11,00-0035249,J.Oliver,BAL,TE,1,0.2,1.2,0.2,1.2
2022,11,00-0037838,I.Likely,BAL,TE,1,0.1,1.1,0.1,1.1
2022,11,00-0037569,P.Hendershot,DAL,TE,1,-0.2,0.8,-0.2,0.8
2022,11,00-0036628,J.Bates,WAS,TE,1,0.0,0.0,0.0,0.0
2022,11,00-0033439,P.Brown,CLE,TE,1,0.0,0.0,0.0,0.0
2022,11,00-0037078,C.Turner,WAS,TE,1,0.0,0.0,0.0,0.0
2022,11,00-0032725,S.Anderson,ARI,TE,1,0.0,0.0,0.0,0.0
2022,11,00-0037277,T.Quitoriano,HOU,TE,1,0.0,0.0,0.0,0.0
2022,10,00-0036290,C.Kmet,CHI,TE,1,19.4,23.4,19.4,23.4
2022,10,00-0030506,T.Kelce,KC,TE,1,14.1,20.1,14.1,20.1
2022,10,00-0034383,D.Schultz,DAL,TE,1,11.4,17.4,11.4,17.4
2022,10,00-0036040,J.Johnson,NO,TE,1,10.4,15.4,10.4,15.4
2022,10,00-0033110,T.Higbee,LA,TE,1,7.3,15.3,7.3,15.3
2022,10,00-0034981,F.Moreau,LV,TE,1,10.3,13.3,10.3,13.3
2022,10,00-0035229,T.Hockenson,MIN,TE,1,4.5,11.5,4.5,11.5
2022,10,00-0034351,D.Goedert,PHI,TE,1,8.3,11.3,8.3,11.3
2022,10,00-0036232,H.Bryant,CLE,TE,1,7.5,10.5,7.5,10.5
2022,10,00-0034364,J.Akins,HOU,TE,1,7.2,10.2,7.2,10.2
2022,10,00-0036637,N.Gray,KC,TE,1,8.0,10.0,8.0,10.0
2022,10,00-0036876,K.Granson,IND,TE,1,5.7,9.7,5.7,9.7
2022,10,00-0035689,D.Knox,BUF,TE,1,5.7,9.7,5.7,9.7
2022,10,00-0032392,A.Hooper,TEN,TE,1,4.1,9.1,4.1,9.1
2022,10,00-0036145,L.Cager,NYG,TE,1,6.9,8.9,6.9,8.9
2022,10,00-0036894,P.Freiermuth,PIT,TE,1,3.6,7.6,3.6,7.6
2022,10,00-0036754,B.Wright,DET,TE,1,6.2,7.2,6.2,7.2
2022,10,00-0038129,C.Otton,TB,TE,1,3.5,6.5,3.5,6.5
2022,10,00-0035644,N.Fant,SEA,TE,1,3.4,6.4,3.4,6.4
2022,10,00-0034613,T.Hudson,NYG,TE,1,2.4,5.4,2.4,5.4
2022,10,00-0037809,C.Okonkwo,TEN,TE,1,4.1,5.1,4.1,5.1
2022,10,00-0037011,T.McKitty,LAC,TE,1,2.1,5.1,2.1,5.1
2022,10,00-0034829,M.Gesicki,MIA,TE,1,3.1,5.1,3.1,5.1
2022,10,00-0034159,W.Dissly,SEA,TE,1,2.8,4.8,2.8,4.8
2022,10,00-0036970,K.Pitts,ATL,TE,1,2.8,4.8,2.8,4.8
2022,10,00-0033881,E.Engram,JAX,TE,1,1.4,4.4,1.4,4.4
2022,10,00-0033895,G.Everett,LAC,TE,1,2.3,4.3,2.3,4.3
2022,10,00-0036422,A.Trautman,NO,TE,1,2.2,4.2,2.2,4.2
2022,10,00-0033439,P.Brown,CLE,TE,1,1.3,3.3,1.3,3.3
2022,10,00-0031260,L.Thomas,WAS,TE,1,1.2,3.2,1.2,3.2
2022,10,00-0033288,G.Kittle,SF,TE,1,2.1,3.1,2.1,3.1
2022,10,00-0037304,C.Heyward,PIT,TE,1,0.9,2.9,0.9,2.9
2022,10,00-0033576,E.Saubert,DEN,TE,1,1.2,2.2,1.2,2.2
2022,10,00-0030061,Z.Ertz,ARI,TE,1,1.2,2.2,1.2,2.2
2022,10,00-0036424,B.Hopkins,LA,TE,1,1.1,2.1,1.1,2.1
2022,10,00-0037252,G.Dulcich,DEN,TE,1,1.1,2.1,1.1,2.1
2022,10,00-0036741,J.Stoll,PHI,TE,1,1.1,2.1,1.1,2.1
2022,10,00-0031273,C.Brate,TB,TE,1,0.8,1.8,0.8,1.8
2022,10,00-0034011,D.Arnold,JAX,TE,1,0.8,1.8,0.8,1.8
2022,10,00-0033757,R.Tonyan,GB,TE,1,0.8,1.8,0.8,1.8
2022,10,00-0036244,C.Parkinson,SEA,TE,1,0.7,1.7,0.7,1.7
2022,10,00-0037744,T.McBride,ARI,TE,1,0.7,1.7,0.7,1.7
2022,10,00-0031585,M.Pruitt,ATL,TE,1,0.6,1.6,0.6,1.6
2022,10,00-0035547,J.Fortson,KC,TE,1,0.6,1.6,0.6,1.6
2022,10,00-0037282,J.Mitchell,DET,TE,1,0.4,1.4,0.4,1.4
2022,10,00-0031384,R.Rodgers,LAC,TE,1,0.4,1.4,0.4,1.4
2022,10,00-0035956,G.Ricci,CAR,TE,1,0.2,1.2,0.2,1.2
2022,10,00-0036032,S.McKeon,DAL,TE,1,0.1,1.1,0.1,1.1
2022,10,00-0024243,M.Lewis,GB,TE,1,-0.1,0.9,-0.1,0.9
2022,10,00-0032725,S.Anderson,ARI,TE,1,0.0,0.0,0.0,0.0
2022,10,00-0032141,G.Swaim,TEN,TE,1,0.0,0.0,0.0,0.0
2022,10,00-0035259,T.Wesco,CHI,TE,1,0.0,0.0,0.0,0.0
2022,10,00-0035222,Z.Gentry,PIT,TE,1,0.0,0.0,0.0,0.0
2022,10,00-0034798,D.Smythe,MIA,TE,1,0.0,0.0,0.0,0.0
2022,10,00-0037005,T.Tremble,CAR,TE,1,0.0,0.0,0.0,0.0
2022,10,00-0035345,C.Myarick,NYG,TE,1,0.0,0.0,0.0,0.0
2022,10,00-0037569,P.Hendershot,DAL,TE,1,0.0,0.0,0.0,0.0
2022,10,00-0033879,O.Howard,HOU,TE,1,0.0,0.0,0.0,0.0
2022,10,00-0036534,S.Zylstra,DET,TE,1,0.0,0.0,0.0,0.0
2022,10,00-0031690,E.Tomlinson,DEN,TE,1,0.0,0.0,0.0,0.0
2022,9,00-0034351,D.Goedert,PHI,TE,1,16.0,24.0,16.0,24.0
2022,9,00-0036290,C.Kmet,CHI,TE,1,17.0,22.0,17.0,22.0
2022,9,00-0030506,T.Kelce,KC,TE,1,10.6,20.6,10.6,20.6
2022,9,00-0038129,C.Otton,TB,TE,1,12.8,17.8,12.8,17.8
2022,9,00-0035229,T.Hockenson,MIN,TE,1,7.0,16.0,7.0,16.0
2022,9,00-0030061,Z.Ertz,ARI,TE,1,10.0,15.0,10.0,15.0
2022,9,00-0035644,N.Fant,SEA,TE,1,9.6,14.6,9.6,14.6
2022,9,00-0036040,J.Johnson,NO,TE,1,10.2,12.2,10.2,12.2
2022,9,00-0037838,I.Likely,BAL,TE,1,8.4,9.4,8.4,9.4
2022,9,00-0036332,J.Deguara,GB,TE,1,4.1,9.1,4.1,9.1
2022,9,00-0037005,T.Tremble,CAR,TE,1,7.1,9.1,7.1,9.1
2022,9,00-0033090,H.Henry,NE,TE,1,5.0,9.0,5.0,9.0
2022,9,00-0037282,J.Mitchell,DET,TE,1,6.8,8.8,6.8,8.8
2022,9,00-0033895,G.Everett,LAC,TE,1,3.6,8.6,3.6,8.6
2022,9,00-0034830,H.Hurst,CIN,TE,1,3.5,8.5,3.5,8.5
2022,9,00-0036637,N.Gray,KC,TE,1,4.5,7.5,4.5,7.5
2022,9,00-0037277,T.Quitoriano,HOU,TE,1,6.2,7.2,6.2,7.2
2022,9,00-0036534,S.Zylstra,DET,TE,1,6.1,7.1,6.1,7.1
2022,9,00-0034981,F.Moreau,LV,TE,1,4.2,6.2,4.2,6.2
2022,9,00-0033757,R.Tonyan,GB,TE,1,2.9,5.9,2.9,5.9
2022,9,00-0037809,C.Okonkwo,TEN,TE,1,4.8,5.8,4.8,5.8
2022,9,00-0035689,D.Knox,BUF,TE,1,2.5,5.5,2.5,5.5
2022,9,00-0034159,W.Dissly,SEA,TE,1,2.4,5.4,2.4,5.4
2022,9,00-0032392,A.Hooper,TEN,TE,1,3.4,5.4,3.4,5.4
2022,9,00-0033858,J.Smith,NE,TE,1,2.1,5.1,2.1,5.1
2022,9,00-0036970,K.Pitts,ATL,TE,1,2.7,4.7,2.7,4.7
2022,9,00-0032134,C.Uzomah,NYJ,TE,1,1.6,4.6,1.6,4.6
2022,9,00-0033217,M.Alie-Cox,IND,TE,1,1.3,3.3,1.3,3.3
2022,9,00-0024243,M.Lewis,GB,TE,1,1.9,2.9,1.9,2.9
2022,9,00-0035249,J.Oliver,BAL,TE,1,1.9,2.9,1.9,2.9
2022,9,00-0034011,D.Arnold,JAX,TE,1,1.9,2.9,1.9,2.9
2022,9,00-0036244,C.Parkinson,SEA,TE,1,0.6,2.6,0.6,2.6
2022,9,00-0036887,L.Farrell,JAX,TE,1,1.5,2.5,1.5,2.5
2022,9,00-0037168,A.Rogers,WAS,TE,1,2.4,2.4,2.4,2.4
2022,9,00-0033879,O.Howard,HOU,TE,1,1.4,2.4,1.4,2.4
2022,9,00-0036741,J.Stoll,PHI,TE,1,1.3,2.3,1.3,2.3
2022,9,00-0036422,A.Trautman,NO,TE,1,0.8,1.8,0.8,1.8
2022,9,00-0035956,G.Ricci,CAR,TE,1,0.8,1.8,0.8,1.8
2022,9,00-0033881,E.Engram,JAX,TE,1,0.8,1.8,0.8,1.8
2022,9,00-0031484,C.Manhertz,JAX,TE,1,0.7,1.7,0.7,1.7
2022,9,00-0034270,T.Conklin,NYJ,TE,1,0.7,1.7,0.7,1.7
2022,9,00-0031585,M.Pruitt,ATL,TE,1,0.6,1.6,0.6,1.6
2022,9,00-0037311,K.Kieft,TB,TE,1,0.6,1.6,0.6,1.6
2022,9,00-0036556,B.Jordan,HOU,TE,1,0.5,1.5,0.5,1.5
2022,9,00-0036628,J.Bates,WAS,TE,1,0.5,1.5,0.5,1.5
2022,9,00-0034829,M.Gesicki,MIA,TE,1,0.3,1.3,0.3,1.3
2022,9,00-0037755,J.Woods,IND,TE,1,0.2,1.2,0.2,1.2
2022,9,00-0033246,J.Mundt,MIN,TE,1,0.1,1.1,0.1,1.1
2022,9,00-0031260,L.Thomas,WAS,TE,1,0.0,0.0,0.0,0.0
2022,9,00-0035259,T.Wesco,CHI,TE,1,0.0,0.0,0.0,0.0
2022,9,00-0036424,B.Hopkins,LA,TE,1,0.0,0.0,0.0,0.0
2022,9,00-0033110,T.Higbee,LA,TE,1,0.0,0.0,0.0,0.0
2022,9,00-0034364,J.Akins,HOU,TE,1,0.0,0.0,0.0,0.0
2022,9,00-0036194,D.Asiasi,CIN,TE,1,0.0,0.0,0.0,0.0
2022,9,00-0031384,R.Rodgers,LAC,TE,1,0.0,0.0,0.0,0.0
2022,9,00-0036754,B.Wright,DET,TE,1,0.0,0.0,0.0,0.0
2022,9,00-0036876,K.Granson,IND,TE,1,0.0,0.0,0.0,0.0
2022,9,00-0034798,D.Smythe,MIA,TE,1,0.0,0.0,0.0,0.0
2022,8,00-0034270,T.Conklin,NYJ,TE,1,19.9,25.9,19.9,25.9
2022,8,00-0037838,I.Likely,BAL,TE,1,13.7,19.7,13.7,19.7
2022,8,00-0036970,K.Pitts,ATL,TE,1,14.0,19.0,14.0,19.0
2022,8,00-0033881,E.Engram,JAX,TE,1,11.5,15.5,11.5,15.5
2022,8,00-0030061,Z.Ertz,ARI,TE,1,9.4,13.4,9.4,13.4
2022,8,00-0034383,D.Schultz,DAL,TE,1,7.4,13.4,7.4,13.4
2022,8,00-0033288,G.Kittle,SF,TE,1,9.9,12.9,9.9,12.9
2022,8,00-0034829,M.Gesicki,MIA,TE,1,9.8,12.8,9.8,12.8
2022,8,00-0037252,G.Dulcich,DEN,TE,1,8.7,12.7,8.7,12.7
2022,8,00-0034351,D.Goedert,PHI,TE,1,6.4,12.4,6.4,12.4
2022,8,00-0035229,T.Hockenson,DET,TE,1,8.0,11.0,8.0,11.0
2022,8,00-0036894,P.Freiermuth,PIT,TE,1,5.7,9.7,5.7,9.7
2022,8,00-0034981,F.Moreau,LV,TE,1,3.1,9.1,3.1,9.1
2022,8,00-0036290,C.Kmet,CHI,TE,1,7.1,9.1,7.1,9.1
2022,8,00-0035689,D.Knox,BUF,TE,1,7.0,9.0,7.0,9.0
2022,8,00-0034613,T.Hudson,NYG,TE,1,5.8,8.8,5.8,8.8
2022,8,00-0033757,R.Tonyan,GB,TE,1,3.5,8.5,3.5,8.5
2022,8,00-0034830,H.Hurst,CIN,TE,1,4.2,8.2,4.2,8.2
2022,8,00-0038041,J.Ferguson,DAL,TE,1,6.1,7.1,6.1,7.1
2022,8,00-0033246,J.Mundt,MIN,TE,1,6.1,7.1,6.1,7.1
2022,8,00-0034970,I.Smith,MIN,TE,1,2.8,6.8,2.8,6.8
2022,8,00-0034073,R.Dwelley,SF,TE,1,5.6,6.6,5.6,6.6
2022,8,00-0034753,M.Andrews,BAL,TE,1,3.3,6.3,3.3,6.3
2022,8,00-0033879,O.Howard,HOU,TE,1,2.4,4.4,2.4,4.4
2022,8,00-0036438,S.Sullivan,CAR,TE,1,3.3,4.3,3.3,4.3
2022,8,00-0036876,K.Granson,IND,TE,1,1.1,4.1,1.1,4.1
2022,8,00-0033858,J.Smith,NE,TE,1,1.0,4.0,1.0,4.0
2022,8,00-0035644,N.Fant,SEA,TE,1,1.9,3.9,1.9,3.9
2022,8,00-0036556,B.Jordan,HOU,TE,1,1.9,3.9,1.9,3.9
2022,8,00-0037005,T.Tremble,CAR,TE,1,1.7,3.7,1.7,3.7
2022,8,00-0032134,C.Uzomah,NYJ,TE,1,2.7,3.7,2.7,3.7
2022,8,00-0033110,T.Higbee,LA,TE,1,1.5,3.5,1.5,3.5
2022,8,00-0037569,P.Hendershot,DAL,TE,1,1.5,3.5,1.5,3.5
2022,8,00-0038129,C.Otton,TB,TE,1,1.5,3.5,1.5,3.5
2022,8,00-0036040,J.Johnson,NO,TE,1,1.4,3.4,1.4,3.4
2022,8,00-0034159,W.Dissly,SEA,TE,1,1.2,3.2,1.2,3.2
2022,8,00-0033090,H.Henry,NE,TE,1,2.2,3.2,2.2,3.2
2022,8,00-0037282,J.Mitchell,DET,TE,1,1.4,2.4,1.4,2.4
2022,8,00-0037168,A.Rogers,WAS,TE,1,1.3,2.3,1.3,2.3
2022,8,00-0035345,C.Myarick,NYG,TE,1,1.0,2.0,1.0,2.0
2022,8,00-0037311,K.Kieft,TB,TE,1,0.9,1.9,0.9,1.9
2022,8,00-0035572,P.Hesse,ATL,TE,1,0.9,1.9,0.9,1.9
2022,8,00-0036332,J.Deguara,GB,TE,1,0.9,1.9,0.9,1.9
2022,8,00-0034011,D.Arnold,JAX,TE,1,0.8,1.8,0.8,1.8
2022,8,00-0032394,N.Vannett,NO,TE,1,0.8,1.8,0.8,1.8
2022,8,00-0036628,J.Bates,WAS,TE,1,0.6,1.6,0.6,1.6
2022,8,00-0036754,B.Wright,DET,TE,1,0.6,1.6,0.6,1.6
2022,8,00-0032214,T.Kroft,SF,TE,1,0.6,1.6,0.6,1.6
2022,8,00-0034364,J.Akins,HOU,TE,1,0.5,1.5,0.5,1.5
2022,8,00-0032392,A.Hooper,TEN,TE,1,0.5,1.5,0.5,1.5
2022,8,00-0036244,C.Parkinson,SEA,TE,1,0.5,1.5,0.5,1.5
2022,8,00-0035249,J.Oliver,BAL,TE,1,0.4,1.4,0.4,1.4
2022,8,00-0035771,M.Wilcox,CIN,TE,1,0.3,1.3,0.3,1.3
2022,8,00-0037809,C.Okonkwo,TEN,TE,1,0.3,1.3,0.3,1.3
2022,8,00-0035222,Z.Gentry,PIT,TE,1,0.3,1.3,0.3,1.3
2022,8,00-0034365,I.Thomas,CAR,TE,1,0.2,1.2,0.2,1.2
2022,8,00-0031484,C.Manhertz,JAX,TE,1,-0.1,0.9,-0.1,0.9
2022,8,00-0036145,L.Cager,NYG,TE,1,0.0,0.0,0.0,0.0
2022,8,00-0035562,J.Horsted,LV,TE,1,0.0,0.0,0.0,0.0
2022,8,00-0036741,J.Stoll,PHI,TE,1,0.0,0.0,0.0,0.0
2022,8,00-0027981,K.Rudolph,TB,TE,1,0.0,0.0,0.0,0.0
2022,8,00-0033217,M.Alie-Cox,IND,TE,1,0.0,0.0,0.0,0.0
2022,7,00-0033288,G.Kittle,SF,TE,1,15.8,21.8,15.8,21.8
2022,7,00-0036040,J.Johnson,NO,TE,1,15.2,20.2,15.2,20.2
2022,7,00-0030506,T.Kelce,KC,TE,1,9.8,15.8,9.8,15.8
2022,7,00-0036894,P.Freiermuth,PIT,TE,1,7.5,15.5,7.5,15.5
2022,7,00-0033885,D.Njoku,CLE,TE,1,7.1,14.1,7.1,14.1
2022,7,00-0033895,G.Everett,LAC,TE,1,6.3,11.3,6.3,11.3
2022,7,00-0037252,G.Dulcich,DEN,TE,1,5.1,11.1,5.1,11.1
2022,7,00-0034830,H.Hurst,CIN,TE,1,4.8,10.8,4.8,10.8
2022,7,00-0033881,E.Engram,JAX,TE,1,6.7,10.7,6.7,10.7
2022,7,00-0038129,C.Otton,TB,TE,1,6.4,10.4,6.4,10.4
2022,7,00-0037005,T.Tremble,CAR,TE,1,8.9,9.9,8.9,9.9
2022,7,00-0034383,D.Schultz,DAL,TE,1,4.9,9.9,4.9,9.9
2022,7,00-0034364,J.Akins,HOU,TE,1,6.8,9.8,6.8,9.8
2022,7,00-0036754,B.Wright,DET,TE,1,5.7,9.7,5.7,9.7
2022,7,00-0035229,T.Hockenson,DET,TE,1,4.8,8.8,4.8,8.8
2022,7,00-0032392,A.Hooper,TEN,TE,1,5.6,8.6,5.6,8.6
2022,7,00-0034159,W.Dissly,SEA,TE,1,4.5,8.5,4.5,8.5
2022,7,00-0037569,P.Hendershot,DAL,TE,1,6.5,8.5,6.5,8.5
2022,7,00-0033757,R.Tonyan,GB,TE,1,3.2,6.2,3.2,6.2
2022,7,00-0034270,T.Conklin,NYJ,TE,1,2.2,6.2,2.2,6.2
2022,7,00-0037168,A.Rogers,WAS,TE,1,2.8,5.8,2.8,5.8
2022,7,00-0034981,F.Moreau,LV,TE,1,2.8,5.8,2.8,5.8
2022,7,00-0034829,M.Gesicki,MIA,TE,1,2.7,5.7,2.7,5.7
2022,7,00-0036290,C.Kmet,CHI,TE,1,3.2,5.2,3.2,5.2
2022,7,00-0035345,C.Myarick,NYG,TE,1,2.1,4.1,2.1,4.1
2022,7,00-0031690,E.Tomlinson,DEN,TE,1,2.1,4.1,2.1,4.1
2022,7,00-0030061,Z.Ertz,ARI,TE,1,2.1,4.1,2.1,4.1
2022,7,00-0036970,K.Pitts,ATL,TE,1,0.9,3.9,0.9,3.9
2022,7,00-0036244,C.Parkinson,SEA,TE,1,2.8,3.8,2.8,3.8
2022,7,00-0036232,H.Bryant,CLE,TE,1,1.5,3.5,1.5,3.5
2022,7,00-0034011,D.Arnold,JAX,TE,1,2.4,3.4,2.4,3.4
2022,7,00-0035771,M.Wilcox,CIN,TE,1,1.4,3.4,1.4,3.4
2022,7,00-0037311,K.Kieft,TB,TE,1,1.8,2.8,1.8,2.8
2022,7,00-0037838,I.Likely,BAL,TE,1,1.6,2.6,1.6,2.6
2022,7,00-0038115,D.Bellinger,NYG,TE,1,1.3,2.3,1.3,2.3
2022,7,00-0033090,H.Henry,NE,TE,1,1.2,2.2,1.2,2.2
2022,7,00-0036637,N.Gray,KC,TE,1,1.0,2.0,1.0,2.0
2022,7,00-0035222,Z.Gentry,PIT,TE,1,0.0,2.0,0.0,2.0
2022,7,00-0027981,K.Rudolph,TB,TE,1,0.8,1.8,0.8,1.8
2022,7,00-0035547,J.Fortson,KC,TE,1,0.8,1.8,0.8,1.8
2022,7,00-0035644,N.Fant,SEA,TE,1,0.7,1.7,0.7,1.7
2022,7,00-0038041,J.Ferguson,DAL,TE,1,0.7,1.7,0.7,1.7
2022,7,00-0036876,K.Granson,IND,TE,1,0.6,1.6,0.6,1.6
2022,7,00-0037304,C.Heyward,PIT,TE,1,0.6,1.6,0.6,1.6
2022,7,00-0032134,C.Uzomah,NYJ,TE,1,0.5,1.5,0.5,1.5
2022,7,00-0030108,R.Griffin,CHI,TE,1,0.5,1.5,0.5,1.5
2022,7,00-0033858,J.Smith,NE,TE,1,0.4,1.4,0.4,1.4
2022,7,00-0037755,J.Woods,IND,TE,1,0.4,1.4,0.4,1.4
2022,7,00-0034365,I.Thomas,CAR,TE,1,0.3,1.3,0.3,1.3
2022,7,00-0034753,M.Andrews,BAL,TE,1,0.4,0.4,0.4,0.4
2022,7,00-0037078,C.Turner,WAS,TE,1,0.0,0.0,0.0,0.0
2022,7,00-0034613,T.Hudson,NYG,TE,1,0.0,0.0,0.0,0.0
2022,7,00-0033576,E.Saubert,DEN,TE,1,0.0,0.0,0.0,0.0
2022,7,00-0036556,B.Jordan,HOU,TE,1,0.0,0.0,0.0,0.0
2022,7,00-0032141,G.Swaim,TEN,TE,1,0.0,0.0,0.0,0.0
2022,7,00-0035249,J.Oliver,BAL,TE,1,0.0,0.0,0.0,0.0
2022,7,00-0037809,C.Okonkwo,TEN,TE,1,0.0,0.0,0.0,0.0
2022,6,00-0034829,M.Gesicki,MIA,TE,1,18.9,24.9,18.9,24.9
2022,6,00-0034753,M.Andrews,BAL,TE,1,16.6,23.6,16.6,23.6
2022,6,00-0030506,T.Kelce,KC,TE,1,11.2,19.2,11.2,19.2
2022,6,00-0033757,R.Tonyan,GB,TE,1,9.0,19.0,9.0,19.0
2022,6,00-0033288,G.Kittle,SF,TE,1,8.3,16.3,8.3,16.3
2022,6,00-0033090,H.Henry,NE,TE,1,12.1,16.1,12.1,16.1
2022,6,00-0038115,D.Bellinger,NYG,TE,1,9.8,14.8,9.8,14.8
2022,6,00-0038041,J.Ferguson,DAL,TE,1,10.0,14.0,10.0,14.0
2022,6,00-0030061,Z.Ertz,ARI,TE,1,7.0,14.0,7.0,14.0
2022,6,00-0035689,D.Knox,BUF,TE,1,9.7,12.7,9.7,12.7
2022,6,00-0037252,G.Dulcich,DEN,TE,1,10.4,12.4,10.4,12.4
2022,6,00-0036970,K.Pitts,ATL,TE,1,7.9,10.9,7.9,10.9
2022,6,00-0034970,I.Smith,MIN,TE,1,6.7,10.7,6.7,10.7
2022,6,00-0037755,J.Woods,IND,TE,1,8.7,10.7,8.7,10.7
2022,6,00-0035644,N.Fant,SEA,TE,1,4.5,10.5,4.5,10.5
2022,6,00-0033881,E.Engram,JAX,TE,1,4.0,9.0,4.0,9.0
2022,6,00-0033885,D.Njoku,CLE,TE,1,5.8,8.8,5.8,8.8
2022,6,00-0035329,D.Parham,LAC,TE,1,5.3,8.3,5.3,8.3
2022,6,00-0036040,J.Johnson,NO,TE,1,4.1,8.1,4.1,8.1
2022,6,00-0033858,J.Smith,NE,TE,1,6.1,8.1,6.1,8.1
2022,6,00-0033895,G.Everett,LAC,TE,1,2.9,7.9,2.9,7.9
2022,6,00-0036876,K.Granson,IND,TE,1,3.8,7.8,3.8,7.8
2022,6,00-0031585,M.Pruitt,ATL,TE,1,6.2,7.2,6.2,7.2
2022,6,00-0037304,C.Heyward,PIT,TE,1,4.9,6.9,4.9,6.9
2022,6,00-0034830,H.Hurst,CIN,TE,1,2.1,5.1,2.1,5.1
2022,6,00-0037838,I.Likely,BAL,TE,1,3.0,5.0,3.0,5.0
2022,6,00-0036232,H.Bryant,CLE,TE,1,1.8,4.8,1.8,4.8
2022,6,00-0038129,C.Otton,TB,TE,1,2.3,4.3,2.3,4.3
2022,6,00-0036637,N.Gray,KC,TE,1,1.3,4.3,1.3,4.3
2022,6,00-0037078,C.Turner,WAS,TE,1,2.3,4.3,2.3,4.3
2022,6,00-0034351,D.Goedert,PHI,TE,1,2.2,4.2,2.2,4.2
2022,6,00-0037569,P.Hendershot,DAL,TE,1,2.2,4.2,2.2,4.2
2022,6,00-0034365,I.Thomas,CAR,TE,1,2.2,4.2,2.2,4.2
2022,6,00-0035249,J.Oliver,BAL,TE,1,2.1,4.1,2.1,4.1
2022,6,00-0033439,P.Brown,CLE,TE,1,2.1,4.1,2.1,4.1
2022,6,00-0032134,C.Uzomah,NYJ,TE,1,1.7,3.7,1.7,3.7
2022,6,00-0031273,C.Brate,TB,TE,1,1.4,3.4,1.4,3.4
2022,6,00-0036741,J.Stoll,PHI,TE,1,2.1,3.1,2.1,3.1
2022,6,00-0036244,C.Parkinson,SEA,TE,1,1.1,3.1,1.1,3.1
2022,6,00-0034270,T.Conklin,NYJ,TE,1,1.7,2.7,1.7,2.7
2022,6,00-0031690,E.Tomlinson,DEN,TE,1,1.6,2.6,1.6,2.6
2022,6,00-0036290,C.Kmet,CHI,TE,1,1.5,2.5,1.5,2.5
2022,6,00-0034159,W.Dissly,SEA,TE,1,1.2,2.2,1.2,2.2
2022,6,00-0033246,J.Mundt,MIN,TE,1,0.1,2.1,0.1,2.1
2022,6,00-0036887,L.Farrell,JAX,TE,1,1.1,2.1,1.1,2.1
2022,6,00-0036032,S.McKeon,DAL,TE,1,1.0,2.0,1.0,2.0
2022,6,00-0036332,J.Deguara,GB,TE,1,0.9,1.9,0.9,1.9
2022,6,00-0036422,A.Trautman,NO,TE,1,0.8,1.8,0.8,1.8
2022,6,00-0033110,T.Higbee,LA,TE,1,0.7,1.7,0.7,1.7
2022,6,00-0035308,T.Sweeney,BUF,TE,1,0.7,1.7,0.7,1.7
2022,6,00-0035222,Z.Gentry,PIT,TE,1,0.4,1.4,0.4,1.4
2022,6,00-0030108,R.Griffin,CHI,TE,1,0.0,0.0,0.0,0.0
2022,6,00-0036429,C.Woerner,SF,TE,1,0.0,0.0,0.0,0.0
2022,5,00-0030506,T.Kelce,KC,TE,1,26.5,33.5,26.5,33.5
2022,5,00-0034753,M.Andrews,BAL,TE,1,14.9,22.9,14.9,22.9
2022,5,00-0034351,D.Goedert,PHI,TE,1,9.5,17.5,9.5,17.5
2022,5,00-0034830,H.Hurst,CIN,TE,1,11.3,17.3,11.3,17.3
2022,5,00-0033885,D.Njoku,CLE,TE,1,8.8,14.8,8.8,14.8
2022,5,00-0033881,E.Engram,JAX,TE,1,6.9,12.9,6.9,12.9
2022,5,00-0033110,T.Higbee,LA,TE,1,4.6,11.6,4.6,11.6
2022,5,00-0036422,A.Trautman,NO,TE,1,9.2,11.2,9.2,11.2
2022,5,00-0030061,Z.Ertz,ARI,TE,1,4.8,10.8,4.8,10.8
2022,5,00-0038115,D.Bellinger,NYG,TE,1,8.4,10.4,8.4,10.4
2022,5,00-0038129,C.Otton,TB,TE,1,4.3,10.3,4.3,10.3
2022,5,00-0033288,G.Kittle,SF,TE,1,4.7,9.7,4.7,9.7
2022,5,00-0033090,H.Henry,NE,TE,1,5.4,9.4,5.4,9.4
2022,5,00-0035222,Z.Gentry,PIT,TE,1,4.3,9.3,4.3,9.3
2022,5,00-0033576,E.Saubert,DEN,TE,1,3.6,8.6,3.6,8.6
2022,5,00-0036290,C.Kmet,CHI,TE,1,4.5,8.5,4.5,8.5
2022,5,00-0034970,I.Smith,MIN,TE,1,4.2,8.2,4.2,8.2
2022,5,00-0034798,D.Smythe,MIA,TE,1,6.9,7.9,6.9,7.9
2022,5,00-0035644,N.Fant,SEA,TE,1,4.9,7.9,4.9,7.9
2022,5,00-0024243,M.Lewis,GB,TE,1,6.2,7.2,6.2,7.2
2022,5,00-0036590,Q.Morris,BUF,TE,1,3.9,6.9,3.9,6.9
2022,5,00-0036628,J.Bates,WAS,TE,1,3.9,6.9,3.9,6.9
2022,5,00-0033757,R.Tonyan,GB,TE,1,2.3,6.3,2.3,6.3
2022,5,00-0035956,G.Ricci,CAR,TE,1,2.7,5.7,2.7,5.7
2022,5,00-0035562,J.Horsted,LV,TE,1,1.9,4.9,1.9,4.9
2022,5,00-0034364,J.Akins,HOU,TE,1,2.2,4.2,2.2,4.2
2022,5,00-0034159,W.Dissly,SEA,TE,1,2.1,4.1,2.1,4.1
2022,5,00-0034829,M.Gesicki,MIA,TE,1,3.0,4.0,3.0,4.0
2022,5,00-0036332,J.Deguara,GB,TE,1,1.9,3.9,1.9,3.9
2022,5,00-0031484,C.Manhertz,JAX,TE,1,1.5,3.5,1.5,3.5
2022,5,00-0036894,P.Freiermuth,PIT,TE,1,1.2,3.2,1.2,3.2
2022,5,00-0032134,C.Uzomah,NYJ,TE,1,1.2,3.2,1.2,3.2
2022,5,00-0037304,C.Heyward,PIT,TE,1,1.2,3.2,1.2,3.2
2022,5,00-0034011,D.Arnold,JAX,TE,1,2.0,3.0,2.0,3.0
2022,5,00-0034365,I.Thomas,CAR,TE,1,0.8,2.8,0.8,2.8
2022,5,00-0037838,I.Likely,BAL,TE,1,0.7,2.7,0.7,2.7
2022,5,00-0036876,K.Granson,IND,TE,1,1.6,2.6,1.6,2.6
2022,5,00-0033246,J.Mundt,MIN,TE,1,0.6,2.6,0.6,2.6
2022,5,00-0036040,J.Johnson,NO,TE,1,1.3,2.3,1.3,2.3
2022,5,00-0033455,A.Firkser,ATL,TE,1,1.1,2.1,1.1,2.1
2022,5,00-0035572,P.Hesse,ATL,TE,1,0.9,1.9,0.9,1.9
2022,5,00-0036637,N.Gray,KC,TE,1,0.7,1.7,0.7,1.7
2022,5,00-0032392,A.Hooper,TEN,TE,1,0.7,1.7,0.7,1.7
2022,5,00-0033217,M.Alie-Cox,IND,TE,1,0.7,1.7,0.7,1.7
2022,5,00-0033798,M.Schreck,HOU,TE,1,0.6,1.6,0.6,1.6
2022,5,00-0035229,T.Hockenson,DET,TE,1,0.6,1.6,0.6,1.6
2022,5,00-0036423,A.Okwuegbunam,DEN,TE,1,0.5,1.5,0.5,1.5
2022,5,00-0032141,G.Swaim,TEN,TE,1,0.5,1.5,0.5,1.5
2022,5,00-0035345,C.Myarick,NYG,TE,1,0.4,1.4,0.4,1.4
2022,5,00-0033895,G.Everett,LAC,TE,1,0.2,1.2,0.2,1.2
2022,5,00-0030108,R.Griffin,CHI,TE,1,0.1,1.1,0.1,1.1
2022,5,00-0036250,T.Davis,GB,TE,1,-0.3,0.7,-0.3,0.7
2022,5,00-0037755,J.Woods,IND,TE,1,0.0,0.0,0.0,0.0
2022,5,00-0037005,T.Tremble,CAR,TE,1,0.0,0.0,0.0,0.0
2022,5,00-0036232,H.Bryant,CLE,TE,1,0.0,0.0,0.0,0.0
2022,5,00-0034383,D.Schultz,DAL,TE,1,0.0,0.0,0.0,0.0
2022,5,00-0036825,F.Franks,ATL,TE,1,0.0,0.0,0.0,0.0
2022,5,00-0033879,O.Howard,HOU,TE,1,0.0,0.0,0.0,0.0
2022,5,00-0027981,K.Rudolph,TB,TE,1,0.0,0.0,0.0,0.0
2022,5,00-0031690,E.Tomlinson,DEN,TE,1,0.0,0.0,0.0,0.0
2022,5,00-0037011,T.McKitty,LAC,TE,1,0.0,0.0,0.0,0.0
2022,5,00-0037078,C.Turner,WAS,TE,1,0.0,0.0,0.0,0.0
2022,5,00-0034270,T.Conklin,NYJ,TE,1,0.0,0.0,0.0,0.0
2022,5,00-0035329,D.Parham,LAC,TE,1,0.0,0.0,0.0,0.0
2022,5,00-0037809,C.Okonkwo,TEN,TE,1,0.0,0.0,0.0,0.0
2022,5,00-0035249,J.Oliver,BAL,TE,1,0.0,0.0,0.0,0.0
2022,4,00-0035229,T.Hockenson,DET,TE,1,29.9,37.9,29.9,37.9
2022,4,00-0033217,M.Alie-Cox,IND,TE,1,20.5,26.5,20.5,26.5
2022,4,00-0030506,T.Kelce,KC,TE,1,15.2,24.2,15.2,24.2
2022,4,00-0033110,T.Higbee,LA,TE,1,7.3,17.3,7.3,17.3
2022,4,00-0033895,G.Everett,LAC,TE,1,12.1,17.1,12.1,17.1
2022,4,00-0030061,Z.Ertz,ARI,TE,1,10.7,16.7,10.7,16.7
2022,4,00-0036894,P.Freiermuth,PIT,TE,1,8.5,15.5,8.5,15.5
2022,4,00-0034159,W.Dissly,SEA,TE,1,9.9,13.9,9.9,13.9
2022,4,00-0037809,C.Okonkwo,TEN,TE,1,9.8,12.8,9.8,12.8
2022,4,00-0034351,D.Goedert,PHI,TE,1,7.2,12.2,7.2,12.2
2022,4,00-0034830,H.Hurst,CIN,TE,1,8.7,11.7,8.7,11.7
2022,4,00-0033885,D.Njoku,CLE,TE,1,6.7,11.7,6.7,11.7
2022,4,00-0036876,K.Granson,IND,TE,1,6.2,10.2,6.2,10.2
2022,4,00-0033757,R.Tonyan,GB,TE,1,8.2,10.2,8.2,10.2
2022,4,00-0034270,T.Conklin,NYJ,TE,1,5.2,8.2,5.2,8.2
2022,4,00-0035547,J.Fortson,KC,TE,1,7.0,8.0,7.0,8.0
2022,4,00-0031273,C.Brate,TB,TE,1,3.2,7.2,3.2,7.2
2022,4,00-0035644,N.Fant,SEA,TE,1,6.2,7.2,6.2,7.2
2022,4,00-0035689,D.Knox,BUF,TE,1,4.0,7.0,4.0,7.0
2022,4,00-0031260,L.Thomas,WAS,TE,1,1.9,6.9,1.9,6.9
2022,4,00-0036422,A.Trautman,NO,TE,1,3.7,6.7,3.7,6.7
2022,4,00-0037005,T.Tremble,CAR,TE,1,3.4,6.4,3.4,6.4
2022,4,00-0036040,J.Johnson,NO,TE,1,3.3,6.3,3.3,6.3
2022,4,00-0036637,N.Gray,KC,TE,1,6.1,6.1,6.1,6.1
2022,4,00-0036628,J.Bates,WAS,TE,1,1.9,5.9,1.9,5.9
2022,4,00-0038129,C.Otton,TB,TE,1,2.9,5.9,2.9,5.9
2022,4,00-0036232,H.Bryant,CLE,TE,1,1.8,5.8,1.8,5.8
2022,4,00-0031610,D.Waller,LV,TE,1,2.4,5.4,2.4,5.4
2022,4,00-0037744,T.McBride,ARI,TE,1,2.4,5.4,2.4,5.4
2022,4,00-0038115,D.Bellinger,NYG,TE,1,2.3,5.3,2.3,5.3
2022,4,00-0034364,J.Akins,HOU,TE,1,3.3,5.3,3.3,5.3
2022,4,00-0034970,I.Smith,MIN,TE,1,2.3,5.3,2.3,5.3
2022,4,00-0036244,C.Parkinson,SEA,TE,1,2.8,4.8,2.8,4.8
2022,4,00-0033879,O.Howard,HOU,TE,1,2.7,4.7,2.7,4.7
2022,4,00-0036290,C.Kmet,CHI,TE,1,1.6,4.6,1.6,4.6
2022,4,00-0033288,G.Kittle,SF,TE,1,2.4,4.4,2.4,4.4
2022,4,00-0037755,J.Woods,IND,TE,1,3.3,4.3,3.3,4.3
2022,4,00-0034829,M.Gesicki,MIA,TE,1,2.3,4.3,2.3,4.3
2022,4,00-0034011,D.Arnold,JAX,TE,1,2.6,3.6,2.6,3.6
2022,4,00-0033576,E.Saubert,DEN,TE,1,2.5,3.5,2.5,3.5
2022,4,00-0036970,K.Pitts,ATL,TE,1,2.5,3.5,2.5,3.5
2022,4,00-0034753,M.Andrews,BAL,TE,1,1.5,3.5,1.5,3.5
2022,4,00-0035259,T.Wesco,CHI,TE,1,2.3,3.3,2.3,3.3
2022,4,00-0033090,H.Henry,NE,TE,1,1.3,3.3,1.3,3.3
2022,4,00-0035572,P.Hesse,ATL,TE,1,2.2,3.2,2.2,3.2
2022,4,00-0037311,K.Kieft,TB,TE,1,1.9,2.9,1.9,2.9
2022,4,00-0034613,T.Hudson,NYG,TE,1,1.8,2.8,1.8,2.8
2022,4,00-0035771,M.Wilcox,CIN,TE,1,1.8,2.8,1.8,2.8
2022,4,00-0033881,E.Engram,JAX,TE,1,1.6,2.6,1.6,2.6
2022,4,00-0035603,K.Blanton,LA,TE,1,0.7,1.7,0.7,1.7
2022,4,00-0038041,J.Ferguson,DAL,TE,1,0.7,1.7,0.7,1.7
2022,4,00-0034365,I.Thomas,CAR,TE,1,0.6,1.6,0.6,1.6
2022,4,00-0037011,T.McKitty,LAC,TE,1,0.4,1.4,0.4,1.4
2022,4,00-0032392,A.Hooper,TEN,TE,1,0.4,1.4,0.4,1.4
2022,4,00-0035222,Z.Gentry,PIT,TE,1,0.2,1.2,0.2,1.2
2022,4,00-0031484,C.Manhertz,JAX,TE,1,0.0,1.0,0.0,1.0
2022,4,00-0033798,M.Schreck,HOU,TE,1,0.0,1.0,0.0,1.0
2022,4,00-0034073,R.Dwelley,SF,TE,1,0.0,0.0,0.0,0.0
2022,4,00-0036332,J.Deguara,GB,TE,1,0.0,0.0,0.0,0.0
2022,4,00-0036429,C.Woerner,SF,TE,1,0.0,0.0,0.0,0.0
2022,4,00-0036194,D.Asiasi,CIN,TE,1,0.0,0.0,0.0,0.0
2022,4,00-0034383,D.Schultz,DAL,TE,1,0.0,0.0,0.0,0.0
2022,4,00-0033246,J.Mundt,MIN,TE,1,0.0,0.0,0.0,0.0
2022,4,00-0036590,Q.Morris,BUF,TE,1,0.0,0.0,0.0,0.0
2022,3,00-0034753,M.Andrews,BAL,TE,1,20.9,28.9,20.9,28.9
2022,3,00-0033885,D.Njoku,CLE,TE,1,14.9,23.9,14.9,23.9
2022,3,00-0034270,T.Conklin,NYJ,TE,1,8.4,16.4,8.4,16.4
2022,3,00-0030506,T.Kelce,KC,TE,1,11.9,15.9,11.9,15.9
2022,3,00-0037755,J.Woods,IND,TE,1,13.3,15.3,13.3,15.3
2022,3,00-0036970,K.Pitts,ATL,TE,1,8.7,13.7,8.7,13.7
2022,3,00-0034159,W.Dissly,SEA,TE,1,9.4,12.4,9.4,12.4
2022,3,00-0034364,J.Akins,HOU,TE,1,9.1,12.1,9.1,12.1
2022,3,00-0034351,D.Goedert,PHI,TE,1,8.6,11.6,8.6,11.6
2022,3,00-0032141,G.Swaim,TEN,TE,1,7.9,10.9,7.9,10.9
2022,3,00-0035229,T.Hockenson,DET,TE,1,7.8,10.8,7.8,10.8
2022,3,00-0030061,Z.Ertz,ARI,TE,1,4.5,10.5,4.5,10.5
2022,3,00-0031273,C.Brate,TB,TE,1,5.2,10.2,5.2,10.2
2022,3,00-0033110,T.Higbee,LA,TE,1,6.1,10.1,6.1,10.1
2022,3,00-0033757,R.Tonyan,GB,TE,1,3.7,9.7,3.7,9.7
2022,3,00-0035249,J.Oliver,BAL,TE,1,6.8,8.8,6.8,8.8
2022,3,00-0038115,D.Bellinger,NYG,TE,1,4.0,8.0,4.0,8.0
2022,3,00-0034981,F.Moreau,LV,TE,1,4.4,7.4,4.4,7.4
2022,3,00-0037569,P.Hendershot,DAL,TE,1,4.3,7.3,4.3,7.3
2022,3,00-0033288,G.Kittle,SF,TE,1,2.8,6.8,2.8,6.8
2022,3,00-0035644,N.Fant,SEA,TE,1,2.7,6.7,2.7,6.7
2022,3,00-0033858,J.Smith,NE,TE,1,2.5,6.5,2.5,6.5
2022,3,00-0035689,D.Knox,BUF,TE,1,2.5,6.5,2.5,6.5
2022,3,00-0036244,C.Parkinson,SEA,TE,1,4.4,6.4,4.4,6.4
2022,3,00-0036894,P.Freiermuth,PIT,TE,1,4.1,6.1,4.1,6.1
2022,3,00-0033439,P.Brown,HOU,TE,1,3.1,6.1,3.1,6.1
2022,3,00-0036290,C.Kmet,CHI,TE,1,4.0,6.0,4.0,6.0
2022,3,00-0034798,D.Smythe,MIA,TE,1,2.3,5.3,2.3,5.3
2022,3,00-0031610,D.Waller,LV,TE,1,2.2,5.2,2.2,5.2
2022,3,00-0034970,I.Smith,MIN,TE,1,3.2,5.2,3.2,5.2
2022,3,00-0037086,G.Calcaterra,PHI,TE,1,4.0,5.0,4.0,5.0
2022,3,00-0036250,T.Davis,GB,TE,1,2.6,4.6,2.6,4.6
2022,3,00-0033895,G.Everett,LAC,TE,1,2.5,4.5,2.5,4.5
2022,3,00-0035823,B.Ellefson,MIN,TE,1,2.4,4.4,2.4,4.4
2022,3,00-0033246,J.Mundt,MIN,TE,1,2.3,4.3,2.3,4.3
2022,3,00-0036590,Q.Morris,BUF,TE,1,2.2,4.2,2.2,4.2
2022,3,00-0032392,A.Hooper,TEN,TE,1,1.9,3.9,1.9,3.9
2022,3,00-0035603,K.Blanton,LA,TE,1,2.8,3.8,2.8,3.8
2022,3,00-0036637,N.Gray,KC,TE,1,2.6,3.6,2.6,3.6
2022,3,00-0034365,I.Thomas,CAR,TE,1,1.3,3.3,1.3,3.3
2022,3,00-0038041,J.Ferguson,DAL,TE,1,1.3,3.3,1.3,3.3
2022,3,00-0033455,A.Firkser,ATL,TE,1,2.2,3.2,2.2,3.2
2022,3,00-0036876,K.Granson,IND,TE,1,0.7,2.7,0.7,2.7
2022,3,00-0031260,L.Thomas,WAS,TE,1,0.5,2.5,0.5,2.5
2022,3,00-0035956,G.Ricci,CAR,TE,1,1.5,2.5,1.5,2.5
2022,3,00-0027981,K.Rudolph,TB,TE,1,1.2,2.2,1.2,2.2
2022,3,00-0036423,A.Okwuegbunam,DEN,TE,1,1.2,2.2,1.2,2.2
2022,3,00-0036422,A.Trautman,NO,TE,1,0.9,1.9,0.9,1.9
2022,3,00-0035771,M.Wilcox,CIN,TE,1,0.9,1.9,0.9,1.9
2022,3,00-0033881,E.Engram,JAX,TE,1,0.9,1.9,0.9,1.9
2022,3,00-0033217,M.Alie-Cox,IND,TE,1,0.9,1.9,0.9,1.9
2022,3,00-0033090,H.Henry,NE,TE,1,0.8,1.8,0.8,1.8
2022,3,00-0037838,I.Likely,BAL,TE,1,0.8,1.8,0.8,1.8
2022,3,00-0034830,H.Hurst,CIN,TE,1,0.7,1.7,0.7,1.7
2022,3,00-0037005,T.Tremble,CAR,TE,1,0.7,1.7,0.7,1.7
2022,3,00-0034829,M.Gesicki,MIA,TE,1,0.6,1.6,0.6,1.6
2022,3,00-0035345,C.Myarick,NYG,TE,1,0.6,1.6,0.6,1.6
2022,3,00-0032134,C.Uzomah,NYJ,TE,1,0.5,1.5,0.5,1.5
2022,3,00-0032394,N.Vannett,NO,TE,1,0.5,1.5,0.5,1.5
2022,3,00-0036741,J.Stoll,PHI,TE,1,0.4,1.4,0.4,1.4
2022,3,00-0036692,M.Forristall,CLE,TE,1,0.0,0.0,0.0,0.0
2022,3,00-0033576,E.Saubert,DEN,TE,1,0.0,0.0,0.0,0.0
2022,3,00-0037112,J.Tonges,CHI,TE,1,0.0,0.0,0.0,0.0
2022,3,00-0036040,J.Johnson,NO,TE,1,0.0,0.0,0.0,0.0
2022,3,00-0036628,J.Bates,WAS,TE,1,0.0,0.0,0.0,0.0
2022,3,00-0033879,O.Howard,HOU,TE,1,0.0,0.0,0.0,0.0
2022,2,00-0034753,M.Andrews,BAL,TE,1,16.7,25.7,16.7,25.7
2022,2,00-0031610,D.Waller,LV,TE,1,11.0,17.0,11.0,17.0
2022,2,00-0030061,Z.Ertz,ARI,TE,1,7.5,15.5,7.5,15.5
2022,2,00-0034970,I.Smith,MIN,TE,1,9.6,14.6,9.6,14.6
2022,2,00-0034829,M.Gesicki,MIA,TE,1,10.1,14.1,10.1,14.1
2022,2,00-0033110,T.Higbee,LA,TE,1,7.1,14.1,7.1,14.1
2022,2,00-0034351,D.Goedert,PHI,TE,1,8.2,13.2,8.2,13.2
2022,2,00-0033895,G.Everett,LAC,TE,1,7.1,13.1,7.1,13.1
2022,2,00-0031260,L.Thomas,WAS,TE,1,9.7,12.7,9.7,12.7
2022,2,00-0036894,P.Freiermuth,PIT,TE,1,8.2,12.2,8.2,12.2
2022,2,00-0033881,E.Engram,JAX,TE,1,4.6,11.6,4.6,11.6
2022,2,00-0034073,R.Dwelley,SF,TE,1,9.8,10.8,9.8,10.8
2022,2,00-0030506,T.Kelce,KC,TE,1,5.1,10.1,5.1,10.1
2022,2,00-0034270,T.Conklin,NYJ,TE,1,4.0,10.0,4.0,10.0
2022,2,00-0033576,E.Saubert,DEN,TE,1,8.2,9.2,8.2,9.2
2022,2,00-0038115,D.Bellinger,NYG,TE,1,7.6,8.6,7.6,8.6
2022,2,00-0037838,I.Likely,BAL,TE,1,4.3,8.3,4.3,8.3
2022,2,00-0035689,D.Knox,BUF,TE,1,4.1,8.1,4.1,8.1
2022,2,00-0036040,J.Johnson,NO,TE,1,4.0,8.0,4.0,8.0
2022,2,00-0036232,H.Bryant,CLE,TE,1,4.5,7.5,4.5,7.5
2022,2,00-0034830,H.Hurst,CIN,TE,1,2.4,7.4,2.4,7.4
2022,2,00-0033885,D.Njoku,CLE,TE,1,3.2,6.2,3.2,6.2
2022,2,00-0034981,F.Moreau,LV,TE,1,3.0,6.0,3.0,6.0
2022,2,00-0035229,T.Hockenson,DET,TE,1,2.6,5.6,2.6,5.6
2022,2,00-0033439,P.Brown,HOU,TE,1,2.4,5.4,2.4,5.4
2022,2,00-0033246,J.Mundt,MIN,TE,1,2.8,4.8,2.8,4.8
2022,2,00-0034613,T.Hudson,NYG,TE,1,2.2,4.2,2.2,4.2
2022,2,00-0036970,K.Pitts,ATL,TE,1,1.9,3.9,1.9,3.9
2022,2,00-0034383,D.Schultz,DAL,TE,1,1.8,3.8,1.8,3.8
2022,2,00-0036628,J.Bates,WAS,TE,1,1.5,3.5,1.5,3.5
2022,2,00-0036754,B.Wright,DET,TE,1,2.5,3.5,2.5,3.5
2022,2,00-0036876,K.Granson,IND,TE,1,1.4,3.4,1.4,3.4
2022,2,00-0036637,N.Gray,KC,TE,1,1.2,3.2,1.2,3.2
2022,2,00-0033757,R.Tonyan,GB,TE,1,1.1,3.1,1.1,3.1
2022,2,00-0035644,N.Fant,SEA,TE,1,1.1,3.1,1.1,3.1
2022,2,00-0032392,A.Hooper,TEN,TE,1,1.9,2.9,1.9,2.9
2022,2,00-0030108,R.Griffin,CHI,TE,1,1.8,2.8,1.8,2.8
2022,2,00-0035956,G.Ricci,CAR,TE,1,1.6,2.6,1.6,2.6
2022,2,00-0036556,B.Jordan,HOU,TE,1,0.3,2.3,0.3,2.3
2022,2,00-0036438,S.Sullivan,CAR,TE,1,1.3,2.3,1.3,2.3
2022,2,00-0034365,I.Thomas,CAR,TE,1,1.3,2.3,1.3,2.3
2022,2,00-0034159,W.Dissly,SEA,TE,1,0.0,2.0,0.0,2.0
2022,2,00-0033217,M.Alie-Cox,IND,TE,1,0.9,1.9,0.9,1.9
2022,2,00-0031273,C.Brate,TB,TE,1,0.9,1.9,0.9,1.9
2022,2,00-0034011,D.Arnold,JAX,TE,1,0.8,1.8,0.8,1.8
2022,2,00-0033879,O.Howard,HOU,TE,1,0.7,1.7,0.7,1.7
2022,2,00-0036590,Q.Morris,BUF,TE,1,0.6,1.6,0.6,1.6
2022,2,00-0035572,P.Hesse,ATL,TE,1,0.5,1.5,0.5,1.5
2022,2,00-0034798,D.Smythe,MIA,TE,1,0.5,1.5,0.5,1.5
2022,2,00-0038129,C.Otton,TB,TE,1,0.4,1.4,0.4,1.4
2022,2,00-0035771,M.Wilcox,CIN,TE,1,0.3,1.3,0.3,1.3
2022,2,00-0032725,S.Anderson,ARI,TE,1,0.2,1.2,0.2,1.2
2022,2,00-0035631,D.Sample,CIN,TE,1,-0.4,0.6,-0.4,0.6
2022,2,00-0033858,J.Smith,NE,TE,1,0.0,0.0,0.0,0.0
2022,2,00-0036290,C.Kmet,CHI,TE,1,0.0,0.0,0.0,0.0
2022,2,00-0035547,J.Fortson,KC,TE,1,0.0,0.0,0.0,0.0
2022,2,00-0037805,J.Ruckert,NYJ,TE,1,0.0,0.0,0.0,0.0
2022,2,00-0036423,A.Okwuegbunam,DEN,TE,1,0.0,0.0,0.0,0.0
2022,2,00-0033090,H.Henry,NE,TE,1,0.0,0.0,0.0,0.0
2022,2,00-0036250,T.Davis,GB,TE,1,0.0,0.0,0.0,0.0
2022,1,00-0030506,T.Kelce,KC,TE,1,18.1,26.1,18.1,26.1
2022,1,00-0033879,O.Howard,HOU,TE,1,15.8,17.8,15.8,17.8
2022,1,00-0033895,G.Everett,LAC,TE,1,11.4,14.4,11.4,14.4
2022,1,00-0034159,W.Dissly,SEA,TE,1,10.3,13.3,10.3,13.3
2022,1,00-0034383,D.Schultz,DAL,TE,1,6.2,13.2,6.2,13.2
2022,1,00-0036894,P.Freiermuth,PIT,TE,1,7.5,12.5,7.5,12.5
2022,1,00-0036244,C.Parkinson,SEA,TE,1,10.3,12.3,10.3,12.3
2022,1,00-0031610,D.Waller,LV,TE,1,7.9,11.9,7.9,11.9
2022,1,00-0034270,T.Conklin,NYJ,TE,1,7.6,11.6,7.6,11.6
2022,1,00-0034753,M.Andrews,BAL,TE,1,5.2,10.2,5.2,10.2
2022,1,00-0034830,H.Hurst,CIN,TE,1,4.6,9.6,4.6,9.6
2022,1,00-0030061,Z.Ertz,ARI,TE,1,7.4,9.4,7.4,9.4
2022,1,00-0034351,D.Goedert,PHI,TE,1,6.0,9.0,6.0,9.0
2022,1,00-0033110,T.Higbee,LA,TE,1,3.9,8.9,3.9,8.9
2022,1,00-0036423,A.Okwuegbunam,DEN,TE,1,3.3,8.3,3.3,8.3
2022,1,00-0035229,T.Hockenson,DET,TE,1,3.8,7.8,3.8,7.8
2022,1,00-0031260,L.Thomas,WAS,TE,1,4.5,7.5,4.5,7.5
2022,1,00-0034365,I.Thomas,CAR,TE,1,5.3,7.3,5.3,7.3
2022,1,00-0035547,J.Fortson,KC,TE,1,6.1,7.1,6.1,7.1
2022,1,00-0035345,C.Myarick,NYG,TE,1,6.1,7.1,6.1,7.1
2022,1,00-0033881,E.Engram,JAX,TE,1,2.8,6.8,2.8,6.8
2022,1,00-0033757,R.Tonyan,GB,TE,1,3.6,6.6,3.6,6.6
2022,1,00-0036040,J.Johnson,NO,TE,1,4.3,6.3,4.3,6.3
2022,1,00-0033858,J.Smith,NE,TE,1,3.3,6.3,3.3,6.3
2022,1,00-0035222,Z.Gentry,PIT,TE,1,4.0,6.0,4.0,6.0
2022,1,00-0037011,T.McKitty,LAC,TE,1,2.4,5.4,2.4,5.4
2022,1,00-0036876,K.Granson,IND,TE,1,2.2,5.2,2.2,5.2
2022,1,00-0032141,G.Swaim,TEN,TE,1,1.9,4.9,1.9,4.9
2022,1,00-0036332,J.Deguara,GB,TE,1,2.8,4.8,2.8,4.8
2022,1,00-0033246,J.Mundt,MIN,TE,1,1.7,4.7,1.7,4.7
2022,1,00-0035644,N.Fant,SEA,TE,1,1.6,4.6,1.6,4.6
2022,1,00-0033217,M.Alie-Cox,IND,TE,1,2.6,4.6,2.6,4.6
2022,1,00-0033090,H.Henry,NE,TE,1,2.0,4.0,2.0,4.0
2022,1,00-0036970,K.Pitts,ATL,TE,1,1.9,3.9,1.9,3.9
2022,1,00-0036232,H.Bryant,CLE,TE,1,1.8,3.8,1.8,3.8
2022,1,00-0037168,A.Rogers,WAS,TE,1,2.3,3.3,2.3,3.3
2022,1,00-0033439,P.Brown,HOU,TE,1,1.7,2.7,1.7,2.7
2022,1,00-0034798,D.Smythe,MIA,TE,1,1.4,2.4,1.4,2.4
2022,1,00-0034073,R.Dwelley,SF,TE,1,1.1,2.1,1.1,2.1
2022,1,00-0036637,N.Gray,KC,TE,1,1.0,2.0,1.0,2.0
2022,1,00-0032214,T.Kroft,SF,TE,1,0.9,1.9,0.9,1.9
2022,1,00-0033885,D.Njoku,CLE,TE,1,0.7,1.7,0.7,1.7
2022,1,00-0031273,C.Brate,TB,TE,1,0.7,1.7,0.7,1.7
2022,1,00-0037809,C.Okonkwo,TEN,TE,1,0.7,1.7,0.7,1.7
2022,1,00-0032392,A.Hooper,TEN,TE,1,0.6,1.6,0.6,1.6
2022,1,00-0033455,A.Firkser,ATL,TE,1,0.6,1.6,0.6,1.6
2022,1,00-0035572,P.Hesse,ATL,TE,1,0.5,1.5,0.5,1.5
2022,1,00-0035689,D.Knox,BUF,TE,1,0.5,1.5,0.5,1.5
2022,1,00-0036556,B.Jordan,HOU,TE,1,0.5,1.5,0.5,1.5
2022,1,00-0036250,T.Davis,GB,TE,1,0.3,1.3,0.3,1.3
2022,1,00-0035823,B.Ellefson,MIN,TE,1,0.2,1.2,0.2,1.2
2022,1,00-0035631,D.Sample,CIN,TE,1,0.2,1.2,0.2,1.2
2022,1,00-0034829,M.Gesicki,MIA,TE,1,0.1,1.1,0.1,1.1
2022,1,00-0037005,T.Tremble,CAR,TE,1,0.1,1.1,0.1,1.1
2022,1,00-0034970,I.Smith,MIN,TE,1,0.0,0.0,0.0,0.0
2022,1,00-0036005,N.Togiai,PHI,TE,1,0.0,0.0,0.0,0.0
2022,1,00-0031690,E.Tomlinson,DEN,TE,1,0.0,0.0,0.0,0.0
2022,1,00-0037838,I.Likely,BAL,TE,1,0.0,0.0,0.0,0.0
2022,1,00-0036145,L.Cager,NYJ,TE,1,0.0,0.0,0.0,0.0
2022,1,00-0033576,E.Saubert,DEN,TE,1,0.0,0.0,0.0,0.0
2022,1,00-0036628,J.Bates,WAS,TE,1,0.0,0.0,0.0,0.0
2022,1,00-0036290,C.Kmet,CHI,TE,1,0.0,0.0,0.0,0.0
2022,1,00-0031384,R.Rodgers,LAC,TE,1,0.0,0.0,0.0,0.0
2022,1,00-0030108,R.Griffin,CHI,TE,1,0.0,0.0,0.0,0.0
2021,22,00-0036424,B.Hopkins,LA,TE,1,4.7,8.7,4.7,8.7
2021,22,00-0032134,C.Uzomah,CIN,TE,1,1.1,3.1,1.1,3.1
2021,21,00-0030506,T.Kelce,KC,TE,1,15.5,25.5,15.5,25.5
2021,21,00-0033288,G.Kittle,SF,TE,1,8.7,10.7,8.7,10.7
2021,21,00-0035603,K.Blanton,LA,TE,1,5.7,10.7,5.7,10.7
2021,21,00-0033110,T.Higbee,LA,TE,1,1.8,3.8,1.8,3.8
2021,21,00-0035631,D.Sample,CIN,TE,1,0.4,1.4,0.4,1.4
2021,21,00-0032134,C.Uzomah,CIN,TE,1,0.0,0.0,0.0,0.0
2021,20,00-0030506,T.Kelce,KC,TE,1,15.6,23.6,15.6,23.6
2021,20,00-0032134,C.Uzomah,CIN,TE,1,7.1,14.1,7.1,14.1
2021,20,00-0027656,R.Gronkowski,TB,TE,1,8.5,12.5,8.5,12.5
2021,20,00-0033288,G.Kittle,SF,TE,1,6.3,10.3,6.3,10.3
2021,20,00-0035603,K.Blanton,LA,TE,1,7.8,9.8,7.8,9.8
2021,20,00-0033110,T.Higbee,LA,TE,1,5.1,9.1,5.1,9.1
2021,20,00-0036637,N.Gray,KC,TE,1,1.4,3.4,1.4,3.4
2021,20,00-0035689,D.Knox,BUF,TE,1,0.9,2.9,0.9,2.9
2021,20,00-0031273,C.Brate,TB,TE,1,0.9,1.9,0.9,1.9
2021,20,00-0033879,O.Howard,TB,TE,1,0.7,1.7,0.7,1.7
2021,20,00-0024243,M.Lewis,GB,TE,1,0.0,1.0,0.0,1.0
2021,20,00-0036456,D.Dafney,GB,TE,1,0.0,0.0,0.0,0.0
2021,20,00-0036429,C.Woerner,SF,TE,1,0.0,0.0,0.0,0.0
2021,20,00-0036332,J.Deguara,GB,TE,1,0.0,0.0,0.0,0.0
2021,20,00-0033455,A.Firkser,TEN,TE,1,0.0,0.0,0.0,0.0
2021,19,00-0035689,D.Knox,BUF,TE,1,20.9,25.9,20.9,25.9
2021,19,00-0030506,T.Kelce,KC,TE,1,20.9,25.9,20.9,25.9
2021,19,00-0032134,C.Uzomah,CIN,TE,1,12.4,18.4,12.4,18.4
2021,19,00-0034383,D.Schultz,DAL,TE,1,8.9,15.9,8.9,15.9
2021,19,00-0034351,D.Goedert,PHI,TE,1,9.2,15.2,9.2,15.2
2021,19,00-0031610,D.Waller,LV,TE,1,7.6,14.6,7.6,14.6
2021,19,00-0027656,R.Gronkowski,TB,TE,1,9.1,14.1,9.1,14.1
2021,19,00-0033110,T.Higbee,LA,TE,1,4.6,7.6,4.6,7.6
2021,19,00-0035222,Z.Gentry,PIT,TE,1,3.3,7.3,3.3,7.3
2021,19,00-0036894,P.Freiermuth,PIT,TE,1,2.5,6.5,2.5,6.5
2021,19,00-0031273,C.Brate,TB,TE,1,2.9,5.9,2.9,5.9
2021,19,00-0030061,Z.Ertz,ARI,TE,1,2.1,5.1,2.1,5.1
2021,19,00-0033090,H.Henry,NE,TE,1,3.0,4.0,3.0,4.0
2021,19,00-0033288,G.Kittle,SF,TE,1,1.8,2.8,1.8,2.8
2021,19,00-0033258,D.Daniels,ARI,TE,1,0.2,2.2,0.2,2.2
2021,19,00-0032062,B.Bell,KC,TE,1,0.3,1.3,0.3,1.3
2021,19,00-0033879,O.Howard,TB,TE,1,0.3,1.3,0.3,1.3
2021,19,00-0034981,F.Moreau,LV,TE,1,0.0,0.0,0.0,0.0
2021,19,00-0036637,N.Gray,KC,TE,1,0.0,0.0,0.0,0.0
2021,19,00-0033658,B.Jarwin,DAL,TE,1,0.0,0.0,0.0,0.0
2021,18,00-0033110,T.Higbee,LA,TE,1,17.5,23.5,17.5,23.5
2021,18,00-0027656,R.Gronkowski,TB,TE,1,13.7,20.7,13.7,20.7
2021,18,00-0034383,D.Schultz,DAL,TE,1,14.1,17.1,14.1,17.1
2021,18,00-0034753,M.Andrews,BAL,TE,1,8.5,16.5,8.5,16.5
2021,18,00-0036332,J.Deguara,GB,TE,1,12.6,15.6,12.6,15.6
2021,18,00-0033455,A.Firkser,TEN,TE,1,11.6,15.6,11.6,15.6
2021,18,00-0030061,Z.Ertz,ARI,TE,1,8.4,15.4,8.4,15.4
2021,18,00-0033090,H.Henry,NE,TE,1,8.6,13.6,8.6,13.6
2021,18,00-0030506,T.Kelce,KC,TE,1,9.4,13.4,9.4,13.4
2021,18,00-0036754,B.Wright,DET,TE,1,11.1,13.1,11.1,13.1
2021,18,00-0027061,J.Cook,LAC,TE,1,8.0,12.0,8.0,12.0
2021,18,00-0036894,P.Freiermuth,PIT,TE,1,5.3,11.3,5.3,11.3
2021,18,00-0035356,T.Jackson,PHI,TE,1,8.2,11.2,8.2,11.2
2021,18,00-0036290,C.Kmet,CHI,TE,1,4.8,8.8,4.8,8.8
2021,18,00-0036422,A.Trautman,NO,TE,1,7.8,8.8,7.8,8.8
2021,18,00-0035222,Z.Gentry,PIT,TE,1,3.9,7.9,3.9,7.9
2021,18,00-0035689,D.Knox,BUF,TE,1,4.9,7.9,4.9,7.9
2021,18,00-0036040,J.Johnson,NO,TE,1,6.5,7.5,6.5,7.5
2021,18,00-0034981,F.Moreau,LV,TE,1,5.0,7.0,5.0,7.0
2021,18,00-0033288,G.Kittle,SF,TE,1,1.0,6.0,1.0,6.0
2021,18,00-0027981,K.Rudolph,NYG,TE,1,1.7,5.7,1.7,5.7
2021,18,00-0034798,D.Smythe,MIA,TE,1,3.2,5.2,3.2,5.2
2021,18,00-0033217,M.Alie-Cox,IND,TE,1,2.7,4.7,2.7,4.7
2021,18,00-0035771,M.Wilcox,CIN,TE,1,1.6,4.6,1.6,4.6
2021,18,00-0033387,J.Hollister,JAX,TE,1,1.4,4.4,1.4,4.4
2021,18,00-0034830,H.Hurst,ATL,TE,1,3.3,4.3,3.3,4.3
2021,18,00-0031610,D.Waller,LV,TE,1,2.2,4.2,2.2,4.2
2021,18,00-0034829,M.Gesicki,MIA,TE,1,2.2,4.2,2.2,4.2
2021,18,00-0036456,D.Dafney,GB,TE,1,2.6,3.6,2.6,3.6
2021,18,00-0027696,J.Graham,CHI,TE,1,1.6,3.6,1.6,3.6
2021,18,00-0036244,C.Parkinson,SEA,TE,1,1.4,3.4,1.4,3.4
2021,18,00-0031273,C.Brate,TB,TE,1,1.2,3.2,1.2,3.2
2021,18,00-0033885,D.Njoku,CLE,TE,1,1.1,3.1,1.1,3.1
2021,18,00-0037005,T.Tremble,CAR,TE,1,1.1,3.1,1.1,3.1
2021,18,00-0031384,R.Rodgers,PHI,TE,1,1.1,3.1,1.1,3.1
2021,18,00-0033895,G.Everett,SEA,TE,1,2.0,3.0,2.0,3.0
2021,18,00-0036970,K.Pitts,ATL,TE,1,0.8,2.8,0.8,2.8
2021,18,00-0034270,T.Conklin,MIN,TE,1,0.6,2.6,0.6,2.6
2021,18,00-0035644,N.Fant,DEN,TE,1,1.6,2.6,1.6,2.6
2021,18,00-0030181,J.Doyle,IND,TE,1,1.1,2.1,1.1,2.1
2021,18,00-0032394,N.Vannett,NO,TE,1,1.0,2.0,1.0,2.0
2021,18,00-0033528,J.Sprinkle,DAL,TE,1,1.0,2.0,1.0,2.0
2021,18,00-0036232,H.Bryant,CLE,TE,1,0.9,1.9,0.9,1.9
2021,18,00-0035631,D.Sample,CIN,TE,1,0.8,1.8,0.8,1.8
2021,18,00-0033421,A.Auclair,HOU,TE,1,0.7,1.7,0.7,1.7
2021,18,00-0033658,B.Jarwin,DAL,TE,1,0.6,1.6,0.6,1.6
2021,18,00-0032214,T.Kroft,NYJ,TE,1,0.5,1.5,0.5,1.5
2021,18,00-0036628,J.Bates,WAS,TE,1,0.5,1.5,0.5,1.5
2021,18,00-0033881,E.Engram,NYG,TE,1,0.4,1.4,0.4,1.4
2021,18,00-0032141,G.Swaim,TEN,TE,1,0.2,1.2,0.2,1.2
2021,18,00-0035249,J.Oliver,BAL,TE,1,0.1,1.1,0.1,1.1
2021,18,00-0033858,J.Smith,NE,TE,1,0.5,0.5,0.5,0.5
2021,18,00-0036250,T.Davis,GB,TE,1,0.0,0.0,0.0,0.0
2021,18,00-0037011,T.McKitty,LAC,TE,1,0.0,0.0,0.0,0.0
2021,18,00-0024243,M.Lewis,GB,TE,1,0.0,0.0,0.0,0.0
2021,17,00-0035644,N.Fant,DEN,TE,1,15.2,21.2,15.2,21.2
2021,17,00-0027656,R.Gronkowski,TB,TE,1,11.5,18.5,11.5,18.5
2021,17,00-0034753,M.Andrews,BAL,TE,1,8.9,14.9,8.9,14.9
2021,17,00-0030506,T.Kelce,KC,TE,1,8.4,13.4,8.4,13.4
2021,17,00-0034351,D.Goedert,PHI,TE,1,7.1,13.1,7.1,13.1
2021,17,00-0033110,T.Higbee,LA,TE,1,6.9,12.9,6.9,12.9
2021,17,00-0033885,D.Njoku,CLE,TE,1,8.8,12.8,8.8,12.8
2021,17,00-0034383,D.Schultz,DAL,TE,1,5.4,11.4,5.4,11.4
2021,17,00-0033455,A.Firkser,TEN,TE,1,8.4,11.4,8.4,11.4
2021,17,00-0030061,Z.Ertz,ARI,TE,1,4.1,11.1,4.1,11.1
2021,17,00-0032141,G.Swaim,TEN,TE,1,6.9,9.9,6.9,9.9
2021,17,00-0034270,T.Conklin,MIN,TE,1,4.7,9.7,4.7,9.7
2021,17,00-0034829,M.Gesicki,MIA,TE,1,5.1,9.1,5.1,9.1
2021,17,00-0036970,K.Pitts,ATL,TE,1,6.9,8.9,6.9,8.9
2021,17,00-0031273,C.Brate,TB,TE,1,6.5,8.5,6.5,8.5
2021,17,00-0036894,P.Freiermuth,PIT,TE,1,2.2,7.2,2.2,7.2
2021,17,00-0032134,C.Uzomah,CIN,TE,1,3.2,7.2,3.2,7.2
2021,17,00-0036232,H.Bryant,CLE,TE,1,6.1,7.1,6.1,7.1
2021,17,00-0034798,D.Smythe,MIA,TE,1,3.7,6.7,3.7,6.7
2021,17,00-0033090,H.Henry,NE,TE,1,3.7,6.7,3.7,6.7
2021,17,00-0032062,B.Bell,KC,TE,1,3.7,6.7,3.7,6.7
2021,17,00-0033895,G.Everett,SEA,TE,1,3.6,6.6,3.6,6.6
2021,17,00-0036628,J.Bates,WAS,TE,1,3.5,6.5,3.5,6.5
2021,17,00-0034365,I.Thomas,CAR,TE,1,3.3,6.3,3.3,6.3
2021,17,00-0035572,P.Hesse,ATL,TE,1,3.1,6.1,3.1,6.1
2021,17,00-0033217,M.Alie-Cox,IND,TE,1,2.8,5.8,2.8,5.8
2021,17,00-0036510,K.Yeboah,NYJ,TE,1,3.6,5.6,3.6,5.6
2021,17,00-0036290,C.Kmet,CHI,TE,1,2.5,5.5,2.5,5.5
2021,17,00-0037011,T.McKitty,LAC,TE,1,2.2,5.2,2.2,5.2
2021,17,00-0032098,D.Brown,NYJ,TE,1,2.9,4.9,2.9,4.9
2021,17,00-0032392,A.Hooper,CLE,TE,1,2.8,4.8,2.8,4.8
2021,17,00-0033288,G.Kittle,SF,TE,1,3.5,4.5,3.5,4.5
2021,17,00-0033858,J.Smith,NE,TE,1,2.5,3.5,2.5,3.5
2021,17,00-0036332,J.Deguara,GB,TE,1,1.1,3.1,1.1,3.1
2021,17,00-0036250,T.Davis,GB,TE,1,0.9,2.9,0.9,2.9
2021,17,00-0036423,A.Okwuegbunam,DEN,TE,1,0.5,2.5,0.5,2.5
2021,17,00-0033881,E.Engram,NYG,TE,1,1.2,2.2,1.2,2.2
2021,17,00-0036244,C.Parkinson,SEA,TE,1,1.2,2.2,1.2,2.2
2021,17,00-0033439,P.Brown,HOU,TE,1,0.9,1.9,0.9,1.9
2021,17,00-0034981,F.Moreau,LV,TE,1,0.9,1.9,0.9,1.9
2021,17,00-0036556,B.Jordan,HOU,TE,1,0.9,1.9,0.9,1.9
2021,17,00-0033611,R.Seals-Jones,WAS,TE,1,0.8,1.8,0.8,1.8
2021,17,00-0034159,W.Dissly,SEA,TE,1,0.8,1.8,0.8,1.8
2021,17,00-0032725,S.Anderson,LAC,TE,1,0.8,1.8,0.8,1.8
2021,17,00-0036887,L.Farrell,JAX,TE,1,0.7,1.7,0.7,1.7
2021,17,00-0036637,N.Gray,KC,TE,1,0.6,1.6,0.6,1.6
2021,17,00-0036040,J.Johnson,NO,TE,1,0.4,1.4,0.4,1.4
2021,17,00-0032135,J.James,CHI,TE,1,0.4,1.4,0.4,1.4
2021,17,00-0031598,N.Boyle,BAL,TE,1,0.2,1.2,0.2,1.2
2021,17,00-0035222,Z.Gentry,PIT,TE,1,0.0,1.0,0.0,1.0
2021,17,00-0031484,C.Manhertz,JAX,TE,1,0.0,0.0,0.0,0.0
2021,17,00-0033576,E.Saubert,DEN,TE,1,0.0,0.0,0.0,0.0
2021,17,00-0027696,J.Graham,CHI,TE,1,0.0,0.0,0.0,0.0
2021,17,00-0036456,D.Dafney,GB,TE,1,0.0,0.0,0.0,0.0
2021,17,00-0027981,K.Rudolph,NYG,TE,1,0.0,0.0,0.0,0.0
2021,17,00-0035689,D.Knox,BUF,TE,1,0.0,0.0,0.0,0.0
2021,16,00-0034753,M.Andrews,BAL,TE,1,18.5,26.5,18.5,26.5
2021,16,00-0034383,D.Schultz,DAL,TE,1,14.2,22.2,14.2,22.2
2021,16,00-0033895,G.Everett,SEA,TE,1,12.8,16.8,12.8,16.8
2021,16,00-0036970,K.Pitts,ATL,TE,1,10.2,16.2,10.2,16.2
2021,16,00-0030061,Z.Ertz,ARI,TE,1,5.4,13.4,5.4,13.4
2021,16,00-0036628,J.Bates,WAS,TE,1,10.5,12.5,10.5,12.5
2021,16,00-0033881,E.Engram,NYG,TE,1,7.7,11.7,7.7,11.7
2021,16,00-0027696,J.Graham,CHI,TE,1,9.0,11.0,9.0,11.0
2021,16,00-0034981,F.Moreau,LV,TE,1,6.7,10.7,6.7,10.7
2021,16,00-0034830,H.Hurst,ATL,TE,1,8.1,10.1,8.1,10.1
2021,16,00-0036556,B.Jordan,HOU,TE,1,5.6,9.6,5.6,9.6
2021,16,00-0031273,C.Brate,TB,TE,1,7.1,9.1,7.1,9.1
2021,16,00-0033110,T.Higbee,LA,TE,1,4.1,9.1,4.1,9.1
2021,16,00-0035689,D.Knox,BUF,TE,1,7.1,9.1,7.1,9.1
2021,16,00-0031951,J.O'Shaughnessy,JAX,TE,1,4.9,8.9,4.9,8.9
2021,16,00-0036290,C.Kmet,CHI,TE,1,4.9,8.9,4.9,8.9
2021,16,00-0032134,C.Uzomah,CIN,TE,1,3.6,8.6,3.6,8.6
2021,16,00-0034270,T.Conklin,MIN,TE,1,4.4,8.4,4.4,8.4
2021,16,00-0027061,J.Cook,LAC,TE,1,4.4,7.4,4.4,7.4
2021,16,00-0036232,H.Bryant,CLE,TE,1,6.1,7.1,6.1,7.1
2021,16,00-0035222,Z.Gentry,PIT,TE,1,3.1,7.1,3.1,7.1
2021,16,00-0033217,M.Alie-Cox,IND,TE,1,4.2,6.2,4.2,6.2
2021,16,00-0034798,D.Smythe,MIA,TE,1,3.1,6.1,3.1,6.1
2021,16,00-0035644,N.Fant,DEN,TE,1,3.0,6.0,3.0,6.0
2021,16,00-0032214,T.Kroft,NYJ,TE,1,2.9,5.9,2.9,5.9
2021,16,00-0032392,A.Hooper,CLE,TE,1,2.6,5.6,2.6,5.6
2021,16,00-0032725,S.Anderson,LAC,TE,1,3.4,5.4,3.4,5.4
2021,16,00-0034829,M.Gesicki,MIA,TE,1,2.2,5.2,2.2,5.2
2021,16,00-0034351,D.Goedert,PHI,TE,1,2.8,4.8,2.8,4.8
2021,16,00-0037005,T.Tremble,CAR,TE,1,2.2,4.2,2.2,4.2
2021,16,00-0033288,G.Kittle,SF,TE,1,2.1,4.1,2.1,4.1
2021,16,00-0032141,G.Swaim,TEN,TE,1,1.0,4.0,1.0,4.0
2021,16,00-0033387,J.Hollister,JAX,TE,1,2.0,4.0,2.0,4.0
2021,16,00-0036754,B.Wright,DET,TE,1,0.4,3.4,0.4,3.4
2021,16,00-0027656,R.Gronkowski,TB,TE,1,2.3,3.3,2.3,3.3
2021,16,00-0036637,N.Gray,KC,TE,1,1.2,3.2,1.2,3.2
2021,16,00-0033439,P.Brown,HOU,TE,1,1.0,3.0,1.0,3.0
2021,16,00-0035631,D.Sample,CIN,TE,1,0.9,2.9,0.9,2.9
2021,16,00-0034672,E.Wolf,NO,TE,1,0.8,2.8,0.8,2.8
2021,16,00-0036332,J.Deguara,GB,TE,1,0.5,2.5,0.5,2.5
2021,16,00-0033455,A.Firkser,TEN,TE,1,1.3,2.3,1.3,2.3
2021,16,00-0037011,T.McKitty,LAC,TE,1,1.2,2.2,1.2,2.2
2021,16,00-0024243,M.Lewis,GB,TE,1,0.2,2.2,0.2,2.2
2021,16,00-0032062,B.Bell,KC,TE,1,1.1,2.1,1.1,2.1
2021,16,00-0033090,H.Henry,NE,TE,1,0.9,1.9,0.9,1.9
2021,16,00-0034193,K.Rader,PIT,TE,1,0.7,1.7,0.7,1.7
2021,16,00-0035345,C.Myarick,NYG,TE,1,0.6,1.6,0.6,1.6
2021,16,00-0036876,K.Granson,IND,TE,1,0.6,1.6,0.6,1.6
2021,16,00-0034365,I.Thomas,CAR,TE,1,0.4,1.4,0.4,1.4
2021,16,00-0030155,D.Harris,ARI,TE,1,0.3,1.3,0.3,1.3
2021,16,00-0033611,R.Seals-Jones,WAS,TE,1,-0.4,0.6,-0.4,0.6
2021,16,00-0033885,D.Njoku,CLE,TE,1,0.0,0.0,0.0,0.0
2021,16,00-0035356,T.Jackson,PHI,TE,1,0.0,0.0,0.0,0.0
2021,16,00-0032394,N.Vannett,NO,TE,1,0.0,0.0,0.0,0.0
2021,16,00-0035956,G.Ricci,CAR,TE,1,0.0,0.0,0.0,0.0
2021,16,00-0036438,S.Sullivan,CAR,TE,1,0.0,0.0,0.0,0.0
2021,16,00-0027981,K.Rudolph,NYG,TE,1,0.0,0.0,0.0,0.0
2021,16,00-0036244,C.Parkinson,SEA,TE,1,0.0,0.0,0.0,0.0
2021,16,00-0036423,A.Okwuegbunam,DEN,TE,1,0.0,0.0,0.0,0.0
2021,16,00-0034364,J.Akins,HOU,TE,1,0.0,0.0,0.0,0.0
2021,15,00-0030506,T.Kelce,KC,TE,1,31.1,41.1,31.1,41.1
2021,15,00-0034753,M.Andrews,BAL,TE,1,25.6,35.6,25.6,35.6
2021,15,00-0033090,H.Henry,NE,TE,1,19.7,25.7,19.7,25.7
2021,15,00-0034383,D.Schultz,DAL,TE,1,12.7,20.7,12.7,20.7
2021,15,00-0034351,D.Goedert,PHI,TE,1,13.5,20.5,13.5,20.5
2021,15,00-0033288,G.Kittle,SF,TE,1,9.3,15.3,9.3,15.3
2021,15,00-0034981,F.Moreau,LV,TE,1,6.5,13.5,6.5,13.5
2021,15,00-0030061,Z.Ertz,ARI,TE,1,7.4,13.4,7.4,13.4
2021,15,00-0036290,C.Kmet,CHI,TE,1,7.1,13.1,7.1,13.1
2021,15,00-0036970,K.Pitts,ATL,TE,1,7.7,11.7,7.7,11.7
2021,15,00-0035644,N.Fant,DEN,TE,1,5.7,10.7,5.7,10.7
2021,15,00-0031951,J.O'Shaughnessy,JAX,TE,1,6.0,10.0,6.0,10.0
2021,15,00-0033895,G.Everett,SEA,TE,1,6.0,10.0,6.0,10.0
2021,15,00-0034829,M.Gesicki,MIA,TE,1,4.3,9.3,4.3,9.3
2021,15,00-0036232,H.Bryant,CLE,TE,1,7.1,9.1,7.1,9.1
2021,15,00-0035562,J.Horsted,CHI,TE,1,7.9,8.9,7.9,8.9
2021,15,00-0036423,A.Okwuegbunam,DEN,TE,1,5.8,8.8,5.8,8.8
2021,15,00-0035689,D.Knox,BUF,TE,1,3.8,7.8,3.8,7.8
2021,15,00-0036894,P.Freiermuth,PIT,TE,1,3.7,7.7,3.7,7.7
2021,15,00-0033881,E.Engram,NYG,TE,1,3.3,7.3,3.3,7.3
2021,15,00-0024243,M.Lewis,GB,TE,1,4.0,7.0,4.0,7.0
2021,15,00-0033611,R.Seals-Jones,WAS,TE,1,2.9,6.9,2.9,6.9
2021,15,00-0027061,J.Cook,LAC,TE,1,3.2,6.2,3.2,6.2
2021,15,00-0033885,D.Njoku,CLE,TE,1,2.9,5.9,2.9,5.9
2021,15,00-0030108,R.Griffin,NYJ,TE,1,3.9,5.9,3.9,5.9
2021,15,00-0032214,T.Kroft,NYJ,TE,1,3.5,5.5,3.5,5.5
2021,15,00-0027656,R.Gronkowski,TB,TE,1,2.9,4.9,2.9,4.9
2021,15,00-0032134,C.Uzomah,CIN,TE,1,1.8,4.8,1.8,4.8
2021,15,00-0036332,J.Deguara,GB,TE,1,1.6,4.6,1.6,4.6
2021,15,00-0034364,J.Akins,HOU,TE,1,2.4,4.4,2.4,4.4
2021,15,00-0031273,C.Brate,TB,TE,1,2.2,4.2,2.2,4.2
2021,15,00-0033528,J.Sprinkle,DAL,TE,1,2.1,4.1,2.1,4.1
2021,15,00-0033455,A.Firkser,TEN,TE,1,1.9,3.9,1.9,3.9
2021,15,00-0036628,J.Bates,WAS,TE,1,2.9,3.9,2.9,3.9
2021,15,00-0036250,T.Davis,GB,TE,1,2.2,3.2,2.2,3.2
2021,15,00-0035259,T.Wesco,NYJ,TE,1,1.9,2.9,1.9,2.9
2021,15,00-0035222,Z.Gentry,PIT,TE,1,1.7,2.7,1.7,2.7
2021,15,00-0034830,H.Hurst,ATL,TE,1,0.6,2.6,0.6,2.6
2021,15,00-0036534,S.Zylstra,DET,TE,1,1.6,2.6,1.6,2.6
2021,15,00-0033439,P.Brown,HOU,TE,1,0.5,2.5,0.5,2.5
2021,15,00-0027696,J.Graham,CHI,TE,1,1.3,2.3,1.3,2.3
2021,15,00-0032725,S.Anderson,LAC,TE,1,1.2,2.2,1.2,2.2
2021,15,00-0031484,C.Manhertz,JAX,TE,1,1.1,2.1,1.1,2.1
2021,15,00-0027981,K.Rudolph,NYG,TE,1,0.9,1.9,0.9,1.9
2021,15,00-0036424,B.Hopkins,LA,TE,1,0.9,1.9,0.9,1.9
2021,15,00-0037005,T.Tremble,CAR,TE,1,0.8,1.8,0.8,1.8
2021,15,00-0036741,J.Stoll,PHI,TE,1,0.7,1.7,0.7,1.7
2021,15,00-0034270,T.Conklin,MIN,TE,1,0.7,1.7,0.7,1.7
2021,15,00-0033858,J.Smith,NE,TE,1,0.5,1.5,0.5,1.5
2021,15,00-0032141,G.Swaim,TEN,TE,1,0.5,1.5,0.5,1.5
2021,15,00-0034365,I.Thomas,CAR,TE,1,0.5,1.5,0.5,1.5
2021,15,00-0034798,D.Smythe,MIA,TE,1,0.4,1.4,0.4,1.4
2021,15,00-0036422,A.Trautman,NO,TE,1,0.4,1.4,0.4,1.4
2021,15,00-0037011,T.McKitty,LAC,TE,1,0.4,1.4,0.4,1.4
2021,15,00-0034159,W.Dissly,SEA,TE,1,0.3,1.3,0.3,1.3
2021,15,00-0035631,D.Sample,CIN,TE,1,0.2,1.2,0.2,1.2
2021,15,00-0031585,M.Pruitt,TEN,TE,1,0.1,1.1,0.1,1.1
2021,15,00-0030181,J.Doyle,IND,TE,1,0.0,1.0,0.0,1.0
2021,15,00-0035428,D.Helm,LV,TE,1,-0.1,0.9,-0.1,0.9
2021,15,00-0032062,B.Bell,KC,TE,1,0.3,0.3,0.3,0.3
2021,15,00-0033879,O.Howard,TB,TE,1,0.0,0.0,0.0,0.0
2021,15,00-0037004,H.Long,MIA,TE,1,0.0,0.0,0.0,0.0
2021,15,00-0036754,B.Wright,DET,TE,1,0.0,0.0,0.0,0.0
2021,15,00-0035308,T.Sweeney,BUF,TE,1,0.0,0.0,0.0,0.0
2021,15,00-0035329,D.Parham,LAC,TE,1,0.0,0.0,0.0,0.0
2021,15,00-0035956,G.Ricci,CAR,TE,1,0.0,0.0,0.0,0.0
2021,15,00-0035603,K.Blanton,LA,TE,1,0.0,0.0,0.0,0.0
2021,15,00-0032394,N.Vannett,NO,TE,1,0.0,0.0,0.0,0.0
2021,15,00-0028097,L.Smith,ATL,TE,1,0.0,0.0,0.0,0.0
2021,15,00-0033217,M.Alie-Cox,IND,TE,1,0.0,0.0,0.0,0.0
2021,14,00-0033288,G.Kittle,SF,TE,1,21.1,34.1,21.1,34.1
2021,14,00-0034753,M.Andrews,BAL,TE,1,17.5,28.5,17.5,28.5
2021,14,00-0035689,D.Knox,BUF,TE,1,12.0,19.0,12.0,19.0
2021,14,00-0036423,A.Okwuegbunam,DEN,TE,1,10.1,15.1,10.1,15.1
2021,14,00-0032392,A.Hooper,CLE,TE,1,9.0,14.0,9.0,14.0
2021,14,00-0036556,B.Jordan,HOU,TE,1,8.6,12.6,8.6,12.6
2021,14,00-0027656,R.Gronkowski,TB,TE,1,6.2,11.2,6.2,11.2
2021,14,00-0036894,P.Freiermuth,PIT,TE,1,9.2,11.2,9.2,11.2
2021,14,00-0036970,K.Pitts,ATL,TE,1,6.1,11.1,6.1,11.1
2021,14,00-0033895,G.Everett,SEA,TE,1,8.8,10.8,8.8,10.8
2021,14,00-0032134,C.Uzomah,CIN,TE,1,5.6,9.6,5.6,9.6
2021,14,00-0030061,Z.Ertz,ARI,TE,1,4.2,9.2,4.2,9.2
2021,14,00-0035644,N.Fant,DEN,TE,1,5.1,9.1,5.1,9.1
2021,14,00-0024243,M.Lewis,GB,TE,1,5.1,9.1,5.1,9.1
2021,14,00-0027061,J.Cook,LAC,TE,1,6.8,8.8,6.8,8.8
2021,14,00-0027981,K.Rudolph,NYG,TE,1,6.6,8.6,6.6,8.6
2021,14,00-0032141,G.Swaim,TEN,TE,1,4.5,7.5,4.5,7.5
2021,14,00-0032394,N.Vannett,NO,TE,1,4.4,7.4,4.4,7.4
2021,14,00-0036332,J.Deguara,GB,TE,1,4.4,7.4,4.4,7.4
2021,14,00-0033455,A.Firkser,TEN,TE,1,3.4,7.4,3.4,7.4
2021,14,00-0034830,H.Hurst,ATL,TE,1,6.3,7.3,6.3,7.3
2021,14,00-0031951,J.O'Shaughnessy,JAX,TE,1,2.1,6.1,2.1,6.1
2021,14,00-0034159,W.Dissly,SEA,TE,1,3.8,5.8,3.8,5.8
2021,14,00-0030506,T.Kelce,KC,TE,1,2.7,5.7,2.7,5.7
2021,14,00-0036754,B.Wright,DET,TE,1,2.0,5.0,2.0,5.0
2021,14,00-0035603,K.Blanton,LA,TE,1,2.9,4.9,2.9,4.9
2021,14,00-0030108,R.Griffin,NYJ,TE,1,2.8,4.8,2.8,4.8
2021,14,00-0036290,C.Kmet,CHI,TE,1,1.7,4.7,1.7,4.7
2021,14,00-0037005,T.Tremble,CAR,TE,1,2.3,4.3,2.3,4.3
2021,14,00-0034981,F.Moreau,LV,TE,1,1.3,4.3,1.3,4.3
2021,14,00-0034270,T.Conklin,MIN,TE,1,2.0,4.0,2.0,4.0
2021,14,00-0036534,S.Zylstra,DET,TE,1,1.8,3.8,1.8,3.8
2021,14,00-0035329,D.Parham,LAC,TE,1,1.3,3.3,1.3,3.3
2021,14,00-0031273,C.Brate,TB,TE,1,1.1,3.1,1.1,3.1
2021,14,00-0027696,J.Graham,CHI,TE,1,0.9,2.9,0.9,2.9
2021,14,00-0036628,J.Bates,WAS,TE,1,1.9,2.9,1.9,2.9
2021,14,00-0034766,C.Herndon,MIN,TE,1,1.7,2.7,1.7,2.7
2021,14,00-0036040,J.Johnson,NO,TE,1,1.5,2.5,1.5,2.5
2021,14,00-0035631,D.Sample,CIN,TE,1,1.4,2.4,1.4,2.4
2021,14,00-0028097,L.Smith,ATL,TE,1,1.2,2.2,1.2,2.2
2021,14,00-0032725,S.Anderson,LAC,TE,1,1.1,2.1,1.1,2.1
2021,14,00-0033881,E.Engram,NYG,TE,1,0.8,1.8,0.8,1.8
2021,14,00-0033611,R.Seals-Jones,WAS,TE,1,0.8,1.8,0.8,1.8
2021,14,00-0035249,J.Oliver,BAL,TE,1,0.6,1.6,0.6,1.6
2021,14,00-0034364,J.Akins,HOU,TE,1,0.6,1.6,0.6,1.6
2021,14,00-0033421,A.Auclair,HOU,TE,1,0.6,1.6,0.6,1.6
2021,14,00-0031585,M.Pruitt,TEN,TE,1,0.5,1.5,0.5,1.5
2021,14,00-0034383,D.Schultz,DAL,TE,1,0.4,1.4,0.4,1.4
2021,14,00-0035345,C.Myarick,NYG,TE,1,0.0,0.0,0.0,0.0
2021,14,00-0034365,I.Thomas,CAR,TE,1,0.0,0.0,0.0,0.0
2021,13,00-0033288,G.Kittle,SF,TE,1,30.6,39.6,30.6,39.6
2021,13,00-0034351,D.Goedert,PHI,TE,1,22.5,28.5,22.5,28.5
2021,13,00-0027656,R.Gronkowski,TB,TE,1,17.8,21.8,17.8,21.8
2021,13,00-0035229,T.Hockenson,DET,TE,1,10.9,14.9,10.9,14.9
2021,13,00-0031260,L.Thomas,WAS,TE,1,10.8,13.8,10.8,13.8
2021,13,00-0034270,T.Conklin,MIN,TE,1,5.6,12.6,5.6,12.6
2021,13,00-0034829,M.Gesicki,MIA,TE,1,4.6,11.6,4.6,11.6
2021,13,00-0036754,B.Wright,DET,TE,1,8.8,10.8,8.8,10.8
2021,13,00-0033881,E.Engram,NYG,TE,1,6.1,10.1,6.1,10.1
2021,13,00-0033110,T.Higbee,LA,TE,1,4.8,9.8,4.8,9.8
2021,13,00-0030108,R.Griffin,NYJ,TE,1,7.5,9.5,7.5,9.5
2021,13,00-0034383,D.Schultz,DAL,TE,1,4.3,9.3,4.3,9.3
2021,13,00-0034753,M.Andrews,BAL,TE,1,5.0,9.0,5.0,9.0
2021,13,00-0036970,K.Pitts,ATL,TE,1,4.8,8.8,4.8,8.8
2021,13,00-0032394,N.Vannett,NO,TE,1,4.8,7.8,4.8,7.8
2021,13,00-0035644,N.Fant,DEN,TE,1,3.3,7.3,3.3,7.3
2021,13,00-0031273,C.Brate,TB,TE,1,6.3,7.3,6.3,7.3
2021,13,00-0036628,J.Bates,WAS,TE,1,4.2,7.2,4.2,7.2
2021,13,00-0027696,J.Graham,CHI,TE,1,6.1,7.1,6.1,7.1
2021,13,00-0036290,C.Kmet,CHI,TE,1,4.1,7.1,4.1,7.1
2021,13,00-0033439,P.Brown,HOU,TE,1,2.3,6.3,2.3,6.3
2021,13,00-0027061,J.Cook,LAC,TE,1,2.9,5.9,2.9,5.9
2021,13,00-0030506,T.Kelce,KC,TE,1,2.7,5.7,2.7,5.7
2021,13,00-0036894,P.Freiermuth,PIT,TE,1,2.6,5.6,2.6,5.6
2021,13,00-0036423,A.Okwuegbunam,DEN,TE,1,2.1,5.1,2.1,5.1
2021,13,00-0032134,C.Uzomah,CIN,TE,1,2.0,5.0,2.0,5.0
2021,13,00-0033895,G.Everett,SEA,TE,1,0.7,4.7,0.7,4.7
2021,13,00-0034981,F.Moreau,LV,TE,1,3.4,4.4,3.4,4.4
2021,13,00-0027981,K.Rudolph,NYG,TE,1,1.8,3.8,1.8,3.8
2021,13,00-0036040,J.Johnson,NO,TE,1,2.7,3.7,2.7,3.7
2021,13,00-0035689,D.Knox,BUF,TE,1,1.4,3.4,1.4,3.4
2021,13,00-0031951,J.O'Shaughnessy,JAX,TE,1,1.3,3.3,1.3,3.3
2021,13,00-0035222,Z.Gentry,PIT,TE,1,1.0,3.0,1.0,3.0
2021,13,00-0030155,D.Harris,ARI,TE,1,0.7,2.7,0.7,2.7
2021,13,00-0034159,W.Dissly,SEA,TE,1,0.7,2.7,0.7,2.7
2021,13,00-0036556,B.Jordan,HOU,TE,1,0.7,2.7,0.7,2.7
2021,13,00-0030181,J.Doyle,IND,TE,1,1.3,2.3,1.3,2.3
2021,13,00-0035329,D.Parham,LAC,TE,1,0.3,2.3,0.3,2.3
2021,13,00-0033858,J.Smith,NE,TE,1,1.1,2.1,1.1,2.1
2021,13,00-0030061,Z.Ertz,ARI,TE,1,1.0,2.0,1.0,2.0
2021,13,00-0033095,G.Griffin,NO,TE,1,0.9,1.9,0.9,1.9
2021,13,00-0037004,H.Long,MIA,TE,1,0.8,1.8,0.8,1.8
2021,13,00-0035603,K.Blanton,LA,TE,1,0.6,1.6,0.6,1.6
2021,13,00-0036876,K.Granson,IND,TE,1,0.6,1.6,0.6,1.6
2021,13,00-0033217,M.Alie-Cox,IND,TE,1,0.0,1.0,0.0,1.0
2021,13,00-0036510,K.Yeboah,NYJ,TE,1,0.0,0.0,0.0,0.0
2021,13,00-0034798,D.Smythe,MIA,TE,1,0.0,0.0,0.0,0.0
2021,12,00-0030181,J.Doyle,IND,TE,1,14.1,20.1,14.1,20.1
2021,12,00-0027656,R.Gronkowski,TB,TE,1,12.3,19.3,12.3,19.3
2021,12,00-0035689,D.Knox,BUF,TE,1,15.2,18.2,15.2,18.2
2021,12,00-0034753,M.Andrews,BAL,TE,1,12.5,16.5,12.5,16.5
2021,12,00-0033895,G.Everett,SEA,TE,1,9.7,14.7,9.7,14.7
2021,12,00-0036290,C.Kmet,CHI,TE,1,6.5,14.5,6.5,14.5
2021,12,00-0036894,P.Freiermuth,PIT,TE,1,10.0,14.0,10.0,14.0
2021,12,00-0034383,D.Schultz,DAL,TE,1,10.6,13.6,10.6,13.6
2021,12,00-0035229,T.Hockenson,DET,TE,1,9.5,12.5,9.5,12.5
2021,12,00-0033885,D.Njoku,CLE,TE,1,9.5,12.5,9.5,12.5
2021,12,00-0027696,J.Graham,CHI,TE,1,9.4,11.4,9.4,11.4
2021,12,00-0036556,B.Jordan,HOU,TE,1,8.3,11.3,8.3,11.3
2021,12,00-0027061,J.Cook,LAC,TE,1,8.5,10.5,8.5,10.5
2021,12,00-0035345,C.Myarick,NYG,TE,1,7.1,9.1,7.1,9.1
2021,12,00-0033858,J.Smith,NE,TE,1,5.8,8.8,5.8,8.8
2021,12,00-0034798,D.Smythe,MIA,TE,1,3.5,8.5,3.5,8.5
2021,12,00-0032394,N.Vannett,NO,TE,1,7.1,8.1,7.1,8.1
2021,12,00-0036032,S.McKeon,DAL,TE,1,7.0,8.0,7.0,8.0
2021,12,00-0036232,H.Bryant,CLE,TE,1,5.0,8.0,5.0,8.0
2021,12,00-0033576,E.Saubert,DEN,TE,1,6.1,7.1,6.1,7.1
2021,12,00-0033881,E.Engram,NYG,TE,1,3.7,6.7,3.7,6.7
2021,12,00-0031260,L.Thomas,WAS,TE,1,3.1,6.1,3.1,6.1
2021,12,00-0031951,J.O'Shaughnessy,JAX,TE,1,2.9,5.9,2.9,5.9
2021,12,00-0031273,C.Brate,TB,TE,1,2.3,5.3,2.3,5.3
2021,12,00-0031610,D.Waller,LV,TE,1,3.3,5.3,3.3,5.3
2021,12,00-0030108,R.Griffin,NYJ,TE,1,2.0,5.0,2.0,5.0
2021,12,00-0034829,M.Gesicki,MIA,TE,1,1.7,4.7,1.7,4.7
2021,12,00-0036970,K.Pitts,ATL,TE,1,2.6,4.6,2.6,4.6
2021,12,00-0034270,T.Conklin,MIN,TE,1,2.5,4.5,2.5,4.5
2021,12,00-0035644,N.Fant,DEN,TE,1,1.2,4.2,1.2,4.2
2021,12,00-0036876,K.Granson,IND,TE,1,2.2,4.2,2.2,4.2
2021,12,00-0032134,C.Uzomah,CIN,TE,1,0.9,3.9,0.9,3.9
2021,12,00-0034159,W.Dissly,SEA,TE,1,1.9,3.9,1.9,3.9
2021,12,00-0032725,S.Anderson,LAC,TE,1,1.8,3.8,1.8,3.8
2021,12,00-0033090,H.Henry,NE,TE,1,1.6,3.6,1.6,3.6
2021,12,00-0036332,J.Deguara,GB,TE,1,1.3,3.3,1.3,3.3
2021,12,00-0036628,J.Bates,WAS,TE,1,1.5,2.5,1.5,2.5
2021,12,00-0024243,M.Lewis,GB,TE,1,0.4,2.4,0.4,2.4
2021,12,00-0033288,G.Kittle,SF,TE,1,1.3,2.3,1.3,2.3
2021,12,00-0036423,A.Okwuegbunam,DEN,TE,1,1.2,2.2,1.2,2.2
2021,12,00-0031484,C.Manhertz,JAX,TE,1,1.1,2.1,1.1,2.1
2021,12,00-0036429,C.Woerner,SF,TE,1,1.1,2.1,1.1,2.1
2021,12,00-0035222,Z.Gentry,PIT,TE,1,1.0,2.0,1.0,2.0
2021,12,00-0031585,M.Pruitt,TEN,TE,1,1.0,2.0,1.0,2.0
2021,12,00-0034011,D.Arnold,JAX,TE,1,0.9,1.9,0.9,1.9
2021,12,00-0033217,M.Alie-Cox,IND,TE,1,0.8,1.8,0.8,1.8
2021,12,00-0032141,G.Swaim,TEN,TE,1,0.8,1.8,0.8,1.8
2021,12,00-0035572,P.Hesse,ATL,TE,1,0.7,1.7,0.7,1.7
2021,12,00-0033455,A.Firkser,TEN,TE,1,0.7,1.7,0.7,1.7
2021,12,00-0035329,D.Parham,LAC,TE,1,0.5,1.5,0.5,1.5
2021,12,00-0037005,T.Tremble,CAR,TE,1,0.4,1.4,0.4,1.4
2021,12,00-0033110,T.Higbee,LA,TE,1,0.3,1.3,0.3,1.3
2021,12,00-0034981,F.Moreau,LV,TE,1,0.3,1.3,0.3,1.3
2021,12,00-0034351,D.Goedert,PHI,TE,1,0.0,1.0,0.0,1.0
2021,12,00-0032392,A.Hooper,CLE,TE,1,0.0,0.0,0.0,0.0
2021,12,00-0034365,I.Thomas,CAR,TE,1,0.0,0.0,0.0,0.0
2021,12,00-0037011,T.McKitty,LAC,TE,1,0.0,0.0,0.0,0.0
2021,12,00-0033439,P.Brown,HOU,TE,1,0.0,0.0,0.0,0.0
2021,12,00-0035428,D.Helm,LV,TE,1,0.0,0.0,0.0,0.0
2021,12,00-0032135,J.James,CHI,TE,1,0.0,0.0,0.0,0.0
2021,11,00-0030061,Z.Ertz,ARI,TE,1,20.8,28.8,20.8,28.8
2021,11,00-0030506,T.Kelce,KC,TE,1,13.8,18.8,13.8,18.8
2021,11,00-0031610,D.Waller,LV,TE,1,11.6,18.6,11.6,18.6
2021,11,00-0036422,A.Trautman,NO,TE,1,11.8,16.8,11.8,16.8
2021,11,00-0034753,M.Andrews,BAL,TE,1,7.3,15.3,7.3,15.3
2021,11,00-0035689,D.Knox,BUF,TE,1,8.0,14.0,8.0,14.0
2021,11,00-0033288,G.Kittle,SF,TE,1,9.4,13.4,9.4,13.4
2021,11,00-0027656,R.Gronkowski,TB,TE,1,7.1,13.1,7.1,13.1
2021,11,00-0036332,J.Deguara,GB,TE,1,9.7,11.7,9.7,11.7
2021,11,00-0031387,E.Ebron,PIT,TE,1,8.4,11.4,8.4,11.4
2021,11,00-0034383,D.Schultz,DAL,TE,1,5.3,11.3,5.3,11.3
2021,11,00-0034351,D.Goedert,PHI,TE,1,6.2,11.2,6.2,11.2
2021,11,00-0036894,P.Freiermuth,PIT,TE,1,7.1,11.1,7.1,11.1
2021,11,00-0035229,T.Hockenson,DET,TE,1,5.1,11.1,5.1,11.1
2021,11,00-0034829,M.Gesicki,MIA,TE,1,5.0,10.0,5.0,10.0
2021,11,00-0032392,A.Hooper,CLE,TE,1,5.3,9.3,5.3,9.3
2021,11,00-0034981,F.Moreau,LV,TE,1,7.9,8.9,7.9,8.9
2021,11,00-0035329,D.Parham,LAC,TE,1,3.8,7.8,3.8,7.8
2021,11,00-0034798,D.Smythe,MIA,TE,1,3.7,7.7,3.7,7.7
2021,11,00-0033455,A.Firkser,TEN,TE,1,2.6,7.6,2.6,7.6
2021,11,00-0030108,R.Griffin,NYJ,TE,1,3.9,6.9,3.9,6.9
2021,11,00-0033895,G.Everett,SEA,TE,1,3.7,6.7,3.7,6.7
2021,11,00-0034270,T.Conklin,MIN,TE,1,3.5,6.5,3.5,6.5
2021,11,00-0030181,J.Doyle,IND,TE,1,3.0,6.0,3.0,6.0
2021,11,00-0036970,K.Pitts,ATL,TE,1,2.9,5.9,2.9,5.9
2021,11,00-0027061,J.Cook,LAC,TE,1,2.8,5.8,2.8,5.8
2021,11,00-0037005,T.Tremble,CAR,TE,1,3.5,5.5,3.5,5.5
2021,11,00-0036628,J.Bates,WAS,TE,1,2.3,5.3,2.3,5.3
2021,11,00-0031273,C.Brate,TB,TE,1,2.7,4.7,2.7,4.7
2021,11,00-0033090,H.Henry,NE,TE,1,2.5,4.5,2.5,4.5
2021,11,00-0027696,J.Graham,CHI,TE,1,2.5,4.5,2.5,4.5
2021,11,00-0033885,D.Njoku,CLE,TE,1,2.1,4.1,2.1,4.1
2021,11,00-0027981,K.Rudolph,NYG,TE,1,2.8,3.8,2.8,3.8
2021,11,00-0033881,E.Engram,NYG,TE,1,1.2,3.2,1.2,3.2
2021,11,00-0032394,N.Vannett,NO,TE,1,2.0,3.0,2.0,3.0
2021,11,00-0033439,P.Brown,HOU,TE,1,1.0,3.0,1.0,3.0
2021,11,00-0032134,C.Uzomah,CIN,TE,1,0.9,2.9,0.9,2.9
2021,11,00-0033896,A.Shaheen,MIA,TE,1,1.9,2.9,1.9,2.9
2021,11,00-0033858,J.Smith,NE,TE,1,1.7,2.7,1.7,2.7
2021,11,00-0034159,W.Dissly,SEA,TE,1,1.6,2.6,1.6,2.6
2021,11,00-0036290,C.Kmet,CHI,TE,1,1.2,2.2,1.2,2.2
2021,11,00-0036754,B.Wright,DET,TE,1,1.2,2.2,1.2,2.2
2021,11,00-0033879,O.Howard,TB,TE,1,1.0,2.0,1.0,2.0
2021,11,00-0036637,N.Gray,KC,TE,1,0.8,1.8,0.8,1.8
2021,11,00-0036876,K.Granson,IND,TE,1,0.8,1.8,0.8,1.8
2021,11,00-0032062,B.Bell,KC,TE,1,0.8,1.8,0.8,1.8
2021,11,00-0036456,D.Dafney,GB,TE,1,0.8,1.8,0.8,1.8
2021,11,00-0036556,B.Jordan,HOU,TE,1,0.7,1.7,0.7,1.7
2021,11,00-0034365,I.Thomas,CAR,TE,1,0.7,1.7,0.7,1.7
2021,11,00-0037011,T.McKitty,LAC,TE,1,0.7,1.7,0.7,1.7
2021,11,00-0036244,C.Parkinson,SEA,TE,1,0.6,1.6,0.6,1.6
2021,11,00-0035572,P.Hesse,ATL,TE,1,0.5,1.5,0.5,1.5
2021,11,00-0035631,D.Sample,CIN,TE,1,0.3,1.3,0.3,1.3
2021,11,00-0036032,S.McKeon,DAL,TE,1,0.2,1.2,0.2,1.2
2021,11,00-0035345,C.Myarick,NYG,TE,1,0.0,0.0,0.0,0.0
2021,11,00-0035356,T.Jackson,PHI,TE,1,0.0,0.0,0.0,0.0
2021,11,00-0035308,T.Sweeney,BUF,TE,1,0.0,0.0,0.0,0.0
2021,11,00-0031598,N.Boyle,BAL,TE,1,0.0,0.0,0.0,0.0
2021,11,00-0036173,T.Hudson,TEN,TE,1,0.0,0.0,0.0,0.0
2021,11,00-0033217,M.Alie-Cox,IND,TE,1,0.0,0.0,0.0,0.0
2021,11,00-0033258,D.Daniels,ARI,TE,1,0.0,0.0,0.0,0.0
2021,11,00-0036825,F.Franks,ATL,TE,1,-2.0,-2.0,-2.0,-2.0
2021,10,00-0030506,T.Kelce,KC,TE,1,11.9,19.9,11.9,19.9
2021,10,00-0033090,H.Henry,NE,TE,1,15.7,19.7,15.7,19.7
2021,10,00-0034753,M.Andrews,BAL,TE,1,12.3,18.3,12.3,18.3
2021,10,00-0034270,T.Conklin,MIN,TE,1,13.1,16.1,13.1,16.1
2021,10,00-0033288,G.Kittle,SF,TE,1,11.0,16.0,11.0,16.0
2021,10,00-0033895,G.Everett,SEA,TE,1,6.3,14.3,6.3,14.3
2021,10,00-0032392,A.Hooper,CLE,TE,1,8.5,12.5,8.5,12.5
2021,10,00-0034011,D.Arnold,JAX,TE,1,6.7,11.7,6.7,11.7
2021,10,00-0033110,T.Higbee,LA,TE,1,8.0,11.0,8.0,11.0
2021,10,00-0035644,N.Fant,DEN,TE,1,5.9,10.9,5.9,10.9
2021,10,00-0036423,A.Okwuegbunam,DEN,TE,1,7.7,10.7,7.7,10.7
2021,10,00-0036970,K.Pitts,ATL,TE,1,6.0,10.0,6.0,10.0
2021,10,00-0030061,Z.Ertz,ARI,TE,1,4.6,8.6,4.6,8.6
2021,10,00-0036422,A.Trautman,NO,TE,1,3.2,8.2,3.2,8.2
2021,10,00-0036894,P.Freiermuth,PIT,TE,1,3.1,8.1,3.1,8.1
2021,10,00-0031273,C.Brate,TB,TE,1,6.6,7.6,6.6,7.6
2021,10,00-0031585,M.Pruitt,TEN,TE,1,6.2,7.2,6.2,7.2
2021,10,00-0036637,N.Gray,KC,TE,1,6.1,7.1,6.1,7.1
2021,10,00-0032141,G.Swaim,TEN,TE,1,2.6,6.6,2.6,6.6
2021,10,00-0033896,A.Shaheen,MIA,TE,1,3.4,6.4,3.4,6.4
2021,10,00-0031610,D.Waller,LV,TE,1,2.4,6.4,2.4,6.4
2021,10,00-0030181,J.Doyle,IND,TE,1,3.1,6.1,3.1,6.1
2021,10,00-0033611,R.Seals-Jones,WAS,TE,1,3.0,6.0,3.0,6.0
2021,10,00-0036040,J.Johnson,NO,TE,1,3.6,5.6,3.6,5.6
2021,10,00-0036628,J.Bates,WAS,TE,1,2.5,5.5,2.5,5.5
2021,10,00-0034351,D.Goedert,PHI,TE,1,2.8,4.8,2.8,4.8
2021,10,00-0034159,W.Dissly,SEA,TE,1,2.2,4.2,2.2,4.2
2021,10,00-0036232,H.Bryant,CLE,TE,1,1.8,3.8,1.8,3.8
2021,10,00-0036032,S.McKeon,DAL,TE,1,1.5,3.5,1.5,3.5
2021,10,00-0034798,D.Smythe,MIA,TE,1,2.3,3.3,2.3,3.3
2021,10,00-0031387,E.Ebron,PIT,TE,1,1.3,3.3,1.3,3.3
2021,10,00-0030108,R.Griffin,NYJ,TE,1,2.1,3.1,2.1,3.1
2021,10,00-0024243,M.Lewis,GB,TE,1,1.0,3.0,1.0,3.0
2021,10,00-0036332,J.Deguara,GB,TE,1,0.9,2.9,0.9,2.9
2021,10,00-0035329,D.Parham,LAC,TE,1,1.7,2.7,1.7,2.7
2021,10,00-0035689,D.Knox,BUF,TE,1,1.7,2.7,1.7,2.7
2021,10,00-0036741,J.Stoll,PHI,TE,1,0.6,2.6,0.6,2.6
2021,10,00-0036876,K.Granson,IND,TE,1,1.5,2.5,1.5,2.5
2021,10,00-0034383,D.Schultz,DAL,TE,1,1.4,2.4,1.4,2.4
2021,10,00-0034766,C.Herndon,MIN,TE,1,1.4,2.4,1.4,2.4
2021,10,00-0033885,D.Njoku,CLE,TE,1,1.1,2.1,1.1,2.1
2021,10,00-0027061,J.Cook,LAC,TE,1,1.0,2.0,1.0,2.0
2021,10,00-0033217,M.Alie-Cox,IND,TE,1,0.6,1.6,0.6,1.6
2021,10,00-0036250,T.Davis,GB,TE,1,0.4,1.4,0.4,1.4
2021,10,00-0037005,T.Tremble,CAR,TE,1,0.3,1.3,0.3,1.3
2021,10,00-0033455,A.Firkser,TEN,TE,1,0.2,1.2,0.2,1.2
2021,10,00-0035603,K.Blanton,LA,TE,1,0.2,1.2,0.2,1.2
2021,10,00-0036754,B.Wright,DET,TE,1,0.2,1.2,0.2,1.2
2021,10,00-0032062,B.Bell,KC,TE,1,0.3,0.3,0.3,0.3
2021,10,00-0035249,J.Oliver,BAL,TE,1,0.0,0.0,0.0,0.0
2021,10,00-0034829,M.Gesicki,MIA,TE,1,0.0,0.0,0.0,0.0
2021,10,00-0035229,T.Hockenson,DET,TE,1,0.0,0.0,0.0,0.0
2021,9,00-0033288,G.Kittle,SF,TE,1,16.1,22.1,16.1,22.1
2021,9,00-0036894,P.Freiermuth,PIT,TE,1,16.3,21.3,16.3,21.3
2021,9,00-0030506,T.Kelce,KC,TE,1,12.8,17.8,12.8,17.8
2021,9,00-0031610,D.Waller,LV,TE,1,9.2,16.2,9.2,16.2
2021,9,00-0036290,C.Kmet,CHI,TE,1,8.7,14.7,8.7,14.7
2021,9,00-0032725,S.Anderson,LAC,TE,1,9.9,13.9,9.9,13.9
2021,9,00-0032141,G.Swaim,TEN,TE,1,8.9,12.9,8.9,12.9
2021,9,00-0035329,D.Parham,LAC,TE,1,9.9,12.9,9.9,12.9
2021,9,00-0030108,R.Griffin,NYJ,TE,1,8.8,12.8,8.8,12.8
2021,9,00-0033881,E.Engram,NYG,TE,1,9.8,12.8,9.8,12.8
2021,9,00-0033110,T.Higbee,LA,TE,1,5.1,10.1,5.1,10.1
2021,9,00-0034011,D.Arnold,JAX,TE,1,6.0,10.0,6.0,10.0
2021,9,00-0033090,H.Henry,NE,TE,1,7.9,9.9,7.9,9.9
2021,9,00-0034270,T.Conklin,MIN,TE,1,4.5,9.5,4.5,9.5
2021,9,00-0034383,D.Schultz,DAL,TE,1,5.4,9.4,5.4,9.4
2021,9,00-0034753,M.Andrews,BAL,TE,1,4.4,9.4,4.4,9.4
2021,9,00-0034829,M.Gesicki,MIA,TE,1,5.4,9.4,5.4,9.4
2021,9,00-0036970,K.Pitts,ATL,TE,1,6.2,9.2,6.2,9.2
2021,9,00-0033885,D.Njoku,CLE,TE,1,7.8,8.8,7.8,8.8
2021,9,00-0027061,J.Cook,LAC,TE,1,4.8,8.8,4.8,8.8
2021,9,00-0036422,A.Trautman,NO,TE,1,4.7,8.7,4.7,8.7
2021,9,00-0034351,D.Goedert,PHI,TE,1,4.3,7.3,4.3,7.3
2021,9,00-0030181,J.Doyle,IND,TE,1,6.1,7.1,6.1,7.1
2021,9,00-0035631,D.Sample,CIN,TE,1,3.6,6.6,3.6,6.6
2021,9,00-0036423,A.Okwuegbunam,DEN,TE,1,2.5,6.5,2.5,6.5
2021,9,00-0032134,C.Uzomah,CIN,TE,1,2.4,6.4,2.4,6.4
2021,9,00-0027981,K.Rudolph,NYG,TE,1,2.0,6.0,2.0,6.0
2021,9,00-0032214,T.Kroft,NYJ,TE,1,3.8,5.8,3.8,5.8
2021,9,00-0030061,Z.Ertz,ARI,TE,1,2.7,5.7,2.7,5.7
2021,9,00-0034798,D.Smythe,MIA,TE,1,2.7,4.7,2.7,4.7
2021,9,00-0036232,H.Bryant,CLE,TE,1,2.6,4.6,2.6,4.6
2021,9,00-0033421,A.Auclair,HOU,TE,1,2.3,4.3,2.3,4.3
2021,9,00-0033217,M.Alie-Cox,IND,TE,1,2.8,3.8,2.8,3.8
2021,9,00-0027696,J.Graham,CHI,TE,1,2.8,3.8,2.8,3.8
2021,9,00-0036876,K.Granson,IND,TE,1,2.7,3.7,2.7,3.7
2021,9,00-0035259,T.Wesco,NYJ,TE,1,1.6,3.6,1.6,3.6
2021,9,00-0036332,J.Deguara,GB,TE,1,1.6,3.6,1.6,3.6
2021,9,00-0034830,H.Hurst,ATL,TE,1,1.6,3.6,1.6,3.6
2021,9,00-0032392,A.Hooper,CLE,TE,1,1.4,3.4,1.4,3.4
2021,9,00-0035308,T.Sweeney,BUF,TE,1,1.0,3.0,1.0,3.0
2021,9,00-0036556,B.Jordan,HOU,TE,1,0.9,2.9,0.9,2.9
2021,9,00-0034364,J.Akins,HOU,TE,1,0.7,2.7,0.7,2.7
2021,9,00-0033896,A.Shaheen,MIA,TE,1,1.1,2.1,1.1,2.1
2021,9,00-0034365,I.Thomas,CAR,TE,1,0.9,1.9,0.9,1.9
2021,9,00-0031484,C.Manhertz,JAX,TE,1,0.9,1.9,0.9,1.9
2021,9,00-0033858,J.Smith,NE,TE,1,0.8,1.8,0.8,1.8
2021,9,00-0033455,A.Firkser,TEN,TE,1,0.7,1.7,0.7,1.7
2021,9,00-0031690,E.Tomlinson,BAL,TE,1,0.7,1.7,0.7,1.7
2021,9,00-0033576,E.Saubert,DEN,TE,1,0.6,1.6,0.6,1.6
2021,9,00-0037005,T.Tremble,CAR,TE,1,0.6,1.6,0.6,1.6
2021,9,00-0028042,L.Stocker,MIN,TE,1,0.5,1.5,0.5,1.5
2021,9,00-0034193,K.Rader,PIT,TE,1,0.1,1.1,0.1,1.1
2021,9,00-0033258,D.Daniels,ARI,TE,1,0.0,1.0,0.0,1.0
2021,9,00-0024243,M.Lewis,GB,TE,1,-0.1,0.9,-0.1,0.9
2021,9,00-0036825,F.Franks,ATL,TE,1,0.3,0.3,0.3,0.3
2021,9,00-0036887,L.Farrell,JAX,TE,1,0.0,0.0,0.0,0.0
2021,9,00-0036456,D.Dafney,GB,TE,1,0.0,0.0,0.0,0.0
2021,9,00-0036032,S.McKeon,DAL,TE,1,0.0,0.0,0.0,0.0
2021,9,00-0032062,B.Bell,KC,TE,1,0.0,0.0,0.0,0.0
2021,8,00-0035229,T.Hockenson,DET,TE,1,8.9,18.9,8.9,18.9
2021,8,00-0034011,D.Arnold,JAX,TE,1,6.8,14.8,6.8,14.8
2021,8,00-0036894,P.Freiermuth,PIT,TE,1,10.4,14.4,10.4,14.4
2021,8,00-0034351,D.Goedert,PHI,TE,1,7.2,13.2,7.2,13.2
2021,8,00-0036556,B.Jordan,HOU,TE,1,10.1,13.1,10.1,13.1
2021,8,00-0032135,J.James,CHI,TE,1,9.8,12.8,9.8,12.8
2021,8,00-0032141,G.Swaim,TEN,TE,1,8.3,12.3,8.3,12.3
2021,8,00-0034270,T.Conklin,MIN,TE,1,5.7,10.7,5.7,10.7
2021,8,00-0033881,E.Engram,NYG,TE,1,7.5,10.5,7.5,10.5
2021,8,00-0034364,J.Akins,HOU,TE,1,5.3,10.3,5.3,10.3
2021,8,00-0032214,T.Kroft,NYJ,TE,1,8.0,10.0,8.0,10.0
2021,8,00-0027981,K.Rudolph,NYG,TE,1,7.2,9.2,7.2,9.2
2021,8,00-0030181,J.Doyle,IND,TE,1,7.2,9.2,7.2,9.2
2021,8,00-0030061,Z.Ertz,ARI,TE,1,4.2,8.2,4.2,8.2
2021,8,00-0033757,R.Tonyan,GB,TE,1,4.9,7.9,4.9,7.9
2021,8,00-0034829,M.Gesicki,MIA,TE,1,4.8,7.8,4.8,7.8
2021,8,00-0032134,C.Uzomah,CIN,TE,1,3.3,7.3,3.3,7.3
2021,8,00-0035222,Z.Gentry,PIT,TE,1,3.9,6.9,3.9,6.9
2021,8,00-0033885,D.Njoku,CLE,TE,1,3.9,6.9,3.9,6.9
2021,8,00-0030506,T.Kelce,KC,TE,1,2.7,6.7,2.7,6.7
2021,8,00-0032392,A.Hooper,CLE,TE,1,2.6,6.6,2.6,6.6
2021,8,00-0036423,A.Okwuegbunam,DEN,TE,1,3.4,6.4,3.4,6.4
2021,8,00-0033095,G.Griffin,NO,TE,1,3.0,6.0,3.0,6.0
2021,8,00-0035308,T.Sweeney,BUF,TE,1,3.0,6.0,3.0,6.0
2021,8,00-0033110,T.Higbee,LA,TE,1,2.5,5.5,2.5,5.5
2021,8,00-0036290,C.Kmet,CHI,TE,1,2.4,5.4,2.4,5.4
2021,8,00-0036232,H.Bryant,CLE,TE,1,3.3,5.3,3.3,5.3
2021,8,00-0037005,T.Tremble,CAR,TE,1,1.8,4.8,1.8,4.8
2021,8,00-0027061,J.Cook,LAC,TE,1,2.5,4.5,2.5,4.5
2021,8,00-0033090,H.Henry,NE,TE,1,3.3,4.3,3.3,4.3
2021,8,00-0031585,M.Pruitt,TEN,TE,1,2.2,4.2,2.2,4.2
2021,8,00-0036332,J.Deguara,GB,TE,1,2.0,4.0,2.0,4.0
2021,8,00-0033879,O.Howard,TB,TE,1,1.6,3.6,1.6,3.6
2021,8,00-0031273,C.Brate,TB,TE,1,1.5,3.5,1.5,3.5
2021,8,00-0036970,K.Pitts,ATL,TE,1,1.3,3.3,1.3,3.3
2021,8,00-0033858,J.Smith,NE,TE,1,1.3,3.3,1.3,3.3
2021,8,00-0033611,R.Seals-Jones,WAS,TE,1,1.2,3.2,1.2,3.2
2021,8,00-0034383,D.Schultz,DAL,TE,1,1.1,3.1,1.1,3.1
2021,8,00-0035644,N.Fant,DEN,TE,1,0.8,2.8,0.8,2.8
2021,8,00-0036422,A.Trautman,NO,TE,1,0.4,2.4,0.4,2.4
2021,8,00-0034830,H.Hurst,ATL,TE,1,0.4,2.4,0.4,2.4
2021,8,00-0034365,I.Thomas,CAR,TE,1,1.0,2.0,1.0,2.0
2021,8,00-0036741,J.Stoll,PHI,TE,1,0.9,1.9,0.9,1.9
2021,8,00-0033455,A.Firkser,TEN,TE,1,0.8,1.8,0.8,1.8
2021,8,00-0033896,A.Shaheen,MIA,TE,1,0.8,1.8,0.8,1.8
2021,8,00-0030108,R.Griffin,NYJ,TE,1,0.7,1.7,0.7,1.7
2021,8,00-0036429,C.Woerner,SF,TE,1,0.7,1.7,0.7,1.7
2021,8,00-0028042,L.Stocker,MIN,TE,1,0.7,1.7,0.7,1.7
2021,8,00-0034766,C.Herndon,MIN,TE,1,0.7,1.7,0.7,1.7
2021,8,00-0036628,J.Bates,WAS,TE,1,0.4,1.4,0.4,1.4
2021,8,00-0036887,L.Farrell,JAX,TE,1,0.3,1.3,0.3,1.3
2021,8,00-0033895,G.Everett,SEA,TE,1,0.2,1.2,0.2,1.2
2021,8,00-0036876,K.Granson,IND,TE,1,0.0,1.0,0.0,1.0
2021,8,00-0033217,M.Alie-Cox,IND,TE,1,0.0,0.0,0.0,0.0
2021,8,00-0033658,B.Jarwin,DAL,TE,1,0.0,0.0,0.0,0.0
2021,8,00-0032062,B.Bell,KC,TE,1,0.0,0.0,0.0,0.0
2021,8,00-0024243,M.Lewis,GB,TE,1,0.0,0.0,0.0,0.0
2021,8,00-0036040,J.Johnson,NO,TE,1,0.0,0.0,0.0,0.0
2021,8,00-0027656,R.Gronkowski,TB,TE,1,0.0,0.0,0.0,0.0
2021,7,00-0032134,C.Uzomah,CIN,TE,1,21.1,24.1,21.1,24.1
2021,7,00-0036970,K.Pitts,ATL,TE,1,16.3,23.3,16.3,23.3
2021,7,00-0034829,M.Gesicki,MIA,TE,1,14.5,21.5,14.5,21.5
2021,7,00-0034981,F.Moreau,LV,TE,1,12.0,18.0,12.0,18.0
2021,7,00-0033757,R.Tonyan,GB,TE,1,12.3,16.3,12.3,16.3
2021,7,00-0030061,Z.Ertz,ARI,TE,1,13.0,16.0,13.0,16.0
2021,7,00-0030506,T.Kelce,KC,TE,1,6.5,13.5,6.5,13.5
2021,7,00-0033217,M.Alie-Cox,IND,TE,1,8.5,11.5,8.5,11.5
2021,7,00-0033611,R.Seals-Jones,WAS,TE,1,5.1,11.1,5.1,11.1
2021,7,00-0035229,T.Hockenson,DET,TE,1,4.8,10.8,4.8,10.8
2021,7,00-0031585,M.Pruitt,TEN,TE,1,8.7,10.7,8.7,10.7
2021,7,00-0033881,E.Engram,NYG,TE,1,4.4,10.4,4.4,10.4
2021,7,00-0033090,H.Henry,NE,TE,1,8.3,10.3,8.3,10.3
2021,7,00-0034351,D.Goedert,PHI,TE,1,7.0,10.0,7.0,10.0
2021,7,00-0033110,T.Higbee,LA,TE,1,4.6,9.6,4.6,9.6
2021,7,00-0036290,C.Kmet,CHI,TE,1,4.3,9.3,4.3,9.3
2021,7,00-0035644,N.Fant,DEN,TE,1,3.9,8.9,3.9,8.9
2021,7,00-0034753,M.Andrews,BAL,TE,1,4.8,7.8,4.8,7.8
2021,7,00-0033858,J.Smith,NE,TE,1,5.7,7.7,5.7,7.7
2021,7,00-0034798,D.Smythe,MIA,TE,1,3.7,6.7,3.7,6.7
2021,7,00-0036422,A.Trautman,NO,TE,1,3.6,6.6,3.6,6.6
2021,7,00-0034830,H.Hurst,ATL,TE,1,3.5,6.5,3.5,6.5
2021,7,00-0033896,A.Shaheen,MIA,TE,1,2.3,6.3,2.3,6.3
2021,7,00-0032392,A.Hooper,CLE,TE,1,4.2,6.2,4.2,6.2
2021,7,00-0024243,M.Lewis,GB,TE,1,3.1,6.1,3.1,6.1
2021,7,00-0033895,G.Everett,SEA,TE,1,2.3,5.3,2.3,5.3
2021,7,00-0032135,J.James,CHI,TE,1,2.0,5.0,2.0,5.0
2021,7,00-0036429,C.Woerner,SF,TE,1,3.0,5.0,3.0,5.0
2021,7,00-0035249,J.Oliver,BAL,TE,1,2.9,4.9,2.9,4.9
2021,7,00-0033439,P.Brown,HOU,TE,1,1.1,4.1,1.1,4.1
2021,7,00-0033885,D.Njoku,CLE,TE,1,1.8,3.8,1.8,3.8
2021,7,00-0034364,J.Akins,HOU,TE,1,1.3,3.3,1.3,3.3
2021,7,00-0037005,T.Tremble,CAR,TE,1,1.2,3.2,1.2,3.2
2021,7,00-0027981,K.Rudolph,NYG,TE,1,0.8,2.8,0.8,2.8
2021,7,00-0030108,R.Griffin,NYJ,TE,1,1.5,2.5,1.5,2.5
2021,7,00-0036232,H.Bryant,CLE,TE,1,1.5,2.5,1.5,2.5
2021,7,00-0033879,O.Howard,TB,TE,1,0.9,1.9,0.9,1.9
2021,7,00-0033455,A.Firkser,TEN,TE,1,0.9,1.9,0.9,1.9
2021,7,00-0032141,G.Swaim,TEN,TE,1,0.8,1.8,0.8,1.8
2021,7,00-0036040,J.Johnson,NO,TE,1,0.8,1.8,0.8,1.8
2021,7,00-0028097,L.Smith,ATL,TE,1,0.7,1.7,0.7,1.7
2021,7,00-0029738,D.Fells,DET,TE,1,0.6,1.6,0.6,1.6
2021,7,00-0034073,R.Dwelley,SF,TE,1,0.5,1.5,0.5,1.5
2021,7,00-0036637,N.Gray,KC,TE,1,0.4,1.4,0.4,1.4
2021,7,00-0033576,E.Saubert,DEN,TE,1,0.3,1.3,0.3,1.3
2021,7,00-0034319,D.Yelder,TB,TE,1,0.0,1.0,0.0,1.0
2021,7,00-0036876,K.Granson,IND,TE,1,0.0,0.0,0.0,0.0
2021,7,00-0031273,C.Brate,TB,TE,1,0.0,0.0,0.0,0.0
2021,7,00-0035562,J.Horsted,CHI,TE,1,0.0,0.0,0.0,0.0
2021,7,00-0034365,I.Thomas,CAR,TE,1,0.0,0.0,0.0,0.0
2021,7,00-0030181,J.Doyle,IND,TE,1,0.0,0.0,0.0,0.0
2021,7,00-0033720,C.Thompson,CAR,TE,1,0.0,0.0,0.0,0.0
2021,7,00-0035259,T.Wesco,NYJ,TE,1,0.0,0.0,0.0,0.0
2021,6,00-0035644,N.Fant,DEN,TE,1,15.7,24.7,15.7,24.7
2021,6,00-0034829,M.Gesicki,MIA,TE,1,11.5,19.5,11.5,19.5
2021,6,00-0030506,T.Kelce,KC,TE,1,9.9,17.9,9.9,17.9
2021,6,00-0034753,M.Andrews,BAL,TE,1,12.8,17.8,12.8,17.8
2021,6,00-0033879,O.Howard,TB,TE,1,10.9,16.9,10.9,16.9
2021,6,00-0033611,R.Seals-Jones,WAS,TE,1,11.8,15.8,11.8,15.8
2021,6,00-0035229,T.Hockenson,DET,TE,1,7.4,15.4,7.4,15.4
2021,6,00-0030061,Z.Ertz,PHI,TE,1,8.9,12.9,8.9,12.9
2021,6,00-0034383,D.Schultz,DAL,TE,1,7.9,12.9,7.9,12.9
2021,6,00-0036894,P.Freiermuth,PIT,TE,1,5.8,12.8,5.8,12.8
2021,6,00-0027061,J.Cook,LAC,TE,1,8.5,12.5,8.5,12.5
2021,6,00-0034798,D.Smythe,MIA,TE,1,5.9,10.9,5.9,10.9
2021,6,00-0031610,D.Waller,LV,TE,1,5.9,10.9,5.9,10.9
2021,6,00-0032134,C.Uzomah,CIN,TE,1,7.5,10.5,7.5,10.5
2021,6,00-0033090,H.Henry,NE,TE,1,8.5,10.5,8.5,10.5
2021,6,00-0034270,T.Conklin,MIN,TE,1,7.1,10.1,7.1,10.1
2021,6,00-0033217,M.Alie-Cox,IND,TE,1,8.8,9.8,8.8,9.8
2021,6,00-0031387,E.Ebron,PIT,TE,1,7.1,9.1,7.1,9.1
2021,6,00-0036290,C.Kmet,CHI,TE,1,4.9,8.9,4.9,8.9
2021,6,00-0034159,W.Dissly,SEA,TE,1,6.8,8.8,6.8,8.8
2021,6,00-0033110,T.Higbee,LA,TE,1,3.6,8.6,3.6,8.6
2021,6,00-0034364,J.Akins,HOU,TE,1,4.1,8.1,4.1,8.1
2021,6,00-0034766,C.Herndon,MIN,TE,1,6.2,7.2,6.2,7.2
2021,6,00-0035308,T.Sweeney,BUF,TE,1,6.1,7.1,6.1,7.1
2021,6,00-0033658,B.Jarwin,DAL,TE,1,6.1,7.1,6.1,7.1
2021,6,00-0033895,G.Everett,SEA,TE,1,4.0,6.0,4.0,6.0
2021,6,00-0031273,C.Brate,TB,TE,1,2.6,5.6,2.6,5.6
2021,6,00-0035689,D.Knox,BUF,TE,1,2.5,5.5,2.5,5.5
2021,6,00-0033881,E.Engram,NYG,TE,1,2.4,5.4,2.4,5.4
2021,6,00-0033576,E.Saubert,DEN,TE,1,2.3,5.3,2.3,5.3
2021,6,00-0034365,I.Thomas,CAR,TE,1,4.1,5.1,4.1,5.1
2021,6,00-0034011,D.Arnold,JAX,TE,1,2.7,4.7,2.7,4.7
2021,6,00-0024243,M.Lewis,GB,TE,1,1.7,3.7,1.7,3.7
2021,6,00-0035547,J.Fortson,KC,TE,1,2.7,3.7,2.7,3.7
2021,6,00-0036887,L.Farrell,JAX,TE,1,2.1,3.1,2.1,3.1
2021,6,00-0033757,R.Tonyan,GB,TE,1,1.0,3.0,1.0,3.0
2021,6,00-0035329,D.Parham,LAC,TE,1,1.0,3.0,1.0,3.0
2021,6,00-0033439,P.Brown,HOU,TE,1,0.8,2.8,0.8,2.8
2021,6,00-0033455,A.Firkser,TEN,TE,1,1.1,2.1,1.1,2.1
2021,6,00-0031484,C.Manhertz,JAX,TE,1,1.1,2.1,1.1,2.1
2021,6,00-0034981,F.Moreau,LV,TE,1,1.1,2.1,1.1,2.1
2021,6,00-0033858,J.Smith,NE,TE,1,0.9,1.9,0.9,1.9
2021,6,00-0027981,K.Rudolph,NYG,TE,1,0.8,1.8,0.8,1.8
2021,6,00-0032141,G.Swaim,TEN,TE,1,0.8,1.8,0.8,1.8
2021,6,00-0033338,C.Carter,MIA,TE,1,0.8,1.8,0.8,1.8
2021,6,00-0036628,J.Bates,WAS,TE,1,0.7,1.7,0.7,1.7
2021,6,00-0033885,D.Njoku,CLE,TE,1,0.6,1.6,0.6,1.6
2021,6,00-0032392,A.Hooper,CLE,TE,1,0.4,1.4,0.4,1.4
2021,6,00-0036332,J.Deguara,GB,TE,1,0.4,1.4,0.4,1.4
2021,6,00-0035249,J.Oliver,BAL,TE,1,0.2,1.2,0.2,1.2
2021,6,00-0032725,S.Anderson,LAC,TE,1,-0.1,0.9,-0.1,0.9
2021,6,00-0037004,H.Long,MIA,TE,1,0.0,0.0,0.0,0.0
2021,6,00-0035631,D.Sample,CIN,TE,1,0.0,0.0,0.0,0.0
2021,6,00-0037005,T.Tremble,CAR,TE,1,0.0,0.0,0.0,0.0
2021,6,00-0030181,J.Doyle,IND,TE,1,0.0,0.0,0.0,0.0
2021,6,00-0033387,J.Hollister,JAX,TE,1,0.0,0.0,0.0,0.0
2021,6,00-0033258,D.Daniels,ARI,TE,1,0.0,0.0,0.0,0.0
2021,5,00-0034753,M.Andrews,BAL,TE,1,26.7,37.7,26.7,37.7
2021,5,00-0033885,D.Njoku,CLE,TE,1,20.9,27.9,20.9,27.9
2021,5,00-0036970,K.Pitts,ATL,TE,1,17.9,26.9,17.9,26.9
2021,5,00-0035689,D.Knox,BUF,TE,1,17.7,20.7,17.7,20.7
2021,5,00-0033090,H.Henry,NE,TE,1,13.5,19.5,13.5,19.5
2021,5,00-0030506,T.Kelce,KC,TE,1,11.7,17.7,11.7,17.7
2021,5,00-0034830,H.Hurst,ATL,TE,1,10.0,14.0,10.0,14.0
2021,5,00-0034383,D.Schultz,DAL,TE,1,7.9,13.9,7.9,13.9
2021,5,00-0034011,D.Arnold,JAX,TE,1,6.4,12.4,6.4,12.4
2021,5,00-0035329,D.Parham,LAC,TE,1,8.9,10.9,8.9,10.9
2021,5,00-0033881,E.Engram,NYG,TE,1,5.5,9.5,5.5,9.5
2021,5,00-0033110,T.Higbee,LA,TE,1,7.4,9.4,7.4,9.4
2021,5,00-0037005,T.Tremble,CAR,TE,1,7.2,9.2,7.2,9.2
2021,5,00-0033611,R.Seals-Jones,WAS,TE,1,4.1,9.1,4.1,9.1
2021,5,00-0031610,D.Waller,LV,TE,1,4.5,8.5,4.5,8.5
2021,5,00-0031585,M.Pruitt,TEN,TE,1,7.4,8.4,7.4,8.4
2021,5,00-0034829,M.Gesicki,MIA,TE,1,4.3,8.3,4.3,8.3
2021,5,00-0033421,A.Auclair,HOU,TE,1,7.1,8.1,7.1,8.1
2021,5,00-0034365,I.Thomas,CAR,TE,1,4.0,8.0,4.0,8.0
2021,5,00-0033217,M.Alie-Cox,IND,TE,1,5.0,8.0,5.0,8.0
2021,5,00-0035562,J.Horsted,CHI,TE,1,6.2,7.2,6.2,7.2
2021,5,00-0033387,J.Hollister,JAX,TE,1,6.1,7.1,6.1,7.1
2021,5,00-0036422,A.Trautman,NO,TE,1,4.3,6.3,4.3,6.3
2021,5,00-0033455,A.Firkser,TEN,TE,1,3.3,6.3,3.3,6.3
2021,5,00-0028097,L.Smith,ATL,TE,1,3.0,6.0,3.0,6.0
2021,5,00-0024243,M.Lewis,GB,TE,1,3.4,5.4,3.4,5.4
2021,5,00-0033858,J.Smith,NE,TE,1,3.2,5.2,3.2,5.2
2021,5,00-0035644,N.Fant,DEN,TE,1,2.0,5.0,2.0,5.0
2021,5,00-0034159,W.Dissly,SEA,TE,1,2.9,4.9,2.9,4.9
2021,5,00-0034351,D.Goedert,PHI,TE,1,2.8,4.8,2.8,4.8
2021,5,00-0034073,R.Dwelley,SF,TE,1,2.5,4.5,2.5,4.5
2021,5,00-0034270,T.Conklin,MIN,TE,1,2.5,4.5,2.5,4.5
2021,5,00-0034798,D.Smythe,MIA,TE,1,2.3,4.3,2.3,4.3
2021,5,00-0033439,P.Brown,HOU,TE,1,2.2,4.2,2.2,4.2
2021,5,00-0035229,T.Hockenson,DET,TE,1,2.2,4.2,2.2,4.2
2021,5,00-0036290,C.Kmet,CHI,TE,1,2.2,4.2,2.2,4.2
2021,5,00-0036876,K.Granson,IND,TE,1,1.9,3.9,1.9,3.9
2021,5,00-0033879,O.Howard,TB,TE,1,1.9,3.9,1.9,3.9
2021,5,00-0027061,J.Cook,LAC,TE,1,2.9,3.9,2.9,3.9
2021,5,00-0034364,J.Akins,HOU,TE,1,1.7,3.7,1.7,3.7
2021,5,00-0032134,C.Uzomah,CIN,TE,1,1.6,3.6,1.6,3.6
2021,5,00-0033896,A.Shaheen,MIA,TE,1,1.5,3.5,1.5,3.5
2021,5,00-0035249,J.Oliver,BAL,TE,1,1.3,3.3,1.3,3.3
2021,5,00-0031387,E.Ebron,PIT,TE,1,1.0,3.0,1.0,3.0
2021,5,00-0035631,D.Sample,CIN,TE,1,0.9,2.9,0.9,2.9
2021,5,00-0036894,P.Freiermuth,PIT,TE,1,0.7,2.7,0.7,2.7
2021,5,00-0031558,M.Williams,ARI,TE,1,1.4,2.4,1.4,2.4
2021,5,00-0027981,K.Rudolph,NYG,TE,1,1.4,2.4,1.4,2.4
2021,5,00-0035222,Z.Gentry,PIT,TE,1,1.3,2.3,1.3,2.3
2021,5,00-0036887,L.Farrell,JAX,TE,1,1.3,2.3,1.3,2.3
2021,5,00-0031273,C.Brate,TB,TE,1,1.2,2.2,1.2,2.2
2021,5,00-0033757,R.Tonyan,GB,TE,1,0.8,1.8,0.8,1.8
2021,5,00-0030061,Z.Ertz,PHI,TE,1,0.7,1.7,0.7,1.7
2021,5,00-0032062,B.Bell,KC,TE,1,0.4,1.4,0.4,1.4
2021,5,00-0036429,C.Woerner,SF,TE,1,0.4,1.4,0.4,1.4
2021,5,00-0030108,R.Griffin,NYJ,TE,1,0.4,1.4,0.4,1.4
2021,5,00-0030181,J.Doyle,IND,TE,1,0.4,1.4,0.4,1.4
2021,5,00-0035308,T.Sweeney,BUF,TE,1,0.1,1.1,0.1,1.1
2021,5,00-0036244,C.Parkinson,SEA,TE,1,0.1,1.1,0.1,1.1
2021,5,00-0035823,B.Ellefson,MIN,TE,1,0.0,0.0,0.0,0.0
2021,5,00-0036040,J.Johnson,NO,TE,1,0.0,0.0,0.0,0.0
2021,5,00-0032392,A.Hooper,CLE,TE,1,0.0,0.0,0.0,0.0
2021,5,00-0032141,G.Swaim,TEN,TE,1,0.0,0.0,0.0,0.0
2021,5,00-0032725,S.Anderson,LAC,TE,1,0.0,0.0,0.0,0.0
2021,4,00-0032134,C.Uzomah,CIN,TE,1,21.5,26.5,21.5,26.5
2021,4,00-0035689,D.Knox,BUF,TE,1,15.7,20.7,15.7,20.7
2021,4,00-0033217,M.Alie-Cox,IND,TE,1,16.2,19.2,16.2,19.2
2021,4,00-0027061,J.Cook,LAC,TE,1,13.0,19.0,13.0,19.0
2021,4,00-0034383,D.Schultz,DAL,TE,1,11.8,17.8,11.8,17.8
2021,4,00-0031558,M.Williams,ARI,TE,1,12.6,17.6,12.6,17.6
2021,4,00-0034829,M.Gesicki,MIA,TE,1,11.7,16.7,11.7,16.7
2021,4,00-0035644,N.Fant,DEN,TE,1,10.6,16.6,10.6,16.6
2021,4,00-0034351,D.Goedert,PHI,TE,1,11.6,16.6,11.6,16.6
2021,4,00-0031610,D.Waller,LV,TE,1,11.0,15.0,11.0,15.0
2021,4,00-0033090,H.Henry,NE,TE,1,9.2,13.2,9.2,13.2
2021,4,00-0030061,Z.Ertz,PHI,TE,1,6.0,12.0,6.0,12.0
2021,4,00-0034753,M.Andrews,BAL,TE,1,6.7,11.7,6.7,11.7
2021,4,00-0033858,J.Smith,NE,TE,1,7.4,10.4,7.4,10.4
2021,4,00-0036040,J.Johnson,NO,TE,1,8.0,10.0,8.0,10.0
2021,4,00-0035329,D.Parham,LAC,TE,1,7.7,9.7,7.7,9.7
2021,4,00-0034073,R.Dwelley,SF,TE,1,8.1,9.1,8.1,9.1
2021,4,00-0036970,K.Pitts,ATL,TE,1,5.0,9.0,5.0,9.0
2021,4,00-0033658,B.Jarwin,DAL,TE,1,7.8,8.8,7.8,8.8
2021,4,00-0035229,T.Hockenson,DET,TE,1,4.2,8.2,4.2,8.2
2021,4,00-0033288,G.Kittle,SF,TE,1,4.0,8.0,4.0,8.0
2021,4,00-0033110,T.Higbee,LA,TE,1,3.6,7.6,3.6,7.6
2021,4,00-0033881,E.Engram,NYG,TE,1,2.4,7.4,2.4,7.4
2021,4,00-0035547,J.Fortson,KC,TE,1,6.2,7.2,6.2,7.2
2021,4,00-0034830,H.Hurst,ATL,TE,1,2.9,6.9,2.9,6.9
2021,4,00-0030506,T.Kelce,KC,TE,1,2.3,6.3,2.3,6.3
2021,4,00-0034270,T.Conklin,MIN,TE,1,1.8,5.8,1.8,5.8
2021,4,00-0033455,A.Firkser,TEN,TE,1,2.3,5.3,2.3,5.3
2021,4,00-0034011,D.Arnold,JAX,TE,1,2.9,4.9,2.9,4.9
2021,4,00-0031273,C.Brate,TB,TE,1,2.9,4.9,2.9,4.9
2021,4,00-0034365,I.Thomas,CAR,TE,1,1.5,4.5,1.5,4.5
2021,4,00-0032725,S.Anderson,LAC,TE,1,3.4,4.4,3.4,4.4
2021,4,00-0027981,K.Rudolph,NYG,TE,1,2.4,4.4,2.4,4.4
2021,4,00-0033611,R.Seals-Jones,WAS,TE,1,1.9,3.9,1.9,3.9
2021,4,00-0033885,D.Njoku,CLE,TE,1,1.7,3.7,1.7,3.7
2021,4,00-0030181,J.Doyle,IND,TE,1,2.4,3.4,2.4,3.4
2021,4,00-0033757,R.Tonyan,GB,TE,1,0.8,2.8,0.8,2.8
2021,4,00-0031387,E.Ebron,PIT,TE,1,0.8,2.8,0.8,2.8
2021,4,00-0034798,D.Smythe,MIA,TE,1,0.6,2.6,0.6,2.6
2021,4,00-0034159,W.Dissly,SEA,TE,1,0.5,2.5,0.5,2.5
2021,4,00-0031585,M.Pruitt,TEN,TE,1,1.4,2.4,1.4,2.4
2021,4,00-0036173,T.Hudson,TEN,TE,1,1.4,2.4,1.4,2.4
2021,4,00-0032392,A.Hooper,CLE,TE,1,1.1,2.1,1.1,2.1
2021,4,00-0036894,P.Freiermuth,PIT,TE,1,1.1,2.1,1.1,2.1
2021,4,00-0036423,A.Okwuegbunam,DEN,TE,1,1.1,2.1,1.1,2.1
2021,4,00-0035222,Z.Gentry,PIT,TE,1,1.0,2.0,1.0,2.0
2021,4,00-0033246,J.Mundt,LA,TE,1,0.9,1.9,0.9,1.9
2021,4,00-0030108,R.Griffin,NYJ,TE,1,0.8,1.8,0.8,1.8
2021,4,00-0034364,J.Akins,HOU,TE,1,0.7,1.7,0.7,1.7
2021,4,00-0031484,C.Manhertz,JAX,TE,1,0.7,1.7,0.7,1.7
2021,4,00-0036887,L.Farrell,JAX,TE,1,0.7,1.7,0.7,1.7
2021,4,00-0024243,M.Lewis,GB,TE,1,0.7,1.7,0.7,1.7
2021,4,00-0033439,P.Brown,HOU,TE,1,0.6,1.6,0.6,1.6
2021,4,00-0036290,C.Kmet,CHI,TE,1,0.6,1.6,0.6,1.6
2021,4,00-0033387,J.Hollister,JAX,TE,1,0.5,1.5,0.5,1.5
2021,4,00-0036232,H.Bryant,CLE,TE,1,0.3,1.3,0.3,1.3
2021,4,00-0036422,A.Trautman,NO,TE,1,0.3,1.3,0.3,1.3
2021,4,00-0036876,K.Granson,IND,TE,1,0.3,1.3,0.3,1.3
2021,4,00-0036825,F.Franks,ATL,TE,1,0.3,0.3,0.3,0.3
2021,4,00-0032141,G.Swaim,TEN,TE,1,0.0,0.0,0.0,0.0
2021,4,00-0036637,N.Gray,KC,TE,1,0.0,0.0,0.0,0.0
2021,4,00-0032214,T.Kroft,NYJ,TE,1,0.0,0.0,0.0,0.0
2021,4,00-0033879,O.Howard,TB,TE,1,0.0,0.0,0.0,0.0
2021,4,00-0034735,C.McElroy,TB,TE,1,0.0,0.0,0.0,0.0
2021,4,00-0035259,T.Wesco,NYJ,TE,1,0.0,0.0,0.0,0.0
2021,4,00-0035249,J.Oliver,BAL,TE,1,0.0,0.0,0.0,0.0
2021,4,00-0037005,T.Tremble,CAR,TE,1,0.0,0.0,0.0,0.0
2021,4,00-0033896,A.Shaheen,MIA,TE,1,0.0,0.0,0.0,0.0
2021,3,00-0034383,D.Schultz,DAL,TE,1,20.0,26.0,20.0,26.0
2021,3,00-0034270,T.Conklin,MIN,TE,1,13.0,20.0,13.0,20.0
2021,3,00-0034829,M.Gesicki,MIA,TE,1,8.6,18.6,8.6,18.6
2021,3,00-0030506,T.Kelce,KC,TE,1,10.4,17.4,10.4,17.4
2021,3,00-0033288,G.Kittle,SF,TE,1,10.1,17.1,10.1,17.1
2021,3,00-0034753,M.Andrews,BAL,TE,1,10.9,15.9,10.9,15.9
2021,3,00-0030061,Z.Ertz,PHI,TE,1,11.3,15.3,11.3,15.3
2021,3,00-0033110,T.Higbee,LA,TE,1,10.0,15.0,10.0,15.0
2021,3,00-0035689,D.Knox,BUF,TE,1,10.9,14.9,10.9,14.9
2021,3,00-0031260,L.Thomas,WAS,TE,1,10.2,14.2,10.2,14.2
2021,3,00-0036894,P.Freiermuth,PIT,TE,1,8.2,11.2,8.2,11.2
2021,3,00-0037005,T.Tremble,CAR,TE,1,9.7,10.7,9.7,10.7
2021,3,00-0033895,G.Everett,SEA,TE,1,5.4,10.4,5.4,10.4
2021,3,00-0031610,D.Waller,LV,TE,1,5.4,10.4,5.4,10.4
2021,3,00-0032392,A.Hooper,CLE,TE,1,7.9,9.9,7.9,9.9
2021,3,00-0028097,L.Smith,ATL,TE,1,6.7,9.7,6.7,9.7
2021,3,00-0027656,R.Gronkowski,TB,TE,1,5.5,9.5,5.5,9.5
2021,3,00-0035547,J.Fortson,KC,TE,1,6.7,8.7,6.7,8.7
2021,3,00-0033090,H.Henry,NE,TE,1,3.6,8.6,3.6,8.6
2021,3,00-0034351,D.Goedert,PHI,TE,1,6.6,8.6,6.6,8.6
2021,3,00-0031273,C.Brate,TB,TE,1,3.5,7.5,3.5,7.5
2021,3,00-0034364,J.Akins,HOU,TE,1,3.2,7.2,3.2,7.2
2021,3,00-0032141,G.Swaim,TEN,TE,1,2.7,5.7,2.7,5.7
2021,3,00-0029738,D.Fells,DET,TE,1,3.5,5.5,3.5,5.5
2021,3,00-0036970,K.Pitts,ATL,TE,1,3.5,5.5,3.5,5.5
2021,3,00-0031558,M.Williams,ARI,TE,1,1.9,4.9,1.9,4.9
2021,3,00-0034159,W.Dissly,SEA,TE,1,3.9,4.9,3.9,4.9
2021,3,00-0027061,J.Cook,LAC,TE,1,2.7,4.7,2.7,4.7
2021,3,00-0034011,D.Arnold,CAR,TE,1,2.3,4.3,2.3,4.3
2021,3,00-0033881,E.Engram,NYG,TE,1,2.1,4.1,2.1,4.1
2021,3,00-0035644,N.Fant,DEN,TE,1,1.5,3.5,1.5,3.5
2021,3,00-0033387,J.Hollister,JAX,TE,1,1.5,3.5,1.5,3.5
2021,3,00-0033217,M.Alie-Cox,IND,TE,1,1.4,3.4,1.4,3.4
2021,3,00-0033658,B.Jarwin,DAL,TE,1,1.4,3.4,1.4,3.4
2021,3,00-0032214,T.Kroft,NYJ,TE,1,1.2,3.2,1.2,3.2
2021,3,00-0035229,T.Hockenson,DET,TE,1,1.0,3.0,1.0,3.0
2021,3,00-0035329,D.Parham,LAC,TE,1,1.9,2.9,1.9,2.9
2021,3,00-0035308,T.Sweeney,BUF,TE,1,0.2,2.2,0.2,2.2
2021,3,00-0036290,C.Kmet,CHI,TE,1,1.1,2.1,1.1,2.1
2021,3,00-0033879,O.Howard,TB,TE,1,1.1,2.1,1.1,2.1
2021,3,00-0030181,J.Doyle,IND,TE,1,1.0,2.0,1.0,2.0
2021,3,00-0034988,K.Smith,NYG,TE,1,0.9,1.9,0.9,1.9
2021,3,00-0034981,F.Moreau,LV,TE,1,0.8,1.8,0.8,1.8
2021,3,00-0031585,M.Pruitt,TEN,TE,1,0.7,1.7,0.7,1.7
2021,3,00-0032062,B.Bell,KC,TE,1,0.6,1.6,0.6,1.6
2021,3,00-0033757,R.Tonyan,GB,TE,1,0.6,1.6,0.6,1.6
2021,3,00-0035249,J.Oliver,BAL,TE,1,0.6,1.6,0.6,1.6
2021,3,00-0036423,A.Okwuegbunam,DEN,TE,1,0.6,1.6,0.6,1.6
2021,3,00-0036637,N.Gray,KC,TE,1,0.5,1.5,0.5,1.5
2021,3,00-0030108,R.Griffin,NYJ,TE,1,0.5,1.5,0.5,1.5
2021,3,00-0036332,J.Deguara,GB,TE,1,0.4,1.4,0.4,1.4
2021,3,00-0033858,J.Smith,NE,TE,1,0.4,1.4,0.4,1.4
2021,3,00-0036173,T.Hudson,TEN,TE,1,0.3,1.3,0.3,1.3
2021,3,00-0036887,L.Farrell,JAX,TE,1,-0.1,0.9,-0.1,0.9
2021,3,00-0032134,C.Uzomah,CIN,TE,1,0.0,0.0,0.0,0.0
2021,3,00-0027696,J.Graham,CHI,TE,1,0.0,0.0,0.0,0.0
2021,3,00-0034798,D.Smythe,MIA,TE,1,0.0,0.0,0.0,0.0
2021,3,00-0036232,H.Bryant,CLE,TE,1,0.0,0.0,0.0,0.0
2021,3,00-0036422,A.Trautman,NO,TE,1,0.0,0.0,0.0,0.0
2021,3,00-0031387,E.Ebron,PIT,TE,1,0.0,0.0,0.0,0.0
2021,3,00-0036040,J.Johnson,NO,TE,1,0.0,0.0,0.0,0.0
2021,3,00-0034830,H.Hurst,ATL,TE,1,0.0,0.0,0.0,0.0
2021,2,00-0030506,T.Kelce,KC,TE,1,16.9,23.9,16.9,23.9
2021,2,00-0035229,T.Hockenson,DET,TE,1,12.6,20.6,12.6,20.6
2021,2,00-0027656,R.Gronkowski,TB,TE,1,15.9,19.9,15.9,19.9
2021,2,00-0031558,M.Williams,ARI,TE,1,9.4,16.4,9.4,16.4
2021,2,00-0033757,R.Tonyan,GB,TE,1,11.2,14.2,11.2,14.2
2021,2,00-0035644,N.Fant,DEN,TE,1,9.3,13.3,9.3,13.3
2021,2,00-0036970,K.Pitts,ATL,TE,1,7.3,12.3,7.3,12.3
2021,2,00-0031610,D.Waller,LV,TE,1,6.5,11.5,6.5,11.5
2021,2,00-0034981,F.Moreau,LV,TE,1,9.4,11.4,9.4,11.4
2021,2,00-0030181,J.Doyle,IND,TE,1,6.4,11.4,6.4,11.4
2021,2,00-0034753,M.Andrews,BAL,TE,1,5.7,10.7,5.7,10.7
2021,2,00-0035689,D.Knox,BUF,TE,1,7.7,9.7,7.7,9.7
2021,2,00-0031260,L.Thomas,WAS,TE,1,4.5,9.5,4.5,9.5
2021,2,00-0032392,A.Hooper,CLE,TE,1,4.0,9.0,4.0,9.0
2021,2,00-0033611,R.Seals-Jones,WAS,TE,1,7.9,8.9,7.9,8.9
2021,2,00-0036232,H.Bryant,CLE,TE,1,4.9,8.9,4.9,8.9
2021,2,00-0034011,D.Arnold,CAR,TE,1,5.5,8.5,5.5,8.5
2021,2,00-0036894,P.Freiermuth,PIT,TE,1,3.6,7.6,3.6,7.6
2021,2,00-0031585,M.Pruitt,TEN,TE,1,4.3,7.3,4.3,7.3
2021,2,00-0034829,M.Gesicki,MIA,TE,1,4.1,7.1,4.1,7.1
2021,2,00-0033858,J.Smith,NE,TE,1,2.8,6.8,2.8,6.8
2021,2,00-0033658,B.Jarwin,DAL,TE,1,3.7,6.7,3.7,6.7
2021,2,00-0036423,A.Okwuegbunam,DEN,TE,1,2.4,6.4,2.4,6.4
2021,2,00-0033090,H.Henry,NE,TE,1,4.2,6.2,4.2,6.2
2021,2,00-0027061,J.Cook,LAC,TE,1,2.8,5.8,2.8,5.8
2021,2,00-0033288,G.Kittle,SF,TE,1,1.7,5.7,1.7,5.7
2021,2,00-0027981,K.Rudolph,NYG,TE,1,2.5,4.5,2.5,4.5
2021,2,00-0034988,K.Smith,NYG,TE,1,2.4,4.4,2.4,4.4
2021,2,00-0034351,D.Goedert,PHI,TE,1,2.4,4.4,2.4,4.4
2021,2,00-0033885,D.Njoku,CLE,TE,1,1.8,3.8,1.8,3.8
2021,2,00-0034383,D.Schultz,DAL,TE,1,1.8,3.8,1.8,3.8
2021,2,00-0034270,T.Conklin,MIN,TE,1,1.5,3.5,1.5,3.5
2021,2,00-0031951,J.O'Shaughnessy,JAX,TE,1,2.4,3.4,2.4,3.4
2021,2,00-0036040,J.Johnson,NO,TE,1,2.3,3.3,2.3,3.3
2021,2,00-0029119,D.Carrier,LV,TE,1,1.3,3.3,1.3,3.3
2021,2,00-0033879,O.Howard,TB,TE,1,2.1,3.1,2.1,3.1
2021,2,00-0032062,B.Bell,KC,TE,1,2.0,3.0,2.0,3.0
2021,2,00-0032141,G.Swaim,TEN,TE,1,1.0,3.0,1.0,3.0
2021,2,00-0030108,R.Griffin,NYJ,TE,1,1.0,3.0,1.0,3.0
2021,2,00-0032725,S.Anderson,LAC,TE,1,0.9,2.9,0.9,2.9
2021,2,00-0033217,M.Alie-Cox,IND,TE,1,1.8,2.8,1.8,2.8
2021,2,00-0034364,J.Akins,HOU,TE,1,1.7,2.7,1.7,2.7
2021,2,00-0036173,T.Hudson,TEN,TE,1,1.4,2.4,1.4,2.4
2021,2,00-0032134,C.Uzomah,CIN,TE,1,0.4,2.4,0.4,2.4
2021,2,00-0035547,J.Fortson,KC,TE,1,1.1,2.1,1.1,2.1
2021,2,00-0035249,J.Oliver,BAL,TE,1,0.9,1.9,0.9,1.9
2021,2,00-0028097,L.Smith,ATL,TE,1,0.9,1.9,0.9,1.9
2021,2,00-0031273,C.Brate,TB,TE,1,0.8,1.8,0.8,1.8
2021,2,00-0033110,T.Higbee,LA,TE,1,0.8,1.8,0.8,1.8
2021,2,00-0033338,C.Carter,MIA,TE,1,0.8,1.8,0.8,1.8
2021,2,00-0032214,T.Kroft,NYJ,TE,1,0.8,1.8,0.8,1.8
2021,2,00-0033576,E.Saubert,DEN,TE,1,0.7,1.7,0.7,1.7
2021,2,00-0034365,I.Thomas,CAR,TE,1,0.7,1.7,0.7,1.7
2021,2,00-0034830,H.Hurst,ATL,TE,1,0.6,1.6,0.6,1.6
2021,2,00-0036887,L.Farrell,JAX,TE,1,0.6,1.6,0.6,1.6
2021,2,00-0030061,Z.Ertz,PHI,TE,1,0.6,1.6,0.6,1.6
2021,2,00-0033895,G.Everett,SEA,TE,1,0.3,1.3,0.3,1.3
2021,2,00-0036290,C.Kmet,CHI,TE,1,0.0,1.0,0.0,1.0
2021,2,00-0031484,C.Manhertz,JAX,TE,1,0.0,0.0,0.0,0.0
2021,2,00-0033439,P.Brown,HOU,TE,1,0.0,0.0,0.0,0.0
2021,2,00-0035572,P.Hesse,ATL,TE,1,0.0,0.0,0.0,0.0
2021,2,00-0031387,E.Ebron,PIT,TE,1,0.0,0.0,0.0,0.0
2021,1,00-0027656,R.Gronkowski,TB,TE,1,21.0,29.0,21.0,29.0
2021,1,00-0031610,D.Waller,LV,TE,1,16.5,26.5,16.5,26.5
2021,1,00-0030506,T.Kelce,KC,TE,1,19.6,25.6,19.6,25.6
2021,1,00-0035229,T.Hockenson,DET,TE,1,15.7,23.7,15.7,23.7
2021,1,00-0036040,J.Johnson,NO,TE,1,14.1,17.1,14.1,17.1
2021,1,00-0034351,D.Goedert,PHI,TE,1,10.2,14.2,10.2,14.2
2021,1,00-0035644,N.Fant,DEN,TE,1,6.2,12.2,6.2,12.2
2021,1,00-0031260,L.Thomas,WAS,TE,1,9.0,12.0,9.0,12.0
2021,1,00-0033288,G.Kittle,SF,TE,1,7.8,11.8,7.8,11.8
2021,1,00-0033110,T.Higbee,LA,TE,1,6.8,11.8,6.8,11.8
2021,1,00-0031951,J.O'Shaughnessy,JAX,TE,1,4.8,10.8,4.8,10.8
2021,1,00-0033439,P.Brown,HOU,TE,1,6.7,10.7,6.7,10.7
2021,1,00-0033885,D.Njoku,CLE,TE,1,7.6,10.6,7.6,10.6
2021,1,00-0036423,A.Okwuegbunam,DEN,TE,1,7.6,10.6,7.6,10.6
2021,1,00-0027061,J.Cook,LAC,TE,1,5.6,10.6,5.6,10.6
2021,1,00-0034383,D.Schultz,DAL,TE,1,4.5,10.5,4.5,10.5
2021,1,00-0033895,G.Everett,SEA,TE,1,8.0,10.0,8.0,10.0
2021,1,00-0033858,J.Smith,NE,TE,1,4.8,9.8,4.8,9.8
2021,1,00-0036290,C.Kmet,CHI,TE,1,4.2,9.2,4.2,9.2
2021,1,00-0031484,C.Manhertz,JAX,TE,1,8.2,9.2,8.2,9.2
2021,1,00-0035689,D.Knox,BUF,TE,1,4.1,8.1,4.1,8.1
2021,1,00-0034270,T.Conklin,MIN,TE,1,4.1,8.1,4.1,8.1
2021,1,00-0036970,K.Pitts,ATL,TE,1,3.1,7.1,3.1,7.1
2021,1,00-0034830,H.Hurst,ATL,TE,1,2.8,6.8,2.8,6.8
2021,1,00-0034159,W.Dissly,SEA,TE,1,3.7,6.7,3.7,6.7
2021,1,00-0033090,H.Henry,NE,TE,1,3.1,6.1,3.1,6.1
2021,1,00-0032392,A.Hooper,CLE,TE,1,2.7,5.7,2.7,5.7
2021,1,00-0032214,T.Kroft,NYJ,TE,1,2.6,5.6,2.6,5.6
2021,1,00-0032134,C.Uzomah,CIN,TE,1,3.5,5.5,3.5,5.5
2021,1,00-0030061,Z.Ertz,PHI,TE,1,3.4,5.4,3.4,5.4
2021,1,00-0030108,R.Griffin,NYJ,TE,1,2.2,5.2,2.2,5.2
2021,1,00-0030181,J.Doyle,IND,TE,1,2.1,5.1,2.1,5.1
2021,1,00-0033658,B.Jarwin,DAL,TE,1,2.0,5.0,2.0,5.0
2021,1,00-0034753,M.Andrews,BAL,TE,1,2.0,5.0,2.0,5.0
2021,1,00-0033455,A.Firkser,TEN,TE,1,1.9,4.9,1.9,4.9
2021,1,00-0036422,A.Trautman,NO,TE,1,1.8,4.8,1.8,4.8
2021,1,00-0036894,P.Freiermuth,PIT,TE,1,2.4,3.4,2.4,3.4
2021,1,00-0024243,M.Lewis,GB,TE,1,1.9,2.9,1.9,2.9
2021,1,00-0031387,E.Ebron,PIT,TE,1,1.9,2.9,1.9,2.9
2021,1,00-0027981,K.Rudolph,NYG,TE,1,0.8,2.8,0.8,2.8
2021,1,00-0033757,R.Tonyan,GB,TE,1,0.8,2.8,0.8,2.8
2021,1,00-0036232,H.Bryant,CLE,TE,1,1.7,2.7,1.7,2.7
2021,1,00-0034365,I.Thomas,CAR,TE,1,1.7,2.7,1.7,2.7
2021,1,00-0034011,D.Arnold,CAR,TE,1,0.6,2.6,0.6,2.6
2021,1,00-0027696,J.Graham,CHI,TE,1,1.1,2.1,1.1,2.1
2021,1,00-0034798,D.Smythe,MIA,TE,1,0.9,1.9,0.9,1.9
2021,1,00-0033576,E.Saubert,DEN,TE,1,0.7,1.7,0.7,1.7
2021,1,00-0032062,B.Bell,KC,TE,1,0.5,1.5,0.5,1.5
2021,1,00-0029738,D.Fells,DET,TE,1,0.2,1.2,0.2,1.2
2021,1,00-0032725,S.Anderson,LAC,TE,1,0.1,1.1,0.1,1.1
2021,1,00-0035222,Z.Gentry,PIT,TE,1,-0.2,0.8,-0.2,0.8
2021,1,00-0034766,C.Herndon,MIN,TE,1,0.0,0.0,0.0,0.0
2021,1,00-0030155,D.Harris,ARI,TE,1,0.0,0.0,0.0,0.0
2021,1,00-0033217,M.Alie-Cox,IND,TE,1,0.0,0.0,0.0,0.0
2021,1,00-0032141,G.Swaim,TEN,TE,1,0.0,0.0,0.0,0.0
2021,1,00-0035249,J.Oliver,BAL,TE,1,0.0,0.0,0.0,0.0
2021,1,00-0035329,D.Parham,LAC,TE,1,0.0,0.0,0.0,0.0
2021,1,00-0034829,M.Gesicki,MIA,TE,1,0.0,0.0,0.0,0.0
2021,1,00-0034364,J.Akins,HOU,TE,1,0.0,0.0,0.0,0.0
2021,1,00-0031558,M.Williams,ARI,TE,1,0.0,0.0,0.0,0.0
2020,21,00-0027656,R.Gronkowski,TB,TE,1,18.7,24.7,18.7,24.7
2020,21,00-0030506,T.Kelce,KC,TE,1,13.3,23.3,13.3,23.3
2020,21,00-0031273,C.Brate,TB,TE,1,2.6,5.6,2.6,5.6
2020,21,00-0034613,T.Hudson,TB,TE,1,0.0,0.0,0.0,0.0
2020,20,00-0030506,T.Kelce,KC,TE,1,23.8,36.8,23.8,36.8
2020,20,00-0035689,D.Knox,BUF,TE,1,10.2,16.2,10.2,16.2
2020,20,00-0033757,R.Tonyan,GB,TE,1,8.2,12.2,8.2,12.2
2020,20,00-0031273,C.Brate,TB,TE,1,7.9,10.9,7.9,10.9
2020,20,00-0024243,M.Lewis,GB,TE,1,2.8,5.8,2.8,5.8
2020,20,00-0027656,R.Gronkowski,TB,TE,1,2.9,3.9,2.9,3.9
2020,20,00-0034192,N.Keizer,KC,TE,1,0.0,0.0,0.0,0.0
2020,19,00-0030506,T.Kelce,KC,TE,1,16.9,24.9,16.9,24.9
2020,19,00-0033757,R.Tonyan,GB,TE,1,6.0,10.0,6.0,10.0
2020,19,00-0033885,D.Njoku,CLE,TE,1,5.9,9.9,5.9,9.9
2020,19,00-0031273,C.Brate,TB,TE,1,5.0,9.0,5.0,9.0
2020,19,00-0027061,J.Cook,NO,TE,1,2.8,7.8,2.8,7.8
2020,19,00-0034753,M.Andrews,BAL,TE,1,2.8,6.8,2.8,6.8
2020,19,00-0035689,D.Knox,BUF,TE,1,1.8,3.8,1.8,3.8
2020,19,00-0032392,A.Hooper,CLE,TE,1,1.6,3.6,1.6,3.6
2020,19,00-0033110,T.Higbee,LA,TE,1,0.5,2.5,0.5,2.5
2020,19,00-0027656,R.Gronkowski,TB,TE,1,1.4,2.4,1.4,2.4
2020,19,00-0030216,J.Hill,NO,TE,1,-0.3,0.7,-0.3,0.7
2020,19,00-0036232,H.Bryant,CLE,TE,1,0.0,0.0,0.0,0.0
2020,19,00-0033895,G.Everett,LA,TE,1,0.0,0.0,0.0,0.0
2020,18,00-0030181,J.Doyle,IND,TE,1,13.0,20.0,13.0,20.0
2020,18,00-0031387,E.Ebron,PIT,TE,1,12.2,19.2,12.2,19.2
2020,18,00-0032392,A.Hooper,CLE,TE,1,10.6,17.6,10.6,17.6
2020,18,00-0031260,L.Thomas,WAS,TE,1,7.4,12.4,7.4,12.4
2020,18,00-0031273,C.Brate,TB,TE,1,8.0,12.0,8.0,12.0
2020,18,00-0027696,J.Graham,CHI,TE,1,8.5,10.5,8.5,10.5
2020,18,00-0035689,D.Knox,BUF,TE,1,6.5,8.5,6.5,8.5
2020,18,00-0034753,M.Andrews,BAL,TE,1,4.1,8.1,4.1,8.1
2020,18,00-0027061,J.Cook,NO,TE,1,4.0,8.0,4.0,8.0
2020,18,00-0033217,M.Alie-Cox,IND,TE,1,3.2,7.2,3.2,7.2
2020,18,00-0033455,A.Firkser,TEN,TE,1,4.4,6.4,4.4,6.4
2020,18,00-0030710,T.Burton,IND,TE,1,3.4,6.4,3.4,6.4
2020,18,00-0036290,C.Kmet,CHI,TE,1,1.6,4.6,1.6,4.6
2020,18,00-0033357,T.Hill,NO,TE,1,2.0,4.0,2.0,4.0
2020,18,00-0033858,J.Smith,TEN,TE,1,0.9,2.9,0.9,2.9
2020,18,00-0033528,J.Sprinkle,WAS,TE,1,0.8,1.8,0.8,1.8
2020,18,00-0033885,D.Njoku,CLE,TE,1,0.7,1.7,0.7,1.7
2020,18,00-0032141,G.Swaim,TEN,TE,1,0.5,1.5,0.5,1.5
2020,18,00-0036422,A.Trautman,NO,TE,1,0.4,1.4,0.4,1.4
2020,18,00-0033110,T.Higbee,LA,TE,1,0.4,1.4,0.4,1.4
2020,18,00-0034159,W.Dissly,SEA,TE,1,0.1,1.1,0.1,1.1
2020,18,00-0033895,G.Everett,LA,TE,1,0.0,0.0,0.0,0.0
2020,18,00-0030470,V.McDonald,PIT,TE,1,0.0,0.0,0.0,0.0
2020,18,00-0027656,R.Gronkowski,TB,TE,1,0.0,0.0,0.0,0.0
2020,18,00-0033387,J.Hollister,SEA,TE,1,0.0,0.0,0.0,0.0
2020,17,00-0031610,D.Waller,LV,TE,1,17.7,26.7,17.7,26.7
2020,17,00-0034766,C.Herndon,NYJ,TE,1,12.3,19.3,12.3,19.3
2020,17,00-0033439,P.Brown,HOU,TE,1,10.8,15.8,10.8,15.8
2020,17,00-0027061,J.Cook,NO,TE,1,10.3,14.3,10.3,14.3
2020,17,00-0034383,D.Schultz,DAL,TE,1,7.0,14.0,7.0,14.0
2020,17,00-0033288,G.Kittle,SF,TE,1,6.8,13.8,6.8,13.8
2020,17,00-0032392,A.Hooper,CLE,TE,1,9.7,13.7,9.7,13.7
2020,17,00-0034830,H.Hurst,ATL,TE,1,8.8,12.8,8.8,12.8
2020,17,00-0035329,D.Parham,LAC,TE,1,9.7,12.7,9.7,12.7
2020,17,00-0031260,L.Thomas,WAS,TE,1,9.7,12.7,9.7,12.7
2020,17,00-0036194,D.Asiasi,NE,TE,1,9.9,11.9,9.9,11.9
2020,17,00-0033357,T.Hill,NO,TE,1,10.6,11.6,10.6,11.6
2020,17,00-0036290,C.Kmet,CHI,TE,1,4.1,11.1,4.1,11.1
2020,17,00-0033757,R.Tonyan,GB,TE,1,7.8,9.8,7.8,9.8
2020,17,00-0034829,M.Gesicki,MIA,TE,1,4.7,9.7,4.7,9.7
2020,17,00-0034393,T.Fumagalli,DEN,TE,1,7.5,9.5,7.5,9.5
2020,17,00-0035644,N.Fant,DEN,TE,1,4.8,8.8,4.8,8.8
2020,17,00-0036456,D.Dafney,GB,TE,1,7.3,8.3,7.3,8.3
2020,17,00-0030470,V.McDonald,PIT,TE,1,3.3,8.3,3.3,8.3
2020,17,00-0032725,S.Anderson,LAC,TE,1,5.2,8.2,5.2,8.2
2020,17,00-0034011,D.Arnold,ARI,TE,1,4.6,7.6,4.6,7.6
2020,17,00-0033110,T.Higbee,LA,TE,1,4.1,7.1,4.1,7.1
2020,17,00-0034270,T.Conklin,MIN,TE,1,4.0,7.0,4.0,7.0
2020,17,00-0034753,M.Andrews,BAL,TE,1,2.7,6.7,2.7,6.7
2020,17,00-0035229,T.Hockenson,DET,TE,1,2.5,5.5,2.5,5.5
2020,17,00-0034798,D.Smythe,MIA,TE,1,2.3,5.3,2.3,5.3
2020,17,00-0034970,I.Smith,MIN,TE,1,3.0,5.0,3.0,5.0
2020,17,00-0027656,R.Gronkowski,TB,TE,1,2.9,4.9,2.9,4.9
2020,17,00-0035689,D.Knox,BUF,TE,1,2.9,4.9,2.9,4.9
2020,17,00-0030181,J.Doyle,IND,TE,1,1.7,4.7,1.7,4.7
2020,17,00-0030061,Z.Ertz,PHI,TE,1,1.6,4.6,1.6,4.6
2020,17,00-0033895,G.Everett,LA,TE,1,2.5,4.5,2.5,4.5
2020,17,00-0034073,R.Dwelley,SF,TE,1,2.1,4.1,2.1,4.1
2020,17,00-0033455,A.Firkser,TEN,TE,1,1.8,3.8,1.8,3.8
2020,17,00-0035624,N.Harry,NE,TE,1,1.7,3.7,1.7,3.7
2020,17,00-0033881,E.Engram,NYG,TE,1,1.7,3.7,1.7,3.7
2020,17,00-0035631,D.Sample,CIN,TE,1,1.5,3.5,1.5,3.5
2020,17,00-0033885,D.Njoku,CLE,TE,1,1.3,3.3,1.3,3.3
2020,17,00-0033896,A.Shaheen,MIA,TE,1,2.2,3.2,2.2,3.2
2020,17,00-0033338,C.Carter,CIN,TE,1,2.1,3.1,2.1,3.1
2020,17,00-0034159,W.Dissly,SEA,TE,1,2.0,3.0,2.0,3.0
2020,17,00-0032098,D.Brown,NYJ,TE,1,1.8,2.8,1.8,2.8
2020,17,00-0034319,D.Yelder,KC,TE,1,0.6,2.6,0.6,2.6
2020,17,00-0034988,K.Smith,NYG,TE,1,1.6,2.6,1.6,2.6
2020,17,00-0027696,J.Graham,CHI,TE,1,0.5,2.5,0.5,2.5
2020,17,00-0036433,T.Stevens,CAR,TE,1,2.4,2.4,2.4,2.4
2020,17,00-0028042,L.Stocker,ATL,TE,1,1.3,2.3,1.3,2.3
2020,17,00-0031273,C.Brate,TB,TE,1,1.1,2.1,1.1,2.1
2020,17,00-0030443,L.Toilolo,NYG,TE,1,1.0,2.0,1.0,2.0
2020,17,00-0030549,T.Eifert,JAX,TE,1,1.0,2.0,1.0,2.0
2020,17,00-0031951,J.O'Shaughnessy,JAX,TE,1,1.0,2.0,1.0,2.0
2020,17,00-0033576,E.Saubert,JAX,TE,1,0.9,1.9,0.9,1.9
2020,17,00-0034364,J.Akins,HOU,TE,1,0.9,1.9,0.9,1.9
2020,17,00-0024243,M.Lewis,GB,TE,1,0.9,1.9,0.9,1.9
2020,17,00-0033858,J.Smith,TEN,TE,1,0.8,1.8,0.8,1.8
2020,17,00-0034981,F.Moreau,LV,TE,1,0.7,1.7,0.7,1.7
2020,17,00-0033387,J.Hollister,SEA,TE,1,0.6,1.6,0.6,1.6
2020,17,00-0036225,D.Keene,NE,TE,1,0.6,1.6,0.6,1.6
2020,17,00-0036422,A.Trautman,NO,TE,1,0.5,1.5,0.5,1.5
2020,17,00-0036040,J.Johnson,NO,TE,1,0.4,1.4,0.4,1.4
2020,17,00-0036429,C.Woerner,SF,TE,1,0.3,1.3,0.3,1.3
2020,17,00-0032135,J.James,DET,TE,1,0.2,1.2,0.2,1.2
2020,17,00-0034365,I.Thomas,CAR,TE,1,-0.1,0.9,-0.1,0.9
2020,17,00-0036008,H.Bryant,DET,TE,1,0.0,0.0,0.0,0.0
2020,17,00-0034193,K.Rader,PIT,TE,1,0.0,0.0,0.0,0.0
2020,16,00-0034970,I.Smith,MIN,TE,1,17.3,23.3,17.3,23.3
2020,16,00-0027696,J.Graham,CHI,TE,1,18.9,22.9,18.9,22.9
2020,16,00-0030506,T.Kelce,KC,TE,1,15.8,22.8,15.8,22.8
2020,16,00-0027656,R.Gronkowski,TB,TE,1,17.8,19.8,17.8,19.8
2020,16,00-0031610,D.Waller,LV,TE,1,11.2,16.2,11.2,16.2
2020,16,00-0034830,H.Hurst,ATL,TE,1,10.7,15.7,10.7,15.7
2020,16,00-0031387,E.Ebron,PIT,TE,1,10.7,15.7,10.7,15.7
2020,16,00-0032392,A.Hooper,CLE,TE,1,7.1,14.1,7.1,14.1
2020,16,00-0033881,E.Engram,NYG,TE,1,7.0,14.0,7.0,14.0
2020,16,00-0034753,M.Andrews,BAL,TE,1,7.6,13.6,7.6,13.6
2020,16,00-0034766,C.Herndon,NYJ,TE,1,9.4,13.4,9.4,13.4
2020,16,00-0031260,L.Thomas,WAS,TE,1,6.3,13.3,6.3,13.3
2020,16,00-0033288,G.Kittle,SF,TE,1,9.2,13.2,9.2,13.2
2020,16,00-0035644,N.Fant,DEN,TE,1,6.5,12.5,6.5,12.5
2020,16,00-0033858,J.Smith,TEN,TE,1,9.0,12.0,9.0,12.0
2020,16,00-0027061,J.Cook,NO,TE,1,8.2,11.2,8.2,11.2
2020,16,00-0028097,L.Smith,BUF,TE,1,9.1,11.1,9.1,11.1
2020,16,00-0033357,T.Hill,NO,TE,1,10.1,11.1,10.1,11.1
2020,16,00-0033387,J.Hollister,SEA,TE,1,7.7,9.7,7.7,9.7
2020,16,00-0034829,M.Gesicki,MIA,TE,1,5.4,9.4,5.4,9.4
2020,16,00-0029738,D.Fells,HOU,TE,1,8.2,9.2,8.2,9.2
2020,16,00-0030181,J.Doyle,IND,TE,1,5.0,9.0,5.0,9.0
2020,16,00-0032725,S.Anderson,LAC,TE,1,4.8,8.8,4.8,8.8
2020,16,00-0035689,D.Knox,BUF,TE,1,5.1,8.1,5.1,8.1
2020,16,00-0034364,J.Akins,HOU,TE,1,3.9,7.9,3.9,7.9
2020,16,00-0035631,D.Sample,CIN,TE,1,6.8,7.8,6.8,7.8
2020,16,00-0034270,T.Conklin,MIN,TE,1,3.1,7.1,3.1,7.1
2020,16,00-0034351,D.Goedert,PHI,TE,1,3.8,6.8,3.8,6.8
2020,16,00-0036232,H.Bryant,CLE,TE,1,3.7,6.7,3.7,6.7
2020,16,00-0035329,D.Parham,LAC,TE,1,4.7,6.7,4.7,6.7
2020,16,00-0033885,D.Njoku,CLE,TE,1,2.6,6.6,2.6,6.6
2020,16,00-0036422,A.Trautman,NO,TE,1,4.5,6.5,4.5,6.5
2020,16,00-0033110,T.Higbee,LA,TE,1,3.4,6.4,3.4,6.4
2020,16,00-0030061,Z.Ertz,PHI,TE,1,3.3,6.3,3.3,6.3
2020,16,00-0035229,T.Hockenson,DET,TE,1,2.3,6.3,2.3,6.3
2020,16,00-0034011,D.Arnold,ARI,TE,1,2.5,5.5,2.5,5.5
2020,16,00-0034383,D.Schultz,DAL,TE,1,2.1,5.1,2.1,5.1
2020,16,00-0030710,T.Burton,IND,TE,1,1.8,4.8,1.8,4.8
2020,16,00-0034159,W.Dissly,SEA,TE,1,1.7,4.7,1.7,4.7
2020,16,00-0031273,C.Brate,TB,TE,1,2.7,4.7,2.7,4.7
2020,16,00-0033439,P.Brown,HOU,TE,1,2.9,3.9,2.9,3.9
2020,16,00-0031951,J.O'Shaughnessy,JAX,TE,1,1.8,3.8,1.8,3.8
2020,16,00-0030549,T.Eifert,JAX,TE,1,1.7,3.7,1.7,3.7
2020,16,00-0036290,C.Kmet,CHI,TE,1,1.5,3.5,1.5,3.5
2020,16,00-0033895,G.Everett,LA,TE,1,1.3,3.3,1.3,3.3
2020,16,00-0022127,J.Witten,LV,TE,1,1.2,3.2,1.2,3.2
2020,16,00-0033217,M.Alie-Cox,IND,TE,1,2.0,3.0,2.0,3.0
2020,16,00-0034613,T.Hudson,TB,TE,1,2.0,3.0,2.0,3.0
2020,16,00-0036040,J.Johnson,NO,TE,1,1.9,2.9,1.9,2.9
2020,16,00-0033757,R.Tonyan,GB,TE,1,1.7,2.7,1.7,2.7
2020,16,00-0034798,D.Smythe,MIA,TE,1,0.6,2.6,0.6,2.6
2020,16,00-0025418,G.Olsen,SEA,TE,1,1.5,2.5,1.5,2.5
2020,16,00-0036456,D.Dafney,GB,TE,1,1.3,2.3,1.3,2.3
2020,16,00-0032098,D.Brown,NYJ,TE,1,1.3,2.3,1.3,2.3
2020,16,00-0034319,D.Yelder,KC,TE,1,1.2,2.2,1.2,2.2
2020,16,00-0033455,A.Firkser,TEN,TE,1,1.1,2.1,1.1,2.1
2020,16,00-0028042,L.Stocker,ATL,TE,1,0.9,1.9,0.9,1.9
2020,16,00-0032062,B.Bell,DAL,TE,1,0.7,1.7,0.7,1.7
2020,16,00-0033258,D.Daniels,ARI,TE,1,0.7,1.7,0.7,1.7
2020,16,00-0030470,V.McDonald,PIT,TE,1,0.5,1.5,0.5,1.5
2020,16,00-0035624,N.Harry,NE,TE,1,0.3,1.3,0.3,1.3
2020,16,00-0033896,A.Shaheen,MIA,TE,1,0.3,1.3,0.3,1.3
2020,16,00-0035660,K.Warring,HOU,TE,1,0.3,1.3,0.3,1.3
2020,16,00-0034393,T.Fumagalli,DEN,TE,1,0.0,0.0,0.0,0.0
2020,16,00-0036194,D.Asiasi,NE,TE,1,0.0,0.0,0.0,0.0
2020,16,00-0032135,J.James,DET,TE,1,0.0,0.0,0.0,0.0
2020,16,00-0033080,S.DeValve,ARI,TE,1,0.0,0.0,0.0,0.0
2020,16,00-0030472,J.Reed,SF,TE,1,0.0,0.0,0.0,0.0
2020,15,00-0031610,D.Waller,LV,TE,1,21.0,30.0,21.0,30.0
2020,15,00-0031260,L.Thomas,WAS,TE,1,10.1,23.1,10.1,23.1
2020,15,00-0035644,N.Fant,DEN,TE,1,12.8,20.8,12.8,20.8
2020,15,00-0030506,T.Kelce,KC,TE,1,12.8,20.8,12.8,20.8
2020,15,00-0034753,M.Andrews,BAL,TE,1,12.6,17.6,12.6,17.6
2020,15,00-0033090,H.Henry,LAC,TE,1,12.5,17.5,12.5,17.5
2020,15,00-0033110,T.Higbee,LA,TE,1,12.7,16.7,12.7,16.7
2020,15,00-0032392,A.Hooper,CLE,TE,1,10.1,15.1,10.1,15.1
2020,15,00-0034270,T.Conklin,MIN,TE,1,11.7,14.7,11.7,14.7
2020,15,00-0034830,H.Hurst,ATL,TE,1,8.1,12.1,8.1,12.1
2020,15,00-0035689,D.Knox,BUF,TE,1,9.6,11.6,9.6,11.6
2020,15,00-0033757,R.Tonyan,GB,TE,1,7.8,10.8,7.8,10.8
2020,15,00-0033858,J.Smith,TEN,TE,1,5.2,10.2,5.2,10.2
2020,15,00-0034364,J.Akins,HOU,TE,1,5.0,10.0,5.0,10.0
2020,15,00-0030472,J.Reed,SF,TE,1,7.8,9.8,7.8,9.8
2020,15,00-0033387,J.Hollister,SEA,TE,1,7.7,9.7,7.7,9.7
2020,15,00-0031273,C.Brate,TB,TE,1,5.4,9.4,5.4,9.4
2020,15,00-0034383,D.Schultz,DAL,TE,1,7.4,9.4,7.4,9.4
2020,15,00-0034798,D.Smythe,MIA,TE,1,4.0,9.0,4.0,9.0
2020,15,00-0030061,Z.Ertz,PHI,TE,1,6.9,8.9,6.9,8.9
2020,15,00-0033881,E.Engram,NYG,TE,1,4.6,8.6,4.6,8.6
2020,15,00-0034011,D.Arnold,ARI,TE,1,5.4,8.4,5.4,8.4
2020,15,00-0030549,T.Eifert,JAX,TE,1,5.1,8.1,5.1,8.1
2020,15,00-0034351,D.Goedert,PHI,TE,1,3.9,7.9,3.9,7.9
2020,15,00-0034766,C.Herndon,NYJ,TE,1,4.8,7.8,4.8,7.8
2020,15,00-0034970,I.Smith,MIN,TE,1,3.7,6.7,3.7,6.7
2020,15,00-0033357,T.Hill,NO,TE,1,6.3,6.3,6.3,6.3
2020,15,00-0034365,I.Thomas,CAR,TE,1,2.9,5.9,2.9,5.9
2020,15,00-0027656,R.Gronkowski,TB,TE,1,2.9,5.9,2.9,5.9
2020,15,00-0036008,H.Bryant,DET,TE,1,4.4,5.4,4.4,5.4
2020,15,00-0035660,K.Warring,HOU,TE,1,3.2,5.2,3.2,5.2
2020,15,00-0031558,M.Williams,ARI,TE,1,4.2,5.2,4.2,5.2
2020,15,00-0027061,J.Cook,NO,TE,1,2.9,4.9,2.9,4.9
2020,15,00-0034073,R.Dwelley,SF,TE,1,2.8,4.8,2.8,4.8
2020,15,00-0033895,G.Everett,LA,TE,1,2.8,4.8,2.8,4.8
2020,15,00-0027696,J.Graham,CHI,TE,1,2.5,4.5,2.5,4.5
2020,15,00-0028042,L.Stocker,ATL,TE,1,2.1,4.1,2.1,4.1
2020,15,00-0036232,H.Bryant,CLE,TE,1,1.9,3.9,1.9,3.9
2020,15,00-0035229,T.Hockenson,DET,TE,1,1.8,3.8,1.8,3.8
2020,15,00-0030181,J.Doyle,IND,TE,1,1.4,3.4,1.4,3.4
2020,15,00-0033217,M.Alie-Cox,IND,TE,1,1.4,3.4,1.4,3.4
2020,15,00-0034981,F.Moreau,LV,TE,1,2.2,3.2,2.2,3.2
2020,15,00-0033885,D.Njoku,CLE,TE,1,2.2,3.2,2.2,3.2
2020,15,00-0036290,C.Kmet,CHI,TE,1,1.2,3.2,1.2,3.2
2020,15,00-0033455,A.Firkser,TEN,TE,1,2.0,3.0,2.0,3.0
2020,15,00-0033896,A.Shaheen,MIA,TE,1,1.5,2.5,1.5,2.5
2020,15,00-0030443,L.Toilolo,NYG,TE,1,1.4,2.4,1.4,2.4
2020,15,00-0032062,B.Bell,DAL,TE,1,1.2,2.2,1.2,2.2
2020,15,00-0035624,N.Harry,NE,TE,1,1.2,2.2,1.2,2.2
2020,15,00-0032135,J.James,DET,TE,1,1.1,2.1,1.1,2.1
2020,15,00-0033439,P.Brown,HOU,TE,1,1.1,2.1,1.1,2.1
2020,15,00-0031585,M.Pruitt,TEN,TE,1,1.0,2.0,1.0,2.0
2020,15,00-0030710,T.Burton,IND,TE,1,0.8,1.8,0.8,1.8
2020,15,00-0031951,J.O'Shaughnessy,JAX,TE,1,0.6,1.6,0.6,1.6
2020,15,00-0034319,D.Yelder,KC,TE,1,0.6,1.6,0.6,1.6
2020,15,00-0035631,D.Sample,CIN,TE,1,0.4,1.4,0.4,1.4
2020,15,00-0033258,D.Daniels,ARI,TE,1,0.2,1.2,0.2,1.2
2020,15,00-0036225,D.Keene,NE,TE,1,0.2,1.2,0.2,1.2
2020,15,00-0034988,K.Smith,NYG,TE,1,0.0,1.0,0.0,1.0
2020,15,00-0035329,D.Parham,LAC,TE,1,0.0,0.0,0.0,0.0
2020,15,00-0036194,D.Asiasi,NE,TE,1,0.0,0.0,0.0,0.0
2020,15,00-0032394,N.Vannett,DEN,TE,1,0.0,0.0,0.0,0.0
2020,15,00-0031690,E.Tomlinson,BAL,TE,1,0.0,0.0,0.0,0.0
2020,15,00-0032986,J.Holtz,CHI,TE,1,0.0,0.0,0.0,0.0
2020,15,00-0031387,E.Ebron,PIT,TE,1,0.0,0.0,0.0,0.0
2020,15,00-0028097,L.Smith,BUF,TE,1,0.0,0.0,0.0,0.0
2020,15,00-0036040,J.Johnson,NO,TE,1,0.0,0.0,0.0,0.0
2020,14,00-0030506,T.Kelce,KC,TE,1,19.6,27.6,19.6,27.6
2020,14,00-0033357,T.Hill,NO,TE,1,23.85,23.85,23.85,23.85
2020,14,00-0034829,M.Gesicki,MIA,TE,1,18.5,23.5,18.5,23.5
2020,14,00-0035229,T.Hockenson,DET,TE,1,10.3,16.3,10.3,16.3
2020,14,00-0034970,I.Smith,MIN,TE,1,12.3,16.3,12.3,16.3
2020,14,00-0033757,R.Tonyan,GB,TE,1,9.6,14.6,9.6,14.6
2020,14,00-0031610,D.Waller,LV,TE,1,7.5,14.5,7.5,14.5
2020,14,00-0034753,M.Andrews,BAL,TE,1,7.8,12.8,7.8,12.8
2020,14,00-0027061,J.Cook,NO,TE,1,9.7,12.7,9.7,12.7
2020,14,00-0032141,G.Swaim,TEN,TE,1,9.4,12.4,9.4,12.4
2020,14,00-0027696,J.Graham,CHI,TE,1,8.3,12.3,8.3,12.3
2020,14,00-0032394,N.Vannett,DEN,TE,1,8.0,12.0,8.0,12.0
2020,14,00-0034981,F.Moreau,LV,TE,1,10.7,11.7,10.7,11.7
2020,14,00-0034011,D.Arnold,ARI,TE,1,8.7,10.7,8.7,10.7
2020,14,00-0031260,L.Thomas,WAS,TE,1,4.3,10.3,4.3,10.3
2020,14,00-0034159,W.Dissly,SEA,TE,1,8.3,10.3,8.3,10.3
2020,14,00-0033090,H.Henry,LAC,TE,1,4.1,10.1,4.1,10.1
2020,14,00-0034393,T.Fumagalli,DEN,TE,1,5.3,9.3,5.3,9.3
2020,14,00-0034270,T.Conklin,MIN,TE,1,4.0,9.0,4.0,9.0
2020,14,00-0034351,D.Goedert,PHI,TE,1,4.3,8.3,4.3,8.3
2020,14,00-0036290,C.Kmet,CHI,TE,1,4.1,8.1,4.1,8.1
2020,14,00-0035624,N.Harry,NE,TE,1,4.9,7.9,4.9,7.9
2020,14,00-0033885,D.Njoku,CLE,TE,1,4.5,7.5,4.5,7.5
2020,14,00-0035689,D.Knox,BUF,TE,1,3.4,7.4,3.4,7.4
2020,14,00-0030181,J.Doyle,IND,TE,1,4.4,7.4,4.4,7.4
2020,14,00-0027656,R.Gronkowski,TB,TE,1,6.2,7.2,6.2,7.2
2020,14,00-0034383,D.Schultz,DAL,TE,1,3.4,6.4,3.4,6.4
2020,14,00-0033110,T.Higbee,LA,TE,1,3.4,5.4,3.4,5.4
2020,14,00-0035631,D.Sample,CIN,TE,1,2.1,5.1,2.1,5.1
2020,14,00-0034365,I.Thomas,CAR,TE,1,2.0,5.0,2.0,5.0
2020,14,00-0031387,E.Ebron,PIT,TE,1,3.0,5.0,3.0,5.0
2020,14,00-0034364,J.Akins,HOU,TE,1,2.0,5.0,2.0,5.0
2020,14,00-0036232,H.Bryant,CLE,TE,1,1.8,4.8,1.8,4.8
2020,14,00-0033896,A.Shaheen,MIA,TE,1,2.6,4.6,2.6,4.6
2020,14,00-0033858,J.Smith,TEN,TE,1,2.3,4.3,2.3,4.3
2020,14,00-0030549,T.Eifert,JAX,TE,1,2.2,4.2,2.2,4.2
2020,14,00-0034073,R.Dwelley,SF,TE,1,2.0,4.0,2.0,4.0
2020,14,00-0034798,D.Smythe,MIA,TE,1,1.9,3.9,1.9,3.9
2020,14,00-0033881,E.Engram,NYG,TE,1,1.8,3.8,1.8,3.8
2020,14,00-0031558,M.Williams,ARI,TE,1,1.7,3.7,1.7,3.7
2020,14,00-0036244,C.Parkinson,SEA,TE,1,1.6,3.6,1.6,3.6
2020,14,00-0031951,J.O'Shaughnessy,JAX,TE,1,1.4,3.4,1.4,3.4
2020,14,00-0030472,J.Reed,SF,TE,1,1.3,3.3,1.3,3.3
2020,14,00-0033387,J.Hollister,SEA,TE,1,2.0,3.0,2.0,3.0
2020,14,00-0030061,Z.Ertz,PHI,TE,1,0.8,2.8,0.8,2.8
2020,14,00-0029738,D.Fells,HOU,TE,1,1.5,2.5,1.5,2.5
2020,14,00-0036422,A.Trautman,NO,TE,1,1.2,2.2,1.2,2.2
2020,14,00-0036040,J.Johnson,NO,TE,1,1.1,2.1,1.1,2.1
2020,14,00-0032062,B.Bell,DAL,TE,1,1.1,2.1,1.1,2.1
2020,14,00-0033895,G.Everett,LA,TE,1,0.9,1.9,0.9,1.9
2020,14,00-0033217,M.Alie-Cox,IND,TE,1,0.9,1.9,0.9,1.9
2020,14,00-0031273,C.Brate,TB,TE,1,0.9,1.9,0.9,1.9
2020,14,00-0034766,C.Herndon,NYJ,TE,1,0.9,1.9,0.9,1.9
2020,14,00-0034830,H.Hurst,ATL,TE,1,0.7,1.7,0.7,1.7
2020,14,00-0034788,J.Graham,ATL,TE,1,0.7,1.7,0.7,1.7
2020,14,00-0034988,K.Smith,NYG,TE,1,0.6,1.6,0.6,1.6
2020,14,00-0024243,M.Lewis,GB,TE,1,0.6,1.6,0.6,1.6
2020,14,00-0033455,A.Firkser,TEN,TE,1,0.5,1.5,0.5,1.5
2020,14,00-0033576,E.Saubert,JAX,TE,1,0.4,1.4,0.4,1.4
2020,14,00-0030216,J.Hill,NO,TE,1,0.1,1.1,0.1,1.1
2020,14,00-0036194,D.Asiasi,NE,TE,1,0.0,0.0,0.0,0.0
2020,14,00-0033421,A.Auclair,TB,TE,1,0.0,0.0,0.0,0.0
2020,14,00-0033528,J.Sprinkle,WAS,TE,1,0.0,0.0,0.0,0.0
2020,14,00-0030470,V.McDonald,PIT,TE,1,0.0,0.0,0.0,0.0
2020,14,00-0036429,C.Woerner,SF,TE,1,0.0,0.0,0.0,0.0
2020,13,00-0031610,D.Waller,LV,TE,1,32.0,45.0,32.0,45.0
2020,13,00-0033357,T.Hill,NO,TE,1,27.9,27.9,27.9,27.9
2020,13,00-0030506,T.Kelce,KC,TE,1,19.6,27.6,19.6,27.6
2020,13,00-0031260,L.Thomas,WAS,TE,1,15.8,24.8,15.8,24.8
2020,13,00-0034829,M.Gesicki,MIA,TE,1,14.8,23.8,14.8,23.8
2020,13,00-0034011,D.Arnold,ARI,TE,1,18.1,20.1,18.1,20.1
2020,13,00-0035229,T.Hockenson,DET,TE,1,8.4,15.4,8.4,15.4
2020,13,00-0036290,C.Kmet,CHI,TE,1,9.7,14.7,9.7,14.7
2020,13,00-0033757,R.Tonyan,GB,TE,1,9.9,13.9,9.9,13.9
2020,13,00-0031387,E.Ebron,PIT,TE,1,6.8,13.8,6.8,13.8
2020,13,00-0035689,D.Knox,BUF,TE,1,8.7,12.7,8.7,12.7
2020,13,00-0033110,T.Higbee,LA,TE,1,8.4,12.4,8.4,12.4
2020,13,00-0030472,J.Reed,SF,TE,1,9.2,12.2,9.2,12.2
2020,13,00-0035631,D.Sample,CIN,TE,1,4.9,11.9,4.9,11.9
2020,13,00-0027061,J.Cook,NO,TE,1,8.8,11.8,8.8,11.8
2020,13,00-0034351,D.Goedert,PHI,TE,1,6.6,11.6,6.6,11.6
2020,13,00-0030549,T.Eifert,JAX,TE,1,4.5,10.5,4.5,10.5
2020,13,00-0033895,G.Everett,LA,TE,1,4.4,10.4,4.4,10.4
2020,13,00-0033455,A.Firkser,TEN,TE,1,5.1,10.1,5.1,10.1
2020,13,00-0035644,N.Fant,DEN,TE,1,5.7,9.7,5.7,9.7
2020,13,00-0035624,N.Harry,NE,TE,1,7.5,9.5,7.5,9.5
2020,13,00-0031585,M.Pruitt,TEN,TE,1,8.2,9.2,8.2,9.2
2020,13,00-0034383,D.Schultz,DAL,TE,1,4.4,8.4,4.4,8.4
2020,13,00-0031951,J.O'Shaughnessy,JAX,TE,1,4.1,8.1,4.1,8.1
2020,13,00-0032135,J.James,DET,TE,1,6.9,7.9,6.9,7.9
2020,13,00-0033881,E.Engram,NYG,TE,1,3.2,7.2,3.2,7.2
2020,13,00-0034159,W.Dissly,SEA,TE,1,2.8,6.8,2.8,6.8
2020,13,00-0036429,C.Woerner,SF,TE,1,3.3,5.3,3.3,5.3
2020,13,00-0033217,M.Alie-Cox,IND,TE,1,2.3,5.3,2.3,5.3
2020,13,00-0030108,R.Griffin,NYJ,TE,1,3.1,5.1,3.1,5.1
2020,13,00-0030061,Z.Ertz,PHI,TE,1,3.1,5.1,3.1,5.1
2020,13,00-0033387,J.Hollister,SEA,TE,1,2.0,5.0,2.0,5.0
2020,13,00-0034073,R.Dwelley,SF,TE,1,2.9,4.9,2.9,4.9
2020,13,00-0024243,M.Lewis,GB,TE,1,3.6,4.6,3.6,4.6
2020,13,00-0032392,A.Hooper,CLE,TE,1,2.4,4.4,2.4,4.4
2020,13,00-0035329,D.Parham,LAC,TE,1,2.1,4.1,2.1,4.1
2020,13,00-0036422,A.Trautman,NO,TE,1,0.9,3.9,0.9,3.9
2020,13,00-0034798,D.Smythe,MIA,TE,1,1.6,3.6,1.6,3.6
2020,13,00-0034364,J.Akins,HOU,TE,1,1.0,3.0,1.0,3.0
2020,13,00-0032394,N.Vannett,DEN,TE,1,0.7,2.7,0.7,2.7
2020,13,00-0034192,N.Keizer,KC,TE,1,1.5,2.5,1.5,2.5
2020,13,00-0030089,L.Willson,BAL,TE,1,1.2,2.2,1.2,2.2
2020,13,00-0030181,J.Doyle,IND,TE,1,1.2,2.2,1.2,2.2
2020,13,00-0030710,T.Burton,IND,TE,1,1.1,2.1,1.1,2.1
2020,13,00-0034270,T.Conklin,MIN,TE,1,1.0,2.0,1.0,2.0
2020,13,00-0034830,H.Hurst,ATL,TE,1,0.9,1.9,0.9,1.9
2020,13,00-0034439,R.Izzo,NE,TE,1,0.6,1.6,0.6,1.6
2020,13,00-0032725,S.Anderson,LAC,TE,1,0.6,1.6,0.6,1.6
2020,13,00-0033885,D.Njoku,CLE,TE,1,0.5,1.5,0.5,1.5
2020,13,00-0033090,H.Henry,LAC,TE,1,0.5,1.5,0.5,1.5
2020,13,00-0034988,K.Smith,NYG,TE,1,0.3,1.3,0.3,1.3
2020,13,00-0032062,B.Bell,DAL,TE,1,0.2,1.2,0.2,1.2
2020,13,00-0029738,D.Fells,HOU,TE,1,0.0,0.0,0.0,0.0
2020,13,00-0034393,T.Fumagalli,DEN,TE,1,0.0,0.0,0.0,0.0
2020,13,00-0034788,J.Graham,ATL,TE,1,0.0,0.0,0.0,0.0
2020,13,00-0033798,M.Schreck,CIN,TE,1,0.0,0.0,0.0,0.0
2020,13,00-0032141,G.Swaim,TEN,TE,1,0.0,0.0,0.0,0.0
2020,13,00-0028097,L.Smith,BUF,TE,1,0.0,0.0,0.0,0.0
2020,13,00-0033896,A.Shaheen,MIA,TE,1,0.0,0.0,0.0,0.0
2020,13,00-0022127,J.Witten,LV,TE,1,0.0,0.0,0.0,0.0
2020,13,00-0027696,J.Graham,CHI,TE,1,0.0,0.0,0.0,0.0
2020,13,00-0035660,K.Warring,HOU,TE,1,0.0,0.0,0.0,0.0
2020,13,00-0027981,K.Rudolph,MIN,TE,1,0.0,0.0,0.0,0.0
2020,13,00-0033576,E.Saubert,JAX,TE,1,0.0,0.0,0.0,0.0
2020,12,00-0034351,D.Goedert,PHI,TE,1,13.5,20.5,13.5,20.5
2020,12,00-0033881,E.Engram,NYG,TE,1,12.9,18.9,12.9,18.9
2020,12,00-0033357,T.Hill,NO,TE,1,18.3,18.3,18.3,18.3
2020,12,00-0033757,R.Tonyan,GB,TE,1,12.7,17.7,12.7,17.7
2020,12,00-0027656,R.Gronkowski,TB,TE,1,10.6,16.6,10.6,16.6
2020,12,00-0030506,T.Kelce,KC,TE,1,8.2,16.2,8.2,16.2
2020,12,00-0031384,R.Rodgers,PHI,TE,1,11.3,14.3,11.3,14.3
2020,12,00-0035229,T.Hockenson,DET,TE,1,8.9,13.9,8.9,13.9
2020,12,00-0027981,K.Rudolph,MIN,TE,1,6.8,13.8,6.8,13.8
2020,12,00-0033090,H.Henry,LAC,TE,1,6.7,13.7,6.7,13.7
2020,12,00-0031260,L.Thomas,WAS,TE,1,9.7,13.7,9.7,13.7
2020,12,00-0030710,T.Burton,IND,TE,1,10.2,13.2,10.2,13.2
2020,12,00-0031387,E.Ebron,PIT,TE,1,5.4,12.4,5.4,12.4
2020,12,00-0034829,M.Gesicki,MIA,TE,1,9.5,11.5,9.5,11.5
2020,12,00-0030549,T.Eifert,JAX,TE,1,7.6,10.6,7.6,10.6
2020,12,00-0024243,M.Lewis,GB,TE,1,7.6,9.6,7.6,9.6
2020,12,00-0032392,A.Hooper,CLE,TE,1,7.3,9.3,7.3,9.3
2020,12,00-0034830,H.Hurst,ATL,TE,1,4.8,8.8,4.8,8.8
2020,12,00-0035631,D.Sample,CIN,TE,1,4.0,8.0,4.0,8.0
2020,12,00-0033896,A.Shaheen,MIA,TE,1,6.7,7.7,6.7,7.7
2020,12,00-0031273,C.Brate,TB,TE,1,3.4,7.4,3.4,7.4
2020,12,00-0034383,D.Schultz,DAL,TE,1,2.4,7.4,2.4,7.4
2020,12,00-0035689,D.Knox,BUF,TE,1,6.2,7.2,6.2,7.2
2020,12,00-0031610,D.Waller,LV,TE,1,2.3,6.3,2.3,6.3
2020,12,00-0027696,J.Graham,CHI,TE,1,3.2,6.2,3.2,6.2
2020,12,00-0032141,G.Swaim,TEN,TE,1,3.0,6.0,3.0,6.0
2020,12,00-0034798,D.Smythe,MIA,TE,1,1.9,4.9,1.9,4.9
2020,12,00-0033217,M.Alie-Cox,IND,TE,1,1.9,3.9,1.9,3.9
2020,12,00-0030472,J.Reed,SF,TE,1,1.8,3.8,1.8,3.8
2020,12,00-0031951,J.O'Shaughnessy,JAX,TE,1,1.7,3.7,1.7,3.7
2020,12,00-0033895,G.Everett,LA,TE,1,1.6,3.6,1.6,3.6
2020,12,00-0033387,J.Hollister,SEA,TE,1,1.1,3.1,1.1,3.1
2020,12,00-0031558,M.Williams,ARI,TE,1,1.0,3.0,1.0,3.0
2020,12,00-0034011,D.Arnold,ARI,TE,1,1.7,2.7,1.7,2.7
2020,12,00-0035644,N.Fant,DEN,TE,1,1.3,2.3,1.3,2.3
2020,12,00-0036232,H.Bryant,CLE,TE,1,1.3,2.3,1.3,2.3
2020,12,00-0034788,J.Graham,ATL,TE,1,1.1,2.1,1.1,2.1
2020,12,00-0035039,S.Carlson,CLE,TE,1,1.1,2.1,1.1,2.1
2020,12,00-0031484,C.Manhertz,CAR,TE,1,1.1,2.1,1.1,2.1
2020,12,00-0032135,J.James,DET,TE,1,1.0,2.0,1.0,2.0
2020,12,00-0036422,A.Trautman,NO,TE,1,0.8,1.8,0.8,1.8
2020,12,00-0036290,C.Kmet,CHI,TE,1,0.8,1.8,0.8,1.8
2020,12,00-0033110,T.Higbee,LA,TE,1,0.6,1.6,0.6,1.6
2020,12,00-0035102,B.Dillon,MIN,TE,1,0.6,1.6,0.6,1.6
2020,12,00-0034270,T.Conklin,MIN,TE,1,0.5,1.5,0.5,1.5
2020,12,00-0033338,C.Carter,CIN,TE,1,0.5,1.5,0.5,1.5
2020,12,00-0035671,J.Sternberger,GB,TE,1,0.5,1.5,0.5,1.5
2020,12,00-0034365,I.Thomas,CAR,TE,1,0.4,1.4,0.4,1.4
2020,12,00-0034073,R.Dwelley,SF,TE,1,0.3,1.3,0.3,1.3
2020,12,00-0028097,L.Smith,BUF,TE,1,0.3,1.3,0.3,1.3
2020,12,00-0034319,D.Yelder,KC,TE,1,0.2,1.2,0.2,1.2
2020,12,00-0034364,J.Akins,HOU,TE,1,0.4,0.4,0.4,0.4
2020,12,00-0030181,J.Doyle,IND,TE,1,0.0,0.0,0.0,0.0
2020,12,00-0035329,D.Parham,LAC,TE,1,0.0,0.0,0.0,0.0
2020,12,00-0035823,B.Ellefson,JAX,TE,1,0.0,0.0,0.0,0.0
2020,12,00-0034393,T.Fumagalli,DEN,TE,1,0.0,0.0,0.0,0.0
2020,12,00-0027061,J.Cook,NO,TE,1,0.0,0.0,0.0,0.0
2020,12,00-0030089,L.Willson,BAL,TE,1,0.0,0.0,0.0,0.0
2020,12,00-0035660,K.Warring,HOU,TE,1,0.0,0.0,0.0,0.0
2020,12,00-0032394,N.Vannett,DEN,TE,1,0.0,0.0,0.0,0.0
2020,12,00-0033455,A.Firkser,TEN,TE,1,0.0,0.0,0.0,0.0
2020,12,00-0035624,N.Harry,NE,TE,1,-0.2,-0.2,-0.2,-0.2
2020,11,00-0033357,T.Hill,NO,TE,1,28.55,28.55,28.55,28.55
2020,11,00-0030506,T.Kelce,KC,TE,1,18.9,26.9,18.9,26.9
2020,11,00-0031610,D.Waller,LV,TE,1,14.8,21.8,14.8,21.8
2020,11,00-0034753,M.Andrews,BAL,TE,1,15.6,20.6,15.6,20.6
2020,11,00-0034351,D.Goedert,PHI,TE,1,13.7,18.7,13.7,18.7
2020,11,00-0033757,R.Tonyan,GB,TE,1,10.4,15.4,10.4,15.4
2020,11,00-0033090,H.Henry,LAC,TE,1,10.8,14.8,10.8,14.8
2020,11,00-0031387,E.Ebron,PIT,TE,1,9.6,13.6,9.6,13.6
2020,11,00-0034364,J.Akins,HOU,TE,1,8.3,13.3,8.3,13.3
2020,11,00-0031384,R.Rodgers,PHI,TE,1,10.8,12.8,10.8,12.8
2020,11,00-0034383,D.Schultz,DAL,TE,1,8.5,12.5,8.5,12.5
2020,11,00-0033858,J.Smith,TEN,TE,1,8.0,12.0,8.0,12.0
2020,11,00-0034766,C.Herndon,NYJ,TE,1,9.2,11.2,9.2,11.2
2020,11,00-0035229,T.Hockenson,DET,TE,1,6.8,10.8,6.8,10.8
2020,11,00-0030710,T.Burton,IND,TE,1,8.5,10.5,8.5,10.5
2020,11,00-0035644,N.Fant,DEN,TE,1,5.5,9.5,5.5,9.5
2020,11,00-0035624,N.Harry,NE,TE,1,4.1,9.1,4.1,9.1
2020,11,00-0034829,M.Gesicki,MIA,TE,1,4.3,8.3,4.3,8.3
2020,11,00-0034439,R.Izzo,NE,TE,1,5.9,7.9,5.9,7.9
2020,11,00-0030181,J.Doyle,IND,TE,1,6.6,7.6,6.6,7.6
2020,11,00-0034011,D.Arnold,ARI,TE,1,6.4,7.4,6.4,7.4
2020,11,00-0033455,A.Firkser,TEN,TE,1,3.3,7.3,3.3,7.3
2020,11,00-0022127,J.Witten,LV,TE,1,6.1,7.1,6.1,7.1
2020,11,00-0033895,G.Everett,LA,TE,1,2.7,6.7,2.7,6.7
2020,11,00-0032392,A.Hooper,CLE,TE,1,3.3,6.3,3.3,6.3
2020,11,00-0033110,T.Higbee,LA,TE,1,2.0,6.0,2.0,6.0
2020,11,00-0027981,K.Rudolph,MIN,TE,1,2.8,5.8,2.8,5.8
2020,11,00-0031273,C.Brate,TB,TE,1,2.3,5.3,2.3,5.3
2020,11,00-0035671,J.Sternberger,GB,TE,1,2.3,5.3,2.3,5.3
2020,11,00-0030549,T.Eifert,JAX,TE,1,3.2,5.2,3.2,5.2
2020,11,00-0029738,D.Fells,HOU,TE,1,2.9,4.9,2.9,4.9
2020,11,00-0031558,M.Williams,ARI,TE,1,2.9,4.9,2.9,4.9
2020,11,00-0035631,D.Sample,CIN,TE,1,2.9,4.9,2.9,4.9
2020,11,00-0027656,R.Gronkowski,TB,TE,1,2.5,4.5,2.5,4.5
2020,11,00-0032394,N.Vannett,DEN,TE,1,2.4,4.4,2.4,4.4
2020,11,00-0034970,I.Smith,MIN,TE,1,2.3,4.3,2.3,4.3
2020,11,00-0033439,P.Brown,HOU,TE,1,2.2,4.2,2.2,4.2
2020,11,00-0025418,G.Olsen,SEA,TE,1,2.0,4.0,2.0,4.0
2020,11,00-0033217,M.Alie-Cox,IND,TE,1,1.6,3.6,1.6,3.6
2020,11,00-0033387,J.Hollister,SEA,TE,1,1.4,3.4,1.4,3.4
2020,11,00-0036422,A.Trautman,NO,TE,1,1.9,2.9,1.9,2.9
2020,11,00-0031260,L.Thomas,WAS,TE,1,0.8,2.8,0.8,2.8
2020,11,00-0029119,D.Carrier,LV,TE,1,1.4,2.4,1.4,2.4
2020,11,00-0032062,B.Bell,DAL,TE,1,1.3,2.3,1.3,2.3
2020,11,00-0034159,W.Dissly,SEA,TE,1,1.0,2.0,1.0,2.0
2020,11,00-0035823,B.Ellefson,JAX,TE,1,1.0,2.0,1.0,2.0
2020,11,00-0032141,G.Swaim,TEN,TE,1,0.9,1.9,0.9,1.9
2020,11,00-0024243,M.Lewis,GB,TE,1,0.8,1.8,0.8,1.8
2020,11,00-0027061,J.Cook,NO,TE,1,0.6,1.6,0.6,1.6
2020,11,00-0034192,N.Keizer,KC,TE,1,0.5,1.5,0.5,1.5
2020,11,00-0033576,E.Saubert,JAX,TE,1,0.3,1.3,0.3,1.3
2020,11,00-0032135,J.James,DET,TE,1,0.3,1.3,0.3,1.3
2020,11,00-0034420,J.Thomas,NE,TE,1,0.0,0.0,0.0,0.0
2020,11,00-0028042,L.Stocker,ATL,TE,1,0.0,0.0,0.0,0.0
2020,11,00-0031484,C.Manhertz,CAR,TE,1,0.0,0.0,0.0,0.0
2020,11,00-0033885,D.Njoku,CLE,TE,1,0.0,0.0,0.0,0.0
2020,11,00-0034798,D.Smythe,MIA,TE,1,0.0,0.0,0.0,0.0
2020,11,00-0034830,H.Hurst,ATL,TE,1,0.0,0.0,0.0,0.0
2020,11,00-0034393,T.Fumagalli,DEN,TE,1,0.0,0.0,0.0,0.0
2020,10,00-0034753,M.Andrews,BAL,TE,1,6.1,13.1,6.1,13.1
2020,10,00-0027656,R.Gronkowski,TB,TE,1,11.1,13.1,11.1,13.1
2020,10,00-0033090,H.Henry,LAC,TE,1,9.0,13.0,9.0,13.0
2020,10,00-0031273,C.Brate,TB,TE,1,9.1,12.1,9.1,12.1
2020,10,00-0030472,J.Reed,SF,TE,1,6.2,11.2,6.2,11.2
2020,10,00-0031260,L.Thomas,WAS,TE,1,6.6,10.6,6.6,10.6
2020,10,00-0027981,K.Rudolph,MIN,TE,1,6.3,10.3,6.3,10.3
2020,10,00-0033439,P.Brown,HOU,TE,1,8.1,10.1,8.1,10.1
2020,10,00-0031384,R.Rodgers,PHI,TE,1,6.0,10.0,6.0,10.0
2020,10,00-0033858,J.Smith,TEN,TE,1,7.5,9.5,7.5,9.5
2020,10,00-0033110,T.Higbee,LA,TE,1,6.0,9.0,6.0,9.0
2020,10,00-0034798,D.Smythe,MIA,TE,1,6.9,8.9,6.9,8.9
2020,10,00-0033720,C.Thompson,CAR,TE,1,6.7,7.7,6.7,7.7
2020,10,00-0034011,D.Arnold,ARI,TE,1,3.4,7.4,3.4,7.4
2020,10,00-0034351,D.Goedert,PHI,TE,1,3.3,7.3,3.3,7.3
2020,10,00-0031610,D.Waller,LV,TE,1,3.7,6.7,3.7,6.7
2020,10,00-0033757,R.Tonyan,GB,TE,1,3.3,6.3,3.3,6.3
2020,10,00-0034829,M.Gesicki,MIA,TE,1,4.0,6.0,4.0,6.0
2020,10,00-0031387,E.Ebron,PIT,TE,1,3.8,5.8,3.8,5.8
2020,10,00-0030710,T.Burton,IND,TE,1,2.4,5.4,2.4,5.4
2020,10,00-0025418,G.Olsen,SEA,TE,1,3.3,5.3,3.3,5.3
2020,10,00-0033217,M.Alie-Cox,IND,TE,1,1.9,4.9,1.9,4.9
2020,10,00-0035644,N.Fant,DEN,TE,1,1.8,4.8,1.8,4.8
2020,10,00-0033895,G.Everett,LA,TE,1,2.7,4.7,2.7,4.7
2020,10,00-0033357,T.Hill,NO,TE,1,4.5,4.5,4.5,4.5
2020,10,00-0035689,D.Knox,BUF,TE,1,1.6,3.6,1.6,3.6
2020,10,00-0033881,E.Engram,NYG,TE,1,1.5,3.5,1.5,3.5
2020,10,00-0030549,T.Eifert,JAX,TE,1,1.5,3.5,1.5,3.5
2020,10,00-0035229,T.Hockenson,DET,TE,1,1.3,3.3,1.3,3.3
2020,10,00-0034988,K.Smith,NYG,TE,1,1.2,3.2,1.2,3.2
2020,10,00-0034073,R.Dwelley,SF,TE,1,2.2,3.2,2.2,3.2
2020,10,00-0034393,T.Fumagalli,DEN,TE,1,1.2,3.2,1.2,3.2
2020,10,00-0034270,T.Conklin,MIN,TE,1,1.1,3.1,1.1,3.1
2020,10,00-0034439,R.Izzo,NE,TE,1,2.0,3.0,2.0,3.0
2020,10,00-0033896,A.Shaheen,MIA,TE,1,1.9,2.9,1.9,2.9
2020,10,00-0032135,J.James,DET,TE,1,0.9,2.9,0.9,2.9
2020,10,00-0034159,W.Dissly,SEA,TE,1,1.6,2.6,1.6,2.6
2020,10,00-0029738,D.Fells,HOU,TE,1,1.5,2.5,1.5,2.5
2020,10,00-0035329,D.Parham,LAC,TE,1,1.3,2.3,1.3,2.3
2020,10,00-0032392,A.Hooper,CLE,TE,1,1.1,2.1,1.1,2.1
2020,10,00-0035631,D.Sample,CIN,TE,1,0.9,1.9,0.9,1.9
2020,10,00-0034365,I.Thomas,CAR,TE,1,0.7,1.7,0.7,1.7
2020,10,00-0036290,C.Kmet,CHI,TE,1,0.7,1.7,0.7,1.7
2020,10,00-0033387,J.Hollister,SEA,TE,1,0.6,1.6,0.6,1.6
2020,10,00-0034364,J.Akins,HOU,TE,1,0.5,1.5,0.5,1.5
2020,10,00-0033455,A.Firkser,TEN,TE,1,0.5,1.5,0.5,1.5
2020,10,00-0031598,N.Boyle,BAL,TE,1,0.4,1.4,0.4,1.4
2020,10,00-0035539,I.Nauta,DET,TE,1,0.0,0.0,0.0,0.0
2020,10,00-0027061,J.Cook,NO,TE,1,0.0,0.0,0.0,0.0
2020,10,00-0027696,J.Graham,CHI,TE,1,0.0,0.0,0.0,0.0
2020,10,00-0031951,J.O'Shaughnessy,JAX,TE,1,0.0,0.0,0.0,0.0
2020,9,00-0030506,T.Kelce,KC,TE,1,15.9,25.9,15.9,25.9
2020,9,00-0027696,J.Graham,CHI,TE,1,11.5,17.5,11.5,17.5
2020,9,00-0033881,E.Engram,NYG,TE,1,10.8,15.8,10.8,15.8
2020,9,00-0034970,I.Smith,MIN,TE,1,13.0,15.0,13.0,15.0
2020,9,00-0035229,T.Hockenson,DET,TE,1,9.9,14.9,9.9,14.9
2020,9,00-0031610,D.Waller,LV,TE,1,8.2,13.2,8.2,13.2
2020,9,00-0034830,H.Hurst,ATL,TE,1,6.2,13.2,6.2,13.2
2020,9,00-0036422,A.Trautman,NO,TE,1,9.9,12.9,9.9,12.9
2020,9,00-0033858,J.Smith,TEN,TE,1,9.2,11.2,9.2,11.2
2020,9,00-0031387,E.Ebron,PIT,TE,1,8.2,11.2,8.2,11.2
2020,9,00-0033387,J.Hollister,SEA,TE,1,6.0,11.0,6.0,11.0
2020,9,00-0033357,T.Hill,NO,TE,1,9.9,10.9,9.9,10.9
2020,9,00-0030216,J.Hill,NO,TE,1,7.4,9.4,7.4,9.4
2020,9,00-0033258,D.Daniels,ARI,TE,1,8.1,9.1,8.1,9.1
2020,9,00-0034383,D.Schultz,DAL,TE,1,4.8,8.8,4.8,8.8
2020,9,00-0030549,T.Eifert,JAX,TE,1,4.8,8.8,4.8,8.8
2020,9,00-0031598,N.Boyle,BAL,TE,1,4.6,8.6,4.6,8.6
2020,9,00-0034073,R.Dwelley,SF,TE,1,5.2,8.2,5.2,8.2
2020,9,00-0035644,N.Fant,DEN,TE,1,4.5,7.5,4.5,7.5
2020,9,00-0031558,M.Williams,ARI,TE,1,6.4,7.4,6.4,7.4
2020,9,00-0033090,H.Henry,LAC,TE,1,3.3,7.3,3.3,7.3
2020,9,00-0033217,M.Alie-Cox,IND,TE,1,4.3,7.3,4.3,7.3
2020,9,00-0034829,M.Gesicki,MIA,TE,1,4.2,7.2,4.2,7.2
2020,9,00-0024243,M.Lewis,GB,TE,1,6.1,7.1,6.1,7.1
2020,9,00-0032214,T.Kroft,BUF,TE,1,6.1,7.1,6.1,7.1
2020,9,00-0027981,K.Rudolph,MIN,TE,1,4.0,7.0,4.0,7.0
2020,9,00-0031260,L.Thomas,WAS,TE,1,2.8,5.8,2.8,5.8
2020,9,00-0034753,M.Andrews,BAL,TE,1,2.2,5.2,2.2,5.2
2020,9,00-0027061,J.Cook,NO,TE,1,3.0,5.0,3.0,5.0
2020,9,00-0033455,A.Firkser,TEN,TE,1,1.9,4.9,1.9,4.9
2020,9,00-0030108,R.Griffin,NYJ,TE,1,2.8,4.8,2.8,4.8
2020,9,00-0029738,D.Fells,HOU,TE,1,2.6,4.6,2.6,4.6
2020,9,00-0034364,J.Akins,HOU,TE,1,1.9,3.9,1.9,3.9
2020,9,00-0034159,W.Dissly,SEA,TE,1,2.6,3.6,2.6,3.6
2020,9,00-0025418,G.Olsen,SEA,TE,1,1.3,3.3,1.3,3.3
2020,9,00-0034798,D.Smythe,MIA,TE,1,1.9,2.9,1.9,2.9
2020,9,00-0034011,D.Arnold,ARI,TE,1,1.6,2.6,1.6,2.6
2020,9,00-0028042,L.Stocker,ATL,TE,1,1.2,2.2,1.2,2.2
2020,9,00-0032394,N.Vannett,DEN,TE,1,1.1,2.1,1.1,2.1
2020,9,00-0031951,J.O'Shaughnessy,JAX,TE,1,0.9,1.9,0.9,1.9
2020,9,00-0034365,I.Thomas,CAR,TE,1,0.8,1.8,0.8,1.8
2020,9,00-0034988,K.Smith,NYG,TE,1,0.8,1.8,0.8,1.8
2020,9,00-0036423,A.Okwuegbunam,DEN,TE,1,0.7,1.7,0.7,1.7
2020,9,00-0030710,T.Burton,IND,TE,1,0.6,1.6,0.6,1.6
2020,9,00-0033757,R.Tonyan,GB,TE,1,0.5,1.5,0.5,1.5
2020,9,00-0030472,J.Reed,SF,TE,1,0.3,1.3,0.3,1.3
2020,9,00-0030470,V.McDonald,PIT,TE,1,0.2,1.2,0.2,1.2
2020,9,00-0027656,R.Gronkowski,TB,TE,1,0.2,1.2,0.2,1.2
2020,9,00-0035671,J.Sternberger,GB,TE,1,0.1,1.1,0.1,1.1
2020,9,00-0030443,L.Toilolo,NYG,TE,1,0.0,1.0,0.0,1.0
2020,9,00-0022127,J.Witten,LV,TE,1,0.0,1.0,0.0,1.0
2020,9,00-0032135,J.James,DET,TE,1,0.0,1.0,0.0,1.0
2020,9,00-0032062,B.Bell,DAL,TE,1,-0.4,0.6,-0.4,0.6
2020,9,00-0033896,A.Shaheen,MIA,TE,1,0.0,0.0,0.0,0.0
2020,9,00-0030181,J.Doyle,IND,TE,1,0.0,0.0,0.0,0.0
2020,9,00-0033439,P.Brown,HOU,TE,1,0.0,0.0,0.0,0.0
2020,9,00-0035329,D.Parham,LAC,TE,1,0.0,0.0,0.0,0.0
2020,8,00-0030506,T.Kelce,KC,TE,1,16.9,24.9,16.9,24.9
2020,8,00-0027061,J.Cook,NO,TE,1,11.1,16.1,11.1,16.1
2020,8,00-0031387,E.Ebron,PIT,TE,1,10.8,14.8,10.8,14.8
2020,8,00-0033357,T.Hill,NO,TE,1,12.5,14.5,12.5,14.5
2020,8,00-0027656,R.Gronkowski,TB,TE,1,10.1,14.1,10.1,14.1
2020,8,00-0035229,T.Hockenson,DET,TE,1,6.5,13.5,6.5,13.5
2020,8,00-0033757,R.Tonyan,GB,TE,1,7.9,12.9,7.9,12.9
2020,8,00-0033881,E.Engram,NYG,TE,1,7.0,12.0,7.0,12.0
2020,8,00-0035644,N.Fant,DEN,TE,1,4.7,11.7,4.7,11.7
2020,8,00-0034383,D.Schultz,DAL,TE,1,5.3,11.3,5.3,11.3
2020,8,00-0034830,H.Hurst,ATL,TE,1,5.4,10.4,5.4,10.4
2020,8,00-0030710,T.Burton,IND,TE,1,7.1,10.1,7.1,10.1
2020,8,00-0030181,J.Doyle,IND,TE,1,7.8,9.8,7.8,9.8
2020,8,00-0034073,R.Dwelley,SF,TE,1,7.6,8.6,7.6,8.6
2020,8,00-0033895,G.Everett,LA,TE,1,3.2,8.2,3.2,8.2
2020,8,00-0036423,A.Okwuegbunam,DEN,TE,1,6.9,7.9,6.9,7.9
2020,8,00-0031610,D.Waller,LV,TE,1,2.7,7.7,2.7,7.7
2020,8,00-0035671,J.Sternberger,GB,TE,1,4.6,7.6,4.6,7.6
2020,8,00-0033090,H.Henry,LAC,TE,1,3.3,7.3,3.3,7.3
2020,8,00-0033217,M.Alie-Cox,IND,TE,1,3.7,6.7,3.7,6.7
2020,8,00-0034753,M.Andrews,BAL,TE,1,3.2,6.2,3.2,6.2
2020,8,00-0033288,G.Kittle,SF,TE,1,3.9,5.9,3.9,5.9
2020,8,00-0034365,I.Thomas,CAR,TE,1,2.8,5.8,2.8,5.8
2020,8,00-0033455,A.Firkser,TEN,TE,1,3.6,5.6,3.6,5.6
2020,8,00-0031273,C.Brate,TB,TE,1,3.5,5.5,3.5,5.5
2020,8,00-0036232,H.Bryant,CLE,TE,1,2.5,5.5,2.5,5.5
2020,8,00-0033858,J.Smith,TEN,TE,1,2.9,4.9,2.9,4.9
2020,8,00-0034439,R.Izzo,NE,TE,1,2.4,4.4,2.4,4.4
2020,8,00-0022127,J.Witten,LV,TE,1,2.1,4.1,2.1,4.1
2020,8,00-0034798,D.Smythe,MIA,TE,1,1.6,3.6,1.6,3.6
2020,8,00-0033110,T.Higbee,LA,TE,1,1.4,3.4,1.4,3.4
2020,8,00-0027696,J.Graham,CHI,TE,1,1.3,3.3,1.3,3.3
2020,8,00-0032135,J.James,DET,TE,1,2.3,3.3,2.3,3.3
2020,8,00-0033885,D.Njoku,CLE,TE,1,1.9,2.9,1.9,2.9
2020,8,00-0034159,W.Dissly,SEA,TE,1,1.7,2.7,1.7,2.7
2020,8,00-0034970,I.Smith,MIN,TE,1,1.6,2.6,1.6,2.6
2020,8,00-0034351,D.Goedert,PHI,TE,1,1.5,2.5,1.5,2.5
2020,8,00-0027981,K.Rudolph,MIN,TE,1,1.2,2.2,1.2,2.2
2020,8,00-0032214,T.Kroft,BUF,TE,1,1.1,2.1,1.1,2.1
2020,8,00-0030443,L.Toilolo,NYG,TE,1,0.9,1.9,0.9,1.9
2020,8,00-0034829,M.Gesicki,MIA,TE,1,0.8,1.8,0.8,1.8
2020,8,00-0030216,J.Hill,NO,TE,1,0.7,1.7,0.7,1.7
2020,8,00-0031484,C.Manhertz,CAR,TE,1,0.6,1.6,0.6,1.6
2020,8,00-0033387,J.Hollister,SEA,TE,1,0.6,1.6,0.6,1.6
2020,8,00-0034988,K.Smith,NYG,TE,1,0.6,1.6,0.6,1.6
2020,8,00-0034192,N.Keizer,KC,TE,1,0.5,1.5,0.5,1.5
2020,8,00-0036040,J.Johnson,NO,TE,1,0.5,1.5,0.5,1.5
2020,8,00-0034319,D.Yelder,KC,TE,1,0.5,1.5,0.5,1.5
2020,8,00-0034766,C.Herndon,NYJ,TE,1,0.3,1.3,0.3,1.3
2020,8,00-0033338,C.Carter,CIN,TE,1,0.2,1.2,0.2,1.2
2020,8,00-0036290,C.Kmet,CHI,TE,1,0.2,1.2,0.2,1.2
2020,8,00-0034613,T.Hudson,TB,TE,1,0.0,0.0,0.0,0.0
2020,8,00-0034981,F.Moreau,LV,TE,1,0.0,0.0,0.0,0.0
2020,8,00-0031585,M.Pruitt,TEN,TE,1,0.0,0.0,0.0,0.0
2020,8,00-0033896,A.Shaheen,MIA,TE,1,0.0,0.0,0.0,0.0
2020,8,00-0031598,N.Boyle,BAL,TE,1,0.0,0.0,0.0,0.0
2020,8,00-0035631,D.Sample,CIN,TE,1,0.0,0.0,0.0,0.0
2020,8,00-0033720,C.Thompson,CAR,TE,1,0.0,0.0,0.0,0.0
2020,8,00-0025418,G.Olsen,SEA,TE,1,0.0,0.0,0.0,0.0
2020,7,00-0036232,H.Bryant,CLE,TE,1,17.6,21.6,17.6,21.6
2020,7,00-0027656,R.Gronkowski,TB,TE,1,12.2,17.2,12.2,17.2
2020,7,00-0031610,D.Waller,LV,TE,1,11.0,17.0,11.0,17.0
2020,7,00-0035229,T.Hockenson,DET,TE,1,11.9,16.9,11.9,16.9
2020,7,00-0031260,L.Thomas,WAS,TE,1,12.0,16.0,12.0,16.0
2020,7,00-0031384,R.Rodgers,PHI,TE,1,8.5,14.5,8.5,14.5
2020,7,00-0036423,A.Okwuegbunam,DEN,TE,1,6.0,13.0,6.0,13.0
2020,7,00-0033895,G.Everett,LA,TE,1,8.8,12.8,8.8,12.8
2020,7,00-0034830,H.Hurst,ATL,TE,1,6.8,12.8,6.8,12.8
2020,7,00-0027061,J.Cook,NO,TE,1,9.2,12.2,9.2,12.2
2020,7,00-0031387,E.Ebron,PIT,TE,1,5.0,11.0,5.0,11.0
2020,7,00-0033881,E.Engram,NYG,TE,1,4.9,10.9,4.9,10.9
2020,7,00-0033288,G.Kittle,SF,TE,1,5.5,10.5,5.5,10.5
2020,7,00-0032214,T.Kroft,BUF,TE,1,6.4,10.4,6.4,10.4
2020,7,00-0035631,D.Sample,CIN,TE,1,5.2,10.2,5.2,10.2
2020,7,00-0033885,D.Njoku,CLE,TE,1,8.0,10.0,8.0,10.0
2020,7,00-0028142,V.Green,LAC,TE,1,8.6,9.6,8.6,9.6
2020,7,00-0035329,D.Parham,LAC,TE,1,8.2,9.2,8.2,9.2
2020,7,00-0027696,J.Graham,CHI,TE,1,3.1,8.1,3.1,8.1
2020,7,00-0033246,J.Mundt,LA,TE,1,4.8,7.8,4.8,7.8
2020,7,00-0034011,D.Arnold,ARI,TE,1,5.7,7.7,5.7,7.7
2020,7,00-0035671,J.Sternberger,GB,TE,1,6.3,7.3,6.3,7.3
2020,7,00-0035644,N.Fant,DEN,TE,1,3.8,6.8,3.8,6.8
2020,7,00-0036290,C.Kmet,CHI,TE,1,4.5,6.5,4.5,6.5
2020,7,00-0031951,J.O'Shaughnessy,JAX,TE,1,3.2,6.2,3.2,6.2
2020,7,00-0030506,T.Kelce,KC,TE,1,3.1,6.1,3.1,6.1
2020,7,00-0034159,W.Dissly,SEA,TE,1,3.8,5.8,3.8,5.8
2020,7,00-0034192,N.Keizer,KC,TE,1,3.6,5.6,3.6,5.6
2020,7,00-0033090,H.Henry,LAC,TE,1,2.3,5.3,2.3,5.3
2020,7,00-0033387,J.Hollister,SEA,TE,1,2.2,5.2,2.2,5.2
2020,7,00-0033757,R.Tonyan,GB,TE,1,3.2,5.2,3.2,5.2
2020,7,00-0032394,N.Vannett,DEN,TE,1,2.5,4.5,2.5,4.5
2020,7,00-0034383,D.Schultz,DAL,TE,1,2.2,4.2,2.2,4.2
2020,7,00-0025418,G.Olsen,SEA,TE,1,1.8,3.8,1.8,3.8
2020,7,00-0030155,D.Harris,CHI,TE,1,1.5,3.5,1.5,3.5
2020,7,00-0030470,V.McDonald,PIT,TE,1,1.4,3.4,1.4,3.4
2020,7,00-0033455,A.Firkser,TEN,TE,1,0.7,2.7,0.7,2.7
2020,7,00-0034613,T.Hudson,TB,TE,1,1.2,2.2,1.2,2.2
2020,7,00-0034365,I.Thomas,CAR,TE,1,1.1,2.1,1.1,2.1
2020,7,00-0033858,J.Smith,TEN,TE,1,0.9,1.9,0.9,1.9
2020,7,00-0024243,M.Lewis,GB,TE,1,0.9,1.9,0.9,1.9
2020,7,00-0036225,D.Keene,NE,TE,1,0.8,1.8,0.8,1.8
2020,7,00-0031273,C.Brate,TB,TE,1,0.8,1.8,0.8,1.8
2020,7,00-0034439,R.Izzo,NE,TE,1,0.8,1.8,0.8,1.8
2020,7,00-0022127,J.Witten,LV,TE,1,0.6,1.6,0.6,1.6
2020,7,00-0033528,J.Sprinkle,WAS,TE,1,0.6,1.6,0.6,1.6
2020,7,00-0035624,N.Harry,NE,TE,1,0.6,1.6,0.6,1.6
2020,7,00-0035539,I.Nauta,DET,TE,1,0.3,1.3,0.3,1.3
2020,7,00-0030216,J.Hill,NO,TE,1,0.0,1.0,0.0,1.0
2020,7,00-0033357,T.Hill,NO,TE,1,0.6,0.6,0.6,0.6
2020,7,00-0032141,G.Swaim,TEN,TE,1,0.0,0.0,0.0,0.0
2020,7,00-0036422,A.Trautman,NO,TE,1,0.0,0.0,0.0,0.0
2020,7,00-0033258,D.Daniels,ARI,TE,1,0.0,0.0,0.0,0.0
2020,7,00-0035823,B.Ellefson,JAX,TE,1,0.0,0.0,0.0,0.0
2020,7,00-0033112,T.Hemingway,WAS,TE,1,0.0,0.0,0.0,0.0
2020,7,00-0035259,T.Wesco,NYJ,TE,1,0.0,0.0,0.0,0.0
2020,7,00-0028042,L.Stocker,ATL,TE,1,0.0,0.0,0.0,0.0
2020,6,00-0033455,A.Firkser,TEN,TE,1,17.3,25.3,17.3,25.3
2020,6,00-0033288,G.Kittle,SF,TE,1,16.9,23.9,16.9,23.9
2020,6,00-0030506,T.Kelce,KC,TE,1,18.5,23.5,18.5,23.5
2020,6,00-0030710,T.Burton,IND,TE,1,17.9,21.9,17.9,21.9
2020,6,00-0029738,D.Fells,HOU,TE,1,14.5,20.5,14.5,20.5
2020,6,00-0027656,R.Gronkowski,TB,TE,1,13.8,18.8,13.8,18.8
2020,6,00-0034830,H.Hurst,ATL,TE,1,11.7,15.7,11.7,15.7
2020,6,00-0033896,A.Shaheen,MIA,TE,1,11.1,14.1,11.1,14.1
2020,6,00-0031260,L.Thomas,WAS,TE,1,10.2,13.2,10.2,13.2
2020,6,00-0031598,N.Boyle,BAL,TE,1,9.3,12.3,9.3,12.3
2020,6,00-0030181,J.Doyle,IND,TE,1,8.9,11.9,8.9,11.9
2020,6,00-0032392,A.Hooper,CLE,TE,1,5.2,10.2,5.2,10.2
2020,6,00-0036290,C.Kmet,CHI,TE,1,8.0,10.0,8.0,10.0
2020,6,00-0035229,T.Hockenson,DET,TE,1,7.7,9.7,7.7,9.7
2020,6,00-0034970,I.Smith,MIN,TE,1,5.5,9.5,5.5,9.5
2020,6,00-0033110,T.Higbee,LA,TE,1,5.6,8.6,5.6,8.6
2020,6,00-0027696,J.Graham,CHI,TE,1,3.4,8.4,3.4,8.4
2020,6,00-0027981,K.Rudolph,MIN,TE,1,4.7,7.7,4.7,7.7
2020,6,00-0034383,D.Schultz,DAL,TE,1,3.5,7.5,3.5,7.5
2020,6,00-0034798,D.Smythe,MIA,TE,1,6.4,7.4,6.4,7.4
2020,6,00-0030061,Z.Ertz,PHI,TE,1,3.3,7.3,3.3,7.3
2020,6,00-0033627,J.Croom,PHI,TE,1,6.3,7.3,6.3,7.3
2020,6,00-0034439,R.Izzo,NE,TE,1,3.8,6.8,3.8,6.8
2020,6,00-0036423,A.Okwuegbunam,DEN,TE,1,4.5,6.5,4.5,6.5
2020,6,00-0031384,R.Rodgers,PHI,TE,1,3.1,6.1,3.1,6.1
2020,6,00-0033895,G.Everett,LA,TE,1,2.7,5.7,2.7,5.7
2020,6,00-0033757,R.Tonyan,GB,TE,1,2.5,5.5,2.5,5.5
2020,6,00-0033881,E.Engram,NYG,TE,1,3.0,5.0,3.0,5.0
2020,6,00-0033439,P.Brown,HOU,TE,1,2.8,4.8,2.8,4.8
2020,6,00-0034988,K.Smith,NYG,TE,1,1.5,4.5,1.5,4.5
2020,6,00-0034753,M.Andrews,BAL,TE,1,2.1,4.1,2.1,4.1
2020,6,00-0030108,R.Griffin,NYJ,TE,1,1.7,3.7,1.7,3.7
2020,6,00-0032141,G.Swaim,TEN,TE,1,1.0,3.0,1.0,3.0
2020,6,00-0031387,E.Ebron,PIT,TE,1,0.9,2.9,0.9,2.9
2020,6,00-0033858,J.Smith,TEN,TE,1,1.3,2.3,1.3,2.3
2020,6,00-0036232,H.Bryant,CLE,TE,1,1.1,2.1,1.1,2.1
2020,6,00-0034365,I.Thomas,CAR,TE,1,0.9,1.9,0.9,1.9
2020,6,00-0033885,D.Njoku,CLE,TE,1,0.7,1.7,0.7,1.7
2020,6,00-0032394,N.Vannett,DEN,TE,1,0.7,1.7,0.7,1.7
2020,6,00-0032214,T.Kroft,BUF,TE,1,0.7,1.7,0.7,1.7
2020,6,00-0031484,C.Manhertz,CAR,TE,1,0.6,1.6,0.6,1.6
2020,6,00-0032135,J.James,DET,TE,1,0.3,1.3,0.3,1.3
2020,6,00-0031273,C.Brate,TB,TE,1,0.3,1.3,0.3,1.3
2020,6,00-0034192,N.Keizer,KC,TE,1,0.2,1.2,0.2,1.2
2020,6,00-0033258,D.Daniels,ARI,TE,1,0.1,1.1,0.1,1.1
2020,6,00-0033611,R.Seals-Jones,KC,TE,1,0.0,0.0,0.0,0.0
2020,6,00-0036250,T.Davis,JAX,TE,1,0.0,0.0,0.0,0.0
2020,6,00-0035631,D.Sample,CIN,TE,1,0.0,0.0,0.0,0.0
2020,6,00-0024243,M.Lewis,GB,TE,1,0.0,0.0,0.0,0.0
2020,6,00-0033338,C.Carter,CIN,TE,1,0.0,0.0,0.0,0.0
2020,6,00-0034829,M.Gesicki,MIA,TE,1,0.0,0.0,0.0,0.0
2020,6,00-0030155,D.Harris,CHI,TE,1,0.0,0.0,0.0,0.0
2020,6,00-0032062,B.Bell,DAL,TE,1,0.0,0.0,0.0,0.0
2020,6,00-0031951,J.O'Shaughnessy,JAX,TE,1,0.0,0.0,0.0,0.0
2020,6,00-0035624,N.Harry,NE,TE,1,0.0,0.0,0.0,0.0
2020,5,00-0030506,T.Kelce,KC,TE,1,16.8,24.8,16.8,24.8
2020,5,00-0033858,J.Smith,TEN,TE,1,16.0,21.0,16.0,21.0
2020,5,00-0034753,M.Andrews,BAL,TE,1,11.6,17.6,11.6,17.6
2020,5,00-0031610,D.Waller,LV,TE,1,10.8,15.8,10.8,15.8
2020,5,00-0034829,M.Gesicki,MIA,TE,1,9.1,14.1,9.1,14.1
2020,5,00-0029738,D.Fells,HOU,TE,1,11.7,13.7,11.7,13.7
2020,5,00-0027061,J.Cook,NO,TE,1,11.2,13.2,11.2,13.2
2020,5,00-0033895,G.Everett,LA,TE,1,9.0,13.0,9.0,13.0
2020,5,00-0027696,J.Graham,CHI,TE,1,9.3,12.3,9.3,12.3
2020,5,00-0033090,H.Henry,LAC,TE,1,8.3,12.3,8.3,12.3
2020,5,00-0032392,A.Hooper,CLE,TE,1,5.7,10.7,5.7,10.7
2020,5,00-0034970,I.Smith,MIN,TE,1,6.4,10.4,6.4,10.4
2020,5,00-0033881,E.Engram,NYG,TE,1,8.5,9.5,8.5,9.5
2020,5,00-0031273,C.Brate,TB,TE,1,4.4,9.4,4.4,9.4
2020,5,00-0031387,E.Ebron,PIT,TE,1,4.3,9.3,4.3,9.3
2020,5,00-0034159,W.Dissly,SEA,TE,1,7.9,8.9,7.9,8.9
2020,5,00-0033288,G.Kittle,SF,TE,1,4.4,8.4,4.4,8.4
2020,5,00-0030710,T.Burton,IND,TE,1,3.3,8.3,3.3,8.3
2020,5,00-0027656,R.Gronkowski,TB,TE,1,5.2,8.2,5.2,8.2
2020,5,00-0033357,T.Hill,NO,TE,1,7.3,7.3,7.3,7.3
2020,5,00-0033896,A.Shaheen,MIA,TE,1,6.3,7.3,6.3,7.3
2020,5,00-0033258,D.Daniels,ARI,TE,1,3.7,5.7,3.7,5.7
2020,5,00-0031951,J.O'Shaughnessy,JAX,TE,1,2.0,5.0,2.0,5.0
2020,5,00-0033455,A.Firkser,TEN,TE,1,1.9,4.9,1.9,4.9
2020,5,00-0030549,T.Eifert,JAX,TE,1,1.6,4.6,1.6,4.6
2020,5,00-0034766,C.Herndon,NYJ,TE,1,2.4,4.4,2.4,4.4
2020,5,00-0035631,D.Sample,CIN,TE,1,2.2,4.2,2.2,4.2
2020,5,00-0033110,T.Higbee,LA,TE,1,1.2,3.2,1.2,3.2
2020,5,00-0025418,G.Olsen,SEA,TE,1,2.0,3.0,2.0,3.0
2020,5,00-0034830,H.Hurst,ATL,TE,1,0.8,2.8,0.8,2.8
2020,5,00-0031384,R.Rodgers,PHI,TE,1,1.8,2.8,1.8,2.8
2020,5,00-0022127,J.Witten,LV,TE,1,0.6,2.6,0.6,2.6
2020,5,00-0035689,D.Knox,BUF,TE,1,1.5,2.5,1.5,2.5
2020,5,00-0028142,V.Green,LAC,TE,1,1.4,2.4,1.4,2.4
2020,5,00-0032062,B.Bell,DAL,TE,1,1.3,2.3,1.3,2.3
2020,5,00-0033112,T.Hemingway,WAS,TE,1,1.0,2.0,1.0,2.0
2020,5,00-0027981,K.Rudolph,MIN,TE,1,1.0,2.0,1.0,2.0
2020,5,00-0030155,D.Harris,CHI,TE,1,0.9,1.9,0.9,1.9
2020,5,00-0034613,T.Hudson,TB,TE,1,0.9,1.9,0.9,1.9
2020,5,00-0034788,J.Graham,ATL,TE,1,0.7,1.7,0.7,1.7
2020,5,00-0034988,K.Smith,NYG,TE,1,0.7,1.7,0.7,1.7
2020,5,00-0030061,Z.Ertz,PHI,TE,1,0.6,1.6,0.6,1.6
2020,5,00-0034383,D.Schultz,DAL,TE,1,0.6,1.6,0.6,1.6
2020,5,00-0033885,D.Njoku,CLE,TE,1,0.6,1.6,0.6,1.6
2020,5,00-0035259,T.Wesco,NYJ,TE,1,0.5,1.5,0.5,1.5
2020,5,00-0033439,P.Brown,HOU,TE,1,0.4,1.4,0.4,1.4
2020,5,00-0030470,V.McDonald,PIT,TE,1,0.4,1.4,0.4,1.4
2020,5,00-0031260,L.Thomas,WAS,TE,1,0.4,1.4,0.4,1.4
2020,5,00-0031598,N.Boyle,BAL,TE,1,0.2,1.2,0.2,1.2
2020,5,00-0028042,L.Stocker,ATL,TE,1,0.2,1.2,0.2,1.2
2020,5,00-0030216,J.Hill,NO,TE,1,0.1,1.1,0.1,1.1
2020,5,00-0036232,H.Bryant,CLE,TE,1,0.0,0.0,0.0,0.0
2020,5,00-0033217,M.Alie-Cox,IND,TE,1,0.0,0.0,0.0,0.0
2020,5,00-0034365,I.Thomas,CAR,TE,1,0.0,0.0,0.0,0.0
2020,5,00-0035329,D.Parham,LAC,TE,1,0.0,0.0,0.0,0.0
2020,5,00-0030181,J.Doyle,IND,TE,1,0.0,0.0,0.0,0.0
2020,5,00-0033528,J.Sprinkle,WAS,TE,1,0.0,0.0,0.0,0.0
2020,5,00-0034192,N.Keizer,KC,TE,1,0.0,0.0,0.0,0.0
2020,4,00-0033288,G.Kittle,SF,TE,1,25.1,40.1,25.1,40.1
2020,4,00-0033757,R.Tonyan,GB,TE,1,27.8,33.8,27.8,33.8
2020,4,00-0034753,M.Andrews,BAL,TE,1,17.7,20.7,17.7,20.7
2020,4,00-0031610,D.Waller,LV,TE,1,8.8,17.8,8.8,17.8
2020,4,00-0034383,D.Schultz,DAL,TE,1,13.2,17.2,13.2,17.2
2020,4,00-0032392,A.Hooper,CLE,TE,1,9.4,14.4,9.4,14.4
2020,4,00-0033879,O.Howard,TB,TE,1,11.0,14.0,11.0,14.0
2020,4,00-0035624,N.Harry,NE,TE,1,8.1,11.1,8.1,11.1
2020,4,00-0030506,T.Kelce,KC,TE,1,7.0,10.0,7.0,10.0
2020,4,00-0022127,J.Witten,LV,TE,1,7.8,9.8,7.8,9.8
2020,4,00-0033881,E.Engram,NYG,TE,1,3.5,9.5,3.5,9.5
2020,4,00-0034830,H.Hurst,ATL,TE,1,5.1,9.1,5.1,9.1
2020,4,00-0035329,D.Parham,LAC,TE,1,7.9,8.9,7.9,8.9
2020,4,00-0035229,T.Hockenson,DET,TE,1,6.9,8.9,6.9,8.9
2020,4,00-0034365,I.Thomas,CAR,TE,1,6.5,8.5,6.5,8.5
2020,4,00-0035644,N.Fant,DEN,TE,1,3.5,8.5,3.5,8.5
2020,4,00-0025418,G.Olsen,SEA,TE,1,3.5,8.5,3.5,8.5
2020,4,00-0033217,M.Alie-Cox,IND,TE,1,7.3,8.3,7.3,8.3
2020,4,00-0033895,G.Everett,LA,TE,1,7.2,8.2,7.2,8.2
2020,4,00-0034011,D.Arnold,ARI,TE,1,3.9,7.9,3.9,7.9
2020,4,00-0035631,D.Sample,CIN,TE,1,4.7,7.7,4.7,7.7
2020,4,00-0036232,H.Bryant,CLE,TE,1,3.7,7.7,3.7,7.7
2020,4,00-0034364,J.Akins,HOU,TE,1,4.6,7.6,4.6,7.6
2020,4,00-0027696,J.Graham,CHI,TE,1,3.3,7.3,3.3,7.3
2020,4,00-0031273,C.Brate,TB,TE,1,6.3,7.3,6.3,7.3
2020,4,00-0034420,J.Thomas,ARI,TE,1,6.3,7.3,6.3,7.3
2020,4,00-0031384,R.Rodgers,PHI,TE,1,3.5,6.5,3.5,6.5
2020,4,00-0033090,H.Henry,LAC,TE,1,3.9,5.9,3.9,5.9
2020,4,00-0033110,T.Higbee,LA,TE,1,2.0,5.0,2.0,5.0
2020,4,00-0034798,D.Smythe,MIA,TE,1,3.0,5.0,3.0,5.0
2020,4,00-0030061,Z.Ertz,PHI,TE,1,0.9,4.9,0.9,4.9
2020,4,00-0027981,K.Rudolph,MIN,TE,1,2.7,4.7,2.7,4.7
2020,4,00-0032062,B.Bell,DAL,TE,1,2.4,4.4,2.4,4.4
2020,4,00-0030549,T.Eifert,JAX,TE,1,2.2,4.2,2.2,4.2
2020,4,00-0032135,J.James,DET,TE,1,3.1,4.1,3.1,4.1
2020,4,00-0029738,D.Fells,HOU,TE,1,2.1,4.1,2.1,4.1
2020,4,00-0030108,R.Griffin,NYJ,TE,1,1.0,4.0,1.0,4.0
2020,4,00-0027656,R.Gronkowski,TB,TE,1,2.9,3.9,2.9,3.9
2020,4,00-0035689,D.Knox,BUF,TE,1,1.6,3.6,1.6,3.6
2020,4,00-0031951,J.O'Shaughnessy,JAX,TE,1,2.6,3.6,2.6,3.6
2020,4,00-0030710,T.Burton,IND,TE,1,1.6,3.6,1.6,3.6
2020,4,00-0034159,W.Dissly,SEA,TE,1,1.5,3.5,1.5,3.5
2020,4,00-0033338,C.Carter,CIN,TE,1,2.4,3.4,2.4,3.4
2020,4,00-0031484,C.Manhertz,CAR,TE,1,1.7,2.7,1.7,2.7
2020,4,00-0034829,M.Gesicki,MIA,TE,1,1.5,2.5,1.5,2.5
2020,4,00-0033357,T.Hill,NO,TE,1,1.4,2.4,1.4,2.4
2020,4,00-0030181,J.Doyle,IND,TE,1,1.2,2.2,1.2,2.2
2020,4,00-0032214,T.Kroft,BUF,TE,1,1.2,2.2,1.2,2.2
2020,4,00-0034766,C.Herndon,NYJ,TE,1,1.1,2.1,1.1,2.1
2020,4,00-0034988,K.Smith,NYG,TE,1,1.0,2.0,1.0,2.0
2020,4,00-0031598,N.Boyle,BAL,TE,1,0.9,1.9,0.9,1.9
2020,4,00-0031260,L.Thomas,WAS,TE,1,0.8,1.8,0.8,1.8
2020,4,00-0034981,F.Moreau,LV,TE,1,0.8,1.8,0.8,1.8
2020,4,00-0032394,N.Vannett,DEN,TE,1,0.7,1.7,0.7,1.7
2020,4,00-0030216,J.Hill,NO,TE,1,0.7,1.7,0.7,1.7
2020,4,00-0030155,D.Harris,CHI,TE,1,0.6,1.6,0.6,1.6
2020,4,00-0033246,J.Mundt,LA,TE,1,0.5,1.5,0.5,1.5
2020,4,00-0034319,D.Yelder,KC,TE,1,0.5,1.5,0.5,1.5
2020,4,00-0033896,A.Shaheen,MIA,TE,1,0.0,0.0,0.0,0.0
2020,4,00-0034970,I.Smith,MIN,TE,1,0.0,0.0,0.0,0.0
2020,4,00-0036290,C.Kmet,CHI,TE,1,0.0,0.0,0.0,0.0
2020,4,00-0033564,J.Butt,DEN,TE,1,0.0,0.0,0.0,0.0
2020,4,00-0035039,S.Carlson,CLE,TE,1,0.0,0.0,0.0,0.0
2020,4,00-0034439,R.Izzo,NE,TE,1,0.0,0.0,0.0,0.0
2020,4,00-0036145,L.Cager,NYJ,TE,1,0.0,0.0,0.0,0.0
2020,3,00-0027696,J.Graham,CHI,TE,1,18.0,24.0,18.0,24.0
2020,3,00-0032214,T.Kroft,BUF,TE,1,14.4,18.4,14.4,18.4
2020,3,00-0031387,E.Ebron,PIT,TE,1,11.2,16.2,11.2,16.2
2020,3,00-0033757,R.Tonyan,GB,TE,1,11.0,16.0,11.0,16.0
2020,3,00-0030506,T.Kelce,KC,TE,1,8.7,14.7,8.7,14.7
2020,3,00-0033217,M.Alie-Cox,IND,TE,1,11.0,14.0,11.0,14.0
2020,3,00-0030061,Z.Ertz,PHI,TE,1,7.0,14.0,7.0,14.0
2020,3,00-0032135,J.James,DET,TE,1,8.8,11.8,8.8,11.8
2020,3,00-0025418,G.Olsen,SEA,TE,1,6.1,11.1,6.1,11.1
2020,3,00-0033858,J.Smith,TEN,TE,1,6.1,11.1,6.1,11.1
2020,3,00-0027656,R.Gronkowski,TB,TE,1,4.8,10.8,4.8,10.8
2020,3,00-0034981,F.Moreau,LV,TE,1,8.5,10.5,8.5,10.5
2020,3,00-0033090,H.Henry,LAC,TE,1,5.0,10.0,5.0,10.0
2020,3,00-0035644,N.Fant,DEN,TE,1,4.6,9.6,4.6,9.6
2020,3,00-0035229,T.Hockenson,DET,TE,1,5.3,9.3,5.3,9.3
2020,3,00-0027981,K.Rudolph,MIN,TE,1,7.1,9.1,7.1,9.1
2020,3,00-0034073,R.Dwelley,SF,TE,1,4.9,8.9,4.9,8.9
2020,3,00-0034383,D.Schultz,DAL,TE,1,4.8,8.8,4.8,8.8
2020,3,00-0024243,M.Lewis,GB,TE,1,7.8,8.8,7.8,8.8
2020,3,00-0034829,M.Gesicki,MIA,TE,1,7.5,8.5,7.5,8.5
2020,3,00-0033879,O.Howard,TB,TE,1,4.9,7.9,4.9,7.9
2020,3,00-0031598,N.Boyle,BAL,TE,1,6.5,7.5,6.5,7.5
2020,3,00-0036232,H.Bryant,CLE,TE,1,6.3,7.3,6.3,7.3
2020,3,00-0031260,L.Thomas,WAS,TE,1,3.1,7.1,3.1,7.1
2020,3,00-0028097,L.Smith,BUF,TE,1,6.1,7.1,6.1,7.1
2020,3,00-0034830,H.Hurst,ATL,TE,1,6.1,7.1,6.1,7.1
2020,3,00-0033387,J.Hollister,SEA,TE,1,6.1,7.1,6.1,7.1
2020,3,00-0035671,J.Sternberger,GB,TE,1,3.6,6.6,3.6,6.6
2020,3,00-0030470,V.McDonald,PIT,TE,1,3.5,6.5,3.5,6.5
2020,3,00-0033110,T.Higbee,LA,TE,1,4.0,6.0,4.0,6.0
2020,3,00-0031951,J.O'Shaughnessy,JAX,TE,1,2.9,5.9,2.9,5.9
2020,3,00-0035624,N.Harry,NE,TE,1,3.6,5.6,3.6,5.6
2020,3,00-0036145,L.Cager,NYJ,TE,1,3.5,5.5,3.5,5.5
2020,3,00-0032392,A.Hooper,CLE,TE,1,2.5,5.5,2.5,5.5
2020,3,00-0033895,G.Everett,LA,TE,1,3.4,5.4,3.4,5.4
2020,3,00-0034753,M.Andrews,BAL,TE,1,2.2,5.2,2.2,5.2
2020,3,00-0033881,E.Engram,NYG,TE,1,2.2,5.2,2.2,5.2
2020,3,00-0034766,C.Herndon,NYJ,TE,1,2.1,5.1,2.1,5.1
2020,3,00-0034364,J.Akins,HOU,TE,1,2.8,4.8,2.8,4.8
2020,3,00-0030155,D.Harris,CHI,TE,1,1.5,4.5,1.5,4.5
2020,3,00-0033258,D.Daniels,ARI,TE,1,2.4,4.4,2.4,4.4
2020,3,00-0030472,J.Reed,SF,TE,1,2.3,4.3,2.3,4.3
2020,3,00-0027061,J.Cook,NO,TE,1,2.1,4.1,2.1,4.1
2020,3,00-0036422,A.Trautman,NO,TE,1,1.7,3.7,1.7,3.7
2020,3,00-0031585,M.Pruitt,TEN,TE,1,1.6,3.6,1.6,3.6
2020,3,00-0031384,R.Rodgers,PHI,TE,1,1.5,3.5,1.5,3.5
2020,3,00-0030549,T.Eifert,JAX,TE,1,1.1,3.1,1.1,3.1
2020,3,00-0031610,D.Waller,LV,TE,1,0.9,2.9,0.9,2.9
2020,3,00-0034159,W.Dissly,SEA,TE,1,0.5,2.5,0.5,2.5
2020,3,00-0034988,K.Smith,NYG,TE,1,1.3,2.3,1.3,2.3
2020,3,00-0034011,D.Arnold,ARI,TE,1,1.1,2.1,1.1,2.1
2020,3,00-0034365,I.Thomas,CAR,TE,1,0.9,1.9,0.9,1.9
2020,3,00-0034798,D.Smythe,MIA,TE,1,0.7,1.7,0.7,1.7
2020,3,00-0034351,D.Goedert,PHI,TE,1,0.7,1.7,0.7,1.7
2020,3,00-0033357,T.Hill,NO,TE,1,0.7,1.7,0.7,1.7
2020,3,00-0028042,L.Stocker,ATL,TE,1,0.6,1.6,0.6,1.6
2020,3,00-0033564,J.Butt,DEN,TE,1,0.5,1.5,0.5,1.5
2020,3,00-0035631,D.Sample,CIN,TE,1,0.1,1.1,0.1,1.1
2020,3,00-0033338,C.Carter,CIN,TE,1,0.1,1.1,0.1,1.1
2020,3,00-0030108,R.Griffin,NYJ,TE,1,0.0,0.0,0.0,0.0
2020,3,00-0034192,N.Keizer,KC,TE,1,0.0,0.0,0.0,0.0
2020,3,00-0036005,N.Togiai,IND,TE,1,0.0,0.0,0.0,0.0
2020,3,00-0029738,D.Fells,HOU,TE,1,0.0,0.0,0.0,0.0
2020,3,00-0028142,V.Green,LAC,TE,1,0.0,0.0,0.0,0.0
2020,3,00-0034439,R.Izzo,NE,TE,1,0.0,0.0,0.0,0.0
2020,3,00-0032062,B.Bell,DAL,TE,1,0.0,0.0,0.0,0.0
2020,2,00-0031610,D.Waller,LV,TE,1,16.5,28.5,16.5,28.5
2020,2,00-0033110,T.Higbee,LA,TE,1,23.4,28.4,23.4,28.4
2020,2,00-0034829,M.Gesicki,MIA,TE,1,19.0,27.0,19.0,27.0
2020,2,00-0033858,J.Smith,TEN,TE,1,20.4,24.4,20.4,24.4
2020,2,00-0030506,T.Kelce,KC,TE,1,15.0,24.0,15.0,24.0
2020,2,00-0030472,J.Reed,SF,TE,1,17.0,24.0,17.0,24.0
2020,2,00-0034383,D.Schultz,DAL,TE,1,14.8,23.8,14.8,23.8
2020,2,00-0034830,H.Hurst,ATL,TE,1,13.2,18.2,13.2,18.2
2020,2,00-0033217,M.Alie-Cox,IND,TE,1,11.1,16.1,11.1,16.1
2020,2,00-0035644,N.Fant,DEN,TE,1,11.7,15.7,11.7,15.7
2020,2,00-0035624,N.Harry,NE,TE,1,7.2,15.2,7.2,15.2
2020,2,00-0033090,H.Henry,LAC,TE,1,8.3,14.3,8.3,14.3
2020,2,00-0032134,C.Uzomah,CIN,TE,1,10.2,14.2,10.2,14.2
2020,2,00-0030549,T.Eifert,JAX,TE,1,9.6,12.6,9.6,12.6
2020,2,00-0033881,E.Engram,NYG,TE,1,6.5,12.5,6.5,12.5
2020,2,00-0034364,J.Akins,HOU,TE,1,5.5,12.5,5.5,12.5
2020,2,00-0035631,D.Sample,CIN,TE,1,4.5,11.5,4.5,11.5
2020,2,00-0033757,R.Tonyan,GB,TE,1,8.5,10.5,8.5,10.5
2020,2,00-0029738,D.Fells,HOU,TE,1,8.3,10.3,8.3,10.3
2020,2,00-0035229,T.Hockenson,DET,TE,1,6.2,10.2,6.2,10.2
2020,2,00-0027061,J.Cook,NO,TE,1,7.3,9.3,7.3,9.3
2020,2,00-0030061,Z.Ertz,PHI,TE,1,4.2,9.2,4.2,9.2
2020,2,00-0033455,A.Firkser,TEN,TE,1,4.5,8.5,4.5,8.5
2020,2,00-0031951,J.O'Shaughnessy,JAX,TE,1,4.0,8.0,4.0,8.0
2020,2,00-0031387,E.Ebron,PIT,TE,1,4.3,7.3,4.3,7.3
2020,2,00-0034351,D.Goedert,PHI,TE,1,3.0,7.0,3.0,7.0
2020,2,00-0031260,L.Thomas,WAS,TE,1,2.6,6.6,2.6,6.6
2020,2,00-0032062,B.Bell,DAL,TE,1,3.4,5.4,3.4,5.4
2020,2,00-0035689,D.Knox,BUF,TE,1,3.6,4.6,3.6,4.6
2020,2,00-0034011,D.Arnold,ARI,TE,1,2.6,4.6,2.6,4.6
2020,2,00-0032392,A.Hooper,CLE,TE,1,2.2,4.2,2.2,4.2
2020,2,00-0034981,F.Moreau,LV,TE,1,3.1,4.1,3.1,4.1
2020,2,00-0034439,R.Izzo,NE,TE,1,1.9,3.9,1.9,3.9
2020,2,00-0034753,M.Andrews,BAL,TE,1,2.9,3.9,2.9,3.9
2020,2,00-0027696,J.Graham,CHI,TE,1,1.8,2.8,1.8,2.8
2020,2,00-0036422,A.Trautman,NO,TE,1,1.7,2.7,1.7,2.7
2020,2,00-0030216,J.Hill,NO,TE,1,1.6,2.6,1.6,2.6
2020,2,00-0036232,H.Bryant,CLE,TE,1,1.4,2.4,1.4,2.4
2020,2,00-0036290,C.Kmet,CHI,TE,1,1.2,2.2,1.2,2.2
2020,2,00-0031598,N.Boyle,BAL,TE,1,1.1,2.1,1.1,2.1
2020,2,00-0033879,O.Howard,TB,TE,1,1.1,2.1,1.1,2.1
2020,2,00-0034159,W.Dissly,SEA,TE,1,0.9,1.9,0.9,1.9
2020,2,00-0034988,K.Smith,NYG,TE,1,-0.1,1.9,-0.1,1.9
2020,2,00-0031484,C.Manhertz,CAR,TE,1,0.8,1.8,0.8,1.8
2020,2,00-0034766,C.Herndon,NYJ,TE,1,0.5,1.5,0.5,1.5
2020,2,00-0034073,R.Dwelley,SF,TE,1,0.5,1.5,0.5,1.5
2020,2,00-0033896,A.Shaheen,MIA,TE,1,0.4,1.4,0.4,1.4
2020,2,00-0024243,M.Lewis,GB,TE,1,0.4,1.4,0.4,1.4
2020,2,00-0022127,J.Witten,LV,TE,1,0.3,1.3,0.3,1.3
2020,2,00-0030470,V.McDonald,PIT,TE,1,0.3,1.3,0.3,1.3
2020,2,00-0034970,I.Smith,MIN,TE,1,0.3,1.3,0.3,1.3
2020,2,00-0034169,M.Baugh,WAS,TE,1,0.2,1.2,0.2,1.2
2020,2,00-0033357,T.Hill,NO,TE,1,0.8,0.8,0.8,0.8
2020,2,00-0030155,D.Harris,CHI,TE,1,0.0,0.0,0.0,0.0
2020,2,00-0025418,G.Olsen,SEA,TE,1,0.0,0.0,0.0,0.0
2020,2,00-0027656,R.Gronkowski,TB,TE,1,0.0,0.0,0.0,0.0
2020,2,00-0032394,N.Vannett,DEN,TE,1,0.0,0.0,0.0,0.0
2020,2,00-0027981,K.Rudolph,MIN,TE,1,0.0,0.0,0.0,0.0
2020,2,00-0033258,D.Daniels,ARI,TE,1,0.0,0.0,0.0,0.0
2020,2,00-0035671,J.Sternberger,GB,TE,1,0.0,0.0,0.0,0.0
2020,1,00-0034351,D.Goedert,PHI,TE,1,16.1,24.1,16.1,24.1
2020,1,00-0034753,M.Andrews,BAL,TE,1,17.8,22.8,17.8,22.8
2020,1,00-0035644,N.Fant,DEN,TE,1,14.1,19.1,14.1,19.1
2020,1,00-0030506,T.Kelce,KC,TE,1,11.0,17.0,11.0,17.0
2020,1,00-0035229,T.Hockenson,DET,TE,1,11.6,16.6,11.6,16.6
2020,1,00-0033885,D.Njoku,CLE,TE,1,11.0,14.0,11.0,14.0
2020,1,00-0031260,L.Thomas,WAS,TE,1,9.7,13.7,9.7,13.7
2020,1,00-0033879,O.Howard,TB,TE,1,9.6,13.6,9.6,13.6
2020,1,00-0033858,J.Smith,TEN,TE,1,9.6,13.6,9.6,13.6
2020,1,00-0027061,J.Cook,NO,TE,1,8.0,13.0,8.0,13.0
2020,1,00-0025418,G.Olsen,SEA,TE,1,8.4,12.4,8.4,12.4
2020,1,00-0033090,H.Henry,LAC,TE,1,7.3,12.3,7.3,12.3
2020,1,00-0034364,J.Akins,HOU,TE,1,9.9,11.9,9.9,11.9
2020,1,00-0027696,J.Graham,CHI,TE,1,8.5,11.5,8.5,11.5
2020,1,00-0030061,Z.Ertz,PHI,TE,1,7.8,10.8,7.8,10.8
2020,1,00-0031610,D.Waller,LV,TE,1,4.5,10.5,4.5,10.5
2020,1,00-0034766,C.Herndon,NYJ,TE,1,3.7,9.7,3.7,9.7
2020,1,00-0033288,G.Kittle,SF,TE,1,5.3,9.3,5.3,9.3
2020,1,00-0035624,N.Harry,NE,TE,1,3.9,8.9,3.9,8.9
2020,1,00-0032134,C.Uzomah,CIN,TE,1,4.5,8.5,4.5,8.5
2020,1,00-0030181,J.Doyle,IND,TE,1,4.9,7.9,4.9,7.9
2020,1,00-0031585,M.Pruitt,TEN,TE,1,6.1,7.1,6.1,7.1
2020,1,00-0033110,T.Higbee,LA,TE,1,4.0,7.0,4.0,7.0
2020,1,00-0034830,H.Hurst,ATL,TE,1,3.8,6.8,3.8,6.8
2020,1,00-0034829,M.Gesicki,MIA,TE,1,3.0,6.0,3.0,6.0
2020,1,00-0033357,T.Hill,NO,TE,1,4.6,5.6,4.6,5.6
2020,1,00-0027981,K.Rudolph,MIN,TE,1,2.8,4.8,2.8,4.8
2020,1,00-0035689,D.Knox,BUF,TE,1,2.6,4.6,2.6,4.6
2020,1,00-0034011,D.Arnold,ARI,TE,1,2.1,4.1,2.1,4.1
2020,1,00-0033217,M.Alie-Cox,IND,TE,1,2.0,4.0,2.0,4.0
2020,1,00-0029738,D.Fells,HOU,TE,1,1.9,3.9,1.9,3.9
2020,1,00-0034988,K.Smith,NYG,TE,1,1.7,3.7,1.7,3.7
2020,1,00-0034365,I.Thomas,CAR,TE,1,1.6,3.6,1.6,3.6
2020,1,00-0032392,A.Hooper,CLE,TE,1,1.5,3.5,1.5,3.5
2020,1,00-0034439,R.Izzo,NE,TE,1,2.5,3.5,2.5,3.5
2020,1,00-0030472,J.Reed,SF,TE,1,1.2,3.2,1.2,3.2
2020,1,00-0027656,R.Gronkowski,TB,TE,1,1.1,3.1,1.1,3.1
2020,1,00-0033881,E.Engram,NYG,TE,1,0.9,2.9,0.9,2.9
2020,1,00-0031387,E.Ebron,PIT,TE,1,1.8,2.8,1.8,2.8
2020,1,00-0034159,W.Dissly,SEA,TE,1,0.8,2.8,0.8,2.8
2020,1,00-0033455,A.Firkser,TEN,TE,1,0.5,2.5,0.5,2.5
2020,1,00-0030443,L.Toilolo,NYG,TE,1,1.3,2.3,1.3,2.3
2020,1,00-0031598,N.Boyle,BAL,TE,1,0.3,2.3,0.3,2.3
2020,1,00-0036332,J.Deguara,GB,TE,1,1.2,2.2,1.2,2.2
2020,1,00-0033658,B.Jarwin,DAL,TE,1,1.2,2.2,1.2,2.2
2020,1,00-0034970,I.Smith,MIN,TE,1,1.1,2.1,1.1,2.1
2020,1,00-0034383,D.Schultz,DAL,TE,1,1.1,2.1,1.1,2.1
2020,1,00-0028142,V.Green,LAC,TE,1,1.0,2.0,1.0,2.0
2020,1,00-0033387,J.Hollister,SEA,TE,1,0.9,1.9,0.9,1.9
2020,1,00-0030549,T.Eifert,JAX,TE,1,0.8,1.8,0.8,1.8
2020,1,00-0033895,G.Everett,LA,TE,1,0.7,1.7,0.7,1.7
2020,1,00-0035631,D.Sample,CIN,TE,1,0.7,1.7,0.7,1.7
2020,1,00-0036232,H.Bryant,CLE,TE,1,0.5,1.5,0.5,1.5
2020,1,00-0031484,C.Manhertz,CAR,TE,1,0.4,1.4,0.4,1.4
2020,1,00-0030470,V.McDonald,PIT,TE,1,0.3,1.3,0.3,1.3
2020,1,00-0022127,J.Witten,LV,TE,1,0.2,1.2,0.2,1.2
2020,1,00-0031951,J.O'Shaughnessy,JAX,TE,1,0.0,1.0,0.0,1.0
2020,1,00-0033564,J.Butt,DEN,TE,1,0.0,1.0,0.0,1.0
2020,1,00-0032394,N.Vannett,DEN,TE,1,-0.6,0.4,-0.6,0.4
2020,1,00-0036290,C.Kmet,CHI,TE,1,0.0,0.0,0.0,0.0
2020,1,00-0031273,C.Brate,TB,TE,1,0.0,0.0,0.0,0.0
2020,1,00-0028042,L.Stocker,ATL,TE,1,0.0,0.0,0.0,0.0
2020,1,00-0035039,S.Carlson,CLE,TE,1,0.0,0.0,0.0,0.0
2020,1,00-0030155,D.Harris,CHI,TE,1,0.0,0.0,0.0,0.0
2020,1,00-0035671,J.Sternberger,GB,TE,1,0.0,0.0,0.0,0.0
2020,1,00-0031558,M.Williams,ARI,TE,1,0.0,0.0,0.0,0.0
2020,1,00-0030216,J.Hill,NO,TE,1,0.0,0.0,0.0,0.0
