year,week,player_id,player_name,team,position,games_played,fpts,fpts_ppr,fpts_per_game,fpts_ppr_per_game,rec,yds,td,yac
2024,22,00-0039894,X.Worthy,KC,WR,1,27.7,35.7,27.7,35.7,8,157.0,2,47.0
2024,22,00-0036912,D.Smith,PHI,WR,1,12.9,16.9,12.9,16.9,4,69.0,1,3.0
2024,22,00-0035676,A.Brown,PHI,WR,1,10.3,13.3,10.3,13.3,3,43.0,1,11.0
2024,22,00-0030564,D.Hopkins,KC,WR,1,7.8,9.8,7.8,9.8,2,18.0,1,1.0
2024,22,00-0037741,J.Dotson,PHI,WR,1,4.2,6.2,4.2,6.2,2,42.0,0,17.0
2024,22,00-0033857,J.Smith-Schuster,KC,WR,1,1.6,3.6,1.6,3.6,2,16.0,0,10.0
2024,22,00-0035662,M.Brown,KC,WR,1,1.5,3.5,1.5,3.5,2,15.0,0,5.0
2024,22,00-0039236,J.Wilson,PHI,WR,1,0.0,0.0,0.0,0.0,0,0.0,0,0.0
2024,22,00-0034386,J.Watson,KC,WR,1,0.0,0.0,0.0,0.0,0,0.0,0,0.0
2024,21,00-0039894,X.Worthy,KC,WR,1,16.1,22.1,16.1,22.1,6,85.0,1,33.0
2024,21,00-0035676,A.Brown,PHI,WR,1,15.6,21.6,15.6,21.6,6,96.0,1,34.0
2024,21,00-0033555,M.Hollins,BUF,WR,1,13.3,16.3,13.3,16.3,3,73.0,1,4.0
2024,21,00-0035659,T.McLaurin,WAS,WR,1,11.1,14.1,11.1,14.1,3,51.0,1,33.0
2024,21,00-0037261,K.Shakir,BUF,WR,1,4.6,10.6,4.6,10.6,6,46.0,0,26.0
2024,21,00-0036912,D.Smith,PHI,WR,1,4.5,8.5,4.5,8.5,4,45.0,0,31.0
2024,21,00-0033857,J.Smith-Schuster,KC,WR,1,6.0,8.0,6.0,8.0,2,60.0,0,37.0
2024,21,00-0033282,C.Samuel,BUF,WR,1,6.4,7.4,6.4,7.4,1,4.0,1,0.0
2024,21,00-0031544,A.Cooper,BUF,WR,1,3.3,7.3,3.3,7.3,4,33.0,0,18.0
2024,21,00-0036626,D.Brown,WAS,WR,1,4.2,7.2,4.2,7.2,3,42.0,0,15.0
2024,21,00-0035208,O.Zaccheaus,WAS,WR,1,2.6,6.6,2.6,6.6,4,26.0,0,13.0
2024,21,00-0035662,M.Brown,KC,WR,1,3.5,6.5,3.5,6.5,3,35.0,0,21.0
2024,21,00-0039901,K.Coleman,BUF,WR,1,1.2,2.2,1.2,2.2,1,12.0,0,1.0
2024,21,00-0030564,D.Hopkins,KC,WR,1,1.1,2.1,1.1,2.1,1,11.0,0,3.0
2024,21,00-0031941,J.Crowder,WAS,WR,1,0.4,1.4,0.4,1.4,1,4.0,0,0.0
2024,21,00-0034386,J.Watson,KC,WR,1,0.0,0.0,0.0,0.0,0,0.0,0,0.0
2024,21,00-0039355,L.McCaffrey,WAS,WR,1,0.0,0.0,0.0,0.0,0,0.0,0,0.0
2024,20,00-0036963,A.St. Brown,DET,WR,1,13.7,21.7,13.7,21.7,8,137.0,0,61.0
2024,20,00-0035659,T.McLaurin,WAS,WR,1,14.7,18.7,14.7,18.7,4,87.0,1,81.0
2024,20,00-0036550,R.Bateman,BAL,WR,1,12.6,16.6,12.6,16.6,4,66.0,1,10.0
2024,20,00-0036626,D.Brown,WAS,WR,1,9.8,15.8,9.8,15.8,6,98.0,0,31.0
2024,20,00-0039075,P.Nacua,LA,WR,1,9.7,15.7,9.7,15.7,6,97.0,0,29.0
2024,20,00-0036554,N.Collins,HOU,WR,1,8.1,13.1,8.1,13.1,5,81.0,0,6.0
2024,20,00-0037240,J.Williams,DET,WR,1,12.0,13.0,12.0,13.0,1,19.0,0,0.0
2024,20,00-0037261,K.Shakir,BUF,WR,1,6.7,12.7,6.7,12.7,6,67.0,0,24.0
2024,20,00-0033908,C.Kupp,LA,WR,1,6.1,11.1,6.1,11.1,5,61.0,0,11.0
2024,20,00-0032775,D.Robinson,LA,WR,1,7.4,10.4,7.4,10.4,3,74.0,0,3.0
2024,20,00-0038618,X.Hutchinson,HOU,WR,1,5.2,9.2,5.2,9.2,4,52.0,0,18.0
2024,20,00-0039894,X.Worthy,KC,WR,1,3.7,8.7,3.7,8.7,5,45.0,0,32.0
2024,20,00-0032464,K.Raymond,DET,WR,1,3.7,6.7,3.7,6.7,3,37.0,0,24.0
2024,20,00-0036912,D.Smith,PHI,WR,1,2.1,6.1,2.1,6.1,4,21.0,0,12.0
2024,20,00-0037614,J.Metchie,HOU,WR,1,3.5,5.5,3.5,5.5,2,35.0,0,4.0
2024,20,00-0031941,J.Crowder,WAS,WR,1,2.5,4.5,2.5,4.5,2,25.0,0,13.0
2024,20,00-0036630,T.Wallace,BAL,WR,1,2.7,3.7,2.7,3.7,1,27.0,0,16.0
2024,20,00-0035676,A.Brown,PHI,WR,1,1.4,3.4,1.4,3.4,2,14.0,0,3.0
2024,20,00-0033375,T.Patrick,DET,WR,1,2.2,3.2,2.2,3.2,1,22.0,0,18.0
2024,20,00-0033282,C.Samuel,BUF,WR,1,0.9,2.9,0.9,2.9,2,9.0,0,6.0
2024,20,00-0036849,T.Atwell,LA,WR,1,1.8,2.8,1.8,2.8,1,18.0,0,0.0
2024,20,00-0034353,A.Miller,BAL,WR,1,1.6,2.6,1.6,2.6,1,16.0,0,12.0
2024,20,00-0039751,J.Whittington,LA,WR,1,1.2,2.2,1.2,2.2,1,12.0,0,1.0
2024,20,00-0033555,M.Hollins,BUF,WR,1,1.2,2.2,1.2,2.2,1,12.0,0,8.0
2024,20,00-0039901,K.Coleman,BUF,WR,1,0.5,1.5,0.5,1.5,1,5.0,0,2.0
2024,20,00-0034928,S.Sims,BAL,WR,1,0.4,1.4,0.4,1.4,1,4.0,0,7.0
2024,20,00-0031544,A.Cooper,BUF,WR,1,0.0,0.0,0.0,0.0,0,0.0,0,0.0
2024,20,00-0038728,J.Wayne,HOU,WR,1,0.0,0.0,0.0,0.0,0,0.0,0,0.0
2024,20,00-0031549,N.Agholor,BAL,WR,1,0.0,0.0,0.0,0.0,0,0.0,0,0.0
2024,20,00-0033857,J.Smith-Schuster,KC,WR,1,0.0,0.0,0.0,0.0,0,0.0,0,0.0
2024,20,00-0030564,D.Hopkins,KC,WR,1,0.0,0.0,0.0,0.0,0,0.0,0,0.0
2024,20,00-0035208,O.Zaccheaus,WAS,WR,1,0.0,0.0,0.0,0.0,0,0.0,0,0.0
2024,20,00-0035662,M.Brown,KC,WR,1,0.0,0.0,0.0,0.0,0,0.0,0,0.0
2024,19,00-0039915,L.McConkey,LAC,WR,1,25.7,34.7,25.7,34.7,9,197.0,1,79.0
2024,19,00-0036554,N.Collins,HOU,WR,1,18.2,25.2,18.2,25.2,7,122.0,1,61.0
2024,19,00-0031408,M.Evans,TB,WR,1,15.2,22.2,15.2,22.2,7,92.0,1,29.0
2024,19,00-0035659,T.McLaurin,WAS,WR,1,14.9,21.9,14.9,21.9,7,89.0,1,16.0
2024,19,00-0036626,D.Brown,WAS,WR,1,14.9,19.9,14.9,19.9,5,89.0,1,45.0
2024,19,00-0037247,G.Pickens,PIT,WR,1,14.7,19.7,14.7,19.7,5,87.0,1,21.0
2024,19,00-0033282,C.Samuel,BUF,WR,1,12.8,15.8,12.8,15.8,3,68.0,1,44.0
2024,19,00-0039868,T.Franklin,DEN,WR,1,11.4,13.4,11.4,13.4,2,54.0,1,0.0
2024,19,00-0034348,C.Sutton,DEN,WR,1,7.5,12.5,7.5,12.5,5,75.0,0,12.0
2024,19,00-0037261,K.Shakir,BUF,WR,1,6.1,12.1,6.1,12.1,6,61.0,0,49.0
2024,19,00-0036415,V.Jefferson,PIT,WR,1,9.7,11.7,9.7,11.7,2,37.0,1,0.0
2024,19,00-0036322,J.Jefferson,MIN,WR,1,5.8,10.8,5.8,10.8,5,58.0,0,11.0
2024,19,00-0036550,R.Bateman,BAL,WR,1,8.4,10.4,8.4,10.4,2,24.0,1,3.0
2024,19,00-0039075,P.Nacua,LA,WR,1,5.1,10.1,5.1,10.1,5,44.0,0,30.0
2024,19,00-0036912,D.Smith,PHI,WR,1,5.5,9.5,5.5,9.5,4,55.0,0,19.0
2024,19,00-0039146,J.Reed,GB,WR,1,4.6,8.6,4.6,8.6,4,46.0,0,20.0
2024,19,00-0037741,J.Dotson,PHI,WR,1,7.1,8.1,7.1,8.1,1,11.0,1,0.0
2024,19,00-0037614,J.Metchie,HOU,WR,1,2.8,6.8,2.8,6.8,4,28.0,0,6.0
2024,19,00-0037291,J.Nailor,MIN,WR,1,3.3,6.3,3.3,6.3,3,33.0,0,8.0
2024,19,00-0039855,J.McMillan,TB,WR,1,4.1,6.1,4.1,6.1,2,41.0,0,11.0
2024,19,00-0038393,D.Wicks,GB,WR,1,3.9,5.9,3.9,5.9,2,39.0,0,2.0
2024,19,00-0038994,J.Addison,MIN,WR,1,2.9,5.9,2.9,5.9,3,29.0,0,0.0
2024,19,00-0035208,O.Zaccheaus,WAS,WR,1,1.9,4.9,1.9,4.9,3,19.0,0,23.0
2024,19,00-0033536,M.Williams,PIT,WR,1,3.7,4.7,3.7,4.7,1,37.0,0,17.0
2024,19,00-0038618,X.Hutchinson,HOU,WR,1,3.4,4.4,3.4,4.4,1,34.0,0,7.0
2024,19,00-0030431,R.Woods,HOU,WR,1,2.2,4.2,2.2,4.2,2,22.0,0,2.0
2024,19,00-0034353,A.Miller,BAL,WR,1,1.2,4.2,1.2,4.2,3,12.0,0,1.0
2024,19,00-0033908,C.Kupp,LA,WR,1,2.9,3.9,2.9,3.9,1,29.0,0,0.0
2024,19,00-0031549,N.Agholor,BAL,WR,1,2.5,3.5,2.5,3.5,1,25.0,0,9.0
2024,19,00-0037837,C.Austin,PIT,WR,1,2.5,3.5,2.5,3.5,1,25.0,0,1.0
2024,19,00-0032775,D.Robinson,LA,WR,1,2.3,3.3,2.3,3.3,1,23.0,0,5.0
2024,19,00-0038976,M.Mims,DEN,WR,1,1.3,3.3,1.3,3.3,2,12.0,0,3.0
2024,19,00-0037816,R.Doubs,GB,WR,1,1.3,3.3,1.3,3.3,2,13.0,0,2.0
2024,19,00-0036630,T.Wallace,BAL,WR,1,2.1,3.1,2.1,3.1,1,21.0,0,10.0
2024,19,00-0033555,M.Hollins,BUF,WR,1,1.9,2.9,1.9,2.9,1,19.0,0,5.0
2024,19,00-0034487,T.Sherfield,MIN,WR,1,0.8,2.8,0.8,2.8,2,8.0,0,2.0
2024,19,00-0031544,A.Cooper,BUF,WR,1,0.8,2.8,0.8,2.8,2,8.0,0,5.0
2024,19,00-0037091,B.Melton,GB,WR,1,1.6,2.6,1.6,2.6,1,16.0,0,0.0
2024,19,00-0035216,D.Johnson,HOU,WR,1,1.2,2.2,1.2,2.2,1,12.0,0,4.0
2024,19,00-0035676,A.Brown,PHI,WR,1,1.0,2.0,1.0,2.0,1,10.0,0,0.0
2024,19,00-0034777,D.Chark,LAC,WR,1,1.0,2.0,1.0,2.0,1,10.0,0,6.0
2024,19,00-0039901,K.Coleman,BUF,WR,1,0.5,1.5,0.5,1.5,1,5.0,0,1.0
2024,19,00-0034928,S.Sims,BAL,WR,1,1.5,1.5,1.5,1.5,0,0.0,0,0.0
2024,19,00-0038573,D.Davis,LAC,WR,1,0.1,1.1,0.1,1.1,1,4.0,0,11.0
2024,19,00-0039424,D.Vele,DEN,WR,1,0.0,0.0,0.0,0.0,0,0.0,0,0.0
2024,19,00-0038544,Q.Johnston,LAC,WR,1,0.0,0.0,0.0,0.0,0,0.0,0,0.0
2024,19,00-0038465,M.Heath,GB,WR,1,0.0,0.0,0.0,0.0,0,0.0,0,0.0
2024,18,00-0037238,D.London,ATL,WR,1,30.7,40.7,30.7,40.7,10,187.0,2,37.0
2024,18,00-0038544,Q.Johnston,LAC,WR,1,18.6,31.6,18.6,31.6,13,186.0,0,54.0
2024,18,00-0034960,J.Meyers,LV,WR,1,18.3,27.3,18.3,27.3,9,123.0,1,15.0
2024,18,00-0036900,J.Chase,CIN,WR,1,15.6,25.6,15.6,25.6,10,96.0,1,26.0
2024,18,00-0038608,K.Boutte,NE,WR,1,17.7,24.7,17.7,24.7,7,117.0,1,32.0
2024,18,00-0034827,D.Moore,CHI,WR,1,15.1,24.1,15.1,24.1,9,86.0,1,67.0
2024,18,00-0038976,M.Mims,DEN,WR,1,17.1,22.1,17.1,22.1,5,51.0,2,69.0
2024,18,00-0035500,G.Dortch,ARI,WR,1,17.4,21.4,17.4,21.4,4,47.0,2,42.0
2024,18,00-0031381,D.Adams,NYJ,WR,1,14.8,20.8,14.8,20.8,6,88.0,1,30.0
2024,18,00-0034348,C.Sutton,DEN,WR,1,15.8,20.8,15.8,20.8,5,98.0,1,8.0
2024,18,00-0035659,T.McLaurin,WAS,WR,1,12.2,20.2,12.2,20.2,8,62.0,1,13.0
2024,18,00-0038997,J.Downs,IND,WR,1,9.4,19.4,9.4,19.4,10,94.0,0,57.0
2024,18,00-0039855,J.McMillan,TB,WR,1,14.0,19.0,14.0,19.0,5,74.0,1,7.0
2024,18,00-0039916,R.Pearsall,SF,WR,1,12.9,18.9,12.9,18.9,6,69.0,1,14.0
2024,18,00-0036550,R.Bateman,BAL,WR,1,13.6,18.6,13.6,18.6,5,76.0,1,33.0
2024,18,00-0031408,M.Evans,TB,WR,1,8.9,17.9,8.9,17.9,9,89.0,0,10.0
2024,18,00-0039337,M.Nabers,NYG,WR,1,12.4,17.4,12.4,17.4,5,64.0,1,33.0
2024,18,00-0039849,M.Harrison,ARI,WR,1,12.3,17.3,12.3,17.3,5,63.0,1,8.0
2024,18,00-0039893,B.Thomas,JAX,WR,1,10.3,17.3,10.3,17.3,7,103.0,0,26.0
2024,18,00-0037741,J.Dotson,PHI,WR,1,9.4,16.4,9.4,16.4,7,94.0,0,20.0
2024,18,00-0034521,A.Lazard,NYJ,WR,1,13.1,16.1,13.1,16.1,3,71.0,1,25.0
2024,18,00-0039424,D.Vele,DEN,WR,1,11.0,15.0,11.0,15.0,4,50.0,1,3.0
2024,18,00-0036554,N.Collins,HOU,WR,1,9.8,14.8,9.8,14.8,5,38.0,1,17.0
2024,18,00-0039915,L.McConkey,LAC,WR,1,9.5,14.5,9.5,14.5,5,95.0,0,43.0
2024,18,00-0035640,D.Metcalf,SEA,WR,1,11.3,14.3,11.3,14.3,3,53.0,1,9.0
2024,18,00-0038117,W.Robinson,NYG,WR,1,4.3,14.3,4.3,14.3,10,43.0,0,34.0
2024,18,00-0039491,J.Coker,CAR,WR,1,7.15,14.15,7.15,14.15,7,62.0,0,21.0
2024,18,00-0039747,A.Smith,PHI,WR,1,9.9,13.9,9.9,13.9,4,35.0,1,16.0
2024,18,00-0037666,J.Tolbert,DAL,WR,1,9.8,13.8,9.8,13.8,4,98.0,0,58.0
2024,18,00-0037664,A.Pierce,IND,WR,1,11.7,13.7,11.7,13.7,2,57.0,1,6.0
2024,18,00-0036963,A.St. Brown,DET,WR,1,7.7,13.7,7.7,13.7,6,77.0,0,17.0
2024,18,00-0036427,T.Johnson,LA,WR,1,9.5,13.5,9.5,13.5,4,35.0,1,29.0
2024,18,00-0036252,M.Pittman,IND,WR,1,7.2,13.2,7.2,13.2,6,72.0,0,10.0
2024,18,00-0039751,J.Whittington,LA,WR,1,9.8,12.8,9.8,12.8,3,86.0,0,72.0
2024,18,00-0036407,J.Jeudy,CLE,WR,1,6.3,12.3,6.3,12.3,6,63.0,0,54.0
2024,18,00-0033282,C.Samuel,BUF,WR,1,5.2,12.2,5.2,12.2,7,52.0,0,60.0
2024,18,00-0036259,J.Jennings,SF,WR,1,5.2,12.2,5.2,12.2,7,52.0,0,16.0
2024,18,00-0037524,T.Martin,TEN,WR,1,10.9,11.9,10.9,11.9,1,49.0,1,5.0
2024,18,00-0034407,R.McCloud,ATL,WR,1,6.6,10.6,6.6,10.6,4,66.0,0,0.0
2024,18,00-0034837,C.Ridley,TEN,WR,1,7.3,10.3,7.3,10.3,3,76.0,0,29.0
2024,18,00-0032775,D.Robinson,LA,WR,1,7.2,10.2,7.2,10.2,3,72.0,0,17.0
2024,18,00-0038393,D.Wicks,GB,WR,1,4.9,9.9,4.9,9.9,5,49.0,0,11.0
2024,18,00-0032128,C.Conley,SF,WR,1,5.9,9.9,5.9,9.9,4,59.0,0,12.0
2024,18,00-0034860,D.Pettis,NO,WR,1,7.6,9.6,7.6,9.6,2,16.0,1,0.0
2024,18,00-0038606,P.Washington,JAX,WR,1,7.5,9.5,7.5,9.5,2,15.0,1,6.0
2024,18,00-0030035,A.Thielen,CAR,WR,1,4.4,9.4,4.4,9.4,5,44.0,0,11.0
2024,18,00-0037240,J.Williams,DET,WR,1,3.4,9.4,3.4,9.4,6,34.0,0,26.0
2024,18,00-0036410,T.Higgins,CIN,WR,1,5.3,9.3,5.3,9.3,4,53.0,0,3.0
2024,18,00-0037740,G.Wilson,NYJ,WR,1,5.1,9.1,5.1,9.1,4,51.0,0,41.0
2024,18,00-0036613,J.Waddle,MIA,WR,1,5.0,9.0,5.0,9.0,4,44.0,0,4.0
2024,18,00-0036182,N.Westbrook-Ikhine,TEN,WR,1,5.0,9.0,5.0,9.0,4,50.0,0,16.0
2024,18,00-0037801,K.Turpin,DAL,WR,1,5.8,8.8,5.8,8.8,3,53.0,0,35.0
2024,18,00-0039880,M.Washington,MIA,WR,1,4.8,8.8,4.8,8.8,4,48.0,0,23.0
2024,18,00-0036849,T.Atwell,LA,WR,1,3.7,8.7,3.7,8.7,5,37.0,0,6.0
2024,18,00-0033891,Z.Jones,ARI,WR,1,4.6,8.6,4.6,8.6,4,46.0,0,5.0
2024,18,00-0036322,J.Jefferson,MIN,WR,1,5.4,8.4,5.4,8.4,3,54.0,0,30.0
2024,18,00-0037291,J.Nailor,MIN,WR,1,5.3,8.3,5.3,8.3,3,53.0,0,20.0
2024,18,00-0038465,M.Heath,GB,WR,1,5.3,8.3,5.3,8.3,3,53.0,0,13.0
2024,18,00-0033589,D.Moore,CAR,WR,1,6.9,7.9,6.9,7.9,1,9.0,1,4.0
2024,18,00-0034054,R.Cracraft,MIA,WR,1,3.8,7.8,3.8,7.8,4,38.0,0,7.0
2024,18,00-0034777,D.Chark,LAC,WR,1,6.6,7.6,6.6,7.6,1,6.0,1,0.0
2024,18,00-0038752,J.Bobo,SEA,WR,1,6.4,7.4,6.4,7.4,1,4.0,1,0.0
2024,18,00-0039146,J.Reed,GB,WR,1,5.1,7.1,5.1,7.1,2,48.0,0,0.0
2024,18,00-0035208,O.Zaccheaus,WAS,WR,1,5.1,7.1,5.1,7.1,2,51.0,0,8.0
2024,18,00-0038519,N.Remigio,KC,WR,1,4.8,6.8,4.8,6.8,2,48.0,0,14.0
2024,18,00-0036980,E.Moore,CLE,WR,1,3.6,6.6,3.6,6.6,3,36.0,0,12.0
2024,18,00-0038621,D.Douglas,NE,WR,1,3.4,6.4,3.4,6.4,3,34.0,0,6.0
2024,18,00-0034272,M.Valdes-Scantling,NO,WR,1,3.3,6.3,3.3,6.3,3,33.0,0,20.0
2024,18,00-0039342,X.Legette,CAR,WR,1,3.0,6.0,3.0,6.0,3,30.0,0,14.0
2024,18,00-0039901,K.Coleman,BUF,WR,1,4.0,6.0,4.0,6.0,2,31.0,0,3.0
2024,18,00-0030431,R.Woods,HOU,WR,1,3.9,5.9,3.9,5.9,2,39.0,0,5.0
2024,18,00-0039365,J.Cowing,SF,WR,1,3.7,5.7,3.7,5.7,2,30.0,0,10.0
2024,18,00-0033555,M.Hollins,BUF,WR,1,2.5,5.5,2.5,5.5,3,25.0,0,10.0
2024,18,00-0036626,D.Brown,WAS,WR,1,2.4,5.4,2.4,5.4,3,16.0,0,26.0
2024,18,00-0038563,T.Tucker,LV,WR,1,2.4,5.4,2.4,5.4,3,24.0,0,4.0
2024,18,00-0039236,J.Wilson,PHI,WR,1,2.4,5.4,2.4,5.4,3,24.0,0,9.0
2024,18,00-0038543,J.Smith-Njigba,SEA,WR,1,1.3,5.3,1.3,5.3,4,9.0,0,12.0
2024,18,00-0034418,C.Wilson,NO,WR,1,2.2,5.2,2.2,5.2,3,22.0,0,23.0
2024,18,00-0036415,V.Jefferson,PIT,WR,1,1.8,4.8,1.8,4.8,3,18.0,0,2.0
2024,18,00-0032211,T.Lockett,SEA,WR,1,2.8,4.8,2.8,4.8,2,28.0,0,11.0
2024,18,00-0035406,L.Humphrey,DEN,WR,1,2.6,4.6,2.6,4.6,2,26.0,0,5.0
2024,18,00-0039062,J.Mingo,DAL,WR,1,2.4,4.4,2.4,4.4,2,24.0,0,0.0
2024,18,00-0037614,J.Metchie,HOU,WR,1,2.4,4.4,2.4,4.4,2,24.0,0,1.0
2024,18,00-0033040,T.Hill,MIA,WR,1,2.0,4.0,2.0,4.0,2,20.0,0,-2.0
2024,18,00-0031236,B.Cooks,DAL,WR,1,1.0,4.0,1.0,4.0,3,15.0,0,5.0
2024,18,00-0039919,R.Odunze,CHI,WR,1,1.8,3.8,1.8,3.8,2,18.0,0,4.0
2024,18,00-0033536,M.Williams,PIT,WR,1,2.5,3.5,2.5,3.5,1,25.0,0,0.0
2024,18,00-0030279,K.Allen,CHI,WR,1,0.5,3.5,0.5,3.5,3,25.0,0,1.0
2024,18,00-0033375,T.Patrick,DET,WR,1,1.5,3.5,1.5,3.5,2,15.0,0,7.0
2024,18,00-0034854,K.Hodge,ATL,WR,1,2.4,3.4,2.4,3.4,1,24.0,0,4.0
2024,18,00-0039410,R.Flournoy,DAL,WR,1,1.4,3.4,1.4,3.4,2,14.0,0,2.0
2024,18,00-0038619,A.Iosivas,CIN,WR,1,1.2,3.2,1.2,3.2,2,12.0,0,7.0
2024,18,00-0033307,K.Bourne,NE,WR,1,1.2,3.2,1.2,3.2,2,12.0,0,2.0
2024,18,00-0035216,D.Johnson,HOU,WR,1,1.2,3.2,1.2,3.2,2,12.0,0,4.0
2024,18,00-0039868,T.Franklin,DEN,WR,1,1.2,3.2,1.2,3.2,2,12.0,0,19.0
2024,18,00-0039064,Z.Flowers,BAL,WR,1,2.1,3.1,2.1,3.1,1,12.0,0,14.0
2024,18,00-0039650,B.Oliver,TEN,WR,1,1.5,2.5,1.5,2.5,1,15.0,0,2.0
2024,18,00-0037231,K.Austin,NO,WR,1,1.3,2.3,1.3,2.3,1,13.0,0,9.0
2024,18,00-0039853,J.Baker,NE,WR,1,1.2,2.2,1.2,2.2,1,12.0,0,0.0
2024,18,00-0032464,K.Raymond,DET,WR,1,1.1,2.1,1.1,2.1,1,11.0,0,6.0
2024,18,00-0033292,T.Taylor,SF,WR,1,1.1,2.1,1.1,2.1,1,11.0,0,2.0
2024,18,00-0032385,S.Shepard,TB,WR,1,1.1,2.1,1.1,2.1,1,11.0,0,0.0
2024,18,00-0033943,J.Reynolds,JAX,WR,1,1.1,2.1,1.1,2.1,1,11.0,0,0.0
2024,18,00-0038618,X.Hutchinson,HOU,WR,1,0.5,1.5,0.5,1.5,1,5.0,0,0.0
2024,18,00-0034386,J.Watson,KC,WR,1,0.5,1.5,0.5,1.5,1,5.0,0,0.0
2024,18,00-0033857,J.Smith-Schuster,KC,WR,1,0.4,1.4,0.4,1.4,1,4.0,0,0.0
2024,18,00-0038573,D.Davis,LAC,WR,1,0.4,1.4,0.4,1.4,1,5.0,0,1.0
2024,18,00-0038994,J.Addison,MIN,WR,1,0.0,1.0,0.0,1.0,1,0.0,0,2.0
2024,18,00-0037247,G.Pickens,PIT,WR,1,0.0,1.0,0.0,1.0,1,0.0,0,2.0
2024,18,00-0038359,X.Smith,LA,WR,1,0.6,0.6,0.6,0.6,0,0.0,0,0.0
2024,18,00-0038496,X.Gipson,NYJ,WR,1,0.5,0.5,0.5,0.5,0,0.0,0,0.0
2024,18,00-0037091,B.Melton,GB,WR,1,0.1,0.1,0.1,0.1,0,0.0,0,0.0
2024,18,00-0039890,A.Mitchell,IND,WR,1,0.0,0.0,0.0,0.0,0,0.0,0,0.0
2024,18,00-0036630,T.Wallace,BAL,WR,1,0.0,0.0,0.0,0.0,0,0.0,0,0.0
2024,18,00-0039379,J.Thrash,CLE,WR,1,0.0,0.0,0.0,0.0,0,0.0,0,0.0
2024,18,00-0037837,C.Austin,PIT,WR,1,0.0,0.0,0.0,0.0,0,0.0,0,0.0
2024,18,00-0035535,D.Slayton,NYG,WR,1,0.0,0.0,0.0,0.0,0,0.0,0,0.0
2024,18,00-0038124,C.Watson,GB,WR,1,0.0,0.0,0.0,0.0,0,0.0,0,0.0
2024,18,00-0038938,J.Hyatt,NYG,WR,1,0.0,0.0,0.0,0.0,0,0.0,0,0.0
2024,18,00-0039521,X.Weaver,ARI,WR,1,0.0,0.0,0.0,0.0,0,0.0,0,0.0
2024,17,00-0036410,T.Higgins,CIN,WR,1,31.1,42.1,31.1,42.1,11,131.0,3,19.0
2024,17,00-0039337,M.Nabers,NYG,WR,1,29.1,36.1,29.1,36.1,7,171.0,2,102.0
2024,17,00-0038976,M.Mims,DEN,WR,1,22.2,30.2,22.2,30.2,8,103.0,2,42.0
2024,17,00-0036912,D.Smith,PHI,WR,1,24.0,30.0,24.0,30.0,6,120.0,2,37.0
2024,17,00-0031408,M.Evans,TB,WR,1,21.7,29.7,21.7,29.7,8,97.0,2,22.0
2024,17,00-0039915,L.McConkey,LAC,WR,1,21.4,29.4,21.4,29.4,8,94.0,2,21.0
2024,17,00-0039916,R.Pearsall,SF,WR,1,20.7,28.7,20.7,28.7,8,141.0,1,37.0
2024,17,00-0030035,A.Thielen,CAR,WR,1,23.0,28.0,23.0,28.0,5,110.0,2,12.0
2024,17,00-0036252,M.Pittman,IND,WR,1,16.9,25.9,16.9,25.9,9,109.0,1,39.0
2024,17,00-0037240,J.Williams,DET,WR,1,19.5,24.5,19.5,24.5,5,77.0,1,50.0
2024,17,00-0037664,A.Pierce,IND,WR,1,18.2,24.2,18.2,24.2,6,122.0,1,14.0
2024,17,00-0039893,B.Thomas,JAX,WR,1,16.9,23.9,16.9,23.9,7,91.0,1,46.0
2024,17,00-0035208,O.Zaccheaus,WAS,WR,1,15.3,23.3,15.3,23.3,8,85.0,1,49.0
2024,17,00-0039855,J.McMillan,TB,WR,1,18.0,23.0,18.0,23.0,5,51.0,2,19.0
2024,17,00-0039075,P.Nacua,LA,WR,1,12.9,22.9,12.9,22.9,10,129.0,0,71.0
2024,17,00-0039894,X.Worthy,KC,WR,1,14.9,22.9,14.9,22.9,8,79.0,1,68.0
2024,17,00-0036407,J.Jeudy,CLE,WR,1,9.4,21.4,9.4,21.4,12,94.0,0,25.0
2024,17,00-0036963,A.St. Brown,DET,WR,1,12.0,20.0,12.0,20.0,8,60.0,1,15.0
2024,17,00-0037740,G.Wilson,NYJ,WR,1,12.6,19.6,12.6,19.6,7,66.0,1,24.0
2024,17,00-0033040,T.Hill,MIA,WR,1,10.5,19.5,10.5,19.5,9,105.0,0,25.0
2024,17,00-0036900,J.Chase,CIN,WR,1,10.2,19.2,10.2,19.2,9,102.0,0,39.0
2024,17,00-0037291,J.Nailor,MIN,WR,1,14.1,19.1,14.1,19.1,5,81.0,1,12.0
2024,17,00-0038994,J.Addison,MIN,WR,1,12.9,18.9,12.9,18.9,6,69.0,1,25.0
2024,17,00-0038117,W.Robinson,NYG,WR,1,13.1,18.1,13.1,18.1,5,71.0,1,26.0
2024,17,00-0037238,D.London,ATL,WR,1,10.6,17.6,10.6,17.6,7,106.0,0,24.0
2024,17,00-0036322,J.Jefferson,MIN,WR,1,9.2,17.2,9.2,17.2,8,92.0,0,61.0
2024,17,00-0034960,J.Meyers,LV,WR,1,12.1,17.1,12.1,17.1,5,61.0,1,10.0
2024,17,00-0034348,C.Sutton,DEN,WR,1,11.5,16.5,11.5,16.5,5,55.0,1,9.0
2024,17,00-0039849,M.Harrison,ARI,WR,1,9.6,15.6,9.6,15.6,6,96.0,0,13.0
2024,17,00-0031544,A.Cooper,BUF,WR,1,11.6,14.6,11.6,14.6,3,56.0,1,3.0
2024,17,00-0038621,D.Douglas,NE,WR,1,10.6,14.6,10.6,14.6,4,46.0,1,7.0
2024,17,00-0034837,C.Ridley,TEN,WR,1,9.1,14.1,9.1,14.1,5,84.0,0,15.0
2024,17,00-0034386,J.Watson,KC,WR,1,12.0,14.0,12.0,14.0,2,60.0,1,9.0
2024,17,00-0038679,T.Shavers,BUF,WR,1,12.9,13.9,12.9,13.9,1,69.0,1,71.0
2024,17,00-0036259,J.Jennings,SF,WR,1,6.7,13.7,6.7,13.7,7,67.0,0,11.0
2024,17,00-0037816,R.Doubs,GB,WR,1,5.8,12.8,5.8,12.8,7,58.0,0,28.0
2024,17,00-0035676,A.Brown,PHI,WR,1,9.6,12.6,9.6,12.6,3,36.0,1,1.0
2024,17,00-0034827,D.Moore,CHI,WR,1,6.2,12.2,6.2,12.2,6,54.0,0,53.0
2024,17,00-0038606,P.Washington,JAX,WR,1,9.1,12.1,9.1,12.1,3,31.0,1,8.0
2024,17,00-0037666,J.Tolbert,DAL,WR,1,9.0,12.0,9.0,12.0,3,30.0,1,19.0
2024,17,00-0039901,K.Coleman,BUF,WR,1,8.7,11.7,8.7,11.7,3,27.0,1,5.0
2024,17,00-0038563,T.Tucker,LV,WR,1,8.9,10.9,8.9,10.9,2,24.0,1,4.0
2024,17,00-0038573,D.Davis,LAC,WR,1,8.6,10.6,8.6,10.6,2,29.0,1,12.0
2024,17,00-0035535,D.Slayton,NYG,WR,1,9.2,10.2,9.2,10.2,1,32.0,1,19.0
2024,17,00-0038544,Q.Johnston,LAC,WR,1,4.8,9.8,4.8,9.8,5,48.0,0,29.0
2024,17,00-0037614,J.Metchie,HOU,WR,1,4.8,9.8,4.8,9.8,5,48.0,0,6.0
2024,17,00-0031381,D.Adams,NYJ,WR,1,4.7,9.7,4.7,9.7,5,47.0,0,34.0
2024,17,00-0031236,B.Cooks,DAL,WR,1,5.2,9.2,5.2,9.2,4,52.0,0,13.0
2024,17,00-0035719,D.Samuel,SF,WR,1,8.1,9.1,8.1,9.1,1,5.0,1,9.0
2024,17,00-0036554,N.Collins,HOU,WR,1,5.9,8.9,5.9,8.9,3,59.0,0,16.0
2024,17,00-0038619,A.Iosivas,CIN,WR,1,5.9,8.9,5.9,8.9,3,59.0,0,15.0
2024,17,00-0035662,M.Brown,KC,WR,1,4.6,8.6,4.6,8.6,4,46.0,0,11.0
2024,17,00-0038393,D.Wicks,GB,WR,1,4.3,8.3,4.3,8.3,4,43.0,0,5.0
2024,17,00-0036988,J.Palmer,LAC,WR,1,4.1,8.1,4.1,8.1,4,41.0,0,10.0
2024,17,00-0037247,G.Pickens,PIT,WR,1,5.0,8.0,5.0,8.0,3,50.0,0,14.0
2024,17,00-0039342,X.Legette,CAR,WR,1,2.8,7.8,2.8,7.8,5,28.0,0,3.0
2024,17,00-0030279,K.Allen,CHI,WR,1,2.5,7.5,2.5,7.5,5,25.0,0,19.0
2024,17,00-0038465,M.Heath,GB,WR,1,6.3,7.3,6.3,7.3,1,3.0,1,0.0
2024,17,00-0035640,D.Metcalf,SEA,WR,1,4.2,7.2,4.2,7.2,3,42.0,0,10.0
2024,17,00-0037837,C.Austin,PIT,WR,1,3.1,7.1,3.1,7.1,4,31.0,0,10.0
2024,17,00-0039880,M.Washington,MIA,WR,1,3.0,7.0,3.0,7.0,4,41.0,0,15.0
2024,17,00-0038559,M.Wilson,ARI,WR,1,2.9,6.9,2.9,6.9,4,22.0,0,8.0
2024,17,00-0038608,K.Boutte,NE,WR,1,2.8,6.8,2.8,6.8,4,28.0,0,2.0
2024,17,00-0036182,N.Westbrook-Ikhine,TEN,WR,1,3.7,6.7,3.7,6.7,3,37.0,0,2.0
2024,17,00-0038543,J.Smith-Njigba,SEA,WR,1,3.2,6.2,3.2,6.2,3,32.0,0,18.0
2024,17,00-0034860,D.Pettis,NO,WR,1,2.7,5.7,2.7,5.7,3,27.0,0,9.0
2024,17,00-0036309,D.Mooney,ATL,WR,1,3.7,5.7,3.7,5.7,2,37.0,0,7.0
2024,17,00-0031941,J.Crowder,WAS,WR,1,2.5,5.5,2.5,5.5,3,25.0,0,3.0
2024,17,00-0037261,K.Shakir,BUF,WR,1,2.5,5.5,2.5,5.5,3,25.0,0,21.0
2024,17,00-0039491,J.Coker,CAR,WR,1,3.5,5.5,3.5,5.5,2,35.0,0,1.0
2024,17,00-0033555,M.Hollins,BUF,WR,1,3.3,5.3,3.3,5.3,2,33.0,0,7.0
2024,17,00-0038997,J.Downs,IND,WR,1,2.2,5.2,2.2,5.2,3,22.0,0,7.0
2024,17,00-0039064,Z.Flowers,BAL,WR,1,3.1,5.1,3.1,5.1,2,31.0,0,10.0
2024,17,00-0032211,T.Lockett,SEA,WR,1,2.0,5.0,2.0,5.0,3,20.0,0,11.0
2024,17,00-0037091,B.Melton,GB,WR,1,1.8,4.8,1.8,4.8,3,18.0,0,1.0
2024,17,00-0035500,G.Dortch,ARI,WR,1,1.8,4.8,1.8,4.8,3,18.0,0,15.0
2024,17,00-0034418,C.Wilson,NO,WR,1,1.7,4.7,1.7,4.7,3,17.0,0,6.0
2024,17,00-0039424,D.Vele,DEN,WR,1,2.7,4.7,2.7,4.7,2,27.0,0,6.0
2024,17,00-0038824,R.Miller,TB,WR,1,2.6,4.6,2.6,4.6,2,26.0,0,3.0
2024,17,00-0037801,K.Turpin,DAL,WR,1,3.4,4.4,3.4,4.4,1,16.0,0,16.0
2024,17,00-0039890,A.Mitchell,IND,WR,1,2.2,4.2,2.2,4.2,2,22.0,0,20.0
2024,17,00-0033307,K.Bourne,NE,WR,1,2.2,4.2,2.2,4.2,2,22.0,0,7.0
2024,17,00-0038618,X.Hutchinson,HOU,WR,1,2.1,4.1,2.1,4.1,2,21.0,0,7.0
2024,17,00-0030431,R.Woods,HOU,WR,1,2.1,4.1,2.1,4.1,2,21.0,0,3.0
2024,17,00-0033908,C.Kupp,LA,WR,1,2.9,3.9,2.9,3.9,1,29.0,0,9.0
2024,17,00-0036955,T.Marshall,LV,WR,1,2.8,3.8,2.8,3.8,1,28.0,0,3.0
2024,17,00-0033857,J.Smith-Schuster,KC,WR,1,1.8,3.8,1.8,3.8,2,18.0,0,15.0
2024,17,00-0034407,R.McCloud,ATL,WR,1,2.7,3.7,2.7,3.7,1,13.0,0,10.0
2024,17,00-0033009,T.Boyd,TEN,WR,1,1.4,3.4,1.4,3.4,2,14.0,0,7.0
2024,17,00-0037231,K.Austin,NO,WR,1,2.3,3.3,2.3,3.3,1,23.0,0,5.0
2024,17,00-0031428,A.Robinson,DET,WR,1,2.1,3.1,2.1,3.1,1,21.0,0,2.0
2024,17,00-0033891,Z.Jones,ARI,WR,1,1.9,2.9,1.9,2.9,1,19.0,0,0.0
2024,17,00-0033589,D.Moore,CAR,WR,1,1.7,2.7,1.7,2.7,1,17.0,0,0.0
2024,17,00-0030564,D.Hopkins,KC,WR,1,0.7,2.7,0.7,2.7,2,7.0,0,5.0
2024,17,00-0034054,R.Cracraft,MIA,WR,1,1.6,2.6,1.6,2.6,1,16.0,0,0.0
2024,17,00-0034353,A.Miller,BAL,WR,1,1.6,2.6,1.6,2.6,1,16.0,0,1.0
2024,17,00-0039919,R.Odunze,CHI,WR,1,1.5,2.5,1.5,2.5,1,15.0,0,0.0
2024,17,00-0032128,C.Conley,SF,WR,1,1.3,2.3,1.3,2.3,1,13.0,0,7.0
2024,17,00-0036550,R.Bateman,BAL,WR,1,1.2,2.2,1.2,2.2,1,12.0,0,2.0
2024,17,00-0039062,J.Mingo,DAL,WR,1,1.2,2.2,1.2,2.2,1,12.0,0,0.0
2024,17,00-0038640,J.Brooks,DAL,WR,1,1.2,2.2,1.2,2.2,1,12.0,0,0.0
2024,17,00-0038821,R.Jarrett,TB,WR,1,1.1,2.1,1.1,2.1,1,11.0,0,1.0
2024,17,00-0036497,T.Jones,JAX,WR,1,1.1,2.1,1.1,2.1,1,11.0,0,0.0
2024,17,00-0034854,K.Hodge,ATL,WR,1,0.9,1.9,0.9,1.9,1,9.0,0,12.0
2024,17,00-0034521,A.Lazard,NYJ,WR,1,0.9,1.9,0.9,1.9,1,9.0,0,0.0
2024,17,00-0035976,D.Chisena,CAR,WR,1,0.8,1.8,0.8,1.8,1,8.0,0,0.0
2024,17,00-0036620,D.Eskridge,MIA,WR,1,0.8,1.8,0.8,1.8,1,8.0,0,11.0
2024,17,00-0039751,J.Whittington,LA,WR,1,0.6,1.6,0.6,1.6,1,6.0,0,5.0
2024,17,00-0039146,J.Reed,GB,WR,1,0.6,1.6,0.6,1.6,1,6.0,0,1.0
2024,17,00-0035659,T.McLaurin,WAS,WR,1,0.5,1.5,0.5,1.5,1,5.0,0,0.0
2024,17,00-0036331,D.Duvernay,JAX,WR,1,0.4,1.4,0.4,1.4,1,4.0,0,1.0
2024,17,00-0039410,R.Flournoy,DAL,WR,1,0.3,1.3,0.3,1.3,1,3.0,0,0.0
2024,17,00-0037300,M.Woods,CLE,WR,1,0.3,1.3,0.3,1.3,1,3.0,0,0.0
2024,17,00-0036630,T.Wallace,BAL,WR,1,0.2,1.2,0.2,1.2,1,2.0,0,3.0
2024,17,00-0036980,E.Moore,CLE,WR,1,0.1,1.1,0.1,1.1,1,1.0,0,0.0
2024,17,00-0039589,K.Johnson,TB,WR,1,1.1,1.1,1.1,1.1,0,0.0,0,0.0
2024,17,00-0039868,T.Franklin,DEN,WR,1,-0.1,0.9,-0.1,0.9,1,-1.0,0,2.0
2024,17,00-0039379,J.Thrash,CLE,WR,1,0.0,0.0,0.0,0.0,0,0.0,0,0.0
2024,17,00-0039853,J.Baker,NE,WR,1,0.0,0.0,0.0,0.0,0,0.0,0,0.0
2024,17,00-0034777,D.Chark,LAC,WR,1,0.0,0.0,0.0,0.0,0,0.0,0,0.0
2024,17,00-0033375,T.Patrick,DET,WR,1,0.0,0.0,0.0,0.0,0,0.0,0,0.0
2024,17,00-0039907,J.Polk,NE,WR,1,0.0,0.0,0.0,0.0,0,0.0,0,0.0
2024,17,00-0032775,D.Robinson,LA,WR,1,0.0,0.0,0.0,0.0,0,0.0,0,0.0
2024,17,00-0036415,V.Jefferson,PIT,WR,1,0.0,0.0,0.0,0.0,0,0.0,0,0.0
2024,17,00-0034272,M.Valdes-Scantling,NO,WR,1,0.0,0.0,0.0,0.0,0,0.0,0,0.0
2024,17,00-0033536,M.Williams,PIT,WR,1,0.0,0.0,0.0,0.0,0,0.0,0,0.0
2024,17,00-0039792,D.Walker,BAL,WR,1,0.0,0.0,0.0,0.0,0,0.0,0,0.0
2024,17,00-0036635,I.Smith-Marsette,NYG,WR,1,0.0,0.0,0.0,0.0,0,0.0,0,0.0
2024,17,00-0036463,C.Blair,ATL,WR,1,0.0,0.0,0.0,0.0,0,0.0,0,0.0
2024,16,00-0036322,J.Jefferson,MIN,WR,1,26.4,36.4,26.4,36.4,10,144.0,2,30.0
2024,16,00-0030279,K.Allen,CHI,WR,1,20.1,29.1,20.1,29.1,9,141.0,1,51.0
2024,16,00-0039893,B.Thomas,JAX,WR,1,19.2,28.2,19.2,28.2,9,132.0,1,56.0
2024,16,00-0037240,J.Williams,DET,WR,1,21.0,26.0,21.0,26.0,5,143.0,1,66.0
2024,16,00-0035719,D.Samuel,SF,WR,1,18.1,25.1,18.1,25.1,7,96.0,1,93.0
2024,16,00-0038543,J.Smith-Njigba,SEA,WR,1,16.0,24.0,16.0,24.0,8,95.0,1,28.0
2024,16,00-0035208,O.Zaccheaus,WAS,WR,1,19.0,24.0,19.0,24.0,5,70.0,2,42.0
2024,16,00-0035676,A.Brown,PHI,WR,1,15.7,23.7,15.7,23.7,8,97.0,1,23.0
2024,16,00-0036900,J.Chase,CIN,WR,1,16.4,22.4,16.4,22.4,6,97.0,1,42.0
2024,16,00-0038977,T.Dell,HOU,WR,1,15.8,21.8,15.8,21.8,6,98.0,1,10.0
2024,16,00-0038608,K.Boutte,NE,WR,1,15.5,20.5,15.5,20.5,5,95.0,1,38.0
2024,16,00-0039894,X.Worthy,KC,WR,1,13.5,20.5,13.5,20.5,7,65.0,1,57.0
2024,16,00-0036410,T.Higgins,CIN,WR,1,11.8,19.8,11.8,19.8,8,58.0,1,14.0
2024,16,00-0031381,D.Adams,NYJ,WR,1,12.8,19.8,12.8,19.8,7,68.0,1,38.0
2024,16,00-0036963,A.St. Brown,DET,WR,1,13.0,19.0,13.0,19.0,6,70.0,1,35.0
2024,16,00-0036358,C.Lamb,DAL,WR,1,10.5,17.5,10.5,17.5,7,105.0,0,43.0
2024,16,00-0035659,T.McLaurin,WAS,WR,1,12.0,17.0,12.0,17.0,5,60.0,1,17.0
2024,16,00-0034837,C.Ridley,TEN,WR,1,13.8,16.8,13.8,16.8,3,78.0,1,4.0
2024,16,00-0039855,J.McMillan,TB,WR,1,11.7,16.7,11.7,16.7,5,57.0,1,15.0
2024,16,00-0031941,J.Crowder,WAS,WR,1,13.5,15.5,13.5,15.5,2,15.0,2,0.0
2024,16,00-0030035,A.Thielen,CAR,WR,1,10.3,15.3,10.3,15.3,5,43.0,1,7.0
2024,16,00-0039064,Z.Flowers,BAL,WR,1,10.3,15.3,10.3,15.3,5,100.0,0,25.0
2024,16,00-0038997,J.Downs,IND,WR,1,12.1,15.1,12.1,15.1,3,61.0,1,68.0
2024,16,00-0035640,D.Metcalf,SEA,WR,1,11.7,14.7,11.7,14.7,3,57.0,1,3.0
2024,16,00-0039915,L.McConkey,LAC,WR,1,8.7,14.7,8.7,14.7,6,87.0,0,51.0
2024,16,00-0038994,J.Addison,MIN,WR,1,9.5,14.5,9.5,14.5,5,35.0,1,14.0
2024,16,00-0038619,A.Iosivas,CIN,WR,1,11.3,14.3,11.3,14.3,3,53.0,1,2.0
2024,16,00-0034827,D.Moore,CHI,WR,1,7.0,14.0,7.0,14.0,7,68.0,0,36.0
2024,16,00-0039337,M.Nabers,NYG,WR,1,6.8,13.8,6.8,13.8,7,68.0,0,37.0
2024,16,00-0039075,P.Nacua,LA,WR,1,5.6,13.6,5.6,13.6,8,56.0,0,51.0
2024,16,00-0038117,W.Robinson,NYG,WR,1,6.2,13.2,6.2,13.2,7,62.0,0,51.0
2024,16,00-0036309,D.Mooney,ATL,WR,1,8.2,13.2,8.2,13.2,5,82.0,0,24.0
2024,16,00-0036554,N.Collins,HOU,WR,1,6.0,13.0,6.0,13.0,7,60.0,0,18.0
2024,16,00-0033589,D.Moore,CAR,WR,1,9.9,11.9,9.9,11.9,2,39.0,1,0.0
2024,16,00-0033040,T.Hill,MIA,WR,1,8.9,11.9,8.9,11.9,3,29.0,1,10.0
2024,16,00-0031408,M.Evans,TB,WR,1,6.9,11.9,6.9,11.9,5,69.0,0,4.0
2024,16,00-0039919,R.Odunze,CHI,WR,1,7.7,11.7,7.7,11.7,4,77.0,0,29.0
2024,16,00-0037740,G.Wilson,NYJ,WR,1,5.4,11.4,5.4,11.4,6,54.0,0,9.0
2024,16,00-0038606,P.Washington,JAX,WR,1,5.4,11.4,5.4,11.4,6,54.0,0,13.0
2024,16,00-0036912,D.Smith,PHI,WR,1,5.1,11.1,5.1,11.1,6,51.0,0,9.0
2024,16,00-0039146,J.Reed,GB,WR,1,8.1,11.1,8.1,11.1,3,76.0,0,16.0
2024,16,00-0037238,D.London,ATL,WR,1,5.9,10.9,5.9,10.9,5,59.0,0,25.0
2024,16,00-0038573,D.Davis,LAC,WR,1,8.8,10.8,8.8,10.8,2,31.0,1,18.0
2024,16,00-0037837,C.Austin,PIT,WR,1,6.5,10.5,6.5,10.5,4,65.0,0,4.0
2024,16,00-0038393,D.Wicks,GB,WR,1,7.3,10.3,7.3,10.3,3,13.0,1,2.0
2024,16,00-0039424,D.Vele,DEN,WR,1,8.1,10.1,8.1,10.1,2,21.0,1,8.0
2024,16,00-0034348,C.Sutton,DEN,WR,1,5.0,10.0,5.0,10.0,5,50.0,0,12.0
2024,16,00-0037666,J.Tolbert,DAL,WR,1,8.0,10.0,8.0,10.0,2,20.0,1,6.0
2024,16,00-0036182,N.Westbrook-Ikhine,TEN,WR,1,7.7,9.7,7.7,9.7,2,17.0,1,0.0
2024,16,00-0038824,R.Miller,TB,WR,1,7.7,9.7,7.7,9.7,2,17.0,1,1.0
2024,16,00-0036626,D.Brown,WAS,WR,1,5.6,9.6,5.6,9.6,4,56.0,0,16.0
2024,16,00-0038976,M.Mims,DEN,WR,1,6.5,9.5,6.5,9.5,3,62.0,0,74.0
2024,16,00-0035662,M.Brown,KC,WR,1,4.5,9.5,4.5,9.5,5,45.0,0,35.0
2024,16,00-0036259,J.Jennings,SF,WR,1,5.1,9.1,5.1,9.1,4,51.0,0,2.0
2024,16,00-0036550,R.Bateman,BAL,WR,1,7.4,8.4,7.4,8.4,1,14.0,1,0.0
2024,16,00-0039849,M.Harrison,ARI,WR,1,3.9,7.9,3.9,7.9,4,39.0,0,4.0
2024,16,00-0038621,D.Douglas,NE,WR,1,3.9,7.9,3.9,7.9,4,33.0,0,34.0
2024,16,00-0031236,B.Cooks,DAL,WR,1,4.8,7.8,4.8,7.8,3,48.0,0,18.0
2024,16,00-0039916,R.Pearsall,SF,WR,1,3.7,7.7,3.7,7.7,4,37.0,0,11.0
2024,16,00-0030564,D.Hopkins,KC,WR,1,3.7,7.7,3.7,7.7,4,37.0,0,6.0
2024,16,00-0036988,J.Palmer,LAC,WR,1,4.1,7.1,4.1,7.1,3,41.0,0,8.0
2024,16,00-0039410,R.Flournoy,DAL,WR,1,4.1,7.1,4.1,7.1,3,41.0,0,14.0
2024,16,00-0038559,M.Wilson,ARI,WR,1,4.4,6.4,4.4,6.4,2,44.0,0,21.0
2024,16,00-0034960,J.Meyers,LV,WR,1,4.1,6.1,4.1,6.1,2,41.0,0,24.0
2024,16,00-0039880,M.Washington,MIA,WR,1,2.8,5.8,2.8,5.8,3,28.0,0,9.0
2024,16,00-0034407,R.McCloud,ATL,WR,1,2.7,5.7,2.7,5.7,3,19.0,0,22.0
2024,16,00-0033908,C.Kupp,LA,WR,1,2.4,5.4,2.4,5.4,3,24.0,0,2.0
2024,16,00-0033536,M.Williams,PIT,WR,1,2.4,5.4,2.4,5.4,3,24.0,0,10.0
2024,16,00-0038563,T.Tucker,LV,WR,1,3.3,5.3,3.3,5.3,2,41.0,0,7.0
2024,16,00-0034860,D.Pettis,NO,WR,1,3.1,5.1,3.1,5.1,2,31.0,0,7.0
2024,16,00-0039052,T.Palmer,TB,WR,1,3.1,5.1,3.1,5.1,2,31.0,0,8.0
2024,16,00-0030431,R.Woods,HOU,WR,1,1.9,4.9,1.9,4.9,3,19.0,0,18.0
2024,16,00-0038544,Q.Johnston,LAC,WR,1,1.8,4.8,1.8,4.8,3,18.0,0,5.0
2024,16,00-0036415,V.Jefferson,PIT,WR,1,2.7,4.7,2.7,4.7,2,27.0,0,3.0
2024,16,00-0039890,A.Mitchell,IND,WR,1,3.6,4.6,3.6,4.6,1,36.0,0,2.0
2024,16,00-0036862,B.Skowronek,PIT,WR,1,2.5,4.5,2.5,4.5,2,25.0,0,6.0
2024,16,00-0039868,T.Franklin,DEN,WR,1,2.5,4.5,2.5,4.5,2,25.0,0,16.0
2024,16,00-0033555,M.Hollins,BUF,WR,1,2.5,4.5,2.5,4.5,2,25.0,0,4.0
2024,16,00-0032385,S.Shepard,TB,WR,1,3.4,4.4,3.4,4.4,1,20.0,0,0.0
2024,16,00-0037261,K.Shakir,BUF,WR,1,2.2,4.2,2.2,4.2,2,22.0,0,10.0
2024,16,00-0036980,E.Moore,CLE,WR,1,2.1,4.1,2.1,4.1,2,21.0,0,4.0
2024,16,00-0036407,J.Jeudy,CLE,WR,1,2.0,4.0,2.0,4.0,2,20.0,0,1.0
2024,16,00-0034521,A.Lazard,NYJ,WR,1,2.0,4.0,2.0,4.0,2,20.0,0,7.0
2024,16,00-0037816,R.Doubs,GB,WR,1,2.0,4.0,2.0,4.0,2,20.0,0,4.0
2024,16,00-0033009,T.Boyd,TEN,WR,1,2.0,4.0,2.0,4.0,2,20.0,0,10.0
2024,16,00-0036252,M.Pittman,IND,WR,1,1.9,3.9,1.9,3.9,2,19.0,0,4.0
2024,16,00-0032211,T.Lockett,SEA,WR,1,1.9,3.9,1.9,3.9,2,19.0,0,3.0
2024,16,00-0033307,K.Bourne,NE,WR,1,1.8,3.8,1.8,3.8,2,18.0,0,4.0
2024,16,00-0035535,D.Slayton,NYG,WR,1,2.7,3.7,2.7,3.7,1,21.0,0,12.0
2024,16,00-0035500,G.Dortch,ARI,WR,1,2.7,3.7,2.7,3.7,1,19.0,0,21.0
2024,16,00-0035976,D.Chisena,CAR,WR,1,2.3,3.3,2.3,3.3,1,23.0,0,8.0
2024,16,00-0037801,K.Turpin,DAL,WR,1,1.8,2.8,1.8,2.8,1,7.0,0,2.0
2024,16,00-0039491,J.Coker,CAR,WR,1,0.8,2.8,0.8,2.8,2,8.0,0,0.0
2024,16,00-0039901,K.Coleman,BUF,WR,1,1.7,2.7,1.7,2.7,1,17.0,0,2.0
2024,16,00-0037231,K.Austin,NO,WR,1,1.7,2.7,1.7,2.7,1,17.0,0,1.0
2024,16,00-0036463,C.Blair,ATL,WR,1,1.7,2.7,1.7,2.7,1,17.0,0,0.0
2024,16,00-0038124,C.Watson,GB,WR,1,2.3,2.3,2.3,2.3,0,0.0,0,0.0
2024,16,00-0039355,L.McCaffrey,WAS,WR,1,1.3,2.3,1.3,2.3,1,13.0,0,15.0
2024,16,00-0034418,C.Wilson,NO,WR,1,1.3,2.3,1.3,2.3,1,13.0,0,3.0
2024,16,00-0036849,T.Atwell,LA,WR,1,1.2,2.2,1.2,2.2,1,12.0,0,7.0
2024,16,00-0031544,A.Cooper,BUF,WR,1,1.0,2.0,1.0,2.0,1,10.0,0,7.0
2024,16,00-0038938,J.Hyatt,NYG,WR,1,0.9,1.9,0.9,1.9,1,9.0,0,0.0
2024,16,00-0038618,X.Hutchinson,HOU,WR,1,0.8,1.8,0.8,1.8,1,8.0,0,2.0
2024,16,00-0036176,M.Kinsey,TEN,WR,1,0.6,1.6,0.6,1.6,1,6.0,0,0.0
2024,16,00-0034054,R.Cracraft,MIA,WR,1,0.6,1.6,0.6,1.6,1,6.0,0,3.0
2024,16,00-0038821,R.Jarrett,TB,WR,1,0.6,1.6,0.6,1.6,1,6.0,0,0.0
2024,16,00-0038752,J.Bobo,SEA,WR,1,0.6,1.6,0.6,1.6,1,6.0,0,0.0
2024,16,00-0037291,J.Nailor,MIN,WR,1,0.5,1.5,0.5,1.5,1,5.0,0,0.0
2024,16,00-0037091,B.Melton,GB,WR,1,1.4,1.4,1.4,1.4,0,0.0,0,0.0
2024,16,00-0036331,D.Duvernay,JAX,WR,1,0.3,1.3,0.3,1.3,1,3.0,0,0.0
2024,16,00-0037487,D.Thompkins,CAR,WR,1,0.9,0.9,0.9,0.9,0,0.0,0,0.0
2024,16,00-0039853,J.Baker,NE,WR,1,0.0,0.0,0.0,0.0,0,0.0,0,0.0
2024,16,00-0037300,M.Woods,CLE,WR,1,0.0,0.0,0.0,0.0,0,0.0,0,0.0
2024,16,00-0033857,J.Smith-Schuster,KC,WR,1,0.0,0.0,0.0,0.0,0,0.0,0,0.0
2024,16,00-0036254,C.Johnson,CHI,WR,1,0.0,0.0,0.0,0.0,0,0.0,0,0.0
2024,16,00-0033943,J.Reynolds,JAX,WR,1,0.0,0.0,0.0,0.0,0,0.0,0,0.0
2024,16,00-0039623,M.Tipton,NO,WR,1,0.0,0.0,0.0,0.0,0,0.0,0,0.0
2024,16,00-0036955,T.Marshall,LV,WR,1,0.0,0.0,0.0,0.0,0,0.0,0,0.0
2024,16,00-0032775,D.Robinson,LA,WR,1,0.0,0.0,0.0,0.0,0,0.0,0,0.0
2024,16,00-0033375,T.Patrick,DET,WR,1,0.0,0.0,0.0,0.0,0,0.0,0,0.0
2024,16,00-0034386,J.Watson,KC,WR,1,0.0,0.0,0.0,0.0,0,0.0,0,0.0
2024,16,00-0039379,J.Thrash,CLE,WR,1,0.0,0.0,0.0,0.0,0,0.0,0,0.0
2024,15,00-0031381,D.Adams,NYJ,WR,1,31.8,40.8,31.8,40.8,9,198.0,2,114.0
2024,15,00-0036963,A.St. Brown,DET,WR,1,25.3,39.3,25.3,39.3,14,193.0,1,72.0
2024,15,00-0031408,M.Evans,TB,WR,1,27.9,36.9,27.9,36.9,9,159.0,2,57.0
2024,15,00-0039893,B.Thomas,JAX,WR,1,22.5,32.5,22.5,32.5,10,105.0,2,84.0
2024,15,00-0036912,D.Smith,PHI,WR,1,17.0,28.0,17.0,28.0,11,109.0,1,49.0
2024,15,00-0036358,C.Lamb,DAL,WR,1,17.6,26.6,17.6,26.6,9,116.0,1,69.0
2024,15,00-0035659,T.McLaurin,WAS,WR,1,19.3,26.3,19.3,26.3,7,73.0,2,15.0
2024,15,00-0035676,A.Brown,PHI,WR,1,17.0,25.0,17.0,25.0,8,110.0,1,62.0
2024,15,00-0039337,M.Nabers,NYG,WR,1,14.2,24.2,14.2,24.2,10,82.0,1,38.0
2024,15,00-0036550,R.Bateman,BAL,WR,1,20.0,23.0,20.0,23.0,3,80.0,2,19.0
2024,15,00-0036407,J.Jeudy,CLE,WR,1,10.8,21.8,10.8,21.8,11,108.0,0,48.0
2024,15,00-0039491,J.Coker,CAR,WR,1,17.0,21.0,17.0,21.0,4,110.0,1,60.0
2024,15,00-0036322,J.Jefferson,MIN,WR,1,13.3,20.3,13.3,20.3,7,73.0,1,37.0
2024,15,00-0030279,K.Allen,CHI,WR,1,14.2,20.2,14.2,20.2,6,82.0,1,23.0
2024,15,00-0036410,T.Higgins,CIN,WR,1,14.8,19.8,14.8,19.8,5,88.0,1,16.0
2024,15,00-0039894,X.Worthy,KC,WR,1,13.6,19.6,13.6,19.6,6,46.0,0,37.0
2024,15,00-0037816,R.Doubs,GB,WR,1,16.0,19.0,16.0,19.0,3,40.0,2,10.0
2024,15,00-0039855,J.McMillan,TB,WR,1,13.5,18.5,13.5,18.5,5,75.0,1,13.0
2024,15,00-0036900,J.Chase,CIN,WR,1,9.4,18.4,9.4,18.4,9,94.0,0,60.0
2024,15,00-0038543,J.Smith-Njigba,SEA,WR,1,8.3,18.3,8.3,18.3,10,83.0,0,39.0
2024,15,00-0039075,P.Nacua,LA,WR,1,10.8,17.8,10.8,17.8,7,97.0,0,40.0
2024,15,00-0036554,N.Collins,HOU,WR,1,13.7,17.7,13.7,17.7,4,17.0,2,2.0
2024,15,00-0039915,L.McConkey,LAC,WR,1,11.8,16.8,11.8,16.8,5,58.0,1,13.0
2024,15,00-0037261,K.Shakir,BUF,WR,1,9.9,15.9,9.9,15.9,6,39.0,1,33.0
2024,15,00-0038544,Q.Johnston,LAC,WR,1,10.5,15.5,10.5,15.5,5,45.0,1,22.0
2024,15,00-0034827,D.Moore,CHI,WR,1,7.0,15.0,7.0,15.0,8,46.0,0,42.0
2024,15,00-0037740,G.Wilson,NYJ,WR,1,11.6,14.6,11.6,14.6,3,56.0,1,13.0
2024,15,00-0037238,D.London,ATL,WR,1,11.3,14.3,11.3,14.3,3,53.0,1,14.0
2024,15,00-0038994,J.Addison,MIN,WR,1,6.3,13.3,6.3,13.3,7,63.0,0,10.0
2024,15,00-0033375,T.Patrick,DET,WR,1,9.0,13.0,9.0,13.0,4,30.0,1,13.0
2024,15,00-0037240,J.Williams,DET,WR,1,9.7,12.7,9.7,12.7,3,37.0,1,1.0
2024,15,00-0034348,C.Sutton,DEN,WR,1,9.2,12.2,9.2,12.2,3,32.0,1,0.0
2024,15,00-0036252,M.Pittman,IND,WR,1,5.8,11.8,5.8,11.8,6,58.0,0,15.0
2024,15,00-0037837,C.Austin,PIT,WR,1,6.5,11.5,6.5,11.5,5,65.0,0,13.0
2024,15,00-0039064,Z.Flowers,BAL,WR,1,5.3,11.3,5.3,11.3,6,53.0,0,11.0
2024,15,00-0039146,J.Reed,GB,WR,1,6.1,11.1,6.1,11.1,5,34.0,0,44.0
2024,15,00-0034960,J.Meyers,LV,WR,1,5.9,10.9,5.9,10.9,5,59.0,0,9.0
2024,15,00-0039880,M.Washington,MIA,WR,1,5.2,10.2,5.2,10.2,5,52.0,0,40.0
2024,15,00-0038621,D.Douglas,NE,WR,1,7.1,10.1,7.1,10.1,3,11.0,1,5.0
2024,15,00-0030035,A.Thielen,CAR,WR,1,5.1,10.1,5.1,10.1,5,51.0,0,26.0
2024,15,00-0035500,G.Dortch,ARI,WR,1,6.6,9.6,6.6,9.6,3,60.0,0,61.0
2024,15,00-0039792,D.Walker,BAL,WR,1,8.1,9.1,8.1,9.1,1,21.0,1,0.0
2024,15,00-0034837,C.Ridley,TEN,WR,1,6.0,9.0,6.0,9.0,3,41.0,0,18.0
2024,15,00-0034272,M.Valdes-Scantling,NO,WR,1,6.8,8.8,6.8,8.8,2,64.0,0,11.0
2024,15,00-0038640,J.Brooks,DAL,WR,1,7.7,8.7,7.7,8.7,1,17.0,1,0.0
2024,15,00-0030564,D.Hopkins,KC,WR,1,3.6,8.6,3.6,8.6,5,36.0,0,7.0
2024,15,00-0038124,C.Watson,GB,WR,1,5.6,8.6,5.6,8.6,3,56.0,0,0.0
2024,15,00-0038606,P.Washington,JAX,WR,1,5.4,8.4,5.4,8.4,3,54.0,0,28.0
2024,15,00-0037666,J.Tolbert,DAL,WR,1,7.1,8.1,7.1,8.1,1,11.0,1,0.0
2024,15,00-0038117,W.Robinson,NYG,WR,1,3.8,7.8,3.8,7.8,4,38.0,0,1.0
2024,15,00-0033857,J.Smith-Schuster,KC,WR,1,6.7,7.7,6.7,7.7,1,7.0,1,11.0
2024,15,00-0033307,K.Bourne,NE,WR,1,4.4,7.4,4.4,7.4,3,44.0,0,5.0
2024,15,00-0039901,K.Coleman,BUF,WR,1,6.4,7.4,6.4,7.4,1,64.0,0,14.0
2024,15,00-0036331,D.Duvernay,JAX,WR,1,4.2,7.2,4.2,7.2,3,42.0,0,37.0
2024,15,00-0035208,O.Zaccheaus,WAS,WR,1,3.6,6.6,3.6,6.6,3,36.0,0,21.0
2024,15,00-0031236,B.Cooks,DAL,WR,1,3.4,6.4,3.4,6.4,3,34.0,0,0.0
2024,15,00-0038997,J.Downs,IND,WR,1,3.2,6.2,3.2,6.2,3,32.0,0,15.0
2024,15,00-0038977,T.Dell,HOU,WR,1,4.1,6.1,4.1,6.1,2,26.0,0,4.0
2024,15,00-0038976,M.Mims,DEN,WR,1,2.0,6.0,2.0,6.0,4,20.0,0,38.0
2024,15,00-0036626,D.Brown,WAS,WR,1,3.0,6.0,3.0,6.0,3,30.0,0,27.0
2024,15,00-0039919,R.Odunze,CHI,WR,1,3.9,5.9,3.9,5.9,2,39.0,0,27.0
2024,15,00-0033009,T.Boyd,TEN,WR,1,3.9,5.9,3.9,5.9,2,39.0,0,32.0
2024,15,00-0035640,D.Metcalf,SEA,WR,1,2.8,5.8,2.8,5.8,3,28.0,0,1.0
2024,15,00-0031941,J.Crowder,WAS,WR,1,2.7,5.7,2.7,5.7,3,27.0,0,0.0
2024,15,00-0033040,T.Hill,MIA,WR,1,3.6,5.6,3.6,5.6,2,36.0,0,2.0
2024,15,00-0039849,M.Harrison,ARI,WR,1,3.2,5.2,3.2,5.2,2,32.0,0,22.0
2024,15,00-0036259,J.Jennings,SF,WR,1,3.1,5.1,3.1,5.1,2,31.0,0,10.0
2024,15,00-0034418,C.Wilson,NO,WR,1,5.05,5.05,5.05,5.05,0,0.0,0,0.0
2024,15,00-0035719,D.Samuel,SF,WR,1,1.9,4.9,1.9,4.9,3,16.0,0,15.0
2024,15,00-0034860,D.Pettis,NO,WR,1,2.4,4.4,2.4,4.4,2,24.0,0,5.0
2024,15,00-0033589,D.Moore,CAR,WR,1,1.9,3.9,1.9,3.9,2,19.0,0,11.0
2024,15,00-0038608,K.Boutte,NE,WR,1,1.9,3.9,1.9,3.9,2,19.0,0,13.0
2024,15,00-0038563,T.Tucker,LV,WR,1,1.8,3.8,1.8,3.8,2,18.0,0,5.0
2024,15,00-0037614,J.Metchie,HOU,WR,1,1.7,3.7,1.7,3.7,2,17.0,0,5.0
2024,15,00-0034777,D.Chark,LAC,WR,1,1.6,3.6,1.6,3.6,2,16.0,0,2.0
2024,15,00-0031549,N.Agholor,BAL,WR,1,2.6,3.6,2.6,3.6,1,26.0,0,2.0
2024,15,00-0038393,D.Wicks,GB,WR,1,1.4,3.4,1.4,3.4,2,14.0,0,11.0
2024,15,00-0039816,A.Gould,IND,WR,1,2.3,3.3,2.3,3.3,1,23.0,0,5.0
2024,15,00-0030431,R.Woods,HOU,WR,1,1.2,3.2,1.2,3.2,2,12.0,0,2.0
2024,15,00-0032211,T.Lockett,SEA,WR,1,2.2,3.2,2.2,3.2,1,22.0,0,0.0
2024,15,00-0036988,J.Palmer,LAC,WR,1,1.0,3.0,1.0,3.0,2,10.0,0,0.0
2024,15,00-0038559,M.Wilson,ARI,WR,1,0.9,2.9,0.9,2.9,2,9.0,0,0.0
2024,15,00-0036182,N.Westbrook-Ikhine,TEN,WR,1,0.9,2.9,0.9,2.9,2,9.0,0,0.0
2024,15,00-0039342,X.Legette,CAR,WR,1,0.9,2.9,0.9,2.9,2,7.0,0,3.0
2024,15,00-0039868,T.Franklin,DEN,WR,1,0.9,2.9,0.9,2.9,2,9.0,0,10.0
2024,15,00-0036862,B.Skowronek,PIT,WR,1,1.7,2.7,1.7,2.7,1,17.0,0,14.0
2024,15,00-0037801,K.Turpin,DAL,WR,1,2.7,2.7,2.7,2.7,0,0.0,0,0.0
2024,15,00-0037300,M.Woods,CLE,WR,1,0.7,2.7,0.7,2.7,2,7.0,0,7.0
2024,15,00-0032385,S.Shepard,TB,WR,1,1.6,2.6,1.6,2.6,1,16.0,0,1.0
2024,15,00-0035535,D.Slayton,NYG,WR,1,1.6,2.6,1.6,2.6,1,16.0,0,8.0
2024,15,00-0039916,R.Pearsall,SF,WR,1,1.6,2.6,1.6,2.6,1,16.0,0,3.0
2024,15,00-0033536,M.Williams,PIT,WR,1,1.5,2.5,1.5,2.5,1,15.0,0,0.0
2024,15,00-0034407,R.McCloud,ATL,WR,1,1.4,2.4,1.4,2.4,1,14.0,0,0.0
2024,15,00-0038618,X.Hutchinson,HOU,WR,1,1.3,2.3,1.3,2.3,1,13.0,0,0.0
2024,15,00-0034646,B.Powell,MIN,WR,1,1.2,2.2,1.2,2.2,1,12.0,0,1.0
2024,15,00-0036176,M.Kinsey,TEN,WR,1,1.1,2.1,1.1,2.1,1,11.0,0,0.0
2024,15,00-0036980,E.Moore,CLE,WR,1,-0.1,1.9,-0.1,1.9,2,-1.0,0,1.0
2024,15,00-0039650,B.Oliver,TEN,WR,1,0.8,1.8,0.8,1.8,1,8.0,0,5.0
2024,15,00-0038752,J.Bobo,SEA,WR,1,0.8,1.8,0.8,1.8,1,8.0,0,3.0
2024,15,00-0037231,K.Austin,NO,WR,1,0.8,1.8,0.8,1.8,1,8.0,0,1.0
2024,15,00-0036630,T.Wallace,BAL,WR,1,0.8,1.8,0.8,1.8,1,8.0,0,2.0
2024,15,00-0036955,T.Marshall,LV,WR,1,0.7,1.7,0.7,1.7,1,7.0,0,0.0
2024,15,00-0033555,M.Hollins,BUF,WR,1,0.7,1.7,0.7,1.7,1,7.0,0,3.0
2024,15,00-0036849,T.Atwell,LA,WR,1,0.6,1.6,0.6,1.6,1,6.0,0,0.0
2024,15,00-0034487,T.Sherfield,MIN,WR,1,0.6,1.6,0.6,1.6,1,6.0,0,2.0
2024,15,00-0034054,R.Cracraft,MIA,WR,1,0.6,1.6,0.6,1.6,1,6.0,0,1.0
2024,15,00-0037291,J.Nailor,MIN,WR,1,0.5,1.5,0.5,1.5,1,5.0,0,6.0
2024,15,00-0038619,A.Iosivas,CIN,WR,1,0.5,1.5,0.5,1.5,1,5.0,0,3.0
2024,15,00-0038941,T.Scott,CHI,WR,1,0.5,1.5,0.5,1.5,1,5.0,0,7.0
2024,15,00-0033891,Z.Jones,ARI,WR,1,0.3,1.3,0.3,1.3,1,3.0,0,0.0
2024,15,00-0038824,R.Miller,TB,WR,1,0.1,1.1,0.1,1.1,1,1.0,0,3.0
2024,15,00-0033282,C.Samuel,BUF,WR,1,0.1,1.1,0.1,1.1,1,1.0,0,0.0
2024,15,00-0039355,L.McCaffrey,WAS,WR,1,0.0,1.0,0.0,1.0,1,0.0,0,-1.0
2024,15,00-0036415,V.Jefferson,PIT,WR,1,0.0,1.0,0.0,1.0,1,0.0,0,1.0
2024,15,00-0038507,G.DuBose,MIA,WR,1,-0.2,0.8,-0.2,0.8,1,-2.0,0,3.0
2024,15,00-0039236,J.Wilson,PHI,WR,1,0.0,0.0,0.0,0.0,0,0.0,0,0.0
2024,15,00-0037664,A.Pierce,IND,WR,1,0.0,0.0,0.0,0.0,0,0.0,0,0.0
2024,15,00-0037741,J.Dotson,PHI,WR,1,0.0,0.0,0.0,0.0,0,0.0,0,0.0
2024,15,00-0039424,D.Vele,DEN,WR,1,0.0,0.0,0.0,0.0,0,0.0,0,0.0
2024,15,00-0033943,J.Reynolds,JAX,WR,1,0.0,0.0,0.0,0.0,0,0.0,0,0.0
2024,15,00-0035298,S.Miller,PIT,WR,1,0.0,0.0,0.0,0.0,0,0.0,0,0.0
2024,15,00-0039379,J.Thrash,CLE,WR,1,0.0,0.0,0.0,0.0,0,0.0,0,0.0
2024,15,00-0035406,L.Humphrey,DEN,WR,1,0.0,0.0,0.0,0.0,0,0.0,0,0.0
2024,15,00-0033908,C.Kupp,LA,WR,1,0.0,0.0,0.0,0.0,0,0.0,0,0.0
2024,15,00-0036309,D.Mooney,ATL,WR,1,0.0,0.0,0.0,0.0,0,0.0,0,0.0
2024,15,00-0032775,D.Robinson,LA,WR,1,0.0,0.0,0.0,0.0,0,0.0,0,0.0
2024,15,00-0036613,J.Waddle,MIA,WR,1,0.0,0.0,0.0,0.0,0,0.0,0,0.0
2024,15,00-0031428,A.Robinson,DET,WR,1,0.0,0.0,0.0,0.0,0,0.0,0,0.0
2024,15,00-0034521,A.Lazard,NYJ,WR,1,0.0,0.0,0.0,0.0,0,0.0,0,0.0
2024,15,00-0034386,J.Watson,KC,WR,1,0.0,0.0,0.0,0.0,0,0.0,0,0.0
2024,15,00-0039907,J.Polk,NE,WR,1,0.0,0.0,0.0,0.0,0,0.0,0,0.0
2024,15,00-0039890,A.Mitchell,IND,WR,1,-1.0,-1.0,-1.0,-1.0,0,0.0,0,0.0
2024,14,00-0036900,J.Chase,CIN,WR,1,31.1,45.1,31.1,45.1,14,177.0,2,82.0
2024,14,00-0039075,P.Nacua,LA,WR,1,29.8,41.8,29.8,41.8,12,162.0,1,84.0
2024,14,00-0038994,J.Addison,MIN,WR,1,31.3,39.3,31.3,39.3,8,133.0,3,30.0
2024,14,00-0036322,J.Jefferson,MIN,WR,1,25.2,32.2,25.2,32.2,7,132.0,2,24.0
2024,14,00-0033040,T.Hill,MIA,WR,1,18.1,28.1,18.1,28.1,10,115.0,1,30.0
2024,14,00-0036259,J.Jennings,SF,WR,1,21.0,28.0,21.0,28.0,7,90.0,2,26.0
2024,14,00-0031381,D.Adams,NYJ,WR,1,16.9,25.9,16.9,25.9,9,109.0,1,51.0
2024,14,00-0033375,T.Patrick,DET,WR,1,16.3,22.3,16.3,22.3,6,43.0,2,8.0
2024,14,00-0039855,J.McMillan,TB,WR,1,17.9,21.9,17.9,21.9,4,59.0,2,33.0
2024,14,00-0037261,K.Shakir,BUF,WR,1,16.6,21.6,16.6,21.6,5,106.0,1,53.0
2024,14,00-0036358,C.Lamb,DAL,WR,1,15.4,21.4,15.4,21.4,6,93.0,1,53.0
2024,14,00-0039919,R.Odunze,CHI,WR,1,16.2,20.2,16.2,20.2,4,42.0,2,10.0
2024,14,00-0036309,D.Mooney,ATL,WR,1,14.2,20.2,14.2,20.2,6,142.0,0,38.0
2024,14,00-0033908,C.Kupp,LA,WR,1,15.2,20.2,15.2,20.2,5,92.0,1,21.0
2024,14,00-0038543,J.Smith-Njigba,SEA,WR,1,14.6,19.6,14.6,19.6,5,82.0,1,29.0
2024,14,00-0030035,A.Thielen,CAR,WR,1,10.2,19.2,10.2,19.2,9,102.0,0,13.0
2024,14,00-0036613,J.Waddle,MIA,WR,1,9.9,18.9,9.9,18.9,9,99.0,0,50.0
2024,14,00-0037740,G.Wilson,NYJ,WR,1,11.4,18.4,11.4,18.4,7,114.0,0,48.0
2024,14,00-0034407,R.McCloud,ATL,WR,1,10.1,18.1,10.1,18.1,8,98.0,0,70.0
2024,14,00-0036407,J.Jeudy,CLE,WR,1,12.4,17.4,12.4,17.4,5,64.0,1,9.0
2024,14,00-0039893,B.Thomas,JAX,WR,1,8.6,16.6,8.6,16.6,8,86.0,0,26.0
2024,14,00-0038544,Q.Johnston,LAC,WR,1,10.8,15.8,10.8,15.8,5,48.0,1,22.0
2024,14,00-0033555,M.Hollins,BUF,WR,1,11.7,15.7,11.7,15.7,4,57.0,1,15.0
2024,14,00-0031544,A.Cooper,BUF,WR,1,9.5,15.5,9.5,15.5,6,95.0,0,18.0
2024,14,00-0038124,C.Watson,GB,WR,1,11.4,15.4,11.4,15.4,4,114.0,0,45.0
2024,14,00-0036988,J.Palmer,LAC,WR,1,7.8,13.8,7.8,13.8,6,78.0,0,11.0
2024,14,00-0034960,J.Meyers,LV,WR,1,6.7,13.7,6.7,13.7,7,67.0,0,35.0
2024,14,00-0036912,D.Smith,PHI,WR,1,9.7,13.7,9.7,13.7,4,37.0,1,18.0
2024,14,00-0038559,M.Wilson,ARI,WR,1,11.7,13.7,11.7,13.7,2,57.0,1,23.0
2024,14,00-0030564,D.Hopkins,KC,WR,1,9.2,13.2,9.2,13.2,4,32.0,1,10.0
2024,14,00-0037240,J.Williams,DET,WR,1,8.0,13.0,8.0,13.0,5,80.0,0,35.0
2024,14,00-0039337,M.Nabers,NYG,WR,1,7.9,12.9,7.9,12.9,5,79.0,0,21.0
2024,14,00-0034837,C.Ridley,TEN,WR,1,5.9,12.9,5.9,12.9,7,59.0,0,22.0
2024,14,00-0037238,D.London,ATL,WR,1,7.0,12.0,7.0,12.0,5,70.0,0,19.0
2024,14,00-0031408,M.Evans,TB,WR,1,6.9,10.9,6.9,10.9,4,69.0,0,17.0
2024,14,00-0034827,D.Moore,CHI,WR,1,4.9,10.9,4.9,10.9,6,49.0,0,38.0
2024,14,00-0036963,A.St. Brown,DET,WR,1,5.3,10.3,5.3,10.3,5,43.0,0,12.0
2024,14,00-0032385,S.Shepard,TB,WR,1,6.3,10.3,6.3,10.3,4,63.0,0,19.0
2024,14,00-0039894,X.Worthy,KC,WR,1,4.6,9.6,4.6,9.6,5,41.0,0,24.0
2024,14,00-0034272,M.Valdes-Scantling,NO,WR,1,5.1,9.1,5.1,9.1,4,51.0,0,10.0
2024,14,00-0039849,M.Harrison,ARI,WR,1,4.9,8.9,4.9,8.9,4,49.0,0,8.0
2024,14,00-0035640,D.Metcalf,SEA,WR,1,4.9,8.9,4.9,8.9,4,49.0,0,26.0
2024,14,00-0038393,D.Wicks,GB,WR,1,4.9,8.9,4.9,8.9,4,49.0,0,27.0
2024,14,00-0035676,A.Brown,PHI,WR,1,4.3,8.3,4.3,8.3,4,43.0,0,11.0
2024,14,00-0038619,A.Iosivas,CIN,WR,1,4.1,8.1,4.1,8.1,4,41.0,0,11.0
2024,14,00-0036415,V.Jefferson,PIT,WR,1,7.0,8.0,7.0,8.0,1,10.0,1,0.0
2024,14,00-0038117,W.Robinson,NYG,WR,1,3.8,7.8,3.8,7.8,4,38.0,0,16.0
2024,14,00-0036849,T.Atwell,LA,WR,1,4.5,7.5,4.5,7.5,3,45.0,0,10.0
2024,14,00-0031236,B.Cooks,DAL,WR,1,6.3,7.3,6.3,7.3,1,3.0,1,0.0
2024,14,00-0035298,S.Miller,PIT,WR,1,3.8,6.8,3.8,6.8,3,38.0,0,11.0
2024,14,00-0033536,M.Williams,PIT,WR,1,3.6,6.6,3.6,6.6,3,36.0,0,1.0
2024,14,00-0036980,E.Moore,CLE,WR,1,3.4,6.4,3.4,6.4,3,34.0,0,10.0
2024,14,00-0030279,K.Allen,CHI,WR,1,3.0,6.0,3.0,6.0,3,30.0,0,11.0
2024,14,00-0039342,X.Legette,CAR,WR,1,3.9,5.9,3.9,5.9,2,39.0,0,8.0
2024,14,00-0035719,D.Samuel,SF,WR,1,3.5,5.5,3.5,5.5,2,22.0,0,4.0
2024,14,00-0033857,J.Smith-Schuster,KC,WR,1,3.1,5.1,3.1,5.1,2,31.0,0,12.0
2024,14,00-0035535,D.Slayton,NYG,WR,1,2.7,4.7,2.7,4.7,2,27.0,0,0.0
2024,14,00-0033589,D.Moore,CAR,WR,1,2.5,4.5,2.5,4.5,2,25.0,0,7.0
2024,14,00-0036410,T.Higgins,CIN,WR,1,2.3,4.3,2.3,4.3,2,23.0,0,4.0
2024,14,00-0037801,K.Turpin,DAL,WR,1,3.1,4.1,3.1,4.1,1,16.0,0,0.0
2024,14,00-0036133,J.Proche,CLE,WR,1,1.8,3.8,1.8,3.8,2,18.0,0,0.0
2024,14,00-0033282,C.Samuel,BUF,WR,1,1.6,3.6,1.6,3.6,2,15.0,0,14.0
2024,14,00-0038606,P.Washington,JAX,WR,1,1.5,3.5,1.5,3.5,2,15.0,0,3.0
2024,14,00-0036331,D.Duvernay,JAX,WR,1,0.1,3.1,0.1,3.1,3,8.0,0,2.0
2024,14,00-0036182,N.Westbrook-Ikhine,TEN,WR,1,1.9,2.9,1.9,2.9,1,19.0,0,1.0
2024,14,00-0034521,A.Lazard,NYJ,WR,1,1.8,2.8,1.8,2.8,1,18.0,0,2.0
2024,14,00-0034418,C.Wilson,NO,WR,1,1.8,2.8,1.8,2.8,1,18.0,0,0.0
2024,14,00-0038563,T.Tucker,LV,WR,1,0.7,2.7,0.7,2.7,2,7.0,0,1.0
2024,14,00-0039650,B.Oliver,TEN,WR,1,1.6,2.6,1.6,2.6,1,16.0,0,7.0
2024,14,00-0033891,Z.Jones,ARI,WR,1,1.3,2.3,1.3,2.3,1,13.0,0,9.0
2024,14,00-0037300,M.Woods,CLE,WR,1,1.2,2.2,1.2,2.2,1,12.0,0,11.0
2024,14,00-0038573,D.Davis,LAC,WR,1,0.1,2.1,0.1,2.1,2,1.0,0,9.0
2024,14,00-0034777,D.Chark,LAC,WR,1,0.9,1.9,0.9,1.9,1,9.0,0,5.0
2024,14,00-0037487,D.Thompkins,CAR,WR,1,0.7,1.7,0.7,1.7,1,7.0,0,1.0
2024,14,00-0033009,T.Boyd,TEN,WR,1,0.7,1.7,0.7,1.7,1,7.0,0,0.0
2024,14,00-0036955,T.Marshall,LV,WR,1,0.6,1.6,0.6,1.6,1,6.0,0,1.0
2024,14,00-0036254,C.Johnson,CHI,WR,1,0.6,1.6,0.6,1.6,1,6.0,0,3.0
2024,14,00-0037231,K.Austin,NO,WR,1,0.5,1.5,0.5,1.5,1,5.0,0,2.0
2024,14,00-0039916,R.Pearsall,SF,WR,1,0.5,1.5,0.5,1.5,1,5.0,0,0.0
2024,14,00-0037741,J.Dotson,PHI,WR,1,0.5,1.5,0.5,1.5,1,5.0,0,4.0
2024,14,00-0035500,G.Dortch,ARI,WR,1,0.5,1.5,0.5,1.5,1,5.0,0,9.0
2024,14,00-0037837,C.Austin,PIT,WR,1,0.4,1.4,0.4,1.4,1,4.0,0,5.0
2024,14,00-0036387,J.Reagor,LAC,WR,1,0.4,1.4,0.4,1.4,1,4.0,0,1.0
2024,14,00-0031235,O.Beckham,MIA,WR,1,0.1,1.1,0.1,1.1,1,1.0,0,1.0
2024,14,00-0039062,J.Mingo,DAL,WR,1,0.0,0.0,0.0,0.0,0,0.0,0,0.0
2024,14,00-0034860,D.Pettis,NO,WR,1,0.0,0.0,0.0,0.0,0,0.0,0,0.0
2024,14,00-0037666,J.Tolbert,DAL,WR,1,0.0,0.0,0.0,0.0,0,0.0,0,0.0
2024,14,00-0039146,J.Reed,GB,WR,1,0.0,0.0,0.0,0.0,0,0.0,0,0.0
2024,14,00-0039365,J.Cowing,SF,WR,1,0.0,0.0,0.0,0.0,0,0.0,0,0.0
2024,14,00-0039880,M.Washington,MIA,WR,1,0.0,0.0,0.0,0.0,0,0.0,0,0.0
2024,14,00-0038938,J.Hyatt,NYG,WR,1,0.0,0.0,0.0,0.0,0,0.0,0,0.0
2024,14,00-0032775,D.Robinson,LA,WR,1,0.0,0.0,0.0,0.0,0,0.0,0,0.0
2024,14,00-0039410,R.Flournoy,DAL,WR,1,0.0,0.0,0.0,0.0,0,0.0,0,0.0
2024,14,00-0039236,J.Wilson,PHI,WR,1,0.0,0.0,0.0,0.0,0,0.0,0,0.0
2024,14,00-0032211,T.Lockett,SEA,WR,1,0.0,0.0,0.0,0.0,0,0.0,0,0.0
2024,13,00-0036407,J.Jeudy,CLE,WR,1,29.5,38.5,29.5,38.5,9,235.0,1,97.0
2024,13,00-0035659,T.McLaurin,WAS,WR,1,19.3,27.3,19.3,27.3,8,73.0,2,18.0
2024,13,00-0031408,M.Evans,TB,WR,1,17.8,25.8,17.8,25.8,8,118.0,1,25.0
2024,13,00-0030279,K.Allen,CHI,WR,1,19.3,24.3,19.3,24.3,5,73.0,2,15.0
2024,13,00-0030035,A.Thielen,CAR,WR,1,15.9,23.9,15.9,23.9,8,99.0,1,23.0
2024,13,00-0034827,D.Moore,CHI,WR,1,15.7,23.7,15.7,23.7,8,97.0,1,40.0
2024,13,00-0038606,P.Washington,JAX,WR,1,16.3,22.3,16.3,22.3,6,103.0,1,36.0
2024,13,00-0036182,N.Westbrook-Ikhine,TEN,WR,1,18.1,21.1,18.1,21.1,3,61.0,2,13.0
2024,13,00-0039915,L.McConkey,LAC,WR,1,11.7,20.7,11.7,20.7,9,117.0,0,37.0
2024,13,00-0036900,J.Chase,CIN,WR,1,14.6,20.6,14.6,20.6,6,86.0,1,57.0
2024,13,00-0033040,T.Hill,MIA,WR,1,14.3,20.3,14.3,20.3,6,83.0,1,23.0
2024,13,00-0038976,M.Mims,DEN,WR,1,16.9,19.9,16.9,19.9,3,105.0,1,80.0
2024,13,00-0036554,N.Collins,HOU,WR,1,11.9,19.9,11.9,19.9,8,119.0,0,56.0
2024,13,00-0039146,J.Reed,GB,WR,1,16.7,19.7,16.7,19.7,3,24.0,2,12.0
2024,13,00-0036980,E.Moore,CLE,WR,1,11.2,19.2,11.2,19.2,8,111.0,0,19.0
2024,13,00-0039893,B.Thomas,JAX,WR,1,14.7,18.7,14.7,18.7,4,76.0,1,56.0
2024,13,00-0036410,T.Higgins,CIN,WR,1,12.9,17.9,12.9,17.9,5,69.0,1,23.0
2024,13,00-0031381,D.Adams,NYJ,WR,1,12.6,17.6,12.6,17.6,5,66.0,1,19.0
2024,13,00-0037238,D.London,ATL,WR,1,8.3,17.3,8.3,17.3,9,86.0,0,33.0
2024,13,00-0039075,P.Nacua,LA,WR,1,12.3,17.3,12.3,17.3,5,56.0,1,45.0
2024,13,00-0039849,M.Harrison,ARI,WR,1,12.0,17.0,12.0,17.0,5,60.0,1,4.0
2024,13,00-0036322,J.Jefferson,MIN,WR,1,9.9,16.9,9.9,16.9,7,99.0,0,47.0
2024,13,00-0037247,G.Pickens,PIT,WR,1,13.4,16.4,13.4,16.4,3,74.0,1,42.0
2024,13,00-0034348,C.Sutton,DEN,WR,1,10.2,16.2,10.2,16.2,6,102.0,0,18.0
2024,13,00-0034960,J.Meyers,LV,WR,1,9.7,15.7,9.7,15.7,6,97.0,0,30.0
2024,13,00-0039337,M.Nabers,NYG,WR,1,7.3,15.3,7.3,15.3,8,69.0,0,23.0
2024,13,00-0038563,T.Tucker,LV,WR,1,12.9,13.9,12.9,13.9,1,58.0,1,20.0
2024,13,00-0034407,R.McCloud,ATL,WR,1,9.3,13.3,9.3,13.3,4,95.0,0,63.0
2024,13,00-0030564,D.Hopkins,KC,WR,1,9.0,13.0,9.0,13.0,4,90.0,0,21.0
2024,13,00-0032775,D.Robinson,LA,WR,1,10.9,12.9,10.9,12.9,2,49.0,1,18.0
2024,13,00-0038619,A.Iosivas,CIN,WR,1,9.5,12.5,9.5,12.5,3,35.0,1,0.0
2024,13,00-0036963,A.St. Brown,DET,WR,1,7.3,12.3,7.3,12.3,5,73.0,0,15.0
2024,13,00-0038543,J.Smith-Njigba,SEA,WR,1,7.9,11.9,7.9,11.9,4,74.0,0,13.0
2024,13,00-0035676,A.Brown,PHI,WR,1,6.6,11.6,6.6,11.6,5,66.0,0,14.0
2024,13,00-0034272,M.Valdes-Scantling,NO,WR,1,9.6,11.6,9.6,11.6,2,36.0,1,2.0
2024,13,00-0037837,C.Austin,PIT,WR,1,8.9,10.9,8.9,10.9,2,29.0,1,1.0
2024,13,00-0035640,D.Metcalf,SEA,WR,1,6.6,10.6,6.6,10.6,4,66.0,0,11.0
2024,13,00-0031236,B.Cooks,DAL,WR,1,7.6,10.6,7.6,10.6,3,16.0,1,3.0
2024,13,00-0038559,M.Wilson,ARI,WR,1,5.5,10.5,5.5,10.5,5,55.0,0,8.0
2024,13,00-0039894,X.Worthy,KC,WR,1,5.4,10.4,5.4,10.4,5,54.0,0,33.0
2024,13,00-0039064,Z.Flowers,BAL,WR,1,7.1,10.1,7.1,10.1,3,74.0,0,14.0
2024,13,00-0037240,J.Williams,DET,WR,1,4.6,9.6,4.6,9.6,5,28.0,0,23.0
2024,13,00-0037664,A.Pierce,IND,WR,1,7.6,9.6,7.6,9.6,2,16.0,1,3.0
2024,13,00-0037801,K.Turpin,DAL,WR,1,5.5,9.5,5.5,9.5,4,53.0,0,62.0
2024,13,00-0038994,J.Addison,MIN,WR,1,5.4,9.4,5.4,9.4,4,54.0,0,15.0
2024,13,00-0036613,J.Waddle,MIA,WR,1,5.3,9.3,5.3,9.3,4,53.0,0,7.0
2024,13,00-0039342,X.Legette,CAR,WR,1,5.3,9.3,5.3,9.3,4,53.0,0,12.0
2024,13,00-0036252,M.Pittman,IND,WR,1,4.2,9.2,4.2,9.2,5,42.0,0,33.0
2024,13,00-0037740,G.Wilson,NYJ,WR,1,4.1,9.1,4.1,9.1,5,41.0,0,25.0
2024,13,00-0033589,D.Moore,CAR,WR,1,4.0,9.0,4.0,9.0,5,40.0,0,8.0
2024,13,00-0038124,C.Watson,GB,WR,1,6.7,8.7,6.7,8.7,2,67.0,0,9.0
2024,13,00-0036259,J.Jennings,SF,WR,1,5.6,8.6,5.6,8.6,3,56.0,0,19.0
2024,13,00-0032385,S.Shepard,TB,WR,1,4.2,8.2,4.2,8.2,4,42.0,0,37.0
2024,13,00-0036626,D.Brown,WAS,WR,1,3.9,7.9,3.9,7.9,4,35.0,0,41.0
2024,13,00-0033555,M.Hollins,BUF,WR,1,6.7,7.7,6.7,7.7,1,7.0,1,0.0
2024,13,00-0034386,J.Watson,KC,WR,1,6.6,7.6,6.6,7.6,1,6.0,1,0.0
2024,13,00-0033307,K.Bourne,NE,WR,1,4.5,7.5,4.5,7.5,3,39.0,0,11.0
2024,13,00-0037300,M.Woods,CLE,WR,1,4.3,7.3,4.3,7.3,3,43.0,0,17.0
2024,13,00-0038608,K.Boutte,NE,WR,1,4.1,7.1,4.1,7.1,3,41.0,0,22.0
2024,13,00-0037231,K.Austin,NO,WR,1,4.0,7.0,4.0,7.0,3,31.0,0,7.0
2024,13,00-0037261,K.Shakir,BUF,WR,1,3.0,7.0,3.0,7.0,4,30.0,0,20.0
2024,13,00-0038393,D.Wicks,GB,WR,1,3.0,7.0,3.0,7.0,4,30.0,0,11.0
2024,13,00-0033375,T.Patrick,DET,WR,1,4.8,6.8,4.8,6.8,2,48.0,0,24.0
2024,13,00-0033009,T.Boyd,TEN,WR,1,3.7,6.7,3.7,6.7,3,37.0,0,10.0
2024,13,00-0034837,C.Ridley,TEN,WR,1,4.5,6.5,4.5,6.5,2,45.0,0,4.0
2024,13,00-0037666,J.Tolbert,DAL,WR,1,4.1,6.1,4.1,6.1,2,41.0,0,2.0
2024,13,00-0035719,D.Samuel,SF,WR,1,2.0,6.0,2.0,6.0,4,20.0,0,18.0
2024,13,00-0038621,D.Douglas,NE,WR,1,2.0,6.0,2.0,6.0,4,20.0,0,11.0
2024,13,00-0036358,C.Lamb,DAL,WR,1,3.9,5.9,3.9,5.9,2,39.0,0,19.0
2024,13,00-0036849,T.Atwell,LA,WR,1,3.9,5.9,3.9,5.9,2,39.0,0,0.0
2024,13,00-0033591,N.Brown,WAS,WR,1,2.7,5.7,2.7,5.7,3,27.0,0,4.0
2024,13,00-0036415,V.Jefferson,PIT,WR,1,4.3,5.3,4.3,5.3,1,43.0,0,26.0
2024,13,00-0036309,D.Mooney,ATL,WR,1,2.0,5.0,2.0,5.0,3,20.0,0,5.0
2024,13,00-0039868,T.Franklin,DEN,WR,1,2.8,4.8,2.8,4.8,2,28.0,0,26.0
2024,13,00-0033908,C.Kupp,LA,WR,1,1.7,4.7,1.7,4.7,3,17.0,0,1.0
2024,13,00-0032211,T.Lockett,SEA,WR,1,1.6,4.6,1.6,4.6,3,16.0,0,1.0
2024,13,00-0039919,R.Odunze,CHI,WR,1,2.5,4.5,2.5,4.5,2,25.0,0,2.0
2024,13,00-0039855,J.McMillan,TB,WR,1,2.5,4.5,2.5,4.5,2,25.0,0,9.0
2024,13,00-0035208,O.Zaccheaus,WAS,WR,1,1.4,4.4,1.4,4.4,3,14.0,0,13.0
2024,13,00-0036331,D.Duvernay,JAX,WR,1,2.3,4.3,2.3,4.3,2,23.0,0,21.0
2024,13,00-0031544,A.Cooper,BUF,WR,1,1.2,4.2,1.2,4.2,3,12.0,0,1.0
2024,13,00-0037614,J.Metchie,HOU,WR,1,1.6,3.6,1.6,3.6,2,16.0,0,1.0
2024,13,00-0036527,D.Turner,LV,WR,1,2.5,3.5,2.5,3.5,1,25.0,0,31.0
2024,13,00-0036630,T.Wallace,BAL,WR,1,1.4,3.4,1.4,3.4,2,14.0,0,6.0
2024,13,00-0039355,L.McCaffrey,WAS,WR,1,1.3,3.3,1.3,3.3,2,13.0,0,15.0
2024,13,00-0038977,T.Dell,HOU,WR,1,2.3,3.3,2.3,3.3,1,23.0,0,0.0
2024,13,00-0036862,B.Skowronek,PIT,WR,1,2.3,3.3,2.3,3.3,1,23.0,0,9.0
2024,13,00-0038544,Q.Johnston,LAC,WR,1,1.2,3.2,1.2,3.2,2,12.0,0,12.0
2024,13,00-0039379,J.Thrash,CLE,WR,1,1.1,3.1,1.1,3.1,2,11.0,0,6.0
2024,13,00-0034418,C.Wilson,NO,WR,1,1.9,2.9,1.9,2.9,1,19.0,0,3.0
2024,13,00-0035535,D.Slayton,NYG,WR,1,0.8,2.8,0.8,2.8,2,8.0,0,1.0
2024,13,00-0038938,J.Hyatt,NYG,WR,1,0.8,2.8,0.8,2.8,2,8.0,0,5.0
2024,13,00-0039880,M.Washington,MIA,WR,1,0.8,2.8,0.8,2.8,2,8.0,0,5.0
2024,13,00-0037291,J.Nailor,MIN,WR,1,1.8,2.8,1.8,2.8,1,18.0,0,6.0
2024,13,00-0035500,G.Dortch,ARI,WR,1,0.7,2.7,0.7,2.7,2,1.0,0,9.0
2024,13,00-0038117,W.Robinson,NYG,WR,1,0.6,2.6,0.6,2.6,2,6.0,0,4.0
2024,13,00-0039424,D.Vele,DEN,WR,1,1.6,2.6,1.6,2.6,1,16.0,0,0.0
2024,13,00-0036988,J.Palmer,LAC,WR,1,1.1,2.1,1.1,2.1,1,11.0,0,0.0
2024,13,00-0033857,J.Smith-Schuster,KC,WR,1,1.0,2.0,1.0,2.0,1,10.0,0,5.0
2024,13,00-0031235,O.Beckham,MIA,WR,1,0.9,1.9,0.9,1.9,1,9.0,0,1.0
2024,13,00-0034646,B.Powell,MIN,WR,1,0.8,1.8,0.8,1.8,1,8.0,0,3.0
2024,13,00-0037741,J.Dotson,PHI,WR,1,0.7,1.7,0.7,1.7,1,7.0,0,1.0
2024,13,00-0035976,D.Chisena,CAR,WR,1,0.6,1.6,0.6,1.6,1,6.0,0,1.0
2024,13,00-0038573,D.Davis,LAC,WR,1,0.6,1.6,0.6,1.6,1,3.0,0,11.0
2024,13,00-0034860,D.Pettis,NO,WR,1,0.5,1.5,0.5,1.5,1,5.0,0,0.0
2024,13,00-0039062,J.Mingo,DAL,WR,1,0.2,1.2,0.2,1.2,1,2.0,0,3.0
2024,13,00-0038640,J.Brooks,DAL,WR,1,0.0,1.0,0.0,1.0,1,0.0,0,2.0
2024,13,00-0038496,X.Gipson,NYJ,WR,1,-0.1,0.9,-0.1,0.9,1,-1.0,0,2.0
2024,13,00-0039920,M.Corley,NYJ,WR,1,0.8,0.8,0.8,0.8,0,0.0,0,0.0
2024,13,00-0033282,C.Samuel,BUF,WR,1,0.7,0.7,0.7,0.7,0,0.0,0,0.0
2024,13,00-0036913,K.Toney,CLE,WR,1,0.3,0.3,0.3,0.3,0,0.0,0,0.0
2024,13,00-0035639,P.Campbell,PHI,WR,1,0.0,0.0,0.0,0.0,0,0.0,0,0.0
2024,13,00-0031549,N.Agholor,BAL,WR,1,0.0,0.0,0.0,0.0,0,0.0,0,0.0
2024,13,00-0037132,B.Covey,PHI,WR,1,0.0,0.0,0.0,0.0,0,0.0,0,0.0
2024,13,00-0039907,J.Polk,NE,WR,1,0.0,0.0,0.0,0.0,0,0.0,0,0.0
2024,13,00-0036427,T.Johnson,LA,WR,1,0.0,0.0,0.0,0.0,0,0.0,0,0.0
2024,13,00-0036955,T.Marshall,LV,WR,1,0.0,0.0,0.0,0.0,0,0.0,0,0.0
2024,13,00-0030431,R.Woods,HOU,WR,1,0.0,0.0,0.0,0.0,0,0.0,0,0.0
2024,13,00-0039916,R.Pearsall,SF,WR,1,0.0,0.0,0.0,0.0,0,0.0,0,0.0
2024,13,00-0039052,T.Palmer,TB,WR,1,0.0,0.0,0.0,0.0,0,0.0,0,0.0
2024,13,00-0039890,A.Mitchell,IND,WR,1,0.0,0.0,0.0,0.0,0,0.0,0,0.0
2024,12,00-0038994,J.Addison,MIN,WR,1,22.2,30.2,22.2,30.2,8,162.0,1,59.0
2024,12,00-0034348,C.Sutton,DEN,WR,1,21.7,29.7,21.7,29.7,8,97.0,2,5.0
2024,12,00-0036613,J.Waddle,MIA,WR,1,20.4,28.4,20.4,28.4,8,144.0,1,44.0
2024,12,00-0034827,D.Moore,CHI,WR,1,17.9,24.9,17.9,24.9,7,106.0,1,81.0
2024,12,00-0030279,K.Allen,CHI,WR,1,14.6,23.6,14.6,23.6,9,86.0,1,31.0
2024,12,00-0035676,A.Brown,PHI,WR,1,16.9,22.9,16.9,22.9,6,109.0,1,49.0
2024,12,00-0034960,J.Meyers,LV,WR,1,12.1,22.1,12.1,22.1,10,121.0,0,34.0
2024,12,00-0035659,T.McLaurin,WAS,WR,1,16.2,21.2,16.2,21.2,5,102.0,1,59.0
2024,12,00-0039075,P.Nacua,LA,WR,1,11.7,20.7,11.7,20.7,9,117.0,0,65.0
2024,12,00-0036554,N.Collins,HOU,WR,1,15.2,20.2,15.2,20.2,5,92.0,1,25.0
2024,12,00-0033589,D.Moore,CAR,WR,1,14.1,20.1,14.1,20.1,6,81.0,1,7.0
2024,12,00-0033908,C.Kupp,LA,WR,1,12.0,20.0,12.0,20.0,8,60.0,1,23.0
2024,12,00-0038543,J.Smith-Njigba,SEA,WR,1,13.7,19.7,13.7,19.7,6,77.0,1,66.0
2024,12,00-0037837,C.Austin,PIT,WR,1,13.8,16.8,13.8,16.8,3,78.0,1,7.0
2024,12,00-0036358,C.Lamb,DAL,WR,1,6.8,16.8,6.8,16.8,10,67.0,0,30.0
2024,12,00-0036252,M.Pittman,IND,WR,1,9.6,15.6,9.6,15.6,6,96.0,0,40.0
2024,12,00-0038563,T.Tucker,LV,WR,1,8.2,15.2,8.2,15.2,7,82.0,0,37.0
2024,12,00-0036407,J.Jeudy,CLE,WR,1,8.5,14.5,8.5,14.5,6,85.0,0,14.0
2024,12,00-0030564,D.Hopkins,KC,WR,1,9.5,14.5,9.5,14.5,5,35.0,1,5.0
2024,12,00-0039915,L.McConkey,LAC,WR,1,8.3,14.3,8.3,14.3,6,83.0,0,16.0
2024,12,00-0034837,C.Ridley,TEN,WR,1,9.3,14.3,9.3,14.3,5,93.0,0,27.0
2024,12,00-0039424,D.Vele,DEN,WR,1,8.0,14.0,8.0,14.0,6,80.0,0,16.0
2024,12,00-0033591,N.Brown,WAS,WR,1,7.1,13.1,7.1,13.1,6,71.0,0,23.0
2024,12,00-0036182,N.Westbrook-Ikhine,TEN,WR,1,10.8,12.8,10.8,12.8,2,48.0,1,4.0
2024,12,00-0039337,M.Nabers,NYG,WR,1,6.4,12.4,6.4,12.4,6,64.0,0,11.0
2024,12,00-0036550,R.Bateman,BAL,WR,1,10.3,12.3,10.3,12.3,2,43.0,1,1.0
2024,12,00-0036963,A.St. Brown,DET,WR,1,6.2,12.2,6.2,12.2,6,62.0,0,21.0
2024,12,00-0037240,J.Williams,DET,WR,1,6.8,11.8,6.8,11.8,5,64.0,0,29.0
2024,12,00-0031408,M.Evans,TB,WR,1,6.8,11.8,6.8,11.8,5,68.0,0,13.0
2024,12,00-0033009,T.Boyd,TEN,WR,1,5.5,11.5,5.5,11.5,6,55.0,0,35.0
2024,12,00-0038621,D.Douglas,NE,WR,1,6.3,11.3,6.3,11.3,5,62.0,0,48.0
2024,12,00-0039064,Z.Flowers,BAL,WR,1,6.2,11.2,6.2,11.2,5,62.0,0,27.0
2024,12,00-0037666,J.Tolbert,DAL,WR,1,8.2,10.2,8.2,10.2,2,22.0,1,15.0
2024,12,00-0038977,T.Dell,HOU,WR,1,7.2,10.2,7.2,10.2,3,72.0,0,7.0
2024,12,00-0035640,D.Metcalf,SEA,WR,1,5.9,9.9,5.9,9.9,4,59.0,0,9.0
2024,12,00-0033040,T.Hill,MIA,WR,1,4.8,9.8,4.8,9.8,5,48.0,0,11.0
2024,12,00-0038117,W.Robinson,NYG,WR,1,4.7,9.7,4.7,9.7,5,47.0,0,19.0
2024,12,00-0039342,X.Legette,CAR,WR,1,5.6,9.6,5.6,9.6,4,56.0,0,10.0
2024,12,00-0033375,T.Patrick,DET,WR,1,5.5,9.5,5.5,9.5,4,55.0,0,21.0
2024,12,00-0032775,D.Robinson,LA,WR,1,7.5,9.5,7.5,9.5,2,15.0,1,3.0
2024,12,00-0038465,M.Heath,GB,WR,1,7.5,9.5,7.5,9.5,2,15.0,1,5.0
2024,12,00-0039894,X.Worthy,KC,WR,1,5.1,9.1,5.1,9.1,4,46.0,0,12.0
2024,12,00-0036259,J.Jennings,SF,WR,1,4.0,9.0,4.0,9.0,5,40.0,0,17.0
2024,12,00-0039919,R.Odunze,CHI,WR,1,3.9,8.9,3.9,8.9,5,39.0,0,24.0
2024,12,00-0037247,G.Pickens,PIT,WR,1,4.8,8.8,4.8,8.8,4,48.0,0,0.0
2024,12,00-0030035,A.Thielen,CAR,WR,1,5.7,8.7,5.7,8.7,3,57.0,0,35.0
2024,12,00-0037816,R.Doubs,GB,WR,1,5.4,8.4,5.4,8.4,3,54.0,0,24.0
2024,12,00-0039849,M.Harrison,ARI,WR,1,4.7,7.7,4.7,7.7,3,47.0,0,19.0
2024,12,00-0037291,J.Nailor,MIN,WR,1,6.5,7.5,6.5,7.5,1,5.0,1,2.0
2024,12,00-0038559,M.Wilson,ARI,WR,1,5.4,7.4,5.4,7.4,2,54.0,0,6.0
2024,12,00-0038976,M.Mims,DEN,WR,1,4.2,7.2,4.2,7.2,3,44.0,0,56.0
2024,12,00-0036988,J.Palmer,LAC,WR,1,3.8,6.8,3.8,6.8,3,38.0,0,0.0
2024,12,00-0032385,S.Shepard,TB,WR,1,1.6,6.6,1.6,6.6,5,16.0,0,13.0
2024,12,00-0036849,T.Atwell,LA,WR,1,3.0,6.0,3.0,6.0,3,30.0,0,7.0
2024,12,00-0033307,K.Bourne,NE,WR,1,3.0,6.0,3.0,6.0,3,30.0,0,9.0
2024,12,00-0036415,V.Jefferson,PIT,WR,1,3.9,5.9,3.9,5.9,2,39.0,0,1.0
2024,12,00-0038997,J.Downs,IND,WR,1,2.7,5.7,2.7,5.7,3,27.0,0,26.0
2024,12,00-0036626,D.Brown,WAS,WR,1,3.6,5.6,3.6,5.6,2,22.0,0,6.0
2024,12,00-0039146,J.Reed,GB,WR,1,2.6,5.6,2.6,5.6,3,26.0,0,12.0
2024,12,00-0036980,E.Moore,CLE,WR,1,2.1,5.1,2.1,5.1,3,21.0,0,1.0
2024,12,00-0038640,J.Brooks,DAL,WR,1,4.1,5.1,4.1,5.1,1,41.0,0,0.0
2024,12,00-0039868,T.Franklin,DEN,WR,1,3.1,5.1,3.1,5.1,2,31.0,0,12.0
2024,12,00-0037664,A.Pierce,IND,WR,1,3.9,4.9,3.9,4.9,1,39.0,0,3.0
2024,12,00-0038979,C.Tillman,CLE,WR,1,2.8,4.8,2.8,4.8,2,28.0,0,10.0
2024,12,00-0036322,J.Jefferson,MIN,WR,1,2.7,4.7,2.7,4.7,2,27.0,0,11.0
2024,12,00-0037487,D.Thompkins,CAR,WR,1,1.3,4.3,1.3,4.3,3,13.0,0,27.0
2024,12,00-0032211,T.Lockett,SEA,WR,1,2.0,4.0,2.0,4.0,2,20.0,0,13.0
2024,12,00-0038821,R.Jarrett,TB,WR,1,3.0,4.0,3.0,4.0,1,30.0,0,3.0
2024,12,00-0036387,J.Reagor,LAC,WR,1,2.0,4.0,2.0,4.0,2,20.0,0,0.0
2024,12,00-0038393,D.Wicks,GB,WR,1,2.5,3.5,2.5,3.5,1,25.0,0,11.0
2024,12,00-0035719,D.Samuel,SF,WR,1,2.1,3.1,2.1,3.1,1,21.0,0,25.0
2024,12,00-0039052,T.Palmer,TB,WR,1,1.8,2.8,1.8,2.8,1,18.0,0,0.0
2024,12,00-0036527,D.Turner,LV,WR,1,0.5,2.5,0.5,2.5,2,5.0,0,1.0
2024,12,00-0034386,J.Watson,KC,WR,1,1.5,2.5,1.5,2.5,1,15.0,0,1.0
2024,12,00-0036630,T.Wallace,BAL,WR,1,1.5,2.5,1.5,2.5,1,15.0,0,7.0
2024,12,00-0038573,D.Davis,LAC,WR,1,0.4,2.4,0.4,2.4,2,4.0,0,17.0
2024,12,00-0035406,L.Humphrey,DEN,WR,1,0.4,2.4,0.4,2.4,2,4.0,0,11.0
2024,12,00-0038824,R.Miller,TB,WR,1,1.4,2.4,1.4,2.4,1,14.0,0,0.0
2024,12,00-0036427,T.Johnson,LA,WR,1,1.1,2.1,1.1,2.1,1,11.0,0,1.0
2024,12,00-0039855,J.McMillan,TB,WR,1,1.1,2.1,1.1,2.1,1,11.0,0,5.0
2024,12,00-0039890,A.Mitchell,IND,WR,1,1.0,2.0,1.0,2.0,1,10.0,0,6.0
2024,12,00-0039062,J.Mingo,DAL,WR,1,0.8,1.8,0.8,1.8,1,8.0,0,0.0
2024,12,00-0038752,J.Bobo,SEA,WR,1,0.8,1.8,0.8,1.8,1,8.0,0,3.0
2024,12,00-0039355,L.McCaffrey,WAS,WR,1,0.8,1.8,0.8,1.8,1,8.0,0,5.0
2024,12,00-0030431,R.Woods,HOU,WR,1,0.8,1.8,0.8,1.8,1,8.0,0,3.0
2024,12,00-0035208,O.Zaccheaus,WAS,WR,1,0.8,1.8,0.8,1.8,1,8.0,0,4.0
2024,12,00-0037801,K.Turpin,DAL,WR,1,0.8,1.8,0.8,1.8,1,8.0,0,10.0
2024,12,00-0039907,J.Polk,NE,WR,1,0.7,1.7,0.7,1.7,1,7.0,0,10.0
2024,12,00-0033857,J.Smith-Schuster,KC,WR,1,0.6,1.6,0.6,1.6,1,6.0,0,9.0
2024,12,00-0037614,J.Metchie,HOU,WR,1,0.6,1.6,0.6,1.6,1,6.0,0,1.0
2024,12,00-0038608,K.Boutte,NE,WR,1,0.6,1.6,0.6,1.6,1,6.0,0,1.0
2024,12,00-0035140,M.Hardman,KC,WR,1,1.5,1.5,1.5,1.5,0,0.0,0,0.0
2024,12,00-0035500,G.Dortch,ARI,WR,1,0.5,1.5,0.5,1.5,1,5.0,0,0.0
2024,12,00-0037741,J.Dotson,PHI,WR,1,0.4,1.4,0.4,1.4,1,4.0,0,7.0
2024,12,00-0039880,M.Washington,MIA,WR,1,0.3,1.3,0.3,1.3,1,1.0,0,5.0
2024,12,00-0037091,B.Melton,GB,WR,1,0.5,0.5,0.5,0.5,0,0.0,0,0.0
2024,12,00-0038124,C.Watson,GB,WR,1,0.4,0.4,0.4,0.4,0,0.0,0,0.0
2024,12,00-0032128,C.Conley,SF,WR,1,0.0,0.0,0.0,0.0,0,0.0,0,0.0
2024,12,00-0038544,Q.Johnston,LAC,WR,1,0.0,0.0,0.0,0.0,0,0.0,0,0.0
2024,12,00-0039853,J.Baker,NE,WR,1,0.0,0.0,0.0,0.0,0,0.0,0,0.0
2024,12,00-0035021,A.Dulin,IND,WR,1,0.0,0.0,0.0,0.0,0,0.0,0,0.0
2024,12,00-0038618,X.Hutchinson,HOU,WR,1,0.0,0.0,0.0,0.0,0,0.0,0,0.0
2024,12,00-0039236,J.Wilson,PHI,WR,1,0.0,0.0,0.0,0.0,0,0.0,0,0.0
2024,12,00-0035216,D.Johnson,BAL,WR,1,0.0,0.0,0.0,0.0,0,0.0,0,0.0
2024,12,00-0032464,K.Raymond,DET,WR,1,0.0,0.0,0.0,0.0,0,0.0,0,0.0
2024,12,00-0031235,O.Beckham,MIA,WR,1,0.0,0.0,0.0,0.0,0,0.0,0,0.0
2024,12,00-0035535,D.Slayton,NYG,WR,1,0.0,0.0,0.0,0.0,0,0.0,0,0.0
2024,11,00-0036963,A.St. Brown,DET,WR,1,27.7,38.7,27.7,38.7,11,161.0,2,58.0
2024,11,00-0036410,T.Higgins,CIN,WR,1,20.8,29.8,20.8,29.8,9,148.0,1,37.0
2024,11,00-0033908,C.Kupp,LA,WR,1,22.6,28.6,22.6,28.6,6,106.0,2,64.0
2024,11,00-0036900,J.Chase,CIN,WR,1,19.5,26.5,19.5,26.5,7,75.0,2,30.0
2024,11,00-0036407,J.Jeudy,CLE,WR,1,20.2,26.2,20.2,26.2,6,142.0,1,73.0
2024,11,00-0039075,P.Nacua,LA,WR,1,18.3,25.3,18.3,25.3,7,123.0,1,46.0
2024,11,00-0036259,J.Jennings,SF,WR,1,15.1,25.1,15.1,25.1,10,91.0,1,23.0
2024,11,00-0037240,J.Williams,DET,WR,1,18.6,22.6,18.6,22.6,4,124.0,1,74.0
2024,11,00-0038543,J.Smith-Njigba,SEA,WR,1,11.8,21.8,11.8,21.8,10,110.0,0,28.0
2024,11,00-0036182,N.Westbrook-Ikhine,TEN,WR,1,17.7,19.7,17.7,19.7,2,117.0,1,65.0
2024,11,00-0038997,J.Downs,IND,WR,1,14.4,19.4,14.4,19.4,5,84.0,1,12.0
2024,11,00-0033040,T.Hill,MIA,WR,1,12.1,19.1,12.1,19.1,7,61.0,1,5.0
2024,11,00-0038124,C.Watson,GB,WR,1,15.0,19.0,15.0,19.0,4,150.0,0,46.0
2024,11,00-0036358,C.Lamb,DAL,WR,1,10.6,18.6,10.6,18.6,8,93.0,0,35.0
2024,11,00-0036980,E.Moore,CLE,WR,1,12.6,18.6,12.6,18.6,6,66.0,1,6.0
2024,11,00-0039915,L.McConkey,LAC,WR,1,12.3,18.3,12.3,18.3,6,123.0,0,15.0
2024,11,00-0033307,K.Bourne,NE,WR,1,13.0,18.0,13.0,18.0,5,70.0,1,29.0
2024,11,00-0037801,K.Turpin,DAL,WR,1,14.6,17.6,14.6,17.6,3,86.0,1,66.0
2024,11,00-0037247,G.Pickens,PIT,WR,1,8.9,16.9,8.9,16.9,8,89.0,0,25.0
2024,11,00-0033282,C.Samuel,BUF,WR,1,11.8,16.8,11.8,16.8,5,58.0,1,30.0
2024,11,00-0039894,X.Worthy,KC,WR,1,12.8,16.8,12.8,16.8,4,61.0,1,26.0
2024,11,00-0034272,M.Valdes-Scantling,NO,WR,1,14.7,16.7,14.7,16.7,2,87.0,1,70.0
2024,11,00-0035406,L.Humphrey,DEN,WR,1,11.2,15.2,11.2,15.2,4,52.0,1,39.0
2024,11,00-0038994,J.Addison,MIN,WR,1,12.1,15.1,12.1,15.1,3,61.0,1,29.0
2024,11,00-0037261,K.Shakir,BUF,WR,1,7.0,15.0,7.0,15.0,8,70.0,0,53.0
2024,11,00-0034348,C.Sutton,DEN,WR,1,7.8,14.8,7.8,14.8,7,78.0,0,16.0
2024,11,00-0036322,J.Jefferson,MIN,WR,1,8.1,14.1,8.1,14.1,6,81.0,0,17.0
2024,11,00-0035640,D.Metcalf,SEA,WR,1,7.0,14.0,7.0,14.0,7,70.0,0,1.0
2024,11,00-0034827,D.Moore,CHI,WR,1,6.7,13.7,6.7,13.7,7,62.0,0,56.0
2024,11,00-0039893,B.Thomas,JAX,WR,1,8.6,13.6,8.6,13.6,5,82.0,0,47.0
2024,11,00-0038976,M.Mims,DEN,WR,1,11.3,13.3,11.3,13.3,2,49.0,1,44.0
2024,11,00-0031381,D.Adams,NYJ,WR,1,7.2,13.2,7.2,13.2,6,72.0,0,56.0
2024,11,00-0038544,Q.Johnston,LAC,WR,1,10.8,12.8,10.8,12.8,2,48.0,1,5.0
2024,11,00-0039919,R.Odunze,CHI,WR,1,6.5,12.5,6.5,12.5,6,65.0,0,19.0
2024,11,00-0039064,Z.Flowers,BAL,WR,1,9.9,11.9,9.9,11.9,2,39.0,1,19.0
2024,11,00-0035676,A.Brown,PHI,WR,1,6.5,11.5,6.5,11.5,5,65.0,0,22.0
2024,11,00-0039424,D.Vele,DEN,WR,1,6.6,10.6,6.6,10.6,4,66.0,0,17.0
2024,11,00-0034407,R.McCloud,ATL,WR,1,4.6,10.6,4.6,10.6,6,46.0,0,29.0
2024,11,00-0037664,A.Pierce,IND,WR,1,7.4,10.4,7.4,10.4,3,74.0,0,11.0
2024,11,00-0038621,D.Douglas,NE,WR,1,5.9,9.9,5.9,9.9,4,59.0,0,42.0
2024,11,00-0039146,J.Reed,GB,WR,1,7.8,9.8,7.8,9.8,2,23.0,1,15.0
2024,11,00-0038977,T.Dell,HOU,WR,1,5.8,9.8,5.8,9.8,4,54.0,0,14.0
2024,11,00-0034837,C.Ridley,TEN,WR,1,5.8,9.8,5.8,9.8,4,58.0,0,-1.0
2024,11,00-0036252,M.Pittman,IND,WR,1,4.6,9.6,4.6,9.6,5,46.0,0,13.0
2024,11,00-0039868,T.Franklin,DEN,WR,1,7.5,9.5,7.5,9.5,2,15.0,1,23.0
2024,11,00-0036554,N.Collins,HOU,WR,1,5.4,9.4,5.4,9.4,4,54.0,0,36.0
2024,11,00-0037238,D.London,ATL,WR,1,6.1,9.1,6.1,9.1,3,61.0,0,10.0
2024,11,00-0034960,J.Meyers,LV,WR,1,4.8,8.8,4.8,8.8,4,28.0,0,8.0
2024,11,00-0030279,K.Allen,CHI,WR,1,4.1,8.1,4.1,8.1,4,41.0,0,10.0
2024,11,00-0038979,C.Tillman,CLE,WR,1,4.7,7.7,4.7,7.7,3,47.0,0,18.0
2024,11,00-0038619,A.Iosivas,CIN,WR,1,4.6,7.6,4.6,7.6,3,46.0,0,5.0
2024,11,00-0031544,A.Cooper,BUF,WR,1,5.5,7.5,5.5,7.5,2,55.0,0,10.0
2024,11,00-0038608,K.Boutte,NE,WR,1,3.3,7.3,3.3,7.3,4,33.0,0,11.0
2024,11,00-0036912,D.Smith,PHI,WR,1,2.9,6.9,2.9,6.9,4,29.0,0,18.0
2024,11,00-0038563,T.Tucker,LV,WR,1,3.5,6.5,3.5,6.5,3,28.0,0,9.0
2024,11,00-0037614,J.Metchie,HOU,WR,1,3.3,6.3,3.3,6.3,3,33.0,0,17.0
2024,11,00-0035719,D.Samuel,SF,WR,1,2.1,6.1,2.1,6.1,4,22.0,0,17.0
2024,11,00-0030564,D.Hopkins,KC,WR,1,2.9,5.9,2.9,5.9,3,29.0,0,5.0
2024,11,00-0036527,D.Turner,LV,WR,1,2.9,5.9,2.9,5.9,3,29.0,0,16.0
2024,11,00-0037740,G.Wilson,NYJ,WR,1,1.8,5.8,1.8,5.8,4,18.0,0,6.0
2024,11,00-0036613,J.Waddle,MIA,WR,1,3.7,5.7,3.7,5.7,2,37.0,0,16.0
2024,11,00-0033375,T.Patrick,DET,WR,1,2.6,5.6,2.6,5.6,3,26.0,0,8.0
2024,11,00-0033009,T.Boyd,TEN,WR,1,3.4,5.4,3.4,5.4,2,34.0,0,25.0
2024,11,00-0036550,R.Bateman,BAL,WR,1,3.0,5.0,3.0,5.0,2,30.0,0,5.0
2024,11,00-0032464,K.Raymond,DET,WR,1,3.0,5.0,3.0,5.0,2,30.0,0,8.0
2024,11,00-0039880,M.Washington,MIA,WR,1,1.8,4.8,1.8,4.8,3,11.0,0,19.0
2024,11,00-0033555,M.Hollins,BUF,WR,1,2.7,4.7,2.7,4.7,2,27.0,0,12.0
2024,11,00-0036309,D.Mooney,ATL,WR,1,2.7,4.7,2.7,4.7,2,27.0,0,0.0
2024,11,00-0034386,J.Watson,KC,WR,1,2.6,4.6,2.6,4.6,2,26.0,0,1.0
2024,11,00-0039890,A.Mitchell,IND,WR,1,3.5,4.5,3.5,4.5,1,33.0,0,30.0
2024,11,00-0036988,J.Palmer,LAC,WR,1,2.3,4.3,2.3,4.3,2,23.0,0,0.0
2024,11,00-0039650,B.Oliver,TEN,WR,1,3.3,4.3,3.3,4.3,1,33.0,0,5.0
2024,11,00-0034854,K.Hodge,ATL,WR,1,2.2,4.2,2.2,4.2,2,22.0,0,19.0
2024,11,00-0035140,M.Hardman,KC,WR,1,2.1,4.1,2.1,4.1,2,12.0,0,13.0
2024,11,00-0037666,J.Tolbert,DAL,WR,1,2.1,4.1,2.1,4.1,2,21.0,0,6.0
2024,11,00-0039410,R.Flournoy,DAL,WR,1,1.9,3.9,1.9,3.9,2,19.0,0,0.0
2024,11,00-0032775,D.Robinson,LA,WR,1,1.9,3.9,1.9,3.9,2,19.0,0,11.0
2024,11,00-0032211,T.Lockett,SEA,WR,1,1.9,3.9,1.9,3.9,2,19.0,0,8.0
2024,11,00-0030431,R.Woods,HOU,WR,1,1.3,3.3,1.3,3.3,2,13.0,0,2.0
2024,11,00-0031235,O.Beckham,MIA,WR,1,1.3,3.3,1.3,3.3,2,13.0,0,3.0
2024,11,00-0036849,T.Atwell,LA,WR,1,2.1,3.1,2.1,3.1,1,21.0,0,0.0
2024,11,00-0038573,D.Davis,LAC,WR,1,2.0,3.0,2.0,3.0,1,14.0,0,18.0
2024,11,00-0037231,K.Austin,NO,WR,1,1.8,2.8,1.8,2.8,1,18.0,0,1.0
2024,11,00-0037816,R.Doubs,GB,WR,1,1.7,2.7,1.7,2.7,1,17.0,0,0.0
2024,11,00-0038496,X.Gipson,NYJ,WR,1,1.7,2.7,1.7,2.7,1,17.0,0,0.0
2024,11,00-0034487,T.Sherfield,MIN,WR,1,1.6,2.6,1.6,2.6,1,16.0,0,10.0
2024,11,00-0034646,B.Powell,MIN,WR,1,1.3,2.3,1.3,2.3,1,13.0,0,0.0
2024,11,00-0039379,J.Thrash,CLE,WR,1,1.1,2.1,1.1,2.1,1,11.0,0,8.0
2024,11,00-0035208,O.Zaccheaus,WAS,WR,1,1.0,2.0,1.0,2.0,1,10.0,0,0.0
2024,11,00-0038606,P.Washington,JAX,WR,1,1.0,2.0,1.0,2.0,1,10.0,0,5.0
2024,11,00-0039920,M.Corley,NYJ,WR,1,1.0,2.0,1.0,2.0,1,10.0,0,0.0
2024,11,00-0035659,T.McLaurin,WAS,WR,1,1.0,2.0,1.0,2.0,1,10.0,0,0.0
2024,11,00-0034860,D.Pettis,NO,WR,1,0.9,1.9,0.9,1.9,1,9.0,0,4.0
2024,11,00-0039810,J.Burton,CIN,WR,1,0.8,1.8,0.8,1.8,1,8.0,0,0.0
2024,11,00-0037741,J.Dotson,PHI,WR,1,0.8,1.8,0.8,1.8,1,8.0,0,14.0
2024,11,00-0033857,J.Smith-Schuster,KC,WR,1,0.8,1.8,0.8,1.8,1,8.0,0,12.0
2024,11,00-0036630,T.Wallace,BAL,WR,1,0.8,1.8,0.8,1.8,1,8.0,0,6.0
2024,11,00-0031428,A.Robinson,DET,WR,1,0.7,1.7,0.7,1.7,1,7.0,0,2.0
2024,11,00-0033591,N.Brown,WAS,WR,1,0.4,1.4,0.4,1.4,1,4.0,0,7.0
2024,11,00-0036862,B.Skowronek,PIT,WR,1,0.4,1.4,0.4,1.4,1,4.0,0,0.0
2024,11,00-0036626,D.Brown,WAS,WR,1,0.4,1.4,0.4,1.4,1,4.0,0,8.0
2024,11,00-0036196,G.Davis,JAX,WR,1,0.3,1.3,0.3,1.3,1,3.0,0,0.0
2024,11,00-0037837,C.Austin,PIT,WR,1,-0.1,0.9,-0.1,0.9,1,-1.0,0,1.0
2024,11,00-0038393,D.Wicks,GB,WR,1,0.0,0.0,0.0,0.0,0,0.0,0,0.0
2024,11,00-0036331,D.Duvernay,JAX,WR,1,0.0,0.0,0.0,0.0,0,0.0,0,0.0
2024,11,00-0035216,D.Johnson,BAL,WR,1,0.0,0.0,0.0,0.0,0,0.0,0,0.0
2024,11,00-0039916,R.Pearsall,SF,WR,1,0.0,0.0,0.0,0.0,0,0.0,0,0.0
2024,11,00-0037291,J.Nailor,MIN,WR,1,0.0,0.0,0.0,0.0,0,0.0,0,0.0
2024,11,00-0039355,L.McCaffrey,WAS,WR,1,0.0,0.0,0.0,0.0,0,0.0,0,0.0
2024,11,00-0036415,V.Jefferson,PIT,WR,1,0.0,0.0,0.0,0.0,0,0.0,0,0.0
2024,11,00-0039543,R.Keyton,LV,WR,1,0.0,0.0,0.0,0.0,0,0.0,0,0.0
2024,11,00-0039062,J.Mingo,DAL,WR,1,0.0,0.0,0.0,0.0,0,0.0,0,0.0
2024,11,00-0036387,J.Reagor,LAC,WR,1,0.0,0.0,0.0,0.0,0,0.0,0,0.0
2024,11,00-0039394,C.Washington,ATL,WR,1,0.0,0.0,0.0,0.0,0,0.0,0,0.0
2024,11,00-0031549,N.Agholor,BAL,WR,1,0.0,0.0,0.0,0.0,0,0.0,0,0.0
2024,11,00-0036913,K.Toney,CLE,WR,1,-0.7,-0.7,-0.7,-0.7,0,0.0,0,0.0
2024,10,00-0036900,J.Chase,CIN,WR,1,44.4,55.4,44.4,55.4,11,264.0,3,103.0
2024,10,00-0034272,M.Valdes-Scantling,NO,WR,1,22.9,25.9,22.9,25.9,3,109.0,2,23.0
2024,10,00-0034837,C.Ridley,TEN,WR,1,20.4,25.4,20.4,25.4,5,84.0,2,13.0
2024,10,00-0037247,G.Pickens,PIT,WR,1,15.5,20.5,15.5,20.5,5,91.0,1,25.0
2024,10,00-0036630,T.Wallace,BAL,WR,1,17.5,20.5,17.5,20.5,3,115.0,1,90.0
2024,10,00-0034348,C.Sutton,DEN,WR,1,13.0,19.0,13.0,19.0,6,70.0,1,5.0
2024,10,00-0039075,P.Nacua,LA,WR,1,9.8,18.8,9.8,18.8,9,98.0,0,33.0
2024,10,00-0037614,J.Metchie,HOU,WR,1,13.4,18.4,13.4,18.4,5,74.0,1,20.0
2024,10,00-0037664,A.Pierce,IND,WR,1,14.1,18.1,14.1,18.1,4,81.0,1,7.0
2024,10,00-0036963,A.St. Brown,DET,WR,1,12.0,18.0,12.0,18.0,6,60.0,1,36.0
2024,10,00-0037238,D.London,ATL,WR,1,9.7,17.7,9.7,17.7,8,97.0,0,19.0
2024,10,00-0036550,R.Bateman,BAL,WR,1,11.4,17.4,11.4,17.4,6,54.0,1,11.0
2024,10,00-0039916,R.Pearsall,SF,WR,1,13.3,17.3,13.3,17.3,4,73.0,1,35.0
2024,10,00-0039849,M.Harrison,ARI,WR,1,11.4,16.4,11.4,16.4,5,54.0,1,19.0
2024,10,00-0035659,T.McLaurin,WAS,WR,1,11.3,16.3,11.3,16.3,5,113.0,0,54.0
2024,10,00-0036259,J.Jennings,SF,WR,1,9.3,16.3,9.3,16.3,7,93.0,0,36.0
2024,10,00-0035676,A.Brown,PHI,WR,1,10.9,15.9,10.9,15.9,5,109.0,0,35.0
2024,10,00-0033908,C.Kupp,LA,WR,1,8.0,15.0,8.0,15.0,7,80.0,0,12.0
2024,10,00-0036309,D.Mooney,ATL,WR,1,9.6,14.6,9.6,14.6,5,96.0,0,10.0
2024,10,00-0038997,J.Downs,IND,WR,1,7.2,14.2,7.2,14.2,7,72.0,0,21.0
2024,10,00-0039424,D.Vele,DEN,WR,1,9.9,13.9,9.9,13.9,4,39.0,1,16.0
2024,10,00-0039890,A.Mitchell,IND,WR,1,7.1,13.1,7.1,13.1,6,71.0,0,19.0
2024,10,00-0035719,D.Samuel,SF,WR,1,7.6,12.6,7.6,12.6,5,62.0,0,37.0
2024,10,00-0033555,M.Hollins,BUF,WR,1,8.6,12.6,8.6,12.6,4,86.0,0,5.0
2024,10,00-0037261,K.Shakir,BUF,WR,1,5.8,11.8,5.8,11.8,6,58.0,0,49.0
2024,10,00-0033040,T.Hill,MIA,WR,1,8.7,11.7,8.7,11.7,3,16.0,1,14.0
2024,10,00-0039337,M.Nabers,NYG,WR,1,4.8,10.8,4.8,10.8,6,50.0,0,6.0
2024,10,00-0039880,M.Washington,MIA,WR,1,9.5,10.5,9.5,10.5,1,17.0,0,0.0
2024,10,00-0038544,Q.Johnston,LAC,WR,1,8.4,10.4,8.4,10.4,2,24.0,1,8.0
2024,10,00-0033536,M.Williams,PIT,WR,1,9.2,10.2,9.2,10.2,1,32.0,1,0.0
2024,10,00-0038117,W.Robinson,NYG,WR,1,5.1,10.1,5.1,10.1,5,51.0,0,19.0
2024,10,00-0036322,J.Jefferson,MIN,WR,1,4.8,9.8,4.8,9.8,5,48.0,0,17.0
2024,10,00-0030564,D.Hopkins,KC,WR,1,5.6,9.6,5.6,9.6,4,56.0,0,20.0
2024,10,00-0030279,K.Allen,CHI,WR,1,4.4,9.4,4.4,9.4,5,44.0,0,16.0
2024,10,00-0037740,G.Wilson,NYJ,WR,1,4.1,9.1,4.1,9.1,5,41.0,0,10.0
2024,10,00-0031381,D.Adams,NYJ,WR,1,3.1,9.1,3.1,9.1,6,31.0,0,17.0
2024,10,00-0038621,D.Douglas,NE,WR,1,5.0,9.0,5.0,9.0,4,50.0,0,48.0
2024,10,00-0038608,K.Boutte,NE,WR,1,4.7,8.7,4.7,8.7,4,47.0,0,13.0
2024,10,00-0036613,J.Waddle,MIA,WR,1,5.6,8.6,5.6,8.6,3,57.0,0,16.0
2024,10,00-0036358,C.Lamb,DAL,WR,1,2.4,8.4,2.4,8.4,6,21.0,0,11.0
2024,10,00-0038977,T.Dell,HOU,WR,1,3.3,8.3,3.3,8.3,5,39.0,0,15.0
2024,10,00-0037240,J.Williams,DET,WR,1,5.3,8.3,5.3,8.3,3,53.0,0,7.0
2024,10,00-0038938,J.Hyatt,NYG,WR,1,3.9,7.9,3.9,7.9,4,39.0,0,1.0
2024,10,00-0031549,N.Agholor,BAL,WR,1,6.6,7.6,6.6,7.6,1,6.0,1,0.0
2024,10,00-0039236,J.Wilson,PHI,WR,1,6.5,7.5,6.5,7.5,1,5.0,1,0.0
2024,10,00-0033282,C.Samuel,BUF,WR,1,3.5,7.5,3.5,7.5,4,35.0,0,10.0
2024,10,00-0039064,Z.Flowers,BAL,WR,1,3.4,7.4,3.4,7.4,4,34.0,0,29.0
2024,10,00-0039907,J.Polk,NE,WR,1,6.2,7.2,6.2,7.2,1,2.0,1,0.0
2024,10,00-0039915,L.McConkey,LAC,WR,1,5.2,7.2,5.2,7.2,2,52.0,0,24.0
2024,10,00-0039491,J.Coker,CAR,WR,1,4.1,7.1,4.1,7.1,3,41.0,0,12.0
2024,10,00-0039342,X.Legette,CAR,WR,1,4.0,7.0,4.0,7.0,3,40.0,0,4.0
2024,10,00-0038976,M.Mims,DEN,WR,1,3.0,7.0,3.0,7.0,4,13.0,0,22.0
2024,10,00-0034407,R.McCloud,ATL,WR,1,3.6,6.6,3.6,6.6,3,30.0,0,6.0
2024,10,00-0033591,N.Brown,WAS,WR,1,3.3,6.3,3.3,6.3,3,33.0,0,6.0
2024,10,00-0036182,N.Westbrook-Ikhine,TEN,WR,1,3.1,6.1,3.1,6.1,3,31.0,0,3.0
2024,10,00-0034827,D.Moore,CHI,WR,1,2.7,5.7,2.7,5.7,3,24.0,0,14.0
2024,10,00-0037231,K.Austin,NO,WR,1,3.6,5.6,3.6,5.6,2,36.0,0,11.0
2024,10,00-0036427,T.Johnson,LA,WR,1,2.5,5.5,2.5,5.5,3,25.0,0,16.0
2024,10,00-0038559,M.Wilson,ARI,WR,1,2.4,5.4,2.4,5.4,3,24.0,0,6.0
2024,10,00-0039919,R.Odunze,CHI,WR,1,2.3,5.3,2.3,5.3,3,23.0,0,11.0
2024,10,00-0038994,J.Addison,MIN,WR,1,2.9,4.9,2.9,4.9,2,25.0,0,2.0
2024,10,00-0038619,A.Iosivas,CIN,WR,1,2.9,4.9,2.9,4.9,2,29.0,0,5.0
2024,10,00-0036988,J.Palmer,LAC,WR,1,3.6,4.6,3.6,4.6,1,36.0,0,10.0
2024,10,00-0037666,J.Tolbert,DAL,WR,1,1.4,4.4,1.4,4.4,3,14.0,0,-2.0
2024,10,00-0035406,L.Humphrey,DEN,WR,1,2.3,4.3,2.3,4.3,2,23.0,0,29.0
2024,10,00-0039650,B.Oliver,TEN,WR,1,2.3,4.3,2.3,4.3,2,23.0,0,7.0
2024,10,00-0037837,C.Austin,PIT,WR,1,2.0,4.0,2.0,4.0,2,20.0,0,10.0
2024,10,00-0033589,D.Moore,CAR,WR,1,1.8,3.8,1.8,3.8,2,18.0,0,2.0
2024,10,00-0031235,O.Beckham,MIA,WR,1,1.7,3.7,1.7,3.7,2,17.0,0,2.0
2024,10,00-0037741,J.Dotson,PHI,WR,1,2.7,3.7,2.7,3.7,1,27.0,0,2.0
2024,10,00-0036912,D.Smith,PHI,WR,1,1.4,3.4,1.4,3.4,2,14.0,0,4.0
2024,10,00-0038573,D.Davis,LAC,WR,1,2.3,3.3,2.3,3.3,1,17.0,0,22.0
2024,10,00-0032775,D.Robinson,LA,WR,1,2.3,3.3,2.3,3.3,1,23.0,0,1.0
2024,10,00-0039355,L.McCaffrey,WAS,WR,1,2.3,3.3,2.3,3.3,1,23.0,0,5.0
2024,10,00-0039893,B.Thomas,JAX,WR,1,1.2,3.2,1.2,3.2,2,12.0,0,0.0
2024,10,00-0038821,R.Jarrett,TB,WR,1,1.0,3.0,1.0,3.0,2,10.0,0,3.0
2024,10,00-0036196,G.Davis,JAX,WR,1,1.9,2.9,1.9,2.9,1,19.0,0,1.0
2024,10,00-0034386,J.Watson,KC,WR,1,0.6,2.6,0.6,2.6,2,6.0,0,2.0
2024,10,00-0039747,A.Smith,PHI,WR,1,0.6,2.6,0.6,2.6,2,6.0,0,5.0
2024,10,00-0038618,X.Hutchinson,HOU,WR,1,0.6,2.6,0.6,2.6,2,6.0,0,6.0
2024,10,00-0039810,J.Burton,CIN,WR,1,1.1,2.1,1.1,2.1,1,11.0,0,2.0
2024,10,00-0034487,T.Sherfield,MIN,WR,1,1.1,2.1,1.1,2.1,1,11.0,0,5.0
2024,10,00-0038824,R.Miller,TB,WR,1,1.1,2.1,1.1,2.1,1,11.0,0,6.0
2024,10,00-0039894,X.Worthy,KC,WR,1,1.1,2.1,1.1,2.1,1,11.0,0,13.0
2024,10,00-0032385,S.Shepard,TB,WR,1,1.0,2.0,1.0,2.0,1,7.0,0,2.0
2024,10,00-0039868,T.Franklin,DEN,WR,1,0.9,1.9,0.9,1.9,1,9.0,0,1.0
2024,10,00-0034860,D.Pettis,NO,WR,1,0.8,1.8,0.8,1.8,1,8.0,0,11.0
2024,10,00-0035208,O.Zaccheaus,WAS,WR,1,0.8,1.8,0.8,1.8,1,8.0,0,11.0
2024,10,00-0036165,I.Hodgins,NYG,WR,1,0.7,1.7,0.7,1.7,1,7.0,0,1.0
2024,10,00-0035216,D.Johnson,BAL,WR,1,0.6,1.6,0.6,1.6,1,6.0,0,1.0
2024,10,00-0036849,T.Atwell,LA,WR,1,0.6,1.6,0.6,1.6,1,6.0,0,1.0
2024,10,00-0031763,D.Carter,CHI,WR,1,0.5,1.5,0.5,1.5,1,5.0,0,0.0
2024,10,00-0038640,J.Brooks,DAL,WR,1,0.4,1.4,0.4,1.4,1,4.0,0,0.0
2024,10,00-0037291,J.Nailor,MIN,WR,1,0.4,1.4,0.4,1.4,1,11.0,0,6.0
2024,10,00-0035140,M.Hardman,KC,WR,1,0.3,1.3,0.3,1.3,1,3.0,0,6.0
2024,10,00-0039920,M.Corley,NYJ,WR,1,0.2,1.2,0.2,1.2,1,2.0,0,0.0
2024,10,00-0030431,R.Woods,HOU,WR,1,0.1,1.1,0.1,1.1,1,1.0,0,4.0
2024,10,00-0035500,G.Dortch,ARI,WR,1,-0.1,0.9,-0.1,0.9,1,-1.0,0,6.0
2024,10,00-0035021,A.Dulin,IND,WR,1,0.7,0.7,0.7,0.7,0,0.0,0,0.0
2024,10,00-0036626,D.Brown,WAS,WR,1,-1.3,0.7,-1.3,0.7,2,-13.0,0,-4.0
2024,10,00-0039052,T.Palmer,TB,WR,1,0.0,0.0,0.0,0.0,0,0.0,0,0.0
2024,10,00-0036345,K.Osborn,NE,WR,1,0.0,0.0,0.0,0.0,0,0.0,0,0.0
2024,10,00-0036415,V.Jefferson,PIT,WR,1,0.0,0.0,0.0,0.0,0,0.0,0,0.0
2024,10,00-0038496,X.Gipson,NYJ,WR,1,0.0,0.0,0.0,0.0,0,0.0,0,0.0
2024,10,00-0037216,J.Ross,KC,WR,1,0.0,0.0,0.0,0.0,0,0.0,0,0.0
2024,10,00-0036387,J.Reagor,LAC,WR,1,-0.2,-0.2,-0.2,-0.2,0,0.0,0,0.0
2024,9,00-0038543,J.Smith-Njigba,SEA,WR,1,30.0,37.0,30.0,37.0,7,180.0,2,49.0
2024,9,00-0037740,G.Wilson,NYJ,WR,1,21.0,30.0,21.0,30.0,9,90.0,2,39.0
2024,9,00-0039064,Z.Flowers,BAL,WR,1,24.7,29.7,24.7,29.7,5,127.0,2,60.0
2024,9,00-0030564,D.Hopkins,KC,WR,1,20.6,28.6,20.6,28.6,8,86.0,2,27.0
2024,9,00-0032775,D.Robinson,LA,WR,1,21.4,27.4,21.4,27.4,6,94.0,2,1.0
2024,9,00-0034348,C.Sutton,DEN,WR,1,16.3,23.3,16.3,23.3,7,122.0,0,34.0
2024,9,00-0031381,D.Adams,NYJ,WR,1,15.1,22.1,15.1,22.1,7,91.0,1,40.0
2024,9,00-0038544,Q.Johnston,LAC,WR,1,18.0,22.0,18.0,22.0,4,118.0,1,64.0
2024,9,00-0036322,J.Jefferson,MIN,WR,1,14.8,21.8,14.8,21.8,7,137.0,0,35.0
2024,9,00-0033908,C.Kupp,LA,WR,1,10.4,21.4,10.4,21.4,11,104.0,0,46.0
2024,9,00-0036309,D.Mooney,ATL,WR,1,14.8,19.8,14.8,19.8,5,88.0,1,38.0
2024,9,00-0038979,C.Tillman,CLE,WR,1,13.5,19.5,13.5,19.5,6,75.0,1,16.0
2024,9,00-0036912,D.Smith,PHI,WR,1,14.7,18.7,14.7,18.7,4,87.0,1,13.0
2024,9,00-0036963,A.St. Brown,DET,WR,1,11.6,18.6,11.6,18.6,7,56.0,1,20.0
2024,9,00-0038977,T.Dell,HOU,WR,1,12.6,18.6,12.6,18.6,6,126.0,0,44.0
2024,9,00-0034960,J.Meyers,LV,WR,1,10.5,18.5,10.5,18.5,8,105.0,0,38.0
2024,9,00-0039146,J.Reed,GB,WR,1,11.3,16.3,11.3,16.3,5,113.0,0,19.0
2024,9,00-0038994,J.Addison,MIN,WR,1,11.1,16.1,11.1,16.1,5,42.0,1,15.0
2024,9,00-0036182,N.Westbrook-Ikhine,TEN,WR,1,11.0,16.0,11.0,16.0,5,50.0,1,16.0
2024,9,00-0035659,T.McLaurin,WAS,WR,1,13.9,15.9,13.9,15.9,2,19.0,2,0.0
2024,9,00-0039919,R.Odunze,CHI,WR,1,10.4,15.4,10.4,15.4,5,104.0,0,26.0
2024,9,00-0032211,T.Lockett,SEA,WR,1,12.3,15.3,12.3,15.3,3,63.0,1,7.0
2024,9,00-0039337,M.Nabers,NYG,WR,1,5.9,14.9,5.9,14.9,9,59.0,0,12.0
2024,9,00-0036407,J.Jeudy,CLE,WR,1,7.3,14.3,7.3,14.3,7,73.0,0,5.0
2024,9,00-0036988,J.Palmer,LAC,WR,1,12.3,14.3,12.3,14.3,2,63.0,1,13.0
2024,9,00-0036358,C.Lamb,DAL,WR,1,6.2,14.2,6.2,14.2,8,47.0,0,15.0
2024,9,00-0033555,M.Hollins,BUF,WR,1,9.0,14.0,9.0,14.0,5,30.0,1,7.0
2024,9,00-0039342,X.Legette,CAR,WR,1,9.9,13.9,9.9,13.9,4,33.0,1,4.0
2024,9,00-0034407,R.McCloud,ATL,WR,1,9.5,12.5,9.5,12.5,3,28.0,1,15.0
2024,9,00-0034837,C.Ridley,TEN,WR,1,7.3,12.3,7.3,12.3,5,73.0,0,17.0
2024,9,00-0038997,J.Downs,IND,WR,1,6.0,12.0,6.0,12.0,6,60.0,0,26.0
2024,9,00-0033040,T.Hill,MIA,WR,1,8.0,12.0,8.0,12.0,4,80.0,0,12.0
2024,9,00-0039915,L.McConkey,LAC,WR,1,6.4,11.4,6.4,11.4,5,64.0,0,11.0
2024,9,00-0036900,J.Chase,CIN,WR,1,4.3,11.3,4.3,11.3,7,43.0,0,46.0
2024,9,00-0037261,K.Shakir,BUF,WR,1,5.0,11.0,5.0,11.0,6,50.0,0,58.0
2024,9,00-0033591,N.Brown,WAS,WR,1,6.0,11.0,6.0,11.0,5,60.0,0,8.0
2024,9,00-0032385,S.Shepard,TB,WR,1,6.9,10.9,6.9,10.9,4,48.0,0,4.0
2024,9,00-0037666,J.Tolbert,DAL,WR,1,7.9,10.9,7.9,10.9,3,19.0,1,3.0
2024,9,00-0037238,D.London,ATL,WR,1,8.7,10.7,8.7,10.7,2,27.0,1,3.0
2024,9,00-0038621,D.Douglas,NE,WR,1,3.5,10.5,3.5,10.5,7,35.0,0,19.0
2024,9,00-0035535,D.Slayton,NYG,WR,1,6.0,9.0,6.0,9.0,3,49.0,0,9.0
2024,9,00-0033307,K.Bourne,NE,WR,1,4.1,8.1,4.1,8.1,4,41.0,0,12.0
2024,9,00-0038619,A.Iosivas,CIN,WR,1,7.0,8.0,7.0,8.0,1,10.0,1,4.0
2024,9,00-0037291,J.Nailor,MIN,WR,1,6.7,7.7,6.7,7.7,1,7.0,1,0.0
2024,9,00-0036613,J.Waddle,MIA,WR,1,5.6,7.6,5.6,7.6,2,-4.0,1,-23.0
2024,9,00-0030279,K.Allen,CHI,WR,1,3.6,7.6,3.6,7.6,4,36.0,0,4.0
2024,9,00-0034386,J.Watson,KC,WR,1,4.3,7.3,4.3,7.3,3,43.0,0,16.0
2024,9,00-0034827,D.Moore,CHI,WR,1,3.3,7.3,3.3,7.3,4,33.0,0,16.0
2024,9,00-0038824,R.Miller,TB,WR,1,6.1,7.1,6.1,7.1,1,1.0,1,0.0
2024,9,00-0038606,P.Washington,JAX,WR,1,4.1,7.1,4.1,7.1,3,41.0,0,1.0
2024,9,00-0037664,A.Pierce,IND,WR,1,4.1,7.1,4.1,7.1,3,41.0,0,5.0
2024,9,00-0037816,R.Doubs,GB,WR,1,2.8,6.8,2.8,6.8,4,28.0,0,3.0
2024,9,00-0036427,T.Johnson,LA,WR,1,3.8,6.8,3.8,6.8,3,38.0,0,16.0
2024,9,00-0035208,O.Zaccheaus,WAS,WR,1,4.8,6.8,4.8,6.8,2,48.0,0,21.0
2024,9,00-0038124,C.Watson,GB,WR,1,3.7,6.7,3.7,6.7,3,37.0,0,1.0
2024,9,00-0037801,K.Turpin,DAL,WR,1,3.6,6.6,3.6,6.6,3,36.0,0,9.0
2024,9,00-0030431,R.Woods,HOU,WR,1,4.4,6.4,4.4,6.4,2,44.0,0,6.0
2024,9,00-0035891,C.White,SEA,WR,1,4.4,6.4,4.4,6.4,2,44.0,0,13.0
2024,9,00-0036841,A.Trammell,JAX,WR,1,4.0,6.0,4.0,6.0,2,40.0,0,9.0
2024,9,00-0036980,E.Moore,CLE,WR,1,2.8,5.8,2.8,5.8,3,28.0,0,11.0
2024,9,00-0039491,J.Coker,CAR,WR,1,3.6,5.6,3.6,5.6,2,36.0,0,24.0
2024,9,00-0035676,A.Brown,PHI,WR,1,3.6,5.6,3.6,5.6,2,36.0,0,8.0
2024,9,00-0036550,R.Bateman,BAL,WR,1,2.5,5.5,2.5,5.5,3,25.0,0,6.0
2024,9,00-0034418,C.Wilson,NO,WR,1,3.4,5.4,3.4,5.4,2,34.0,0,14.0
2024,9,00-0039849,M.Harrison,ARI,WR,1,3.4,5.4,3.4,5.4,2,34.0,0,3.0
2024,9,00-0039052,T.Palmer,TB,WR,1,3.3,5.3,3.3,5.3,2,33.0,0,10.0
2024,9,00-0035140,M.Hardman,KC,WR,1,1.7,4.7,1.7,4.7,3,17.0,0,19.0
2024,9,00-0037741,J.Dotson,PHI,WR,1,3.6,4.6,3.6,4.6,1,36.0,0,0.0
2024,9,00-0038640,J.Brooks,DAL,WR,1,2.6,4.6,2.6,4.6,2,26.0,0,1.0
2024,9,00-0031235,O.Beckham,MIA,WR,1,1.5,4.5,1.5,4.5,3,15.0,0,7.0
2024,9,00-0039893,B.Thomas,JAX,WR,1,2.2,4.2,2.2,4.2,2,22.0,0,8.0
2024,9,00-0038117,W.Robinson,NYG,WR,1,1.0,4.0,1.0,4.0,3,10.0,0,3.0
2024,9,00-0033589,D.Moore,CAR,WR,1,2.0,4.0,2.0,4.0,2,20.0,0,4.0
2024,9,00-0031549,N.Agholor,BAL,WR,1,2.9,3.9,2.9,3.9,1,29.0,0,5.0
2024,9,00-0038608,K.Boutte,NE,WR,1,1.8,3.8,1.8,3.8,2,18.0,0,2.0
2024,9,00-0036626,D.Brown,WAS,WR,1,2.4,3.4,2.4,3.4,1,24.0,0,24.0
2024,9,00-0033375,T.Patrick,DET,WR,1,1.2,3.2,1.2,3.2,2,12.0,0,4.0
2024,9,00-0039890,A.Mitchell,IND,WR,1,2.2,3.2,2.2,3.2,1,22.0,0,1.0
2024,9,00-0039424,D.Vele,DEN,WR,1,1.1,3.1,1.1,3.1,2,11.0,0,1.0
2024,9,00-0039901,K.Coleman,BUF,WR,1,2.1,3.1,2.1,3.1,1,21.0,0,11.0
2024,9,00-0035406,L.Humphrey,DEN,WR,1,1.1,3.1,1.1,3.1,2,11.0,0,5.0
2024,9,00-0039868,T.Franklin,DEN,WR,1,1.9,2.9,1.9,2.9,1,19.0,0,4.0
2024,9,00-0037091,B.Melton,GB,WR,1,1.9,2.9,1.9,2.9,1,19.0,0,1.0
2024,9,00-0036849,T.Atwell,LA,WR,1,1.6,2.6,1.6,2.6,1,16.0,0,0.0
2024,9,00-0038563,T.Tucker,LV,WR,1,0.5,2.5,0.5,2.5,2,5.0,0,1.0
2024,9,00-0036252,M.Pittman,IND,WR,1,1.4,2.4,1.4,2.4,1,14.0,0,0.0
2024,9,00-0039410,R.Flournoy,DAL,WR,1,1.3,2.3,1.3,2.3,1,13.0,0,15.0
2024,9,00-0037239,C.Olave,NO,WR,1,1.3,2.3,1.3,2.3,1,13.0,0,9.0
2024,9,00-0039075,P.Nacua,LA,WR,1,1.1,2.1,1.1,2.1,1,11.0,0,14.0
2024,9,00-0036497,T.Jones,JAX,WR,1,1.0,2.0,1.0,2.0,1,10.0,0,0.0
2024,9,00-0034854,K.Hodge,ATL,WR,1,0.9,1.9,0.9,1.9,1,9.0,0,9.0
2024,9,00-0034646,B.Powell,MIN,WR,1,0.9,1.9,0.9,1.9,1,9.0,0,3.0
2024,9,00-0038821,R.Jarrett,TB,WR,1,0.9,1.9,0.9,1.9,1,9.0,0,5.0
2024,9,00-0037422,K.Pryor,CIN,WR,1,0.9,1.9,0.9,1.9,1,9.0,0,0.0
2024,9,00-0039920,M.Corley,NYJ,WR,1,1.8,1.8,1.8,1.8,0,0.0,0,0.0
2024,9,00-0034487,T.Sherfield,MIN,WR,1,0.7,1.7,0.7,1.7,1,7.0,0,3.0
2024,9,00-0035021,A.Dulin,IND,WR,1,1.7,1.7,1.7,1.7,0,0.0,0,0.0
2024,9,00-0039543,R.Keyton,LV,WR,1,0.7,1.7,0.7,1.7,1,7.0,0,0.0
2024,9,00-0033536,M.Williams,NYJ,WR,1,0.6,1.6,0.6,1.6,1,6.0,0,1.0
2024,9,00-0034272,M.Valdes-Scantling,NO,WR,1,0.5,1.5,0.5,1.5,1,5.0,0,1.0
2024,9,00-0038976,M.Mims,DEN,WR,1,0.4,1.4,0.4,1.4,1,4.0,0,6.0
2024,9,00-0039392,J.Jackson,TEN,WR,1,0.3,1.3,0.3,1.3,1,8.0,0,2.0
2024,9,00-0031428,A.Robinson,DET,WR,1,0.2,1.2,0.2,1.2,1,2.0,0,0.0
2024,9,00-0039747,A.Smith,PHI,WR,1,0.2,1.2,0.2,1.2,1,0.0,0,2.0
2024,9,00-0036387,J.Reagor,LAC,WR,1,0.0,1.0,0.0,1.0,1,0.0,0,4.0
2024,9,00-0032464,K.Raymond,DET,WR,1,0.0,1.0,0.0,1.0,1,12.0,0,16.0
2024,9,00-0039880,M.Washington,MIA,WR,1,0.9,0.9,0.9,0.9,0,0.0,0,0.0
2024,9,00-0033009,T.Boyd,TEN,WR,1,0.3,0.3,0.3,0.3,0,0.0,0,0.0
2024,9,00-0036646,S.Fehoko,LAC,WR,1,0.0,0.0,0.0,0.0,0,0.0,0,0.0
2024,9,00-0038618,X.Hutchinson,HOU,WR,1,0.0,0.0,0.0,0.0,0,0.0,0,0.0
2024,9,00-0039907,J.Polk,NE,WR,1,0.0,0.0,0.0,0.0,0,0.0,0,0.0
2024,9,00-0038559,M.Wilson,ARI,WR,1,0.0,0.0,0.0,0.0,0,0.0,0,0.0
2024,9,00-0035500,G.Dortch,ARI,WR,1,0.0,0.0,0.0,0.0,0,0.0,0,0.0
2024,9,00-0038752,J.Bobo,SEA,WR,1,0.0,0.0,0.0,0.0,0,0.0,0,0.0
2024,9,00-0039062,J.Mingo,CAR,WR,1,0.0,0.0,0.0,0.0,0,0.0,0,0.0
2024,9,00-0038393,D.Wicks,GB,WR,1,0.0,0.0,0.0,0.0,0,0.0,0,0.0
2024,9,00-0037614,J.Metchie,HOU,WR,1,0.0,0.0,0.0,0.0,0,0.0,0,0.0
2024,9,00-0033282,C.Samuel,BUF,WR,1,0.0,0.0,0.0,0.0,0,0.0,0,0.0
2024,9,00-0035341,T.Irwin,CIN,WR,1,0.0,0.0,0.0,0.0,0,0.0,0,0.0
2024,9,00-0039623,M.Tipton,NO,WR,1,0.0,0.0,0.0,0.0,0,0.0,0,0.0
2024,9,00-0039614,J.Jackson,NO,WR,1,-0.1,-0.1,-0.1,-0.1,0,0.0,0,0.0
2024,9,00-0037487,D.Thompkins,CAR,WR,1,-0.2,-0.2,-0.2,-0.2,0,0.0,0,0.0
2024,9,00-0039894,X.Worthy,KC,WR,1,-1.0,-1.0,-1.0,-1.0,0,0.0,0,0.0
2024,8,00-0036358,C.Lamb,DAL,WR,1,26.6,39.6,26.6,39.6,13,146.0,2,43.0
2024,8,00-0039915,L.McConkey,LAC,WR,1,23.1,29.1,23.1,29.1,6,111.0,2,38.0
2024,8,00-0038979,C.Tillman,CLE,WR,1,21.9,28.9,21.9,28.9,7,99.0,2,24.0
2024,8,00-0034837,C.Ridley,TEN,WR,1,14.6,24.6,14.6,24.6,10,143.0,0,25.0
2024,8,00-0039849,M.Harrison,ARI,WR,1,17.1,23.1,17.1,23.1,6,111.0,1,8.0
2024,8,00-0038997,J.Downs,IND,WR,1,16.9,20.9,16.9,20.9,4,109.0,1,55.0
2024,8,00-0036912,D.Smith,PHI,WR,1,14.5,20.5,14.5,20.5,6,85.0,1,21.0
2024,8,00-0036900,J.Chase,CIN,WR,1,11.4,20.4,11.4,20.4,9,54.0,1,21.0
2024,8,00-0037261,K.Shakir,BUF,WR,1,10.9,19.9,10.9,19.9,9,107.0,0,89.0
2024,8,00-0036322,J.Jefferson,MIN,WR,1,11.5,19.5,11.5,19.5,8,115.0,0,17.0
2024,8,00-0034348,C.Sutton,DEN,WR,1,11.4,19.4,11.4,19.4,8,100.0,0,31.0
2024,8,00-0037239,C.Olave,NO,WR,1,10.7,18.7,10.7,18.7,8,107.0,0,34.0
2024,8,00-0036309,D.Mooney,ATL,WR,1,14.6,18.6,14.6,18.6,4,86.0,1,20.0
2024,8,00-0039064,Z.Flowers,BAL,WR,1,11.5,18.5,11.5,18.5,7,115.0,0,30.0
2024,8,00-0039075,P.Nacua,LA,WR,1,11.1,18.1,11.1,18.1,7,106.0,0,52.0
2024,8,00-0039901,K.Coleman,BUF,WR,1,13.0,18.0,13.0,18.0,5,70.0,1,20.0
2024,8,00-0039491,J.Coker,CAR,WR,1,13.8,17.8,13.8,17.8,4,78.0,1,12.0
2024,8,00-0035659,T.McLaurin,WAS,WR,1,12.5,17.5,12.5,17.5,5,125.0,0,21.0
2024,8,00-0032775,D.Robinson,LA,WR,1,15.5,17.5,15.5,17.5,2,35.0,2,0.0
2024,8,00-0034960,J.Meyers,LV,WR,1,11.2,17.2,11.2,17.2,6,52.0,1,21.0
2024,8,00-0036980,E.Moore,CLE,WR,1,8.5,16.5,8.5,16.5,8,85.0,0,7.0
2024,8,00-0033591,N.Brown,WAS,WR,1,13.3,16.3,13.3,16.3,3,73.0,1,0.0
2024,8,00-0037740,G.Wilson,NYJ,WR,1,11.3,16.3,11.3,16.3,5,113.0,0,10.0
2024,8,00-0033908,C.Kupp,LA,WR,1,11.1,16.1,11.1,16.1,5,51.0,1,26.0
2024,8,00-0039893,B.Thomas,JAX,WR,1,12.0,15.0,12.0,15.0,3,60.0,1,22.0
2024,8,00-0035535,D.Slayton,NYG,WR,1,10.8,14.8,10.8,14.8,4,108.0,0,29.0
2024,8,00-0037837,C.Austin,PIT,WR,1,11.4,14.4,11.4,14.4,3,54.0,1,17.0
2024,8,00-0039337,M.Nabers,NYG,WR,1,7.1,14.1,7.1,14.1,7,71.0,0,11.0
2024,8,00-0038559,M.Wilson,ARI,WR,1,9.1,14.1,9.1,14.1,5,31.0,1,7.0
2024,8,00-0039894,X.Worthy,KC,WR,1,9.7,13.7,9.7,13.7,4,37.0,1,17.0
2024,8,00-0038977,T.Dell,HOU,WR,1,9.5,13.5,9.5,13.5,4,35.0,1,2.0
2024,8,00-0039342,X.Legette,CAR,WR,1,9.4,13.4,9.4,13.4,4,34.0,1,1.0
2024,8,00-0035676,A.Brown,PHI,WR,1,8.4,13.4,8.4,13.4,5,84.0,0,26.0
2024,8,00-0036527,D.Turner,LV,WR,1,9.2,13.2,9.2,13.2,4,28.0,1,5.0
2024,8,00-0033040,T.Hill,MIA,WR,1,7.2,13.2,7.2,13.2,6,72.0,0,19.0
2024,8,00-0036407,J.Jeudy,CLE,WR,1,7.9,12.9,7.9,12.9,5,79.0,0,16.0
2024,8,00-0038543,J.Smith-Njigba,SEA,WR,1,6.9,12.9,6.9,12.9,6,69.0,0,36.0
2024,8,00-0031588,S.Diggs,HOU,WR,1,7.7,12.7,7.7,12.7,5,81.0,0,30.0
2024,8,00-0035719,D.Samuel,SF,WR,1,8.6,12.6,8.6,12.6,4,71.0,0,49.0
2024,8,00-0031549,N.Agholor,BAL,WR,1,9.6,12.6,9.6,12.6,3,36.0,1,1.0
2024,8,00-0036182,N.Westbrook-Ikhine,TEN,WR,1,9.9,11.9,9.9,11.9,2,39.0,1,3.0
2024,8,00-0039916,R.Pearsall,SF,WR,1,7.7,11.7,7.7,11.7,4,38.0,0,7.0
2024,8,00-0037247,G.Pickens,PIT,WR,1,7.4,11.4,7.4,11.4,4,74.0,0,28.0
2024,8,00-0036415,V.Jefferson,PIT,WR,1,6.2,10.2,6.2,10.2,4,62.0,0,10.0
2024,8,00-0037816,R.Doubs,GB,WR,1,7.2,10.2,7.2,10.2,3,72.0,0,19.0
2024,8,00-0032464,K.Raymond,DET,WR,1,7.4,9.4,7.4,9.4,2,14.0,1,14.0
2024,8,00-0031381,D.Adams,NYJ,WR,1,5.4,9.4,5.4,9.4,4,54.0,0,18.0
2024,8,00-0036988,J.Palmer,LAC,WR,1,7.2,9.2,7.2,9.2,2,72.0,0,14.0
2024,8,00-0039855,J.McMillan,TB,WR,1,5.2,9.2,5.2,9.2,4,35.0,0,16.0
2024,8,00-0038821,R.Jarrett,TB,WR,1,5.8,8.8,5.8,8.8,3,58.0,0,6.0
2024,8,00-0036963,A.St. Brown,DET,WR,1,6.7,8.7,6.7,8.7,2,7.0,1,0.0
2024,8,00-0036613,J.Waddle,MIA,WR,1,4.5,8.5,4.5,8.5,4,45.0,0,23.0
2024,8,00-0039919,R.Odunze,CHI,WR,1,5.4,8.4,5.4,8.4,3,41.0,0,16.0
2024,8,00-0034487,T.Sherfield,MIN,WR,1,7.0,8.0,7.0,8.0,1,10.0,1,4.0
2024,8,00-0038117,W.Robinson,NYG,WR,1,3.0,8.0,3.0,8.0,5,30.0,0,31.0
2024,8,00-0034775,C.Kirk,JAX,WR,1,5.9,7.9,5.9,7.9,2,59.0,0,23.0
2024,8,00-0033589,D.Moore,CAR,WR,1,3.9,7.9,3.9,7.9,4,39.0,0,6.0
2024,8,00-0038124,C.Watson,GB,WR,1,3.9,7.9,3.9,7.9,4,39.0,0,9.0
2024,8,00-0038606,P.Washington,JAX,WR,1,4.6,7.6,4.6,7.6,3,46.0,0,3.0
2024,8,00-0038608,K.Boutte,NE,WR,1,4.6,7.6,4.6,7.6,3,46.0,0,2.0
2024,8,00-0039146,J.Reed,GB,WR,1,5.5,7.5,5.5,7.5,2,55.0,0,36.0
2024,8,00-0037666,J.Tolbert,DAL,WR,1,4.4,7.4,4.4,7.4,3,44.0,0,7.0
2024,8,00-0037238,D.London,ATL,WR,1,3.4,7.4,3.4,7.4,4,34.0,0,16.0
2024,8,00-0038496,X.Gipson,NYJ,WR,1,6.1,7.1,6.1,7.1,1,1.0,1,0.0
2024,8,00-0034386,J.Watson,KC,WR,1,3.3,6.3,3.3,6.3,3,33.0,0,13.0
2024,8,00-0035406,L.Humphrey,DEN,WR,1,2.2,6.2,2.2,6.2,4,22.0,0,7.0
2024,8,00-0037614,J.Metchie,HOU,WR,1,2.9,5.9,2.9,5.9,3,29.0,0,9.0
2024,8,00-0030279,K.Allen,CHI,WR,1,3.9,5.9,3.9,5.9,2,39.0,0,13.0
2024,8,00-0039424,D.Vele,DEN,WR,1,2.8,5.8,2.8,5.8,3,28.0,0,-1.0
2024,8,00-0034407,R.McCloud,ATL,WR,1,2.6,5.6,2.6,5.6,3,9.0,0,19.0
2024,8,00-0036387,J.Reagor,LAC,WR,1,3.5,5.5,3.5,5.5,2,35.0,0,17.0
2024,8,00-0034827,D.Moore,CHI,WR,1,3.4,5.4,3.4,5.4,2,27.0,0,0.0
2024,8,00-0038563,T.Tucker,LV,WR,1,3.3,5.3,3.3,5.3,2,26.0,0,10.0
2024,8,00-0039810,J.Burton,CIN,WR,1,4.1,5.1,4.1,5.1,1,41.0,0,13.0
2024,8,00-0039052,T.Palmer,TB,WR,1,2.9,4.9,2.9,4.9,2,29.0,0,3.0
2024,8,00-0030564,D.Hopkins,KC,WR,1,2.9,4.9,2.9,4.9,2,29.0,0,2.0
2024,8,00-0038824,R.Miller,TB,WR,1,1.9,4.9,1.9,4.9,3,19.0,0,4.0
2024,8,00-0032385,S.Shepard,TB,WR,1,1.8,4.8,1.8,4.8,3,18.0,0,7.0
2024,8,00-0039386,B.Means,NO,WR,1,3.6,4.6,3.6,4.6,1,36.0,0,0.0
2024,8,00-0033009,T.Boyd,TEN,WR,1,1.4,4.4,1.4,4.4,3,14.0,0,-1.0
2024,8,00-0038994,J.Addison,MIN,WR,1,2.2,4.2,2.2,4.2,2,22.0,0,2.0
2024,8,00-0038104,T.Thornton,NE,WR,1,2.0,4.0,2.0,4.0,2,20.0,0,21.0
2024,8,00-0030431,R.Woods,HOU,WR,1,1.8,3.8,1.8,3.8,2,18.0,0,5.0
2024,8,00-0036550,R.Bateman,BAL,WR,1,2.8,3.8,2.8,3.8,1,28.0,0,18.0
2024,8,00-0037801,K.Turpin,DAL,WR,1,2.7,3.7,2.7,3.7,1,16.0,0,3.0
2024,8,00-0037291,J.Nailor,MIN,WR,1,1.6,3.6,1.6,3.6,2,16.0,0,6.0
2024,8,00-0039623,M.Tipton,NO,WR,1,1.4,3.4,1.4,3.4,2,14.0,0,0.0
2024,8,00-0038621,D.Douglas,NE,WR,1,1.2,3.2,1.2,3.2,2,12.0,0,11.0
2024,8,00-0038393,D.Wicks,GB,WR,1,1.1,3.1,1.1,3.1,2,11.0,0,2.0
2024,8,00-0036497,T.Jones,JAX,WR,1,2.0,3.0,2.0,3.0,1,20.0,0,17.0
2024,8,00-0038618,X.Hutchinson,HOU,WR,1,1.9,2.9,1.9,2.9,1,19.0,0,0.0
2024,8,00-0036849,T.Atwell,LA,WR,1,1.8,2.8,1.8,2.8,1,18.0,0,2.0
2024,8,00-0039451,I.Williams,DET,WR,1,0.6,2.6,0.6,2.6,2,6.0,0,7.0
2024,8,00-0036252,M.Pittman,IND,WR,1,1.6,2.6,1.6,2.6,1,16.0,0,3.0
2024,8,00-0038752,J.Bobo,SEA,WR,1,1.5,2.5,1.5,2.5,1,15.0,0,3.0
2024,8,00-0037664,A.Pierce,IND,WR,1,1.1,2.1,1.1,2.1,1,11.0,0,1.0
2024,8,00-0036268,L.Shenault,SEA,WR,1,1.0,2.0,1.0,2.0,1,10.0,0,7.0
2024,8,00-0032211,T.Lockett,SEA,WR,1,0.9,1.9,0.9,1.9,1,9.0,0,2.0
2024,8,00-0035500,G.Dortch,ARI,WR,1,0.9,1.9,0.9,1.9,1,9.0,0,8.0
2024,8,00-0039890,A.Mitchell,IND,WR,1,0.9,1.9,0.9,1.9,1,9.0,0,2.0
2024,8,00-0039868,T.Franklin,DEN,WR,1,0.9,1.9,0.9,1.9,1,6.0,0,9.0
2024,8,00-0039355,L.McCaffrey,WAS,WR,1,0.8,1.8,0.8,1.8,1,8.0,0,7.0
2024,8,00-0038976,M.Mims,DEN,WR,1,0.8,1.8,0.8,1.8,1,8.0,0,9.0
2024,8,00-0035140,M.Hardman,KC,WR,1,0.8,1.8,0.8,1.8,1,8.0,0,1.0
2024,8,00-0031763,D.Carter,CHI,WR,1,0.7,1.7,0.7,1.7,1,7.0,0,1.0
2024,8,00-0036626,D.Brown,WAS,WR,1,0.6,1.6,0.6,1.6,1,6.0,0,10.0
2024,8,00-0036427,T.Johnson,LA,WR,1,0.6,1.6,0.6,1.6,1,6.0,0,2.0
2024,8,00-0036620,D.Eskridge,MIA,WR,1,0.6,1.6,0.6,1.6,1,6.0,0,1.0
2024,8,00-0035341,T.Irwin,CIN,WR,1,0.4,1.4,0.4,1.4,1,4.0,0,0.0
2024,8,00-0033891,Z.Jones,ARI,WR,1,0.3,1.3,0.3,1.3,1,3.0,0,5.0
2024,8,00-0031544,A.Cooper,BUF,WR,1,0.3,1.3,0.3,1.3,1,3.0,0,0.0
2024,8,00-0036345,K.Osborn,NE,WR,1,0.0,0.0,0.0,0.0,0,0.0,0,0.0
2024,8,00-0036646,S.Fehoko,LAC,WR,1,0.0,0.0,0.0,0.0,0,0.0,0,0.0
2024,8,00-0038619,A.Iosivas,CIN,WR,1,0.0,0.0,0.0,0.0,0,0.0,0,0.0
2024,8,00-0038640,J.Brooks,DAL,WR,1,0.0,0.0,0.0,0.0,0,0.0,0,0.0
2024,8,00-0038647,R.Bell,SF,WR,1,0.0,0.0,0.0,0.0,0,0.0,0,0.0
2024,8,00-0037091,B.Melton,GB,WR,1,0.0,0.0,0.0,0.0,0,0.0,0,0.0
2024,8,00-0039392,J.Jackson,TEN,WR,1,0.0,0.0,0.0,0.0,0,0.0,0,0.0
2024,8,00-0039062,J.Mingo,CAR,WR,1,0.0,0.0,0.0,0.0,0,0.0,0,0.0
2024,8,00-0031428,A.Robinson,DET,WR,1,0.0,0.0,0.0,0.0,0,0.0,0,0.0
2024,8,00-0032128,C.Conley,SF,WR,1,0.0,0.0,0.0,0.0,0,0.0,0,0.0
2024,8,00-0035298,S.Miller,PIT,WR,1,0.0,0.0,0.0,0.0,0,0.0,0,0.0
2024,8,00-0033375,T.Patrick,DET,WR,1,0.0,0.0,0.0,0.0,0,0.0,0,0.0
2024,8,00-0033307,K.Bourne,NE,WR,1,0.0,0.0,0.0,0.0,0,0.0,0,0.0
2024,7,00-0036963,A.St. Brown,DET,WR,1,17.2,25.2,17.2,25.2,8,112.0,1,25.0
2024,7,00-0037247,G.Pickens,PIT,WR,1,17.1,22.1,17.1,22.1,5,111.0,1,12.0
2024,7,00-0036550,R.Bateman,BAL,WR,1,18.1,22.1,18.1,22.1,4,121.0,1,29.0
2024,7,00-0036322,J.Jefferson,MIN,WR,1,14.4,21.4,14.4,21.4,7,81.0,1,27.0
2024,7,00-0039893,B.Thomas,JAX,WR,1,15.1,20.1,15.1,20.1,5,89.0,1,25.0
2024,7,00-0035676,A.Brown,PHI,WR,1,14.9,19.9,14.9,19.9,5,89.0,1,14.0
2024,7,00-0035640,D.Metcalf,SEA,WR,1,15.9,19.9,15.9,19.9,4,99.0,1,9.0
2024,7,00-0037238,D.London,ATL,WR,1,12.3,18.3,12.3,18.3,6,63.0,1,10.0
2024,7,00-0036410,T.Higgins,CIN,WR,1,14.2,18.2,14.2,18.2,4,82.0,1,32.0
2024,7,00-0034418,C.Wilson,NO,WR,1,11.7,17.7,11.7,17.7,6,57.0,1,18.0
2024,7,00-0036900,J.Chase,CIN,WR,1,12.6,17.6,12.6,17.6,5,55.0,1,16.0
2024,7,00-0037816,R.Doubs,GB,WR,1,9.4,17.4,9.4,17.4,8,94.0,0,17.0
2024,7,00-0031544,A.Cooper,BUF,WR,1,12.6,16.6,12.6,16.6,4,66.0,1,15.0
2024,7,00-0039901,K.Coleman,BUF,WR,1,12.5,16.5,12.5,16.5,4,125.0,0,79.0
2024,7,00-0038979,C.Tillman,CLE,WR,1,8.1,16.1,8.1,16.1,8,81.0,0,29.0
2024,7,00-0035659,T.McLaurin,WAS,WR,1,9.8,15.8,9.8,15.8,6,98.0,0,23.0
2024,7,00-0038393,D.Wicks,GB,WR,1,10.8,13.8,10.8,13.8,3,48.0,1,13.0
2024,7,00-0033921,C.Godwin,TB,WR,1,6.5,13.5,6.5,13.5,7,65.0,0,26.0
2024,7,00-0037261,K.Shakir,BUF,WR,1,6.5,13.5,6.5,13.5,7,65.0,0,61.0
2024,7,00-0032464,K.Raymond,DET,WR,1,9.9,12.9,9.9,12.9,3,39.0,1,17.0
2024,7,00-0035140,M.Hardman,KC,WR,1,11.5,12.5,11.5,12.5,1,17.0,0,16.0
2024,7,00-0037291,J.Nailor,MIN,WR,1,7.6,11.6,7.6,11.6,4,76.0,0,26.0
2024,7,00-0036849,T.Atwell,LA,WR,1,5.1,11.1,5.1,11.1,6,51.0,0,44.0
2024,7,00-0037740,G.Wilson,NYJ,WR,1,6.1,11.1,6.1,11.1,5,61.0,0,37.0
2024,7,00-0036345,K.Osborn,NE,WR,1,8.6,10.6,8.6,10.6,2,26.0,1,10.0
2024,7,00-0039623,M.Tipton,NO,WR,1,4.5,10.5,4.5,10.5,6,45.0,0,12.0
2024,7,00-0036988,J.Palmer,LAC,WR,1,6.3,10.3,6.3,10.3,4,63.0,0,6.0
2024,7,00-0036980,E.Moore,CLE,WR,1,4.1,10.1,4.1,10.1,6,41.0,0,16.0
2024,7,00-0039868,T.Franklin,DEN,WR,1,5.0,10.0,5.0,10.0,5,50.0,0,21.0
2024,7,00-0034521,A.Lazard,NYJ,WR,1,5.8,9.8,5.8,9.8,4,58.0,0,11.0
2024,7,00-0036427,T.Johnson,LA,WR,1,5.7,9.7,5.7,9.7,4,57.0,0,38.0
2024,7,00-0038994,J.Addison,MIN,WR,1,6.6,9.6,6.6,9.6,3,66.0,0,7.0
2024,7,00-0039915,L.McConkey,LAC,WR,1,4.6,9.6,4.6,9.6,5,46.0,0,21.0
2024,7,00-0036309,D.Mooney,ATL,WR,1,4.6,9.6,4.6,9.6,5,46.0,0,0.0
2024,7,00-0031408,M.Evans,TB,WR,1,8.5,9.5,8.5,9.5,1,25.0,1,0.0
2024,7,00-0036415,V.Jefferson,PIT,WR,1,7.5,9.5,7.5,9.5,2,15.0,1,6.0
2024,7,00-0036252,M.Pittman,IND,WR,1,6.3,9.3,6.3,9.3,3,63.0,0,16.0
2024,7,00-0033009,T.Boyd,TEN,WR,1,4.3,9.3,4.3,9.3,5,43.0,0,12.0
2024,7,00-0036182,N.Westbrook-Ikhine,TEN,WR,1,7.0,9.0,7.0,9.0,2,10.0,1,1.0
2024,7,00-0032211,T.Lockett,SEA,WR,1,4.5,8.5,4.5,8.5,4,45.0,0,2.0
2024,7,00-0038117,W.Robinson,NYG,WR,1,2.3,8.3,2.3,8.3,6,23.0,0,9.0
2024,7,00-0039337,M.Nabers,NYG,WR,1,4.1,8.1,4.1,8.1,4,41.0,0,12.0
2024,7,00-0038563,T.Tucker,LV,WR,1,4.7,7.7,4.7,7.7,3,36.0,0,18.0
2024,7,00-0036646,S.Fehoko,LAC,WR,1,4.5,7.5,4.5,7.5,3,45.0,0,6.0
2024,7,00-0035500,G.Dortch,ARI,WR,1,6.5,7.5,6.5,7.5,1,5.0,1,0.0
2024,7,00-0031588,S.Diggs,HOU,WR,1,2.3,7.3,2.3,7.3,5,23.0,0,10.0
2024,7,00-0034837,C.Ridley,TEN,WR,1,4.2,7.2,4.2,7.2,3,42.0,0,23.0
2024,7,00-0039365,J.Cowing,SF,WR,1,5.0,7.0,5.0,7.0,2,50.0,0,16.0
2024,7,00-0039386,B.Means,NO,WR,1,3.7,6.7,3.7,6.7,3,37.0,0,20.0
2024,7,00-0035208,O.Zaccheaus,WAS,WR,1,2.5,6.5,2.5,6.5,4,25.0,0,4.0
2024,7,00-0031381,D.Adams,NYJ,WR,1,3.0,6.0,3.0,6.0,3,30.0,0,11.0
2024,7,00-0038543,J.Smith-Njigba,SEA,WR,1,2.65,5.65,2.65,5.65,3,9.0,0,13.0
2024,7,00-0039855,J.McMillan,TB,WR,1,2.6,5.6,2.6,5.6,3,15.0,0,8.0
2024,7,00-0039894,X.Worthy,KC,WR,1,2.4,5.4,2.4,5.4,3,19.0,0,12.0
2024,7,00-0039916,R.Pearsall,SF,WR,1,2.1,5.1,2.1,5.1,3,21.0,0,7.0
2024,7,00-0039849,M.Harrison,ARI,WR,1,2.1,5.1,2.1,5.1,3,21.0,0,0.0
2024,7,00-0039890,A.Mitchell,IND,WR,1,3.0,5.0,3.0,5.0,2,30.0,0,0.0
2024,7,00-0036387,J.Reagor,LAC,WR,1,4.0,5.0,4.0,5.0,1,41.0,0,4.0
2024,7,00-0037837,C.Austin,PIT,WR,1,3.6,4.6,3.6,4.6,1,36.0,0,20.0
2024,7,00-0033375,T.Patrick,DET,WR,1,2.5,4.5,2.5,4.5,2,25.0,0,8.0
2024,7,00-0036261,B.Aiyuk,SF,WR,1,2.3,4.3,2.3,4.3,2,23.0,0,6.0
2024,7,00-0038608,K.Boutte,NE,WR,1,3.3,4.3,3.3,4.3,1,33.0,0,3.0
2024,7,00-0039064,Z.Flowers,BAL,WR,1,3.0,4.0,3.0,4.0,1,11.0,0,13.0
2024,7,00-0038976,M.Mims,DEN,WR,1,1.8,3.8,1.8,3.8,2,18.0,0,20.0
2024,7,00-0036527,D.Turner,LV,WR,1,1.7,3.7,1.7,3.7,2,13.0,0,8.0
2024,7,00-0037664,A.Pierce,IND,WR,1,1.5,3.5,1.5,3.5,2,15.0,0,15.0
2024,7,00-0034775,C.Kirk,JAX,WR,1,2.4,3.4,2.4,3.4,1,24.0,0,3.0
2024,7,00-0038621,D.Douglas,NE,WR,1,1.4,3.4,1.4,3.4,2,14.0,0,11.0
2024,7,00-0036626,D.Brown,WAS,WR,1,2.3,3.3,2.3,3.3,1,23.0,0,6.0
2024,7,00-0035406,L.Humphrey,DEN,WR,1,1.2,3.2,1.2,3.2,2,12.0,0,4.0
2024,7,00-0039424,D.Vele,DEN,WR,1,2.0,3.0,2.0,3.0,1,20.0,0,13.0
2024,7,00-0038359,X.Smith,LA,WR,1,3.0,3.0,3.0,3.0,0,0.0,0,0.0
2024,7,00-0031549,N.Agholor,BAL,WR,1,2.0,3.0,2.0,3.0,1,20.0,0,10.0
2024,7,00-0039146,J.Reed,GB,WR,1,1.0,3.0,1.0,3.0,2,10.0,0,9.0
2024,7,00-0039880,M.Washington,MIA,WR,1,0.9,2.9,0.9,2.9,2,9.0,0,4.0
2024,7,00-0034407,R.McCloud,ATL,WR,1,0.9,2.9,0.9,2.9,2,9.0,0,11.0
2024,7,00-0039342,X.Legette,CAR,WR,1,0.9,2.9,0.9,2.9,2,3.0,0,0.0
2024,7,00-0036407,J.Jeudy,CLE,WR,1,1.8,2.8,1.8,2.8,1,18.0,0,2.0
2024,7,00-0035216,D.Johnson,CAR,WR,1,1.7,2.7,1.7,2.7,1,17.0,0,0.0
2024,7,00-0033591,N.Brown,WAS,WR,1,1.6,2.6,1.6,2.6,1,16.0,0,1.0
2024,7,00-0039052,T.Palmer,TB,WR,1,1.6,2.6,1.6,2.6,1,16.0,0,1.0
2024,7,00-0032385,S.Shepard,TB,WR,1,1.5,2.5,1.5,2.5,1,15.0,0,0.0
2024,7,00-0033536,M.Williams,NYJ,WR,1,1.5,2.5,1.5,2.5,1,15.0,0,4.0
2024,7,00-0038559,M.Wilson,ARI,WR,1,1.5,2.5,1.5,2.5,1,15.0,0,3.0
2024,7,00-0039394,C.Washington,ATL,WR,1,1.4,2.4,1.4,2.4,1,14.0,0,11.0
2024,7,00-0033307,K.Bourne,NE,WR,1,1.4,2.4,1.4,2.4,1,14.0,0,0.0
2024,7,00-0036196,G.Davis,JAX,WR,1,1.3,2.3,1.3,2.3,1,13.0,0,7.0
2024,7,00-0033040,T.Hill,MIA,WR,1,1.3,2.3,1.3,2.3,1,8.0,0,3.0
2024,7,00-0038618,X.Hutchinson,HOU,WR,1,1.1,2.1,1.1,2.1,1,11.0,0,0.0
2024,7,00-0035535,D.Slayton,NYG,WR,1,1.1,2.1,1.1,2.1,1,11.0,0,0.0
2024,7,00-0036613,J.Waddle,MIA,WR,1,1.1,2.1,1.1,2.1,1,11.0,0,3.0
2024,7,00-0039491,J.Coker,CAR,WR,1,1.0,2.0,1.0,2.0,1,10.0,0,5.0
2024,7,00-0038647,R.Bell,SF,WR,1,1.0,2.0,1.0,2.0,1,10.0,0,5.0
2024,7,00-0032775,D.Robinson,LA,WR,1,0.9,1.9,0.9,1.9,1,9.0,0,0.0
2024,7,00-0034386,J.Watson,KC,WR,1,0.8,1.8,0.8,1.8,1,8.0,0,3.0
2024,7,00-0037091,B.Melton,GB,WR,1,0.7,1.7,0.7,1.7,1,8.0,0,0.0
2024,7,00-0038124,C.Watson,GB,WR,1,0.5,1.5,0.5,1.5,1,9.0,0,0.0
2024,7,00-0038997,J.Downs,IND,WR,1,0.3,1.3,0.3,1.3,1,3.0,0,6.0
2024,7,00-0035021,A.Dulin,IND,WR,1,1.2,1.2,1.2,1.2,0,0.0,0,0.0
2024,7,00-0036912,D.Smith,PHI,WR,1,-0.2,0.8,-0.2,0.8,1,-2.0,0,0.0
2024,7,00-0030564,D.Hopkins,TEN,WR,1,-0.2,0.8,-0.2,0.8,1,-2.0,0,-6.0
2024,7,00-0037240,J.Williams,DET,WR,1,-0.4,0.6,-0.4,0.6,1,-4.0,0,1.0
2024,7,00-0038619,A.Iosivas,CIN,WR,1,0.0,0.0,0.0,0.0,0,0.0,0,0.0
2024,7,00-0038576,C.Jones,CIN,WR,1,0.0,0.0,0.0,0.0,0,0.0,0,0.0
2024,7,00-0038606,P.Washington,JAX,WR,1,0.0,0.0,0.0,0.0,0,0.0,0,0.0
2024,7,00-0032128,C.Conley,SF,WR,1,0.0,0.0,0.0,0.0,0,0.0,0,0.0
2024,7,00-0039907,J.Polk,NE,WR,1,0.0,0.0,0.0,0.0,0,0.0,0,0.0
2024,7,00-0035639,P.Campbell,PHI,WR,1,0.0,0.0,0.0,0.0,0,0.0,0,0.0
2024,7,00-0033555,M.Hollins,BUF,WR,1,0.0,0.0,0.0,0.0,0,0.0,0,0.0
2024,7,00-0033891,Z.Jones,ARI,WR,1,0.0,0.0,0.0,0.0,0,0.0,0,0.0
2024,7,00-0038938,J.Hyatt,NYG,WR,1,0.0,0.0,0.0,0.0,0,0.0,0,0.0
2024,7,00-0038090,S.Moore,KC,WR,1,0.0,0.0,0.0,0.0,0,0.0,0,0.0
2024,7,00-0038977,T.Dell,HOU,WR,1,0.0,0.0,0.0,0.0,0,0.0,0,0.0
2024,7,00-0037741,J.Dotson,PHI,WR,1,0.0,0.0,0.0,0.0,0,0.0,0,0.0
2024,7,00-0033282,C.Samuel,BUF,WR,1,0.0,0.0,0.0,0.0,0,0.0,0,0.0
2024,7,00-0038752,J.Bobo,SEA,WR,1,0.0,0.0,0.0,0.0,0,0.0,0,0.0
2024,7,00-0031235,O.Beckham,MIA,WR,1,0.0,0.0,0.0,0.0,0,0.0,0,0.0
2024,7,00-0037156,I.Charles,NYJ,WR,1,0.0,0.0,0.0,0.0,0,0.0,0,0.0
2024,6,00-0033921,C.Godwin,TB,WR,1,24.5,35.5,24.5,35.5,11,125.0,2,99.0
2024,6,00-0037740,G.Wilson,NYJ,WR,1,16.7,24.7,16.7,24.7,8,107.0,1,58.0
2024,6,00-0035676,A.Brown,PHI,WR,1,17.6,23.6,17.6,23.6,6,116.0,1,23.0
2024,6,00-0034521,A.Lazard,NYJ,WR,1,17.4,23.4,17.4,23.4,6,114.0,1,11.0
2024,6,00-0035659,T.McLaurin,WAS,WR,1,17.3,23.3,17.3,23.3,6,53.0,2,1.0
2024,6,00-0039064,Z.Flowers,BAL,WR,1,13.4,22.4,13.4,22.4,9,132.0,0,90.0
2024,6,00-0036196,G.Davis,JAX,WR,1,16.5,21.5,16.5,21.5,5,45.0,2,4.0
2024,6,00-0038621,D.Douglas,NE,WR,1,15.2,21.2,15.2,21.2,6,92.0,1,56.0
2024,6,00-0030279,K.Allen,CHI,WR,1,16.1,21.1,16.1,21.1,5,41.0,2,7.0
2024,6,00-0035719,D.Samuel,SF,WR,1,17.7,20.7,17.7,20.7,3,102.0,1,73.0
2024,6,00-0037816,R.Doubs,GB,WR,1,16.9,19.9,16.9,19.9,3,49.0,2,3.0
2024,6,00-0035216,D.Johnson,CAR,WR,1,13.8,19.8,13.8,19.8,6,78.0,1,7.0
2024,6,00-0031588,S.Diggs,HOU,WR,1,13.7,19.7,13.7,19.7,6,77.0,1,4.0
2024,6,00-0038997,J.Downs,IND,WR,1,12.5,19.5,12.5,19.5,7,66.0,1,35.0
2024,6,00-0037238,D.London,ATL,WR,1,13.4,19.4,13.4,19.4,6,74.0,1,17.0
2024,6,00-0038977,T.Dell,HOU,WR,1,11.7,18.7,11.7,18.7,7,57.0,1,17.0
2024,6,00-0037240,J.Williams,DET,WR,1,14.7,17.7,14.7,17.7,3,76.0,1,29.0
2024,6,00-0032211,T.Lockett,SEA,WR,1,12.5,16.5,12.5,16.5,4,65.0,1,15.0
2024,6,00-0036358,C.Lamb,DAL,WR,1,9.1,16.1,9.1,16.1,7,89.0,0,44.0
2024,6,00-0038124,C.Watson,GB,WR,1,12.8,15.8,12.8,15.8,3,68.0,1,16.0
2024,6,00-0039386,B.Means,NO,WR,1,10.5,15.5,10.5,15.5,5,45.0,1,0.0
2024,6,00-0036912,D.Smith,PHI,WR,1,12.4,15.4,12.4,15.4,3,64.0,1,53.0
2024,6,00-0034348,C.Sutton,DEN,WR,1,11.3,15.3,11.3,15.3,4,53.0,1,7.0
2024,6,00-0038608,K.Boutte,NE,WR,1,11.9,14.9,11.9,14.9,3,59.0,1,2.0
2024,6,00-0039146,J.Reed,GB,WR,1,8.8,14.8,8.8,14.8,6,28.0,1,39.0
2024,6,00-0036410,T.Higgins,CIN,WR,1,7.7,14.7,7.7,14.7,7,77.0,0,35.0
2024,6,00-0036963,A.St. Brown,DET,WR,1,9.7,13.7,9.7,13.7,4,37.0,1,19.0
2024,6,00-0036252,M.Pittman,IND,WR,1,9.5,12.5,9.5,12.5,3,35.0,1,6.0
2024,6,00-0036900,J.Chase,CIN,WR,1,7.2,12.2,7.2,12.2,5,72.0,0,32.0
2024,6,00-0039424,D.Vele,DEN,WR,1,7.8,11.8,7.8,11.8,4,78.0,0,26.0
2024,6,00-0035535,D.Slayton,NYG,WR,1,5.7,11.7,5.7,11.7,6,57.0,0,17.0
2024,6,00-0039868,T.Franklin,DEN,WR,1,9.6,11.6,9.6,11.6,2,31.0,1,0.0
2024,6,00-0032464,K.Raymond,DET,WR,1,7.3,11.3,7.3,11.3,4,73.0,0,55.0
2024,6,00-0039342,X.Legette,CAR,WR,1,8.3,11.3,8.3,11.3,3,23.0,1,2.0
2024,6,00-0036550,R.Bateman,BAL,WR,1,7.1,11.1,7.1,11.1,4,71.0,0,15.0
2024,6,00-0038543,J.Smith-Njigba,SEA,WR,1,5.3,10.3,5.3,10.3,5,53.0,0,21.0
2024,6,00-0038559,M.Wilson,ARI,WR,1,8.1,10.1,8.1,10.1,2,21.0,1,1.0
2024,6,00-0038117,W.Robinson,NYG,WR,1,5.0,10.0,5.0,10.0,5,50.0,0,30.0
2024,6,00-0036183,K.Wilkerson,LV,WR,1,7.8,9.8,7.8,9.8,2,18.0,1,11.0
2024,6,00-0033591,N.Brown,WAS,WR,1,5.8,9.8,5.8,9.8,4,58.0,0,5.0
2024,6,00-0033375,T.Patrick,DET,WR,1,6.8,9.8,6.8,9.8,3,68.0,0,8.0
2024,6,00-0030564,D.Hopkins,TEN,WR,1,5.4,9.4,5.4,9.4,4,54.0,0,0.0
2024,6,00-0032385,S.Shepard,TB,WR,1,5.4,8.4,5.4,8.4,3,23.0,0,8.0
2024,6,00-0039915,L.McConkey,LAC,WR,1,4.3,8.3,4.3,8.3,4,43.0,0,14.0
2024,6,00-0037666,J.Tolbert,DAL,WR,1,4.3,8.3,4.3,8.3,4,43.0,0,7.0
2024,6,00-0037247,G.Pickens,PIT,WR,1,5.3,8.3,5.3,8.3,3,53.0,0,8.0
2024,6,00-0031544,A.Cooper,CLE,WR,1,4.2,8.2,4.2,8.2,4,42.0,0,15.0
2024,6,00-0036182,N.Westbrook-Ikhine,TEN,WR,1,6.9,7.9,6.9,7.9,1,9.0,1,0.0
2024,6,00-0033555,M.Hollins,BUF,WR,1,6.8,7.8,6.8,7.8,1,8.0,1,0.0
2024,6,00-0035640,D.Metcalf,SEA,WR,1,4.8,7.8,4.8,7.8,3,48.0,0,30.0
2024,6,00-0033282,C.Samuel,BUF,WR,1,4.4,7.4,4.4,7.4,3,44.0,0,3.0
2024,6,00-0037801,K.Turpin,DAL,WR,1,3.0,7.0,3.0,7.0,4,24.0,0,11.0
2024,6,00-0034775,C.Kirk,JAX,WR,1,3.9,6.9,3.9,6.9,3,39.0,0,25.0
2024,6,00-0036309,D.Mooney,ATL,WR,1,3.8,6.8,3.8,6.8,3,38.0,0,21.0
2024,6,00-0035208,O.Zaccheaus,WAS,WR,1,2.7,6.7,2.7,6.7,4,27.0,0,14.0
2024,6,00-0035500,G.Dortch,ARI,WR,1,3.6,6.6,3.6,6.6,3,36.0,0,30.0
2024,6,00-0036646,S.Fehoko,LAC,WR,1,4.4,6.4,4.4,6.4,2,44.0,0,3.0
2024,6,00-0034407,R.McCloud,ATL,WR,1,3.3,6.3,3.3,6.3,3,30.0,0,3.0
2024,6,00-0035602,A.Bachman,LV,WR,1,3.1,6.1,3.1,6.1,3,31.0,0,10.0
2024,6,00-0039491,J.Coker,CAR,WR,1,3.0,6.0,3.0,6.0,3,30.0,0,5.0
2024,6,00-0039919,R.Odunze,CHI,WR,1,4.0,6.0,4.0,6.0,2,40.0,0,12.0
2024,6,00-0034827,D.Moore,CHI,WR,1,2.0,6.0,2.0,6.0,4,20.0,0,17.0
2024,6,00-0036988,J.Palmer,LAC,WR,1,3.8,5.8,3.8,5.8,2,38.0,0,12.0
2024,6,00-0036259,J.Jennings,SF,WR,1,2.7,5.7,2.7,5.7,3,27.0,0,8.0
2024,6,00-0036527,D.Turner,LV,WR,1,3.7,5.7,3.7,5.7,2,37.0,0,4.0
2024,6,00-0039893,B.Thomas,JAX,WR,1,2.7,5.7,2.7,5.7,3,27.0,0,17.0
2024,6,00-0036261,B.Aiyuk,SF,WR,1,3.7,5.7,3.7,5.7,2,37.0,0,6.0
2024,6,00-0039901,K.Coleman,BUF,WR,1,2.6,5.6,2.6,5.6,3,26.0,0,19.0
2024,6,00-0037837,C.Austin,PIT,WR,1,3.6,5.6,3.6,5.6,2,36.0,0,1.0
2024,6,00-0038619,A.Iosivas,CIN,WR,1,3.6,5.6,3.6,5.6,2,36.0,0,2.0
2024,6,00-0031408,M.Evans,TB,WR,1,3.4,5.4,3.4,5.4,2,34.0,0,14.0
2024,6,00-0038544,Q.Johnston,LAC,WR,1,2.2,5.2,2.2,5.2,3,22.0,0,22.0
2024,6,00-0038824,R.Miller,TB,WR,1,3.9,4.9,3.9,4.9,1,39.0,0,38.0
2024,6,00-0033009,T.Boyd,TEN,WR,1,1.9,4.9,1.9,4.9,3,19.0,0,16.0
2024,6,00-0034418,C.Wilson,NO,WR,1,2.8,4.8,2.8,4.8,2,28.0,0,12.0
2024,6,00-0036407,J.Jeudy,CLE,WR,1,3.5,4.5,3.5,4.5,1,35.0,0,18.0
2024,6,00-0037091,B.Melton,GB,WR,1,3.3,4.3,3.3,4.3,1,6.0,0,0.0
2024,6,00-0037261,K.Shakir,BUF,WR,1,1.9,3.9,1.9,3.9,2,19.0,0,9.0
2024,6,00-0038752,J.Bobo,SEA,WR,1,1.8,3.8,1.8,3.8,2,18.0,0,8.0
2024,6,00-0033589,D.Moore,CAR,WR,1,1.7,3.7,1.7,3.7,2,17.0,0,8.0
2024,6,00-0031549,N.Agholor,BAL,WR,1,2.5,3.5,2.5,3.5,1,25.0,0,11.0
2024,6,00-0037741,J.Dotson,PHI,WR,1,2.3,3.3,2.3,3.3,1,10.0,0,0.0
2024,6,00-0038573,D.Davis,LAC,WR,1,2.2,3.2,2.2,3.2,1,8.0,0,11.0
2024,6,00-0039890,A.Mitchell,IND,WR,1,0.9,2.9,0.9,2.9,2,9.0,0,8.0
2024,6,00-0033307,K.Bourne,NE,WR,1,0.9,2.9,0.9,2.9,2,9.0,0,7.0
2024,6,00-0039623,M.Tipton,NO,WR,1,1.5,2.5,1.5,2.5,1,15.0,0,7.0
2024,6,00-0038640,J.Brooks,DAL,WR,1,1.5,2.5,1.5,2.5,1,15.0,0,10.0
2024,6,00-0037545,R.Shaheed,NO,WR,1,1.3,2.3,1.3,2.3,1,11.0,0,9.0
2024,6,00-0039410,R.Flournoy,DAL,WR,1,1.2,2.2,1.2,2.2,1,12.0,0,3.0
2024,6,00-0036626,D.Brown,WAS,WR,1,1.1,2.1,1.1,2.1,1,11.0,0,12.0
2024,6,00-0037742,T.Burks,TEN,WR,1,1.0,2.0,1.0,2.0,1,10.0,0,0.0
2024,6,00-0038393,D.Wicks,GB,WR,1,0.9,1.9,0.9,1.9,1,9.0,0,9.0
2024,6,00-0035406,L.Humphrey,DEN,WR,1,0.8,1.8,0.8,1.8,1,8.0,0,4.0
2024,6,00-0038938,J.Hyatt,NYG,WR,1,0.6,1.6,0.6,1.6,1,6.0,0,0.0
2024,6,00-0036877,J.Darden,CLE,WR,1,0.6,1.6,0.6,1.6,1,6.0,0,9.0
2024,6,00-0037239,C.Olave,NO,WR,1,0.5,1.5,0.5,1.5,1,5.0,0,0.0
2024,6,00-0039355,L.McCaffrey,WAS,WR,1,0.5,1.5,0.5,1.5,1,5.0,0,0.0
2024,6,00-0036165,I.Hodgins,NYG,WR,1,0.5,1.5,0.5,1.5,1,5.0,0,0.0
2024,6,00-0039907,J.Polk,NE,WR,1,0.4,1.4,0.4,1.4,1,4.0,0,0.0
2024,6,00-0036980,E.Moore,CLE,WR,1,0.3,1.3,0.3,1.3,1,3.0,0,4.0
2024,6,00-0039062,J.Mingo,CAR,WR,1,0.1,1.1,0.1,1.1,1,1.0,0,1.0
2024,6,00-0034837,C.Ridley,TEN,WR,1,0.9,0.9,0.9,0.9,0,0.0,0,0.0
2024,6,00-0035021,A.Dulin,IND,WR,1,0.0,0.0,0.0,0.0,0,0.0,0,0.0
2024,6,00-0037664,A.Pierce,IND,WR,1,0.0,0.0,0.0,0.0,0,0.0,0,0.0
2024,6,00-0039855,J.McMillan,TB,WR,1,0.0,0.0,0.0,0.0,0,0.0,0,0.0
2024,6,00-0038976,M.Mims,DEN,WR,1,0.0,0.0,0.0,0.0,0,0.0,0,0.0
2024,6,00-0033536,M.Williams,NYJ,WR,1,0.0,0.0,0.0,0.0,0,0.0,0,0.0
2024,6,00-0039849,M.Harrison,ARI,WR,1,0.0,0.0,0.0,0.0,0,0.0,0,0.0
2024,6,00-0031428,A.Robinson,DET,WR,1,0.0,0.0,0.0,0.0,0,0.0,0,0.0
2024,6,00-0038618,X.Hutchinson,HOU,WR,1,0.0,0.0,0.0,0.0,0,0.0,0,0.0
2024,6,00-0036268,L.Shenault,SEA,WR,1,0.0,0.0,0.0,0.0,0,0.0,0,0.0
2024,6,00-0038563,T.Tucker,LV,WR,1,0.0,0.0,0.0,0.0,0,0.0,0,0.0
2024,6,00-0039521,X.Weaver,ARI,WR,1,0.0,0.0,0.0,0.0,0,0.0,0,0.0
2024,6,00-0038979,C.Tillman,CLE,WR,1,-0.5,-0.5,-0.5,-0.5,0,0.0,0,0.0
2024,5,00-0036900,J.Chase,CIN,WR,1,31.3,41.3,31.3,41.3,10,193.0,2,97.0
2024,5,00-0037238,D.London,ATL,WR,1,21.4,33.4,21.4,33.4,12,154.0,1,50.0
2024,5,00-0036309,D.Mooney,ATL,WR,1,22.5,31.5,22.5,31.5,9,105.0,2,27.0
2024,5,00-0036410,T.Higgins,CIN,WR,1,20.3,29.3,20.3,29.3,9,83.0,2,21.0
2024,5,00-0037740,G.Wilson,NYJ,WR,1,16.1,29.1,16.1,29.1,13,101.0,1,49.0
2024,5,00-0034827,D.Moore,CHI,WR,1,22.5,27.5,22.5,27.5,5,105.0,2,44.0
2024,5,00-0035535,D.Slayton,NYG,WR,1,18.2,26.2,18.2,26.2,8,122.0,1,16.0
2024,5,00-0039893,B.Thomas,JAX,WR,1,18.2,23.2,18.2,23.2,5,122.0,1,68.0
2024,5,00-0031408,M.Evans,TB,WR,1,18.2,23.2,18.2,23.2,5,62.0,2,3.0
2024,5,00-0036261,B.Aiyuk,SF,WR,1,14.7,22.7,14.7,22.7,8,147.0,0,54.0
2024,5,00-0037664,A.Pierce,IND,WR,1,19.4,22.4,19.4,22.4,3,134.0,1,36.0
2024,5,00-0037666,J.Tolbert,DAL,WR,1,14.7,21.7,14.7,21.7,7,87.0,1,30.0
2024,5,00-0033857,J.Smith-Schuster,KC,WR,1,13.0,20.0,13.0,20.0,7,130.0,0,82.0
2024,5,00-0039064,Z.Flowers,BAL,WR,1,12.0,19.0,12.0,19.0,7,111.0,0,42.0
2024,5,00-0037545,R.Shaheed,NO,WR,1,14.6,18.6,14.6,18.6,4,86.0,1,12.0
2024,5,00-0038117,W.Robinson,NYG,WR,1,10.0,16.0,10.0,16.0,6,36.0,1,18.0
2024,5,00-0038997,J.Downs,IND,WR,1,6.9,15.9,6.9,15.9,9,69.0,0,13.0
2024,5,00-0039751,J.Whittington,LA,WR,1,8.9,15.9,8.9,15.9,7,89.0,0,52.0
2024,5,00-0036554,N.Collins,HOU,WR,1,13.8,15.8,13.8,15.8,2,78.0,1,24.0
2024,5,00-0036550,R.Bateman,BAL,WR,1,11.8,15.8,11.8,15.8,4,58.0,1,28.0
2024,5,00-0035659,T.McLaurin,WAS,WR,1,11.4,15.4,11.4,15.4,4,112.0,0,29.0
2024,5,00-0036322,J.Jefferson,MIN,WR,1,9.2,15.2,9.2,15.2,6,92.0,0,14.0
2024,5,00-0036252,M.Pittman,IND,WR,1,9.7,14.7,9.7,14.7,5,37.0,1,19.0
2024,5,00-0034854,K.Hodge,ATL,WR,1,12.7,14.7,12.7,14.7,2,67.0,1,45.0
2024,5,00-0031588,S.Diggs,HOU,WR,1,8.2,14.2,8.2,14.2,6,82.0,0,44.0
2024,5,00-0036626,D.Brown,WAS,WR,1,11.7,13.7,11.7,13.7,2,57.0,1,7.0
2024,5,00-0039146,J.Reed,GB,WR,1,9.7,13.7,9.7,13.7,4,78.0,0,21.0
2024,5,00-0034521,A.Lazard,NYJ,WR,1,9.4,13.4,9.4,13.4,4,34.0,1,11.0
2024,5,00-0034960,J.Meyers,LV,WR,1,7.2,13.2,7.2,13.2,6,72.0,0,8.0
2024,5,00-0038543,J.Smith-Njigba,SEA,WR,1,9.1,13.1,9.1,13.1,4,31.0,1,23.0
2024,5,00-0033040,T.Hill,MIA,WR,1,6.9,12.9,6.9,12.9,6,69.0,0,17.0
2024,5,00-0034775,C.Kirk,JAX,WR,1,8.8,12.8,8.8,12.8,4,88.0,0,25.0
2024,5,00-0038559,M.Wilson,ARI,WR,1,7.8,12.8,7.8,12.8,5,78.0,0,24.0
2024,5,00-0034407,R.McCloud,ATL,WR,1,6.6,12.6,6.6,12.6,6,66.0,0,25.0
2024,5,00-0036849,T.Atwell,LA,WR,1,6.5,12.5,6.5,12.5,6,58.0,0,17.0
2024,5,00-0038621,D.Douglas,NE,WR,1,5.9,11.9,5.9,11.9,6,59.0,0,30.0
2024,5,00-0039901,K.Coleman,BUF,WR,1,10.9,11.9,10.9,11.9,1,49.0,1,41.0
2024,5,00-0032775,D.Robinson,LA,WR,1,8.8,11.8,8.8,11.8,3,28.0,1,0.0
2024,5,00-0039894,X.Worthy,KC,WR,1,8.8,11.8,8.8,11.8,3,25.0,0,30.0
2024,5,00-0033921,C.Godwin,TB,WR,1,6.6,11.6,6.6,11.6,5,64.0,0,37.0
2024,5,00-0032211,T.Lockett,SEA,WR,1,7.5,11.5,7.5,11.5,4,75.0,0,13.0
2024,5,00-0036358,C.Lamb,DAL,WR,1,6.4,11.4,6.4,11.4,5,62.0,0,21.0
2024,5,00-0039491,J.Coker,CAR,WR,1,6.8,10.8,6.8,10.8,4,68.0,0,31.0
2024,5,00-0031544,A.Cooper,CLE,WR,1,6.0,10.0,6.0,10.0,4,60.0,0,20.0
2024,5,00-0035640,D.Metcalf,SEA,WR,1,5.5,9.5,5.5,9.5,4,55.0,0,18.0
2024,5,00-0039890,A.Mitchell,IND,WR,1,5.4,9.4,5.4,9.4,4,38.0,0,9.0
2024,5,00-0039919,R.Odunze,CHI,WR,1,4.0,9.0,4.0,9.0,5,40.0,0,28.0
2024,5,00-0036613,J.Waddle,MIA,WR,1,4.6,8.6,4.6,8.6,4,46.0,0,4.0
2024,5,00-0037801,K.Turpin,DAL,WR,1,4.4,8.4,4.4,8.4,4,50.0,0,30.0
2024,5,00-0033943,J.Reynolds,DEN,WR,1,6.9,7.9,6.9,7.9,1,9.0,1,0.0
2024,5,00-0032385,S.Shepard,TB,WR,1,6.4,7.4,6.4,7.4,1,4.0,1,0.0
2024,5,00-0035140,M.Hardman,KC,WR,1,3.3,7.3,3.3,7.3,4,33.0,0,44.0
2024,5,00-0038977,T.Dell,HOU,WR,1,3.3,7.3,3.3,7.3,4,38.0,0,18.0
2024,5,00-0036196,G.Davis,JAX,WR,1,3.8,6.8,3.8,6.8,3,38.0,0,8.0
2024,5,00-0035406,L.Humphrey,DEN,WR,1,4.8,6.8,4.8,6.8,2,48.0,0,32.0
2024,5,00-0038994,J.Addison,MIN,WR,1,3.6,6.6,3.6,6.6,3,36.0,0,2.0
2024,5,00-0030279,K.Allen,CHI,WR,1,3.3,6.3,3.3,6.3,3,33.0,0,12.0
2024,5,00-0035216,D.Johnson,CAR,WR,1,2.9,5.9,2.9,5.9,3,23.0,0,7.0
2024,5,00-0039062,J.Mingo,CAR,WR,1,3.7,5.7,3.7,5.7,2,37.0,0,6.0
2024,5,00-0036415,V.Jefferson,PIT,WR,1,2.6,5.6,2.6,5.6,3,26.0,0,3.0
2024,5,00-0037247,G.Pickens,PIT,WR,1,2.6,5.6,2.6,5.6,3,26.0,0,19.0
2024,5,00-0039849,M.Harrison,ARI,WR,1,3.6,5.6,3.6,5.6,2,36.0,0,3.0
2024,5,00-0038608,K.Boutte,NE,WR,1,3.4,5.4,3.4,5.4,2,34.0,0,2.0
2024,5,00-0034348,C.Sutton,DEN,WR,1,3.2,5.2,3.2,5.2,2,32.0,0,5.0
2024,5,00-0036630,T.Wallace,BAL,WR,1,3.1,5.1,3.1,5.1,2,31.0,0,13.0
2024,5,00-0038618,X.Hutchinson,HOU,WR,1,3.1,5.1,3.1,5.1,2,31.0,0,22.0
2024,5,00-0038619,A.Iosivas,CIN,WR,1,3.9,4.9,3.9,4.9,1,39.0,0,0.0
2024,5,00-0039355,L.McCaffrey,WAS,WR,1,1.9,4.9,1.9,4.9,3,19.0,0,10.0
2024,5,00-0033555,M.Hollins,BUF,WR,1,2.7,4.7,2.7,4.7,2,27.0,0,17.0
2024,5,00-0038563,T.Tucker,LV,WR,1,2.6,4.6,2.6,4.6,2,18.0,0,4.0
2024,5,00-0033536,M.Williams,NYJ,WR,1,2.5,4.5,2.5,4.5,2,25.0,0,3.0
2024,5,00-0036980,E.Moore,CLE,WR,1,1.1,4.1,1.1,4.1,3,11.0,0,5.0
2024,5,00-0038393,D.Wicks,GB,WR,1,2.0,4.0,2.0,4.0,2,20.0,0,7.0
2024,5,00-0038976,M.Mims,DEN,WR,1,2.4,3.4,2.4,3.4,1,7.0,0,9.0
2024,5,00-0038465,M.Heath,GB,WR,1,1.4,3.4,1.4,3.4,2,14.0,0,0.0
2024,5,00-0033589,D.Moore,CAR,WR,1,1.3,3.3,1.3,3.3,2,13.0,0,3.0
2024,5,00-0039868,T.Franklin,DEN,WR,1,2.0,3.0,2.0,3.0,1,20.0,0,0.0
2024,5,00-0037239,C.Olave,NO,WR,1,1.0,3.0,1.0,3.0,2,10.0,0,1.0
2024,5,00-0035719,D.Samuel,SF,WR,1,2.0,3.0,2.0,3.0,1,11.0,0,14.0
2024,5,00-0036527,D.Turner,LV,WR,1,1.7,2.7,1.7,2.7,1,12.0,0,7.0
2024,5,00-0036407,J.Jeudy,CLE,WR,1,1.6,2.6,1.6,2.6,1,16.0,0,0.0
2024,5,00-0038359,X.Smith,LA,WR,1,0.6,2.6,0.6,2.6,2,6.0,0,5.0
2024,5,00-0036259,J.Jennings,SF,WR,1,1.3,2.3,1.3,2.3,1,13.0,0,8.0
2024,5,00-0039907,J.Polk,NE,WR,1,1.3,2.3,1.3,2.3,1,13.0,0,0.0
2024,5,00-0037091,B.Melton,GB,WR,1,1.2,2.2,1.2,2.2,1,12.0,0,4.0
2024,5,00-0038640,J.Brooks,DAL,WR,1,1.0,2.0,1.0,2.0,1,10.0,0,-1.0
2024,5,00-0035208,O.Zaccheaus,WAS,WR,1,1.0,2.0,1.0,2.0,1,10.0,0,6.0
2024,5,00-0037382,B.Johnson,PIT,WR,1,0.9,1.9,0.9,1.9,1,9.0,0,4.0
2024,5,00-0039342,X.Legette,CAR,WR,1,0.8,1.8,0.8,1.8,1,8.0,0,2.0
2024,5,00-0035500,G.Dortch,ARI,WR,1,0.7,1.7,0.7,1.7,1,7.0,0,14.0
2024,5,00-0037837,C.Austin,PIT,WR,1,0.6,1.6,0.6,1.6,1,6.0,0,0.0
2024,5,00-0033307,K.Bourne,NE,WR,1,0.6,1.6,0.6,1.6,1,6.0,0,8.0
2024,5,00-0031549,N.Agholor,BAL,WR,1,0.4,1.4,0.4,1.4,1,4.0,0,2.0
2024,5,00-0038752,J.Bobo,SEA,WR,1,0.3,1.3,0.3,1.3,1,3.0,0,0.0
2024,5,00-0039623,M.Tipton,NO,WR,1,0.2,1.2,0.2,1.2,1,2.0,0,1.0
2024,5,00-0035021,A.Dulin,IND,WR,1,0.9,0.9,0.9,0.9,0,0.0,0,0.0
2024,5,00-0033282,C.Samuel,BUF,WR,1,-0.1,0.9,-0.1,0.9,1,0.0,0,3.0
2024,5,00-0038840,B.Tremayne,WAS,WR,1,-0.2,0.8,-0.2,0.8,1,-2.0,0,0.0
2024,5,00-0036331,D.Duvernay,JAX,WR,1,0.3,0.3,0.3,0.3,0,0.0,0,0.0
2024,5,00-0038477,B.Ford-Wheaton,NYG,WR,1,0.0,0.0,0.0,0.0,0,0.0,0,0.0
2024,5,00-0034272,M.Valdes-Scantling,BUF,WR,1,0.0,0.0,0.0,0.0,0,0.0,0,0.0
2024,5,00-0031235,O.Beckham,MIA,WR,1,0.0,0.0,0.0,0.0,0,0.0,0,0.0
2024,4,00-0036554,N.Collins,HOU,WR,1,21.1,33.1,21.1,33.1,12,151.0,1,64.0
2024,4,00-0039146,J.Reed,GB,WR,1,20.1,27.1,20.1,27.1,7,139.0,1,40.0
2024,4,00-0038393,D.Wicks,GB,WR,1,19.8,24.8,19.8,24.8,5,78.0,2,22.0
2024,4,00-0036358,C.Lamb,DAL,WR,1,16.6,23.6,16.6,23.6,7,98.0,1,48.0
2024,4,00-0031408,M.Evans,TB,WR,1,15.4,23.4,15.4,23.4,8,94.0,1,32.0
2024,4,00-0039337,M.Nabers,NYG,WR,1,11.1,23.1,11.1,23.1,12,115.0,0,29.0
2024,4,00-0038994,J.Addison,MIN,WR,1,19.9,22.9,19.9,22.9,3,72.0,1,1.0
2024,4,00-0038997,J.Downs,IND,WR,1,14.2,22.2,14.2,22.2,8,82.0,1,36.0
2024,4,00-0039893,B.Thomas,JAX,WR,1,15.9,21.9,15.9,21.9,6,86.0,1,20.0
2024,4,00-0035216,D.Johnson,CAR,WR,1,14.3,21.3,14.3,21.3,7,83.0,1,10.0
2024,4,00-0036963,A.St. Brown,DET,WR,1,14.85,20.85,14.85,20.85,6,45.0,1,15.0
2024,4,00-0036322,J.Jefferson,MIN,WR,1,14.5,20.5,14.5,20.5,6,85.0,1,28.0
2024,4,00-0039342,X.Legette,CAR,WR,1,13.6,19.6,13.6,19.6,6,66.0,1,18.0
2024,4,00-0034775,C.Kirk,JAX,WR,1,12.1,19.1,12.1,19.1,7,61.0,1,10.0
2024,4,00-0031588,S.Diggs,HOU,WR,1,13.5,18.5,13.5,18.5,5,69.0,0,27.0
2024,4,00-0037247,G.Pickens,PIT,WR,1,11.3,18.3,11.3,18.3,7,113.0,0,22.0
2024,4,00-0035659,T.McLaurin,WAS,WR,1,11.2,18.2,11.2,18.2,7,52.0,1,6.0
2024,4,00-0038117,W.Robinson,NYG,WR,1,7.1,18.1,7.1,18.1,11,71.0,0,37.0
2024,4,00-0039915,L.McConkey,LAC,WR,1,12.7,17.7,12.7,17.7,5,67.0,1,51.0
2024,4,00-0037545,R.Shaheed,NO,WR,1,9.7,17.7,9.7,17.7,8,83.0,0,20.0
2024,4,00-0036900,J.Chase,CIN,WR,1,14.5,17.5,14.5,17.5,3,85.0,1,64.0
2024,4,00-0035640,D.Metcalf,SEA,WR,1,10.4,17.4,10.4,17.4,7,104.0,0,31.0
2024,4,00-0036252,M.Pittman,IND,WR,1,11.3,17.3,11.3,17.3,6,113.0,0,34.0
2024,4,00-0037239,C.Olave,NO,WR,1,8.7,16.7,8.7,16.7,8,87.0,0,39.0
2024,4,00-0039894,X.Worthy,KC,WR,1,13.3,16.3,13.3,16.3,3,73.0,1,13.0
2024,4,00-0037240,J.Williams,DET,WR,1,14.0,16.0,14.0,16.0,2,80.0,1,56.0
2024,4,00-0039849,M.Harrison,ARI,WR,1,10.5,15.5,10.5,15.5,5,45.0,1,6.0
2024,4,00-0038563,T.Tucker,LV,WR,1,10.4,15.4,10.4,15.4,5,41.0,0,17.0
2024,4,00-0034348,C.Sutton,DEN,WR,1,12.0,15.0,12.0,15.0,3,60.0,1,13.0
2024,4,00-0035208,O.Zaccheaus,WAS,WR,1,8.5,14.5,8.5,14.5,6,85.0,0,70.0
2024,4,00-0036407,J.Jeudy,CLE,WR,1,7.2,13.2,7.2,13.2,6,72.0,0,11.0
2024,4,00-0038543,J.Smith-Njigba,SEA,WR,1,5.1,13.1,5.1,13.1,8,51.0,0,21.0
2024,4,00-0033921,C.Godwin,TB,WR,1,6.9,12.9,6.9,12.9,6,69.0,0,50.0
2024,4,00-0037238,D.London,ATL,WR,1,6.4,12.4,6.4,12.4,6,64.0,0,11.0
2024,4,00-0036849,T.Atwell,LA,WR,1,8.2,12.2,8.2,12.2,4,82.0,0,10.0
2024,4,00-0039751,J.Whittington,LA,WR,1,6.2,12.2,6.2,12.2,6,62.0,0,25.0
2024,4,00-0036410,T.Higgins,CIN,WR,1,6.0,12.0,6.0,12.0,6,60.0,0,16.0
2024,4,00-0036259,J.Jennings,SF,WR,1,8.8,11.8,8.8,11.8,3,88.0,0,20.0
2024,4,00-0035639,P.Campbell,PHI,WR,1,7.7,11.7,7.7,11.7,4,17.0,1,7.0
2024,4,00-0039052,T.Palmer,TB,WR,1,8.6,11.6,8.6,11.6,3,26.0,1,19.0
2024,4,00-0034827,D.Moore,CHI,WR,1,8.2,11.2,8.2,11.2,3,22.0,1,4.0
2024,4,00-0034407,R.McCloud,ATL,WR,1,5.2,11.2,5.2,11.2,6,52.0,0,27.0
2024,4,00-0032211,T.Lockett,SEA,WR,1,6.1,11.1,6.1,11.1,5,61.0,0,21.0
2024,4,00-0034521,A.Lazard,NYJ,WR,1,5.8,10.8,5.8,10.8,5,58.0,0,18.0
2024,4,00-0033536,M.Williams,NYJ,WR,1,6.7,10.7,6.7,10.7,4,67.0,0,6.0
2024,4,00-0037261,K.Shakir,BUF,WR,1,6.2,10.2,6.2,10.2,4,62.0,0,24.0
2024,4,00-0035719,D.Samuel,SF,WR,1,7.2,10.2,7.2,10.2,3,58.0,0,13.0
2024,4,00-0034960,J.Meyers,LV,WR,1,4.9,9.9,4.9,9.9,5,49.0,0,24.0
2024,4,00-0037740,G.Wilson,NYJ,WR,1,4.1,9.1,4.1,9.1,5,41.0,0,14.0
2024,4,00-0035535,D.Slayton,NYG,WR,1,5.6,8.6,5.6,8.6,3,56.0,0,9.0
2024,4,00-0036309,D.Mooney,ATL,WR,1,5.6,8.6,5.6,8.6,3,56.0,0,6.0
2024,4,00-0033040,T.Hill,MIA,WR,1,4.2,8.2,4.2,8.2,4,23.0,0,4.0
2024,4,00-0039901,K.Coleman,BUF,WR,1,5.1,8.1,5.1,8.1,3,51.0,0,5.0
2024,4,00-0032385,S.Shepard,TB,WR,1,5.1,8.1,5.1,8.1,3,51.0,0,8.0
2024,4,00-0037816,R.Doubs,GB,WR,1,3.9,7.9,3.9,7.9,4,39.0,0,3.0
2024,4,00-0036527,D.Turner,LV,WR,1,7.8,7.8,7.8,7.8,0,0.0,0,0.0
2024,4,00-0035500,G.Dortch,ARI,WR,1,3.8,7.8,3.8,7.8,4,38.0,0,27.0
2024,4,00-0036613,J.Waddle,MIA,WR,1,3.6,7.6,3.6,7.6,4,36.0,0,23.0
2024,4,00-0031544,A.Cooper,CLE,WR,1,3.5,7.5,3.5,7.5,4,35.0,0,4.0
2024,4,00-0033375,T.Patrick,DET,WR,1,5.2,7.2,5.2,7.2,2,52.0,0,29.0
2024,4,00-0036261,B.Aiyuk,SF,WR,1,4.8,6.8,4.8,6.8,2,48.0,0,20.0
2024,4,00-0038559,M.Wilson,ARI,WR,1,3.8,6.8,3.8,6.8,3,38.0,0,6.0
2024,4,00-0036988,J.Palmer,LAC,WR,1,3.6,6.6,3.6,6.6,3,36.0,0,5.0
2024,4,00-0039907,J.Polk,NE,WR,1,3.0,6.0,3.0,6.0,3,30.0,0,3.0
2024,4,00-0038752,J.Bobo,SEA,WR,1,3.0,6.0,3.0,6.0,3,30.0,0,6.0
2024,4,00-0032775,D.Robinson,LA,WR,1,3.7,5.7,3.7,5.7,2,37.0,0,2.0
2024,4,00-0033591,N.Brown,WAS,WR,1,2.6,5.6,2.6,5.6,3,26.0,0,2.0
2024,4,00-0039062,J.Mingo,CAR,WR,1,2.4,5.4,2.4,5.4,3,24.0,0,22.0
2024,4,00-0037666,J.Tolbert,DAL,WR,1,2.4,5.4,2.4,5.4,3,24.0,0,5.0
2024,4,00-0033009,T.Boyd,TEN,WR,1,3.1,5.1,3.1,5.1,2,31.0,0,10.0
2024,4,00-0030564,D.Hopkins,TEN,WR,1,3.1,5.1,3.1,5.1,2,31.0,0,0.0
2024,4,00-0030279,K.Allen,CHI,WR,1,1.9,4.9,1.9,4.9,3,19.0,0,12.0
2024,4,00-0034386,J.Watson,KC,WR,1,2.7,4.7,2.7,4.7,2,27.0,0,4.0
2024,4,00-0038621,D.Douglas,NE,WR,1,1.3,4.3,1.3,4.3,3,13.0,0,5.0
2024,4,00-0037291,J.Nailor,MIN,WR,1,3.1,4.1,3.1,4.1,1,31.0,0,11.0
2024,4,00-0036415,V.Jefferson,PIT,WR,1,2.1,4.1,2.1,4.1,2,21.0,0,14.0
2024,4,00-0038619,A.Iosivas,CIN,WR,1,2.9,3.9,2.9,3.9,1,29.0,0,2.0
2024,4,00-0037091,B.Melton,GB,WR,1,2.8,3.8,2.8,3.8,1,28.0,0,1.0
2024,4,00-0037348,T.Conner,MIA,WR,1,1.5,3.5,1.5,3.5,2,15.0,0,5.0
2024,4,00-0033282,C.Samuel,BUF,WR,1,1.5,3.5,1.5,3.5,2,8.0,0,0.0
2024,4,00-0036550,R.Bateman,BAL,WR,1,2.3,3.3,2.3,3.3,1,23.0,0,1.0
2024,4,00-0038465,M.Heath,GB,WR,1,1.2,3.2,1.2,3.2,2,12.0,0,5.0
2024,4,00-0037741,J.Dotson,PHI,WR,1,1.1,3.1,1.1,3.1,2,11.0,0,6.0
2024,4,00-0031549,N.Agholor,BAL,WR,1,1.0,3.0,1.0,3.0,2,10.0,0,1.0
2024,4,00-0036268,L.Shenault,SEA,WR,1,1.8,2.8,1.8,2.8,1,18.0,0,19.0
2024,4,00-0037837,C.Austin,PIT,WR,1,1.7,2.7,1.7,2.7,1,17.0,0,3.0
2024,4,00-0039355,L.McCaffrey,WAS,WR,1,1.7,2.7,1.7,2.7,1,17.0,0,4.0
2024,4,00-0031236,B.Cooks,DAL,WR,1,1.6,2.6,1.6,2.6,1,16.0,0,9.0
2024,4,00-0034837,C.Ridley,TEN,WR,1,1.5,2.5,1.5,2.5,1,5.0,0,9.0
2024,4,00-0038544,Q.Johnston,LAC,WR,1,1.3,2.3,1.3,2.3,1,9.0,0,1.0
2024,4,00-0037742,T.Burks,TEN,WR,1,1.3,2.3,1.3,2.3,1,13.0,0,0.0
2024,4,00-0038608,K.Boutte,NE,WR,1,1.1,2.1,1.1,2.1,1,11.0,0,7.0
2024,4,00-0036980,E.Moore,CLE,WR,1,1.1,2.1,1.1,2.1,1,11.0,0,6.0
2024,4,00-0030431,R.Woods,HOU,WR,1,1.0,2.0,1.0,2.0,1,10.0,0,5.0
2024,4,00-0039919,R.Odunze,CHI,WR,1,1.0,2.0,1.0,2.0,1,10.0,0,6.0
2024,4,00-0039064,Z.Flowers,BAL,WR,1,1.0,2.0,1.0,2.0,1,10.0,0,12.0
2024,4,00-0037664,A.Pierce,IND,WR,1,0.9,1.9,0.9,1.9,1,9.0,0,0.0
2024,4,00-0032464,K.Raymond,DET,WR,1,0.9,1.9,0.9,1.9,1,9.0,0,12.0
2024,4,00-0039868,T.Franklin,DEN,WR,1,-0.2,1.8,-0.2,1.8,2,-2.0,0,4.0
2024,4,00-0034487,T.Sherfield,MIN,WR,1,0.8,1.8,0.8,1.8,1,8.0,0,1.0
2024,4,00-0039880,M.Washington,MIA,WR,1,0.8,1.8,0.8,1.8,1,8.0,0,3.0
2024,4,00-0037614,J.Metchie,HOU,WR,1,0.7,1.7,0.7,1.7,1,7.0,0,9.0
2024,4,00-0039623,M.Tipton,NO,WR,1,0.6,1.6,0.6,1.6,1,6.0,0,1.0
2024,4,00-0038496,X.Gipson,NYJ,WR,1,0.6,1.6,0.6,1.6,1,6.0,0,6.0
2024,4,00-0033460,J.Ross,PHI,WR,1,0.6,1.6,0.6,1.6,1,6.0,0,2.0
2024,4,00-0033555,M.Hollins,BUF,WR,1,0.5,1.5,0.5,1.5,1,5.0,0,-1.0
2024,4,00-0036626,D.Brown,WAS,WR,1,0.4,1.4,0.4,1.4,1,4.0,0,0.0
2024,4,00-0036133,J.Proche,CLE,WR,1,0.3,1.3,0.3,1.3,1,3.0,0,4.0
2024,4,00-0036345,K.Osborn,NE,WR,1,0.3,1.3,0.3,1.3,1,3.0,0,0.0
2024,4,00-0039890,A.Mitchell,IND,WR,1,1.0,1.0,1.0,1.0,0,0.0,0,0.0
2024,4,00-0036196,G.Davis,JAX,WR,1,-0.2,0.8,-0.2,0.8,1,-2.0,0,-6.0
2024,4,00-0038104,T.Thornton,NE,WR,1,0.0,0.0,0.0,0.0,0,0.0,0,0.0
2024,4,00-0039491,J.Coker,CAR,WR,1,0.0,0.0,0.0,0.0,0,0.0,0,0.0
2024,4,00-0034646,B.Powell,MIN,WR,1,0.0,0.0,0.0,0.0,0,0.0,0,0.0
2024,4,00-0035406,L.Humphrey,DEN,WR,1,0.0,0.0,0.0,0.0,0,0.0,0,0.0
2024,4,00-0034272,M.Valdes-Scantling,BUF,WR,1,0.0,0.0,0.0,0.0,0,0.0,0,0.0
2024,4,00-0039236,J.Wilson,PHI,WR,1,0.0,0.0,0.0,0.0,0,0.0,0,0.0
2024,4,00-0036427,T.Johnson,LA,WR,1,0.0,0.0,0.0,0.0,0,0.0,0,0.0
2024,4,00-0033943,J.Reynolds,DEN,WR,1,0.0,0.0,0.0,0.0,0,0.0,0,0.0
2024,4,00-0032128,C.Conley,SF,WR,1,0.0,0.0,0.0,0.0,0,0.0,0,0.0
2024,4,00-0038090,S.Moore,KC,WR,1,0.0,0.0,0.0,0.0,0,0.0,0,0.0
2024,4,00-0034854,K.Hodge,ATL,WR,1,0.0,0.0,0.0,0.0,0,0.0,0,0.0
2024,4,00-0038938,J.Hyatt,NYG,WR,1,0.0,0.0,0.0,0.0,0,0.0,0,0.0
2024,4,00-0034928,S.Sims,HOU,WR,1,0.0,0.0,0.0,0.0,0,0.0,0,0.0
2024,4,00-0038124,C.Watson,GB,WR,1,0.0,0.0,0.0,0.0,0,0.0,0,0.0
2024,4,00-0039589,K.Johnson,TB,WR,1,0.0,0.0,0.0,0.0,0,0.0,0,0.0
2024,3,00-0036259,J.Jennings,SF,WR,1,35.5,46.5,35.5,46.5,11,175.0,3,26.0
2024,3,00-0036900,J.Chase,CIN,WR,1,23.8,29.8,23.8,29.8,6,118.0,2,32.0
2024,3,00-0039067,R.Rice,KC,WR,1,17.1,29.1,17.1,29.1,12,110.0,1,66.0
2024,3,00-0039337,M.Nabers,NYG,WR,1,20.2,28.2,20.2,28.2,8,78.0,2,19.0
2024,3,00-0031544,A.Cooper,CLE,WR,1,20.6,27.6,20.6,27.6,7,86.0,2,10.0
2024,3,00-0035216,D.Johnson,CAR,WR,1,18.2,26.2,18.2,26.2,8,122.0,1,50.0
2024,3,00-0039919,R.Odunze,CHI,WR,1,17.4,23.4,17.4,23.4,6,112.0,1,22.0
2024,3,00-0038563,T.Tucker,LV,WR,1,15.6,22.6,15.6,22.6,7,96.0,1,41.0
2024,3,00-0037239,C.Olave,NO,WR,1,14.6,20.6,14.6,20.6,6,86.0,1,11.0
2024,3,00-0036963,A.St. Brown,DET,WR,1,13.5,20.5,13.5,20.5,7,75.0,1,16.0
2024,3,00-0035640,D.Metcalf,SEA,WR,1,16.4,20.4,16.4,20.4,4,104.0,1,39.0
2024,3,00-0036322,J.Jefferson,MIN,WR,1,14.1,20.1,14.1,20.1,6,81.0,1,13.0
2024,3,00-0031588,S.Diggs,HOU,WR,1,10.05,20.05,10.05,20.05,10,94.0,0,31.0
2024,3,00-0035659,T.McLaurin,WAS,WR,1,16.0,20.0,16.0,20.0,4,100.0,1,11.0
2024,3,00-0037837,C.Austin,PIT,WR,1,15.5,19.5,15.5,19.5,4,95.0,1,60.0
2024,3,00-0030564,D.Hopkins,TEN,WR,1,13.3,19.3,13.3,19.3,6,73.0,1,5.0
2024,3,00-0037261,K.Shakir,BUF,WR,1,13.2,19.2,13.2,19.2,6,72.0,1,76.0
2024,3,00-0034960,J.Meyers,LV,WR,1,12.2,19.2,12.2,19.2,7,62.0,1,11.0
2024,3,00-0037238,D.London,ATL,WR,1,12.7,18.7,12.7,18.7,6,67.0,1,30.0
2024,3,00-0039849,M.Harrison,ARI,WR,1,12.4,17.4,12.4,17.4,5,64.0,1,2.0
2024,3,00-0033921,C.Godwin,TB,WR,1,11.3,17.3,11.3,17.3,6,53.0,1,29.0
2024,3,00-0038619,A.Iosivas,CIN,WR,1,11.2,16.2,11.2,16.2,5,52.0,1,8.0
2024,3,00-0034775,C.Kirk,JAX,WR,1,7.9,15.9,7.9,15.9,8,79.0,0,21.0
2024,3,00-0034827,D.Moore,CHI,WR,1,7.2,15.2,7.2,15.2,8,78.0,0,17.0
2024,3,00-0036912,D.Smith,PHI,WR,1,7.9,14.9,7.9,14.9,7,79.0,0,23.0
2024,3,00-0038621,D.Douglas,NE,WR,1,7.8,14.8,7.8,14.8,7,69.0,0,24.0
2024,3,00-0036309,D.Mooney,ATL,WR,1,6.6,14.6,6.6,14.6,8,66.0,0,42.0
2024,3,00-0038559,M.Wilson,ARI,WR,1,6.4,14.4,6.4,14.4,8,64.0,0,10.0
2024,3,00-0037740,G.Wilson,NYJ,WR,1,9.3,14.3,9.3,14.3,5,33.0,1,15.0
2024,3,00-0037801,K.Turpin,DAL,WR,1,11.2,14.2,11.2,14.2,3,51.0,1,5.0
2024,3,00-0034348,C.Sutton,DEN,WR,1,6.8,13.8,6.8,13.8,7,68.0,0,3.0
2024,3,00-0034521,A.Lazard,NYJ,WR,1,10.8,13.8,10.8,13.8,3,48.0,1,39.0
2024,3,00-0036849,T.Atwell,LA,WR,1,9.3,13.3,9.3,13.3,4,93.0,0,22.0
2024,3,00-0037666,J.Tolbert,DAL,WR,1,10.2,13.2,10.2,13.2,3,42.0,1,3.0
2024,3,00-0038117,W.Robinson,NYG,WR,1,6.1,13.1,6.1,13.1,7,61.0,0,48.0
2024,3,00-0030035,A.Thielen,CAR,WR,1,10.0,13.0,10.0,13.0,3,40.0,1,5.0
2024,3,00-0036554,N.Collins,HOU,WR,1,8.6,12.6,8.6,12.6,4,86.0,0,48.0
2024,3,00-0037291,J.Nailor,MIN,WR,1,9.4,12.4,9.4,12.4,3,31.0,1,4.0
2024,3,00-0038544,Q.Johnston,LAC,WR,1,10.4,12.4,10.4,12.4,2,44.0,1,21.0
2024,3,00-0036550,R.Bateman,BAL,WR,1,8.8,11.8,8.8,11.8,3,28.0,1,6.0
2024,3,00-0038977,T.Dell,HOU,WR,1,6.2,11.2,6.2,11.2,5,62.0,0,19.0
2024,3,00-0039146,J.Reed,GB,WR,1,6.9,10.9,6.9,10.9,4,50.0,0,49.0
2024,3,00-0036358,C.Lamb,DAL,WR,1,6.7,10.7,6.7,10.7,4,67.0,0,17.0
2024,3,00-0037247,G.Pickens,PIT,WR,1,5.7,10.7,5.7,10.7,5,57.0,0,6.0
2024,3,00-0039893,B.Thomas,JAX,WR,1,4.8,9.8,4.8,9.8,5,48.0,0,31.0
2024,3,00-0036261,B.Aiyuk,SF,WR,1,4.8,9.8,4.8,9.8,5,48.0,0,15.0
2024,3,00-0033857,J.Smith-Schuster,KC,WR,1,7.7,9.7,7.7,9.7,2,17.0,1,9.0
2024,3,00-0035406,L.Humphrey,DEN,WR,1,3.7,9.7,3.7,9.7,6,37.0,0,20.0
2024,3,00-0032211,T.Lockett,SEA,WR,1,4.6,9.6,4.6,9.6,5,46.0,0,14.0
2024,3,00-0039901,K.Coleman,BUF,WR,1,8.4,9.4,8.4,9.4,1,24.0,1,5.0
2024,3,00-0038124,C.Watson,GB,WR,1,6.7,8.7,6.7,8.7,2,67.0,0,20.0
2024,3,00-0031381,D.Adams,LV,WR,1,4.0,8.0,4.0,8.0,4,40.0,0,9.0
2024,3,00-0036252,M.Pittman,IND,WR,1,3.6,7.6,3.6,7.6,4,36.0,0,17.0
2024,3,00-0039355,L.McCaffrey,WAS,WR,1,4.4,7.4,4.4,7.4,3,44.0,0,17.0
2024,3,00-0039915,L.McConkey,LAC,WR,1,4.4,7.4,4.4,7.4,3,44.0,0,8.0
2024,3,00-0033040,T.Hill,MIA,WR,1,4.0,7.0,4.0,7.0,3,40.0,0,10.0
2024,3,00-0038543,J.Smith-Njigba,SEA,WR,1,3.9,6.9,3.9,6.9,3,39.0,0,27.0
2024,3,00-0036410,T.Higgins,CIN,WR,1,3.9,6.9,3.9,6.9,3,39.0,0,8.0
2024,3,00-0036407,J.Jeudy,CLE,WR,1,2.7,6.7,2.7,6.7,4,27.0,0,3.0
2024,3,00-0031549,N.Agholor,BAL,WR,1,5.6,6.6,5.6,6.6,1,56.0,0,50.0
2024,3,00-0036613,J.Waddle,MIA,WR,1,2.6,6.6,2.6,6.6,4,26.0,0,20.0
2024,3,00-0035500,G.Dortch,ARI,WR,1,3.5,6.5,3.5,6.5,3,35.0,0,23.0
2024,3,00-0033536,M.Williams,NYJ,WR,1,3.4,6.4,3.4,6.4,3,34.0,0,8.0
2024,3,00-0033009,T.Boyd,TEN,WR,1,3.3,6.3,3.3,6.3,3,33.0,0,17.0
2024,3,00-0039342,X.Legette,CAR,WR,1,4.2,6.2,4.2,6.2,2,42.0,0,26.0
2024,3,00-0033591,N.Brown,WAS,WR,1,2.9,5.9,2.9,5.9,3,29.0,0,10.0
2024,3,00-0039751,J.Whittington,LA,WR,1,2.8,5.8,2.8,5.8,3,28.0,0,23.0
2024,3,00-0034407,R.McCloud,ATL,WR,1,3.7,5.7,3.7,5.7,2,17.0,0,15.0
2024,3,00-0033943,J.Reynolds,DEN,WR,1,3.6,5.6,3.6,5.6,2,36.0,0,9.0
2024,3,00-0037664,A.Pierce,IND,WR,1,4.4,5.4,4.4,5.4,1,44.0,0,7.0
2024,3,00-0039064,Z.Flowers,BAL,WR,1,2.3,5.3,2.3,5.3,3,20.0,0,17.0
2024,3,00-0031763,D.Carter,CHI,WR,1,2.2,5.2,2.2,5.2,3,22.0,0,18.0
2024,3,00-0038997,J.Downs,IND,WR,1,2.2,5.2,2.2,5.2,3,22.0,0,19.0
2024,3,00-0033282,C.Samuel,BUF,WR,1,2.2,5.2,2.2,5.2,3,22.0,0,22.0
2024,3,00-0035298,S.Miller,PIT,WR,1,3.1,5.1,3.1,5.1,2,31.0,0,22.0
2024,3,00-0036427,T.Johnson,LA,WR,1,2.0,5.0,2.0,5.0,3,20.0,0,3.0
2024,3,00-0039894,X.Worthy,KC,WR,1,3.0,5.0,3.0,5.0,2,17.0,0,19.0
2024,3,00-0039062,J.Mingo,CAR,WR,1,2.0,5.0,2.0,5.0,3,18.0,0,18.0
2024,3,00-0032775,D.Robinson,LA,WR,1,3.2,4.2,3.2,4.2,1,32.0,0,10.0
2024,3,00-0036620,D.Eskridge,MIA,WR,1,3.0,4.0,3.0,4.0,1,30.0,0,17.0
2024,3,00-0036196,G.Davis,JAX,WR,1,1.8,3.8,1.8,3.8,2,18.0,0,-1.0
2024,3,00-0030431,R.Woods,HOU,WR,1,1.8,3.8,1.8,3.8,2,18.0,0,20.0
2024,3,00-0038606,P.Washington,JAX,WR,1,1.8,3.8,1.8,3.8,2,18.0,0,0.0
2024,3,00-0036980,E.Moore,CLE,WR,1,1.7,3.7,1.7,3.7,2,17.0,0,9.0
2024,3,00-0031408,M.Evans,TB,WR,1,1.7,3.7,1.7,3.7,2,17.0,0,3.0
2024,3,00-0038496,X.Gipson,NYJ,WR,1,1.6,3.6,1.6,3.6,2,16.0,0,14.0
2024,3,00-0036626,D.Brown,WAS,WR,1,1.6,3.6,1.6,3.6,2,16.0,0,19.0
2024,3,00-0031236,B.Cooks,DAL,WR,1,1.6,3.6,1.6,3.6,2,16.0,0,0.0
2024,3,00-0038640,J.Brooks,DAL,WR,1,2.4,3.4,2.4,3.4,1,24.0,0,16.0
2024,3,00-0035639,P.Campbell,PHI,WR,1,1.3,3.3,1.3,3.3,2,13.0,0,2.0
2024,3,00-0039907,J.Polk,NE,WR,1,1.3,3.3,1.3,3.3,2,13.0,0,0.0
2024,3,00-0039623,M.Tipton,NO,WR,1,1.1,3.1,1.1,3.1,2,11.0,0,5.0
2024,3,00-0039868,T.Franklin,DEN,WR,1,1.1,3.1,1.1,3.1,2,11.0,0,16.0
2024,3,00-0037816,R.Doubs,GB,WR,1,1.8,2.8,1.8,2.8,1,18.0,0,2.0
2024,3,00-0037741,J.Dotson,PHI,WR,1,0.8,2.8,0.8,2.8,2,8.0,0,7.0
2024,3,00-0036646,S.Fehoko,LAC,WR,1,1.7,2.7,1.7,2.7,1,17.0,0,7.0
2024,3,00-0033555,M.Hollins,BUF,WR,1,1.6,2.6,1.6,2.6,1,16.0,0,10.0
2024,3,00-0034646,B.Powell,MIN,WR,1,1.3,2.3,1.3,2.3,1,13.0,0,0.0
2024,3,00-0034386,J.Watson,KC,WR,1,1.3,2.3,1.3,2.3,1,13.0,0,0.0
2024,3,00-0038647,R.Bell,SF,WR,1,1.2,2.2,1.2,2.2,1,12.0,0,-3.0
2024,3,00-0037132,B.Covey,PHI,WR,1,1.1,2.1,1.1,2.1,1,11.0,0,16.0
2024,3,00-0038976,M.Mims,DEN,WR,1,0.9,1.9,0.9,1.9,1,9.0,0,0.0
2024,3,00-0034837,C.Ridley,TEN,WR,1,0.9,1.9,0.9,1.9,1,9.0,0,3.0
2024,3,00-0039236,J.Wilson,PHI,WR,1,0.9,1.9,0.9,1.9,1,9.0,0,6.0
2024,3,00-0037742,T.Burks,TEN,WR,1,0.9,1.9,0.9,1.9,1,9.0,0,6.0
2024,3,00-0034487,T.Sherfield,MIN,WR,1,0.8,1.8,0.8,1.8,1,8.0,0,3.0
2024,3,00-0033375,T.Patrick,DET,WR,1,0.8,1.8,0.8,1.8,1,8.0,0,1.0
2024,3,00-0035535,D.Slayton,NYG,WR,1,0.7,1.7,0.7,1.7,1,7.0,0,0.0
2024,3,00-0034272,M.Valdes-Scantling,BUF,WR,1,0.7,1.7,0.7,1.7,1,7.0,0,1.0
2024,3,00-0039855,J.McMillan,TB,WR,1,0.6,1.6,0.6,1.6,1,6.0,0,5.0
2024,3,00-0038979,C.Tillman,CLE,WR,1,0.4,1.4,0.4,1.4,1,4.0,0,0.0
2024,3,00-0034418,C.Wilson,NO,WR,1,0.3,1.3,0.3,1.3,1,3.0,0,10.0
2024,3,00-0036268,L.Shenault,SEA,WR,1,0.2,1.2,0.2,1.2,1,2.0,0,6.0
2024,3,00-0038608,K.Boutte,NE,WR,1,0.2,1.2,0.2,1.2,1,2.0,0,0.0
2024,3,00-0037240,J.Williams,DET,WR,1,0.2,1.2,0.2,1.2,1,9.0,0,14.0
2024,3,00-0037348,T.Conner,MIA,WR,1,0.1,1.1,0.1,1.1,1,1.0,0,0.0
2024,3,00-0036331,D.Duvernay,JAX,WR,1,-0.1,0.9,-0.1,0.9,1,-1.0,0,2.0
2024,3,00-0038573,D.Davis,LAC,WR,1,0.8,0.8,0.8,0.8,0,0.0,0,0.0
2024,3,00-0038938,J.Hyatt,NYG,WR,1,0.0,0.0,0.0,0.0,0,0.0,0,0.0
2024,3,00-0035021,A.Dulin,IND,WR,1,0.0,0.0,0.0,0.0,0,0.0,0,0.0
2024,3,00-0038393,D.Wicks,GB,WR,1,0.0,0.0,0.0,0.0,0,0.0,0,0.0
2024,3,00-0038618,X.Hutchinson,HOU,WR,1,0.0,0.0,0.0,0.0,0,0.0,0,0.0
2024,3,00-0038104,T.Thornton,NE,WR,1,0.0,0.0,0.0,0.0,0,0.0,0,0.0
2024,3,00-0039890,A.Mitchell,IND,WR,1,0.0,0.0,0.0,0.0,0,0.0,0,0.0
2024,3,00-0039052,T.Palmer,TB,WR,1,0.0,0.0,0.0,0.0,0,0.0,0,0.0
2024,3,00-0037545,R.Shaheed,NO,WR,1,0.0,0.0,0.0,0.0,0,0.0,0,0.0
2024,3,00-0038092,E.Ezukanma,MIA,WR,1,0.0,0.0,0.0,0.0,0,0.0,0,0.0
2024,3,00-0034419,B.Berrios,MIA,WR,1,0.0,0.0,0.0,0.0,0,0.0,0,0.0
2024,2,00-0039849,M.Harrison,ARI,WR,1,25.0,29.0,25.0,29.0,4,130.0,2,29.0
2024,2,00-0035640,D.Metcalf,SEA,WR,1,18.9,28.9,18.9,28.9,10,129.0,1,61.0
2024,2,00-0039337,M.Nabers,NYG,WR,1,18.7,28.7,18.7,28.7,10,127.0,1,86.0
2024,2,00-0036554,N.Collins,HOU,WR,1,19.5,27.5,19.5,27.5,8,135.0,1,43.0
2024,2,00-0031381,D.Adams,LV,WR,1,17.0,26.0,17.0,26.0,9,110.0,1,12.0
2024,2,00-0034837,C.Ridley,TEN,WR,1,20.7,24.7,20.7,24.7,4,77.0,1,14.0
2024,2,00-0033921,C.Godwin,TB,WR,1,17.7,24.7,17.7,24.7,7,117.0,1,61.0
2024,2,00-0038543,J.Smith-Njigba,SEA,WR,1,11.7,23.7,11.7,23.7,12,117.0,0,41.0
2024,2,00-0036322,J.Jefferson,MIN,WR,1,19.3,23.3,19.3,23.3,4,133.0,1,60.0
2024,2,00-0036963,A.St. Brown,DET,WR,1,11.9,22.9,11.9,22.9,11,119.0,0,29.0
2024,2,00-0038544,Q.Johnston,LAC,WR,1,17.1,22.1,17.1,22.1,5,51.0,2,13.0
2024,2,00-0039064,Z.Flowers,BAL,WR,1,15.1,22.1,15.1,22.1,7,91.0,1,22.0
2024,2,00-0037545,R.Shaheed,NO,WR,1,16.9,20.9,16.9,20.9,4,96.0,1,35.0
2024,2,00-0036912,D.Smith,PHI,WR,1,13.6,20.6,13.6,20.6,7,76.0,1,3.0
2024,2,00-0036358,C.Lamb,DAL,WR,1,15.0,19.0,15.0,19.0,4,90.0,1,57.0
2024,2,00-0039067,R.Rice,KC,WR,1,13.5,18.5,13.5,18.5,5,75.0,1,47.0
2024,2,00-0035719,D.Samuel,SF,WR,1,10.0,18.0,10.0,18.0,8,110.0,0,19.0
2024,2,00-0036309,D.Mooney,ATL,WR,1,14.8,17.8,14.8,17.8,3,88.0,1,34.0
2024,2,00-0037238,D.London,ATL,WR,1,11.4,17.4,11.4,17.4,6,54.0,1,6.0
2024,2,00-0037664,A.Pierce,IND,WR,1,11.6,16.6,11.6,16.6,5,56.0,1,4.0
2024,2,00-0038619,A.Iosivas,CIN,WR,1,12.7,14.7,12.7,14.7,2,7.0,2,0.0
2024,2,00-0037291,J.Nailor,MIN,WR,1,11.4,14.4,11.4,14.4,3,54.0,1,7.0
2024,2,00-0037240,J.Williams,DET,WR,1,9.4,14.4,9.4,14.4,5,79.0,0,23.0
2024,2,00-0037666,J.Tolbert,DAL,WR,1,8.2,14.2,8.2,14.2,6,82.0,0,7.0
2024,2,00-0033943,J.Reynolds,DEN,WR,1,9.3,13.3,9.3,13.3,4,93.0,0,18.0
2024,2,00-0037239,C.Olave,NO,WR,1,8.8,12.8,8.8,12.8,4,81.0,0,28.0
2024,2,00-0036407,J.Jeudy,CLE,WR,1,7.3,12.3,7.3,12.3,5,73.0,0,7.0
2024,2,00-0038393,D.Wicks,GB,WR,1,8.6,11.6,8.6,11.6,3,26.0,1,8.0
2024,2,00-0039893,B.Thomas,JAX,WR,1,9.4,11.4,9.4,11.4,2,94.0,0,22.0
2024,2,00-0034827,D.Moore,CHI,WR,1,5.3,11.3,5.3,11.3,6,53.0,0,51.0
2024,2,00-0037261,K.Shakir,BUF,WR,1,5.6,10.6,5.6,10.6,5,54.0,0,11.0
2024,2,00-0036980,E.Moore,CLE,WR,1,4.4,10.4,4.4,10.4,6,44.0,0,17.0
2024,2,00-0037740,G.Wilson,NYJ,WR,1,6.2,10.2,6.2,10.2,4,57.0,0,17.0
2024,2,00-0038117,W.Robinson,NYG,WR,1,7.8,9.8,7.8,9.8,2,18.0,1,9.0
2024,2,00-0039907,J.Polk,NE,WR,1,7.2,9.2,7.2,9.2,2,12.0,1,0.0
2024,2,00-0037816,R.Doubs,GB,WR,1,6.2,9.2,6.2,9.2,3,62.0,0,8.0
2024,2,00-0035406,L.Humphrey,DEN,WR,1,5.0,9.0,5.0,9.0,4,50.0,0,36.0
2024,2,00-0033591,N.Brown,WAS,WR,1,5.6,8.6,5.6,8.6,3,56.0,0,17.0
2024,2,00-0036613,J.Waddle,MIA,WR,1,4.5,8.5,4.5,8.5,4,41.0,0,12.0
2024,2,00-0037132,B.Covey,PHI,WR,1,2.3,8.3,2.3,8.3,6,23.0,0,12.0
2024,2,00-0036261,B.Aiyuk,SF,WR,1,4.3,8.3,4.3,8.3,4,43.0,0,5.0
2024,2,00-0035659,T.McLaurin,WAS,WR,1,2.2,8.2,2.2,8.2,6,22.0,0,11.0
2024,2,00-0036849,T.Atwell,LA,WR,1,4.8,7.8,4.8,7.8,3,48.0,0,0.0
2024,2,00-0033908,C.Kupp,LA,WR,1,3.7,7.7,3.7,7.7,4,37.0,0,24.0
2024,2,00-0031588,S.Diggs,HOU,WR,1,3.7,7.7,3.7,7.7,4,37.0,0,15.0
2024,2,00-0034407,R.McCloud,ATL,WR,1,4.5,7.5,4.5,7.5,3,42.0,0,12.0
2024,2,00-0036900,J.Chase,CIN,WR,1,3.5,7.5,3.5,7.5,4,35.0,0,16.0
2024,2,00-0036196,G.Davis,JAX,WR,1,4.3,7.3,4.3,7.3,3,43.0,0,12.0
2024,2,00-0031408,M.Evans,TB,WR,1,4.2,7.2,4.2,7.2,3,42.0,0,18.0
2024,2,00-0036550,R.Bateman,BAL,WR,1,4.0,7.0,4.0,7.0,3,40.0,0,5.0
2024,2,00-0032775,D.Robinson,LA,WR,1,5.0,7.0,5.0,7.0,2,50.0,0,0.0
2024,2,00-0034960,J.Meyers,LV,WR,1,2.9,6.9,2.9,6.9,4,29.0,0,6.0
2024,2,00-0033040,T.Hill,MIA,WR,1,3.6,6.6,3.6,6.6,3,24.0,0,25.0
2024,2,00-0039146,J.Reed,GB,WR,1,4.6,6.6,4.6,6.6,2,9.0,0,12.0
2024,2,00-0035535,D.Slayton,NYG,WR,1,3.3,6.3,3.3,6.3,3,33.0,0,1.0
2024,2,00-0031763,D.Carter,CHI,WR,1,3.2,6.2,3.2,6.2,3,32.0,0,13.0
2024,2,00-0032464,K.Raymond,DET,WR,1,2.7,5.7,2.7,5.7,3,27.0,0,9.0
2024,2,00-0037257,D.Bell,CLE,WR,1,2.7,5.7,2.7,5.7,3,27.0,0,8.0
2024,2,00-0036259,J.Jennings,SF,WR,1,3.7,5.7,3.7,5.7,2,37.0,0,6.0
2024,2,00-0039810,J.Burton,CIN,WR,1,4.7,5.7,4.7,5.7,1,47.0,0,7.0
2024,2,00-0039919,R.Odunze,CHI,WR,1,3.3,5.3,3.3,5.3,2,33.0,0,15.0
2024,2,00-0038559,M.Wilson,ARI,WR,1,3.1,5.1,3.1,5.1,2,31.0,0,7.0
2024,2,00-0036252,M.Pittman,IND,WR,1,2.1,5.1,2.1,5.1,3,21.0,0,3.0
2024,2,00-0037247,G.Pickens,PIT,WR,1,2.9,4.9,2.9,4.9,2,29.0,0,6.0
2024,2,00-0033009,T.Boyd,TEN,WR,1,2.6,4.6,2.6,4.6,2,26.0,0,9.0
2024,2,00-0039915,L.McConkey,LAC,WR,1,2.6,4.6,2.6,4.6,2,26.0,0,14.0
2024,2,00-0035216,D.Johnson,CAR,WR,1,1.5,4.5,1.5,4.5,3,15.0,0,8.0
2024,2,00-0035208,O.Zaccheaus,WAS,WR,1,1.4,4.4,1.4,4.4,3,14.0,0,19.0
2024,2,00-0034386,J.Watson,KC,WR,1,2.2,4.2,2.2,4.2,2,22.0,0,9.0
2024,2,00-0039894,X.Worthy,KC,WR,1,2.2,4.2,2.2,4.2,2,17.0,0,23.0
2024,2,00-0039751,J.Whittington,LA,WR,1,2.2,4.2,2.2,4.2,2,22.0,0,26.0
2024,2,00-0031544,A.Cooper,CLE,WR,1,1.1,4.1,1.1,4.1,3,11.0,0,3.0
2024,2,00-0039890,A.Mitchell,IND,WR,1,3.0,4.0,3.0,4.0,1,30.0,0,1.0
2024,2,00-0036427,T.Johnson,LA,WR,1,2.0,4.0,2.0,4.0,2,20.0,0,13.0
2024,2,00-0030035,A.Thielen,CAR,WR,1,2.0,4.0,2.0,4.0,2,20.0,0,2.0
2024,2,00-0036988,J.Palmer,LAC,WR,1,1.9,3.9,1.9,3.9,2,19.0,0,12.0
2024,2,00-0036626,D.Brown,WAS,WR,1,1.7,3.7,1.7,3.7,2,17.0,0,20.0
2024,2,00-0034646,B.Powell,MIN,WR,1,1.6,3.6,1.6,3.6,2,16.0,0,5.0
2024,2,00-0031236,B.Cooks,DAL,WR,1,1.6,3.6,1.6,3.6,2,19.0,0,2.0
2024,2,00-0034348,C.Sutton,DEN,WR,1,2.6,3.6,2.6,3.6,1,26.0,0,7.0
2024,2,00-0032211,T.Lockett,SEA,WR,1,1.5,3.5,1.5,3.5,2,15.0,0,5.0
2024,2,00-0038752,J.Bobo,SEA,WR,1,1.5,3.5,1.5,3.5,2,15.0,0,4.0
2024,2,00-0036415,V.Jefferson,PIT,WR,1,1.4,3.4,1.4,3.4,2,14.0,0,7.0
2024,2,00-0038563,T.Tucker,LV,WR,1,1.3,3.3,1.3,3.3,2,13.0,0,19.0
2024,2,00-0033375,T.Patrick,DET,WR,1,1.2,3.2,1.2,3.2,2,12.0,0,10.0
2024,2,00-0039855,J.McMillan,TB,WR,1,2.1,3.1,2.1,3.1,1,21.0,0,0.0
2024,2,00-0034521,A.Lazard,NYJ,WR,1,1.1,3.1,1.1,3.1,2,11.0,0,2.0
2024,2,00-0035500,G.Dortch,ARI,WR,1,1.1,3.1,1.1,3.1,2,11.0,0,11.0
2024,2,00-0033536,M.Williams,NYJ,WR,1,1.9,2.9,1.9,2.9,1,19.0,0,2.0
2024,2,00-0034487,T.Sherfield,MIN,WR,1,1.7,2.7,1.7,2.7,1,17.0,0,12.0
2024,2,00-0037801,K.Turpin,DAL,WR,1,0.6,2.6,0.6,2.6,2,4.0,0,11.0
2024,2,00-0031549,N.Agholor,BAL,WR,1,1.3,2.3,1.3,2.3,1,13.0,0,3.0
2024,2,00-0038507,G.DuBose,MIA,WR,1,1.3,2.3,1.3,2.3,1,13.0,0,0.0
2024,2,00-0035021,A.Dulin,IND,WR,1,1.3,2.3,1.3,2.3,1,13.0,0,8.0
2024,2,00-0038977,T.Dell,HOU,WR,1,1.3,2.3,1.3,2.3,1,-3.0,0,6.0
2024,2,00-0038640,J.Brooks,DAL,WR,1,1.0,2.0,1.0,2.0,1,10.0,0,0.0
2024,2,00-0038976,M.Mims,DEN,WR,1,1.0,2.0,1.0,2.0,1,10.0,0,8.0
2024,2,00-0030564,D.Hopkins,TEN,WR,1,0.9,1.9,0.9,1.9,1,9.0,0,0.0
2024,2,00-0036345,K.Osborn,NE,WR,1,0.7,1.7,0.7,1.7,1,7.0,0,1.0
2024,2,00-0036268,L.Shenault,SEA,WR,1,0.6,1.6,0.6,1.6,1,6.0,0,11.0
2024,2,00-0037837,C.Austin,PIT,WR,1,0.6,1.6,0.6,1.6,1,6.0,0,0.0
2024,2,00-0037741,J.Dotson,PHI,WR,1,0.6,1.6,0.6,1.6,1,6.0,0,11.0
2024,2,00-0035341,T.Irwin,CIN,WR,1,0.5,1.5,0.5,1.5,1,5.0,0,0.0
2024,2,00-0032688,R.Chosen,MIA,WR,1,0.5,1.5,0.5,1.5,1,5.0,0,1.0
2024,2,00-0039920,M.Corley,NYJ,WR,1,0.4,1.4,0.4,1.4,1,4.0,0,5.0
2024,2,00-0032128,C.Conley,SF,WR,1,0.4,1.4,0.4,1.4,1,4.0,0,0.0
2024,2,00-0033282,C.Samuel,BUF,WR,1,0.3,1.3,0.3,1.3,1,3.0,0,6.0
2024,2,00-0038979,C.Tillman,CLE,WR,1,0.2,1.2,0.2,1.2,1,2.0,0,7.0
2024,2,00-0039062,J.Mingo,CAR,WR,1,0.1,1.1,0.1,1.1,1,1.0,0,1.0
2024,2,00-0034775,C.Kirk,JAX,WR,1,-0.1,0.9,-0.1,0.9,1,-1.0,0,0.0
2024,2,00-0037091,B.Melton,GB,WR,1,0.8,0.8,0.8,0.8,0,0.0,0,0.0
2024,2,00-0036331,D.Duvernay,JAX,WR,1,0.4,0.4,0.4,0.4,0,0.0,0,0.0
2024,2,00-0036527,D.Turner,LV,WR,1,0.2,0.2,0.2,0.2,0,0.0,0,0.0
2024,2,00-0033589,D.Moore,CAR,WR,1,0.0,0.0,0.0,0.0,0,0.0,0,0.0
2024,2,00-0035544,T.Kennedy,DET,WR,1,0.0,0.0,0.0,0.0,0,0.0,0,0.0
2024,2,00-0039868,T.Franklin,DEN,WR,1,0.0,0.0,0.0,0.0,0,0.0,0,0.0
2024,2,00-0034419,B.Berrios,MIA,WR,1,0.0,0.0,0.0,0.0,0,0.0,0,0.0
2024,2,00-0039236,J.Wilson,PHI,WR,1,0.0,0.0,0.0,0.0,0,0.0,0,0.0
2024,2,00-0038606,P.Washington,JAX,WR,1,0.0,0.0,0.0,0.0,0,0.0,0,0.0
2024,2,00-0033555,M.Hollins,BUF,WR,1,0.0,0.0,0.0,0.0,0,0.0,0,0.0
2024,2,00-0039901,K.Coleman,BUF,WR,1,0.0,0.0,0.0,0.0,0,0.0,0,0.0
2024,2,00-0034272,M.Valdes-Scantling,BUF,WR,1,0.0,0.0,0.0,0.0,0,0.0,0,0.0
2024,2,00-0038618,X.Hutchinson,HOU,WR,1,0.0,0.0,0.0,0.0,0,0.0,0,0.0
2024,2,00-0037742,T.Burks,TEN,WR,1,0.0,0.0,0.0,0.0,0,0.0,0,0.0
2024,1,00-0039146,J.Reed,GB,WR,1,29.1,33.1,29.1,33.1,4,138.0,1,55.0
2024,1,00-0033908,C.Kupp,LA,WR,1,18.0,32.0,18.0,32.0,14,110.0,1,41.0
2024,1,00-0034521,A.Lazard,NYJ,WR,1,20.9,26.9,20.9,26.9,6,89.0,2,29.0
2024,1,00-0033040,T.Hill,MIA,WR,1,19.0,26.0,19.0,26.0,7,130.0,1,84.0
2024,1,00-0037240,J.Williams,DET,WR,1,19.4,24.4,19.4,24.4,5,121.0,1,63.0
2024,1,00-0031408,M.Evans,TB,WR,1,18.1,23.1,18.1,23.1,5,61.0,2,8.0
2024,1,00-0035676,A.Brown,PHI,WR,1,17.9,22.9,17.9,22.9,5,119.0,1,65.0
2024,1,00-0033921,C.Godwin,TB,WR,1,14.3,22.3,14.3,22.3,8,83.0,1,48.0
2024,1,00-0031588,S.Diggs,HOU,WR,1,15.9,21.9,15.9,21.9,6,33.0,2,24.0
2024,1,00-0037664,A.Pierce,IND,WR,1,18.5,21.5,18.5,21.5,3,125.0,1,6.0
2024,1,00-0039894,X.Worthy,KC,WR,1,18.8,20.8,18.8,20.8,2,47.0,1,23.0
2024,1,00-0035719,D.Samuel,SF,WR,1,13.7,18.7,13.7,18.7,5,54.0,0,35.0
2024,1,00-0036554,N.Collins,HOU,WR,1,11.7,17.7,11.7,17.7,6,117.0,0,16.0
2024,1,00-0039067,R.Rice,KC,WR,1,10.3,17.3,10.3,17.3,7,103.0,0,73.0
2024,1,00-0037545,R.Shaheed,NO,WR,1,13.3,16.3,13.3,16.3,3,73.0,1,30.0
2024,1,00-0036613,J.Waddle,MIA,WR,1,11.2,16.2,11.2,16.2,5,109.0,0,37.0
2024,1,00-0036322,J.Jefferson,MIN,WR,1,11.9,15.9,11.9,15.9,4,59.0,1,19.0
2024,1,00-0036912,D.Smith,PHI,WR,1,8.4,15.4,8.4,15.4,7,84.0,0,51.0
2024,1,00-0039915,L.McConkey,LAC,WR,1,9.9,14.9,9.9,14.9,5,39.0,1,13.0
2024,1,00-0039893,B.Thomas,JAX,WR,1,10.7,14.7,10.7,14.7,4,47.0,1,8.0
2024,1,00-0031236,B.Cooks,DAL,WR,1,10.5,14.5,10.5,14.5,4,40.0,1,5.0
2024,1,00-0032211,T.Lockett,SEA,WR,1,7.7,13.7,7.7,13.7,6,77.0,0,8.0
2024,1,00-0036358,C.Lamb,DAL,WR,1,8.6,13.6,8.6,13.6,5,61.0,0,32.0
2024,1,00-0037247,G.Pickens,PIT,WR,1,7.5,13.5,7.5,13.5,6,85.0,0,6.0
2024,1,00-0037261,K.Shakir,BUF,WR,1,10.2,13.2,10.2,13.2,3,42.0,1,30.0
2024,1,00-0036427,T.Johnson,LA,WR,1,7.9,12.9,7.9,12.9,5,79.0,0,65.0
2024,1,00-0035021,A.Dulin,IND,WR,1,11.4,12.4,11.4,12.4,1,54.0,1,35.0
2024,1,00-0036900,J.Chase,CIN,WR,1,6.2,12.2,6.2,12.2,6,62.0,0,24.0
2024,1,00-0037740,G.Wilson,NYJ,WR,1,6.0,12.0,6.0,12.0,6,60.0,0,27.0
2024,1,00-0039424,D.Vele,DEN,WR,1,3.9,11.9,3.9,11.9,8,39.0,0,22.0
2024,1,00-0038117,W.Robinson,NYG,WR,1,5.8,11.8,5.8,11.8,6,44.0,0,6.0
2024,1,00-0039337,M.Nabers,NYG,WR,1,6.6,11.6,6.6,11.6,5,66.0,0,22.0
2024,1,00-0036407,J.Jeudy,CLE,WR,1,8.5,11.5,8.5,11.5,3,25.0,1,4.0
2024,1,00-0036259,J.Jennings,SF,WR,1,6.4,11.4,6.4,11.4,5,64.0,0,10.0
2024,1,00-0035500,G.Dortch,ARI,WR,1,5.1,11.1,5.1,11.1,6,47.0,0,18.0
2024,1,00-0039064,Z.Flowers,BAL,WR,1,5.1,11.1,5.1,11.1,6,37.0,0,28.0
2024,1,00-0031381,D.Adams,LV,WR,1,5.9,10.9,5.9,10.9,5,59.0,0,24.0
2024,1,00-0033555,M.Hollins,BUF,WR,1,8.5,10.5,8.5,10.5,2,25.0,1,1.0
2024,1,00-0038124,C.Watson,GB,WR,1,7.3,10.3,7.3,10.3,3,13.0,1,3.0
2024,1,00-0039855,J.McMillan,TB,WR,1,9.2,10.2,9.2,10.2,1,32.0,1,3.0
2024,1,00-0034827,D.Moore,CHI,WR,1,5.0,10.0,5.0,10.0,5,36.0,0,12.0
2024,1,00-0033943,J.Reynolds,DEN,WR,1,4.5,9.5,4.5,9.5,5,45.0,0,8.0
2024,1,00-0034960,J.Meyers,LV,WR,1,6.4,9.4,6.4,9.4,3,61.0,0,20.0
2024,1,00-0034407,R.McCloud,ATL,WR,1,5.2,9.2,5.2,9.2,4,52.0,0,8.0
2024,1,00-0036196,G.Davis,JAX,WR,1,6.2,9.2,6.2,9.2,3,62.0,0,14.0
2024,1,00-0037291,J.Nailor,MIN,WR,1,8.1,9.1,8.1,9.1,1,21.0,1,0.0
2024,1,00-0039901,K.Coleman,BUF,WR,1,5.1,9.1,5.1,9.1,4,51.0,0,11.0
2024,1,00-0037816,R.Doubs,GB,WR,1,5.0,9.0,5.0,9.0,4,50.0,0,14.0
2024,1,00-0038977,T.Dell,HOU,WR,1,5.9,8.9,5.9,8.9,3,40.0,0,8.0
2024,1,00-0032775,D.Robinson,LA,WR,1,4.2,8.2,4.2,8.2,4,42.0,0,8.0
2024,1,00-0039075,P.Nacua,LA,WR,1,4.2,8.2,4.2,8.2,4,35.0,0,17.0
2024,1,00-0034837,C.Ridley,TEN,WR,1,5.0,8.0,5.0,8.0,3,50.0,0,9.0
2024,1,00-0030035,A.Thielen,CAR,WR,1,4.9,7.9,4.9,7.9,3,49.0,0,18.0
2024,1,00-0034348,C.Sutton,DEN,WR,1,3.8,7.8,3.8,7.8,4,38.0,0,6.0
2024,1,00-0039342,X.Legette,CAR,WR,1,3.5,7.5,3.5,7.5,4,35.0,0,5.0
2024,1,00-0038559,M.Wilson,ARI,WR,1,6.5,7.5,6.5,7.5,1,5.0,1,0.0
2024,1,00-0036550,R.Bateman,BAL,WR,1,5.3,7.3,5.3,7.3,2,53.0,0,5.0
2024,1,00-0036252,M.Pittman,IND,WR,1,3.1,7.1,3.1,7.1,4,31.0,0,7.0
2024,1,00-0030279,K.Allen,CHI,WR,1,2.9,6.9,2.9,6.9,4,29.0,0,15.0
2024,1,00-0038544,Q.Johnston,LAC,WR,1,3.8,6.8,3.8,6.8,3,38.0,0,28.0
2024,1,00-0038994,J.Addison,MIN,WR,1,3.5,6.5,3.5,6.5,3,35.0,0,0.0
2024,1,00-0039062,J.Mingo,CAR,WR,1,4.3,6.3,4.3,6.3,2,40.0,0,16.0
2024,1,00-0035640,D.Metcalf,SEA,WR,1,2.9,5.9,2.9,5.9,3,29.0,0,5.0
2024,1,00-0038619,A.Iosivas,CIN,WR,1,2.6,5.6,2.6,5.6,3,26.0,0,3.0
2024,1,00-0035535,D.Slayton,NYG,WR,1,2.6,5.6,2.6,5.6,3,26.0,0,3.0
2024,1,00-0036345,K.Osborn,NE,WR,1,2.1,5.1,2.1,5.1,3,21.0,0,5.0
2024,1,00-0039355,L.McCaffrey,WAS,WR,1,1.8,4.8,1.8,4.8,3,18.0,0,20.0
2024,1,00-0033009,T.Boyd,TEN,WR,1,1.8,4.8,1.8,4.8,3,18.0,0,7.0
2024,1,00-0036261,B.Aiyuk,SF,WR,1,2.8,4.8,2.8,4.8,2,28.0,0,1.0
2024,1,00-0038104,T.Thornton,NE,WR,1,2.7,4.7,2.7,4.7,2,27.0,0,3.0
2024,1,00-0036963,A.St. Brown,DET,WR,1,1.3,4.3,1.3,4.3,3,13.0,0,7.0
2024,1,00-0038563,T.Tucker,LV,WR,1,2.2,4.2,2.2,4.2,2,22.0,0,11.0
2024,1,00-0034775,C.Kirk,JAX,WR,1,3.0,4.0,3.0,4.0,1,30.0,0,6.0
2024,1,00-0036980,E.Moore,CLE,WR,1,0.9,3.9,0.9,3.9,3,9.0,0,5.0
2024,1,00-0038543,J.Smith-Njigba,SEA,WR,1,1.9,3.9,1.9,3.9,2,19.0,0,13.0
2024,1,00-0035216,D.Johnson,CAR,WR,1,1.9,3.9,1.9,3.9,2,19.0,0,4.0
2024,1,00-0035659,T.McLaurin,WAS,WR,1,1.7,3.7,1.7,3.7,2,17.0,0,14.0
2024,1,00-0031544,A.Cooper,CLE,WR,1,1.6,3.6,1.6,3.6,2,16.0,0,5.0
2024,1,00-0037238,D.London,ATL,WR,1,1.5,3.5,1.5,3.5,2,15.0,0,3.0
2024,1,00-0036988,J.Palmer,LAC,WR,1,1.5,3.5,1.5,3.5,2,15.0,0,0.0
2024,1,00-0034386,J.Watson,KC,WR,1,2.5,3.5,2.5,3.5,1,25.0,0,10.0
2024,1,00-0033282,C.Samuel,BUF,WR,1,1.5,3.5,1.5,3.5,2,15.0,0,12.0
2024,1,00-0038621,D.Douglas,NE,WR,1,1.2,3.2,1.2,3.2,2,12.0,0,2.0
2024,1,00-0037239,C.Olave,NO,WR,1,1.1,3.1,1.1,3.1,2,11.0,0,-1.0
2024,1,00-0039052,T.Palmer,TB,WR,1,1.9,2.9,1.9,2.9,1,19.0,0,1.0
2024,1,00-0034272,M.Valdes-Scantling,BUF,WR,1,1.9,2.9,1.9,2.9,1,19.0,0,5.0
2024,1,00-0038640,J.Brooks,DAL,WR,1,1.8,2.8,1.8,2.8,1,18.0,0,9.0
2024,1,00-0036309,D.Mooney,ATL,WR,1,1.5,2.5,1.5,2.5,1,15.0,0,3.0
2024,1,00-0035208,O.Zaccheaus,WAS,WR,1,1.5,2.5,1.5,2.5,1,15.0,0,2.0
2024,1,00-0033589,D.Moore,CAR,WR,1,1.4,2.4,1.4,2.4,1,14.0,0,0.0
2024,1,00-0037666,J.Tolbert,DAL,WR,1,1.2,2.2,1.2,2.2,1,12.0,0,0.0
2024,1,00-0039919,R.Odunze,CHI,WR,1,1.1,2.1,1.1,2.1,1,11.0,0,2.0
2024,1,00-0036527,D.Turner,LV,WR,1,0.9,1.9,0.9,1.9,1,9.0,0,11.0
2024,1,00-0030564,D.Hopkins,TEN,WR,1,0.8,1.8,0.8,1.8,1,8.0,0,2.0
2024,1,00-0037837,C.Austin,PIT,WR,1,0.7,1.7,0.7,1.7,1,7.0,0,0.0
2024,1,00-0035341,T.Irwin,CIN,WR,1,0.6,1.6,0.6,1.6,1,6.0,0,4.0
2024,1,00-0039623,M.Tipton,NO,WR,1,0.6,1.6,0.6,1.6,1,6.0,0,1.0
2024,1,00-0039907,J.Polk,NE,WR,1,0.6,1.6,0.6,1.6,1,6.0,0,0.0
2024,1,00-0031549,N.Agholor,BAL,WR,1,0.6,1.6,0.6,1.6,1,6.0,0,0.0
2024,1,00-0031763,D.Carter,CHI,WR,1,0.6,1.6,0.6,1.6,1,6.0,0,0.0
2024,1,00-0038576,C.Jones,CIN,WR,1,0.5,1.5,0.5,1.5,1,5.0,0,0.0
2024,1,00-0031941,J.Crowder,WAS,WR,1,0.5,1.5,0.5,1.5,1,5.0,0,8.0
2024,1,00-0039849,M.Harrison,ARI,WR,1,0.4,1.4,0.4,1.4,1,4.0,0,0.0
2024,1,00-0038606,P.Washington,JAX,WR,1,0.3,1.3,0.3,1.3,1,3.0,0,5.0
2024,1,00-0037742,T.Burks,TEN,WR,1,0.3,1.3,0.3,1.3,1,2.0,0,-1.0
2024,1,00-0038979,C.Tillman,CLE,WR,1,0.3,1.3,0.3,1.3,1,3.0,0,0.0
2024,1,00-0038618,X.Hutchinson,HOU,WR,1,0.3,1.3,0.3,1.3,1,3.0,0,0.0
2024,1,00-0039890,A.Mitchell,IND,WR,1,0.2,1.2,0.2,1.2,1,2.0,0,3.0
2024,1,00-0032464,K.Raymond,DET,WR,1,1.2,1.2,1.2,1.2,0,0.0,0,0.0
2024,1,00-0036415,V.Jefferson,PIT,WR,1,0.1,1.1,0.1,1.1,1,1.0,0,5.0
2024,1,00-0036268,L.Shenault,SEA,WR,1,0.1,1.1,0.1,1.1,1,0.0,0,3.0
2024,1,00-0038573,D.Davis,LAC,WR,1,0.9,0.9,0.9,0.9,0,0.0,0,0.0
2024,1,00-0036331,D.Duvernay,JAX,WR,1,0.3,0.3,0.3,0.3,0,0.0,0,0.0
2024,1,00-0038393,D.Wicks,GB,WR,1,0.0,0.0,0.0,0.0,0,0.0,0,0.0
2024,1,00-0039386,B.Means,NO,WR,1,0.0,0.0,0.0,0.0,0,0.0,0,0.0
2024,1,00-0038938,J.Hyatt,NYG,WR,1,0.0,0.0,0.0,0.0,0,0.0,0,0.0
2024,1,00-0039236,J.Wilson,PHI,WR,1,0.0,0.0,0.0,0.0,0,0.0,0,0.0
2024,1,00-0037093,D.Young,SEA,WR,1,0.0,0.0,0.0,0.0,0,0.0,0,0.0
2024,1,00-0033857,J.Smith-Schuster,KC,WR,1,0.0,0.0,0.0,0.0,0,0.0,0,0.0
2024,1,00-0034419,B.Berrios,MIA,WR,1,0.0,0.0,0.0,0.0,0,0.0,0,0.0
2024,1,00-0039589,K.Johnson,TB,WR,1,0.0,0.0,0.0,0.0,0,0.0,0,0.0
2024,1,00-0037801,K.Turpin,DAL,WR,1,0.0,0.0,0.0,0.0,0,0.0,0,0.0
2024,1,00-0038976,M.Mims,DEN,WR,1,0.0,0.0,0.0,0.0,0,0.0,0,0.0
2024,1,00-0035406,L.Humphrey,DEN,WR,1,0.0,0.0,0.0,0.0,0,0.0,0,0.0
2024,1,00-0037741,J.Dotson,PHI,WR,1,0.0,0.0,0.0,0.0,0,0.0,0,0.0
2023,22,00-0036259,J.Jennings,SF,WR,1,15.25,19.25,15.25,19.25,4,42.0,1,23.0
2023,22,00-0035140,M.Hardman,KC,WR,1,11.7,14.7,11.7,14.7,3,57.0,1,5.0
2023,22,00-0034272,M.Valdes-Scantling,KC,WR,1,8.0,11.0,8.0,11.0,3,20.0,1,-4.0
2023,22,00-0039067,R.Rice,KC,WR,1,4.4,10.4,4.4,10.4,6,39.0,0,33.0
2023,22,00-0034386,J.Watson,KC,WR,1,5.4,8.4,5.4,8.4,3,54.0,0,18.0
2023,22,00-0036261,B.Aiyuk,SF,WR,1,4.9,7.9,4.9,7.9,3,49.0,0,14.0
2023,22,00-0035719,D.Samuel,SF,WR,1,4.1,7.1,4.1,7.1,3,33.0,0,26.0
2023,22,00-0034407,R.McCloud,SF,WR,1,1.9,2.9,1.9,2.9,1,19.0,0,0.0
2023,22,00-0032128,C.Conley,SF,WR,1,1.8,2.8,1.8,2.8,1,18.0,0,1.0
2023,22,00-0034286,R.James,KC,WR,1,0.0,0.0,0.0,0.0,0,0.0,0,0.0
2023,21,00-0039064,Z.Flowers,BAL,WR,1,17.9,22.9,17.9,22.9,5,115.0,1,38.0
2023,21,00-0037240,J.Williams,DET,WR,1,18.7,20.7,18.7,20.7,2,25.0,1,1.0
2023,21,00-0035719,D.Samuel,SF,WR,1,9.6,17.6,9.6,17.6,8,89.0,0,65.0
2023,21,00-0036963,A.St. Brown,DET,WR,1,8.9,15.9,8.9,15.9,7,87.0,0,35.0
2023,21,00-0036261,B.Aiyuk,SF,WR,1,12.8,15.8,12.8,15.8,3,68.0,1,3.0
2023,21,00-0039067,R.Rice,KC,WR,1,4.6,12.6,4.6,12.6,8,46.0,0,46.0
2023,21,00-0034272,M.Valdes-Scantling,KC,WR,1,3.8,5.8,3.8,5.8,2,38.0,0,1.0
2023,21,00-0031235,O.Beckham,BAL,WR,1,2.2,5.2,2.2,5.2,3,22.0,0,2.0
2023,21,00-0031549,N.Agholor,BAL,WR,1,3.9,4.9,3.9,4.9,1,39.0,0,20.0
2023,21,00-0033943,J.Reynolds,DET,WR,1,2.5,3.5,2.5,3.5,1,25.0,0,0.0
2023,21,00-0034386,J.Watson,KC,WR,1,1.6,2.6,1.6,2.6,1,16.0,0,5.0
2023,21,00-0036259,J.Jennings,SF,WR,1,0.8,1.8,0.8,1.8,1,8.0,0,1.0
2023,21,00-0036550,R.Bateman,BAL,WR,1,0.2,1.2,0.2,1.2,1,2.0,0,5.0
2023,21,00-0034286,R.James,KC,WR,1,0.0,0.0,0.0,0.0,0,0.0,0,0.0
2023,20,00-0031408,M.Evans,TB,WR,1,20.7,28.7,20.7,28.7,8,147.0,1,27.0
2023,20,00-0036963,A.St. Brown,DET,WR,1,13.7,21.7,13.7,21.7,8,77.0,1,34.0
2023,20,00-0037261,K.Shakir,BUF,WR,1,10.4,17.4,10.4,17.4,7,44.0,1,34.0
2023,20,00-0037816,R.Doubs,GB,WR,1,8.3,12.3,8.3,12.3,4,83.0,0,21.0
2023,20,00-0036554,N.Collins,HOU,WR,1,6.8,11.8,6.8,11.8,5,68.0,0,46.0
2023,20,00-0036259,J.Jennings,SF,WR,1,6.0,11.0,6.0,11.0,5,61.0,0,15.0
2023,20,00-0033943,J.Reynolds,DET,WR,1,8.7,10.7,8.7,10.7,2,27.0,1,6.0
2023,20,00-0031549,N.Agholor,BAL,WR,1,7.2,9.2,7.2,9.2,2,12.0,1,3.0
2023,20,00-0037091,B.Melton,GB,WR,1,7.9,8.9,7.9,8.9,1,19.0,1,0.0
2023,20,00-0039067,R.Rice,KC,WR,1,4.7,8.7,4.7,8.7,4,47.0,0,41.0
2023,20,00-0039146,J.Reed,GB,WR,1,4.4,8.4,4.4,8.4,4,35.0,0,20.0
2023,20,00-0034272,M.Valdes-Scantling,KC,WR,1,6.2,8.2,6.2,8.2,2,62.0,0,9.0
2023,20,00-0039064,Z.Flowers,BAL,WR,1,4.1,8.1,4.1,8.1,4,41.0,0,10.0
2023,20,00-0033921,C.Godwin,TB,WR,1,4.0,8.0,4.0,8.0,4,40.0,0,16.0
2023,20,00-0036550,R.Bateman,BAL,WR,1,3.9,6.9,3.9,6.9,3,39.0,0,0.0
2023,20,00-0036261,B.Aiyuk,SF,WR,1,3.2,6.2,3.2,6.2,3,32.0,0,10.0
2023,20,00-0031588,S.Diggs,BUF,WR,1,2.8,5.8,2.8,5.8,3,21.0,0,25.0
2023,20,00-0037240,J.Williams,DET,WR,1,3.5,5.5,3.5,5.5,2,35.0,0,2.0
2023,20,00-0039052,T.Palmer,TB,WR,1,3.2,5.2,3.2,5.2,2,32.0,0,10.0
2023,20,00-0035719,D.Samuel,SF,WR,1,2.4,4.4,2.4,4.4,2,24.0,0,23.0
2023,20,00-0032128,C.Conley,SF,WR,1,1.7,2.7,1.7,2.7,1,17.0,0,0.0
2023,20,00-0031235,O.Beckham,BAL,WR,1,1.2,2.2,1.2,2.2,1,12.0,0,0.0
2023,20,00-0033589,D.Moore,TB,WR,1,1.1,2.1,1.1,2.1,1,11.0,0,0.0
2023,20,00-0038124,C.Watson,GB,WR,1,1.1,2.1,1.1,2.1,1,11.0,0,12.0
2023,20,00-0034407,R.McCloud,SF,WR,1,0.7,1.7,0.7,1.7,1,7.0,0,1.0
2023,20,00-0034487,T.Sherfield,BUF,WR,1,0.7,1.7,0.7,1.7,1,7.0,0,4.0
2023,20,00-0038618,X.Hutchinson,HOU,WR,1,-0.3,1.7,-0.3,1.7,2,-3.0,0,4.0
2023,20,00-0030431,R.Woods,HOU,WR,1,0.6,1.6,0.6,1.6,1,6.0,0,0.0
2023,20,00-0035215,D.Harty,BUF,WR,1,0.3,1.3,0.3,1.3,1,3.0,0,7.0
2023,20,00-0035140,M.Hardman,KC,WR,1,0.1,1.1,0.1,1.1,1,2.0,0,6.0
2023,20,00-0038393,D.Wicks,GB,WR,1,0.0,0.0,0.0,0.0,0,0.0,0,0.0
2023,20,00-0037487,D.Thompkins,TB,WR,1,0.0,0.0,0.0,0.0,0,0.0,0,0.0
2023,20,00-0034386,J.Watson,KC,WR,1,0.0,0.0,0.0,0.0,0,0.0,0,0.0
2023,20,00-0034928,S.Sims,HOU,WR,1,0.0,0.0,0.0,0.0,0,0.0,0,0.0
2023,19,00-0039075,P.Nacua,LA,WR,1,23.9,32.9,23.9,32.9,9,181.0,1,103.0
2023,19,00-0037816,R.Doubs,GB,WR,1,21.1,27.1,21.1,27.1,6,151.0,1,55.0
2023,19,00-0039067,R.Rice,KC,WR,1,19.0,27.0,19.0,27.0,8,130.0,1,75.0
2023,19,00-0036912,D.Smith,PHI,WR,1,14.8,22.8,14.8,22.8,8,148.0,0,43.0
2023,19,00-0036554,N.Collins,HOU,WR,1,16.0,22.0,16.0,22.0,6,96.0,1,46.0
2023,19,00-0036358,C.Lamb,DAL,WR,1,11.5,20.5,11.5,20.5,9,110.0,0,35.0
2023,19,00-0036963,A.St. Brown,DET,WR,1,11.0,18.0,11.0,18.0,7,110.0,0,54.0
2023,19,00-0033040,T.Hill,MIA,WR,1,12.2,17.2,12.2,17.2,5,62.0,1,31.0
2023,19,00-0034764,M.Gallup,DAL,WR,1,10.3,16.3,10.3,16.3,6,103.0,0,37.0
2023,19,00-0035216,D.Johnson,PIT,WR,1,10.8,14.8,10.8,14.8,4,48.0,1,18.0
2023,19,00-0033589,D.Moore,TB,WR,1,12.6,14.6,12.6,14.6,2,66.0,1,42.0
2023,19,00-0033921,C.Godwin,TB,WR,1,10.5,14.5,10.5,14.5,4,45.0,1,14.0
2023,19,00-0039052,T.Palmer,TB,WR,1,12.5,13.5,12.5,13.5,1,56.0,1,50.0
2023,19,00-0037257,D.Bell,CLE,WR,1,5.4,13.4,5.4,13.4,8,54.0,0,15.0
2023,19,00-0033943,J.Reynolds,DET,WR,1,8.0,13.0,8.0,13.0,5,80.0,0,30.0
2023,19,00-0031588,S.Diggs,BUF,WR,1,5.2,12.2,5.2,12.2,7,52.0,0,32.0
2023,19,00-0037261,K.Shakir,BUF,WR,1,9.1,12.1,9.1,12.1,3,31.0,1,19.0
2023,19,00-0037247,G.Pickens,PIT,WR,1,6.5,11.5,6.5,11.5,5,50.0,0,2.0
2023,19,00-0031236,B.Cooks,DAL,WR,1,5.3,11.3,5.3,11.3,6,47.0,0,1.0
2023,19,00-0036849,T.Atwell,LA,WR,1,9.8,10.8,9.8,10.8,1,38.0,1,22.0
2023,19,00-0038393,D.Wicks,GB,WR,1,8.5,10.5,8.5,10.5,2,25.0,1,0.0
2023,19,00-0031544,A.Cooper,CLE,WR,1,5.9,9.9,5.9,9.9,4,59.0,0,7.0
2023,19,00-0037614,J.Metchie,HOU,WR,1,5.3,8.3,5.3,8.3,3,44.0,0,15.0
2023,19,00-0031408,M.Evans,TB,WR,1,4.8,7.8,4.8,7.8,3,48.0,0,8.0
2023,19,00-0037837,C.Austin,PIT,WR,1,6.7,7.7,6.7,7.7,1,7.0,1,1.0
2023,19,00-0033908,C.Kupp,LA,WR,1,2.7,7.7,2.7,7.7,5,27.0,0,5.0
2023,19,00-0032775,D.Robinson,LA,WR,1,4.4,7.4,4.4,7.4,3,44.0,0,2.0
2023,19,00-0034418,C.Wilson,MIA,WR,1,3.7,6.7,3.7,6.7,3,37.0,0,4.0
2023,19,00-0036613,J.Waddle,MIA,WR,1,4.0,6.0,4.0,6.0,2,31.0,0,0.0
2023,19,00-0034054,R.Cracraft,MIA,WR,1,3.3,5.3,3.3,5.3,2,33.0,0,14.0
2023,19,00-0027944,J.Jones,PHI,WR,1,2.2,5.2,2.2,5.2,3,22.0,0,0.0
2023,19,00-0035215,D.Harty,BUF,WR,1,3.4,4.4,3.4,4.4,1,34.0,0,21.0
2023,19,00-0036271,Q.Watkins,PHI,WR,1,1.2,4.2,1.2,4.2,3,12.0,0,15.0
2023,19,00-0034386,J.Watson,KC,WR,1,2.0,4.0,2.0,4.0,2,20.0,0,1.0
2023,19,00-0037240,J.Williams,DET,WR,1,1.9,3.9,1.9,3.9,2,19.0,0,1.0
2023,19,00-0031428,A.Robinson,PIT,WR,1,1.2,3.2,1.2,3.2,2,12.0,0,13.0
2023,19,00-0038618,X.Hutchinson,HOU,WR,1,1.2,3.2,1.2,3.2,2,12.0,0,14.0
2023,19,00-0036980,E.Moore,CLE,WR,1,1.2,3.2,1.2,3.2,2,12.0,0,9.0
2023,19,00-0037487,D.Thompkins,TB,WR,1,1.4,2.4,1.4,2.4,1,4.0,0,8.0
2023,19,00-0030431,R.Woods,HOU,WR,1,1.1,2.1,1.1,2.1,1,11.0,0,5.0
2023,19,00-0038124,C.Watson,GB,WR,1,0.9,1.9,0.9,1.9,1,9.0,0,4.0
2023,19,00-0034272,M.Valdes-Scantling,KC,WR,1,0.8,1.8,0.8,1.8,1,8.0,0,1.0
2023,19,00-0037091,B.Melton,GB,WR,1,0.7,1.7,0.7,1.7,1,7.0,0,1.0
2023,19,00-0034286,R.James,KC,WR,1,0.6,1.6,0.6,1.6,1,6.0,0,0.0
2023,19,00-0035208,O.Zaccheaus,PHI,WR,1,0.5,1.5,0.5,1.5,1,5.0,0,0.0
2023,19,00-0036862,B.Skowronek,LA,WR,1,0.5,1.5,0.5,1.5,1,5.0,0,1.0
2023,19,00-0035140,M.Hardman,KC,WR,1,-0.1,0.9,-0.1,0.9,1,3.0,0,5.0
2023,19,00-0037666,J.Tolbert,DAL,WR,1,0.0,0.0,0.0,0.0,0,0.0,0,0.0
2023,19,00-0033591,N.Brown,HOU,WR,1,0.0,0.0,0.0,0.0,0,0.0,0,0.0
2023,19,00-0034419,B.Berrios,MIA,WR,1,0.0,0.0,0.0,0.0,0,0.0,0,0.0
2023,19,00-0039146,J.Reed,GB,WR,1,0.0,0.0,0.0,0.0,0,0.0,0,0.0
2023,19,00-0030068,M.Goodwin,CLE,WR,1,0.0,0.0,0.0,0.0,0,0.0,0,0.0
2023,19,00-0035527,A.Isabella,BUF,WR,1,0.0,0.0,0.0,0.0,0,0.0,0,0.0
2023,18,00-0036322,J.Jefferson,MIN,WR,1,24.0,36.0,24.0,36.0,12,192.0,1,44.0
2023,18,00-0036358,C.Lamb,DAL,WR,1,22.5,35.5,22.5,35.5,13,98.0,2,42.0
2023,18,00-0036554,N.Collins,HOU,WR,1,25.5,34.5,25.5,34.5,9,195.0,1,76.0
2023,18,00-0036963,A.St. Brown,DET,WR,1,20.4,27.4,20.4,27.4,7,144.0,1,82.0
2023,18,00-0038393,D.Wicks,GB,WR,1,18.1,24.1,18.1,24.1,6,61.0,2,26.0
2023,18,00-0036271,Q.Watkins,PHI,WR,1,15.3,23.3,15.3,23.3,8,93.0,1,19.0
2023,18,00-0037257,D.Bell,CLE,WR,1,18.8,22.8,18.8,22.8,4,68.0,2,3.0
2023,18,00-0034837,C.Ridley,JAX,WR,1,16.6,22.6,16.6,22.6,6,106.0,1,27.0
2023,18,00-0034960,J.Meyers,LV,WR,1,18.6,21.6,18.6,21.6,3,61.0,1,10.0
2023,18,00-0033040,T.Hill,MIA,WR,1,14.2,21.2,14.2,21.2,7,82.0,1,13.0
2023,18,00-0038619,A.Iosivas,CIN,WR,1,15.6,20.6,15.6,20.6,5,36.0,2,11.0
2023,18,00-0038612,A.Perry,NO,WR,1,17.3,20.3,17.3,20.3,3,53.0,2,3.0
2023,18,00-0035216,D.Johnson,PIT,WR,1,14.9,18.9,14.9,18.9,4,89.0,1,68.0
2023,18,00-0030564,D.Hopkins,TEN,WR,1,10.6,17.6,10.6,17.6,7,46.0,1,22.0
2023,18,00-0035535,D.Slayton,NYG,WR,1,12.2,17.2,12.2,17.2,5,62.0,1,30.0
2023,18,00-0036407,J.Jeudy,DEN,WR,1,13.9,16.9,13.9,16.9,3,79.0,1,42.0
2023,18,00-0037261,K.Shakir,BUF,WR,1,10.5,16.5,10.5,16.5,6,105.0,0,57.0
2023,18,00-0031236,B.Cooks,DAL,WR,1,10.2,16.2,10.2,16.2,6,39.0,1,1.0
2023,18,00-0038994,J.Addison,MIN,WR,1,11.7,15.7,11.7,15.7,4,57.0,1,6.0
2023,18,00-0031588,S.Diggs,BUF,WR,1,8.7,15.7,8.7,15.7,7,87.0,0,25.0
2023,18,00-0031381,D.Adams,LV,WR,1,10.6,15.6,10.6,15.6,5,46.0,1,23.0
2023,18,00-0037545,R.Shaheed,NO,WR,1,12.5,15.5,12.5,15.5,3,65.0,1,0.0
2023,18,00-0038559,M.Wilson,ARI,WR,1,9.5,15.5,9.5,15.5,6,95.0,0,27.0
2023,18,00-0039146,J.Reed,GB,WR,1,11.2,15.2,11.2,15.2,4,112.0,0,55.0
2023,18,00-0032211,T.Lockett,SEA,WR,1,13.1,15.1,13.1,15.1,2,71.0,1,17.0
2023,18,00-0037239,C.Olave,NO,WR,1,11.6,14.6,11.6,14.6,3,56.0,1,9.0
2023,18,00-0039075,P.Nacua,LA,WR,1,10.1,14.1,10.1,14.1,4,41.0,1,9.0
2023,18,00-0038563,T.Tucker,LV,WR,1,9.0,14.0,9.0,14.0,5,79.0,0,6.0
2023,18,00-0035140,M.Hardman,KC,WR,1,7.7,13.7,7.7,13.7,6,77.0,0,48.0
2023,18,00-0038117,W.Robinson,NYG,WR,1,8.5,13.5,8.5,13.5,5,85.0,0,47.0
2023,18,00-0037382,B.Johnson,DEN,WR,1,8.8,12.8,8.8,12.8,4,88.0,0,29.0
2023,18,00-0037091,B.Melton,GB,WR,1,7.6,12.6,7.6,12.6,5,62.0,0,15.0
2023,18,00-0035659,T.McLaurin,WAS,WR,1,5.6,11.6,5.6,11.6,6,56.0,0,57.0
2023,18,00-0033921,C.Godwin,TB,WR,1,5.5,11.5,5.5,11.5,6,51.0,0,24.0
2023,18,00-0034487,T.Sherfield,BUF,WR,1,8.4,11.4,8.4,11.4,3,24.0,1,0.0
2023,18,00-0036988,J.Palmer,LAC,WR,1,5.0,11.0,5.0,11.0,6,44.0,0,25.0
2023,18,00-0033891,Z.Jones,JAX,WR,1,4.7,10.7,4.7,10.7,6,47.0,0,11.0
2023,18,00-0034827,D.Moore,CHI,WR,1,6.4,10.4,6.4,10.4,4,64.0,0,33.0
2023,18,00-0032128,C.Conley,SF,WR,1,6.9,9.9,6.9,9.9,3,69.0,0,28.0
2023,18,00-0036252,M.Pittman,IND,WR,1,4.4,9.4,4.4,9.4,5,44.0,0,15.0
2023,18,00-0033943,J.Reynolds,DET,WR,1,4.4,9.4,4.4,9.4,5,44.0,0,40.0
2023,18,00-0038576,C.Jones,CIN,WR,1,6.2,9.2,6.2,9.2,3,49.0,0,15.0
2023,18,00-0031549,N.Agholor,BAL,WR,1,3.9,8.9,3.9,8.9,5,39.0,0,11.0
2023,18,00-0037666,J.Tolbert,DAL,WR,1,6.8,8.8,6.8,8.8,2,8.0,1,0.0
2023,18,00-0036427,T.Johnson,LA,WR,1,6.8,8.8,6.8,8.8,2,8.0,1,1.0
2023,18,00-0035298,S.Miller,ATL,WR,1,6.6,8.6,6.6,8.6,2,66.0,0,47.0
2023,18,00-0037238,D.London,ATL,WR,1,4.1,8.1,4.1,8.1,4,41.0,0,14.0
2023,18,00-0038997,J.Downs,IND,WR,1,4.8,7.8,4.8,7.8,3,48.0,0,24.0
2023,18,00-0036936,R.Moore,ARI,WR,1,3.6,7.6,3.6,7.6,4,31.0,0,25.0
2023,18,00-0038647,R.Bell,SF,WR,1,6.5,7.5,6.5,7.5,1,5.0,1,0.0
2023,18,00-0038979,C.Tillman,CLE,WR,1,4.3,7.3,4.3,7.3,3,43.0,0,27.0
2023,18,00-0032464,K.Raymond,DET,WR,1,5.0,7.0,5.0,7.0,2,50.0,0,17.0
2023,18,00-0034777,D.Chark,CAR,WR,1,4.6,6.6,4.6,6.6,2,46.0,0,19.0
2023,18,00-0036165,I.Hodgins,NYG,WR,1,3.6,6.6,3.6,6.6,3,36.0,0,8.0
2023,18,00-0037132,B.Covey,PHI,WR,1,3.5,6.5,3.5,6.5,3,35.0,0,16.0
2023,18,00-0036387,J.Reagor,NE,WR,1,5.0,6.0,5.0,6.0,1,33.0,0,2.0
2023,18,00-0032398,C.Moore,TEN,WR,1,3.0,6.0,3.0,6.0,3,30.0,0,3.0
2023,18,00-0036900,J.Chase,CIN,WR,1,1.9,5.9,1.9,5.9,4,19.0,0,15.0
2023,18,00-0034407,R.McCloud,SF,WR,1,2.9,5.9,2.9,5.9,3,22.0,0,16.0
2023,18,00-0036261,B.Aiyuk,SF,WR,1,2.5,5.5,2.5,5.5,3,25.0,0,7.0
2023,18,00-0032385,S.Shepard,NYG,WR,1,2.4,5.4,2.4,5.4,3,18.0,0,20.0
2023,18,00-0035341,T.Irwin,CIN,WR,1,3.4,5.4,3.4,5.4,2,34.0,0,7.0
2023,18,00-0037740,G.Wilson,NYJ,WR,1,3.4,5.4,3.4,5.4,2,34.0,0,16.0
2023,18,00-0031408,M.Evans,TB,WR,1,2.2,5.2,2.2,5.2,3,22.0,0,7.0
2023,18,00-0035719,D.Samuel,SF,WR,1,3.2,5.2,3.2,5.2,2,21.0,0,11.0
2023,18,00-0033282,C.Samuel,WAS,WR,1,3.0,5.0,3.0,5.0,2,15.0,0,10.0
2023,18,00-0032543,A.Erickson,LAC,WR,1,2.9,4.9,2.9,4.9,2,29.0,0,18.0
2023,18,00-0038573,D.Davis,LAC,WR,1,3.5,4.5,3.5,4.5,1,18.0,0,15.0
2023,18,00-0036233,D.Peoples-Jones,DET,WR,1,2.5,4.5,2.5,4.5,2,25.0,0,3.0
2023,18,00-0038543,J.Smith-Njigba,SEA,WR,1,1.4,4.4,1.4,4.4,3,14.0,0,9.0
2023,18,00-0038544,Q.Johnston,LAC,WR,1,2.3,4.3,2.3,4.3,2,17.0,0,17.0
2023,18,00-0036862,B.Skowronek,LA,WR,1,2.2,4.2,2.2,4.2,2,22.0,0,9.0
2023,18,00-0035208,O.Zaccheaus,PHI,WR,1,2.0,4.0,2.0,4.0,2,20.0,0,11.0
2023,18,00-0038465,M.Heath,GB,WR,1,0.9,3.9,0.9,3.9,3,9.0,0,5.0
2023,18,00-0037741,J.Dotson,WAS,WR,1,1.7,3.7,1.7,3.7,2,17.0,0,15.0
2023,18,00-0037216,J.Ross,KC,WR,1,1.7,3.7,1.7,3.7,2,17.0,0,5.0
2023,18,00-0037273,K.Philips,TEN,WR,1,1.5,3.5,1.5,3.5,2,15.0,0,7.0
2023,18,00-0034286,R.James,KC,WR,1,1.5,3.5,1.5,3.5,2,15.0,0,7.0
2023,18,00-0034418,C.Wilson,MIA,WR,1,2.4,3.4,2.4,3.4,1,24.0,0,4.0
2023,18,00-0035500,G.Dortch,ARI,WR,1,1.4,3.4,1.4,3.4,2,14.0,0,6.0
2023,18,00-0036415,V.Jefferson,ATL,WR,1,1.3,3.3,1.3,3.3,2,13.0,0,1.0
2023,18,00-0038621,D.Douglas,NE,WR,1,1.3,3.3,1.3,3.3,2,13.0,0,10.0
2023,18,00-0027944,J.Jones,PHI,WR,1,1.3,3.3,1.3,3.3,2,13.0,0,4.0
2023,18,00-0030035,A.Thielen,CAR,WR,1,1.2,3.2,1.2,3.2,2,12.0,0,2.0
2023,18,00-0039052,T.Palmer,TB,WR,1,1.0,3.0,1.0,3.0,2,10.0,0,3.0
2023,18,00-0034419,B.Berrios,MIA,WR,1,0.9,2.9,0.9,2.9,2,9.0,0,0.0
2023,18,00-0036345,K.Osborn,MIN,WR,1,0.9,2.9,0.9,2.9,2,9.0,0,8.0
2023,18,00-0034054,R.Cracraft,MIA,WR,1,1.8,2.8,1.8,2.8,1,18.0,0,9.0
2023,18,00-0034279,E.St. Brown,CHI,WR,1,1.8,2.8,1.8,2.8,1,18.0,0,4.0
2023,18,00-0038976,M.Mims,DEN,WR,1,1.7,2.7,1.7,2.7,1,16.0,0,14.0
2023,18,00-0032951,L.Treadwell,BAL,WR,1,1.6,2.6,1.6,2.6,1,16.0,0,0.0
2023,18,00-0036849,T.Atwell,LA,WR,1,0.3,2.3,0.3,2.3,2,7.0,0,6.0
2023,18,00-0038941,T.Scott,CHI,WR,1,1.2,2.2,1.2,2.2,1,12.0,0,0.0
2023,18,00-0035215,D.Harty,BUF,WR,1,1.2,2.2,1.2,2.2,1,12.0,0,8.0
2023,18,00-0036630,T.Wallace,BAL,WR,1,1.1,2.1,1.1,2.1,1,11.0,0,0.0
2023,18,00-0038606,P.Washington,JAX,WR,1,1.1,2.1,1.1,2.1,1,11.0,0,1.0
2023,18,00-0035640,D.Metcalf,SEA,WR,1,1.0,2.0,1.0,2.0,1,10.0,0,3.0
2023,18,00-0035676,A.Brown,PHI,WR,1,0.9,1.9,0.9,1.9,1,9.0,0,1.0
2023,18,00-0038752,J.Bobo,SEA,WR,1,0.9,1.9,0.9,1.9,1,9.0,0,5.0
2023,18,00-0035120,K.Doss,LAC,WR,1,0.8,1.8,0.8,1.8,1,8.0,0,3.0
2023,18,00-0031941,J.Crowder,WAS,WR,1,0.8,1.8,0.8,1.8,1,8.0,0,13.0
2023,18,00-0033589,D.Moore,TB,WR,1,0.8,1.8,0.8,1.8,1,8.0,0,6.0
2023,18,00-0036497,T.Jones,JAX,WR,1,0.7,1.7,0.7,1.7,1,7.0,0,7.0
2023,18,00-0036635,I.Smith-Marsette,CAR,WR,1,0.6,1.6,0.6,1.6,1,6.0,0,3.0
2023,18,00-0038618,X.Hutchinson,HOU,WR,1,0.6,1.6,0.6,1.6,1,6.0,0,0.0
2023,18,00-0031547,D.Parker,NE,WR,1,0.6,1.6,0.6,1.6,1,6.0,0,2.0
2023,18,00-0038938,J.Hyatt,NYG,WR,1,0.5,1.5,0.5,1.5,1,5.0,0,0.0
2023,18,00-0036955,T.Marshall,CAR,WR,1,0.5,1.5,0.5,1.5,1,5.0,0,0.0
2023,18,00-0037614,J.Metchie,HOU,WR,1,0.5,1.5,0.5,1.5,1,5.0,0,5.0
2023,18,00-0033009,T.Boyd,CIN,WR,1,0.4,1.4,0.4,1.4,1,4.0,0,0.0
2023,18,00-0028002,R.Cobb,NYJ,WR,1,0.4,1.4,0.4,1.4,1,4.0,0,3.0
2023,18,00-0038496,X.Gipson,NYJ,WR,1,0.4,1.4,0.4,1.4,1,4.0,0,5.0
2023,18,00-0036326,C.Claypool,MIA,WR,1,0.3,1.3,0.3,1.3,1,3.0,0,0.0
2023,18,00-0036364,L.Bowden,NO,WR,1,0.3,1.3,0.3,1.3,1,5.0,0,7.0
2023,18,00-0031763,D.Carter,LV,WR,1,0.3,1.3,0.3,1.3,1,3.0,0,5.0
2023,18,00-0034348,C.Sutton,DEN,WR,1,0.2,1.2,0.2,1.2,1,2.0,0,1.0
2023,18,00-0034646,B.Powell,MIN,WR,1,0.2,1.2,0.2,1.2,1,2.0,0,1.0
2023,18,00-0037487,D.Thompkins,TB,WR,1,0.1,1.1,0.1,1.1,1,1.0,0,6.0
2023,18,00-0038640,J.Brooks,DAL,WR,1,0.1,1.1,0.1,1.1,1,1.0,0,1.0
2023,18,00-0037837,C.Austin,PIT,WR,1,0.8,0.8,0.8,0.8,0,0.0,0,0.0
2023,18,00-0037801,K.Turpin,DAL,WR,1,0.5,0.5,0.5,0.5,0,0.0,0,0.0
2023,18,00-0037247,G.Pickens,PIT,WR,1,0.3,0.3,0.3,0.3,0,0.0,0,0.0
2023,18,00-0036626,D.Brown,WAS,WR,1,0.2,0.2,0.2,0.2,0,0.0,0,0.0
2023,18,00-0037664,A.Pierce,IND,WR,1,0.0,0.0,0.0,0.0,0,0.0,0,0.0
2023,18,00-0034854,K.Hodge,ATL,WR,1,0.0,0.0,0.0,0.0,0,0.0,0,0.0
2023,18,00-0037816,R.Doubs,GB,WR,1,0.0,0.0,0.0,0.0,0,0.0,0,0.0
2023,18,00-0038492,J.Brownlee,NYJ,WR,1,0.0,0.0,0.0,0.0,0,0.0,0,0.0
2023,18,00-0035406,L.Humphrey,DEN,WR,1,0.0,0.0,0.0,0.0,0,0.0,0,0.0
2023,18,00-0034764,M.Gallup,DAL,WR,1,0.0,0.0,0.0,0.0,0,0.0,0,0.0
2023,18,00-0037156,I.Charles,NYJ,WR,1,0.0,0.0,0.0,0.0,0,0.0,0,0.0
2023,18,00-0036196,G.Davis,BUF,WR,1,0.0,0.0,0.0,0.0,0,0.0,0,0.0
2023,18,00-0036133,J.Proche,CLE,WR,1,0.0,0.0,0.0,0.0,0,0.0,0,0.0
2023,18,00-0031428,A.Robinson,PIT,WR,1,0.0,0.0,0.0,0.0,0,0.0,0,0.0
2023,18,00-0034386,J.Watson,KC,WR,1,0.0,0.0,0.0,0.0,0,0.0,0,0.0
2023,17,00-0036358,C.Lamb,DAL,WR,1,29.2,42.2,29.2,42.2,13,227.0,1,122.0
2023,17,00-0031381,D.Adams,LV,WR,1,24.6,37.6,24.6,37.6,13,126.0,2,13.0
2023,17,00-0034827,D.Moore,CHI,WR,1,21.9,30.9,21.9,30.9,9,159.0,1,51.0
2023,17,00-0039146,J.Reed,GB,WR,1,20.9,26.9,20.9,26.9,6,89.0,2,44.0
2023,17,00-0036261,B.Aiyuk,SF,WR,1,17.4,24.4,17.4,24.4,7,114.0,1,17.0
2023,17,00-0037091,B.Melton,GB,WR,1,16.5,22.5,16.5,22.5,6,105.0,1,11.0
2023,17,00-0036963,A.St. Brown,DET,WR,1,16.1,22.1,16.1,22.1,6,90.0,1,33.0
2023,17,00-0035535,D.Slayton,NYG,WR,1,16.6,20.6,16.6,20.6,4,106.0,1,40.0
2023,17,00-0037247,G.Pickens,PIT,WR,1,13.1,20.1,13.1,20.1,7,131.0,0,38.0
2023,17,00-0038117,W.Robinson,NYG,WR,1,13.9,19.9,13.9,19.9,6,55.0,0,31.0
2023,17,00-0039064,Z.Flowers,BAL,WR,1,16.6,19.6,16.6,19.6,3,106.0,1,45.0
2023,17,00-0039075,P.Nacua,LA,WR,1,13.7,18.7,13.7,18.7,5,118.0,0,108.0
2023,17,00-0039052,T.Palmer,TB,WR,1,14.4,18.4,14.4,18.4,4,84.0,1,14.0
2023,17,00-0035719,D.Samuel,SF,WR,1,13.2,18.2,13.2,18.2,5,37.0,1,34.0
2023,17,00-0039067,R.Rice,KC,WR,1,12.7,17.7,12.7,17.7,5,127.0,0,89.0
2023,17,00-0027944,J.Jones,PHI,WR,1,15.4,17.4,15.4,17.4,2,34.0,2,6.0
2023,17,00-0033921,C.Godwin,TB,WR,1,14.1,17.1,14.1,17.1,3,81.0,1,23.0
2023,17,00-0036980,E.Moore,CLE,WR,1,12.1,17.1,12.1,17.1,5,61.0,1,21.0
2023,17,00-0031236,B.Cooks,DAL,WR,1,12.0,17.0,12.0,17.0,5,60.0,1,2.0
2023,17,00-0032543,A.Erickson,LAC,WR,1,9.8,16.8,9.8,16.8,7,98.0,0,28.0
2023,17,00-0035659,T.McLaurin,WAS,WR,1,12.1,16.1,12.1,16.1,4,61.0,1,26.0
2023,17,00-0036554,N.Collins,HOU,WR,1,8.7,15.7,8.7,15.7,7,80.0,0,39.0
2023,17,00-0035640,D.Metcalf,SEA,WR,1,10.6,15.6,10.6,15.6,5,106.0,0,45.0
2023,17,00-0032775,D.Robinson,LA,WR,1,9.2,15.2,9.2,15.2,6,92.0,0,32.0
2023,17,00-0035500,G.Dortch,ARI,WR,1,8.2,15.2,8.2,15.2,7,82.0,0,37.0
2023,17,00-0035406,L.Humphrey,DEN,WR,1,12.9,14.9,12.9,14.9,2,69.0,1,42.0
2023,17,00-0030564,D.Hopkins,TEN,WR,1,7.2,14.2,7.2,14.2,7,72.0,0,27.0
2023,17,00-0033040,T.Hill,MIA,WR,1,7.6,13.6,7.6,13.6,6,76.0,0,10.0
2023,17,00-0038559,M.Wilson,ARI,WR,1,9.5,13.5,9.5,13.5,4,35.0,1,12.0
2023,17,00-0037664,A.Pierce,IND,WR,1,11.8,12.8,11.8,12.8,1,58.0,1,26.0
2023,17,00-0033908,C.Kupp,LA,WR,1,8.7,12.7,8.7,12.7,4,27.0,1,11.0
2023,17,00-0035216,D.Johnson,PIT,WR,1,7.6,11.6,7.6,11.6,4,76.0,0,36.0
2023,17,00-0034960,J.Meyers,LV,WR,1,5.6,11.6,5.6,11.6,6,56.0,0,18.0
2023,17,00-0036322,J.Jefferson,MIN,WR,1,5.9,10.9,5.9,10.9,5,59.0,0,7.0
2023,17,00-0034418,C.Wilson,MIA,WR,1,8.7,10.7,8.7,10.7,2,27.0,1,2.0
2023,17,00-0031408,M.Evans,TB,WR,1,7.0,10.0,7.0,10.0,3,70.0,0,30.0
2023,17,00-0037740,G.Wilson,NYJ,WR,1,4.9,9.9,4.9,9.9,5,50.0,0,9.0
2023,17,00-0030431,R.Woods,HOU,WR,1,5.8,9.8,5.8,9.8,4,58.0,0,28.0
2023,17,00-0030035,A.Thielen,CAR,WR,1,3.8,9.8,3.8,9.8,6,38.0,0,19.0
2023,17,00-0037238,D.London,ATL,WR,1,5.6,9.6,5.6,9.6,4,56.0,0,8.0
2023,17,00-0036252,M.Pittman,IND,WR,1,4.6,9.6,4.6,9.6,5,46.0,0,30.0
2023,17,00-0037240,J.Williams,DET,WR,1,7.5,9.5,7.5,9.5,2,69.0,0,19.0
2023,17,00-0036550,R.Bateman,BAL,WR,1,5.4,9.4,5.4,9.4,4,54.0,0,14.0
2023,17,00-0035676,A.Brown,PHI,WR,1,5.3,9.3,5.3,9.3,4,53.0,0,19.0
2023,17,00-0037261,K.Shakir,BUF,WR,1,4.9,8.9,4.9,8.9,4,39.0,0,11.0
2023,17,00-0036407,J.Jeudy,DEN,WR,1,5.4,8.4,5.4,8.4,3,54.0,0,38.0
2023,17,00-0038543,J.Smith-Njigba,SEA,WR,1,7.2,8.2,7.2,8.2,1,12.0,1,0.0
2023,17,00-0038496,X.Gipson,NYJ,WR,1,4.1,8.1,4.1,8.1,4,33.0,0,32.0
2023,17,00-0034837,C.Ridley,JAX,WR,1,3.9,7.9,3.9,7.9,4,39.0,0,8.0
2023,17,00-0035120,K.Doss,LAC,WR,1,2.5,7.5,2.5,7.5,5,25.0,0,11.0
2023,17,00-0038621,D.Douglas,NE,WR,1,4.3,7.3,4.3,7.3,3,31.0,0,24.0
2023,17,00-0038997,J.Downs,IND,WR,1,5.3,7.3,5.3,7.3,2,53.0,0,28.0
2023,17,00-0033572,J.Agnew,JAX,WR,1,5.3,7.3,5.3,7.3,2,53.0,0,13.0
2023,17,00-0031588,S.Diggs,BUF,WR,1,3.1,7.1,3.1,7.1,4,26.0,0,13.0
2023,17,00-0036900,J.Chase,CIN,WR,1,4.1,7.1,4.1,7.1,3,41.0,0,5.0
2023,17,00-0037382,B.Johnson,DEN,WR,1,2.7,6.7,2.7,6.7,4,27.0,0,1.0
2023,17,00-0036936,R.Moore,ARI,WR,1,3.4,6.4,3.4,6.4,3,26.0,0,13.0
2023,17,00-0033282,C.Samuel,WAS,WR,1,3.3,6.3,3.3,6.3,3,33.0,0,5.0
2023,17,00-0036912,D.Smith,PHI,WR,1,3.0,6.0,3.0,6.0,3,30.0,0,8.0
2023,17,00-0038544,Q.Johnston,LAC,WR,1,2.9,5.9,2.9,5.9,3,29.0,0,3.0
2023,17,00-0037816,R.Doubs,GB,WR,1,2.8,5.8,2.8,5.8,3,28.0,0,5.0
2023,17,00-0038994,J.Addison,MIN,WR,1,2.8,5.8,2.8,5.8,3,28.0,0,6.0
2023,17,00-0037239,C.Olave,NO,WR,1,2.6,5.6,2.6,5.6,3,26.0,0,7.0
2023,17,00-0038563,T.Tucker,LV,WR,1,3.6,5.6,3.6,5.6,2,36.0,0,0.0
2023,17,00-0038938,J.Hyatt,NYG,WR,1,2.5,5.5,2.5,5.5,3,25.0,0,5.0
2023,17,00-0038104,T.Thornton,NE,WR,1,2.4,5.4,2.4,5.4,3,24.0,0,1.0
2023,17,00-0034386,J.Watson,KC,WR,1,4.1,5.1,4.1,5.1,1,41.0,0,11.0
2023,17,00-0036415,V.Jefferson,ATL,WR,1,1.9,4.9,1.9,4.9,3,19.0,0,7.0
2023,17,00-0033009,T.Boyd,CIN,WR,1,2.9,4.9,2.9,4.9,2,29.0,0,1.0
2023,17,00-0036387,J.Reagor,NE,WR,1,3.9,4.9,3.9,4.9,1,39.0,0,3.0
2023,17,00-0038492,J.Brownlee,NYJ,WR,1,2.8,4.8,2.8,4.8,2,28.0,0,7.0
2023,17,00-0031235,O.Beckham,BAL,WR,1,3.3,4.3,3.3,4.3,1,33.0,0,0.0
2023,17,00-0036635,I.Smith-Marsette,CAR,WR,1,1.2,4.2,1.2,4.2,3,12.0,0,11.0
2023,17,00-0032398,C.Moore,TEN,WR,1,3.2,4.2,3.2,4.2,1,32.0,0,3.0
2023,17,00-0036196,G.Davis,BUF,WR,1,2.1,4.1,2.1,4.1,2,21.0,0,1.0
2023,17,00-0031549,N.Agholor,BAL,WR,1,1.8,3.8,1.8,3.8,2,18.0,0,10.0
2023,17,00-0038941,T.Scott,CHI,WR,1,1.5,3.5,1.5,3.5,2,15.0,0,7.0
2023,17,00-0037545,R.Shaheed,NO,WR,1,1.4,3.4,1.4,3.4,2,14.0,0,4.0
2023,17,00-0037742,T.Burks,TEN,WR,1,1.1,3.1,1.1,3.1,2,11.0,0,13.0
2023,17,00-0034419,B.Berrios,MIA,WR,1,1.0,3.0,1.0,3.0,2,10.0,0,9.0
2023,17,00-0036410,T.Higgins,CIN,WR,1,1.9,2.9,1.9,2.9,1,19.0,0,4.0
2023,17,00-0036165,I.Hodgins,NYG,WR,1,1.8,2.8,1.8,2.8,1,18.0,0,2.0
2023,17,00-0038618,X.Hutchinson,HOU,WR,1,0.8,2.8,0.8,2.8,2,8.0,0,5.0
2023,17,00-0034777,D.Chark,CAR,WR,1,1.8,2.8,1.8,2.8,1,18.0,0,0.0
2023,17,00-0037257,D.Bell,CLE,WR,1,0.7,2.7,0.7,2.7,2,7.0,0,5.0
2023,17,00-0031547,D.Parker,NE,WR,1,1.5,2.5,1.5,2.5,1,15.0,0,0.0
2023,17,00-0038465,M.Heath,GB,WR,1,1.3,2.3,1.3,2.3,1,13.0,0,6.0
2023,17,00-0033943,J.Reynolds,DET,WR,1,1.3,2.3,1.3,2.3,1,13.0,0,8.0
2023,17,00-0037614,J.Metchie,HOU,WR,1,1.2,2.2,1.2,2.2,1,8.0,0,6.0
2023,17,00-0032464,K.Raymond,DET,WR,1,1.1,2.1,1.1,2.1,1,11.0,0,2.0
2023,17,00-0036254,C.Johnson,CHI,WR,1,1.1,2.1,1.1,2.1,1,11.0,0,4.0
2023,17,00-0039062,J.Mingo,CAR,WR,1,0.0,2.0,0.0,2.0,2,0.0,0,0.0
2023,17,00-0032211,T.Lockett,SEA,WR,1,1.0,2.0,1.0,2.0,1,10.0,0,0.0
2023,17,00-0037666,J.Tolbert,DAL,WR,1,0.9,1.9,0.9,1.9,1,9.0,0,0.0
2023,17,00-0033591,N.Brown,HOU,WR,1,0.8,1.8,0.8,1.8,1,8.0,0,2.0
2023,17,00-0038979,C.Tillman,CLE,WR,1,0.8,1.8,0.8,1.8,1,8.0,0,1.0
2023,17,00-0036364,L.Bowden,NO,WR,1,0.6,1.6,0.6,1.6,1,6.0,0,9.0
2023,17,00-0034286,R.James,KC,WR,1,0.6,1.6,0.6,1.6,1,6.0,0,1.0
2023,17,00-0038612,A.Perry,NO,WR,1,0.5,1.5,0.5,1.5,1,5.0,0,0.0
2023,17,00-0035341,T.Irwin,CIN,WR,1,0.4,1.4,0.4,1.4,1,4.0,0,0.0
2023,17,00-0038752,J.Bobo,SEA,WR,1,0.4,1.4,0.4,1.4,1,4.0,0,3.0
2023,17,00-0034272,M.Valdes-Scantling,KC,WR,1,0.3,1.3,0.3,1.3,1,3.0,0,7.0
2023,17,00-0038606,P.Washington,JAX,WR,1,0.2,1.2,0.2,1.2,1,2.0,0,0.0
2023,17,00-0037487,D.Thompkins,TB,WR,1,0.0,1.0,0.0,1.0,1,0.0,0,4.0
2023,17,00-0037098,S.Toure,GB,WR,1,-0.6,0.4,-0.6,0.4,1,-6.0,0,0.0
2023,17,00-0038573,D.Davis,LAC,WR,1,0.2,0.2,0.2,0.2,0,0.0,0,0.0
2023,17,00-0032208,P.Dorsett,DEN,WR,1,0.0,0.0,0.0,0.0,0,0.0,0,0.0
2023,17,00-0034297,B.Pringle,WAS,WR,1,0.0,0.0,0.0,0.0,0,0.0,0,0.0
2023,17,00-0034646,B.Powell,MIN,WR,1,0.0,0.0,0.0,0.0,0,0.0,0,0.0
2023,17,00-0034487,T.Sherfield,BUF,WR,1,0.0,0.0,0.0,0.0,0,0.0,0,0.0
2023,17,00-0032385,S.Shepard,NYG,WR,1,0.0,0.0,0.0,0.0,0,0.0,0,0.0
2023,17,00-0036497,T.Jones,JAX,WR,1,0.0,0.0,0.0,0.0,0,0.0,0,0.0
2023,17,00-0034054,R.Cracraft,MIA,WR,1,0.0,0.0,0.0,0.0,0,0.0,0,0.0
2023,17,00-0038647,R.Bell,SF,WR,1,0.0,0.0,0.0,0.0,0,0.0,0,0.0
2023,17,00-0033589,D.Moore,TB,WR,1,0.0,0.0,0.0,0.0,0,0.0,0,0.0
2023,17,00-0037741,J.Dotson,WAS,WR,1,0.0,0.0,0.0,0.0,0,0.0,0,0.0
2023,17,00-0036326,C.Claypool,MIA,WR,1,0.0,0.0,0.0,0.0,0,0.0,0,0.0
2023,17,00-0032688,R.Chosen,MIA,WR,1,0.0,0.0,0.0,0.0,0,0.0,0,0.0
2023,17,00-0034854,K.Hodge,ATL,WR,1,0.0,0.0,0.0,0.0,0,0.0,0,0.0
2023,17,00-0035645,G.Olszewski,NYG,WR,1,0.0,0.0,0.0,0.0,0,0.0,0,0.0
2023,16,00-0031544,A.Cooper,CLE,WR,1,38.5,49.5,38.5,49.5,11,265.0,2,60.0
2023,16,00-0037247,G.Pickens,PIT,WR,1,31.5,35.5,31.5,35.5,4,195.0,2,112.0
2023,16,00-0039075,P.Nacua,LA,WR,1,24.0,33.0,24.0,33.0,9,164.0,1,55.0
2023,16,00-0036963,A.St. Brown,DET,WR,1,16.6,28.6,16.6,28.6,12,106.0,1,58.0
2023,16,00-0034777,D.Chark,CAR,WR,1,21.8,27.8,21.8,27.8,6,98.0,2,5.0
2023,16,00-0031408,M.Evans,TB,WR,1,20.6,27.6,20.6,27.6,7,86.0,2,15.0
2023,16,00-0036322,J.Jefferson,MIN,WR,1,20.1,26.1,20.1,26.1,6,141.0,1,18.0
2023,16,00-0034837,C.Ridley,JAX,WR,1,19.8,25.8,19.8,25.8,6,90.0,2,14.0
2023,16,00-0036358,C.Lamb,DAL,WR,1,19.2,25.2,19.2,25.2,6,118.0,1,64.0
2023,16,00-0036410,T.Higgins,CIN,WR,1,20.0,25.0,20.0,25.0,5,140.0,1,83.0
2023,16,00-0036196,G.Davis,BUF,WR,1,19.0,23.0,19.0,23.0,4,130.0,1,34.0
2023,16,00-0039064,Z.Flowers,BAL,WR,1,13.2,22.2,13.2,22.2,9,72.0,1,47.0
2023,16,00-0037239,C.Olave,NO,WR,1,12.3,21.3,12.3,21.3,9,123.0,0,32.0
2023,16,00-0036345,K.Osborn,MIN,WR,1,15.5,20.5,15.5,20.5,5,95.0,1,24.0
2023,16,00-0032775,D.Robinson,LA,WR,1,14.2,20.2,14.2,20.2,6,82.0,1,17.0
2023,16,00-0033040,T.Hill,MIA,WR,1,9.9,18.9,9.9,18.9,9,99.0,0,28.0
2023,16,00-0037545,R.Shaheed,NO,WR,1,13.4,18.4,13.4,18.4,5,70.0,1,2.0
2023,16,00-0035535,D.Slayton,NYG,WR,1,15.0,18.0,15.0,18.0,3,90.0,1,37.0
2023,16,00-0036912,D.Smith,PHI,WR,1,13.9,17.9,13.9,17.9,4,79.0,1,51.0
2023,16,00-0037816,R.Doubs,GB,WR,1,13.9,17.9,13.9,17.9,4,79.0,1,22.0
2023,16,00-0036261,B.Aiyuk,SF,WR,1,11.3,17.3,11.3,17.3,6,113.0,0,49.0
2023,16,00-0032211,T.Lockett,SEA,WR,1,8.1,16.1,8.1,16.1,8,81.0,0,12.0
2023,16,00-0037740,G.Wilson,NYJ,WR,1,6.8,15.8,6.8,15.8,9,76.0,0,49.0
2023,16,00-0035640,D.Metcalf,SEA,WR,1,11.6,15.6,11.6,15.6,4,56.0,1,20.0
2023,16,00-0030035,A.Thielen,CAR,WR,1,9.4,15.4,9.4,15.4,6,94.0,0,25.0
2023,16,00-0035676,A.Brown,PHI,WR,1,8.0,14.0,8.0,14.0,6,80.0,0,13.0
2023,16,00-0033921,C.Godwin,TB,WR,1,7.9,13.9,7.9,13.9,6,78.0,0,8.0
2023,16,00-0034386,J.Watson,KC,WR,1,9.8,13.8,9.8,13.8,4,38.0,1,7.0
2023,16,00-0037382,B.Johnson,DEN,WR,1,10.7,13.7,10.7,13.7,3,47.0,1,21.0
2023,16,00-0035500,G.Dortch,ARI,WR,1,10.5,12.5,10.5,12.5,2,45.0,1,39.0
2023,16,00-0038621,D.Douglas,NE,WR,1,7.4,12.4,7.4,12.4,5,74.0,0,14.0
2023,16,00-0036635,I.Smith-Marsette,CAR,WR,1,11.1,12.1,11.1,12.1,1,18.0,0,10.0
2023,16,00-0038543,J.Smith-Njigba,SEA,WR,1,6.1,12.1,6.1,12.1,6,61.0,0,32.0
2023,16,00-0036554,N.Collins,HOU,WR,1,7.8,11.8,7.8,11.8,4,18.0,1,10.0
2023,16,00-0039067,R.Rice,KC,WR,1,5.7,11.7,5.7,11.7,6,57.0,0,38.0
2023,16,00-0033009,T.Boyd,CIN,WR,1,5.9,10.9,5.9,10.9,5,59.0,0,32.0
2023,16,00-0033908,C.Kupp,LA,WR,1,4.9,10.9,4.9,10.9,6,52.0,0,33.0
2023,16,00-0038393,D.Wicks,GB,WR,1,8.9,10.9,8.9,10.9,2,29.0,1,3.0
2023,16,00-0031547,D.Parker,NE,WR,1,6.5,10.5,6.5,10.5,4,65.0,0,14.0
2023,16,00-0038612,A.Perry,NO,WR,1,9.5,10.5,9.5,10.5,1,35.0,1,0.0
2023,16,00-0031236,B.Cooks,DAL,WR,1,8.3,10.3,8.3,10.3,2,14.0,1,0.0
2023,16,00-0031549,N.Agholor,BAL,WR,1,7.0,10.0,7.0,10.0,3,10.0,1,7.0
2023,16,00-0038997,J.Downs,IND,WR,1,3.9,9.9,3.9,9.9,6,39.0,0,21.0
2023,16,00-0036988,J.Palmer,LAC,WR,1,4.7,9.7,4.7,9.7,5,47.0,0,8.0
2023,16,00-0035719,D.Samuel,SF,WR,1,5.4,9.4,5.4,9.4,4,47.0,0,15.0
2023,16,00-0038976,M.Mims,DEN,WR,1,6.3,9.3,6.3,9.3,3,63.0,0,12.0
2023,16,00-0037240,J.Williams,DET,WR,1,4.3,9.3,4.3,9.3,5,43.0,0,20.0
2023,16,00-0037091,B.Melton,GB,WR,1,5.1,9.1,5.1,9.1,4,44.0,0,8.0
2023,16,00-0034286,R.James,KC,WR,1,5.4,8.4,5.4,8.4,3,54.0,0,32.0
2023,16,00-0034646,B.Powell,MIN,WR,1,5.3,8.3,5.3,8.3,3,53.0,0,13.0
2023,16,00-0039052,T.Palmer,TB,WR,1,4.2,8.2,4.2,8.2,4,42.0,0,21.0
2023,16,00-0038647,R.Bell,SF,WR,1,7.2,8.2,7.2,8.2,1,12.0,1,0.0
2023,16,00-0035659,T.McLaurin,WAS,WR,1,5.0,8.0,5.0,8.0,3,50.0,0,41.0
2023,16,00-0031588,S.Diggs,BUF,WR,1,2.9,7.9,2.9,7.9,5,29.0,0,6.0
2023,16,00-0038492,J.Brownlee,NYJ,WR,1,6.8,7.8,6.8,7.8,1,8.0,1,5.0
2023,16,00-0035341,T.Irwin,CIN,WR,1,3.7,7.7,3.7,7.7,4,37.0,0,15.0
2023,16,00-0031428,A.Robinson,PIT,WR,1,3.6,7.6,3.6,7.6,4,36.0,0,7.0
2023,16,00-0038619,A.Iosivas,CIN,WR,1,3.6,7.6,3.6,7.6,4,36.0,0,1.0
2023,16,00-0037261,K.Shakir,BUF,WR,1,4.5,7.5,4.5,7.5,3,45.0,0,27.0
2023,16,00-0036407,J.Jeudy,DEN,WR,1,4.4,7.4,4.4,7.4,3,44.0,0,14.0
2023,16,00-0034960,J.Meyers,LV,WR,1,4.2,7.2,4.2,7.2,3,42.0,0,26.0
2023,16,00-0034418,C.Wilson,MIA,WR,1,4.2,7.2,4.2,7.2,3,42.0,0,11.0
2023,16,00-0037666,J.Tolbert,DAL,WR,1,5.1,7.1,5.1,7.1,2,51.0,0,0.0
2023,16,00-0037238,D.London,ATL,WR,1,3.9,6.9,3.9,6.9,3,39.0,0,7.0
2023,16,00-0033591,N.Brown,HOU,WR,1,3.8,6.8,3.8,6.8,3,38.0,0,11.0
2023,16,00-0038667,E.Cooks,JAX,WR,1,3.8,6.8,3.8,6.8,3,38.0,0,8.0
2023,16,00-0037837,C.Austin,PIT,WR,1,6.7,6.7,6.7,6.7,0,0.0,0,0.0
2023,16,00-0036613,J.Waddle,MIA,WR,1,5.2,6.2,5.2,6.2,1,50.0,0,7.0
2023,16,00-0036497,T.Jones,JAX,WR,1,3.2,6.2,3.2,6.2,3,32.0,0,5.0
2023,16,00-0037664,A.Pierce,IND,WR,1,3.0,6.0,3.0,6.0,3,30.0,0,2.0
2023,16,00-0032464,K.Raymond,DET,WR,1,3.7,5.7,3.7,5.7,2,29.0,0,5.0
2023,16,00-0036936,R.Moore,ARI,WR,1,3.6,5.6,3.6,5.6,2,30.0,0,4.0
2023,16,00-0036387,J.Reagor,NE,WR,1,3.3,5.3,3.3,5.3,2,33.0,0,6.0
2023,16,00-0037741,J.Dotson,WAS,WR,1,3.1,5.1,3.1,5.1,2,31.0,0,9.0
2023,16,00-0032543,A.Erickson,LAC,WR,1,3.1,5.1,3.1,5.1,2,31.0,0,7.0
2023,16,00-0038544,Q.Johnston,LAC,WR,1,3.0,5.0,3.0,5.0,2,29.0,0,7.0
2023,16,00-0034827,D.Moore,CHI,WR,1,1.8,4.8,1.8,4.8,3,18.0,0,3.0
2023,16,00-0038117,W.Robinson,NYG,WR,1,1.6,4.6,1.6,4.6,3,16.0,0,24.0
2023,16,00-0037742,T.Burks,TEN,WR,1,2.2,4.2,2.2,4.2,2,25.0,0,10.0
2023,16,00-0030431,R.Woods,HOU,WR,1,2.1,4.1,2.1,4.1,2,14.0,0,8.0
2023,16,00-0030564,D.Hopkins,TEN,WR,1,2.0,4.0,2.0,4.0,2,20.0,0,2.0
2023,16,00-0036980,E.Moore,CLE,WR,1,1.9,3.9,1.9,3.9,2,19.0,0,15.0
2023,16,00-0038606,P.Washington,JAX,WR,1,1.9,3.9,1.9,3.9,2,19.0,0,12.0
2023,16,00-0035216,D.Johnson,PIT,WR,1,1.5,3.5,1.5,3.5,2,15.0,0,2.0
2023,16,00-0031235,O.Beckham,BAL,WR,1,1.3,3.3,1.3,3.3,2,13.0,0,4.0
2023,16,00-0038979,C.Tillman,CLE,WR,1,1.3,3.3,1.3,3.3,2,13.0,0,4.0
2023,16,00-0038104,T.Thornton,NE,WR,1,2.0,3.0,2.0,3.0,1,11.0,0,13.0
2023,16,00-0033282,C.Samuel,WAS,WR,1,2.0,3.0,2.0,3.0,1,16.0,0,19.0
2023,16,00-0032688,R.Chosen,MIA,WR,1,1.9,2.9,1.9,2.9,1,19.0,0,1.0
2023,16,00-0038618,X.Hutchinson,HOU,WR,1,1.8,2.8,1.8,2.8,1,18.0,0,0.0
2023,16,00-0038496,X.Gipson,NYJ,WR,1,1.7,2.7,1.7,2.7,1,1.0,0,0.0
2023,16,00-0033943,J.Reynolds,DET,WR,1,1.6,2.6,1.6,2.6,1,16.0,0,2.0
2023,16,00-0035298,S.Miller,ATL,WR,1,1.5,2.5,1.5,2.5,1,15.0,0,4.0
2023,16,00-0036309,D.Mooney,CHI,WR,1,0.5,2.5,0.5,2.5,2,5.0,0,1.0
2023,16,00-0038573,D.Davis,LAC,WR,1,1.4,2.4,1.4,2.4,1,6.0,0,3.0
2023,16,00-0036550,R.Bateman,BAL,WR,1,1.4,2.4,1.4,2.4,1,14.0,0,4.0
2023,16,00-0034764,M.Gallup,DAL,WR,1,0.4,2.4,0.4,2.4,2,4.0,0,-2.0
2023,16,00-0036415,V.Jefferson,ATL,WR,1,1.3,2.3,1.3,2.3,1,13.0,0,6.0
2023,16,00-0033572,J.Agnew,JAX,WR,1,1.2,2.2,1.2,2.2,1,12.0,0,0.0
2023,16,00-0035414,J.Guyton,LAC,WR,1,1.2,2.2,1.2,2.2,1,12.0,0,0.0
2023,16,00-0036233,D.Peoples-Jones,DET,WR,1,1.1,2.1,1.1,2.1,1,11.0,0,6.0
2023,16,00-0032398,C.Moore,TEN,WR,1,0.9,1.9,0.9,1.9,1,9.0,0,0.0
2023,16,00-0034317,K.Kirkwood,NO,WR,1,0.9,1.9,0.9,1.9,1,9.0,0,0.0
2023,16,00-0039062,J.Mingo,CAR,WR,1,0.9,1.9,0.9,1.9,1,9.0,0,10.0
2023,16,00-0038752,J.Bobo,SEA,WR,1,0.8,1.8,0.8,1.8,1,8.0,0,6.0
2023,16,00-0035045,D.Montgomery,IND,WR,1,0.8,1.8,0.8,1.8,1,8.0,0,0.0
2023,16,00-0037801,K.Turpin,DAL,WR,1,0.8,1.8,0.8,1.8,1,4.0,0,7.0
2023,16,00-0037132,B.Covey,PHI,WR,1,0.7,1.7,0.7,1.7,1,7.0,0,10.0
2023,16,00-0033589,D.Moore,TB,WR,1,0.7,1.7,0.7,1.7,1,7.0,0,0.0
2023,16,00-0037257,D.Bell,CLE,WR,1,0.6,1.6,0.6,1.6,1,6.0,0,7.0
2023,16,00-0036176,M.Kinsey,TEN,WR,1,0.6,1.6,0.6,1.6,1,6.0,0,8.0
2023,16,00-0035703,M.Boykin,PIT,WR,1,0.6,1.6,0.6,1.6,1,6.0,0,0.0
2023,16,00-0034854,K.Hodge,ATL,WR,1,0.5,1.5,0.5,1.5,1,5.0,0,0.0
2023,16,00-0027944,J.Jones,PHI,WR,1,0.5,1.5,0.5,1.5,1,5.0,0,5.0
2023,16,00-0030663,W.Snead,SF,WR,1,0.5,1.5,0.5,1.5,1,5.0,0,0.0
2023,16,00-0031381,D.Adams,LV,WR,1,0.4,1.4,0.4,1.4,1,4.0,0,0.0
2023,16,00-0038632,C.Dowell,TEN,WR,1,0.3,1.3,0.3,1.3,1,3.0,0,0.0
2023,16,00-0037216,J.Ross,KC,WR,1,0.2,1.2,0.2,1.2,1,2.0,0,3.0
2023,16,00-0038994,J.Addison,MIN,WR,1,0.2,1.2,0.2,1.2,1,2.0,0,0.0
2023,16,00-0038563,T.Tucker,LV,WR,1,0.1,1.1,0.1,1.1,1,-4.0,0,0.0
2023,16,00-0038465,M.Heath,GB,WR,1,0.0,1.0,0.0,1.0,1,0.0,0,0.0
2023,16,00-0038576,C.Jones,CIN,WR,1,-0.1,0.9,-0.1,0.9,1,-1.0,0,2.0
2023,16,00-0031941,J.Crowder,WAS,WR,1,0.0,0.0,0.0,0.0,0,0.0,0,0.0
2023,16,00-0034297,B.Pringle,WAS,WR,1,0.0,0.0,0.0,0.0,0,0.0,0,0.0
2023,16,00-0034348,C.Sutton,DEN,WR,1,0.0,0.0,0.0,0.0,0,0.0,0,0.0
2023,16,00-0038559,M.Wilson,ARI,WR,1,0.0,0.0,0.0,0.0,0,0.0,0,0.0
2023,16,00-0035208,O.Zaccheaus,PHI,WR,1,0.0,0.0,0.0,0.0,0,0.0,0,0.0
2023,16,00-0037614,J.Metchie,HOU,WR,1,0.0,0.0,0.0,0.0,0,0.0,0,0.0
2023,16,00-0034272,M.Valdes-Scantling,KC,WR,1,0.0,0.0,0.0,0.0,0,0.0,0,0.0
2023,16,00-0034983,H.Renfrow,LV,WR,1,0.0,0.0,0.0,0.0,0,0.0,0,0.0
2023,16,00-0030068,M.Goodwin,CLE,WR,1,0.0,0.0,0.0,0.0,0,0.0,0,0.0
2023,16,00-0037098,S.Toure,GB,WR,1,0.0,0.0,0.0,0.0,0,0.0,0,0.0
2023,16,00-0034521,A.Lazard,NYJ,WR,1,0.0,0.0,0.0,0.0,0,0.0,0,0.0
2023,15,00-0038994,J.Addison,MIN,WR,1,23.1,29.1,23.1,29.1,6,111.0,2,58.0
2023,15,00-0036613,J.Waddle,MIA,WR,1,20.2,28.2,20.2,28.2,8,142.0,1,72.0
2023,15,00-0035659,T.McLaurin,WAS,WR,1,20.1,26.1,20.1,26.1,6,141.0,1,22.0
2023,15,00-0033921,C.Godwin,TB,WR,1,15.5,25.5,15.5,25.5,10,155.0,0,72.0
2023,15,00-0033908,C.Kupp,LA,WR,1,17.1,25.1,17.1,25.1,8,111.0,1,56.0
2023,15,00-0036963,A.St. Brown,DET,WR,1,17.2,24.2,17.2,24.2,7,112.0,1,62.0
2023,15,00-0031381,D.Adams,LV,WR,1,16.1,24.1,16.1,24.1,8,101.0,1,41.0
2023,15,00-0039067,R.Rice,KC,WR,1,15.1,24.1,15.1,24.1,9,91.0,1,60.0
2023,15,00-0033591,N.Brown,HOU,WR,1,14.2,22.2,14.2,22.2,8,82.0,1,19.0
2023,15,00-0036410,T.Higgins,CIN,WR,1,18.1,22.1,18.1,22.1,4,61.0,2,3.0
2023,15,00-0035719,D.Samuel,SF,WR,1,17.9,21.9,17.9,21.9,4,48.0,2,7.0
2023,15,00-0036988,J.Palmer,LAC,WR,1,17.3,21.3,17.3,21.3,4,113.0,1,55.0
2023,15,00-0033282,C.Samuel,WAS,WR,1,16.1,21.1,16.1,21.1,5,41.0,2,10.0
2023,15,00-0031544,A.Cooper,CLE,WR,1,16.9,20.9,16.9,20.9,4,109.0,1,32.0
2023,15,00-0038563,T.Tucker,LV,WR,1,17.7,20.7,17.7,20.7,3,59.0,2,1.0
2023,15,00-0036358,C.Lamb,DAL,WR,1,11.6,18.6,11.6,18.6,7,53.0,0,11.0
2023,15,00-0039146,J.Reed,GB,WR,1,11.2,17.2,11.2,17.2,6,52.0,1,20.0
2023,15,00-0035216,D.Johnson,PIT,WR,1,12.2,16.2,12.2,16.2,4,62.0,1,3.0
2023,15,00-0034960,J.Meyers,LV,WR,1,13.8,15.8,13.8,15.8,2,32.0,1,13.0
2023,15,00-0038393,D.Wicks,GB,WR,1,9.7,15.7,9.7,15.7,6,97.0,0,43.0
2023,15,00-0031408,M.Evans,TB,WR,1,11.7,15.7,11.7,15.7,4,57.0,1,7.0
2023,15,00-0036322,J.Jefferson,MIN,WR,1,8.4,15.4,8.4,15.4,7,84.0,0,9.0
2023,15,00-0033572,J.Agnew,JAX,WR,1,13.0,15.0,13.0,15.0,2,70.0,1,38.0
2023,15,00-0038543,J.Smith-Njigba,SEA,WR,1,10.8,14.8,10.8,14.8,4,48.0,1,6.0
2023,15,00-0033589,D.Moore,TB,WR,1,12.8,14.8,12.8,14.8,2,68.0,1,48.0
2023,15,00-0032775,D.Robinson,LA,WR,1,12.7,14.7,12.7,14.7,2,44.0,1,2.0
2023,15,00-0035045,D.Montgomery,IND,WR,1,10.8,12.8,10.8,12.8,2,48.0,1,28.0
2023,15,00-0035640,D.Metcalf,SEA,WR,1,7.8,12.8,7.8,12.8,5,78.0,0,18.0
2023,15,00-0034348,C.Sutton,DEN,WR,1,7.1,12.1,7.1,12.1,5,71.0,0,26.0
2023,15,00-0036252,M.Pittman,IND,WR,1,7.8,11.8,7.8,11.8,4,78.0,0,36.0
2023,15,00-0033891,Z.Jones,JAX,WR,1,5.9,10.9,5.9,10.9,5,59.0,0,8.0
2023,15,00-0035406,L.Humphrey,DEN,WR,1,7.6,10.6,7.6,10.6,3,16.0,1,6.0
2023,15,00-0035676,A.Brown,PHI,WR,1,5.6,10.6,5.6,10.6,5,56.0,0,15.0
2023,15,00-0036900,J.Chase,CIN,WR,1,6.4,10.4,6.4,10.4,4,64.0,0,9.0
2023,15,00-0036407,J.Jeudy,DEN,WR,1,7.4,10.4,7.4,10.4,3,74.0,0,49.0
2023,15,00-0039075,P.Nacua,LA,WR,1,5.3,10.3,5.3,10.3,5,50.0,0,30.0
2023,15,00-0035535,D.Slayton,NYG,WR,1,6.3,10.3,6.3,10.3,4,63.0,0,29.0
2023,15,00-0038544,Q.Johnston,LAC,WR,1,8.3,10.3,8.3,10.3,2,23.0,1,1.0
2023,15,00-0036912,D.Smith,PHI,WR,1,5.0,10.0,5.0,10.0,5,50.0,0,7.0
2023,15,00-0037742,T.Burks,TEN,WR,1,6.4,9.4,6.4,9.4,3,62.0,0,17.0
2023,15,00-0031547,D.Parker,NE,WR,1,4.4,9.4,4.4,9.4,5,44.0,0,16.0
2023,15,00-0038979,C.Tillman,CLE,WR,1,5.2,9.2,5.2,9.2,4,52.0,0,22.0
2023,15,00-0034827,D.Moore,CHI,WR,1,5.2,9.2,5.2,9.2,4,52.0,0,2.0
2023,15,00-0034837,C.Ridley,JAX,WR,1,3.9,8.9,3.9,8.9,5,39.0,0,1.0
2023,15,00-0031588,S.Diggs,BUF,WR,1,4.8,8.8,4.8,8.8,4,48.0,0,20.0
2023,15,00-0037240,J.Williams,DET,WR,1,4.7,8.7,4.7,8.7,4,47.0,0,15.0
2023,15,00-0032543,A.Erickson,LAC,WR,1,7.3,8.3,7.3,8.3,1,13.0,1,0.0
2023,15,00-0030035,A.Thielen,CAR,WR,1,4.3,8.3,4.3,8.3,4,43.0,0,13.0
2023,15,00-0037247,G.Pickens,PIT,WR,1,4.7,7.7,4.7,7.7,3,47.0,0,9.0
2023,15,00-0034317,K.Kirkwood,NO,WR,1,6.7,7.7,6.7,7.7,1,7.0,1,0.0
2023,15,00-0038941,T.Scott,CHI,WR,1,4.6,7.6,4.6,7.6,3,49.0,0,38.0
2023,15,00-0033009,T.Boyd,CIN,WR,1,5.3,7.3,5.3,7.3,2,53.0,0,33.0
2023,15,00-0039062,J.Mingo,CAR,WR,1,3.2,7.2,3.2,7.2,4,32.0,0,1.0
2023,15,00-0032398,C.Moore,TEN,WR,1,3.9,6.9,3.9,6.9,3,39.0,0,2.0
2023,15,00-0036550,R.Bateman,BAL,WR,1,3.9,6.9,3.9,6.9,3,39.0,0,7.0
2023,15,00-0030068,M.Goodwin,CLE,WR,1,5.7,6.7,5.7,6.7,1,57.0,0,12.0
2023,15,00-0036261,B.Aiyuk,SF,WR,1,3.7,6.7,3.7,6.7,3,37.0,0,12.0
2023,15,00-0037545,R.Shaheed,NO,WR,1,3.6,6.6,3.6,6.6,3,36.0,0,12.0
2023,15,00-0038117,W.Robinson,NYG,WR,1,2.5,6.5,2.5,6.5,4,25.0,0,20.0
2023,15,00-0038621,D.Douglas,NE,WR,1,3.3,6.3,3.3,6.3,3,33.0,0,26.0
2023,15,00-0036364,L.Bowden,NO,WR,1,3.1,6.1,3.1,6.1,3,31.0,0,15.0
2023,15,00-0033943,J.Reynolds,DET,WR,1,4.1,6.1,4.1,6.1,2,41.0,0,6.0
2023,15,00-0030431,R.Woods,HOU,WR,1,3.0,6.0,3.0,6.0,3,30.0,0,12.0
2023,15,00-0037816,R.Doubs,GB,WR,1,3.0,6.0,3.0,6.0,3,30.0,0,9.0
2023,15,00-0037740,G.Wilson,NYJ,WR,1,2.9,5.9,2.9,5.9,3,29.0,0,15.0
2023,15,00-0038465,M.Heath,GB,WR,1,2.9,5.9,2.9,5.9,3,29.0,0,4.0
2023,15,00-0038612,A.Perry,NO,WR,1,3.4,5.4,3.4,5.4,2,34.0,0,8.0
2023,15,00-0036635,I.Smith-Marsette,CAR,WR,1,3.2,5.2,3.2,5.2,2,1.0,0,10.0
2023,15,00-0038606,P.Washington,JAX,WR,1,1.2,5.2,1.2,5.2,4,12.0,0,9.0
2023,15,00-0032211,T.Lockett,SEA,WR,1,2.1,5.1,2.1,5.1,3,21.0,0,2.0
2023,15,00-0034521,A.Lazard,NYJ,WR,1,2.1,5.1,2.1,5.1,3,21.0,0,0.0
2023,15,00-0038496,X.Gipson,NYJ,WR,1,2.9,4.9,2.9,4.9,2,29.0,0,12.0
2023,15,00-0031428,A.Robinson,PIT,WR,1,1.9,4.9,1.9,4.9,3,19.0,0,6.0
2023,15,00-0038997,J.Downs,IND,WR,1,1.9,4.9,1.9,4.9,3,19.0,0,13.0
2023,15,00-0036259,J.Jennings,SF,WR,1,2.5,4.5,2.5,4.5,2,25.0,0,16.0
2023,15,00-0037238,D.London,ATL,WR,1,2.4,4.4,2.4,4.4,2,24.0,0,2.0
2023,15,00-0036182,N.Westbrook-Ikhine,TEN,WR,1,3.3,4.3,3.3,4.3,1,33.0,0,0.0
2023,15,00-0030564,D.Hopkins,TEN,WR,1,2.1,4.1,2.1,4.1,2,21.0,0,2.0
2023,15,00-0034386,J.Watson,KC,WR,1,3.1,4.1,3.1,4.1,1,31.0,0,1.0
2023,15,00-0035500,G.Dortch,ARI,WR,1,2.0,4.0,2.0,4.0,2,15.0,0,12.0
2023,15,00-0035414,J.Guyton,LAC,WR,1,1.9,3.9,1.9,3.9,2,19.0,0,15.0
2023,15,00-0036980,E.Moore,CLE,WR,1,1.7,3.7,1.7,3.7,2,17.0,0,2.0
2023,15,00-0036309,D.Mooney,CHI,WR,1,1.4,3.4,1.4,3.4,2,14.0,0,3.0
2023,15,00-0038576,C.Jones,CIN,WR,1,1.0,3.0,1.0,3.0,2,10.0,0,14.0
2023,15,00-0031236,B.Cooks,DAL,WR,1,1.0,3.0,1.0,3.0,2,10.0,0,7.0
2023,15,00-0036936,R.Moore,ARI,WR,1,0.8,2.8,0.8,2.8,2,5.0,0,14.0
2023,15,00-0036326,C.Claypool,MIA,WR,1,0.8,2.8,0.8,2.8,2,8.0,0,13.0
2023,15,00-0034777,D.Chark,CAR,WR,1,1.8,2.8,1.8,2.8,1,18.0,0,0.0
2023,15,00-0034286,R.James,KC,WR,1,1.7,2.7,1.7,2.7,1,17.0,0,11.0
2023,15,00-0034272,M.Valdes-Scantling,KC,WR,1,1.7,2.7,1.7,2.7,1,17.0,0,2.0
2023,15,00-0036913,K.Toney,KC,WR,1,0.5,2.5,0.5,2.5,2,5.0,0,12.0
2023,15,00-0031235,O.Beckham,BAL,WR,1,1.4,2.4,1.4,2.4,1,14.0,0,0.0
2023,15,00-0037664,A.Pierce,IND,WR,1,1.3,2.3,1.3,2.3,1,13.0,0,0.0
2023,15,00-0034419,B.Berrios,MIA,WR,1,1.2,2.2,1.2,2.2,1,12.0,0,0.0
2023,15,00-0034418,C.Wilson,MIA,WR,1,0.2,2.2,0.2,2.2,2,2.0,0,10.0
2023,15,00-0032464,K.Raymond,DET,WR,1,1.2,2.2,1.2,2.2,1,12.0,0,-1.0
2023,15,00-0037741,J.Dotson,WAS,WR,1,1.2,2.2,1.2,2.2,1,12.0,0,0.0
2023,15,00-0034854,K.Hodge,ATL,WR,1,1.0,2.0,1.0,2.0,1,10.0,0,1.0
2023,15,00-0034764,M.Gallup,DAL,WR,1,0.9,1.9,0.9,1.9,1,9.0,0,2.0
2023,15,00-0039064,Z.Flowers,BAL,WR,1,0.7,1.7,0.7,1.7,1,7.0,0,0.0
2023,15,00-0037091,B.Melton,GB,WR,1,0.7,1.7,0.7,1.7,1,7.0,0,3.0
2023,15,00-0027944,J.Jones,PHI,WR,1,0.6,1.6,0.6,1.6,1,6.0,0,0.0
2023,15,00-0034297,B.Pringle,WAS,WR,1,0.5,1.5,0.5,1.5,1,5.0,0,0.0
2023,15,00-0039052,T.Palmer,TB,WR,1,0.5,1.5,0.5,1.5,1,5.0,0,6.0
2023,15,00-0036233,D.Peoples-Jones,DET,WR,1,0.5,1.5,0.5,1.5,1,5.0,0,1.0
2023,15,00-0038619,A.Iosivas,CIN,WR,1,0.5,1.5,0.5,1.5,1,5.0,0,9.0
2023,15,00-0038104,T.Thornton,NE,WR,1,0.5,1.5,0.5,1.5,1,5.0,0,0.0
2023,15,00-0038752,J.Bobo,SEA,WR,1,0.4,1.4,0.4,1.4,1,4.0,0,6.0
2023,15,00-0036345,K.Osborn,MIN,WR,1,0.3,1.3,0.3,1.3,1,3.0,0,4.0
2023,15,00-0038976,M.Mims,DEN,WR,1,1.1,1.1,1.1,1.1,0,0.0,0,0.0
2023,15,00-0034928,S.Sims,HOU,WR,1,0.1,1.1,0.1,1.1,1,0.0,0,2.0
2023,15,00-0037614,J.Metchie,HOU,WR,1,0.1,1.1,0.1,1.1,1,1.0,0,3.0
2023,15,00-0038573,D.Davis,LAC,WR,1,-0.2,0.8,-0.2,0.8,1,-2.0,0,2.0
2023,15,00-0038618,X.Hutchinson,HOU,WR,1,0.5,0.5,0.5,0.5,0,0.0,0,0.0
2023,15,00-0038667,E.Cooks,JAX,WR,1,0.0,0.0,0.0,0.0,0,0.0,0,0.0
2023,15,00-0036165,I.Hodgins,NYG,WR,1,0.0,0.0,0.0,0.0,0,0.0,0,0.0
2023,15,00-0037261,K.Shakir,BUF,WR,1,0.0,0.0,0.0,0.0,0,0.0,0,0.0
2023,15,00-0036196,G.Davis,BUF,WR,1,0.0,0.0,0.0,0.0,0,0.0,0,0.0
2023,15,00-0028002,R.Cobb,NYJ,WR,1,0.0,0.0,0.0,0.0,0,0.0,0,0.0
2023,15,00-0036626,D.Brown,WAS,WR,1,0.0,0.0,0.0,0.0,0,0.0,0,0.0
2023,15,00-0036415,V.Jefferson,ATL,WR,1,0.0,0.0,0.0,0.0,0,0.0,0,0.0
2023,15,00-0034983,H.Renfrow,LV,WR,1,0.0,0.0,0.0,0.0,0,0.0,0,0.0
2023,15,00-0031549,N.Agholor,BAL,WR,1,0.0,0.0,0.0,0.0,0,0.0,0,0.0
2023,15,00-0038938,J.Hyatt,NYG,WR,1,0.0,0.0,0.0,0.0,0,0.0,0,0.0
2023,15,00-0038559,M.Wilson,ARI,WR,1,0.0,0.0,0.0,0.0,0,0.0,0,0.0
2023,15,00-0037382,B.Johnson,DEN,WR,1,0.0,0.0,0.0,0.0,0,0.0,0,0.0
2023,15,00-0033251,Z.Pascal,ARI,WR,1,0.0,0.0,0.0,0.0,0,0.0,0,0.0
2023,15,00-0036271,Q.Watkins,PHI,WR,1,0.0,0.0,0.0,0.0,0,0.0,0,0.0
2023,15,00-0036387,J.Reagor,NE,WR,1,0.0,0.0,0.0,0.0,0,0.0,0,0.0
2023,15,00-0038647,R.Bell,SF,WR,1,0.0,0.0,0.0,0.0,0,0.0,0,0.0
2023,15,00-0037487,D.Thompkins,TB,WR,1,-0.1,-0.1,-0.1,-0.1,0,0.0,0,0.0
2023,14,00-0035719,D.Samuel,SF,WR,1,27.0,34.0,27.0,34.0,7,149.0,1,91.0
2023,14,00-0037238,D.London,ATL,WR,1,17.2,27.2,17.2,27.2,10,172.0,0,22.0
2023,14,00-0034827,D.Moore,CHI,WR,1,20.8,26.8,20.8,26.8,6,68.0,1,6.0
2023,14,00-0033908,C.Kupp,LA,WR,1,17.5,25.5,17.5,25.5,8,115.0,1,55.0
2023,14,00-0030564,D.Hopkins,TEN,WR,1,18.4,25.4,18.4,25.4,7,124.0,1,15.0
2023,14,00-0039146,J.Reed,GB,WR,1,12.5,20.5,12.5,20.5,8,27.0,0,35.0
2023,14,00-0039067,R.Rice,KC,WR,1,13.2,20.2,13.2,20.2,7,72.0,1,45.0
2023,14,00-0037740,G.Wilson,NYJ,WR,1,11.1,20.1,11.1,20.1,9,108.0,0,16.0
2023,14,00-0031235,O.Beckham,BAL,WR,1,15.7,19.7,15.7,19.7,4,97.0,1,2.0
2023,14,00-0036358,C.Lamb,DAL,WR,1,13.1,19.1,13.1,19.1,6,71.0,1,35.0
2023,14,00-0036261,B.Aiyuk,SF,WR,1,12.6,18.6,12.6,18.6,6,126.0,0,34.0
2023,14,00-0035676,A.Brown,PHI,WR,1,9.4,18.4,9.4,18.4,9,94.0,0,31.0
2023,14,00-0039064,Z.Flowers,BAL,WR,1,12.0,18.0,12.0,18.0,6,60.0,1,13.0
2023,14,00-0036252,M.Pittman,IND,WR,1,9.5,17.5,9.5,17.5,8,95.0,0,32.0
2023,14,00-0038117,W.Robinson,NYG,WR,1,11.5,17.5,11.5,17.5,6,79.0,0,27.0
2023,14,00-0034348,C.Sutton,DEN,WR,1,12.2,15.2,12.2,15.2,3,62.0,1,22.0
2023,14,00-0032211,T.Lockett,SEA,WR,1,8.9,14.9,8.9,14.9,6,89.0,0,24.0
2023,14,00-0031544,A.Cooper,CLE,WR,1,7.7,14.7,7.7,14.7,7,77.0,0,20.0
2023,14,00-0035216,D.Johnson,PIT,WR,1,11.7,14.7,11.7,14.7,3,57.0,1,12.0
2023,14,00-0039075,P.Nacua,LA,WR,1,9.0,14.0,9.0,14.0,5,84.0,0,31.0
2023,14,00-0036613,J.Waddle,MIA,WR,1,7.9,13.9,7.9,13.9,6,79.0,0,29.0
2023,14,00-0034764,M.Gallup,DAL,WR,1,10.8,13.8,10.8,13.8,3,48.0,1,2.0
2023,14,00-0032775,D.Robinson,LA,WR,1,10.6,13.6,10.6,13.6,3,46.0,1,4.0
2023,14,00-0033943,J.Reynolds,DET,WR,1,10.4,13.4,10.4,13.4,3,44.0,1,5.0
2023,14,00-0035640,D.Metcalf,SEA,WR,1,11.2,13.2,11.2,13.2,2,52.0,1,16.0
2023,14,00-0033857,J.Smith-Schuster,NE,WR,1,9.0,13.0,9.0,13.0,4,90.0,0,28.0
2023,14,00-0037239,C.Olave,NO,WR,1,8.8,12.8,8.8,12.8,4,28.0,1,14.0
2023,14,00-0030279,K.Allen,LAC,WR,1,6.8,12.8,6.8,12.8,6,68.0,0,15.0
2023,14,00-0030035,A.Thielen,CAR,WR,1,7.4,12.4,7.4,12.4,5,74.0,0,9.0
2023,14,00-0031381,D.Adams,LV,WR,1,5.3,12.3,5.3,12.3,7,53.0,0,26.0
2023,14,00-0036912,D.Smith,PHI,WR,1,7.3,12.3,7.3,12.3,5,73.0,0,25.0
2023,14,00-0038544,Q.Johnston,LAC,WR,1,9.1,12.1,9.1,12.1,3,91.0,0,31.0
2023,14,00-0037257,D.Bell,CLE,WR,1,10.1,11.1,10.1,11.1,1,41.0,1,37.0
2023,14,00-0038606,P.Washington,JAX,WR,1,8.7,10.7,8.7,10.7,2,27.0,1,1.0
2023,14,00-0033921,C.Godwin,TB,WR,1,5.3,10.3,5.3,10.3,5,53.0,0,32.0
2023,14,00-0036165,I.Hodgins,NYG,WR,1,8.2,10.2,8.2,10.2,2,22.0,1,0.0
2023,14,00-0033040,T.Hill,MIA,WR,1,6.1,10.1,6.1,10.1,4,61.0,0,-3.0
2023,14,00-0034837,C.Ridley,JAX,WR,1,5.3,9.3,5.3,9.3,4,53.0,0,20.0
2023,14,00-0036410,T.Higgins,CIN,WR,1,7.2,9.2,7.2,9.2,2,72.0,0,21.0
2023,14,00-0028002,R.Cobb,NYJ,WR,1,7.5,8.5,7.5,8.5,1,15.0,1,9.0
2023,14,00-0038496,X.Gipson,NYJ,WR,1,7.2,8.2,7.2,8.2,1,3.0,0,5.0
2023,14,00-0031549,N.Agholor,BAL,WR,1,3.2,8.2,3.2,8.2,5,32.0,0,23.0
2023,14,00-0033891,Z.Jones,JAX,WR,1,2.9,7.9,2.9,7.9,5,29.0,0,6.0
2023,14,00-0038465,M.Heath,GB,WR,1,6.6,7.6,6.6,7.6,1,6.0,1,0.0
2023,14,00-0034983,H.Renfrow,LV,WR,1,4.6,7.6,4.6,7.6,3,46.0,0,43.0
2023,14,00-0034960,J.Meyers,LV,WR,1,2.5,7.5,2.5,7.5,5,25.0,0,16.0
2023,14,00-0037816,R.Doubs,GB,WR,1,3.2,7.2,3.2,7.2,4,32.0,0,1.0
2023,14,00-0036980,E.Moore,CLE,WR,1,4.2,7.2,4.2,7.2,3,42.0,0,8.0
2023,14,00-0036913,K.Toney,KC,WR,1,4.1,7.1,4.1,7.1,3,25.0,0,18.0
2023,14,00-0037247,G.Pickens,PIT,WR,1,1.9,6.9,1.9,6.9,5,19.0,0,8.0
2023,14,00-0038543,J.Smith-Njigba,SEA,WR,1,2.5,6.5,2.5,6.5,4,25.0,0,38.0
2023,14,00-0036309,D.Mooney,CHI,WR,1,4.4,6.4,4.4,6.4,2,44.0,0,25.0
2023,14,00-0036364,L.Bowden,NO,WR,1,2.4,6.4,2.4,6.4,4,24.0,0,24.0
2023,14,00-0031588,S.Diggs,BUF,WR,1,2.4,6.4,2.4,6.4,4,24.0,0,16.0
2023,14,00-0038997,J.Downs,IND,WR,1,3.2,6.2,3.2,6.2,3,32.0,0,12.0
2023,14,00-0036900,J.Chase,CIN,WR,1,2.9,5.9,2.9,5.9,3,29.0,0,6.0
2023,14,00-0031236,B.Cooks,DAL,WR,1,3.7,5.7,3.7,5.7,2,37.0,0,10.0
2023,14,00-0036345,K.Osborn,MIN,WR,1,1.5,5.5,1.5,5.5,4,15.0,0,-3.0
2023,14,00-0038612,A.Perry,NO,WR,1,4.4,5.4,4.4,5.4,1,44.0,0,0.0
2023,14,00-0036963,A.St. Brown,DET,WR,1,2.1,5.1,2.1,5.1,3,21.0,0,23.0
2023,14,00-0034418,C.Wilson,MIA,WR,1,3.0,5.0,3.0,5.0,2,30.0,0,3.0
2023,14,00-0036182,N.Westbrook-Ikhine,TEN,WR,1,2.8,4.8,2.8,4.8,2,28.0,0,5.0
2023,14,00-0038994,J.Addison,MIN,WR,1,2.7,4.7,2.7,4.7,2,27.0,0,9.0
2023,14,00-0036322,J.Jefferson,MIN,WR,1,2.7,4.7,2.7,4.7,2,27.0,0,0.0
2023,14,00-0038104,T.Thornton,NE,WR,1,1.7,4.7,1.7,4.7,3,17.0,0,10.0
2023,14,00-0034777,D.Chark,CAR,WR,1,2.6,4.6,2.6,4.6,2,26.0,0,8.0
2023,14,00-0032464,K.Raymond,DET,WR,1,1.5,4.5,1.5,4.5,3,15.0,0,8.0
2023,14,00-0036550,R.Bateman,BAL,WR,1,2.4,4.4,2.4,4.4,2,24.0,0,0.0
2023,14,00-0038979,C.Tillman,CLE,WR,1,2.3,4.3,2.3,4.3,2,23.0,0,8.0
2023,14,00-0033009,T.Boyd,CIN,WR,1,2.3,4.3,2.3,4.3,2,23.0,0,7.0
2023,14,00-0037664,A.Pierce,IND,WR,1,2.2,4.2,2.2,4.2,2,22.0,0,4.0
2023,14,00-0034272,M.Valdes-Scantling,KC,WR,1,2.2,4.2,2.2,4.2,2,22.0,0,13.0
2023,14,00-0039062,J.Mingo,CAR,WR,1,2.2,4.2,2.2,4.2,2,22.0,0,17.0
2023,14,00-0037098,S.Toure,GB,WR,1,2.2,4.2,2.2,4.2,2,22.0,0,13.0
2023,14,00-0038393,D.Wicks,GB,WR,1,2.0,4.0,2.0,4.0,2,20.0,0,1.0
2023,14,00-0035208,O.Zaccheaus,PHI,WR,1,2.8,3.8,2.8,3.8,1,28.0,0,17.0
2023,14,00-0036407,J.Jeudy,DEN,WR,1,1.6,3.6,1.6,3.6,2,16.0,0,13.0
2023,14,00-0038618,X.Hutchinson,HOU,WR,1,1.5,3.5,1.5,3.5,2,15.0,0,4.0
2023,14,00-0035215,D.Harty,BUF,WR,1,2.5,3.5,2.5,3.5,1,25.0,0,4.0
2023,14,00-0035535,D.Slayton,NYG,WR,1,1.4,3.4,1.4,3.4,2,14.0,0,5.0
2023,14,00-0038938,J.Hyatt,NYG,WR,1,1.3,3.3,1.3,3.3,2,13.0,0,5.0
2023,14,00-0037291,J.Nailor,MIN,WR,1,1.3,3.3,1.3,3.3,2,13.0,0,8.0
2023,14,00-0034419,B.Berrios,MIA,WR,1,1.3,3.3,1.3,3.3,2,13.0,0,9.0
2023,14,00-0032398,C.Moore,TEN,WR,1,2.2,3.2,2.2,3.2,1,22.0,0,5.0
2023,14,00-0031428,A.Robinson,PIT,WR,1,2.1,3.1,2.1,3.1,1,21.0,0,3.0
2023,14,00-0038976,M.Mims,DEN,WR,1,1.1,3.1,1.1,3.1,2,11.0,0,20.0
2023,14,00-0034386,J.Watson,KC,WR,1,1.8,2.8,1.8,2.8,1,18.0,0,0.0
2023,14,00-0034854,K.Hodge,ATL,WR,1,1.8,2.8,1.8,2.8,1,18.0,0,12.0
2023,14,00-0032200,T.Montgomery,NE,WR,1,1.7,2.7,1.7,2.7,1,17.0,0,11.0
2023,14,00-0036233,D.Peoples-Jones,DET,WR,1,1.7,2.7,1.7,2.7,1,17.0,0,3.0
2023,14,00-0036554,N.Collins,HOU,WR,1,1.3,2.3,1.3,2.3,1,13.0,0,2.0
2023,14,00-0037801,K.Turpin,DAL,WR,1,2.2,2.2,2.2,2.2,0,0.0,0,0.0
2023,14,00-0035406,L.Humphrey,DEN,WR,1,1.2,2.2,1.2,2.2,1,12.0,0,15.0
2023,14,00-0037261,K.Shakir,BUF,WR,1,1.2,2.2,1.2,2.2,1,12.0,0,13.0
2023,14,00-0038941,T.Scott,CHI,WR,1,1.1,2.1,1.1,2.1,1,11.0,0,8.0
2023,14,00-0033589,D.Moore,TB,WR,1,1.1,2.1,1.1,2.1,1,11.0,0,8.0
2023,14,00-0032543,A.Erickson,LAC,WR,1,0.9,1.9,0.9,1.9,1,9.0,0,4.0
2023,14,00-0034487,T.Sherfield,BUF,WR,1,0.9,1.9,0.9,1.9,1,9.0,0,12.0
2023,14,00-0031408,M.Evans,TB,WR,1,0.8,1.8,0.8,1.8,1,8.0,0,3.0
2023,14,00-0039052,T.Palmer,TB,WR,1,0.8,1.8,0.8,1.8,1,5.0,0,1.0
2023,14,00-0035414,J.Guyton,LAC,WR,1,0.8,1.8,0.8,1.8,1,8.0,0,0.0
2023,14,00-0037614,J.Metchie,HOU,WR,1,0.6,1.6,0.6,1.6,1,6.0,0,1.0
2023,14,00-0037742,T.Burks,TEN,WR,1,0.6,1.6,0.6,1.6,1,1.0,0,4.0
2023,14,00-0033555,M.Hollins,ATL,WR,1,0.4,1.4,0.4,1.4,1,4.0,0,0.0
2023,14,00-0034286,R.James,KC,WR,1,0.4,1.4,0.4,1.4,1,4.0,0,1.0
2023,14,00-0037837,C.Austin,PIT,WR,1,1.2,1.2,1.2,1.2,0,0.0,0,0.0
2023,14,00-0036635,I.Smith-Marsette,CAR,WR,1,1.0,1.0,1.0,1.0,0,0.0,0,0.0
2023,14,00-0030431,R.Woods,HOU,WR,1,-0.2,0.8,-0.2,0.8,1,-2.0,0,1.0
2023,14,00-0037240,J.Williams,DET,WR,1,0.4,0.4,0.4,0.4,0,0.0,0,0.0
2023,14,00-0037666,J.Tolbert,DAL,WR,1,0.0,0.0,0.0,0.0,0,0.0,0,0.0
2023,14,00-0035298,S.Miller,ATL,WR,1,0.0,0.0,0.0,0.0,0,0.0,0,0.0
2023,14,00-0036387,J.Reagor,NE,WR,1,0.0,0.0,0.0,0.0,0,0.0,0,0.0
2023,14,00-0036259,J.Jennings,SF,WR,1,0.0,0.0,0.0,0.0,0,0.0,0,0.0
2023,14,00-0034646,B.Powell,MIN,WR,1,0.0,0.0,0.0,0.0,0,0.0,0,0.0
2023,14,00-0036630,T.Wallace,BAL,WR,1,0.0,0.0,0.0,0.0,0,0.0,0,0.0
2023,14,00-0038090,S.Moore,KC,WR,1,0.0,0.0,0.0,0.0,0,0.0,0,0.0
2023,14,00-0036196,G.Davis,BUF,WR,1,0.0,0.0,0.0,0.0,0,0.0,0,0.0
2023,14,00-0033591,N.Brown,HOU,WR,1,0.0,0.0,0.0,0.0,0,0.0,0,0.0
2023,14,00-0038563,T.Tucker,LV,WR,1,0.0,0.0,0.0,0.0,0,0.0,0,0.0
2023,14,00-0036849,T.Atwell,LA,WR,1,0.0,0.0,0.0,0.0,0,0.0,0,0.0
2023,13,00-0035640,D.Metcalf,SEA,WR,1,31.4,37.4,31.4,37.4,6,134.0,3,66.0
2023,13,00-0035719,D.Samuel,SF,WR,1,31.8,35.8,31.8,35.8,4,116.0,2,115.0
2023,13,00-0036554,N.Collins,HOU,WR,1,25.1,34.1,25.1,34.1,9,191.0,1,72.0
2023,13,00-0036358,C.Lamb,DAL,WR,1,20.6,32.6,20.6,32.6,12,116.0,1,33.0
2023,13,00-0033040,T.Hill,MIA,WR,1,27.3,32.3,27.3,32.3,5,157.0,2,80.0
2023,13,00-0036900,J.Chase,CIN,WR,1,20.55,31.55,20.55,31.55,11,149.0,1,89.0
2023,13,00-0031408,M.Evans,TB,WR,1,22.2,29.2,22.2,29.2,7,162.0,1,77.0
2023,13,00-0038124,C.Watson,GB,WR,1,20.6,27.6,20.6,27.6,7,71.0,2,14.0
2023,13,00-0036252,M.Pittman,IND,WR,1,16.5,27.5,16.5,27.5,11,105.0,1,46.0
2023,13,00-0036912,D.Smith,PHI,WR,1,15.6,24.6,15.6,24.6,9,96.0,1,35.0
2023,13,00-0039075,P.Nacua,LA,WR,1,19.9,23.9,19.9,23.9,4,105.0,1,57.0
2023,13,00-0035676,A.Brown,PHI,WR,1,11.4,19.4,11.4,19.4,8,114.0,0,62.0
2023,13,00-0037664,A.Pierce,IND,WR,1,16.0,19.0,16.0,19.0,3,100.0,1,18.0
2023,13,00-0030564,D.Hopkins,TEN,WR,1,13.9,18.9,13.9,18.9,5,75.0,1,6.0
2023,13,00-0038606,P.Washington,JAX,WR,1,12.1,18.1,12.1,18.1,6,61.0,1,11.0
2023,13,00-0037239,C.Olave,NO,WR,1,11.9,16.9,11.9,16.9,5,119.0,0,36.0
2023,13,00-0033908,C.Kupp,LA,WR,1,9.9,15.9,9.9,15.9,6,39.0,1,24.0
2023,13,00-0034348,C.Sutton,DEN,WR,1,13.7,15.7,13.7,15.7,2,77.0,1,7.0
2023,13,00-0036261,B.Aiyuk,SF,WR,1,10.6,15.6,10.6,15.6,5,46.0,1,9.0
2023,13,00-0032775,D.Robinson,LA,WR,1,11.5,15.5,11.5,15.5,4,55.0,1,8.0
2023,13,00-0031236,B.Cooks,DAL,WR,1,10.5,14.5,10.5,14.5,4,45.0,1,3.0
2023,13,00-0039067,R.Rice,KC,WR,1,6.4,14.4,6.4,14.4,8,64.0,0,62.0
2023,13,00-0036259,J.Jennings,SF,WR,1,10.4,13.4,10.4,13.4,3,44.0,1,21.0
2023,13,00-0035216,D.Johnson,PIT,WR,1,9.3,13.3,9.3,13.3,4,33.0,1,5.0
2023,13,00-0038543,J.Smith-Njigba,SEA,WR,1,6.2,13.2,6.2,13.2,7,62.0,0,48.0
2023,13,00-0039062,J.Mingo,CAR,WR,1,6.9,12.9,6.9,12.9,6,69.0,0,30.0
2023,13,00-0036963,A.St. Brown,DET,WR,1,10.9,12.9,10.9,12.9,2,49.0,1,26.0
2023,13,00-0033891,Z.Jones,JAX,WR,1,7.8,12.8,7.8,12.8,5,78.0,0,15.0
2023,13,00-0038496,X.Gipson,NYJ,WR,1,7.8,12.8,7.8,12.8,5,77.0,0,24.0
2023,13,00-0037247,G.Pickens,PIT,WR,1,8.6,12.6,8.6,12.6,4,86.0,0,11.0
2023,13,00-0036980,E.Moore,CLE,WR,1,8.3,12.3,8.3,12.3,4,83.0,0,5.0
2023,13,00-0037816,R.Doubs,GB,WR,1,7.2,11.2,7.2,11.2,4,72.0,0,10.0
2023,13,00-0030279,K.Allen,LAC,WR,1,5.8,10.8,5.8,10.8,5,58.0,0,9.0
2023,13,00-0033282,C.Samuel,WAS,WR,1,6.5,10.5,6.5,10.5,4,65.0,0,13.0
2023,13,00-0031547,D.Parker,NE,WR,1,6.4,10.4,6.4,10.4,4,64.0,0,12.0
2023,13,00-0038544,Q.Johnston,LAC,WR,1,5.2,10.2,5.2,10.2,5,52.0,0,21.0
2023,13,00-0036613,J.Waddle,MIA,WR,1,5.2,10.2,5.2,10.2,5,52.0,0,29.0
2023,13,00-0037240,J.Williams,DET,WR,1,9.0,10.0,9.0,10.0,1,11.0,0,0.0
2023,13,00-0032211,T.Lockett,SEA,WR,1,4.7,9.7,4.7,9.7,5,47.0,0,10.0
2023,13,00-0034777,D.Chark,CAR,WR,1,5.6,8.6,5.6,8.6,3,56.0,0,1.0
2023,13,00-0036407,J.Jeudy,DEN,WR,1,5.1,8.1,5.1,8.1,3,51.0,0,16.0
2023,13,00-0037740,G.Wilson,NYJ,WR,1,5.0,8.0,5.0,8.0,3,50.0,0,7.0
2023,13,00-0033921,C.Godwin,TB,WR,1,7.9,7.9,7.9,7.9,0,0.0,0,0.0
2023,13,00-0034837,C.Ridley,JAX,WR,1,3.3,7.3,3.3,7.3,4,26.0,0,1.0
2023,13,00-0038393,D.Wicks,GB,WR,1,4.3,7.3,4.3,7.3,3,43.0,0,17.0
2023,13,00-0033009,T.Boyd,CIN,WR,1,2.2,7.2,2.2,7.2,5,37.0,0,10.0
2023,13,00-0036410,T.Higgins,CIN,WR,1,3.6,6.6,3.6,6.6,3,36.0,0,5.0
2023,13,00-0031544,A.Cooper,CLE,WR,1,3.4,6.4,3.4,6.4,3,34.0,0,6.0
2023,13,00-0036271,Q.Watkins,PHI,WR,1,2.8,5.8,2.8,5.8,3,28.0,0,2.0
2023,13,00-0039146,J.Reed,GB,WR,1,1.6,5.6,1.6,5.6,4,16.0,0,20.0
2023,13,00-0030035,A.Thielen,CAR,WR,1,2.5,5.5,2.5,5.5,3,25.0,0,3.0
2023,13,00-0031428,A.Robinson,PIT,WR,1,1.9,4.9,1.9,4.9,3,19.0,0,1.0
2023,13,00-0034272,M.Valdes-Scantling,KC,WR,1,2.5,4.5,2.5,4.5,2,25.0,0,0.0
2023,13,00-0039052,T.Palmer,TB,WR,1,2.5,4.5,2.5,4.5,2,12.0,0,0.0
2023,13,00-0038997,J.Downs,IND,WR,1,1.4,4.4,1.4,4.4,3,14.0,0,16.0
2023,13,00-0037741,J.Dotson,WAS,WR,1,2.3,4.3,2.3,4.3,2,23.0,0,0.0
2023,13,00-0038979,C.Tillman,CLE,WR,1,2.0,4.0,2.0,4.0,2,20.0,0,2.0
2023,13,00-0038612,A.Perry,NO,WR,1,3.0,4.0,3.0,4.0,1,30.0,0,2.0
2023,13,00-0038104,T.Thornton,NE,WR,1,3.9,3.9,3.9,3.9,0,0.0,0,0.0
2023,13,00-0036182,N.Westbrook-Ikhine,TEN,WR,1,2.8,3.8,2.8,3.8,1,28.0,0,21.0
2023,13,00-0034054,R.Cracraft,MIA,WR,1,1.6,3.6,1.6,3.6,2,16.0,0,9.0
2023,13,00-0034775,C.Kirk,JAX,WR,1,2.6,3.6,2.6,3.6,1,26.0,0,2.0
2023,13,00-0035341,T.Irwin,CIN,WR,1,2.5,3.5,2.5,3.5,1,25.0,0,9.0
2023,13,00-0032543,A.Erickson,LAC,WR,1,2.3,3.3,2.3,3.3,1,23.0,0,0.0
2023,13,00-0037257,D.Bell,CLE,WR,1,1.2,3.2,1.2,3.2,2,12.0,0,1.0
2023,13,00-0036862,B.Skowronek,LA,WR,1,1.2,3.2,1.2,3.2,2,12.0,0,3.0
2023,13,00-0035500,G.Dortch,ARI,WR,1,1.9,2.9,1.9,2.9,1,19.0,0,0.0
2023,13,00-0037666,J.Tolbert,DAL,WR,1,1.7,2.7,1.7,2.7,1,17.0,0,0.0
2023,13,00-0038465,M.Heath,GB,WR,1,1.5,2.5,1.5,2.5,1,15.0,0,9.0
2023,13,00-0038976,M.Mims,DEN,WR,1,1.3,2.3,1.3,2.3,1,5.0,0,7.0
2023,13,00-0035406,L.Humphrey,DEN,WR,1,1.2,2.2,1.2,2.2,1,12.0,0,10.0
2023,13,00-0032398,C.Moore,TEN,WR,1,1.2,2.2,1.2,2.2,1,12.0,0,6.0
2023,13,00-0033943,J.Reynolds,DET,WR,1,1.2,2.2,1.2,2.2,1,12.0,0,5.0
2023,13,00-0034286,R.James,KC,WR,1,1.2,2.2,1.2,2.2,1,12.0,0,8.0
2023,13,00-0036387,J.Reagor,NE,WR,1,1.1,2.1,1.1,2.1,1,11.0,0,2.0
2023,13,00-0033857,J.Smith-Schuster,NE,WR,1,1.1,2.1,1.1,2.1,1,11.0,0,3.0
2023,13,00-0037487,D.Thompkins,TB,WR,1,1.1,2.1,1.1,2.1,1,4.0,0,0.0
2023,13,00-0037801,K.Turpin,DAL,WR,1,1.0,2.0,1.0,2.0,1,10.0,0,0.0
2023,13,00-0037837,C.Austin,PIT,WR,1,1.0,2.0,1.0,2.0,1,10.0,0,0.0
2023,13,00-0036849,T.Atwell,LA,WR,1,0.9,1.9,0.9,1.9,1,9.0,0,5.0
2023,13,00-0038752,J.Bobo,SEA,WR,1,0.9,1.9,0.9,1.9,1,9.0,0,11.0
2023,13,00-0037614,J.Metchie,HOU,WR,1,0.9,1.9,0.9,1.9,1,9.0,0,11.0
2023,13,00-0037238,D.London,ATL,WR,1,0.8,1.8,0.8,1.8,1,8.0,0,1.0
2023,13,00-0036936,R.Moore,ARI,WR,1,0.6,1.6,0.6,1.6,1,6.0,0,3.0
2023,13,00-0035414,J.Guyton,LAC,WR,1,0.5,1.5,0.5,1.5,1,5.0,0,2.0
2023,13,00-0038090,S.Moore,KC,WR,1,0.5,1.5,0.5,1.5,1,5.0,0,0.0
2023,13,00-0036626,D.Brown,WAS,WR,1,0.0,1.0,0.0,1.0,1,0.0,0,1.0
2023,13,00-0032464,K.Raymond,DET,WR,1,0.9,0.9,0.9,0.9,0,0.0,0,0.0
2023,13,00-0036364,L.Bowden,NO,WR,1,-0.1,0.9,-0.1,0.9,1,5.0,0,0.0
2023,13,00-0036913,K.Toney,KC,WR,1,0.6,0.6,0.6,0.6,0,0.0,0,0.0
2023,13,00-0032200,T.Montgomery,NE,WR,1,0.2,0.2,0.2,0.2,0,0.0,0,0.0
2023,13,00-0034521,A.Lazard,NYJ,WR,1,0.0,0.0,0.0,0.0,0,0.0,0,0.0
2023,13,00-0036233,D.Peoples-Jones,DET,WR,1,0.0,0.0,0.0,0.0,0,0.0,0,0.0
2023,13,00-0034854,K.Hodge,ATL,WR,1,0.0,0.0,0.0,0.0,0,0.0,0,0.0
2023,13,00-0036497,T.Jones,JAX,WR,1,0.0,0.0,0.0,0.0,0,0.0,0,0.0
2023,13,00-0036482,M.Strachan,CAR,WR,1,0.0,0.0,0.0,0.0,0,0.0,0,0.0
2023,13,00-0033591,N.Brown,HOU,WR,1,0.0,0.0,0.0,0.0,0,0.0,0,0.0
2023,13,00-0034764,M.Gallup,DAL,WR,1,0.0,0.0,0.0,0.0,0,0.0,0,0.0
2023,13,00-0035662,M.Brown,ARI,WR,1,0.0,0.0,0.0,0.0,0,0.0,0,0.0
2023,13,00-0035659,T.McLaurin,WAS,WR,1,0.0,0.0,0.0,0.0,0,0.0,0,0.0
2023,12,00-0033040,T.Hill,MIA,WR,1,16.4,25.4,16.4,25.4,9,102.0,1,73.0
2023,12,00-0031408,M.Evans,TB,WR,1,19.0,25.0,19.0,25.0,6,70.0,2,5.0
2023,12,00-0039067,R.Rice,KC,WR,1,16.7,24.7,16.7,24.7,8,107.0,1,69.0
2023,12,00-0030279,K.Allen,LAC,WR,1,10.6,24.6,10.6,24.6,14,106.0,0,34.0
2023,12,00-0036912,D.Smith,PHI,WR,1,16.6,23.6,16.6,23.6,7,106.0,1,36.0
2023,12,00-0036554,N.Collins,HOU,WR,1,16.4,23.4,16.4,23.4,7,104.0,1,50.0
2023,12,00-0039064,Z.Flowers,BAL,WR,1,18.2,23.2,18.2,23.2,5,25.0,1,27.0
2023,12,00-0036196,G.Davis,BUF,WR,1,16.5,22.5,16.5,22.5,6,105.0,1,16.0
2023,12,00-0035719,D.Samuel,SF,WR,1,15.4,22.4,15.4,22.4,7,79.0,0,43.0
2023,12,00-0034827,D.Moore,CHI,WR,1,11.4,22.4,11.4,22.4,11,114.0,0,76.0
2023,12,00-0036252,M.Pittman,IND,WR,1,10.7,20.7,10.7,20.7,10,107.0,0,47.0
2023,12,00-0038124,C.Watson,GB,WR,1,15.4,20.4,15.4,20.4,5,94.0,1,8.0
2023,12,00-0034960,J.Meyers,LV,WR,1,14.1,20.1,14.1,20.1,6,79.0,1,28.0
2023,12,00-0034837,C.Ridley,JAX,WR,1,14.9,19.9,14.9,19.9,5,89.0,1,30.0
2023,12,00-0036613,J.Waddle,MIA,WR,1,11.4,19.4,11.4,19.4,8,114.0,0,35.0
2023,12,00-0031588,S.Diggs,BUF,WR,1,13.4,19.4,13.4,19.4,6,74.0,1,25.0
2023,12,00-0033282,C.Samuel,WAS,WR,1,10.0,19.0,10.0,19.0,9,100.0,0,61.0
2023,12,00-0036963,A.St. Brown,DET,WR,1,9.5,18.5,9.5,18.5,9,95.0,0,42.0
2023,12,00-0037239,C.Olave,NO,WR,1,11.4,18.4,11.4,18.4,7,114.0,0,41.0
2023,12,00-0037740,G.Wilson,NYJ,WR,1,10.4,17.4,10.4,17.4,7,44.0,1,4.0
2023,12,00-0031236,B.Cooks,DAL,WR,1,13.2,17.2,13.2,17.2,4,72.0,1,5.0
2023,12,00-0038977,T.Dell,HOU,WR,1,12.2,17.2,12.2,17.2,5,50.0,1,6.0
2023,12,00-0038938,J.Hyatt,NYG,WR,1,10.9,15.9,10.9,15.9,5,109.0,0,15.0
2023,12,00-0036358,C.Lamb,DAL,WR,1,11.3,15.3,11.3,15.3,4,53.0,1,16.0
2023,12,00-0039146,J.Reed,GB,WR,1,11.0,15.0,11.0,15.0,4,34.0,1,14.0
2023,12,00-0035662,M.Brown,ARI,WR,1,8.8,14.8,8.8,14.8,6,88.0,0,29.0
2023,12,00-0035676,A.Brown,PHI,WR,1,9.7,14.7,9.7,14.7,5,37.0,1,14.0
2023,12,00-0032464,K.Raymond,DET,WR,1,9.6,14.6,9.6,14.6,5,90.0,0,38.0
2023,12,00-0037238,D.London,ATL,WR,1,9.1,14.1,9.1,14.1,5,91.0,0,32.0
2023,12,00-0036261,B.Aiyuk,SF,WR,1,11.0,13.0,11.0,13.0,2,50.0,1,12.0
2023,12,00-0034775,C.Kirk,JAX,WR,1,8.9,12.9,8.9,12.9,4,89.0,0,39.0
2023,12,00-0031381,D.Adams,LV,WR,1,7.3,12.3,7.3,12.3,5,73.0,0,30.0
2023,12,00-0036900,J.Chase,CIN,WR,1,8.1,12.1,8.1,12.1,4,81.0,0,30.0
2023,12,00-0035500,G.Dortch,ARI,WR,1,8.7,11.7,8.7,11.7,3,27.0,1,4.0
2023,12,00-0038621,D.Douglas,NE,WR,1,4.9,10.9,4.9,10.9,6,49.0,0,57.0
2023,12,00-0036849,T.Atwell,LA,WR,1,7.6,10.6,7.6,10.6,3,76.0,0,7.0
2023,12,00-0037801,K.Turpin,DAL,WR,1,9.4,10.4,9.4,10.4,1,34.0,1,0.0
2023,12,00-0037741,J.Dotson,WAS,WR,1,5.2,10.2,5.2,10.2,5,52.0,0,8.0
2023,12,00-0039062,J.Mingo,CAR,WR,1,6.0,10.0,6.0,10.0,4,60.0,0,13.0
2023,12,00-0035208,O.Zaccheaus,PHI,WR,1,8.9,9.9,8.9,9.9,1,29.0,1,0.0
2023,12,00-0038994,J.Addison,MIN,WR,1,3.9,9.9,3.9,9.9,6,39.0,0,0.0
2023,12,00-0038979,C.Tillman,CLE,WR,1,5.5,9.5,5.5,9.5,4,55.0,0,16.0
2023,12,00-0033943,J.Reynolds,DET,WR,1,7.5,9.5,7.5,9.5,2,15.0,1,0.0
2023,12,00-0038997,J.Downs,IND,WR,1,4.3,9.3,4.3,9.3,5,43.0,0,33.0
2023,12,00-0034348,C.Sutton,DEN,WR,1,6.1,9.1,6.1,9.1,3,61.0,0,15.0
2023,12,00-0035216,D.Johnson,PIT,WR,1,5.0,9.0,5.0,9.0,4,50.0,0,9.0
2023,12,00-0035659,T.McLaurin,WAS,WR,1,5.0,9.0,5.0,9.0,4,50.0,0,10.0
2023,12,00-0037247,G.Pickens,PIT,WR,1,5.8,8.8,5.8,8.8,3,58.0,0,15.0
2023,12,00-0038465,M.Heath,GB,WR,1,4.6,8.6,4.6,8.6,4,46.0,0,5.0
2023,12,00-0036165,I.Hodgins,NYG,WR,1,7.2,8.2,7.2,8.2,1,12.0,1,8.0
2023,12,00-0036182,N.Westbrook-Ikhine,TEN,WR,1,4.1,8.1,4.1,8.1,4,41.0,0,0.0
2023,12,00-0030564,D.Hopkins,TEN,WR,1,4.9,7.9,4.9,7.9,3,49.0,0,11.0
2023,12,00-0034983,H.Renfrow,LV,WR,1,3.8,7.8,3.8,7.8,4,38.0,0,19.0
2023,12,00-0034646,B.Powell,MIN,WR,1,4.7,7.7,4.7,7.7,3,45.0,0,17.0
2023,12,00-0037261,K.Shakir,BUF,WR,1,4.7,7.7,4.7,7.7,3,47.0,0,10.0
2023,12,00-0033921,C.Godwin,TB,WR,1,4.5,7.5,4.5,7.5,3,45.0,0,25.0
2023,12,00-0036980,E.Moore,CLE,WR,1,4.4,7.4,4.4,7.4,3,44.0,0,6.0
2023,12,00-0034386,J.Watson,KC,WR,1,6.3,7.3,6.3,7.3,1,3.0,1,0.0
2023,12,00-0031547,D.Parker,NE,WR,1,4.2,7.2,4.2,7.2,3,42.0,0,36.0
2023,12,00-0032398,C.Moore,TEN,WR,1,4.2,7.2,4.2,7.2,3,41.0,0,5.0
2023,12,00-0037240,J.Williams,DET,WR,1,5.1,7.1,5.1,7.1,2,51.0,0,37.0
2023,12,00-0037666,J.Tolbert,DAL,WR,1,4.9,6.9,4.9,6.9,2,49.0,0,1.0
2023,12,00-0037816,R.Doubs,GB,WR,1,3.7,6.7,3.7,6.7,3,37.0,0,2.0
2023,12,00-0037664,A.Pierce,IND,WR,1,2.7,6.7,2.7,6.7,4,27.0,0,3.0
2023,12,00-0039075,P.Nacua,LA,WR,1,2.7,6.7,2.7,6.7,4,27.0,0,17.0
2023,12,00-0038117,W.Robinson,NYG,WR,1,2.6,6.6,2.6,6.6,4,26.0,0,16.0
2023,12,00-0031235,O.Beckham,BAL,WR,1,3.4,6.4,3.4,6.4,3,34.0,0,11.0
2023,12,00-0034777,D.Chark,CAR,WR,1,3.4,6.4,3.4,6.4,3,34.0,0,5.0
2023,12,00-0038090,S.Moore,KC,WR,1,3.4,6.4,3.4,6.4,3,34.0,0,34.0
2023,12,00-0036345,K.Osborn,MIN,WR,1,3.4,6.4,3.4,6.4,3,34.0,0,13.0
2023,12,00-0035640,D.Metcalf,SEA,WR,1,3.2,6.2,3.2,6.2,3,32.0,0,14.0
2023,12,00-0038543,J.Smith-Njigba,SEA,WR,1,4.1,6.1,4.1,6.1,2,41.0,0,13.0
2023,12,00-0030431,R.Woods,HOU,WR,1,4.0,6.0,4.0,6.0,2,40.0,0,2.0
2023,12,00-0032211,T.Lockett,SEA,WR,1,3.0,6.0,3.0,6.0,3,30.0,0,2.0
2023,12,00-0039052,T.Palmer,TB,WR,1,1.7,5.7,1.7,5.7,4,17.0,0,4.0
2023,12,00-0036936,R.Moore,ARI,WR,1,3.5,5.5,3.5,5.5,2,35.0,0,12.0
2023,12,00-0038976,M.Mims,DEN,WR,1,3.5,5.5,3.5,5.5,2,24.0,0,10.0
2023,12,00-0033009,T.Boyd,CIN,WR,1,2.3,5.3,2.3,5.3,3,23.0,0,3.0
2023,12,00-0033908,C.Kupp,LA,WR,1,1.8,4.8,1.8,4.8,3,18.0,0,12.0
2023,12,00-0034297,B.Pringle,WAS,WR,1,2.7,4.7,2.7,4.7,2,27.0,0,0.0
2023,12,00-0038618,X.Hutchinson,HOU,WR,1,3.4,4.4,3.4,4.4,1,34.0,0,9.0
2023,12,00-0038104,T.Thornton,NE,WR,1,2.2,4.2,2.2,4.2,2,19.0,0,19.0
2023,12,00-0036550,R.Bateman,BAL,WR,1,2.1,4.1,2.1,4.1,2,21.0,0,6.0
2023,12,00-0036364,L.Bowden,NO,WR,1,4.0,4.0,4.0,4.0,0,0.0,0,0.0
2023,12,00-0038492,J.Brownlee,NYJ,WR,1,2.0,4.0,2.0,4.0,2,20.0,0,8.0
2023,12,00-0034317,K.Kirkwood,NO,WR,1,2.0,4.0,2.0,4.0,2,20.0,0,1.0
2023,12,00-0031544,A.Cooper,CLE,WR,1,1.6,3.6,1.6,3.6,2,16.0,0,0.0
2023,12,00-0035535,D.Slayton,NYG,WR,1,1.6,3.6,1.6,3.6,2,16.0,0,7.0
2023,12,00-0038496,X.Gipson,NYJ,WR,1,1.5,3.5,1.5,3.5,2,15.0,0,7.0
2023,12,00-0035341,T.Irwin,CIN,WR,1,2.5,3.5,2.5,3.5,1,25.0,0,14.0
2023,12,00-0038640,J.Brooks,DAL,WR,1,2.4,3.4,2.4,3.4,1,24.0,0,3.0
2023,12,00-0034407,R.McCloud,SF,WR,1,2.3,3.3,2.3,3.3,1,23.0,0,12.0
2023,12,00-0032775,D.Robinson,LA,WR,1,1.3,3.3,1.3,3.3,2,13.0,0,6.0
2023,12,00-0031549,N.Agholor,BAL,WR,1,2.1,3.1,2.1,3.1,1,21.0,0,5.0
2023,12,00-0036407,J.Jeudy,DEN,WR,1,1.1,3.1,1.1,3.1,2,11.0,0,10.0
2023,12,00-0033857,J.Smith-Schuster,NE,WR,1,1.0,3.0,1.0,3.0,2,10.0,0,1.0
2023,12,00-0037545,R.Shaheed,NO,WR,1,0.9,2.9,0.9,2.9,2,9.0,0,4.0
2023,12,00-0032543,A.Erickson,LAC,WR,1,1.7,2.7,1.7,2.7,1,17.0,0,1.0
2023,12,00-0038619,A.Iosivas,CIN,WR,1,1.6,2.6,1.6,2.6,1,16.0,0,13.0
2023,12,00-0036309,D.Mooney,CHI,WR,1,0.6,2.6,0.6,2.6,2,6.0,0,3.0
2023,12,00-0036635,I.Smith-Marsette,CAR,WR,1,1.4,2.4,1.4,2.4,1,14.0,0,14.0
2023,12,00-0036415,V.Jefferson,ATL,WR,1,1.3,2.3,1.3,2.3,1,13.0,0,-2.0
2023,12,00-0034764,M.Gallup,DAL,WR,1,1.3,2.3,1.3,2.3,1,13.0,0,1.0
2023,12,00-0035406,L.Humphrey,DEN,WR,1,1.3,2.3,1.3,2.3,1,13.0,0,9.0
2023,12,00-0031428,A.Robinson,PIT,WR,1,1.1,2.1,1.1,2.1,1,11.0,0,12.0
2023,12,00-0033891,Z.Jones,JAX,WR,1,1.0,2.0,1.0,2.0,1,10.0,0,0.0
2023,12,00-0038608,K.Boutte,NE,WR,1,0.8,1.8,0.8,1.8,1,8.0,0,8.0
2023,12,00-0036268,L.Shenault,CAR,WR,1,0.8,1.8,0.8,1.8,1,8.0,0,3.0
2023,12,00-0038612,A.Perry,NO,WR,1,0.7,1.7,0.7,1.7,1,7.0,0,0.0
2023,12,00-0038544,Q.Johnston,LAC,WR,1,0.7,1.7,0.7,1.7,1,7.0,0,3.0
2023,12,00-0036259,J.Jennings,SF,WR,1,0.7,1.7,0.7,1.7,1,7.0,0,3.0
2023,12,00-0038752,J.Bobo,SEA,WR,1,0.6,1.6,0.6,1.6,1,6.0,0,0.0
2023,12,00-0032385,S.Shepard,NYG,WR,1,0.6,1.6,0.6,1.6,1,6.0,0,0.0
2023,12,00-0037614,J.Metchie,HOU,WR,1,0.6,1.6,0.6,1.6,1,6.0,0,10.0
2023,12,00-0037837,C.Austin,PIT,WR,1,0.5,1.5,0.5,1.5,1,5.0,0,0.0
2023,12,00-0035298,S.Miller,ATL,WR,1,0.4,1.4,0.4,1.4,1,4.0,0,9.0
2023,12,00-0035414,J.Guyton,LAC,WR,1,0.4,1.4,0.4,1.4,1,4.0,0,3.0
2023,12,00-0030035,A.Thielen,CAR,WR,1,0.2,1.2,0.2,1.2,1,2.0,0,0.0
2023,12,00-0038573,D.Davis,LAC,WR,1,0.1,1.1,0.1,1.1,1,2.0,0,3.0
2023,12,00-0036620,D.Eskridge,SEA,WR,1,1.0,1.0,1.0,1.0,0,0.0,0,0.0
2023,12,00-0027944,J.Jones,PHI,WR,1,0.0,1.0,0.0,1.0,1,0.0,0,3.0
2023,12,00-0036862,B.Skowronek,LA,WR,1,-0.1,0.9,-0.1,0.9,1,-1.0,0,0.0
2023,12,00-0034272,M.Valdes-Scantling,KC,WR,1,-0.1,0.9,-0.1,0.9,1,-1.0,0,0.0
2023,12,00-0035639,P.Campbell,NYG,WR,1,-0.2,0.8,-0.2,0.8,1,-2.0,0,1.0
2023,12,00-0037273,K.Philips,TEN,WR,1,-0.3,0.7,-0.3,0.7,1,-3.0,0,1.0
2023,12,00-0033466,I.McKenzie,IND,WR,1,0.3,0.3,0.3,0.3,0,0.0,0,0.0
2023,12,00-0032200,T.Montgomery,NE,WR,1,0.0,0.0,0.0,0.0,0,0.0,0,0.0
2023,12,00-0034419,B.Berrios,MIA,WR,1,0.0,0.0,0.0,0.0,0,0.0,0,0.0
2023,12,00-0038563,T.Tucker,LV,WR,1,0.0,0.0,0.0,0.0,0,0.0,0,0.0
2023,12,00-0034487,T.Sherfield,BUF,WR,1,0.0,0.0,0.0,0.0,0,0.0,0,0.0
2023,12,00-0036331,D.Duvernay,BAL,WR,1,0.0,0.0,0.0,0.0,0,0.0,0,0.0
2023,12,00-0037257,D.Bell,CLE,WR,1,0.0,0.0,0.0,0.0,0,0.0,0,0.0
2023,12,00-0033292,T.Taylor,CHI,WR,1,0.0,0.0,0.0,0.0,0,0.0,0,0.0
2023,12,00-0036626,D.Brown,WAS,WR,1,0.0,0.0,0.0,0.0,0,0.0,0,0.0
2023,12,00-0033589,D.Moore,TB,WR,1,0.0,0.0,0.0,0.0,0,0.0,0,0.0
2023,11,00-0034837,C.Ridley,JAX,WR,1,24.1,31.1,24.1,31.1,7,103.0,2,15.0
2023,11,00-0033040,T.Hill,MIA,WR,1,20.6,30.6,20.6,30.6,10,146.0,1,43.0
2023,11,00-0038977,T.Dell,HOU,WR,1,20.9,28.9,20.9,28.9,8,149.0,1,17.0
2023,11,00-0030279,K.Allen,LAC,WR,1,17.6,27.6,17.6,27.6,10,116.0,1,37.0
2023,11,00-0036261,B.Aiyuk,SF,WR,1,21.6,26.6,21.6,26.6,5,156.0,1,78.0
2023,11,00-0034827,D.Moore,CHI,WR,1,15.6,22.6,15.6,22.6,7,96.0,1,21.0
2023,11,00-0036963,A.St. Brown,DET,WR,1,13.7,21.7,13.7,21.7,8,77.0,1,30.0
2023,11,00-0031381,D.Adams,LV,WR,1,14.2,21.2,14.2,21.2,7,82.0,1,10.0
2023,11,00-0037261,K.Shakir,BUF,WR,1,17.5,20.5,17.5,20.5,3,115.0,1,70.0
2023,11,00-0035640,D.Metcalf,SEA,WR,1,15.4,20.4,15.4,20.4,5,94.0,1,24.0
2023,11,00-0039146,J.Reed,GB,WR,1,15.2,19.2,15.2,19.2,4,46.0,0,25.0
2023,11,00-0039075,P.Nacua,LA,WR,1,13.7,18.7,13.7,18.7,5,70.0,1,13.0
2023,11,00-0035535,D.Slayton,NYG,WR,1,14.2,18.2,14.2,18.2,4,82.0,1,39.0
2023,11,00-0034348,C.Sutton,DEN,WR,1,12.6,16.6,12.6,16.6,4,66.0,1,2.0
2023,11,00-0036358,C.Lamb,DAL,WR,1,10.5,16.5,10.5,16.5,6,38.0,1,18.0
2023,11,00-0037816,R.Doubs,GB,WR,1,11.3,16.3,11.3,16.3,5,53.0,1,13.0
2023,11,00-0034386,J.Watson,KC,WR,1,11.3,16.3,11.3,16.3,5,53.0,1,1.0
2023,11,00-0036912,D.Smith,PHI,WR,1,9.9,15.9,9.9,15.9,6,99.0,0,6.0
2023,11,00-0030564,D.Hopkins,TEN,WR,1,11.9,15.9,11.9,15.9,4,59.0,1,10.0
2023,11,00-0031235,O.Beckham,BAL,WR,1,11.6,15.6,11.6,15.6,4,116.0,0,49.0
2023,11,00-0030035,A.Thielen,CAR,WR,1,7.4,15.4,7.4,15.4,8,74.0,0,24.0
2023,11,00-0031408,M.Evans,TB,WR,1,10.3,15.3,10.3,15.3,5,43.0,1,10.0
2023,11,00-0035500,G.Dortch,ARI,WR,1,7.6,13.6,7.6,13.6,6,76.0,0,50.0
2023,11,00-0036554,N.Collins,HOU,WR,1,6.5,13.5,6.5,13.5,7,65.0,0,15.0
2023,11,00-0037240,J.Williams,DET,WR,1,10.4,12.4,10.4,12.4,2,44.0,1,0.0
2023,11,00-0036936,R.Moore,ARI,WR,1,11.4,12.4,11.4,12.4,1,48.0,1,1.0
2023,11,00-0038393,D.Wicks,GB,WR,1,9.1,12.1,9.1,12.1,3,91.0,0,49.0
2023,11,00-0036980,E.Moore,CLE,WR,1,6.0,12.0,6.0,12.0,6,60.0,0,20.0
2023,11,00-0037741,J.Dotson,WAS,WR,1,8.3,11.3,8.3,11.3,3,23.0,1,6.0
2023,11,00-0036407,J.Jeudy,DEN,WR,1,5.8,10.8,5.8,10.8,5,58.0,0,44.0
2023,11,00-0031549,N.Agholor,BAL,WR,1,9.7,10.7,9.7,10.7,1,37.0,1,30.0
2023,11,00-0038124,C.Watson,GB,WR,1,8.2,10.2,8.2,10.2,2,21.0,1,6.0
2023,11,00-0032211,T.Lockett,SEA,WR,1,5.1,10.1,5.1,10.1,5,51.0,0,18.0
2023,11,00-0033921,C.Godwin,TB,WR,1,3.9,9.9,3.9,9.9,6,39.0,0,2.0
2023,11,00-0032398,C.Moore,TEN,WR,1,8.7,9.7,8.7,9.7,1,49.0,0,0.0
2023,11,00-0036613,J.Waddle,MIA,WR,1,5.5,9.5,5.5,9.5,4,55.0,0,35.0
2023,11,00-0030431,R.Woods,HOU,WR,1,4.4,9.4,4.4,9.4,5,44.0,0,15.0
2023,11,00-0035659,T.McLaurin,WAS,WR,1,4.3,9.3,4.3,9.3,5,43.0,0,12.0
2023,11,00-0034983,H.Renfrow,LV,WR,1,4.2,9.2,4.2,9.2,5,42.0,0,27.0
2023,11,00-0036900,J.Chase,CIN,WR,1,7.2,9.2,7.2,9.2,2,12.0,1,15.0
2023,11,00-0035719,D.Samuel,SF,WR,1,6.2,9.2,6.2,9.2,3,63.0,0,26.0
2023,11,00-0034960,J.Meyers,LV,WR,1,4.9,8.9,4.9,8.9,4,49.0,0,16.0
2023,11,00-0039067,R.Rice,KC,WR,1,4.2,8.2,4.2,8.2,4,42.0,0,28.0
2023,11,00-0036550,R.Bateman,BAL,WR,1,7.0,8.0,7.0,8.0,1,10.0,1,0.0
2023,11,00-0039064,Z.Flowers,BAL,WR,1,5.0,8.0,5.0,8.0,3,43.0,0,43.0
2023,11,00-0034775,C.Kirk,JAX,WR,1,4.8,7.8,4.8,7.8,3,48.0,0,5.0
2023,11,00-0037247,G.Pickens,PIT,WR,1,3.7,7.7,3.7,7.7,4,38.0,0,-1.0
2023,11,00-0031544,A.Cooper,CLE,WR,1,3.4,7.4,3.4,7.4,4,34.0,0,11.0
2023,11,00-0038994,J.Addison,MIN,WR,1,4.4,7.4,4.4,7.4,3,44.0,0,0.0
2023,11,00-0031236,B.Cooks,DAL,WR,1,4.2,7.2,4.2,7.2,3,42.0,0,12.0
2023,11,00-0038543,J.Smith-Njigba,SEA,WR,1,4.0,7.0,4.0,7.0,3,40.0,0,2.0
2023,11,00-0039052,T.Palmer,TB,WR,1,2.8,6.8,2.8,6.8,4,22.0,0,3.0
2023,11,00-0031588,S.Diggs,BUF,WR,1,2.7,6.7,2.7,6.7,4,27.0,0,21.0
2023,11,00-0038117,W.Robinson,NYG,WR,1,3.7,6.7,3.7,6.7,3,35.0,0,17.0
2023,11,00-0035341,T.Irwin,CIN,WR,1,3.6,6.6,3.6,6.6,3,36.0,0,8.0
2023,11,00-0034646,B.Powell,MIN,WR,1,3.2,6.2,3.2,6.2,3,32.0,0,20.0
2023,11,00-0034764,M.Gallup,DAL,WR,1,3.1,6.1,3.1,6.1,3,31.0,0,8.0
2023,11,00-0033891,Z.Jones,JAX,WR,1,2.0,6.0,2.0,6.0,4,20.0,0,3.0
2023,11,00-0032688,R.Chosen,MIA,WR,1,3.9,5.9,3.9,5.9,2,39.0,0,3.0
2023,11,00-0034418,C.Wilson,MIA,WR,1,2.3,5.3,2.3,5.3,3,23.0,0,2.0
2023,11,00-0036841,A.Trammell,LA,WR,1,2.3,5.3,2.3,5.3,3,23.0,0,34.0
2023,11,00-0034297,B.Pringle,WAS,WR,1,2.2,5.2,2.2,5.2,3,22.0,0,14.0
2023,11,00-0033009,T.Boyd,CIN,WR,1,2.2,5.2,2.2,5.2,3,22.0,0,14.0
2023,11,00-0038821,R.Jarrett,TB,WR,1,4.1,5.1,4.1,5.1,1,41.0,0,20.0
2023,11,00-0038563,T.Tucker,LV,WR,1,3.0,5.0,3.0,5.0,2,36.0,0,2.0
2023,11,00-0031428,A.Robinson,PIT,WR,1,2.0,5.0,2.0,5.0,3,20.0,0,0.0
2023,11,00-0036913,K.Toney,KC,WR,1,2.6,4.6,2.6,4.6,2,12.0,0,0.0
2023,11,00-0034928,S.Sims,HOU,WR,1,2.5,4.5,2.5,4.5,2,25.0,0,25.0
2023,11,00-0032775,D.Robinson,LA,WR,1,2.4,4.4,2.4,4.4,2,24.0,0,11.0
2023,11,00-0037801,K.Turpin,DAL,WR,1,2.3,4.3,2.3,4.3,2,10.0,0,9.0
2023,11,00-0036165,I.Hodgins,NYG,WR,1,2.2,4.2,2.2,4.2,2,22.0,0,8.0
2023,11,00-0038544,Q.Johnston,LAC,WR,1,2.1,4.1,2.1,4.1,2,21.0,0,17.0
2023,11,00-0034279,E.St. Brown,CHI,WR,1,1.9,3.9,1.9,3.9,2,19.0,0,1.0
2023,11,00-0035216,D.Johnson,PIT,WR,1,1.6,3.6,1.6,3.6,2,16.0,0,12.0
2023,11,00-0036309,D.Mooney,CHI,WR,1,2.4,3.4,2.4,3.4,1,24.0,0,8.0
2023,11,00-0038976,M.Mims,DEN,WR,1,1.2,3.2,1.2,3.2,2,12.0,0,12.0
2023,11,00-0035662,M.Brown,ARI,WR,1,1.2,3.2,1.2,3.2,2,18.0,0,2.0
2023,11,00-0037666,J.Tolbert,DAL,WR,1,1.2,3.2,1.2,3.2,2,12.0,0,1.0
2023,11,00-0031941,J.Crowder,WAS,WR,1,1.2,3.2,1.2,3.2,2,12.0,0,14.0
2023,11,00-0035140,M.Hardman,KC,WR,1,1.2,3.2,1.2,3.2,2,12.0,0,16.0
2023,11,00-0036268,L.Shenault,CAR,WR,1,0.9,2.9,0.9,2.9,2,9.0,0,14.0
2023,11,00-0037740,G.Wilson,NYJ,WR,1,0.9,2.9,0.9,2.9,2,9.0,0,0.0
2023,11,00-0036849,T.Atwell,LA,WR,1,1.7,2.7,1.7,2.7,1,17.0,0,6.0
2023,11,00-0027944,J.Jones,PHI,WR,1,0.5,2.5,0.5,2.5,2,5.0,0,9.0
2023,11,00-0037614,J.Metchie,HOU,WR,1,1.2,2.2,1.2,2.2,1,12.0,0,5.0
2023,11,00-0032543,A.Erickson,LAC,WR,1,1.2,2.2,1.2,2.2,1,12.0,0,0.0
2023,11,00-0033908,C.Kupp,LA,WR,1,1.1,2.1,1.1,2.1,1,11.0,0,6.0
2023,11,00-0033943,J.Reynolds,DET,WR,1,1.1,2.1,1.1,2.1,1,11.0,0,0.0
2023,11,00-0038979,C.Tillman,CLE,WR,1,1.0,2.0,1.0,2.0,1,2.0,0,2.0
2023,11,00-0037273,K.Philips,TEN,WR,1,1.0,2.0,1.0,2.0,1,10.0,0,14.0
2023,11,00-0038752,J.Bobo,SEA,WR,1,0.8,1.8,0.8,1.8,1,8.0,0,12.0
2023,11,00-0035676,A.Brown,PHI,WR,1,0.8,1.8,0.8,1.8,1,8.0,0,2.0
2023,11,00-0038938,J.Hyatt,NYG,WR,1,0.7,1.7,0.7,1.7,1,7.0,0,0.0
2023,11,00-0037487,D.Thompkins,TB,WR,1,1.7,1.7,1.7,1.7,0,0.0,0,0.0
2023,11,00-0038496,X.Gipson,NYJ,WR,1,0.7,1.7,0.7,1.7,1,7.0,0,4.0
2023,11,00-0036626,D.Brown,WAS,WR,1,0.7,1.7,0.7,1.7,1,7.0,0,9.0
2023,11,00-0038465,M.Heath,GB,WR,1,0.7,1.7,0.7,1.7,1,7.0,0,6.0
2023,11,00-0036345,K.Osborn,MIN,WR,1,0.7,1.7,0.7,1.7,1,7.0,0,4.0
2023,11,00-0036182,N.Westbrook-Ikhine,TEN,WR,1,0.7,1.7,0.7,1.7,1,7.0,0,2.0
2023,11,00-0039062,J.Mingo,CAR,WR,1,0.6,1.6,0.6,1.6,1,6.0,0,6.0
2023,11,00-0033282,C.Samuel,WAS,WR,1,0.5,1.5,0.5,1.5,1,5.0,0,0.0
2023,11,00-0032464,K.Raymond,DET,WR,1,0.5,1.5,0.5,1.5,1,5.0,0,0.0
2023,11,00-0032385,S.Shepard,NYG,WR,1,0.5,1.5,0.5,1.5,1,5.0,0,6.0
2023,11,00-0038090,S.Moore,KC,WR,1,0.4,1.4,0.4,1.4,1,4.0,0,3.0
2023,11,00-0038941,T.Scott,CHI,WR,1,0.4,1.4,0.4,1.4,1,4.0,0,0.0
2023,11,00-0038573,D.Davis,LAC,WR,1,-0.3,0.7,-0.3,0.7,1,-3.0,0,2.0
2023,11,00-0035208,O.Zaccheaus,PHI,WR,1,0.0,0.0,0.0,0.0,0,0.0,0,0.0
2023,11,00-0034521,A.Lazard,NYJ,WR,1,0.0,0.0,0.0,0.0,0,0.0,0,0.0
2023,11,00-0036620,D.Eskridge,SEA,WR,1,0.0,0.0,0.0,0.0,0,0.0,0,0.0
2023,11,00-0038891,S.Jackson,CIN,WR,1,0.0,0.0,0.0,0.0,0,0.0,0,0.0
2023,11,00-0034272,M.Valdes-Scantling,KC,WR,1,0.0,0.0,0.0,0.0,0,0.0,0,0.0
2023,11,00-0036233,D.Peoples-Jones,DET,WR,1,0.0,0.0,0.0,0.0,0,0.0,0,0.0
2023,11,00-0035406,L.Humphrey,DEN,WR,1,0.0,0.0,0.0,0.0,0,0.0,0,0.0
2023,11,00-0036259,J.Jennings,SF,WR,1,0.0,0.0,0.0,0.0,0,0.0,0,0.0
2023,11,00-0035215,D.Harty,BUF,WR,1,-0.2,-0.2,-0.2,-0.2,0,0.0,0,0.0
2023,10,00-0030279,K.Allen,LAC,WR,1,29.5,40.5,29.5,40.5,11,175.0,2,62.0
2023,10,00-0036358,C.Lamb,DAL,WR,1,28.5,39.5,28.5,39.5,11,151.0,1,42.0
2023,10,00-0031236,B.Cooks,DAL,WR,1,23.3,32.3,23.3,32.3,9,173.0,1,61.0
2023,10,00-0036963,A.St. Brown,DET,WR,1,22.5,30.5,22.5,30.5,8,156.0,1,70.0
2023,10,00-0031408,M.Evans,TB,WR,1,20.3,26.3,20.3,26.3,6,143.0,1,25.0
2023,10,00-0033591,N.Brown,HOU,WR,1,17.2,24.2,17.2,24.2,7,172.0,0,45.0
2023,10,00-0036900,J.Chase,CIN,WR,1,18.4,23.4,18.4,23.4,5,124.0,1,33.0
2023,10,00-0032211,T.Lockett,SEA,WR,1,15.2,23.2,15.2,23.2,8,92.0,1,45.0
2023,10,00-0037239,C.Olave,NO,WR,1,15.4,21.4,15.4,21.4,6,94.0,1,18.0
2023,10,00-0033009,T.Boyd,CIN,WR,1,11.7,19.7,11.7,19.7,8,117.0,0,73.0
2023,10,00-0039146,J.Reed,GB,WR,1,14.4,19.4,14.4,19.4,5,84.0,1,24.0
2023,10,00-0034348,C.Sutton,DEN,WR,1,11.3,19.3,11.3,19.3,8,53.0,1,16.0
2023,10,00-0038977,T.Dell,HOU,WR,1,12.9,18.9,12.9,18.9,6,56.0,1,12.0
2023,10,00-0037740,G.Wilson,NYJ,WR,1,9.3,18.3,9.3,18.3,9,93.0,0,46.0
2023,10,00-0035640,D.Metcalf,SEA,WR,1,9.8,16.8,9.8,16.8,7,98.0,0,42.0
2023,10,00-0034775,C.Kirk,JAX,WR,1,10.4,16.4,10.4,16.4,6,104.0,0,37.0
2023,10,00-0036252,M.Pittman,IND,WR,1,8.4,16.4,8.4,16.4,8,84.0,0,20.0
2023,10,00-0035719,D.Samuel,SF,WR,1,11.9,15.9,11.9,15.9,4,30.0,0,21.0
2023,10,00-0031544,A.Cooper,CLE,WR,1,9.8,15.8,9.8,15.8,6,98.0,0,33.0
2023,10,00-0036980,E.Moore,CLE,WR,1,10.4,15.4,10.4,15.4,5,44.0,1,13.0
2023,10,00-0034764,M.Gallup,DAL,WR,1,13.0,15.0,13.0,15.0,2,70.0,1,5.0
2023,10,00-0031381,D.Adams,LV,WR,1,8.6,14.6,8.6,14.6,6,86.0,0,37.0
2023,10,00-0036261,B.Aiyuk,SF,WR,1,11.5,14.5,11.5,14.5,3,55.0,1,4.0
2023,10,00-0038621,D.Douglas,NE,WR,1,8.4,14.4,8.4,14.4,6,84.0,0,66.0
2023,10,00-0035414,J.Guyton,LAC,WR,1,10.1,14.1,10.1,14.1,4,41.0,1,12.0
2023,10,00-0035341,T.Irwin,CIN,WR,1,11.4,13.4,11.4,13.4,2,54.0,1,10.0
2023,10,00-0038544,Q.Johnston,LAC,WR,1,9.4,13.4,9.4,13.4,4,34.0,1,9.0
2023,10,00-0039064,Z.Flowers,BAL,WR,1,7.3,12.3,7.3,12.3,5,73.0,0,14.0
2023,10,00-0037816,R.Doubs,GB,WR,1,9.1,12.1,9.1,12.1,3,31.0,1,2.0
2023,10,00-0036626,D.Brown,WAS,WR,1,10.1,12.1,10.1,12.1,2,41.0,1,17.0
2023,10,00-0038612,A.Perry,NO,WR,1,9.8,11.8,9.8,11.8,2,38.0,1,7.0
2023,10,00-0031235,O.Beckham,BAL,WR,1,10.0,11.0,10.0,11.0,1,40.0,1,33.0
2023,10,00-0038994,J.Addison,MIN,WR,1,6.9,10.9,6.9,10.9,4,69.0,0,26.0
2023,10,00-0034827,D.Moore,CHI,WR,1,5.9,10.9,5.9,10.9,5,58.0,0,33.0
2023,10,00-0030035,A.Thielen,CAR,WR,1,4.2,10.2,4.2,10.2,6,42.0,0,24.0
2023,10,00-0033921,C.Godwin,TB,WR,1,5.4,9.4,5.4,9.4,4,54.0,0,0.0
2023,10,00-0038543,J.Smith-Njigba,SEA,WR,1,5.3,9.3,5.3,9.3,4,53.0,0,53.0
2023,10,00-0036936,R.Moore,ARI,WR,1,4.3,9.3,4.3,9.3,5,43.0,0,36.0
2023,10,00-0037273,K.Philips,TEN,WR,1,6.1,9.1,6.1,9.1,3,61.0,0,32.0
2023,10,00-0038393,D.Wicks,GB,WR,1,5.1,8.1,5.1,8.1,3,51.0,0,19.0
2023,10,00-0038640,J.Brooks,DAL,WR,1,3.9,7.9,3.9,7.9,4,39.0,0,24.0
2023,10,00-0036196,G.Davis,BUF,WR,1,5.6,7.6,5.6,7.6,2,56.0,0,17.0
2023,10,00-0037247,G.Pickens,PIT,WR,1,4.5,7.5,4.5,7.5,3,45.0,0,12.0
2023,10,00-0034646,B.Powell,MIN,WR,1,3.5,7.5,3.5,7.5,4,35.0,0,6.0
2023,10,00-0037545,R.Shaheed,NO,WR,1,2.4,7.4,2.4,7.4,5,24.0,0,15.0
2023,10,00-0035659,T.McLaurin,WAS,WR,1,3.3,7.3,3.3,7.3,4,33.0,0,13.0
2023,10,00-0035298,S.Miller,ATL,WR,1,6.2,7.2,6.2,7.2,1,2.0,1,0.0
2023,10,00-0032385,S.Shepard,NYG,WR,1,6.2,7.2,6.2,7.2,1,2.0,1,0.0
2023,10,00-0033466,I.McKenzie,IND,WR,1,3.1,7.1,3.1,7.1,4,31.0,0,12.0
2023,10,00-0037238,D.London,ATL,WR,1,3.6,6.6,3.6,6.6,3,36.0,0,3.0
2023,10,00-0032464,K.Raymond,DET,WR,1,4.6,6.6,4.6,6.6,2,46.0,0,46.0
2023,10,00-0036407,J.Jeudy,DEN,WR,1,3.5,6.5,3.5,6.5,3,35.0,0,7.0
2023,10,00-0031588,S.Diggs,BUF,WR,1,3.4,6.4,3.4,6.4,3,34.0,0,22.0
2023,10,00-0038559,M.Wilson,ARI,WR,1,3.4,6.4,3.4,6.4,3,34.0,0,8.0
2023,10,00-0038997,J.Downs,IND,WR,1,4.0,6.0,4.0,6.0,2,40.0,0,11.0
2023,10,00-0030564,D.Hopkins,TEN,WR,1,2.7,5.7,2.7,5.7,3,27.0,0,3.0
2023,10,00-0036482,M.Strachan,CAR,WR,1,4.5,5.5,4.5,5.5,1,45.0,0,8.0
2023,10,00-0035535,D.Slayton,NYG,WR,1,2.1,5.1,2.1,5.1,3,21.0,0,1.0
2023,10,00-0039062,J.Mingo,CAR,WR,1,2.0,5.0,2.0,5.0,3,20.0,0,18.0
2023,10,00-0036550,R.Bateman,BAL,WR,1,2.5,4.5,2.5,4.5,2,25.0,0,4.0
2023,10,00-0037614,J.Metchie,HOU,WR,1,2.5,4.5,2.5,4.5,2,25.0,0,1.0
2023,10,00-0038124,C.Watson,GB,WR,1,2.3,4.3,2.3,4.3,2,23.0,0,0.0
2023,10,00-0034960,J.Meyers,LV,WR,1,2.1,4.1,2.1,4.1,2,21.0,0,10.0
2023,10,00-0032398,C.Moore,TEN,WR,1,2.1,4.1,2.1,4.1,2,21.0,0,6.0
2023,10,00-0039052,T.Palmer,TB,WR,1,2.1,4.1,2.1,4.1,2,21.0,0,18.0
2023,10,00-0038941,T.Scott,CHI,WR,1,3.1,4.1,3.1,4.1,1,15.0,0,0.0
2023,10,00-0034837,C.Ridley,JAX,WR,1,2.0,4.0,2.0,4.0,2,20.0,0,2.0
2023,10,00-0035662,M.Brown,ARI,WR,1,2.8,3.8,2.8,3.8,1,28.0,0,6.0
2023,10,00-0037240,J.Williams,DET,WR,1,1.8,3.8,1.8,3.8,2,18.0,0,5.0
2023,10,00-0036497,T.Jones,JAX,WR,1,1.7,3.7,1.7,3.7,2,17.0,0,7.0
2023,10,00-0033943,J.Reynolds,DET,WR,1,1.5,3.5,1.5,3.5,2,15.0,0,0.0
2023,10,00-0038496,X.Gipson,NYJ,WR,1,2.4,3.4,2.4,3.4,1,24.0,0,10.0
2023,10,00-0036309,D.Mooney,CHI,WR,1,1.4,3.4,1.4,3.4,2,14.0,0,9.0
2023,10,00-0037261,K.Shakir,BUF,WR,1,2.4,3.4,2.4,3.4,1,24.0,0,3.0
2023,10,00-0038752,J.Bobo,SEA,WR,1,1.3,3.3,1.3,3.3,2,13.0,0,3.0
2023,10,00-0037664,A.Pierce,IND,WR,1,2.1,3.1,2.1,3.1,1,21.0,0,0.0
2023,10,00-0038647,R.Bell,SF,WR,1,2.0,3.0,2.0,3.0,1,20.0,0,0.0
2023,10,00-0038573,D.Davis,LAC,WR,1,0.7,2.7,0.7,2.7,2,7.0,0,14.0
2023,10,00-0034521,A.Lazard,NYJ,WR,1,1.7,2.7,1.7,2.7,1,17.0,0,4.0
2023,10,00-0035216,D.Johnson,PIT,WR,1,1.7,2.7,1.7,2.7,1,17.0,0,2.0
2023,10,00-0037291,J.Nailor,MIN,WR,1,1.6,2.6,1.6,2.6,1,16.0,0,13.0
2023,10,00-0038117,W.Robinson,NYG,WR,1,0.6,2.6,0.6,2.6,2,6.0,0,2.0
2023,10,00-0033282,C.Samuel,WAS,WR,1,0.6,2.6,0.6,2.6,2,6.0,0,8.0
2023,10,00-0030431,R.Woods,HOU,WR,1,1.5,2.5,1.5,2.5,1,15.0,0,1.0
2023,10,00-0035406,L.Humphrey,DEN,WR,1,1.4,2.4,1.4,2.4,1,14.0,0,8.0
2023,10,00-0037666,J.Tolbert,DAL,WR,1,0.2,2.2,0.2,2.2,2,2.0,0,2.0
2023,10,00-0036364,L.Bowden,NO,WR,1,1.2,2.2,1.2,2.2,1,12.0,0,2.0
2023,10,00-0038608,K.Boutte,NE,WR,1,1.1,2.1,1.1,2.1,1,11.0,0,2.0
2023,10,00-0037487,D.Thompkins,TB,WR,1,1.1,2.1,1.1,2.1,1,5.0,0,10.0
2023,10,00-0036955,T.Marshall,CAR,WR,1,1.1,2.1,1.1,2.1,1,11.0,0,1.0
2023,10,00-0033857,J.Smith-Schuster,NE,WR,1,0.9,1.9,0.9,1.9,1,9.0,0,0.0
2023,10,00-0032765,M.Thomas,NO,WR,1,0.9,1.9,0.9,1.9,1,9.0,0,4.0
2023,10,00-0037837,C.Austin,PIT,WR,1,0.9,1.9,0.9,1.9,1,3.0,0,5.0
2023,10,00-0036182,N.Westbrook-Ikhine,TEN,WR,1,0.9,1.9,0.9,1.9,1,9.0,0,6.0
2023,10,00-0036259,J.Jennings,SF,WR,1,0.8,1.8,0.8,1.8,1,8.0,0,0.0
2023,10,00-0038618,X.Hutchinson,HOU,WR,1,1.7,1.7,1.7,1.7,0,0.0,0,0.0
2023,10,00-0034297,B.Pringle,WAS,WR,1,0.7,1.7,0.7,1.7,1,7.0,0,0.0
2023,10,00-0035480,M.Taylor,NYJ,WR,1,0.6,1.6,0.6,1.6,1,6.0,0,7.0
2023,10,00-0035639,P.Campbell,NYG,WR,1,0.6,1.6,0.6,1.6,1,6.0,0,6.0
2023,10,00-0031763,D.Carter,LV,WR,1,1.5,1.5,1.5,1.5,0,0.0,0,0.0
2023,10,00-0034983,H.Renfrow,LV,WR,1,0.5,1.5,0.5,1.5,1,5.0,0,8.0
2023,10,00-0034279,E.St. Brown,CHI,WR,1,0.4,1.4,0.4,1.4,1,4.0,0,0.0
2023,10,00-0038563,T.Tucker,LV,WR,1,0.9,0.9,0.9,0.9,0,0.0,0,0.0
2023,10,00-0031549,N.Agholor,BAL,WR,1,0.0,0.0,0.0,0.0,0,0.0,0,0.0
2023,10,00-0035215,D.Harty,BUF,WR,1,0.0,0.0,0.0,0.0,0,0.0,0,0.0
2023,10,00-0033251,Z.Pascal,ARI,WR,1,0.0,0.0,0.0,0.0,0,0.0,0,0.0
2023,10,00-0031941,J.Crowder,WAS,WR,1,0.0,0.0,0.0,0.0,0,0.0,0,0.0
2023,10,00-0036415,V.Jefferson,ATL,WR,1,0.0,0.0,0.0,0.0,0,0.0,0,0.0
2023,10,00-0037741,J.Dotson,WAS,WR,1,0.0,0.0,0.0,0.0,0,0.0,0,0.0
2023,10,00-0036133,J.Proche,CLE,WR,1,0.0,0.0,0.0,0.0,0,0.0,0,0.0
2023,10,00-0036635,I.Smith-Marsette,CAR,WR,1,0.0,0.0,0.0,0.0,0,0.0,0,0.0
2023,10,00-0038938,J.Hyatt,NYG,WR,1,0.0,0.0,0.0,0.0,0,0.0,0,0.0
2023,10,00-0038979,C.Tillman,CLE,WR,1,0.0,0.0,0.0,0.0,0,0.0,0,0.0
2023,10,00-0036165,I.Hodgins,NYG,WR,1,0.0,0.0,0.0,0.0,0,0.0,0,0.0
2023,10,00-0038619,A.Iosivas,CIN,WR,1,0.0,0.0,0.0,0.0,0,0.0,0,0.0
2023,10,00-0038976,M.Mims,DEN,WR,1,-0.3,-0.3,-0.3,-0.3,0,0.0,0,0.0
2023,9,00-0036358,C.Lamb,DAL,WR,1,19.1,30.1,19.1,30.1,11,191.0,0,57.0
2023,9,00-0038977,T.Dell,HOU,WR,1,23.6,29.6,23.6,29.6,6,114.0,2,9.0
2023,9,00-0033591,N.Brown,HOU,WR,1,21.3,27.3,21.3,27.3,6,153.0,1,78.0
2023,9,00-0031544,A.Cooper,CLE,WR,1,19.9,24.9,19.9,24.9,5,139.0,1,33.0
2023,9,00-0035216,D.Johnson,PIT,WR,1,15.0,22.0,15.0,22.0,7,90.0,1,39.0
2023,9,00-0031588,S.Diggs,BUF,WR,1,14.6,20.6,14.6,20.6,6,86.0,1,42.0
2023,9,00-0035676,A.Brown,PHI,WR,1,12.6,19.6,12.6,19.6,7,66.0,1,27.0
2023,9,00-0036410,T.Higgins,CIN,WR,1,11.0,19.0,11.0,19.0,8,110.0,0,38.0
2023,9,00-0037741,J.Dotson,WAS,WR,1,12.9,16.9,12.9,16.9,4,69.0,1,8.0
2023,9,00-0031235,O.Beckham,BAL,WR,1,11.6,16.6,11.6,16.6,5,56.0,1,14.0
2023,9,00-0037239,C.Olave,NO,WR,1,10.6,16.6,10.6,16.6,6,46.0,1,9.0
2023,9,00-0030279,K.Allen,LAC,WR,1,7.7,15.7,7.7,15.7,8,77.0,0,21.0
2023,9,00-0037740,G.Wilson,NYJ,WR,1,8.0,15.0,8.0,15.0,7,80.0,0,23.0
2023,9,00-0033040,T.Hill,MIA,WR,1,6.5,14.5,6.5,14.5,8,62.0,0,26.0
2023,9,00-0036554,N.Collins,HOU,WR,1,11.4,14.4,11.4,14.4,3,54.0,1,29.0
2023,9,00-0036252,M.Pittman,IND,WR,1,6.4,14.4,6.4,14.4,8,64.0,0,26.0
2023,9,00-0036912,D.Smith,PHI,WR,1,11.1,14.1,11.1,14.1,3,51.0,1,8.0
2023,9,00-0037666,J.Tolbert,DAL,WR,1,10.9,13.9,10.9,13.9,3,49.0,1,9.0
2023,9,00-0038117,W.Robinson,NYG,WR,1,9.5,13.5,9.5,13.5,4,35.0,1,15.0
2023,9,00-0034960,J.Meyers,LV,WR,1,11.5,13.5,11.5,13.5,2,38.0,0,26.0
2023,9,00-0036309,D.Mooney,CHI,WR,1,8.2,13.2,8.2,13.2,5,82.0,0,69.0
2023,9,00-0031408,M.Evans,TB,WR,1,8.7,12.7,8.7,12.7,4,87.0,0,9.0
2023,9,00-0038543,J.Smith-Njigba,SEA,WR,1,6.3,12.3,6.3,12.3,6,63.0,0,24.0
2023,9,00-0035659,T.McLaurin,WAS,WR,1,7.3,12.3,7.3,12.3,5,73.0,0,45.0
2023,9,00-0033857,J.Smith-Schuster,NE,WR,1,5.1,11.1,5.1,11.1,6,51.0,0,25.0
2023,9,00-0037273,K.Philips,TEN,WR,1,6.8,10.8,6.8,10.8,4,68.0,0,8.0
2023,9,00-0038621,D.Douglas,NE,WR,1,5.5,10.5,5.5,10.5,5,55.0,0,31.0
2023,9,00-0030564,D.Hopkins,TEN,WR,1,6.5,10.5,6.5,10.5,4,60.0,0,31.0
2023,9,00-0038994,J.Addison,MIN,WR,1,5.2,10.2,5.2,10.2,5,52.0,0,4.0
2023,9,00-0034418,C.Wilson,MIA,WR,1,9.1,10.1,9.1,10.1,1,31.0,1,0.0
2023,9,00-0035535,D.Slayton,NYG,WR,1,5.9,9.9,5.9,9.9,4,59.0,0,33.0
2023,9,00-0039067,R.Rice,KC,WR,1,7.7,9.7,7.7,9.7,2,17.0,1,14.0
2023,9,00-0037261,K.Shakir,BUF,WR,1,5.7,9.7,5.7,9.7,4,57.0,0,21.0
2023,9,00-0034646,B.Powell,MIN,WR,1,7.5,9.5,7.5,9.5,2,15.0,1,6.0
2023,9,00-0034854,K.Hodge,ATL,WR,1,6.0,9.0,6.0,9.0,3,60.0,0,16.0
2023,9,00-0038393,D.Wicks,GB,WR,1,4.9,8.9,4.9,8.9,4,49.0,0,12.0
2023,9,00-0034777,D.Chark,CAR,WR,1,6.9,8.9,6.9,8.9,2,9.0,1,2.0
2023,9,00-0033009,T.Boyd,CIN,WR,1,5.6,8.6,5.6,8.6,3,56.0,0,14.0
2023,9,00-0034297,B.Pringle,WAS,WR,1,5.5,8.5,5.5,8.5,3,55.0,0,18.0
2023,9,00-0036613,J.Waddle,MIA,WR,1,5.4,8.4,5.4,8.4,3,42.0,0,8.0
2023,9,00-0036900,J.Chase,CIN,WR,1,4.1,8.1,4.1,8.1,4,41.0,0,19.0
2023,9,00-0039052,T.Palmer,TB,WR,1,5.1,8.1,5.1,8.1,3,51.0,0,20.0
2023,9,00-0030035,A.Thielen,CAR,WR,1,2.9,7.9,2.9,7.9,5,29.0,0,10.0
2023,9,00-0038563,T.Tucker,LV,WR,1,5.6,7.6,5.6,7.6,2,52.0,0,8.0
2023,9,00-0037801,K.Turpin,DAL,WR,1,6.5,7.5,6.5,7.5,1,5.0,1,0.0
2023,9,00-0031381,D.Adams,LV,WR,1,3.4,7.4,3.4,7.4,4,34.0,0,16.0
2023,9,00-0034827,D.Moore,CHI,WR,1,4.4,7.4,4.4,7.4,3,44.0,0,7.0
2023,9,00-0039146,J.Reed,GB,WR,1,4.0,7.0,4.0,7.0,3,19.0,0,6.0
2023,9,00-0033908,C.Kupp,LA,WR,1,4.8,6.8,4.8,6.8,2,48.0,0,16.0
2023,9,00-0037816,R.Doubs,GB,WR,1,3.6,6.6,3.6,6.6,3,36.0,0,1.0
2023,9,00-0033555,M.Hollins,ATL,WR,1,3.6,6.6,3.6,6.6,3,36.0,0,17.0
2023,9,00-0035662,M.Brown,ARI,WR,1,2.4,6.4,2.4,6.4,4,24.0,0,7.0
2023,9,00-0031941,J.Crowder,WAS,WR,1,2.3,6.3,2.3,6.3,4,23.0,0,9.0
2023,9,00-0032211,T.Lockett,SEA,WR,1,3.2,6.2,3.2,6.2,3,32.0,0,0.0
2023,9,00-0039075,P.Nacua,LA,WR,1,3.2,6.2,3.2,6.2,3,32.0,0,5.0
2023,9,00-0035640,D.Metcalf,SEA,WR,1,5.0,6.0,5.0,6.0,1,50.0,0,27.0
2023,9,00-0036550,R.Bateman,BAL,WR,1,2.8,5.8,2.8,5.8,3,28.0,0,0.0
2023,9,00-0036626,D.Brown,WAS,WR,1,3.3,5.3,3.3,5.3,2,33.0,0,7.0
2023,9,00-0038090,S.Moore,KC,WR,1,3.3,5.3,3.3,5.3,2,33.0,0,16.0
2023,9,00-0036849,T.Atwell,LA,WR,1,1.3,5.3,1.3,5.3,4,13.0,0,3.0
2023,9,00-0037545,R.Shaheed,NO,WR,1,2.2,5.2,2.2,5.2,3,22.0,0,16.0
2023,9,00-0034983,H.Renfrow,LV,WR,1,3.2,5.2,3.2,5.2,2,32.0,0,20.0
2023,9,00-0038496,X.Gipson,NYJ,WR,1,3.2,5.2,3.2,5.2,2,32.0,0,6.0
2023,9,00-0037742,T.Burks,TEN,WR,1,2.8,4.8,2.8,4.8,2,23.0,0,1.0
2023,9,00-0038124,C.Watson,GB,WR,1,3.7,4.7,3.7,4.7,1,37.0,0,0.0
2023,9,00-0034272,M.Valdes-Scantling,KC,WR,1,2.2,4.2,2.2,4.2,2,22.0,0,4.0
2023,9,00-0035140,M.Hardman,KC,WR,1,1.0,4.0,1.0,4.0,3,10.0,0,18.0
2023,9,00-0034764,M.Gallup,DAL,WR,1,1.9,3.9,1.9,3.9,2,19.0,0,0.0
2023,9,00-0032398,C.Moore,TEN,WR,1,2.9,3.9,2.9,3.9,1,29.0,0,6.0
2023,9,00-0038938,J.Hyatt,NYG,WR,1,1.9,3.9,1.9,3.9,2,19.0,0,5.0
2023,9,00-0034521,A.Lazard,NYJ,WR,1,1.8,3.8,1.8,3.8,2,18.0,0,8.0
2023,9,00-0036345,K.Osborn,MIN,WR,1,1.7,3.7,1.7,3.7,2,17.0,0,2.0
2023,9,00-0038544,Q.Johnston,LAC,WR,1,1.6,3.6,1.6,3.6,2,14.0,0,0.0
2023,9,00-0033921,C.Godwin,TB,WR,1,1.6,3.6,1.6,3.6,2,16.0,0,14.0
2023,9,00-0035639,P.Campbell,NYG,WR,1,1.5,3.5,1.5,3.5,2,15.0,0,17.0
2023,9,00-0034386,J.Watson,KC,WR,1,1.5,3.5,1.5,3.5,2,15.0,0,4.0
2023,9,00-0036980,E.Moore,CLE,WR,1,1.4,3.4,1.4,3.4,2,14.0,0,4.0
2023,9,00-0036182,N.Westbrook-Ikhine,TEN,WR,1,2.3,3.3,2.3,3.3,1,23.0,0,0.0
2023,9,00-0033466,I.McKenzie,IND,WR,1,1.2,3.2,1.2,3.2,2,12.0,0,6.0
2023,9,00-0036331,D.Duvernay,BAL,WR,1,1.0,3.0,1.0,3.0,2,10.0,0,13.0
2023,9,00-0036913,K.Toney,KC,WR,1,1.8,2.8,1.8,2.8,1,18.0,0,13.0
2023,9,00-0032775,D.Robinson,LA,WR,1,1.5,2.5,1.5,2.5,1,15.0,0,9.0
2023,9,00-0031763,D.Carter,LV,WR,1,1.5,2.5,1.5,2.5,1,15.0,0,19.0
2023,9,00-0037614,J.Metchie,HOU,WR,1,1.4,2.4,1.4,2.4,1,14.0,0,10.0
2023,9,00-0036415,V.Jefferson,ATL,WR,1,1.4,2.4,1.4,2.4,1,14.0,0,1.0
2023,9,00-0039064,Z.Flowers,BAL,WR,1,1.1,2.1,1.1,2.1,1,11.0,0,5.0
2023,9,00-0036387,J.Reagor,NE,WR,1,1.1,2.1,1.1,2.1,1,11.0,0,3.0
2023,9,00-0031428,A.Robinson,PIT,WR,1,1.0,2.0,1.0,2.0,1,10.0,0,5.0
2023,9,00-0038997,J.Downs,IND,WR,1,1.0,2.0,1.0,2.0,1,10.0,0,5.0
2023,9,00-0037247,G.Pickens,PIT,WR,1,-0.1,1.9,-0.1,1.9,2,-1.0,0,0.0
2023,9,00-0034487,T.Sherfield,BUF,WR,1,0.9,1.9,0.9,1.9,1,9.0,0,2.0
2023,9,00-0038619,A.Iosivas,CIN,WR,1,0.9,1.9,0.9,1.9,1,9.0,0,1.0
2023,9,00-0035208,O.Zaccheaus,PHI,WR,1,0.8,1.8,0.8,1.8,1,8.0,0,5.0
2023,9,00-0036936,R.Moore,ARI,WR,1,0.8,1.8,0.8,1.8,1,5.0,0,10.0
2023,9,00-0038104,T.Thornton,NE,WR,1,0.7,1.7,0.7,1.7,1,7.0,0,1.0
2023,9,00-0035480,M.Taylor,NYJ,WR,1,0.7,1.7,0.7,1.7,1,7.0,0,0.0
2023,9,00-0031236,B.Cooks,DAL,WR,1,0.7,1.7,0.7,1.7,1,7.0,0,0.0
2023,9,00-0035703,M.Boykin,PIT,WR,1,0.6,1.6,0.6,1.6,1,6.0,0,1.0
2023,9,00-0036841,A.Trammell,LA,WR,1,0.6,1.6,0.6,1.6,1,6.0,0,1.0
2023,9,00-0039062,J.Mingo,CAR,WR,1,0.5,1.5,0.5,1.5,1,5.0,0,1.0
2023,9,00-0038979,C.Tillman,CLE,WR,1,0.3,1.3,0.3,1.3,1,3.0,0,5.0
2023,9,00-0035934,T.Jackson,MIN,WR,1,0.2,1.2,0.2,1.2,1,2.0,0,4.0
2023,9,00-0038618,X.Hutchinson,HOU,WR,1,1.2,1.2,1.2,1.2,0,0.0,0,0.0
2023,9,00-0031549,N.Agholor,BAL,WR,1,0.2,1.2,0.2,1.2,1,2.0,0,5.0
2023,9,00-0035500,G.Dortch,ARI,WR,1,0.2,1.2,0.2,1.2,1,2.0,0,4.0
2023,9,00-0038573,D.Davis,LAC,WR,1,0.0,1.0,0.0,1.0,1,0.0,0,4.0
2023,9,00-0037837,C.Austin,PIT,WR,1,1.0,1.0,1.0,1.0,0,0.0,0,0.0
2023,9,00-0037664,A.Pierce,IND,WR,1,0.0,0.0,0.0,0.0,0,0.0,0,0.0
2023,9,00-0032765,M.Thomas,NO,WR,1,0.0,0.0,0.0,0.0,0,0.0,0,0.0
2023,9,00-0033251,Z.Pascal,ARI,WR,1,0.0,0.0,0.0,0.0,0,0.0,0,0.0
2023,9,00-0035414,J.Guyton,LAC,WR,1,0.0,0.0,0.0,0.0,0,0.0,0,0.0
2023,9,00-0038465,M.Heath,GB,WR,1,0.0,0.0,0.0,0.0,0,0.0,0,0.0
2023,9,00-0035215,D.Harty,BUF,WR,1,0.0,0.0,0.0,0.0,0,0.0,0,0.0
2023,9,00-0036955,T.Marshall,CAR,WR,1,0.0,0.0,0.0,0.0,0,0.0,0,0.0
2023,9,00-0036196,G.Davis,BUF,WR,1,0.0,0.0,0.0,0.0,0,0.0,0,0.0
2023,9,00-0031868,D.Byrd,ATL,WR,1,0.0,0.0,0.0,0.0,0,0.0,0,0.0
2023,9,00-0030068,M.Goodwin,CLE,WR,1,0.0,0.0,0.0,0.0,0,0.0,0,0.0
2023,9,00-0036165,I.Hodgins,NYG,WR,1,0.0,0.0,0.0,0.0,0,0.0,0,0.0
2023,9,00-0036862,B.Skowronek,LA,WR,1,-0.2,-0.2,-0.2,-0.2,0,0.0,0,0.0
2023,9,00-0038941,T.Scott,CHI,WR,1,-0.5,-0.5,-0.5,-0.5,0,0.0,0,0.0
2023,8,00-0036358,C.Lamb,DAL,WR,1,29.0,41.0,29.0,41.0,12,158.0,2,64.0
2023,8,00-0030564,D.Hopkins,TEN,WR,1,30.8,34.8,30.8,34.8,4,128.0,3,33.0
2023,8,00-0035676,A.Brown,PHI,WR,1,25.0,33.0,25.0,33.0,8,130.0,2,26.0
2023,8,00-0036900,J.Chase,CIN,WR,1,15.2,25.2,15.2,25.2,10,100.0,1,39.0
2023,8,00-0033040,T.Hill,MIA,WR,1,17.2,25.2,17.2,25.2,8,112.0,1,31.0
2023,8,00-0036613,J.Waddle,MIA,WR,1,18.1,25.1,18.1,25.1,7,121.0,1,42.0
2023,8,00-0037741,J.Dotson,WAS,WR,1,16.8,24.8,16.8,24.8,8,108.0,1,25.0
2023,8,00-0037545,R.Shaheed,NO,WR,1,21.3,24.3,21.3,24.3,3,153.0,1,28.0
2023,8,00-0036196,G.Davis,BUF,WR,1,14.7,23.7,14.7,23.7,9,87.0,1,43.0
2023,8,00-0036912,D.Smith,PHI,WR,1,15.9,22.9,15.9,22.9,7,99.0,1,38.0
2023,8,00-0031941,J.Crowder,WAS,WR,1,15.5,22.5,15.5,22.5,7,95.0,1,40.0
2023,8,00-0032211,T.Lockett,SEA,WR,1,14.1,22.1,14.1,22.1,8,81.0,1,18.0
2023,8,00-0038994,J.Addison,MIN,WR,1,14.4,21.4,14.4,21.4,7,82.0,1,30.0
2023,8,00-0036252,M.Pittman,IND,WR,1,10.0,18.0,10.0,18.0,8,40.0,1,20.0
2023,8,00-0036345,K.Osborn,MIN,WR,1,9.9,17.9,9.9,17.9,8,99.0,0,50.0
2023,8,00-0033921,C.Godwin,TB,WR,1,12.8,17.8,12.8,17.8,5,54.0,1,17.0
2023,8,00-0037740,G.Wilson,NYJ,WR,1,10.6,17.6,10.6,17.6,7,100.0,0,19.0
2023,8,00-0035659,T.McLaurin,WAS,WR,1,12.3,17.3,12.3,17.3,5,63.0,1,8.0
2023,8,00-0036963,A.St. Brown,DET,WR,1,10.8,16.8,10.8,16.8,6,108.0,0,53.0
2023,8,00-0035216,D.Johnson,PIT,WR,1,8.5,16.5,8.5,16.5,8,85.0,0,9.0
2023,8,00-0031588,S.Diggs,BUF,WR,1,7.0,16.0,7.0,16.0,9,70.0,0,27.0
2023,8,00-0036261,B.Aiyuk,SF,WR,1,10.9,15.9,10.9,15.9,5,109.0,0,22.0
2023,8,00-0035662,M.Brown,ARI,WR,1,9.3,15.3,9.3,15.3,6,33.0,1,19.0
2023,8,00-0037261,K.Shakir,BUF,WR,1,9.2,15.2,9.2,15.2,6,92.0,0,39.0
2023,8,00-0030035,A.Thielen,CAR,WR,1,7.2,15.2,7.2,15.2,8,72.0,0,34.0
2023,8,00-0031544,A.Cooper,CLE,WR,1,8.9,14.9,8.9,14.9,6,89.0,0,13.0
2023,8,00-0030279,K.Allen,LAC,WR,1,6.9,14.9,6.9,14.9,8,69.0,0,7.0
2023,8,00-0034837,C.Ridley,JAX,WR,1,8.3,14.3,8.3,14.3,6,83.0,0,12.0
2023,8,00-0038997,J.Downs,IND,WR,1,7.2,14.2,7.2,14.2,7,72.0,0,26.0
2023,8,00-0031236,B.Cooks,DAL,WR,1,11.2,14.2,11.2,14.2,3,49.0,1,5.0
2023,8,00-0033009,T.Boyd,CIN,WR,1,10.6,13.6,10.6,13.6,3,40.0,1,8.0
2023,8,00-0036407,J.Jeudy,DEN,WR,1,11.0,13.0,11.0,13.0,2,50.0,1,2.0
2023,8,00-0031408,M.Evans,TB,WR,1,9.9,12.9,9.9,12.9,3,39.0,1,0.0
2023,8,00-0033307,K.Bourne,NE,WR,1,9.6,12.6,9.6,12.6,3,36.0,1,13.0
2023,8,00-0038543,J.Smith-Njigba,SEA,WR,1,9.6,12.6,9.6,12.6,3,36.0,1,38.0
2023,8,00-0039146,J.Reed,GB,WR,1,8.3,12.3,8.3,12.3,4,83.0,0,23.0
2023,8,00-0036410,T.Higgins,CIN,WR,1,6.9,11.9,6.9,11.9,5,69.0,0,18.0
2023,8,00-0037816,R.Doubs,GB,WR,1,7.8,11.8,7.8,11.8,4,18.0,1,12.0
2023,8,00-0035640,D.Metcalf,SEA,WR,1,6.7,11.7,6.7,11.7,5,67.0,0,14.0
2023,8,00-0034348,C.Sutton,DEN,WR,1,8.9,10.9,8.9,10.9,2,29.0,1,0.0
2023,8,00-0032765,M.Thomas,NO,WR,1,6.8,10.8,6.8,10.8,4,68.0,0,27.0
2023,8,00-0038752,J.Bobo,SEA,WR,1,8.6,10.6,8.6,10.6,2,23.0,0,16.0
2023,8,00-0037238,D.London,ATL,WR,1,5.5,10.5,5.5,10.5,5,55.0,0,11.0
2023,8,00-0034854,K.Hodge,ATL,WR,1,7.5,10.5,7.5,10.5,3,75.0,0,34.0
2023,8,00-0036182,N.Westbrook-Ikhine,TEN,WR,1,9.3,10.3,9.3,10.3,1,33.0,1,0.0
2023,8,00-0039062,J.Mingo,CAR,WR,1,6.2,10.2,6.2,10.2,4,62.0,0,28.0
2023,8,00-0038544,Q.Johnston,LAC,WR,1,5.0,10.0,5.0,10.0,5,50.0,0,20.0
2023,8,00-0038559,M.Wilson,ARI,WR,1,5.8,9.8,5.8,9.8,4,58.0,0,14.0
2023,8,00-0037239,C.Olave,NO,WR,1,4.6,9.6,4.6,9.6,5,46.0,0,11.0
2023,8,00-0039067,R.Rice,KC,WR,1,5.6,9.6,5.6,9.6,4,56.0,0,54.0
2023,8,00-0034827,D.Moore,CHI,WR,1,5.5,9.5,5.5,9.5,4,55.0,0,36.0
2023,8,00-0035298,S.Miller,ATL,WR,1,7.4,9.4,7.4,9.4,2,14.0,1,2.0
2023,8,00-0037247,G.Pickens,PIT,WR,1,8.2,9.2,8.2,9.2,1,22.0,1,15.0
2023,8,00-0036862,B.Skowronek,LA,WR,1,8.0,9.0,8.0,9.0,1,20.0,1,5.0
2023,8,00-0033591,N.Brown,HOU,WR,1,5.7,8.7,5.7,8.7,3,57.0,0,18.0
2023,8,00-0034775,C.Kirk,JAX,WR,1,4.6,8.6,4.6,8.6,4,46.0,0,3.0
2023,8,00-0038621,D.Douglas,NE,WR,1,2.9,7.9,2.9,7.9,5,25.0,0,23.0
2023,8,00-0036646,S.Fehoko,LAC,WR,1,6.9,7.9,6.9,7.9,1,9.0,1,7.0
2023,8,00-0027944,J.Jones,PHI,WR,1,6.8,7.8,6.8,7.8,1,8.0,1,0.0
2023,8,00-0034521,A.Lazard,NYJ,WR,1,4.5,7.5,4.5,7.5,3,45.0,0,8.0
2023,8,00-0039075,P.Nacua,LA,WR,1,4.3,7.3,4.3,7.3,3,43.0,0,31.0
2023,8,00-0033857,J.Smith-Schuster,NE,WR,1,6.3,7.3,6.3,7.3,1,3.0,1,0.0
2023,8,00-0038619,A.Iosivas,CIN,WR,1,6.2,7.2,6.2,7.2,1,2.0,1,0.0
2023,8,00-0036550,R.Bateman,BAL,WR,1,5.2,7.2,5.2,7.2,2,34.0,0,0.0
2023,8,00-0037664,A.Pierce,IND,WR,1,4.1,7.1,4.1,7.1,3,41.0,0,18.0
2023,8,00-0034418,C.Wilson,MIA,WR,1,6.1,7.1,6.1,7.1,1,1.0,1,0.0
2023,8,00-0036554,N.Collins,HOU,WR,1,3.0,7.0,3.0,7.0,4,30.0,0,13.0
2023,8,00-0039064,Z.Flowers,BAL,WR,1,1.9,6.9,1.9,6.9,5,19.0,0,15.0
2023,8,00-0038124,C.Watson,GB,WR,1,3.3,6.3,3.3,6.3,3,33.0,0,9.0
2023,8,00-0034407,R.McCloud,SF,WR,1,4.3,6.3,4.3,6.3,2,43.0,0,48.0
2023,8,00-0034386,J.Watson,KC,WR,1,4.2,6.2,4.2,6.2,2,42.0,0,4.0
2023,8,00-0033282,C.Samuel,WAS,WR,1,2.2,6.2,2.2,6.2,4,22.0,0,18.0
2023,8,00-0038977,T.Dell,HOU,WR,1,3.1,6.1,3.1,6.1,3,16.0,0,11.0
2023,8,00-0033908,C.Kupp,LA,WR,1,2.1,6.1,2.1,6.1,4,21.0,0,6.0
2023,8,00-0036415,V.Jefferson,ATL,WR,1,2.4,5.4,2.4,5.4,3,24.0,0,4.0
2023,8,00-0036309,D.Mooney,CHI,WR,1,4.4,5.4,4.4,5.4,1,41.0,0,0.0
2023,8,00-0037273,K.Philips,TEN,WR,1,2.4,5.4,2.4,5.4,3,24.0,0,17.0
2023,8,00-0036988,J.Palmer,LAC,WR,1,2.4,5.4,2.4,5.4,3,24.0,0,5.0
2023,8,00-0039052,T.Palmer,TB,WR,1,2.2,5.2,2.2,5.2,3,22.0,0,3.0
2023,8,00-0036980,E.Moore,CLE,WR,1,3.0,5.0,3.0,5.0,2,30.0,0,11.0
2023,8,00-0037837,C.Austin,PIT,WR,1,2.9,4.9,2.9,4.9,2,19.0,0,10.0
2023,8,00-0036849,T.Atwell,LA,WR,1,2.9,4.9,2.9,4.9,2,21.0,0,2.0
2023,8,00-0038393,D.Wicks,GB,WR,1,2.8,4.8,2.8,4.8,2,28.0,0,5.0
2023,8,00-0033555,M.Hollins,ATL,WR,1,2.7,4.7,2.7,4.7,2,27.0,0,11.0
2023,8,00-0034272,M.Valdes-Scantling,KC,WR,1,2.7,4.7,2.7,4.7,2,27.0,0,10.0
2023,8,00-0035341,T.Irwin,CIN,WR,1,2.4,4.4,2.4,4.4,2,24.0,0,18.0
2023,8,00-0034777,D.Chark,CAR,WR,1,2.3,4.3,2.3,4.3,2,23.0,0,4.0
2023,8,00-0032464,K.Raymond,DET,WR,1,2.2,4.2,2.2,4.2,2,24.0,0,27.0
2023,8,00-0036936,R.Moore,ARI,WR,1,2.1,4.1,2.1,4.1,2,10.0,0,3.0
2023,8,00-0034764,M.Gallup,DAL,WR,1,2.0,4.0,2.0,4.0,2,20.0,0,2.0
2023,8,00-0034983,H.Renfrow,LV,WR,1,1.9,3.9,1.9,3.9,2,19.0,0,22.0
2023,8,00-0037240,J.Williams,DET,WR,1,1.6,3.6,1.6,3.6,2,16.0,0,2.0
2023,8,00-0035140,M.Hardman,KC,WR,1,1.6,3.6,1.6,3.6,2,13.0,0,23.0
2023,8,00-0034960,J.Meyers,LV,WR,1,1.9,2.9,1.9,2.9,1,19.0,0,1.0
2023,8,00-0034419,B.Berrios,MIA,WR,1,0.8,2.8,0.8,2.8,2,8.0,0,9.0
2023,8,00-0036326,C.Claypool,MIA,WR,1,1.5,2.5,1.5,2.5,1,15.0,0,6.0
2023,8,00-0031547,D.Parker,NE,WR,1,1.4,2.4,1.4,2.4,1,14.0,0,8.0
2023,8,00-0038573,D.Davis,LAC,WR,1,0.4,2.4,0.4,2.4,2,4.0,0,12.0
2023,8,00-0033943,J.Reynolds,DET,WR,1,1.3,2.3,1.3,2.3,1,13.0,0,0.0
2023,8,00-0037801,K.Turpin,DAL,WR,1,1.3,2.3,1.3,2.3,1,13.0,0,10.0
2023,8,00-0034646,B.Powell,MIN,WR,1,1.2,2.2,1.2,2.2,1,10.0,0,3.0
2023,8,00-0038941,T.Scott,CHI,WR,1,1.1,2.1,1.1,2.1,1,11.0,0,0.0
2023,8,00-0031381,D.Adams,LV,WR,1,1.1,2.1,1.1,2.1,1,11.0,0,2.0
2023,8,00-0038821,R.Jarrett,TB,WR,1,0.9,1.9,0.9,1.9,1,9.0,0,0.0
2023,8,00-0036955,T.Marshall,CAR,WR,1,0.9,1.9,0.9,1.9,1,9.0,0,-1.0
2023,8,00-0038090,S.Moore,KC,WR,1,0.8,1.8,0.8,1.8,1,8.0,0,5.0
2023,8,00-0038117,W.Robinson,NYG,WR,1,1.7,1.7,1.7,1.7,0,0.0,0,0.0
2023,8,00-0035208,O.Zaccheaus,PHI,WR,1,0.5,1.5,0.5,1.5,1,5.0,0,4.0
2023,8,00-0036913,K.Toney,KC,WR,1,0.1,1.1,0.1,1.1,1,4.0,0,0.0
2023,8,00-0038976,M.Mims,DEN,WR,1,0.0,1.0,0.0,1.0,1,0.0,0,3.0
2023,8,00-0035535,D.Slayton,NYG,WR,1,-0.1,0.9,-0.1,0.9,1,-1.0,0,0.0
2023,8,00-0038496,X.Gipson,NYJ,WR,1,0.3,0.3,0.3,0.3,0,0.0,0,0.0
2023,8,00-0036387,J.Reagor,NE,WR,1,0.0,0.0,0.0,0.0,0,0.0,0,0.0
2023,8,00-0035593,J.Winfree,IND,WR,1,0.0,0.0,0.0,0.0,0,0.0,0,0.0
2023,8,00-0031428,A.Robinson,PIT,WR,1,0.0,0.0,0.0,0.0,0,0.0,0,0.0
2023,8,00-0037742,T.Burks,TEN,WR,1,0.0,0.0,0.0,0.0,0,0.0,0,0.0
2023,8,00-0033251,Z.Pascal,ARI,WR,1,0.0,0.0,0.0,0.0,0,0.0,0,0.0
2023,8,00-0031549,N.Agholor,BAL,WR,1,0.0,0.0,0.0,0.0,0,0.0,0,0.0
2023,8,00-0031235,O.Beckham,BAL,WR,1,0.0,0.0,0.0,0.0,0,0.0,0,0.0
2023,8,00-0036626,D.Brown,WAS,WR,1,0.0,0.0,0.0,0.0,0,0.0,0,0.0
2023,8,00-0037666,J.Tolbert,DAL,WR,1,0.0,0.0,0.0,0.0,0,0.0,0,0.0
2023,8,00-0034297,B.Pringle,WAS,WR,1,0.0,0.0,0.0,0.0,0,0.0,0,0.0
2023,8,00-0033292,T.Taylor,CHI,WR,1,-0.2,-0.2,-0.2,-0.2,0,0.0,0,0.0
2023,8,00-0030068,M.Goodwin,CLE,WR,1,-0.5,-0.5,-0.5,-0.5,0,0.0,0,0.0
2023,8,00-0036620,D.Eskridge,SEA,WR,1,-0.5,-0.5,-0.5,-0.5,0,0.0,0,0.0
2023,7,00-0038994,J.Addison,MIN,WR,1,24.3,31.3,24.3,31.3,7,123.0,2,55.0
2023,7,00-0035676,A.Brown,PHI,WR,1,19.7,29.7,19.7,29.7,10,137.0,1,29.0
2023,7,00-0033040,T.Hill,MIA,WR,1,14.8,25.8,14.8,25.8,11,88.0,1,25.0
2023,7,00-0038997,J.Downs,IND,WR,1,18.5,23.5,18.5,23.5,5,125.0,1,65.0
2023,7,00-0039075,P.Nacua,LA,WR,1,15.4,23.4,15.4,23.4,8,154.0,0,92.0
2023,7,00-0036963,A.St. Brown,DET,WR,1,10.2,23.2,10.2,23.2,13,102.0,0,26.0
2023,7,00-0034775,C.Kirk,JAX,WR,1,15.0,21.0,15.0,21.0,6,90.0,1,45.0
2023,7,00-0031408,M.Evans,TB,WR,1,14.2,20.2,14.2,20.2,6,82.0,1,23.0
2023,7,00-0034348,C.Sutton,DEN,WR,1,13.6,19.6,13.6,19.6,6,76.0,1,10.0
2023,7,00-0036988,J.Palmer,LAC,WR,1,13.3,18.3,13.3,18.3,5,133.0,0,49.0
2023,7,00-0033307,K.Bourne,NE,WR,1,12.3,18.3,12.3,18.3,6,63.0,1,46.0
2023,7,00-0034960,J.Meyers,LV,WR,1,11.0,18.0,11.0,18.0,7,50.0,1,9.0
2023,7,00-0031588,S.Diggs,BUF,WR,1,11.8,17.8,11.8,17.8,6,58.0,1,24.0
2023,7,00-0034272,M.Valdes-Scantling,KC,WR,1,14.4,17.4,14.4,17.4,3,84.0,1,35.0
2023,7,00-0039067,R.Rice,KC,WR,1,12.0,17.0,12.0,17.0,5,60.0,1,47.0
2023,7,00-0036252,M.Pittman,IND,WR,1,14.3,16.3,14.3,16.3,2,83.0,1,61.0
2023,7,00-0038543,J.Smith-Njigba,SEA,WR,1,12.3,16.3,12.3,16.3,4,63.0,1,13.0
2023,7,00-0038752,J.Bobo,SEA,WR,1,12.1,16.1,12.1,16.1,4,61.0,1,9.0
2023,7,00-0037247,G.Pickens,PIT,WR,1,10.7,15.7,10.7,15.7,5,107.0,0,34.0
2023,7,00-0035659,T.McLaurin,WAS,WR,1,9.0,15.0,9.0,15.0,6,90.0,0,18.0
2023,7,00-0034827,D.Moore,CHI,WR,1,5.4,13.4,5.4,13.4,8,54.0,0,29.0
2023,7,00-0032765,M.Thomas,NO,WR,1,10.2,13.2,10.2,13.2,3,42.0,1,14.0
2023,7,00-0035216,D.Johnson,PIT,WR,1,7.9,12.9,7.9,12.9,5,79.0,0,37.0
2023,7,00-0037239,C.Olave,NO,WR,1,5.7,12.7,5.7,12.7,7,57.0,0,25.0
2023,7,00-0031381,D.Adams,LV,WR,1,5.7,12.7,5.7,12.7,7,57.0,0,26.0
2023,7,00-0033921,C.Godwin,TB,WR,1,6.6,12.6,6.6,12.6,6,66.0,0,38.0
2023,7,00-0036613,J.Waddle,MIA,WR,1,6.3,12.3,6.3,12.3,6,63.0,0,15.0
2023,7,00-0039064,Z.Flowers,BAL,WR,1,7.5,11.5,7.5,11.5,4,75.0,0,31.0
2023,7,00-0037238,D.London,ATL,WR,1,5.4,11.4,5.4,11.4,6,54.0,0,23.0
2023,7,00-0036407,J.Jeudy,DEN,WR,1,6.4,11.4,6.4,11.4,5,64.0,0,16.0
2023,7,00-0038621,D.Douglas,NE,WR,1,7.4,11.4,7.4,11.4,4,54.0,0,29.0
2023,7,00-0039146,J.Reed,GB,WR,1,8.1,11.1,8.1,11.1,3,21.0,1,9.0
2023,7,00-0037816,R.Doubs,GB,WR,1,9.0,11.0,9.0,11.0,2,30.0,1,16.0
2023,7,00-0034646,B.Powell,MIN,WR,1,6.9,10.9,6.9,10.9,4,64.0,0,23.0
2023,7,00-0036261,B.Aiyuk,SF,WR,1,5.7,10.7,5.7,10.7,5,57.0,0,15.0
2023,7,00-0036259,J.Jennings,SF,WR,1,5.4,10.4,5.4,10.4,5,54.0,0,21.0
2023,7,00-0036849,T.Atwell,LA,WR,1,9.1,10.1,9.1,10.1,1,31.0,1,1.0
2023,7,00-0031235,O.Beckham,BAL,WR,1,4.9,9.9,4.9,9.9,5,49.0,0,7.0
2023,7,00-0036980,E.Moore,CLE,WR,1,5.9,9.9,5.9,9.9,4,59.0,0,21.0
2023,7,00-0036345,K.Osborn,MIN,WR,1,4.7,9.7,4.7,9.7,5,47.0,0,-1.0
2023,7,00-0038938,J.Hyatt,NYG,WR,1,7.5,9.5,7.5,9.5,2,75.0,0,2.0
2023,7,00-0030279,K.Allen,LAC,WR,1,5.5,9.5,5.5,9.5,4,55.0,0,13.0
2023,7,00-0037741,J.Dotson,WAS,WR,1,4.3,9.3,4.3,9.3,5,43.0,0,11.0
2023,7,00-0036912,D.Smith,PHI,WR,1,4.9,8.9,4.9,8.9,4,49.0,0,12.0
2023,7,00-0037664,A.Pierce,IND,WR,1,5.3,8.3,5.3,8.3,3,53.0,0,5.0
2023,7,00-0031549,N.Agholor,BAL,WR,1,7.2,8.2,7.2,8.2,1,12.0,1,0.0
2023,7,00-0035662,M.Brown,ARI,WR,1,4.9,7.9,4.9,7.9,3,49.0,0,8.0
2023,7,00-0032211,T.Lockett,SEA,WR,1,3.8,7.8,3.8,7.8,4,38.0,0,2.0
2023,7,00-0033572,J.Agnew,JAX,WR,1,3.5,7.5,3.5,7.5,4,36.0,0,18.0
2023,7,00-0037261,K.Shakir,BUF,WR,1,3.5,7.5,3.5,7.5,4,35.0,0,7.0
2023,7,00-0036309,D.Mooney,CHI,WR,1,3.4,7.4,3.4,7.4,4,32.0,0,6.0
2023,7,00-0037545,R.Shaheed,NO,WR,1,3.2,7.2,3.2,7.2,4,28.0,0,16.0
2023,7,00-0034418,C.Wilson,MIA,WR,1,4.8,6.8,4.8,6.8,2,48.0,0,0.0
2023,7,00-0033282,C.Samuel,WAS,WR,1,2.5,6.5,2.5,6.5,4,25.0,0,14.0
2023,7,00-0033943,J.Reynolds,DET,WR,1,4.3,6.3,4.3,6.3,2,43.0,0,8.0
2023,7,00-0038124,C.Watson,GB,WR,1,2.7,5.7,2.7,5.7,3,27.0,0,10.0
2023,7,00-0038559,M.Wilson,ARI,WR,1,2.6,5.6,2.6,5.6,3,26.0,0,2.0
2023,7,00-0036550,R.Bateman,BAL,WR,1,3.6,5.6,3.6,5.6,2,36.0,0,10.0
2023,7,00-0035298,S.Miller,ATL,WR,1,4.6,5.6,4.6,5.6,1,46.0,0,1.0
2023,7,00-0038941,T.Scott,CHI,WR,1,3.3,5.3,3.3,5.3,2,19.0,0,1.0
2023,7,00-0033908,C.Kupp,LA,WR,1,2.9,4.9,2.9,4.9,2,29.0,0,0.0
2023,7,00-0036936,R.Moore,ARI,WR,1,2.6,4.6,2.6,4.6,2,2.0,0,4.0
2023,7,00-0037487,D.Thompkins,TB,WR,1,1.4,4.4,1.4,4.4,3,14.0,0,14.0
2023,7,00-0031544,A.Cooper,CLE,WR,1,2.2,4.2,2.2,4.2,2,22.0,0,1.0
2023,7,00-0036233,D.Peoples-Jones,CLE,WR,1,2.2,4.2,2.2,4.2,2,22.0,0,2.0
2023,7,00-0032464,K.Raymond,DET,WR,1,2.0,4.0,2.0,4.0,2,20.0,0,25.0
2023,7,00-0034407,R.McCloud,SF,WR,1,2.0,4.0,2.0,4.0,2,20.0,0,4.0
2023,7,00-0038563,T.Tucker,LV,WR,1,1.8,3.8,1.8,3.8,2,16.0,0,0.0
2023,7,00-0036497,T.Jones,JAX,WR,1,1.7,3.7,1.7,3.7,2,17.0,0,9.0
2023,7,00-0038393,D.Wicks,GB,WR,1,2.5,3.5,2.5,3.5,1,17.0,0,8.0
2023,7,00-0038090,S.Moore,KC,WR,1,1.5,3.5,1.5,3.5,2,15.0,0,0.0
2023,7,00-0038573,D.Davis,LAC,WR,1,2.4,3.4,2.4,3.4,1,10.0,0,15.0
2023,7,00-0034983,H.Renfrow,LV,WR,1,1.4,3.4,1.4,3.4,2,14.0,0,2.0
2023,7,00-0036165,I.Hodgins,NYG,WR,1,1.3,3.3,1.3,3.3,2,13.0,0,4.0
2023,7,00-0030068,M.Goodwin,CLE,WR,1,2.3,3.3,2.3,3.3,1,6.0,0,7.0
2023,7,00-0038117,W.Robinson,NYG,WR,1,2.2,3.2,2.2,3.2,1,22.0,0,18.0
2023,7,00-0035535,D.Slayton,NYG,WR,1,2.2,3.2,2.2,3.2,1,22.0,0,11.0
2023,7,00-0038544,Q.Johnston,LAC,WR,1,2.0,3.0,2.0,3.0,1,20.0,0,4.0
2023,7,00-0034854,K.Hodge,ATL,WR,1,1.9,2.9,1.9,2.9,1,19.0,0,7.0
2023,7,00-0034297,B.Pringle,WAS,WR,1,1.6,2.6,1.6,2.6,1,16.0,0,0.0
2023,7,00-0036913,K.Toney,KC,WR,1,1.3,2.3,1.3,2.3,1,13.0,0,2.0
2023,7,00-0036387,J.Reagor,NE,WR,1,1.1,2.1,1.1,2.1,1,11.0,0,2.0
2023,7,00-0035215,D.Harty,BUF,WR,1,1.0,2.0,1.0,2.0,1,10.0,0,6.0
2023,7,00-0031547,D.Parker,NE,WR,1,0.8,1.8,0.8,1.8,1,8.0,0,1.0
2023,7,00-0035934,T.Jackson,MIN,WR,1,0.7,1.7,0.7,1.7,1,7.0,0,3.0
2023,7,00-0031428,A.Robinson,PIT,WR,1,0.7,1.7,0.7,1.7,1,7.0,0,0.0
2023,7,00-0034419,B.Berrios,MIA,WR,1,0.7,1.7,0.7,1.7,1,7.0,0,4.0
2023,7,00-0036196,G.Davis,BUF,WR,1,0.6,1.6,0.6,1.6,1,6.0,0,2.0
2023,7,00-0035140,M.Hardman,KC,WR,1,0.6,1.6,0.6,1.6,1,6.0,0,2.0
2023,7,00-0034837,C.Ridley,JAX,WR,1,0.5,1.5,0.5,1.5,1,5.0,0,7.0
2023,7,00-0034487,T.Sherfield,BUF,WR,1,0.5,1.5,0.5,1.5,1,5.0,0,0.0
2023,7,00-0036415,V.Jefferson,ATL,WR,1,0.5,1.5,0.5,1.5,1,5.0,0,0.0
2023,7,00-0039052,T.Palmer,TB,WR,1,0.5,1.5,0.5,1.5,1,5.0,0,0.0
2023,7,00-0027944,J.Jones,PHI,WR,1,0.3,1.3,0.3,1.3,1,3.0,0,1.0
2023,7,00-0032385,S.Shepard,NYG,WR,1,0.3,1.3,0.3,1.3,1,3.0,0,0.0
2023,7,00-0037098,S.Toure,GB,WR,1,0.3,1.3,0.3,1.3,1,3.0,0,0.0
2023,7,00-0038104,T.Thornton,NE,WR,1,0.2,1.2,0.2,1.2,1,2.0,0,6.0
2023,7,00-0033466,I.McKenzie,IND,WR,1,0.7,0.7,0.7,0.7,0,0.0,0,0.0
2023,7,00-0037837,C.Austin,PIT,WR,1,0.1,0.1,0.1,0.1,0,0.0,0,0.0
2023,7,00-0037240,J.Williams,DET,WR,1,0.0,0.0,0.0,0.0,0,0.0,0,0.0
2023,7,00-0038821,R.Jarrett,TB,WR,1,0.0,0.0,0.0,0.0,0,0.0,0,0.0
2023,7,00-0038627,A.Green,DET,WR,1,0.0,0.0,0.0,0.0,0,0.0,0,0.0
2023,7,00-0035208,O.Zaccheaus,PHI,WR,1,0.0,0.0,0.0,0.0,0,0.0,0,0.0
2023,7,00-0038976,M.Mims,DEN,WR,1,-1.1,-1.1,-1.1,-1.1,0,0.0,0,0.0
2023,6,00-0036963,A.St. Brown,DET,WR,1,18.4,30.4,18.4,30.4,12,124.0,1,67.0
2023,6,00-0030035,A.Thielen,CAR,WR,1,17.5,28.5,17.5,28.5,11,115.0,1,24.0
2023,6,00-0033040,T.Hill,MIA,WR,1,22.3,28.3,22.3,28.3,6,163.0,1,53.0
2023,6,00-0033908,C.Kupp,LA,WR,1,20.8,27.8,20.8,27.8,7,148.0,1,51.0
2023,6,00-0030279,K.Allen,LAC,WR,1,14.5,21.5,14.5,21.5,7,85.0,1,38.0
2023,6,00-0037238,D.London,ATL,WR,1,12.5,21.5,12.5,21.5,9,125.0,0,23.0
2023,6,00-0035676,A.Brown,PHI,WR,1,13.1,20.1,13.1,20.1,7,131.0,0,39.0
2023,6,00-0031588,S.Diggs,BUF,WR,1,10.0,20.0,10.0,20.0,10,100.0,0,23.0
2023,6,00-0036252,M.Pittman,IND,WR,1,10.9,19.9,10.9,19.9,9,109.0,0,42.0
2023,6,00-0033307,K.Bourne,NE,WR,1,9.3,19.3,9.3,19.3,10,89.0,0,64.0
2023,6,00-0036358,C.Lamb,DAL,WR,1,11.7,18.7,11.7,18.7,7,117.0,0,31.0
2023,6,00-0037545,R.Shaheed,NO,WR,1,16.3,18.3,16.3,18.3,2,85.0,1,4.0
2023,6,00-0036613,J.Waddle,MIA,WR,1,11.1,18.1,11.1,18.1,7,51.0,1,16.0
2023,6,00-0039064,Z.Flowers,BAL,WR,1,11.1,17.1,11.1,17.1,6,50.0,1,26.0
2023,6,00-0034960,J.Meyers,LV,WR,1,12.1,17.1,12.1,17.1,5,61.0,1,10.0
2023,6,00-0037740,G.Wilson,NYJ,WR,1,9.0,17.0,9.0,17.0,8,90.0,0,19.0
2023,6,00-0033009,T.Boyd,CIN,WR,1,9.8,16.8,9.8,16.8,7,38.0,1,17.0
2023,6,00-0037239,C.Olave,NO,WR,1,9.6,16.6,9.6,16.6,7,96.0,0,27.0
2023,6,00-0032211,T.Lockett,SEA,WR,1,9.4,15.4,9.4,15.4,6,94.0,0,17.0
2023,6,00-0031236,B.Cooks,DAL,WR,1,11.0,15.0,11.0,15.0,4,36.0,1,6.0
2023,6,00-0031544,A.Cooper,CLE,WR,1,10.8,14.8,10.8,14.8,4,108.0,0,44.0
2023,6,00-0034348,C.Sutton,DEN,WR,1,10.6,14.6,10.6,14.6,4,46.0,1,3.0
2023,6,00-0038117,W.Robinson,NYG,WR,1,6.2,14.2,6.2,14.2,8,62.0,0,24.0
2023,6,00-0033282,C.Samuel,WAS,WR,1,10.2,14.2,10.2,14.2,4,42.0,1,14.0
2023,6,00-0035659,T.McLaurin,WAS,WR,1,8.1,14.1,8.1,14.1,6,81.0,0,32.0
2023,6,00-0036900,J.Chase,CIN,WR,1,8.0,14.0,8.0,14.0,6,80.0,0,47.0
2023,6,00-0034775,C.Kirk,JAX,WR,1,10.9,13.9,10.9,13.9,3,49.0,1,13.0
2023,6,00-0033921,C.Godwin,TB,WR,1,7.7,13.7,7.7,13.7,6,77.0,0,15.0
2023,6,00-0037240,J.Williams,DET,WR,1,11.3,13.3,11.3,13.3,2,53.0,1,1.0
2023,6,00-0038997,J.Downs,IND,WR,1,8.1,13.1,8.1,13.1,5,21.0,1,1.0
2023,6,00-0036554,N.Collins,HOU,WR,1,8.0,12.0,8.0,12.0,4,80.0,0,30.0
2023,6,00-0038994,J.Addison,MIN,WR,1,8.8,11.8,8.8,11.8,3,28.0,1,6.0
2023,6,00-0036261,B.Aiyuk,SF,WR,1,7.6,11.6,7.6,11.6,4,76.0,0,47.0
2023,6,00-0039067,R.Rice,KC,WR,1,7.2,11.2,7.2,11.2,4,72.0,0,55.0
2023,6,00-0035535,D.Slayton,NYG,WR,1,6.9,10.9,6.9,10.9,4,69.0,0,9.0
2023,6,00-0035640,D.Metcalf,SEA,WR,1,6.9,10.9,6.9,10.9,4,69.0,0,25.0
2023,6,00-0034827,D.Moore,CHI,WR,1,5.1,10.1,5.1,10.1,5,51.0,0,13.0
2023,6,00-0036988,J.Palmer,LAC,WR,1,6.0,10.0,6.0,10.0,4,60.0,0,14.0
2023,6,00-0032765,M.Thomas,NO,WR,1,4.5,9.5,4.5,9.5,5,45.0,0,9.0
2023,6,00-0036913,K.Toney,KC,WR,1,6.4,9.4,6.4,9.4,3,9.0,1,5.0
2023,6,00-0036912,D.Smith,PHI,WR,1,4.4,9.4,4.4,9.4,5,44.0,0,3.0
2023,6,00-0038559,M.Wilson,ARI,WR,1,6.2,9.2,6.2,9.2,3,62.0,0,7.0
2023,6,00-0031408,M.Evans,TB,WR,1,4.9,8.9,4.9,8.9,4,49.0,0,8.0
2023,6,00-0038543,J.Smith-Njigba,SEA,WR,1,4.8,8.8,4.8,8.8,4,48.0,0,25.0
2023,6,00-0036345,K.Osborn,MIN,WR,1,4.8,8.8,4.8,8.8,4,48.0,0,25.0
2023,6,00-0038563,T.Tucker,LV,WR,1,6.1,8.1,6.1,8.1,2,57.0,0,11.0
2023,6,00-0033943,J.Reynolds,DET,WR,1,5.0,8.0,5.0,8.0,3,50.0,0,18.0
2023,6,00-0030431,R.Woods,HOU,WR,1,6.6,7.6,6.6,7.6,1,6.0,1,0.0
2023,6,00-0035662,M.Brown,ARI,WR,1,3.4,7.4,3.4,7.4,4,34.0,0,0.0
2023,6,00-0038619,A.Iosivas,CIN,WR,1,6.3,7.3,6.3,7.3,1,3.0,1,0.0
2023,6,00-0035215,D.Harty,BUF,WR,1,6.3,7.3,6.3,7.3,1,3.0,1,10.0
2023,6,00-0033555,M.Hollins,ATL,WR,1,4.1,7.1,4.1,7.1,3,41.0,0,13.0
2023,6,00-0036309,D.Mooney,CHI,WR,1,4.8,6.8,4.8,6.8,2,48.0,0,32.0
2023,6,00-0039052,T.Palmer,TB,WR,1,4.7,6.7,4.7,6.7,2,47.0,0,6.0
2023,6,00-0036980,E.Moore,CLE,WR,1,2.7,6.7,2.7,6.7,4,19.0,0,16.0
2023,6,00-0036936,R.Moore,ARI,WR,1,2.6,6.6,2.6,6.6,4,30.0,0,32.0
2023,6,00-0034837,C.Ridley,JAX,WR,1,2.6,6.6,2.6,6.6,4,30.0,0,2.0
2023,6,00-0039075,P.Nacua,LA,WR,1,2.6,6.6,2.6,6.6,4,26.0,0,9.0
2023,6,00-0038752,J.Bobo,SEA,WR,1,4.3,6.3,4.3,6.3,2,43.0,0,16.0
2023,6,00-0031549,N.Agholor,BAL,WR,1,4.0,6.0,4.0,6.0,2,40.0,0,29.0
2023,6,00-0033591,N.Brown,HOU,WR,1,3.7,5.7,3.7,5.7,2,37.0,0,22.0
2023,6,00-0032464,K.Raymond,DET,WR,1,2.6,5.6,2.6,5.6,3,23.0,0,4.0
2023,6,00-0034777,D.Chark,CAR,WR,1,2.6,5.6,2.6,5.6,3,26.0,0,10.0
2023,6,00-0036182,N.Westbrook-Ikhine,TEN,WR,1,2.5,5.5,2.5,5.5,3,25.0,0,4.0
2023,6,00-0037664,A.Pierce,IND,WR,1,2.5,5.5,2.5,5.5,3,25.0,0,8.0
2023,6,00-0034764,M.Gallup,DAL,WR,1,2.4,5.4,2.4,5.4,3,24.0,0,2.0
2023,6,00-0031235,O.Beckham,BAL,WR,1,3.4,5.4,3.4,5.4,2,34.0,0,25.0
2023,6,00-0036196,G.Davis,BUF,WR,1,2.1,5.1,2.1,5.1,3,21.0,0,11.0
2023,6,00-0038938,J.Hyatt,NYG,WR,1,2.1,5.1,2.1,5.1,3,21.0,0,2.0
2023,6,00-0031381,D.Adams,LV,WR,1,2.9,4.9,2.9,4.9,2,29.0,0,6.0
2023,6,00-0034646,B.Powell,MIN,WR,1,1.9,4.9,1.9,4.9,3,20.0,0,3.0
2023,6,00-0036268,L.Shenault,CAR,WR,1,1.7,4.7,1.7,4.7,3,15.0,0,23.0
2023,6,00-0036259,J.Jennings,SF,WR,1,2.6,4.6,2.6,4.6,2,26.0,0,7.0
2023,6,00-0036407,J.Jeudy,DEN,WR,1,1.4,4.4,1.4,4.4,3,14.0,0,9.0
2023,6,00-0033466,I.McKenzie,IND,WR,1,2.3,4.3,2.3,4.3,2,23.0,0,29.0
2023,6,00-0038090,S.Moore,KC,WR,1,2.2,4.2,2.2,4.2,2,22.0,0,4.0
2023,6,00-0039062,J.Mingo,CAR,WR,1,2.1,4.1,2.1,4.1,2,21.0,0,4.0
2023,6,00-0036410,T.Higgins,CIN,WR,1,2.0,4.0,2.0,4.0,2,20.0,0,7.0
2023,6,00-0034419,B.Berrios,MIA,WR,1,2.0,4.0,2.0,4.0,2,20.0,0,8.0
2023,6,00-0036849,T.Atwell,LA,WR,1,3.0,4.0,3.0,4.0,1,30.0,0,11.0
2023,6,00-0034407,R.McCloud,SF,WR,1,2.7,3.7,2.7,3.7,1,4.0,0,0.0
2023,6,00-0036550,R.Bateman,BAL,WR,1,1.5,3.5,1.5,3.5,2,15.0,0,2.0
2023,6,00-0030068,M.Goodwin,CLE,WR,1,2.4,3.4,2.4,3.4,1,4.0,0,0.0
2023,6,00-0038941,T.Scott,CHI,WR,1,1.2,3.2,1.2,3.2,2,12.0,0,0.0
2023,6,00-0030564,D.Hopkins,TEN,WR,1,2.0,3.0,2.0,3.0,1,20.0,0,5.0
2023,6,00-0037261,K.Shakir,BUF,WR,1,1.3,2.3,1.3,2.3,1,13.0,0,12.0
2023,6,00-0037487,D.Thompkins,TB,WR,1,0.3,2.3,0.3,2.3,2,-2.0,0,3.0
2023,6,00-0032200,T.Montgomery,NE,WR,1,0.9,1.9,0.9,1.9,1,9.0,0,5.0
2023,6,00-0038496,X.Gipson,NYJ,WR,1,1.8,1.8,1.8,1.8,0,0.0,0,0.0
2023,6,00-0034521,A.Lazard,NYJ,WR,1,0.8,1.8,0.8,1.8,1,8.0,0,1.0
2023,6,00-0031547,D.Parker,NE,WR,1,0.7,1.7,0.7,1.7,1,7.0,0,0.0
2023,6,00-0038104,T.Thornton,NE,WR,1,0.6,1.6,0.6,1.6,1,6.0,0,0.0
2023,6,00-0037257,D.Bell,CLE,WR,1,0.6,1.6,0.6,1.6,1,6.0,0,2.0
2023,6,00-0032398,C.Moore,TEN,WR,1,0.6,1.6,0.6,1.6,1,6.0,0,8.0
2023,6,00-0037273,K.Philips,TEN,WR,1,0.6,1.6,0.6,1.6,1,6.0,0,0.0
2023,6,00-0038618,X.Hutchinson,HOU,WR,1,1.5,1.5,1.5,1.5,0,0.0,0,0.0
2023,6,00-0035208,O.Zaccheaus,PHI,WR,1,0.5,1.5,0.5,1.5,1,5.0,0,0.0
2023,6,00-0029293,M.Jones,DET,WR,1,0.5,1.5,0.5,1.5,1,5.0,0,0.0
2023,6,00-0035298,S.Miller,ATL,WR,1,0.4,1.4,0.4,1.4,1,4.0,0,0.0
2023,6,00-0035719,D.Samuel,SF,WR,1,1.1,1.1,1.1,1.1,0,0.0,0,0.0
2023,6,00-0036955,T.Marshall,CAR,WR,1,0.0,0.0,0.0,0.0,0,0.0,0,0.0
2023,6,00-0031763,D.Carter,LV,WR,1,0.0,0.0,0.0,0.0,0,0.0,0,0.0
2023,6,00-0038911,M.Cunningham,NE,WR,1,0.0,0.0,0.0,0.0,0,0.0,0,0.0
2023,6,00-0037382,B.Johnson,DEN,WR,1,0.0,0.0,0.0,0.0,0,0.0,0,0.0
2023,6,00-0033292,T.Taylor,CHI,WR,1,0.0,0.0,0.0,0.0,0,0.0,0,0.0
2023,6,00-0036991,A.Rodgers,IND,WR,1,0.0,0.0,0.0,0.0,0,0.0,0,0.0
2023,6,00-0034854,K.Hodge,ATL,WR,1,0.0,0.0,0.0,0.0,0,0.0,0,0.0
2023,6,00-0036415,V.Jefferson,ATL,WR,1,0.0,0.0,0.0,0.0,0,0.0,0,0.0
2023,6,00-0035140,M.Hardman,NYJ,WR,1,0.0,0.0,0.0,0.0,0,0.0,0,0.0
2023,6,00-0028002,R.Cobb,NYJ,WR,1,0.0,0.0,0.0,0.0,0,0.0,0,0.0
2023,6,00-0035500,G.Dortch,ARI,WR,1,0.0,0.0,0.0,0.0,0,0.0,0,0.0
2023,6,00-0036233,D.Peoples-Jones,CLE,WR,1,0.0,0.0,0.0,0.0,0,0.0,0,0.0
2023,6,00-0038544,Q.Johnston,LAC,WR,1,0.0,0.0,0.0,0.0,0,0.0,0,0.0
2023,6,00-0037741,J.Dotson,WAS,WR,1,0.0,0.0,0.0,0.0,0,0.0,0,0.0
2023,6,00-0034386,J.Watson,KC,WR,1,0.0,0.0,0.0,0.0,0,0.0,0,0.0
2023,6,00-0036626,D.Brown,WAS,WR,1,0.0,0.0,0.0,0.0,0,0.0,0,0.0
2023,6,00-0034272,M.Valdes-Scantling,KC,WR,1,0.0,0.0,0.0,0.0,0,0.0,0,0.0
2023,6,00-0033251,Z.Pascal,ARI,WR,1,0.0,0.0,0.0,0.0,0,0.0,0,0.0
2023,5,00-0036900,J.Chase,CIN,WR,1,37.2,52.2,37.2,52.2,15,192.0,3,86.0
2023,5,00-0034827,D.Moore,CHI,WR,1,41.0,49.0,41.0,49.0,8,230.0,3,142.0
2023,5,00-0033040,T.Hill,MIA,WR,1,24.1,32.1,24.1,32.1,8,181.0,1,145.0
2023,5,00-0030035,A.Thielen,CAR,WR,1,16.7,27.7,16.7,27.7,11,107.0,1,48.0
2023,5,00-0037247,G.Pickens,PIT,WR,1,20.6,26.6,20.6,26.6,6,130.0,1,16.0
2023,5,00-0031588,S.Diggs,BUF,WR,1,18.1,26.1,18.1,26.1,8,121.0,1,9.0
2023,5,00-0036196,G.Davis,BUF,WR,1,16.0,22.0,16.0,22.0,6,100.0,1,5.0
2023,5,00-0030564,D.Hopkins,TEN,WR,1,14.0,22.0,14.0,22.0,8,140.0,0,27.0
2023,5,00-0034837,C.Ridley,JAX,WR,1,13.6,20.6,13.6,20.6,7,122.0,0,10.0
2023,5,00-0034960,J.Meyers,LV,WR,1,13.5,20.5,13.5,20.5,7,75.0,1,19.0
2023,5,00-0039075,P.Nacua,LA,WR,1,13.1,20.1,13.1,20.1,7,71.0,1,14.0
2023,5,00-0033908,C.Kupp,LA,WR,1,11.8,19.8,11.8,19.8,8,118.0,0,52.0
2023,5,00-0035676,A.Brown,PHI,WR,1,12.7,18.7,12.7,18.7,6,127.0,0,41.0
2023,5,00-0033282,C.Samuel,WAS,WR,1,12.5,18.5,12.5,18.5,6,65.0,1,9.0
2023,5,00-0038994,J.Addison,MIN,WR,1,12.4,18.4,12.4,18.4,6,64.0,1,27.0
2023,5,00-0033943,J.Reynolds,DET,WR,1,13.6,17.6,13.6,17.6,4,76.0,1,26.0
2023,5,00-0035662,M.Brown,ARI,WR,1,12.1,16.1,12.1,16.1,4,61.0,1,40.0
2023,5,00-0038997,J.Downs,IND,WR,1,9.7,15.7,9.7,15.7,6,97.0,0,43.0
2023,5,00-0037238,D.London,ATL,WR,1,8.9,14.9,8.9,14.9,6,78.0,0,16.0
2023,5,00-0036613,J.Waddle,MIA,WR,1,9.5,14.5,9.5,14.5,5,35.0,1,26.0
2023,5,00-0034775,C.Kirk,JAX,WR,1,8.4,14.4,8.4,14.4,6,78.0,0,25.0
2023,5,00-0035341,T.Irwin,CIN,WR,1,6.0,14.0,6.0,14.0,8,60.0,0,19.0
2023,5,00-0039067,R.Rice,KC,WR,1,9.3,13.3,9.3,13.3,4,33.0,1,18.0
2023,5,00-0034777,D.Chark,CAR,WR,1,10.2,13.2,10.2,13.2,3,42.0,1,0.0
2023,5,00-0039064,Z.Flowers,BAL,WR,1,7.3,12.3,7.3,12.3,5,73.0,0,10.0
2023,5,00-0038124,C.Watson,GB,WR,1,8.6,11.6,8.6,11.6,3,91.0,0,53.0
2023,5,00-0035719,D.Samuel,SF,WR,1,8.5,11.5,8.5,11.5,3,55.0,0,23.0
2023,5,00-0033891,Z.Jones,JAX,WR,1,8.3,11.3,8.3,11.3,3,23.0,1,6.0
2023,5,00-0036407,J.Jeudy,DEN,WR,1,5.0,11.0,5.0,11.0,6,50.0,0,17.0
2023,5,00-0036936,R.Moore,ARI,WR,1,7.6,10.6,7.6,10.6,3,26.0,0,15.0
2023,5,00-0032765,M.Thomas,NO,WR,1,6.5,10.5,6.5,10.5,4,65.0,0,13.0
2023,5,00-0031549,N.Agholor,BAL,WR,1,6.4,10.4,6.4,10.4,4,64.0,0,8.0
2023,5,00-0036252,M.Pittman,IND,WR,1,5.2,10.2,5.2,10.2,5,52.0,0,22.0
2023,5,00-0033009,T.Boyd,CIN,WR,1,3.9,9.9,3.9,9.9,6,39.0,0,20.0
2023,5,00-0036345,K.Osborn,MIN,WR,1,4.9,9.9,4.9,9.9,5,49.0,0,23.0
2023,5,00-0039062,J.Mingo,CAR,WR,1,4.8,9.8,4.8,9.8,5,48.0,0,20.0
2023,5,00-0036261,B.Aiyuk,SF,WR,1,5.8,9.8,5.8,9.8,4,58.0,0,11.0
2023,5,00-0037801,K.Turpin,DAL,WR,1,8.6,9.6,8.6,9.6,1,26.0,1,0.0
2023,5,00-0034646,B.Powell,MIN,WR,1,5.2,9.2,5.2,9.2,4,43.0,0,12.0
2023,5,00-0034418,C.Wilson,MIA,WR,1,5.2,9.2,5.2,9.2,4,52.0,0,19.0
2023,5,00-0037239,C.Olave,NO,WR,1,7.2,9.2,7.2,9.2,2,12.0,1,1.0
2023,5,00-0036358,C.Lamb,DAL,WR,1,4.9,8.9,4.9,8.9,4,49.0,0,19.0
2023,5,00-0035659,T.McLaurin,WAS,WR,1,4.9,8.9,4.9,8.9,4,49.0,0,13.0
2023,5,00-0036849,T.Atwell,LA,WR,1,6.9,8.9,6.9,8.9,2,9.0,1,0.0
2023,5,00-0031381,D.Adams,LV,WR,1,4.5,8.5,4.5,8.5,4,45.0,0,34.0
2023,5,00-0037740,G.Wilson,NYJ,WR,1,5.4,8.4,5.4,8.4,3,54.0,0,11.0
2023,5,00-0038977,T.Dell,HOU,WR,1,5.3,8.3,5.3,8.3,3,57.0,0,9.0
2023,5,00-0035215,D.Harty,BUF,WR,1,6.2,8.2,6.2,8.2,2,62.0,0,3.0
2023,5,00-0031428,A.Robinson,PIT,WR,1,2.9,7.9,2.9,7.9,5,29.0,0,0.0
2023,5,00-0036913,K.Toney,KC,WR,1,2.7,7.7,2.7,7.7,5,26.0,0,22.0
2023,5,00-0034386,J.Watson,KC,WR,1,5.6,7.6,5.6,7.6,2,56.0,0,2.0
2023,5,00-0032464,K.Raymond,DET,WR,1,4.5,7.5,4.5,7.5,3,45.0,0,16.0
2023,5,00-0036554,N.Collins,HOU,WR,1,3.9,6.9,3.9,6.9,3,39.0,0,18.0
2023,5,00-0038117,W.Robinson,NYG,WR,1,1.9,6.9,1.9,6.9,5,18.0,0,7.0
2023,5,00-0033307,K.Bourne,NE,WR,1,4.3,6.3,4.3,6.3,2,43.0,0,16.0
2023,5,00-0034521,A.Lazard,NYJ,WR,1,3.3,6.3,3.3,6.3,3,33.0,0,7.0
2023,5,00-0030431,R.Woods,HOU,WR,1,3.0,6.0,3.0,6.0,3,30.0,0,18.0
2023,5,00-0037741,J.Dotson,WAS,WR,1,3.0,6.0,3.0,6.0,3,30.0,0,12.0
2023,5,00-0036322,J.Jefferson,MIN,WR,1,2.8,5.8,2.8,5.8,3,28.0,0,10.0
2023,5,00-0035535,D.Slayton,NYG,WR,1,3.5,5.5,3.5,5.5,2,35.0,0,21.0
2023,5,00-0033555,M.Hollins,ATL,WR,1,2.9,4.9,2.9,4.9,2,29.0,0,3.0
2023,5,00-0037216,J.Ross,KC,WR,1,2.8,4.8,2.8,4.8,2,28.0,0,7.0
2023,5,00-0037545,R.Shaheed,NO,WR,1,2.8,4.8,2.8,4.8,2,28.0,0,0.0
2023,5,00-0035639,P.Campbell,NYG,WR,1,2.3,4.3,2.3,4.3,2,23.0,0,12.0
2023,5,00-0029293,M.Jones,DET,WR,1,2.2,4.2,2.2,4.2,2,22.0,0,5.0
2023,5,00-0031941,J.Crowder,WAS,WR,1,2.1,4.1,2.1,4.1,2,21.0,0,4.0
2023,5,00-0037614,J.Metchie,HOU,WR,1,2.0,4.0,2.0,4.0,2,20.0,0,6.0
2023,5,00-0031547,D.Parker,NE,WR,1,2.0,4.0,2.0,4.0,2,20.0,0,0.0
2023,5,00-0036165,I.Hodgins,NYG,WR,1,1.9,3.9,1.9,3.9,2,19.0,0,10.0
2023,5,00-0033857,J.Smith-Schuster,NE,WR,1,0.6,3.6,0.6,3.6,3,6.0,0,8.0
2023,5,00-0034764,M.Gallup,DAL,WR,1,1.5,3.5,1.5,3.5,2,15.0,0,2.0
2023,5,00-0038621,D.Douglas,NE,WR,1,2.4,3.4,2.4,3.4,1,24.0,0,1.0
2023,5,00-0031235,O.Beckham,BAL,WR,1,1.3,3.3,1.3,3.3,2,13.0,0,2.0
2023,5,00-0034419,B.Berrios,MIA,WR,1,1.3,3.3,1.3,3.3,2,13.0,0,8.0
2023,5,00-0038090,S.Moore,KC,WR,1,1.1,3.1,1.1,3.1,2,11.0,0,9.0
2023,5,00-0035298,S.Miller,ATL,WR,1,1.0,3.0,1.0,3.0,2,10.0,0,17.0
2023,5,00-0036259,J.Jennings,SF,WR,1,1.9,2.9,1.9,2.9,1,19.0,0,1.0
2023,5,00-0038559,M.Wilson,ARI,WR,1,1.8,2.8,1.8,2.8,1,18.0,0,0.0
2023,5,00-0036268,L.Shenault,CAR,WR,1,2.7,2.7,2.7,2.7,0,0.0,0,0.0
2023,5,00-0036271,Q.Watkins,PHI,WR,1,0.4,2.4,0.4,2.4,2,4.0,0,11.0
2023,5,00-0034348,C.Sutton,DEN,WR,1,1.3,2.3,1.3,2.3,1,13.0,0,0.0
2023,5,00-0031236,B.Cooks,DAL,WR,1,1.3,2.3,1.3,2.3,1,7.0,0,0.0
2023,5,00-0032385,S.Shepard,NYG,WR,1,1.3,2.3,1.3,2.3,1,13.0,0,6.0
2023,5,00-0034272,M.Valdes-Scantling,KC,WR,1,1.2,2.2,1.2,2.2,1,12.0,0,5.0
2023,5,00-0037240,J.Williams,DET,WR,1,0.2,2.2,0.2,2.2,2,2.0,0,6.0
2023,5,00-0036626,D.Brown,WAS,WR,1,1.1,2.1,1.1,2.1,1,11.0,0,7.0
2023,5,00-0034854,K.Hodge,ATL,WR,1,1.1,2.1,1.1,2.1,1,11.0,0,5.0
2023,5,00-0037261,K.Shakir,BUF,WR,1,1.1,2.1,1.1,2.1,1,11.0,0,7.0
2023,5,00-0037664,A.Pierce,IND,WR,1,1.0,2.0,1.0,2.0,1,10.0,0,0.0
2023,5,00-0038393,D.Wicks,GB,WR,1,1.0,2.0,1.0,2.0,1,10.0,0,0.0
2023,5,00-0034297,B.Pringle,WAS,WR,1,1.0,2.0,1.0,2.0,1,10.0,0,-3.0
2023,5,00-0036182,N.Westbrook-Ikhine,TEN,WR,1,0.9,1.9,0.9,1.9,1,9.0,0,2.0
2023,5,00-0038619,A.Iosivas,CIN,WR,1,0.9,1.9,0.9,1.9,1,9.0,0,0.0
2023,5,00-0037382,B.Johnson,DEN,WR,1,0.9,1.9,0.9,1.9,1,9.0,0,10.0
2023,5,00-0036550,R.Bateman,BAL,WR,1,0.8,1.8,0.8,1.8,1,8.0,0,1.0
2023,5,00-0034983,H.Renfrow,LV,WR,1,0.7,1.7,0.7,1.7,1,7.0,0,2.0
2023,5,00-0039146,J.Reed,GB,WR,1,0.7,1.7,0.7,1.7,1,7.0,0,9.0
2023,5,00-0036912,D.Smith,PHI,WR,1,0.6,1.6,0.6,1.6,1,6.0,0,0.0
2023,5,00-0038563,T.Tucker,LV,WR,1,1.6,1.6,1.6,1.6,0,0.0,0,0.0
2023,5,00-0032200,T.Montgomery,NE,WR,1,0.5,1.5,0.5,1.5,1,5.0,0,0.0
2023,5,00-0038976,M.Mims,DEN,WR,1,0.4,1.4,0.4,1.4,1,4.0,0,8.0
2023,5,00-0037816,R.Doubs,GB,WR,1,0.4,1.4,0.4,1.4,1,4.0,0,4.0
2023,5,00-0034487,T.Sherfield,BUF,WR,1,0.3,1.3,0.3,1.3,1,3.0,0,1.0
2023,5,00-0037420,K.Lassiter,CIN,WR,1,0.2,1.2,0.2,1.2,1,2.0,0,3.0
2023,5,00-0034317,K.Kirkwood,NO,WR,1,0.1,1.1,0.1,1.1,1,1.0,0,0.0
2023,5,00-0034407,R.McCloud,SF,WR,1,0.1,1.1,0.1,1.1,1,1.0,0,2.0
2023,5,00-0033466,I.McKenzie,IND,WR,1,0.4,0.4,0.4,0.4,0,0.0,0,0.0
2023,5,00-0031763,D.Carter,LV,WR,1,0.3,0.3,0.3,0.3,0,0.0,0,0.0
2023,5,00-0033572,J.Agnew,JAX,WR,1,0.1,0.1,0.1,0.1,0,0.0,0,0.0
2023,5,00-0038647,R.Bell,SF,WR,1,0.0,0.0,0.0,0.0,0,0.0,0,0.0
2023,5,00-0036309,D.Mooney,CHI,WR,1,0.0,0.0,0.0,0.0,0,0.0,0,0.0
2023,5,00-0035703,M.Boykin,PIT,WR,1,0.0,0.0,0.0,0.0,0,0.0,0,0.0
2023,5,00-0037273,K.Philips,TEN,WR,1,0.0,0.0,0.0,0.0,0,0.0,0,0.0
2023,5,00-0036497,T.Jones,JAX,WR,1,0.0,0.0,0.0,0.0,0,0.0,0,0.0
2023,5,00-0034279,E.St. Brown,CHI,WR,1,0.0,0.0,0.0,0.0,0,0.0,0,0.0
2023,5,00-0036862,B.Skowronek,LA,WR,1,0.0,0.0,0.0,0.0,0,0.0,0,0.0
2023,5,00-0028002,R.Cobb,NYJ,WR,1,0.0,0.0,0.0,0.0,0,0.0,0,0.0
2023,5,00-0037837,C.Austin,PIT,WR,1,0.0,0.0,0.0,0.0,0,0.0,0,0.0
2023,5,00-0036331,D.Duvernay,BAL,WR,1,0.0,0.0,0.0,0.0,0,0.0,0,0.0
2023,5,00-0033251,Z.Pascal,ARI,WR,1,0.0,0.0,0.0,0.0,0,0.0,0,0.0
2023,4,00-0035676,A.Brown,PHI,WR,1,29.5,38.5,29.5,38.5,9,175.0,2,52.0
2023,4,00-0031588,S.Diggs,BUF,WR,1,30.0,36.0,30.0,36.0,6,120.0,3,46.0
2023,4,00-0036554,N.Collins,HOU,WR,1,28.8,35.8,28.8,35.8,7,168.0,2,91.0
2023,4,00-0039075,P.Nacua,LA,WR,1,22.3,31.3,22.3,31.3,9,163.0,1,48.0
2023,4,00-0034827,D.Moore,CHI,WR,1,19.1,27.1,19.1,27.1,8,131.0,1,22.0
2023,4,00-0038559,M.Wilson,ARI,WR,1,19.6,26.6,19.6,26.6,7,76.0,2,15.0
2023,4,00-0036322,J.Jefferson,MIN,WR,1,20.5,26.5,20.5,26.5,6,85.0,2,4.0
2023,4,00-0036261,B.Aiyuk,SF,WR,1,14.8,20.8,14.8,20.8,6,148.0,0,19.0
2023,4,00-0033921,C.Godwin,TB,WR,1,11.4,19.4,11.4,19.4,8,114.0,0,66.0
2023,4,00-0037816,R.Doubs,GB,WR,1,9.5,18.5,9.5,18.5,9,95.0,0,14.0
2023,4,00-0033282,C.Samuel,WAS,WR,1,11.2,18.2,11.2,18.2,7,51.0,0,37.0
2023,4,00-0034419,B.Berrios,MIA,WR,1,11.4,17.4,11.4,17.4,6,43.0,1,12.0
2023,4,00-0036963,A.St. Brown,DET,WR,1,11.6,16.6,11.6,16.6,5,56.0,1,14.0
2023,4,00-0035662,M.Brown,ARI,WR,1,9.6,16.6,9.6,16.6,7,96.0,0,32.0
2023,4,00-0035659,T.McLaurin,WAS,WR,1,8.6,16.6,8.6,16.6,8,86.0,0,33.0
2023,4,00-0034775,C.Kirk,JAX,WR,1,8.4,16.4,8.4,16.4,8,84.0,0,29.0
2023,4,00-0036182,N.Westbrook-Ikhine,TEN,WR,1,11.1,16.1,11.1,16.1,5,51.0,1,19.0
2023,4,00-0037487,D.Thompkins,TB,WR,1,11.6,15.6,11.6,15.6,4,45.0,1,23.0
2023,4,00-0031381,D.Adams,LV,WR,1,7.5,15.5,7.5,15.5,8,75.0,0,14.0
2023,4,00-0030035,A.Thielen,CAR,WR,1,8.2,15.2,8.2,15.2,7,76.0,0,38.0
2023,4,00-0036196,G.Davis,BUF,WR,1,12.1,15.1,12.1,15.1,3,61.0,1,9.0
2023,4,00-0034521,A.Lazard,NYJ,WR,1,12.1,15.1,12.1,15.1,3,61.0,1,2.0
2023,4,00-0037740,G.Wilson,NYJ,WR,1,6.0,15.0,6.0,15.0,9,60.0,0,10.0
2023,4,00-0036358,C.Lamb,DAL,WR,1,10.8,14.8,10.8,14.8,4,36.0,1,8.0
2023,4,00-0036912,D.Smith,PHI,WR,1,7.8,14.8,7.8,14.8,7,78.0,0,18.0
2023,4,00-0036955,T.Marshall,CAR,WR,1,5.6,14.6,5.6,14.6,9,56.0,0,33.0
2023,4,00-0036900,J.Chase,CIN,WR,1,7.3,14.3,7.3,14.3,7,73.0,0,44.0
2023,4,00-0037741,J.Dotson,WAS,WR,1,8.7,12.7,8.7,12.7,4,27.0,1,6.0
2023,4,00-0035640,D.Metcalf,SEA,WR,1,9.4,12.4,9.4,12.4,3,34.0,1,7.0
2023,4,00-0030279,K.Allen,LAC,WR,1,9.2,12.2,9.2,12.2,3,32.0,1,14.0
2023,4,00-0037238,D.London,ATL,WR,1,8.8,11.8,8.8,11.8,3,28.0,1,3.0
2023,4,00-0034837,C.Ridley,JAX,WR,1,9.8,11.8,9.8,11.8,2,38.0,1,1.0
2023,4,00-0034348,C.Sutton,DEN,WR,1,8.7,11.7,8.7,11.7,3,27.0,1,3.0
2023,4,00-0034764,M.Gallup,DAL,WR,1,6.0,11.0,6.0,11.0,5,60.0,0,41.0
2023,4,00-0036988,J.Palmer,LAC,WR,1,7.7,10.7,7.7,10.7,3,77.0,0,22.0
2023,4,00-0038124,C.Watson,GB,WR,1,8.5,10.5,8.5,10.5,2,25.0,1,5.0
2023,4,00-0030564,D.Hopkins,TEN,WR,1,6.3,10.3,6.3,10.3,4,63.0,0,9.0
2023,4,00-0033040,T.Hill,MIA,WR,1,7.2,10.2,7.2,10.2,3,58.0,0,12.0
2023,4,00-0033943,J.Reynolds,DET,WR,1,6.9,9.9,6.9,9.9,3,69.0,0,18.0
2023,4,00-0038117,W.Robinson,NYG,WR,1,4.7,9.7,4.7,9.7,5,40.0,0,28.0
2023,4,00-0032211,T.Lockett,SEA,WR,1,5.4,9.4,5.4,9.4,4,54.0,0,11.0
2023,4,00-0032765,M.Thomas,NO,WR,1,5.3,9.3,5.3,9.3,4,53.0,0,16.0
2023,4,00-0037666,J.Tolbert,DAL,WR,1,5.3,9.3,5.3,9.3,4,53.0,0,12.0
2023,4,00-0036309,D.Mooney,CHI,WR,1,5.1,9.1,5.1,9.1,4,51.0,0,19.0
2023,4,00-0038573,D.Davis,LAC,WR,1,6.7,8.7,6.7,8.7,2,16.0,0,28.0
2023,4,00-0036613,J.Waddle,MIA,WR,1,4.6,8.6,4.6,8.6,4,46.0,0,22.0
2023,4,00-0039052,T.Palmer,TB,WR,1,6.6,8.6,6.6,8.6,2,6.0,1,0.0
2023,4,00-0039146,J.Reed,GB,WR,1,5.5,8.5,5.5,8.5,3,55.0,0,4.0
2023,4,00-0036407,J.Jeudy,DEN,WR,1,5.2,8.2,5.2,8.2,3,52.0,0,16.0
2023,4,00-0039064,Z.Flowers,BAL,WR,1,5.0,8.0,5.0,8.0,3,56.0,0,13.0
2023,4,00-0037382,B.Johnson,DEN,WR,1,6.4,7.4,6.4,7.4,1,4.0,1,0.0
2023,4,00-0036849,T.Atwell,LA,WR,1,2.4,7.4,2.4,7.4,5,24.0,0,3.0
2023,4,00-0036626,D.Brown,WAS,WR,1,5.1,7.1,5.1,7.1,2,51.0,0,31.0
2023,4,00-0031408,M.Evans,TB,WR,1,4.0,7.0,4.0,7.0,3,40.0,0,0.0
2023,4,00-0038976,M.Mims,DEN,WR,1,4.7,6.7,4.7,6.7,2,47.0,0,18.0
2023,4,00-0031236,B.Cooks,DAL,WR,1,2.7,6.7,2.7,6.7,4,27.0,0,8.0
2023,4,00-0033009,T.Boyd,CIN,WR,1,2.6,6.6,2.6,6.6,4,26.0,0,3.0
2023,4,00-0038621,D.Douglas,NE,WR,1,4.5,6.5,4.5,6.5,2,45.0,0,29.0
2023,4,00-0037545,R.Shaheed,NO,WR,1,3.3,6.3,3.3,6.3,3,33.0,0,27.0
2023,4,00-0039067,R.Rice,KC,WR,1,3.2,6.2,3.2,6.2,3,32.0,0,20.0
2023,4,00-0037801,K.Turpin,DAL,WR,1,5.1,6.1,5.1,6.1,1,5.0,0,2.0
2023,4,00-0037837,C.Austin,PIT,WR,1,2.9,5.9,2.9,5.9,3,24.0,0,7.0
2023,4,00-0033307,K.Bourne,NE,WR,1,3.6,5.6,3.6,5.6,2,36.0,0,13.0
2023,4,00-0030431,R.Woods,HOU,WR,1,2.6,5.6,2.6,5.6,3,26.0,0,0.0
2023,4,00-0037247,G.Pickens,PIT,WR,1,2.5,5.5,2.5,5.5,3,25.0,0,3.0
2023,4,00-0038997,J.Downs,IND,WR,1,3.4,5.4,3.4,5.4,2,34.0,0,4.0
2023,4,00-0032398,C.Moore,TEN,WR,1,4.4,5.4,4.4,5.4,1,44.0,0,6.0
2023,4,00-0036165,I.Hodgins,NYG,WR,1,2.4,5.4,2.4,5.4,3,24.0,0,6.0
2023,4,00-0031547,D.Parker,NE,WR,1,3.3,5.3,3.3,5.3,2,33.0,0,2.0
2023,4,00-0034960,J.Meyers,LV,WR,1,3.3,5.3,3.3,5.3,2,33.0,0,9.0
2023,4,00-0036415,V.Jefferson,LA,WR,1,2.9,4.9,2.9,4.9,2,29.0,0,1.0
2023,4,00-0037664,A.Pierce,IND,WR,1,3.8,4.8,3.8,4.8,1,38.0,0,3.0
2023,4,00-0032464,K.Raymond,DET,WR,1,3.8,4.8,3.8,4.8,1,-2.0,0,2.0
2023,4,00-0034777,D.Chark,CAR,WR,1,2.8,4.8,2.8,4.8,2,28.0,0,1.0
2023,4,00-0035639,P.Campbell,NYG,WR,1,1.5,4.5,1.5,4.5,3,15.0,0,14.0
2023,4,00-0037098,S.Toure,GB,WR,1,3.5,4.5,3.5,4.5,1,35.0,0,0.0
2023,4,00-0035535,D.Slayton,NYG,WR,1,2.3,4.3,2.3,4.3,2,23.0,0,11.0
2023,4,00-0036913,K.Toney,KC,WR,1,2.2,4.2,2.2,4.2,2,22.0,0,12.0
2023,4,00-0034407,R.McCloud,SF,WR,1,2.2,4.2,2.2,4.2,2,22.0,0,5.0
2023,4,00-0033251,Z.Pascal,ARI,WR,1,1.0,4.0,1.0,4.0,3,10.0,0,0.0
2023,4,00-0036410,T.Higgins,CIN,WR,1,1.9,3.9,1.9,3.9,2,19.0,0,13.0
2023,4,00-0038977,T.Dell,HOU,WR,1,2.9,3.9,2.9,3.9,1,16.0,0,13.0
2023,4,00-0034854,K.Hodge,ATL,WR,1,1.9,3.9,1.9,3.9,2,19.0,0,3.0
2023,4,00-0034487,T.Sherfield,BUF,WR,1,1.8,3.8,1.8,3.8,2,18.0,0,19.0
2023,4,00-0038543,J.Smith-Njigba,SEA,WR,1,0.5,3.5,0.5,3.5,3,5.0,0,14.0
2023,4,00-0034983,H.Renfrow,LV,WR,1,1.2,3.2,1.2,3.2,2,12.0,0,5.0
2023,4,00-0037614,J.Metchie,HOU,WR,1,2.2,3.2,2.2,3.2,1,22.0,0,9.0
2023,4,00-0034279,E.St. Brown,CHI,WR,1,2.1,3.1,2.1,3.1,1,21.0,0,2.0
2023,4,00-0035215,D.Harty,BUF,WR,1,1.0,3.0,1.0,3.0,2,10.0,0,10.0
2023,4,00-0038938,J.Hyatt,NYG,WR,1,1.0,3.0,1.0,3.0,2,10.0,0,1.0
2023,4,00-0036268,L.Shenault,CAR,WR,1,1.9,2.9,1.9,2.9,1,12.0,0,17.0
2023,4,00-0036331,D.Duvernay,BAL,WR,1,0.8,2.8,0.8,2.8,2,8.0,0,4.0
2023,4,00-0028002,R.Cobb,NYJ,WR,1,0.8,2.8,0.8,2.8,2,8.0,0,1.0
2023,4,00-0038544,Q.Johnston,LAC,WR,1,1.8,2.8,1.8,2.8,1,18.0,0,0.0
2023,4,00-0038496,X.Gipson,NYJ,WR,1,1.7,2.7,1.7,2.7,1,4.0,0,4.0
2023,4,00-0035341,T.Irwin,CIN,WR,1,1.7,2.7,1.7,2.7,1,17.0,0,10.0
2023,4,00-0034418,C.Wilson,MIA,WR,1,1.6,2.6,1.6,2.6,1,16.0,0,6.0
2023,4,00-0036345,K.Osborn,MIN,WR,1,1.6,2.6,1.6,2.6,1,16.0,0,0.0
2023,4,00-0031544,A.Cooper,CLE,WR,1,1.6,2.6,1.6,2.6,1,16.0,0,0.0
2023,4,00-0034297,B.Pringle,WAS,WR,1,1.5,2.5,1.5,2.5,1,15.0,0,0.0
2023,4,00-0036252,M.Pittman,IND,WR,1,1.5,2.5,1.5,2.5,1,15.0,0,1.0
2023,4,00-0033857,J.Smith-Schuster,NE,WR,1,1.4,2.4,1.4,2.4,1,14.0,0,0.0
2023,4,00-0035208,O.Zaccheaus,PHI,WR,1,1.1,2.1,1.1,2.1,1,11.0,0,0.0
2023,4,00-0035406,L.Humphrey,DEN,WR,1,1.1,2.1,1.1,2.1,1,11.0,0,6.0
2023,4,00-0035164,C.Thompson,SEA,WR,1,1.0,2.0,1.0,2.0,1,10.0,0,4.0
2023,4,00-0036980,E.Moore,CLE,WR,1,0.0,2.0,0.0,2.0,2,20.0,0,1.0
2023,4,00-0038941,T.Scott,CHI,WR,1,1.9,1.9,1.9,1.9,0,0.0,0,0.0
2023,4,00-0038090,S.Moore,KC,WR,1,1.9,1.9,1.9,1.9,0,0.0,0,0.0
2023,4,00-0030663,W.Snead,SF,WR,1,0.9,1.9,0.9,1.9,1,9.0,0,3.0
2023,4,00-0031428,A.Robinson,PIT,WR,1,0.8,1.8,0.8,1.8,1,8.0,0,1.0
2023,4,00-0036233,D.Peoples-Jones,CLE,WR,1,0.7,1.7,0.7,1.7,1,7.0,0,2.0
2023,4,00-0038647,R.Bell,SF,WR,1,0.7,1.7,0.7,1.7,1,7.0,0,9.0
2023,4,00-0034272,M.Valdes-Scantling,KC,WR,1,0.6,1.6,0.6,1.6,1,6.0,0,1.0
2023,4,00-0033466,I.McKenzie,IND,WR,1,0.6,1.6,0.6,1.6,1,6.0,0,8.0
2023,4,00-0032385,S.Shepard,NYG,WR,1,0.6,1.6,0.6,1.6,1,6.0,0,1.0
2023,4,00-0038979,C.Tillman,CLE,WR,1,0.5,1.5,0.5,1.5,1,5.0,0,1.0
2023,4,00-0034386,J.Watson,KC,WR,1,0.5,1.5,0.5,1.5,1,5.0,0,2.0
2023,4,00-0037239,C.Olave,NO,WR,1,0.4,1.4,0.4,1.4,1,4.0,0,7.0
2023,4,00-0031549,N.Agholor,BAL,WR,1,0.4,1.4,0.4,1.4,1,4.0,0,1.0
2023,4,00-0038821,R.Jarrett,TB,WR,1,0.3,1.3,0.3,1.3,1,3.0,0,7.0
2023,4,00-0030068,M.Goodwin,CLE,WR,1,0.0,1.0,0.0,1.0,1,0.0,0,2.0
2023,4,00-0036497,T.Jones,JAX,WR,1,-0.1,0.9,-0.1,0.9,1,-1.0,0,1.0
2023,4,00-0035719,D.Samuel,SF,WR,1,0.6,0.6,0.6,0.6,0,0.0,0,0.0
2023,4,00-0033555,M.Hollins,ATL,WR,1,0.0,0.0,0.0,0.0,0,0.0,0,0.0
2023,4,00-0038393,D.Wicks,GB,WR,1,0.0,0.0,0.0,0.0,0,0.0,0,0.0
2023,4,00-0037261,K.Shakir,BUF,WR,1,0.0,0.0,0.0,0.0,0,0.0,0,0.0
2023,4,00-0036364,L.Bowden,NO,WR,1,0.0,0.0,0.0,0.0,0,0.0,0,0.0
2023,4,00-0036936,R.Moore,ARI,WR,1,0.0,0.0,0.0,0.0,0,0.0,0,0.0
2023,4,00-0038632,C.Dowell,TEN,WR,1,0.0,0.0,0.0,0.0,0,0.0,0,0.0
2023,4,00-0029293,M.Jones,DET,WR,1,0.0,0.0,0.0,0.0,0,0.0,0,0.0
2023,4,00-0038752,J.Bobo,SEA,WR,1,0.0,0.0,0.0,0.0,0,0.0,0,0.0
2023,4,00-0032688,R.Chosen,MIA,WR,1,0.0,0.0,0.0,0.0,0,0.0,0,0.0
2023,4,00-0038994,J.Addison,MIN,WR,1,0.0,0.0,0.0,0.0,0,0.0,0,0.0
2023,3,00-0030279,K.Allen,LAC,WR,1,27.95,45.95,27.95,45.95,18,215.0,0,99.0
2023,3,00-0031381,D.Adams,LV,WR,1,29.2,42.2,29.2,42.2,13,172.0,2,34.0
2023,3,00-0030035,A.Thielen,CAR,WR,1,20.5,31.5,20.5,31.5,11,145.0,1,40.0
2023,3,00-0033040,T.Hill,MIA,WR,1,21.7,30.7,21.7,30.7,9,157.0,1,54.0
2023,3,00-0036322,J.Jefferson,MIN,WR,1,20.9,27.9,20.9,27.9,7,149.0,1,65.0
2023,3,00-0036900,J.Chase,CIN,WR,1,14.1,26.1,14.1,26.1,12,141.0,0,60.0
2023,3,00-0038977,T.Dell,HOU,WR,1,20.5,25.5,20.5,25.5,5,145.0,1,48.0
2023,3,00-0033536,M.Williams,LAC,WR,1,18.1,25.1,18.1,25.1,7,121.0,1,52.0
2023,3,00-0035719,D.Samuel,SF,WR,1,19.1,25.1,19.1,25.1,6,129.0,1,78.0
2023,3,00-0031544,A.Cooper,CLE,WR,1,17.6,24.6,17.6,24.6,7,116.0,1,9.0
2023,3,00-0034348,C.Sutton,DEN,WR,1,15.1,23.1,15.1,23.1,8,91.0,1,34.0
2023,3,00-0035676,A.Brown,PHI,WR,1,13.1,22.1,13.1,22.1,9,131.0,0,73.0
2023,3,00-0036963,A.St. Brown,DET,WR,1,10.6,19.6,10.6,19.6,9,102.0,0,38.0
2023,3,00-0031588,S.Diggs,BUF,WR,1,11.1,19.1,11.1,19.1,8,111.0,0,20.0
2023,3,00-0034777,D.Chark,CAR,WR,1,14.6,18.6,14.6,18.6,4,86.0,1,24.0
2023,3,00-0037239,C.Olave,NO,WR,1,10.4,18.4,10.4,18.4,8,104.0,0,32.0
2023,3,00-0037816,R.Doubs,GB,WR,1,13.3,18.3,13.3,18.3,5,73.0,1,9.0
2023,3,00-0035640,D.Metcalf,SEA,WR,1,11.2,17.2,11.2,17.2,6,112.0,0,28.0
2023,3,00-0036849,T.Atwell,LA,WR,1,13.2,17.2,13.2,17.2,4,50.0,1,21.0
2023,3,00-0035662,M.Brown,ARI,WR,1,12.1,17.1,12.1,17.1,5,61.0,1,2.0
2023,3,00-0031408,M.Evans,TB,WR,1,12.0,17.0,12.0,17.0,5,60.0,1,12.0
2023,3,00-0036252,M.Pittman,IND,WR,1,7.7,16.7,7.7,16.7,9,77.0,0,37.0
2023,3,00-0036988,J.Palmer,LAC,WR,1,12.6,16.6,12.6,16.6,4,66.0,1,16.0
2023,3,00-0036936,R.Moore,ARI,WR,1,12.2,16.2,12.2,16.2,4,8.0,0,19.0
2023,3,00-0034960,J.Meyers,LV,WR,1,8.5,15.5,8.5,15.5,7,85.0,0,14.0
2023,3,00-0034775,C.Kirk,JAX,WR,1,11.4,15.4,11.4,15.4,4,54.0,1,1.0
2023,3,00-0034764,M.Gallup,DAL,WR,1,9.2,15.2,9.2,15.2,6,92.0,0,39.0
2023,3,00-0037837,C.Austin,PIT,WR,1,13.2,15.2,13.2,15.2,2,72.0,1,35.0
2023,3,00-0032688,R.Chosen,MIA,WR,1,12.8,13.8,12.8,13.8,1,68.0,1,27.0
2023,3,00-0036980,E.Moore,CLE,WR,1,4.8,13.8,4.8,13.8,9,49.0,0,39.0
2023,3,00-0035208,O.Zaccheaus,PHI,WR,1,11.8,13.8,11.8,13.8,2,58.0,1,15.0
2023,3,00-0038997,J.Downs,IND,WR,1,5.7,13.7,5.7,13.7,8,57.0,0,30.0
2023,3,00-0036407,J.Jeudy,DEN,WR,1,8.1,13.1,8.1,13.1,5,81.0,0,12.0
2023,3,00-0034827,D.Moore,CHI,WR,1,10.1,13.1,10.1,13.1,3,41.0,1,10.0
2023,3,00-0039064,Z.Flowers,BAL,WR,1,5.0,13.0,5.0,13.0,8,48.0,0,20.0
2023,3,00-0039075,P.Nacua,LA,WR,1,7.2,12.2,7.2,12.2,5,72.0,0,9.0
2023,3,00-0037247,G.Pickens,PIT,WR,1,7.5,11.5,7.5,11.5,4,75.0,0,37.0
2023,3,00-0038994,J.Addison,MIN,WR,1,5.2,11.2,5.2,11.2,6,52.0,0,7.0
2023,3,00-0032765,M.Thomas,NO,WR,1,5.0,11.0,5.0,11.0,6,50.0,0,9.0
2023,3,00-0039067,R.Rice,KC,WR,1,5.9,10.9,5.9,10.9,5,59.0,0,31.0
2023,3,00-0038976,M.Mims,DEN,WR,1,7.6,10.6,7.6,10.6,3,73.0,0,22.0
2023,3,00-0038559,M.Wilson,ARI,WR,1,8.6,10.6,8.6,10.6,2,86.0,0,42.0
2023,3,00-0036345,K.Osborn,MIN,WR,1,9.6,10.6,9.6,10.6,1,36.0,1,22.0
2023,3,00-0038647,R.Bell,SF,WR,1,8.4,10.4,8.4,10.4,2,24.0,1,1.0
2023,3,00-0036196,G.Davis,BUF,WR,1,9.3,10.3,9.3,10.3,1,35.0,1,3.0
2023,3,00-0036358,C.Lamb,DAL,WR,1,6.2,10.2,6.2,10.2,4,53.0,0,15.0
2023,3,00-0035659,T.McLaurin,WAS,WR,1,4.1,10.1,4.1,10.1,6,41.0,0,1.0
2023,3,00-0037740,G.Wilson,NYJ,WR,1,4.8,9.8,4.8,9.8,5,48.0,0,24.0
2023,3,00-0032464,K.Raymond,DET,WR,1,5.5,9.5,5.5,9.5,4,55.0,0,7.0
2023,3,00-0039146,J.Reed,GB,WR,1,6.3,9.3,6.3,9.3,3,63.0,0,9.0
2023,3,00-0033572,J.Agnew,JAX,WR,1,4.9,8.9,4.9,8.9,4,49.0,0,7.0
2023,3,00-0033009,T.Boyd,CIN,WR,1,3.9,8.9,3.9,8.9,5,39.0,0,20.0
2023,3,00-0033307,K.Bourne,NE,WR,1,4.6,8.6,4.6,8.6,4,46.0,0,20.0
2023,3,00-0036955,T.Marshall,CAR,WR,1,3.5,8.5,3.5,8.5,5,35.0,0,9.0
2023,3,00-0038393,D.Wicks,GB,WR,1,4.5,8.5,4.5,8.5,4,45.0,0,9.0
2023,3,00-0035639,P.Campbell,NYG,WR,1,2.4,8.4,2.4,8.4,6,24.0,0,5.0
2023,3,00-0038090,S.Moore,KC,WR,1,4.2,8.2,4.2,8.2,4,42.0,0,5.0
2023,3,00-0031549,N.Agholor,BAL,WR,1,3.9,7.9,3.9,7.9,4,39.0,0,10.0
2023,3,00-0036233,D.Peoples-Jones,CLE,WR,1,4.9,7.9,4.9,7.9,3,49.0,0,9.0
2023,3,00-0030564,D.Hopkins,TEN,WR,1,4.8,7.8,4.8,7.8,3,48.0,0,11.0
2023,3,00-0038752,J.Bobo,SEA,WR,1,6.5,7.5,6.5,7.5,1,5.0,1,0.0
2023,3,00-0033282,C.Samuel,WAS,WR,1,5.4,7.4,5.4,7.4,2,54.0,0,8.0
2023,3,00-0037664,A.Pierce,IND,WR,1,4.3,7.3,4.3,7.3,3,43.0,0,4.0
2023,3,00-0034386,J.Watson,KC,WR,1,5.1,7.1,5.1,7.1,2,51.0,0,3.0
2023,3,00-0034837,C.Ridley,JAX,WR,1,4.0,7.0,4.0,7.0,3,40.0,0,5.0
2023,3,00-0034521,A.Lazard,NYJ,WR,1,3.9,6.9,3.9,6.9,3,39.0,0,3.0
2023,3,00-0036912,D.Smith,PHI,WR,1,2.8,6.8,2.8,6.8,4,28.0,0,10.0
2023,3,00-0032211,T.Lockett,SEA,WR,1,3.4,6.4,3.4,6.4,3,34.0,0,19.0
2023,3,00-0031428,A.Robinson,PIT,WR,1,2.4,6.4,2.4,6.4,4,24.0,0,7.0
2023,3,00-0030431,R.Woods,HOU,WR,1,3.4,6.4,3.4,6.4,3,34.0,0,3.0
2023,3,00-0033921,C.Godwin,TB,WR,1,3.2,6.2,3.2,6.2,3,32.0,0,14.0
2023,3,00-0035535,D.Slayton,NYG,WR,1,3.2,6.2,3.2,6.2,3,32.0,0,3.0
2023,3,00-0038117,W.Robinson,NYG,WR,1,2.1,6.1,2.1,6.1,4,21.0,0,11.0
2023,3,00-0032398,C.Moore,TEN,WR,1,4.1,6.1,4.1,6.1,2,41.0,0,7.0
2023,3,00-0036415,V.Jefferson,LA,WR,1,5.0,6.0,5.0,6.0,1,46.0,0,4.0
2023,3,00-0036554,N.Collins,HOU,WR,1,3.4,5.4,3.4,5.4,2,34.0,0,29.0
2023,3,00-0034419,B.Berrios,MIA,WR,1,3.3,5.3,3.3,5.3,2,33.0,0,16.0
2023,3,00-0037238,D.London,ATL,WR,1,3.1,5.1,3.1,5.1,2,31.0,0,3.0
2023,3,00-0036259,J.Jennings,SF,WR,1,3.1,5.1,3.1,5.1,2,31.0,0,16.0
2023,3,00-0039062,J.Mingo,CAR,WR,1,2.1,5.1,2.1,5.1,3,21.0,0,5.0
2023,3,00-0034272,M.Valdes-Scantling,KC,WR,1,3.7,4.7,3.7,4.7,1,37.0,0,12.0
2023,3,00-0036410,T.Higgins,CIN,WR,1,2.1,4.1,2.1,4.1,2,21.0,0,11.0
2023,3,00-0037741,J.Dotson,WAS,WR,1,2.1,4.1,2.1,4.1,2,21.0,0,5.0
2023,3,00-0031547,D.Parker,NE,WR,1,1.9,3.9,1.9,3.9,2,19.0,0,0.0
2023,3,00-0034487,T.Sherfield,BUF,WR,1,1.8,3.8,1.8,3.8,2,18.0,0,15.0
2023,3,00-0034983,H.Renfrow,LV,WR,1,1.7,3.7,1.7,3.7,2,17.0,0,4.0
2023,3,00-0031236,B.Cooks,DAL,WR,1,1.7,3.7,1.7,3.7,2,17.0,0,3.0
2023,3,00-0035215,D.Harty,BUF,WR,1,1.3,3.3,1.3,3.3,2,15.0,0,1.0
2023,3,00-0037614,J.Metchie,HOU,WR,1,1.3,3.3,1.3,3.3,2,13.0,0,15.0
2023,3,00-0033555,M.Hollins,ATL,WR,1,2.3,3.3,2.3,3.3,1,23.0,0,3.0
2023,3,00-0037382,B.Johnson,DEN,WR,1,1.2,3.2,1.2,3.2,2,12.0,0,11.0
2023,3,00-0036497,T.Jones,JAX,WR,1,1.1,3.1,1.1,3.1,2,11.0,0,2.0
2023,3,00-0038544,Q.Johnston,LAC,WR,1,1.0,3.0,1.0,3.0,2,10.0,0,17.0
2023,3,00-0038621,D.Douglas,NE,WR,1,2.0,3.0,2.0,3.0,1,15.0,0,0.0
2023,3,00-0031763,D.Carter,LV,WR,1,1.6,2.6,1.6,2.6,1,16.0,0,19.0
2023,3,00-0037487,D.Thompkins,TB,WR,1,0.6,2.6,0.6,2.6,2,6.0,0,3.0
2023,3,00-0036326,C.Claypool,CHI,WR,1,1.5,2.5,1.5,2.5,1,15.0,0,0.0
2023,3,00-0034854,K.Hodge,ATL,WR,1,1.5,2.5,1.5,2.5,1,15.0,0,5.0
2023,3,00-0034054,R.Cracraft,MIA,WR,1,1.3,2.3,1.3,2.3,1,13.0,0,3.0
2023,3,00-0028002,R.Cobb,NYJ,WR,1,1.2,2.2,1.2,2.2,1,12.0,0,10.0
2023,3,00-0038543,J.Smith-Njigba,SEA,WR,1,1.0,2.0,1.0,2.0,1,10.0,0,13.0
2023,3,00-0039052,T.Palmer,TB,WR,1,0.8,1.8,0.8,1.8,1,8.0,0,0.0
2023,3,00-0036268,L.Shenault,CAR,WR,1,0.7,1.7,0.7,1.7,1,0.0,0,1.0
2023,3,00-0036550,R.Bateman,BAL,WR,1,0.6,1.6,0.6,1.6,1,6.0,0,0.0
2023,3,00-0038576,C.Jones,CIN,WR,1,0.6,1.6,0.6,1.6,1,6.0,0,7.0
2023,3,00-0038941,T.Scott,CHI,WR,1,0.6,1.6,0.6,1.6,1,6.0,0,6.0
2023,3,00-0037742,T.Burks,TEN,WR,1,0.5,1.5,0.5,1.5,1,5.0,0,5.0
2023,3,00-0034646,B.Powell,MIN,WR,1,0.5,1.5,0.5,1.5,1,5.0,0,0.0
2023,3,00-0033857,J.Smith-Schuster,NE,WR,1,0.5,1.5,0.5,1.5,1,5.0,0,1.0
2023,3,00-0037261,K.Shakir,BUF,WR,1,0.5,1.5,0.5,1.5,1,5.0,0,2.0
2023,3,00-0033466,I.McKenzie,IND,WR,1,0.3,1.3,0.3,1.3,1,3.0,0,4.0
2023,3,00-0036862,B.Skowronek,LA,WR,1,0.3,1.3,0.3,1.3,1,3.0,0,5.0
2023,3,00-0038573,D.Davis,LAC,WR,1,0.3,1.3,0.3,1.3,1,3.0,0,8.0
2023,3,00-0036913,K.Toney,KC,WR,1,-0.1,0.9,-0.1,0.9,1,-1.0,0,3.0
2023,3,00-0030068,M.Goodwin,CLE,WR,1,0.1,0.1,0.1,0.1,0,0.0,0,0.0
2023,3,00-0036309,D.Mooney,CHI,WR,1,0.0,0.0,0.0,0.0,0,0.0,0,0.0
2023,3,00-0036331,D.Duvernay,BAL,WR,1,0.0,0.0,0.0,0.0,0,0.0,0,0.0
2023,3,00-0037545,R.Shaheed,NO,WR,1,0.0,0.0,0.0,0.0,0,0.0,0,0.0
2023,3,00-0038465,M.Heath,GB,WR,1,0.0,0.0,0.0,0.0,0,0.0,0,0.0
2023,3,00-0034317,K.Kirkwood,NO,WR,1,0.0,0.0,0.0,0.0,0,0.0,0,0.0
2023,3,00-0036165,I.Hodgins,NYG,WR,1,0.0,0.0,0.0,0.0,0,0.0,0,0.0
2023,3,00-0037216,J.Ross,KC,WR,1,0.0,0.0,0.0,0.0,0,0.0,0,0.0
2023,3,00-0037098,S.Toure,GB,WR,1,0.0,0.0,0.0,0.0,0,0.0,0,0.0
2023,3,00-0036626,D.Brown,WAS,WR,1,0.0,0.0,0.0,0.0,0,0.0,0,0.0
2023,2,00-0030279,K.Allen,LAC,WR,1,23.1,31.1,23.1,31.1,8,111.0,2,21.0
2023,2,00-0039075,P.Nacua,LA,WR,1,15.1,30.1,15.1,30.1,15,147.0,0,69.0
2023,2,00-0031408,M.Evans,TB,WR,1,23.1,29.1,23.1,29.1,6,171.0,1,79.0
2023,2,00-0036410,T.Higgins,CIN,WR,1,20.9,28.9,20.9,28.9,8,89.0,2,32.0
2023,2,00-0036554,N.Collins,HOU,WR,1,20.6,27.6,20.6,27.6,7,146.0,1,54.0
2023,2,00-0036322,J.Jefferson,MIN,WR,1,15.9,26.9,15.9,26.9,11,159.0,0,36.0
2023,2,00-0032211,T.Lockett,SEA,WR,1,17.9,25.9,17.9,25.9,8,59.0,2,12.0
2023,2,00-0036358,C.Lamb,DAL,WR,1,14.3,25.3,14.3,25.3,11,143.0,0,63.0
2023,2,00-0033943,J.Reynolds,DET,WR,1,18.6,23.6,18.6,23.6,5,66.0,2,9.0
2023,2,00-0036912,D.Smith,PHI,WR,1,19.1,23.1,19.1,23.1,4,131.0,1,29.0
2023,2,00-0037247,G.Pickens,PIT,WR,1,18.7,22.7,18.7,22.7,4,127.0,1,69.0
2023,2,00-0035719,D.Samuel,SF,WR,1,16.1,22.1,16.1,22.1,6,63.0,0,52.0
2023,2,00-0034775,C.Kirk,JAX,WR,1,10.95,21.95,10.95,21.95,11,110.0,0,48.0
2023,2,00-0036196,G.Davis,BUF,WR,1,15.2,21.2,15.2,21.2,6,92.0,1,31.0
2023,2,00-0037382,B.Johnson,DEN,WR,1,18.6,20.6,18.6,20.6,2,66.0,2,17.0
2023,2,00-0031381,D.Adams,LV,WR,1,14.4,20.4,14.4,20.4,6,84.0,1,21.0
2023,2,00-0038976,M.Mims,DEN,WR,1,18.3,20.3,18.3,20.3,2,113.0,1,22.0
2023,2,00-0038977,T.Dell,HOU,WR,1,13.2,20.2,13.2,20.2,7,72.0,1,20.0
2023,2,00-0039146,J.Reed,GB,WR,1,15.7,19.7,15.7,19.7,4,37.0,2,20.0
2023,2,00-0037238,D.London,ATL,WR,1,12.7,18.7,12.7,18.7,6,67.0,1,20.0
2023,2,00-0030035,A.Thielen,CAR,WR,1,11.4,18.4,11.4,18.4,7,54.0,1,24.0
2023,2,00-0035662,M.Brown,ARI,WR,1,11.4,17.4,11.4,17.4,6,54.0,1,19.0
2023,2,00-0031549,N.Agholor,BAL,WR,1,12.3,17.3,12.3,17.3,5,63.0,1,2.0
2023,2,00-0033536,M.Williams,LAC,WR,1,8.6,16.6,8.6,16.6,8,83.0,0,46.0
2023,2,00-0035659,T.McLaurin,WAS,WR,1,11.4,16.4,11.4,16.4,5,54.0,1,8.0
2023,2,00-0034827,D.Moore,CHI,WR,1,10.4,16.4,10.4,16.4,6,104.0,0,43.0
2023,2,00-0037740,G.Wilson,NYJ,WR,1,14.3,16.3,14.3,16.3,2,83.0,1,56.0
2023,2,00-0036963,A.St. Brown,DET,WR,1,10.2,16.2,10.2,16.2,6,102.0,0,24.0
2023,2,00-0038994,J.Addison,MIN,WR,1,13.2,16.2,13.2,16.2,3,72.0,1,24.0
2023,2,00-0038090,S.Moore,KC,WR,1,13.0,16.0,13.0,16.0,3,70.0,1,33.0
2023,2,00-0031544,A.Cooper,CLE,WR,1,9.0,16.0,9.0,16.0,7,90.0,0,8.0
2023,2,00-0036849,T.Atwell,LA,WR,1,8.2,15.2,8.2,15.2,7,77.0,0,4.0
2023,2,00-0033040,T.Hill,MIA,WR,1,10.0,15.0,10.0,15.0,5,40.0,1,10.0
2023,2,00-0037239,C.Olave,NO,WR,1,8.6,14.6,8.6,14.6,6,86.0,0,14.0
2023,2,00-0036165,I.Hodgins,NYG,WR,1,10.0,14.0,10.0,14.0,4,40.0,1,14.0
2023,2,00-0032464,K.Raymond,DET,WR,1,11.7,13.7,11.7,13.7,2,46.0,1,15.0
2023,2,00-0031588,S.Diggs,BUF,WR,1,6.6,13.6,6.6,13.6,7,66.0,0,32.0
2023,2,00-0036252,M.Pittman,IND,WR,1,5.6,13.6,5.6,13.6,8,56.0,0,30.0
2023,2,00-0035640,D.Metcalf,SEA,WR,1,7.5,13.5,7.5,13.5,6,75.0,0,7.0
2023,2,00-0030431,R.Woods,HOU,WR,1,7.4,13.4,7.4,13.4,6,74.0,0,17.0
2023,2,00-0036326,C.Claypool,CHI,WR,1,9.6,12.6,9.6,12.6,3,36.0,1,6.0
2023,2,00-0032765,M.Thomas,NO,WR,1,5.5,12.5,5.5,12.5,7,55.0,0,5.0
2023,2,00-0036345,K.Osborn,MIN,WR,1,9.4,12.4,9.4,12.4,3,34.0,1,13.0
2023,2,00-0036613,J.Waddle,MIA,WR,1,8.4,12.4,8.4,12.4,4,86.0,0,47.0
2023,2,00-0038393,D.Wicks,GB,WR,1,10.0,12.0,10.0,12.0,2,40.0,1,19.0
2023,2,00-0031547,D.Parker,NE,WR,1,5.7,11.7,5.7,11.7,6,57.0,0,35.0
2023,2,00-0034348,C.Sutton,DEN,WR,1,6.6,11.6,6.6,11.6,5,66.0,0,13.0
2023,2,00-0036182,N.Westbrook-Ikhine,TEN,WR,1,8.5,11.5,8.5,11.5,3,25.0,1,2.0
2023,2,00-0033009,T.Boyd,CIN,WR,1,5.2,11.2,5.2,11.2,6,52.0,0,23.0
2023,2,00-0038938,J.Hyatt,NYG,WR,1,8.9,10.9,8.9,10.9,2,89.0,0,13.0
2023,2,00-0033921,C.Godwin,TB,WR,1,5.8,10.8,5.8,10.8,5,58.0,0,14.0
2023,2,00-0039064,Z.Flowers,BAL,WR,1,6.8,10.8,6.8,10.8,4,62.0,0,27.0
2023,2,00-0037742,T.Burks,TEN,WR,1,7.6,10.6,7.6,10.6,3,76.0,0,15.0
2023,2,00-0037545,R.Shaheed,NO,WR,1,6.3,10.3,6.3,10.3,4,63.0,0,18.0
2023,2,00-0035535,D.Slayton,NYG,WR,1,6.2,9.2,6.2,9.2,3,62.0,0,15.0
2023,2,00-0034386,J.Watson,KC,WR,1,6.2,9.2,6.2,9.2,3,62.0,0,8.0
2023,2,00-0033555,M.Hollins,ATL,WR,1,6.0,9.0,6.0,9.0,3,60.0,0,7.0
2023,2,00-0036913,K.Toney,KC,WR,1,3.8,8.8,3.8,8.8,5,35.0,0,37.0
2023,2,00-0038559,M.Wilson,ARI,WR,1,5.6,8.6,5.6,8.6,3,56.0,0,13.0
2023,2,00-0038543,J.Smith-Njigba,SEA,WR,1,3.4,8.4,3.4,8.4,5,34.0,0,24.0
2023,2,00-0036900,J.Chase,CIN,WR,1,3.1,8.1,3.1,8.1,5,31.0,0,25.0
2023,2,00-0037261,K.Shakir,BUF,WR,1,7.1,8.1,7.1,8.1,1,11.0,1,3.0
2023,2,00-0030564,D.Hopkins,TEN,WR,1,4.0,8.0,4.0,8.0,4,40.0,0,4.0
2023,2,00-0033857,J.Smith-Schuster,NE,WR,1,2.8,7.8,2.8,7.8,5,28.0,0,7.0
2023,2,00-0038997,J.Downs,IND,WR,1,3.7,7.7,3.7,7.7,4,37.0,0,16.0
2023,2,00-0036261,B.Aiyuk,SF,WR,1,4.3,7.3,4.3,7.3,3,43.0,0,6.0
2023,2,00-0036980,E.Moore,CLE,WR,1,4.1,7.1,4.1,7.1,3,36.0,0,2.0
2023,2,00-0036259,J.Jennings,SF,WR,1,5.1,7.1,5.1,7.1,2,51.0,0,4.0
2023,2,00-0035676,A.Brown,PHI,WR,1,2.9,6.9,2.9,6.9,4,29.0,0,16.0
2023,2,00-0033307,K.Bourne,NE,WR,1,2.9,6.9,2.9,6.9,4,29.0,0,9.0
2023,2,00-0033282,C.Samuel,WAS,WR,1,3.2,6.2,3.2,6.2,3,19.0,0,7.0
2023,2,00-0035639,P.Campbell,NYG,WR,1,2.1,6.1,2.1,6.1,4,21.0,0,10.0
2023,2,00-0032398,C.Moore,TEN,WR,1,4.9,5.9,4.9,5.9,1,49.0,0,0.0
2023,2,00-0031235,O.Beckham,BAL,WR,1,2.9,5.9,2.9,5.9,3,29.0,0,7.0
2023,2,00-0037257,D.Bell,CLE,WR,1,2.7,5.7,2.7,5.7,3,27.0,0,18.0
2023,2,00-0039062,J.Mingo,CAR,WR,1,2.6,5.6,2.6,5.6,3,26.0,0,2.0
2023,2,00-0036407,J.Jeudy,DEN,WR,1,2.5,5.5,2.5,5.5,3,25.0,0,18.0
2023,2,00-0036626,D.Brown,WAS,WR,1,2.5,5.5,2.5,5.5,3,25.0,0,4.0
2023,2,00-0034054,R.Cracraft,MIA,WR,1,3.4,5.4,3.4,5.4,2,34.0,0,14.0
2023,2,00-0034837,C.Ridley,JAX,WR,1,3.2,5.2,3.2,5.2,2,32.0,0,3.0
2023,2,00-0037741,J.Dotson,WAS,WR,1,2.2,5.2,2.2,5.2,3,22.0,0,7.0
2023,2,00-0037816,R.Doubs,GB,WR,1,3.0,5.0,3.0,5.0,2,30.0,0,6.0
2023,2,00-0037666,J.Tolbert,DAL,WR,1,1.8,4.8,1.8,4.8,3,18.0,0,9.0
2023,2,00-0037664,A.Pierce,IND,WR,1,2.8,4.8,2.8,4.8,2,28.0,0,5.0
2023,2,00-0034419,B.Berrios,MIA,WR,1,2.8,4.8,2.8,4.8,2,28.0,0,9.0
2023,2,00-0036550,R.Bateman,BAL,WR,1,1.8,4.8,1.8,4.8,3,18.0,0,0.0
2023,2,00-0036988,J.Palmer,LAC,WR,1,1.3,4.3,1.3,4.3,3,13.0,0,1.0
2023,2,00-0034521,A.Lazard,NYJ,WR,1,2.3,4.3,2.3,4.3,2,23.0,0,0.0
2023,2,00-0039067,R.Rice,KC,WR,1,2.0,4.0,2.0,4.0,2,20.0,0,9.0
2023,2,00-0038621,D.Douglas,NE,WR,1,1.9,3.9,1.9,3.9,2,19.0,0,18.0
2023,2,00-0038563,T.Tucker,LV,WR,1,3.4,3.4,3.4,3.4,0,0.0,0,0.0
2023,2,00-0034272,M.Valdes-Scantling,KC,WR,1,1.3,3.3,1.3,3.3,2,13.0,0,1.0
2023,2,00-0034983,H.Renfrow,LV,WR,1,2.3,3.3,2.3,3.3,1,23.0,0,0.0
2023,2,00-0031428,A.Robinson,PIT,WR,1,1.2,3.2,1.2,3.2,2,12.0,0,0.0
2023,2,00-0036862,B.Skowronek,LA,WR,1,2.1,3.1,2.1,3.1,1,10.0,0,8.0
2023,2,00-0039052,T.Palmer,TB,WR,1,2.0,3.0,2.0,3.0,1,20.0,0,4.0
2023,2,00-0037614,J.Metchie,HOU,WR,1,1.7,2.7,1.7,2.7,1,17.0,0,2.0
2023,2,00-0034777,D.Chark,CAR,WR,1,1.5,2.5,1.5,2.5,1,15.0,0,5.0
2023,2,00-0037801,K.Turpin,DAL,WR,1,1.5,2.5,1.5,2.5,1,9.0,0,6.0
2023,2,00-0036936,R.Moore,ARI,WR,1,1.4,2.4,1.4,2.4,1,14.0,0,0.0
2023,2,00-0035215,D.Harty,BUF,WR,1,0.4,2.4,0.4,2.4,2,4.0,0,12.0
2023,2,00-0033251,Z.Pascal,ARI,WR,1,0.9,1.9,0.9,1.9,1,9.0,0,12.0
2023,2,00-0036415,V.Jefferson,LA,WR,1,0.9,1.9,0.9,1.9,1,9.0,0,-1.0
2023,2,00-0037837,C.Austin,PIT,WR,1,0.8,1.8,0.8,1.8,1,10.0,0,0.0
2023,2,00-0036233,D.Peoples-Jones,CLE,WR,1,0.7,1.7,0.7,1.7,1,7.0,0,9.0
2023,2,00-0038544,Q.Johnston,LAC,WR,1,0.7,1.7,0.7,1.7,1,7.0,0,0.0
2023,2,00-0038821,R.Jarrett,TB,WR,1,0.7,1.7,0.7,1.7,1,7.0,0,0.0
2023,2,00-0033466,I.McKenzie,IND,WR,1,0.7,1.7,0.7,1.7,1,7.0,0,13.0
2023,2,00-0035140,M.Hardman,NYJ,WR,1,0.6,1.6,0.6,1.6,1,6.0,0,1.0
2023,2,00-0037098,S.Toure,GB,WR,1,0.6,1.6,0.6,1.6,1,6.0,0,0.0
2023,2,00-0036331,D.Duvernay,BAL,WR,1,1.5,1.5,1.5,1.5,0,0.0,0,0.0
2023,2,00-0033572,J.Agnew,JAX,WR,1,0.5,1.5,0.5,1.5,1,5.0,0,0.0
2023,2,00-0035703,M.Boykin,PIT,WR,1,0.5,1.5,0.5,1.5,1,5.0,0,1.0
2023,2,00-0035406,L.Humphrey,DEN,WR,1,0.4,1.4,0.4,1.4,1,4.0,0,1.0
2023,2,00-0032385,S.Shepard,NYG,WR,1,0.4,1.4,0.4,1.4,1,4.0,0,0.0
2023,2,00-0034297,B.Pringle,WAS,WR,1,0.4,1.4,0.4,1.4,1,4.0,0,2.0
2023,2,00-0038752,J.Bobo,SEA,WR,1,0.3,1.3,0.3,1.3,1,3.0,0,0.0
2023,2,00-0034764,M.Gallup,DAL,WR,1,0.3,1.3,0.3,1.3,1,3.0,0,0.0
2023,2,00-0038627,A.Green,DET,WR,1,0.2,1.2,0.2,1.2,1,2.0,0,1.0
2023,2,00-0037487,D.Thompkins,TB,WR,1,1.1,1.1,1.1,1.1,0,0.0,0,0.0
2023,2,00-0038573,D.Davis,LAC,WR,1,1.0,1.0,1.0,1.0,0,0.0,0,0.0
2023,2,00-0035645,G.Olszewski,PIT,WR,1,0.0,1.0,0.0,1.0,1,0.0,0,0.0
2023,2,00-0036268,L.Shenault,CAR,WR,1,0.7,0.7,0.7,0.7,0,0.0,0,0.0
2023,2,00-0038092,E.Ezukanma,MIA,WR,1,0.5,0.5,0.5,0.5,0,0.0,0,0.0
2023,2,00-0038465,M.Heath,GB,WR,1,0.0,0.0,0.0,0.0,0,0.0,0,0.0
2023,2,00-0028002,R.Cobb,NYJ,WR,1,0.0,0.0,0.0,0.0,0,0.0,0,0.0
2023,2,00-0031763,D.Carter,LV,WR,1,0.0,0.0,0.0,0.0,0,0.0,0,0.0
2023,2,00-0034317,K.Kirkwood,NO,WR,1,0.0,0.0,0.0,0.0,0,0.0,0,0.0
2023,2,00-0038576,C.Jones,CIN,WR,1,0.0,0.0,0.0,0.0,0,0.0,0,0.0
2023,2,00-0033891,Z.Jones,JAX,WR,1,0.0,0.0,0.0,0.0,0,0.0,0,0.0
2023,2,00-0034286,R.James,KC,WR,1,0.0,0.0,0.0,0.0,0,0.0,0,0.0
2023,2,00-0030068,M.Goodwin,CLE,WR,1,0.0,0.0,0.0,0.0,0,0.0,0,0.0
2023,2,00-0032200,T.Montgomery,NE,WR,1,0.0,0.0,0.0,0.0,0,0.0,0,0.0
2023,2,00-0038618,X.Hutchinson,HOU,WR,1,0.0,0.0,0.0,0.0,0,0.0,0,0.0
2023,1,00-0033040,T.Hill,MIA,WR,1,33.5,44.5,33.5,44.5,11,215.0,2,52.0
2023,1,00-0036261,B.Aiyuk,SF,WR,1,24.9,32.9,24.9,32.9,8,129.0,2,20.0
2023,1,00-0034960,J.Meyers,LV,WR,1,20.1,29.1,20.1,29.1,9,81.0,2,17.0
2023,1,00-0031588,S.Diggs,BUF,WR,1,16.2,26.2,16.2,26.2,10,102.0,1,28.0
2023,1,00-0033307,K.Bourne,NE,WR,1,18.4,24.4,18.4,24.4,6,64.0,2,22.0
2023,1,00-0034837,C.Ridley,JAX,WR,1,16.1,24.1,16.1,24.1,8,101.0,1,36.0
2023,1,00-0036322,J.Jefferson,MIN,WR,1,15.0,24.0,15.0,24.0,9,150.0,0,67.0
2023,1,00-0036252,M.Pittman,IND,WR,1,15.7,23.7,15.7,23.7,8,97.0,1,48.0
2023,1,00-0039075,P.Nacua,LA,WR,1,11.9,21.9,11.9,21.9,10,119.0,0,42.0
2023,1,00-0037545,R.Shaheed,NO,WR,1,16.0,21.0,16.0,21.0,5,89.0,1,5.0
2023,1,00-0037239,C.Olave,NO,WR,1,11.2,19.2,11.2,19.2,8,112.0,0,64.0
2023,1,00-0036963,A.St. Brown,DET,WR,1,13.1,19.1,13.1,19.1,6,71.0,1,20.0
2023,1,00-0031408,M.Evans,TB,WR,1,12.6,18.6,12.6,18.6,6,66.0,1,12.0
2023,1,00-0037816,R.Doubs,GB,WR,1,14.6,18.6,14.6,18.6,4,26.0,2,8.0
2023,1,00-0036849,T.Atwell,LA,WR,1,11.9,17.9,11.9,17.9,6,119.0,0,35.0
2023,1,00-0036912,D.Smith,PHI,WR,1,10.7,17.7,10.7,17.7,7,47.0,1,8.0
2023,1,00-0039064,Z.Flowers,BAL,WR,1,8.7,17.7,8.7,17.7,9,78.0,0,51.0
2023,1,00-0033891,Z.Jones,JAX,WR,1,11.5,16.5,11.5,16.5,5,55.0,1,2.0
2023,1,00-0038994,J.Addison,MIN,WR,1,12.1,16.1,12.1,16.1,4,61.0,1,4.0
2023,1,00-0036309,D.Mooney,CHI,WR,1,11.3,15.3,11.3,15.3,4,53.0,1,6.0
2023,1,00-0035676,A.Brown,PHI,WR,1,7.9,14.9,7.9,14.9,7,79.0,0,13.0
2023,1,00-0037740,G.Wilson,NYJ,WR,1,9.4,14.4,9.4,14.4,5,34.0,1,3.0
2023,1,00-0030279,K.Allen,LAC,WR,1,8.2,14.2,8.2,14.2,6,76.0,0,26.0
2023,1,00-0036554,N.Collins,HOU,WR,1,8.0,14.0,8.0,14.0,6,80.0,0,21.0
2023,1,00-0035640,D.Metcalf,SEA,WR,1,10.7,13.7,10.7,13.7,3,47.0,1,11.0
2023,1,00-0030564,D.Hopkins,TEN,WR,1,6.5,13.5,6.5,13.5,7,65.0,0,5.0
2023,1,00-0034348,C.Sutton,DEN,WR,1,9.2,13.2,9.2,13.2,4,32.0,1,4.0
2023,1,00-0034054,R.Cracraft,MIA,WR,1,10.0,13.0,10.0,13.0,3,40.0,1,14.0
2023,1,00-0031381,D.Adams,LV,WR,1,6.6,12.6,6.6,12.6,6,66.0,0,3.0
2023,1,00-0033943,J.Reynolds,DET,WR,1,8.0,12.0,8.0,12.0,4,80.0,0,28.0
2023,1,00-0036613,J.Waddle,MIA,WR,1,7.8,11.8,7.8,11.8,4,78.0,0,38.0
2023,1,00-0036358,C.Lamb,DAL,WR,1,7.7,11.7,7.7,11.7,4,77.0,0,40.0
2023,1,00-0030431,R.Woods,HOU,WR,1,5.7,11.7,5.7,11.7,6,57.0,0,21.0
2023,1,00-0039067,R.Rice,KC,WR,1,8.6,11.6,8.6,11.6,3,29.0,1,15.0
2023,1,00-0031428,A.Robinson,PIT,WR,1,6.4,11.4,6.4,11.4,5,64.0,0,26.0
2023,1,00-0035719,D.Samuel,SF,WR,1,6.3,11.3,6.3,11.3,5,55.0,0,11.0
2023,1,00-0032765,M.Thomas,NO,WR,1,6.1,11.1,6.1,11.1,5,61.0,0,3.0
2023,1,00-0033282,C.Samuel,WAS,WR,1,6.0,11.0,6.0,11.0,5,54.0,0,27.0
2023,1,00-0037801,K.Turpin,DAL,WR,1,8.5,10.5,8.5,10.5,2,11.0,0,5.0
2023,1,00-0033921,C.Godwin,TB,WR,1,5.1,10.1,5.1,10.1,5,51.0,0,12.0
2023,1,00-0036182,N.Westbrook-Ikhine,TEN,WR,1,5.8,9.8,5.8,9.8,4,58.0,0,46.0
2023,1,00-0037837,C.Austin,PIT,WR,1,3.7,9.7,3.7,9.7,6,37.0,0,16.0
2023,1,00-0036980,E.Moore,CLE,WR,1,6.2,9.2,6.2,9.2,3,43.0,0,7.0
2023,1,00-0036900,J.Chase,CIN,WR,1,4.1,9.1,4.1,9.1,5,39.0,0,19.0
2023,1,00-0035406,L.Humphrey,DEN,WR,1,7.1,9.1,7.1,9.1,2,11.0,1,2.0
2023,1,00-0037741,J.Dotson,WAS,WR,1,4.0,9.0,4.0,9.0,5,40.0,0,3.0
2023,1,00-0039052,T.Palmer,TB,WR,1,6.8,8.8,6.8,8.8,2,8.0,1,0.0
2023,1,00-0035662,M.Brown,ARI,WR,1,5.7,8.7,5.7,8.7,3,28.0,0,0.0
2023,1,00-0037247,G.Pickens,PIT,WR,1,3.6,8.6,3.6,8.6,5,36.0,0,10.0
2023,1,00-0033536,M.Williams,LAC,WR,1,4.5,8.5,4.5,8.5,4,45.0,0,10.0
2023,1,00-0038621,D.Douglas,NE,WR,1,4.0,8.0,4.0,8.0,4,40.0,0,8.0
2023,1,00-0035216,D.Johnson,PIT,WR,1,4.8,7.8,4.8,7.8,3,48.0,0,27.0
2023,1,00-0036936,R.Moore,ARI,WR,1,4.5,7.5,4.5,7.5,3,33.0,0,25.0
2023,1,00-0033857,J.Smith-Schuster,NE,WR,1,3.3,7.3,3.3,7.3,4,33.0,0,21.0
2023,1,00-0034419,B.Berrios,MIA,WR,1,4.2,7.2,4.2,7.2,3,42.0,0,1.0
2023,1,00-0034272,M.Valdes-Scantling,KC,WR,1,4.8,6.8,4.8,6.8,2,48.0,0,2.0
2023,1,00-0031544,A.Cooper,CLE,WR,1,3.7,6.7,3.7,6.7,3,37.0,0,1.0
2023,1,00-0034521,A.Lazard,NYJ,WR,1,4.6,6.6,4.6,6.6,2,46.0,0,23.0
2023,1,00-0039146,J.Reed,GB,WR,1,4.6,6.6,4.6,6.6,2,48.0,0,18.0
2023,1,00-0034386,J.Watson,KC,WR,1,4.5,6.5,4.5,6.5,2,45.0,0,4.0
2023,1,00-0036550,R.Bateman,BAL,WR,1,3.5,6.5,3.5,6.5,3,35.0,0,11.0
2023,1,00-0036415,V.Jefferson,LA,WR,1,2.4,6.4,2.4,6.4,4,24.0,0,4.0
2023,1,00-0038977,T.Dell,HOU,WR,1,3.4,6.4,3.4,6.4,3,34.0,0,7.0
2023,1,00-0033555,M.Hollins,ATL,WR,1,3.1,6.1,3.1,6.1,3,31.0,0,1.0
2023,1,00-0036345,K.Osborn,MIN,WR,1,3.1,6.1,3.1,6.1,3,31.0,0,1.0
2023,1,00-0038997,J.Downs,IND,WR,1,3.0,6.0,3.0,6.0,3,30.0,0,23.0
2023,1,00-0031235,O.Beckham,BAL,WR,1,3.7,5.7,3.7,5.7,2,37.0,0,1.0
2023,1,00-0036196,G.Davis,BUF,WR,1,3.2,5.2,3.2,5.2,2,32.0,0,8.0
2023,1,00-0035659,T.McLaurin,WAS,WR,1,3.1,5.1,3.1,5.1,2,31.0,0,11.0
2023,1,00-0037382,B.Johnson,DEN,WR,1,3.1,5.1,3.1,5.1,2,31.0,0,0.0
2023,1,00-0033591,N.Brown,HOU,WR,1,1.9,4.9,1.9,4.9,3,20.0,0,28.0
2023,1,00-0037742,T.Burks,TEN,WR,1,2.7,4.7,2.7,4.7,2,18.0,0,6.0
2023,1,00-0034827,D.Moore,CHI,WR,1,2.5,4.5,2.5,4.5,2,25.0,0,12.0
2023,1,00-0035535,D.Slayton,NYG,WR,1,1.5,4.5,1.5,4.5,3,15.0,0,7.0
2023,1,00-0038543,J.Smith-Njigba,SEA,WR,1,1.3,4.3,1.3,4.3,3,13.0,0,14.0
2023,1,00-0035215,D.Harty,BUF,WR,1,1.3,4.3,1.3,4.3,3,9.0,0,25.0
2023,1,00-0036955,T.Marshall,CAR,WR,1,2.3,4.3,2.3,4.3,2,23.0,0,6.0
2023,1,00-0031236,B.Cooks,DAL,WR,1,2.2,4.2,2.2,4.2,2,22.0,0,2.0
2023,1,00-0036268,L.Shenault,CAR,WR,1,2.1,4.1,2.1,4.1,2,16.0,0,27.0
2023,1,00-0038559,M.Wilson,ARI,WR,1,1.9,3.9,1.9,3.9,2,19.0,0,-1.0
2023,1,00-0037098,S.Toure,GB,WR,1,1.8,3.8,1.8,3.8,2,18.0,0,5.0
2023,1,00-0036271,Q.Watkins,PHI,WR,1,1.7,3.7,1.7,3.7,2,17.0,0,14.0
2023,1,00-0039062,J.Mingo,CAR,WR,1,1.7,3.7,1.7,3.7,2,17.0,0,0.0
2023,1,00-0032200,T.Montgomery,NE,WR,1,1.6,3.6,1.6,3.6,2,9.0,0,11.0
2023,1,00-0036165,I.Hodgins,NYG,WR,1,2.4,3.4,2.4,3.4,1,24.0,0,15.0
2023,1,00-0038941,T.Scott,CHI,WR,1,1.4,3.4,1.4,3.4,2,14.0,0,10.0
2023,1,00-0030035,A.Thielen,CAR,WR,1,1.2,3.2,1.2,3.2,2,12.0,0,3.0
2023,1,00-0032464,K.Raymond,DET,WR,1,2.0,3.0,2.0,3.0,1,20.0,0,3.0
2023,1,00-0037487,D.Thompkins,TB,WR,1,1.0,3.0,1.0,3.0,2,10.0,0,11.0
2023,1,00-0033009,T.Boyd,CIN,WR,1,1.0,3.0,1.0,3.0,2,10.0,0,1.0
2023,1,00-0032211,T.Lockett,SEA,WR,1,1.0,3.0,1.0,3.0,2,10.0,0,1.0
2023,1,00-0038544,Q.Johnston,LAC,WR,1,0.9,2.9,0.9,2.9,2,9.0,0,2.0
2023,1,00-0038976,M.Mims,DEN,WR,1,0.9,2.9,0.9,2.9,2,9.0,0,6.0
2023,1,00-0029293,M.Jones,DET,WR,1,0.8,2.8,0.8,2.8,2,8.0,0,4.0
2023,1,00-0036233,D.Peoples-Jones,CLE,WR,1,1.2,2.2,1.2,2.2,1,12.0,0,0.0
2023,1,00-0034764,M.Gallup,DAL,WR,1,1.0,2.0,1.0,2.0,1,10.0,0,2.0
2023,1,00-0038618,X.Hutchinson,HOU,WR,1,0.9,1.9,0.9,1.9,1,9.0,0,2.0
2023,1,00-0034775,C.Kirk,JAX,WR,1,0.9,1.9,0.9,1.9,1,9.0,0,0.0
2023,1,00-0038092,E.Ezukanma,MIA,WR,1,1.7,1.7,1.7,1.7,0,0.0,0,0.0
2023,1,00-0037216,J.Ross,KC,WR,1,0.6,1.6,0.6,1.6,1,6.0,0,0.0
2023,1,00-0034286,R.James,KC,WR,1,0.6,1.6,0.6,1.6,1,6.0,0,1.0
2023,1,00-0038573,D.Davis,LAC,WR,1,0.5,1.5,0.5,1.5,1,5.0,0,9.0
2023,1,00-0031763,D.Carter,LV,WR,1,0.5,1.5,0.5,1.5,1,5.0,0,7.0
2023,1,00-0037664,A.Pierce,IND,WR,1,0.5,1.5,0.5,1.5,1,5.0,0,1.0
2023,1,00-0036988,J.Palmer,LAC,WR,1,0.4,1.4,0.4,1.4,1,4.0,0,1.0
2023,1,00-0035639,P.Campbell,NYG,WR,1,0.2,1.2,0.2,1.2,1,2.0,0,0.0
2023,1,00-0036913,K.Toney,KC,WR,1,0.0,1.0,0.0,1.0,1,1.0,0,4.0
2023,1,00-0038090,S.Moore,KC,WR,1,0.4,0.4,0.4,0.4,0,0.0,0,0.0
2023,1,00-0032385,S.Shepard,NYG,WR,1,0.0,0.0,0.0,0.0,0,0.0,0,0.0
2023,1,00-0036259,J.Jennings,SF,WR,1,0.0,0.0,0.0,0.0,0,0.0,0,0.0
2023,1,00-0038608,K.Boutte,NE,WR,1,0.0,0.0,0.0,0.0,0,0.0,0,0.0
2023,1,00-0038496,X.Gipson,NYJ,WR,1,0.0,0.0,0.0,0.0,0,0.0,0,0.0
2023,1,00-0030068,M.Goodwin,CLE,WR,1,0.0,0.0,0.0,0.0,0,0.0,0,0.0
2023,1,00-0036410,T.Higgins,CIN,WR,1,0.0,0.0,0.0,0.0,0,0.0,0,0.0
2023,1,00-0034317,K.Kirkwood,NO,WR,1,0.0,0.0,0.0,0.0,0,0.0,0,0.0
2023,1,00-0038938,J.Hyatt,NYG,WR,1,0.0,0.0,0.0,0.0,0,0.0,0,0.0
2023,1,00-0036862,B.Skowronek,LA,WR,1,0.0,0.0,0.0,0.0,0,0.0,0,0.0
2023,1,00-0037666,J.Tolbert,DAL,WR,1,0.0,0.0,0.0,0.0,0,0.0,0,0.0
2023,1,00-0028002,R.Cobb,NYJ,WR,1,0.0,0.0,0.0,0.0,0,0.0,0,0.0
2023,1,00-0032208,P.Dorsett,DEN,WR,1,0.0,0.0,0.0,0.0,0,0.0,0,0.0
2023,1,00-0032398,C.Moore,TEN,WR,1,0.0,0.0,0.0,0.0,0,0.0,0,0.0
2023,1,00-0037257,D.Bell,CLE,WR,1,0.0,0.0,0.0,0.0,0,0.0,0,0.0
2023,1,00-0036326,C.Claypool,CHI,WR,1,0.0,0.0,0.0,0.0,0,0.0,0,0.0
2023,1,00-0038393,D.Wicks,GB,WR,1,0.0,0.0,0.0,0.0,0,0.0,0,0.0
2023,1,00-0038821,R.Jarrett,TB,WR,1,0.0,0.0,0.0,0.0,0,0.0,0,0.0
2023,1,00-0038465,M.Heath,GB,WR,1,0.0,0.0,0.0,0.0,0,0.0,0,0.0
2023,1,00-0033251,Z.Pascal,ARI,WR,1,0.0,0.0,0.0,0.0,0,0.0,0,0.0
2023,1,00-0037238,D.London,ATL,WR,1,0.0,0.0,0.0,0.0,0,0.0,0,0.0
2023,1,00-0033572,J.Agnew,JAX,WR,1,-0.2,-0.2,-0.2,-0.2,0,0.0,0,0.0
2022,22,00-0035676,A.Brown,PHI,WR,1,15.6,21.6,15.6,21.6,6,96.0,1,30.0
2022,22,00-0036912,D.Smith,PHI,WR,1,10.0,17.0,10.0,17.0,7,100.0,0,35.0
2022,22,00-0033857,J.Smith-Schuster,KC,WR,1,5.3,12.3,5.3,12.3,7,53.0,0,15.0
2022,22,00-0038090,S.Moore,KC,WR,1,6.8,7.8,6.8,7.8,1,4.0,1,4.0
2022,22,00-0036913,K.Toney,KC,WR,1,6.5,7.5,6.5,7.5,1,5.0,1,5.0
2022,22,00-0034386,J.Watson,KC,WR,1,1.8,3.8,1.8,3.8,2,18.0,0,1.0
2022,22,00-0033251,Z.Pascal,PHI,WR,1,1.1,3.1,1.1,3.1,2,11.0,0,0.0
2022,22,00-0036271,Q.Watkins,PHI,WR,1,0.8,1.8,0.8,1.8,1,8.0,0,7.0
2022,22,00-0034272,M.Valdes-Scantling,KC,WR,1,0.0,0.0,0.0,0.0,0,0.0,0,0.0
2022,21,00-0034272,M.Valdes-Scantling,KC,WR,1,17.6,23.6,17.6,23.6,6,116.0,1,39.0
2022,21,00-0036410,T.Higgins,CIN,WR,1,14.3,20.3,14.3,20.3,6,83.0,1,11.0
2022,21,00-0036900,J.Chase,CIN,WR,1,7.5,13.5,7.5,13.5,6,75.0,0,32.0
2022,21,00-0035676,A.Brown,PHI,WR,1,2.8,6.8,2.8,6.8,4,28.0,0,17.0
2022,21,00-0033009,T.Boyd,CIN,WR,1,4.0,6.0,4.0,6.0,2,40.0,0,4.0
2022,21,00-0036912,D.Smith,PHI,WR,1,3.6,5.6,3.6,5.6,2,36.0,0,0.0
2022,21,00-0035719,D.Samuel,SF,WR,1,2.4,5.4,2.4,5.4,3,33.0,0,16.0
2022,21,00-0038090,S.Moore,KC,WR,1,1.3,4.3,1.3,4.3,3,13.0,0,14.0
2022,21,00-0035140,M.Hardman,KC,WR,1,1.7,3.7,1.7,3.7,2,10.0,0,3.0
2022,21,00-0033481,M.Kemp,KC,WR,1,1.3,2.3,1.3,2.3,1,13.0,0,2.0
2022,21,00-0036261,B.Aiyuk,SF,WR,1,1.0,2.0,1.0,2.0,1,10.0,0,3.0
2022,21,00-0036913,K.Toney,KC,WR,1,0.9,1.9,0.9,1.9,1,9.0,0,2.0
2022,21,00-0033857,J.Smith-Schuster,KC,WR,1,0.7,1.7,0.7,1.7,1,7.0,0,2.0
2022,21,00-0035341,T.Irwin,CIN,WR,1,0.6,1.6,0.6,1.6,1,6.0,0,2.0
2022,21,00-0036271,Q.Watkins,PHI,WR,1,0.0,0.0,0.0,0.0,0,0.0,0,0.0
2022,21,00-0033251,Z.Pascal,PHI,WR,1,0.0,0.0,0.0,0.0,0,0.0,0,0.0
2022,20,00-0036358,C.Lamb,DAL,WR,1,12.3,22.3,12.3,22.3,10,117.0,0,41.0
2022,20,00-0034775,C.Kirk,JAX,WR,1,13.0,20.0,13.0,20.0,7,52.0,1,13.0
2022,20,00-0036912,D.Smith,PHI,WR,1,12.1,18.1,12.1,18.1,6,61.0,1,34.0
2022,20,00-0036900,J.Chase,CIN,WR,1,12.4,17.4,12.4,17.4,5,61.0,1,42.0
2022,20,00-0033891,Z.Jones,JAX,WR,1,8.3,13.3,8.3,13.3,5,83.0,0,22.0
2022,20,00-0034286,R.James,NYG,WR,1,5.1,12.1,5.1,12.1,7,51.0,0,24.0
2022,20,00-0036913,K.Toney,KC,WR,1,5.0,10.0,5.0,10.0,5,36.0,0,34.0
2022,20,00-0035719,D.Samuel,SF,WR,1,5.6,9.6,5.6,9.6,4,45.0,0,28.0
2022,20,00-0034272,M.Valdes-Scantling,KC,WR,1,6.6,7.6,6.6,7.6,1,6.0,1,0.0
2022,20,00-0031588,S.Diggs,BUF,WR,1,3.5,7.5,3.5,7.5,4,35.0,0,2.0
2022,20,00-0029000,C.Beasley,BUF,WR,1,3.3,6.3,3.3,6.3,3,33.0,0,16.0
2022,20,00-0037261,K.Shakir,BUF,WR,1,4.0,6.0,4.0,6.0,2,40.0,0,9.0
2022,20,00-0036410,T.Higgins,CIN,WR,1,2.8,5.8,2.8,5.8,3,28.0,0,8.0
2022,20,00-0036196,G.Davis,BUF,WR,1,3.4,5.4,3.4,5.4,2,34.0,0,0.0
2022,20,00-0035676,A.Brown,PHI,WR,1,2.2,5.2,2.2,5.2,3,22.0,0,4.0
2022,20,00-0033857,J.Smith-Schuster,KC,WR,1,2.9,4.9,2.9,4.9,2,29.0,0,3.0
2022,20,00-0036261,B.Aiyuk,SF,WR,1,2.6,4.6,2.6,4.6,2,26.0,0,4.0
2022,20,00-0036259,J.Jennings,SF,WR,1,2.6,4.6,2.6,4.6,2,26.0,0,8.0
2022,20,00-0033591,N.Brown,DAL,WR,1,2.1,4.1,2.1,4.1,2,21.0,0,12.0
2022,20,00-0033009,T.Boyd,CIN,WR,1,2.3,3.3,2.3,3.3,1,23.0,0,2.0
2022,20,00-0029293,M.Jones,JAX,WR,1,2.1,3.1,2.1,3.1,1,21.0,0,4.0
2022,20,00-0033466,I.McKenzie,BUF,WR,1,1.0,3.0,1.0,3.0,2,10.0,0,16.0
2022,20,00-0032980,M.Johnson,NYG,WR,1,1.7,2.7,1.7,2.7,1,17.0,0,0.0
2022,20,00-0033572,J.Agnew,JAX,WR,1,0.7,2.7,0.7,2.7,2,5.0,0,3.0
2022,20,00-0029608,T.Hilton,DAL,WR,1,1.5,2.5,1.5,2.5,1,15.0,0,0.0
2022,20,00-0035341,T.Irwin,CIN,WR,1,1.3,2.3,1.3,2.3,1,13.0,0,1.0
2022,20,00-0034386,J.Watson,KC,WR,1,1.2,2.2,1.2,2.2,1,12.0,0,0.0
2022,20,00-0037801,K.Turpin,DAL,WR,1,0.8,1.8,0.8,1.8,1,8.0,0,0.0
2022,20,00-0035535,D.Slayton,NYG,WR,1,0.4,1.4,0.4,1.4,1,4.0,0,0.0
2022,20,00-0033251,Z.Pascal,PHI,WR,1,0.4,1.4,0.4,1.4,1,4.0,0,2.0
2022,20,00-0036165,I.Hodgins,NYG,WR,1,0.3,1.3,0.3,1.3,1,3.0,0,0.0
2022,20,00-0038090,S.Moore,KC,WR,1,0.3,1.3,0.3,1.3,1,0.0,0,3.0
2022,20,00-0034764,M.Gallup,DAL,WR,1,0.0,0.0,0.0,0.0,0,0.0,0,0.0
2022,19,00-0035640,D.Metcalf,SEA,WR,1,25.6,35.6,25.6,35.6,10,136.0,2,45.0
2022,19,00-0035719,D.Samuel,SF,WR,1,22.5,28.5,22.5,28.5,6,133.0,1,111.0
2022,19,00-0036165,I.Hodgins,NYG,WR,1,16.5,24.5,16.5,24.5,8,105.0,1,35.0
2022,19,00-0036900,J.Chase,CIN,WR,1,14.4,23.4,14.4,23.4,9,84.0,1,25.0
2022,19,00-0036196,G.Davis,BUF,WR,1,17.3,23.3,17.3,23.3,6,113.0,1,7.0
2022,19,00-0034775,C.Kirk,JAX,WR,1,13.8,21.8,13.8,21.8,8,78.0,1,26.0
2022,19,00-0033891,Z.Jones,JAX,WR,1,13.4,21.4,13.4,21.4,8,74.0,1,-2.0
2022,19,00-0027944,J.Jones,TB,WR,1,13.4,20.4,13.4,20.4,7,74.0,1,17.0
2022,19,00-0033921,C.Godwin,TB,WR,1,8.5,18.5,8.5,18.5,10,85.0,0,53.0
2022,19,00-0031588,S.Diggs,BUF,WR,1,11.4,18.4,11.4,18.4,7,114.0,0,18.0
2022,19,00-0036358,C.Lamb,DAL,WR,1,12.8,16.8,12.8,16.8,4,68.0,1,17.0
2022,19,00-0034764,M.Gallup,DAL,WR,1,10.6,15.6,10.6,15.6,5,46.0,1,9.0
2022,19,00-0033040,T.Hill,MIA,WR,1,7.4,14.4,7.4,14.4,7,69.0,0,35.0
2022,19,00-0031408,M.Evans,TB,WR,1,7.4,13.4,7.4,13.4,6,74.0,0,17.0
2022,19,00-0035535,D.Slayton,NYG,WR,1,9.1,13.1,9.1,13.1,4,88.0,0,45.0
2022,19,00-0032775,D.Robinson,BAL,WR,1,10.9,12.9,10.9,12.9,2,49.0,1,15.0
2022,19,00-0030279,K.Allen,LAC,WR,1,6.1,12.1,6.1,12.1,6,61.0,0,34.0
2022,19,00-0029293,M.Jones,JAX,WR,1,8.9,11.9,8.9,11.9,3,29.0,1,10.0
2022,19,00-0036322,J.Jefferson,MIN,WR,1,4.6,11.6,4.6,11.6,7,47.0,0,7.0
2022,19,00-0029000,C.Beasley,BUF,WR,1,9.5,11.5,9.5,11.5,2,35.0,1,28.0
2022,19,00-0036261,B.Aiyuk,SF,WR,1,7.3,10.3,7.3,10.3,3,73.0,0,17.0
2022,19,00-0036345,K.Osborn,MIN,WR,1,8.0,10.0,8.0,10.0,2,20.0,1,4.0
2022,19,00-0032211,T.Lockett,SEA,WR,1,3.9,9.9,3.9,9.9,6,39.0,0,6.0
2022,19,00-0036613,J.Waddle,MIA,WR,1,5.2,8.2,5.2,8.2,3,44.0,0,6.0
2022,19,00-0037261,K.Shakir,BUF,WR,1,5.1,8.1,5.1,8.1,3,51.0,0,1.0
2022,19,00-0030035,A.Thielen,MIN,WR,1,5.0,8.0,5.0,8.0,3,50.0,0,5.0
2022,19,00-0036410,T.Higgins,CIN,WR,1,3.7,7.7,3.7,7.7,4,37.0,0,15.0
2022,19,00-0034286,R.James,NYG,WR,1,3.1,7.1,3.1,7.1,4,31.0,0,20.0
2022,19,00-0036810,C.Johnson,SEA,WR,1,3.9,6.9,3.9,6.9,3,39.0,0,6.0
2022,19,00-0036259,J.Jennings,SF,WR,1,4.1,6.1,4.1,6.1,2,41.0,0,7.0
2022,19,00-0033009,T.Boyd,CIN,WR,1,2.6,5.6,2.6,5.6,3,26.0,0,8.0
2022,19,00-0036988,J.Palmer,LAC,WR,1,3.1,5.1,3.1,5.1,2,31.0,0,9.0
2022,19,00-0029608,T.Hilton,DAL,WR,1,2.3,4.3,2.3,4.3,2,23.0,0,12.0
2022,19,00-0033591,N.Brown,DAL,WR,1,1.8,3.8,1.8,3.8,2,18.0,0,22.0
2022,19,00-0031763,D.Carter,LAC,WR,1,1.7,3.7,1.7,3.7,2,17.0,0,5.0
2022,19,00-0034411,R.Gage,TB,WR,1,1.0,3.0,1.0,3.0,2,10.0,0,13.0
2022,19,00-0034418,C.Wilson,MIA,WR,1,1.4,2.4,1.4,2.4,1,14.0,0,6.0
2022,19,00-0031325,S.Watkins,BAL,WR,1,1.2,2.2,1.2,2.2,1,12.0,0,5.0
2022,19,00-0037093,D.Young,SEA,WR,1,1.1,2.1,1.1,2.1,1,11.0,0,1.0
2022,19,00-0033572,J.Agnew,JAX,WR,1,0.2,1.2,0.2,1.2,1,2.0,0,4.0
2022,19,00-0034487,T.Sherfield,MIA,WR,1,0.0,0.0,0.0,0.0,0,0.0,0,0.0
2022,19,00-0031051,J.Brown,BUF,WR,1,0.0,0.0,0.0,0.0,0,0.0,0,0.0
2022,18,00-0030279,K.Allen,LAC,WR,1,22.2,30.2,22.2,30.2,8,102.0,2,46.0
2022,18,00-0031547,D.Parker,NE,WR,1,19.9,25.9,19.9,25.9,6,79.0,2,9.0
2022,18,00-0036407,J.Jeudy,DEN,WR,1,19.3,24.3,19.3,24.3,5,154.0,0,28.0
2022,18,00-0031588,S.Diggs,BUF,WR,1,16.4,23.4,16.4,23.4,7,104.0,1,7.0
2022,18,00-0036900,J.Chase,CIN,WR,1,14.6,22.6,14.6,22.6,8,86.0,1,21.0
2022,18,00-0034775,C.Kirk,JAX,WR,1,15.9,21.9,15.9,21.9,6,99.0,1,11.0
2022,18,00-0031236,B.Cooks,HOU,WR,1,16.6,21.6,16.6,21.6,5,106.0,1,21.0
2022,18,00-0034983,H.Renfrow,LV,WR,1,12.3,19.3,12.3,19.3,7,63.0,1,30.0
2022,18,00-0027942,A.Green,ARI,WR,1,15.1,18.1,15.1,18.1,3,91.0,1,40.0
2022,18,00-0037238,D.London,ATL,WR,1,12.0,18.0,12.0,18.0,6,120.0,0,27.0
2022,18,00-0037740,G.Wilson,NYJ,WR,1,8.9,17.9,8.9,17.9,9,89.0,0,22.0
2022,18,00-0037239,C.Olave,NO,WR,1,12.0,17.0,12.0,17.0,5,60.0,1,28.0
2022,18,00-0036345,K.Osborn,MIN,WR,1,11.7,16.7,11.7,16.7,5,117.0,0,47.0
2022,18,00-0038124,C.Watson,GB,WR,1,11.6,16.6,11.6,16.6,5,104.0,0,36.0
2022,18,00-0035659,T.McLaurin,WAS,WR,1,13.4,16.4,13.4,16.4,3,74.0,1,13.0
2022,18,00-0037247,G.Pickens,PIT,WR,1,13.2,16.2,13.2,16.2,3,72.0,1,5.0
2022,18,00-0036358,C.Lamb,DAL,WR,1,11.2,16.2,11.2,16.2,5,52.0,1,18.0
2022,18,00-0032211,T.Lockett,SEA,WR,1,11.4,15.4,11.4,15.4,4,54.0,1,10.0
2022,18,00-0034521,A.Lazard,GB,WR,1,10.1,14.1,10.1,14.1,4,41.0,1,15.0
2022,18,00-0037745,V.Jones,CHI,WR,1,13.0,14.0,13.0,14.0,1,28.0,0,1.0
2022,18,00-0035208,O.Zaccheaus,ATL,WR,1,9.7,13.7,9.7,13.7,4,37.0,1,14.0
2022,18,00-0036912,D.Smith,PHI,WR,1,6.7,13.7,6.7,13.7,7,67.0,0,50.0
2022,18,00-0035676,A.Brown,PHI,WR,1,9.5,13.5,9.5,13.5,4,95.0,0,34.0
2022,18,00-0035639,P.Campbell,IND,WR,1,6.8,12.8,6.8,12.8,6,42.0,0,5.0
2022,18,00-0036913,K.Toney,KC,WR,1,10.4,12.4,10.4,12.4,2,18.0,0,17.0
2022,18,00-0031381,D.Adams,LV,WR,1,7.3,12.3,7.3,12.3,5,73.0,0,13.0
2022,18,00-0034348,C.Sutton,DEN,WR,1,9.3,12.3,9.3,12.3,3,33.0,1,2.0
2022,18,00-0034960,J.Meyers,NE,WR,1,9.2,12.2,9.2,12.2,3,32.0,1,21.0
2022,18,00-0036252,M.Pittman,IND,WR,1,9.0,12.0,9.0,12.0,3,30.0,1,22.0
2022,18,00-0036849,T.Atwell,LA,WR,1,9.8,11.8,9.8,11.8,2,27.0,0,6.0
2022,18,00-0033921,C.Godwin,TB,WR,1,5.5,11.5,5.5,11.5,6,55.0,0,30.0
2022,18,00-0031051,J.Brown,BUF,WR,1,10.2,11.2,10.2,11.2,1,42.0,1,0.0
2022,18,00-0033932,K.Golladay,NYG,WR,1,9.0,11.0,9.0,11.0,2,30.0,1,0.0
2022,18,00-0036963,A.St. Brown,DET,WR,1,4.9,10.9,4.9,10.9,6,49.0,0,21.0
2022,18,00-0032464,K.Raymond,DET,WR,1,6.6,10.6,6.6,10.6,4,66.0,0,8.0
2022,18,00-0034411,R.Gage,TB,WR,1,7.5,10.5,7.5,10.5,3,15.0,1,9.0
2022,18,00-0036613,J.Waddle,MIA,WR,1,5.3,10.3,5.3,10.3,5,44.0,0,14.0
2022,18,00-0037291,J.Nailor,MIN,WR,1,6.2,10.2,6.2,10.2,4,62.0,0,31.0
2022,18,00-0037741,J.Dotson,WAS,WR,1,7.2,10.2,7.2,10.2,3,72.0,0,49.0
2022,18,00-0033009,T.Boyd,CIN,WR,1,5.1,10.1,5.1,10.1,5,51.0,0,19.0
2022,18,00-0031325,S.Watkins,BAL,WR,1,7.9,9.9,7.9,9.9,2,79.0,0,48.0
2022,18,00-0036261,B.Aiyuk,SF,WR,1,5.9,9.9,5.9,9.9,4,59.0,0,9.0
2022,18,00-0030035,A.Thielen,MIN,WR,1,7.2,9.2,7.2,9.2,2,8.0,1,0.0
2022,18,00-0036415,V.Jefferson,LA,WR,1,6.1,9.1,6.1,9.1,3,61.0,0,16.0
2022,18,00-0035500,G.Dortch,ARI,WR,1,4.5,8.5,4.5,8.5,4,30.0,0,25.0
2022,18,00-0033307,K.Bourne,NE,WR,1,4.5,8.5,4.5,8.5,4,45.0,0,22.0
2022,18,00-0037487,D.Thompkins,TB,WR,1,4.2,8.2,4.2,8.2,4,25.0,0,29.0
2022,18,00-0030431,R.Woods,TEN,WR,1,4.0,8.0,4.0,8.0,4,40.0,0,12.0
2022,18,00-0036988,J.Palmer,LAC,WR,1,3.9,7.9,3.9,7.9,4,39.0,0,27.0
2022,18,00-0036322,J.Jefferson,MIN,WR,1,3.8,7.8,3.8,7.8,4,38.0,0,16.0
2022,18,00-0034386,J.Watson,KC,WR,1,6.7,7.7,6.7,7.7,1,67.0,0,31.0
2022,18,00-0036247,F.Swain,DEN,WR,1,5.4,7.4,5.4,7.4,2,54.0,0,10.0
2022,18,00-0031763,D.Carter,LAC,WR,1,4.3,7.3,4.3,7.3,3,43.0,0,27.0
2022,18,00-0037664,A.Pierce,IND,WR,1,4.2,7.2,4.2,7.2,3,42.0,0,3.0
2022,18,00-0033536,M.Williams,LAC,WR,1,3.2,7.2,3.2,7.2,4,32.0,0,17.0
2022,18,00-0037545,R.Shaheed,NO,WR,1,4.1,7.1,4.1,7.1,3,34.0,0,5.0
2022,18,00-0031544,A.Cooper,CLE,WR,1,5.1,7.1,5.1,7.1,2,51.0,0,15.0
2022,18,00-0035640,D.Metcalf,SEA,WR,1,4.0,7.0,4.0,7.0,3,40.0,0,1.0
2022,18,00-0036196,G.Davis,BUF,WR,1,3.9,6.9,3.9,6.9,3,39.0,0,0.0
2022,18,00-0032980,M.Johnson,NYG,WR,1,3.6,6.6,3.6,6.6,3,36.0,0,10.0
2022,18,00-0036233,D.Peoples-Jones,CLE,WR,1,4.2,6.2,4.2,6.2,2,42.0,0,26.0
2022,18,00-0033891,Z.Jones,JAX,WR,1,2.1,6.1,2.1,6.1,4,21.0,0,6.0
2022,18,00-0037742,T.Burks,TEN,WR,1,1.9,5.9,1.9,5.9,4,19.0,0,27.0
2022,18,00-0035216,D.Johnson,PIT,WR,1,3.8,5.8,3.8,5.8,2,38.0,0,21.0
2022,18,00-0034272,M.Valdes-Scantling,KC,WR,1,2.7,5.7,2.7,5.7,3,27.0,0,4.0
2022,18,00-0033857,J.Smith-Schuster,KC,WR,1,3.5,5.5,3.5,5.5,2,35.0,0,11.0
2022,18,00-0036991,A.Rodgers,HOU,WR,1,2.2,5.2,2.2,5.2,3,22.0,0,9.0
2022,18,00-0036326,C.Claypool,CHI,WR,1,2.9,4.9,2.9,4.9,2,29.0,0,6.0
2022,18,00-0029293,M.Jones,JAX,WR,1,2.9,4.9,2.9,4.9,2,29.0,0,10.0
2022,18,00-0034777,D.Chark,DET,WR,1,1.4,4.4,1.4,4.4,3,14.0,0,3.0
2022,18,00-0035719,D.Samuel,SF,WR,1,2.4,4.4,2.4,4.4,2,20.0,0,28.0
2022,18,00-0032775,D.Robinson,BAL,WR,1,2.4,4.4,2.4,4.4,2,24.0,0,13.0
2022,18,00-0037093,D.Young,SEA,WR,1,2.4,4.4,2.4,4.4,2,24.0,0,23.0
2022,18,00-0036955,T.Marshall,CAR,WR,1,2.3,4.3,2.3,4.3,2,23.0,0,9.0
2022,18,00-0033040,T.Hill,MIA,WR,1,2.3,4.3,2.3,4.3,2,23.0,0,1.0
2022,18,00-0036387,J.Reagor,MIN,WR,1,2.2,4.2,2.2,4.2,2,17.0,0,1.0
2022,18,00-0036810,C.Johnson,SEA,WR,1,2.1,4.1,2.1,4.1,2,21.0,0,6.0
2022,18,00-0032398,C.Moore,HOU,WR,1,2.0,4.0,2.0,4.0,2,22.0,0,0.0
2022,18,00-0029608,T.Hilton,DAL,WR,1,1.9,3.9,1.9,3.9,2,19.0,0,5.0
2022,18,00-0033466,I.McKenzie,BUF,WR,1,1.9,3.9,1.9,3.9,2,19.0,0,7.0
2022,18,00-0034860,D.Pettis,CHI,WR,1,1.9,3.9,1.9,3.9,2,19.0,0,8.0
2022,18,00-0037261,K.Shakir,BUF,WR,1,2.8,3.8,2.8,3.8,1,28.0,0,15.0
2022,18,00-0033555,M.Hollins,LV,WR,1,1.5,3.5,1.5,3.5,2,15.0,0,10.0
2022,18,00-0036271,Q.Watkins,PHI,WR,1,1.4,3.4,1.4,3.4,2,14.0,0,10.0
2022,18,00-0033111,P.Cooper,ARI,WR,1,1.3,3.3,1.3,3.3,2,6.0,0,12.0
2022,18,00-0028002,R.Cobb,GB,WR,1,1.1,3.1,1.1,3.1,2,11.0,0,7.0
2022,18,00-0034646,B.Powell,LA,WR,1,1.7,2.7,1.7,2.7,1,2.0,0,5.0
2022,18,00-0033871,C.Davis,NYJ,WR,1,1.7,2.7,1.7,2.7,1,17.0,0,12.0
2022,18,00-0033943,J.Reynolds,DET,WR,1,1.6,2.6,1.6,2.6,1,16.0,0,0.0
2022,18,00-0037300,M.Woods,CLE,WR,1,1.5,2.5,1.5,2.5,1,15.0,0,9.0
2022,18,00-0036951,F.Darby,ATL,WR,1,1.5,2.5,1.5,2.5,1,15.0,0,1.0
2022,18,00-0038104,T.Thornton,NE,WR,1,1.3,2.3,1.3,2.3,1,13.0,0,6.0
2022,18,00-0036630,T.Wallace,BAL,WR,1,1.2,2.2,1.2,2.2,1,12.0,0,5.0
2022,18,00-0035341,T.Irwin,CIN,WR,1,1.2,2.2,1.2,2.2,1,12.0,0,4.0
2022,18,00-0036980,E.Moore,NYJ,WR,1,1.1,2.1,1.1,2.1,1,11.0,0,-4.0
2022,18,00-0034764,M.Gallup,DAL,WR,1,1.0,2.0,1.0,2.0,1,10.0,0,1.0
2022,18,00-0034827,D.Moore,CAR,WR,1,1.0,2.0,1.0,2.0,1,10.0,0,1.0
2022,18,00-0033591,N.Brown,DAL,WR,1,1.0,2.0,1.0,2.0,1,10.0,0,4.0
2022,18,00-0036259,J.Jennings,SF,WR,1,1.0,2.0,1.0,2.0,1,10.0,0,3.0
2022,18,00-0036268,L.Shenault,CAR,WR,1,0.9,1.9,0.9,1.9,1,8.0,0,9.0
2022,18,00-0032054,B.Perriman,TB,WR,1,0.9,1.9,0.9,1.9,1,9.0,0,7.0
2022,18,00-0035298,S.Miller,TB,WR,1,0.8,1.8,0.8,1.8,1,8.0,0,6.0
2022,18,00-0033572,J.Agnew,JAX,WR,1,0.8,1.8,0.8,1.8,1,8.0,0,12.0
2022,18,00-0035662,M.Brown,ARI,WR,1,0.7,1.7,0.7,1.7,1,7.0,0,0.0
2022,18,00-0036410,T.Higgins,CIN,WR,1,0.7,1.7,0.7,1.7,1,7.0,0,0.0
2022,18,00-0035624,N.Harry,CHI,WR,1,0.7,1.7,0.7,1.7,1,7.0,0,0.0
2022,18,00-0034928,S.Sims,PIT,WR,1,1.6,1.6,1.6,1.6,0,0.0,0,0.0
2022,18,00-0035876,A.Baccellia,ARI,WR,1,0.6,1.6,0.6,1.6,1,6.0,0,0.0
2022,18,00-0034765,T.Smith,NO,WR,1,0.6,1.6,0.6,1.6,1,6.0,0,1.0
2022,18,00-0033681,K.Cole,LV,WR,1,0.5,1.5,0.5,1.5,1,5.0,0,2.0
2022,18,00-0034054,R.Cracraft,MIA,WR,1,0.5,1.5,0.5,1.5,1,5.0,0,0.0
2022,18,00-0034297,B.Pringle,CHI,WR,1,0.5,1.5,0.5,1.5,1,5.0,0,0.0
2022,18,00-0034279,E.St. Brown,CHI,WR,1,0.3,1.3,0.3,1.3,1,3.0,0,-1.0
2022,18,00-0038092,E.Ezukanma,MIA,WR,1,0.3,1.3,0.3,1.3,1,3.0,0,7.0
2022,18,00-0031868,D.Byrd,ATL,WR,1,0.0,1.0,0.0,1.0,1,0.0,0,0.0
2022,18,00-0035645,G.Olszewski,PIT,WR,1,0.4,0.4,0.4,0.4,0,0.0,0,0.0
2022,18,00-0036652,R.McMath,TEN,WR,1,0.4,0.4,0.4,0.4,0,0.0,0,0.0
2022,18,00-0033282,C.Samuel,WAS,WR,1,-0.6,0.4,-0.6,0.4,1,-2.0,0,1.0
2022,18,00-0036182,N.Westbrook-Ikhine,TEN,WR,1,0.0,0.0,0.0,0.0,0,0.0,0,0.0
2022,18,00-0037816,R.Doubs,GB,WR,1,0.0,0.0,0.0,0.0,0,0.0,0,0.0
2022,18,00-0036219,M.Callaway,NO,WR,1,0.0,0.0,0.0,0.0,0,0.0,0,0.0
2022,18,00-0031549,N.Agholor,NE,WR,1,0.0,0.0,0.0,0.0,0,0.0,0,0.0
2022,18,00-0036572,S.Smith,CAR,WR,1,0.0,0.0,0.0,0.0,0,0.0,0,0.0
2022,18,00-0036133,J.Proche,BAL,WR,1,0.0,0.0,0.0,0.0,0,0.0,0,0.0
2022,18,00-0034104,C.Sims,WAS,WR,1,0.0,0.0,0.0,0.0,0,0.0,0,0.0
2022,18,00-0037257,D.Bell,CLE,WR,1,0.0,0.0,0.0,0.0,0,0.0,0,0.0
2022,18,00-0038149,J.Ali,ATL,WR,1,0.0,0.0,0.0,0.0,0,0.0,0,0.0
2022,18,00-0037240,J.Williams,DET,WR,1,0.0,0.0,0.0,0.0,0,0.0,0,0.0
2022,17,00-0031408,M.Evans,TB,WR,1,38.7,48.7,38.7,48.7,10,207.0,3,48.0
2022,17,00-0031381,D.Adams,LV,WR,1,27.3,34.3,27.3,34.3,7,153.0,2,44.0
2022,17,00-0036261,B.Aiyuk,SF,WR,1,17.7,26.7,17.7,26.7,9,101.0,1,23.0
2022,17,00-0031544,A.Cooper,CLE,WR,1,22.5,25.5,22.5,25.5,3,105.0,2,58.0
2022,17,00-0034827,D.Moore,CAR,WR,1,17.7,23.7,17.7,23.7,6,117.0,1,24.0
2022,17,00-0036358,C.Lamb,DAL,WR,1,10.0,21.0,10.0,21.0,11,100.0,0,48.0
2022,17,00-0033921,C.Godwin,TB,WR,1,12.0,21.0,12.0,21.0,9,120.0,0,69.0
2022,17,00-0034286,R.James,NYG,WR,1,13.6,20.6,13.6,20.6,7,76.0,1,30.0
2022,17,00-0036912,D.Smith,PHI,WR,1,11.5,20.5,11.5,20.5,9,115.0,0,57.0
2022,17,00-0035676,A.Brown,PHI,WR,1,15.7,19.7,15.7,19.7,4,97.0,1,51.0
2022,17,00-0036345,K.Osborn,MIN,WR,1,11.9,18.9,11.9,18.9,7,59.0,1,27.0
2022,17,00-0037291,J.Nailor,MIN,WR,1,14.9,17.9,14.9,17.9,3,89.0,1,31.0
2022,17,00-0036572,S.Smith,CAR,WR,1,13.0,17.0,13.0,17.0,4,70.0,1,17.0
2022,17,00-0034960,J.Meyers,NE,WR,1,10.9,16.9,10.9,16.9,6,49.0,1,16.0
2022,17,00-0033536,M.Williams,LAC,WR,1,9.4,16.4,9.4,16.4,7,94.0,0,36.0
2022,17,00-0036252,M.Pittman,IND,WR,1,10.1,16.1,10.1,16.1,6,41.0,1,8.0
2022,17,00-0033040,T.Hill,MIA,WR,1,11.7,15.7,11.7,15.7,4,55.0,0,5.0
2022,17,00-0038104,T.Thornton,NE,WR,1,12.0,15.0,12.0,15.0,3,60.0,1,3.0
2022,17,00-0030431,R.Woods,TEN,WR,1,9.9,14.9,9.9,14.9,5,39.0,1,9.0
2022,17,00-0036165,I.Hodgins,NYG,WR,1,10.2,14.2,10.2,14.2,4,42.0,1,14.0
2022,17,00-0037545,R.Shaheed,NO,WR,1,7.9,13.9,7.9,13.9,6,79.0,0,35.0
2022,17,00-0037742,T.Burks,TEN,WR,1,8.6,12.6,8.6,12.6,4,66.0,0,18.0
2022,17,00-0035662,M.Brown,ARI,WR,1,6.1,12.1,6.1,12.1,6,61.0,0,21.0
2022,17,00-0029293,M.Jones,JAX,WR,1,6.1,12.1,6.1,12.1,6,61.0,0,9.0
2022,17,00-0030279,K.Allen,LAC,WR,1,6.8,11.8,6.8,11.8,5,60.0,0,20.0
2022,17,00-0036913,K.Toney,KC,WR,1,7.1,11.1,7.1,11.1,4,71.0,0,23.0
2022,17,00-0034521,A.Lazard,GB,WR,1,5.9,10.9,5.9,10.9,5,59.0,0,9.0
2022,17,00-0036407,J.Jeudy,DEN,WR,1,3.8,10.8,3.8,10.8,7,38.0,0,39.0
2022,17,00-0036415,V.Jefferson,LA,WR,1,7.7,10.7,7.7,10.7,3,77.0,0,1.0
2022,17,00-0036963,A.St. Brown,DET,WR,1,6.2,10.2,6.2,10.2,4,62.0,0,16.0
2022,17,00-0037238,D.London,ATL,WR,1,4.7,9.7,4.7,9.7,5,47.0,0,9.0
2022,17,00-0029608,T.Hilton,DAL,WR,1,5.0,9.0,5.0,9.0,4,50.0,0,28.0
2022,17,00-0034348,C.Sutton,DEN,WR,1,4.4,8.4,4.4,8.4,4,44.0,0,6.0
2022,17,00-0036233,D.Peoples-Jones,CLE,WR,1,7.3,8.3,7.3,8.3,1,13.0,1,8.0
2022,17,00-0035639,P.Campbell,IND,WR,1,5.3,8.3,5.3,8.3,3,52.0,0,11.0
2022,17,00-0037239,C.Olave,NO,WR,1,4.2,8.2,4.2,8.2,4,42.0,0,5.0
2022,17,00-0036613,J.Waddle,MIA,WR,1,5.2,8.2,5.2,8.2,3,52.0,0,23.0
2022,17,00-0031236,B.Cooks,HOU,WR,1,3.9,7.9,3.9,7.9,4,39.0,0,12.0
2022,17,00-0034777,D.Chark,DET,WR,1,5.6,7.6,5.6,7.6,2,56.0,0,15.0
2022,17,00-0033871,C.Davis,NYJ,WR,1,4.5,7.5,4.5,7.5,3,45.0,0,0.0
2022,17,00-0032464,K.Raymond,DET,WR,1,4.4,7.4,4.4,7.4,3,40.0,0,18.0
2022,17,00-0033555,M.Hollins,LV,WR,1,4.0,7.0,4.0,7.0,3,40.0,0,13.0
2022,17,00-0034764,M.Gallup,DAL,WR,1,3.9,6.9,3.9,6.9,3,39.0,0,7.0
2022,17,00-0037741,J.Dotson,WAS,WR,1,3.7,6.7,3.7,6.7,3,37.0,0,0.0
2022,17,00-0036259,J.Jennings,SF,WR,1,4.6,6.6,4.6,6.6,2,46.0,0,11.0
2022,17,00-0034928,S.Sims,PIT,WR,1,3.4,6.4,3.4,6.4,3,34.0,0,15.0
2022,17,00-0034411,R.Gage,TB,WR,1,3.3,6.3,3.3,6.3,3,33.0,0,18.0
2022,17,00-0038090,S.Moore,KC,WR,1,3.3,6.3,3.3,6.3,3,33.0,0,41.0
2022,17,00-0035659,T.McLaurin,WAS,WR,1,3.7,5.7,3.7,5.7,2,25.0,0,10.0
2022,17,00-0035216,D.Johnson,PIT,WR,1,3.5,5.5,3.5,5.5,2,35.0,0,17.0
2022,17,00-0035500,G.Dortch,ARI,WR,1,1.5,5.5,1.5,5.5,4,15.0,0,3.0
2022,17,00-0033891,Z.Jones,JAX,WR,1,2.4,5.4,2.4,5.4,3,24.0,0,11.0
2022,17,00-0034407,R.McCloud,SF,WR,1,4.2,5.2,4.2,5.2,1,42.0,0,43.0
2022,17,00-0032398,C.Moore,HOU,WR,1,2.1,5.1,2.1,5.1,3,21.0,0,3.0
2022,17,00-0034487,T.Sherfield,MIA,WR,1,3.0,5.0,3.0,5.0,2,30.0,0,11.0
2022,17,00-0037816,R.Doubs,GB,WR,1,2.0,5.0,2.0,5.0,3,20.0,0,15.0
2022,17,00-0034983,H.Renfrow,LV,WR,1,1.9,4.9,1.9,4.9,3,19.0,0,20.0
2022,17,00-0036652,R.McMath,TEN,WR,1,3.9,4.9,3.9,4.9,1,39.0,0,3.0
2022,17,00-0037247,G.Pickens,PIT,WR,1,2.9,4.9,2.9,4.9,2,29.0,0,0.0
2022,17,00-0034272,M.Valdes-Scantling,KC,WR,1,2.8,4.8,2.8,4.8,2,28.0,0,3.0
2022,17,00-0037740,G.Wilson,NYJ,WR,1,1.8,4.8,1.8,4.8,3,18.0,0,3.0
2022,17,00-0037664,A.Pierce,IND,WR,1,1.5,4.5,1.5,4.5,3,15.0,0,9.0
2022,17,00-0032208,P.Dorsett,HOU,WR,1,1.4,4.4,1.4,4.4,3,14.0,0,14.0
2022,17,00-0033857,J.Smith-Schuster,KC,WR,1,2.1,4.1,2.1,4.1,2,21.0,0,15.0
2022,17,00-0034775,C.Kirk,JAX,WR,1,2.1,4.1,2.1,4.1,2,21.0,0,10.0
2022,17,00-0036268,L.Shenault,CAR,WR,1,2.0,4.0,2.0,4.0,2,13.0,0,24.0
2022,17,00-0034279,E.St. Brown,CHI,WR,1,2.0,4.0,2.0,4.0,2,20.0,0,4.0
2022,17,00-0037240,J.Williams,DET,WR,1,4.0,4.0,4.0,4.0,0,0.0,0,0.0
2022,17,00-0028002,R.Cobb,GB,WR,1,2.0,4.0,2.0,4.0,2,20.0,0,10.0
2022,17,00-0036980,E.Moore,NYJ,WR,1,1.8,3.8,1.8,3.8,2,18.0,0,0.0
2022,17,00-0027942,A.Green,ARI,WR,1,1.7,3.7,1.7,3.7,2,17.0,0,2.0
2022,17,00-0034386,J.Watson,KC,WR,1,2.7,3.7,2.7,3.7,1,27.0,0,0.0
2022,17,00-0036991,A.Rodgers,HOU,WR,1,1.6,3.6,1.6,3.6,2,12.0,0,7.0
2022,17,00-0036955,T.Marshall,CAR,WR,1,1.5,3.5,1.5,3.5,2,15.0,0,-11.0
2022,17,00-0032211,T.Lockett,SEA,WR,1,1.5,3.5,1.5,3.5,2,15.0,0,7.0
2022,17,00-0032951,L.Treadwell,SEA,WR,1,1.5,3.5,1.5,3.5,2,15.0,0,8.0
2022,17,00-0034419,B.Berrios,NYJ,WR,1,2.4,3.4,2.4,3.4,1,24.0,0,17.0
2022,17,00-0031763,D.Carter,LAC,WR,1,1.4,3.4,1.4,3.4,2,14.0,0,21.0
2022,17,00-0035535,D.Slayton,NYG,WR,1,1.4,3.4,1.4,3.4,2,14.0,0,3.0
2022,17,00-0027944,J.Jones,TB,WR,1,2.3,3.3,2.3,3.3,1,10.0,0,7.0
2022,17,00-0036849,T.Atwell,LA,WR,1,1.0,3.0,1.0,3.0,2,10.0,0,3.0
2022,17,00-0033307,K.Bourne,NE,WR,1,1.8,2.8,1.8,2.8,1,16.0,0,18.0
2022,17,00-0034104,C.Sims,WAS,WR,1,1.6,2.6,1.6,2.6,1,16.0,0,0.0
2022,17,00-0030035,A.Thielen,MIN,WR,1,1.6,2.6,1.6,2.6,1,16.0,0,2.0
2022,17,00-0035624,N.Harry,CHI,WR,1,1.6,2.6,1.6,2.6,1,16.0,0,6.0
2022,17,00-0036322,J.Jefferson,MIN,WR,1,1.5,2.5,1.5,2.5,1,15.0,0,1.0
2022,17,00-0032688,R.Chosen,ARI,WR,1,1.3,2.3,1.3,2.3,1,13.0,0,1.0
2022,17,00-0031868,D.Byrd,ATL,WR,1,1.2,2.2,1.2,2.2,1,12.0,0,6.0
2022,17,00-0038124,C.Watson,GB,WR,1,1.1,2.1,1.1,2.1,1,11.0,0,6.0
2022,17,00-0034646,B.Powell,LA,WR,1,0.9,1.9,0.9,1.9,1,3.0,0,5.0
2022,17,00-0026189,D.Jackson,BAL,WR,1,0.9,1.9,0.9,1.9,1,9.0,0,5.0
2022,17,00-0032775,D.Robinson,BAL,WR,1,0.9,1.9,0.9,1.9,1,9.0,0,0.0
2022,17,00-0035876,A.Baccellia,ARI,WR,1,0.7,1.7,0.7,1.7,1,7.0,0,0.0
2022,17,00-0033591,N.Brown,DAL,WR,1,0.7,1.7,0.7,1.7,1,7.0,0,2.0
2022,17,00-0033282,C.Samuel,WAS,WR,1,0.6,1.6,0.6,1.6,1,6.0,0,8.0
2022,17,00-0034854,K.Hodge,ATL,WR,1,0.5,1.5,0.5,1.5,1,5.0,0,0.0
2022,17,00-0033943,J.Reynolds,DET,WR,1,0.5,1.5,0.5,1.5,1,5.0,0,1.0
2022,17,00-0036182,N.Westbrook-Ikhine,TEN,WR,1,0.4,1.4,0.4,1.4,1,4.0,0,0.0
2022,17,00-0037745,V.Jones,CHI,WR,1,1.3,1.3,1.3,1.3,0,0.0,0,0.0
2022,17,00-0035640,D.Metcalf,SEA,WR,1,0.3,1.3,0.3,1.3,1,3.0,0,-2.0
2022,17,00-0037828,D.Gray,SF,WR,1,0.9,0.9,0.9,0.9,0,0.0,0,0.0
2022,17,00-0033572,J.Agnew,JAX,WR,1,-0.2,0.8,-0.2,0.8,1,4.0,0,9.0
2022,17,00-0033111,P.Cooper,ARI,WR,1,0.8,0.8,0.8,0.8,0,0.0,0,0.0
2022,17,00-0035645,G.Olszewski,PIT,WR,1,0.6,0.6,0.6,0.6,0,0.0,0,0.0
2022,17,00-0035527,A.Isabella,BAL,WR,1,0.1,0.1,0.1,0.1,0,0.0,0,0.0
2022,17,00-0031549,N.Agholor,NE,WR,1,0.0,0.0,0.0,0.0,0,0.0,0,0.0
2022,17,00-0037055,L.McCutcheon,LA,WR,1,0.0,0.0,0.0,0.0,0,0.0,0,0.0
2022,17,00-0036255,D.Mims,NYJ,WR,1,0.0,0.0,0.0,0.0,0,0.0,0,0.0
2022,17,00-0036810,C.Johnson,SEA,WR,1,0.0,0.0,0.0,0.0,0,0.0,0,0.0
2022,17,00-0034860,D.Pettis,CHI,WR,1,0.0,0.0,0.0,0.0,0,0.0,0,0.0
2022,17,00-0034297,B.Pringle,CHI,WR,1,0.0,0.0,0.0,0.0,0,0.0,0,0.0
2022,17,00-0035864,K.Hinton,DEN,WR,1,0.0,0.0,0.0,0.0,0,0.0,0,0.0
2022,17,00-0036271,Q.Watkins,PHI,WR,1,0.0,0.0,0.0,0.0,0,0.0,0,0.0
2022,17,00-0036482,M.Strachan,IND,WR,1,0.0,0.0,0.0,0.0,0,0.0,0,0.0
2022,17,00-0036326,C.Claypool,CHI,WR,1,0.0,0.0,0.0,0.0,0,0.0,0,0.0
2022,17,00-0036988,J.Palmer,LAC,WR,1,0.0,0.0,0.0,0.0,0,0.0,0,0.0
2022,16,00-0036358,C.Lamb,DAL,WR,1,24.0,34.0,24.0,34.0,10,120.0,2,30.0
2022,16,00-0036322,J.Jefferson,MIN,WR,1,19.3,31.3,19.3,31.3,12,133.0,1,45.0
2022,16,00-0036912,D.Smith,PHI,WR,1,23.3,31.3,23.3,31.3,8,113.0,2,6.0
2022,16,00-0036410,T.Higgins,CIN,WR,1,18.8,26.8,18.8,26.8,8,128.0,1,35.0
2022,16,00-0036613,J.Waddle,MIA,WR,1,20.3,25.3,20.3,25.3,5,143.0,1,83.0
2022,16,00-0033307,K.Bourne,NE,WR,1,18.9,24.9,18.9,24.9,6,100.0,1,3.0
2022,16,00-0036165,I.Hodgins,NYG,WR,1,14.9,22.9,14.9,22.9,8,89.0,1,10.0
2022,16,00-0035500,G.Dortch,ARI,WR,1,12.3,22.3,12.3,22.3,10,98.0,0,55.0
2022,16,00-0030279,K.Allen,LAC,WR,1,10.4,21.4,10.4,21.4,11,104.0,0,28.0
2022,16,00-0034960,J.Meyers,NE,WR,1,14.3,20.3,14.3,20.3,6,83.0,1,21.0
2022,16,00-0034827,D.Moore,CAR,WR,1,15.1,20.1,15.1,20.1,5,83.0,1,18.0
2022,16,00-0037741,J.Dotson,WAS,WR,1,13.6,19.6,13.6,19.6,6,76.0,1,15.0
2022,16,00-0035341,T.Irwin,CIN,WR,1,16.5,19.5,16.5,19.5,3,45.0,2,0.0
2022,16,00-0035659,T.McLaurin,WAS,WR,1,13.7,17.7,13.7,17.7,4,77.0,1,1.0
2022,16,00-0036407,J.Jeudy,DEN,WR,1,11.7,17.7,11.7,17.7,6,117.0,0,34.0
2022,16,00-0034286,R.James,NYG,WR,1,9.0,17.0,9.0,17.0,8,90.0,0,26.0
2022,16,00-0037247,G.Pickens,PIT,WR,1,11.7,16.7,11.7,16.7,5,57.0,1,9.0
2022,16,00-0037238,D.London,ATL,WR,1,9.6,16.6,9.6,16.6,7,96.0,0,10.0
2022,16,00-0033282,C.Samuel,WAS,WR,1,11.4,16.4,11.4,16.4,5,52.0,1,24.0
2022,16,00-0035676,A.Brown,PHI,WR,1,10.3,16.3,10.3,16.3,6,103.0,0,29.0
2022,16,00-0036900,J.Chase,CIN,WR,1,7.9,15.9,7.9,15.9,8,79.0,0,38.0
2022,16,00-0035640,D.Metcalf,SEA,WR,1,8.1,15.1,8.1,15.1,7,81.0,0,13.0
2022,16,00-0034777,D.Chark,DET,WR,1,10.8,14.8,10.8,14.8,4,108.0,0,40.0
2022,16,00-0036963,A.St. Brown,DET,WR,1,7.6,14.6,7.6,14.6,7,76.0,0,35.0
2022,16,00-0033921,C.Godwin,TB,WR,1,6.3,14.3,6.3,14.3,8,63.0,0,54.0
2022,16,00-0033040,T.Hill,MIA,WR,1,10.3,14.3,10.3,14.3,4,103.0,0,11.0
2022,16,00-0034983,H.Renfrow,LV,WR,1,10.2,14.2,10.2,14.2,4,42.0,1,21.0
2022,16,00-0034764,M.Gallup,DAL,WR,1,9.6,13.6,9.6,13.6,4,36.0,1,5.0
2022,16,00-0036196,G.Davis,BUF,WR,1,10.5,13.5,10.5,13.5,3,45.0,1,2.0
2022,16,00-0031236,B.Cooks,HOU,WR,1,9.4,13.4,9.4,13.4,4,34.0,1,4.0
2022,16,00-0031544,A.Cooper,CLE,WR,1,7.2,13.2,7.2,13.2,6,72.0,0,14.0
2022,16,00-0036261,B.Aiyuk,SF,WR,1,8.1,13.1,8.1,13.1,5,81.0,0,45.0
2022,16,00-0034407,R.McCloud,SF,WR,1,13.1,13.1,13.1,13.1,0,0.0,0,0.0
2022,16,00-0035535,D.Slayton,NYG,WR,1,7.9,11.9,7.9,11.9,4,79.0,0,43.0
2022,16,00-0033536,M.Williams,LAC,WR,1,7.6,11.6,7.6,11.6,4,76.0,0,42.0
2022,16,00-0034411,R.Gage,TB,WR,1,6.5,11.5,6.5,11.5,5,65.0,0,39.0
2022,16,00-0035216,D.Johnson,PIT,WR,1,6.4,11.4,6.4,11.4,5,64.0,0,15.0
2022,16,00-0034348,C.Sutton,DEN,WR,1,6.4,11.4,6.4,11.4,5,64.0,0,3.0
2022,16,00-0034521,A.Lazard,GB,WR,1,6.1,11.1,6.1,11.1,5,61.0,0,18.0
2022,16,00-0038124,C.Watson,GB,WR,1,4.9,10.9,4.9,10.9,6,49.0,0,28.0
2022,16,00-0034860,D.Pettis,CHI,WR,1,7.1,9.1,7.1,9.1,2,11.0,1,0.0
2022,16,00-0035662,M.Brown,ARI,WR,1,5.8,8.8,5.8,8.8,3,57.0,0,9.0
2022,16,00-0036268,L.Shenault,CAR,WR,1,5.3,8.3,5.3,8.3,3,53.0,0,64.0
2022,16,00-0037545,R.Shaheed,NO,WR,1,4.1,8.1,4.1,8.1,4,41.0,0,27.0
2022,16,00-0036252,M.Pittman,IND,WR,1,3.9,7.9,3.9,7.9,4,39.0,0,7.0
2022,16,00-0036913,K.Toney,KC,WR,1,6.8,7.8,6.8,7.8,1,8.0,1,12.0
2022,16,00-0032775,D.Robinson,BAL,WR,1,6.6,7.6,6.6,7.6,1,6.0,1,0.0
2022,16,00-0032208,P.Dorsett,HOU,WR,1,4.5,7.5,4.5,7.5,3,45.0,0,3.0
2022,16,00-0036955,T.Marshall,CAR,WR,1,5.5,7.5,5.5,7.5,2,55.0,0,17.0
2022,16,00-0032464,K.Raymond,DET,WR,1,6.4,7.4,6.4,7.4,1,56.0,0,5.0
2022,16,00-0037745,V.Jones,CHI,WR,1,5.2,7.2,5.2,7.2,2,52.0,0,0.0
2022,16,00-0030431,R.Woods,TEN,WR,1,3.0,7.0,3.0,7.0,4,30.0,0,10.0
2022,16,00-0037740,G.Wilson,NYJ,WR,1,3.0,7.0,3.0,7.0,4,30.0,0,9.0
2022,16,00-0037816,R.Doubs,GB,WR,1,3.6,6.6,3.6,6.6,3,36.0,0,8.0
2022,16,00-0029608,T.Hilton,DAL,WR,1,5.2,6.2,5.2,6.2,1,52.0,0,0.0
2022,16,00-0031408,M.Evans,TB,WR,1,2.9,5.9,2.9,5.9,3,29.0,0,1.0
2022,16,00-0035208,O.Zaccheaus,ATL,WR,1,1.8,5.8,1.8,5.8,4,18.0,0,18.0
2022,16,00-0033857,J.Smith-Schuster,KC,WR,1,2.7,5.7,2.7,5.7,3,27.0,0,20.0
2022,16,00-0034775,C.Kirk,JAX,WR,1,2.6,5.6,2.6,5.6,3,22.0,0,21.0
2022,16,00-0032951,L.Treadwell,SEA,WR,1,2.6,5.6,2.6,5.6,3,26.0,0,0.0
2022,16,00-0037664,A.Pierce,IND,WR,1,2.6,5.6,2.6,5.6,3,26.0,0,11.0
2022,16,00-0034297,B.Pringle,CHI,WR,1,3.4,5.4,3.4,5.4,2,34.0,0,7.0
2022,16,00-0033943,J.Reynolds,DET,WR,1,3.1,5.1,3.1,5.1,2,31.0,0,7.0
2022,16,00-0033009,T.Boyd,CIN,WR,1,2.1,5.1,2.1,5.1,3,21.0,0,11.0
2022,16,00-0031325,S.Watkins,BAL,WR,1,4.0,5.0,4.0,5.0,1,40.0,0,14.0
2022,16,00-0036415,V.Jefferson,LA,WR,1,1.9,4.9,1.9,4.9,3,19.0,0,5.0
2022,16,00-0036991,A.Rodgers,HOU,WR,1,3.7,4.7,3.7,4.7,1,37.0,0,12.0
2022,16,00-0036345,K.Osborn,MIN,WR,1,1.7,4.7,1.7,4.7,3,17.0,0,18.0
2022,16,00-0031588,S.Diggs,BUF,WR,1,2.6,4.6,2.6,4.6,2,26.0,0,1.0
2022,16,00-0034646,B.Powell,LA,WR,1,1.5,4.5,1.5,4.5,3,12.0,0,16.0
2022,16,00-0032398,C.Moore,HOU,WR,1,2.5,4.5,2.5,4.5,2,25.0,0,7.0
2022,16,00-0034487,T.Sherfield,MIA,WR,1,2.5,4.5,2.5,4.5,2,25.0,0,1.0
2022,16,00-0029293,M.Jones,JAX,WR,1,1.5,4.5,1.5,4.5,3,15.0,0,1.0
2022,16,00-0036182,N.Westbrook-Ikhine,TEN,WR,1,2.3,4.3,2.3,4.3,2,23.0,0,8.0
2022,16,00-0036259,J.Jennings,SF,WR,1,2.1,4.1,2.1,4.1,2,21.0,0,0.0
2022,16,00-0035639,P.Campbell,IND,WR,1,1.9,3.9,1.9,3.9,2,19.0,0,1.0
2022,16,00-0036988,J.Palmer,LAC,WR,1,1.6,3.6,1.6,3.6,2,16.0,0,6.0
2022,16,00-0036980,E.Moore,NYJ,WR,1,1.5,3.5,1.5,3.5,2,15.0,0,5.0
2022,16,00-0031381,D.Adams,LV,WR,1,1.5,3.5,1.5,3.5,2,15.0,0,19.0
2022,16,00-0033871,C.Davis,NYJ,WR,1,1.4,3.4,1.4,3.4,2,14.0,0,1.0
2022,16,00-0036849,T.Atwell,LA,WR,1,1.4,3.4,1.4,3.4,2,14.0,0,1.0
2022,16,00-0036271,Q.Watkins,PHI,WR,1,1.9,2.9,1.9,2.9,1,19.0,0,0.0
2022,16,00-0037257,D.Bell,CLE,WR,1,1.8,2.8,1.8,2.8,1,18.0,0,6.0
2022,16,00-0036572,S.Smith,CAR,WR,1,1.7,2.7,1.7,2.7,1,17.0,0,8.0
2022,16,00-0031868,D.Byrd,ATL,WR,1,1.5,2.5,1.5,2.5,1,15.0,0,0.0
2022,16,00-0033891,Z.Jones,JAX,WR,1,1.1,2.1,1.1,2.1,1,14.0,0,0.0
2022,16,00-0036247,F.Swain,DEN,WR,1,1.1,2.1,1.1,2.1,1,11.0,0,5.0
2022,16,00-0026189,D.Jackson,BAL,WR,1,1.0,2.0,1.0,2.0,1,10.0,0,0.0
2022,16,00-0029000,C.Beasley,BUF,WR,1,0.9,1.9,0.9,1.9,1,9.0,0,4.0
2022,16,00-0038104,T.Thornton,NE,WR,1,0.8,1.8,0.8,1.8,1,8.0,0,4.0
2022,16,00-0033572,J.Agnew,JAX,WR,1,0.8,1.8,0.8,1.8,1,8.0,0,9.0
2022,16,00-0033555,M.Hollins,LV,WR,1,0.7,1.7,0.7,1.7,1,7.0,0,2.0
2022,16,00-0034928,S.Sims,PIT,WR,1,0.7,1.7,0.7,1.7,1,7.0,0,4.0
2022,16,00-0030035,A.Thielen,MIN,WR,1,0.6,1.6,0.6,1.6,1,6.0,0,4.0
2022,16,00-0033251,Z.Pascal,PHI,WR,1,0.6,1.6,0.6,1.6,1,6.0,0,1.0
2022,16,00-0037742,T.Burks,TEN,WR,1,1.5,1.5,1.5,1.5,0,0.0,0,0.0
2022,16,00-0038090,S.Moore,KC,WR,1,0.5,1.5,0.5,1.5,1,5.0,0,8.0
2022,16,00-0027944,J.Jones,TB,WR,1,0.5,1.5,0.5,1.5,1,5.0,0,3.0
2022,16,00-0037300,M.Woods,CLE,WR,1,0.5,1.5,0.5,1.5,1,5.0,0,0.0
2022,16,00-0037261,K.Shakir,BUF,WR,1,0.5,1.5,0.5,1.5,1,5.0,0,0.0
2022,16,00-0033591,N.Brown,DAL,WR,1,0.5,1.5,0.5,1.5,1,5.0,0,7.0
2022,16,00-0028002,R.Cobb,GB,WR,1,0.5,1.5,0.5,1.5,1,5.0,0,0.0
2022,16,00-0030564,D.Hopkins,ARI,WR,1,0.4,1.4,0.4,1.4,1,4.0,0,6.0
2022,16,00-0036233,D.Peoples-Jones,CLE,WR,1,0.2,1.2,0.2,1.2,1,2.0,0,0.0
2022,16,00-0035022,P.Hart,SEA,WR,1,0.2,1.2,0.2,1.2,1,2.0,0,4.0
2022,16,00-0033466,I.McKenzie,BUF,WR,1,0.6,0.6,0.6,0.6,0,0.0,0,0.0
2022,16,00-0030068,M.Goodwin,SEA,WR,1,0.0,0.0,0.0,0.0,0,0.0,0,0.0
2022,16,00-0035298,S.Miller,TB,WR,1,0.0,0.0,0.0,0.0,0,0.0,0,0.0
2022,16,00-0034317,K.Kirkwood,NO,WR,1,0.0,0.0,0.0,0.0,0,0.0,0,0.0
2022,16,00-0037387,J.Virgil,DEN,WR,1,0.0,0.0,0.0,0.0,0,0.0,0,0.0
2022,16,00-0037240,J.Williams,DET,WR,1,0.0,0.0,0.0,0.0,0,0.0,0,0.0
2022,16,00-0033681,K.Cole,LV,WR,1,0.0,0.0,0.0,0.0,0,0.0,0,0.0
2022,16,00-0034386,J.Watson,KC,WR,1,0.0,0.0,0.0,0.0,0,0.0,0,0.0
2022,16,00-0034272,M.Valdes-Scantling,KC,WR,1,0.0,0.0,0.0,0.0,0,0.0,0,0.0
2022,15,00-0033891,Z.Jones,JAX,WR,1,28.9,34.9,28.9,34.9,6,109.0,3,46.0
2022,15,00-0036345,K.Osborn,MIN,WR,1,21.7,31.7,21.7,31.7,10,157.0,1,97.0
2022,15,00-0036322,J.Jefferson,MIN,WR,1,18.3,30.3,18.3,30.3,12,123.0,1,53.0
2022,15,00-0035676,A.Brown,PHI,WR,1,18.1,27.1,18.1,27.1,9,181.0,0,65.0
2022,15,00-0034411,R.Gage,TB,WR,1,17.9,25.9,17.9,25.9,8,59.0,2,9.0
2022,15,00-0033591,N.Brown,DAL,WR,1,16.9,22.9,16.9,22.9,6,49.0,2,11.0
2022,15,00-0033921,C.Godwin,TB,WR,1,14.3,22.3,14.3,22.3,8,83.0,1,28.0
2022,15,00-0033040,T.Hill,MIA,WR,1,12.9,21.9,12.9,21.9,9,69.0,1,7.0
2022,15,00-0037741,J.Dotson,WAS,WR,1,16.5,20.5,16.5,20.5,4,105.0,1,19.0
2022,15,00-0036613,J.Waddle,MIA,WR,1,17.4,20.4,17.4,20.4,3,114.0,1,48.0
2022,15,00-0035216,D.Johnson,PIT,WR,1,10.0,20.0,10.0,20.0,10,98.0,0,29.0
2022,15,00-0036358,C.Lamb,DAL,WR,1,12.7,19.7,12.7,19.7,7,126.0,0,50.0
2022,15,00-0036252,M.Pittman,IND,WR,1,9.0,19.0,9.0,19.0,10,60.0,0,23.0
2022,15,00-0036900,J.Chase,CIN,WR,1,12.0,19.0,12.0,19.0,7,60.0,1,29.0
2022,15,00-0033857,J.Smith-Schuster,KC,WR,1,8.8,18.8,8.8,18.8,10,88.0,0,20.0
2022,15,00-0037545,R.Shaheed,NO,WR,1,15.5,18.5,15.5,18.5,3,95.0,1,41.0
2022,15,00-0034827,D.Moore,CAR,WR,1,13.3,18.3,13.3,18.3,5,73.0,1,7.0
2022,15,00-0036912,D.Smith,PHI,WR,1,12.6,17.6,12.6,17.6,5,126.0,0,55.0
2022,15,00-0030279,K.Allen,LAC,WR,1,8.6,16.6,8.6,16.6,8,86.0,0,30.0
2022,15,00-0036963,A.St. Brown,DET,WR,1,8.2,15.2,8.2,15.2,7,76.0,0,42.0
2022,15,00-0034775,C.Kirk,JAX,WR,1,9.2,15.2,9.2,15.2,6,92.0,0,14.0
2022,15,00-0036407,J.Jeudy,DEN,WR,1,7.6,14.6,7.6,14.6,7,76.0,0,48.0
2022,15,00-0033009,T.Boyd,CIN,WR,1,9.5,14.5,9.5,14.5,5,35.0,1,7.0
2022,15,00-0036410,T.Higgins,CIN,WR,1,9.3,14.3,9.3,14.3,5,33.0,1,12.0
2022,15,00-0037238,D.London,ATL,WR,1,7.0,14.0,7.0,14.0,7,70.0,0,28.0
2022,15,00-0033555,M.Hollins,LV,WR,1,10.0,14.0,10.0,14.0,4,40.0,1,6.0
2022,15,00-0037740,G.Wilson,NYJ,WR,1,9.8,13.8,9.8,13.8,4,98.0,0,9.0
2022,15,00-0032211,T.Lockett,SEA,WR,1,6.8,13.8,6.8,13.8,7,68.0,0,25.0
2022,15,00-0031408,M.Evans,TB,WR,1,8.3,13.3,8.3,13.3,5,83.0,0,25.0
2022,15,00-0036233,D.Peoples-Jones,CLE,WR,1,9.1,13.1,9.1,13.1,4,31.0,1,12.0
2022,15,00-0030035,A.Thielen,MIN,WR,1,10.1,13.1,10.1,13.1,3,41.0,1,3.0
2022,15,00-0030564,D.Hopkins,ARI,WR,1,6.0,13.0,6.0,13.0,7,60.0,0,6.0
2022,15,00-0033681,K.Cole,LV,WR,1,11.0,13.0,11.0,13.0,2,50.0,1,1.0
2022,15,00-0035659,T.McLaurin,WAS,WR,1,7.0,13.0,7.0,13.0,6,70.0,0,32.0
2022,15,00-0035640,D.Metcalf,SEA,WR,1,5.5,12.5,5.5,12.5,7,55.0,0,19.0
2022,15,00-0034297,B.Pringle,CHI,WR,1,9.9,11.9,9.9,11.9,2,39.0,1,1.0
2022,15,00-0035510,J.Smith,NYJ,WR,1,7.7,11.7,7.7,11.7,4,77.0,0,9.0
2022,15,00-0034272,M.Valdes-Scantling,KC,WR,1,8.6,11.6,8.6,11.6,3,26.0,1,2.0
2022,15,00-0033536,M.Williams,LAC,WR,1,6.7,10.7,6.7,10.7,4,67.0,0,8.0
2022,15,00-0031588,S.Diggs,BUF,WR,1,5.7,10.7,5.7,10.7,5,60.0,0,11.0
2022,15,00-0037816,R.Doubs,GB,WR,1,5.5,10.5,5.5,10.5,5,55.0,0,18.0
2022,15,00-0032464,K.Raymond,DET,WR,1,5.3,10.3,5.3,10.3,5,53.0,0,21.0
2022,15,00-0036988,J.Palmer,LAC,WR,1,4.9,9.9,4.9,9.9,5,49.0,0,17.0
2022,15,00-0031544,A.Cooper,CLE,WR,1,5.8,9.8,5.8,9.8,4,58.0,0,24.0
2022,15,00-0029293,M.Jones,JAX,WR,1,7.7,9.7,7.7,9.7,2,17.0,1,2.0
2022,15,00-0036196,G.Davis,BUF,WR,1,5.6,9.6,5.6,9.6,4,56.0,0,4.0
2022,15,00-0036980,E.Moore,NYJ,WR,1,5.4,9.4,5.4,9.4,4,51.0,0,14.0
2022,15,00-0032775,D.Robinson,BAL,WR,1,2.9,8.9,2.9,8.9,6,29.0,0,1.0
2022,15,00-0038124,C.Watson,GB,WR,1,4.6,8.6,4.6,8.6,4,46.0,0,20.0
2022,15,00-0033572,J.Agnew,JAX,WR,1,6.4,8.4,6.4,8.4,2,12.0,0,4.0
2022,15,00-0037239,C.Olave,NO,WR,1,5.3,8.3,5.3,8.3,3,53.0,0,10.0
2022,15,00-0034286,R.James,NYG,WR,1,4.2,8.2,4.2,8.2,4,42.0,0,16.0
2022,15,00-0032398,C.Moore,HOU,WR,1,4.2,8.2,4.2,8.2,4,42.0,0,17.0
2022,15,00-0036955,T.Marshall,CAR,WR,1,5.1,8.1,5.1,8.1,3,51.0,0,13.0
2022,15,00-0036165,I.Hodgins,NYG,WR,1,3.7,7.7,3.7,7.7,4,37.0,0,7.0
2022,15,00-0033282,C.Samuel,WAS,WR,1,4.5,7.5,4.5,7.5,3,44.0,0,7.0
2022,15,00-0035535,D.Slayton,NYG,WR,1,2.3,7.3,2.3,7.3,5,23.0,0,2.0
2022,15,00-0037247,G.Pickens,PIT,WR,1,5.3,7.3,5.3,7.3,2,53.0,0,5.0
2022,15,00-0031381,D.Adams,LV,WR,1,2.8,6.8,2.8,6.8,4,28.0,0,8.0
2022,15,00-0034960,J.Meyers,NE,WR,1,4.7,6.7,4.7,6.7,2,47.0,0,13.0
2022,15,00-0028002,R.Cobb,GB,WR,1,3.2,6.2,3.2,6.2,3,32.0,0,8.0
2022,15,00-0036259,J.Jennings,SF,WR,1,3.1,6.1,3.1,6.1,3,31.0,0,13.0
2022,15,00-0037382,B.Johnson,DEN,WR,1,3.0,6.0,3.0,6.0,3,30.0,0,7.0
2022,15,00-0035662,M.Brown,ARI,WR,1,1.9,5.9,1.9,5.9,4,19.0,0,15.0
2022,15,00-0036415,V.Jefferson,LA,WR,1,3.2,5.2,3.2,5.2,2,32.0,0,0.0
2022,15,00-0035021,A.Dulin,IND,WR,1,3.0,5.0,3.0,5.0,2,25.0,0,4.0
2022,15,00-0036271,Q.Watkins,PHI,WR,1,1.0,5.0,1.0,5.0,4,6.0,0,15.0
2022,15,00-0036331,D.Duvernay,BAL,WR,1,2.9,4.9,2.9,4.9,2,29.0,0,23.0
2022,15,00-0032128,C.Conley,TEN,WR,1,1.9,4.9,1.9,4.9,3,19.0,0,3.0
2022,15,00-0036991,A.Rodgers,HOU,WR,1,2.6,4.6,2.6,4.6,2,26.0,0,15.0
2022,15,00-0038147,D.Baldwin,CLE,WR,1,2.5,4.5,2.5,4.5,2,25.0,0,0.0
2022,15,00-0033466,I.McKenzie,BUF,WR,1,2.4,4.4,2.4,4.4,2,24.0,0,0.0
2022,15,00-0036261,B.Aiyuk,SF,WR,1,1.9,3.9,1.9,3.9,2,19.0,0,3.0
2022,15,00-0034928,S.Sims,PIT,WR,1,2.9,3.9,2.9,3.9,1,10.0,0,5.0
2022,15,00-0035621,N.Webster,CHI,WR,1,1.4,3.4,1.4,3.4,2,14.0,0,4.0
2022,15,00-0036572,S.Smith,CAR,WR,1,2.4,3.4,2.4,3.4,1,24.0,0,4.0
2022,15,00-0035639,P.Campbell,IND,WR,1,1.3,3.3,1.3,3.3,2,13.0,0,4.0
2022,15,00-0030431,R.Woods,TEN,WR,1,1.2,3.2,1.2,3.2,2,12.0,0,4.0
2022,15,00-0034418,C.Wilson,MIA,WR,1,2.1,3.1,2.1,3.1,1,21.0,0,4.0
2022,15,00-0038104,T.Thornton,NE,WR,1,2.1,3.1,2.1,3.1,1,21.0,0,2.0
2022,15,00-0030068,M.Goodwin,SEA,WR,1,1.0,3.0,1.0,3.0,2,10.0,0,0.0
2022,15,00-0034279,E.St. Brown,CHI,WR,1,2.0,3.0,2.0,3.0,1,20.0,0,7.0
2022,15,00-0034777,D.Chark,DET,WR,1,1.8,2.8,1.8,2.8,1,18.0,0,13.0
2022,15,00-0034407,R.McCloud,SF,WR,1,1.6,2.6,1.6,2.6,1,16.0,0,15.0
2022,15,00-0037487,D.Thompkins,TB,WR,1,1.6,2.6,1.6,2.6,1,7.0,0,3.0
2022,15,00-0034983,H.Renfrow,LV,WR,1,1.4,2.4,1.4,2.4,1,14.0,0,0.0
2022,15,00-0034419,B.Berrios,NYJ,WR,1,1.4,2.4,1.4,2.4,1,14.0,0,7.0
2022,15,00-0036255,D.Mims,NYJ,WR,1,1.3,2.3,1.3,2.3,1,13.0,0,3.0
2022,15,00-0034860,D.Pettis,CHI,WR,1,1.3,2.3,1.3,2.3,1,13.0,0,6.0
2022,15,00-0036247,F.Swain,DEN,WR,1,0.9,1.9,0.9,1.9,1,9.0,0,12.0
2022,15,00-0029000,C.Beasley,BUF,WR,1,0.9,1.9,0.9,1.9,1,9.0,0,0.0
2022,15,00-0034646,B.Powell,LA,WR,1,0.7,1.7,0.7,1.7,1,4.0,0,9.0
2022,15,00-0034521,A.Lazard,GB,WR,1,0.7,1.7,0.7,1.7,1,7.0,0,0.0
2022,15,00-0036849,T.Atwell,LA,WR,1,0.6,1.6,0.6,1.6,1,10.0,0,4.0
2022,15,00-0035341,T.Irwin,CIN,WR,1,0.5,1.5,0.5,1.5,1,5.0,0,7.0
2022,15,00-0036913,K.Toney,KC,WR,1,0.5,1.5,0.5,1.5,1,5.0,0,9.0
2022,15,00-0031763,D.Carter,LAC,WR,1,0.5,1.5,0.5,1.5,1,15.0,0,0.0
2022,15,00-0036626,D.Brown,WAS,WR,1,1.5,1.5,1.5,1.5,0,0.0,0,0.0
2022,15,00-0037745,V.Jones,CHI,WR,1,0.3,1.3,0.3,1.3,1,3.0,0,3.0
2022,15,00-0036862,B.Skowronek,LA,WR,1,0.3,1.3,0.3,1.3,1,3.0,0,3.0
2022,15,00-0035645,G.Olszewski,PIT,WR,1,0.3,1.3,0.3,1.3,1,3.0,0,0.0
2022,15,00-0035022,P.Hart,SEA,WR,1,0.3,1.3,0.3,1.3,1,3.0,0,0.0
2022,15,00-0031549,N.Agholor,NE,WR,1,0.3,1.3,0.3,1.3,1,3.0,0,5.0
2022,15,00-0038090,S.Moore,KC,WR,1,1.2,1.2,1.2,1.2,0,0.0,0,0.0
2022,15,00-0034764,M.Gallup,DAL,WR,1,0.2,1.2,0.2,1.2,1,2.0,0,0.0
2022,15,00-0036652,R.McMath,TEN,WR,1,0.1,1.1,0.1,1.1,1,1.0,0,4.0
2022,15,00-0035703,M.Boykin,PIT,WR,1,0.0,1.0,0.0,1.0,1,0.0,0,0.0
2022,15,00-0037300,M.Woods,CLE,WR,1,-0.1,0.9,-0.1,0.9,1,4.0,0,0.0
2022,15,00-0033307,K.Bourne,NE,WR,1,0.0,0.0,0.0,0.0,0,0.0,0,0.0
2022,15,00-0033251,Z.Pascal,PHI,WR,1,0.0,0.0,0.0,0.0,0,0.0,0,0.0
2022,15,00-0037291,J.Nailor,MIN,WR,1,0.0,0.0,0.0,0.0,0,0.0,0,0.0
2022,15,00-0032688,R.Chosen,ARI,WR,1,0.0,0.0,0.0,0.0,0,0.0,0,0.0
2022,15,00-0032208,P.Dorsett,HOU,WR,1,0.0,0.0,0.0,0.0,0,0.0,0,0.0
2022,15,00-0036268,L.Shenault,CAR,WR,1,0.0,0.0,0.0,0.0,0,0.0,0,0.0
2022,15,00-0036182,N.Westbrook-Ikhine,TEN,WR,1,0.0,0.0,0.0,0.0,0,0.0,0,0.0
2022,15,00-0034487,T.Sherfield,MIA,WR,1,0.0,0.0,0.0,0.0,0,0.0,0,0.0
2022,15,00-0031868,D.Byrd,ATL,WR,1,0.0,0.0,0.0,0.0,0,0.0,0,0.0
2022,15,00-0027942,A.Green,ARI,WR,1,0.0,0.0,0.0,0.0,0,0.0,0,0.0
2022,15,00-0037664,A.Pierce,IND,WR,1,0.0,0.0,0.0,0.0,0,0.0,0,0.0
2022,15,00-0035208,O.Zaccheaus,ATL,WR,1,0.0,0.0,0.0,0.0,0,0.0,0,0.0
2022,15,00-0036133,J.Proche,BAL,WR,1,0.0,0.0,0.0,0.0,0,0.0,0,0.0
2022,15,00-0034386,J.Watson,KC,WR,1,0.0,0.0,0.0,0.0,0,0.0,0,0.0
2022,15,00-0037355,B.Sanders,MIA,WR,1,0.0,0.0,0.0,0.0,0,0.0,0,0.0
2022,15,00-0026189,D.Jackson,BAL,WR,1,0.0,0.0,0.0,0.0,0,0.0,0,0.0
2022,15,00-0031382,J.Landry,NO,WR,1,0.0,0.0,0.0,0.0,0,0.0,0,0.0
2022,15,00-0037240,J.Williams,DET,WR,1,0.0,0.0,0.0,0.0,0,0.0,0,0.0
2022,15,00-0036387,J.Reagor,MIN,WR,1,-0.5,-0.5,-0.5,-0.5,0,0.0,0,0.0
2022,14,00-0036322,J.Jefferson,MIN,WR,1,22.3,33.3,22.3,33.3,11,223.0,0,56.0
2022,14,00-0036407,J.Jeudy,DEN,WR,1,25.3,33.3,25.3,33.3,8,73.0,3,29.0
2022,14,00-0036900,J.Chase,CIN,WR,1,18.5,28.5,18.5,28.5,10,119.0,1,25.0
2022,14,00-0033536,M.Williams,LAC,WR,1,17.6,23.6,17.6,23.6,6,116.0,1,33.0
2022,14,00-0032398,C.Moore,HOU,WR,1,12.4,22.4,12.4,22.4,10,124.0,0,45.0
2022,14,00-0033857,J.Smith-Schuster,KC,WR,1,13.4,22.4,13.4,22.4,9,74.0,1,35.0
2022,14,00-0033891,Z.Jones,JAX,WR,1,13.7,21.7,13.7,21.7,8,77.0,1,16.0
2022,14,00-0034777,D.Chark,DET,WR,1,15.4,21.4,15.4,21.4,6,94.0,1,30.0
2022,14,00-0030279,K.Allen,LAC,WR,1,9.2,21.2,9.2,21.2,12,92.0,0,52.0
2022,14,00-0030068,M.Goodwin,SEA,WR,1,15.3,20.3,15.3,20.3,5,95.0,1,22.0
2022,14,00-0030035,A.Thielen,MIN,WR,1,12.5,19.5,12.5,19.5,7,65.0,1,27.0
2022,14,00-0036233,D.Peoples-Jones,CLE,WR,1,11.4,19.4,11.4,19.4,8,114.0,0,16.0
2022,14,00-0034286,R.James,NYG,WR,1,12.1,19.1,12.1,19.1,7,61.0,1,14.0
2022,14,00-0033040,T.Hill,MIA,WR,1,14.1,18.1,14.1,18.1,4,81.0,1,49.0
2022,14,00-0035640,D.Metcalf,SEA,WR,1,13.1,18.1,13.1,18.1,5,71.0,1,12.0
2022,14,00-0036912,D.Smith,PHI,WR,1,12.4,17.4,12.4,17.4,5,64.0,1,34.0
2022,14,00-0032211,T.Lockett,SEA,WR,1,12.0,17.0,12.0,17.0,5,60.0,1,1.0
2022,14,00-0035676,A.Brown,PHI,WR,1,13.0,17.0,13.0,17.0,4,70.0,1,18.0
2022,14,00-0035719,D.Samuel,SF,WR,1,12.4,16.4,12.4,16.4,4,43.0,0,33.0
2022,14,00-0033943,J.Reynolds,DET,WR,1,11.1,16.1,11.1,16.1,5,51.0,1,12.0
2022,14,00-0036991,A.Rodgers,HOU,WR,1,12.0,16.0,12.0,16.0,4,57.0,1,9.0
2022,14,00-0036862,B.Skowronek,LA,WR,1,8.9,15.9,8.9,15.9,7,89.0,0,20.0
2022,14,00-0030564,D.Hopkins,ARI,WR,1,7.9,14.9,7.9,14.9,7,79.0,0,27.0
2022,14,00-0036345,K.Osborn,MIN,WR,1,9.8,14.8,9.8,14.8,5,38.0,1,15.0
2022,14,00-0035216,D.Johnson,PIT,WR,1,8.2,14.2,8.2,14.2,6,82.0,0,16.0
2022,14,00-0035341,T.Irwin,CIN,WR,1,11.8,13.8,11.8,13.8,2,58.0,1,14.0
2022,14,00-0036165,I.Hodgins,NYG,WR,1,9.8,13.8,9.8,13.8,4,38.0,1,10.0
2022,14,00-0037740,G.Wilson,NYJ,WR,1,7.8,13.8,7.8,13.8,6,78.0,0,18.0
2022,14,00-0036261,B.Aiyuk,SF,WR,1,11.7,13.7,11.7,13.7,2,57.0,1,15.0
2022,14,00-0036963,A.St. Brown,DET,WR,1,7.4,13.4,7.4,13.4,6,68.0,0,18.0
2022,14,00-0033591,N.Brown,DAL,WR,1,8.5,12.5,8.5,12.5,4,85.0,0,5.0
2022,14,00-0036415,V.Jefferson,LA,WR,1,10.4,12.4,10.4,12.4,2,44.0,1,0.0
2022,14,00-0036980,E.Moore,NYJ,WR,1,6.0,12.0,6.0,12.0,6,60.0,0,11.0
2022,14,00-0036182,N.Westbrook-Ikhine,TEN,WR,1,8.3,11.3,8.3,11.3,3,23.0,1,5.0
2022,14,00-0037240,J.Williams,DET,WR,1,10.1,11.1,10.1,11.1,1,41.0,1,5.0
2022,14,00-0037247,G.Pickens,PIT,WR,1,7.8,10.8,7.8,10.8,3,78.0,0,8.0
2022,14,00-0033921,C.Godwin,TB,WR,1,5.4,10.4,5.4,10.4,5,54.0,0,16.0
2022,14,00-0032775,D.Robinson,BAL,WR,1,5.2,10.2,5.2,10.2,5,52.0,0,17.0
2022,14,00-0031381,D.Adams,LV,WR,1,7.1,10.1,7.1,10.1,3,71.0,0,2.0
2022,14,00-0030431,R.Woods,TEN,WR,1,4.9,9.9,4.9,9.9,5,49.0,0,5.0
2022,14,00-0033307,K.Bourne,NE,WR,1,4.7,9.7,4.7,9.7,5,47.0,0,28.0
2022,14,00-0036572,S.Smith,CAR,WR,1,7.7,9.7,7.7,9.7,2,17.0,1,4.0
2022,14,00-0036849,T.Atwell,LA,WR,1,4.5,9.5,4.5,9.5,5,50.0,0,12.0
2022,14,00-0034775,C.Kirk,JAX,WR,1,4.5,9.5,4.5,9.5,5,45.0,0,33.0
2022,14,00-0036988,J.Palmer,LAC,WR,1,5.3,9.3,5.3,9.3,4,53.0,0,0.0
2022,14,00-0034411,R.Gage,TB,WR,1,7.2,9.2,7.2,9.2,2,12.0,1,1.0
2022,14,00-0032688,R.Chosen,ARI,WR,1,5.0,9.0,5.0,9.0,4,50.0,0,21.0
2022,14,00-0027944,J.Jones,TB,WR,1,3.8,8.8,3.8,8.8,5,38.0,0,16.0
2022,14,00-0035864,K.Hinton,DEN,WR,1,3.8,8.8,3.8,8.8,5,38.0,0,20.0
2022,14,00-0031408,M.Evans,TB,WR,1,4.4,8.4,4.4,8.4,4,44.0,0,2.0
2022,14,00-0036358,C.Lamb,DAL,WR,1,3.3,8.3,3.3,8.3,5,33.0,0,18.0
2022,14,00-0033555,M.Hollins,LV,WR,1,6.2,8.2,6.2,8.2,2,22.0,0,3.0
2022,14,00-0031549,N.Agholor,NE,WR,1,3.2,8.2,3.2,8.2,5,32.0,0,14.0
2022,14,00-0036268,L.Shenault,CAR,WR,1,3.8,7.8,3.8,7.8,4,31.0,0,33.0
2022,14,00-0033572,J.Agnew,JAX,WR,1,4.4,7.4,4.4,7.4,3,36.0,0,5.0
2022,14,00-0035662,M.Brown,ARI,WR,1,3.4,7.4,3.4,7.4,4,34.0,0,13.0
2022,14,00-0034928,S.Sims,PIT,WR,1,3.1,7.1,3.1,7.1,4,30.0,0,9.0
2022,14,00-0038104,T.Thornton,NE,WR,1,2.8,6.8,2.8,6.8,4,28.0,0,19.0
2022,14,00-0031588,S.Diggs,BUF,WR,1,3.7,6.7,3.7,6.7,3,37.0,0,29.0
2022,14,00-0036255,D.Mims,NYJ,WR,1,3.5,6.5,3.5,6.5,3,35.0,0,5.0
2022,14,00-0031544,A.Cooper,CLE,WR,1,4.2,6.2,4.2,6.2,2,42.0,0,10.0
2022,14,00-0035535,D.Slayton,NYG,WR,1,4.2,6.2,4.2,6.2,2,42.0,0,17.0
2022,14,00-0036196,G.Davis,BUF,WR,1,3.1,6.1,3.1,6.1,3,31.0,0,10.0
2022,14,00-0034764,M.Gallup,DAL,WR,1,4.0,6.0,4.0,6.0,2,40.0,0,7.0
2022,14,00-0036271,Q.Watkins,PHI,WR,1,1.9,5.9,1.9,5.9,4,19.0,0,9.0
2022,14,00-0033466,I.McKenzie,BUF,WR,1,2.8,5.8,2.8,5.8,3,21.0,0,7.0
2022,14,00-0037257,D.Bell,CLE,WR,1,2.7,5.7,2.7,5.7,3,27.0,0,18.0
2022,14,00-0026189,D.Jackson,BAL,WR,1,3.4,5.4,3.4,5.4,2,34.0,0,5.0
2022,14,00-0036613,J.Waddle,MIA,WR,1,3.1,5.1,3.1,5.1,2,31.0,0,17.0
2022,14,00-0031547,D.Parker,NE,WR,1,2.4,4.4,2.4,4.4,2,24.0,0,4.0
2022,14,00-0033292,T.Taylor,CIN,WR,1,3.4,4.4,3.4,4.4,1,34.0,0,22.0
2022,14,00-0034418,C.Wilson,MIA,WR,1,1.9,3.9,1.9,3.9,2,19.0,0,0.0
2022,14,00-0032464,K.Raymond,DET,WR,1,1.9,3.9,1.9,3.9,2,19.0,0,11.0
2022,14,00-0032208,P.Dorsett,HOU,WR,1,1.8,3.8,1.8,3.8,2,18.0,0,14.0
2022,14,00-0032128,C.Conley,TEN,WR,1,2.7,3.7,2.7,3.7,1,27.0,0,0.0
2022,14,00-0034419,B.Berrios,NYJ,WR,1,2.5,3.5,2.5,3.5,1,25.0,0,0.0
2022,14,00-0029293,M.Jones,JAX,WR,1,2.2,3.2,2.2,3.2,1,22.0,0,9.0
2022,14,00-0034272,M.Valdes-Scantling,KC,WR,1,2.0,3.0,2.0,3.0,1,20.0,0,1.0
2022,14,00-0036955,T.Marshall,CAR,WR,1,1.8,2.8,1.8,2.8,1,18.0,0,0.0
2022,14,00-0034407,R.McCloud,SF,WR,1,1.8,2.8,1.8,2.8,1,11.0,0,2.0
2022,14,00-0033871,C.Davis,NYJ,WR,1,1.5,2.5,1.5,2.5,1,15.0,0,0.0
2022,14,00-0033681,K.Cole,LV,WR,1,1.1,2.1,1.1,2.1,1,11.0,0,0.0
2022,14,00-0037828,D.Gray,SF,WR,1,1.0,2.0,1.0,2.0,1,10.0,0,4.0
2022,14,00-0037387,J.Virgil,DEN,WR,1,0.9,1.9,0.9,1.9,1,9.0,0,3.0
2022,14,00-0027942,A.Green,ARI,WR,1,0.7,1.7,0.7,1.7,1,7.0,0,1.0
2022,14,00-0034487,T.Sherfield,MIA,WR,1,0.7,1.7,0.7,1.7,1,7.0,0,0.0
2022,14,00-0038090,S.Moore,KC,WR,1,0.7,1.7,0.7,1.7,1,7.0,0,1.0
2022,14,00-0035645,G.Olszewski,PIT,WR,1,0.7,1.7,0.7,1.7,1,7.0,0,0.0
2022,14,00-0033251,Z.Pascal,PHI,WR,1,0.5,1.5,0.5,1.5,1,5.0,0,1.0
2022,14,00-0036841,A.Trammell,LA,WR,1,0.5,1.5,0.5,1.5,1,5.0,0,0.0
2022,14,00-0036259,J.Jennings,SF,WR,1,0.5,1.5,0.5,1.5,1,5.0,0,0.0
2022,14,00-0031763,D.Carter,LAC,WR,1,0.0,1.0,0.0,1.0,1,0.0,0,3.0
2022,14,00-0036527,D.Turner,LV,WR,1,0.6,0.6,0.6,0.6,0,0.0,0,0.0
2022,14,00-0034827,D.Moore,CAR,WR,1,0.6,0.6,0.6,0.6,0,0.0,0,0.0
2022,14,00-0036387,J.Reagor,MIN,WR,1,0.0,0.0,0.0,0.0,0,0.0,0,0.0
2022,14,00-0035298,S.Miller,TB,WR,1,0.0,0.0,0.0,0.0,0,0.0,0,0.0
2022,14,00-0033009,T.Boyd,CIN,WR,1,0.0,0.0,0.0,0.0,0,0.0,0,0.0
2022,14,00-0034676,J.Washington,DAL,WR,1,0.0,0.0,0.0,0.0,0,0.0,0,0.0
2022,14,00-0031051,J.Brown,BUF,WR,1,0.0,0.0,0.0,0.0,0,0.0,0,0.0
2022,14,00-0036652,R.McMath,TEN,WR,1,0.0,0.0,0.0,0.0,0,0.0,0,0.0
2022,14,00-0034646,B.Powell,LA,WR,1,0.0,0.0,0.0,0.0,0,0.0,0,0.0
2022,14,00-0036331,D.Duvernay,BAL,WR,1,0.0,0.0,0.0,0.0,0,0.0,0,0.0
2022,14,00-0037261,K.Shakir,BUF,WR,1,0.0,0.0,0.0,0.0,0,0.0,0,0.0
2022,14,00-0037382,B.Johnson,DEN,WR,1,0.0,0.0,0.0,0.0,0,0.0,0,0.0
2022,14,00-0034386,J.Watson,KC,WR,1,0.0,0.0,0.0,0.0,0,0.0,0,0.0
2022,13,00-0031381,D.Adams,LV,WR,1,29.7,37.7,29.7,37.7,8,177.0,2,50.0
2022,13,00-0036963,A.St. Brown,DET,WR,1,23.6,34.6,23.6,34.6,11,114.0,2,45.0
2022,13,00-0035676,A.Brown,PHI,WR,1,23.9,31.9,23.9,31.9,8,119.0,2,22.0
2022,13,00-0033040,T.Hill,MIA,WR,1,20.6,29.6,20.6,29.6,9,146.0,1,32.0
2022,13,00-0032211,T.Lockett,SEA,WR,1,18.8,27.8,18.8,27.8,9,128.0,1,68.0
2022,13,00-0035640,D.Metcalf,SEA,WR,1,18.7,26.7,18.7,26.7,8,127.0,1,15.0
2022,13,00-0035659,T.McLaurin,WAS,WR,1,16.5,24.5,16.5,24.5,8,105.0,1,57.0
2022,13,00-0038124,C.Watson,GB,WR,1,21.4,24.4,21.4,24.4,3,48.0,1,7.0
2022,13,00-0037740,G.Wilson,NYJ,WR,1,16.2,24.2,16.2,24.2,8,162.0,0,58.0
2022,13,00-0031588,S.Diggs,BUF,WR,1,15.2,22.2,15.2,22.2,7,92.0,1,23.0
2022,13,00-0036912,D.Smith,PHI,WR,1,16.2,21.2,16.2,21.2,5,102.0,1,52.0
2022,13,00-0030279,K.Allen,LAC,WR,1,14.8,20.8,14.8,20.8,6,88.0,1,6.0
2022,13,00-0036358,C.Lamb,DAL,WR,1,15.4,20.4,15.4,20.4,5,71.0,1,52.0
2022,13,00-0036322,J.Jefferson,MIN,WR,1,11.6,18.6,11.6,18.6,7,45.0,1,3.0
2022,13,00-0037664,A.Pierce,IND,WR,1,14.6,18.6,14.6,18.6,4,86.0,1,14.0
2022,13,00-0034764,M.Gallup,DAL,WR,1,14.3,18.3,14.3,18.3,4,23.0,2,16.0
2022,13,00-0036900,J.Chase,CIN,WR,1,9.7,16.7,9.7,16.7,7,97.0,0,50.0
2022,13,00-0034775,C.Kirk,JAX,WR,1,10.4,16.4,10.4,16.4,6,104.0,0,40.0
2022,13,00-0037741,J.Dotson,WAS,WR,1,11.4,16.4,11.4,16.4,5,54.0,1,28.0
2022,13,00-0037238,D.London,ATL,WR,1,9.5,15.5,9.5,15.5,6,95.0,0,17.0
2022,13,00-0036165,I.Hodgins,NYG,WR,1,10.4,15.4,10.4,15.4,5,44.0,1,14.0
2022,13,00-0035535,D.Slayton,NYG,WR,1,9.0,15.0,9.0,15.0,6,90.0,0,35.0
2022,13,00-0034777,D.Chark,DET,WR,1,9.8,14.8,9.8,14.8,5,98.0,0,9.0
2022,13,00-0033282,C.Samuel,WAS,WR,1,8.6,14.6,8.6,14.6,6,63.0,0,26.0
2022,13,00-0034487,T.Sherfield,MIA,WR,1,13.5,14.5,13.5,14.5,1,75.0,1,65.0
2022,13,00-0033921,C.Godwin,TB,WR,1,6.3,14.3,6.3,14.3,8,63.0,0,35.0
2022,13,00-0033871,C.Davis,NYJ,WR,1,8.5,13.5,8.5,13.5,5,85.0,0,34.0
2022,13,00-0036988,J.Palmer,LAC,WR,1,6.0,13.0,6.0,13.0,7,60.0,0,14.0
2022,13,00-0036554,N.Collins,HOU,WR,1,9.5,12.5,9.5,12.5,3,35.0,1,13.0
2022,13,00-0036410,T.Higgins,CIN,WR,1,9.5,12.5,9.5,12.5,3,35.0,1,13.0
2022,13,00-0034646,B.Powell,LA,WR,1,8.4,12.4,8.4,12.4,4,39.0,0,52.0
2022,13,00-0035719,D.Samuel,SF,WR,1,6.3,12.3,6.3,12.3,6,58.0,0,35.0
2022,13,00-0034521,A.Lazard,GB,WR,1,6.7,11.7,6.7,11.7,5,67.0,0,20.0
2022,13,00-0034279,E.St. Brown,CHI,WR,1,8.6,11.6,8.6,11.6,3,85.0,0,13.0
2022,13,00-0037545,R.Shaheed,NO,WR,1,7.5,11.5,7.5,11.5,4,75.0,0,17.0
2022,13,00-0032775,D.Robinson,BAL,WR,1,4.1,11.1,4.1,11.1,7,41.0,0,14.0
2022,13,00-0035216,D.Johnson,PIT,WR,1,6.0,11.0,6.0,11.0,5,60.0,0,25.0
2022,13,00-0036407,J.Jeudy,DEN,WR,1,6.5,10.5,6.5,10.5,4,65.0,0,3.0
2022,13,00-0037239,C.Olave,NO,WR,1,6.5,10.5,6.5,10.5,4,65.0,0,19.0
2022,13,00-0036331,D.Duvernay,BAL,WR,1,4.3,10.3,4.3,10.3,6,34.0,0,9.0
2022,13,00-0033009,T.Boyd,CIN,WR,1,6.0,10.0,6.0,10.0,4,60.0,0,14.0
2022,13,00-0031408,M.Evans,TB,WR,1,5.9,9.9,5.9,9.9,4,59.0,0,3.0
2022,13,00-0036261,B.Aiyuk,SF,WR,1,4.6,9.6,4.6,9.6,5,46.0,0,21.0
2022,13,00-0036196,G.Davis,BUF,WR,1,7.5,9.5,7.5,9.5,2,15.0,1,1.0
2022,13,00-0037742,T.Burks,TEN,WR,1,8.5,9.5,8.5,9.5,1,25.0,1,0.0
2022,13,00-0033466,I.McKenzie,BUF,WR,1,4.4,9.4,4.4,9.4,5,44.0,0,23.0
2022,13,00-0034272,M.Valdes-Scantling,KC,WR,1,7.1,9.1,7.1,9.1,2,71.0,0,4.0
2022,13,00-0036849,T.Atwell,LA,WR,1,7.1,9.1,7.1,9.1,2,48.0,0,14.0
2022,13,00-0036271,Q.Watkins,PHI,WR,1,3.7,8.7,3.7,8.7,5,37.0,0,43.0
2022,13,00-0033555,M.Hollins,LV,WR,1,3.5,8.5,3.5,8.5,5,35.0,0,9.0
2022,13,00-0035639,P.Campbell,IND,WR,1,4.5,8.5,4.5,8.5,4,43.0,0,13.0
2022,13,00-0035021,A.Dulin,IND,WR,1,7.4,8.4,7.4,8.4,1,14.0,1,0.0
2022,13,00-0031544,A.Cooper,CLE,WR,1,4.0,8.0,4.0,8.0,4,40.0,0,17.0
2022,13,00-0036326,C.Claypool,CHI,WR,1,2.8,7.8,2.8,7.8,5,28.0,0,2.0
2022,13,00-0032398,C.Moore,HOU,WR,1,4.6,7.6,4.6,7.6,3,46.0,0,26.0
2022,13,00-0036233,D.Peoples-Jones,CLE,WR,1,4.4,7.4,4.4,7.4,3,44.0,0,20.0
2022,13,00-0033857,J.Smith-Schuster,KC,WR,1,3.5,6.5,3.5,6.5,3,35.0,0,29.0
2022,13,00-0035624,N.Harry,CHI,WR,1,4.9,5.9,4.9,5.9,1,49.0,0,0.0
2022,13,00-0036415,V.Jefferson,LA,WR,1,3.9,5.9,3.9,5.9,2,39.0,0,7.0
2022,13,00-0027944,J.Jones,TB,WR,1,2.8,5.8,2.8,5.8,3,28.0,0,12.0
2022,13,00-0036387,J.Reagor,MIN,WR,1,4.6,5.6,4.6,5.6,1,38.0,0,0.0
2022,13,00-0036259,J.Jennings,SF,WR,1,3.4,5.4,3.4,5.4,2,34.0,0,17.0
2022,13,00-0034960,J.Meyers,NE,WR,1,2.2,5.2,2.2,5.2,3,22.0,0,8.0
2022,13,00-0038104,T.Thornton,NE,WR,1,3.1,5.1,3.1,5.1,2,31.0,0,4.0
2022,13,00-0034286,R.James,NYG,WR,1,2.0,5.0,2.0,5.0,3,20.0,0,6.0
2022,13,00-0036862,B.Skowronek,LA,WR,1,3.0,5.0,3.0,5.0,2,30.0,0,8.0
2022,13,00-0034054,R.Cracraft,MIA,WR,1,2.9,4.9,2.9,4.9,2,29.0,0,4.0
2022,13,00-0033943,J.Reynolds,DET,WR,1,1.9,4.9,1.9,4.9,3,19.0,0,5.0
2022,13,00-0030035,A.Thielen,MIN,WR,1,2.7,4.7,2.7,4.7,2,27.0,0,-3.0
2022,13,00-0032208,P.Dorsett,HOU,WR,1,1.8,3.8,1.8,3.8,2,18.0,0,8.0
2022,13,00-0036980,E.Moore,NYJ,WR,1,1.7,3.7,1.7,3.7,2,7.0,0,8.0
2022,13,00-0031549,N.Agholor,NE,WR,1,1.7,3.7,1.7,3.7,2,17.0,0,2.0
2022,13,00-0036345,K.Osborn,MIN,WR,1,1.7,3.7,1.7,3.7,2,17.0,0,6.0
2022,13,00-0033251,Z.Pascal,PHI,WR,1,1.6,3.6,1.6,3.6,2,16.0,0,0.0
2022,13,00-0036252,M.Pittman,IND,WR,1,1.6,3.6,1.6,3.6,2,16.0,0,11.0
2022,13,00-0033891,Z.Jones,JAX,WR,1,1.6,3.6,1.6,3.6,2,16.0,0,8.0
2022,13,00-0031547,D.Parker,NE,WR,1,1.6,3.6,1.6,3.6,2,16.0,0,5.0
2022,13,00-0033591,N.Brown,DAL,WR,1,1.5,3.5,1.5,3.5,2,15.0,0,3.0
2022,13,00-0031382,J.Landry,NO,WR,1,1.4,3.4,1.4,3.4,2,14.0,0,9.0
2022,13,00-0035208,O.Zaccheaus,ATL,WR,1,1.3,3.3,1.3,3.3,2,13.0,0,5.0
2022,13,00-0026189,D.Jackson,BAL,WR,1,1.0,3.0,1.0,3.0,2,10.0,0,6.0
2022,13,00-0034419,B.Berrios,NYJ,WR,1,0.9,2.9,0.9,2.9,2,9.0,0,14.0
2022,13,00-0036999,A.Schwartz,CLE,WR,1,1.8,2.8,1.8,2.8,1,12.0,0,7.0
2022,13,00-0030068,M.Goodwin,SEA,WR,1,1.7,2.7,1.7,2.7,1,17.0,0,4.0
2022,13,00-0029293,M.Jones,JAX,WR,1,1.7,2.7,1.7,2.7,1,17.0,0,0.0
2022,13,00-0032464,K.Raymond,DET,WR,1,0.6,2.6,0.6,2.6,2,12.0,0,2.0
2022,13,00-0033307,K.Bourne,NE,WR,1,1.5,2.5,1.5,2.5,1,15.0,0,7.0
2022,13,00-0034386,J.Watson,KC,WR,1,1.5,2.5,1.5,2.5,1,15.0,0,1.0
2022,13,00-0036959,M.Bandy,LAC,WR,1,1.5,2.5,1.5,2.5,1,15.0,0,4.0
2022,13,00-0031763,D.Carter,LAC,WR,1,1.4,2.4,1.4,2.4,1,14.0,0,0.0
2022,13,00-0034860,D.Pettis,CHI,WR,1,1.4,2.4,1.4,2.4,1,14.0,0,1.0
2022,13,00-0031868,D.Byrd,ATL,WR,1,1.2,2.2,1.2,2.2,1,12.0,0,4.0
2022,13,00-0035341,T.Irwin,CIN,WR,1,1.2,2.2,1.2,2.2,1,12.0,0,4.0
2022,13,00-0034411,R.Gage,TB,WR,1,1.1,2.1,1.1,2.1,1,11.0,0,1.0
2022,13,00-0035864,K.Hinton,DEN,WR,1,1.1,2.1,1.1,2.1,1,11.0,0,2.0
2022,13,00-0037261,K.Shakir,BUF,WR,1,1.0,2.0,1.0,2.0,1,10.0,0,6.0
2022,13,00-0034928,S.Sims,PIT,WR,1,1.9,1.9,1.9,1.9,0,0.0,0,0.0
2022,13,00-0036613,J.Waddle,MIA,WR,1,0.9,1.9,0.9,1.9,1,9.0,0,1.0
2022,13,00-0036841,A.Trammell,LA,WR,1,0.8,1.8,0.8,1.8,1,8.0,0,0.0
2022,13,00-0037098,S.Toure,GB,WR,1,0.7,1.7,0.7,1.7,1,7.0,0,3.0
2022,13,00-0035298,S.Miller,TB,WR,1,0.7,1.7,0.7,1.7,1,7.0,0,1.0
2022,13,00-0033367,C.Board,TEN,WR,1,0.6,1.6,0.6,1.6,1,6.0,0,0.0
2022,13,00-0030431,R.Woods,TEN,WR,1,0.6,1.6,0.6,1.6,1,6.0,0,0.0
2022,13,00-0036182,N.Westbrook-Ikhine,TEN,WR,1,0.4,1.4,0.4,1.4,1,4.0,0,3.0
2022,13,00-0036497,T.Jones,JAX,WR,1,0.3,1.3,0.3,1.3,1,3.0,0,0.0
2022,13,00-0037247,G.Pickens,PIT,WR,1,0.2,1.2,0.2,1.2,1,2.0,0,0.0
2022,13,00-0038090,S.Moore,KC,WR,1,1.2,1.2,1.2,1.2,0,0.0,0,0.0
2022,13,00-0032951,L.Treadwell,SEA,WR,1,0.1,1.1,0.1,1.1,1,1.0,0,3.0
2022,13,00-0036133,J.Proche,BAL,WR,1,-1.1,0.9,-1.1,0.9,2,9.0,0,5.0
2022,13,00-0034104,C.Sims,WAS,WR,1,-0.2,0.8,-0.2,0.8,1,-2.0,0,0.0
2022,13,00-0033572,J.Agnew,JAX,WR,1,0.3,0.3,0.3,0.3,0,0.0,0,0.0
2022,13,00-0035645,G.Olszewski,PIT,WR,1,0.2,0.2,0.2,0.2,0,0.0,0,0.0
2022,13,00-0037745,V.Jones,CHI,WR,1,0.1,0.1,0.1,0.1,0,0.0,0,0.0
2022,13,00-0037240,J.Williams,DET,WR,1,0.0,0.0,0.0,0.0,0,0.0,0,0.0
2022,13,00-0034854,K.Hodge,ATL,WR,1,0.0,0.0,0.0,0.0,0,0.0,0,0.0
2022,13,00-0036255,D.Mims,NYJ,WR,1,0.0,0.0,0.0,0.0,0,0.0,0,0.0
2022,13,00-0028002,R.Cobb,GB,WR,1,0.0,0.0,0.0,0.0,0,0.0,0,0.0
2022,13,00-0036219,M.Callaway,NO,WR,1,0.0,0.0,0.0,0.0,0,0.0,0,0.0
2022,13,00-0037257,D.Bell,CLE,WR,1,0.0,0.0,0.0,0.0,0,0.0,0,0.0
2022,13,00-0034348,C.Sutton,DEN,WR,1,0.0,0.0,0.0,0.0,0,0.0,0,0.0
2022,13,00-0037272,M.Washington,DEN,WR,1,-0.1,-0.1,-0.1,-0.1,0,0.0,0,0.0
2022,13,00-0033292,T.Taylor,CIN,WR,1,-0.3,-0.3,-0.3,-0.3,0,0.0,0,0.0
2022,12,00-0036322,J.Jefferson,MIN,WR,1,20.45,29.45,20.45,29.45,9,139.0,1,40.0
2022,12,00-0033921,C.Godwin,TB,WR,1,17.0,29.0,17.0,29.0,12,110.0,1,50.0
2022,12,00-0036963,A.St. Brown,DET,WR,1,18.9,27.9,18.9,27.9,9,122.0,1,42.0
2022,12,00-0037740,G.Wilson,NYJ,WR,1,21.4,26.4,21.4,26.4,5,95.0,2,57.0
2022,12,00-0033891,Z.Jones,JAX,WR,1,14.5,25.5,14.5,25.5,11,145.0,0,39.0
2022,12,00-0036410,T.Higgins,CIN,WR,1,17.4,24.4,17.4,24.4,7,114.0,1,6.0
2022,12,00-0033466,I.McKenzie,BUF,WR,1,16.3,22.3,16.3,22.3,6,96.0,1,15.0
2022,12,00-0031588,S.Diggs,BUF,WR,1,13.7,21.7,13.7,21.7,8,77.0,1,20.0
2022,12,00-0030035,A.Thielen,MIN,WR,1,12.1,21.1,12.1,21.1,9,61.0,1,24.0
2022,12,00-0038124,C.Watson,GB,WR,1,17.0,21.0,17.0,21.0,4,110.0,1,65.0
2022,12,00-0034827,D.Moore,CAR,WR,1,16.3,20.3,16.3,20.3,4,103.0,1,6.0
2022,12,00-0031763,D.Carter,LAC,WR,1,13.3,20.3,13.3,20.3,7,73.0,1,33.0
2022,12,00-0035640,D.Metcalf,SEA,WR,1,9.0,20.0,9.0,20.0,11,90.0,0,29.0
2022,12,00-0036252,M.Pittman,IND,WR,1,12.1,19.1,12.1,19.1,7,61.0,1,10.0
2022,12,00-0030564,D.Hopkins,ARI,WR,1,14.7,18.7,14.7,18.7,4,87.0,1,30.0
2022,12,00-0031549,N.Agholor,NE,WR,1,12.5,18.5,12.5,18.5,6,65.0,1,27.0
2022,12,00-0036358,C.Lamb,DAL,WR,1,11.7,17.7,11.7,17.7,6,106.0,0,21.0
2022,12,00-0036259,J.Jennings,SF,WR,1,10.9,16.9,10.9,16.9,6,49.0,1,17.0
2022,12,00-0031544,A.Cooper,CLE,WR,1,9.4,16.4,9.4,16.4,7,94.0,0,36.0
2022,12,00-0033555,M.Hollins,LV,WR,1,12.3,16.3,12.3,16.3,4,63.0,1,30.0
2022,12,00-0030279,K.Allen,LAC,WR,1,10.9,15.9,10.9,15.9,5,49.0,1,27.0
2022,12,00-0032211,T.Lockett,SEA,WR,1,12.8,15.8,12.8,15.8,3,68.0,1,24.0
2022,12,00-0034286,R.James,NYG,WR,1,10.1,15.1,10.1,15.1,5,41.0,1,11.0
2022,12,00-0033040,T.Hill,MIA,WR,1,9.0,15.0,9.0,15.0,6,85.0,0,27.0
2022,12,00-0033572,J.Agnew,JAX,WR,1,9.7,14.7,9.7,14.7,5,37.0,1,21.0
2022,12,00-0035676,A.Brown,PHI,WR,1,10.6,14.6,10.6,14.6,4,46.0,1,24.0
2022,12,00-0031381,D.Adams,LV,WR,1,7.4,14.4,7.4,14.4,7,74.0,0,20.0
2022,12,00-0035208,O.Zaccheaus,ATL,WR,1,9.1,14.1,9.1,14.1,5,91.0,0,46.0
2022,12,00-0036980,E.Moore,NYJ,WR,1,12.0,14.0,12.0,14.0,2,64.0,1,27.0
2022,12,00-0036613,J.Waddle,MIA,WR,1,8.5,13.5,8.5,13.5,5,85.0,0,12.0
2022,12,00-0034348,C.Sutton,DEN,WR,1,7.5,13.5,7.5,13.5,6,75.0,0,4.0
2022,12,00-0036271,Q.Watkins,PHI,WR,1,9.5,12.5,9.5,12.5,3,35.0,1,3.0
2022,12,00-0031547,D.Parker,NE,WR,1,8.0,12.0,8.0,12.0,4,80.0,0,9.0
2022,12,00-0036415,V.Jefferson,LA,WR,1,8.9,11.9,8.9,11.9,3,29.0,1,0.0
2022,12,00-0036999,A.Schwartz,CLE,WR,1,10.8,11.8,10.8,11.8,1,17.0,0,13.0
2022,12,00-0036261,B.Aiyuk,SF,WR,1,6.5,11.5,6.5,11.5,5,65.0,0,15.0
2022,12,00-0034764,M.Gallup,DAL,WR,1,6.3,11.3,6.3,11.3,5,63.0,0,14.0
2022,12,00-0037239,C.Olave,NO,WR,1,6.2,11.2,6.2,11.2,5,62.0,0,14.0
2022,12,00-0029293,M.Jones,JAX,WR,1,8.2,11.2,8.2,11.2,3,22.0,1,4.0
2022,12,00-0031236,B.Cooks,HOU,WR,1,6.1,11.1,6.1,11.1,5,59.0,0,12.0
2022,12,00-0037742,T.Burks,TEN,WR,1,7.0,11.0,7.0,11.0,4,70.0,0,7.0
2022,12,00-0035662,M.Brown,ARI,WR,1,4.6,10.6,4.6,10.6,6,46.0,0,19.0
2022,12,00-0036988,J.Palmer,LAC,WR,1,5.6,10.6,5.6,10.6,5,56.0,0,8.0
2022,12,00-0036554,N.Collins,HOU,WR,1,4.4,10.4,4.4,10.4,6,44.0,0,25.0
2022,12,00-0035216,D.Johnson,PIT,WR,1,4.9,9.9,4.9,9.9,5,49.0,0,16.0
2022,12,00-0028002,R.Cobb,GB,WR,1,7.9,9.9,7.9,9.9,2,19.0,1,3.0
2022,12,00-0035864,K.Hinton,DEN,WR,1,4.8,9.8,4.8,9.8,5,35.0,0,14.0
2022,12,00-0036182,N.Westbrook-Ikhine,TEN,WR,1,5.8,9.8,5.8,9.8,4,58.0,0,19.0
2022,12,00-0034777,D.Chark,DET,WR,1,7.6,9.6,7.6,9.6,2,16.0,1,2.0
2022,12,00-0034272,M.Valdes-Scantling,KC,WR,1,5.6,9.6,5.6,9.6,4,56.0,0,6.0
2022,12,00-0034054,R.Cracraft,MIA,WR,1,5.5,9.5,5.5,9.5,4,55.0,0,22.0
2022,12,00-0026189,D.Jackson,BAL,WR,1,7.4,9.4,7.4,9.4,2,74.0,0,7.0
2022,12,00-0035659,T.McLaurin,WAS,WR,1,5.3,9.3,5.3,9.3,4,48.0,0,7.0
2022,12,00-0035535,D.Slayton,NYG,WR,1,6.3,9.3,6.3,9.3,3,63.0,0,12.0
2022,12,00-0034960,J.Meyers,NE,WR,1,6.2,9.2,6.2,9.2,3,62.0,0,5.0
2022,12,00-0034297,B.Pringle,CHI,WR,1,7.2,9.2,7.2,9.2,2,12.0,1,2.0
2022,12,00-0036912,D.Smith,PHI,WR,1,5.0,9.0,5.0,9.0,4,50.0,0,12.0
2022,12,00-0037382,B.Johnson,DEN,WR,1,7.0,9.0,7.0,9.0,2,10.0,1,6.0
2022,12,00-0037247,G.Pickens,PIT,WR,1,5.7,8.7,5.7,8.7,3,57.0,0,4.0
2022,12,00-0038090,S.Moore,KC,WR,1,3.6,8.6,3.6,8.6,5,36.0,0,27.0
2022,12,00-0030068,M.Goodwin,SEA,WR,1,5.5,8.5,5.5,8.5,3,48.0,0,16.0
2022,12,00-0027944,J.Jones,TB,WR,1,5.5,8.5,5.5,8.5,3,40.0,0,9.0
2022,12,00-0034775,C.Kirk,JAX,WR,1,4.1,8.1,4.1,8.1,4,46.0,0,18.0
2022,12,00-0037545,R.Shaheed,NO,WR,1,5.9,7.9,5.9,7.9,2,53.0,0,19.0
2022,12,00-0036196,G.Davis,BUF,WR,1,3.8,7.8,3.8,7.8,4,38.0,0,3.0
2022,12,00-0032464,K.Raymond,DET,WR,1,3.5,7.5,3.5,7.5,4,35.0,0,18.0
2022,12,00-0035719,D.Samuel,SF,WR,1,4.3,7.3,4.3,7.3,3,43.0,0,40.0
2022,12,00-0036326,C.Claypool,CHI,WR,1,5.1,7.1,5.1,7.1,2,51.0,0,9.0
2022,12,00-0036331,D.Duvernay,BAL,WR,1,3.9,6.9,3.9,6.9,3,23.0,0,10.0
2022,12,00-0033857,J.Smith-Schuster,KC,WR,1,3.8,6.8,3.8,6.8,3,38.0,0,14.0
2022,12,00-0037257,D.Bell,CLE,WR,1,2.3,6.3,2.3,6.3,4,23.0,0,8.0
2022,12,00-0036165,I.Hodgins,NYG,WR,1,3.1,6.1,3.1,6.1,3,31.0,0,1.0
2022,12,00-0033307,K.Bourne,NE,WR,1,2.9,5.9,2.9,5.9,3,36.0,0,14.0
2022,12,00-0034487,T.Sherfield,MIA,WR,1,3.3,5.3,3.3,5.3,2,33.0,0,2.0
2022,12,00-0031408,M.Evans,TB,WR,1,3.1,5.1,3.1,5.1,2,31.0,0,14.0
2022,12,00-0037238,D.London,ATL,WR,1,2.9,4.9,2.9,4.9,2,29.0,0,13.0
2022,12,00-0034386,J.Watson,KC,WR,1,2.6,4.6,2.6,4.6,2,26.0,0,4.0
2022,12,00-0034418,C.Wilson,MIA,WR,1,2.6,4.6,2.6,4.6,2,26.0,0,5.0
2022,12,00-0034521,A.Lazard,GB,WR,1,2.4,4.4,2.4,4.4,2,24.0,0,4.0
2022,12,00-0036849,T.Atwell,LA,WR,1,2.3,4.3,2.3,4.3,2,23.0,0,3.0
2022,12,00-0036268,L.Shenault,CAR,WR,1,2.1,4.1,2.1,4.1,2,19.0,0,25.0
2022,12,00-0031382,J.Landry,NO,WR,1,2.0,4.0,2.0,4.0,2,20.0,0,5.0
2022,12,00-0030431,R.Woods,TEN,WR,1,1.6,3.6,1.6,3.6,2,16.0,0,1.0
2022,12,00-0033009,T.Boyd,CIN,WR,1,1.6,3.6,1.6,3.6,2,16.0,0,5.0
2022,12,00-0036233,D.Peoples-Jones,CLE,WR,1,1.6,3.6,1.6,3.6,2,16.0,0,6.0
2022,12,00-0036387,J.Reagor,MIN,WR,1,2.5,3.5,2.5,3.5,1,25.0,0,12.0
2022,12,00-0035639,P.Campbell,IND,WR,1,1.4,3.4,1.4,3.4,2,14.0,0,5.0
2022,12,00-0033681,K.Cole,LV,WR,1,1.2,3.2,1.2,3.2,2,12.0,0,1.0
2022,12,00-0034928,S.Sims,PIT,WR,1,0.9,2.9,0.9,2.9,2,9.0,0,5.0
2022,12,00-0032775,D.Robinson,BAL,WR,1,1.7,2.7,1.7,2.7,1,17.0,0,8.0
2022,12,00-0036626,D.Brown,WAS,WR,1,1.7,2.7,1.7,2.7,1,17.0,0,0.0
2022,12,00-0032398,C.Moore,HOU,WR,1,0.7,2.7,0.7,2.7,2,7.0,0,2.0
2022,12,00-0032688,R.Chosen,ARI,WR,1,1.7,2.7,1.7,2.7,1,17.0,0,2.0
2022,12,00-0035341,T.Irwin,CIN,WR,1,1.6,2.6,1.6,2.6,1,16.0,0,0.0
2022,12,00-0034646,B.Powell,LA,WR,1,0.6,2.6,0.6,2.6,2,6.0,0,4.0
2022,12,00-0036862,B.Skowronek,LA,WR,1,0.5,2.5,0.5,2.5,2,5.0,0,1.0
2022,12,00-0034419,B.Berrios,NYJ,WR,1,1.3,2.3,1.3,2.3,1,4.0,0,3.0
2022,12,00-0036345,K.Osborn,MIN,WR,1,1.3,2.3,1.3,2.3,1,8.0,0,4.0
2022,12,00-0034407,R.McCloud,SF,WR,1,1.2,2.2,1.2,2.2,1,12.0,0,0.0
2022,12,00-0034860,D.Pettis,CHI,WR,1,1.2,2.2,1.2,2.2,1,12.0,0,-1.0
2022,12,00-0036255,D.Mims,NYJ,WR,1,1.1,2.1,1.1,2.1,1,11.0,0,4.0
2022,12,00-0033871,C.Davis,NYJ,WR,1,0.9,1.9,0.9,1.9,1,9.0,0,3.0
2022,12,00-0036955,T.Marshall,CAR,WR,1,0.8,1.8,0.8,1.8,1,8.0,0,0.0
2022,12,00-0034765,T.Smith,NO,WR,1,0.8,1.8,0.8,1.8,1,8.0,0,1.0
2022,12,00-0033292,T.Taylor,CIN,WR,1,0.8,1.8,0.8,1.8,1,8.0,0,5.0
2022,12,00-0035876,A.Baccellia,ARI,WR,1,0.7,1.7,0.7,1.7,1,7.0,0,2.0
2022,12,00-0034279,E.St. Brown,CHI,WR,1,0.7,1.7,0.7,1.7,1,7.0,0,10.0
2022,12,00-0036918,J.Harris,LA,WR,1,0.6,1.6,0.6,1.6,1,6.0,0,2.0
2022,12,00-0027942,A.Green,ARI,WR,1,0.5,1.5,0.5,1.5,1,5.0,0,1.0
2022,12,00-0032208,P.Dorsett,HOU,WR,1,0.5,1.5,0.5,1.5,1,5.0,0,1.0
2022,12,00-0033282,C.Samuel,WAS,WR,1,1.3,1.3,1.3,1.3,0,0.0,0,0.0
2022,12,00-0035891,C.White,PIT,WR,1,0.2,1.2,0.2,1.2,1,2.0,0,2.0
2022,12,00-0035645,G.Olszewski,PIT,WR,1,0.9,0.9,0.9,0.9,0,0.0,0,0.0
2022,12,00-0037272,M.Washington,DEN,WR,1,-0.2,0.8,-0.2,0.8,1,-3.0,0,-1.0
2022,12,00-0037745,V.Jones,CHI,WR,1,0.6,0.6,0.6,0.6,0,0.0,0,0.0
2022,12,00-0037741,J.Dotson,WAS,WR,1,0.0,0.0,0.0,0.0,0,0.0,0,0.0
2022,12,00-0037055,L.McCutcheon,LA,WR,1,0.0,0.0,0.0,0.0,0,0.0,0,0.0
2022,12,00-0032054,B.Perriman,TB,WR,1,0.0,0.0,0.0,0.0,0,0.0,0,0.0
2022,12,00-0037664,A.Pierce,IND,WR,1,0.0,0.0,0.0,0.0,0,0.0,0,0.0
2022,12,00-0037387,J.Virgil,DEN,WR,1,0.0,0.0,0.0,0.0,0,0.0,0,0.0
2022,11,00-0031381,D.Adams,LV,WR,1,26.1,33.1,26.1,33.1,7,141.0,2,31.0
2022,11,00-0031544,A.Cooper,CLE,WR,1,23.3,31.3,23.3,31.3,8,113.0,2,20.0
2022,11,00-0036988,J.Palmer,LAC,WR,1,22.6,30.6,22.6,30.6,8,106.0,2,32.0
2022,11,00-0036410,T.Higgins,CIN,WR,1,14.8,23.8,14.8,23.8,9,148.0,0,44.0
2022,11,00-0035719,D.Samuel,SF,WR,1,15.4,22.4,15.4,22.4,7,57.0,0,43.0
2022,11,00-0032775,D.Robinson,BAL,WR,1,12.8,21.8,12.8,21.8,9,128.0,0,40.0
2022,11,00-0037239,C.Olave,NO,WR,1,16.2,21.2,16.2,21.2,5,102.0,1,26.0
2022,11,00-0038124,C.Watson,GB,WR,1,17.1,21.1,17.1,21.1,4,48.0,2,0.0
2022,11,00-0038117,W.Robinson,NYG,WR,1,10.4,19.4,10.4,19.4,9,100.0,0,57.0
2022,11,00-0035500,G.Dortch,ARI,WR,1,10.3,19.3,10.3,19.3,9,103.0,0,82.0
2022,11,00-0037247,G.Pickens,PIT,WR,1,14.3,18.3,14.3,18.3,4,83.0,1,9.0
2022,11,00-0037742,T.Burks,TEN,WR,1,11.1,18.1,11.1,18.1,7,111.0,0,38.0
2022,11,00-0030564,D.Hopkins,ARI,WR,1,9.1,18.1,9.1,18.1,9,91.0,0,15.0
2022,11,00-0036233,D.Peoples-Jones,CLE,WR,1,12.1,17.1,12.1,17.1,5,61.0,1,5.0
2022,11,00-0036261,B.Aiyuk,SF,WR,1,14.0,16.0,14.0,16.0,2,20.0,2,8.0
2022,11,00-0036963,A.St. Brown,DET,WR,1,8.0,15.0,8.0,15.0,7,76.0,0,29.0
2022,11,00-0031588,S.Diggs,BUF,WR,1,10.8,14.8,10.8,14.8,4,48.0,1,10.0
2022,11,00-0031428,A.Robinson,LA,WR,1,10.7,14.7,10.7,14.7,4,47.0,1,11.0
2022,11,00-0030279,K.Allen,LAC,WR,1,9.4,14.4,9.4,14.4,5,94.0,0,28.0
2022,11,00-0034286,R.James,NYG,WR,1,10.8,13.8,10.8,13.8,3,48.0,1,22.0
2022,11,00-0036912,D.Smith,PHI,WR,1,7.8,13.8,7.8,13.8,6,78.0,0,15.0
2022,11,00-0035535,D.Slayton,NYG,WR,1,8.6,13.6,8.6,13.6,5,86.0,0,29.0
2022,11,00-0036252,M.Pittman,IND,WR,1,7.5,13.5,7.5,13.5,6,75.0,0,31.0
2022,11,00-0028002,R.Cobb,GB,WR,1,7.3,13.3,7.3,13.3,6,73.0,0,22.0
2022,11,00-0035341,T.Irwin,CIN,WR,1,10.2,13.2,10.2,13.2,3,42.0,1,22.0
2022,11,00-0036849,T.Atwell,LA,WR,1,12.2,13.2,12.2,13.2,1,62.0,1,16.0
2022,11,00-0034348,C.Sutton,DEN,WR,1,8.0,13.0,8.0,13.0,5,80.0,0,26.0
2022,11,00-0036309,D.Mooney,CHI,WR,1,8.9,12.9,8.9,12.9,4,29.0,1,21.0
2022,11,00-0030431,R.Woods,TEN,WR,1,6.9,12.9,6.9,12.9,6,69.0,0,29.0
2022,11,00-0031382,J.Landry,NO,WR,1,9.3,12.3,9.3,12.3,3,33.0,1,9.0
2022,11,00-0036196,G.Davis,BUF,WR,1,6.8,11.8,6.8,11.8,5,68.0,0,5.0
2022,11,00-0035639,P.Campbell,IND,WR,1,6.7,11.7,6.7,11.7,5,67.0,0,16.0
2022,11,00-0038090,S.Moore,KC,WR,1,6.3,11.3,6.3,11.3,5,63.0,0,7.0
2022,11,00-0033555,M.Hollins,LV,WR,1,5.2,11.2,5.2,11.2,6,52.0,0,14.0
2022,11,00-0036271,Q.Watkins,PHI,WR,1,9.1,11.1,9.1,11.1,2,31.0,1,6.0
2022,11,00-0035676,A.Brown,PHI,WR,1,6.0,11.0,6.0,11.0,5,60.0,0,32.0
2022,11,00-0034521,A.Lazard,GB,WR,1,5.7,10.7,5.7,10.7,5,57.0,0,5.0
2022,11,00-0036955,T.Marshall,CAR,WR,1,7.6,10.6,7.6,10.6,3,76.0,0,6.0
2022,11,00-0031236,B.Cooks,HOU,WR,1,7.0,10.0,7.0,10.0,3,70.0,0,55.0
2022,11,00-0027942,A.Green,ARI,WR,1,5.0,10.0,5.0,10.0,5,50.0,0,0.0
2022,11,00-0033282,C.Samuel,WAS,WR,1,8.8,9.8,8.8,9.8,1,10.0,0,13.0
2022,11,00-0036554,N.Collins,HOU,WR,1,4.8,9.8,4.8,9.8,5,48.0,0,18.0
2022,11,00-0034386,J.Watson,KC,WR,1,6.7,9.7,6.7,9.7,3,67.0,0,13.0
2022,11,00-0035659,T.McLaurin,WAS,WR,1,5.6,9.6,5.6,9.6,4,55.0,0,8.0
2022,11,00-0036358,C.Lamb,DAL,WR,1,4.5,9.5,4.5,9.5,5,45.0,0,19.0
2022,11,00-0034960,J.Meyers,NE,WR,1,5.2,9.2,5.2,9.2,4,52.0,0,15.0
2022,11,00-0035864,K.Hinton,DEN,WR,1,5.7,8.7,5.7,8.7,3,57.0,0,36.0
2022,11,00-0032398,C.Moore,HOU,WR,1,2.3,7.3,2.3,7.3,5,20.0,0,22.0
2022,11,00-0037238,D.London,ATL,WR,1,6.2,7.2,6.2,7.2,1,2.0,1,0.0
2022,11,00-0036415,V.Jefferson,LA,WR,1,4.1,7.1,4.1,7.1,3,41.0,0,5.0
2022,11,00-0034764,M.Gallup,DAL,WR,1,4.1,7.1,4.1,7.1,3,41.0,0,17.0
2022,11,00-0032464,K.Raymond,DET,WR,1,4.0,7.0,4.0,7.0,3,33.0,0,30.0
2022,11,00-0036572,S.Smith,CAR,WR,1,2.6,6.6,2.6,6.6,4,26.0,0,7.0
2022,11,00-0031763,D.Carter,LAC,WR,1,3.3,6.3,3.3,6.3,3,33.0,0,15.0
2022,11,00-0036322,J.Jefferson,MIN,WR,1,3.3,6.3,3.3,6.3,3,33.0,0,7.0
2022,11,00-0033591,N.Brown,DAL,WR,1,4.2,6.2,4.2,6.2,2,42.0,0,6.0
2022,11,00-0033009,T.Boyd,CIN,WR,1,4.2,6.2,4.2,6.2,2,42.0,0,7.0
2022,11,00-0037257,D.Bell,CLE,WR,1,2.2,6.2,2.2,6.2,4,22.0,0,8.0
2022,11,00-0035216,D.Johnson,PIT,WR,1,2.2,6.2,2.2,6.2,4,21.0,0,11.0
2022,11,00-0036165,I.Hodgins,NYG,WR,1,2.9,5.9,2.9,5.9,3,29.0,0,1.0
2022,11,00-0035645,G.Olszewski,PIT,WR,1,3.9,5.9,3.9,5.9,2,39.0,0,6.0
2022,11,00-0037664,A.Pierce,IND,WR,1,2.8,5.8,2.8,5.8,3,28.0,0,7.0
2022,11,00-0036255,D.Mims,NYJ,WR,1,3.5,5.5,3.5,5.5,2,35.0,0,7.0
2022,11,00-0034827,D.Moore,CAR,WR,1,2.4,5.4,2.4,5.4,3,24.0,0,2.0
2022,11,00-0033932,K.Golladay,NYG,WR,1,2.9,4.9,2.9,4.9,2,29.0,0,2.0
2022,11,00-0031868,D.Byrd,ATL,WR,1,2.9,4.9,2.9,4.9,2,29.0,0,16.0
2022,11,00-0036182,N.Westbrook-Ikhine,TEN,WR,1,2.8,4.8,2.8,4.8,2,28.0,0,10.0
2022,11,00-0036268,L.Shenault,CAR,WR,1,0.7,4.7,0.7,4.7,4,7.0,0,15.0
2022,11,00-0030035,A.Thielen,MIN,WR,1,2.5,4.5,2.5,4.5,2,25.0,0,0.0
2022,11,00-0034279,E.St. Brown,CHI,WR,1,2.4,4.4,2.4,4.4,2,24.0,0,13.0
2022,11,00-0031547,D.Parker,NE,WR,1,1.9,3.9,1.9,3.9,2,19.0,0,0.0
2022,11,00-0031549,N.Agholor,NE,WR,1,1.8,3.8,1.8,3.8,2,18.0,0,11.0
2022,11,00-0036980,E.Moore,NYJ,WR,1,1.7,3.7,1.7,3.7,2,17.0,0,-1.0
2022,11,00-0036345,K.Osborn,MIN,WR,1,1.7,3.7,1.7,3.7,2,17.0,0,15.0
2022,11,00-0034646,B.Powell,LA,WR,1,1.5,3.5,1.5,3.5,2,16.0,0,15.0
2022,11,00-0037740,G.Wilson,NYJ,WR,1,1.2,3.2,1.2,3.2,2,12.0,0,8.0
2022,11,00-0035208,O.Zaccheaus,ATL,WR,1,2.2,3.2,2.2,3.2,1,9.0,0,4.0
2022,11,00-0033681,K.Cole,LV,WR,1,2.1,3.1,2.1,3.1,1,21.0,0,0.0
2022,11,00-0036326,C.Claypool,CHI,WR,1,1.1,3.1,1.1,3.1,2,11.0,0,3.0
2022,11,00-0034272,M.Valdes-Scantling,KC,WR,1,1.8,2.8,1.8,2.8,1,18.0,0,1.0
2022,11,00-0034104,C.Sims,WAS,WR,1,1.7,2.7,1.7,2.7,1,17.0,0,-1.0
2022,11,00-0037741,J.Dotson,WAS,WR,1,1.6,2.6,1.6,2.6,1,13.0,0,-1.0
2022,11,00-0033536,M.Williams,LAC,WR,1,1.5,2.5,1.5,2.5,1,15.0,0,0.0
2022,11,00-0037291,J.Nailor,MIN,WR,1,1.5,2.5,1.5,2.5,1,15.0,0,5.0
2022,11,00-0036387,J.Reagor,MIN,WR,1,1.4,2.4,1.4,2.4,1,14.0,0,0.0
2022,11,00-0034854,K.Hodge,ATL,WR,1,1.3,2.3,1.3,2.3,1,13.0,0,0.0
2022,11,00-0035544,T.Kennedy,DET,WR,1,1.3,2.3,1.3,2.3,1,13.0,0,9.0
2022,11,00-0033251,Z.Pascal,PHI,WR,1,0.9,1.9,0.9,1.9,1,9.0,0,9.0
2022,11,00-0033307,K.Bourne,NE,WR,1,0.8,1.8,0.8,1.8,1,8.0,0,4.0
2022,11,00-0037666,J.Tolbert,DAL,WR,1,0.8,1.8,0.8,1.8,1,8.0,0,1.0
2022,11,00-0037545,R.Shaheed,NO,WR,1,0.8,1.8,0.8,1.8,1,8.0,0,9.0
2022,11,00-0036331,D.Duvernay,BAL,WR,1,0.7,1.7,0.7,1.7,1,3.0,0,4.0
2022,11,00-0036219,M.Callaway,NO,WR,1,0.6,1.6,0.6,1.6,1,6.0,0,2.0
2022,11,00-0038104,T.Thornton,NE,WR,1,0.5,1.5,0.5,1.5,1,5.0,0,0.0
2022,11,00-0036862,B.Skowronek,LA,WR,1,0.4,1.4,0.4,1.4,1,4.0,0,1.0
2022,11,00-0037382,B.Johnson,DEN,WR,1,0.2,1.2,0.2,1.2,1,2.0,0,0.0
2022,11,00-0033292,T.Taylor,CIN,WR,1,0.1,1.1,0.1,1.1,1,1.0,0,-2.0
2022,11,00-0036259,J.Jennings,SF,WR,1,0.0,0.0,0.0,0.0,0,0.0,0,0.0
2022,11,00-0033114,M.Thomas,CIN,WR,1,0.0,0.0,0.0,0.0,0,0.0,0,0.0
2022,11,00-0034419,B.Berrios,NYJ,WR,1,0.0,0.0,0.0,0.0,0,0.0,0,0.0
2022,11,00-0033466,I.McKenzie,BUF,WR,1,0.0,0.0,0.0,0.0,0,0.0,0,0.0
2022,11,00-0036913,K.Toney,KC,WR,1,0.0,0.0,0.0,0.0,0,0.0,0,0.0
2022,11,00-0034407,R.McCloud,SF,WR,1,0.0,0.0,0.0,0.0,0,0.0,0,0.0
2022,11,00-0031325,S.Watkins,GB,WR,1,0.0,0.0,0.0,0.0,0,0.0,0,0.0
2022,11,00-0036959,M.Bandy,LAC,WR,1,0.0,0.0,0.0,0.0,0,0.0,0,0.0
2022,11,00-0036133,J.Proche,BAL,WR,1,0.0,0.0,0.0,0.0,0,0.0,0,0.0
2022,11,00-0034777,D.Chark,DET,WR,1,0.0,0.0,0.0,0.0,0,0.0,0,0.0
2022,11,00-0032208,P.Dorsett,HOU,WR,1,0.0,0.0,0.0,0.0,0,0.0,0,0.0
2022,11,00-0034928,S.Sims,PIT,WR,1,-0.3,-0.3,-0.3,-0.3,0,0.0,0,0.0
2022,11,00-0036936,R.Moore,ARI,WR,1,-0.6,-0.6,-0.6,-0.6,0,0.0,0,0.0
2022,10,00-0036358,C.Lamb,DAL,WR,1,27.0,38.0,27.0,38.0,11,150.0,2,41.0
2022,10,00-0036322,J.Jefferson,MIN,WR,1,25.3,35.3,25.3,35.3,10,193.0,1,32.0
2022,10,00-0038124,C.Watson,GB,WR,1,28.7,32.7,28.7,32.7,4,107.0,3,26.0
2022,10,00-0034775,C.Kirk,JAX,WR,1,22.5,31.5,22.5,31.5,9,105.0,2,27.0
2022,10,00-0036182,N.Westbrook-Ikhine,TEN,WR,1,23.9,28.9,23.9,28.9,5,119.0,2,51.0
2022,10,00-0031381,D.Adams,LV,WR,1,18.6,27.6,18.6,27.6,9,126.0,1,72.0
2022,10,00-0031588,S.Diggs,BUF,WR,1,12.8,24.8,12.8,24.8,12,128.0,0,43.0
2022,10,00-0036963,A.St. Brown,DET,WR,1,12.1,22.1,12.1,22.1,10,119.0,0,77.0
2022,10,00-0036196,G.Davis,BUF,WR,1,15.3,21.3,15.3,21.3,6,93.0,1,-2.0
2022,10,00-0035659,T.McLaurin,WAS,WR,1,12.8,20.8,12.8,20.8,8,128.0,0,31.0
2022,10,00-0035639,P.Campbell,IND,WR,1,13.6,20.6,13.6,20.6,7,76.0,1,46.0
2022,10,00-0030564,D.Hopkins,ARI,WR,1,9.8,19.8,9.8,19.8,10,98.0,0,30.0
2022,10,00-0033921,C.Godwin,TB,WR,1,13.1,19.1,13.1,19.1,6,71.0,1,22.0
2022,10,00-0036913,K.Toney,KC,WR,1,15.0,19.0,15.0,19.0,4,57.0,1,31.0
2022,10,00-0035535,D.Slayton,NYG,WR,1,15.5,18.5,15.5,18.5,3,95.0,1,76.0
2022,10,00-0036936,R.Moore,ARI,WR,1,9.4,18.4,9.4,18.4,9,94.0,0,35.0
2022,10,00-0031763,D.Carter,LAC,WR,1,12.4,16.4,12.4,16.4,4,64.0,1,15.0
2022,10,00-0034487,T.Sherfield,MIA,WR,1,12.3,16.3,12.3,16.3,4,63.0,1,17.0
2022,10,00-0036912,D.Smith,PHI,WR,1,9.9,15.9,9.9,15.9,6,39.0,1,10.0
2022,10,00-0036554,N.Collins,HOU,WR,1,10.9,15.9,10.9,15.9,5,49.0,1,12.0
2022,10,00-0033040,T.Hill,MIA,WR,1,10.4,15.4,10.4,15.4,5,44.0,1,11.0
2022,10,00-0034272,M.Valdes-Scantling,KC,WR,1,12.0,15.0,12.0,15.0,3,60.0,1,4.0
2022,10,00-0036233,D.Peoples-Jones,CLE,WR,1,9.9,14.9,9.9,14.9,5,99.0,0,20.0
2022,10,00-0036268,L.Shenault,CAR,WR,1,11.9,14.9,11.9,14.9,3,17.0,0,28.0
2022,10,00-0037238,D.London,ATL,WR,1,9.8,14.8,9.8,14.8,5,38.0,1,8.0
2022,10,00-0033891,Z.Jones,JAX,WR,1,6.8,14.8,6.8,14.8,8,68.0,0,21.0
2022,10,00-0037247,G.Pickens,PIT,WR,1,11.5,14.5,11.5,14.5,3,32.0,0,12.0
2022,10,00-0036261,B.Aiyuk,SF,WR,1,8.4,14.4,8.4,14.4,6,84.0,0,21.0
2022,10,00-0027944,J.Jones,TB,WR,1,11.3,14.3,11.3,14.3,3,53.0,1,30.0
2022,10,00-0037387,J.Virgil,DEN,WR,1,12.6,13.6,12.6,13.6,1,66.0,1,40.0
2022,10,00-0032211,T.Lockett,SEA,WR,1,10.2,13.2,10.2,13.2,3,42.0,1,3.0
2022,10,00-0035640,D.Metcalf,SEA,WR,1,7.1,13.1,7.1,13.1,6,71.0,0,14.0
2022,10,00-0034348,C.Sutton,DEN,WR,1,6.6,12.6,6.6,12.6,6,66.0,0,8.0
2022,10,00-0036252,M.Pittman,IND,WR,1,5.3,12.3,5.3,12.3,7,53.0,0,8.0
2022,10,00-0036271,Q.Watkins,PHI,WR,1,8.0,12.0,8.0,12.0,4,80.0,0,19.0
2022,10,00-0030068,M.Goodwin,SEA,WR,1,9.8,11.8,9.8,11.8,2,38.0,1,0.0
2022,10,00-0036415,V.Jefferson,LA,WR,1,8.7,11.7,8.7,11.7,3,27.0,1,4.0
2022,10,00-0034854,K.Hodge,ATL,WR,1,9.7,11.7,9.7,11.7,2,37.0,1,1.0
2022,10,00-0036613,J.Waddle,MIA,WR,1,6.6,10.6,6.6,10.6,4,66.0,0,13.0
2022,10,00-0031408,M.Evans,TB,WR,1,5.4,10.4,5.4,10.4,5,54.0,0,4.0
2022,10,00-0035216,D.Johnson,PIT,WR,1,6.3,10.3,6.3,10.3,4,63.0,0,3.0
2022,10,00-0035864,K.Hinton,DEN,WR,1,6.2,10.2,6.2,10.2,4,62.0,0,37.0
2022,10,00-0032398,C.Moore,HOU,WR,1,7.0,10.0,7.0,10.0,3,70.0,0,37.0
2022,10,00-0030035,A.Thielen,MIN,WR,1,4.9,9.9,4.9,9.9,5,49.0,0,11.0
2022,10,00-0036309,D.Mooney,CHI,WR,1,5.7,9.7,5.7,9.7,4,57.0,0,18.0
2022,10,00-0033466,I.McKenzie,BUF,WR,1,5.5,9.5,5.5,9.5,4,37.0,0,17.0
2022,10,00-0027942,A.Green,ARI,WR,1,7.0,9.0,7.0,9.0,2,10.0,1,0.0
2022,10,00-0031868,D.Byrd,ATL,WR,1,5.8,8.8,5.8,8.8,3,58.0,0,8.0
2022,10,00-0031428,A.Robinson,LA,WR,1,4.4,8.4,4.4,8.4,4,44.0,0,6.0
2022,10,00-0031236,B.Cooks,HOU,WR,1,4.2,8.2,4.2,8.2,4,37.0,0,8.0
2022,10,00-0036259,J.Jennings,SF,WR,1,4.0,8.0,4.0,8.0,4,40.0,0,15.0
2022,10,00-0036345,K.Osborn,MIN,WR,1,3.7,7.7,3.7,7.7,4,35.0,0,16.0
2022,10,00-0032464,K.Raymond,DET,WR,1,4.7,7.7,4.7,7.7,3,47.0,0,17.0
2022,10,00-0031325,S.Watkins,GB,WR,1,4.7,7.7,4.7,7.7,3,47.0,0,1.0
2022,10,00-0034521,A.Lazard,GB,WR,1,4.5,7.5,4.5,7.5,3,45.0,0,44.0
2022,10,00-0034764,M.Gallup,DAL,WR,1,3.5,7.5,3.5,7.5,4,35.0,0,14.0
2022,10,00-0036988,J.Palmer,LAC,WR,1,4.4,7.4,4.4,7.4,3,44.0,0,9.0
2022,10,00-0035719,D.Samuel,SF,WR,1,5.1,7.1,5.1,7.1,2,24.0,0,26.0
2022,10,00-0037239,C.Olave,NO,WR,1,4.0,7.0,4.0,7.0,3,40.0,0,3.0
2022,10,00-0034827,D.Moore,CAR,WR,1,2.9,6.9,2.9,6.9,4,29.0,0,9.0
2022,10,00-0031382,J.Landry,NO,WR,1,3.7,6.7,3.7,6.7,3,37.0,0,3.0
2022,10,00-0031544,A.Cooper,CLE,WR,1,3.2,6.2,3.2,6.2,3,32.0,0,5.0
2022,10,00-0036165,I.Hodgins,NYG,WR,1,4.1,6.1,4.1,6.1,2,41.0,0,12.0
2022,10,00-0033282,C.Samuel,WAS,WR,1,4.0,6.0,4.0,6.0,2,28.0,0,17.0
2022,10,00-0037257,D.Bell,CLE,WR,1,2.4,5.4,2.4,5.4,3,24.0,0,8.0
2022,10,00-0035208,O.Zaccheaus,ATL,WR,1,3.4,5.4,3.4,5.4,2,34.0,0,11.0
2022,10,00-0035544,T.Kennedy,DET,WR,1,4.4,5.4,4.4,5.4,1,44.0,0,31.0
2022,10,00-0037742,T.Burks,TEN,WR,1,2.4,5.4,2.4,5.4,3,24.0,0,19.0
2022,10,00-0036955,T.Marshall,CAR,WR,1,4.3,5.3,4.3,5.3,1,43.0,0,31.0
2022,10,00-0033857,J.Smith-Schuster,KC,WR,1,3.3,5.3,3.3,5.3,2,33.0,0,3.0
2022,10,00-0035298,S.Miller,TB,WR,1,2.5,4.5,2.5,4.5,2,25.0,0,0.0
2022,10,00-0034407,R.McCloud,SF,WR,1,3.3,4.3,3.3,4.3,1,33.0,0,15.0
2022,10,00-0029293,M.Jones,JAX,WR,1,3.3,4.3,3.3,4.3,1,33.0,0,4.0
2022,10,00-0032208,P.Dorsett,HOU,WR,1,2.2,4.2,2.2,4.2,2,22.0,0,6.0
2022,10,00-0033555,M.Hollins,LV,WR,1,1.8,3.8,1.8,3.8,2,18.0,0,8.0
2022,10,00-0038117,W.Robinson,NYG,WR,1,1.5,3.5,1.5,3.5,2,20.0,0,13.0
2022,10,00-0036862,B.Skowronek,LA,WR,1,1.4,3.4,1.4,3.4,2,14.0,0,8.0
2022,10,00-0033572,J.Agnew,JAX,WR,1,0.4,3.4,0.4,3.4,3,4.0,0,11.0
2022,10,00-0034366,K.Coutee,IND,WR,1,2.0,3.0,2.0,3.0,1,20.0,0,8.0
2022,10,00-0030431,R.Woods,TEN,WR,1,1.0,3.0,1.0,3.0,2,10.0,0,1.0
2022,10,00-0033908,C.Kupp,LA,WR,1,-0.1,2.9,-0.1,2.9,3,-1.0,0,5.0
2022,10,00-0034928,S.Sims,PIT,WR,1,1.7,2.7,1.7,2.7,1,15.0,0,17.0
2022,10,00-0036572,S.Smith,CAR,WR,1,1.7,2.7,1.7,2.7,1,17.0,0,1.0
2022,10,00-0034860,D.Pettis,CHI,WR,1,1.7,2.7,1.7,2.7,1,9.0,0,0.0
2022,10,00-0036626,D.Brown,WAS,WR,1,1.5,2.5,1.5,2.5,1,15.0,0,0.0
2022,10,00-0037741,J.Dotson,WAS,WR,1,1.4,2.4,1.4,2.4,1,14.0,0,5.0
2022,10,00-0034297,B.Pringle,CHI,WR,1,1.2,2.2,1.2,2.2,1,12.0,0,0.0
2022,10,00-0034386,J.Watson,KC,WR,1,1.2,2.2,1.2,2.2,1,12.0,0,0.0
2022,10,00-0037545,R.Shaheed,NO,WR,1,1.2,2.2,1.2,2.2,1,12.0,0,0.0
2022,10,00-0033251,Z.Pascal,PHI,WR,1,1.0,2.0,1.0,2.0,1,10.0,0,5.0
2022,10,00-0037801,K.Turpin,DAL,WR,1,0.9,1.9,0.9,1.9,1,9.0,0,5.0
2022,10,00-0036326,C.Claypool,CHI,WR,1,0.8,1.8,0.8,1.8,1,8.0,0,12.0
2022,10,00-0034418,C.Wilson,MIA,WR,1,0.7,1.7,0.7,1.7,1,7.0,0,0.0
2022,10,00-0035676,A.Brown,PHI,WR,1,0.7,1.7,0.7,1.7,1,7.0,0,0.0
2022,10,00-0038090,S.Moore,KC,WR,1,0.6,1.6,0.6,1.6,1,6.0,0,3.0
2022,10,00-0037261,K.Shakir,BUF,WR,1,0.6,1.6,0.6,1.6,1,6.0,0,2.0
2022,10,00-0035645,G.Olszewski,PIT,WR,1,0.4,1.4,0.4,1.4,1,4.0,0,7.0
2022,10,00-0036999,A.Schwartz,CLE,WR,1,0.3,1.3,0.3,1.3,1,3.0,0,2.0
2022,10,00-0033591,N.Brown,DAL,WR,1,0.3,1.3,0.3,1.3,1,3.0,0,0.0
2022,10,00-0034279,E.St. Brown,CHI,WR,1,0.9,0.9,0.9,0.9,0,0.0,0,0.0
2022,10,00-0034646,B.Powell,LA,WR,1,0.7,0.7,0.7,0.7,0,0.0,0,0.0
2022,10,00-0033932,K.Golladay,NYG,WR,1,0.0,0.0,0.0,0.0,0,0.0,0,0.0
2022,10,00-0037272,M.Washington,DEN,WR,1,0.0,0.0,0.0,0.0,0,0.0,0,0.0
2022,10,00-0033681,K.Cole,LV,WR,1,0.0,0.0,0.0,0.0,0,0.0,0,0.0
2022,10,00-0036959,M.Bandy,LAC,WR,1,0.0,0.0,0.0,0.0,0,0.0,0,0.0
2022,10,00-0034104,C.Sims,WAS,WR,1,0.0,0.0,0.0,0.0,0,0.0,0,0.0
2022,10,00-0036439,T.Cleveland,DEN,WR,1,0.0,0.0,0.0,0.0,0,0.0,0,0.0
2022,10,00-0036407,J.Jeudy,DEN,WR,1,0.0,0.0,0.0,0.0,0,0.0,0,0.0
2022,10,00-0037300,M.Woods,CLE,WR,1,0.0,0.0,0.0,0.0,0,0.0,0,0.0
2022,10,00-0031545,K.White,NO,WR,1,0.0,0.0,0.0,0.0,0,0.0,0,0.0
2022,10,00-0037664,A.Pierce,IND,WR,1,0.0,0.0,0.0,0.0,0,0.0,0,0.0
2022,9,00-0031381,D.Adams,LV,WR,1,26.6,36.6,26.6,36.6,10,146.0,2,59.0
2022,9,00-0033040,T.Hill,MIA,WR,1,20.3,27.3,20.3,27.3,7,143.0,1,41.0
2022,9,00-0033908,C.Kupp,LA,WR,1,18.8,26.8,18.8,26.8,8,127.0,1,75.0
2022,9,00-0036322,J.Jefferson,MIN,WR,1,18.5,25.5,18.5,25.5,7,115.0,1,28.0
2022,9,00-0034775,C.Kirk,JAX,WR,1,13.6,21.6,13.6,21.6,8,76.0,1,15.0
2022,9,00-0035140,M.Hardman,KC,WR,1,13.9,19.9,13.9,19.9,6,79.0,1,54.0
2022,9,00-0036613,J.Waddle,MIA,WR,1,14.5,19.5,14.5,19.5,5,85.0,1,17.0
2022,9,00-0033857,J.Smith-Schuster,KC,WR,1,8.8,18.8,8.8,18.8,10,88.0,0,36.0
2022,9,00-0034521,A.Lazard,GB,WR,1,14.7,18.7,14.7,18.7,4,87.0,1,30.0
2022,9,00-0036988,J.Palmer,LAC,WR,1,10.6,18.6,10.6,18.6,8,106.0,0,27.0
2022,9,00-0037740,G.Wilson,NYJ,WR,1,9.9,17.9,9.9,17.9,8,92.0,0,32.0
2022,9,00-0032211,T.Lockett,SEA,WR,1,12.7,17.7,12.7,17.7,5,67.0,1,43.0
2022,9,00-0036309,D.Mooney,CHI,WR,1,10.5,17.5,10.5,17.5,7,43.0,1,21.0
2022,9,00-0033282,C.Samuel,WAS,WR,1,14.1,17.1,14.1,17.1,3,65.0,1,5.0
2022,9,00-0035676,A.Brown,PHI,WR,1,11.9,15.9,11.9,15.9,4,59.0,1,25.0
2022,9,00-0036936,R.Moore,ARI,WR,1,6.9,14.9,6.9,14.9,8,69.0,0,35.0
2022,9,00-0035640,D.Metcalf,SEA,WR,1,9.7,14.7,9.7,14.7,5,37.0,1,7.0
2022,9,00-0032398,C.Moore,HOU,WR,1,10.5,14.5,10.5,14.5,4,43.0,1,42.0
2022,9,00-0036955,T.Marshall,CAR,WR,1,11.3,14.3,11.3,14.3,3,53.0,1,10.0
2022,9,00-0031588,S.Diggs,BUF,WR,1,9.3,14.3,9.3,14.3,5,93.0,0,25.0
2022,9,00-0030564,D.Hopkins,ARI,WR,1,9.6,13.6,9.6,13.6,4,36.0,1,19.0
2022,9,00-0037239,C.Olave,NO,WR,1,7.1,13.1,7.1,13.1,6,71.0,0,16.0
2022,9,00-0036410,T.Higgins,CIN,WR,1,6.0,13.0,6.0,13.0,7,60.0,0,6.0
2022,9,00-0035298,S.Miller,TB,WR,1,5.3,12.3,5.3,12.3,7,53.0,0,14.0
2022,9,00-0033921,C.Godwin,TB,WR,1,3.7,10.7,3.7,10.7,7,36.0,0,10.0
2022,9,00-0035659,T.McLaurin,WAS,WR,1,5.6,10.6,5.6,10.6,5,56.0,0,13.0
2022,9,00-0031763,D.Carter,LAC,WR,1,5.3,10.3,5.3,10.3,5,53.0,0,25.0
2022,9,00-0032208,P.Dorsett,HOU,WR,1,6.9,9.9,6.9,9.9,3,69.0,0,16.0
2022,9,00-0029293,M.Jones,JAX,WR,1,4.8,9.8,4.8,9.8,5,48.0,0,5.0
2022,9,00-0030035,A.Thielen,MIN,WR,1,6.7,9.7,6.7,9.7,3,67.0,0,19.0
2022,9,00-0036963,A.St. Brown,DET,WR,1,5.5,9.5,5.5,9.5,4,55.0,0,17.0
2022,9,00-0033009,T.Boyd,CIN,WR,1,4.4,9.4,4.4,9.4,5,44.0,0,10.0
2022,9,00-0034960,J.Meyers,NE,WR,1,4.4,9.4,4.4,9.4,5,42.0,0,15.0
2022,9,00-0031408,M.Evans,TB,WR,1,4.0,9.0,4.0,9.0,5,40.0,0,5.0
2022,9,00-0033891,Z.Jones,JAX,WR,1,4.0,9.0,4.0,9.0,5,40.0,0,20.0
2022,9,00-0036671,D.Milne,WAS,WR,1,6.6,7.6,6.6,7.6,1,6.0,1,2.0
2022,9,00-0036959,M.Bandy,LAC,WR,1,2.6,7.6,2.6,7.6,5,26.0,0,15.0
2022,9,00-0034765,T.Smith,NO,WR,1,2.9,5.9,2.9,5.9,3,29.0,0,3.0
2022,9,00-0034487,T.Sherfield,MIA,WR,1,2.7,5.7,2.7,5.7,3,27.0,0,12.0
2022,9,00-0034386,J.Watson,KC,WR,1,3.7,5.7,3.7,5.7,2,37.0,0,0.0
2022,9,00-0034983,H.Renfrow,LV,WR,1,2.6,5.6,2.6,5.6,3,26.0,0,4.0
2022,9,00-0031428,A.Robinson,LA,WR,1,2.4,5.4,2.4,5.4,3,24.0,0,1.0
2022,9,00-0037098,S.Toure,GB,WR,1,3.4,5.4,3.4,5.4,2,34.0,0,8.0
2022,9,00-0036219,M.Callaway,NO,WR,1,2.4,5.4,2.4,5.4,3,24.0,0,3.0
2022,9,00-0037238,D.London,ATL,WR,1,2.3,5.3,2.3,5.3,3,23.0,0,2.0
2022,9,00-0036196,G.Davis,BUF,WR,1,3.3,5.3,3.3,5.3,2,33.0,0,2.0
2022,9,00-0036252,M.Pittman,IND,WR,1,2.2,5.2,2.2,5.2,3,22.0,0,10.0
2022,9,00-0033292,T.Taylor,CIN,WR,1,3.2,5.2,3.2,5.2,2,14.0,0,9.0
2022,9,00-0027944,J.Jones,TB,WR,1,2.8,4.8,2.8,4.8,2,28.0,0,13.0
2022,9,00-0032464,K.Raymond,DET,WR,1,1.7,4.7,1.7,4.7,3,17.0,0,25.0
2022,9,00-0036271,Q.Watkins,PHI,WR,1,2.5,4.5,2.5,4.5,2,25.0,0,14.0
2022,9,00-0038124,C.Watson,GB,WR,1,2.4,4.4,2.4,4.4,2,24.0,0,9.0
2022,9,00-0034827,D.Moore,CAR,WR,1,2.4,4.4,2.4,4.4,2,24.0,0,8.0
2022,9,00-0034418,C.Wilson,MIA,WR,1,2.3,4.3,2.3,4.3,2,23.0,0,17.0
2022,9,00-0036912,D.Smith,PHI,WR,1,2.2,4.2,2.2,4.2,2,22.0,0,8.0
2022,9,00-0036133,J.Proche,BAL,WR,1,2.2,4.2,2.2,4.2,2,22.0,0,8.0
2022,9,00-0033307,K.Bourne,NE,WR,1,1.2,4.2,1.2,4.2,3,11.0,0,13.0
2022,9,00-0033466,I.McKenzie,BUF,WR,1,2.1,4.1,2.1,4.1,2,12.0,0,10.0
2022,9,00-0035208,O.Zaccheaus,ATL,WR,1,1.9,3.9,1.9,3.9,2,19.0,0,2.0
2022,9,00-0036326,C.Claypool,CHI,WR,1,1.7,3.7,1.7,3.7,2,13.0,0,12.0
2022,9,00-0033555,M.Hollins,LV,WR,1,1.7,3.7,1.7,3.7,2,17.0,0,0.0
2022,9,00-0035639,P.Campbell,IND,WR,1,1.6,3.6,1.6,3.6,2,15.0,0,7.0
2022,9,00-0035341,T.Irwin,CIN,WR,1,2.5,3.5,2.5,3.5,1,14.0,0,2.0
2022,9,00-0037664,A.Pierce,IND,WR,1,2.3,3.3,2.3,3.3,1,23.0,0,20.0
2022,9,00-0036913,K.Toney,KC,WR,1,1.2,3.2,1.2,3.2,2,12.0,0,10.0
2022,9,00-0036572,S.Smith,CAR,WR,1,2.0,3.0,2.0,3.0,1,20.0,0,17.0
2022,9,00-0034854,K.Hodge,ATL,WR,1,1.9,2.9,1.9,2.9,1,19.0,0,1.0
2022,9,00-0037816,R.Doubs,GB,WR,1,1.8,2.8,1.8,2.8,1,18.0,0,0.0
2022,9,00-0026189,D.Jackson,BAL,WR,1,1.6,2.6,1.6,2.6,1,16.0,0,0.0
2022,9,00-0035544,T.Kennedy,DET,WR,1,1.6,2.6,1.6,2.6,1,16.0,0,14.0
2022,9,00-0034104,C.Sims,WAS,WR,1,1.2,2.2,1.2,2.2,1,12.0,0,3.0
2022,9,00-0036255,D.Mims,NYJ,WR,1,1.2,2.2,1.2,2.2,1,12.0,0,4.0
2022,9,00-0032775,D.Robinson,BAL,WR,1,1.2,2.2,1.2,2.2,1,12.0,0,0.0
2022,9,00-0034860,D.Pettis,CHI,WR,1,1.2,2.2,1.2,2.2,1,12.0,0,-1.0
2022,9,00-0034272,M.Valdes-Scantling,KC,WR,1,1.2,2.2,1.2,2.2,1,12.0,0,0.0
2022,9,00-0031545,K.White,NO,WR,1,1.0,2.0,1.0,2.0,1,10.0,0,6.0
2022,9,00-0031325,S.Watkins,GB,WR,1,0.9,1.9,0.9,1.9,1,9.0,0,10.0
2022,9,00-0035457,T.Johnson,HOU,WR,1,0.8,1.8,0.8,1.8,1,8.0,0,10.0
2022,9,00-0033251,Z.Pascal,PHI,WR,1,0.8,1.8,0.8,1.8,1,8.0,0,8.0
2022,9,00-0036858,J.Camp,HOU,WR,1,0.7,1.7,0.7,1.7,1,7.0,0,0.0
2022,9,00-0034419,B.Berrios,NYJ,WR,1,0.6,1.6,0.6,1.6,1,6.0,0,6.0
2022,9,00-0035510,J.Smith,NYJ,WR,1,0.6,1.6,0.6,1.6,1,6.0,0,0.0
2022,9,00-0035624,N.Harry,CHI,WR,1,0.6,1.6,0.6,1.6,1,6.0,0,0.0
2022,9,00-0038104,T.Thornton,NE,WR,1,0.5,1.5,0.5,1.5,1,5.0,0,0.0
2022,9,00-0036331,D.Duvernay,BAL,WR,1,0.5,1.5,0.5,1.5,1,5.0,0,1.0
2022,9,00-0034646,B.Powell,LA,WR,1,0.4,1.4,0.4,1.4,1,4.0,0,10.0
2022,9,00-0035500,G.Dortch,ARI,WR,1,0.3,1.3,0.3,1.3,1,0.0,0,0.0
2022,9,00-0032054,B.Perriman,TB,WR,1,0.1,1.1,0.1,1.1,1,1.0,0,2.0
2022,9,00-0036268,L.Shenault,CAR,WR,1,0.6,0.6,0.6,0.6,0,0.0,0,0.0
2022,9,00-0032688,R.Chosen,ARI,WR,1,-0.4,0.6,-0.4,0.6,1,-4.0,0,0.0
2022,9,00-0038090,S.Moore,KC,WR,1,0.0,0.0,0.0,0.0,0,0.0,0,0.0
2022,9,00-0036345,K.Osborn,MIN,WR,1,0.0,0.0,0.0,0.0,0,0.0,0,0.0
2022,9,00-0031787,J.Kumerow,BUF,WR,1,0.0,0.0,0.0,0.0,0,0.0,0,0.0
2022,9,00-0036862,B.Skowronek,LA,WR,1,0.0,0.0,0.0,0.0,0,0.0,0,0.0
2022,9,00-0036415,V.Jefferson,LA,WR,1,0.0,0.0,0.0,0.0,0,0.0,0,0.0
2022,9,00-0030431,R.Woods,TEN,WR,1,0.0,0.0,0.0,0.0,0,0.0,0,0.0
2022,9,00-0031868,D.Byrd,ATL,WR,1,0.0,0.0,0.0,0.0,0,0.0,0,0.0
2022,9,00-0033386,C.Hollister,TEN,WR,1,0.0,0.0,0.0,0.0,0,0.0,0,0.0
2022,9,00-0036620,D.Eskridge,SEA,WR,1,0.0,0.0,0.0,0.0,0,0.0,0,0.0
2022,9,00-0036182,N.Westbrook-Ikhine,TEN,WR,1,0.0,0.0,0.0,0.0,0,0.0,0,0.0
2022,9,00-0036991,A.Rodgers,GB,WR,1,0.0,0.0,0.0,0.0,0,0.0,0,0.0
2022,9,00-0032128,C.Conley,TEN,WR,1,0.0,0.0,0.0,0.0,0,0.0,0,0.0
2022,9,00-0036626,D.Brown,WAS,WR,1,0.0,0.0,0.0,0.0,0,0.0,0,0.0
2022,9,00-0034279,E.St. Brown,CHI,WR,1,0.0,0.0,0.0,0.0,0,0.0,0,0.0
2022,8,00-0035676,A.Brown,PHI,WR,1,33.6,39.6,33.6,39.6,6,156.0,3,31.0
2022,8,00-0030564,D.Hopkins,ARI,WR,1,21.9,33.9,21.9,33.9,12,159.0,1,16.0
2022,8,00-0033040,T.Hill,MIA,WR,1,19.5,31.5,19.5,31.5,12,188.0,0,28.0
2022,8,00-0036613,J.Waddle,MIA,WR,1,22.6,30.6,22.6,30.6,8,106.0,2,16.0
2022,8,00-0034827,D.Moore,CAR,WR,1,21.5,27.5,21.5,27.5,6,152.0,1,32.0
2022,8,00-0036936,R.Moore,ARI,WR,1,16.4,23.4,16.4,23.4,7,92.0,1,87.0
2022,8,00-0033908,C.Kupp,LA,WR,1,14.9,22.9,14.9,22.9,8,79.0,1,25.0
2022,8,00-0031588,S.Diggs,BUF,WR,1,16.8,22.8,16.8,22.8,6,108.0,1,26.0
2022,8,00-0031544,A.Cooper,CLE,WR,1,17.1,22.1,17.1,22.1,5,131.0,1,31.0
2022,8,00-0034960,J.Meyers,NE,WR,1,12.0,21.0,12.0,21.0,9,60.0,1,39.0
2022,8,00-0036261,B.Aiyuk,SF,WR,1,14.1,20.1,14.1,20.1,6,81.0,1,21.0
2022,8,00-0036358,C.Lamb,DAL,WR,1,13.8,18.8,13.8,18.8,5,77.0,1,11.0
2022,8,00-0031408,M.Evans,TB,WR,1,12.3,18.3,12.3,18.3,6,123.0,0,25.0
2022,8,00-0036407,J.Jeudy,DEN,WR,1,12.3,18.3,12.3,18.3,6,63.0,1,40.0
2022,8,00-0035640,D.Metcalf,SEA,WR,1,11.5,17.5,11.5,17.5,6,55.0,1,7.0
2022,8,00-0037740,G.Wilson,NYJ,WR,1,11.5,17.5,11.5,17.5,6,115.0,0,57.0
2022,8,00-0032211,T.Lockett,SEA,WR,1,12.3,17.3,12.3,17.3,5,63.0,1,28.0
2022,8,00-0035659,T.McLaurin,WAS,WR,1,10.6,16.6,10.6,16.6,6,113.0,0,47.0
2022,8,00-0036331,D.Duvernay,BAL,WR,1,12.4,16.4,12.4,16.4,4,31.0,0,26.0
2022,8,00-0037816,R.Doubs,GB,WR,1,12.2,16.2,12.2,16.2,4,62.0,1,13.0
2022,8,00-0036322,J.Jefferson,MIN,WR,1,9.8,15.8,9.8,15.8,6,98.0,0,43.0
2022,8,00-0031868,D.Byrd,ATL,WR,1,12.7,15.7,12.7,15.7,3,67.0,1,37.0
2022,8,00-0036963,A.St. Brown,DET,WR,1,6.9,13.9,6.9,13.9,7,69.0,0,33.0
2022,8,00-0036410,T.Higgins,CIN,WR,1,10.9,13.9,10.9,13.9,3,49.0,1,11.0
2022,8,00-0033251,Z.Pascal,PHI,WR,1,11.7,13.7,11.7,13.7,2,57.0,1,37.0
2022,8,00-0033921,C.Godwin,TB,WR,1,7.5,13.5,7.5,13.5,6,75.0,0,61.0
2022,8,00-0033555,M.Hollins,LV,WR,1,6.4,13.4,6.4,13.4,7,64.0,0,15.0
2022,8,00-0033009,T.Boyd,CIN,WR,1,9.8,12.8,9.8,12.8,3,38.0,1,7.0
2022,8,00-0036955,T.Marshall,CAR,WR,1,8.7,12.7,8.7,12.7,4,87.0,0,45.0
2022,8,00-0030035,A.Thielen,MIN,WR,1,6.7,12.7,6.7,12.7,6,67.0,0,10.0
2022,8,00-0036326,C.Claypool,PIT,WR,1,8.55,12.55,8.55,12.55,4,45.0,0,13.0
2022,8,00-0032775,D.Robinson,BAL,WR,1,6.4,12.4,6.4,12.4,6,64.0,0,36.0
2022,8,00-0036252,M.Pittman,IND,WR,1,5.3,12.3,5.3,12.3,7,53.0,0,25.0
2022,8,00-0036233,D.Peoples-Jones,CLE,WR,1,8.1,12.1,8.1,12.1,4,81.0,0,29.0
2022,8,00-0036309,D.Mooney,CHI,WR,1,7.0,12.0,7.0,12.0,5,70.0,0,40.0
2022,8,00-0035535,D.Slayton,NYG,WR,1,6.6,11.6,6.6,11.6,5,66.0,0,8.0
2022,8,00-0031236,B.Cooks,HOU,WR,1,7.3,11.3,7.3,11.3,4,73.0,0,6.0
2022,8,00-0033282,C.Samuel,WAS,WR,1,7.9,10.9,7.9,10.9,3,50.0,0,8.0
2022,8,00-0037098,S.Toure,GB,WR,1,9.7,10.7,9.7,10.7,1,37.0,1,0.0
2022,8,00-0032464,K.Raymond,DET,WR,1,7.6,10.6,7.6,10.6,3,76.0,0,2.0
2022,8,00-0031428,A.Robinson,LA,WR,1,5.4,10.4,5.4,10.4,5,54.0,0,8.0
2022,8,00-0035624,N.Harry,CHI,WR,1,8.4,10.4,8.4,10.4,2,24.0,1,10.0
2022,8,00-0037239,C.Olave,NO,WR,1,5.2,10.2,5.2,10.2,5,52.0,0,10.0
2022,8,00-0027944,J.Jones,TB,WR,1,8.1,10.1,8.1,10.1,2,21.0,1,5.0
2022,8,00-0036255,D.Mims,NYJ,WR,1,7.6,9.6,7.6,9.6,2,76.0,0,47.0
2022,8,00-0037664,A.Pierce,IND,WR,1,6.5,9.5,6.5,9.5,3,65.0,0,11.0
2022,8,00-0035639,P.Campbell,IND,WR,1,7.1,9.1,7.1,9.1,2,43.0,0,40.0
2022,8,00-0034764,M.Gallup,DAL,WR,1,4.9,8.9,4.9,8.9,4,49.0,0,16.0
2022,8,00-0036345,K.Osborn,MIN,WR,1,6.8,8.8,6.8,8.8,2,8.0,1,6.0
2022,8,00-0035216,D.Johnson,PIT,WR,1,3.5,8.5,3.5,8.5,5,35.0,0,30.0
2022,8,00-0036412,K.Hamler,DEN,WR,1,6.1,8.1,6.1,8.1,2,52.0,0,7.0
2022,8,00-0033466,I.McKenzie,BUF,WR,1,7.0,8.0,7.0,8.0,1,8.0,0,3.0
2022,8,00-0036268,L.Shenault,CAR,WR,1,2.6,7.6,2.6,7.6,5,26.0,0,33.0
2022,8,00-0030068,M.Goodwin,SEA,WR,1,3.3,7.3,3.3,7.3,4,33.0,0,42.0
2022,8,00-0036912,D.Smith,PHI,WR,1,2.3,7.3,2.3,7.3,5,23.0,0,17.0
2022,8,00-0037238,D.London,ATL,WR,1,3.1,7.1,3.1,7.1,4,31.0,0,7.0
2022,8,00-0034775,C.Kirk,JAX,WR,1,4.0,7.0,4.0,7.0,3,40.0,0,23.0
2022,8,00-0037545,R.Shaheed,NO,WR,1,3.8,6.8,3.8,6.8,3,38.0,0,13.0
2022,8,00-0033891,Z.Jones,JAX,WR,1,3.5,6.5,3.5,6.5,3,28.0,0,4.0
2022,8,00-0034860,D.Pettis,CHI,WR,1,1.8,5.8,1.8,5.8,4,18.0,0,7.0
2022,8,00-0036196,G.Davis,BUF,WR,1,3.5,5.5,3.5,5.5,2,35.0,0,20.0
2022,8,00-0036133,J.Proche,BAL,WR,1,2.4,5.4,2.4,5.4,3,24.0,0,1.0
2022,8,00-0033681,K.Cole,LV,WR,1,3.0,5.0,3.0,5.0,2,30.0,0,16.0
2022,8,00-0037745,V.Jones,CHI,WR,1,3.8,4.8,3.8,4.8,1,5.0,0,6.0
2022,8,00-0037257,D.Bell,CLE,WR,1,2.7,4.7,2.7,4.7,2,27.0,0,9.0
2022,8,00-0035341,T.Irwin,CIN,WR,1,2.7,4.7,2.7,4.7,2,27.0,0,6.0
2022,8,00-0030431,R.Woods,TEN,WR,1,2.6,4.6,2.6,4.6,2,26.0,0,14.0
2022,8,00-0034487,T.Sherfield,MIA,WR,1,2.5,4.5,2.5,4.5,2,25.0,0,5.0
2022,8,00-0034928,S.Sims,PIT,WR,1,2.0,4.0,2.0,4.0,2,-1.0,0,5.0
2022,8,00-0037355,B.Sanders,MIA,WR,1,1.7,3.7,1.7,3.7,2,17.0,0,3.0
2022,8,00-0038117,W.Robinson,NYG,WR,1,1.5,3.5,1.5,3.5,2,15.0,0,7.0
2022,8,00-0033943,J.Reynolds,DET,WR,1,1.4,3.4,1.4,3.4,2,14.0,0,6.0
2022,8,00-0035298,S.Miller,TB,WR,1,1.3,3.3,1.3,3.3,2,13.0,0,4.0
2022,8,00-0035510,J.Smith,NYJ,WR,1,2.3,3.3,2.3,3.3,1,23.0,0,11.0
2022,8,00-0035500,G.Dortch,ARI,WR,1,1.2,3.2,1.2,3.2,2,12.0,0,14.0
2022,8,00-0036991,A.Rodgers,GB,WR,1,2.2,3.2,2.2,3.2,1,22.0,0,3.0
2022,8,00-0034104,C.Sims,WAS,WR,1,2.1,3.1,2.1,3.1,1,21.0,0,2.0
2022,8,00-0038104,T.Thornton,NE,WR,1,1.3,2.3,1.3,2.3,1,13.0,0,0.0
2022,8,00-0034348,C.Sutton,DEN,WR,1,1.3,2.3,1.3,2.3,1,13.0,0,2.0
2022,8,00-0038124,C.Watson,GB,WR,1,1.2,2.2,1.2,2.2,1,12.0,0,12.0
2022,8,00-0034407,R.McCloud,SF,WR,1,1.1,2.1,1.1,2.1,1,11.0,0,0.0
2022,8,00-0032054,B.Perriman,TB,WR,1,1.1,2.1,1.1,2.1,1,11.0,0,13.0
2022,8,00-0036219,M.Callaway,NO,WR,1,1.0,2.0,1.0,2.0,1,10.0,0,4.0
2022,8,00-0036862,B.Skowronek,LA,WR,1,1.0,2.0,1.0,2.0,1,10.0,0,4.0
2022,8,00-0037708,M.Alexander,DET,WR,1,0.7,1.7,0.7,1.7,1,7.0,0,4.0
2022,8,00-0034983,H.Renfrow,LV,WR,1,0.6,1.6,0.6,1.6,1,6.0,0,2.0
2022,8,00-0037300,M.Woods,CLE,WR,1,0.6,1.6,0.6,1.6,1,6.0,0,3.0
2022,8,00-0032208,P.Dorsett,HOU,WR,1,0.6,1.6,0.6,1.6,1,6.0,0,0.0
2022,8,00-0034279,E.St. Brown,CHI,WR,1,0.6,1.6,0.6,1.6,1,6.0,0,1.0
2022,8,00-0035359,D.Sills,NYG,WR,1,0.5,1.5,0.5,1.5,1,5.0,0,1.0
2022,8,00-0033292,T.Taylor,CIN,WR,1,0.5,1.5,0.5,1.5,1,5.0,0,9.0
2022,8,00-0035208,O.Zaccheaus,ATL,WR,1,0.4,1.4,0.4,1.4,1,10.0,0,10.0
2022,8,00-0036671,D.Milne,WAS,WR,1,0.4,1.4,0.4,1.4,1,4.0,0,0.0
2022,8,00-0031325,S.Watkins,GB,WR,1,0.3,1.3,0.3,1.3,1,3.0,0,0.0
2022,8,00-0036365,B.Edwards,ATL,WR,1,0.3,1.3,0.3,1.3,1,3.0,0,4.0
2022,8,00-0036620,D.Eskridge,SEA,WR,1,0.3,1.3,0.3,1.3,1,3.0,0,7.0
2022,8,00-0032980,M.Johnson,NYG,WR,1,0.3,1.3,0.3,1.3,1,3.0,0,0.0
2022,8,00-0031549,N.Agholor,NE,WR,1,0.2,1.2,0.2,1.2,1,2.0,0,4.0
2022,8,00-0031381,D.Adams,LV,WR,1,0.2,1.2,0.2,1.2,1,3.0,0,5.0
2022,8,00-0037272,M.Washington,DEN,WR,1,0.1,1.1,0.1,1.1,1,1.0,0,5.0
2022,8,00-0037801,K.Turpin,DAL,WR,1,1.1,1.1,1.1,1.1,0,0.0,0,0.0
2022,8,00-0034419,B.Berrios,NYJ,WR,1,0.0,0.0,0.0,0.0,0,0.0,0,0.0
2022,8,00-0037261,K.Shakir,BUF,WR,1,0.0,0.0,0.0,0.0,0,0.0,0,0.0
2022,8,00-0027942,A.Green,ARI,WR,1,0.0,0.0,0.0,0.0,0,0.0,0,0.0
2022,8,00-0029293,M.Jones,JAX,WR,1,0.0,0.0,0.0,0.0,0,0.0,0,0.0
2022,8,00-0033386,C.Hollister,TEN,WR,1,0.0,0.0,0.0,0.0,0,0.0,0,0.0
2022,8,00-0032688,R.Chosen,ARI,WR,1,0.0,0.0,0.0,0.0,0,0.0,0,0.0
2022,8,00-0036572,S.Smith,CAR,WR,1,0.0,0.0,0.0,0.0,0,0.0,0,0.0
2022,8,00-0033307,K.Bourne,NE,WR,1,0.0,0.0,0.0,0.0,0,0.0,0,0.0
2022,8,00-0031787,J.Kumerow,BUF,WR,1,0.0,0.0,0.0,0.0,0,0.0,0,0.0
2022,8,00-0031547,D.Parker,NE,WR,1,0.0,0.0,0.0,0.0,0,0.0,0,0.0
2022,8,00-0033114,M.Thomas,CIN,WR,1,0.0,0.0,0.0,0.0,0,0.0,0,0.0
2022,8,00-0036550,R.Bateman,BAL,WR,1,0.0,0.0,0.0,0.0,0,0.0,0,0.0
2022,8,00-0034765,T.Smith,NO,WR,1,0.0,0.0,0.0,0.0,0,0.0,0,0.0
2022,8,00-0037247,G.Pickens,PIT,WR,1,0.0,0.0,0.0,0.0,0,0.0,0,0.0
2022,8,00-0036271,Q.Watkins,PHI,WR,1,0.0,0.0,0.0,0.0,0,0.0,0,0.0
2022,8,00-0036980,E.Moore,NYJ,WR,1,0.0,0.0,0.0,0.0,0,0.0,0,0.0
2022,8,00-0034418,C.Wilson,MIA,WR,1,0.0,0.0,0.0,0.0,0,0.0,0,0.0
2022,7,00-0036900,J.Chase,CIN,WR,1,25.0,33.0,25.0,33.0,8,130.0,2,39.0
2022,7,00-0033009,T.Boyd,CIN,WR,1,21.5,29.5,21.5,29.5,8,155.0,1,38.0
2022,7,00-0035140,M.Hardman,KC,WR,1,24.0,28.0,24.0,28.0,4,32.0,1,24.0
2022,7,00-0033857,J.Smith-Schuster,KC,WR,1,18.4,25.4,18.4,25.4,7,124.0,1,63.0
2022,7,00-0035639,P.Campbell,IND,WR,1,13.0,23.0,13.0,23.0,10,70.0,1,28.0
2022,7,00-0030068,M.Goodwin,SEA,WR,1,18.7,22.7,18.7,22.7,4,67.0,2,11.0
2022,7,00-0033536,M.Williams,LAC,WR,1,14.6,21.6,14.6,21.6,7,86.0,1,49.0
2022,7,00-0030564,D.Hopkins,ARI,WR,1,10.3,20.3,10.3,20.3,10,103.0,0,16.0
2022,7,00-0034827,D.Moore,CAR,WR,1,12.6,19.6,12.6,19.6,7,69.0,1,15.0
2022,7,00-0031408,M.Evans,TB,WR,1,9.6,18.6,9.6,18.6,9,96.0,0,4.0
2022,7,00-0035659,T.McLaurin,WAS,WR,1,13.3,18.3,13.3,18.3,5,73.0,1,17.0
2022,7,00-0037247,G.Pickens,PIT,WR,1,12.1,18.1,12.1,18.1,6,61.0,1,6.0
2022,7,00-0037239,C.Olave,NO,WR,1,10.6,17.6,10.6,17.6,7,106.0,0,33.0
2022,7,00-0031381,D.Adams,LV,WR,1,9.5,17.5,9.5,17.5,8,95.0,0,32.0
2022,7,00-0034775,C.Kirk,JAX,WR,1,10.1,17.1,10.1,17.1,7,96.0,0,22.0
2022,7,00-0036407,J.Jeudy,DEN,WR,1,9.6,16.6,9.6,16.6,7,96.0,0,35.0
2022,7,00-0034407,R.McCloud,SF,WR,1,12.5,16.5,12.5,16.5,4,65.0,1,5.0
2022,7,00-0036261,B.Aiyuk,SF,WR,1,8.2,15.2,8.2,15.2,7,82.0,0,45.0
2022,7,00-0035535,D.Slayton,NYG,WR,1,11.8,14.8,11.8,14.8,3,58.0,1,6.0
2022,7,00-0031868,D.Byrd,ATL,WR,1,13.5,14.5,13.5,14.5,1,75.0,1,34.0
2022,7,00-0032464,K.Raymond,DET,WR,1,9.5,14.5,9.5,14.5,5,75.0,0,32.0
2022,7,00-0036410,T.Higgins,CIN,WR,1,9.3,14.3,9.3,14.3,5,93.0,0,35.0
2022,7,00-0033040,T.Hill,MIA,WR,1,7.2,14.2,7.2,14.2,7,72.0,0,12.0
2022,7,00-0034272,M.Valdes-Scantling,KC,WR,1,11.1,14.1,11.1,14.1,3,111.0,0,16.0
2022,7,00-0036233,D.Peoples-Jones,CLE,WR,1,7.1,13.1,7.1,13.1,6,71.0,0,12.0
2022,7,00-0033282,C.Samuel,WAS,WR,1,7.9,12.9,7.9,12.9,5,53.0,0,28.0
2022,7,00-0036613,J.Waddle,MIA,WR,1,8.8,12.8,8.8,12.8,4,88.0,0,36.0
2022,7,00-0032208,P.Dorsett,HOU,WR,1,10.5,12.5,10.5,12.5,2,45.0,1,0.0
2022,7,00-0033555,M.Hollins,LV,WR,1,10.4,12.4,10.4,12.4,2,44.0,1,10.0
2022,7,00-0037545,R.Shaheed,NO,WR,1,11.3,12.3,11.3,12.3,1,53.0,1,9.0
2022,7,00-0036252,M.Pittman,IND,WR,1,5.8,11.8,5.8,11.8,6,58.0,0,13.0
2022,7,00-0032211,T.Lockett,SEA,WR,1,4.5,11.5,4.5,11.5,7,45.0,0,9.0
2022,7,00-0034521,A.Lazard,GB,WR,1,5.5,11.5,5.5,11.5,6,55.0,0,29.0
2022,7,00-0033921,C.Godwin,TB,WR,1,4.5,11.5,4.5,11.5,7,43.0,0,37.0
2022,7,00-0034960,J.Meyers,NE,WR,1,9.4,11.4,9.4,11.4,2,34.0,1,3.0
2022,7,00-0038117,W.Robinson,NYG,WR,1,5.0,11.0,5.0,11.0,6,50.0,0,36.0
2022,7,00-0034765,T.Smith,NO,WR,1,5.9,10.9,5.9,10.9,5,59.0,0,19.0
2022,7,00-0033891,Z.Jones,JAX,WR,1,6.8,10.8,6.8,10.8,4,54.0,0,11.0
2022,7,00-0036358,C.Lamb,DAL,WR,1,6.6,10.6,6.6,10.6,4,70.0,0,13.0
2022,7,00-0031544,A.Cooper,CLE,WR,1,7.4,10.4,7.4,10.4,3,74.0,0,9.0
2022,7,00-0033591,N.Brown,DAL,WR,1,5.0,10.0,5.0,10.0,5,50.0,0,11.0
2022,7,00-0032398,C.Moore,HOU,WR,1,8.0,10.0,8.0,10.0,2,20.0,1,8.0
2022,7,00-0031547,D.Parker,NE,WR,1,6.8,9.8,6.8,9.8,3,68.0,0,8.0
2022,7,00-0029293,M.Jones,JAX,WR,1,5.7,9.7,5.7,9.7,4,57.0,0,7.0
2022,7,00-0035216,D.Johnson,PIT,WR,1,4.5,9.5,4.5,9.5,5,42.0,0,23.0
2022,7,00-0035719,D.Samuel,SF,WR,1,4.4,9.4,4.4,9.4,5,42.0,0,22.0
2022,7,00-0036326,C.Claypool,PIT,WR,1,4.1,9.1,4.1,9.1,5,41.0,0,20.0
2022,7,00-0034279,E.St. Brown,CHI,WR,1,4.8,8.8,4.8,8.8,4,48.0,0,10.0
2022,7,00-0031236,B.Cooks,HOU,WR,1,4.6,8.6,4.6,8.6,4,46.0,0,14.0
2022,7,00-0034983,H.Renfrow,LV,WR,1,5.5,8.5,5.5,8.5,3,55.0,0,13.0
2022,7,00-0036309,D.Mooney,CHI,WR,1,5.3,8.3,5.3,8.3,3,53.0,0,14.0
2022,7,00-0036550,R.Bateman,BAL,WR,1,4.2,8.2,4.2,8.2,4,42.0,0,14.0
2022,7,00-0034411,R.Gage,TB,WR,1,3.9,7.9,3.9,7.9,4,39.0,0,14.0
2022,7,00-0035500,G.Dortch,ARI,WR,1,6.6,7.6,6.6,7.6,1,5.0,1,1.0
2022,7,00-0034386,J.Watson,KC,WR,1,6.4,7.4,6.4,7.4,1,4.0,1,0.0
2022,7,00-0034487,T.Sherfield,MIA,WR,1,4.4,7.4,4.4,7.4,3,44.0,0,10.0
2022,7,00-0031545,K.White,NO,WR,1,6.4,7.4,6.4,7.4,1,64.0,0,62.0
2022,7,00-0034419,B.Berrios,NYJ,WR,1,4.2,7.2,4.2,7.2,3,15.0,0,11.0
2022,7,00-0031763,D.Carter,LAC,WR,1,3.7,6.7,3.7,6.7,3,37.0,0,9.0
2022,7,00-0037664,A.Pierce,IND,WR,1,3.7,6.7,3.7,6.7,3,37.0,0,2.0
2022,7,00-0037740,G.Wilson,NYJ,WR,1,2.4,6.4,2.4,6.4,4,24.0,0,19.0
2022,7,00-0036554,N.Collins,HOU,WR,1,3.3,6.3,3.3,6.3,3,33.0,0,11.0
2022,7,00-0036331,D.Duvernay,BAL,WR,1,4.2,6.2,4.2,6.2,2,42.0,0,14.0
2022,7,00-0035208,O.Zaccheaus,ATL,WR,1,3.1,6.1,3.1,6.1,3,31.0,0,2.0
2022,7,00-0031325,S.Watkins,GB,WR,1,3.6,5.6,3.6,5.6,2,36.0,0,7.0
2022,7,00-0030431,R.Woods,TEN,WR,1,2.6,5.6,2.6,5.6,3,26.0,0,2.0
2022,7,00-0034348,C.Sutton,DEN,WR,1,2.3,5.3,2.3,5.3,3,23.0,0,8.0
2022,7,00-0033386,C.Hollister,TEN,WR,1,3.2,5.2,3.2,5.2,2,32.0,0,8.0
2022,7,00-0036955,T.Marshall,CAR,WR,1,3.1,5.1,3.1,5.1,2,31.0,0,4.0
2022,7,00-0036259,J.Jennings,SF,WR,1,2.4,4.4,2.4,4.4,2,24.0,0,15.0
2022,7,00-0036936,R.Moore,ARI,WR,1,3.1,4.1,3.1,4.1,1,31.0,0,15.0
2022,7,00-0034860,D.Pettis,CHI,WR,1,3.1,4.1,3.1,4.1,1,2.0,0,4.0
2022,7,00-0036219,M.Callaway,NO,WR,1,2.0,4.0,2.0,4.0,2,20.0,0,10.0
2022,7,00-0035544,T.Kennedy,DET,WR,1,1.4,3.4,1.4,3.4,2,14.0,0,3.0
2022,7,00-0036991,A.Rodgers,GB,WR,1,1.4,3.4,1.4,3.4,2,14.0,0,4.0
2022,7,00-0030279,K.Allen,LAC,WR,1,1.1,3.1,1.1,3.1,2,11.0,0,6.0
2022,7,00-0035359,D.Sills,NYG,WR,1,1.9,2.9,1.9,2.9,1,19.0,0,5.0
2022,7,00-0038104,T.Thornton,NE,WR,1,1.9,2.9,1.9,2.9,1,19.0,0,1.0
2022,7,00-0036412,K.Hamler,DEN,WR,1,1.8,2.8,1.8,2.8,1,4.0,0,0.0
2022,7,00-0035298,S.Miller,TB,WR,1,0.6,2.6,0.6,2.6,2,6.0,0,0.0
2022,7,00-0035624,N.Harry,CHI,WR,1,1.4,2.4,1.4,2.4,1,14.0,0,0.0
2022,7,00-0035864,K.Hinton,DEN,WR,1,1.4,2.4,1.4,2.4,1,14.0,0,0.0
2022,7,00-0035640,D.Metcalf,SEA,WR,1,1.2,2.2,1.2,2.2,1,12.0,0,1.0
2022,7,00-0034104,C.Sims,WAS,WR,1,1.2,2.2,1.2,2.2,1,12.0,0,15.0
2022,7,00-0036527,D.Turner,LV,WR,1,2.0,2.0,2.0,2.0,0,0.0,0,0.0
2022,7,00-0037238,D.London,ATL,WR,1,0.9,1.9,0.9,1.9,1,9.0,0,4.0
2022,7,00-0036268,L.Shenault,CAR,WR,1,0.8,1.8,0.8,1.8,1,8.0,0,10.0
2022,7,00-0033943,J.Reynolds,DET,WR,1,0.8,1.8,0.8,1.8,1,8.0,0,3.0
2022,7,00-0036497,T.Jones,JAX,WR,1,0.7,1.7,0.7,1.7,1,7.0,0,7.0
2022,7,00-0037257,D.Bell,CLE,WR,1,0.7,1.7,0.7,1.7,1,7.0,0,2.0
2022,7,00-0035432,J.Moore,LAC,WR,1,0.5,1.5,0.5,1.5,1,5.0,0,0.0
2022,7,00-0036671,D.Milne,WAS,WR,1,0.4,1.4,0.4,1.4,1,4.0,0,3.0
2022,7,00-0036255,D.Mims,NYJ,WR,1,0.4,1.4,0.4,1.4,1,4.0,0,5.0
2022,7,00-0037098,S.Toure,GB,WR,1,0.4,1.4,0.4,1.4,1,4.0,0,0.0
2022,7,00-0036963,A.St. Brown,DET,WR,1,0.4,1.4,0.4,1.4,1,4.0,0,7.0
2022,7,00-0036176,M.Kinsey,TEN,WR,1,0.3,1.3,0.3,1.3,1,3.0,0,0.0
2022,7,00-0034286,R.James,NYG,WR,1,0.2,1.2,0.2,1.2,1,2.0,0,3.0
2022,7,00-0036877,J.Darden,TB,WR,1,0.1,1.1,0.1,1.1,1,1.0,0,6.0
2022,7,00-0036959,M.Bandy,LAC,WR,1,-0.5,0.5,-0.5,0.5,1,-5.0,0,0.0
2022,7,00-0036620,D.Eskridge,SEA,WR,1,0.4,0.4,0.4,0.4,0,0.0,0,0.0
2022,7,00-0037801,K.Turpin,DAL,WR,1,0.3,0.3,0.3,0.3,0,0.0,0,0.0
2022,7,00-0037272,M.Washington,DEN,WR,1,0.2,0.2,0.2,0.2,0,0.0,0,0.0
2022,7,00-0034764,M.Gallup,DAL,WR,1,0.0,0.0,0.0,0.0,0,0.0,0,0.0
2022,7,00-0032980,M.Johnson,NYG,WR,1,0.0,0.0,0.0,0.0,0,0.0,0,0.0
2022,7,00-0037816,R.Doubs,GB,WR,1,0.0,0.0,0.0,0.0,0,0.0,0,0.0
2022,7,00-0032688,R.Chosen,ARI,WR,1,0.0,0.0,0.0,0.0,0,0.0,0,0.0
2022,7,00-0038090,S.Moore,KC,WR,1,0.0,0.0,0.0,0.0,0,0.0,0,0.0
2022,7,00-0031549,N.Agholor,NE,WR,1,0.0,0.0,0.0,0.0,0,0.0,0,0.0
2022,7,00-0035510,J.Smith,NYJ,WR,1,0.0,0.0,0.0,0.0,0,0.0,0,0.0
2022,7,00-0036182,N.Westbrook-Ikhine,TEN,WR,1,0.0,0.0,0.0,0.0,0,0.0,0,0.0
2022,7,00-0037828,D.Gray,SF,WR,1,0.0,0.0,0.0,0.0,0,0.0,0,0.0
2022,7,00-0033871,C.Davis,NYJ,WR,1,0.0,0.0,0.0,0.0,0,0.0,0,0.0
2022,6,00-0036900,J.Chase,CIN,WR,1,25.2,32.2,25.2,32.2,7,132.0,2,84.0
2022,6,00-0031588,S.Diggs,BUF,WR,1,20.8,30.8,20.8,30.8,10,148.0,1,52.0
2022,6,00-0033040,T.Hill,MIA,WR,1,17.7,29.7,17.7,29.7,12,177.0,0,70.0
2022,6,00-0036261,B.Aiyuk,SF,WR,1,20.3,28.3,20.3,28.3,8,83.0,2,37.0
2022,6,00-0036252,M.Pittman,IND,WR,1,13.4,26.4,13.4,26.4,13,134.0,0,64.0
2022,6,00-0036326,C.Claypool,PIT,WR,1,16.4,23.4,16.4,23.4,7,96.0,1,30.0
2022,6,00-0033857,J.Smith-Schuster,KC,WR,1,17.3,22.3,17.3,22.3,5,113.0,1,78.0
2022,6,00-0038104,T.Thornton,NE,WR,1,17.3,21.3,17.3,21.3,4,37.0,1,21.0
2022,6,00-0036613,J.Waddle,MIA,WR,1,12.9,18.9,12.9,18.9,6,129.0,0,67.0
2022,6,00-0035639,P.Campbell,IND,WR,1,11.7,18.7,11.7,18.7,7,57.0,1,28.0
2022,6,00-0034860,D.Pettis,CHI,WR,1,14.4,18.4,14.4,18.4,4,84.0,1,9.0
2022,6,00-0035676,A.Brown,PHI,WR,1,12.7,17.7,12.7,17.7,5,67.0,1,56.0
2022,6,00-0034521,A.Lazard,GB,WR,1,13.6,17.6,13.6,17.6,4,76.0,1,9.0
2022,6,00-0031428,A.Robinson,LA,WR,1,12.3,17.3,12.3,17.3,5,63.0,1,11.0
2022,6,00-0033908,C.Kupp,LA,WR,1,9.7,16.7,9.7,16.7,7,80.0,0,50.0
2022,6,00-0036322,J.Jefferson,MIN,WR,1,10.7,16.7,10.7,16.7,6,107.0,0,70.0
2022,6,00-0036862,B.Skowronek,LA,WR,1,11.7,16.7,11.7,16.7,5,40.0,0,14.0
2022,6,00-0036196,G.Davis,BUF,WR,1,13.4,16.4,13.4,16.4,3,74.0,1,9.0
2022,6,00-0035719,D.Samuel,SF,WR,1,9.0,16.0,9.0,16.0,7,79.0,0,62.0
2022,6,00-0033921,C.Godwin,TB,WR,1,9.5,15.5,9.5,15.5,6,95.0,0,14.0
2022,6,00-0036912,D.Smith,PHI,WR,1,10.4,15.4,10.4,15.4,5,44.0,1,14.0
2022,6,00-0036988,J.Palmer,LAC,WR,1,5.7,14.7,5.7,14.7,9,57.0,0,31.0
2022,6,00-0031544,A.Cooper,CLE,WR,1,10.4,14.4,10.4,14.4,4,44.0,1,2.0
2022,6,00-0037664,A.Pierce,IND,WR,1,10.9,13.9,10.9,13.9,3,49.0,1,6.0
2022,6,00-0036309,D.Mooney,CHI,WR,1,6.8,13.8,6.8,13.8,7,68.0,0,26.0
2022,6,00-0030035,A.Thielen,MIN,WR,1,9.6,13.6,9.6,13.6,4,36.0,1,8.0
2022,6,00-0034765,T.Smith,NO,WR,1,10.3,13.3,10.3,13.3,3,43.0,1,8.0
2022,6,00-0035140,M.Hardman,KC,WR,1,10.2,13.2,10.2,13.2,3,42.0,1,18.0
2022,6,00-0034775,C.Kirk,JAX,WR,1,8.8,12.8,8.8,12.8,4,24.0,1,9.0
2022,6,00-0036358,C.Lamb,DAL,WR,1,7.7,12.7,7.7,12.7,5,68.0,0,43.0
2022,6,00-0038117,W.Robinson,NYG,WR,1,9.7,12.7,9.7,12.7,3,37.0,1,13.0
2022,6,00-0033009,T.Boyd,CIN,WR,1,6.6,12.6,6.6,12.6,6,66.0,0,27.0
2022,6,00-0035662,M.Brown,ARI,WR,1,6.8,11.8,6.8,11.8,5,68.0,0,20.0
2022,6,00-0036233,D.Peoples-Jones,CLE,WR,1,7.6,11.6,7.6,11.6,4,74.0,0,10.0
2022,6,00-0036936,R.Moore,ARI,WR,1,4.9,10.9,4.9,10.9,6,49.0,0,47.0
2022,6,00-0036410,T.Higgins,CIN,WR,1,4.7,10.7,4.7,10.7,6,47.0,0,12.0
2022,6,00-0037545,R.Shaheed,NO,WR,1,10.4,10.4,10.4,10.4,0,0.0,0,0.0
2022,6,00-0031547,D.Parker,NE,WR,1,6.4,10.4,6.4,10.4,4,64.0,0,13.0
2022,6,00-0034960,J.Meyers,NE,WR,1,6.0,10.0,6.0,10.0,4,60.0,0,16.0
2022,6,00-0035208,O.Zaccheaus,ATL,WR,1,5.8,9.8,5.8,9.8,4,58.0,0,31.0
2022,6,00-0034419,B.Berrios,NYJ,WR,1,8.6,9.6,8.6,9.6,1,6.0,0,0.0
2022,6,00-0033891,Z.Jones,JAX,WR,1,4.2,9.2,4.2,9.2,5,42.0,0,-3.0
2022,6,00-0035216,D.Johnson,PIT,WR,1,3.6,8.6,3.6,8.6,5,28.0,0,0.0
2022,6,00-0036407,J.Jeudy,DEN,WR,1,5.4,8.4,5.4,8.4,3,54.0,0,20.0
2022,6,00-0031408,M.Evans,TB,WR,1,4.2,8.2,4.2,8.2,4,42.0,0,9.0
2022,6,00-0035659,T.McLaurin,WAS,WR,1,5.2,8.2,5.2,8.2,3,41.0,0,40.0
2022,6,00-0034646,B.Powell,LA,WR,1,4.0,8.0,4.0,8.0,4,27.0,0,25.0
2022,6,00-0033871,C.Davis,NYJ,WR,1,5.2,7.2,5.2,7.2,2,52.0,0,6.0
2022,6,00-0037238,D.London,ATL,WR,1,4.0,7.0,4.0,7.0,3,40.0,0,9.0
2022,6,00-0036620,D.Eskridge,SEA,WR,1,3.9,6.9,3.9,6.9,3,39.0,0,19.0
2022,6,00-0036219,M.Callaway,NO,WR,1,3.6,6.6,3.6,6.6,3,36.0,0,14.0
2022,6,00-0036412,K.Hamler,DEN,WR,1,4.4,6.4,4.4,6.4,2,44.0,0,3.0
2022,6,00-0037816,R.Doubs,GB,WR,1,2.1,6.1,2.1,6.1,4,21.0,0,10.0
2022,6,00-0037247,G.Pickens,PIT,WR,1,2.8,5.8,2.8,5.8,3,27.0,0,2.0
2022,6,00-0032775,D.Robinson,BAL,WR,1,2.7,5.7,2.7,5.7,3,27.0,0,9.0
2022,6,00-0035640,D.Metcalf,SEA,WR,1,3.4,5.4,3.4,5.4,2,34.0,0,4.0
2022,6,00-0036345,K.Osborn,MIN,WR,1,1.8,4.8,1.8,4.8,3,18.0,0,5.0
2022,6,00-0031763,D.Carter,LAC,WR,1,1.7,4.7,1.7,4.7,3,17.0,0,3.0
2022,6,00-0030068,M.Goodwin,SEA,WR,1,2.6,4.6,2.6,4.6,2,26.0,0,14.0
2022,6,00-0032980,M.Johnson,NYG,WR,1,2.5,4.5,2.5,4.5,2,25.0,0,13.0
2022,6,00-0034411,R.Gage,TB,WR,1,2.0,4.0,2.0,4.0,2,20.0,0,2.0
2022,6,00-0034286,R.James,NYG,WR,1,1.8,3.8,1.8,3.8,2,18.0,0,10.0
2022,6,00-0036259,J.Jennings,SF,WR,1,1.8,3.8,1.8,3.8,2,18.0,0,17.0
2022,6,00-0034764,M.Gallup,DAL,WR,1,1.8,3.8,1.8,3.8,2,18.0,0,0.0
2022,6,00-0034827,D.Moore,CAR,WR,1,0.7,3.7,0.7,3.7,3,7.0,0,5.0
2022,6,00-0033536,M.Williams,LAC,WR,1,1.7,3.7,1.7,3.7,2,17.0,0,5.0
2022,6,00-0032211,T.Lockett,SEA,WR,1,1.7,3.7,1.7,3.7,2,17.0,0,8.0
2022,6,00-0033572,J.Agnew,JAX,WR,1,2.4,3.4,2.4,3.4,1,5.0,0,10.0
2022,6,00-0038090,S.Moore,KC,WR,1,2.4,3.4,2.4,3.4,1,24.0,0,13.0
2022,6,00-0034348,C.Sutton,DEN,WR,1,1.4,3.4,1.4,3.4,2,14.0,0,6.0
2022,6,00-0036497,T.Jones,JAX,WR,1,2.0,3.0,2.0,3.0,1,20.0,0,14.0
2022,6,00-0033466,I.McKenzie,BUF,WR,1,0.9,2.9,0.9,2.9,2,9.0,0,2.0
2022,6,00-0035535,D.Slayton,NYG,WR,1,1.8,2.8,1.8,2.8,1,18.0,0,1.0
2022,6,00-0037745,V.Jones,CHI,WR,1,1.8,2.8,1.8,2.8,1,10.0,0,13.0
2022,6,00-0027942,A.Green,ARI,WR,1,0.7,2.7,0.7,2.7,2,7.0,0,0.0
2022,6,00-0033307,K.Bourne,NE,WR,1,1.7,2.7,1.7,2.7,1,17.0,0,11.0
2022,6,00-0033282,C.Samuel,WAS,WR,1,0.6,2.6,0.6,2.6,2,6.0,0,9.0
2022,6,00-0037300,M.Woods,CLE,WR,1,1.5,2.5,1.5,2.5,1,15.0,0,5.0
2022,6,00-0036991,A.Rodgers,GB,WR,1,1.4,2.4,1.4,2.4,1,14.0,0,4.0
2022,6,00-0037261,K.Shakir,BUF,WR,1,1.4,2.4,1.4,2.4,1,14.0,0,10.0
2022,6,00-0034317,K.Kirkwood,NO,WR,1,1.4,2.4,1.4,2.4,1,14.0,0,2.0
2022,6,00-0036331,D.Duvernay,BAL,WR,1,1.4,2.4,1.4,2.4,1,14.0,0,16.0
2022,6,00-0037257,D.Bell,CLE,WR,1,1.3,2.3,1.3,2.3,1,13.0,0,7.0
2022,6,00-0033591,N.Brown,DAL,WR,1,1.0,2.0,1.0,2.0,1,10.0,0,5.0
2022,6,00-0037740,G.Wilson,NYJ,WR,1,0.8,1.8,0.8,1.8,1,8.0,0,1.0
2022,6,00-0035864,K.Hinton,DEN,WR,1,0.8,1.8,0.8,1.8,1,8.0,0,3.0
2022,6,00-0035359,D.Sills,NYG,WR,1,0.8,1.8,0.8,1.8,1,8.0,0,7.0
2022,6,00-0028002,R.Cobb,GB,WR,1,0.8,1.8,0.8,1.8,1,8.0,0,9.0
2022,6,00-0034104,C.Sims,WAS,WR,1,0.6,1.6,0.6,1.6,1,6.0,0,0.0
2022,6,00-0034487,T.Sherfield,MIA,WR,1,0.6,1.6,0.6,1.6,1,6.0,0,0.0
2022,6,00-0036671,D.Milne,WAS,WR,1,0.5,1.5,0.5,1.5,1,5.0,0,0.0
2022,6,00-0036959,M.Bandy,LAC,WR,1,0.4,1.4,0.4,1.4,1,4.0,0,0.0
2022,6,00-0036630,T.Wallace,BAL,WR,1,0.4,1.4,0.4,1.4,1,4.0,0,2.0
2022,6,00-0037272,M.Washington,DEN,WR,1,0.0,1.0,0.0,1.0,1,0.0,0,3.0
2022,6,00-0036849,T.Atwell,LA,WR,1,0.9,0.9,0.9,0.9,0,0.0,0,0.0
2022,6,00-0036271,Q.Watkins,PHI,WR,1,-0.3,0.7,-0.3,0.7,1,0.0,0,3.0
2022,6,00-0034279,E.St. Brown,CHI,WR,1,0.1,0.1,0.1,0.1,0,0.0,0,0.0
2022,6,00-0034272,M.Valdes-Scantling,KC,WR,1,0.0,0.0,0.0,0.0,0,0.0,0,0.0
2022,6,00-0034407,R.McCloud,SF,WR,1,0.0,0.0,0.0,0.0,0,0.0,0,0.0
2022,6,00-0036999,A.Schwartz,CLE,WR,1,0.0,0.0,0.0,0.0,0,0.0,0,0.0
2022,6,00-0031545,K.White,NO,WR,1,0.0,0.0,0.0,0.0,0,0.0,0,0.0
2022,6,00-0036572,S.Smith,CAR,WR,1,0.0,0.0,0.0,0.0,0,0.0,0,0.0
2022,6,00-0036482,M.Strachan,IND,WR,1,0.0,0.0,0.0,0.0,0,0.0,0,0.0
2022,6,00-0034386,J.Watson,KC,WR,1,0.0,0.0,0.0,0.0,0,0.0,0,0.0
2022,6,00-0037348,T.Conner,MIA,WR,1,0.0,0.0,0.0,0.0,0,0.0,0,0.0
2022,6,00-0036955,T.Marshall,CAR,WR,1,0.0,0.0,0.0,0.0,0,0.0,0,0.0
2022,6,00-0036626,D.Brown,WAS,WR,1,0.0,0.0,0.0,0.0,0,0.0,0,0.0
2022,6,00-0035593,J.Winfree,GB,WR,1,0.0,0.0,0.0,0.0,0,0.0,0,0.0
2022,6,00-0037801,K.Turpin,DAL,WR,1,0.0,0.0,0.0,0.0,0,0.0,0,0.0
2022,6,00-0032054,B.Perriman,TB,WR,1,0.0,0.0,0.0,0.0,0,0.0,0,0.0
2022,6,00-0034054,R.Cracraft,MIA,WR,1,0.0,0.0,0.0,0.0,0,0.0,0,0.0
2022,6,00-0036635,I.Smith-Marsette,CHI,WR,1,-0.1,-0.1,-0.1,-0.1,0,0.0,0,0.0
2022,6,00-0034928,S.Sims,PIT,WR,1,-0.5,-0.5,-0.5,-0.5,0,0.0,0,0.0
2022,5,00-0036196,G.Davis,BUF,WR,1,29.1,32.1,29.1,32.1,3,171.0,2,67.0
2022,5,00-0036322,J.Jefferson,MIN,WR,1,16.55,28.55,16.55,28.55,12,154.0,0,61.0
2022,5,00-0031381,D.Adams,LV,WR,1,24.4,27.4,24.4,27.4,3,124.0,2,24.0
2022,5,00-0032211,T.Lockett,SEA,WR,1,22.4,27.4,22.4,27.4,5,104.0,2,5.0
2022,5,00-0033908,C.Kupp,LA,WR,1,18.9,25.9,18.9,25.9,7,125.0,1,89.0
2022,5,00-0036626,D.Brown,WAS,WR,1,22.5,24.5,22.5,24.5,2,105.0,2,29.0
2022,5,00-0031588,S.Diggs,BUF,WR,1,16.2,24.2,16.2,24.2,8,102.0,1,68.0
2022,5,00-0034960,J.Meyers,NE,WR,1,17.1,24.1,17.1,24.1,7,111.0,1,41.0
2022,5,00-0033536,M.Williams,LAC,WR,1,13.4,23.4,13.4,23.4,10,134.0,0,51.0
2022,5,00-0035662,M.Brown,ARI,WR,1,13.8,21.8,13.8,21.8,8,78.0,1,34.0
2022,5,00-0031544,A.Cooper,CLE,WR,1,13.6,20.6,13.6,20.6,7,76.0,1,4.0
2022,5,00-0035640,D.Metcalf,SEA,WR,1,14.8,19.8,14.8,19.8,5,88.0,1,33.0
2022,5,00-0036912,D.Smith,PHI,WR,1,8.7,18.7,8.7,18.7,10,87.0,0,65.0
2022,5,00-0029293,M.Jones,JAX,WR,1,10.4,17.4,10.4,17.4,7,104.0,0,33.0
2022,5,00-0028002,R.Cobb,GB,WR,1,9.9,16.9,9.9,16.9,7,99.0,0,60.0
2022,5,00-0037261,K.Shakir,BUF,WR,1,13.5,16.5,13.5,16.5,3,75.0,1,25.0
2022,5,00-0037664,A.Pierce,IND,WR,1,8.1,16.1,8.1,16.1,8,81.0,0,13.0
2022,5,00-0037239,C.Olave,NO,WR,1,11.4,15.4,11.4,15.4,4,54.0,1,3.0
2022,5,00-0033943,J.Reynolds,DET,WR,1,9.2,15.2,9.2,15.2,6,92.0,0,22.0
2022,5,00-0034272,M.Valdes-Scantling,KC,WR,1,9.0,15.0,9.0,15.0,6,90.0,0,24.0
2022,5,00-0037247,G.Pickens,PIT,WR,1,8.3,14.3,8.3,14.3,6,83.0,0,17.0
2022,5,00-0035535,D.Slayton,NYG,WR,1,7.9,13.9,7.9,13.9,6,79.0,0,24.0
2022,5,00-0034521,A.Lazard,GB,WR,1,9.5,13.5,9.5,13.5,4,35.0,1,13.0
2022,5,00-0036936,R.Moore,ARI,WR,1,6.1,13.1,6.1,13.1,7,68.0,0,52.0
2022,5,00-0033040,T.Hill,MIA,WR,1,6.0,13.0,6.0,13.0,7,47.0,0,15.0
2022,5,00-0036331,D.Duvernay,BAL,WR,1,7.8,12.8,7.8,12.8,5,54.0,0,24.0
2022,5,00-0035659,T.McLaurin,WAS,WR,1,7.6,12.6,7.6,12.6,5,76.0,0,33.0
2022,5,00-0034348,C.Sutton,DEN,WR,1,7.4,12.4,7.4,12.4,5,74.0,0,14.0
2022,5,00-0033921,C.Godwin,TB,WR,1,6.3,12.3,6.3,12.3,6,61.0,0,24.0
2022,5,00-0033282,C.Samuel,WAS,WR,1,6.2,12.2,6.2,12.2,6,62.0,0,13.0
2022,5,00-0031408,M.Evans,TB,WR,1,8.1,12.1,8.1,12.1,4,81.0,0,20.0
2022,5,00-0036900,J.Chase,CIN,WR,1,5.0,12.0,5.0,12.0,7,50.0,0,36.0
2022,5,00-0035140,M.Hardman,KC,WR,1,8.0,12.0,8.0,12.0,4,73.0,0,33.0
2022,5,00-0035208,O.Zaccheaus,ATL,WR,1,9.9,11.9,9.9,11.9,2,39.0,1,14.0
2022,5,00-0035719,D.Samuel,SF,WR,1,9.2,11.2,9.2,11.2,2,20.0,1,9.0
2022,5,00-0035216,D.Johnson,PIT,WR,1,6.0,11.0,6.0,11.0,5,60.0,0,10.0
2022,5,00-0036572,S.Smith,CAR,WR,1,6.9,10.9,6.9,10.9,4,69.0,0,17.0
2022,5,00-0036252,M.Pittman,IND,WR,1,5.9,10.9,5.9,10.9,5,59.0,0,25.0
2022,5,00-0034827,D.Moore,CAR,WR,1,6.7,10.7,6.7,10.7,4,59.0,0,25.0
2022,5,00-0036554,N.Collins,HOU,WR,1,6.5,10.5,6.5,10.5,4,65.0,0,11.0
2022,5,00-0036358,C.Lamb,DAL,WR,1,5.3,10.3,5.3,10.3,5,53.0,0,31.0
2022,5,00-0036862,B.Skowronek,LA,WR,1,4.1,10.1,4.1,10.1,6,41.0,0,20.0
2022,5,00-0036326,C.Claypool,PIT,WR,1,5.0,10.0,5.0,10.0,5,50.0,0,27.0
2022,5,00-0032464,K.Raymond,DET,WR,1,4.5,9.5,4.5,9.5,5,45.0,0,23.0
2022,5,00-0036182,N.Westbrook-Ikhine,TEN,WR,1,7.2,9.2,7.2,9.2,2,72.0,0,6.0
2022,5,00-0036345,K.Osborn,MIN,WR,1,4.1,9.1,4.1,9.1,5,41.0,0,11.0
2022,5,00-0036233,D.Peoples-Jones,CLE,WR,1,5.0,9.0,5.0,9.0,4,50.0,0,8.0
2022,5,00-0036261,B.Aiyuk,SF,WR,1,5.8,8.8,5.8,8.8,3,58.0,0,25.0
2022,5,00-0034419,B.Berrios,NYJ,WR,1,7.4,8.4,7.4,8.4,1,-1.0,0,1.0
2022,5,00-0034764,M.Gallup,DAL,WR,1,4.4,8.4,4.4,8.4,4,44.0,0,10.0
2022,5,00-0036407,J.Jeudy,DEN,WR,1,5.3,8.3,5.3,8.3,3,53.0,0,30.0
2022,5,00-0036165,I.Hodgins,BUF,WR,1,4.1,8.1,4.1,8.1,4,41.0,0,19.0
2022,5,00-0037745,V.Jones,CHI,WR,1,6.9,7.9,6.9,7.9,1,9.0,1,14.0
2022,5,00-0030431,R.Woods,TEN,WR,1,3.7,7.7,3.7,7.7,4,37.0,0,15.0
2022,5,00-0035298,S.Miller,TB,WR,1,3.5,7.5,3.5,7.5,4,35.0,0,3.0
2022,5,00-0037238,D.London,ATL,WR,1,3.5,7.5,3.5,7.5,4,35.0,0,6.0
2022,5,00-0036309,D.Mooney,CHI,WR,1,5.2,7.2,5.2,7.2,2,52.0,0,12.0
2022,5,00-0036387,J.Reagor,MIN,WR,1,6.1,7.1,6.1,7.1,1,1.0,1,4.0
2022,5,00-0036955,T.Marshall,CAR,WR,1,3.0,7.0,3.0,7.0,4,30.0,0,8.0
2022,5,00-0030035,A.Thielen,MIN,WR,1,2.7,6.7,2.7,6.7,4,27.0,0,8.0
2022,5,00-0032980,M.Johnson,NYG,WR,1,3.5,6.5,3.5,6.5,3,35.0,0,13.0
2022,5,00-0036259,J.Jennings,SF,WR,1,4.5,6.5,4.5,6.5,2,45.0,0,34.0
2022,5,00-0034983,H.Renfrow,LV,WR,1,2.5,6.5,2.5,6.5,4,25.0,0,3.0
2022,5,00-0036849,T.Atwell,LA,WR,1,5.4,6.4,5.4,6.4,1,54.0,0,1.0
2022,5,00-0033857,J.Smith-Schuster,KC,WR,1,3.3,6.3,3.3,6.3,3,33.0,0,12.0
2022,5,00-0034854,K.Hodge,ATL,WR,1,3.3,6.3,3.3,6.3,3,33.0,0,20.0
2022,5,00-0035676,A.Brown,PHI,WR,1,3.2,6.2,3.2,6.2,3,32.0,0,4.0
2022,5,00-0033009,T.Boyd,CIN,WR,1,3.2,6.2,3.2,6.2,3,32.0,0,21.0
2022,5,00-0031236,B.Cooks,HOU,WR,1,2.0,6.0,2.0,6.0,4,20.0,0,20.0
2022,5,00-0037816,R.Doubs,GB,WR,1,2.9,5.9,2.9,5.9,3,29.0,0,7.0
2022,5,00-0036963,A.St. Brown,DET,WR,1,1.8,5.8,1.8,5.8,4,18.0,0,8.0
2022,5,00-0033871,C.Davis,NYJ,WR,1,3.8,5.8,3.8,5.8,2,38.0,0,6.0
2022,5,00-0037740,G.Wilson,NYJ,WR,1,2.7,5.7,2.7,5.7,3,27.0,0,14.0
2022,5,00-0036988,J.Palmer,LAC,WR,1,2.4,5.4,2.4,5.4,3,24.0,0,9.0
2022,5,00-0036613,J.Waddle,MIA,WR,1,2.3,5.3,2.3,5.3,3,23.0,0,12.0
2022,5,00-0027942,A.Green,ARI,WR,1,2.0,5.0,2.0,5.0,3,20.0,0,3.0
2022,5,00-0036271,Q.Watkins,PHI,WR,1,1.9,4.9,1.9,4.9,3,19.0,0,21.0
2022,5,00-0034279,E.St. Brown,CHI,WR,1,2.4,4.4,2.4,4.4,2,24.0,0,7.0
2022,5,00-0033114,M.Thomas,CIN,WR,1,3.3,4.3,3.3,4.3,1,33.0,0,23.0
2022,5,00-0033891,Z.Jones,JAX,WR,1,1.2,4.2,1.2,4.2,3,12.0,0,17.0
2022,5,00-0031428,A.Robinson,LA,WR,1,1.2,4.2,1.2,4.2,3,12.0,0,10.0
2022,5,00-0032688,R.Chosen,CAR,WR,1,3.2,4.2,3.2,4.2,1,32.0,0,0.0
2022,5,00-0035639,P.Campbell,IND,WR,1,2.2,4.2,2.2,4.2,2,22.0,0,18.0
2022,5,00-0034411,R.Gage,TB,WR,1,2.0,4.0,2.0,4.0,2,20.0,0,10.0
2022,5,00-0034418,C.Wilson,MIA,WR,1,2.0,4.0,2.0,4.0,2,20.0,0,16.0
2022,5,00-0034286,R.James,NYG,WR,1,1.6,3.6,1.6,3.6,2,16.0,0,4.0
2022,5,00-0038090,S.Moore,KC,WR,1,1.5,3.5,1.5,3.5,2,15.0,0,22.0
2022,5,00-0035359,D.Sills,NYG,WR,1,1.2,3.2,1.2,3.2,2,12.0,0,10.0
2022,5,00-0031763,D.Carter,LAC,WR,1,0.9,2.9,0.9,2.9,2,9.0,0,7.0
2022,5,00-0035021,A.Dulin,IND,WR,1,1.8,2.8,1.8,2.8,1,18.0,0,0.0
2022,5,00-0038104,T.Thornton,NE,WR,1,0.7,2.7,0.7,2.7,2,7.0,0,3.0
2022,5,00-0036219,M.Callaway,NO,WR,1,0.5,2.5,0.5,2.5,2,5.0,0,0.0
2022,5,00-0036635,I.Smith-Marsette,CHI,WR,1,1.5,2.5,1.5,2.5,1,15.0,0,5.0
2022,5,00-0035510,J.Smith,NYJ,WR,1,1.1,2.1,1.1,2.1,1,11.0,0,8.0
2022,5,00-0036980,E.Moore,NYJ,WR,1,1.1,2.1,1.1,2.1,1,11.0,0,2.0
2022,5,00-0034775,C.Kirk,JAX,WR,1,1.1,2.1,1.1,2.1,1,11.0,0,6.0
2022,5,00-0035703,M.Boykin,PIT,WR,1,1.1,2.1,1.1,2.1,1,11.0,0,0.0
2022,5,00-0034765,T.Smith,NO,WR,1,1.0,2.0,1.0,2.0,1,10.0,0,6.0
2022,5,00-0036365,B.Edwards,ATL,WR,1,1.0,2.0,1.0,2.0,1,10.0,0,5.0
2022,5,00-0034386,J.Watson,KC,WR,1,1.0,2.0,1.0,2.0,1,10.0,0,5.0
2022,5,00-0036412,K.Hamler,DEN,WR,1,1.0,2.0,1.0,2.0,1,10.0,0,4.0
2022,5,00-0036630,T.Wallace,BAL,WR,1,0.8,1.8,0.8,1.8,1,8.0,0,1.0
2022,5,00-0032775,D.Robinson,BAL,WR,1,0.8,1.8,0.8,1.8,1,8.0,0,0.0
2022,5,00-0036133,J.Proche,BAL,WR,1,0.7,1.7,0.7,1.7,1,7.0,0,2.0
2022,5,00-0034104,C.Sims,WAS,WR,1,0.7,1.7,0.7,1.7,1,7.0,0,-1.0
2022,5,00-0037273,K.Philips,TEN,WR,1,0.7,1.7,0.7,1.7,1,7.0,0,3.0
2022,5,00-0037257,D.Bell,CLE,WR,1,0.6,1.6,0.6,1.6,1,6.0,0,0.0
2022,5,00-0033591,N.Brown,DAL,WR,1,0.5,1.5,0.5,1.5,1,5.0,0,0.0
2022,5,00-0034487,T.Sherfield,MIA,WR,1,0.5,1.5,0.5,1.5,1,5.0,0,0.0
2022,5,00-0034317,K.Kirkwood,NO,WR,1,0.4,1.4,0.4,1.4,1,4.0,0,2.0
2022,5,00-0033307,K.Bourne,NE,WR,1,0.0,1.0,0.0,1.0,1,1.0,0,1.0
2022,5,00-0037272,M.Washington,DEN,WR,1,0.9,0.9,0.9,0.9,0,0.0,0,0.0
2022,5,00-0038124,C.Watson,GB,WR,1,-0.2,0.8,-0.2,0.8,1,1.0,0,5.0
2022,5,00-0033572,J.Agnew,JAX,WR,1,0.3,0.3,0.3,0.3,0,0.0,0,0.0
2022,5,00-0034646,B.Powell,LA,WR,1,0.1,0.1,0.1,0.1,0,0.0,0,0.0
2022,5,00-0034860,D.Pettis,CHI,WR,1,0.0,0.0,0.0,0.0,0,0.0,0,0.0
2022,5,00-0037828,D.Gray,SF,WR,1,0.0,0.0,0.0,0.0,0,0.0,0,0.0
2022,5,00-0037348,T.Conner,MIA,WR,1,0.0,0.0,0.0,0.0,0,0.0,0,0.0
2022,5,00-0036620,D.Eskridge,SEA,WR,1,0.0,0.0,0.0,0.0,0,0.0,0,0.0
2022,5,00-0031868,D.Byrd,ATL,WR,1,0.0,0.0,0.0,0.0,0,0.0,0,0.0
2022,5,00-0036999,A.Schwartz,CLE,WR,1,0.0,0.0,0.0,0.0,0,0.0,0,0.0
2022,5,00-0033633,T.Gentry,BUF,WR,1,0.0,0.0,0.0,0.0,0,0.0,0,0.0
2022,5,00-0035399,S.Morgan,CIN,WR,1,0.0,0.0,0.0,0.0,0,0.0,0,0.0
2022,5,00-0033555,M.Hollins,LV,WR,1,0.0,0.0,0.0,0.0,0,0.0,0,0.0
2022,5,00-0036439,T.Cleveland,DEN,WR,1,0.0,0.0,0.0,0.0,0,0.0,0,0.0
2022,5,00-0034054,R.Cracraft,MIA,WR,1,0.0,0.0,0.0,0.0,0,0.0,0,0.0
2022,5,00-0031549,N.Agholor,NE,WR,1,0.0,0.0,0.0,0.0,0,0.0,0,0.0
2022,4,00-0036322,J.Jefferson,MIN,WR,1,21.0,31.0,21.0,31.0,10,147.0,0,51.0
2022,4,00-0031408,M.Evans,TB,WR,1,22.3,30.3,22.3,30.3,8,103.0,2,17.0
2022,4,00-0033908,C.Kupp,LA,WR,1,12.2,26.2,12.2,26.2,14,122.0,0,58.0
2022,4,00-0033040,T.Hill,MIA,WR,1,15.9,25.9,15.9,25.9,10,160.0,0,68.0
2022,4,00-0036410,T.Higgins,CIN,WR,1,18.4,25.4,18.4,25.4,7,124.0,1,72.0
2022,4,00-0035719,D.Samuel,SF,WR,1,17.7,23.7,17.7,23.7,6,115.0,1,105.0
2022,4,00-0035640,D.Metcalf,SEA,WR,1,14.9,21.9,14.9,21.9,7,149.0,0,46.0
2022,4,00-0036358,C.Lamb,DAL,WR,1,15.7,21.7,15.7,21.7,6,97.0,1,35.0
2022,4,00-0033943,J.Reynolds,DET,WR,1,14.1,21.1,14.1,21.1,7,81.0,1,12.0
2022,4,00-0033572,J.Agnew,JAX,WR,1,17.0,21.0,17.0,21.0,4,50.0,2,25.0
2022,4,00-0035662,M.Brown,ARI,WR,1,14.8,20.8,14.8,20.8,6,88.0,1,18.0
2022,4,00-0031381,D.Adams,LV,WR,1,10.5,19.5,10.5,19.5,9,101.0,0,34.0
2022,4,00-0033536,M.Williams,LAC,WR,1,12.0,19.0,12.0,19.0,7,120.0,0,67.0
2022,4,00-0031236,B.Cooks,HOU,WR,1,11.7,18.7,11.7,18.7,7,57.0,1,12.0
2022,4,00-0033871,C.Davis,NYJ,WR,1,13.4,18.4,13.4,18.4,5,74.0,1,16.0
2022,4,00-0034521,A.Lazard,GB,WR,1,11.6,17.6,11.6,17.6,6,116.0,0,43.0
2022,4,00-0037239,C.Olave,NO,WR,1,12.7,16.7,12.7,16.7,4,67.0,1,2.0
2022,4,00-0034348,C.Sutton,DEN,WR,1,11.2,16.2,11.2,16.2,5,52.0,1,15.0
2022,4,00-0037247,G.Pickens,PIT,WR,1,10.2,16.2,10.2,16.2,6,102.0,0,25.0
2022,4,00-0037816,R.Doubs,GB,WR,1,10.7,15.7,10.7,15.7,5,47.0,1,36.0
2022,4,00-0036407,J.Jeudy,DEN,WR,1,11.3,15.3,11.3,15.3,4,53.0,1,7.0
2022,4,00-0030035,A.Thielen,MIN,WR,1,7.2,15.2,7.2,15.2,8,72.0,0,11.0
2022,4,00-0032211,T.Lockett,SEA,WR,1,9.1,15.1,9.1,15.1,6,91.0,0,11.0
2022,4,00-0035676,A.Brown,PHI,WR,1,9.5,14.5,9.5,14.5,5,95.0,0,34.0
2022,4,00-0036309,D.Mooney,CHI,WR,1,9.4,13.4,9.4,13.4,4,94.0,0,7.0
2022,4,00-0037741,J.Dotson,WAS,WR,1,10.3,13.3,10.3,13.3,3,43.0,1,4.0
2022,4,00-0030431,R.Woods,TEN,WR,1,9.0,13.0,9.0,13.0,4,30.0,1,14.0
2022,4,00-0033921,C.Godwin,TB,WR,1,5.9,12.9,5.9,12.9,7,59.0,0,29.0
2022,4,00-0036900,J.Chase,CIN,WR,1,8.1,12.1,8.1,12.1,4,81.0,0,12.0
2022,4,00-0033466,I.McKenzie,BUF,WR,1,8.1,12.1,8.1,12.1,4,21.0,1,6.0
2022,4,00-0034827,D.Moore,CAR,WR,1,6.1,12.1,6.1,12.1,6,50.0,0,13.0
2022,4,00-0036233,D.Peoples-Jones,CLE,WR,1,7.1,12.1,7.1,12.1,5,71.0,0,12.0
2022,4,00-0037664,A.Pierce,IND,WR,1,8.0,12.0,8.0,12.0,4,80.0,0,8.0
2022,4,00-0036554,N.Collins,HOU,WR,1,8.2,11.2,8.2,11.2,3,82.0,0,13.0
2022,4,00-0031547,D.Parker,NE,WR,1,8.4,10.4,8.4,10.4,2,24.0,1,11.0
2022,4,00-0034764,M.Gallup,DAL,WR,1,8.4,10.4,8.4,10.4,2,24.0,1,0.0
2022,4,00-0031588,S.Diggs,BUF,WR,1,6.2,10.2,6.2,10.2,4,62.0,0,11.0
2022,4,00-0033857,J.Smith-Schuster,KC,WR,1,4.6,9.6,4.6,9.6,5,46.0,0,37.0
2022,4,00-0034487,T.Sherfield,MIA,WR,1,5.5,9.5,5.5,9.5,4,55.0,0,3.0
2022,4,00-0038124,C.Watson,GB,WR,1,8.3,9.3,8.3,9.3,1,8.0,0,12.0
2022,4,00-0034272,M.Valdes-Scantling,KC,WR,1,6.3,9.3,6.3,9.3,3,63.0,0,18.0
2022,4,00-0036331,D.Duvernay,BAL,WR,1,5.1,9.1,5.1,9.1,4,51.0,0,8.0
2022,4,00-0033591,N.Brown,DAL,WR,1,6.1,9.1,6.1,9.1,3,61.0,0,13.0
2022,4,00-0036980,E.Moore,NYJ,WR,1,5.5,8.5,5.5,8.5,3,53.0,0,15.0
2022,4,00-0035544,T.Kennedy,DET,WR,1,5.4,8.4,5.4,8.4,3,54.0,0,16.0
2022,4,00-0034775,C.Kirk,JAX,WR,1,6.3,8.3,6.3,8.3,2,60.0,0,12.0
2022,4,00-0036219,M.Callaway,NO,WR,1,5.3,8.3,5.3,8.3,3,53.0,0,2.0
2022,4,00-0035639,P.Campbell,IND,WR,1,4.3,8.3,4.3,8.3,4,43.0,0,23.0
2022,4,00-0033009,T.Boyd,CIN,WR,1,5.85,7.85,5.85,7.85,2,47.0,0,11.0
2022,4,00-0033282,C.Samuel,WAS,WR,1,3.8,7.8,3.8,7.8,4,38.0,0,27.0
2022,4,00-0036261,B.Aiyuk,SF,WR,1,3.7,7.7,3.7,7.7,4,37.0,0,33.0
2022,4,00-0031549,N.Agholor,NE,WR,1,4.6,7.6,4.6,7.6,3,46.0,0,7.0
2022,4,00-0035208,O.Zaccheaus,ATL,WR,1,5.5,7.5,5.5,7.5,2,55.0,0,20.0
2022,4,00-0028002,R.Cobb,GB,WR,1,4.2,7.2,4.2,7.2,3,42.0,0,7.0
2022,4,00-0032464,K.Raymond,DET,WR,1,4.1,7.1,4.1,7.1,3,38.0,0,3.0
2022,4,00-0036959,M.Bandy,LAC,WR,1,4.9,6.9,4.9,6.9,2,49.0,0,6.0
2022,4,00-0036412,K.Hamler,DEN,WR,1,5.5,6.5,5.5,6.5,1,55.0,0,9.0
2022,4,00-0033555,M.Hollins,LV,WR,1,3.3,6.3,3.3,6.3,3,33.0,0,10.0
2022,4,00-0036252,M.Pittman,IND,WR,1,3.1,6.1,3.1,6.1,3,31.0,0,11.0
2022,4,00-0037740,G.Wilson,NYJ,WR,1,4.1,6.1,4.1,6.1,2,41.0,0,20.0
2022,4,00-0035864,K.Hinton,DEN,WR,1,3.9,5.9,3.9,5.9,2,39.0,0,16.0
2022,4,00-0036613,J.Waddle,MIA,WR,1,3.9,5.9,3.9,5.9,2,39.0,0,20.0
2022,4,00-0033307,K.Bourne,NE,WR,1,3.8,5.8,3.8,5.8,2,23.0,0,14.0
2022,4,00-0034419,B.Berrios,NYJ,WR,1,4.7,5.7,4.7,5.7,1,6.0,0,8.0
2022,4,00-0032688,R.Chosen,CAR,WR,1,2.6,5.6,2.6,5.6,3,26.0,0,10.0
2022,4,00-0037257,D.Bell,CLE,WR,1,3.5,5.5,3.5,5.5,2,35.0,0,0.0
2022,4,00-0036862,B.Skowronek,LA,WR,1,3.3,5.3,3.3,5.3,2,33.0,0,7.0
2022,4,00-0038090,S.Moore,KC,WR,1,3.1,5.1,3.1,5.1,2,31.0,0,14.0
2022,4,00-0036912,D.Smith,PHI,WR,1,1.7,4.7,1.7,4.7,3,17.0,0,0.0
2022,4,00-0036550,R.Bateman,BAL,WR,1,1.7,4.7,1.7,4.7,3,17.0,0,0.0
2022,4,00-0034411,R.Gage,TB,WR,1,2.4,4.4,2.4,4.4,2,24.0,0,5.0
2022,4,00-0037261,K.Shakir,BUF,WR,1,2.3,4.3,2.3,4.3,2,23.0,0,16.0
2022,4,00-0035216,D.Johnson,PIT,WR,1,2.2,4.2,2.2,4.2,2,11.0,0,12.0
2022,4,00-0036259,J.Jennings,SF,WR,1,2.2,4.2,2.2,4.2,2,22.0,0,10.0
2022,4,00-0035021,A.Dulin,IND,WR,1,1.8,3.8,1.8,3.8,2,18.0,0,6.0
2022,4,00-0037742,T.Burks,TEN,WR,1,1.8,3.8,1.8,3.8,2,14.0,0,7.0
2022,4,00-0037238,D.London,ATL,WR,1,1.7,3.7,1.7,3.7,2,17.0,0,5.0
2022,4,00-0036936,R.Moore,ARI,WR,1,0.7,3.7,0.7,3.7,3,11.0,0,10.0
2022,4,00-0031763,D.Carter,LAC,WR,1,1.6,3.6,1.6,3.6,2,16.0,0,3.0
2022,4,00-0036988,J.Palmer,LAC,WR,1,2.5,3.5,2.5,3.5,1,25.0,0,2.0
2022,4,00-0036277,Q.Cephus,DET,WR,1,1.5,3.5,1.5,3.5,2,15.0,0,4.0
2022,4,00-0035659,T.McLaurin,WAS,WR,1,1.5,3.5,1.5,3.5,2,15.0,0,16.0
2022,4,00-0032775,D.Robinson,BAL,WR,1,1.0,3.0,1.0,3.0,2,10.0,0,3.0
2022,4,00-0034765,T.Smith,NO,WR,1,1.8,2.8,1.8,2.8,1,18.0,0,1.0
2022,4,00-0031382,J.Landry,NO,WR,1,0.7,2.7,0.7,2.7,2,7.0,0,1.0
2022,4,00-0031428,A.Robinson,LA,WR,1,0.7,2.7,0.7,2.7,2,7.0,0,0.0
2022,4,00-0036620,D.Eskridge,SEA,WR,1,1.6,2.6,1.6,2.6,1,10.0,0,7.0
2022,4,00-0036196,G.Davis,BUF,WR,1,1.3,2.3,1.3,2.3,1,13.0,0,0.0
2022,4,00-0037291,J.Nailor,MIN,WR,1,1.3,2.3,1.3,2.3,1,13.0,0,0.0
2022,4,00-0035535,D.Slayton,NYG,WR,1,1.1,2.1,1.1,2.1,1,11.0,0,6.0
2022,4,00-0034286,R.James,NYG,WR,1,0.9,1.9,0.9,1.9,1,9.0,0,0.0
2022,4,00-0031544,A.Cooper,CLE,WR,1,0.9,1.9,0.9,1.9,1,9.0,0,5.0
2022,4,00-0035406,L.Humphrey,NE,WR,1,0.9,1.9,0.9,1.9,1,9.0,0,11.0
2022,4,00-0027944,J.Jones,TB,WR,1,0.7,1.7,0.7,1.7,1,7.0,0,4.0
2022,4,00-0031941,J.Crowder,BUF,WR,1,0.7,1.7,0.7,1.7,1,7.0,0,2.0
2022,4,00-0036626,D.Brown,WAS,WR,1,0.6,1.6,0.6,1.6,1,6.0,0,2.0
2022,4,00-0035500,G.Dortch,ARI,WR,1,0.6,1.6,0.6,1.6,1,6.0,0,0.0
2022,4,00-0034407,R.McCloud,SF,WR,1,0.6,1.6,0.6,1.6,1,6.0,0,7.0
2022,4,00-0036345,K.Osborn,MIN,WR,1,0.5,1.5,0.5,1.5,1,6.0,0,0.0
2022,4,00-0035359,D.Sills,NYG,WR,1,0.5,1.5,0.5,1.5,1,5.0,0,1.0
2022,4,00-0029000,C.Beasley,TB,WR,1,0.5,1.5,0.5,1.5,1,5.0,0,8.0
2022,4,00-0035140,M.Hardman,KC,WR,1,0.4,1.4,0.4,1.4,1,4.0,0,7.0
2022,4,00-0037272,M.Washington,DEN,WR,1,0.4,1.4,0.4,1.4,1,4.0,0,6.0
2022,4,00-0034646,B.Powell,LA,WR,1,1.1,1.1,1.1,1.1,0,0.0,0,0.0
2022,4,00-0034279,E.St. Brown,CHI,WR,1,0.9,0.9,0.9,0.9,0,9.0,0,9.0
2022,4,00-0034386,J.Watson,KC,WR,1,0.0,0.0,0.0,0.0,0,0.0,0,0.0
2022,4,00-0036387,J.Reagor,MIN,WR,1,0.0,0.0,0.0,0.0,0,0.0,0,0.0
2022,4,00-0036482,M.Strachan,IND,WR,1,0.0,0.0,0.0,0.0,0,0.0,0,0.0
2022,4,00-0036326,C.Claypool,PIT,WR,1,0.0,0.0,0.0,0.0,0,0.0,0,0.0
2022,4,00-0034860,D.Pettis,CHI,WR,1,0.0,0.0,0.0,0.0,0,0.0,0,0.0
2022,4,00-0037273,K.Philips,TEN,WR,1,0.0,0.0,0.0,0.0,0,0.0,0,0.0
2022,4,00-0035645,G.Olszewski,PIT,WR,1,0.0,0.0,0.0,0.0,0,0.0,0,0.0
2022,4,00-0036572,S.Smith,CAR,WR,1,0.0,0.0,0.0,0.0,0,0.0,0,0.0
2022,4,00-0033932,K.Golladay,NYG,WR,1,0.0,0.0,0.0,0.0,0,0.0,0,0.0
2022,4,00-0036271,Q.Watkins,PHI,WR,1,0.0,0.0,0.0,0.0,0,0.0,0,0.0
2022,4,00-0036497,T.Jones,JAX,WR,1,0.0,0.0,0.0,0.0,0,0.0,0,0.0
2022,4,00-0034054,R.Cracraft,MIA,WR,1,0.0,0.0,0.0,0.0,0,0.0,0,0.0
2022,4,00-0032398,C.Moore,HOU,WR,1,0.0,0.0,0.0,0.0,0,0.0,0,0.0
2022,4,00-0036635,I.Smith-Marsette,CHI,WR,1,0.0,0.0,0.0,0.0,0,0.0,0,0.0
2022,4,00-0034854,K.Hodge,ATL,WR,1,0.0,0.0,0.0,0.0,0,0.0,0,0.0
2022,4,00-0036268,L.Shenault,CAR,WR,1,0.0,0.0,0.0,0.0,0,0.0,0,0.0
2022,4,00-0035510,J.Smith,NYJ,WR,1,0.0,0.0,0.0,0.0,0,0.0,0,0.0
2022,4,00-0031868,D.Byrd,ATL,WR,1,0.0,0.0,0.0,0.0,0,0.0,0,0.0
2022,4,00-0029293,M.Jones,JAX,WR,1,0.0,0.0,0.0,0.0,0,0.0,0,0.0
2022,4,00-0032208,P.Dorsett,HOU,WR,1,0.0,0.0,0.0,0.0,0,0.0,0,0.0
2022,4,00-0033251,Z.Pascal,PHI,WR,1,0.0,0.0,0.0,0.0,0,0.0,0,0.0
2022,3,00-0036912,D.Smith,PHI,WR,1,22.9,30.9,22.9,30.9,8,169.0,1,57.0
2022,3,00-0033555,M.Hollins,LV,WR,1,22.0,30.0,22.0,30.0,8,158.0,1,43.0
2022,3,00-0035662,M.Brown,ARI,WR,1,14.0,28.0,14.0,28.0,14,140.0,0,59.0
2022,3,00-0034411,R.Gage,TB,WR,1,14.7,26.7,14.7,26.7,12,87.0,1,37.0
2022,3,00-0033891,Z.Jones,JAX,WR,1,14.5,24.5,14.5,24.5,10,85.0,1,56.0
2022,3,00-0037239,C.Olave,NO,WR,1,14.7,23.7,14.7,23.7,9,147.0,0,28.0
2022,3,00-0031544,A.Cooper,CLE,WR,1,16.1,23.1,16.1,23.1,7,101.0,1,29.0
2022,3,00-0036358,C.Lamb,DAL,WR,1,14.7,22.7,14.7,22.7,8,87.0,1,30.0
2022,3,00-0037816,R.Doubs,GB,WR,1,13.3,21.3,13.3,21.3,8,73.0,1,48.0
2022,3,00-0033466,I.McKenzie,BUF,WR,1,14.2,21.2,14.2,21.2,7,76.0,1,32.0
2022,3,00-0031547,D.Parker,NE,WR,1,15.6,20.6,15.6,20.6,5,156.0,0,41.0
2022,3,00-0033009,T.Boyd,CIN,WR,1,16.5,20.5,16.5,20.5,4,105.0,1,68.0
2022,3,00-0035676,A.Brown,PHI,WR,1,14.5,19.5,14.5,19.5,5,85.0,1,30.0
2022,3,00-0034775,C.Kirk,JAX,WR,1,13.2,19.2,13.2,19.2,6,72.0,1,26.0
2022,3,00-0036345,K.Osborn,MIN,WR,1,13.3,18.3,13.3,18.3,5,73.0,1,15.0
2022,3,00-0030035,A.Thielen,MIN,WR,1,12.1,18.1,12.1,18.1,6,61.0,1,15.0
2022,3,00-0034348,C.Sutton,DEN,WR,1,9.7,17.7,9.7,17.7,8,97.0,0,22.0
2022,3,00-0035640,D.Metcalf,SEA,WR,1,12.4,17.4,12.4,17.4,5,64.0,1,11.0
2022,3,00-0035500,G.Dortch,ARI,WR,1,8.0,17.0,8.0,17.0,9,80.0,0,48.0
2022,3,00-0036268,L.Shenault,CAR,WR,1,15.0,17.0,15.0,17.0,2,90.0,1,89.0
2022,3,00-0032211,T.Lockett,SEA,WR,1,7.6,16.6,7.6,16.6,9,76.0,0,3.0
2022,3,00-0033908,C.Kupp,LA,WR,1,12.4,16.4,12.4,16.4,4,44.0,0,17.0
2022,3,00-0035216,D.Johnson,PIT,WR,1,8.4,16.4,8.4,16.4,8,84.0,0,5.0
2022,3,00-0035659,T.McLaurin,WAS,WR,1,10.2,16.2,10.2,16.2,6,102.0,0,12.0
2022,3,00-0036988,J.Palmer,LAC,WR,1,9.9,15.9,9.9,15.9,6,99.0,0,52.0
2022,3,00-0033943,J.Reynolds,DET,WR,1,9.6,15.6,9.6,15.6,6,96.0,0,29.0
2022,3,00-0036252,M.Pittman,IND,WR,1,7.2,15.2,7.2,15.2,8,72.0,0,32.0
2022,3,00-0036613,J.Waddle,MIA,WR,1,11.1,15.1,11.1,15.1,4,102.0,0,15.0
2022,3,00-0036900,J.Chase,CIN,WR,1,8.7,14.7,8.7,14.7,6,29.0,1,8.0
2022,3,00-0034521,A.Lazard,GB,WR,1,10.5,14.5,10.5,14.5,4,45.0,1,9.0
2022,3,00-0034765,T.Smith,NO,WR,1,10.5,14.5,10.5,14.5,4,105.0,0,27.0
2022,3,00-0037238,D.London,ATL,WR,1,11.4,14.4,11.4,14.4,3,54.0,1,23.0
2022,3,00-0031588,S.Diggs,BUF,WR,1,7.4,14.4,7.4,14.4,7,74.0,0,36.0
2022,3,00-0036410,T.Higgins,CIN,WR,1,9.3,14.3,9.3,14.3,5,93.0,0,13.0
2022,3,00-0031381,D.Adams,LV,WR,1,9.2,14.2,9.2,14.2,5,36.0,1,10.0
2022,3,00-0033857,J.Smith-Schuster,KC,WR,1,8.9,13.9,8.9,13.9,5,89.0,0,53.0
2022,3,00-0029293,M.Jones,JAX,WR,1,9.3,13.3,9.3,13.3,4,33.0,1,4.0
2022,3,00-0036963,A.St. Brown,DET,WR,1,7.3,13.3,7.3,13.3,6,73.0,0,54.0
2022,3,00-0033282,C.Samuel,WAS,WR,1,6.1,13.1,6.1,13.1,7,48.0,0,17.0
2022,3,00-0035719,D.Samuel,SF,WR,1,7.9,12.9,7.9,12.9,5,73.0,0,30.0
2022,3,00-0036261,B.Aiyuk,SF,WR,1,9.9,12.9,9.9,12.9,3,39.0,1,13.0
2022,3,00-0030431,R.Woods,TEN,WR,1,8.5,12.5,8.5,12.5,4,85.0,0,27.0
2022,3,00-0037740,G.Wilson,NYJ,WR,1,6.0,12.0,6.0,12.0,6,60.0,0,14.0
2022,3,00-0036862,B.Skowronek,LA,WR,1,6.6,10.6,6.6,10.6,4,66.0,0,35.0
2022,3,00-0033591,N.Brown,DAL,WR,1,5.4,10.4,5.4,10.4,5,54.0,0,21.0
2022,3,00-0036331,D.Duvernay,BAL,WR,1,8.3,10.3,8.3,10.3,2,25.0,1,10.0
2022,3,00-0032385,S.Shepard,NYG,WR,1,4.9,9.9,4.9,9.9,5,49.0,0,15.0
2022,3,00-0032765,M.Thomas,NO,WR,1,4.9,9.9,4.9,9.9,5,49.0,0,9.0
2022,3,00-0033307,K.Bourne,NE,WR,1,5.8,9.8,5.8,9.8,4,58.0,0,5.0
2022,3,00-0032398,C.Moore,HOU,WR,1,6.3,9.3,6.3,9.3,3,63.0,0,37.0
2022,3,00-0037664,A.Pierce,IND,WR,1,6.1,9.1,6.1,9.1,3,61.0,0,9.0
2022,3,00-0036980,E.Moore,NYJ,WR,1,4.9,8.9,4.9,8.9,4,49.0,0,0.0
2022,3,00-0034272,M.Valdes-Scantling,KC,WR,1,4.8,8.8,4.8,8.8,4,48.0,0,16.0
2022,3,00-0033536,M.Williams,LAC,WR,1,7.5,8.5,7.5,8.5,1,15.0,1,0.0
2022,3,00-0035414,J.Guyton,LAC,WR,1,6.4,8.4,6.4,8.4,2,64.0,0,7.0
2022,3,00-0034054,R.Cracraft,MIA,WR,1,7.1,8.1,7.1,8.1,1,11.0,1,0.0
2022,3,00-0034286,R.James,NYG,WR,1,4.0,8.0,4.0,8.0,4,36.0,0,10.0
2022,3,00-0036550,R.Bateman,BAL,WR,1,5.9,7.9,5.9,7.9,2,59.0,0,23.0
2022,3,00-0028002,R.Cobb,GB,WR,1,5.7,7.7,5.7,7.7,2,57.0,0,47.0
2022,3,00-0036326,C.Claypool,PIT,WR,1,4.6,7.6,4.6,7.6,3,35.0,0,-2.0
2022,3,00-0034777,D.Chark,DET,WR,1,4.6,7.6,4.6,7.6,3,46.0,0,4.0
2022,3,00-0032054,B.Perriman,TB,WR,1,4.4,7.4,4.4,7.4,3,44.0,0,17.0
2022,3,00-0036219,M.Callaway,NO,WR,1,6.4,7.4,6.4,7.4,1,4.0,1,0.0
2022,3,00-0034279,E.St. Brown,CHI,WR,1,6.3,7.3,6.3,7.3,1,20.0,0,11.0
2022,3,00-0036182,N.Westbrook-Ikhine,TEN,WR,1,4.0,7.0,4.0,7.0,3,40.0,0,4.0
2022,3,00-0037247,G.Pickens,PIT,WR,1,3.9,6.9,3.9,6.9,3,39.0,0,-1.0
2022,3,00-0035208,O.Zaccheaus,ATL,WR,1,4.9,6.9,4.9,6.9,2,49.0,0,0.0
2022,3,00-0036196,G.Davis,BUF,WR,1,3.7,6.7,3.7,6.7,3,37.0,0,3.0
2022,3,00-0031549,N.Agholor,NE,WR,1,4.1,6.1,4.1,6.1,2,41.0,0,13.0
2022,3,00-0036554,N.Collins,HOU,WR,1,4.1,6.1,4.1,6.1,2,41.0,0,17.0
2022,3,00-0034646,B.Powell,LA,WR,1,2.7,5.7,2.7,5.7,3,27.0,0,36.0
2022,3,00-0031763,D.Carter,LAC,WR,1,2.6,5.6,2.6,5.6,3,31.0,0,17.0
2022,3,00-0033040,T.Hill,MIA,WR,1,3.3,5.3,3.3,5.3,2,33.0,0,1.0
2022,3,00-0030068,M.Goodwin,SEA,WR,1,3.1,5.1,3.1,5.1,2,31.0,0,5.0
2022,3,00-0033251,Z.Pascal,PHI,WR,1,1.8,4.8,1.8,4.8,3,18.0,0,12.0
2022,3,00-0033871,C.Davis,NYJ,WR,1,2.7,4.7,2.7,4.7,2,27.0,0,2.0
2022,3,00-0036322,J.Jefferson,MIN,WR,1,1.4,4.4,1.4,4.4,3,14.0,0,7.0
2022,3,00-0031428,A.Robinson,LA,WR,1,2.3,4.3,2.3,4.3,2,23.0,0,9.0
2022,3,00-0036309,D.Mooney,CHI,WR,1,2.3,4.3,2.3,4.3,2,23.0,0,1.0
2022,3,00-0036572,S.Smith,CAR,WR,1,2.2,4.2,2.2,4.2,2,22.0,0,6.0
2022,3,00-0031236,B.Cooks,HOU,WR,1,2.2,4.2,2.2,4.2,2,22.0,0,1.0
2022,3,00-0029000,C.Beasley,TB,WR,1,1.2,4.2,1.2,4.2,3,12.0,0,2.0
2022,3,00-0031382,J.Landry,NO,WR,1,2.2,4.2,2.2,4.2,2,22.0,0,4.0
2022,3,00-0035359,D.Sills,NYG,WR,1,2.0,4.0,2.0,4.0,2,20.0,0,1.0
2022,3,00-0035864,K.Hinton,DEN,WR,1,2.7,3.7,2.7,3.7,1,27.0,0,0.0
2022,3,00-0036407,J.Jeudy,DEN,WR,1,1.7,3.7,1.7,3.7,2,17.0,0,4.0
2022,3,00-0036877,J.Darden,TB,WR,1,2.5,3.5,2.5,3.5,1,25.0,0,10.0
2022,3,00-0031787,J.Kumerow,BUF,WR,1,1.4,3.4,1.4,3.4,2,14.0,0,8.0
2022,3,00-0035876,A.Baccellia,ARI,WR,1,1.3,3.3,1.3,3.3,2,13.0,0,4.0
2022,3,00-0037742,T.Burks,TEN,WR,1,2.1,3.1,2.1,3.1,1,13.0,0,4.0
2022,3,00-0037741,J.Dotson,WAS,WR,1,1.0,3.0,1.0,3.0,2,10.0,0,8.0
2022,3,00-0035639,P.Campbell,IND,WR,1,1.0,3.0,1.0,3.0,2,10.0,0,4.0
2022,3,00-0033572,J.Agnew,JAX,WR,1,1.7,2.7,1.7,2.7,1,17.0,0,11.0
2022,3,00-0032208,P.Dorsett,HOU,WR,1,1.5,2.5,1.5,2.5,1,15.0,0,0.0
2022,3,00-0035022,P.Hart,SEA,WR,1,1.5,2.5,1.5,2.5,1,15.0,0,8.0
2022,3,00-0034827,D.Moore,CAR,WR,1,1.5,2.5,1.5,2.5,1,2.0,0,0.0
2022,3,00-0032688,R.Chosen,CAR,WR,1,1.4,2.4,1.4,2.4,1,14.0,0,0.0
2022,3,00-0033681,K.Cole,LV,WR,1,1.2,2.2,1.2,2.2,1,12.0,0,0.0
2022,3,00-0036671,D.Milne,WAS,WR,1,1.2,2.2,1.2,2.2,1,12.0,0,5.0
2022,3,00-0036646,S.Fehoko,DAL,WR,1,1.2,2.2,1.2,2.2,1,12.0,0,4.0
2022,3,00-0034407,R.McCloud,SF,WR,1,1.1,2.1,1.1,2.1,1,11.0,0,3.0
2022,3,00-0034297,B.Pringle,CHI,WR,1,1.1,2.1,1.1,2.1,1,11.0,0,4.0
2022,3,00-0035527,A.Isabella,ARI,WR,1,1.1,2.1,1.1,2.1,1,11.0,0,1.0
2022,3,00-0036233,D.Peoples-Jones,CLE,WR,1,1.0,2.0,1.0,2.0,1,10.0,0,6.0
2022,3,00-0031941,J.Crowder,BUF,WR,1,0.9,1.9,0.9,1.9,1,9.0,0,4.0
2022,3,00-0035021,A.Dulin,IND,WR,1,0.7,1.7,0.7,1.7,1,7.0,0,4.0
2022,3,00-0037257,D.Bell,CLE,WR,1,0.6,1.6,0.6,1.6,1,6.0,0,3.0
2022,3,00-0034487,T.Sherfield,MIA,WR,1,0.5,1.5,0.5,1.5,1,5.0,0,3.0
2022,3,00-0036259,J.Jennings,SF,WR,1,0.5,1.5,0.5,1.5,1,5.0,0,0.0
2022,3,00-0035298,S.Miller,TB,WR,1,0.4,1.4,0.4,1.4,1,4.0,0,2.0
2022,3,00-0032464,K.Raymond,DET,WR,1,0.4,1.4,0.4,1.4,1,4.0,0,3.0
2022,3,00-0037666,J.Tolbert,DAL,WR,1,0.4,1.4,0.4,1.4,1,4.0,0,1.0
2022,3,00-0036387,J.Reagor,MIN,WR,1,0.2,1.2,0.2,1.2,1,2.0,0,3.0
2022,3,00-0035140,M.Hardman,KC,WR,1,0.2,1.2,0.2,1.2,1,2.0,0,5.0
2022,3,00-0036271,Q.Watkins,PHI,WR,1,0.0,0.0,0.0,0.0,0,0.0,0,0.0
2022,3,00-0033932,K.Golladay,NYG,WR,1,0.0,0.0,0.0,0.0,0,0.0,0,0.0
2022,3,00-0035406,L.Humphrey,NE,WR,1,0.0,0.0,0.0,0.0,0,0.0,0,0.0
2022,3,00-0035593,J.Winfree,GB,WR,1,0.0,0.0,0.0,0.0,0,0.0,0,0.0
2022,3,00-0032775,D.Robinson,BAL,WR,1,0.0,0.0,0.0,0.0,0,0.0,0,0.0
2022,3,00-0036849,T.Atwell,LA,WR,1,0.0,0.0,0.0,0.0,0,0.0,0,0.0
2022,3,00-0027942,A.Green,ARI,WR,1,0.0,0.0,0.0,0.0,0,0.0,0,0.0
2022,3,00-0034386,J.Watson,KC,WR,1,0.0,0.0,0.0,0.0,0,0.0,0,0.0
2022,3,00-0034419,B.Berrios,NYJ,WR,1,-0.2,-0.2,-0.2,-0.2,0,0.0,0,0.0
2022,2,00-0031588,S.Diggs,BUF,WR,1,32.8,44.8,32.8,44.8,12,148.0,3,30.0
2022,2,00-0033040,T.Hill,MIA,WR,1,31.0,42.0,31.0,42.0,11,190.0,2,64.0
2022,2,00-0036613,J.Waddle,MIA,WR,1,29.1,40.1,29.1,40.1,11,171.0,2,86.0
2022,2,00-0036963,A.St. Brown,DET,WR,1,30.4,39.4,30.4,39.4,9,116.0,2,56.0
2022,2,00-0033908,C.Kupp,LA,WR,1,22.8,33.8,22.8,33.8,11,108.0,2,37.0
2022,2,00-0037740,G.Wilson,NYJ,WR,1,22.0,30.0,22.0,30.0,8,102.0,2,24.0
2022,2,00-0034775,C.Kirk,JAX,WR,1,19.8,25.8,19.8,25.8,6,78.0,2,34.0
2022,2,00-0033536,M.Williams,LAC,WR,1,17.3,25.3,17.3,25.3,8,113.0,1,7.0
2022,2,00-0031544,A.Cooper,CLE,WR,1,16.1,25.1,16.1,25.1,9,101.0,1,14.0
2022,2,00-0031549,N.Agholor,NE,WR,1,17.0,23.0,17.0,23.0,6,110.0,1,41.0
2022,2,00-0033282,C.Samuel,WAS,WR,1,15.9,22.9,15.9,22.9,7,78.0,1,38.0
2022,2,00-0037238,D.London,ATL,WR,1,14.6,22.6,14.6,22.6,8,86.0,1,38.0
2022,2,00-0036550,R.Bateman,BAL,WR,1,16.8,20.8,16.8,20.8,4,108.0,1,84.0
2022,2,00-0033591,N.Brown,DAL,WR,1,15.1,20.1,15.1,20.1,5,91.0,1,15.0
2022,2,00-0034348,C.Sutton,DEN,WR,1,12.7,19.7,12.7,19.7,7,122.0,0,18.0
2022,2,00-0032211,T.Lockett,SEA,WR,1,10.7,19.7,10.7,19.7,9,107.0,0,22.0
2022,2,00-0036410,T.Higgins,CIN,WR,1,13.1,19.1,13.1,19.1,6,71.0,1,18.0
2022,2,00-0034960,J.Meyers,NE,WR,1,9.5,18.5,9.5,18.5,9,95.0,0,24.0
2022,2,00-0032765,M.Thomas,NO,WR,1,12.5,18.5,12.5,18.5,6,65.0,1,7.0
2022,2,00-0033871,C.Davis,NYJ,WR,1,14.3,16.3,14.3,16.3,2,83.0,1,25.0
2022,2,00-0037741,J.Dotson,WAS,WR,1,11.9,15.9,11.9,15.9,4,59.0,1,9.0
2022,2,00-0035500,G.Dortch,ARI,WR,1,11.5,15.5,11.5,15.5,4,55.0,1,34.0
2022,2,00-0031428,A.Robinson,LA,WR,1,11.3,15.3,11.3,15.3,4,53.0,1,15.0
2022,2,00-0036358,C.Lamb,DAL,WR,1,8.1,15.1,8.1,15.1,7,75.0,0,25.0
2022,2,00-0036912,D.Smith,PHI,WR,1,8.0,15.0,8.0,15.0,7,80.0,0,24.0
2022,2,00-0036271,Q.Watkins,PHI,WR,1,12.9,14.9,12.9,14.9,2,69.0,1,3.0
2022,2,00-0035719,D.Samuel,SF,WR,1,9.7,14.7,9.7,14.7,5,44.0,0,44.0
2022,2,00-0032054,B.Perriman,TB,WR,1,10.5,13.5,10.5,13.5,3,45.0,1,13.0
2022,2,00-0034827,D.Moore,CAR,WR,1,10.3,13.3,10.3,13.3,3,43.0,1,4.0
2022,2,00-0035021,A.Dulin,IND,WR,1,8.2,13.2,8.2,13.2,5,79.0,0,11.0
2022,2,00-0036988,J.Palmer,LAC,WR,1,9.0,13.0,9.0,13.0,4,30.0,1,13.0
2022,2,00-0034386,J.Watson,KC,WR,1,11.0,13.0,11.0,13.0,2,50.0,1,6.0
2022,2,00-0037239,C.Olave,NO,WR,1,8.0,13.0,8.0,13.0,5,80.0,0,10.0
2022,2,00-0034983,H.Renfrow,LV,WR,1,5.9,12.9,5.9,12.9,7,59.0,0,49.0
2022,2,00-0033943,J.Reynolds,DET,WR,1,9.8,12.8,9.8,12.8,3,38.0,1,10.0
2022,2,00-0035662,M.Brown,ARI,WR,1,6.8,12.8,6.8,12.8,6,68.0,0,25.0
2022,2,00-0031325,S.Watkins,GB,WR,1,9.3,12.3,9.3,12.3,3,93.0,0,30.0
2022,2,00-0035659,T.McLaurin,WAS,WR,1,8.2,12.2,8.2,12.2,4,75.0,0,25.0
2022,2,00-0035676,A.Brown,PHI,WR,1,6.9,11.9,6.9,11.9,5,69.0,0,34.0
2022,2,00-0035216,D.Johnson,PIT,WR,1,5.7,11.7,5.7,11.7,6,57.0,0,5.0
2022,2,00-0033555,M.Hollins,LV,WR,1,6.6,11.6,6.6,11.6,5,66.0,0,18.0
2022,2,00-0036261,B.Aiyuk,SF,WR,1,6.3,11.3,6.3,11.3,5,63.0,0,27.0
2022,2,00-0036322,J.Jefferson,MIN,WR,1,4.8,10.8,4.8,10.8,6,48.0,0,19.0
2022,2,00-0036900,J.Chase,CIN,WR,1,5.8,10.8,5.8,10.8,5,54.0,0,30.0
2022,2,00-0035208,O.Zaccheaus,ATL,WR,1,8.1,10.1,8.1,10.1,2,21.0,1,6.0
2022,2,00-0034286,R.James,NYG,WR,1,5.1,10.1,5.1,10.1,5,51.0,0,11.0
2022,2,00-0036554,N.Collins,HOU,WR,1,5.8,9.8,5.8,9.8,4,58.0,0,16.0
2022,2,00-0032385,S.Shepard,NYG,WR,1,3.4,9.4,3.4,9.4,6,34.0,0,12.0
2022,2,00-0031236,B.Cooks,HOU,WR,1,5.4,9.4,5.4,9.4,4,54.0,0,29.0
2022,2,00-0034521,A.Lazard,GB,WR,1,7.3,9.3,7.3,9.3,2,13.0,1,0.0
2022,2,00-0031381,D.Adams,LV,WR,1,7.2,9.2,7.2,9.2,2,12.0,1,8.0
2022,2,00-0030035,A.Thielen,MIN,WR,1,5.2,9.2,5.2,9.2,4,52.0,0,1.0
2022,2,00-0031408,M.Evans,TB,WR,1,6.1,9.1,6.1,9.1,3,61.0,0,29.0
2022,2,00-0037742,T.Burks,TEN,WR,1,4.7,8.7,4.7,8.7,4,47.0,0,15.0
2022,2,00-0031763,D.Carter,LAC,WR,1,5.5,8.5,5.5,8.5,3,55.0,0,23.0
2022,2,00-0032775,D.Robinson,BAL,WR,1,7.2,8.2,7.2,8.2,1,12.0,1,0.0
2022,2,00-0030431,R.Woods,TEN,WR,1,3.9,7.9,3.9,7.9,4,39.0,0,13.0
2022,2,00-0034411,R.Gage,TB,WR,1,2.8,7.8,2.8,7.8,5,28.0,0,19.0
2022,2,00-0034854,K.Hodge,ATL,WR,1,5.7,7.7,5.7,7.7,2,57.0,0,26.0
2022,2,00-0035140,M.Hardman,KC,WR,1,4.5,7.5,4.5,7.5,3,49.0,0,8.0
2022,2,00-0035640,D.Metcalf,SEA,WR,1,3.5,7.5,3.5,7.5,4,35.0,0,1.0
2022,2,00-0035298,S.Miller,TB,WR,1,4.2,7.2,4.2,7.2,3,34.0,0,3.0
2022,2,00-0034054,R.Cracraft,MIA,WR,1,6.2,7.2,6.2,7.2,1,2.0,1,0.0
2022,2,00-0031787,J.Kumerow,BUF,WR,1,5.0,7.0,5.0,7.0,2,50.0,0,9.0
2022,2,00-0028002,R.Cobb,GB,WR,1,3.7,6.7,3.7,6.7,3,37.0,0,8.0
2022,2,00-0035359,D.Sills,NYG,WR,1,3.7,6.7,3.7,6.7,3,37.0,0,15.0
2022,2,00-0036326,C.Claypool,PIT,WR,1,2.6,6.6,2.6,6.6,4,26.0,0,7.0
2022,2,00-0036980,E.Moore,NYJ,WR,1,3.5,6.5,3.5,6.5,3,41.0,0,0.0
2022,2,00-0031382,J.Landry,NO,WR,1,2.5,6.5,2.5,6.5,4,25.0,0,15.0
2022,2,00-0029293,M.Jones,JAX,WR,1,3.3,6.3,3.3,6.3,3,33.0,0,4.0
2022,2,00-0032688,R.Chosen,CAR,WR,1,3.2,6.2,3.2,6.2,3,32.0,0,11.0
2022,2,00-0036331,D.Duvernay,BAL,WR,1,4.2,6.2,4.2,6.2,2,42.0,0,7.0
2022,2,00-0034279,E.St. Brown,CHI,WR,1,3.9,5.9,3.9,5.9,2,39.0,0,14.0
2022,2,00-0033466,I.McKenzie,BUF,WR,1,3.7,5.7,3.7,5.7,2,37.0,0,5.0
2022,2,00-0033891,Z.Jones,JAX,WR,1,2.3,5.3,2.3,5.3,3,23.0,0,9.0
2022,2,00-0036439,T.Cleveland,DEN,WR,1,2.8,4.8,2.8,4.8,2,28.0,0,17.0
2022,2,00-0037816,R.Doubs,GB,WR,1,2.7,4.7,2.7,4.7,2,27.0,0,30.0
2022,2,00-0027942,A.Green,ARI,WR,1,1.6,4.6,1.6,4.6,3,16.0,0,9.0
2022,2,00-0036345,K.Osborn,MIN,WR,1,2.5,4.5,2.5,4.5,2,25.0,0,17.0
2022,2,00-0036228,D.Patmon,IND,WR,1,2.4,4.4,2.4,4.4,2,24.0,0,7.0
2022,2,00-0033857,J.Smith-Schuster,KC,WR,1,1.0,4.0,1.0,4.0,3,10.0,0,6.0
2022,2,00-0038124,C.Watson,GB,WR,1,0.9,3.9,0.9,3.9,3,9.0,0,18.0
2022,2,00-0033009,T.Boyd,CIN,WR,1,1.7,3.7,1.7,3.7,2,17.0,0,3.0
2022,2,00-0036862,B.Skowronek,LA,WR,1,1.6,3.6,1.6,3.6,2,16.0,0,12.0
2022,2,00-0033307,K.Bourne,NE,WR,1,1.6,3.6,1.6,3.6,2,16.0,0,0.0
2022,2,00-0033251,Z.Pascal,PHI,WR,1,1.4,3.4,1.4,3.4,2,14.0,0,9.0
2022,2,00-0032398,C.Moore,HOU,WR,1,1.4,3.4,1.4,3.4,2,14.0,0,5.0
2022,2,00-0036387,J.Reagor,MIN,WR,1,2.4,3.4,2.4,3.4,1,7.0,0,8.0
2022,2,00-0037247,G.Pickens,PIT,WR,1,2.3,3.3,2.3,3.3,1,23.0,0,3.0
2022,2,00-0036482,M.Strachan,IND,WR,1,2.3,3.3,2.3,3.3,1,23.0,0,3.0
2022,2,00-0034272,M.Valdes-Scantling,KC,WR,1,1.3,3.3,1.3,3.3,2,13.0,0,1.0
2022,2,00-0035876,A.Baccellia,ARI,WR,1,1.2,3.2,1.2,3.2,2,12.0,0,5.0
2022,2,00-0035864,K.Hinton,DEN,WR,1,2.0,3.0,2.0,3.0,1,20.0,0,11.0
2022,2,00-0034487,T.Sherfield,MIA,WR,1,0.9,2.9,0.9,2.9,2,9.0,0,9.0
2022,2,00-0035510,J.Smith,NYJ,WR,1,1.7,2.7,1.7,2.7,1,17.0,0,9.0
2022,2,00-0034407,R.McCloud,SF,WR,1,1.6,2.6,1.6,2.6,1,16.0,0,2.0
2022,2,00-0031941,J.Crowder,BUF,WR,1,1.6,2.6,1.6,2.6,1,16.0,0,8.0
2022,2,00-0036182,N.Westbrook-Ikhine,TEN,WR,1,1.3,2.3,1.3,2.3,1,13.0,0,0.0
2022,2,00-0036407,J.Jeudy,DEN,WR,1,1.2,2.2,1.2,2.2,1,11.0,0,8.0
2022,2,00-0034419,B.Berrios,NYJ,WR,1,2.2,2.2,2.2,2.2,0,0.0,0,0.0
2022,2,00-0035406,L.Humphrey,NE,WR,1,1.1,2.1,1.1,2.1,1,11.0,0,4.0
2022,2,00-0036913,K.Toney,NYG,WR,1,0.0,2.0,0.0,2.0,2,0.0,0,6.0
2022,2,00-0035215,D.Harty,NO,WR,1,0.9,1.9,0.9,1.9,1,9.0,0,0.0
2022,2,00-0036630,T.Wallace,BAL,WR,1,0.9,1.9,0.9,1.9,1,9.0,0,1.0
2022,2,00-0037272,M.Washington,DEN,WR,1,1.9,1.9,1.9,1.9,0,0.0,0,0.0
2022,2,00-0035645,G.Olszewski,PIT,WR,1,1.8,1.8,1.8,1.8,0,0.0,0,0.0
2022,2,00-0036671,D.Milne,WAS,WR,1,0.6,1.6,0.6,1.6,1,6.0,0,3.0
2022,2,00-0037257,D.Bell,CLE,WR,1,0.6,1.6,0.6,1.6,1,6.0,0,0.0
2022,2,00-0036620,D.Eskridge,SEA,WR,1,0.6,1.6,0.6,1.6,1,6.0,0,8.0
2022,2,00-0037273,K.Philips,TEN,WR,1,0.5,1.5,0.5,1.5,1,5.0,0,8.0
2022,2,00-0036259,J.Jennings,SF,WR,1,0.4,1.4,0.4,1.4,1,4.0,0,6.0
2022,2,00-0036365,B.Edwards,ATL,WR,1,0.2,1.2,0.2,1.2,1,2.0,0,0.0
2022,2,00-0036572,S.Smith,CAR,WR,1,0.2,1.2,0.2,1.2,1,2.0,0,4.0
2022,2,00-0036309,D.Mooney,CHI,WR,1,-0.4,0.6,-0.4,0.6,1,-4.0,0,0.0
2022,2,00-0037801,K.Turpin,DAL,WR,1,0.3,0.3,0.3,0.3,0,0.0,0,0.0
2022,2,00-0033572,J.Agnew,JAX,WR,1,0.1,0.1,0.1,0.1,0,0.0,0,0.0
2022,2,00-0034777,D.Chark,DET,WR,1,0.0,0.0,0.0,0.0,0,0.0,0,0.0
2022,2,00-0037261,K.Shakir,BUF,WR,1,0.0,0.0,0.0,0.0,0,0.0,0,0.0
2022,2,00-0031547,D.Parker,NE,WR,1,0.0,0.0,0.0,0.0,0,0.0,0,0.0
2022,2,00-0037828,D.Gray,SF,WR,1,0.0,0.0,0.0,0.0,0,0.0,0,0.0
2022,2,00-0037570,D.Houston,DAL,WR,1,0.0,0.0,0.0,0.0,0,0.0,0,0.0
2022,2,00-0034418,C.Wilson,MIA,WR,1,0.0,0.0,0.0,0.0,0,0.0,0,0.0
2022,2,00-0036233,D.Peoples-Jones,CLE,WR,1,0.0,0.0,0.0,0.0,0,0.0,0,0.0
2022,2,00-0034104,C.Sims,WAS,WR,1,0.0,0.0,0.0,0.0,0,0.0,0,0.0
2022,2,00-0030068,M.Goodwin,SEA,WR,1,0.0,0.0,0.0,0.0,0,0.0,0,0.0
2022,2,00-0029664,J.Gordon,TEN,WR,1,0.0,0.0,0.0,0.0,0,0.0,0,0.0
2022,2,00-0035639,P.Campbell,IND,WR,1,0.0,0.0,0.0,0.0,0,0.0,0,0.0
2022,2,00-0034646,B.Powell,LA,WR,1,-2.0,-1.0,-2.0,-1.0,1,6.0,0,0.0
2022,1,00-0036322,J.Jefferson,MIN,WR,1,30.4,39.4,30.4,39.4,9,184.0,2,81.0
2022,1,00-0033908,C.Kupp,LA,WR,1,18.8,31.8,18.8,31.8,13,128.0,1,57.0
2022,1,00-0031381,D.Adams,LV,WR,1,20.1,30.1,20.1,30.1,10,141.0,1,62.0
2022,1,00-0036900,J.Chase,CIN,WR,1,18.9,28.9,18.9,28.9,10,129.0,1,49.0
2022,1,00-0036252,M.Pittman,IND,WR,1,18.1,27.1,18.1,27.1,9,121.0,1,44.0
2022,1,00-0031588,S.Diggs,BUF,WR,1,18.2,26.2,18.2,26.2,8,122.0,1,27.0
2022,1,00-0035676,A.Brown,PHI,WR,1,15.5,25.5,15.5,25.5,10,155.0,0,63.0
2022,1,00-0032765,M.Thomas,NO,WR,1,17.7,22.7,17.7,22.7,5,57.0,2,5.0
2022,1,00-0036331,D.Duvernay,BAL,WR,1,17.4,21.4,17.4,21.4,4,54.0,2,7.0
2022,1,00-0032688,R.Chosen,CAR,WR,1,16.2,21.2,16.2,21.2,5,102.0,1,47.0
2022,1,00-0033282,C.Samuel,WAS,WR,1,13.2,21.2,13.2,21.2,8,55.0,1,48.0
2022,1,00-0036963,A.St. Brown,DET,WR,1,12.4,20.4,12.4,20.4,8,64.0,1,31.0
2022,1,00-0036407,J.Jeudy,DEN,WR,1,16.2,20.2,16.2,20.2,4,102.0,1,71.0
2022,1,00-0036196,G.Davis,BUF,WR,1,14.8,18.8,14.8,18.8,4,88.0,1,18.0
2022,1,00-0031382,J.Landry,NO,WR,1,11.4,18.4,11.4,18.4,7,114.0,0,15.0
2022,1,00-0031408,M.Evans,TB,WR,1,13.1,18.1,13.1,18.1,5,71.0,1,10.0
2022,1,00-0033040,T.Hill,MIA,WR,1,10.0,18.0,10.0,18.0,8,94.0,0,40.0
2022,1,00-0037741,J.Dotson,WAS,WR,1,15.0,18.0,15.0,18.0,3,40.0,2,1.0
2022,1,00-0034775,C.Kirk,JAX,WR,1,11.7,17.7,11.7,17.7,6,117.0,0,50.0
2022,1,00-0036613,J.Waddle,MIA,WR,1,13.7,17.7,13.7,17.7,4,69.0,1,30.0
2022,1,00-0031763,D.Carter,LAC,WR,1,12.4,15.4,12.4,15.4,3,64.0,1,5.0
2022,1,00-0034777,D.Chark,DET,WR,1,11.2,15.2,11.2,15.2,4,52.0,1,16.0
2022,1,00-0031236,B.Cooks,HOU,WR,1,8.2,15.2,8.2,15.2,7,82.0,0,11.0
2022,1,00-0032385,S.Shepard,NYG,WR,1,13.1,15.1,13.1,15.1,2,71.0,1,28.0
2022,1,00-0035719,D.Samuel,SF,WR,1,12.6,14.6,12.6,14.6,2,14.0,0,16.0
2022,1,00-0035662,M.Brown,ARI,WR,1,10.3,14.3,10.3,14.3,4,43.0,1,3.0
2022,1,00-0033857,J.Smith-Schuster,KC,WR,1,7.9,13.9,7.9,13.9,6,79.0,0,25.0
2022,1,00-0036550,R.Bateman,BAL,WR,1,11.9,13.9,11.9,13.9,2,59.0,1,12.0
2022,1,00-0035659,T.McLaurin,WAS,WR,1,11.8,13.8,11.8,13.8,2,58.0,1,20.0
2022,1,00-0033871,C.Davis,NYJ,WR,1,7.7,13.7,7.7,13.7,6,77.0,0,4.0
2022,1,00-0033009,T.Boyd,CIN,WR,1,9.3,13.3,9.3,13.3,4,33.0,1,1.0
2022,1,00-0035500,G.Dortch,ARI,WR,1,6.3,13.3,6.3,13.3,7,63.0,0,31.0
2022,1,00-0037273,K.Philips,TEN,WR,1,6.6,12.6,6.6,12.6,6,66.0,0,10.0
2022,1,00-0035216,D.Johnson,PIT,WR,1,5.5,12.5,5.5,12.5,7,55.0,0,-2.0
2022,1,00-0033891,Z.Jones,JAX,WR,1,6.5,12.5,6.5,12.5,6,65.0,0,21.0
2022,1,00-0037238,D.London,ATL,WR,1,7.4,12.4,7.4,12.4,5,74.0,0,18.0
2022,1,00-0034860,D.Pettis,CHI,WR,1,11.1,12.1,11.1,12.1,1,51.0,1,30.0
2022,1,00-0036233,D.Peoples-Jones,CLE,WR,1,6.0,12.0,6.0,12.0,6,60.0,0,1.0
2022,1,00-0033591,N.Brown,DAL,WR,1,6.8,11.8,6.8,11.8,5,68.0,0,25.0
2022,1,00-0027944,J.Jones,TB,WR,1,8.6,11.6,8.6,11.6,3,69.0,0,15.0
2022,1,00-0034348,C.Sutton,DEN,WR,1,7.2,11.2,7.2,11.2,4,72.0,0,13.0
2022,1,00-0034286,R.James,NYG,WR,1,6.1,11.1,6.1,11.1,5,59.0,0,13.0
2022,1,00-0035140,M.Hardman,KC,WR,1,7.6,10.6,7.6,10.6,3,16.0,1,11.0
2022,1,00-0030279,K.Allen,LAC,WR,1,6.6,10.6,6.6,10.6,4,66.0,0,14.0
2022,1,00-0035640,D.Metcalf,SEA,WR,1,3.6,10.6,3.6,10.6,7,36.0,0,5.0
2022,1,00-0032200,T.Montgomery,NE,WR,1,7.3,10.3,7.3,10.3,3,15.0,1,7.0
2022,1,00-0034960,J.Meyers,NE,WR,1,6.2,10.2,6.2,10.2,4,55.0,0,1.0
2022,1,00-0036259,J.Jennings,SF,WR,1,6.2,10.2,6.2,10.2,4,62.0,0,18.0
2022,1,00-0033466,I.McKenzie,BUF,WR,1,7.9,9.9,7.9,9.9,2,19.0,1,1.0
2022,1,00-0036980,E.Moore,NYJ,WR,1,4.9,9.9,4.9,9.9,5,49.0,0,16.0
2022,1,00-0036326,C.Claypool,PIT,WR,1,5.4,9.4,5.4,9.4,4,18.0,0,4.0
2022,1,00-0037740,G.Wilson,NYJ,WR,1,5.2,9.2,5.2,9.2,4,52.0,0,19.0
2022,1,00-0035208,O.Zaccheaus,ATL,WR,1,4.9,8.9,4.9,8.9,4,49.0,0,10.0
2022,1,00-0034279,E.St. Brown,CHI,WR,1,7.8,8.8,7.8,8.8,1,18.0,1,0.0
2022,1,00-0037816,R.Doubs,GB,WR,1,4.8,8.8,4.8,8.8,4,37.0,0,6.0
2022,1,00-0034419,B.Berrios,NYJ,WR,1,3.7,8.7,3.7,8.7,5,37.0,0,25.0
2022,1,00-0037742,T.Burks,TEN,WR,1,5.5,8.5,5.5,8.5,3,55.0,0,30.0
2022,1,00-0034272,M.Valdes-Scantling,KC,WR,1,4.1,8.1,4.1,8.1,4,44.0,0,22.0
2022,1,00-0034827,D.Moore,CAR,WR,1,5.0,8.0,5.0,8.0,3,43.0,0,17.0
2022,1,00-0029293,M.Jones,JAX,WR,1,3.8,7.8,3.8,7.8,4,38.0,0,3.0
2022,1,00-0035021,A.Dulin,IND,WR,1,4.6,7.6,4.6,7.6,3,46.0,0,10.0
2022,1,00-0037239,C.Olave,NO,WR,1,4.1,7.1,4.1,7.1,3,41.0,0,3.0
2022,1,00-0034854,K.Hodge,ATL,WR,1,3.8,6.8,3.8,6.8,3,38.0,0,13.0
2022,1,00-0036261,B.Aiyuk,SF,WR,1,4.7,6.7,4.7,6.7,2,40.0,0,14.0
2022,1,00-0035639,P.Campbell,IND,WR,1,3.7,6.7,3.7,6.7,3,37.0,0,27.0
2022,1,00-0030035,A.Thielen,MIN,WR,1,3.6,6.6,3.6,6.6,3,36.0,0,12.0
2022,1,00-0033921,C.Godwin,TB,WR,1,3.5,6.5,3.5,6.5,3,35.0,0,35.0
2022,1,00-0036862,B.Skowronek,LA,WR,1,2.5,6.5,2.5,6.5,4,25.0,0,9.0
2022,1,00-0032398,C.Moore,HOU,WR,1,3.1,6.1,3.1,6.1,3,31.0,0,16.0
2022,1,00-0038124,C.Watson,GB,WR,1,4.1,6.1,4.1,6.1,2,34.0,0,20.0
2022,1,00-0031941,J.Crowder,BUF,WR,1,2.8,5.8,2.8,5.8,3,28.0,0,16.0
2022,1,00-0032211,T.Lockett,SEA,WR,1,2.8,5.8,2.8,5.8,3,28.0,0,5.0
2022,1,00-0031549,N.Agholor,NE,WR,1,2.8,5.8,2.8,5.8,3,28.0,0,23.0
2022,1,00-0036482,M.Strachan,IND,WR,1,3.6,5.6,3.6,5.6,2,36.0,0,10.0
2022,1,00-0033307,K.Bourne,NE,WR,1,4.1,5.1,4.1,5.1,1,41.0,0,5.0
2022,1,00-0034983,H.Renfrow,LV,WR,1,2.1,5.1,2.1,5.1,3,21.0,0,7.0
2022,1,00-0036358,C.Lamb,DAL,WR,1,2.9,4.9,2.9,4.9,2,29.0,0,9.0
2022,1,00-0036999,A.Schwartz,CLE,WR,1,3.9,4.9,3.9,4.9,1,19.0,0,5.0
2022,1,00-0031325,S.Watkins,GB,WR,1,1.8,4.8,1.8,4.8,3,18.0,0,16.0
2022,1,00-0034418,C.Wilson,MIA,WR,1,2.8,4.8,2.8,4.8,2,20.0,0,3.0
2022,1,00-0036410,T.Higgins,CIN,WR,1,2.7,4.7,2.7,4.7,2,27.0,0,9.0
2022,1,00-0031544,A.Cooper,CLE,WR,1,1.7,4.7,1.7,4.7,3,17.0,0,6.0
2022,1,00-0036554,N.Collins,HOU,WR,1,2.6,4.6,2.6,4.6,2,26.0,0,7.0
2022,1,00-0036345,K.Osborn,MIN,WR,1,1.4,4.4,1.4,4.4,3,14.0,0,1.0
2022,1,00-0033932,K.Golladay,NYG,WR,1,2.2,4.2,2.2,4.2,2,22.0,0,9.0
2022,1,00-0030068,M.Goodwin,SEA,WR,1,2.2,4.2,2.2,4.2,2,22.0,0,0.0
2022,1,00-0038090,S.Moore,KC,WR,1,3.0,4.0,3.0,4.0,1,30.0,0,15.0
2022,1,00-0032775,D.Robinson,BAL,WR,1,1.9,3.9,1.9,3.9,2,19.0,0,9.0
2022,1,00-0036988,J.Palmer,LAC,WR,1,0.9,3.9,0.9,3.9,3,5.0,0,5.0
2022,1,00-0033943,J.Reynolds,DET,WR,1,2.8,3.8,2.8,3.8,1,28.0,0,8.0
2022,1,00-0037570,D.Houston,DAL,WR,1,1.6,3.6,1.6,3.6,2,16.0,0,6.0
2022,1,00-0028002,R.Cobb,GB,WR,1,1.4,3.4,1.4,3.4,2,14.0,0,4.0
2022,1,00-0027942,A.Green,ARI,WR,1,1.3,3.3,1.3,3.3,2,13.0,0,0.0
2022,1,00-0034411,R.Gage,TB,WR,1,1.3,3.3,1.3,3.3,2,13.0,0,7.0
2022,1,00-0036646,S.Fehoko,DAL,WR,1,1.2,3.2,1.2,3.2,2,12.0,0,6.0
2022,1,00-0034297,B.Pringle,CHI,WR,1,2.2,3.2,2.2,3.2,1,22.0,0,0.0
2022,1,00-0033386,C.Hollister,TEN,WR,1,2.2,3.2,2.2,3.2,1,22.0,0,0.0
2022,1,00-0033536,M.Williams,LAC,WR,1,1.0,3.0,1.0,3.0,2,10.0,0,9.0
2022,1,00-0034407,R.McCloud,SF,WR,1,2.0,3.0,2.0,3.0,1,20.0,0,0.0
2022,1,00-0035593,J.Winfree,GB,WR,1,1.7,2.7,1.7,2.7,1,17.0,0,5.0
2022,1,00-0033555,M.Hollins,LV,WR,1,1.6,2.6,1.6,2.6,1,16.0,0,1.0
2022,1,00-0030431,R.Woods,TEN,WR,1,1.3,2.3,1.3,2.3,1,13.0,0,0.0
2022,1,00-0034646,B.Powell,LA,WR,1,1.3,2.3,1.3,2.3,1,10.0,0,7.0
2022,1,00-0036913,K.Toney,NYG,WR,1,2.3,2.3,2.3,2.3,0,0.0,0,0.0
2022,1,00-0036182,N.Westbrook-Ikhine,TEN,WR,1,1.3,2.3,1.3,2.3,1,13.0,0,1.0
2022,1,00-0036572,S.Smith,CAR,WR,1,1.2,2.2,1.2,2.2,1,12.0,0,12.0
2022,1,00-0033572,J.Agnew,JAX,WR,1,1.2,2.2,1.2,2.2,1,6.0,0,8.0
2022,1,00-0031428,A.Robinson,LA,WR,1,1.2,2.2,1.2,2.2,1,12.0,0,0.0
2022,1,00-0035527,A.Isabella,ARI,WR,1,1.0,2.0,1.0,2.0,1,10.0,0,4.0
2022,1,00-0031547,D.Parker,NE,WR,1,0.9,1.9,0.9,1.9,1,9.0,0,5.0
2022,1,00-0034487,T.Sherfield,MIA,WR,1,0.8,1.8,0.8,1.8,1,8.0,0,0.0
2022,1,00-0036309,D.Mooney,CHI,WR,1,0.8,1.8,0.8,1.8,1,8.0,0,8.0
2022,1,00-0033251,Z.Pascal,PHI,WR,1,0.7,1.7,0.7,1.7,1,7.0,0,4.0
2022,1,00-0038117,W.Robinson,NYG,WR,1,0.5,1.5,0.5,1.5,1,5.0,0,0.0
2022,1,00-0033114,M.Thomas,CIN,WR,1,0.5,1.5,0.5,1.5,1,5.0,0,1.0
2022,1,00-0035215,D.Harty,NO,WR,1,0.4,1.4,0.4,1.4,1,4.0,0,8.0
2022,1,00-0037247,G.Pickens,PIT,WR,1,0.3,1.3,0.3,1.3,1,3.0,0,0.0
2022,1,00-0036620,D.Eskridge,SEA,WR,1,0.0,1.0,0.0,1.0,1,0.0,0,5.0
2022,1,00-0036877,J.Darden,TB,WR,1,0.2,0.2,0.2,0.2,0,0.0,0,0.0
2022,1,00-0035703,M.Boykin,PIT,WR,1,0.0,0.0,0.0,0.0,0,0.0,0,0.0
2022,1,00-0036365,B.Edwards,ATL,WR,1,0.0,0.0,0.0,0.0,0,0.0,0,0.0
2022,1,00-0036630,T.Wallace,BAL,WR,1,0.0,0.0,0.0,0.0,0,0.0,0,0.0
2022,1,00-0036671,D.Milne,WAS,WR,1,0.0,0.0,0.0,0.0,0,0.0,0,0.0
2022,1,00-0036912,D.Smith,PHI,WR,1,0.0,0.0,0.0,0.0,0,0.0,0,0.0
2022,1,00-0035414,J.Guyton,LAC,WR,1,0.0,0.0,0.0,0.0,0,0.0,0,0.0
2022,1,00-0036849,T.Atwell,LA,WR,1,0.0,0.0,0.0,0.0,0,0.0,0,0.0
2022,1,00-0034386,J.Watson,KC,WR,1,0.0,0.0,0.0,0.0,0,0.0,0,0.0
2022,1,00-0034104,C.Sims,WAS,WR,1,0.0,0.0,0.0,0.0,0,0.0,0,0.0
2022,1,00-0032464,K.Raymond,DET,WR,1,0.0,0.0,0.0,0.0,0,0.0,0,0.0
2022,1,00-0032208,P.Dorsett,HOU,WR,1,0.0,0.0,0.0,0.0,0,0.0,0,0.0
2022,1,00-0037664,A.Pierce,IND,WR,1,0.0,0.0,0.0,0.0,0,0.0,0,0.0
2022,1,00-0036412,K.Hamler,DEN,WR,1,0.0,0.0,0.0,0.0,0,0.0,0,0.0
2022,1,00-0032128,C.Conley,HOU,WR,1,0.0,0.0,0.0,0.0,0,0.0,0,0.0
2022,1,00-0032054,B.Perriman,TB,WR,1,-0.7,-0.7,-0.7,-0.7,0,0.0,0,0.0
2021,22,00-0033908,C.Kupp,LA,WR,1,21.9,29.9,21.9,29.9,8,92.0,2,38.0
2021,22,00-0036410,T.Higgins,CIN,WR,1,22.0,26.0,22.0,26.0,4,100.0,2,43.0
2021,22,00-0036900,J.Chase,CIN,WR,1,9.3,14.3,9.3,14.3,5,89.0,0,36.0
2021,22,00-0031235,O.Beckham,LA,WR,1,11.2,13.2,11.2,13.2,2,52.0,1,21.0
2021,22,00-0033009,T.Boyd,CIN,WR,1,4.8,9.8,4.8,9.8,5,48.0,0,24.0
2021,22,00-0036415,V.Jefferson,LA,WR,1,2.3,6.3,2.3,6.3,4,23.0,0,29.0
2021,22,00-0036862,B.Skowronek,LA,WR,1,1.2,3.2,1.2,3.2,2,12.0,0,7.0
2021,22,00-0033114,M.Thomas,CIN,WR,1,1.7,2.7,1.7,2.7,1,17.0,0,8.0
2021,21,00-0033908,C.Kupp,LA,WR,1,26.0,37.0,26.0,37.0,11,142.0,2,66.0
2021,21,00-0033040,T.Hill,KC,WR,1,13.8,20.8,13.8,20.8,7,78.0,1,29.0
2021,21,00-0031235,O.Beckham,LA,WR,1,11.3,20.3,11.3,20.3,9,113.0,0,17.0
2021,21,00-0035719,D.Samuel,SF,WR,1,15.8,19.8,15.8,19.8,4,72.0,1,76.0
2021,21,00-0036900,J.Chase,CIN,WR,1,11.7,17.7,11.7,17.7,6,54.0,1,24.0
2021,21,00-0036410,T.Higgins,CIN,WR,1,10.3,16.3,10.3,16.3,6,103.0,0,43.0
2021,21,00-0035140,M.Hardman,KC,WR,1,13.0,16.0,13.0,16.0,3,52.0,1,16.0
2021,21,00-0036261,B.Aiyuk,SF,WR,1,6.9,10.9,6.9,10.9,4,69.0,0,9.0
2021,21,00-0033009,T.Boyd,CIN,WR,1,1.9,5.9,1.9,5.9,4,19.0,0,12.0
2021,21,00-0034297,B.Pringle,KC,WR,1,1.6,3.6,1.6,3.6,2,16.0,0,6.0
2021,21,00-0036415,V.Jefferson,LA,WR,1,0.9,2.9,0.9,2.9,2,9.0,0,-1.0
2021,21,00-0036259,J.Jennings,SF,WR,1,0.8,2.8,0.8,2.8,2,8.0,0,6.0
2021,21,00-0036862,B.Skowronek,LA,WR,1,0.0,0.0,0.0,0.0,0,0.0,0,0.0
2021,21,00-0032775,D.Robinson,KC,WR,1,0.0,0.0,0.0,0.0,0,0.0,0,0.0
2021,21,00-0033292,T.Taylor,CIN,WR,1,0.0,0.0,0.0,0.0,0,0.0,0,0.0
2021,21,00-0029269,T.Benjamin,SF,WR,1,0.0,0.0,0.0,0.0,0,0.0,0,0.0
2021,20,00-0036196,G.Davis,BUF,WR,1,44.1,52.1,44.1,52.1,8,201.0,4,37.0
2021,20,00-0033908,C.Kupp,LA,WR,1,24.3,33.3,24.3,33.3,9,183.0,1,59.0
2021,20,00-0033040,T.Hill,KC,WR,1,20.8,31.8,20.8,31.8,11,150.0,1,94.0
2021,20,00-0031408,M.Evans,TB,WR,1,17.9,25.9,17.9,25.9,8,119.0,1,36.0
2021,20,00-0035676,A.Brown,TEN,WR,1,20.2,25.2,20.2,25.2,5,142.0,1,15.0
2021,20,00-0031381,D.Adams,GB,WR,1,9.0,18.0,9.0,18.0,9,90.0,0,21.0
2021,20,00-0036410,T.Higgins,CIN,WR,1,9.6,16.6,9.6,16.6,7,96.0,0,42.0
2021,20,00-0036900,J.Chase,CIN,WR,1,11.1,16.1,11.1,16.1,5,109.0,0,94.0
2021,20,00-0034297,B.Pringle,KC,WR,1,8.9,13.9,8.9,13.9,5,29.0,1,4.0
2021,20,00-0031235,O.Beckham,LA,WR,1,6.9,12.9,6.9,12.9,6,69.0,0,23.0
2021,20,00-0035140,M.Hardman,KC,WR,1,11.7,12.7,11.7,12.7,1,26.0,0,24.0
2021,20,00-0027944,J.Jones,TEN,WR,1,6.2,12.2,6.2,12.2,6,62.0,0,24.0
2021,20,00-0029000,C.Beasley,BUF,WR,1,6.0,12.0,6.0,12.0,6,60.0,0,30.0
2021,20,00-0035719,D.Samuel,SF,WR,1,8.3,11.3,8.3,11.3,3,44.0,0,45.0
2021,20,00-0035298,S.Miller,TB,WR,1,3.8,7.8,3.8,7.8,4,38.0,0,2.0
2021,20,00-0036415,V.Jefferson,LA,WR,1,4.4,6.4,4.4,6.4,2,29.0,0,16.0
2021,20,00-0036427,T.Johnson,TB,WR,1,1.5,4.5,1.5,4.5,3,15.0,0,11.0
2021,20,00-0033009,T.Boyd,CIN,WR,1,1.7,3.7,1.7,3.7,2,17.0,0,4.0
2021,20,00-0031588,S.Diggs,BUF,WR,1,0.7,3.7,0.7,3.7,3,7.0,0,5.0
2021,20,00-0033466,I.McKenzie,BUF,WR,1,1.8,2.8,1.8,2.8,1,3.0,0,7.0
2021,20,00-0027685,E.Sanders,BUF,WR,1,1.6,2.6,1.6,2.6,1,16.0,0,0.0
2021,20,00-0034521,A.Lazard,GB,WR,1,0.6,1.6,0.6,1.6,1,6.0,0,0.0
2021,20,00-0036259,J.Jennings,SF,WR,1,0.6,1.6,0.6,1.6,1,6.0,0,1.0
2021,20,00-0032355,C.Rogers,TEN,WR,1,0.3,1.3,0.3,1.3,1,3.0,0,4.0
2021,20,00-0034279,E.St. Brown,GB,WR,1,0.1,0.1,0.1,0.1,0,0.0,0,0.0
2021,20,00-0032775,D.Robinson,KC,WR,1,0.0,0.0,0.0,0.0,0,0.0,0,0.0
2021,20,00-0036182,N.Westbrook-Ikhine,TEN,WR,1,0.0,0.0,0.0,0.0,0,0.0,0,0.0
2021,20,00-0028002,R.Cobb,GB,WR,1,0.0,0.0,0.0,0.0,0,0.0,0,0.0
2021,20,00-0036261,B.Aiyuk,SF,WR,1,0.0,0.0,0.0,0.0,0,0.0,0,0.0
2021,19,00-0033307,K.Bourne,NE,WR,1,21.1,28.1,21.1,28.1,7,77.0,2,22.0
2021,19,00-0031408,M.Evans,TB,WR,1,17.7,26.7,17.7,26.7,9,117.0,1,43.0
2021,19,00-0036900,J.Chase,CIN,WR,1,13.9,22.9,13.9,22.9,9,116.0,0,17.0
2021,19,00-0034297,B.Pringle,KC,WR,1,15.7,20.7,15.7,20.7,5,37.0,2,20.0
2021,19,00-0035719,D.Samuel,SF,WR,1,17.0,20.0,17.0,20.0,3,38.0,0,33.0
2021,19,00-0031544,A.Cooper,DAL,WR,1,12.4,18.4,12.4,18.4,6,64.0,1,3.0
2021,19,00-0031235,O.Beckham,LA,WR,1,13.4,17.4,13.4,17.4,4,54.0,1,20.0
2021,19,00-0033891,Z.Jones,LV,WR,1,12.1,17.1,12.1,17.1,5,61.0,1,2.0
2021,19,00-0033908,C.Kupp,LA,WR,1,12.1,17.1,12.1,17.1,5,61.0,1,43.0
2021,19,00-0033040,T.Hill,KC,WR,1,11.7,16.7,11.7,16.7,5,57.0,1,12.0
2021,19,00-0035216,D.Johnson,PIT,WR,1,9.4,14.4,9.4,14.4,5,34.0,1,10.0
2021,19,00-0034983,H.Renfrow,LV,WR,1,5.8,13.8,5.8,13.8,8,58.0,0,35.0
2021,19,00-0033009,T.Boyd,CIN,WR,1,8.9,12.9,8.9,12.9,4,26.0,1,3.0
2021,19,00-0036196,G.Davis,BUF,WR,1,10.1,12.1,10.1,12.1,2,41.0,1,5.0
2021,19,00-0034676,J.Washington,PIT,WR,1,9.7,11.7,9.7,11.7,2,37.0,1,3.0
2021,19,00-0036261,B.Aiyuk,SF,WR,1,6.6,11.6,6.6,11.6,5,66.0,0,29.0
2021,19,00-0027685,E.Sanders,BUF,WR,1,9.6,11.6,9.6,11.6,2,36.0,1,0.0
2021,19,00-0032775,D.Robinson,KC,WR,1,7.6,11.6,7.6,11.6,4,76.0,0,28.0
2021,19,00-0034418,C.Wilson,DAL,WR,1,6.2,11.2,6.2,11.2,5,62.0,0,21.0
2021,19,00-0034775,C.Kirk,ARI,WR,1,5.1,11.1,5.1,11.1,6,51.0,0,10.0
2021,19,00-0033466,I.McKenzie,BUF,WR,1,7.4,10.4,7.4,10.4,3,45.0,0,30.0
2021,19,00-0036912,D.Smith,PHI,WR,1,6.0,10.0,6.0,10.0,4,60.0,0,50.0
2021,19,00-0034960,J.Meyers,NE,WR,1,4.0,10.0,4.0,10.0,6,40.0,0,4.0
2021,19,00-0031588,S.Diggs,BUF,WR,1,6.0,9.0,6.0,9.0,3,60.0,0,11.0
2021,19,00-0035140,M.Hardman,KC,WR,1,4.9,8.9,4.9,8.9,4,43.0,0,39.0
2021,19,00-0036936,R.Moore,ARI,WR,1,3.2,8.2,3.2,8.2,5,32.0,0,16.0
2021,19,00-0033857,J.Smith-Schuster,PIT,WR,1,2.6,7.6,2.6,7.6,5,26.0,0,15.0
2021,19,00-0036365,B.Edwards,LV,WR,1,4.1,7.1,4.1,7.1,3,41.0,0,16.0
2021,19,00-0036259,J.Jennings,SF,WR,1,2.9,5.9,2.9,5.9,3,29.0,0,8.0
2021,19,00-0036271,Q.Watkins,PHI,WR,1,3.5,5.5,3.5,5.5,2,35.0,0,4.0
2021,19,00-0036326,C.Claypool,PIT,WR,1,2.5,5.5,2.5,5.5,3,25.0,0,10.0
2021,19,00-0036415,V.Jefferson,LA,WR,1,4.1,5.1,4.1,5.1,1,41.0,0,8.0
2021,19,00-0036427,T.Johnson,TB,WR,1,3.0,5.0,3.0,5.0,2,30.0,0,18.0
2021,19,00-0034407,R.McCloud,PIT,WR,1,2.0,4.0,2.0,4.0,2,20.0,0,7.0
2021,19,00-0036358,C.Lamb,DAL,WR,1,2.6,3.6,2.6,3.6,1,21.0,0,11.0
2021,19,00-0026189,D.Jackson,LV,WR,1,2.6,3.6,2.6,3.6,1,26.0,0,4.0
2021,19,00-0029000,C.Beasley,BUF,WR,1,1.9,2.9,1.9,2.9,1,19.0,0,8.0
2021,19,00-0031549,N.Agholor,NE,WR,1,1.8,2.8,1.8,2.8,1,18.0,0,18.0
2021,19,00-0035298,S.Miller,TB,WR,1,1.7,2.7,1.7,2.7,1,8.0,0,2.0
2021,19,00-0029269,T.Benjamin,SF,WR,1,1.7,2.7,1.7,2.7,1,17.0,0,5.0
2021,19,00-0036410,T.Higgins,CIN,WR,1,1.0,2.0,1.0,2.0,1,10.0,0,6.0
2021,19,00-0034867,M.Turner,DAL,WR,1,0.6,1.6,0.6,1.6,1,6.0,0,3.0
2021,19,00-0032054,B.Perriman,TB,WR,1,0.5,1.5,0.5,1.5,1,5.0,0,0.0
2021,19,00-0036387,J.Reagor,PHI,WR,1,0.2,1.2,0.2,1.2,1,2.0,0,5.0
2021,19,00-0035126,A.Wesley,ARI,WR,1,0.0,0.0,0.0,0.0,0,0.0,0,0.0
2021,19,00-0034487,T.Sherfield,SF,WR,1,0.0,0.0,0.0,0.0,0,0.0,0,0.0
2021,19,00-0027942,A.Green,ARI,WR,1,0.0,0.0,0.0,0.0,0,0.0,0,0.0
2021,18,00-0026035,D.Amendola,HOU,WR,1,23.3,30.3,23.3,30.3,7,113.0,2,35.0
2021,18,00-0035719,D.Samuel,SF,WR,1,25.2,29.2,25.2,29.2,4,95.0,0,61.0
2021,18,00-0034418,C.Wilson,DAL,WR,1,23.9,28.9,23.9,28.9,5,119.0,2,35.0
2021,18,00-0034411,R.Gage,ATL,WR,1,18.6,27.6,18.6,27.6,9,126.0,1,39.0
2021,18,00-0036259,J.Jennings,SF,WR,1,21.4,27.4,21.4,27.4,6,94.0,2,38.0
2021,18,00-0032211,T.Lockett,SEA,WR,1,22.0,27.0,22.0,27.0,5,98.0,2,21.0
2021,18,00-0033536,M.Williams,LAC,WR,1,17.9,26.9,17.9,26.9,9,119.0,1,40.0
2021,18,00-0031408,M.Evans,TB,WR,1,20.9,26.9,20.9,26.9,6,89.0,2,38.0
2021,18,00-0033908,C.Kupp,LA,WR,1,19.6,26.6,19.6,26.6,7,118.0,1,40.0
2021,18,00-0036963,A.St. Brown,DET,WR,1,18.1,26.1,18.1,26.1,8,109.0,1,52.0
2021,18,00-0036309,D.Mooney,CHI,WR,1,12.6,24.6,12.6,24.6,12,126.0,0,92.0
2021,18,00-0034521,A.Lazard,GB,WR,1,19.5,24.5,19.5,24.5,5,75.0,2,27.0
2021,18,00-0031588,S.Diggs,BUF,WR,1,14.1,23.1,14.1,23.1,9,81.0,1,29.0
2021,18,00-0036322,J.Jefferson,MIN,WR,1,17.1,22.1,17.1,22.1,5,107.0,1,11.0
2021,18,00-0029293,M.Jones,JAX,WR,1,14.8,21.8,14.8,21.8,7,88.0,1,10.0
2021,18,00-0032464,K.Raymond,DET,WR,1,17.4,21.4,17.4,21.4,4,101.0,1,60.0
2021,18,00-0031382,J.Landry,CLE,WR,1,13.5,19.5,13.5,19.5,6,75.0,1,26.0
2021,18,00-0036271,Q.Watkins,PHI,WR,1,14.4,19.4,14.4,19.4,5,84.0,1,56.0
2021,18,00-0036635,I.Smith-Marsette,MIN,WR,1,16.3,19.3,16.3,19.3,3,103.0,1,15.0
2021,18,00-0035140,M.Hardman,KC,WR,1,11.3,19.3,11.3,19.3,8,103.0,0,99.0
2021,18,00-0034765,T.Smith,NO,WR,1,13.6,18.6,13.6,18.6,5,76.0,1,36.0
2021,18,00-0036252,M.Pittman,IND,WR,1,12.4,18.4,12.4,18.4,6,64.0,1,19.0
2021,18,00-0032688,R.Chosen,CAR,WR,1,11.0,18.0,11.0,18.0,7,50.0,1,14.0
2021,18,00-0036326,C.Claypool,PIT,WR,1,13.0,18.0,13.0,18.0,5,37.0,1,9.0
2021,18,00-0036182,N.Westbrook-Ikhine,TEN,WR,1,13.8,17.8,13.8,17.8,4,78.0,1,22.0
2021,18,00-0034827,D.Moore,CAR,WR,1,10.0,17.0,10.0,17.0,7,87.0,0,46.0
2021,18,00-0034983,H.Renfrow,LV,WR,1,12.9,16.9,12.9,16.9,4,13.0,2,1.0
2021,18,00-0027944,J.Jones,TEN,WR,1,11.8,16.8,11.8,16.8,5,58.0,1,13.0
2021,18,00-0035676,A.Brown,TEN,WR,1,12.8,16.8,12.8,16.8,4,68.0,1,25.0
2021,18,00-0036261,B.Aiyuk,SF,WR,1,10.7,16.7,10.7,16.7,6,107.0,0,40.0
2021,18,00-0033375,T.Patrick,DEN,WR,1,9.5,15.5,9.5,15.5,6,95.0,0,31.0
2021,18,00-0036988,J.Palmer,LAC,WR,1,10.5,14.5,10.5,14.5,4,45.0,1,5.0
2021,18,00-0033681,K.Cole,NYJ,WR,1,11.4,14.4,11.4,14.4,3,54.0,1,32.0
2021,18,00-0036613,J.Waddle,MIA,WR,1,8.7,13.7,8.7,13.7,5,27.0,1,18.0
2021,18,00-0035659,T.McLaurin,WAS,WR,1,9.3,13.3,9.3,13.3,4,93.0,0,44.0
2021,18,00-0031544,A.Cooper,DAL,WR,1,7.9,12.9,7.9,12.9,5,79.0,0,17.0
2021,18,00-0032398,C.Moore,HOU,WR,1,9.8,12.8,9.8,12.8,3,38.0,1,6.0
2021,18,00-0035298,S.Miller,TB,WR,1,11.2,12.2,11.2,12.2,1,9.0,0,-1.0
2021,18,00-0035216,D.Johnson,PIT,WR,1,5.1,12.1,5.1,12.1,7,51.0,0,25.0
2021,18,00-0031381,D.Adams,GB,WR,1,5.5,11.5,5.5,11.5,6,55.0,0,33.0
2021,18,00-0032951,L.Treadwell,JAX,WR,1,8.4,11.4,8.4,11.4,3,24.0,1,9.0
2021,18,00-0035544,T.Kennedy,DET,WR,1,9.35,11.35,9.35,11.35,2,16.0,0,1.0
2021,18,00-0035414,J.Guyton,LAC,WR,1,5.2,11.2,5.2,11.2,6,52.0,0,17.0
2021,18,00-0036268,L.Shenault,JAX,WR,1,6.2,11.2,6.2,11.2,5,62.0,0,32.0
2021,18,00-0030279,K.Allen,LAC,WR,1,5.2,11.2,5.2,11.2,6,52.0,0,8.0
2021,18,00-0034960,J.Meyers,NE,WR,1,7.0,11.0,7.0,11.0,4,70.0,0,3.0
2021,18,00-0035535,D.Slayton,NYG,WR,1,8.9,10.9,8.9,10.9,2,29.0,1,2.0
2021,18,00-0035640,D.Metcalf,SEA,WR,1,5.8,10.8,5.8,10.8,5,58.0,0,19.0
2021,18,00-0034297,B.Pringle,KC,WR,1,5.6,10.6,5.6,10.6,5,56.0,0,18.0
2021,18,00-0036365,B.Edwards,LV,WR,1,6.3,10.3,6.3,10.3,4,63.0,0,18.0
2021,18,00-0031868,D.Byrd,CHI,WR,1,4.7,9.7,4.7,9.7,5,47.0,0,10.0
2021,18,00-0036554,N.Collins,HOU,WR,1,6.7,9.7,6.7,9.7,3,67.0,0,14.0
2021,18,00-0036247,F.Swain,SEA,WR,1,8.5,9.5,8.5,9.5,1,25.0,1,6.0
2021,18,00-0032054,B.Perriman,TB,WR,1,4.4,9.4,4.4,9.4,5,44.0,0,23.0
2021,18,00-0036345,K.Osborn,MIN,WR,1,8.1,9.1,8.1,9.1,1,21.0,1,0.0
2021,18,00-0035208,O.Zaccheaus,ATL,WR,1,4.7,7.7,4.7,7.7,3,47.0,0,8.0
2021,18,00-0033891,Z.Jones,LV,WR,1,2.7,7.7,2.7,7.7,5,27.0,0,3.0
2021,18,00-0034407,R.McCloud,PIT,WR,1,3.7,7.7,3.7,7.7,4,37.0,0,14.0
2021,18,00-0036427,T.Johnson,TB,WR,1,2.2,7.2,2.2,7.2,5,22.0,0,8.0
2021,18,00-0029000,C.Beasley,BUF,WR,1,3.1,7.1,3.1,7.1,4,31.0,0,11.0
2021,18,00-0036912,D.Smith,PHI,WR,1,4.1,7.1,4.1,7.1,3,41.0,0,1.0
2021,18,00-0036196,G.Davis,BUF,WR,1,3.9,6.9,3.9,6.9,3,39.0,0,9.0
2021,18,00-0036233,D.Peoples-Jones,CLE,WR,1,3.8,6.8,3.8,6.8,3,38.0,0,35.0
2021,18,00-0036358,C.Lamb,DAL,WR,1,4.5,6.5,4.5,6.5,2,45.0,0,19.0
2021,18,00-0027942,A.Green,ARI,WR,1,2.3,6.3,2.3,6.3,4,23.0,0,8.0
2021,18,00-0034775,C.Kirk,ARI,WR,1,4.3,6.3,4.3,6.3,2,43.0,0,3.0
2021,18,00-0035215,D.Harty,NO,WR,1,3.3,6.3,3.3,6.3,3,24.0,0,8.0
2021,18,00-0033307,K.Bourne,NE,WR,1,3.2,6.2,3.2,6.2,3,24.0,0,22.0
2021,18,00-0033292,T.Taylor,CIN,WR,1,4.1,6.1,4.1,6.1,2,41.0,0,7.0
2021,18,00-0029608,T.Hilton,IND,WR,1,3.9,5.9,3.9,5.9,2,39.0,0,4.0
2021,18,00-0035662,M.Brown,BAL,WR,1,2.7,5.7,2.7,5.7,3,27.0,0,9.0
2021,18,00-0031236,B.Cooks,HOU,WR,1,2.6,5.6,2.6,5.6,3,26.0,0,7.0
2021,18,00-0033932,K.Golladay,NYG,WR,1,2.2,5.2,2.2,5.2,3,22.0,0,8.0
2021,18,00-0036415,V.Jefferson,LA,WR,1,3.1,5.1,3.1,5.1,2,31.0,0,5.0
2021,18,00-0036407,J.Jeudy,DEN,WR,1,3.0,5.0,3.0,5.0,2,30.0,0,3.0
2021,18,00-0036387,J.Reagor,PHI,WR,1,2.9,4.9,2.9,4.9,2,19.0,0,7.0
2021,18,00-0032775,D.Robinson,KC,WR,1,1.9,4.9,1.9,4.9,3,19.0,0,4.0
2021,18,00-0035593,J.Winfree,GB,WR,1,1.6,4.6,1.6,4.6,3,16.0,0,7.0
2021,18,00-0036900,J.Chase,CIN,WR,1,2.6,4.6,2.6,4.6,2,26.0,0,29.0
2021,18,00-0034279,E.St. Brown,GB,WR,1,2.2,4.2,2.2,4.2,2,22.0,0,4.0
2021,18,00-0036550,R.Bateman,BAL,WR,1,2.2,4.2,2.2,4.2,2,22.0,0,12.0
2021,18,00-0031428,A.Robinson,CHI,WR,1,2.2,4.2,2.2,4.2,2,22.0,0,0.0
2021,18,00-0031235,O.Beckham,LA,WR,1,1.8,3.8,1.8,3.8,2,18.0,0,1.0
2021,18,00-0035126,A.Wesley,ARI,WR,1,1.7,3.7,1.7,3.7,2,17.0,0,8.0
2021,18,00-0035406,L.Humphrey,NO,WR,1,2.6,3.6,2.6,3.6,1,26.0,0,9.0
2021,18,00-0031549,N.Agholor,NE,WR,1,2.3,3.3,2.3,3.3,1,23.0,0,4.0
2021,18,00-0030068,M.Goodwin,CHI,WR,1,1.3,3.3,1.3,3.3,2,13.0,0,0.0
2021,18,00-0031547,D.Parker,MIA,WR,1,1.2,3.2,1.2,3.2,2,12.0,0,4.0
2021,18,00-0034348,C.Sutton,DEN,WR,1,2.1,3.1,2.1,3.1,1,13.0,0,9.0
2021,18,00-0036910,C.Saunders,CAR,WR,1,1.1,3.1,1.1,3.1,2,11.0,0,0.0
2021,18,00-0033466,I.McKenzie,BUF,WR,1,1.9,2.9,1.9,2.9,1,9.0,0,3.0
2021,18,00-0031941,J.Crowder,NYJ,WR,1,1.6,2.6,1.6,2.6,1,16.0,0,0.0
2021,18,00-0036999,A.Schwartz,CLE,WR,1,1.6,2.6,1.6,2.6,1,13.0,0,0.0
2021,18,00-0035500,G.Dortch,ARI,WR,1,0.5,2.5,0.5,2.5,2,5.0,0,17.0
2021,18,00-0031787,J.Kumerow,BUF,WR,1,1.5,2.5,1.5,2.5,1,15.0,0,3.0
2021,18,00-0032355,C.Rogers,TEN,WR,1,0.4,2.4,0.4,2.4,2,4.0,0,7.0
2021,18,00-0036907,D.Newsome,CHI,WR,1,1.3,2.3,1.3,2.3,1,13.0,0,10.0
2021,18,00-0034487,T.Sherfield,SF,WR,1,1.3,2.3,1.3,2.3,1,13.0,0,6.0
2021,18,00-0033943,J.Reynolds,DET,WR,1,1.1,2.1,1.1,2.1,1,11.0,0,0.0
2021,18,00-0035399,S.Morgan,CIN,WR,1,1.1,2.1,1.1,2.1,1,8.0,0,8.0
2021,18,00-0036491,T.Black,NYJ,WR,1,1.0,2.0,1.0,2.0,1,10.0,0,0.0
2021,18,00-0035341,T.Irwin,CIN,WR,1,0.9,1.9,0.9,1.9,1,9.0,0,3.0
2021,18,00-0033251,Z.Pascal,IND,WR,1,0.7,1.7,0.7,1.7,1,7.0,0,2.0
2021,18,00-0036991,A.Rodgers,GB,WR,1,0.5,1.5,0.5,1.5,1,5.0,0,0.0
2021,18,00-0033733,G.Ward,PHI,WR,1,0.3,1.3,0.3,1.3,1,2.0,0,1.0
2021,18,00-0032009,A.Humphries,WAS,WR,1,0.3,1.3,0.3,1.3,1,3.0,0,0.0
2021,18,00-0033040,T.Hill,KC,WR,1,0.2,1.2,0.2,1.2,1,2.0,0,1.0
2021,18,00-0035510,J.Smith,NYJ,WR,1,0.2,1.2,0.2,1.2,1,2.0,0,1.0
2021,18,00-0031763,D.Carter,WAS,WR,1,1.1,1.1,1.1,1.1,0,0.0,0,0.0
2021,18,00-0032200,T.Montgomery,NO,WR,1,0.1,1.1,0.1,1.1,1,1.0,0,0.0
2021,18,00-0036331,D.Duvernay,BAL,WR,1,0.2,0.2,0.2,0.2,0,0.0,0,0.0
2021,18,00-0036877,J.Darden,TB,WR,1,0.0,0.0,0.0,0.0,0,0.0,0,0.0
2021,18,00-0033555,M.Hollins,MIA,WR,1,0.0,0.0,0.0,0.0,0,0.0,0,0.0
2021,18,00-0029269,T.Benjamin,SF,WR,1,0.0,0.0,0.0,0.0,0,0.0,0,0.0
2021,18,00-0036630,T.Wallace,BAL,WR,1,0.0,0.0,0.0,0.0,0,0.0,0,0.0
2021,18,00-0029664,J.Gordon,KC,WR,1,0.0,0.0,0.0,0.0,0,0.0,0,0.0
2021,18,00-0031325,S.Watkins,BAL,WR,1,0.0,0.0,0.0,0.0,0,0.0,0,0.0
2021,18,00-0036219,M.Callaway,NO,WR,1,0.0,0.0,0.0,0.0,0,0.0,0,0.0
2021,18,00-0033114,M.Thomas,CIN,WR,1,0.0,0.0,0.0,0.0,0,0.0,0,0.0
2021,18,00-0032778,T.Sharpe,ATL,WR,1,0.0,0.0,0.0,0.0,0,0.0,0,0.0
2021,18,00-0036652,R.McMath,TEN,WR,1,0.0,0.0,0.0,0.0,0,0.0,0,0.0
2021,18,00-0036862,B.Skowronek,LA,WR,1,0.0,0.0,0.0,0.0,0,0.0,0,0.0
2021,18,00-0034104,C.Sims,WAS,WR,1,0.0,0.0,0.0,0.0,0,0.0,0,0.0
2021,18,00-0035246,J.Arcega-Whiteside,PHI,WR,1,0.0,0.0,0.0,0.0,0,0.0,0,0.0
2021,18,00-0035359,D.Sills,NYG,WR,1,0.0,0.0,0.0,0.0,0,0.0,0,0.0
2021,18,00-0034317,K.Kirkwood,CAR,WR,1,0.0,0.0,0.0,0.0,0,0.0,0,0.0
2021,18,00-0034052,B.Zylstra,CAR,WR,1,0.0,0.0,0.0,0.0,0,0.0,0,0.0
2021,18,00-0035624,N.Harry,NE,WR,1,0.0,0.0,0.0,0.0,0,0.0,0,0.0
2021,18,00-0035639,P.Campbell,IND,WR,1,0.0,0.0,0.0,0.0,0,0.0,0,0.0
2021,18,00-0034132,C.Blake,ATL,WR,1,0.0,0.0,0.0,0.0,0,0.0,0,0.0
2021,18,00-0036255,D.Mims,NYJ,WR,1,0.0,0.0,0.0,0.0,0,0.0,0,0.0
2021,18,00-0034272,M.Valdes-Scantling,GB,WR,1,0.0,0.0,0.0,0.0,0,0.0,0,0.0
2021,18,00-0035602,A.Bachman,NYG,WR,1,-0.3,-0.3,-0.3,-0.3,0,0.0,0,0.0
2021,17,00-0036900,J.Chase,CIN,WR,1,44.6,55.6,44.6,55.6,11,266.0,3,153.0
2021,17,00-0036963,A.St. Brown,DET,WR,1,25.4,33.4,25.4,33.4,8,111.0,1,55.0
2021,17,00-0035640,D.Metcalf,SEA,WR,1,24.9,30.9,24.9,30.9,6,63.0,3,18.0
2021,17,00-0031381,D.Adams,GB,WR,1,19.6,30.6,19.6,30.6,11,136.0,1,43.0
2021,17,00-0034419,B.Berrios,NYJ,WR,1,19.7,27.7,19.7,27.7,8,65.0,1,53.0
2021,17,00-0033908,C.Kupp,LA,WR,1,15.5,21.5,15.5,21.5,6,95.0,1,61.0
2021,17,00-0034960,J.Meyers,NE,WR,1,13.3,21.3,13.3,21.3,8,73.0,1,13.0
2021,17,00-0034983,H.Renfrow,LV,WR,1,13.6,20.6,13.6,20.6,7,76.0,1,26.0
2021,17,00-0036183,K.Wilkerson,NE,WR,1,16.2,20.2,16.2,20.2,4,42.0,2,5.0
2021,17,00-0033215,C.Grayson,TB,WR,1,14.1,20.1,14.1,20.1,6,81.0,1,12.0
2021,17,00-0033891,Z.Jones,LV,WR,1,11.9,19.9,11.9,19.9,8,120.0,0,24.0
2021,17,00-0036309,D.Mooney,CHI,WR,1,12.9,19.9,12.9,19.9,7,69.0,1,34.0
2021,17,00-0031236,B.Cooks,HOU,WR,1,12.6,19.6,12.6,19.6,7,66.0,1,16.0
2021,17,00-0034521,A.Lazard,GB,WR,1,13.2,19.2,13.2,19.2,6,72.0,1,15.0
2021,17,00-0035126,A.Wesley,ARI,WR,1,15.0,19.0,15.0,19.0,4,30.0,2,0.0
2021,17,00-0035719,D.Samuel,SF,WR,1,14.2,17.2,14.2,17.2,3,63.0,1,27.0
2021,17,00-0035216,D.Johnson,PIT,WR,1,9.1,17.1,9.1,17.1,8,31.0,1,12.0
2021,17,00-0034418,C.Wilson,DAL,WR,1,11.05,17.05,11.05,17.05,6,35.0,1,19.0
2021,17,00-0036219,M.Callaway,NO,WR,1,9.7,15.7,9.7,15.7,6,97.0,0,20.0
2021,17,00-0033536,M.Williams,LAC,WR,1,12.3,15.3,12.3,15.3,3,63.0,1,17.0
2021,17,00-0031235,O.Beckham,LA,WR,1,9.9,14.9,9.9,14.9,5,39.0,1,4.0
2021,17,00-0032951,L.Treadwell,JAX,WR,1,8.7,14.7,8.7,14.7,6,87.0,0,11.0
2021,17,00-0031408,M.Evans,TB,WR,1,10.7,14.7,10.7,14.7,4,47.0,1,7.0
2021,17,00-0030279,K.Allen,LAC,WR,1,10.4,14.4,10.4,14.4,4,44.0,1,6.0
2021,17,00-0033307,K.Bourne,NE,WR,1,9.3,14.3,9.3,14.3,5,76.0,0,62.0
2021,17,00-0036345,K.Osborn,MIN,WR,1,11.0,14.0,11.0,14.0,3,50.0,1,1.0
2021,17,00-0034775,C.Kirk,ARI,WR,1,7.9,13.9,7.9,13.9,6,79.0,0,32.0
2021,17,00-0033009,T.Boyd,CIN,WR,1,9.6,13.6,9.6,13.6,4,36.0,1,10.0
2021,17,00-0036261,B.Aiyuk,SF,WR,1,9.4,13.4,9.4,13.4,4,94.0,0,40.0
2021,17,00-0035659,T.McLaurin,WAS,WR,1,6.1,13.1,6.1,13.1,7,61.0,0,35.0
2021,17,00-0036550,R.Bateman,BAL,WR,1,5.8,12.8,5.8,12.8,7,58.0,0,8.0
2021,17,00-0034854,K.Hodge,DET,WR,1,7.6,12.6,7.6,12.6,5,76.0,0,15.0
2021,17,00-0034764,M.Gallup,DAL,WR,1,9.6,12.6,9.6,12.6,3,36.0,1,12.0
2021,17,00-0032211,T.Lockett,SEA,WR,1,9.1,12.1,9.1,12.1,3,24.0,1,11.0
2021,17,00-0036322,J.Jefferson,MIN,WR,1,5.8,11.8,5.8,11.8,6,58.0,0,19.0
2021,17,00-0029608,T.Hilton,IND,WR,1,10.5,11.5,10.5,11.5,1,45.0,1,0.0
2021,17,00-0032775,D.Robinson,KC,WR,1,9.3,11.3,9.3,11.3,2,33.0,1,1.0
2021,17,00-0031544,A.Cooper,DAL,WR,1,7.8,10.8,7.8,10.8,3,18.0,1,1.0
2021,17,00-0036252,M.Pittman,IND,WR,1,4.7,10.7,4.7,10.7,6,47.0,0,28.0
2021,17,00-0036233,D.Peoples-Jones,CLE,WR,1,7.6,10.6,7.6,10.6,3,76.0,0,22.0
2021,17,00-0027942,A.Green,ARI,WR,1,7.4,10.4,7.4,10.4,3,74.0,0,12.0
2021,17,00-0036415,V.Jefferson,LA,WR,1,6.3,10.3,6.3,10.3,4,63.0,0,12.0
2021,17,00-0031588,S.Diggs,BUF,WR,1,5.2,10.2,5.2,10.2,5,52.0,0,9.0
2021,17,00-0033040,T.Hill,KC,WR,1,4.2,10.2,4.2,10.2,6,40.0,0,14.0
2021,17,00-0036410,T.Higgins,CIN,WR,1,6.2,9.2,6.2,9.2,3,62.0,0,28.0
2021,17,00-0034348,C.Sutton,DEN,WR,1,6.0,9.0,6.0,9.0,3,60.0,0,11.0
2021,17,00-0036427,T.Johnson,TB,WR,1,5.0,9.0,5.0,9.0,4,50.0,0,17.0
2021,17,00-0031382,J.Landry,CLE,WR,1,4.9,8.9,4.9,8.9,4,43.0,0,18.0
2021,17,00-0034104,C.Sims,WAS,WR,1,4.8,8.8,4.8,8.8,4,48.0,0,6.0
2021,17,00-0031547,D.Parker,MIA,WR,1,4.6,8.6,4.6,8.6,4,46.0,0,6.0
2021,17,00-0036247,F.Swain,SEA,WR,1,6.5,8.5,6.5,8.5,2,65.0,0,48.0
2021,17,00-0036912,D.Smith,PHI,WR,1,5.4,8.4,5.4,8.4,3,54.0,0,13.0
2021,17,00-0036358,C.Lamb,DAL,WR,1,5.1,8.1,5.1,8.1,3,51.0,0,13.0
2021,17,00-0034411,R.Gage,ATL,WR,1,5.0,8.0,5.0,8.0,3,50.0,0,28.0
2021,17,00-0036613,J.Waddle,MIA,WR,1,4.7,7.7,4.7,7.7,3,47.0,0,13.0
2021,17,00-0034407,R.McCloud,PIT,WR,1,3.5,7.5,3.5,7.5,4,35.0,0,16.0
2021,17,00-0031428,A.Robinson,CHI,WR,1,3.5,7.5,3.5,7.5,4,35.0,0,15.0
2021,17,00-0036196,G.Davis,BUF,WR,1,4.0,7.0,4.0,7.0,3,40.0,0,9.0
2021,17,00-0029293,M.Jones,JAX,WR,1,4.6,6.6,4.6,6.6,2,46.0,0,6.0
2021,17,00-0034297,B.Pringle,KC,WR,1,3.5,6.5,3.5,6.5,3,35.0,0,4.0
2021,17,00-0035140,M.Hardman,KC,WR,1,5.3,6.3,5.3,6.3,1,53.0,0,18.0
2021,17,00-0032054,B.Perriman,TB,WR,1,4.1,6.1,4.1,6.1,2,41.0,0,16.0
2021,17,00-0035676,A.Brown,TEN,WR,1,4.1,6.1,4.1,6.1,2,41.0,0,10.0
2021,17,00-0034827,D.Moore,CAR,WR,1,2.9,5.9,2.9,5.9,3,29.0,0,9.0
2021,17,00-0035662,M.Brown,BAL,WR,1,2.8,5.8,2.8,5.8,3,28.0,0,5.0
2021,17,00-0027793,A.Brown,TB,WR,1,2.6,5.6,2.6,5.6,3,26.0,0,12.0
2021,17,00-0033681,K.Cole,NYJ,WR,1,3.5,5.5,3.5,5.5,2,35.0,0,5.0
2021,17,00-0033733,G.Ward,PHI,WR,1,3.5,5.5,3.5,5.5,2,35.0,0,3.0
2021,17,00-0036554,N.Collins,HOU,WR,1,3.5,5.5,3.5,5.5,2,35.0,0,0.0
2021,17,00-0034930,T.Benson,DET,WR,1,3.1,5.1,3.1,5.1,2,31.0,0,11.0
2021,17,00-0036620,D.Eskridge,SEA,WR,1,3.7,4.7,3.7,4.7,1,7.0,0,2.0
2021,17,00-0036326,C.Claypool,PIT,WR,1,1.7,4.7,1.7,4.7,3,17.0,0,13.0
2021,17,00-0036988,J.Palmer,LAC,WR,1,1.6,4.6,1.6,4.6,3,16.0,0,4.0
2021,17,00-0035406,L.Humphrey,NO,WR,1,2.6,4.6,2.6,4.6,2,26.0,0,5.0
2021,17,00-0036259,J.Jennings,SF,WR,1,2.5,4.5,2.5,4.5,2,25.0,0,0.0
2021,17,00-0036657,S.Williams,DEN,WR,1,3.4,4.4,3.4,4.4,1,34.0,0,4.0
2021,17,00-0035500,G.Dortch,ARI,WR,1,3.4,4.4,3.4,4.4,1,10.0,0,14.0
2021,17,00-0035864,K.Hinton,DEN,WR,1,2.35,4.35,2.35,4.35,2,23.0,0,2.0
2021,17,00-0035215,D.Harty,NO,WR,1,2.3,4.3,2.3,4.3,2,23.0,0,5.0
2021,17,00-0036331,D.Duvernay,BAL,WR,1,2.3,4.3,2.3,4.3,2,19.0,0,8.0
2021,17,00-0029000,C.Beasley,BUF,WR,1,2.2,4.2,2.2,4.2,2,22.0,0,8.0
2021,17,00-0036862,B.Skowronek,LA,WR,1,1.8,3.8,1.8,3.8,2,18.0,0,5.0
2021,17,00-0036955,T.Marshall,CAR,WR,1,1.6,3.6,1.6,3.6,2,16.0,0,2.0
2021,17,00-0036271,Q.Watkins,PHI,WR,1,1.5,3.5,1.5,3.5,2,15.0,0,2.0
2021,17,00-0036626,D.Brown,WAS,WR,1,2.5,3.5,2.5,3.5,1,25.0,0,5.0
2021,17,00-0031868,D.Byrd,CHI,WR,1,2.3,3.3,2.3,3.3,1,23.0,0,6.0
2021,17,00-0032355,C.Rogers,TEN,WR,1,1.3,3.3,1.3,3.3,2,13.0,0,9.0
2021,17,00-0036268,L.Shenault,JAX,WR,1,1.3,3.3,1.3,3.3,2,13.0,0,11.0
2021,17,00-0032009,A.Humphries,WAS,WR,1,1.2,3.2,1.2,3.2,2,12.0,0,4.0
2021,17,00-0030525,T.Austin,JAX,WR,1,0.2,3.2,0.2,3.2,3,2.0,0,3.0
2021,17,00-0035414,J.Guyton,LAC,WR,1,1.1,3.1,1.1,3.1,2,10.0,0,3.0
2021,17,00-0032688,R.Chosen,CAR,WR,1,1.0,3.0,1.0,3.0,2,10.0,0,-2.0
2021,17,00-0035208,O.Zaccheaus,ATL,WR,1,0.8,2.8,0.8,2.8,2,8.0,0,0.0
2021,17,00-0034279,E.St. Brown,GB,WR,1,1.4,2.4,1.4,2.4,1,14.0,0,8.0
2021,17,00-0035510,J.Smith,NYJ,WR,1,1.3,2.3,1.3,2.3,1,13.0,0,0.0
2021,17,00-0035593,J.Winfree,GB,WR,1,1.2,2.2,1.2,2.2,1,12.0,0,10.0
2021,17,00-0034487,T.Sherfield,SF,WR,1,1.2,2.2,1.2,2.2,1,12.0,0,1.0
2021,17,00-0035359,D.Sills,NYG,WR,1,1.2,2.2,1.2,2.2,1,12.0,0,0.0
2021,17,00-0033466,I.McKenzie,BUF,WR,1,0.9,1.9,0.9,1.9,1,6.0,0,6.0
2021,17,00-0035645,G.Olszewski,NE,WR,1,0.9,1.9,0.9,1.9,1,9.0,0,5.0
2021,17,00-0032977,R.Higgins,CLE,WR,1,0.8,1.8,0.8,1.8,1,8.0,0,2.0
2021,17,00-0033251,Z.Pascal,IND,WR,1,0.8,1.8,0.8,1.8,1,8.0,0,2.0
2021,17,00-0035022,P.Hart,SEA,WR,1,0.6,1.6,0.6,1.6,1,6.0,0,3.0
2021,17,00-0026189,D.Jackson,LV,WR,1,0.5,1.5,0.5,1.5,1,5.0,0,2.0
2021,17,00-0029664,J.Gordon,KC,WR,1,0.5,1.5,0.5,1.5,1,5.0,0,0.0
2021,17,00-0033839,D.Westbrook,MIN,WR,1,0.4,1.4,0.4,1.4,1,4.0,0,2.0
2021,17,00-0034272,M.Valdes-Scantling,GB,WR,1,0.3,1.3,0.3,1.3,1,3.0,0,1.0
2021,17,00-0032128,C.Conley,HOU,WR,1,0.1,1.1,0.1,1.1,1,-2.0,0,0.0
2021,17,00-0033471,I.Ford,MIA,WR,1,0.0,1.0,0.0,1.0,1,0.0,0,3.0
2021,17,00-0031763,D.Carter,WAS,WR,1,0.6,0.6,0.6,0.6,0,0.0,0,0.0
2021,17,00-0036671,D.Milne,WAS,WR,1,0.1,0.1,0.1,0.1,0,0.0,0,0.0
2021,17,00-0033555,M.Hollins,MIA,WR,1,0.0,0.0,0.0,0.0,0,0.0,0,0.0
2021,17,00-0036228,D.Patmon,IND,WR,1,0.0,0.0,0.0,0.0,0,0.0,0,0.0
2021,17,00-0033481,M.Kemp,KC,WR,1,0.0,0.0,0.0,0.0,0,0.0,0,0.0
2021,17,00-0034676,J.Washington,PIT,WR,1,0.0,0.0,0.0,0.0,0,0.0,0,0.0
2021,17,00-0036951,F.Darby,ATL,WR,1,0.0,0.0,0.0,0.0,0,0.0,0,0.0
2021,17,00-0033111,P.Cooper,NYG,WR,1,0.0,0.0,0.0,0.0,0,0.0,0,0.0
2021,17,00-0036182,N.Westbrook-Ikhine,TEN,WR,1,0.0,0.0,0.0,0.0,0,0.0,0,0.0
2021,17,00-0036999,A.Schwartz,CLE,WR,1,0.0,0.0,0.0,0.0,0,0.0,0,0.0
2021,17,00-0035544,T.Kennedy,DET,WR,1,0.0,0.0,0.0,0.0,0,0.0,0,0.0
2021,17,00-0035021,A.Dulin,IND,WR,1,0.0,0.0,0.0,0.0,0,0.0,0,0.0
2021,17,00-0036365,B.Edwards,LV,WR,1,0.0,0.0,0.0,0.0,0,0.0,0,0.0
2021,17,00-0033932,K.Golladay,NYG,WR,1,0.0,0.0,0.0,0.0,0,0.0,0,0.0
2021,17,00-0030068,M.Goodwin,CHI,WR,1,0.0,0.0,0.0,0.0,0,0.0,0,0.0
2021,17,00-0036572,S.Smith,CAR,WR,1,0.0,0.0,0.0,0.0,0,0.0,0,0.0
2021,17,00-0027691,A.Roberts,LAC,WR,1,0.0,0.0,0.0,0.0,0,0.0,0,0.0
2021,17,00-0036387,J.Reagor,PHI,WR,1,-0.3,-0.3,-0.3,-0.3,0,0.0,0,0.0
2021,17,00-0032200,T.Montgomery,NO,WR,1,-0.4,-0.4,-0.4,-0.4,0,0.0,0,0.0
2021,16,00-0036410,T.Higgins,CIN,WR,1,31.4,43.4,31.4,43.4,12,194.0,2,38.0
2021,16,00-0031381,D.Adams,GB,WR,1,23.4,33.4,23.4,33.4,10,114.0,2,45.0
2021,16,00-0035676,A.Brown,TEN,WR,1,20.5,31.5,20.5,31.5,11,145.0,1,23.0
2021,16,00-0033466,I.McKenzie,BUF,WR,1,18.4,29.4,18.4,29.4,11,125.0,1,45.0
2021,16,00-0035719,D.Samuel,SF,WR,1,19.1,28.1,19.1,28.1,9,159.0,0,113.0
2021,16,00-0036963,A.St. Brown,DET,WR,1,17.0,26.0,17.0,26.0,9,91.0,1,31.0
2021,16,00-0034297,B.Pringle,KC,WR,1,19.5,25.5,19.5,25.5,6,75.0,2,23.0
2021,16,00-0036613,J.Waddle,MIA,WR,1,15.2,25.2,15.2,25.2,10,92.0,1,57.0
2021,16,00-0031544,A.Cooper,DAL,WR,1,14.5,21.5,14.5,21.5,7,85.0,1,11.0
2021,16,00-0031588,S.Diggs,BUF,WR,1,14.5,21.5,14.5,21.5,7,85.0,1,31.0
2021,16,00-0033908,C.Kupp,LA,WR,1,11.3,21.3,11.3,21.3,10,109.0,0,52.0
2021,16,00-0027793,A.Brown,TB,WR,1,10.1,20.1,10.1,20.1,10,101.0,0,16.0
2021,16,00-0036322,J.Jefferson,MIN,WR,1,11.6,19.6,11.6,19.6,8,116.0,0,43.0
2021,16,00-0036900,J.Chase,CIN,WR,1,12.5,19.5,12.5,19.5,7,125.0,0,76.0
2021,16,00-0036912,D.Smith,PHI,WR,1,14.0,19.0,14.0,19.0,5,80.0,1,10.0
2021,16,00-0036345,K.Osborn,MIN,WR,1,12.8,17.8,12.8,17.8,5,68.0,1,13.0
2021,16,00-0033009,T.Boyd,CIN,WR,1,14.5,17.5,14.5,17.5,3,85.0,1,62.0
2021,16,00-0034867,M.Turner,DAL,WR,1,14.2,17.2,14.2,17.2,3,82.0,1,68.0
2021,16,00-0035216,D.Johnson,PIT,WR,1,11.1,17.1,11.1,17.1,6,51.0,1,30.0
2021,16,00-0036252,M.Pittman,IND,WR,1,8.5,16.5,8.5,16.5,8,82.0,0,42.0
2021,16,00-0029293,M.Jones,JAX,WR,1,7.4,15.4,7.4,15.4,8,74.0,0,6.0
2021,16,00-0036988,J.Palmer,LAC,WR,1,10.3,15.3,10.3,15.3,5,43.0,1,20.0
2021,16,00-0029608,T.Hilton,IND,WR,1,11.1,15.1,11.1,15.1,4,51.0,1,13.0
2021,16,00-0032128,C.Conley,HOU,WR,1,12.0,15.0,12.0,15.0,3,60.0,1,15.0
2021,16,00-0030525,T.Austin,JAX,WR,1,8.9,14.9,8.9,14.9,6,68.0,0,9.0
2021,16,00-0036133,J.Proche,BAL,WR,1,7.6,14.6,7.6,14.6,7,76.0,0,13.0
2021,16,00-0036261,B.Aiyuk,SF,WR,1,10.0,14.0,10.0,14.0,4,40.0,1,31.0
2021,16,00-0034521,A.Lazard,GB,WR,1,11.8,13.8,11.8,13.8,2,45.0,1,10.0
2021,16,00-0031235,O.Beckham,LA,WR,1,9.7,13.7,9.7,13.7,4,37.0,1,13.0
2021,16,00-0034983,H.Renfrow,LV,WR,1,10.0,13.0,10.0,13.0,3,40.0,1,2.0
2021,16,00-0036550,R.Bateman,BAL,WR,1,8.6,12.6,8.6,12.6,4,26.0,1,6.0
2021,16,00-0033215,C.Grayson,TB,WR,1,9.5,12.5,9.5,12.5,3,81.0,0,43.0
2021,16,00-0036554,N.Collins,HOU,WR,1,9.3,12.3,9.3,12.3,3,33.0,1,19.0
2021,16,00-0035640,D.Metcalf,SEA,WR,1,10.1,12.1,10.1,12.1,2,41.0,1,10.0
2021,16,00-0035140,M.Hardman,KC,WR,1,9.1,12.1,9.1,12.1,3,31.0,1,34.0
2021,16,00-0034960,J.Meyers,NE,WR,1,5.9,11.9,5.9,11.9,6,59.0,0,26.0
2021,16,00-0034775,C.Kirk,ARI,WR,1,4.8,11.8,4.8,11.8,7,48.0,0,16.0
2021,16,00-0036572,S.Smith,CAR,WR,1,8.6,11.6,8.6,11.6,3,86.0,0,42.0
2021,16,00-0033891,Z.Jones,LV,WR,1,5.0,11.0,5.0,11.0,6,50.0,0,18.0
2021,16,00-0035126,A.Wesley,ARI,WR,1,8.9,10.9,8.9,10.9,2,29.0,1,6.0
2021,16,00-0036309,D.Mooney,CHI,WR,1,5.9,10.9,5.9,10.9,5,57.0,0,38.0
2021,16,00-0032977,R.Higgins,CLE,WR,1,5.8,10.8,5.8,10.8,5,58.0,0,11.0
2021,16,00-0032688,R.Chosen,CAR,WR,1,5.8,10.8,5.8,10.8,5,58.0,0,37.0
2021,16,00-0034827,D.Moore,CAR,WR,1,5.5,10.5,5.5,10.5,5,55.0,0,20.0
2021,16,00-0036358,C.Lamb,DAL,WR,1,6.4,10.4,6.4,10.4,4,66.0,0,8.0
2021,16,00-0035406,L.Humphrey,NO,WR,1,7.0,10.0,7.0,10.0,3,70.0,0,46.0
2021,16,00-0036999,A.Schwartz,CLE,WR,1,8.9,9.9,8.9,9.9,1,5.0,1,0.0
2021,16,00-0031382,J.Landry,CLE,WR,1,5.5,9.5,5.5,9.5,4,55.0,0,25.0
2021,16,00-0032951,L.Treadwell,JAX,WR,1,5.4,9.4,5.4,9.4,4,54.0,0,9.0
2021,16,00-0035662,M.Brown,BAL,WR,1,4.4,9.4,4.4,9.4,5,44.0,0,29.0
2021,16,00-0036407,J.Jeudy,DEN,WR,1,6.0,9.0,6.0,9.0,3,60.0,0,21.0
2021,16,00-0034419,B.Berrios,NYJ,WR,1,4.0,9.0,4.0,9.0,5,37.0,0,28.0
2021,16,00-0035432,J.Moore,LAC,WR,1,5.6,8.6,5.6,8.6,3,56.0,0,26.0
2021,16,00-0036219,M.Callaway,NO,WR,1,4.6,8.6,4.6,8.6,4,46.0,0,15.0
2021,16,00-0032208,P.Dorsett,HOU,WR,1,5.5,8.5,5.5,8.5,3,55.0,0,5.0
2021,16,00-0026189,D.Jackson,LV,WR,1,4.4,8.4,4.4,8.4,4,44.0,0,14.0
2021,16,00-0036228,D.Patmon,IND,WR,1,7.4,8.4,7.4,8.4,1,14.0,1,0.0
2021,16,00-0036326,C.Claypool,PIT,WR,1,4.1,8.1,4.1,8.1,4,41.0,0,-1.0
2021,16,00-0032398,C.Moore,HOU,WR,1,4.0,8.0,4.0,8.0,4,40.0,0,32.0
2021,16,00-0034411,R.Gage,ATL,WR,1,3.9,7.9,3.9,7.9,4,39.0,0,9.0
2021,16,00-0030279,K.Allen,LAC,WR,1,3.5,7.5,3.5,7.5,4,35.0,0,16.0
2021,16,00-0036626,D.Brown,WAS,WR,1,5.3,7.3,5.3,7.3,2,53.0,0,4.0
2021,16,00-0034764,M.Gallup,DAL,WR,1,5.3,7.3,5.3,7.3,2,53.0,0,15.0
2021,16,00-0034348,C.Sutton,DEN,WR,1,3.3,7.3,3.3,7.3,4,33.0,0,2.0
2021,16,00-0036271,Q.Watkins,PHI,WR,1,4.3,7.3,4.3,7.3,3,43.0,0,1.0
2021,16,00-0035659,T.McLaurin,WAS,WR,1,4.0,7.0,4.0,7.0,3,40.0,0,10.0
2021,16,00-0030035,A.Thielen,MIN,WR,1,4.0,7.0,4.0,7.0,3,40.0,0,13.0
2021,16,00-0036913,K.Toney,NYG,WR,1,2.8,6.8,2.8,6.8,4,28.0,0,11.0
2021,16,00-0034407,R.McCloud,PIT,WR,1,2.5,6.5,2.5,6.5,4,25.0,0,12.0
2021,16,00-0032211,T.Lockett,SEA,WR,1,3.0,6.0,3.0,6.0,3,30.0,0,17.0
2021,16,00-0036182,N.Westbrook-Ikhine,TEN,WR,1,3.8,5.8,3.8,5.8,2,38.0,0,8.0
2021,16,00-0033943,J.Reynolds,DET,WR,1,3.6,5.6,3.6,5.6,2,36.0,0,13.0
2021,16,00-0033307,K.Bourne,NE,WR,1,3.3,5.3,3.3,5.3,2,33.0,0,5.0
2021,16,00-0035208,O.Zaccheaus,ATL,WR,1,3.2,5.2,3.2,5.2,2,32.0,0,19.0
2021,16,00-0033932,K.Golladay,NYG,WR,1,2.2,5.2,2.2,5.2,3,22.0,0,3.0
2021,16,00-0033555,M.Hollins,MIA,WR,1,4.0,5.0,4.0,5.0,1,40.0,0,3.0
2021,16,00-0032464,K.Raymond,DET,WR,1,1.7,4.7,1.7,4.7,3,12.0,0,5.0
2021,16,00-0035891,C.White,PIT,WR,1,1.6,4.6,1.6,4.6,3,16.0,0,10.0
2021,16,00-0033681,K.Cole,NYJ,WR,1,2.5,4.5,2.5,4.5,2,25.0,0,9.0
2021,16,00-0027942,A.Green,ARI,WR,1,3.3,4.3,3.3,4.3,1,33.0,0,13.0
2021,16,00-0030068,M.Goodwin,CHI,WR,1,2.3,4.3,2.3,4.3,2,23.0,0,9.0
2021,16,00-0027685,E.Sanders,BUF,WR,1,2.0,4.0,2.0,4.0,2,20.0,0,7.0
2021,16,00-0033040,T.Hill,KC,WR,1,1.9,3.9,1.9,3.9,2,19.0,0,5.0
2021,16,00-0036259,J.Jennings,SF,WR,1,1.9,3.9,1.9,3.9,2,19.0,0,5.0
2021,16,00-0033375,T.Patrick,DEN,WR,1,1.8,3.8,1.8,3.8,2,18.0,0,0.0
2021,16,00-0036620,D.Eskridge,SEA,WR,1,1.7,3.7,1.7,3.7,2,10.0,0,18.0
2021,16,00-0035544,T.Kennedy,DET,WR,1,1.6,3.6,1.6,3.6,2,16.0,0,2.0
2021,16,00-0032775,D.Robinson,KC,WR,1,1.5,3.5,1.5,3.5,2,15.0,0,2.0
2021,16,00-0035624,N.Harry,NE,WR,1,1.5,3.5,1.5,3.5,2,15.0,0,14.0
2021,16,00-0036387,J.Reagor,PHI,WR,1,1.5,3.5,1.5,3.5,2,15.0,0,0.0
2021,16,00-0035021,A.Dulin,IND,WR,1,2.3,3.3,2.3,3.3,1,23.0,0,0.0
2021,16,00-0034854,K.Hodge,DET,WR,1,2.1,3.1,2.1,3.1,1,21.0,0,13.0
2021,16,00-0034418,C.Wilson,DAL,WR,1,1.0,3.0,1.0,3.0,2,10.0,0,10.0
2021,16,00-0031763,D.Carter,WAS,WR,1,2.0,3.0,2.0,3.0,1,5.0,0,0.0
2021,16,00-0036630,T.Wallace,BAL,WR,1,1.8,2.8,1.8,2.8,1,18.0,0,14.0
2021,16,00-0032009,A.Humphries,WAS,WR,1,0.4,2.4,0.4,2.4,2,4.0,0,2.0
2021,16,00-0036671,D.Milne,WAS,WR,1,1.4,2.4,1.4,2.4,1,14.0,0,10.0
2021,16,00-0031787,J.Kumerow,BUF,WR,1,1.3,2.3,1.3,2.3,1,13.0,0,4.0
2021,16,00-0031868,D.Byrd,CHI,WR,1,1.1,2.1,1.1,2.1,1,11.0,0,3.0
2021,16,00-0033094,M.Hall,ATL,WR,1,1.0,2.0,1.0,2.0,1,10.0,0,5.0
2021,16,00-0036907,D.Newsome,CHI,WR,1,1.0,2.0,1.0,2.0,1,10.0,0,5.0
2021,16,00-0036247,F.Swain,SEA,WR,1,0.9,1.9,0.9,1.9,1,9.0,0,4.0
2021,16,00-0027944,J.Jones,TEN,WR,1,0.7,1.7,0.7,1.7,1,7.0,0,3.0
2021,16,00-0032881,T.Lewis,MIA,WR,1,0.7,1.7,0.7,1.7,1,7.0,0,11.0
2021,16,00-0035535,D.Slayton,NYG,WR,1,0.7,1.7,0.7,1.7,1,7.0,0,1.0
2021,16,00-0036415,V.Jefferson,LA,WR,1,0.6,1.6,0.6,1.6,1,6.0,0,0.0
2021,16,00-0036955,T.Marshall,CAR,WR,1,0.6,1.6,0.6,1.6,1,6.0,0,3.0
2021,16,00-0034132,C.Blake,ATL,WR,1,0.5,1.5,0.5,1.5,1,5.0,0,1.0
2021,16,00-0036233,D.Peoples-Jones,CLE,WR,1,0.5,1.5,0.5,1.5,1,5.0,0,0.0
2021,16,00-0035359,D.Sills,NYG,WR,1,0.5,1.5,0.5,1.5,1,5.0,0,2.0
2021,16,00-0030085,K.Stills,NO,WR,1,0.4,1.4,0.4,1.4,1,4.0,0,0.0
2021,16,00-0032355,C.Rogers,TEN,WR,1,0.3,1.3,0.3,1.3,1,3.0,0,6.0
2021,16,00-0035645,G.Olszewski,NE,WR,1,0.9,0.9,0.9,0.9,0,0.0,0,0.0
2021,16,00-0035883,M.Ffrench,LAC,WR,1,0.3,0.3,0.3,0.3,0,0.0,0,0.0
2021,16,00-0034676,J.Washington,PIT,WR,1,0.0,0.0,0.0,0.0,0,0.0,0,0.0
2021,16,00-0034104,C.Sims,WAS,WR,1,0.0,0.0,0.0,0.0,0,0.0,0,0.0
2021,16,00-0033111,P.Cooper,NYG,WR,1,0.0,0.0,0.0,0.0,0,0.0,0,0.0
2021,16,00-0035593,J.Winfree,GB,WR,1,0.0,0.0,0.0,0.0,0,0.0,0,0.0
2021,16,00-0035298,S.Miller,TB,WR,1,0.0,0.0,0.0,0.0,0,0.0,0,0.0
2021,16,00-0032543,A.Erickson,CAR,WR,1,0.0,0.0,0.0,0.0,0,0.0,0,0.0
2021,16,00-0034646,B.Powell,LA,WR,1,0.0,0.0,0.0,0.0,0,0.0,0,0.0
2021,16,00-0029664,J.Gordon,KC,WR,1,0.0,0.0,0.0,0.0,0,0.0,0,0.0
2021,16,00-0035510,J.Smith,NYJ,WR,1,0.0,0.0,0.0,0.0,0,0.0,0,0.0
2021,16,00-0036652,R.McMath,TEN,WR,1,0.0,0.0,0.0,0.0,0,0.0,0,0.0
2021,16,00-0036255,D.Mims,NYJ,WR,1,0.0,0.0,0.0,0.0,0,0.0,0,0.0
2021,16,00-0034279,E.St. Brown,GB,WR,1,-1.0,-1.0,-1.0,-1.0,0,0.0,0,0.0
2021,15,00-0033908,C.Kupp,LA,WR,1,25.7,34.7,25.7,34.7,9,136.0,2,46.0
2021,15,00-0033040,T.Hill,KC,WR,1,20.8,32.8,20.8,32.8,12,148.0,1,47.0
2021,15,00-0031236,B.Cooks,HOU,WR,1,22.2,29.2,22.2,29.2,7,102.0,2,75.0
2021,15,00-0036196,G.Davis,BUF,WR,1,20.5,25.5,20.5,25.5,5,85.0,2,16.0
2021,15,00-0034775,C.Kirk,ARI,WR,1,15.4,24.4,15.4,24.4,9,94.0,1,31.0
2021,15,00-0036963,A.St. Brown,DET,WR,1,15.5,23.5,15.5,23.5,8,90.0,1,41.0
2021,15,00-0034411,R.Gage,ATL,WR,1,15.1,23.1,15.1,23.1,8,91.0,1,11.0
2021,15,00-0034272,M.Valdes-Scantling,GB,WR,1,15.8,20.8,15.8,20.8,5,98.0,1,27.0
2021,15,00-0033009,T.Boyd,CIN,WR,1,15.6,20.6,15.6,20.6,5,96.0,1,42.0
2021,15,00-0030279,K.Allen,LAC,WR,1,13.8,19.8,13.8,19.8,6,78.0,1,12.0
2021,15,00-0035719,D.Samuel,SF,WR,1,14.9,18.9,14.9,18.9,4,60.0,0,45.0
2021,15,00-0033943,J.Reynolds,DET,WR,1,12.8,18.8,12.8,18.8,6,68.0,1,11.0
2021,15,00-0036219,M.Callaway,NO,WR,1,11.2,17.2,11.2,17.2,6,112.0,0,35.0
2021,15,00-0031547,D.Parker,MIA,WR,1,12.8,16.8,12.8,16.8,4,68.0,1,15.0
2021,15,00-0031381,D.Adams,GB,WR,1,10.4,16.4,10.4,16.4,6,44.0,1,32.0
2021,15,00-0036322,J.Jefferson,MIN,WR,1,10.7,14.7,10.7,14.7,4,47.0,1,9.0
2021,15,00-0035662,M.Brown,BAL,WR,1,4.3,14.3,4.3,14.3,10,43.0,0,15.0
2021,15,00-0031588,S.Diggs,BUF,WR,1,9.5,13.5,9.5,13.5,4,35.0,1,8.0
2021,15,00-0033375,T.Patrick,DEN,WR,1,10.2,13.2,10.2,13.2,3,42.0,1,0.0
2021,15,00-0033891,Z.Jones,LV,WR,1,6.7,12.7,6.7,12.7,6,67.0,0,11.0
2021,15,00-0036259,J.Jennings,SF,WR,1,8.8,11.8,8.8,11.8,3,28.0,1,16.0
2021,15,00-0032951,L.Treadwell,JAX,WR,1,5.7,11.7,5.7,11.7,6,57.0,0,15.0
2021,15,00-0036309,D.Mooney,CHI,WR,1,6.6,11.6,6.6,11.6,5,63.0,0,15.0
2021,15,00-0034960,J.Meyers,NE,WR,1,5.3,11.3,5.3,11.3,6,44.0,0,12.0
2021,15,00-0035640,D.Metcalf,SEA,WR,1,5.2,11.2,5.2,11.2,6,52.0,0,25.0
2021,15,00-0031868,D.Byrd,CHI,WR,1,6.2,11.2,6.2,11.2,5,62.0,0,19.0
2021,15,00-0036358,C.Lamb,DAL,WR,1,5.0,11.0,5.0,11.0,6,50.0,0,17.0
2021,15,00-0033921,C.Godwin,TB,WR,1,4.9,10.9,4.9,10.9,6,49.0,0,15.0
2021,15,00-0034827,D.Moore,CAR,WR,1,4.8,10.8,4.8,10.8,6,48.0,0,24.0
2021,15,00-0033733,G.Ward,PHI,WR,1,8.8,10.8,8.8,10.8,2,28.0,1,12.0
2021,15,00-0034419,B.Berrios,NYJ,WR,1,9.6,10.6,9.6,10.6,1,26.0,0,31.0
2021,15,00-0027942,A.Green,ARI,WR,1,6.4,10.4,6.4,10.4,4,64.0,0,23.0
2021,15,00-0036365,B.Edwards,LV,WR,1,6.8,9.8,6.8,9.8,3,8.0,1,-4.0
2021,15,00-0035216,D.Johnson,PIT,WR,1,4.8,9.8,4.8,9.8,5,38.0,0,30.0
2021,15,00-0033307,K.Bourne,NE,WR,1,6.3,9.3,6.3,9.3,3,44.0,0,3.0
2021,15,00-0032688,R.Chosen,CAR,WR,1,6.2,9.2,6.2,9.2,3,29.0,0,5.0
2021,15,00-0035414,J.Guyton,LAC,WR,1,7.0,9.0,7.0,9.0,2,10.0,1,0.0
2021,15,00-0031941,J.Crowder,NYJ,WR,1,4.0,9.0,4.0,9.0,5,40.0,0,8.0
2021,15,00-0036268,L.Shenault,JAX,WR,1,4.9,8.9,4.9,8.9,4,39.0,0,31.0
2021,15,00-0036233,D.Peoples-Jones,CLE,WR,1,4.8,8.8,4.8,8.8,4,48.0,0,10.0
2021,15,00-0036387,J.Reagor,PHI,WR,1,5.7,8.7,5.7,8.7,3,57.0,0,43.0
2021,15,00-0033932,K.Golladay,NYG,WR,1,5.3,8.3,5.3,8.3,3,53.0,0,4.0
2021,15,00-0036862,B.Skowronek,LA,WR,1,4.2,8.2,4.2,8.2,4,42.0,0,18.0
2021,15,00-0036427,T.Johnson,TB,WR,1,4.1,8.1,4.1,8.1,4,41.0,0,18.0
2021,15,00-0033471,I.Ford,MIA,WR,1,5.1,8.1,5.1,8.1,3,51.0,0,11.0
2021,15,00-0033536,M.Williams,LAC,WR,1,4.9,7.9,4.9,7.9,3,49.0,0,10.0
2021,15,00-0036635,I.Smith-Marsette,MIN,WR,1,6.7,7.7,6.7,7.7,1,7.0,1,0.0
2021,15,00-0029000,C.Beasley,BUF,WR,1,3.5,7.5,3.5,7.5,4,35.0,0,15.0
2021,15,00-0031549,N.Agholor,NE,WR,1,3.4,7.4,3.4,7.4,4,34.0,0,0.0
2021,15,00-0035208,O.Zaccheaus,ATL,WR,1,5.3,7.3,5.3,7.3,2,53.0,0,5.0
2021,15,00-0035624,N.Harry,NE,WR,1,5.2,7.2,5.2,7.2,2,52.0,0,4.0
2021,15,00-0036182,N.Westbrook-Ikhine,TEN,WR,1,3.2,7.2,3.2,7.2,4,32.0,0,3.0
2021,15,00-0035659,T.McLaurin,WAS,WR,1,5.1,7.1,5.1,7.1,2,51.0,0,3.0
2021,15,00-0036912,D.Smith,PHI,WR,1,4.0,7.0,4.0,7.0,3,40.0,0,3.0
2021,15,00-0032355,C.Rogers,TEN,WR,1,3.0,7.0,3.0,7.0,4,30.0,0,20.0
2021,15,00-0034676,J.Washington,PIT,WR,1,3.6,6.6,3.6,6.6,3,36.0,0,5.0
2021,15,00-0032208,P.Dorsett,HOU,WR,1,4.3,6.3,4.3,6.3,2,43.0,0,14.0
2021,15,00-0034983,H.Renfrow,LV,WR,1,3.2,6.2,3.2,6.2,3,32.0,0,11.0
2021,15,00-0034764,M.Gallup,DAL,WR,1,3.2,6.2,3.2,6.2,3,32.0,0,2.0
2021,15,00-0032977,R.Higgins,CLE,WR,1,2.4,5.4,2.4,5.4,3,24.0,0,6.0
2021,15,00-0036415,V.Jefferson,LA,WR,1,3.3,5.3,3.3,5.3,2,23.0,0,1.0
2021,15,00-0032009,A.Humphries,WAS,WR,1,2.3,5.3,2.3,5.3,3,23.0,0,3.0
2021,15,00-0034297,B.Pringle,KC,WR,1,2.2,5.2,2.2,5.2,3,22.0,0,12.0
2021,15,00-0036345,K.Osborn,MIN,WR,1,2.1,5.1,2.1,5.1,3,21.0,0,6.0
2021,15,00-0035126,A.Wesley,ARI,WR,1,1.9,4.9,1.9,4.9,3,19.0,0,12.0
2021,15,00-0034521,A.Lazard,GB,WR,1,2.8,4.8,2.8,4.8,2,23.0,0,4.0
2021,15,00-0036261,B.Aiyuk,SF,WR,1,3.6,4.6,3.6,4.6,1,36.0,0,26.0
2021,15,00-0031763,D.Carter,WAS,WR,1,2.4,4.4,2.4,4.4,2,12.0,0,11.0
2021,15,00-0036331,D.Duvernay,BAL,WR,1,1.3,4.3,1.3,4.3,3,13.0,0,8.0
2021,15,00-0035535,D.Slayton,NYG,WR,1,2.3,4.3,2.3,4.3,2,23.0,0,0.0
2021,15,00-0036410,T.Higgins,CIN,WR,1,2.3,4.3,2.3,4.3,2,23.0,0,13.0
2021,15,00-0032464,K.Raymond,DET,WR,1,2.0,4.0,2.0,4.0,2,20.0,0,8.0
2021,15,00-0036936,R.Moore,ARI,WR,1,1.0,4.0,1.0,4.0,3,9.0,0,20.0
2021,15,00-0035021,A.Dulin,IND,WR,1,3.9,3.9,3.9,3.9,0,0.0,0,0.0
2021,15,00-0035298,S.Miller,TB,WR,1,1.8,3.8,1.8,3.8,2,18.0,0,2.0
2021,15,00-0034052,B.Zylstra,CAR,WR,1,1.7,3.7,1.7,3.7,2,17.0,0,0.0
2021,15,00-0034765,T.Smith,NO,WR,1,1.7,3.7,1.7,3.7,2,17.0,0,3.0
2021,15,00-0036247,F.Swain,SEA,WR,1,2.5,3.5,2.5,3.5,1,25.0,0,20.0
2021,15,00-0032385,S.Shepard,NYG,WR,1,1.5,3.5,1.5,3.5,2,15.0,0,5.0
2021,15,00-0029293,M.Jones,JAX,WR,1,1.4,3.4,1.4,3.4,2,14.0,0,2.0
2021,15,00-0036554,N.Collins,HOU,WR,1,1.4,3.4,1.4,3.4,2,14.0,0,0.0
2021,15,00-0036271,Q.Watkins,PHI,WR,1,1.4,3.4,1.4,3.4,2,14.0,0,1.0
2021,15,00-0033251,Z.Pascal,IND,WR,1,2.3,3.3,2.3,3.3,1,23.0,0,2.0
2021,15,00-0034348,C.Sutton,DEN,WR,1,1.2,3.2,1.2,3.2,2,12.0,0,2.0
2021,15,00-0032128,C.Conley,HOU,WR,1,1.2,3.2,1.2,3.2,2,12.0,0,11.0
2021,15,00-0035140,M.Hardman,KC,WR,1,1.1,3.1,1.1,3.1,2,11.0,0,4.0
2021,15,00-0029608,T.Hilton,IND,WR,1,1.9,2.9,1.9,2.9,1,19.0,0,14.0
2021,15,00-0031544,A.Cooper,DAL,WR,1,0.8,2.8,0.8,2.8,2,8.0,0,5.0
2021,15,00-0036254,C.Johnson,NYG,WR,1,1.6,2.6,1.6,2.6,1,16.0,0,3.0
2021,15,00-0033466,I.McKenzie,BUF,WR,1,1.5,2.5,1.5,2.5,1,7.0,0,2.0
2021,15,00-0036988,J.Palmer,LAC,WR,1,1.5,2.5,1.5,2.5,1,15.0,0,2.0
2021,15,00-0031408,M.Evans,TB,WR,1,1.4,2.4,1.4,2.4,1,14.0,0,0.0
2021,15,00-0035527,A.Isabella,ARI,WR,1,1.3,2.3,1.3,2.3,1,13.0,0,7.0
2021,15,00-0034104,C.Sims,WAS,WR,1,1.3,2.3,1.3,2.3,1,13.0,0,0.0
2021,15,00-0026189,D.Jackson,LV,WR,1,1.1,2.1,1.1,2.1,1,11.0,0,0.0
2021,15,00-0030525,T.Austin,JAX,WR,1,1.1,2.1,1.1,2.1,1,11.0,0,0.0
2021,15,00-0030669,A.Wilson,MIA,WR,1,1.0,2.0,1.0,2.0,1,9.0,0,-3.0
2021,15,00-0033681,K.Cole,NYJ,WR,1,0.9,1.9,0.9,1.9,1,9.0,0,0.0
2021,15,00-0036326,C.Claypool,PIT,WR,1,1.9,1.9,1.9,1.9,0,12.0,0,12.0
2021,15,00-0036133,J.Proche,BAL,WR,1,0.8,1.8,0.8,1.8,1,8.0,0,0.0
2021,15,00-0031235,O.Beckham,LA,WR,1,0.7,1.7,0.7,1.7,1,7.0,0,1.0
2021,15,00-0032791,J.Grant,CHI,WR,1,1.7,1.7,1.7,1.7,0,0.0,0,0.0
2021,15,00-0036252,M.Pittman,IND,WR,1,0.7,1.7,0.7,1.7,1,7.0,0,2.0
2021,15,00-0034867,M.Turner,DAL,WR,1,0.6,1.6,0.6,1.6,1,6.0,0,1.0
2021,15,00-0036550,R.Bateman,BAL,WR,1,0.5,1.5,0.5,1.5,1,5.0,0,0.0
2021,15,00-0033386,C.Hollister,TEN,WR,1,0.5,1.5,0.5,1.5,1,5.0,0,0.0
2021,15,00-0036630,T.Wallace,BAL,WR,1,0.5,1.5,0.5,1.5,1,5.0,0,0.0
2021,15,00-0036900,J.Chase,CIN,WR,1,0.3,1.3,0.3,1.3,1,3.0,0,0.0
2021,15,00-0034407,R.McCloud,PIT,WR,1,0.0,1.0,0.0,1.0,1,0.0,0,4.0
2021,15,00-0036652,R.McMath,TEN,WR,1,-0.1,0.9,-0.1,0.9,1,-1.0,0,-4.0
2021,15,00-0036671,D.Milne,WAS,WR,1,-0.2,0.8,-0.2,0.8,1,-2.0,0,0.0
2021,15,00-0027691,A.Roberts,LAC,WR,1,0.6,0.6,0.6,0.6,0,0.0,0,0.0
2021,15,00-0034132,C.Blake,ATL,WR,1,0.0,0.0,0.0,0.0,0,0.0,0,0.0
2021,15,00-0035864,K.Hinton,DEN,WR,1,0.0,0.0,0.0,0.0,0,0.0,0,0.0
2021,15,00-0036955,T.Marshall,CAR,WR,1,0.0,0.0,0.0,0.0,0,0.0,0,0.0
2021,15,00-0032778,T.Sharpe,ATL,WR,1,0.0,0.0,0.0,0.0,0,0.0,0,0.0
2021,15,00-0035593,J.Winfree,GB,WR,1,0.0,0.0,0.0,0.0,0,0.0,0,0.0
2021,15,00-0032200,T.Montgomery,NO,WR,1,0.0,0.0,0.0,0.0,0,0.0,0,0.0
2021,15,00-0036255,D.Mims,NYJ,WR,1,0.0,0.0,0.0,0.0,0,0.0,0,0.0
2021,15,00-0033111,P.Cooper,NYG,WR,1,0.0,0.0,0.0,0.0,0,0.0,0,0.0
2021,15,00-0034487,T.Sherfield,SF,WR,1,0.0,0.0,0.0,0.0,0,0.0,0,0.0
2021,15,00-0036907,D.Newsome,CHI,WR,1,0.0,0.0,0.0,0.0,0,0.0,0,0.0
2021,15,00-0035645,G.Olszewski,NE,WR,1,0.0,0.0,0.0,0.0,0,0.0,0,0.0
2021,15,00-0027944,J.Jones,TEN,WR,1,0.0,0.0,0.0,0.0,0,0.0,0,0.0
2021,15,00-0033555,M.Hollins,MIA,WR,1,0.0,0.0,0.0,0.0,0,0.0,0,0.0
2021,15,00-0032775,D.Robinson,KC,WR,1,0.0,0.0,0.0,0.0,0,0.0,0,0.0
2021,15,00-0036877,J.Darden,TB,WR,1,0.0,0.0,0.0,0.0,0,0.0,0,0.0
2021,15,00-0030663,W.Snead,CAR,WR,1,0.0,0.0,0.0,0.0,0,0.0,0,0.0
2021,15,00-0036407,J.Jeudy,DEN,WR,1,0.0,0.0,0.0,0.0,0,0.0,0,0.0
2021,15,00-0036620,D.Eskridge,SEA,WR,1,0.0,0.0,0.0,0.0,0,0.0,0,0.0
2021,14,00-0031381,D.Adams,GB,WR,1,24.1,34.1,24.1,34.1,10,121.0,2,61.0
2021,14,00-0033908,C.Kupp,LA,WR,1,18.3,31.3,18.3,31.3,13,123.0,1,50.0
2021,14,00-0034983,H.Renfrow,LV,WR,1,17.7,30.7,17.7,30.7,13,117.0,1,70.0
2021,14,00-0036900,J.Chase,CIN,WR,1,20.3,25.3,20.3,25.3,5,77.0,2,16.0
2021,14,00-0032211,T.Lockett,SEA,WR,1,20.2,25.2,20.2,25.2,5,142.0,1,5.0
2021,14,00-0032688,R.Chosen,CAR,WR,1,14.4,21.4,14.4,21.4,7,84.0,1,10.0
2021,14,00-0031408,M.Evans,TB,WR,1,15.1,21.1,15.1,21.1,6,91.0,1,10.0
2021,14,00-0034521,A.Lazard,GB,WR,1,14.9,20.9,14.9,20.9,6,75.0,1,23.0
2021,14,00-0036322,J.Jefferson,MIN,WR,1,13.5,20.5,13.5,20.5,7,79.0,1,25.0
2021,14,00-0033921,C.Godwin,TB,WR,1,10.5,20.5,10.5,20.5,10,105.0,0,59.0
2021,14,00-0031235,O.Beckham,LA,WR,1,13.7,19.7,13.7,19.7,6,77.0,1,42.0
2021,14,00-0036261,B.Aiyuk,SF,WR,1,12.6,18.6,12.6,18.6,6,62.0,1,41.0
2021,14,00-0031236,B.Cooks,HOU,WR,1,10.1,18.1,10.1,18.1,8,101.0,0,78.0
2021,14,00-0035414,J.Guyton,LAC,WR,1,14.7,17.7,14.7,17.7,3,87.0,1,13.0
2021,14,00-0036988,J.Palmer,LAC,WR,1,12.6,17.6,12.6,17.6,5,66.0,1,27.0
2021,14,00-0036326,C.Claypool,PIT,WR,1,9.5,17.5,9.5,17.5,8,93.0,0,21.0
2021,14,00-0036550,R.Bateman,BAL,WR,1,10.3,17.3,10.3,17.3,7,103.0,0,32.0
2021,14,00-0036345,K.Osborn,MIN,WR,1,14.3,17.3,14.3,17.3,3,83.0,1,21.0
2021,14,00-0027942,A.Green,ARI,WR,1,10.2,17.2,10.2,17.2,7,102.0,0,31.0
2021,14,00-0034676,J.Washington,PIT,WR,1,12.5,16.5,12.5,16.5,4,65.0,1,8.0
2021,14,00-0036410,T.Higgins,CIN,WR,1,11.4,16.4,11.4,16.4,5,114.0,0,34.0
2021,14,00-0031544,A.Cooper,DAL,WR,1,11.1,16.1,11.1,16.1,5,51.0,1,25.0
2021,14,00-0034104,C.Sims,WAS,WR,1,12.9,15.9,12.9,15.9,3,69.0,1,3.0
2021,14,00-0031868,D.Byrd,CHI,WR,1,13.6,15.6,13.6,15.6,2,76.0,1,49.0
2021,14,00-0029000,C.Beasley,BUF,WR,1,6.4,15.4,6.4,15.4,9,64.0,0,33.0
2021,14,00-0036963,A.St. Brown,DET,WR,1,7.3,15.3,7.3,15.3,8,73.0,0,35.0
2021,14,00-0036196,G.Davis,BUF,WR,1,10.3,15.3,10.3,15.3,5,43.0,1,16.0
2021,14,00-0031382,J.Landry,CLE,WR,1,10.1,15.1,10.1,15.1,5,41.0,1,10.0
2021,14,00-0036415,V.Jefferson,LA,WR,1,12.8,14.8,12.8,14.8,2,58.0,1,10.0
2021,14,00-0036358,C.Lamb,DAL,WR,1,7.6,14.6,7.6,14.6,7,61.0,0,39.0
2021,14,00-0031588,S.Diggs,BUF,WR,1,7.4,14.4,7.4,14.4,7,74.0,0,15.0
2021,14,00-0034827,D.Moore,CAR,WR,1,8.4,14.4,8.4,14.4,6,84.0,0,33.0
2021,14,00-0036233,D.Peoples-Jones,CLE,WR,1,9.0,14.0,9.0,14.0,5,90.0,0,15.0
2021,14,00-0035216,D.Johnson,PIT,WR,1,8.3,13.3,8.3,13.3,5,76.0,0,18.0
2021,14,00-0032464,K.Raymond,DET,WR,1,9.1,13.1,9.1,13.1,4,31.0,1,19.0
2021,14,00-0029293,M.Jones,JAX,WR,1,7.0,13.0,7.0,13.0,6,70.0,0,24.0
2021,14,00-0035719,D.Samuel,SF,WR,1,11.9,12.9,11.9,12.9,1,22.0,0,4.0
2021,14,00-0032054,B.Perriman,TB,WR,1,11.8,12.8,11.8,12.8,1,58.0,1,53.0
2021,14,00-0033536,M.Williams,LAC,WR,1,6.1,12.1,6.1,12.1,6,61.0,0,42.0
2021,14,00-0032791,J.Grant,CHI,WR,1,11.1,12.1,11.1,12.1,1,46.0,1,49.0
2021,14,00-0036554,N.Collins,HOU,WR,1,6.9,11.9,6.9,11.9,5,69.0,0,18.0
2021,14,00-0034775,C.Kirk,ARI,WR,1,8.6,11.6,8.6,11.6,3,86.0,0,5.0
2021,14,00-0033040,T.Hill,KC,WR,1,7.6,11.6,7.6,11.6,4,76.0,0,14.0
2021,14,00-0034419,B.Berrios,NYJ,WR,1,5.2,11.2,5.2,11.2,6,52.0,0,42.0
2021,14,00-0034764,M.Gallup,DAL,WR,1,6.0,11.0,6.0,11.0,5,60.0,0,17.0
2021,14,00-0032951,L.Treadwell,JAX,WR,1,6.8,10.8,6.8,10.8,4,68.0,0,6.0
2021,14,00-0030564,D.Hopkins,ARI,WR,1,5.4,10.4,5.4,10.4,5,54.0,0,5.0
2021,14,00-0034411,R.Gage,ATL,WR,1,6.4,10.4,6.4,10.4,4,64.0,0,17.0
2021,14,00-0033009,T.Boyd,CIN,WR,1,6.3,10.3,6.3,10.3,4,55.0,0,14.0
2021,14,00-0036407,J.Jeudy,DEN,WR,1,4.7,9.7,4.7,9.7,5,47.0,0,18.0
2021,14,00-0034407,R.McCloud,PIT,WR,1,3.2,9.2,3.2,9.2,6,32.0,0,20.0
2021,14,00-0035662,M.Brown,BAL,WR,1,4.1,9.1,4.1,9.1,5,41.0,0,19.0
2021,14,00-0029664,J.Gordon,KC,WR,1,6.9,8.9,6.9,8.9,2,9.0,1,3.0
2021,14,00-0034052,B.Zylstra,CAR,WR,1,4.5,8.5,4.5,8.5,4,45.0,0,29.0
2021,14,00-0035640,D.Metcalf,SEA,WR,1,4.3,8.3,4.3,8.3,4,43.0,0,27.0
2021,14,00-0033943,J.Reynolds,DET,WR,1,5.2,8.2,5.2,8.2,3,52.0,0,1.0
2021,14,00-0035140,M.Hardman,KC,WR,1,5.9,7.9,5.9,7.9,2,59.0,0,15.0
2021,14,00-0036259,J.Jennings,SF,WR,1,4.6,7.6,4.6,7.6,3,46.0,0,17.0
2021,14,00-0033891,Z.Jones,LV,WR,1,2.5,7.5,2.5,7.5,5,25.0,0,13.0
2021,14,00-0036268,L.Shenault,JAX,WR,1,3.4,7.4,3.4,7.4,4,34.0,0,18.0
2021,14,00-0032009,A.Humphries,WAS,WR,1,3.4,7.4,3.4,7.4,4,34.0,0,3.0
2021,14,00-0027944,J.Jones,TEN,WR,1,3.3,7.3,3.3,7.3,4,33.0,0,4.0
2021,14,00-0035045,D.Montgomery,NYJ,WR,1,3.6,6.6,3.6,6.6,3,36.0,0,15.0
2021,14,00-0034765,T.Smith,NO,WR,1,3.3,6.3,3.3,6.3,3,33.0,0,14.0
2021,14,00-0036182,N.Westbrook-Ikhine,TEN,WR,1,3.1,6.1,3.1,6.1,3,31.0,0,18.0
2021,14,00-0036219,M.Callaway,NO,WR,1,3.4,5.4,3.4,5.4,2,34.0,0,26.0
2021,14,00-0034272,M.Valdes-Scantling,GB,WR,1,2.0,5.0,2.0,5.0,3,20.0,0,11.0
2021,14,00-0031941,J.Crowder,NYJ,WR,1,1.9,4.9,1.9,4.9,3,19.0,0,5.0
2021,14,00-0032385,S.Shepard,NYG,WR,1,2.7,4.7,2.7,4.7,2,27.0,0,7.0
2021,14,00-0030525,T.Austin,JAX,WR,1,1.7,4.7,1.7,4.7,3,17.0,0,13.0
2021,14,00-0036427,T.Johnson,TB,WR,1,1.7,4.7,1.7,4.7,3,17.0,0,13.0
2021,14,00-0036936,R.Moore,ARI,WR,1,1.6,4.6,1.6,4.6,3,5.0,0,17.0
2021,14,00-0036365,B.Edwards,LV,WR,1,2.4,4.4,2.4,4.4,2,24.0,0,12.0
2021,14,00-0033375,T.Patrick,DEN,WR,1,2.1,4.1,2.1,4.1,2,21.0,0,9.0
2021,14,00-0032128,C.Conley,HOU,WR,1,2.0,4.0,2.0,4.0,2,20.0,0,25.0
2021,14,00-0034418,C.Wilson,DAL,WR,1,1.8,3.8,1.8,3.8,2,18.0,0,9.0
2021,14,00-0034297,B.Pringle,KC,WR,1,2.8,3.8,2.8,3.8,1,28.0,0,17.0
2021,14,00-0033681,K.Cole,NYJ,WR,1,2.7,3.7,2.7,3.7,1,27.0,0,4.0
2021,14,00-0036331,D.Duvernay,BAL,WR,1,1.7,3.7,1.7,3.7,2,14.0,0,11.0
2021,14,00-0027685,E.Sanders,BUF,WR,1,2.5,3.5,2.5,3.5,1,25.0,0,4.0
2021,14,00-0033932,K.Golladay,NYG,WR,1,1.5,3.5,1.5,3.5,2,15.0,0,8.0
2021,14,00-0031428,A.Robinson,CHI,WR,1,1.4,3.4,1.4,3.4,2,14.0,0,0.0
2021,14,00-0031763,D.Carter,WAS,WR,1,1.2,3.2,1.2,3.2,2,12.0,0,10.0
2021,14,00-0026189,D.Jackson,LV,WR,1,1.9,2.9,1.9,2.9,1,19.0,0,5.0
2021,14,00-0036309,D.Mooney,CHI,WR,1,1.9,2.9,1.9,2.9,1,19.0,0,2.0
2021,14,00-0035101,D.Davis,HOU,WR,1,1.7,2.7,1.7,2.7,1,17.0,0,13.0
2021,14,00-0035022,P.Hart,SEA,WR,1,1.6,2.6,1.6,2.6,1,16.0,0,9.0
2021,14,00-0032355,C.Rogers,TEN,WR,1,1.3,2.3,1.3,2.3,1,13.0,0,6.0
2021,14,00-0032208,P.Dorsett,HOU,WR,1,0.9,1.9,0.9,1.9,1,9.0,0,3.0
2021,14,00-0034348,C.Sutton,DEN,WR,1,0.9,1.9,0.9,1.9,1,9.0,0,2.0
2021,14,00-0036652,R.McMath,TEN,WR,1,0.9,1.9,0.9,1.9,1,9.0,0,13.0
2021,14,00-0033460,J.Ross,NYG,WR,1,0.7,1.7,0.7,1.7,1,7.0,0,3.0
2021,14,00-0035544,T.Kennedy,DET,WR,1,0.7,1.7,0.7,1.7,1,7.0,0,3.0
2021,14,00-0032778,T.Sharpe,ATL,WR,1,0.7,1.7,0.7,1.7,1,7.0,0,6.0
2021,14,00-0033111,P.Cooper,NYG,WR,1,0.6,1.6,0.6,1.6,1,6.0,0,0.0
2021,14,00-0033386,C.Hollister,TEN,WR,1,0.6,1.6,0.6,1.6,1,6.0,0,2.0
2021,14,00-0036080,E.Winston,NO,WR,1,0.5,1.5,0.5,1.5,1,5.0,0,9.0
2021,14,00-0033466,I.McKenzie,BUF,WR,1,0.5,1.5,0.5,1.5,1,5.0,0,9.0
2021,14,00-0036247,F.Swain,SEA,WR,1,0.3,0.3,0.3,0.3,0,0.0,0,0.0
2021,14,00-0034631,V.Smith,NYJ,WR,1,0.0,0.0,0.0,0.0,0,0.0,0,0.0
2021,14,00-0029269,T.Benjamin,SF,WR,1,0.0,0.0,0.0,0.0,0,0.0,0,0.0
2021,14,00-0036626,D.Brown,WAS,WR,1,0.0,0.0,0.0,0.0,0,0.0,0,0.0
2021,14,00-0036255,D.Mims,NYJ,WR,1,0.0,0.0,0.0,0.0,0,0.0,0,0.0
2021,14,00-0033282,C.Samuel,WAS,WR,1,0.0,0.0,0.0,0.0,0,0.0,0,0.0
2021,14,00-0035659,T.McLaurin,WAS,WR,1,0.0,0.0,0.0,0.0,0,0.0,0,0.0
2021,14,00-0033006,J.Mickens,JAX,WR,1,0.0,0.0,0.0,0.0,0,0.0,0,0.0
2021,14,00-0035535,D.Slayton,NYG,WR,1,0.0,0.0,0.0,0.0,0,0.0,0,0.0
2021,14,00-0036862,B.Skowronek,LA,WR,1,0.0,0.0,0.0,0.0,0,0.0,0,0.0
2021,14,00-0036620,D.Eskridge,SEA,WR,1,0.0,0.0,0.0,0.0,0,0.0,0,0.0
2021,14,00-0031319,D.Spencer,DEN,WR,1,0.0,0.0,0.0,0.0,0,0.0,0,0.0
2021,14,00-0031325,S.Watkins,BAL,WR,1,0.0,0.0,0.0,0.0,0,0.0,0,0.0
2021,14,00-0034854,K.Hodge,DET,WR,1,0.0,0.0,0.0,0.0,0,0.0,0,0.0
2021,13,00-0036322,J.Jefferson,MIN,WR,1,24.6,35.6,24.6,35.6,11,182.0,1,40.0
2021,13,00-0035216,D.Johnson,PIT,WR,1,22.5,30.5,22.5,30.5,8,105.0,2,51.0
2021,13,00-0033921,C.Godwin,TB,WR,1,15.2,30.2,15.2,30.2,15,143.0,0,66.0
2021,13,00-0036410,T.Higgins,CIN,WR,1,19.8,28.8,19.8,28.8,9,138.0,1,33.0
2021,13,00-0033908,C.Kupp,LA,WR,1,18.9,26.9,18.9,26.9,8,129.0,1,58.0
2021,13,00-0036963,A.St. Brown,DET,WR,1,14.8,24.8,14.8,24.8,10,86.0,1,27.0
2021,13,00-0034411,R.Gage,ATL,WR,1,13.0,24.0,13.0,24.0,11,130.0,0,44.0
2021,13,00-0036980,E.Moore,NYJ,WR,1,14.6,20.6,14.6,20.6,6,77.0,1,24.0
2021,13,00-0030279,K.Allen,LAC,WR,1,15.4,20.4,15.4,20.4,5,34.0,2,4.0
2021,13,00-0035215,D.Harty,NO,WR,1,15.9,19.9,15.9,19.9,4,96.0,1,73.0
2021,13,00-0032211,T.Lockett,SEA,WR,1,12.8,19.8,12.8,19.8,7,68.0,1,16.0
2021,13,00-0036358,C.Lamb,DAL,WR,1,12.2,19.2,12.2,19.2,7,89.0,0,43.0
2021,13,00-0034983,H.Renfrow,LV,WR,1,10.2,19.2,10.2,19.2,9,102.0,0,30.0
2021,13,00-0035414,J.Guyton,LAC,WR,1,14.9,18.9,14.9,18.9,4,90.0,1,20.0
2021,13,00-0036613,J.Waddle,MIA,WR,1,9.0,18.0,9.0,18.0,9,90.0,0,19.0
2021,13,00-0032791,J.Grant,CHI,WR,1,12.2,17.2,12.2,17.2,5,62.0,1,28.0
2021,13,00-0036252,M.Pittman,IND,WR,1,11.0,17.0,11.0,17.0,6,77.0,0,34.0
2021,13,00-0031408,M.Evans,TB,WR,1,9.9,16.9,9.9,16.9,7,99.0,0,21.0
2021,13,00-0036415,V.Jefferson,LA,WR,1,10.1,16.1,10.1,16.1,6,41.0,1,8.0
2021,13,00-0033536,M.Williams,LAC,WR,1,11.0,16.0,11.0,16.0,5,110.0,0,21.0
2021,13,00-0036345,K.Osborn,MIN,WR,1,10.7,14.7,10.7,14.7,4,47.0,1,18.0
2021,13,00-0034764,M.Gallup,DAL,WR,1,9.6,14.6,9.6,14.6,5,36.0,1,6.0
2021,13,00-0031325,S.Watkins,BAL,WR,1,9.9,13.9,9.9,13.9,4,39.0,1,11.0
2021,13,00-0033009,T.Boyd,CIN,WR,1,8.5,13.5,8.5,13.5,5,85.0,0,28.0
2021,13,00-0035406,L.Humphrey,NO,WR,1,10.9,12.9,10.9,12.9,2,49.0,1,18.0
2021,13,00-0036620,D.Eskridge,SEA,WR,1,9.5,12.5,9.5,12.5,3,35.0,1,8.0
2021,13,00-0036407,J.Jeudy,DEN,WR,1,7.7,11.7,7.7,11.7,4,77.0,0,47.0
2021,13,00-0030564,D.Hopkins,ARI,WR,1,9.2,11.2,9.2,11.2,2,32.0,1,4.0
2021,13,00-0031547,D.Parker,MIA,WR,1,6.2,11.2,6.2,11.2,5,62.0,0,3.0
2021,13,00-0035640,D.Metcalf,SEA,WR,1,6.0,11.0,6.0,11.0,5,60.0,0,7.0
2021,13,00-0036196,G.Davis,BUF,WR,1,9.0,11.0,9.0,11.0,2,30.0,1,11.0
2021,13,00-0033943,J.Reynolds,DET,WR,1,6.9,10.9,6.9,10.9,4,69.0,0,39.0
2021,13,00-0031235,O.Beckham,LA,WR,1,8.8,10.8,8.8,10.8,2,28.0,1,15.0
2021,13,00-0035662,M.Brown,BAL,WR,1,5.5,10.5,5.5,10.5,5,55.0,0,14.0
2021,13,00-0032951,L.Treadwell,JAX,WR,1,6.2,10.2,6.2,10.2,4,62.0,0,40.0
2021,13,00-0036900,J.Chase,CIN,WR,1,5.2,10.2,5.2,10.2,5,52.0,0,22.0
2021,13,00-0031941,J.Crowder,NYJ,WR,1,6.2,10.2,6.2,10.2,4,62.0,0,35.0
2021,13,00-0031588,S.Diggs,BUF,WR,1,5.1,9.1,5.1,9.1,4,51.0,0,5.0
2021,13,00-0036271,Q.Watkins,PHI,WR,1,6.0,9.0,6.0,9.0,3,60.0,0,19.0
2021,13,00-0036261,B.Aiyuk,SF,WR,1,5.5,8.5,5.5,8.5,3,55.0,0,16.0
2021,13,00-0031236,B.Cooks,HOU,WR,1,5.4,8.4,5.4,8.4,3,38.0,0,16.0
2021,13,00-0032009,A.Humphries,WAS,WR,1,3.8,7.8,3.8,7.8,4,38.0,0,10.0
2021,13,00-0036309,D.Mooney,CHI,WR,1,2.7,7.7,2.7,7.7,5,27.0,0,19.0
2021,13,00-0035208,O.Zaccheaus,ATL,WR,1,4.6,7.6,4.6,7.6,3,44.0,0,7.0
2021,13,00-0033555,M.Hollins,MIA,WR,1,6.5,7.5,6.5,7.5,1,5.0,1,0.0
2021,13,00-0036326,C.Claypool,PIT,WR,1,5.4,7.4,5.4,7.4,2,52.0,0,27.0
2021,13,00-0035021,A.Dulin,IND,WR,1,6.2,7.2,6.2,7.2,1,2.0,1,0.0
2021,13,00-0033471,I.Ford,MIA,WR,1,6.2,7.2,6.2,7.2,1,2.0,1,0.0
2021,13,00-0032200,T.Montgomery,NO,WR,1,3.0,7.0,3.0,7.0,4,9.0,0,14.0
2021,13,00-0033932,K.Golladay,NYG,WR,1,3.7,6.7,3.7,6.7,3,37.0,0,7.0
2021,13,00-0031868,D.Byrd,CHI,WR,1,3.6,6.6,3.6,6.6,3,36.0,0,10.0
2021,13,00-0030669,A.Wilson,MIA,WR,1,2.6,6.6,2.6,6.6,4,26.0,0,22.0
2021,13,00-0036268,L.Shenault,JAX,WR,1,3.1,6.1,3.1,6.1,3,30.0,0,25.0
2021,13,00-0031544,A.Cooper,DAL,WR,1,4.1,6.1,4.1,6.1,2,41.0,0,21.0
2021,13,00-0036365,B.Edwards,LV,WR,1,3.0,6.0,3.0,6.0,3,30.0,0,8.0
2021,13,00-0032464,K.Raymond,DET,WR,1,3.3,5.3,3.3,5.3,2,33.0,0,8.0
2021,13,00-0027685,E.Sanders,BUF,WR,1,2.2,5.2,2.2,5.2,3,22.0,0,7.0
2021,13,00-0035659,T.McLaurin,WAS,WR,1,2.2,5.2,2.2,5.2,3,22.0,0,1.0
2021,13,00-0033891,Z.Jones,LV,WR,1,2.1,5.1,2.1,5.1,3,21.0,0,9.0
2021,13,00-0036247,F.Swain,SEA,WR,1,1.8,4.8,1.8,4.8,3,18.0,0,17.0
2021,13,00-0036862,B.Skowronek,LA,WR,1,3.5,4.5,3.5,4.5,1,35.0,0,9.0
2021,13,00-0033040,T.Hill,KC,WR,1,2.2,4.2,2.2,4.2,2,22.0,0,16.0
2021,13,00-0029608,T.Hilton,IND,WR,1,2.2,4.2,2.2,4.2,2,22.0,0,2.0
2021,13,00-0032775,D.Robinson,KC,WR,1,2.1,4.1,2.1,4.1,2,21.0,0,14.0
2021,13,00-0033111,P.Cooper,NYG,WR,1,2.1,4.1,2.1,4.1,2,21.0,0,4.0
2021,13,00-0036331,D.Duvernay,BAL,WR,1,2.1,4.1,2.1,4.1,2,21.0,0,15.0
2021,13,00-0032778,T.Sharpe,ATL,WR,1,1.0,4.0,1.0,4.0,3,10.0,0,2.0
2021,13,00-0034487,T.Sherfield,SF,WR,1,1.6,3.6,1.6,3.6,2,16.0,0,9.0
2021,13,00-0034348,C.Sutton,DEN,WR,1,1.5,3.5,1.5,3.5,2,15.0,0,3.0
2021,13,00-0033871,C.Davis,NYJ,WR,1,1.5,3.5,1.5,3.5,2,15.0,0,12.0
2021,13,00-0034765,T.Smith,NO,WR,1,1.5,3.5,1.5,3.5,2,15.0,0,1.0
2021,13,00-0036912,D.Smith,PHI,WR,1,1.5,3.5,1.5,3.5,2,15.0,0,10.0
2021,13,00-0033591,N.Brown,DAL,WR,1,1.4,3.4,1.4,3.4,2,14.0,0,4.0
2021,13,00-0035535,D.Slayton,NYG,WR,1,1.3,3.3,1.3,3.3,2,13.0,0,15.0
2021,13,00-0029293,M.Jones,JAX,WR,1,1.1,3.1,1.1,3.1,2,11.0,0,1.0
2021,13,00-0033006,J.Mickens,JAX,WR,1,1.0,3.0,1.0,3.0,2,10.0,0,3.0
2021,13,00-0033251,Z.Pascal,IND,WR,1,1.8,2.8,1.8,2.8,1,6.0,0,3.0
2021,13,00-0027942,A.Green,ARI,WR,1,1.4,2.4,1.4,2.4,1,14.0,0,0.0
2021,13,00-0026189,D.Jackson,LV,WR,1,1.4,2.4,1.4,2.4,1,14.0,0,1.0
2021,13,00-0034297,B.Pringle,KC,WR,1,1.4,2.4,1.4,2.4,1,14.0,0,7.0
2021,13,00-0036219,M.Callaway,NO,WR,1,1.3,2.3,1.3,2.3,1,13.0,0,7.0
2021,13,00-0035140,M.Hardman,KC,WR,1,1.2,2.2,1.2,2.2,1,12.0,0,16.0
2021,13,00-0034419,B.Berrios,NYJ,WR,1,1.1,2.1,1.1,2.1,1,11.0,0,0.0
2021,13,00-0029000,C.Beasley,BUF,WR,1,1.1,2.1,1.1,2.1,1,11.0,0,7.0
2021,13,00-0034867,M.Turner,DAL,WR,1,1.0,2.0,1.0,2.0,1,10.0,0,1.0
2021,13,00-0036936,R.Moore,ARI,WR,1,1.0,2.0,1.0,2.0,1,8.0,0,11.0
2021,13,00-0033375,T.Patrick,DEN,WR,1,0.9,1.9,0.9,1.9,1,9.0,0,4.0
2021,13,00-0030525,T.Austin,JAX,WR,1,0.9,1.9,0.9,1.9,1,9.0,0,12.0
2021,13,00-0034854,K.Hodge,DET,WR,1,0.9,1.9,0.9,1.9,1,9.0,0,0.0
2021,13,00-0036259,J.Jennings,SF,WR,1,0.8,1.8,0.8,1.8,1,8.0,0,5.0
2021,13,00-0034407,R.McCloud,PIT,WR,1,0.7,1.7,0.7,1.7,1,7.0,0,4.0
2021,13,00-0036387,J.Reagor,PHI,WR,1,0.7,1.7,0.7,1.7,1,7.0,0,3.0
2021,13,00-0035864,K.Hinton,DEN,WR,1,0.7,1.7,0.7,1.7,1,7.0,0,2.0
2021,13,00-0031763,D.Carter,WAS,WR,1,0.6,1.6,0.6,1.6,1,6.0,0,1.0
2021,13,00-0036626,D.Brown,WAS,WR,1,0.6,1.6,0.6,1.6,1,6.0,0,7.0
2021,13,00-0032054,B.Perriman,TB,WR,1,0.5,1.5,0.5,1.5,1,5.0,0,7.0
2021,13,00-0036427,T.Johnson,TB,WR,1,0.5,1.5,0.5,1.5,1,5.0,0,0.0
2021,13,00-0034775,C.Kirk,ARI,WR,1,0.4,1.4,0.4,1.4,1,4.0,0,1.0
2021,13,00-0036255,D.Mims,NYJ,WR,1,0.4,1.4,0.4,1.4,1,4.0,0,0.0
2021,13,00-0030035,A.Thielen,MIN,WR,1,0.0,1.0,0.0,1.0,1,0.0,0,1.0
2021,13,00-0035022,P.Hart,SEA,WR,1,-0.1,0.9,-0.1,0.9,1,-1.0,0,0.0
2021,13,00-0033282,C.Samuel,WAS,WR,1,-0.2,0.8,-0.2,0.8,1,-1.0,0,4.0
2021,13,00-0033839,D.Westbrook,MIN,WR,1,-0.2,0.8,-0.2,0.8,1,-2.0,0,0.0
2021,13,00-0031549,N.Agholor,NE,WR,1,0.6,0.6,0.6,0.6,0,0.0,0,0.0
2021,13,00-0033307,K.Bourne,NE,WR,1,0.3,0.3,0.3,0.3,0,0.0,0,0.0
2021,13,00-0030085,K.Stills,NO,WR,1,0.0,0.0,0.0,0.0,0,0.0,0,0.0
2021,13,00-0036550,R.Bateman,BAL,WR,1,0.0,0.0,0.0,0.0,0,0.0,0,0.0
2021,13,00-0036554,N.Collins,HOU,WR,1,0.0,0.0,0.0,0.0,0,0.0,0,0.0
2021,13,00-0032128,C.Conley,HOU,WR,1,0.0,0.0,0.0,0.0,0,0.0,0,0.0
2021,13,00-0034676,J.Washington,PIT,WR,1,0.0,0.0,0.0,0.0,0,0.0,0,0.0
2021,13,00-0035101,D.Davis,HOU,WR,1,0.0,0.0,0.0,0.0,0,0.0,0,0.0
2021,13,00-0036988,J.Palmer,LAC,WR,1,0.0,0.0,0.0,0.0,0,0.0,0,0.0
2021,13,00-0033460,J.Ross,NYG,WR,1,0.0,0.0,0.0,0.0,0,0.0,0,0.0
2021,13,00-0033481,M.Kemp,KC,WR,1,0.0,0.0,0.0,0.0,0,0.0,0,0.0
2021,13,00-0033957,R.Adams,CHI,WR,1,0.0,0.0,0.0,0.0,0,0.0,0,0.0
2021,12,00-0036613,J.Waddle,MIA,WR,1,19.7,28.7,19.7,28.7,9,137.0,1,67.0
2021,12,00-0036410,T.Higgins,CIN,WR,1,17.4,23.4,17.4,23.4,6,114.0,1,20.0
2021,12,00-0030035,A.Thielen,MIN,WR,1,18.2,23.2,18.2,23.2,5,62.0,2,10.0
2021,12,00-0033307,K.Bourne,NE,WR,1,18.1,23.1,18.1,23.1,5,61.0,2,37.0
2021,12,00-0034983,H.Renfrow,LV,WR,1,13.6,21.6,13.6,21.6,8,134.0,0,55.0
2021,12,00-0035719,D.Samuel,SF,WR,1,19.8,20.8,19.8,20.8,1,12.0,0,5.0
2021,12,00-0031588,S.Diggs,BUF,WR,1,13.4,20.4,13.4,20.4,7,74.0,1,21.0
2021,12,00-0028002,R.Cobb,GB,WR,1,15.5,19.5,15.5,19.5,4,95.0,1,69.0
2021,12,00-0026189,D.Jackson,LV,WR,1,16.2,19.2,16.2,19.2,3,102.0,1,46.0
2021,12,00-0031235,O.Beckham,LA,WR,1,14.1,19.1,14.1,19.1,5,81.0,1,26.0
2021,12,00-0035216,D.Johnson,PIT,WR,1,9.5,18.5,9.5,18.5,9,95.0,0,35.0
2021,12,00-0031381,D.Adams,GB,WR,1,10.4,18.4,10.4,18.4,8,104.0,0,36.0
2021,12,00-0036415,V.Jefferson,LA,WR,1,15.3,18.3,15.3,18.3,3,93.0,1,39.0
2021,12,00-0034411,R.Gage,ATL,WR,1,12.2,18.2,12.2,18.2,6,62.0,1,34.0
2021,12,00-0036309,D.Mooney,CHI,WR,1,12.5,17.5,12.5,17.5,5,123.0,0,32.0
2021,12,00-0034418,C.Wilson,DAL,WR,1,10.4,17.4,10.4,17.4,7,104.0,0,43.0
2021,12,00-0031382,J.Landry,CLE,WR,1,11.1,17.1,11.1,17.1,6,111.0,0,49.0
2021,12,00-0033908,C.Kupp,LA,WR,1,9.6,16.6,9.6,16.6,7,96.0,0,41.0
2021,12,00-0033943,J.Reynolds,DET,WR,1,13.0,16.0,13.0,16.0,3,70.0,1,14.0
2021,12,00-0034764,M.Gallup,DAL,WR,1,10.6,15.6,10.6,15.6,5,106.0,0,20.0
2021,12,00-0030279,K.Allen,LAC,WR,1,8.5,15.5,8.5,15.5,7,85.0,0,25.0
2021,12,00-0034960,J.Meyers,NE,WR,1,9.8,14.8,9.8,14.8,5,98.0,0,27.0
2021,12,00-0034827,D.Moore,CAR,WR,1,10.3,14.3,10.3,14.3,4,103.0,0,28.0
2021,12,00-0031236,B.Cooks,HOU,WR,1,10.5,13.5,10.5,13.5,3,45.0,1,5.0
2021,12,00-0036322,J.Jefferson,MIN,WR,1,9.5,13.5,9.5,13.5,4,83.0,0,29.0
2021,12,00-0035021,A.Dulin,IND,WR,1,12.2,13.2,12.2,13.2,1,62.0,1,10.0
2021,12,00-0035662,M.Brown,BAL,WR,1,5.1,13.1,5.1,13.1,8,51.0,0,23.0
2021,12,00-0029608,T.Hilton,IND,WR,1,8.8,12.8,8.8,12.8,4,28.0,1,3.0
2021,12,00-0032211,T.Lockett,SEA,WR,1,9.6,12.6,9.6,12.6,3,96.0,0,32.0
2021,12,00-0036261,B.Aiyuk,SF,WR,1,9.5,12.5,9.5,12.5,3,91.0,0,40.0
2021,12,00-0033891,Z.Jones,LV,WR,1,6.3,11.3,6.3,11.3,5,59.0,0,57.0
2021,12,00-0033591,N.Brown,DAL,WR,1,5.3,11.3,5.3,11.3,6,53.0,0,18.0
2021,12,00-0036326,C.Claypool,PIT,WR,1,8.2,11.2,8.2,11.2,3,82.0,0,9.0
2021,12,00-0036182,N.Westbrook-Ikhine,TEN,WR,1,8.5,10.5,8.5,10.5,2,25.0,1,3.0
2021,12,00-0036259,J.Jennings,SF,WR,1,8.4,10.4,8.4,10.4,2,24.0,1,6.0
2021,12,00-0036247,F.Swain,SEA,WR,1,9.2,10.2,9.2,10.2,1,32.0,1,1.0
2021,12,00-0030525,T.Austin,JAX,WR,1,8.1,10.1,8.1,10.1,2,21.0,1,9.0
2021,12,00-0029000,C.Beasley,BUF,WR,1,4.6,9.6,4.6,9.6,5,46.0,0,13.0
2021,12,00-0032200,T.Montgomery,NO,WR,1,4.5,9.5,4.5,9.5,5,31.0,0,46.0
2021,12,00-0036252,M.Pittman,IND,WR,1,5.3,9.3,5.3,9.3,4,53.0,0,3.0
2021,12,00-0036980,E.Moore,NYJ,WR,1,5.3,9.3,5.3,9.3,4,46.0,0,18.0
2021,12,00-0032951,L.Treadwell,JAX,WR,1,5.3,9.3,5.3,9.3,4,53.0,0,28.0
2021,12,00-0035659,T.McLaurin,WAS,WR,1,5.1,9.1,5.1,9.1,4,51.0,0,26.0
2021,12,00-0034272,M.Valdes-Scantling,GB,WR,1,5.0,9.0,5.0,9.0,4,50.0,0,11.0
2021,12,00-0031763,D.Carter,WAS,WR,1,4.6,8.6,4.6,8.6,4,42.0,0,11.0
2021,12,00-0036268,L.Shenault,JAX,WR,1,3.3,8.3,3.3,8.3,5,33.0,0,33.0
2021,12,00-0029293,M.Jones,JAX,WR,1,4.3,8.3,4.3,8.3,4,43.0,0,0.0
2021,12,00-0031868,D.Byrd,CHI,WR,1,4.2,8.2,4.2,8.2,4,42.0,0,4.0
2021,12,00-0033932,K.Golladay,NYG,WR,1,5.0,8.0,5.0,8.0,3,50.0,0,9.0
2021,12,00-0033536,M.Williams,LAC,WR,1,3.9,7.9,3.9,7.9,4,39.0,0,10.0
2021,12,00-0035406,L.Humphrey,NO,WR,1,4.7,7.7,4.7,7.7,3,47.0,0,14.0
2021,12,00-0034765,T.Smith,NO,WR,1,3.1,7.1,3.1,7.1,4,31.0,0,6.0
2021,12,00-0036550,R.Bateman,BAL,WR,1,3.1,7.1,3.1,7.1,4,31.0,0,6.0
2021,12,00-0036900,J.Chase,CIN,WR,1,3.9,6.9,3.9,6.9,3,39.0,0,32.0
2021,12,00-0036196,G.Davis,BUF,WR,1,4.7,6.7,4.7,6.7,2,47.0,0,18.0
2021,12,00-0030669,A.Wilson,MIA,WR,1,1.7,6.7,1.7,6.7,5,17.0,0,23.0
2021,12,00-0033921,C.Godwin,TB,WR,1,2.7,6.7,2.7,6.7,4,24.0,0,15.0
2021,12,00-0034419,B.Berrios,NYJ,WR,1,4.7,6.7,4.7,6.7,2,47.0,0,46.0
2021,12,00-0036963,A.St. Brown,DET,WR,1,2.3,6.3,2.3,6.3,4,23.0,0,20.0
2021,12,00-0027685,E.Sanders,BUF,WR,1,2.8,5.8,2.8,5.8,3,28.0,0,9.0
2021,12,00-0035535,D.Slayton,NYG,WR,1,2.7,5.7,2.7,5.7,3,40.0,0,20.0
2021,12,00-0026035,D.Amendola,HOU,WR,1,2.3,5.3,2.3,5.3,3,23.0,0,6.0
2021,12,00-0036387,J.Reagor,PHI,WR,1,3.1,5.1,3.1,5.1,2,31.0,0,2.0
2021,12,00-0031549,N.Agholor,NE,WR,1,2.0,5.0,2.0,5.0,3,20.0,0,1.0
2021,12,00-0036554,N.Collins,HOU,WR,1,2.8,4.8,2.8,4.8,2,28.0,0,15.0
2021,12,00-0033460,J.Ross,NYG,WR,1,2.8,4.8,2.8,4.8,2,28.0,0,14.0
2021,12,00-0033375,T.Patrick,DEN,WR,1,2.6,4.6,2.6,4.6,2,26.0,0,6.0
2021,12,00-0036271,Q.Watkins,PHI,WR,1,2.6,4.6,2.6,4.6,2,23.0,0,0.0
2021,12,00-0031408,M.Evans,TB,WR,1,1.6,4.6,1.6,4.6,3,16.0,0,8.0
2021,12,00-0032464,K.Raymond,DET,WR,1,1.6,4.6,1.6,4.6,3,16.0,0,14.0
2021,12,00-0032791,J.Grant,CHI,WR,1,2.5,4.5,2.5,4.5,2,25.0,0,33.0
2021,12,00-0036407,J.Jeudy,DEN,WR,1,2.5,4.5,2.5,4.5,2,25.0,0,9.0
2021,12,00-0036988,J.Palmer,LAC,WR,1,2.5,4.5,2.5,4.5,2,25.0,0,13.0
2021,12,00-0033681,K.Cole,NYJ,WR,1,2.4,4.4,2.4,4.4,2,24.0,0,4.0
2021,12,00-0036219,M.Callaway,NO,WR,1,2.4,4.4,2.4,4.4,2,24.0,0,6.0
2021,12,00-0035414,J.Guyton,LAC,WR,1,2.3,4.3,2.3,4.3,2,23.0,0,16.0
2021,12,00-0032778,T.Sharpe,ATL,WR,1,2.2,4.2,2.2,4.2,2,22.0,0,3.0
2021,12,00-0036912,D.Smith,PHI,WR,1,2.2,4.2,2.2,4.2,2,22.0,0,0.0
2021,12,00-0033386,C.Hollister,TEN,WR,1,2.2,4.2,2.2,4.2,2,22.0,0,15.0
2021,12,00-0036110,J.Bradley,CLE,WR,1,1.8,3.8,1.8,3.8,2,18.0,0,10.0
2021,12,00-0034348,C.Sutton,DEN,WR,1,1.7,3.7,1.7,3.7,2,17.0,0,1.0
2021,12,00-0034052,B.Zylstra,CAR,WR,1,2.4,3.4,2.4,3.4,1,24.0,0,2.0
2021,12,00-0032009,A.Humphries,WAS,WR,1,1.4,3.4,1.4,3.4,2,14.0,0,4.0
2021,12,00-0033009,T.Boyd,CIN,WR,1,1.3,3.3,1.3,3.3,2,13.0,0,1.0
2021,12,00-0034521,A.Lazard,GB,WR,1,1.3,3.3,1.3,3.3,2,13.0,0,7.0
2021,12,00-0033251,Z.Pascal,IND,WR,1,1.2,3.2,1.2,3.2,2,12.0,0,4.0
2021,12,00-0036620,D.Eskridge,SEA,WR,1,1.0,3.0,1.0,3.0,2,10.0,0,3.0
2021,12,00-0036233,D.Peoples-Jones,CLE,WR,1,1.0,3.0,1.0,3.0,2,10.0,0,0.0
2021,12,00-0032688,R.Chosen,CAR,WR,1,1.5,2.5,1.5,2.5,1,15.0,0,0.0
2021,12,00-0036331,D.Duvernay,BAL,WR,1,1.5,2.5,1.5,2.5,1,2.0,0,0.0
2021,12,00-0036627,D.Fitzpatrick,TEN,WR,1,1.4,2.4,1.4,2.4,1,14.0,0,0.0
2021,12,00-0035640,D.Metcalf,SEA,WR,1,1.3,2.3,1.3,2.3,1,13.0,0,0.0
2021,12,00-0033282,C.Samuel,WAS,WR,1,1.3,2.3,1.3,2.3,1,9.0,0,12.0
2021,12,00-0032543,A.Erickson,CAR,WR,1,1.3,2.3,1.3,2.3,1,13.0,0,6.0
2021,12,00-0035246,J.Arcega-Whiteside,PHI,WR,1,1.3,2.3,1.3,2.3,1,13.0,0,11.0
2021,12,00-0036365,B.Edwards,LV,WR,1,1.2,2.2,1.2,2.2,1,12.0,0,9.0
2021,12,00-0033471,I.Ford,MIA,WR,1,1.1,2.1,1.1,2.1,1,11.0,0,6.0
2021,12,00-0033111,P.Cooper,NYG,WR,1,0.9,1.9,0.9,1.9,1,6.0,0,3.0
2021,12,00-0036427,T.Johnson,TB,WR,1,0.9,1.9,0.9,1.9,1,9.0,0,4.0
2021,12,00-0035215,D.Harty,NO,WR,1,0.9,1.9,0.9,1.9,1,9.0,0,11.0
2021,12,00-0031325,S.Watkins,BAL,WR,1,0.8,1.8,0.8,1.8,1,8.0,0,0.0
2021,12,00-0034279,E.St. Brown,GB,WR,1,0.7,1.7,0.7,1.7,1,7.0,0,1.0
2021,12,00-0034487,T.Sherfield,SF,WR,1,0.5,1.5,0.5,1.5,1,5.0,0,0.0
2021,12,00-0035208,O.Zaccheaus,ATL,WR,1,0.5,1.5,0.5,1.5,1,5.0,0,7.0
2021,12,00-0036345,K.Osborn,MIN,WR,1,0.5,1.5,0.5,1.5,1,5.0,0,0.0
2021,12,00-0031941,J.Crowder,NYJ,WR,1,0.5,1.5,0.5,1.5,1,5.0,0,1.0
2021,12,00-0035350,P.Williams,MIA,WR,1,0.4,1.4,0.4,1.4,1,4.0,0,7.0
2021,12,00-0034676,J.Washington,PIT,WR,1,0.3,1.3,0.3,1.3,1,3.0,0,0.0
2021,12,00-0034353,A.Miller,PIT,WR,1,0.2,1.2,0.2,1.2,1,2.0,0,0.0
2021,12,00-0032355,C.Rogers,TEN,WR,1,0.2,1.2,0.2,1.2,1,2.0,0,0.0
2021,12,00-0032398,C.Moore,HOU,WR,1,-0.4,0.6,-0.4,0.6,1,-4.0,0,0.0
2021,12,00-0036308,I.Coulter,CHI,WR,1,0.0,0.0,0.0,0.0,0,0.0,0,0.0
2021,12,00-0035399,S.Morgan,CIN,WR,1,0.0,0.0,0.0,0.0,0,0.0,0,0.0
2021,12,00-0035298,S.Miller,TB,WR,1,0.0,0.0,0.0,0.0,0,0.0,0,0.0
2021,12,00-0036630,T.Wallace,BAL,WR,1,0.0,0.0,0.0,0.0,0,0.0,0,0.0
2021,12,00-0035864,K.Hinton,DEN,WR,1,0.0,0.0,0.0,0.0,0,0.0,0,0.0
2021,12,00-0031051,J.Brown,JAX,WR,1,0.0,0.0,0.0,0.0,0,0.0,0,0.0
2021,12,00-0033733,G.Ward,PHI,WR,1,0.0,0.0,0.0,0.0,0,0.0,0,0.0
2021,12,00-0033114,M.Thomas,CIN,WR,1,0.0,0.0,0.0,0.0,0,0.0,0,0.0
2021,12,00-0030068,M.Goodwin,CHI,WR,1,0.0,0.0,0.0,0.0,0,0.0,0,0.0
2021,12,00-0033555,M.Hollins,MIA,WR,1,0.0,0.0,0.0,0.0,0,0.0,0,0.0
2021,11,00-0036322,J.Jefferson,MIN,WR,1,29.2,37.2,29.2,37.2,8,169.0,2,59.0
2021,11,00-0031381,D.Adams,GB,WR,1,23.5,30.5,23.5,30.5,7,115.0,2,55.0
2021,11,00-0036980,E.Moore,NYJ,WR,1,21.6,29.6,21.6,29.6,8,141.0,1,65.0
2021,11,00-0036309,D.Mooney,CHI,WR,1,18.1,23.1,18.1,23.1,5,121.0,1,70.0
2021,11,00-0035216,D.Johnson,PIT,WR,1,16.1,23.1,16.1,23.1,7,101.0,1,35.0
2021,11,00-0034272,M.Valdes-Scantling,GB,WR,1,18.3,22.3,18.3,22.3,4,123.0,1,56.0
2021,11,00-0030035,A.Thielen,MIN,WR,1,14.2,22.2,14.2,22.2,8,82.0,1,42.0
2021,11,00-0036261,B.Aiyuk,SF,WR,1,14.5,21.5,14.5,21.5,7,85.0,1,35.0
2021,11,00-0035659,T.McLaurin,WAS,WR,1,16.3,21.3,16.3,21.3,5,103.0,1,14.0
2021,11,00-0033536,M.Williams,LAC,WR,1,15.7,20.7,15.7,20.7,5,97.0,1,63.0
2021,11,00-0036613,J.Waddle,MIA,WR,1,12.6,20.6,12.6,20.6,8,65.0,0,30.0
2021,11,00-0030068,M.Goodwin,CHI,WR,1,16.4,20.4,16.4,20.4,4,104.0,1,16.0
2021,11,00-0031408,M.Evans,TB,WR,1,14.3,20.3,14.3,20.3,6,73.0,1,20.0
2021,11,00-0030279,K.Allen,LAC,WR,1,11.2,20.2,11.2,20.2,9,112.0,0,33.0
2021,11,00-0033040,T.Hill,KC,WR,1,11.0,20.0,11.0,20.0,9,77.0,0,48.0
2021,11,00-0033921,C.Godwin,TB,WR,1,13.2,19.2,13.2,19.2,6,65.0,1,34.0
2021,11,00-0031588,S.Diggs,BUF,WR,1,14.3,18.3,14.3,18.3,4,23.0,2,1.0
2021,11,00-0036182,N.Westbrook-Ikhine,TEN,WR,1,10.7,17.7,10.7,17.7,7,107.0,0,35.0
2021,11,00-0031941,J.Crowder,NYJ,WR,1,10.4,16.4,10.4,16.4,6,44.0,1,19.0
2021,11,00-0035719,D.Samuel,SF,WR,1,15.4,16.4,15.4,16.4,1,15.0,0,6.0
2021,11,00-0036936,R.Moore,ARI,WR,1,5.1,16.1,5.1,16.1,11,51.0,0,60.0
2021,11,00-0034827,D.Moore,CAR,WR,1,11.0,16.0,11.0,16.0,5,50.0,1,13.0
2021,11,00-0032211,T.Lockett,SEA,WR,1,11.5,15.5,11.5,15.5,4,115.0,0,28.0
2021,11,00-0033555,M.Hollins,MIA,WR,1,13.2,15.2,13.2,15.2,2,72.0,1,22.0
2021,11,00-0031549,N.Agholor,NE,WR,1,10.0,15.0,10.0,15.0,5,40.0,1,20.0
2021,11,00-0036326,C.Claypool,PIT,WR,1,9.4,14.4,9.4,14.4,5,93.0,0,34.0
2021,11,00-0031382,J.Landry,CLE,WR,1,10.2,14.2,10.2,14.2,4,26.0,0,9.0
2021,11,00-0036900,J.Chase,CIN,WR,1,10.0,13.0,10.0,13.0,3,32.0,1,8.0
2021,11,00-0036627,D.Fitzpatrick,TEN,WR,1,9.5,12.5,9.5,12.5,3,35.0,1,2.0
2021,11,00-0033009,T.Boyd,CIN,WR,1,6.3,12.3,6.3,12.3,6,49.0,0,19.0
2021,11,00-0027942,A.Green,ARI,WR,1,7.8,11.8,7.8,11.8,4,78.0,0,5.0
2021,11,00-0034765,T.Smith,NO,WR,1,6.4,11.4,6.4,11.4,5,64.0,0,6.0
2021,11,00-0036913,K.Toney,NYG,WR,1,4.0,11.0,4.0,11.0,7,40.0,0,13.0
2021,11,00-0036912,D.Smith,PHI,WR,1,6.1,10.1,6.1,10.1,4,61.0,0,33.0
2021,11,00-0036268,L.Shenault,JAX,WR,1,5.0,10.0,5.0,10.0,5,50.0,0,45.0
2021,11,00-0034411,R.Gage,ATL,WR,1,4.9,9.9,4.9,9.9,5,49.0,0,13.0
2021,11,00-0031763,D.Carter,WAS,WR,1,7.9,9.9,7.9,9.9,2,22.0,1,12.0
2021,11,00-0034104,C.Sims,WAS,WR,1,7.9,9.9,7.9,9.9,2,19.0,1,1.0
2021,11,00-0035676,A.Brown,TEN,WR,1,4.8,9.8,4.8,9.8,5,48.0,0,7.0
2021,11,00-0036219,M.Callaway,NO,WR,1,8.6,9.6,8.6,9.6,1,26.0,1,0.0
2021,11,00-0034764,M.Gallup,DAL,WR,1,4.4,9.4,4.4,9.4,5,44.0,0,21.0
2021,11,00-0029293,M.Jones,JAX,WR,1,5.2,9.2,5.2,9.2,4,52.0,0,4.0
2021,11,00-0033307,K.Bourne,NE,WR,1,4.9,8.9,4.9,8.9,4,42.0,0,26.0
2021,11,00-0035126,A.Wesley,ARI,WR,1,4.4,8.4,4.4,8.4,4,44.0,0,17.0
2021,11,00-0032355,C.Rogers,TEN,WR,1,4.1,8.1,4.1,8.1,4,41.0,0,2.0
2021,11,00-0032688,R.Chosen,CAR,WR,1,3.0,8.0,3.0,8.0,5,30.0,0,12.0
2021,11,00-0034960,J.Meyers,NE,WR,1,3.9,7.9,3.9,7.9,4,39.0,0,4.0
2021,11,00-0031325,S.Watkins,BAL,WR,1,4.8,7.8,4.8,7.8,3,48.0,0,11.0
2021,11,00-0032128,C.Conley,HOU,WR,1,3.7,7.7,3.7,7.7,4,37.0,0,1.0
2021,11,00-0036331,D.Duvernay,BAL,WR,1,3.7,7.7,3.7,7.7,4,37.0,0,15.0
2021,11,00-0035535,D.Slayton,NYG,WR,1,3.7,7.7,3.7,7.7,4,37.0,0,5.0
2021,11,00-0034418,C.Wilson,DAL,WR,1,3.6,7.6,3.6,7.6,4,36.0,0,28.0
2021,11,00-0034983,H.Renfrow,LV,WR,1,3.5,7.5,3.5,7.5,4,30.0,0,15.0
2021,11,00-0035406,L.Humphrey,NO,WR,1,6.4,7.4,6.4,7.4,1,4.0,1,0.0
2021,11,00-0034279,E.St. Brown,GB,WR,1,5.4,7.4,5.4,7.4,2,43.0,0,37.0
2021,11,00-0035640,D.Metcalf,SEA,WR,1,3.1,7.1,3.1,7.1,4,31.0,0,5.0
2021,11,00-0036110,J.Bradley,CLE,WR,1,4.6,6.6,4.6,6.6,2,46.0,0,6.0
2021,11,00-0033871,C.Davis,NYJ,WR,1,3.5,6.5,3.5,6.5,3,35.0,0,18.0
2021,11,00-0029000,C.Beasley,BUF,WR,1,2.3,6.3,2.3,6.3,4,23.0,0,6.0
2021,11,00-0036550,R.Bateman,BAL,WR,1,2.9,5.9,2.9,5.9,3,29.0,0,20.0
2021,11,00-0036963,A.St. Brown,DET,WR,1,1.8,5.8,1.8,5.8,4,18.0,0,9.0
2021,11,00-0027685,E.Sanders,BUF,WR,1,2.6,5.6,2.6,5.6,3,26.0,0,8.0
2021,11,00-0035208,O.Zaccheaus,ATL,WR,1,2.3,5.3,2.3,5.3,3,23.0,0,8.0
2021,11,00-0033572,J.Agnew,JAX,WR,1,2.0,5.0,2.0,5.0,3,18.0,0,8.0
2021,11,00-0032009,A.Humphries,WAS,WR,1,3.0,5.0,3.0,5.0,2,30.0,0,9.0
2021,11,00-0034297,B.Pringle,KC,WR,1,3.7,4.7,3.7,4.7,1,37.0,0,13.0
2021,11,00-0036196,G.Davis,BUF,WR,1,2.7,4.7,2.7,4.7,2,27.0,0,0.0
2021,11,00-0029608,T.Hilton,IND,WR,1,2.6,4.6,2.6,4.6,2,26.0,0,15.0
2021,11,00-0030669,A.Wilson,MIA,WR,1,1.5,4.5,1.5,4.5,3,18.0,0,13.0
2021,11,00-0035140,M.Hardman,KC,WR,1,2.5,4.5,2.5,4.5,2,25.0,0,24.0
2021,11,00-0034775,C.Kirk,ARI,WR,1,2.5,4.5,2.5,4.5,2,25.0,0,7.0
2021,11,00-0036358,C.Lamb,DAL,WR,1,1.4,4.4,1.4,4.4,3,14.0,0,12.0
2021,11,00-0036252,M.Pittman,IND,WR,1,2.3,4.3,2.3,4.3,2,23.0,0,10.0
2021,11,00-0032778,T.Sharpe,ATL,WR,1,2.1,4.1,2.1,4.1,2,21.0,0,12.0
2021,11,00-0031236,B.Cooks,HOU,WR,1,1.8,3.8,1.8,3.8,2,18.0,0,10.0
2021,11,00-0034407,R.McCloud,PIT,WR,1,1.7,3.7,1.7,3.7,2,12.0,0,3.0
2021,11,00-0032054,B.Perriman,TB,WR,1,1.6,3.6,1.6,3.6,2,19.0,0,3.0
2021,11,00-0036410,T.Higgins,CIN,WR,1,1.5,3.5,1.5,3.5,2,15.0,0,7.0
2021,11,00-0035624,N.Harry,NE,WR,1,1.4,3.4,1.4,3.4,2,14.0,0,3.0
2021,11,00-0035246,J.Arcega-Whiteside,PHI,WR,1,2.3,3.3,2.3,3.3,1,23.0,0,18.0
2021,11,00-0036988,J.Palmer,LAC,WR,1,2.3,3.3,2.3,3.3,1,17.0,0,9.0
2021,11,00-0034676,J.Washington,PIT,WR,1,1.2,3.2,1.2,3.2,2,12.0,0,6.0
2021,11,00-0035215,D.Harty,NO,WR,1,1.1,3.1,1.1,3.1,2,11.0,0,3.0
2021,11,00-0035414,J.Guyton,LAC,WR,1,2.0,3.0,2.0,3.0,1,18.0,0,14.0
2021,11,00-0033891,Z.Jones,LV,WR,1,2.0,3.0,2.0,3.0,1,20.0,0,0.0
2021,11,00-0036345,K.Osborn,MIN,WR,1,1.9,2.9,1.9,2.9,1,19.0,0,0.0
2021,11,00-0030525,T.Austin,JAX,WR,1,1.8,2.8,1.8,2.8,1,18.0,0,8.0
2021,11,00-0032977,R.Higgins,CLE,WR,1,1.7,2.7,1.7,2.7,1,17.0,0,0.0
2021,11,00-0032791,J.Grant,CHI,WR,1,1.7,2.7,1.7,2.7,1,6.0,0,1.0
2021,11,00-0028002,R.Cobb,GB,WR,1,1.5,2.5,1.5,2.5,1,15.0,0,0.0
2021,11,00-0033932,K.Golladay,NYG,WR,1,1.2,2.2,1.2,2.2,1,12.0,0,2.0
2021,11,00-0033114,M.Thomas,CIN,WR,1,1.2,2.2,1.2,2.2,1,12.0,0,3.0
2021,11,00-0034867,M.Turner,DAL,WR,1,1.1,2.1,1.1,2.1,1,11.0,0,4.0
2021,11,00-0032951,L.Treadwell,JAX,WR,1,1.1,2.1,1.1,2.1,1,11.0,0,3.0
2021,11,00-0032398,C.Moore,HOU,WR,1,1.0,2.0,1.0,2.0,1,10.0,0,14.0
2021,11,00-0036554,N.Collins,HOU,WR,1,0.9,1.9,0.9,1.9,1,9.0,0,0.0
2021,11,00-0036427,T.Johnson,TB,WR,1,0.8,1.8,0.8,1.8,1,8.0,0,0.0
2021,11,00-0029664,J.Gordon,KC,WR,1,0.7,1.7,0.7,1.7,1,7.0,0,2.0
2021,11,00-0034052,B.Zylstra,CAR,WR,1,0.7,1.7,0.7,1.7,1,7.0,0,9.0
2021,11,00-0033839,D.Westbrook,MIN,WR,1,0.7,1.7,0.7,1.7,1,7.0,0,1.0
2021,11,00-0033460,J.Ross,NYG,WR,1,1.6,1.6,1.6,1.6,0,0.0,0,0.0
2021,11,00-0036671,D.Milne,WAS,WR,1,0.5,1.5,0.5,1.5,1,5.0,0,1.0
2021,11,00-0036259,J.Jennings,SF,WR,1,0.4,1.4,0.4,1.4,1,4.0,0,2.0
2021,11,00-0036877,J.Darden,TB,WR,1,0.3,1.3,0.3,1.3,1,3.0,0,5.0
2021,11,00-0031868,D.Byrd,CHI,WR,1,0.3,1.3,0.3,1.3,1,3.0,0,1.0
2021,11,00-0035399,S.Morgan,CIN,WR,1,0.3,1.3,0.3,1.3,1,3.0,0,12.0
2021,11,00-0036387,J.Reagor,PHI,WR,1,-0.1,0.9,-0.1,0.9,1,-1.0,0,0.0
2021,11,00-0033251,Z.Pascal,IND,WR,1,0.9,0.9,0.9,0.9,0,0.0,0,0.0
2021,11,00-0026189,D.Jackson,LV,WR,1,0.4,0.4,0.4,0.4,0,0.0,0,0.0
2021,11,00-0027691,A.Roberts,LAC,WR,1,0.4,0.4,0.4,0.4,0,0.0,0,0.0
2021,11,00-0031051,J.Brown,JAX,WR,1,0.0,0.0,0.0,0.0,0,0.0,0,0.0
2021,11,00-0033943,J.Reynolds,DET,WR,1,0.0,0.0,0.0,0.0,0,0.0,0,0.0
2021,11,00-0036955,T.Marshall,CAR,WR,1,0.0,0.0,0.0,0.0,0,0.0,0,0.0
2021,11,00-0033681,K.Cole,NYJ,WR,1,0.0,0.0,0.0,0.0,0,0.0,0,0.0
2021,11,00-0035350,P.Williams,MIA,WR,1,0.0,0.0,0.0,0.0,0,0.0,0,0.0
2021,11,00-0034419,B.Berrios,NYJ,WR,1,0.0,0.0,0.0,0.0,0,0.0,0,0.0
2021,11,00-0036365,B.Edwards,LV,WR,1,0.0,0.0,0.0,0.0,0,0.0,0,0.0
2021,11,00-0036228,D.Patmon,IND,WR,1,0.0,0.0,0.0,0.0,0,0.0,0,0.0
2021,11,00-0035022,P.Hart,SEA,WR,1,0.0,0.0,0.0,0.0,0,0.0,0,0.0
2021,11,00-0032980,M.Johnson,TEN,WR,1,0.0,0.0,0.0,0.0,0,0.0,0,0.0
2021,11,00-0036247,F.Swain,SEA,WR,1,0.0,0.0,0.0,0.0,0,0.0,0,0.0
2021,11,00-0036254,C.Johnson,NYG,WR,1,0.0,0.0,0.0,0.0,0,0.0,0,0.0
2021,11,00-0036271,Q.Watkins,PHI,WR,1,0.0,0.0,0.0,0.0,0,0.0,0,0.0
2021,11,00-0033591,N.Brown,DAL,WR,1,0.0,0.0,0.0,0.0,0,0.0,0,0.0
2021,11,00-0026035,D.Amendola,HOU,WR,1,0.0,0.0,0.0,0.0,0,0.0,0,0.0
2021,11,00-0032464,K.Raymond,DET,WR,1,0.0,0.0,0.0,0.0,0,0.0,0,0.0
2021,10,00-0035719,D.Samuel,SF,WR,1,25.3,30.3,25.3,30.3,5,97.0,1,56.0
2021,10,00-0031588,S.Diggs,BUF,WR,1,22.2,30.2,22.2,30.2,8,162.0,1,39.0
2021,10,00-0036358,C.Lamb,DAL,WR,1,22.6,28.6,22.6,28.6,6,94.0,2,58.0
2021,10,00-0033040,T.Hill,KC,WR,1,20.5,27.5,20.5,27.5,7,83.0,2,37.0
2021,10,00-0033307,K.Bourne,NE,WR,1,20.1,24.1,20.1,24.1,4,98.0,1,55.0
2021,10,00-0033908,C.Kupp,LA,WR,1,12.2,23.2,12.2,23.2,11,122.0,0,61.0
2021,10,00-0036322,J.Jefferson,MIN,WR,1,13.9,22.9,13.9,22.9,9,143.0,0,32.0
2021,10,00-0036912,D.Smith,PHI,WR,1,18.6,22.6,18.6,22.6,4,66.0,2,15.0
2021,10,00-0030279,K.Allen,LAC,WR,1,9.8,17.8,9.8,17.8,8,98.0,0,35.0
2021,10,00-0036365,B.Edwards,LV,WR,1,14.8,17.8,14.8,17.8,3,88.0,1,33.0
2021,10,00-0034983,H.Renfrow,LV,WR,1,10.6,17.6,10.6,17.6,7,46.0,1,28.0
2021,10,00-0034407,R.McCloud,PIT,WR,1,6.3,15.3,6.3,15.3,9,63.0,0,6.0
2021,10,00-0035216,D.Johnson,PIT,WR,1,8.3,15.3,8.3,15.3,7,83.0,0,37.0
2021,10,00-0032980,M.Johnson,TEN,WR,1,10.0,15.0,10.0,15.0,5,100.0,0,64.0
2021,10,00-0031763,D.Carter,WAS,WR,1,12.0,15.0,12.0,15.0,3,56.0,1,1.0
2021,10,00-0034960,J.Meyers,NE,WR,1,10.9,14.9,10.9,14.9,4,49.0,1,15.0
2021,10,00-0031381,D.Adams,GB,WR,1,7.8,14.8,7.8,14.8,7,78.0,0,42.0
2021,10,00-0030669,A.Wilson,MIA,WR,1,10.6,14.6,10.6,14.6,4,87.0,0,62.0
2021,10,00-0034297,B.Pringle,KC,WR,1,10.6,14.6,10.6,14.6,4,46.0,1,19.0
2021,10,00-0034765,T.Smith,NO,WR,1,10.4,14.4,10.4,14.4,4,44.0,1,16.0
2021,10,00-0033871,C.Davis,NYJ,WR,1,9.3,14.3,9.3,14.3,5,93.0,0,24.0
2021,10,00-0031408,M.Evans,TB,WR,1,12.2,14.2,12.2,14.2,2,62.0,1,35.0
2021,10,00-0036550,R.Bateman,BAL,WR,1,8.0,14.0,8.0,14.0,6,80.0,0,23.0
2021,10,00-0033572,J.Agnew,JAX,WR,1,13.9,13.9,13.9,13.9,0,0.0,0,0.0
2021,10,00-0032688,R.Chosen,CAR,WR,1,9.7,13.7,9.7,13.7,4,37.0,1,20.0
2021,10,00-0036196,G.Davis,BUF,WR,1,10.5,13.5,10.5,13.5,3,105.0,0,6.0
2021,10,00-0036980,E.Moore,NYJ,WR,1,10.4,13.4,10.4,13.4,3,44.0,1,17.0
2021,10,00-0034775,C.Kirk,ARI,WR,1,5.8,12.8,5.8,12.8,7,58.0,0,18.0
2021,10,00-0033921,C.Godwin,TB,WR,1,5.7,12.7,5.7,12.7,7,57.0,0,36.0
2021,10,00-0033471,I.Ford,MIA,WR,1,8.4,12.4,8.4,12.4,4,84.0,0,35.0
2021,10,00-0036252,M.Pittman,IND,WR,1,7.1,12.1,7.1,12.1,5,71.0,0,19.0
2021,10,00-0035215,D.Harty,NO,WR,1,9.0,12.0,9.0,12.0,3,84.0,0,27.0
2021,10,00-0035659,T.McLaurin,WAS,WR,1,5.9,11.9,5.9,11.9,6,59.0,0,24.0
2021,10,00-0036219,M.Callaway,NO,WR,1,9.7,11.7,9.7,11.7,2,37.0,1,0.0
2021,10,00-0030035,A.Thielen,MIN,WR,1,6.5,11.5,6.5,11.5,5,65.0,0,30.0
2021,10,00-0036407,J.Jeudy,DEN,WR,1,5.1,11.1,5.1,11.1,6,48.0,0,12.0
2021,10,00-0036613,J.Waddle,MIA,WR,1,6.1,10.1,6.1,10.1,4,61.0,0,6.0
2021,10,00-0036963,A.St. Brown,DET,WR,1,6.1,10.1,6.1,10.1,4,61.0,0,49.0
2021,10,00-0033466,I.McKenzie,BUF,WR,1,8.9,9.9,8.9,9.9,1,12.0,0,7.0
2021,10,00-0035662,M.Brown,BAL,WR,1,3.7,9.7,3.7,9.7,6,37.0,0,26.0
2021,10,00-0034676,J.Washington,PIT,WR,1,7.5,9.5,7.5,9.5,2,15.0,1,3.0
2021,10,00-0031544,A.Cooper,DAL,WR,1,5.1,9.1,5.1,9.1,4,51.0,0,19.0
2021,10,00-0036331,D.Duvernay,BAL,WR,1,4.7,8.7,4.7,8.7,4,28.0,0,21.0
2021,10,00-0036415,V.Jefferson,LA,WR,1,5.4,8.4,5.4,8.4,3,54.0,0,15.0
2021,10,00-0036271,Q.Watkins,PHI,WR,1,3.3,7.3,3.3,7.3,4,33.0,0,19.0
2021,10,00-0033536,M.Williams,LAC,WR,1,3.3,7.3,3.3,7.3,4,33.0,0,26.0
2021,10,00-0034764,M.Gallup,DAL,WR,1,4.2,7.2,4.2,7.2,3,42.0,0,4.0
2021,10,00-0027685,E.Sanders,BUF,WR,1,5.1,7.1,5.1,7.1,2,27.0,0,5.0
2021,10,00-0032464,K.Raymond,DET,WR,1,2.9,6.9,2.9,6.9,4,29.0,0,9.0
2021,10,00-0031382,J.Landry,CLE,WR,1,2.6,6.6,2.6,6.6,4,26.0,0,21.0
2021,10,00-0034827,D.Moore,CAR,WR,1,2.4,6.4,2.4,6.4,4,24.0,0,4.0
2021,10,00-0036261,B.Aiyuk,SF,WR,1,2.6,5.6,2.6,5.6,3,26.0,0,14.0
2021,10,00-0035640,D.Metcalf,SEA,WR,1,2.6,5.6,2.6,5.6,3,26.0,0,2.0
2021,10,00-0029293,M.Jones,JAX,WR,1,3.5,5.5,3.5,5.5,2,35.0,0,2.0
2021,10,00-0032775,D.Robinson,KC,WR,1,2.3,5.3,2.3,5.3,3,23.0,0,19.0
2021,10,00-0036988,J.Palmer,LAC,WR,1,2.2,5.2,2.2,5.2,3,22.0,0,7.0
2021,10,00-0034272,M.Valdes-Scantling,GB,WR,1,4.1,5.1,4.1,5.1,1,41.0,0,15.0
2021,10,00-0028002,R.Cobb,GB,WR,1,2.1,5.1,2.1,5.1,3,21.0,0,22.0
2021,10,00-0036268,L.Shenault,JAX,WR,1,2.1,5.1,2.1,5.1,3,15.0,0,9.0
2021,10,00-0031941,J.Crowder,NYJ,WR,1,2.0,5.0,2.0,5.0,3,20.0,0,3.0
2021,10,00-0035140,M.Hardman,KC,WR,1,3.0,5.0,3.0,5.0,2,27.0,0,27.0
2021,10,00-0034419,B.Berrios,NYJ,WR,1,1.9,4.9,1.9,4.9,3,19.0,0,3.0
2021,10,00-0034348,C.Sutton,DEN,WR,1,2.9,4.9,2.9,4.9,2,29.0,0,6.0
2021,10,00-0026189,D.Jackson,LV,WR,1,3.8,4.8,3.8,4.8,1,38.0,0,3.0
2021,10,00-0036427,T.Johnson,TB,WR,1,1.7,4.7,1.7,4.7,3,17.0,0,10.0
2021,10,00-0033375,T.Patrick,DEN,WR,1,1.4,4.4,1.4,4.4,3,14.0,0,7.0
2021,10,00-0032211,T.Lockett,SEA,WR,1,2.3,4.3,2.3,4.3,2,23.0,0,1.0
2021,10,00-0035208,O.Zaccheaus,ATL,WR,1,2.2,4.2,2.2,4.2,2,22.0,0,1.0
2021,10,00-0036671,D.Milne,WAS,WR,1,2.2,4.2,2.2,4.2,2,22.0,0,6.0
2021,10,00-0031549,N.Agholor,NE,WR,1,2.1,4.1,2.1,4.1,2,21.0,0,7.0
2021,10,00-0036877,J.Darden,TB,WR,1,2.9,3.9,2.9,3.9,1,29.0,0,4.0
2021,10,00-0031235,O.Beckham,LA,WR,1,1.8,3.8,1.8,3.8,2,18.0,0,1.0
2021,10,00-0034052,B.Zylstra,CAR,WR,1,1.8,3.8,1.8,3.8,2,18.0,0,10.0
2021,10,00-0034930,T.Benson,DET,WR,1,1.7,3.7,1.7,3.7,2,17.0,0,17.0
2021,10,00-0035624,N.Harry,NE,WR,1,2.6,3.6,2.6,3.6,1,26.0,0,2.0
2021,10,00-0029000,C.Beasley,BUF,WR,1,1.5,3.5,1.5,3.5,2,15.0,0,13.0
2021,10,00-0035676,A.Brown,TEN,WR,1,2.3,3.3,2.3,3.3,1,16.0,0,0.0
2021,10,00-0033891,Z.Jones,LV,WR,1,2.2,3.2,2.2,3.2,1,22.0,0,5.0
2021,10,00-0036936,R.Moore,ARI,WR,1,1.1,3.1,1.1,3.1,2,10.0,0,8.0
2021,10,00-0034104,C.Sims,WAS,WR,1,1.0,3.0,1.0,3.0,2,10.0,0,5.0
2021,10,00-0033251,Z.Pascal,IND,WR,1,0.9,2.9,0.9,2.9,2,9.0,0,9.0
2021,10,00-0033681,K.Cole,NYJ,WR,1,1.8,2.8,1.8,2.8,1,18.0,0,7.0
2021,10,00-0032951,L.Treadwell,JAX,WR,1,1.8,2.8,1.8,2.8,1,18.0,0,1.0
2021,10,00-0033591,N.Brown,DAL,WR,1,1.8,2.8,1.8,2.8,1,18.0,0,14.0
2021,10,00-0033481,M.Kemp,KC,WR,1,1.6,2.6,1.6,2.6,1,16.0,0,5.0
2021,10,00-0036233,D.Peoples-Jones,CLE,WR,1,1.6,2.6,1.6,2.6,1,16.0,0,1.0
2021,10,00-0035021,A.Dulin,IND,WR,1,1.6,2.6,1.6,2.6,1,16.0,0,13.0
2021,10,00-0036951,F.Darby,ATL,WR,1,1.4,2.4,1.4,2.4,1,14.0,0,11.0
2021,10,00-0036182,N.Westbrook-Ikhine,TEN,WR,1,1.0,2.0,1.0,2.0,1,10.0,0,0.0
2021,10,00-0032355,C.Rogers,TEN,WR,1,0.9,1.9,0.9,1.9,1,9.0,0,2.0
2021,10,00-0036862,B.Skowronek,LA,WR,1,0.8,1.8,0.8,1.8,1,8.0,0,3.0
2021,10,00-0034867,M.Turner,DAL,WR,1,0.7,1.7,0.7,1.7,1,7.0,0,0.0
2021,10,00-0031325,S.Watkins,BAL,WR,1,0.7,1.7,0.7,1.7,1,7.0,0,0.0
2021,10,00-0034521,A.Lazard,GB,WR,1,0.6,1.6,0.6,1.6,1,6.0,0,1.0
2021,10,00-0032009,A.Humphries,WAS,WR,1,0.5,1.5,0.5,1.5,1,5.0,0,0.0
2021,10,00-0029608,T.Hilton,IND,WR,1,0.5,1.5,0.5,1.5,1,5.0,0,0.0
2021,10,00-0036387,J.Reagor,PHI,WR,1,0.4,1.4,0.4,1.4,1,12.0,0,0.0
2021,10,00-0027942,A.Green,ARI,WR,1,0.4,1.4,0.4,1.4,1,4.0,0,6.0
2021,10,00-0036259,J.Jennings,SF,WR,1,0.3,1.3,0.3,1.3,1,3.0,0,0.0
2021,10,00-0036627,D.Fitzpatrick,TEN,WR,1,0.0,1.0,0.0,1.0,1,0.0,0,1.0
2021,10,00-0032778,T.Sharpe,ATL,WR,1,0.0,1.0,0.0,1.0,1,0.0,0,0.0
2021,10,00-0036620,D.Eskridge,SEA,WR,1,-0.4,0.6,-0.4,0.6,1,-4.0,0,1.0
2021,10,00-0032200,T.Montgomery,NO,WR,1,0.2,0.2,0.2,0.2,0,0.0,0,0.0
2021,10,00-0036955,T.Marshall,CAR,WR,1,0.0,0.0,0.0,0.0,0,0.0,0,0.0
2021,10,00-0036345,K.Osborn,MIN,WR,1,0.0,0.0,0.0,0.0,0,0.0,0,0.0
2021,10,00-0035350,P.Williams,MIA,WR,1,0.0,0.0,0.0,0.0,0,0.0,0,0.0
2021,10,00-0033555,M.Hollins,MIA,WR,1,0.0,0.0,0.0,0.0,0,0.0,0,0.0
2021,10,00-0034411,R.Gage,ATL,WR,1,0.0,0.0,0.0,0.0,0,0.0,0,0.0
2021,10,00-0032977,R.Higgins,CLE,WR,1,0.0,0.0,0.0,0.0,0,0.0,0,0.0
2021,10,00-0034132,C.Blake,ATL,WR,1,0.0,0.0,0.0,0.0,0,0.0,0,0.0
2021,10,00-0031545,K.White,NO,WR,1,0.0,0.0,0.0,0.0,0,0.0,0,0.0
2021,10,00-0035022,P.Hart,SEA,WR,1,0.0,0.0,0.0,0.0,0,0.0,0,0.0
2021,10,00-0036999,A.Schwartz,CLE,WR,1,0.0,0.0,0.0,0.0,0,0.0,0,0.0
2021,10,00-0036247,F.Swain,SEA,WR,1,0.0,0.0,0.0,0.0,0,0.0,0,0.0
2021,10,00-0035126,A.Wesley,ARI,WR,1,0.0,0.0,0.0,0.0,0,0.0,0,0.0
2021,10,00-0035414,J.Guyton,LAC,WR,1,0.0,0.0,0.0,0.0,0,0.0,0,0.0
2021,9,00-0036980,E.Moore,NYJ,WR,1,20.4,27.4,20.4,27.4,7,84.0,2,13.0
2021,9,00-0036912,D.Smith,PHI,WR,1,17.6,22.6,17.6,22.6,5,116.0,1,17.0
2021,9,00-0030279,K.Allen,LAC,WR,1,10.4,22.4,10.4,22.4,12,104.0,0,37.0
2021,9,00-0035208,O.Zaccheaus,ATL,WR,1,17.8,20.8,17.8,20.8,3,58.0,2,15.0
2021,9,00-0036261,B.Aiyuk,SF,WR,1,14.7,20.7,14.7,20.7,6,89.0,1,20.0
2021,9,00-0035662,M.Brown,BAL,WR,1,11.6,20.6,11.6,20.6,9,116.0,0,75.0
2021,9,00-0036309,D.Mooney,CHI,WR,1,17.6,20.6,17.6,20.6,3,41.0,1,1.0
2021,9,00-0033908,C.Kupp,LA,WR,1,9.5,20.5,9.5,20.5,11,95.0,0,71.0
2021,9,00-0034867,M.Turner,DAL,WR,1,15.3,20.3,15.3,20.3,5,33.0,2,0.0
2021,9,00-0033375,T.Patrick,DEN,WR,1,14.5,18.5,14.5,18.5,4,85.0,1,23.0
2021,9,00-0034983,H.Renfrow,LV,WR,1,10.9,17.9,10.9,17.9,7,49.0,1,28.0
2021,9,00-0030431,R.Woods,LA,WR,1,10.4,17.4,10.4,17.4,7,98.0,0,39.0
2021,9,00-0036252,M.Pittman,IND,WR,1,12.4,17.4,12.4,17.4,5,64.0,1,36.0
2021,9,00-0036322,J.Jefferson,MIN,WR,1,14.0,17.0,14.0,17.0,3,69.0,1,14.0
2021,9,00-0034775,C.Kirk,ARI,WR,1,10.75,16.75,10.75,16.75,6,91.0,0,35.0
2021,9,00-0036233,D.Peoples-Jones,CLE,WR,1,14.6,16.6,14.6,16.6,2,86.0,1,19.0
2021,9,00-0036613,J.Waddle,MIA,WR,1,8.3,16.3,8.3,16.3,8,83.0,0,19.0
2021,9,00-0031588,S.Diggs,BUF,WR,1,8.5,14.5,8.5,14.5,6,85.0,0,38.0
2021,9,00-0036410,T.Higgins,CIN,WR,1,7.8,13.8,7.8,13.8,6,78.0,0,10.0
2021,9,00-0034411,R.Gage,ATL,WR,1,6.4,13.4,6.4,13.4,7,64.0,0,23.0
2021,9,00-0036407,J.Jeudy,DEN,WR,1,6.9,12.9,6.9,12.9,6,69.0,0,57.0
2021,9,00-0035216,D.Johnson,PIT,WR,1,6.7,11.7,6.7,11.7,5,56.0,0,31.0
2021,9,00-0031236,B.Cooks,HOU,WR,1,5.6,11.6,5.6,11.6,6,56.0,0,14.0
2021,9,00-0033681,K.Cole,NYJ,WR,1,6.6,11.6,6.6,11.6,5,66.0,0,9.0
2021,9,00-0036219,M.Callaway,NO,WR,1,8.5,11.5,8.5,11.5,3,25.0,1,1.0
2021,9,00-0029000,C.Beasley,BUF,WR,1,3.3,11.3,3.3,11.3,8,33.0,0,10.0
2021,9,00-0035719,D.Samuel,SF,WR,1,6.3,11.3,6.3,11.3,5,63.0,0,47.0
2021,9,00-0033555,M.Hollins,MIA,WR,1,8.2,11.2,8.2,11.2,3,22.0,1,2.0
2021,9,00-0035215,D.Harty,NO,WR,1,5.2,11.2,5.2,11.2,6,52.0,0,15.0
2021,9,00-0030085,K.Stills,NO,WR,1,9.0,11.0,9.0,11.0,2,30.0,1,4.0
2021,9,00-0036900,J.Chase,CIN,WR,1,4.9,10.9,4.9,10.9,6,49.0,0,26.0
2021,9,00-0031428,A.Robinson,CHI,WR,1,6.8,10.8,6.8,10.8,4,68.0,0,16.0
2021,9,00-0027685,E.Sanders,BUF,WR,1,6.5,10.5,6.5,10.5,4,65.0,0,2.0
2021,9,00-0036550,R.Bateman,BAL,WR,1,5.2,10.2,5.2,10.2,5,52.0,0,12.0
2021,9,00-0031381,D.Adams,GB,WR,1,4.2,10.2,4.2,10.2,6,42.0,0,15.0
2021,9,00-0033251,Z.Pascal,IND,WR,1,5.8,9.8,5.8,9.8,4,58.0,0,2.0
2021,9,00-0035676,A.Brown,TEN,WR,1,4.2,9.2,4.2,9.2,5,42.0,0,13.0
2021,9,00-0035126,A.Wesley,ARI,WR,1,6.2,9.2,6.2,9.2,3,62.0,0,17.0
2021,9,00-0034521,A.Lazard,GB,WR,1,8.0,9.0,8.0,9.0,1,20.0,1,8.0
2021,9,00-0031941,J.Crowder,NYJ,WR,1,3.8,8.8,3.8,8.8,5,38.0,0,24.0
2021,9,00-0036331,D.Duvernay,BAL,WR,1,6.8,8.8,6.8,8.8,2,8.0,1,7.0
2021,9,00-0030035,A.Thielen,MIN,WR,1,6.6,8.6,6.6,8.6,2,6.0,1,2.0
2021,9,00-0034765,T.Smith,NO,WR,1,5.3,8.3,5.3,8.3,3,53.0,0,17.0
2021,9,00-0028002,R.Cobb,GB,WR,1,5.0,8.0,5.0,8.0,3,50.0,0,13.0
2021,9,00-0026035,D.Amendola,HOU,WR,1,4.9,7.9,4.9,7.9,3,49.0,0,36.0
2021,9,00-0033536,M.Williams,LAC,WR,1,5.8,7.8,5.8,7.8,2,58.0,0,5.0
2021,9,00-0034827,D.Moore,CAR,WR,1,4.6,7.6,4.6,7.6,3,32.0,0,2.0
2021,9,00-0027944,J.Jones,TEN,WR,1,3.5,7.5,3.5,7.5,4,35.0,0,21.0
2021,9,00-0036936,R.Moore,ARI,WR,1,2.5,7.5,2.5,7.5,5,25.0,0,30.0
2021,9,00-0036326,C.Claypool,PIT,WR,1,4.3,7.3,4.3,7.3,3,30.0,0,8.0
2021,9,00-0033040,T.Hill,KC,WR,1,3.3,7.3,3.3,7.3,4,37.0,0,7.0
2021,9,00-0036415,V.Jefferson,LA,WR,1,4.1,7.1,4.1,7.1,3,41.0,0,17.0
2021,9,00-0035510,J.Smith,NYJ,WR,1,4.0,7.0,4.0,7.0,3,40.0,0,8.0
2021,9,00-0033572,J.Agnew,JAX,WR,1,3.8,6.8,3.8,6.8,3,27.0,0,21.0
2021,9,00-0034676,J.Washington,PIT,WR,1,5.5,6.5,5.5,6.5,1,42.0,0,0.0
2021,9,00-0033307,K.Bourne,NE,WR,1,3.4,6.4,3.4,6.4,3,34.0,0,16.0
2021,9,00-0030068,M.Goodwin,CHI,WR,1,5.0,6.0,5.0,6.0,1,50.0,0,6.0
2021,9,00-0036268,L.Shenault,JAX,WR,1,2.0,6.0,2.0,6.0,4,24.0,0,17.0
2021,9,00-0032128,C.Conley,HOU,WR,1,3.8,5.8,3.8,5.8,2,38.0,0,31.0
2021,9,00-0031544,A.Cooper,DAL,WR,1,3.7,5.7,3.7,5.7,2,37.0,0,26.0
2021,9,00-0036554,N.Collins,HOU,WR,1,2.5,5.5,2.5,5.5,3,25.0,0,10.0
2021,9,00-0029293,M.Jones,JAX,WR,1,2.1,5.1,2.1,5.1,3,21.0,0,4.0
2021,9,00-0035864,K.Hinton,DEN,WR,1,4.0,5.0,4.0,5.0,1,40.0,0,26.0
2021,9,00-0035140,M.Hardman,KC,WR,1,2.0,5.0,2.0,5.0,3,20.0,0,25.0
2021,9,00-0034418,C.Wilson,DAL,WR,1,2.8,4.8,2.8,4.8,2,28.0,0,2.0
2021,9,00-0033932,K.Golladay,NYG,WR,1,2.8,4.8,2.8,4.8,2,28.0,0,3.0
2021,9,00-0036358,C.Lamb,DAL,WR,1,2.3,4.3,2.3,4.3,2,23.0,0,0.0
2021,9,00-0035021,A.Dulin,IND,WR,1,2.3,4.3,2.3,4.3,2,23.0,0,0.0
2021,9,00-0036988,J.Palmer,LAC,WR,1,2.2,4.2,2.2,4.2,2,22.0,0,0.0
2021,9,00-0031382,J.Landry,CLE,WR,1,1.1,4.1,1.1,4.1,3,11.0,0,12.0
2021,9,00-0034272,M.Valdes-Scantling,GB,WR,1,1.9,3.9,1.9,3.9,2,19.0,0,1.0
2021,9,00-0033891,Z.Jones,LV,WR,1,2.0,3.0,2.0,3.0,1,20.0,0,0.0
2021,9,00-0036345,K.Osborn,MIN,WR,1,2.0,3.0,2.0,3.0,1,20.0,0,6.0
2021,9,00-0036255,D.Mims,NYJ,WR,1,2.0,3.0,2.0,3.0,1,20.0,0,1.0
2021,9,00-0033466,I.McKenzie,BUF,WR,1,1.0,3.0,1.0,3.0,2,10.0,0,4.0
2021,9,00-0036271,Q.Watkins,PHI,WR,1,0.9,2.9,0.9,2.9,2,9.0,0,6.0
2021,9,00-0035414,J.Guyton,LAC,WR,1,1.9,2.9,1.9,2.9,1,19.0,0,8.0
2021,9,00-0033114,M.Thomas,CIN,WR,1,1.6,2.6,1.6,2.6,1,16.0,0,0.0
2021,9,00-0034419,B.Berrios,NYJ,WR,1,0.5,2.5,0.5,2.5,2,5.0,0,2.0
2021,9,00-0036999,A.Schwartz,CLE,WR,1,1.5,2.5,1.5,2.5,1,15.0,0,2.0
2021,9,00-0036182,N.Westbrook-Ikhine,TEN,WR,1,1.4,2.4,1.4,2.4,1,14.0,0,6.0
2021,9,00-0035844,K.Merritt,MIA,WR,1,1.3,2.3,1.3,2.3,1,13.0,0,6.0
2021,9,00-0032778,T.Sharpe,ATL,WR,1,1.2,2.2,1.2,2.2,1,12.0,0,4.0
2021,9,00-0034407,R.McCloud,PIT,WR,1,1.2,2.2,1.2,2.2,1,12.0,0,10.0
2021,9,00-0033009,T.Boyd,CIN,WR,1,1.1,2.1,1.1,2.1,1,11.0,0,7.0
2021,9,00-0030669,A.Wilson,MIA,WR,1,1.1,2.1,1.1,2.1,1,11.0,0,5.0
2021,9,00-0034348,C.Sutton,DEN,WR,1,0.9,1.9,0.9,1.9,1,9.0,0,3.0
2021,9,00-0034960,J.Meyers,NE,WR,1,0.8,1.8,0.8,1.8,1,8.0,0,0.0
2021,9,00-0036228,D.Patmon,IND,WR,1,0.7,1.7,0.7,1.7,1,7.0,0,3.0
2021,9,00-0036913,K.Toney,NYG,WR,1,0.7,1.7,0.7,1.7,1,9.0,0,4.0
2021,9,00-0030663,W.Snead,CAR,WR,1,0.6,1.6,0.6,1.6,1,6.0,0,5.0
2021,9,00-0029632,M.Sanu,SF,WR,1,0.5,1.5,0.5,1.5,1,5.0,0,0.0
2021,9,00-0032398,C.Moore,HOU,WR,1,0.4,1.4,0.4,1.4,1,4.0,0,3.0
2021,9,00-0032775,D.Robinson,KC,WR,1,0.2,1.2,0.2,1.2,1,2.0,0,1.0
2021,9,00-0032688,R.Chosen,CAR,WR,1,0.2,1.2,0.2,1.2,1,2.0,0,0.0
2021,9,00-0027691,A.Roberts,LAC,WR,1,0.9,0.9,0.9,0.9,0,0.0,0,0.0
2021,9,00-0036387,J.Reagor,PHI,WR,1,-0.6,0.4,-0.6,0.4,1,-6.0,0,-4.0
2021,9,00-0035535,D.Slayton,NYG,WR,1,0.0,0.0,0.0,0.0,0,0.0,0,0.0
2021,9,00-0033471,I.Ford,MIA,WR,1,0.0,0.0,0.0,0.0,0,0.0,0,0.0
2021,9,00-0036365,B.Edwards,LV,WR,1,0.0,0.0,0.0,0.0,0,0.0,0,0.0
2021,9,00-0032951,L.Treadwell,JAX,WR,1,0.0,0.0,0.0,0.0,0,0.0,0,0.0
2021,9,00-0033591,N.Brown,DAL,WR,1,0.0,0.0,0.0,0.0,0,0.0,0,0.0
2021,9,00-0036955,T.Marshall,CAR,WR,1,0.0,0.0,0.0,0.0,0,0.0,0,0.0
2021,9,00-0032355,C.Rogers,TEN,WR,1,0.0,0.0,0.0,0.0,0,0.0,0,0.0
2021,9,00-0036196,G.Davis,BUF,WR,1,0.0,0.0,0.0,0.0,0,0.0,0,0.0
2021,9,00-0029664,J.Gordon,KC,WR,1,0.0,0.0,0.0,0.0,0,0.0,0,0.0
2021,9,00-0033839,D.Westbrook,MIN,WR,1,0.0,0.0,0.0,0.0,0,0.0,0,0.0
2021,9,00-0032980,M.Johnson,TEN,WR,1,-0.7,-0.7,-0.7,-0.7,0,0.0,0,0.0
2021,8,00-0035676,A.Brown,TEN,WR,1,21.5,31.5,21.5,31.5,10,155.0,1,66.0
2021,8,00-0036252,M.Pittman,IND,WR,1,20.6,30.6,20.6,30.6,10,86.0,2,17.0
2021,8,00-0033921,C.Godwin,TB,WR,1,20.0,28.0,20.0,28.0,8,140.0,1,102.0
2021,8,00-0033040,T.Hill,KC,WR,1,15.4,27.4,15.4,27.4,12,94.0,1,57.0
2021,8,00-0031544,A.Cooper,DAL,WR,1,18.2,26.2,18.2,26.2,8,122.0,1,28.0
2021,8,00-0032211,T.Lockett,SEA,WR,1,14.2,26.2,14.2,26.2,12,142.0,0,27.0
2021,8,00-0033908,C.Kupp,LA,WR,1,17.5,24.5,17.5,24.5,7,115.0,1,45.0
2021,8,00-0035719,D.Samuel,SF,WR,1,17.1,23.1,17.1,23.1,6,171.0,0,97.0
2021,8,00-0035640,D.Metcalf,SEA,WR,1,16.3,22.3,16.3,22.3,6,43.0,2,9.0
2021,8,00-0029000,C.Beasley,BUF,WR,1,11.0,21.0,11.0,21.0,10,110.0,0,41.0
2021,8,00-0030431,R.Woods,LA,WR,1,17.7,20.7,17.7,20.7,3,35.0,1,20.0
2021,8,00-0031236,B.Cooks,HOU,WR,1,14.3,20.3,14.3,20.3,6,83.0,1,30.0
2021,8,00-0033009,T.Boyd,CIN,WR,1,15.2,20.2,15.2,20.2,5,69.0,1,28.0
2021,8,00-0030035,A.Thielen,MIN,WR,1,13.8,19.8,13.8,19.8,6,78.0,1,32.0
2021,8,00-0030279,K.Allen,LAC,WR,1,13.7,19.7,13.7,19.7,6,77.0,1,31.0
2021,8,00-0034418,C.Wilson,DAL,WR,1,16.15,19.15,16.15,19.15,3,84.0,1,57.0
2021,8,00-0036358,C.Lamb,DAL,WR,1,11.2,17.2,11.2,17.2,6,112.0,0,16.0
2021,8,00-0031547,D.Parker,MIA,WR,1,8.5,16.5,8.5,16.5,8,85.0,0,27.0
2021,8,00-0028002,R.Cobb,GB,WR,1,13.5,16.5,13.5,16.5,3,15.0,2,3.0
2021,8,00-0031941,J.Crowder,NYJ,WR,1,8.4,16.4,8.4,16.4,8,84.0,0,40.0
2021,8,00-0033572,J.Agnew,JAX,WR,1,9.8,15.8,9.8,15.8,6,38.0,1,27.0
2021,8,00-0035216,D.Johnson,PIT,WR,1,9.8,15.8,9.8,15.8,6,98.0,0,56.0
2021,8,00-0031588,S.Diggs,BUF,WR,1,10.0,15.0,10.0,15.0,5,40.0,1,32.0
2021,8,00-0031763,D.Carter,WAS,WR,1,11.1,14.1,11.1,14.1,3,51.0,1,11.0
2021,8,00-0036410,T.Higgins,CIN,WR,1,9.7,13.7,9.7,13.7,4,97.0,0,23.0
2021,8,00-0036900,J.Chase,CIN,WR,1,10.1,13.1,10.1,13.1,3,32.0,1,22.0
2021,8,00-0036980,E.Moore,NYJ,WR,1,7.1,13.1,7.1,13.1,6,67.0,0,33.0
2021,8,00-0036196,G.Davis,BUF,WR,1,8.9,12.9,8.9,12.9,4,29.0,1,17.0
2021,8,00-0031408,M.Evans,TB,WR,1,10.8,12.8,10.8,12.8,2,48.0,1,9.0
2021,8,00-0036309,D.Mooney,CHI,WR,1,6.4,12.4,6.4,12.4,6,64.0,0,18.0
2021,8,00-0034765,T.Smith,NO,WR,1,9.3,12.3,9.3,12.3,3,33.0,1,12.0
2021,8,00-0033215,C.Grayson,TB,WR,1,11.0,12.0,11.0,12.0,1,50.0,1,15.0
2021,8,00-0031382,J.Landry,CLE,WR,1,7.0,12.0,7.0,12.0,5,65.0,0,23.0
2021,8,00-0036415,V.Jefferson,LA,WR,1,8.8,11.8,8.8,11.8,3,88.0,0,16.0
2021,8,00-0036427,T.Johnson,TB,WR,1,6.5,11.5,6.5,11.5,5,65.0,0,20.0
2021,8,00-0035140,M.Hardman,KC,WR,1,6.3,11.3,6.3,11.3,5,63.0,0,67.0
2021,8,00-0032778,T.Sharpe,ATL,WR,1,5.8,10.8,5.8,10.8,5,58.0,0,8.0
2021,8,00-0036326,C.Claypool,PIT,WR,1,6.1,10.1,6.1,10.1,4,45.0,0,12.0
2021,8,00-0027942,A.Green,ARI,WR,1,5.0,10.0,5.0,10.0,5,50.0,0,10.0
2021,8,00-0034827,D.Moore,CAR,WR,1,5.9,9.9,5.9,9.9,4,59.0,0,17.0
2021,8,00-0036182,N.Westbrook-Ikhine,TEN,WR,1,7.6,9.6,7.6,9.6,2,16.0,1,0.0
2021,8,00-0036554,N.Collins,HOU,WR,1,5.5,9.5,5.5,9.5,4,55.0,0,16.0
2021,8,00-0033375,T.Patrick,DEN,WR,1,6.4,9.4,6.4,9.4,3,64.0,0,21.0
2021,8,00-0036988,J.Palmer,LAC,WR,1,8.4,9.4,8.4,9.4,1,24.0,1,0.0
2021,8,00-0034419,B.Berrios,NYJ,WR,1,7.3,9.3,7.3,9.3,2,13.0,1,3.0
2021,8,00-0033251,Z.Pascal,IND,WR,1,4.3,9.3,4.3,9.3,5,43.0,0,12.0
2021,8,00-0033460,J.Ross,NYG,WR,1,7.2,9.2,7.2,9.2,2,72.0,0,6.0
2021,8,00-0031549,N.Agholor,NE,WR,1,6.0,9.0,6.0,9.0,3,60.0,0,10.0
2021,8,00-0029632,M.Sanu,SF,WR,1,5.9,8.9,5.9,8.9,3,59.0,0,13.0
2021,8,00-0035215,D.Harty,NO,WR,1,5.7,8.7,5.7,8.7,3,35.0,0,13.0
2021,8,00-0034775,C.Kirk,ARI,WR,1,4.6,8.6,4.6,8.6,4,46.0,0,7.0
2021,8,00-0030564,D.Hopkins,ARI,WR,1,6.6,8.6,6.6,8.6,2,66.0,0,24.0
2021,8,00-0029293,M.Jones,JAX,WR,1,3.5,8.5,3.5,8.5,5,35.0,0,12.0
2021,8,00-0036261,B.Aiyuk,SF,WR,1,4.5,8.5,4.5,8.5,4,45.0,0,23.0
2021,8,00-0036407,J.Jeudy,DEN,WR,1,3.9,7.9,3.9,7.9,4,39.0,0,3.0
2021,8,00-0033307,K.Bourne,NE,WR,1,3.8,7.8,3.8,7.8,4,38.0,0,10.0
2021,8,00-0036963,A.St. Brown,DET,WR,1,4.6,7.6,4.6,7.6,3,46.0,0,25.0
2021,8,00-0034960,J.Meyers,NE,WR,1,3.6,7.6,3.6,7.6,4,36.0,0,11.0
2021,8,00-0036913,K.Toney,NYG,WR,1,3.55,7.55,3.55,7.55,4,26.0,0,21.0
2021,8,00-0035593,J.Winfree,GB,WR,1,3.0,7.0,3.0,7.0,4,30.0,0,14.0
2021,8,00-0036613,J.Waddle,MIA,WR,1,2.9,6.9,2.9,6.9,4,29.0,0,12.0
2021,8,00-0035659,T.McLaurin,WAS,WR,1,3.5,6.5,3.5,6.5,3,23.0,0,2.0
2021,8,00-0032385,S.Shepard,NYG,WR,1,2.5,6.5,2.5,6.5,4,25.0,0,12.0
2021,8,00-0034348,C.Sutton,DEN,WR,1,4.0,6.0,4.0,6.0,2,40.0,0,4.0
2021,8,00-0036219,M.Callaway,NO,WR,1,3.0,6.0,3.0,6.0,3,30.0,0,3.0
2021,8,00-0036862,B.Skowronek,LA,WR,1,3.0,6.0,3.0,6.0,3,30.0,0,18.0
2021,8,00-0032009,A.Humphries,WAS,WR,1,3.5,5.5,3.5,5.5,2,35.0,0,20.0
2021,8,00-0036936,R.Moore,ARI,WR,1,2.5,5.5,2.5,5.5,3,24.0,0,34.0
2021,8,00-0033681,K.Cole,NYJ,WR,1,2.5,5.5,2.5,5.5,3,25.0,0,3.0
2021,8,00-0030068,M.Goodwin,CHI,WR,1,3.2,5.2,3.2,5.2,2,32.0,0,15.0
2021,8,00-0031428,A.Robinson,CHI,WR,1,2.1,5.1,2.1,5.1,3,21.0,0,3.0
2021,8,00-0036255,D.Mims,NYJ,WR,1,3.0,5.0,3.0,5.0,2,30.0,0,27.0
2021,8,00-0035624,N.Harry,NE,WR,1,3.0,5.0,3.0,5.0,2,30.0,0,0.0
2021,8,00-0031545,K.White,NO,WR,1,3.8,4.8,3.8,4.8,1,38.0,0,9.0
2021,8,00-0032977,R.Higgins,CLE,WR,1,2.7,4.7,2.7,4.7,2,27.0,0,5.0
2021,8,00-0036322,J.Jefferson,MIN,WR,1,2.1,4.1,2.1,4.1,2,21.0,0,11.0
2021,8,00-0036877,J.Darden,TB,WR,1,1.1,4.1,1.1,4.1,3,11.0,0,14.0
2021,8,00-0036268,L.Shenault,JAX,WR,1,2.1,4.1,2.1,4.1,2,13.0,0,12.0
2021,8,00-0033536,M.Williams,LAC,WR,1,1.9,3.9,1.9,3.9,2,19.0,0,4.0
2021,8,00-0036271,Q.Watkins,PHI,WR,1,1.8,3.8,1.8,3.8,2,18.0,0,6.0
2021,8,00-0029608,T.Hilton,IND,WR,1,1.6,3.6,1.6,3.6,2,16.0,0,7.0
2021,8,00-0032398,C.Moore,HOU,WR,1,1.6,3.6,1.6,3.6,2,16.0,0,6.0
2021,8,00-0032128,C.Conley,HOU,WR,1,2.4,3.4,2.4,3.4,1,24.0,0,2.0
2021,8,00-0036671,D.Milne,WAS,WR,1,2.2,3.2,2.2,3.2,1,22.0,0,14.0
2021,8,00-0034279,E.St. Brown,GB,WR,1,1.2,3.2,1.2,3.2,2,12.0,0,7.0
2021,8,00-0036387,J.Reagor,PHI,WR,1,2.1,3.1,2.1,3.1,1,0.0,0,5.0
2021,8,00-0034104,C.Sims,WAS,WR,1,2.0,3.0,2.0,3.0,1,20.0,0,21.0
2021,8,00-0036345,K.Osborn,MIN,WR,1,1.0,3.0,1.0,3.0,2,10.0,0,1.0
2021,8,00-0036254,C.Johnson,NYG,WR,1,1.0,3.0,1.0,3.0,2,10.0,0,2.0
2021,8,00-0036991,A.Rodgers,GB,WR,1,1.8,2.8,1.8,2.8,1,7.0,0,6.0
2021,8,00-0032775,D.Robinson,KC,WR,1,1.8,2.8,1.8,2.8,1,18.0,0,3.0
2021,8,00-0035414,J.Guyton,LAC,WR,1,1.8,2.8,1.8,2.8,1,18.0,0,0.0
2021,8,00-0036912,D.Smith,PHI,WR,1,1.5,2.5,1.5,2.5,1,15.0,0,0.0
2021,8,00-0026035,D.Amendola,HOU,WR,1,0.3,2.3,0.3,2.3,2,3.0,0,1.0
2021,8,00-0034297,B.Pringle,KC,WR,1,1.2,2.2,1.2,2.2,1,12.0,0,4.0
2021,8,00-0035208,O.Zaccheaus,ATL,WR,1,1.2,2.2,1.2,2.2,1,12.0,0,0.0
2021,8,00-0035457,T.Johnson,JAX,WR,1,1.0,2.0,1.0,2.0,1,10.0,0,0.0
2021,8,00-0035510,J.Smith,NYJ,WR,1,0.9,1.9,0.9,1.9,1,10.0,0,0.0
2021,8,00-0032980,M.Johnson,TEN,WR,1,0.8,1.8,0.8,1.8,1,8.0,0,9.0
2021,8,00-0035126,A.Wesley,ARI,WR,1,0.7,1.7,0.7,1.7,1,7.0,0,1.0
2021,8,00-0033591,N.Brown,DAL,WR,1,0.7,1.7,0.7,1.7,1,7.0,0,0.0
2021,8,00-0031235,O.Beckham,CLE,WR,1,0.6,1.6,0.6,1.6,1,6.0,0,8.0
2021,8,00-0036635,I.Smith-Marsette,MIN,WR,1,0.6,1.6,0.6,1.6,1,6.0,0,2.0
2021,8,00-0030525,T.Austin,JAX,WR,1,0.5,1.5,0.5,1.5,1,5.0,0,0.0
2021,8,00-0034676,J.Washington,PIT,WR,1,0.4,1.4,0.4,1.4,1,4.0,0,4.0
2021,8,00-0032200,T.Montgomery,NO,WR,1,0.4,1.4,0.4,1.4,1,4.0,0,8.0
2021,8,00-0034407,R.McCloud,PIT,WR,1,1.0,1.0,1.0,1.0,0,0.0,0,0.0
2021,8,00-0036572,S.Smith,CAR,WR,1,-0.2,0.8,-0.2,0.8,1,-2.0,0,1.0
2021,8,00-0035544,T.Kennedy,DET,WR,1,0.0,0.0,0.0,0.0,0,0.0,0,0.0
2021,8,00-0027685,E.Sanders,BUF,WR,1,0.0,0.0,0.0,0.0,0,0.0,0,0.0
2021,8,00-0033471,I.Ford,MIA,WR,1,0.0,0.0,0.0,0.0,0,0.0,0,0.0
2021,8,00-0032464,K.Raymond,DET,WR,1,0.0,0.0,0.0,0.0,0,0.0,0,0.0
2021,8,00-0032355,C.Rogers,TEN,WR,1,0.0,0.0,0.0,0.0,0,0.0,0,0.0
2021,8,00-0034317,K.Kirkwood,CAR,WR,1,0.0,0.0,0.0,0.0,0,0.0,0,0.0
2021,8,00-0029664,J.Gordon,KC,WR,1,0.0,0.0,0.0,0.0,0,0.0,0,0.0
2021,8,00-0034854,K.Hodge,DET,WR,1,0.0,0.0,0.0,0.0,0,0.0,0,0.0
2021,8,00-0033555,M.Hollins,MIA,WR,1,0.0,0.0,0.0,0.0,0,0.0,0,0.0
2021,8,00-0035021,A.Dulin,IND,WR,1,0.0,0.0,0.0,0.0,0,0.0,0,0.0
2021,8,00-0035535,D.Slayton,NYG,WR,1,0.0,0.0,0.0,0.0,0,0.0,0,0.0
2021,8,00-0032688,R.Chosen,CAR,WR,1,0.0,0.0,0.0,0.0,0,0.0,0,0.0
2021,8,00-0036259,J.Jennings,SF,WR,1,0.0,0.0,0.0,0.0,0,0.0,0,0.0
2021,7,00-0033908,C.Kupp,LA,WR,1,27.6,37.6,27.6,37.6,10,156.0,2,56.0
2021,7,00-0036900,J.Chase,CIN,WR,1,26.1,34.1,26.1,34.1,8,201.0,1,115.0
2021,7,00-0031408,M.Evans,TB,WR,1,25.6,31.6,25.6,31.6,6,76.0,3,7.0
2021,7,00-0035676,A.Brown,TEN,WR,1,19.3,27.3,19.3,27.3,8,133.0,1,34.0
2021,7,00-0035659,T.McLaurin,WAS,WR,1,18.2,25.2,18.2,25.2,7,122.0,1,40.0
2021,7,00-0033921,C.Godwin,TB,WR,1,17.1,25.1,17.1,25.1,8,111.0,1,55.0
2021,7,00-0035719,D.Samuel,SF,WR,1,16.0,23.0,16.0,23.0,7,100.0,1,29.0
2021,7,00-0036252,M.Pittman,IND,WR,1,16.5,20.5,16.5,20.5,4,105.0,1,14.0
2021,7,00-0031381,D.Adams,GB,WR,1,13.6,19.6,13.6,19.6,6,76.0,1,24.0
2021,7,00-0035662,M.Brown,BAL,WR,1,14.0,19.0,14.0,19.0,5,80.0,1,7.0
2021,7,00-0030564,D.Hopkins,ARI,WR,1,11.3,18.3,11.3,18.3,7,53.0,1,10.0
2021,7,00-0035640,D.Metcalf,SEA,WR,1,15.6,17.6,15.6,17.6,2,96.0,1,62.0
2021,7,00-0032464,K.Raymond,DET,WR,1,11.6,17.6,11.6,17.6,6,115.0,0,55.0
2021,7,00-0034521,A.Lazard,GB,WR,1,12.0,17.0,12.0,17.0,5,60.0,1,23.0
2021,7,00-0034411,R.Gage,ATL,WR,1,12.7,16.7,12.7,16.7,4,67.0,1,7.0
2021,7,00-0033307,K.Bourne,NE,WR,1,12.05,16.05,12.05,16.05,4,68.0,0,27.0
2021,7,00-0034860,D.Pettis,NYG,WR,1,10.7,15.7,10.7,15.7,5,39.0,1,26.0
2021,7,00-0036613,J.Waddle,MIA,WR,1,8.3,15.3,8.3,15.3,7,83.0,0,32.0
2021,7,00-0034775,C.Kirk,ARI,WR,1,11.0,15.0,11.0,15.0,4,50.0,1,5.0
2021,7,00-0033871,C.Davis,NYJ,WR,1,10.7,14.7,10.7,14.7,4,47.0,1,4.0
2021,7,00-0036415,V.Jefferson,LA,WR,1,10.3,14.3,10.3,14.3,4,43.0,1,7.0
2021,7,00-0036365,B.Edwards,LV,WR,1,10.3,13.3,10.3,13.3,3,43.0,1,11.0
2021,7,00-0034827,D.Moore,CAR,WR,1,7.3,13.3,7.3,13.3,6,73.0,0,24.0
2021,7,00-0036410,T.Higgins,CIN,WR,1,6.2,13.2,6.2,13.2,7,62.0,0,12.0
2021,7,00-0031549,N.Agholor,NE,WR,1,11.1,13.1,11.1,13.1,2,51.0,1,15.0
2021,7,00-0030431,R.Woods,LA,WR,1,7.0,13.0,7.0,13.0,6,70.0,0,35.0
2021,7,00-0034983,H.Renfrow,LV,WR,1,5.8,12.8,5.8,12.8,7,58.0,0,31.0
2021,7,00-0033040,T.Hill,KC,WR,1,6.7,12.7,6.7,12.7,6,49.0,0,4.0
2021,7,00-0034837,C.Ridley,ATL,WR,1,8.6,12.6,8.6,12.6,4,26.0,1,9.0
2021,7,00-0034297,B.Pringle,KC,WR,1,7.3,12.3,7.3,12.3,5,73.0,0,8.0
2021,7,00-0034348,C.Sutton,DEN,WR,1,6.8,11.8,6.8,11.8,5,68.0,0,7.0
2021,7,00-0035535,D.Slayton,NYG,WR,1,6.3,11.3,6.3,11.3,5,63.0,0,14.0
2021,7,00-0036912,D.Smith,PHI,WR,1,6.1,11.1,6.1,11.1,5,61.0,0,8.0
2021,7,00-0036550,R.Bateman,BAL,WR,1,8.0,11.0,8.0,11.0,3,80.0,0,35.0
2021,7,00-0036387,J.Reagor,PHI,WR,1,8.5,10.5,8.5,10.5,2,25.0,1,5.0
2021,7,00-0036980,E.Moore,NYJ,WR,1,9.2,10.2,9.2,10.2,1,13.0,0,15.0
2021,7,00-0027942,A.Green,ARI,WR,1,6.6,9.6,6.6,9.6,3,66.0,0,2.0
2021,7,00-0034960,J.Meyers,NE,WR,1,4.4,9.4,4.4,9.4,5,44.0,0,14.0
2021,7,00-0033555,M.Hollins,MIA,WR,1,7.3,9.3,7.3,9.3,2,13.0,1,0.0
2021,7,00-0031382,J.Landry,CLE,WR,1,3.7,8.7,3.7,8.7,5,37.0,0,14.0
2021,7,00-0036247,F.Swain,SEA,WR,1,4.7,8.7,4.7,8.7,4,39.0,0,29.0
2021,7,00-0033471,I.Ford,MIA,WR,1,7.0,8.0,7.0,8.0,1,10.0,1,5.0
2021,7,00-0033009,T.Boyd,CIN,WR,1,3.9,7.9,3.9,7.9,4,39.0,0,17.0
2021,7,00-0031941,J.Crowder,NYJ,WR,1,3.4,7.4,3.4,7.4,4,34.0,0,11.0
2021,7,00-0031236,B.Cooks,HOU,WR,1,2.1,7.1,2.1,7.1,5,21.0,0,2.0
2021,7,00-0036357,H.Ruggs,LV,WR,1,3.1,7.1,3.1,7.1,4,24.0,0,5.0
2021,7,00-0035140,M.Hardman,KC,WR,1,2.8,6.8,2.8,6.8,4,28.0,0,17.0
2021,7,00-0032009,A.Humphries,WAS,WR,1,3.6,6.6,3.6,6.6,3,36.0,0,4.0
2021,7,00-0036219,M.Callaway,NO,WR,1,3.2,6.2,3.2,6.2,3,32.0,0,0.0
2021,7,00-0036309,D.Mooney,CHI,WR,1,3.9,5.9,3.9,5.9,2,39.0,0,3.0
2021,7,00-0027944,J.Jones,TEN,WR,1,3.8,5.8,3.8,5.8,2,38.0,0,20.0
2021,7,00-0036271,Q.Watkins,PHI,WR,1,3.7,5.7,3.7,5.7,2,37.0,0,10.0
2021,7,00-0033891,Z.Jones,LV,WR,1,4.3,5.3,4.3,5.3,1,43.0,0,0.0
2021,7,00-0033943,J.Reynolds,TEN,WR,1,2.3,5.3,2.3,5.3,3,23.0,0,18.0
2021,7,00-0028002,R.Cobb,GB,WR,1,2.2,5.2,2.2,5.2,3,22.0,0,7.0
2021,7,00-0036554,N.Collins,HOU,WR,1,2.8,4.8,2.8,4.8,2,28.0,0,10.0
2021,7,00-0034317,K.Kirkwood,CAR,WR,1,1.7,4.7,1.7,4.7,3,17.0,0,16.0
2021,7,00-0033460,J.Ross,NYG,WR,1,2.7,4.7,2.7,4.7,2,27.0,0,8.0
2021,7,00-0026035,D.Amendola,HOU,WR,1,1.7,4.7,1.7,4.7,3,17.0,0,8.0
2021,7,00-0033251,Z.Pascal,IND,WR,1,1.4,4.4,1.4,4.4,3,14.0,0,11.0
2021,7,00-0032688,R.Chosen,CAR,WR,1,1.4,4.4,1.4,4.4,3,14.0,0,11.0
2021,7,00-0031235,O.Beckham,CLE,WR,1,2.3,4.3,2.3,4.3,2,23.0,0,0.0
2021,7,00-0031763,D.Carter,WAS,WR,1,3.1,4.1,3.1,4.1,1,4.0,0,0.0
2021,7,00-0036999,A.Schwartz,CLE,WR,1,2.0,4.0,2.0,4.0,2,22.0,0,1.0
2021,7,00-0035624,N.Harry,NE,WR,1,2.8,3.8,2.8,3.8,1,28.0,0,1.0
2021,7,00-0032778,T.Sharpe,ATL,WR,1,1.8,3.8,1.8,3.8,2,18.0,0,9.0
2021,7,00-0036936,R.Moore,ARI,WR,1,1.7,3.7,1.7,3.7,2,17.0,0,15.0
2021,7,00-0031428,A.Robinson,CHI,WR,1,1.6,3.6,1.6,3.6,2,16.0,0,8.0
2021,7,00-0036671,D.Milne,WAS,WR,1,1.6,3.6,1.6,3.6,2,16.0,0,8.0
2021,7,00-0030068,M.Goodwin,CHI,WR,1,1.6,3.6,1.6,3.6,2,16.0,0,15.0
2021,7,00-0033375,T.Patrick,DEN,WR,1,1.6,3.6,1.6,3.6,2,16.0,0,0.0
2021,7,00-0036427,T.Johnson,TB,WR,1,1.6,3.6,1.6,3.6,2,16.0,0,19.0
2021,7,00-0035864,K.Hinton,DEN,WR,1,1.5,3.5,1.5,3.5,2,15.0,0,6.0
2021,7,00-0032211,T.Lockett,SEA,WR,1,1.2,3.2,1.2,3.2,2,12.0,0,0.0
2021,7,00-0035645,G.Olszewski,NE,WR,1,2.2,3.2,2.2,3.2,1,22.0,0,9.0
2021,7,00-0029632,M.Sanu,SF,WR,1,1.6,2.6,1.6,2.6,1,16.0,0,3.0
2021,7,00-0035208,O.Zaccheaus,ATL,WR,1,1.3,2.3,1.3,2.3,1,13.0,0,3.0
2021,7,00-0034765,T.Smith,NO,WR,1,1.1,2.1,1.1,2.1,1,11.0,0,2.0
2021,7,00-0031868,D.Byrd,CHI,WR,1,1.0,2.0,1.0,2.0,1,10.0,0,8.0
2021,7,00-0035021,A.Dulin,IND,WR,1,0.0,2.0,0.0,2.0,2,0.0,0,6.0
2021,7,00-0036331,D.Duvernay,BAL,WR,1,0.9,1.9,0.9,1.9,1,11.0,0,0.0
2021,7,00-0036261,B.Aiyuk,SF,WR,1,0.9,1.9,0.9,1.9,1,6.0,0,0.0
2021,7,00-0034487,T.Sherfield,SF,WR,1,0.9,1.9,0.9,1.9,1,9.0,0,0.0
2021,7,00-0033481,M.Kemp,KC,WR,1,0.8,1.8,0.8,1.8,1,8.0,0,3.0
2021,7,00-0036254,C.Johnson,NYG,WR,1,0.7,1.7,0.7,1.7,1,7.0,0,0.0
2021,7,00-0032775,D.Robinson,KC,WR,1,0.7,1.7,0.7,1.7,1,7.0,0,0.0
2021,7,00-0033681,K.Cole,NYJ,WR,1,0.6,1.6,0.6,1.6,1,6.0,0,1.0
2021,7,00-0036255,D.Mims,NYJ,WR,1,0.6,1.6,0.6,1.6,1,6.0,0,1.0
2021,7,00-0035350,P.Williams,MIA,WR,1,0.5,1.5,0.5,1.5,1,5.0,0,2.0
2021,7,00-0034366,K.Coutee,IND,WR,1,0.5,1.5,0.5,1.5,1,5.0,0,0.0
2021,7,00-0034854,K.Hodge,DET,WR,1,0.3,1.3,0.3,1.3,1,3.0,0,4.0
2021,7,00-0034279,E.St. Brown,GB,WR,1,1.3,1.3,1.3,1.3,0,0.0,0,0.0
2021,7,00-0036877,J.Darden,TB,WR,1,1.1,1.1,1.1,1.1,0,0.0,0,0.0
2021,7,00-0032977,R.Higgins,CLE,WR,1,-0.2,0.8,-0.2,0.8,1,-2.0,0,0.0
2021,7,00-0032980,M.Johnson,TEN,WR,1,0.5,0.5,0.5,0.5,0,0.0,0,0.0
2021,7,00-0032200,T.Montgomery,NO,WR,1,0.4,0.4,0.4,0.4,0,0.0,0,0.0
2021,7,00-0026189,D.Jackson,LA,WR,1,0.0,0.0,0.0,0.0,0,0.0,0,0.0
2021,7,00-0035022,P.Hart,SEA,WR,1,0.0,0.0,0.0,0.0,0,0.0,0,0.0
2021,7,00-0032626,G.Allison,DET,WR,1,0.0,0.0,0.0,0.0,0,0.0,0,0.0
2021,7,00-0036439,T.Cleveland,DEN,WR,1,0.0,0.0,0.0,0.0,0,0.0,0,0.0
2021,7,00-0036259,J.Jennings,SF,WR,1,0.0,0.0,0.0,0.0,0,0.0,0,0.0
2021,7,00-0030085,K.Stills,NO,WR,1,0.0,0.0,0.0,0.0,0,0.0,0,0.0
2021,7,00-0029664,J.Gordon,KC,WR,1,0.0,0.0,0.0,0.0,0,0.0,0,0.0
2021,7,00-0031051,J.Brown,DEN,WR,1,0.0,0.0,0.0,0.0,0,0.0,0,0.0
2021,7,00-0035359,D.Sills,NYG,WR,1,0.0,0.0,0.0,0.0,0,0.0,0,0.0
2021,7,00-0031545,K.White,NO,WR,1,0.0,0.0,0.0,0.0,0,0.0,0,0.0
2021,7,00-0036133,J.Proche,BAL,WR,1,0.0,0.0,0.0,0.0,0,0.0,0,0.0
2021,7,00-0036572,S.Smith,CAR,WR,1,-0.3,-0.3,-0.3,-0.3,0,0.0,0,0.0
2021,6,00-0036358,C.Lamb,DAL,WR,1,27.1,36.1,27.1,36.1,9,149.0,2,52.0
2021,6,00-0033908,C.Kupp,LA,WR,1,25.0,34.0,25.0,34.0,9,130.0,2,62.0
2021,6,00-0030035,A.Thielen,MIN,WR,1,18.8,29.8,18.8,29.8,11,126.0,1,42.0
2021,6,00-0036613,J.Waddle,MIA,WR,1,19.0,29.0,19.0,29.0,10,70.0,2,37.0
2021,6,00-0036233,D.Peoples-Jones,CLE,WR,1,22.1,26.1,22.1,26.1,4,101.0,2,5.0
2021,6,00-0027793,A.Brown,TB,WR,1,15.3,24.3,15.3,24.3,9,93.0,1,42.0
2021,6,00-0031588,S.Diggs,BUF,WR,1,14.9,23.9,14.9,23.9,9,89.0,1,15.0
2021,6,00-0034348,C.Sutton,DEN,WR,1,15.4,23.4,15.4,23.4,8,94.0,1,25.0
2021,6,00-0029293,M.Jones,JAX,WR,1,16.0,23.0,16.0,23.0,7,100.0,1,11.0
2021,6,00-0033040,T.Hill,KC,WR,1,13.6,22.6,13.6,22.6,9,76.0,1,25.0
2021,6,00-0029000,C.Beasley,BUF,WR,1,14.8,21.8,14.8,21.8,7,88.0,1,33.0
2021,6,00-0030564,D.Hopkins,ARI,WR,1,17.5,20.5,17.5,20.5,3,55.0,2,17.0
2021,6,00-0036345,K.Osborn,MIN,WR,1,13.8,19.8,13.8,19.8,6,78.0,1,23.0
2021,6,00-0027942,A.Green,ARI,WR,1,13.9,18.9,13.9,18.9,5,79.0,1,18.0
2021,6,00-0036357,H.Ruggs,LV,WR,1,15.7,18.7,15.7,18.7,3,97.0,1,20.0
2021,6,00-0035216,D.Johnson,PIT,WR,1,9.6,18.6,9.6,18.6,9,71.0,0,21.0
2021,6,00-0034775,C.Kirk,ARI,WR,1,13.5,18.5,13.5,18.5,5,75.0,1,7.0
2021,6,00-0031236,B.Cooks,HOU,WR,1,8.9,17.9,8.9,17.9,9,89.0,0,17.0
2021,6,00-0032385,S.Shepard,NYG,WR,1,7.6,17.6,7.6,17.6,10,76.0,0,26.0
2021,6,00-0035676,A.Brown,TEN,WR,1,9.1,16.1,9.1,16.1,7,91.0,0,25.0
2021,6,00-0036322,J.Jefferson,MIN,WR,1,8.0,16.0,8.0,16.0,8,80.0,0,51.0
2021,6,00-0036309,D.Mooney,CHI,WR,1,10.5,15.5,10.5,15.5,5,45.0,1,6.0
2021,6,00-0033307,K.Bourne,NE,WR,1,13.5,14.5,13.5,14.5,1,75.0,1,44.0
2021,6,00-0027685,E.Sanders,BUF,WR,1,9.1,14.1,9.1,14.1,5,91.0,0,9.0
2021,6,00-0036900,J.Chase,CIN,WR,1,9.7,13.7,9.7,13.7,4,97.0,0,22.0
2021,6,00-0032775,D.Robinson,KC,WR,1,10.6,13.6,10.6,13.6,3,46.0,1,3.0
2021,6,00-0033375,T.Patrick,DEN,WR,1,10.2,13.2,10.2,13.2,3,42.0,1,13.0
2021,6,00-0031381,D.Adams,GB,WR,1,8.9,12.9,8.9,12.9,4,89.0,0,49.0
2021,6,00-0034827,D.Moore,CAR,WR,1,7.9,12.9,7.9,12.9,5,73.0,0,32.0
2021,6,00-0031235,O.Beckham,CLE,WR,1,7.9,12.9,7.9,12.9,5,79.0,0,23.0
2021,6,00-0033572,J.Agnew,JAX,WR,1,7.8,12.8,7.8,12.8,5,78.0,0,41.0
2021,6,00-0035639,P.Campbell,IND,WR,1,11.1,12.1,11.1,12.1,1,51.0,1,4.0
2021,6,00-0029608,T.Hilton,IND,WR,1,8.0,12.0,8.0,12.0,4,80.0,0,13.0
2021,6,00-0035640,D.Metcalf,SEA,WR,1,5.8,11.8,5.8,11.8,6,58.0,0,22.0
2021,6,00-0034521,A.Lazard,GB,WR,1,8.7,11.7,8.7,11.7,3,27.0,1,10.0
2021,6,00-0036268,L.Shenault,JAX,WR,1,5.4,11.4,5.4,11.4,6,54.0,0,30.0
2021,6,00-0030431,R.Woods,LA,WR,1,9.1,11.1,9.1,11.1,2,31.0,1,13.0
2021,6,00-0035140,M.Hardman,KC,WR,1,6.8,10.8,6.8,10.8,4,62.0,0,37.0
2021,6,00-0031544,A.Cooper,DAL,WR,1,5.5,10.5,5.5,10.5,5,55.0,0,12.0
2021,6,00-0032688,R.Chosen,CAR,WR,1,7.1,10.1,7.1,10.1,3,11.0,1,4.0
2021,6,00-0033555,M.Hollins,MIA,WR,1,6.1,10.1,6.1,10.1,4,61.0,0,9.0
2021,6,00-0030279,K.Allen,LAC,WR,1,5.0,10.0,5.0,10.0,5,50.0,0,24.0
2021,6,00-0034860,D.Pettis,NYG,WR,1,4.8,9.8,4.8,9.8,5,48.0,0,12.0
2021,6,00-0032464,K.Raymond,DET,WR,1,3.7,9.7,3.7,9.7,6,37.0,0,16.0
2021,6,00-0034960,J.Meyers,NE,WR,1,4.4,9.4,4.4,9.4,5,44.0,0,2.0
2021,6,00-0031428,A.Robinson,CHI,WR,1,5.3,9.3,5.3,9.3,4,53.0,0,2.0
2021,6,00-0033921,C.Godwin,TB,WR,1,4.3,9.3,4.3,9.3,5,43.0,0,19.0
2021,6,00-0027944,J.Jones,TEN,WR,1,5.9,8.9,5.9,8.9,3,59.0,0,3.0
2021,6,00-0036365,B.Edwards,LV,WR,1,6.7,8.7,6.7,8.7,2,67.0,0,32.0
2021,6,00-0035864,K.Hinton,DEN,WR,1,3.7,8.7,3.7,8.7,5,37.0,0,4.0
2021,6,00-0034297,B.Pringle,KC,WR,1,5.5,8.5,5.5,8.5,3,55.0,0,8.0
2021,6,00-0036554,N.Collins,HOU,WR,1,4.4,8.4,4.4,8.4,4,44.0,0,6.0
2021,6,00-0034418,C.Wilson,DAL,WR,1,4.2,8.2,4.2,8.2,4,42.0,0,18.0
2021,6,00-0034686,A.Tate,CIN,WR,1,6.7,7.7,6.7,7.7,1,7.0,1,7.0
2021,6,00-0036963,A.St. Brown,DET,WR,1,2.6,7.6,2.6,7.6,5,26.0,0,4.0
2021,6,00-0035662,M.Brown,BAL,WR,1,3.5,7.5,3.5,7.5,4,35.0,0,14.0
2021,6,00-0036410,T.Higgins,CIN,WR,1,4.4,7.4,4.4,7.4,3,44.0,0,16.0
2021,6,00-0036271,Q.Watkins,PHI,WR,1,4.4,7.4,4.4,7.4,3,44.0,0,-1.0
2021,6,00-0036550,R.Bateman,BAL,WR,1,2.9,6.9,2.9,6.9,4,29.0,0,9.0
2021,6,00-0035659,T.McLaurin,WAS,WR,1,2.8,6.8,2.8,6.8,4,28.0,0,4.0
2021,6,00-0033591,N.Brown,DAL,WR,1,4.7,6.7,4.7,6.7,2,47.0,0,26.0
2021,6,00-0034983,H.Renfrow,LV,WR,1,3.6,6.6,3.6,6.6,3,36.0,0,19.0
2021,6,00-0036913,K.Toney,NYG,WR,1,3.6,6.6,3.6,6.6,3,36.0,0,14.0
2021,6,00-0034052,B.Zylstra,CAR,WR,1,3.2,6.2,3.2,6.2,3,32.0,0,8.0
2021,6,00-0036626,D.Brown,WAS,WR,1,3.0,6.0,3.0,6.0,3,30.0,0,9.0
2021,6,00-0036252,M.Pittman,IND,WR,1,3.8,5.8,3.8,5.8,2,35.0,0,1.0
2021,6,00-0036182,N.Westbrook-Ikhine,TEN,WR,1,2.7,5.7,2.7,5.7,3,27.0,0,11.0
2021,6,00-0036936,R.Moore,ARI,WR,1,2.6,5.6,2.6,5.6,3,16.0,0,21.0
2021,6,00-0032211,T.Lockett,SEA,WR,1,3.5,5.5,3.5,5.5,2,35.0,0,12.0
2021,6,00-0032398,C.Moore,HOU,WR,1,1.4,5.4,1.4,5.4,4,14.0,0,16.0
2021,6,00-0036912,D.Smith,PHI,WR,1,3.1,5.1,3.1,5.1,2,31.0,0,5.0
2021,6,00-0036415,V.Jefferson,LA,WR,1,1.9,4.9,1.9,4.9,3,19.0,0,20.0
2021,6,00-0033536,M.Williams,LAC,WR,1,2.7,4.7,2.7,4.7,2,27.0,0,7.0
2021,6,00-0031408,M.Evans,TB,WR,1,2.7,4.7,2.7,4.7,2,27.0,0,6.0
2021,6,00-0036331,D.Duvernay,BAL,WR,1,2.6,4.6,2.6,4.6,2,15.0,0,14.0
2021,6,00-0036196,G.Davis,BUF,WR,1,2.5,4.5,2.5,4.5,2,25.0,0,12.0
2021,6,00-0036254,C.Johnson,NYG,WR,1,2.1,4.1,2.1,4.1,2,21.0,0,5.0
2021,6,00-0036572,S.Smith,CAR,WR,1,2.0,4.0,2.0,4.0,2,20.0,0,28.0
2021,6,00-0034407,R.McCloud,PIT,WR,1,1.8,3.8,1.8,3.8,2,18.0,0,13.0
2021,6,00-0031549,N.Agholor,NE,WR,1,2.8,3.8,2.8,3.8,1,27.0,0,1.0
2021,6,00-0036326,C.Claypool,PIT,WR,1,1.7,3.7,1.7,3.7,2,17.0,0,11.0
2021,6,00-0030669,A.Wilson,MIA,WR,1,1.4,3.4,1.4,3.4,2,14.0,0,6.0
2021,6,00-0033839,D.Westbrook,MIN,WR,1,1.3,3.3,1.3,3.3,2,13.0,0,7.0
2021,6,00-0034854,K.Hodge,DET,WR,1,0.9,2.9,0.9,2.9,2,9.0,0,3.0
2021,6,00-0036999,A.Schwartz,CLE,WR,1,0.8,2.8,0.8,2.8,2,11.0,0,0.0
2021,6,00-0032543,A.Erickson,CAR,WR,1,1.7,2.7,1.7,2.7,1,17.0,0,10.0
2021,6,00-0035544,T.Kennedy,DET,WR,1,1.5,2.5,1.5,2.5,1,15.0,0,11.0
2021,6,00-0035414,J.Guyton,LAC,WR,1,1.5,2.5,1.5,2.5,1,15.0,0,4.0
2021,6,00-0036991,A.Rodgers,GB,WR,1,1.4,2.4,1.4,2.4,1,14.0,0,13.0
2021,6,00-0035022,P.Hart,SEA,WR,1,1.2,2.2,1.2,2.2,1,12.0,0,0.0
2021,6,00-0030068,M.Goodwin,CHI,WR,1,1.2,2.2,1.2,2.2,1,12.0,0,2.0
2021,6,00-0032128,C.Conley,HOU,WR,1,1.0,2.0,1.0,2.0,1,10.0,0,3.0
2021,6,00-0036955,T.Marshall,CAR,WR,1,0.9,1.9,0.9,1.9,1,9.0,0,4.0
2021,6,00-0034676,J.Washington,PIT,WR,1,0.9,1.9,0.9,1.9,1,9.0,0,4.0
2021,6,00-0033466,I.McKenzie,BUF,WR,1,0.8,1.8,0.8,1.8,1,3.0,0,3.0
2021,6,00-0036988,J.Palmer,LAC,WR,1,0.8,1.8,0.8,1.8,1,8.0,0,0.0
2021,6,00-0032355,C.Rogers,TEN,WR,1,0.7,1.7,0.7,1.7,1,7.0,0,9.0
2021,6,00-0033009,T.Boyd,CIN,WR,1,0.7,1.7,0.7,1.7,1,7.0,0,1.0
2021,6,00-0035021,A.Dulin,IND,WR,1,0.7,1.7,0.7,1.7,1,7.0,0,3.0
2021,6,00-0036247,F.Swain,SEA,WR,1,-0.4,1.6,-0.4,1.6,2,-4.0,0,9.0
2021,6,00-0026189,D.Jackson,LA,WR,1,0.6,1.6,0.6,1.6,1,6.0,0,1.0
2021,6,00-0035703,M.Boykin,BAL,WR,1,0.6,1.6,0.6,1.6,1,6.0,0,0.0
2021,6,00-0032208,P.Dorsett,SEA,WR,1,0.3,1.3,0.3,1.3,1,3.0,0,5.0
2021,6,00-0032009,A.Humphries,WAS,WR,1,-0.4,0.6,-0.4,0.6,1,-4.0,0,0.0
2021,6,00-0033471,I.Ford,MIA,WR,1,0.0,0.0,0.0,0.0,0,0.0,0,0.0
2021,6,00-0030525,T.Austin,JAX,WR,1,0.0,0.0,0.0,0.0,0,0.0,0,0.0
2021,6,00-0033251,Z.Pascal,IND,WR,1,0.0,0.0,0.0,0.0,0,0.0,0,0.0
2021,6,00-0036387,J.Reagor,PHI,WR,1,0.0,0.0,0.0,0.0,0,0.0,0,0.0
2021,6,00-0031787,J.Kumerow,BUF,WR,1,0.0,0.0,0.0,0.0,0,0.0,0,0.0
2021,6,00-0036133,J.Proche,BAL,WR,1,0.0,0.0,0.0,0.0,0,0.0,0,0.0
2021,6,00-0032951,L.Treadwell,JAX,WR,1,0.0,0.0,0.0,0.0,0,0.0,0,0.0
2021,6,00-0031868,D.Byrd,CHI,WR,1,0.0,0.0,0.0,0.0,0,0.0,0,0.0
2021,6,00-0034867,M.Turner,DAL,WR,1,0.0,0.0,0.0,0.0,0,0.0,0,0.0
2021,6,00-0033460,J.Ross,NYG,WR,1,0.0,0.0,0.0,0.0,0,0.0,0,0.0
2021,6,00-0036671,D.Milne,WAS,WR,1,0.0,0.0,0.0,0.0,0,0.0,0,0.0
2021,6,00-0031763,D.Carter,WAS,WR,1,0.0,0.0,0.0,0.0,0,0.0,0,0.0
2021,6,00-0032977,R.Higgins,CLE,WR,1,0.0,0.0,0.0,0.0,0,0.0,0,0.0
2021,6,00-0032980,M.Johnson,TEN,WR,1,0.0,0.0,0.0,0.0,0,0.0,0,0.0
2021,6,00-0030663,W.Snead,LV,WR,1,0.0,0.0,0.0,0.0,0,0.0,0,0.0
2021,5,00-0031381,D.Adams,GB,WR,1,26.6,37.6,26.6,37.6,11,206.0,1,54.0
2021,5,00-0033536,M.Williams,LAC,WR,1,28.5,36.5,28.5,36.5,8,165.0,2,60.0
2021,5,00-0035662,M.Brown,BAL,WR,1,24.5,33.5,24.5,33.5,9,125.0,2,30.0
2021,5,00-0027793,A.Brown,TB,WR,1,24.4,31.4,24.4,31.4,7,124.0,2,76.0
2021,5,00-0036913,K.Toney,NYG,WR,1,19.6,29.6,19.6,29.6,10,189.0,0,91.0
2021,5,00-0031408,M.Evans,TB,WR,1,23.3,29.3,23.3,29.3,6,113.0,2,13.0
2021,5,00-0036900,J.Chase,CIN,WR,1,21.9,27.9,21.9,27.9,6,159.0,1,54.0
2021,5,00-0030431,R.Woods,LA,WR,1,15.0,27.0,15.0,27.0,12,150.0,0,47.0
2021,5,00-0035640,D.Metcalf,SEA,WR,1,21.8,26.8,21.8,26.8,5,98.0,2,19.0
2021,5,00-0034348,C.Sutton,DEN,WR,1,18.0,25.0,18.0,25.0,7,120.0,1,10.0
2021,5,00-0036219,M.Callaway,NO,WR,1,20.5,24.5,20.5,24.5,4,85.0,2,4.0
2021,5,00-0036326,C.Claypool,PIT,WR,1,19.0,24.0,19.0,24.0,5,130.0,1,81.0
2021,5,00-0032398,C.Moore,HOU,WR,1,16.9,21.9,16.9,21.9,5,109.0,1,73.0
2021,5,00-0036252,M.Pittman,IND,WR,1,14.9,20.9,14.9,20.9,6,89.0,1,49.0
2021,5,00-0030564,D.Hopkins,ARI,WR,1,14.7,20.7,14.7,20.7,6,87.0,1,13.0
2021,5,00-0027685,E.Sanders,BUF,WR,1,17.4,20.4,17.4,20.4,3,54.0,2,2.0
2021,5,00-0036322,J.Jefferson,MIN,WR,1,12.4,19.4,12.4,19.4,7,124.0,0,30.0
2021,5,00-0036358,C.Lamb,DAL,WR,1,14.8,18.8,14.8,18.8,4,84.0,1,43.0
2021,5,00-0032128,C.Conley,HOU,WR,1,14.4,17.4,14.4,17.4,3,84.0,1,24.0
2021,5,00-0035140,M.Hardman,KC,WR,1,7.6,16.6,7.6,16.6,9,76.0,0,23.0
2021,5,00-0033908,C.Kupp,LA,WR,1,9.2,16.2,9.2,16.2,7,92.0,0,12.0
2021,5,00-0035719,D.Samuel,SF,WR,1,13.1,16.1,13.1,16.1,3,58.0,0,20.0
2021,5,00-0033375,T.Patrick,DEN,WR,1,8.9,15.9,8.9,15.9,7,89.0,0,29.0
2021,5,00-0035216,D.Johnson,PIT,WR,1,13.2,15.2,13.2,15.2,2,72.0,1,33.0
2021,5,00-0031544,A.Cooper,DAL,WR,1,12.0,15.0,12.0,15.0,3,60.0,1,0.0
2021,5,00-0033040,T.Hill,KC,WR,1,7.8,14.8,7.8,14.8,7,63.0,0,43.0
2021,5,00-0036912,D.Smith,PHI,WR,1,7.7,14.7,7.7,14.7,7,77.0,0,21.0
2021,5,00-0036936,R.Moore,ARI,WR,1,9.7,14.7,9.7,14.7,5,59.0,0,29.0
2021,5,00-0035215,D.Harty,NO,WR,1,13.2,14.2,13.2,14.2,1,72.0,1,25.0
2021,5,00-0033921,C.Godwin,TB,WR,1,7.0,14.0,7.0,14.0,7,70.0,0,60.0
2021,5,00-0030279,K.Allen,LAC,WR,1,7.5,13.5,7.5,13.5,6,75.0,0,20.0
2021,5,00-0036963,A.St. Brown,DET,WR,1,6.5,13.5,6.5,13.5,7,65.0,0,52.0
2021,5,00-0036233,D.Peoples-Jones,CLE,WR,1,7.0,12.0,7.0,12.0,5,70.0,0,39.0
2021,5,00-0032977,R.Higgins,CLE,WR,1,8.9,11.9,8.9,11.9,3,29.0,1,4.0
2021,5,00-0034983,H.Renfrow,LV,WR,1,5.6,11.6,5.6,11.6,6,56.0,0,23.0
2021,5,00-0031763,D.Carter,WAS,WR,1,7.3,11.3,7.3,11.3,4,62.0,0,15.0
2021,5,00-0033572,J.Agnew,JAX,WR,1,4.9,10.9,4.9,10.9,6,41.0,0,21.0
2021,5,00-0032211,T.Lockett,SEA,WR,1,5.7,10.7,5.7,10.7,5,57.0,0,2.0
2021,5,00-0035864,K.Hinton,DEN,WR,1,8.5,10.5,8.5,10.5,2,25.0,1,2.0
2021,5,00-0030525,T.Austin,JAX,WR,1,5.4,10.4,5.4,10.4,5,54.0,0,14.0
2021,5,00-0032009,A.Humphries,WAS,WR,1,7.3,10.3,7.3,10.3,3,73.0,0,42.0
2021,5,00-0034775,C.Kirk,ARI,WR,1,5.0,10.0,5.0,10.0,5,39.0,0,12.0
2021,5,00-0035350,P.Williams,MIA,WR,1,6.7,9.7,6.7,9.7,3,60.0,0,28.0
2021,5,00-0035639,P.Campbell,IND,WR,1,5.6,9.6,5.6,9.6,4,56.0,0,5.0
2021,5,00-0034960,J.Meyers,NE,WR,1,5.6,9.6,5.6,9.6,4,56.0,0,22.0
2021,5,00-0032778,T.Sharpe,ATL,WR,1,5.3,9.3,5.3,9.3,4,53.0,0,19.0
2021,5,00-0034297,B.Pringle,KC,WR,1,7.1,9.1,7.1,9.1,2,11.0,1,3.0
2021,5,00-0031588,S.Diggs,BUF,WR,1,6.9,8.9,6.9,8.9,2,69.0,0,21.0
2021,5,00-0034827,D.Moore,CAR,WR,1,3.8,8.8,3.8,8.8,5,42.0,0,15.0
2021,5,00-0035659,T.McLaurin,WAS,WR,1,4.6,8.6,4.6,8.6,4,46.0,0,14.0
2021,5,00-0033871,C.Davis,NYJ,WR,1,4.5,8.5,4.5,8.5,4,45.0,0,8.0
2021,5,00-0036331,D.Duvernay,BAL,WR,1,4.5,8.5,4.5,8.5,4,45.0,0,19.0
2021,5,00-0036410,T.Higgins,CIN,WR,1,3.2,8.2,3.2,8.2,5,32.0,0,9.0
2021,5,00-0032980,M.Johnson,TEN,WR,1,5.2,8.2,5.2,8.2,3,52.0,0,22.0
2021,5,00-0036357,H.Ruggs,LV,WR,1,5.1,8.1,5.1,8.1,3,51.0,0,6.0
2021,5,00-0026189,D.Jackson,LA,WR,1,6.8,7.8,6.8,7.8,1,68.0,0,28.0
2021,5,00-0036271,Q.Watkins,PHI,WR,1,4.8,7.8,4.8,7.8,3,48.0,0,13.0
2021,5,00-0033251,Z.Pascal,IND,WR,1,4.8,7.8,4.8,7.8,3,48.0,0,28.0
2021,5,00-0036427,T.Johnson,TB,WR,1,4.2,7.2,4.2,7.2,3,42.0,0,15.0
2021,5,00-0031428,A.Robinson,CHI,WR,1,3.2,7.2,3.2,7.2,4,32.0,0,12.0
2021,5,00-0035676,A.Brown,TEN,WR,1,3.8,6.8,3.8,6.8,3,38.0,0,22.0
2021,5,00-0036277,Q.Cephus,DET,WR,1,3.8,6.8,3.8,6.8,3,38.0,0,23.0
2021,5,00-0033307,K.Bourne,NE,WR,1,3.8,6.8,3.8,6.8,3,26.0,0,13.0
2021,5,00-0036268,L.Shenault,JAX,WR,1,5.8,6.8,5.8,6.8,1,58.0,0,39.0
2021,5,00-0033591,N.Brown,DAL,WR,1,3.6,6.6,3.6,6.6,3,36.0,0,6.0
2021,5,00-0036309,D.Mooney,CHI,WR,1,3.5,6.5,3.5,6.5,3,35.0,0,13.0
2021,5,00-0033009,T.Boyd,CIN,WR,1,2.4,6.4,2.4,6.4,4,24.0,0,15.0
2021,5,00-0031941,J.Crowder,NYJ,WR,1,2.4,6.4,2.4,6.4,4,24.0,0,9.0
2021,5,00-0031549,N.Agholor,NE,WR,1,3.2,6.2,3.2,6.2,3,32.0,0,10.0
2021,5,00-0034418,C.Wilson,DAL,WR,1,5.2,6.2,5.2,6.2,1,35.0,0,0.0
2021,5,00-0030035,A.Thielen,MIN,WR,1,4.0,6.0,4.0,6.0,2,40.0,0,1.0
2021,5,00-0033681,K.Cole,NYJ,WR,1,3.8,5.8,3.8,5.8,2,38.0,0,1.0
2021,5,00-0035414,J.Guyton,LAC,WR,1,3.5,5.5,3.5,5.5,2,35.0,0,14.0
2021,5,00-0031325,S.Watkins,BAL,WR,1,3.5,5.5,3.5,5.5,2,35.0,0,11.0
2021,5,00-0036387,J.Reagor,PHI,WR,1,2.4,5.4,2.4,5.4,3,24.0,0,6.0
2021,5,00-0036613,J.Waddle,MIA,WR,1,3.3,5.3,3.3,5.3,2,31.0,0,18.0
2021,5,00-0036255,D.Mims,NYJ,WR,1,3.3,5.3,3.3,5.3,2,33.0,0,10.0
2021,5,00-0031236,B.Cooks,HOU,WR,1,2.3,5.3,2.3,5.3,3,23.0,0,4.0
2021,5,00-0036261,B.Aiyuk,SF,WR,1,3.2,5.2,3.2,5.2,2,32.0,0,15.0
2021,5,00-0032688,R.Chosen,CAR,WR,1,3.0,5.0,3.0,5.0,2,30.0,0,1.0
2021,5,00-0028002,R.Cobb,GB,WR,1,3.0,5.0,3.0,5.0,2,30.0,0,3.0
2021,5,00-0033839,D.Westbrook,MIN,WR,1,1.8,4.8,1.8,4.8,3,18.0,0,2.0
2021,5,00-0032355,C.Rogers,TEN,WR,1,3.5,4.5,3.5,4.5,1,26.0,0,6.0
2021,5,00-0036345,K.Osborn,MIN,WR,1,1.4,4.4,1.4,4.4,3,14.0,0,7.0
2021,5,00-0036365,B.Edwards,LV,WR,1,2.2,4.2,2.2,4.2,2,22.0,0,13.0
2021,5,00-0031235,O.Beckham,CLE,WR,1,2.0,4.0,2.0,4.0,2,20.0,0,2.0
2021,5,00-0035208,O.Zaccheaus,ATL,WR,1,2.0,4.0,2.0,4.0,2,20.0,0,8.0
2021,5,00-0029632,M.Sanu,SF,WR,1,1.9,3.9,1.9,3.9,2,19.0,0,5.0
2021,5,00-0035022,P.Hart,SEA,WR,1,1.9,3.9,1.9,3.9,2,19.0,0,18.0
2021,5,00-0030085,K.Stills,NO,WR,1,1.8,3.8,1.8,3.8,2,17.0,0,5.0
2021,5,00-0029293,M.Jones,JAX,WR,1,2.5,3.5,2.5,3.5,1,25.0,0,2.0
2021,5,00-0036133,J.Proche,BAL,WR,1,1.5,3.5,1.5,3.5,2,15.0,0,3.0
2021,5,00-0036955,T.Marshall,CAR,WR,1,1.4,3.4,1.4,3.4,2,14.0,0,10.0
2021,5,00-0035021,A.Dulin,IND,WR,1,1.3,3.3,1.3,3.3,2,13.0,0,3.0
2021,5,00-0036988,J.Palmer,LAC,WR,1,1.2,3.2,1.2,3.2,2,12.0,0,0.0
2021,5,00-0034132,C.Blake,ATL,WR,1,1.2,3.2,1.2,3.2,2,12.0,0,1.0
2021,5,00-0034854,K.Hodge,DET,WR,1,1.7,2.7,1.7,2.7,1,17.0,0,2.0
2021,5,00-0033367,C.Board,NYG,WR,1,0.7,2.7,0.7,2.7,2,7.0,0,9.0
2021,5,00-0036196,G.Davis,BUF,WR,1,1.6,2.6,1.6,2.6,1,16.0,0,3.0
2021,5,00-0036415,V.Jefferson,LA,WR,1,1.6,2.6,1.6,2.6,1,16.0,0,4.0
2021,5,00-0034521,A.Lazard,GB,WR,1,0.6,2.6,0.6,2.6,2,6.0,0,2.0
2021,5,00-0033460,J.Ross,NYG,WR,1,1.3,2.3,1.3,2.3,1,13.0,0,0.0
2021,5,00-0027942,A.Green,ARI,WR,1,1.3,2.3,1.3,2.3,1,13.0,0,2.0
2021,5,00-0029664,J.Gordon,KC,WR,1,1.1,2.1,1.1,2.1,1,11.0,0,0.0
2021,5,00-0033555,M.Hollins,MIA,WR,1,1.0,2.0,1.0,2.0,1,10.0,0,5.0
2021,5,00-0036247,F.Swain,SEA,WR,1,0.9,1.9,0.9,1.9,1,9.0,0,0.0
2021,5,00-0035624,N.Harry,NE,WR,1,0.9,1.9,0.9,1.9,1,9.0,0,1.0
2021,5,00-0032775,D.Robinson,KC,WR,1,0.8,1.8,0.8,1.8,1,8.0,0,3.0
2021,5,00-0030068,M.Goodwin,CHI,WR,1,0.8,1.8,0.8,1.8,1,8.0,0,3.0
2021,5,00-0033943,J.Reynolds,TEN,WR,1,0.8,1.8,0.8,1.8,1,8.0,0,6.0
2021,5,00-0033891,Z.Jones,LV,WR,1,0.6,1.6,0.6,1.6,1,6.0,0,1.0
2021,5,00-0034419,B.Berrios,NYJ,WR,1,0.6,1.6,0.6,1.6,1,6.0,0,10.0
2021,5,00-0036671,D.Milne,WAS,WR,1,0.6,1.6,0.6,1.6,1,6.0,0,0.0
2021,5,00-0034652,C.Batson,TEN,WR,1,1.5,1.5,1.5,1.5,0,0.0,0,0.0
2021,5,00-0029000,C.Beasley,BUF,WR,1,0.5,1.5,0.5,1.5,1,5.0,0,7.0
2021,5,00-0030663,W.Snead,LV,WR,1,0.3,1.3,0.3,1.3,1,3.0,0,0.0
2021,5,00-0033471,I.Ford,MIA,WR,1,0.3,1.3,0.3,1.3,1,3.0,0,0.0
2021,5,00-0034407,R.McCloud,PIT,WR,1,0.1,1.1,0.1,1.1,1,1.0,0,1.0
2021,5,00-0033282,C.Samuel,WAS,WR,1,0.8,0.8,0.8,0.8,0,0.0,0,0.0
2021,5,00-0033857,J.Smith-Schuster,PIT,WR,1,0.6,0.6,0.6,0.6,0,0.0,0,0.0
2021,5,00-0034930,T.Benson,DET,WR,1,0.0,0.0,0.0,0.0,0,0.0,0,0.0
2021,5,00-0033932,K.Golladay,NYG,WR,1,0.0,0.0,0.0,0.0,0,0.0,0,0.0
2021,5,00-0028237,C.Hogan,NO,WR,1,0.0,0.0,0.0,0.0,0,0.0,0,0.0
2021,5,00-0034686,A.Tate,CIN,WR,1,0.0,0.0,0.0,0.0,0,0.0,0,0.0
2021,5,00-0035891,C.White,PIT,WR,1,0.0,0.0,0.0,0.0,0,0.0,0,0.0
2021,5,00-0029269,T.Benjamin,SF,WR,1,0.0,0.0,0.0,0.0,0,0.0,0,0.0
2021,5,00-0031319,D.Spencer,DEN,WR,1,0.0,0.0,0.0,0.0,0,0.0,0,0.0
2021,5,00-0033589,D.Moore,DEN,WR,1,0.0,0.0,0.0,0.0,0,0.0,0,0.0
2021,5,00-0036980,E.Moore,NYJ,WR,1,0.0,0.0,0.0,0.0,0,0.0,0,0.0
2021,5,00-0032464,K.Raymond,DET,WR,1,0.0,0.0,0.0,0.0,0,0.0,0,0.0
2021,5,00-0036999,A.Schwartz,CLE,WR,1,0.0,0.0,0.0,0.0,0,0.0,0,0.0
2021,5,00-0036254,C.Johnson,NYG,WR,1,0.0,0.0,0.0,0.0,0,0.0,0,0.0
2021,4,00-0033040,T.Hill,KC,WR,1,36.6,47.6,36.6,47.6,11,186.0,3,43.0
2021,4,00-0035719,D.Samuel,SF,WR,1,27.7,35.7,27.7,35.7,8,156.0,2,86.0
2021,4,00-0034827,D.Moore,CAR,WR,1,23.9,31.9,23.9,31.9,8,113.0,2,74.0
2021,4,00-0035659,T.McLaurin,WAS,WR,1,24.3,30.3,24.3,30.3,6,123.0,2,8.0
2021,4,00-0035216,D.Johnson,PIT,WR,1,15.2,24.2,15.2,24.2,9,92.0,1,24.0
2021,4,00-0028002,R.Cobb,GB,WR,1,18.9,23.9,18.9,23.9,5,69.0,2,17.0
2021,4,00-0033871,C.Davis,NYJ,WR,1,17.1,21.1,17.1,21.1,4,111.0,1,19.0
2021,4,00-0036415,V.Jefferson,LA,WR,1,15.0,21.0,15.0,21.0,6,90.0,1,21.0
2021,4,00-0033009,T.Boyd,CIN,WR,1,11.8,20.8,11.8,20.8,9,118.0,0,78.0
2021,4,00-0036322,J.Jefferson,MIN,WR,1,14.4,20.4,14.4,20.4,6,84.0,1,21.0
2021,4,00-0032464,K.Raymond,DET,WR,1,16.6,19.6,16.6,19.6,3,46.0,2,22.0
2021,4,00-0036912,D.Smith,PHI,WR,1,12.2,19.2,12.2,19.2,7,122.0,0,38.0
2021,4,00-0035662,M.Brown,BAL,WR,1,15.1,19.1,15.1,19.1,4,91.0,1,27.0
2021,4,00-0031941,J.Crowder,NYJ,WR,1,12.1,19.1,12.1,19.1,7,61.0,1,19.0
2021,4,00-0036309,D.Mooney,CHI,WR,1,13.5,18.5,13.5,18.5,5,125.0,0,25.0
2021,4,00-0031588,S.Diggs,BUF,WR,1,11.4,18.4,11.4,18.4,7,114.0,0,14.0
2021,4,00-0031547,D.Parker,MIA,WR,1,13.7,17.7,13.7,17.7,4,77.0,1,7.0
2021,4,00-0027942,A.Green,ARI,WR,1,12.7,17.7,12.7,17.7,5,67.0,1,21.0
2021,4,00-0033932,K.Golladay,NYG,WR,1,11.6,17.6,11.6,17.6,6,116.0,0,49.0
2021,4,00-0034960,J.Meyers,NE,WR,1,9.25,17.25,9.25,17.25,8,70.0,0,23.0
2021,4,00-0036268,L.Shenault,JAX,WR,1,11.0,17.0,11.0,17.0,6,99.0,0,28.0
2021,4,00-0033460,J.Ross,NYG,WR,1,13.7,16.7,13.7,16.7,3,77.0,1,9.0
2021,4,00-0035640,D.Metcalf,SEA,WR,1,12.5,16.5,12.5,16.5,4,65.0,1,29.0
2021,4,00-0034983,H.Renfrow,LV,WR,1,10.5,16.5,10.5,16.5,6,45.0,1,18.0
2021,4,00-0031544,A.Cooper,DAL,WR,1,12.9,15.9,12.9,15.9,3,69.0,1,16.0
2021,4,00-0034837,C.Ridley,ATL,WR,1,8.0,15.0,8.0,15.0,7,80.0,0,17.0
2021,4,00-0030431,R.Woods,LA,WR,1,10.8,14.8,10.8,14.8,4,48.0,1,10.0
2021,4,00-0031408,M.Evans,TB,WR,1,7.5,14.5,7.5,14.5,7,75.0,0,19.0
2021,4,00-0036913,K.Toney,NYG,WR,1,7.9,13.9,7.9,13.9,6,78.0,0,50.0
2021,4,00-0036900,J.Chase,CIN,WR,1,7.7,13.7,7.7,13.7,6,77.0,0,22.0
2021,4,00-0027793,A.Brown,TB,WR,1,6.3,13.3,6.3,13.3,7,63.0,0,17.0
2021,4,00-0027685,E.Sanders,BUF,WR,1,8.1,13.1,8.1,13.1,5,74.0,0,5.0
2021,4,00-0036963,A.St. Brown,DET,WR,1,7.0,13.0,7.0,13.0,6,70.0,0,17.0
2021,4,00-0031381,D.Adams,GB,WR,1,6.4,12.4,6.4,12.4,6,64.0,0,32.0
2021,4,00-0036133,J.Proche,BAL,WR,1,7.4,12.4,7.4,12.4,5,74.0,0,39.0
2021,4,00-0036277,Q.Cephus,DET,WR,1,8.3,12.3,8.3,12.3,4,83.0,0,41.0
2021,4,00-0033681,K.Cole,NYJ,WR,1,9.2,12.2,9.2,12.2,3,92.0,0,9.0
2021,4,00-0033943,J.Reynolds,TEN,WR,1,5.9,11.9,5.9,11.9,6,59.0,0,17.0
2021,4,00-0036252,M.Pittman,IND,WR,1,5.9,11.9,5.9,11.9,6,59.0,0,11.0
2021,4,00-0033908,C.Kupp,LA,WR,1,6.4,11.4,6.4,11.4,5,64.0,0,17.0
2021,4,00-0032355,C.Rogers,TEN,WR,1,6.3,11.3,6.3,11.3,5,63.0,0,15.0
2021,4,00-0034418,C.Wilson,DAL,WR,1,9.0,11.0,9.0,11.0,2,30.0,1,17.0
2021,4,00-0036247,F.Swain,SEA,WR,1,8.0,11.0,8.0,11.0,3,20.0,1,10.0
2021,4,00-0034676,J.Washington,PIT,WR,1,6.9,10.9,6.9,10.9,4,69.0,0,29.0
2021,4,00-0033307,K.Bourne,NE,WR,1,5.8,10.8,5.8,10.8,5,58.0,0,13.0
2021,4,00-0030564,D.Hopkins,ARI,WR,1,6.7,10.7,6.7,10.7,4,67.0,0,17.0
2021,4,00-0030279,K.Allen,LAC,WR,1,3.6,10.6,3.6,10.6,7,36.0,0,11.0
2021,4,00-0032977,R.Higgins,CLE,WR,1,6.3,10.3,6.3,10.3,4,63.0,0,5.0
2021,4,00-0035215,D.Harty,NO,WR,1,5.2,10.2,5.2,10.2,5,52.0,0,55.0
2021,4,00-0032688,R.Chosen,CAR,WR,1,4.9,9.9,4.9,9.9,5,46.0,0,17.0
2021,4,00-0031236,B.Cooks,HOU,WR,1,4.7,9.7,4.7,9.7,5,47.0,0,9.0
2021,4,00-0036219,M.Callaway,NO,WR,1,7.4,9.4,7.4,9.4,2,74.0,0,10.0
2021,4,00-0031428,A.Robinson,CHI,WR,1,6.3,9.3,6.3,9.3,3,63.0,0,8.0
2021,4,00-0036357,H.Ruggs,LV,WR,1,6.0,9.0,6.0,9.0,3,60.0,0,4.0
2021,4,00-0031325,S.Watkins,BAL,WR,1,4.9,8.9,4.9,8.9,4,49.0,0,11.0
2021,4,00-0031549,N.Agholor,NE,WR,1,5.9,8.9,5.9,8.9,3,55.0,0,18.0
2021,4,00-0033921,C.Godwin,TB,WR,1,5.5,8.5,5.5,8.5,3,55.0,0,13.0
2021,4,00-0033733,G.Ward,PHI,WR,1,7.5,8.5,7.5,8.5,1,15.0,1,0.0
2021,4,00-0033251,Z.Pascal,IND,WR,1,4.4,8.4,4.4,8.4,4,44.0,0,22.0
2021,4,00-0034052,B.Zylstra,CAR,WR,1,6.3,8.3,6.3,8.3,2,63.0,0,45.0
2021,4,00-0032200,T.Montgomery,NO,WR,1,4.9,7.9,4.9,7.9,3,42.0,0,12.0
2021,4,00-0034348,C.Sutton,DEN,WR,1,4.7,7.7,4.7,7.7,3,47.0,0,16.0
2021,4,00-0030035,A.Thielen,MIN,WR,1,4.6,7.6,4.6,7.6,3,46.0,0,8.0
2021,4,00-0029632,M.Sanu,SF,WR,1,3.5,7.5,3.5,7.5,4,35.0,0,14.0
2021,4,00-0034652,C.Batson,TEN,WR,1,6.2,7.2,6.2,7.2,1,2.0,1,1.0
2021,4,00-0033375,T.Patrick,DEN,WR,1,3.9,6.9,3.9,6.9,3,39.0,0,17.0
2021,4,00-0036936,R.Moore,ARI,WR,1,3.7,6.7,3.7,6.7,3,28.0,0,31.0
2021,4,00-0036345,K.Osborn,MIN,WR,1,3.6,6.6,3.6,6.6,3,26.0,0,0.0
2021,4,00-0032211,T.Lockett,SEA,WR,1,2.4,6.4,2.4,6.4,4,24.0,0,4.0
2021,4,00-0036271,Q.Watkins,PHI,WR,1,3.3,6.3,3.3,6.3,3,33.0,0,28.0
2021,4,00-0036613,J.Waddle,MIA,WR,1,3.3,6.3,3.3,6.3,3,33.0,0,20.0
2021,4,00-0036331,D.Duvernay,BAL,WR,1,3.1,6.1,3.1,6.1,3,31.0,0,13.0
2021,4,00-0035140,M.Hardman,KC,WR,1,4.1,6.1,4.1,6.1,2,16.0,0,20.0
2021,4,00-0033282,C.Samuel,WAS,WR,1,1.9,5.9,1.9,5.9,4,19.0,0,24.0
2021,4,00-0036182,N.Westbrook-Ikhine,TEN,WR,1,2.9,5.9,2.9,5.9,3,29.0,0,13.0
2021,4,00-0029293,M.Jones,JAX,WR,1,2.4,5.4,2.4,5.4,3,24.0,0,4.0
2021,4,00-0034521,A.Lazard,GB,WR,1,3.3,5.3,3.3,5.3,2,33.0,0,17.0
2021,4,00-0031235,O.Beckham,CLE,WR,1,3.1,5.1,3.1,5.1,2,27.0,0,11.0
2021,4,00-0033572,J.Agnew,JAX,WR,1,3.8,4.8,3.8,4.8,1,27.0,0,0.0
2021,4,00-0034297,B.Pringle,KC,WR,1,2.3,4.3,2.3,4.3,2,23.0,0,4.0
2021,4,00-0035639,P.Campbell,IND,WR,1,2.2,4.2,2.2,4.2,2,22.0,0,3.0
2021,4,00-0035414,J.Guyton,LAC,WR,1,2.9,3.9,2.9,3.9,1,9.0,0,-1.0
2021,4,00-0029000,C.Beasley,BUF,WR,1,1.6,3.6,1.6,3.6,2,16.0,0,13.0
2021,4,00-0032778,T.Sharpe,ATL,WR,1,1.5,3.5,1.5,3.5,2,15.0,0,1.0
2021,4,00-0035341,T.Irwin,CIN,WR,1,2.5,3.5,2.5,3.5,1,25.0,0,2.0
2021,4,00-0028237,C.Hogan,NO,WR,1,1.5,3.5,1.5,3.5,2,15.0,0,4.0
2021,4,00-0031763,D.Carter,WAS,WR,1,2.4,3.4,2.4,3.4,1,24.0,0,6.0
2021,4,00-0036358,C.Lamb,DAL,WR,1,1.3,3.3,1.3,3.3,2,13.0,0,1.0
2021,4,00-0034930,T.Benson,DET,WR,1,1.2,3.2,1.2,3.2,2,12.0,0,9.0
2021,4,00-0033857,J.Smith-Schuster,PIT,WR,1,1.1,3.1,1.1,3.1,2,11.0,0,2.0
2021,4,00-0036387,J.Reagor,PHI,WR,1,2.1,3.1,2.1,3.1,1,9.0,0,11.0
2021,4,00-0036626,D.Brown,WAS,WR,1,1.9,2.9,1.9,2.9,1,19.0,0,5.0
2021,4,00-0032009,A.Humphries,WAS,WR,1,1.9,2.9,1.9,2.9,1,19.0,0,8.0
2021,4,00-0034686,A.Tate,CIN,WR,1,1.8,2.8,1.8,2.8,1,18.0,0,8.0
2021,4,00-0035021,A.Dulin,IND,WR,1,1.7,2.7,1.7,2.7,1,17.0,0,1.0
2021,4,00-0033839,D.Westbrook,MIN,WR,1,1.7,2.7,1.7,2.7,1,17.0,0,1.0
2021,4,00-0034419,B.Berrios,NYJ,WR,1,1.5,2.5,1.5,2.5,1,0.0,0,6.0
2021,4,00-0036261,B.Aiyuk,SF,WR,1,1.5,2.5,1.5,2.5,1,15.0,0,7.0
2021,4,00-0035208,O.Zaccheaus,ATL,WR,1,1.5,2.5,1.5,2.5,1,15.0,0,1.0
2021,4,00-0030663,W.Snead,LV,WR,1,1.5,2.5,1.5,2.5,1,15.0,0,0.0
2021,4,00-0036259,J.Jennings,SF,WR,1,1.4,2.4,1.4,2.4,1,14.0,0,0.0
2021,4,00-0035864,K.Hinton,DEN,WR,1,1.3,2.3,1.3,2.3,1,13.0,0,9.0
2021,4,00-0034854,K.Hodge,DET,WR,1,1.3,2.3,1.3,2.3,1,13.0,0,0.0
2021,4,00-0033536,M.Williams,LAC,WR,1,1.1,2.1,1.1,2.1,1,11.0,0,1.0
2021,4,00-0030669,A.Wilson,MIA,WR,1,1.1,2.1,1.1,2.1,1,11.0,0,4.0
2021,4,00-0035624,N.Harry,NE,WR,1,1.0,2.0,1.0,2.0,1,10.0,0,0.0
2021,4,00-0030525,T.Austin,JAX,WR,1,0.8,1.8,0.8,1.8,1,8.0,0,0.0
2021,4,00-0026189,D.Jackson,LA,WR,1,0.6,1.6,0.6,1.6,1,6.0,0,6.0
2021,4,00-0033127,W.Fuller,MIA,WR,1,0.6,1.6,0.6,1.6,1,6.0,0,2.0
2021,4,00-0033891,Z.Jones,LV,WR,1,0.5,1.5,0.5,1.5,1,5.0,0,10.0
2021,4,00-0034775,C.Kirk,ARI,WR,1,0.5,1.5,0.5,1.5,1,5.0,0,1.0
2021,4,00-0036365,B.Edwards,LV,WR,1,0.4,1.4,0.4,1.4,1,4.0,0,0.0
2021,4,00-0034353,A.Miller,HOU,WR,1,0.3,1.3,0.3,1.3,1,3.0,0,5.0
2021,4,00-0036955,T.Marshall,CAR,WR,1,0.2,1.2,0.2,1.2,1,2.0,0,1.0
2021,4,00-0034407,R.McCloud,PIT,WR,1,0.2,1.2,0.2,1.2,1,2.0,0,4.0
2021,4,00-0033114,M.Thomas,CIN,WR,1,0.0,1.0,0.0,1.0,1,0.0,0,0.0
2021,4,00-0032791,J.Grant,MIA,WR,1,-0.7,0.3,-0.7,0.3,1,-7.0,0,-3.0
2021,4,00-0030068,M.Goodwin,CHI,WR,1,0.1,0.1,0.1,0.1,0,0.0,0,0.0
2021,4,00-0032128,C.Conley,HOU,WR,1,0.0,0.0,0.0,0.0,0,0.0,0,0.0
2021,4,00-0034487,T.Sherfield,SF,WR,1,0.0,0.0,0.0,0.0,0,0.0,0,0.0
2021,4,00-0035457,T.Johnson,JAX,WR,1,0.0,0.0,0.0,0.0,0,0.0,0,0.0
2021,4,00-0036999,A.Schwartz,CLE,WR,1,0.0,0.0,0.0,0.0,0,0.0,0,0.0
2021,4,00-0036427,T.Johnson,TB,WR,1,0.0,0.0,0.0,0.0,0,0.0,0,0.0
2021,4,00-0036196,G.Davis,BUF,WR,1,0.0,0.0,0.0,0.0,0,0.0,0,0.0
2021,4,00-0030085,K.Stills,NO,WR,1,0.0,0.0,0.0,0.0,0,0.0,0,0.0
2021,4,00-0034279,E.St. Brown,GB,WR,1,0.0,0.0,0.0,0.0,0,0.0,0,0.0
2021,4,00-0031319,D.Spencer,DEN,WR,1,0.0,0.0,0.0,0.0,0,0.0,0,0.0
2021,3,00-0031381,D.Adams,GB,WR,1,19.2,31.2,19.2,31.2,12,132.0,1,29.0
2021,3,00-0033536,M.Williams,LAC,WR,1,24.2,31.2,24.2,31.2,7,122.0,2,50.0
2021,3,00-0033908,C.Kupp,LA,WR,1,21.6,30.6,21.6,30.6,9,96.0,2,28.0
2021,3,00-0036322,J.Jefferson,MIN,WR,1,17.8,26.8,17.8,26.8,9,118.0,1,45.0
2021,3,00-0027685,E.Sanders,BUF,WR,1,21.4,26.4,21.4,26.4,5,94.0,2,17.0
2021,3,00-0035640,D.Metcalf,SEA,WR,1,16.7,22.7,16.7,22.7,6,107.0,1,31.0
2021,3,00-0036900,J.Chase,CIN,WR,1,18.5,22.5,18.5,22.5,4,65.0,2,4.0
2021,3,00-0033307,K.Bourne,NE,WR,1,15.6,21.6,15.6,21.6,6,96.0,1,33.0
2021,3,00-0026189,D.Jackson,LA,WR,1,18.0,21.0,18.0,21.0,3,120.0,1,64.0
2021,3,00-0029000,C.Beasley,BUF,WR,1,9.8,20.8,9.8,20.8,11,98.0,0,45.0
2021,3,00-0031236,B.Cooks,HOU,WR,1,11.7,20.7,11.7,20.7,9,112.0,0,18.0
2021,3,00-0034827,D.Moore,CAR,WR,1,12.5,20.5,12.5,20.5,8,126.0,0,33.0
2021,3,00-0033921,C.Godwin,TB,WR,1,13.6,19.6,13.6,19.6,6,74.0,0,39.0
2021,3,00-0030279,K.Allen,LAC,WR,1,11.0,19.0,11.0,19.0,8,50.0,1,21.0
2021,3,00-0034983,H.Renfrow,LV,WR,1,13.7,18.7,13.7,18.7,5,77.0,1,34.0
2021,3,00-0036326,C.Claypool,PIT,WR,1,9.6,18.6,9.6,18.6,9,96.0,0,38.0
2021,3,00-0031408,M.Evans,TB,WR,1,10.6,18.6,10.6,18.6,8,106.0,0,33.0
2021,3,00-0034960,J.Meyers,NE,WR,1,9.4,18.4,9.4,18.4,9,94.0,0,15.0
2021,3,00-0036613,J.Waddle,MIA,WR,1,5.8,17.8,5.8,17.8,12,58.0,0,30.0
2021,3,00-0034775,C.Kirk,ARI,WR,1,10.4,17.4,10.4,17.4,7,104.0,0,37.0
2021,3,00-0030035,A.Thielen,MIN,WR,1,11.0,17.0,11.0,17.0,6,50.0,1,13.0
2021,3,00-0027942,A.Green,ARI,WR,1,11.2,16.2,11.2,16.2,5,112.0,0,15.0
2021,3,00-0036182,N.Westbrook-Ikhine,TEN,WR,1,11.3,15.3,11.3,15.3,4,53.0,1,21.0
2021,3,00-0034272,M.Valdes-Scantling,GB,WR,1,11.9,14.9,11.9,14.9,3,59.0,1,18.0
2021,3,00-0033375,T.Patrick,DEN,WR,1,9.8,14.8,9.8,14.8,5,98.0,0,13.0
2021,3,00-0036261,B.Aiyuk,SF,WR,1,10.5,14.5,10.5,14.5,4,37.0,1,0.0
2021,3,00-0036219,M.Callaway,NO,WR,1,10.1,14.1,10.1,14.1,4,41.0,1,15.0
2021,3,00-0034837,C.Ridley,ATL,WR,1,6.1,14.1,6.1,14.1,8,61.0,0,36.0
2021,3,00-0034777,D.Chark,JAX,WR,1,10.9,13.9,10.9,13.9,3,49.0,1,12.0
2021,3,00-0031235,O.Beckham,CLE,WR,1,8.7,13.7,8.7,13.7,5,77.0,0,4.0
2021,3,00-0033009,T.Boyd,CIN,WR,1,9.6,13.6,9.6,13.6,4,36.0,1,27.0
2021,3,00-0036252,M.Pittman,IND,WR,1,7.3,13.3,7.3,13.3,6,68.0,0,23.0
2021,3,00-0032464,K.Raymond,DET,WR,1,6.8,12.8,6.8,12.8,6,68.0,0,33.0
2021,3,00-0035140,M.Hardman,KC,WR,1,9.5,12.5,9.5,12.5,3,33.0,1,44.0
2021,3,00-0036357,H.Ruggs,LV,WR,1,8.5,12.5,8.5,12.5,4,78.0,0,19.0
2021,3,00-0031588,S.Diggs,BUF,WR,1,6.2,12.2,6.2,12.2,6,62.0,0,20.0
2021,3,00-0035208,O.Zaccheaus,ATL,WR,1,9.2,12.2,9.2,12.2,3,32.0,1,8.0
2021,3,00-0029293,M.Jones,JAX,WR,1,6.2,12.2,6.2,12.2,6,62.0,0,14.0
2021,3,00-0034353,A.Miller,HOU,WR,1,8.0,12.0,8.0,12.0,4,20.0,1,5.0
2021,3,00-0036365,B.Edwards,LV,WR,1,8.9,11.9,8.9,11.9,3,89.0,0,29.0
2021,3,00-0033040,T.Hill,KC,WR,1,6.7,11.7,6.7,11.7,5,56.0,0,20.0
2021,3,00-0031325,S.Watkins,BAL,WR,1,6.8,10.8,6.8,10.8,4,68.0,0,11.0
2021,3,00-0033932,K.Golladay,NYG,WR,1,6.4,10.4,6.4,10.4,4,64.0,0,23.0
2021,3,00-0036387,J.Reagor,PHI,WR,1,5.3,10.3,5.3,10.3,5,53.0,0,21.0
2021,3,00-0035659,T.McLaurin,WAS,WR,1,6.2,10.2,6.2,10.2,4,62.0,0,27.0
2021,3,00-0035719,D.Samuel,SF,WR,1,5.2,10.2,5.2,10.2,5,52.0,0,29.0
2021,3,00-0036331,D.Duvernay,BAL,WR,1,8.2,10.2,8.2,10.2,2,22.0,1,1.0
2021,3,00-0036254,C.Johnson,NYG,WR,1,5.1,10.1,5.1,10.1,5,51.0,0,8.0
2021,3,00-0034418,C.Wilson,DAL,WR,1,7.7,9.7,7.7,9.7,2,17.0,1,0.0
2021,3,00-0036358,C.Lamb,DAL,WR,1,6.5,9.5,6.5,9.5,3,66.0,0,11.0
2021,3,00-0036427,T.Johnson,TB,WR,1,6.3,9.3,6.3,9.3,3,63.0,0,13.0
2021,3,00-0033871,C.Davis,NYJ,WR,1,4.1,9.1,4.1,9.1,5,41.0,0,5.0
2021,3,00-0036955,T.Marshall,CAR,WR,1,4.8,8.8,4.8,8.8,4,48.0,0,12.0
2021,3,00-0036268,L.Shenault,JAX,WR,1,4.8,8.8,4.8,8.8,4,48.0,0,22.0
2021,3,00-0034348,C.Sutton,DEN,WR,1,3.7,8.7,3.7,8.7,5,37.0,0,11.0
2021,3,00-0033733,G.Ward,PHI,WR,1,7.5,8.5,7.5,8.5,1,15.0,1,0.0
2021,3,00-0035662,M.Brown,BAL,WR,1,5.3,8.3,5.3,8.3,3,53.0,0,13.0
2021,3,00-0031547,D.Parker,MIA,WR,1,4.2,8.2,4.2,8.2,4,42.0,0,2.0
2021,3,00-0036415,V.Jefferson,LA,WR,1,4.2,8.2,4.2,8.2,4,42.0,0,22.0
2021,3,00-0027944,J.Jones,TEN,WR,1,4.7,7.7,4.7,7.7,3,47.0,0,18.0
2021,3,00-0032355,C.Rogers,TEN,WR,1,6.6,7.6,6.6,7.6,1,6.0,1,0.0
2021,3,00-0032211,T.Lockett,SEA,WR,1,3.1,7.1,3.1,7.1,4,31.0,0,18.0
2021,3,00-0030431,R.Woods,LA,WR,1,3.8,6.8,3.8,6.8,3,33.0,0,8.0
2021,3,00-0029632,M.Sanu,SF,WR,1,3.6,6.6,3.6,6.6,3,36.0,0,7.0
2021,3,00-0036271,Q.Watkins,PHI,WR,1,4.6,6.6,4.6,6.6,2,46.0,0,5.0
2021,3,00-0034407,R.McCloud,PIT,WR,1,3.3,6.3,3.3,6.3,3,33.0,0,9.0
2021,3,00-0035215,D.Harty,NO,WR,1,3.1,6.1,3.1,6.1,3,31.0,0,2.0
2021,3,00-0036233,D.Peoples-Jones,CLE,WR,1,3.9,5.9,3.9,5.9,2,39.0,0,0.0
2021,3,00-0036912,D.Smith,PHI,WR,1,2.8,5.8,2.8,5.8,3,28.0,0,13.0
2021,3,00-0031544,A.Cooper,DAL,WR,1,2.6,5.6,2.6,5.6,3,26.0,0,13.0
2021,3,00-0033857,J.Smith-Schuster,PIT,WR,1,2.5,5.5,2.5,5.5,3,25.0,0,16.0
2021,3,00-0036980,E.Moore,NYJ,WR,1,2.2,5.2,2.2,5.2,3,22.0,0,16.0
2021,3,00-0034521,A.Lazard,GB,WR,1,4.2,5.2,4.2,5.2,1,42.0,0,19.0
2021,3,00-0030564,D.Hopkins,ARI,WR,1,2.1,5.1,2.1,5.1,3,21.0,0,12.0
2021,3,00-0033251,Z.Pascal,IND,WR,1,3.1,5.1,3.1,5.1,2,31.0,0,0.0
2021,3,00-0033127,W.Fuller,MIA,WR,1,2.0,5.0,2.0,5.0,3,20.0,0,8.0
2021,3,00-0033681,K.Cole,NYJ,WR,1,3.0,5.0,3.0,5.0,2,30.0,0,1.0
2021,3,00-0034676,J.Washington,PIT,WR,1,2.0,5.0,2.0,5.0,3,20.0,0,5.0
2021,3,00-0033367,C.Board,NYG,WR,1,3.8,4.8,3.8,4.8,1,38.0,0,4.0
2021,3,00-0031428,A.Robinson,CHI,WR,1,2.7,4.7,2.7,4.7,2,27.0,0,8.0
2021,3,00-0034419,B.Berrios,NYJ,WR,1,2.6,4.6,2.6,4.6,2,26.0,0,2.0
2021,3,00-0036345,K.Osborn,MIN,WR,1,2.6,4.6,2.6,4.6,2,26.0,0,15.0
2021,3,00-0032977,R.Higgins,CLE,WR,1,2.4,4.4,2.4,4.4,2,24.0,0,5.0
2021,3,00-0036133,J.Proche,BAL,WR,1,2.9,3.9,2.9,3.9,1,29.0,0,0.0
2021,3,00-0036412,K.Hamler,DEN,WR,1,2.8,3.8,2.8,3.8,1,28.0,0,12.0
2021,3,00-0035891,C.White,PIT,WR,1,1.7,3.7,1.7,3.7,2,17.0,0,4.0
2021,3,00-0032775,D.Robinson,KC,WR,1,1.7,3.7,1.7,3.7,2,17.0,0,7.0
2021,3,00-0031549,N.Agholor,NE,WR,1,1.7,3.7,1.7,3.7,2,17.0,0,8.0
2021,3,00-0032385,S.Shepard,NYG,WR,1,1.6,3.6,1.6,3.6,2,16.0,0,5.0
2021,3,00-0036913,K.Toney,NYG,WR,1,1.6,3.6,1.6,3.6,2,16.0,0,16.0
2021,3,00-0032543,A.Erickson,CAR,WR,1,2.5,3.5,2.5,3.5,1,25.0,0,14.0
2021,3,00-0036196,G.Davis,BUF,WR,1,2.3,3.3,2.3,3.3,1,23.0,0,4.0
2021,3,00-0034297,B.Pringle,KC,WR,1,1.2,3.2,1.2,3.2,2,12.0,0,3.0
2021,3,00-0034104,C.Sims,WAS,WR,1,2.2,3.2,2.2,3.2,1,15.0,0,6.0
2021,3,00-0035298,S.Miller,TB,WR,1,1.1,3.1,1.1,3.1,2,11.0,0,8.0
2021,3,00-0036247,F.Swain,SEA,WR,1,2.1,3.1,2.1,3.1,1,10.0,0,2.0
2021,3,00-0035639,P.Campbell,IND,WR,1,0.9,2.9,0.9,2.9,2,9.0,0,3.0
2021,3,00-0033114,M.Thomas,CIN,WR,1,1.9,2.9,1.9,2.9,1,19.0,0,8.0
2021,3,00-0030085,K.Stills,NO,WR,1,1.7,2.7,1.7,2.7,1,17.0,0,1.0
2021,3,00-0033891,Z.Jones,LV,WR,1,1.5,2.5,1.5,2.5,1,15.0,0,14.0
2021,3,00-0036936,R.Moore,ARI,WR,1,0.4,2.4,0.4,2.4,2,1.0,0,11.0
2021,3,00-0034686,A.Tate,CIN,WR,1,1.4,2.4,1.4,2.4,1,14.0,0,6.0
2021,3,00-0035510,J.Smith,NYJ,WR,1,1.3,2.3,1.3,2.3,1,13.0,0,0.0
2021,3,00-0034652,C.Batson,TEN,WR,1,1.3,2.3,1.3,2.3,1,13.0,0,0.0
2021,3,00-0036309,D.Mooney,CHI,WR,1,0.9,1.9,0.9,1.9,1,9.0,0,2.0
2021,3,00-0034854,K.Hodge,DET,WR,1,0.9,1.9,0.9,1.9,1,9.0,0,0.0
2021,3,00-0033591,N.Brown,DAL,WR,1,0.9,1.9,0.9,1.9,1,9.0,0,0.0
2021,3,00-0032688,R.Chosen,CAR,WR,1,0.8,1.8,0.8,1.8,1,8.0,0,5.0
2021,3,00-0035535,D.Slayton,NYG,WR,1,0.8,1.8,0.8,1.8,1,8.0,0,1.0
2021,3,00-0036277,Q.Cephus,DET,WR,1,0.8,1.8,0.8,1.8,1,8.0,0,4.0
2021,3,00-0035022,P.Hart,SEA,WR,1,0.7,1.7,0.7,1.7,1,7.0,0,11.0
2021,3,00-0032009,A.Humphries,WAS,WR,1,0.7,1.7,0.7,1.7,1,7.0,0,2.0
2021,3,00-0032778,T.Sharpe,ATL,WR,1,0.6,1.6,0.6,1.6,1,6.0,0,1.0
2021,3,00-0036963,A.St. Brown,DET,WR,1,0.2,1.2,0.2,1.2,1,2.0,0,6.0
2021,3,00-0036877,J.Darden,TB,WR,1,0.0,1.0,0.0,1.0,1,0.0,0,1.0
2021,3,00-0033466,I.McKenzie,BUF,WR,1,0.8,0.8,0.8,0.8,0,0.0,0,0.0
2021,3,00-0031319,D.Spencer,DEN,WR,1,-0.3,0.7,-0.3,0.7,1,-3.0,0,0.0
2021,3,00-0035676,A.Brown,TEN,WR,1,0.3,0.3,0.3,0.3,0,0.0,0,0.0
2021,3,00-0035414,J.Guyton,LAC,WR,1,0.3,0.3,0.3,0.3,0,0.0,0,0.0
2021,3,00-0032208,P.Dorsett,JAX,WR,1,0.0,0.0,0.0,0.0,0,0.0,0,0.0
2021,3,00-0032128,C.Conley,HOU,WR,1,0.0,0.0,0.0,0.0,0,0.0,0,0.0
2021,3,00-0036652,R.McMath,TEN,WR,1,0.0,0.0,0.0,0.0,0,0.0,0,0.0
2021,3,00-0030068,M.Goodwin,CHI,WR,1,0.0,0.0,0.0,0.0,0,0.0,0,0.0
2021,3,00-0034930,T.Benson,DET,WR,1,0.0,0.0,0.0,0.0,0,0.0,0,0.0
2021,3,00-0036999,A.Schwartz,CLE,WR,1,0.0,0.0,0.0,0.0,0,0.0,0,0.0
2021,3,00-0028002,R.Cobb,GB,WR,1,0.0,0.0,0.0,0.0,0,0.0,0,0.0
2021,3,00-0028237,C.Hogan,NO,WR,1,0.0,0.0,0.0,0.0,0,0.0,0,0.0
2021,3,00-0033481,M.Kemp,KC,WR,1,0.0,0.0,0.0,0.0,0,0.0,0,0.0
2021,3,00-0033572,J.Agnew,JAX,WR,1,0.0,0.0,0.0,0.0,0,0.0,0,0.0
2021,3,00-0036626,D.Brown,WAS,WR,1,-0.4,-0.4,-0.4,-0.4,0,0.0,0,0.0
2021,3,00-0035021,A.Dulin,IND,WR,1,-0.7,-0.7,-0.7,-0.7,0,0.0,0,0.0
2021,2,00-0033908,C.Kupp,LA,WR,1,27.8,36.8,27.8,36.8,9,163.0,2,101.0
2021,2,00-0032211,T.Lockett,SEA,WR,1,23.8,31.8,23.8,31.8,8,178.0,1,64.0
2021,2,00-0035659,T.McLaurin,WAS,WR,1,16.7,27.7,16.7,27.7,11,107.0,1,36.0
2021,2,00-0034348,C.Sutton,DEN,WR,1,15.9,24.9,15.9,24.9,9,159.0,0,23.0
2021,2,00-0031408,M.Evans,TB,WR,1,19.5,24.5,19.5,24.5,5,75.0,2,7.0
2021,2,00-0036936,R.Moore,ARI,WR,1,17.4,24.4,17.4,24.4,7,114.0,1,91.0
2021,2,00-0035662,M.Brown,BAL,WR,1,17.3,23.3,17.3,23.3,6,113.0,1,61.0
2021,2,00-0031236,B.Cooks,HOU,WR,1,13.8,22.8,13.8,22.8,9,78.0,1,24.0
2021,2,00-0036357,H.Ruggs,LV,WR,1,17.5,22.5,17.5,22.5,5,113.0,1,47.0
2021,2,00-0033536,M.Williams,LAC,WR,1,15.1,22.1,15.1,22.1,7,91.0,1,46.0
2021,2,00-0034827,D.Moore,CAR,WR,1,13.9,21.9,13.9,21.9,8,79.0,1,31.0
2021,2,00-0036247,F.Swain,SEA,WR,1,16.0,21.0,16.0,21.0,5,95.0,1,60.0
2021,2,00-0036252,M.Pittman,IND,WR,1,12.3,20.3,12.3,20.3,8,123.0,0,26.0
2021,2,00-0031381,D.Adams,GB,WR,1,12.1,20.1,12.1,20.1,8,121.0,0,39.0
2021,2,00-0036345,K.Osborn,MIN,WR,1,15.1,20.1,15.1,20.1,5,91.0,1,42.0
2021,2,00-0035216,D.Johnson,PIT,WR,1,10.5,19.5,10.5,19.5,9,105.0,0,60.0
2021,2,00-0034837,C.Ridley,ATL,WR,1,12.3,19.3,12.3,19.3,7,63.0,1,23.0
2021,2,00-0027944,J.Jones,TEN,WR,1,12.8,18.8,12.8,18.8,6,128.0,0,20.0
2021,2,00-0036322,J.Jefferson,MIN,WR,1,12.5,18.5,12.5,18.5,6,65.0,1,17.0
2021,2,00-0036410,T.Higgins,CIN,WR,1,12.0,18.0,12.0,18.0,6,60.0,1,19.0
2021,2,00-0032385,S.Shepard,NYG,WR,1,8.5,17.5,8.5,17.5,9,94.0,0,17.0
2021,2,00-0029293,M.Jones,JAX,WR,1,11.5,17.5,11.5,17.5,6,55.0,1,6.0
2021,2,00-0036358,C.Lamb,DAL,WR,1,9.4,17.4,9.4,17.4,8,81.0,0,46.0
2021,2,00-0033857,J.Smith-Schuster,PIT,WR,1,10.4,16.4,10.4,16.4,6,41.0,0,26.0
2021,2,00-0036277,Q.Cephus,DET,WR,1,12.3,16.3,12.3,16.3,4,63.0,1,26.0
2021,2,00-0033921,C.Godwin,TB,WR,1,12.2,16.2,12.2,16.2,4,62.0,1,15.0
2021,2,00-0035719,D.Samuel,SF,WR,1,10.1,16.1,10.1,16.1,6,93.0,0,46.0
2021,2,00-0031588,S.Diggs,BUF,WR,1,12.0,16.0,12.0,16.0,4,60.0,1,6.0
2021,2,00-0030035,A.Thielen,MIN,WR,1,9.9,15.9,9.9,15.9,6,39.0,1,20.0
2021,2,00-0030564,D.Hopkins,ARI,WR,1,11.4,15.4,11.4,15.4,4,54.0,1,13.0
2021,2,00-0030279,K.Allen,LAC,WR,1,10.8,14.8,10.8,14.8,4,108.0,0,24.0
2021,2,00-0033251,Z.Pascal,IND,WR,1,9.8,14.8,9.8,14.8,5,38.0,1,15.0
2021,2,00-0035535,D.Slayton,NYG,WR,1,11.4,14.4,11.4,14.4,3,54.0,1,3.0
2021,2,00-0033009,T.Boyd,CIN,WR,1,7.3,14.3,7.3,14.3,7,73.0,0,29.0
2021,2,00-0034419,B.Berrios,NYJ,WR,1,7.3,14.3,7.3,14.3,7,73.0,0,20.0
2021,2,00-0034297,B.Pringle,KC,WR,1,12.3,14.3,12.3,14.3,2,63.0,1,41.0
2021,2,00-0036271,Q.Watkins,PHI,WR,1,11.7,13.7,11.7,13.7,2,117.0,0,58.0
2021,2,00-0032775,D.Robinson,KC,WR,1,10.6,13.6,10.6,13.6,3,46.0,1,4.0
2021,2,00-0027942,A.Green,ARI,WR,1,10.4,13.4,10.4,13.4,3,44.0,1,14.0
2021,2,00-0034052,B.Zylstra,CAR,WR,1,10.4,13.4,10.4,13.4,3,44.0,1,15.0
2021,2,00-0036900,J.Chase,CIN,WR,1,11.4,13.4,11.4,13.4,2,54.0,1,14.0
2021,2,00-0033375,T.Patrick,DEN,WR,1,9.7,12.7,9.7,12.7,3,37.0,1,24.0
2021,2,00-0036309,D.Mooney,CHI,WR,1,6.6,12.6,6.6,12.6,6,66.0,0,7.0
2021,2,00-0030431,R.Woods,LA,WR,1,7.0,12.0,7.0,12.0,5,64.0,0,18.0
2021,2,00-0032009,A.Humphries,WAS,WR,1,4.4,11.4,4.4,11.4,7,44.0,0,40.0
2021,2,00-0035640,D.Metcalf,SEA,WR,1,5.3,11.3,5.3,11.3,6,53.0,0,24.0
2021,2,00-0036613,J.Waddle,MIA,WR,1,4.8,10.8,4.8,10.8,6,48.0,0,36.0
2021,2,00-0034983,H.Renfrow,LV,WR,1,5.7,10.7,5.7,10.7,5,57.0,0,17.0
2021,2,00-0035140,M.Hardman,KC,WR,1,5.5,10.5,5.5,10.5,5,55.0,0,14.0
2021,2,00-0031428,A.Robinson,CHI,WR,1,8.4,10.4,8.4,10.4,2,24.0,1,10.0
2021,2,00-0036259,J.Jennings,SF,WR,1,7.7,9.7,7.7,9.7,2,17.0,1,14.0
2021,2,00-0036326,C.Claypool,PIT,WR,1,6.7,9.7,6.7,9.7,3,70.0,0,16.0
2021,2,00-0034775,C.Kirk,ARI,WR,1,6.5,9.5,6.5,9.5,3,65.0,0,4.0
2021,2,00-0031547,D.Parker,MIA,WR,1,4.2,9.2,4.2,9.2,5,42.0,0,10.0
2021,2,00-0036980,E.Moore,NYJ,WR,1,4.7,8.7,4.7,8.7,4,47.0,0,5.0
2021,2,00-0031325,S.Watkins,BAL,WR,1,4.4,8.4,4.4,8.4,4,44.0,0,14.0
2021,2,00-0034411,R.Gage,ATL,WR,1,2.8,7.8,2.8,7.8,5,28.0,0,23.0
2021,2,00-0034960,J.Meyers,NE,WR,1,3.8,7.8,3.8,7.8,4,38.0,0,15.0
2021,2,00-0029000,C.Beasley,BUF,WR,1,3.6,7.6,3.6,7.6,4,36.0,0,25.0
2021,2,00-0035676,A.Brown,TEN,WR,1,4.3,7.3,4.3,7.3,3,43.0,0,0.0
2021,2,00-0036365,B.Edwards,LV,WR,1,4.0,7.0,4.0,7.0,3,40.0,0,17.0
2021,2,00-0027685,E.Sanders,BUF,WR,1,4.8,6.8,4.8,6.8,2,48.0,0,5.0
2021,2,00-0033932,K.Golladay,NYG,WR,1,3.8,6.8,3.8,6.8,3,38.0,0,2.0
2021,2,00-0032688,R.Chosen,CAR,WR,1,3.8,6.8,3.8,6.8,3,38.0,0,13.0
2021,2,00-0036626,D.Brown,WAS,WR,1,3.4,6.4,3.4,6.4,3,34.0,0,4.0
2021,2,00-0030669,A.Wilson,MIA,WR,1,2.0,6.0,2.0,6.0,4,20.0,0,11.0
2021,2,00-0033040,T.Hill,KC,WR,1,2.9,5.9,2.9,5.9,3,14.0,0,13.0
2021,2,00-0028002,R.Cobb,GB,WR,1,2.6,5.6,2.6,5.6,3,26.0,0,1.0
2021,2,00-0031544,A.Cooper,DAL,WR,1,2.4,5.4,2.4,5.4,3,24.0,0,6.0
2021,2,00-0031549,N.Agholor,NE,WR,1,2.1,5.1,2.1,5.1,3,21.0,0,2.0
2021,2,00-0036963,A.St. Brown,DET,WR,1,1.8,4.8,1.8,4.8,3,18.0,0,1.0
2021,2,00-0032977,R.Higgins,CLE,WR,1,2.7,4.7,2.7,4.7,2,27.0,0,3.0
2021,2,00-0036955,T.Marshall,CAR,WR,1,1.7,4.7,1.7,4.7,3,17.0,0,18.0
2021,2,00-0033307,K.Bourne,NE,WR,1,2.6,4.6,2.6,4.6,2,10.0,0,8.0
2021,2,00-0035510,J.Smith,NYJ,WR,1,3.5,4.5,3.5,4.5,1,35.0,0,6.0
2021,2,00-0027691,A.Roberts,HOU,WR,1,3.5,4.5,3.5,4.5,1,35.0,0,16.0
2021,2,00-0034418,C.Wilson,DAL,WR,1,2.5,4.5,2.5,4.5,2,20.0,0,22.0
2021,2,00-0032355,C.Rogers,TEN,WR,1,2.2,4.2,2.2,4.2,2,22.0,0,0.0
2021,2,00-0035208,O.Zaccheaus,ATL,WR,1,2.2,4.2,2.2,4.2,2,22.0,0,6.0
2021,2,00-0036554,N.Collins,HOU,WR,1,3.2,4.2,3.2,4.2,1,32.0,0,21.0
2021,2,00-0035414,J.Guyton,LAC,WR,1,2.2,4.2,2.2,4.2,2,13.0,0,5.0
2021,2,00-0036988,J.Palmer,LAC,WR,1,2.1,4.1,2.1,4.1,2,21.0,0,13.0
2021,2,00-0032464,K.Raymond,DET,WR,1,1.8,3.8,1.8,3.8,2,18.0,0,9.0
2021,2,00-0035406,L.Humphrey,NO,WR,1,2.7,3.7,2.7,3.7,1,27.0,0,9.0
2021,2,00-0036912,D.Smith,PHI,WR,1,1.6,3.6,1.6,3.6,2,16.0,0,4.0
2021,2,00-0034930,T.Benson,DET,WR,1,2.4,3.4,2.4,3.4,1,24.0,0,22.0
2021,2,00-0034777,D.Chark,JAX,WR,1,1.9,2.9,1.9,2.9,1,19.0,0,2.0
2021,2,00-0036219,M.Callaway,NO,WR,1,0.8,2.8,0.8,2.8,2,8.0,0,1.0
2021,2,00-0033871,C.Davis,NYJ,WR,1,0.8,2.8,0.8,2.8,2,8.0,0,10.0
2021,2,00-0027793,A.Brown,TB,WR,1,1.7,2.7,1.7,2.7,1,17.0,0,0.0
2021,2,00-0028237,C.Hogan,NO,WR,1,1.6,2.6,1.6,2.6,1,16.0,0,9.0
2021,2,00-0036387,J.Reagor,PHI,WR,1,0.5,2.5,0.5,2.5,2,5.0,0,9.0
2021,2,00-0035864,K.Hinton,DEN,WR,1,1.5,2.5,1.5,2.5,1,15.0,0,6.0
2021,2,00-0036233,D.Peoples-Jones,CLE,WR,1,1.4,2.4,1.4,2.4,1,14.0,0,-1.0
2021,2,00-0036415,V.Jefferson,LA,WR,1,1.4,2.4,1.4,2.4,1,14.0,0,0.0
2021,2,00-0030663,W.Snead,LV,WR,1,1.4,2.4,1.4,2.4,1,14.0,0,7.0
2021,2,00-0032128,C.Conley,HOU,WR,1,1.3,2.3,1.3,2.3,1,13.0,0,7.0
2021,2,00-0035021,A.Dulin,IND,WR,1,1.0,2.0,1.0,2.0,1,10.0,0,14.0
2021,2,00-0035215,D.Harty,NO,WR,1,1.0,2.0,1.0,2.0,1,9.0,0,3.0
2021,2,00-0030068,M.Goodwin,CHI,WR,1,1.0,2.0,1.0,2.0,1,10.0,0,0.0
2021,2,00-0026035,D.Amendola,HOU,WR,1,0.9,1.9,0.9,1.9,1,9.0,0,5.0
2021,2,00-0034487,T.Sherfield,SF,WR,1,0.9,1.9,0.9,1.9,1,9.0,0,2.0
2021,2,00-0031382,J.Landry,CLE,WR,1,0.9,1.9,0.9,1.9,1,9.0,0,11.0
2021,2,00-0032778,T.Sharpe,ATL,WR,1,0.8,1.8,0.8,1.8,1,8.0,0,4.0
2021,2,00-0034132,C.Blake,ATL,WR,1,0.8,1.8,0.8,1.8,1,8.0,0,0.0
2021,2,00-0036268,L.Shenault,JAX,WR,1,-0.3,1.7,-0.3,1.7,2,-3.0,0,3.0
2021,2,00-0036261,B.Aiyuk,SF,WR,1,0.6,1.6,0.6,1.6,1,6.0,0,1.0
2021,2,00-0036182,N.Westbrook-Ikhine,TEN,WR,1,0.6,1.6,0.6,1.6,1,6.0,0,1.0
2021,2,00-0036427,T.Johnson,TB,WR,1,0.5,1.5,0.5,1.5,1,5.0,0,0.0
2021,2,00-0036412,K.Hamler,DEN,WR,1,0.5,1.5,0.5,1.5,1,5.0,0,0.0
2021,2,00-0032200,T.Montgomery,NO,WR,1,0.3,1.3,0.3,1.3,1,3.0,0,2.0
2021,2,00-0035350,P.Williams,MIA,WR,1,0.2,1.2,0.2,1.2,1,2.0,0,1.0
2021,2,00-0033466,I.McKenzie,BUF,WR,1,0.1,1.1,0.1,1.1,1,1.0,0,2.0
2021,2,00-0034279,E.St. Brown,GB,WR,1,0.0,1.0,0.0,1.0,1,0.0,0,1.0
2021,2,00-0032791,J.Grant,MIA,WR,1,0.0,1.0,0.0,1.0,1,0.0,0,-5.0
2021,2,00-0033367,C.Board,NYG,WR,1,0.6,0.6,0.6,0.6,0,0.0,0,0.0
2021,2,00-0031763,D.Carter,WAS,WR,1,0.2,0.2,0.2,0.2,0,0.0,0,0.0
2021,2,00-0036482,M.Strachan,IND,WR,1,0.0,0.0,0.0,0.0,0,0.0,0,0.0
2021,2,00-0033733,G.Ward,PHI,WR,1,0.0,0.0,0.0,0.0,0,0.0,0,0.0
2021,2,00-0032951,L.Treadwell,JAX,WR,1,0.0,0.0,0.0,0.0,0,0.0,0,0.0
2021,2,00-0034676,J.Washington,PIT,WR,1,0.0,0.0,0.0,0.0,0,0.0,0,0.0
2021,2,00-0029632,M.Sanu,SF,WR,1,0.0,0.0,0.0,0.0,0,0.0,0,0.0
2021,2,00-0031787,J.Kumerow,BUF,WR,1,0.0,0.0,0.0,0.0,0,0.0,0,0.0
2021,2,00-0033572,J.Agnew,JAX,WR,1,0.0,0.0,0.0,0.0,0,0.0,0,0.0
2021,2,00-0034272,M.Valdes-Scantling,GB,WR,1,0.0,0.0,0.0,0.0,0,0.0,0,0.0
2021,2,00-0036999,A.Schwartz,CLE,WR,1,0.0,0.0,0.0,0.0,0,0.0,0,0.0
2021,2,00-0035457,T.Johnson,JAX,WR,1,0.0,0.0,0.0,0.0,0,0.0,0,0.0
2021,1,00-0031544,A.Cooper,DAL,WR,1,25.9,38.9,25.9,38.9,13,139.0,2,29.0
2021,1,00-0033040,T.Hill,KC,WR,1,26.1,37.1,26.1,37.1,11,197.0,1,50.0
2021,1,00-0035719,D.Samuel,SF,WR,1,24.9,33.9,24.9,33.9,9,189.0,1,109.0
2021,1,00-0030035,A.Thielen,MIN,WR,1,21.2,30.2,21.2,30.2,9,92.0,2,25.0
2021,1,00-0033871,C.Davis,NYJ,WR,1,21.7,26.7,21.7,26.7,5,97.0,2,29.0
2021,1,00-0030564,D.Hopkins,ARI,WR,1,20.3,26.3,20.3,26.3,6,83.0,2,25.0
2021,1,00-0032211,T.Lockett,SEA,WR,1,22.0,26.0,22.0,26.0,4,100.0,2,19.0
2021,1,00-0033921,C.Godwin,TB,WR,1,16.5,25.5,16.5,25.5,9,105.0,1,58.0
2021,1,00-0032385,S.Shepard,NYG,WR,1,17.3,24.3,17.3,24.3,7,113.0,1,39.0
2021,1,00-0034775,C.Kirk,ARI,WR,1,19.0,24.0,19.0,24.0,5,70.0,2,10.0
2021,1,00-0033908,C.Kupp,LA,WR,1,16.8,23.8,16.8,23.8,7,108.0,1,45.0
2021,1,00-0027793,A.Brown,TB,WR,1,18.7,23.7,18.7,23.7,5,121.0,1,27.0
2021,1,00-0036358,C.Lamb,DAL,WR,1,16.4,23.4,16.4,23.4,7,104.0,1,63.0
2021,1,00-0033536,M.Williams,LAC,WR,1,14.2,22.2,14.2,22.2,8,82.0,1,13.0
2021,1,00-0036900,J.Chase,CIN,WR,1,15.9,20.9,15.9,20.9,5,101.0,1,36.0
2021,1,00-0033251,Z.Pascal,IND,WR,1,16.3,20.3,16.3,20.3,4,43.0,2,9.0
2021,1,00-0031382,J.Landry,CLE,WR,1,14.4,19.4,14.4,19.4,5,71.0,0,55.0
2021,1,00-0035662,M.Brown,BAL,WR,1,13.4,19.4,13.4,19.4,6,69.0,1,21.0
2021,1,00-0036912,D.Smith,PHI,WR,1,13.1,19.1,13.1,19.1,6,71.0,1,17.0
2021,1,00-0030279,K.Allen,LAC,WR,1,10.0,19.0,10.0,19.0,9,100.0,0,34.0
2021,1,00-0029293,M.Jones,JAX,WR,1,13.7,18.7,13.7,18.7,5,77.0,1,12.0
2021,1,00-0031549,N.Agholor,NE,WR,1,13.2,18.2,13.2,18.2,5,72.0,1,8.0
2021,1,00-0031236,B.Cooks,HOU,WR,1,13.2,18.2,13.2,18.2,5,132.0,0,19.0
2021,1,00-0034777,D.Chark,JAX,WR,1,14.6,17.6,14.6,17.6,3,86.0,1,10.0
2021,1,00-0036387,J.Reagor,PHI,WR,1,10.9,16.9,10.9,16.9,6,49.0,1,43.0
2021,1,00-0036613,J.Waddle,MIA,WR,1,12.1,16.1,12.1,16.1,4,61.0,1,25.0
2021,1,00-0036415,V.Jefferson,LA,WR,1,14.0,16.0,14.0,16.0,2,80.0,1,23.0
2021,1,00-0035640,D.Metcalf,SEA,WR,1,12.0,16.0,12.0,16.0,4,60.0,1,19.0
2021,1,00-0031588,S.Diggs,BUF,WR,1,6.9,15.9,6.9,15.9,9,69.0,0,22.0
2021,1,00-0036410,T.Higgins,CIN,WR,1,11.8,15.8,11.8,15.8,4,58.0,1,23.0
2021,1,00-0034827,D.Moore,CAR,WR,1,9.4,15.4,9.4,15.4,6,80.0,0,17.0
2021,1,00-0035215,D.Harty,NO,WR,1,13.2,15.2,13.2,15.2,2,72.0,1,6.0
2021,1,00-0035676,A.Brown,TEN,WR,1,10.9,14.9,10.9,14.9,4,49.0,1,10.0
2021,1,00-0036345,K.Osborn,MIN,WR,1,7.6,14.6,7.6,14.6,7,76.0,0,26.0
2021,1,00-0035216,D.Johnson,PIT,WR,1,9.6,14.6,9.6,14.6,5,36.0,1,29.0
2021,1,00-0026035,D.Amendola,HOU,WR,1,9.4,14.4,9.4,14.4,5,34.0,1,14.0
2021,1,00-0029000,C.Beasley,BUF,WR,1,6.0,14.0,6.0,14.0,8,60.0,0,25.0
2021,1,00-0033375,T.Patrick,DEN,WR,1,9.9,13.9,9.9,13.9,4,39.0,1,5.0
2021,1,00-0031325,S.Watkins,BAL,WR,1,9.6,13.6,9.6,13.6,4,96.0,0,38.0
2021,1,00-0036407,J.Jeudy,DEN,WR,1,7.2,13.2,7.2,13.2,6,72.0,0,8.0
2021,1,00-0034983,H.Renfrow,LV,WR,1,7.0,13.0,7.0,13.0,6,70.0,0,44.0
2021,1,00-0036268,L.Shenault,JAX,WR,1,5.9,12.9,5.9,12.9,7,50.0,0,38.0
2021,1,00-0032688,R.Chosen,CAR,WR,1,11.7,12.7,11.7,12.7,1,57.0,1,11.0
2021,1,00-0036322,J.Jefferson,MIN,WR,1,7.65,12.65,7.65,12.65,5,71.0,0,34.0
2021,1,00-0033891,Z.Jones,LV,WR,1,10.6,12.6,10.6,12.6,2,46.0,1,5.0
2021,1,00-0030431,R.Woods,LA,WR,1,9.4,12.4,9.4,12.4,3,27.0,1,8.0
2021,1,00-0036365,B.Edwards,LV,WR,1,8.1,12.1,8.1,12.1,4,81.0,0,12.0
2021,1,00-0031547,D.Parker,MIA,WR,1,8.1,12.1,8.1,12.1,4,81.0,0,30.0
2021,1,00-0036196,G.Davis,BUF,WR,1,10.0,12.0,10.0,12.0,2,40.0,1,11.0
2021,1,00-0036999,A.Schwartz,CLE,WR,1,8.6,11.6,8.6,11.6,3,69.0,0,7.0
2021,1,00-0036936,R.Moore,ARI,WR,1,6.8,10.8,6.8,10.8,4,68.0,0,60.0
2021,1,00-0031381,D.Adams,GB,WR,1,5.6,10.6,5.6,10.6,5,56.0,0,12.0
2021,1,00-0034960,J.Meyers,NE,WR,1,4.4,10.4,4.4,10.4,6,44.0,0,20.0
2021,1,00-0033932,K.Golladay,NYG,WR,1,6.4,10.4,6.4,10.4,4,64.0,0,1.0
2021,1,00-0034487,T.Sherfield,SF,WR,1,8.3,10.3,8.3,10.3,2,23.0,1,5.0
2021,1,00-0032355,C.Rogers,TEN,WR,1,6.2,10.2,6.2,10.2,4,62.0,0,21.0
2021,1,00-0036277,Q.Cephus,DET,WR,1,7.2,10.2,7.2,10.2,3,12.0,1,1.0
2021,1,00-0035659,T.McLaurin,WAS,WR,1,6.2,10.2,6.2,10.2,4,62.0,0,19.0
2021,1,00-0034837,C.Ridley,ATL,WR,1,5.1,10.1,5.1,10.1,5,51.0,0,6.0
2021,1,00-0034419,B.Berrios,NYJ,WR,1,5.1,10.1,5.1,10.1,5,51.0,0,18.0
2021,1,00-0036326,C.Claypool,PIT,WR,1,7.0,10.0,7.0,10.0,3,45.0,0,5.0
2021,1,00-0031428,A.Robinson,CHI,WR,1,3.5,9.5,3.5,9.5,6,35.0,0,10.0
2021,1,00-0035535,D.Slayton,NYG,WR,1,6.5,9.5,6.5,9.5,3,65.0,0,4.0
2021,1,00-0033857,J.Smith-Schuster,PIT,WR,1,5.2,9.2,5.2,9.2,4,52.0,0,24.0
2021,1,00-0027685,E.Sanders,BUF,WR,1,5.2,9.2,5.2,9.2,4,52.0,0,5.0
2021,1,00-0032464,K.Raymond,DET,WR,1,5.9,8.9,5.9,8.9,3,50.0,0,4.0
2021,1,00-0030068,M.Goodwin,CHI,WR,1,4.3,8.3,4.3,8.3,4,45.0,0,17.0
2021,1,00-0028237,C.Hogan,NO,WR,1,7.0,8.0,7.0,8.0,1,10.0,1,0.0
2021,1,00-0035414,J.Guyton,LAC,WR,1,4.9,7.9,4.9,7.9,3,49.0,0,36.0
2021,1,00-0036309,D.Mooney,CHI,WR,1,2.6,7.6,2.6,7.6,5,26.0,0,4.0
2021,1,00-0034764,M.Gallup,DAL,WR,1,3.6,7.6,3.6,7.6,4,36.0,0,26.0
2021,1,00-0036412,K.Hamler,DEN,WR,1,4.1,7.1,4.1,7.1,3,41.0,0,4.0
2021,1,00-0036357,H.Ruggs,LV,WR,1,4.6,6.6,4.6,6.6,2,46.0,0,8.0
2021,1,00-0033009,T.Boyd,CIN,WR,1,3.2,6.2,3.2,6.2,3,32.0,0,11.0
2021,1,00-0036382,K.Hill,LAC,WR,1,3.0,6.0,3.0,6.0,3,30.0,0,12.0
2021,1,00-0036252,M.Pittman,IND,WR,1,2.9,5.9,2.9,5.9,3,29.0,0,14.0
2021,1,00-0027944,J.Jones,TEN,WR,1,2.9,5.9,2.9,5.9,3,29.0,0,10.0
2021,1,00-0036955,T.Marshall,CAR,WR,1,2.6,5.6,2.6,5.6,3,26.0,0,13.0
2021,1,00-0034418,C.Wilson,DAL,WR,1,2.4,5.4,2.4,5.4,3,24.0,0,0.0
2021,1,00-0031408,M.Evans,TB,WR,1,2.4,5.4,2.4,5.4,3,24.0,0,6.0
2021,1,00-0036271,Q.Watkins,PHI,WR,1,2.3,5.3,2.3,5.3,3,23.0,0,30.0
2021,1,00-0036255,D.Mims,NYJ,WR,1,4.0,5.0,4.0,5.0,1,40.0,0,10.0
2021,1,00-0031868,D.Byrd,CHI,WR,1,1.9,4.9,1.9,4.9,3,19.0,0,6.0
2021,1,00-0035140,M.Hardman,KC,WR,1,1.9,4.9,1.9,4.9,3,19.0,0,18.0
2021,1,00-0034930,T.Benson,DET,WR,1,1.9,4.9,1.9,4.9,3,19.0,0,0.0
2021,1,00-0034272,M.Valdes-Scantling,GB,WR,1,1.7,4.7,1.7,4.7,3,17.0,0,6.0
2021,1,00-0032128,C.Conley,HOU,WR,1,2.7,4.7,2.7,4.7,2,27.0,0,7.0
2021,1,00-0036482,M.Strachan,IND,WR,1,2.6,4.6,2.6,4.6,2,26.0,0,0.0
2021,1,00-0027942,A.Green,ARI,WR,1,2.5,4.5,2.5,4.5,2,25.0,0,1.0
2021,1,00-0036963,A.St. Brown,DET,WR,1,2.3,4.3,2.3,4.3,2,23.0,0,0.0
2021,1,00-0028002,R.Cobb,GB,WR,1,3.3,4.3,3.3,4.3,1,32.0,0,3.0
2021,1,00-0026189,D.Jackson,LA,WR,1,2.1,4.1,2.1,4.1,2,21.0,0,5.0
2021,1,00-0036620,D.Eskridge,SEA,WR,1,2.8,3.8,2.8,3.8,1,6.0,0,0.0
2021,1,00-0034521,A.Lazard,GB,WR,1,1.6,3.6,1.6,3.6,2,16.0,0,8.0
2021,1,00-0032160,T.Williams,DET,WR,1,1.4,3.4,1.4,3.4,2,14.0,0,8.0
2021,1,00-0035639,P.Campbell,IND,WR,1,2.4,3.4,2.4,3.4,1,24.0,0,2.0
2021,1,00-0035480,M.Taylor,GB,WR,1,1.4,3.4,1.4,3.4,2,14.0,0,8.0
2021,1,00-0034676,J.Washington,PIT,WR,1,1.0,3.0,1.0,3.0,2,10.0,0,15.0
2021,1,00-0032009,A.Humphries,WAS,WR,1,1.0,3.0,1.0,3.0,2,10.0,0,7.0
2021,1,00-0036991,A.Rodgers,GB,WR,1,1.9,2.9,1.9,2.9,1,19.0,0,5.0
2021,1,00-0036988,J.Palmer,LAC,WR,1,1.7,2.7,1.7,2.7,1,17.0,0,0.0
2021,1,00-0033307,K.Bourne,NE,WR,1,1.7,2.7,1.7,2.7,1,17.0,0,11.0
2021,1,00-0034104,C.Sims,WAS,WR,1,1.7,2.7,1.7,2.7,1,17.0,0,0.0
2021,1,00-0034348,C.Sutton,DEN,WR,1,1.4,2.4,1.4,2.4,1,14.0,0,0.0
2021,1,00-0036219,M.Callaway,NO,WR,1,1.4,2.4,1.4,2.4,1,14.0,0,1.0
2021,1,00-0033839,D.Westbrook,MIN,WR,1,1.1,2.1,1.1,2.1,1,11.0,0,4.0
2021,1,00-0036182,N.Westbrook-Ikhine,TEN,WR,1,1.0,2.0,1.0,2.0,1,10.0,0,3.0
2021,1,00-0032775,D.Robinson,KC,WR,1,0.9,1.9,0.9,1.9,1,9.0,0,1.0
2021,1,00-0036913,K.Toney,NYG,WR,1,-0.2,1.8,-0.2,1.8,2,-2.0,0,8.0
2021,1,00-0036554,N.Collins,HOU,WR,1,0.7,1.7,0.7,1.7,1,7.0,0,2.0
2021,1,00-0029632,M.Sanu,SF,WR,1,0.7,1.7,0.7,1.7,1,7.0,0,2.0
2021,1,00-0036331,D.Duvernay,BAL,WR,1,0.6,1.6,0.6,1.6,1,6.0,0,9.0
2021,1,00-0034297,B.Pringle,KC,WR,1,0.6,1.6,0.6,1.6,1,6.0,0,3.0
2021,1,00-0033367,C.Board,NYG,WR,1,0.6,1.6,0.6,1.6,1,6.0,0,0.0
2021,1,00-0035457,T.Johnson,JAX,WR,1,0.6,1.6,0.6,1.6,1,6.0,0,9.0
2021,1,00-0033114,M.Thomas,CIN,WR,1,0.5,1.5,0.5,1.5,1,5.0,0,2.0
2021,1,00-0032200,T.Montgomery,NO,WR,1,0.5,1.5,0.5,1.5,1,5.0,0,5.0
2021,1,00-0036233,D.Peoples-Jones,CLE,WR,1,0.4,1.4,0.4,1.4,1,4.0,0,1.0
2021,1,00-0036626,D.Brown,WAS,WR,1,-0.2,0.8,-0.2,0.8,1,-2.0,0,0.0
2021,1,00-0036980,E.Moore,NYJ,WR,1,-0.3,0.7,-0.3,0.7,1,-3.0,0,1.0
2021,1,00-0036247,F.Swain,SEA,WR,1,0.5,0.5,0.5,0.5,0,0.0,0,0.0
2021,1,00-0030663,W.Snead,LV,WR,1,0.0,0.0,0.0,0.0,0,0.0,0,0.0
2021,1,00-0035510,J.Smith,NYJ,WR,1,0.0,0.0,0.0,0.0,0,0.0,0,0.0
2021,1,00-0031934,D.Smith,JAX,WR,1,0.0,0.0,0.0,0.0,0,0.0,0,0.0
2021,1,00-0030669,A.Wilson,MIA,WR,1,0.0,0.0,0.0,0.0,0,0.0,0,0.0
2021,1,00-0036427,T.Johnson,TB,WR,1,0.0,0.0,0.0,0.0,0,0.0,0,0.0
2021,1,00-0034411,R.Gage,ATL,WR,1,0.0,0.0,0.0,0.0,0,0.0,0,0.0
2021,1,00-0033466,I.McKenzie,BUF,WR,1,-0.3,-0.3,-0.3,-0.3,0,0.0,0,0.0
2020,21,00-0033040,T.Hill,KC,WR,1,7.8,14.8,7.8,14.8,7,73.0,0,41.0
2020,21,00-0027793,A.Brown,TB,WR,1,8.2,13.2,8.2,13.2,5,22.0,1,9.0
2020,21,00-0031408,M.Evans,TB,WR,1,3.1,4.1,3.1,4.1,1,31.0,0,14.0
2020,21,00-0033921,C.Godwin,TB,WR,1,0.9,2.9,0.9,2.9,2,9.0,0,12.0
2020,21,00-0035140,M.Hardman,KC,WR,1,0.4,2.4,0.4,2.4,2,4.0,0,9.0
2020,21,00-0031325,S.Watkins,KC,WR,1,1.3,2.3,1.3,2.3,1,13.0,0,1.0
2020,21,00-0032775,D.Robinson,KC,WR,1,1.1,2.1,1.1,2.1,1,11.0,0,4.0
2020,21,00-0034297,B.Pringle,KC,WR,1,0.3,1.3,0.3,1.3,1,3.0,0,1.0
2020,21,00-0036427,T.Johnson,TB,WR,1,0.0,0.0,0.0,0.0,0,0.0,0,0.0
2020,21,00-0035298,S.Miller,TB,WR,1,-0.3,-0.3,-0.3,-0.3,0,0.0,0,0.0
2020,20,00-0033040,T.Hill,KC,WR,1,17.2,26.2,17.2,26.2,9,172.0,0,113.0
2020,20,00-0031381,D.Adams,GB,WR,1,12.7,21.7,12.7,21.7,9,67.0,1,40.0
2020,20,00-0034272,M.Valdes-Scantling,GB,WR,1,17.5,21.5,17.5,21.5,4,115.0,1,36.0
2020,20,00-0033921,C.Godwin,TB,WR,1,11.6,16.6,11.6,16.6,5,110.0,0,34.0
2020,20,00-0029000,C.Beasley,BUF,WR,1,8.8,15.8,8.8,15.8,7,88.0,0,48.0
2020,20,00-0031408,M.Evans,TB,WR,1,11.1,14.1,11.1,14.1,3,51.0,1,8.0
2020,20,00-0031588,S.Diggs,BUF,WR,1,7.7,13.7,7.7,13.7,6,77.0,0,13.0
2020,20,00-0035140,M.Hardman,KC,WR,1,11.4,13.4,11.4,13.4,2,4.0,1,6.0
2020,20,00-0035298,S.Miller,TB,WR,1,9.6,11.6,9.6,11.6,2,36.0,1,5.0
2020,20,00-0034521,A.Lazard,GB,WR,1,6.2,9.2,6.2,9.2,3,62.0,0,22.0
2020,20,00-0033466,I.McKenzie,BUF,WR,1,7.5,8.5,7.5,8.5,1,6.0,1,0.0
2020,20,00-0034297,B.Pringle,KC,WR,1,2.2,5.2,2.2,5.2,3,22.0,0,5.0
2020,20,00-0031051,J.Brown,BUF,WR,1,2.4,4.4,2.4,4.4,2,24.0,0,4.0
2020,20,00-0036427,T.Johnson,TB,WR,1,1.6,2.6,1.6,2.6,1,16.0,0,0.0
2020,20,00-0034279,E.St. Brown,GB,WR,1,1.0,2.0,1.0,2.0,1,10.0,0,5.0
2020,20,00-0036196,G.Davis,BUF,WR,1,0.0,0.0,0.0,0.0,0,0.0,0,0.0
2020,19,00-0031588,S.Diggs,BUF,WR,1,16.6,24.6,16.6,24.6,8,106.0,1,42.0
2020,19,00-0034765,T.Smith,NO,WR,1,20.5,23.5,20.5,23.5,3,85.0,2,28.0
2020,19,00-0031381,D.Adams,GB,WR,1,12.6,21.6,12.6,21.6,9,66.0,1,32.0
2020,19,00-0033040,T.Hill,KC,WR,1,11.9,19.9,11.9,19.9,8,110.0,0,32.0
2020,19,00-0034521,A.Lazard,GB,WR,1,15.6,19.6,15.6,19.6,4,96.0,1,36.0
2020,19,00-0036415,V.Jefferson,LA,WR,1,10.6,16.6,10.6,16.6,6,46.0,1,10.0
2020,19,00-0031382,J.Landry,CLE,WR,1,8.0,15.0,8.0,15.0,7,20.0,1,4.0
2020,19,00-0031051,J.Brown,BUF,WR,1,6.2,14.2,6.2,14.2,8,62.0,0,11.0
2020,19,00-0032977,R.Higgins,CLE,WR,1,8.8,13.8,8.8,13.8,5,88.0,0,22.0
2020,19,00-0030431,R.Woods,LA,WR,1,4.8,12.8,4.8,12.8,8,48.0,0,15.0
2020,19,00-0035662,M.Brown,BAL,WR,1,8.7,12.7,8.7,12.7,4,87.0,0,17.0
2020,19,00-0027685,E.Sanders,NO,WR,1,4.8,10.8,4.8,10.8,6,48.0,0,17.0
2020,19,00-0035140,M.Hardman,KC,WR,1,6.2,10.2,6.2,10.2,4,58.0,0,67.0
2020,19,00-0033943,J.Reynolds,LA,WR,1,6.5,9.5,6.5,9.5,3,65.0,0,23.0
2020,19,00-0030663,W.Snead,BAL,WR,1,2.5,7.5,2.5,7.5,5,25.0,0,11.0
2020,19,00-0033921,C.Godwin,TB,WR,1,3.4,7.4,3.4,7.4,4,34.0,0,33.0
2020,19,00-0034272,M.Valdes-Scantling,GB,WR,1,3.3,7.3,3.3,7.3,4,33.0,0,21.0
2020,19,00-0031408,M.Evans,TB,WR,1,6.3,7.3,6.3,7.3,1,3.0,1,0.0
2020,19,00-0035703,M.Boykin,BAL,WR,1,2.0,5.0,2.0,5.0,3,20.0,0,5.0
2020,19,00-0035298,S.Miller,TB,WR,1,2.9,3.9,2.9,3.9,1,29.0,0,2.0
2020,19,00-0032200,T.Montgomery,NO,WR,1,2.7,3.7,2.7,3.7,1,13.0,0,7.0
2020,19,00-0034279,E.St. Brown,GB,WR,1,2.7,3.7,2.7,3.7,1,27.0,0,8.0
2020,19,00-0034297,B.Pringle,KC,WR,1,1.4,3.4,1.4,3.4,2,14.0,0,7.0
2020,19,00-0036233,D.Peoples-Jones,CLE,WR,1,2.3,3.3,2.3,3.3,1,23.0,0,1.0
2020,19,00-0033466,I.McKenzie,BUF,WR,1,0.8,2.8,0.8,2.8,2,8.0,0,12.0
2020,19,00-0036427,T.Johnson,TB,WR,1,1.5,2.5,1.5,2.5,1,15.0,0,1.0
2020,19,00-0032775,D.Robinson,KC,WR,1,1.4,2.4,1.4,2.4,1,14.0,0,0.0
2020,19,00-0027793,A.Brown,TB,WR,1,1.0,2.0,1.0,2.0,1,10.0,0,0.0
2020,19,00-0035215,D.Harty,NO,WR,1,-0.1,0.9,-0.1,0.9,1,-1.0,0,3.0
2020,19,00-0027902,D.Bryant,BAL,WR,1,0.0,0.0,0.0,0.0,0,0.0,0,0.0
2020,19,00-0029000,C.Beasley,BUF,WR,1,0.0,0.0,0.0,0.0,0,0.0,0,0.0
2020,19,00-0036219,M.Callaway,NO,WR,1,0.0,0.0,0.0,0.0,0,0.0,0,0.0
2020,19,00-0036196,G.Davis,BUF,WR,1,0.0,0.0,0.0,0.0,0,0.0,0,0.0
2020,19,00-0032765,M.Thomas,NO,WR,1,0.0,0.0,0.0,0.0,0,0.0,0,0.0
2020,18,00-0033857,J.Smith-Schuster,PIT,WR,1,21.7,34.7,21.7,34.7,13,157.0,1,41.0
2020,18,00-0035640,D.Metcalf,SEA,WR,1,21.6,26.6,21.6,26.6,5,96.0,2,20.0
2020,18,00-0031588,S.Diggs,BUF,WR,1,18.8,24.8,18.8,24.8,6,128.0,1,20.0
2020,18,00-0036326,C.Claypool,PIT,WR,1,17.9,22.9,17.9,22.9,5,59.0,2,13.0
2020,18,00-0035216,D.Johnson,PIT,WR,1,11.7,22.7,11.7,22.7,11,117.0,0,28.0
2020,18,00-0035676,A.Brown,TEN,WR,1,14.3,20.3,14.3,20.3,6,83.0,1,21.0
2020,18,00-0031382,J.Landry,CLE,WR,1,15.2,20.2,15.2,20.2,5,92.0,1,66.0
2020,18,00-0035662,M.Brown,BAL,WR,1,12.8,19.8,12.8,19.8,7,109.0,0,37.0
2020,18,00-0033921,C.Godwin,TB,WR,1,13.9,18.9,13.9,18.9,5,79.0,1,25.0
2020,18,00-0032765,M.Thomas,NO,WR,1,13.3,18.3,13.3,18.3,5,73.0,1,25.0
2020,18,00-0031408,M.Evans,TB,WR,1,11.9,17.9,11.9,17.9,6,119.0,0,11.0
2020,18,00-0034104,C.Sims,WAS,WR,1,10.4,17.4,10.4,17.4,7,104.0,0,23.0
2020,18,00-0035215,D.Harty,NO,WR,1,8.1,15.1,8.1,15.1,7,83.0,0,59.0
2020,18,00-0027793,A.Brown,TB,WR,1,13.1,15.1,13.1,15.1,2,49.0,1,13.0
2020,18,00-0036252,M.Pittman,IND,WR,1,10.1,15.1,10.1,15.1,5,90.0,0,54.0
2020,18,00-0030431,R.Woods,LA,WR,1,10.5,14.5,10.5,14.5,4,48.0,1,8.0
2020,18,00-0035659,T.McLaurin,WAS,WR,1,7.5,13.5,7.5,13.5,6,75.0,0,9.0
2020,18,00-0033251,Z.Pascal,IND,WR,1,9.7,12.7,9.7,12.7,3,37.0,1,11.0
2020,18,00-0029000,C.Beasley,BUF,WR,1,5.7,12.7,5.7,12.7,7,57.0,0,14.0
2020,18,00-0034928,S.Sims,WAS,WR,1,9.7,12.7,9.7,12.7,3,33.0,1,1.0
2020,18,00-0036196,G.Davis,BUF,WR,1,8.5,12.5,8.5,12.5,4,85.0,0,0.0
2020,18,00-0034676,J.Washington,PIT,WR,1,7.2,12.2,7.2,12.2,5,72.0,0,22.0
2020,18,00-0033908,C.Kupp,LA,WR,1,7.8,11.8,7.8,11.8,4,78.0,0,7.0
2020,18,00-0031428,A.Robinson,CHI,WR,1,5.5,11.5,5.5,11.5,6,55.0,0,13.0
2020,18,00-0032211,T.Lockett,SEA,WR,1,4.3,6.3,4.3,6.3,2,43.0,0,5.0
2020,18,00-0035590,R.Ridley,CHI,WR,1,3.6,5.6,3.6,5.6,2,36.0,0,18.0
2020,18,00-0029608,T.Hilton,IND,WR,1,3.2,5.2,3.2,5.2,2,32.0,0,9.0
2020,18,00-0031763,D.Carter,CHI,WR,1,2.0,5.0,2.0,5.0,3,17.0,0,5.0
2020,18,00-0032977,R.Higgins,CLE,WR,1,2.8,4.8,2.8,4.8,2,28.0,0,6.0
2020,18,00-0034353,A.Miller,CHI,WR,1,2.4,4.4,2.4,4.4,2,22.0,0,1.0
2020,18,00-0036247,F.Swain,SEA,WR,1,2.8,3.8,2.8,3.8,1,28.0,0,0.0
2020,18,00-0034426,J.Wims,CHI,WR,1,2.8,3.8,2.8,3.8,1,28.0,0,2.0
2020,18,00-0036182,N.Westbrook-Ikhine,TEN,WR,1,1.7,3.7,1.7,3.7,2,17.0,0,2.0
2020,18,00-0035298,S.Miller,TB,WR,1,2.3,3.3,2.3,3.3,1,15.0,0,0.0
2020,18,00-0030663,W.Snead,BAL,WR,1,0.9,2.9,0.9,2.9,2,9.0,0,2.0
2020,18,00-0035406,L.Humphrey,NO,WR,1,1.4,2.4,1.4,2.4,1,14.0,0,11.0
2020,18,00-0027685,E.Sanders,NO,WR,1,0.3,2.3,0.3,2.3,2,3.0,0,4.0
2020,18,00-0036233,D.Peoples-Jones,CLE,WR,1,0.8,1.8,0.8,1.8,1,8.0,0,1.0
2020,18,00-0034652,C.Batson,TEN,WR,1,0.6,1.6,0.6,1.6,1,6.0,0,2.0
2020,18,00-0033589,D.Moore,SEA,WR,1,0.5,1.5,0.5,1.5,1,1.0,0,5.0
2020,18,00-0036142,I.Wright,WAS,WR,1,0.0,0.0,0.0,0.0,0,0.0,0,0.0
2020,18,00-0032464,K.Raymond,TEN,WR,1,0.0,0.0,0.0,0.0,0,0.0,0,0.0
2020,18,00-0035703,M.Boykin,BAL,WR,1,0.0,0.0,0.0,0.0,0,0.0,0,0.0
2020,18,00-0027902,D.Bryant,BAL,WR,1,0.0,0.0,0.0,0.0,0,0.0,0,0.0
2020,18,00-0031051,J.Brown,BUF,WR,1,0.0,0.0,0.0,0.0,0,0.0,0,0.0
2020,18,00-0033871,C.Davis,TEN,WR,1,0.0,0.0,0.0,0.0,0,0.0,0,0.0
2020,17,00-0031236,B.Cooks,HOU,WR,1,28.6,39.6,28.6,39.6,11,166.0,2,16.0
2020,17,00-0029293,M.Jones,DET,WR,1,30.0,38.0,30.0,38.0,8,180.0,2,38.0
2020,17,00-0027793,A.Brown,TB,WR,1,25.8,36.8,25.8,36.8,11,138.0,2,91.0
2020,17,00-0032385,S.Shepard,NYG,WR,1,25.6,33.6,25.6,33.6,8,112.0,1,24.0
2020,17,00-0032211,T.Lockett,SEA,WR,1,21.0,33.0,21.0,33.0,12,90.0,2,47.0
2020,17,00-0035676,A.Brown,TEN,WR,1,21.1,31.1,21.1,31.1,10,151.0,1,39.0
2020,17,00-0033921,C.Godwin,TB,WR,1,25.3,30.3,25.3,30.3,5,133.0,2,34.0
2020,17,00-0034411,R.Gage,ATL,WR,1,16.2,25.2,16.2,25.2,9,91.0,1,31.0
2020,17,00-0036407,J.Jeudy,DEN,WR,1,20.0,25.0,20.0,25.0,5,140.0,1,96.0
2020,17,00-0036268,L.Shenault,JAX,WR,1,18.6,24.6,18.6,24.6,6,68.0,2,18.0
2020,17,00-0033466,I.McKenzie,BUF,WR,1,18.5,24.5,18.5,24.5,6,65.0,2,14.0
2020,17,00-0033536,M.Williams,LAC,WR,1,16.8,22.8,16.8,22.8,6,108.0,1,18.0
2020,17,00-0036322,J.Jefferson,MIN,WR,1,13.3,22.3,13.3,22.3,9,133.0,0,49.0
2020,17,00-0027685,E.Sanders,NO,WR,1,12.3,21.3,12.3,21.3,9,63.0,1,32.0
2020,17,00-0035662,M.Brown,BAL,WR,1,16.1,21.1,16.1,21.1,5,41.0,2,11.0
2020,17,00-0036326,C.Claypool,PIT,WR,1,16.1,21.1,16.1,21.1,5,101.0,1,13.0
2020,17,00-0036309,D.Mooney,CHI,WR,1,9.3,20.3,9.3,20.3,11,93.0,0,33.0
2020,17,00-0033282,C.Samuel,CAR,WR,1,12.1,19.1,12.1,19.1,7,118.0,0,19.0
2020,17,00-0036196,G.Davis,BUF,WR,1,16.7,18.7,16.7,18.7,2,107.0,1,27.0
2020,17,00-0031547,D.Parker,MIA,WR,1,11.6,18.6,11.6,18.6,7,116.0,0,28.0
2020,17,00-0033857,J.Smith-Schuster,PIT,WR,1,12.5,18.5,12.5,18.5,6,65.0,1,27.0
2020,17,00-0034960,J.Meyers,NE,WR,1,12.45,18.45,12.45,18.45,6,68.0,0,21.0
2020,17,00-0031051,J.Brown,BUF,WR,1,13.2,17.2,13.2,17.2,4,72.0,1,4.0
2020,17,00-0034272,M.Valdes-Scantling,GB,WR,1,15.1,17.1,15.1,17.1,2,87.0,1,46.0
2020,17,00-0035659,T.McLaurin,WAS,WR,1,10.0,17.0,10.0,17.0,7,40.0,1,3.0
2020,17,00-0031381,D.Adams,GB,WR,1,10.6,16.6,10.6,16.6,6,46.0,1,11.0
2020,17,00-0031382,J.Landry,CLE,WR,1,11.4,16.4,11.4,16.4,5,51.0,0,22.0
2020,17,00-0032128,C.Conley,JAX,WR,1,8.7,15.7,8.7,15.7,7,87.0,0,31.0
2020,17,00-0034297,B.Pringle,KC,WR,1,11.2,15.2,11.2,15.2,4,52.0,1,24.0
2020,17,00-0034827,D.Moore,CAR,WR,1,10.1,15.1,10.1,15.1,5,101.0,0,10.0
2020,17,00-0034366,K.Coutee,HOU,WR,1,9.0,15.0,9.0,15.0,6,90.0,0,31.0
2020,17,00-0031588,S.Diggs,BUF,WR,1,7.6,14.6,7.6,14.6,7,76.0,0,32.0
2020,17,00-0036364,L.Bowden,MIA,WR,1,5.3,13.3,5.3,13.3,8,44.0,0,28.0
2020,17,00-0036277,Q.Cephus,DET,WR,1,11.1,13.1,11.1,13.1,2,51.0,1,1.0
2020,17,00-0036365,B.Edwards,LV,WR,1,11.1,13.1,11.1,13.1,2,51.0,1,11.0
2020,17,00-0035216,D.Johnson,PIT,WR,1,9.6,12.6,9.6,12.6,3,96.0,0,10.0
2020,17,00-0034837,C.Ridley,ATL,WR,1,4.6,12.6,4.6,12.6,8,52.0,0,11.0
2020,17,00-0033307,K.Bourne,SF,WR,1,7.6,12.6,7.6,12.6,5,76.0,0,38.0
2020,17,00-0034309,C.Beebe,MIN,WR,1,10.4,12.4,10.4,12.4,2,44.0,1,21.0
2020,17,00-0034860,D.Pettis,NYG,WR,1,10.3,12.3,10.3,12.3,2,43.0,1,5.0
2020,17,00-0032775,D.Robinson,KC,WR,1,5.8,11.8,5.8,11.8,6,58.0,0,24.0
2020,17,00-0029608,T.Hilton,IND,WR,1,8.7,11.7,8.7,11.7,3,27.0,1,3.0
2020,17,00-0032200,T.Montgomery,NO,WR,1,10.7,11.7,10.7,11.7,1,2.0,0,7.0
2020,17,00-0032054,B.Perriman,NYJ,WR,1,8.4,11.4,8.4,11.4,3,84.0,0,37.0
2020,17,00-0035703,M.Boykin,BAL,WR,1,10.3,11.3,10.3,11.3,1,43.0,1,5.0
2020,17,00-0031544,A.Cooper,DAL,WR,1,4.1,10.1,4.1,10.1,6,41.0,0,15.0
2020,17,00-0030035,A.Thielen,MIN,WR,1,5.7,9.7,5.7,9.7,4,57.0,0,21.0
2020,17,00-0036358,C.Lamb,DAL,WR,1,4.6,9.6,4.6,9.6,5,43.0,0,16.0
2020,17,00-0034286,R.James,SF,WR,1,6.6,9.6,6.6,9.6,3,66.0,0,19.0
2020,17,00-0034104,C.Sims,WAS,WR,1,4.3,9.3,4.3,9.3,5,43.0,0,25.0
2020,17,00-0036415,V.Jefferson,LA,WR,1,5.0,9.0,5.0,9.0,4,50.0,0,25.0
2020,17,00-0034764,M.Gallup,DAL,WR,1,4.9,8.9,4.9,8.9,4,49.0,0,12.0
2020,17,00-0033871,C.Davis,TEN,WR,1,3.9,8.9,3.9,8.9,5,39.0,0,14.0
2020,17,00-0036439,T.Cleveland,DEN,WR,1,4.5,8.5,4.5,8.5,4,45.0,0,2.0
2020,17,00-0034487,T.Sherfield,ARI,WR,1,4.4,8.4,4.4,8.4,4,44.0,0,27.0
2020,17,00-0033382,A.Carr,NO,WR,1,7.1,8.1,7.1,8.1,1,11.0,1,0.0
2020,17,00-0036219,M.Callaway,NO,WR,1,5.1,8.1,5.1,8.1,3,51.0,0,18.0
2020,17,00-0030431,R.Woods,LA,WR,1,3.6,7.6,3.6,7.6,4,36.0,0,17.0
2020,17,00-0031408,M.Evans,TB,WR,1,4.6,7.6,4.6,7.6,3,46.0,0,11.0
2020,17,00-0030564,D.Hopkins,ARI,WR,1,3.5,7.5,3.5,7.5,4,35.0,0,25.0
2020,17,00-0032977,R.Higgins,CLE,WR,1,5.5,7.5,5.5,7.5,2,55.0,0,20.0
2020,17,00-0031941,J.Crowder,NYJ,WR,1,3.1,7.1,3.1,7.1,4,31.0,0,13.0
2020,17,00-0032688,R.Chosen,CAR,WR,1,4.0,7.0,4.0,7.0,3,40.0,0,6.0
2020,17,00-0033943,J.Reynolds,LA,WR,1,2.9,6.9,2.9,6.9,4,29.0,0,6.0
2020,17,00-0036357,H.Ruggs,LV,WR,1,3.8,6.8,3.8,6.8,3,38.0,0,2.0
2020,17,00-0031549,N.Agholor,LV,WR,1,5.7,6.7,5.7,6.7,1,57.0,0,8.0
2020,17,00-0033471,I.Ford,MIA,WR,1,3.7,6.7,3.7,6.7,3,37.0,0,12.0
2020,17,00-0033375,T.Patrick,DEN,WR,1,4.6,6.6,4.6,6.6,2,46.0,0,39.0
2020,17,00-0034419,B.Berrios,NYJ,WR,1,3.6,6.6,3.6,6.6,3,20.0,0,21.0
2020,17,00-0035313,T.Godwin,JAX,WR,1,3.5,6.5,3.5,6.5,3,32.0,0,3.0
2020,17,00-0033251,Z.Pascal,IND,WR,1,4.1,6.1,4.1,6.1,2,41.0,0,22.0
2020,17,00-0035246,J.Arcega-Whiteside,PHI,WR,1,4.0,6.0,4.0,6.0,2,40.0,0,3.0
2020,17,00-0031428,A.Robinson,CHI,WR,1,3.7,5.7,3.7,5.7,2,37.0,0,8.0
2020,17,00-0035457,T.Johnson,LAC,WR,1,3.5,5.5,3.5,5.5,2,35.0,0,19.0
2020,17,00-0034983,H.Renfrow,LV,WR,1,2.4,5.4,2.4,5.4,3,24.0,0,17.0
2020,17,00-0033681,K.Cole,JAX,WR,1,2.3,5.3,2.3,5.3,3,23.0,0,5.0
2020,17,00-0035640,D.Metcalf,SEA,WR,1,2.1,5.1,2.1,5.1,3,21.0,0,7.0
2020,17,00-0036252,M.Pittman,IND,WR,1,3.0,5.0,3.0,5.0,2,28.0,0,14.0
2020,17,00-0033891,Z.Jones,LV,WR,1,3.7,4.7,3.7,4.7,1,37.0,0,4.0
2020,17,00-0034854,K.Hodge,CLE,WR,1,2.5,4.5,2.5,4.5,2,25.0,0,0.0
2020,17,00-0035140,M.Hardman,KC,WR,1,2.5,4.5,2.5,4.5,2,25.0,0,30.0
2020,17,00-0035535,D.Slayton,NYG,WR,1,2.2,4.2,2.2,4.2,2,22.0,0,6.0
2020,17,00-0034370,D.Hamilton,DEN,WR,1,1.8,3.8,1.8,3.8,2,18.0,0,8.0
2020,17,00-0034521,A.Lazard,GB,WR,1,1.7,3.7,1.7,3.7,2,17.0,0,15.0
2020,17,00-0034054,R.Cracraft,SF,WR,1,1.7,3.7,1.7,3.7,2,17.0,0,7.0
2020,17,00-0029632,M.Sanu,DET,WR,1,1.6,3.6,1.6,3.6,2,13.0,0,1.0
2020,17,00-0033840,C.Hansen,HOU,WR,1,1.6,3.6,1.6,3.6,2,16.0,0,4.0
2020,17,00-0032951,L.Treadwell,ATL,WR,1,1.5,3.5,1.5,3.5,2,15.0,0,4.0
2020,17,00-0035645,G.Olszewski,NE,WR,1,1.4,3.4,1.4,3.4,2,14.0,0,7.0
2020,17,00-0034928,S.Sims,WAS,WR,1,2.4,3.4,2.4,3.4,1,6.0,0,1.0
2020,17,00-0034353,A.Miller,CHI,WR,1,1.3,3.3,1.3,3.3,2,13.0,0,3.0
2020,17,00-0035287,K.Johnson,ARI,WR,1,1.3,3.3,1.3,3.3,2,13.0,0,13.0
2020,17,00-0034081,S.Mitchell,HOU,WR,1,2.0,3.0,2.0,3.0,1,20.0,0,2.0
2020,17,00-0035406,L.Humphrey,NO,WR,1,1.7,2.7,1.7,2.7,1,17.0,0,2.0
2020,17,00-0036427,T.Johnson,TB,WR,1,1.6,2.6,1.6,2.6,1,16.0,0,2.0
2020,17,00-0036255,D.Mims,NYJ,WR,1,1.5,2.5,1.5,2.5,1,15.0,0,1.0
2020,17,00-0035592,T.Fulgham,PHI,WR,1,1.5,2.5,1.5,2.5,1,15.0,0,0.0
2020,17,00-0036387,J.Reagor,PHI,WR,1,1.5,2.5,1.5,2.5,1,15.0,0,0.0
2020,17,00-0033733,G.Ward,PHI,WR,1,1.35,2.35,1.35,2.35,1,6.0,0,9.0
2020,17,00-0033009,T.Boyd,CIN,WR,1,1.2,2.2,1.2,2.2,1,1.0,0,2.0
2020,17,00-0036331,D.Duvernay,BAL,WR,1,2.2,2.2,2.2,2.2,0,0.0,0,0.0
2020,17,00-0035298,S.Miller,TB,WR,1,1.2,2.2,1.2,2.2,1,12.0,0,8.0
2020,17,00-0031868,D.Byrd,NE,WR,1,1.1,2.1,1.1,2.1,1,7.0,0,1.0
2020,17,00-0036233,D.Peoples-Jones,CLE,WR,1,1.1,2.1,1.1,2.1,1,11.0,0,6.0
2020,17,00-0031319,D.Spencer,DEN,WR,1,1.0,2.0,1.0,2.0,1,9.0,0,2.0
2020,17,00-0033474,G.Dieter,KC,WR,1,1.0,2.0,1.0,2.0,1,10.0,0,5.0
2020,17,00-0032543,A.Erickson,CIN,WR,1,1.0,2.0,1.0,2.0,1,8.0,0,3.0
2020,17,00-0035869,A.Mack,NYG,WR,1,0.9,1.9,0.9,1.9,1,9.0,0,7.0
2020,17,00-0033111,P.Cooper,CAR,WR,1,0.9,1.9,0.9,1.9,1,9.0,0,9.0
2020,17,00-0034407,R.McCloud,PIT,WR,1,-0.3,1.7,-0.3,1.7,2,-3.0,0,4.0
2020,17,00-0030525,T.Austin,GB,WR,1,0.7,1.7,0.7,1.7,1,7.0,0,11.0
2020,17,00-0036271,Q.Watkins,PHI,WR,1,0.6,1.6,0.6,1.6,1,6.0,0,2.0
2020,17,00-0026035,D.Amendola,DET,WR,1,0.6,1.6,0.6,1.6,1,6.0,0,1.0
2020,17,00-0033589,D.Moore,SEA,WR,1,0.5,1.5,0.5,1.5,1,5.0,0,9.0
2020,17,00-0033555,M.Hollins,MIA,WR,1,0.3,1.3,0.3,1.3,1,3.0,0,-1.0
2020,17,00-0034418,C.Wilson,DAL,WR,1,0.3,1.3,0.3,1.3,1,3.0,0,1.0
2020,17,00-0036398,J.Hightower,PHI,WR,1,0.1,0.1,0.1,0.1,0,0.0,0,0.0
2020,17,00-0036410,T.Higgins,CIN,WR,1,0.0,0.0,0.0,0.0,0,0.0,0,0.0
2020,17,00-0034631,V.Smith,NYJ,WR,1,0.0,0.0,0.0,0.0,0,0.0,0,0.0
2020,17,00-0034426,J.Wims,CHI,WR,1,0.0,0.0,0.0,0.0,0,0.0,0,0.0
2020,17,00-0034676,J.Washington,PIT,WR,1,0.0,0.0,0.0,0.0,0,0.0,0,0.0
2020,17,00-0036247,F.Swain,SEA,WR,1,0.0,0.0,0.0,0.0,0,0.0,0,0.0
2020,17,00-0034279,E.St. Brown,GB,WR,1,0.0,0.0,0.0,0.0,0,0.0,0,0.0
2020,17,00-0027942,A.Green,CIN,WR,1,0.0,0.0,0.0,0.0,0,0.0,0,0.0
2020,17,00-0036182,N.Westbrook-Ikhine,TEN,WR,1,0.0,0.0,0.0,0.0,0,0.0,0,0.0
2020,17,00-0035414,J.Guyton,LAC,WR,1,0.0,0.0,0.0,0.0,0,0.0,0,0.0
2020,17,00-0035021,A.Dulin,IND,WR,1,0.0,0.0,0.0,0.0,0,0.0,0,0.0
2020,17,00-0032881,T.Lewis,NO,WR,1,-0.2,-0.2,-0.2,-0.2,0,0.0,0,0.0
2020,16,00-0031381,D.Adams,GB,WR,1,32.2,43.2,32.2,43.2,11,142.0,3,51.0
2020,16,00-0031588,S.Diggs,BUF,WR,1,32.5,41.5,32.5,41.5,9,145.0,3,73.0
2020,16,00-0031408,M.Evans,TB,WR,1,30.1,40.1,30.1,40.1,10,181.0,2,42.0
2020,16,00-0034764,M.Gallup,DAL,WR,1,24.1,30.1,24.1,30.1,6,121.0,2,68.0
2020,16,00-0031941,J.Crowder,NYJ,WR,1,22.75,29.75,22.75,29.75,7,92.0,1,55.0
2020,16,00-0031236,B.Cooks,HOU,WR,1,20.1,27.1,20.1,27.1,7,141.0,1,37.0
2020,16,00-0031549,N.Agholor,LV,WR,1,21.5,26.5,21.5,26.5,5,155.0,1,60.0
2020,16,00-0033857,J.Smith-Schuster,PIT,WR,1,15.6,24.6,15.6,24.6,9,96.0,1,31.0
2020,16,00-0030035,A.Thielen,MIN,WR,1,15.7,23.7,15.7,23.7,8,97.0,1,47.0
2020,16,00-0036358,C.Lamb,DAL,WR,1,20.4,23.4,20.4,23.4,3,65.0,1,37.0
2020,16,00-0032385,S.Shepard,NYG,WR,1,13.7,22.7,13.7,22.7,9,77.0,1,44.0
2020,16,00-0036410,T.Higgins,CIN,WR,1,15.9,21.9,15.9,21.9,6,99.0,1,11.0
2020,16,00-0035216,D.Johnson,PIT,WR,1,13.6,21.6,13.6,21.6,8,74.0,1,14.0
2020,16,00-0033282,C.Samuel,CAR,WR,1,15.8,20.8,15.8,20.8,5,106.0,0,31.0
2020,16,00-0031428,A.Robinson,CHI,WR,1,10.3,20.3,10.3,20.3,10,103.0,0,37.0
2020,16,00-0033921,C.Godwin,TB,WR,1,14.4,19.4,14.4,19.4,5,84.0,1,16.0
2020,16,00-0034837,C.Ridley,ATL,WR,1,12.3,17.3,12.3,17.3,5,130.0,0,66.0
2020,16,00-0032688,R.Chosen,CAR,WR,1,9.9,16.9,9.9,16.9,7,39.0,1,15.0
2020,16,00-0034777,D.Chark,JAX,WR,1,12.2,16.2,12.2,16.2,4,62.0,1,0.0
2020,16,00-0031544,A.Cooper,DAL,WR,1,12.1,16.1,12.1,16.1,4,121.0,0,70.0
2020,16,00-0036268,L.Shenault,JAX,WR,1,10.8,15.8,10.8,15.8,5,48.0,1,20.0
2020,16,00-0033251,Z.Pascal,IND,WR,1,12.4,15.4,12.4,15.4,3,64.0,1,18.0
2020,16,00-0026189,D.Jackson,PHI,WR,1,14.1,15.1,14.1,15.1,1,81.0,1,40.0
2020,16,00-0034419,B.Berrios,NYJ,WR,1,12.0,15.0,12.0,15.0,3,60.0,1,34.0
2020,16,00-0032543,A.Erickson,CIN,WR,1,8.8,14.8,8.8,14.8,6,88.0,0,34.0
2020,16,00-0033908,C.Kupp,LA,WR,1,6.6,14.6,6.6,14.6,8,66.0,0,21.0
2020,16,00-0034775,C.Kirk,ARI,WR,1,7.6,14.6,7.6,14.6,7,76.0,0,22.0
2020,16,00-0036322,J.Jefferson,MIN,WR,1,8.5,14.5,8.5,14.5,6,85.0,0,50.0
2020,16,00-0027793,A.Brown,TB,WR,1,9.5,13.5,9.5,13.5,4,35.0,1,13.0
2020,16,00-0027685,E.Sanders,NO,WR,1,9.5,13.5,9.5,13.5,4,83.0,0,23.0
2020,16,00-0033943,J.Reynolds,LA,WR,1,7.0,13.0,7.0,13.0,6,65.0,0,27.0
2020,16,00-0030564,D.Hopkins,ARI,WR,1,4.8,12.8,4.8,12.8,8,48.0,0,20.0
2020,16,00-0034370,D.Hamilton,DEN,WR,1,7.7,12.7,7.7,12.7,5,77.0,0,12.0
2020,16,00-0035662,M.Brown,BAL,WR,1,8.5,12.5,8.5,12.5,4,25.0,1,5.0
2020,16,00-0036407,J.Jeudy,DEN,WR,1,6.1,12.1,6.1,12.1,6,61.0,0,28.0
2020,16,00-0035640,D.Metcalf,SEA,WR,1,5.9,11.9,5.9,11.9,6,59.0,0,27.0
2020,16,00-0036110,J.Bradley,CLE,WR,1,6.0,11.0,6.0,11.0,5,60.0,0,11.0
2020,16,00-0032775,D.Robinson,KC,WR,1,8.9,10.9,8.9,10.9,2,29.0,1,0.0
2020,16,00-0033040,T.Hill,KC,WR,1,6.5,10.5,6.5,10.5,4,65.0,0,54.0
2020,16,00-0034366,K.Coutee,HOU,WR,1,5.4,10.4,5.4,10.4,5,54.0,0,18.0
2020,16,00-0027942,A.Green,CIN,WR,1,6.4,10.4,6.4,10.4,4,64.0,0,9.0
2020,16,00-0033536,M.Williams,LAC,WR,1,5.4,9.4,5.4,9.4,4,54.0,0,20.0
2020,16,00-0036326,C.Claypool,PIT,WR,1,5.4,9.4,5.4,9.4,4,54.0,0,15.0
2020,16,00-0032791,J.Grant,MIA,WR,1,4.3,9.3,4.3,9.3,5,43.0,0,20.0
2020,16,00-0034104,C.Sims,WAS,WR,1,6.3,9.3,6.3,9.3,3,63.0,0,43.0
2020,16,00-0034928,S.Sims,WAS,WR,1,5.2,9.2,5.2,9.2,4,52.0,0,16.0
2020,16,00-0032951,L.Treadwell,ATL,WR,1,7.1,9.1,7.1,9.1,2,11.0,1,1.0
2020,16,00-0034279,E.St. Brown,GB,WR,1,8.1,9.1,8.1,9.1,1,21.0,1,0.0
2020,16,00-0029608,T.Hilton,IND,WR,1,6.0,9.0,6.0,9.0,3,60.0,0,24.0
2020,16,00-0030431,R.Woods,LA,WR,1,4.9,8.9,4.9,8.9,4,48.0,0,6.0
2020,16,00-0022921,L.Fitzgerald,ARI,WR,1,2.8,8.8,2.8,8.8,6,28.0,0,12.0
2020,16,00-0034827,D.Moore,CAR,WR,1,3.7,8.7,3.7,8.7,5,37.0,0,4.0
2020,16,00-0026035,D.Amendola,DET,WR,1,3.7,8.7,3.7,8.7,5,37.0,0,28.0
2020,16,00-0034960,J.Meyers,NE,WR,1,4.5,8.5,4.5,8.5,4,45.0,0,21.0
2020,16,00-0034983,H.Renfrow,LV,WR,1,3.4,8.4,3.4,8.4,5,34.0,0,30.0
2020,16,00-0035676,A.Brown,TEN,WR,1,4.3,8.3,4.3,8.3,4,43.0,0,12.0
2020,16,00-0036309,D.Mooney,CHI,WR,1,4.1,8.1,4.1,8.1,4,39.0,0,40.0
2020,16,00-0027902,D.Bryant,BAL,WR,1,6.8,7.8,6.8,7.8,1,8.0,1,0.0
2020,16,00-0036271,Q.Watkins,PHI,WR,1,5.7,7.7,5.7,7.7,2,57.0,0,2.0
2020,16,00-0033471,I.Ford,MIA,WR,1,3.7,7.7,3.7,7.7,4,37.0,0,6.0
2020,16,00-0032211,T.Lockett,SEA,WR,1,4.4,7.4,4.4,7.4,3,44.0,0,10.0
2020,16,00-0035140,M.Hardman,KC,WR,1,4.4,7.4,4.4,7.4,3,24.0,0,8.0
2020,16,00-0035414,J.Guyton,LAC,WR,1,4.3,7.3,4.3,7.3,3,43.0,0,16.0
2020,16,00-0033466,I.McKenzie,BUF,WR,1,3.1,7.1,3.1,7.1,4,26.0,0,24.0
2020,16,00-0035287,K.Johnson,ARI,WR,1,5.0,7.0,5.0,7.0,2,50.0,0,8.0
2020,16,00-0033375,T.Patrick,DEN,WR,1,3.9,6.9,3.9,6.9,3,39.0,0,17.0
2020,16,00-0036252,M.Pittman,IND,WR,1,3.8,6.8,3.8,6.8,3,38.0,0,28.0
2020,16,00-0036196,G.Davis,BUF,WR,1,3.3,6.3,3.3,6.3,3,33.0,0,4.0
2020,16,00-0034411,R.Gage,ATL,WR,1,2.3,6.3,2.3,6.3,4,23.0,0,16.0
2020,16,00-0033555,M.Hollins,MIA,WR,1,4.2,6.2,4.2,6.2,2,42.0,0,4.0
2020,16,00-0036387,J.Reagor,PHI,WR,1,3.0,6.0,3.0,6.0,3,30.0,0,24.0
2020,16,00-0032128,C.Conley,JAX,WR,1,2.7,5.7,2.7,5.7,3,27.0,0,8.0
2020,16,00-0036219,M.Callaway,NO,WR,1,2.6,5.6,2.6,5.6,3,26.0,0,2.0
2020,16,00-0035457,T.Johnson,LAC,WR,1,2.6,5.6,2.6,5.6,3,26.0,0,6.0
2020,16,00-0033681,K.Cole,JAX,WR,1,2.6,5.6,2.6,5.6,3,26.0,0,3.0
2020,16,00-0033589,D.Moore,SEA,WR,1,4.5,5.5,4.5,5.5,1,45.0,0,0.0
2020,16,00-0034860,D.Pettis,NYG,WR,1,3.3,5.3,3.3,5.3,2,33.0,0,1.0
2020,16,00-0029293,M.Jones,DET,WR,1,1.9,4.9,1.9,4.9,3,19.0,0,6.0
2020,16,00-0033733,G.Ward,PHI,WR,1,2.7,4.7,2.7,4.7,2,27.0,0,2.0
2020,16,00-0035592,T.Fulgham,PHI,WR,1,2.7,4.7,2.7,4.7,2,27.0,0,2.0
2020,16,00-0029000,C.Beasley,BUF,WR,1,1.7,4.7,1.7,4.7,3,17.0,0,3.0
2020,16,00-0035535,D.Slayton,NYG,WR,1,2.6,4.6,2.6,4.6,2,26.0,0,5.0
2020,16,00-0036427,T.Johnson,TB,WR,1,3.5,4.5,3.5,4.5,1,35.0,0,36.0
2020,16,00-0030663,W.Snead,BAL,WR,1,2.4,4.4,2.4,4.4,2,24.0,0,7.0
2020,16,00-0029632,M.Sanu,DET,WR,1,2.2,4.2,2.2,4.2,2,22.0,0,3.0
2020,16,00-0036261,B.Aiyuk,SF,WR,1,3.1,4.1,3.1,4.1,1,15.0,0,0.0
2020,16,00-0034676,J.Washington,PIT,WR,1,2.0,4.0,2.0,4.0,2,20.0,0,0.0
2020,16,00-0034510,R.Foster,WAS,WR,1,2.8,3.8,2.8,3.8,1,28.0,0,25.0
2020,16,00-0036364,L.Bowden,MIA,WR,1,1.6,3.6,1.6,3.6,2,8.0,0,8.0
2020,16,00-0034521,A.Lazard,GB,WR,1,1.4,3.4,1.4,3.4,2,14.0,0,6.0
2020,16,00-0029137,A.Jeffery,PHI,WR,1,2.2,3.2,2.2,3.2,1,22.0,0,3.0
2020,16,00-0027691,A.Roberts,BUF,WR,1,1.2,3.2,1.2,3.2,2,12.0,0,5.0
2020,16,00-0034353,A.Miller,CHI,WR,1,1.0,3.0,1.0,3.0,2,10.0,0,6.0
2020,16,00-0036182,N.Westbrook-Ikhine,TEN,WR,1,1.9,2.9,1.9,2.9,1,19.0,0,1.0
2020,16,00-0031319,D.Spencer,DEN,WR,1,1.9,2.9,1.9,2.9,1,10.0,0,10.0
2020,16,00-0033367,C.Board,NYG,WR,1,1.6,2.6,1.6,2.6,1,16.0,0,10.0
2020,16,00-0033307,K.Bourne,SF,WR,1,1.6,2.6,1.6,2.6,1,16.0,0,3.0
2020,16,00-0030525,T.Austin,GB,WR,1,0.5,2.5,0.5,2.5,2,5.0,0,14.0
2020,16,00-0035703,M.Boykin,BAL,WR,1,1.3,2.3,1.3,2.3,1,13.0,0,3.0
2020,16,00-0035006,O.Johnson,MIN,WR,1,1.3,2.3,1.3,2.3,1,13.0,0,12.0
2020,16,00-0033094,M.Hall,CLE,WR,1,1.2,2.2,1.2,2.2,1,12.0,0,0.0
2020,16,00-0034652,C.Batson,TEN,WR,1,1.2,2.2,1.2,2.2,1,12.0,0,7.0
2020,16,00-0036365,B.Edwards,LV,WR,1,1.1,2.1,1.1,2.1,1,11.0,0,18.0
2020,16,00-0036277,Q.Cephus,DET,WR,1,0.9,1.9,0.9,1.9,1,9.0,0,5.0
2020,16,00-0033840,C.Hansen,HOU,WR,1,0.8,1.8,0.8,1.8,1,8.0,0,-3.0
2020,16,00-0031868,D.Byrd,NE,WR,1,0.7,1.7,0.7,1.7,1,7.0,0,9.0
2020,16,00-0035298,S.Miller,TB,WR,1,0.7,1.7,0.7,1.7,1,7.0,0,1.0
2020,16,00-0036331,D.Duvernay,BAL,WR,1,0.7,1.7,0.7,1.7,1,0.0,0,4.0
2020,16,00-0035341,T.Irwin,CIN,WR,1,0.5,1.5,0.5,1.5,1,5.0,0,1.0
2020,16,00-0031325,S.Watkins,KC,WR,1,-0.6,1.4,-0.6,1.4,2,14.0,0,6.0
2020,16,00-0034646,B.Powell,ATL,WR,1,0.2,1.2,0.2,1.2,1,2.0,0,1.0
2020,16,00-0034081,S.Mitchell,HOU,WR,1,0.2,1.2,0.2,1.2,1,2.0,0,0.0
2020,16,00-0035021,A.Dulin,IND,WR,1,0.8,0.8,0.8,0.8,0,0.0,0,0.0
2020,16,00-0036357,H.Ruggs,LV,WR,1,0.7,0.7,0.7,0.7,0,0.0,0,0.0
2020,16,00-0032054,B.Perriman,NYJ,WR,1,0.6,0.6,0.6,0.6,0,0.0,0,0.0
2020,16,00-0036412,K.Hamler,DEN,WR,1,0.3,0.3,0.3,0.3,0,0.0,0,0.0
2020,16,00-0032200,T.Montgomery,NO,WR,1,0.0,0.0,0.0,0.0,0,0.0,0,0.0
2020,16,00-0034286,R.James,SF,WR,1,0.0,0.0,0.0,0.0,0,0.0,0,0.0
2020,16,00-0036255,D.Mims,NYJ,WR,1,0.0,0.0,0.0,0.0,0,0.0,0,0.0
2020,16,00-0033382,A.Carr,NO,WR,1,0.0,0.0,0.0,0.0,0,0.0,0,0.0
2020,16,00-0036142,I.Wright,WAS,WR,1,0.0,0.0,0.0,0.0,0,0.0,0,0.0
2020,16,00-0034052,B.Zylstra,CAR,WR,1,0.0,0.0,0.0,0.0,0,0.0,0,0.0
2020,16,00-0036340,A.Gandy-Golden,WAS,WR,1,0.0,0.0,0.0,0.0,0,0.0,0,0.0
2020,16,00-0035869,A.Mack,NYG,WR,1,0.0,0.0,0.0,0.0,0,0.0,0,0.0
2020,16,00-0032464,K.Raymond,TEN,WR,1,0.0,0.0,0.0,0.0,0,0.0,0,0.0
2020,16,00-0033871,C.Davis,TEN,WR,1,0.0,0.0,0.0,0.0,0,0.0,0,0.0
2020,16,00-0033111,P.Cooper,CAR,WR,1,0.0,0.0,0.0,0.0,0,0.0,0,0.0
2020,16,00-0036415,V.Jefferson,LA,WR,1,0.0,0.0,0.0,0.0,0,0.0,0,0.0
2020,16,00-0033114,M.Thomas,CIN,WR,1,0.0,0.0,0.0,0.0,0,0.0,0,0.0
2020,16,00-0033572,J.Agnew,DET,WR,1,0.0,0.0,0.0,0.0,0,0.0,0,0.0
2020,15,00-0034837,C.Ridley,ATL,WR,1,22.3,32.3,22.3,32.3,10,163.0,1,28.0
2020,15,00-0030564,D.Hopkins,ARI,WR,1,23.0,32.0,23.0,32.0,9,169.0,1,47.0
2020,15,00-0029293,M.Jones,DET,WR,1,17.2,27.2,17.2,27.2,10,112.0,1,20.0
2020,15,00-0031588,S.Diggs,BUF,WR,1,14.7,25.7,14.7,25.7,11,147.0,0,20.0
2020,15,00-0033251,Z.Pascal,IND,WR,1,19.9,24.9,19.9,24.9,5,79.0,2,19.0
2020,15,00-0036261,B.Aiyuk,SF,WR,1,13.3,22.3,13.3,22.3,9,73.0,1,25.0
2020,15,00-0030431,R.Woods,LA,WR,1,15.6,21.6,15.6,21.6,6,56.0,1,12.0
2020,15,00-0033871,C.Davis,TEN,WR,1,17.0,21.0,17.0,21.0,4,110.0,1,40.0
2020,15,00-0027793,A.Brown,TB,WR,1,15.3,20.3,15.3,20.3,5,93.0,1,37.0
2020,15,00-0035216,D.Johnson,PIT,WR,1,11.9,19.9,11.9,19.9,8,59.0,1,4.0
2020,15,00-0034827,D.Moore,CAR,WR,1,13.2,19.2,13.2,19.2,6,131.0,0,68.0
2020,15,00-0029000,C.Beasley,BUF,WR,1,11.2,19.2,11.2,19.2,8,112.0,0,50.0
2020,15,00-0031382,J.Landry,CLE,WR,1,12.1,19.1,12.1,19.1,7,61.0,1,27.0
2020,15,00-0033307,K.Bourne,SF,WR,1,14.6,18.6,14.6,18.6,4,86.0,1,24.0
2020,15,00-0036322,J.Jefferson,MIN,WR,1,10.4,18.4,10.4,18.4,8,104.0,0,25.0
2020,15,00-0034960,J.Meyers,NE,WR,1,11.1,18.1,11.1,18.1,7,111.0,0,42.0
2020,15,00-0034411,R.Gage,ATL,WR,1,12.8,17.8,12.8,17.8,5,68.0,1,19.0
2020,15,00-0033733,G.Ward,PHI,WR,1,13.5,17.5,13.5,17.5,4,15.0,2,2.0
2020,15,00-0033040,T.Hill,KC,WR,1,11.4,17.4,11.4,17.4,6,53.0,1,12.0
2020,15,00-0031408,M.Evans,TB,WR,1,11.0,17.0,11.0,17.0,6,110.0,0,45.0
2020,15,00-0036309,D.Mooney,CHI,WR,1,12.5,16.5,12.5,16.5,4,49.0,1,29.0
2020,15,00-0034366,K.Coutee,HOU,WR,1,11.3,16.3,11.3,16.3,5,53.0,1,20.0
2020,15,00-0035662,M.Brown,BAL,WR,1,9.8,15.8,9.8,15.8,6,98.0,0,41.0
2020,15,00-0035676,A.Brown,TEN,WR,1,10.4,15.4,10.4,15.4,5,44.0,1,17.0
2020,15,00-0035457,T.Johnson,LAC,WR,1,12.1,15.1,12.1,15.1,3,61.0,1,6.0
2020,15,00-0035659,T.McLaurin,WAS,WR,1,7.7,14.7,7.7,14.7,7,77.0,0,24.0
2020,15,00-0033921,C.Godwin,TB,WR,1,9.6,13.6,9.6,13.6,4,36.0,1,18.0
2020,15,00-0035414,J.Guyton,LAC,WR,1,9.5,13.5,9.5,13.5,4,91.0,0,14.0
2020,15,00-0036358,C.Lamb,DAL,WR,1,8.5,13.5,8.5,13.5,5,85.0,0,29.0
2020,15,00-0033840,C.Hansen,HOU,WR,1,11.5,13.5,11.5,13.5,2,55.0,1,17.0
2020,15,00-0036271,Q.Watkins,PHI,WR,1,10.0,13.0,10.0,13.0,3,40.0,1,46.0
2020,15,00-0031941,J.Crowder,NYJ,WR,1,6.6,12.6,6.6,12.6,6,66.0,0,37.0
2020,15,00-0022921,L.Fitzgerald,ARI,WR,1,9.5,12.5,9.5,12.5,3,35.0,1,2.0
2020,15,00-0031428,A.Robinson,CHI,WR,1,8.3,12.3,8.3,12.3,4,83.0,0,21.0
2020,15,00-0031236,B.Cooks,HOU,WR,1,5.9,11.9,5.9,11.9,6,59.0,0,6.0
2020,15,00-0027685,E.Sanders,NO,WR,1,7.6,11.6,7.6,11.6,4,76.0,0,29.0
2020,15,00-0032977,R.Higgins,CLE,WR,1,7.6,11.6,7.6,11.6,4,76.0,0,6.0
2020,15,00-0034764,M.Gallup,DAL,WR,1,8.6,11.6,8.6,11.6,3,26.0,1,5.0
2020,15,00-0035535,D.Slayton,NYG,WR,1,7.4,11.4,7.4,11.4,4,74.0,0,17.0
2020,15,00-0031381,D.Adams,GB,WR,1,4.2,11.2,4.2,11.2,7,42.0,0,28.0
2020,15,00-0029608,T.Hilton,IND,WR,1,7.1,11.1,7.1,11.1,4,71.0,0,18.0
2020,15,00-0035406,L.Humphrey,NO,WR,1,8.9,10.9,8.9,10.9,2,29.0,1,8.0
2020,15,00-0035140,M.Hardman,KC,WR,1,7.7,10.7,7.7,10.7,3,22.0,1,6.0
2020,15,00-0036364,L.Bowden,MIA,WR,1,4.6,10.6,4.6,10.6,6,37.0,0,26.0
2020,15,00-0034521,A.Lazard,GB,WR,1,5.6,10.6,5.6,10.6,5,56.0,0,38.0
2020,15,00-0031325,S.Watkins,KC,WR,1,6.0,10.0,6.0,10.0,4,60.0,0,24.0
2020,15,00-0034286,R.James,SF,WR,1,5.6,9.6,5.6,9.6,4,56.0,0,6.0
2020,15,00-0036268,L.Shenault,JAX,WR,1,4.4,9.4,4.4,9.4,5,43.0,0,35.0
2020,15,00-0035640,D.Metcalf,SEA,WR,1,4.3,9.3,4.3,9.3,5,43.0,0,13.0
2020,15,00-0034777,D.Chark,JAX,WR,1,5.3,9.3,5.3,9.3,4,53.0,0,4.0
2020,15,00-0031787,J.Kumerow,BUF,WR,1,8.2,9.2,8.2,9.2,1,22.0,1,0.0
2020,15,00-0030035,A.Thielen,MIN,WR,1,7.1,9.1,7.1,9.1,2,11.0,1,0.0
2020,15,00-0031549,N.Agholor,LV,WR,1,4.9,8.9,4.9,8.9,4,49.0,0,20.0
2020,15,00-0033908,C.Kupp,LA,WR,1,3.9,8.9,3.9,8.9,5,39.0,0,22.0
2020,15,00-0036387,J.Reagor,PHI,WR,1,3.9,8.9,3.9,8.9,5,49.0,0,26.0
2020,15,00-0032385,S.Shepard,NYG,WR,1,4.8,8.8,4.8,8.8,4,51.0,0,25.0
2020,15,00-0033282,C.Samuel,CAR,WR,1,4.8,8.8,4.8,8.8,4,42.0,0,16.0
2020,15,00-0036233,D.Peoples-Jones,CLE,WR,1,5.5,8.5,5.5,8.5,3,55.0,0,16.0
2020,15,00-0029137,A.Jeffery,PHI,WR,1,6.3,8.3,6.3,8.3,2,63.0,0,22.0
2020,15,00-0032128,C.Conley,JAX,WR,1,7.3,8.3,7.3,8.3,1,13.0,1,0.0
2020,15,00-0027902,D.Bryant,BAL,WR,1,7.1,8.1,7.1,8.1,1,11.0,1,0.0
2020,15,00-0036326,C.Claypool,PIT,WR,1,4.8,7.8,4.8,7.8,3,54.0,0,43.0
2020,15,00-0029632,M.Sanu,DET,WR,1,3.8,7.8,3.8,7.8,4,38.0,0,8.0
2020,15,00-0034104,C.Sims,WAS,WR,1,2.6,7.6,2.6,7.6,5,26.0,0,4.0
2020,15,00-0032211,T.Lockett,SEA,WR,1,3.4,7.4,3.4,7.4,4,34.0,0,8.0
2020,15,00-0035703,M.Boykin,BAL,WR,1,6.4,7.4,6.4,7.4,1,4.0,1,0.0
2020,15,00-0036382,K.Hill,LAC,WR,1,3.9,6.9,3.9,6.9,3,39.0,0,14.0
2020,15,00-0034775,C.Kirk,ARI,WR,1,3.3,6.3,3.3,6.3,3,33.0,0,17.0
2020,15,00-0036410,T.Higgins,CIN,WR,1,3.1,6.1,3.1,6.1,3,31.0,0,10.0
2020,15,00-0027942,A.Green,CIN,WR,1,4.0,6.0,4.0,6.0,2,40.0,0,5.0
2020,15,00-0035287,K.Johnson,ARI,WR,1,3.8,5.8,3.8,5.8,2,38.0,0,2.0
2020,15,00-0031868,D.Byrd,NE,WR,1,2.4,5.4,2.4,5.4,3,24.0,0,6.0
2020,15,00-0026035,D.Amendola,DET,WR,1,2.0,5.0,2.0,5.0,3,20.0,0,6.0
2020,15,00-0035298,S.Miller,TB,WR,1,2.0,5.0,2.0,5.0,3,20.0,0,11.0
2020,15,00-0035592,T.Fulgham,PHI,WR,1,3.0,5.0,3.0,5.0,2,30.0,0,0.0
2020,15,00-0033471,I.Ford,MIA,WR,1,1.8,4.8,1.8,4.8,3,18.0,0,5.0
2020,15,00-0036255,D.Mims,NYJ,WR,1,1.8,4.8,1.8,4.8,3,18.0,0,3.0
2020,15,00-0032775,D.Robinson,KC,WR,1,2.7,4.7,2.7,4.7,2,27.0,0,15.0
2020,15,00-0036277,Q.Cephus,DET,WR,1,3.6,4.6,3.6,4.6,1,36.0,0,10.0
2020,15,00-0033857,J.Smith-Schuster,PIT,WR,1,1.5,4.5,1.5,4.5,3,15.0,0,10.0
2020,15,00-0033375,T.Patrick,DEN,WR,1,1.4,4.4,1.4,4.4,3,14.0,0,6.0
2020,15,00-0033536,M.Williams,LAC,WR,1,2.2,4.2,2.2,4.2,2,22.0,0,2.0
2020,15,00-0033681,K.Cole,JAX,WR,1,2.2,4.2,2.2,4.2,2,22.0,0,8.0
2020,15,00-0034309,C.Beebe,MIN,WR,1,2.1,4.1,2.1,4.1,2,21.0,0,7.0
2020,15,00-0032688,R.Chosen,CAR,WR,1,2.0,4.0,2.0,4.0,2,21.0,0,12.0
2020,15,00-0036252,M.Pittman,IND,WR,1,1.9,3.9,1.9,3.9,2,19.0,0,9.0
2020,15,00-0033555,M.Hollins,MIA,WR,1,1.8,3.8,1.8,3.8,2,18.0,0,3.0
2020,15,00-0036196,G.Davis,BUF,WR,1,1.8,3.8,1.8,3.8,2,18.0,0,7.0
2020,15,00-0033589,D.Moore,SEA,WR,1,1.5,3.5,1.5,3.5,2,10.0,0,12.0
2020,15,00-0034765,T.Smith,NO,WR,1,2.5,3.5,2.5,3.5,1,25.0,0,8.0
2020,15,00-0036142,I.Wright,WAS,WR,1,1.5,3.5,1.5,3.5,2,15.0,0,6.0
2020,15,00-0027891,G.Tate,NYG,WR,1,1.3,3.3,1.3,3.3,2,13.0,0,1.0
2020,15,00-0032054,B.Perriman,NYJ,WR,1,2.1,3.1,2.1,3.1,1,21.0,0,4.0
2020,15,00-0034054,R.Cracraft,SF,WR,1,1.1,3.1,1.1,3.1,2,11.0,0,4.0
2020,15,00-0033572,J.Agnew,DET,WR,1,2.0,3.0,2.0,3.0,1,13.0,0,13.0
2020,15,00-0034419,B.Berrios,NYJ,WR,1,0.9,2.9,0.9,2.9,2,9.0,0,9.0
2020,15,00-0033943,J.Reynolds,LA,WR,1,0.9,2.9,0.9,2.9,2,9.0,0,5.0
2020,15,00-0036407,J.Jeudy,DEN,WR,1,1.9,2.9,1.9,2.9,1,19.0,0,0.0
2020,15,00-0033591,N.Brown,DAL,WR,1,1.7,2.7,1.7,2.7,1,13.0,0,5.0
2020,15,00-0030279,K.Allen,LAC,WR,1,1.6,2.6,1.6,2.6,1,17.0,0,11.0
2020,15,00-0034646,B.Powell,ATL,WR,1,0.5,2.5,0.5,2.5,2,5.0,0,1.0
2020,15,00-0032951,L.Treadwell,ATL,WR,1,1.4,2.4,1.4,2.4,1,14.0,0,3.0
2020,15,00-0034353,A.Miller,CHI,WR,1,1.3,2.3,1.3,2.3,1,13.0,0,2.0
2020,15,00-0031544,A.Cooper,DAL,WR,1,0.3,2.3,0.3,2.3,2,10.0,0,9.0
2020,15,00-0034928,S.Sims,WAS,WR,1,1.1,2.1,1.1,2.1,1,11.0,0,6.0
2020,15,00-0033891,Z.Jones,LV,WR,1,0.9,1.9,0.9,1.9,1,9.0,0,0.0
2020,15,00-0034510,R.Foster,WAS,WR,1,0.9,1.9,0.9,1.9,1,9.0,0,7.0
2020,15,00-0036254,C.Johnson,JAX,WR,1,0.8,1.8,0.8,1.8,1,8.0,0,0.0
2020,15,00-0033466,I.McKenzie,BUF,WR,1,0.8,1.8,0.8,1.8,1,8.0,0,9.0
2020,15,00-0036412,K.Hamler,DEN,WR,1,0.4,1.4,0.4,1.4,1,4.0,0,1.0
2020,15,00-0034983,H.Renfrow,LV,WR,1,0.4,1.4,0.4,1.4,1,4.0,0,0.0
2020,15,00-0036247,F.Swain,SEA,WR,1,0.3,1.3,0.3,1.3,1,3.0,0,5.0
2020,15,00-0034132,C.Blake,ATL,WR,1,-0.1,0.9,-0.1,0.9,1,-1.0,0,0.0
2020,15,00-0034407,R.McCloud,PIT,WR,1,-0.2,0.8,-0.2,0.8,1,-2.0,0,1.0
2020,15,00-0034418,C.Wilson,DAL,WR,1,0.6,0.6,0.6,0.6,0,0.0,0,0.0
2020,15,00-0034052,B.Zylstra,CAR,WR,1,0.1,0.1,0.1,0.1,0,0.0,0,0.0
2020,15,00-0032881,T.Lewis,NO,WR,1,0.0,0.0,0.0,0.0,0,0.0,0,0.0
2020,15,00-0030663,W.Snead,BAL,WR,1,0.0,0.0,0.0,0.0,0,0.0,0,0.0
2020,15,00-0034652,C.Batson,TEN,WR,1,0.0,0.0,0.0,0.0,0,0.0,0,0.0
2020,15,00-0033111,P.Cooper,CAR,WR,1,0.0,0.0,0.0,0.0,0,0.0,0,0.0
2020,15,00-0036427,T.Johnson,TB,WR,1,0.0,0.0,0.0,0.0,0,0.0,0,0.0
2020,15,00-0036415,V.Jefferson,LA,WR,1,0.0,0.0,0.0,0.0,0,0.0,0,0.0
2020,15,00-0034676,J.Washington,PIT,WR,1,0.0,0.0,0.0,0.0,0,0.0,0,0.0
2020,15,00-0034426,J.Wims,CHI,WR,1,0.0,0.0,0.0,0.0,0,0.0,0,0.0
2020,15,00-0032543,A.Erickson,CIN,WR,1,0.0,0.0,0.0,0.0,0,0.0,0,0.0
2020,15,00-0034272,M.Valdes-Scantling,GB,WR,1,0.0,0.0,0.0,0.0,0,0.0,0,0.0
2020,15,00-0033009,T.Boyd,CIN,WR,1,0.0,0.0,0.0,0.0,0,0.0,0,0.0
2020,14,00-0031588,S.Diggs,BUF,WR,1,19.1,29.1,19.1,29.1,10,130.0,1,66.0
2020,14,00-0031428,A.Robinson,CHI,WR,1,18.3,27.3,18.3,27.3,9,123.0,1,47.0
2020,14,00-0034837,C.Ridley,ATL,WR,1,18.4,26.4,18.4,26.4,8,124.0,1,23.0
2020,14,00-0033040,T.Hill,KC,WR,1,23.1,26.1,23.1,26.1,3,79.0,1,22.0
2020,14,00-0029608,T.Hilton,IND,WR,1,20.6,25.6,20.6,25.6,5,86.0,2,6.0
2020,14,00-0031381,D.Adams,GB,WR,1,17.5,24.5,17.5,24.5,7,115.0,1,88.0
2020,14,00-0035676,A.Brown,TEN,WR,1,17.2,24.2,17.2,24.2,7,112.0,1,20.0
2020,14,00-0036412,K.Hamler,DEN,WR,1,20.6,22.6,20.6,22.6,2,86.0,2,13.0
2020,14,00-0030564,D.Hopkins,ARI,WR,1,13.6,22.6,13.6,22.6,9,136.0,0,59.0
2020,14,00-0036261,B.Aiyuk,SF,WR,1,11.9,21.9,11.9,21.9,10,119.0,0,67.0
2020,14,00-0031549,N.Agholor,LV,WR,1,16.0,21.0,16.0,21.0,5,100.0,1,20.0
2020,14,00-0034272,M.Valdes-Scantling,GB,WR,1,14.5,20.5,14.5,20.5,6,85.0,1,31.0
2020,14,00-0030279,K.Allen,LAC,WR,1,11.2,20.2,11.2,20.2,9,52.0,1,2.0
2020,14,00-0033681,K.Cole,JAX,WR,1,12.7,19.7,12.7,19.7,7,67.0,1,18.0
2020,14,00-0034411,R.Gage,ATL,WR,1,14.15,19.15,14.15,19.15,5,82.0,0,45.0
2020,14,00-0032977,R.Higgins,CLE,WR,1,12.8,18.8,12.8,18.8,6,68.0,1,5.0
2020,14,00-0027942,A.Green,CIN,WR,1,12.2,18.2,12.2,18.2,6,62.0,1,6.0
2020,14,00-0035640,D.Metcalf,SEA,WR,1,12.1,18.1,12.1,18.1,6,61.0,1,16.0
2020,14,00-0032688,R.Chosen,CAR,WR,1,9.7,17.7,9.7,17.7,8,84.0,0,60.0
2020,14,00-0033857,J.Smith-Schuster,PIT,WR,1,11.5,17.5,11.5,17.5,6,55.0,1,28.0
2020,14,00-0035457,T.Johnson,LAC,WR,1,11.5,17.5,11.5,17.5,6,55.0,1,7.0
2020,14,00-0032765,M.Thomas,NO,WR,1,8.4,16.4,8.4,16.4,8,84.0,0,16.0
2020,14,00-0033282,C.Samuel,CAR,WR,1,9.0,16.0,9.0,16.0,7,68.0,0,18.0
2020,14,00-0036364,L.Bowden,MIA,WR,1,8.4,15.4,8.4,15.4,7,82.0,0,26.0
2020,14,00-0031544,A.Cooper,DAL,WR,1,11.1,15.1,11.1,15.1,4,51.0,1,20.0
2020,14,00-0033908,C.Kupp,LA,WR,1,9.3,14.3,9.3,14.3,5,33.0,1,3.0
2020,14,00-0027685,E.Sanders,NO,WR,1,10.8,13.8,10.8,13.8,3,48.0,1,5.0
2020,14,00-0035662,M.Brown,BAL,WR,1,11.0,13.0,11.0,13.0,2,50.0,1,24.0
2020,14,00-0033840,C.Hansen,HOU,WR,1,5.6,12.6,5.6,12.6,7,56.0,0,8.0
2020,14,00-0033375,T.Patrick,DEN,WR,1,9.6,12.6,9.6,12.6,3,36.0,1,21.0
2020,14,00-0026035,D.Amendola,DET,WR,1,6.6,12.6,6.6,12.6,6,66.0,0,38.0
2020,14,00-0033589,D.Moore,SEA,WR,1,8.9,11.9,8.9,11.9,3,20.0,1,10.0
2020,14,00-0034676,J.Washington,PIT,WR,1,8.9,11.9,8.9,11.9,3,29.0,1,4.0
2020,14,00-0031382,J.Landry,CLE,WR,1,5.8,11.8,5.8,11.8,6,52.0,0,28.0
2020,14,00-0035298,S.Miller,TB,WR,1,10.8,11.8,10.8,11.8,1,48.0,1,0.0
2020,14,00-0033555,M.Hollins,MIA,WR,1,6.6,11.6,6.6,11.6,5,66.0,0,10.0
2020,14,00-0034366,K.Coutee,HOU,WR,1,8.4,11.4,8.4,11.4,3,24.0,1,19.0
2020,14,00-0036268,L.Shenault,JAX,WR,1,5.1,11.1,5.1,11.1,6,49.0,0,16.0
2020,14,00-0036196,G.Davis,BUF,WR,1,7.9,10.9,7.9,10.9,3,19.0,1,3.0
2020,14,00-0036309,D.Mooney,CHI,WR,1,8.7,10.7,8.7,10.7,2,22.0,1,27.0
2020,14,00-0036233,D.Peoples-Jones,CLE,WR,1,7.4,10.4,7.4,10.4,3,74.0,0,8.0
2020,14,00-0032211,T.Lockett,SEA,WR,1,5.2,10.2,5.2,10.2,5,52.0,0,25.0
2020,14,00-0036247,F.Swain,SEA,WR,1,8.2,10.2,8.2,10.2,2,22.0,1,0.0
2020,14,00-0036410,T.Higgins,CIN,WR,1,4.9,9.9,4.9,9.9,5,49.0,0,29.0
2020,14,00-0027793,A.Brown,TB,WR,1,4.9,9.9,4.9,9.9,5,49.0,0,34.0
2020,14,00-0031868,D.Byrd,NE,WR,1,4.8,9.8,4.8,9.8,5,48.0,0,22.0
2020,14,00-0033009,T.Boyd,CIN,WR,1,4.3,9.3,4.3,9.3,5,43.0,0,46.0
2020,14,00-0029000,C.Beasley,BUF,WR,1,4.1,9.1,4.1,9.1,5,41.0,0,26.0
2020,14,00-0034765,T.Smith,NO,WR,1,6.0,9.0,6.0,9.0,3,60.0,0,19.0
2020,14,00-0029293,M.Jones,DET,WR,1,4.8,8.8,4.8,8.8,4,48.0,0,4.0
2020,14,00-0034983,H.Renfrow,LV,WR,1,3.8,8.8,3.8,8.8,5,38.0,0,16.0
2020,14,00-0034960,J.Meyers,NE,WR,1,4.7,8.7,4.7,8.7,4,47.0,0,16.0
2020,14,00-0031408,M.Evans,TB,WR,1,5.6,8.6,5.6,8.6,3,56.0,0,4.0
2020,14,00-0036387,J.Reagor,PHI,WR,1,6.5,8.5,6.5,8.5,2,46.0,0,45.0
2020,14,00-0029137,A.Jeffery,PHI,WR,1,7.5,8.5,7.5,8.5,1,15.0,1,0.0
2020,14,00-0033111,P.Cooper,CAR,WR,1,5.2,8.2,5.2,8.2,3,52.0,0,22.0
2020,14,00-0036358,C.Lamb,DAL,WR,1,6.1,8.1,6.1,8.1,2,46.0,0,12.0
2020,14,00-0030431,R.Woods,LA,WR,1,3.1,8.1,3.1,8.1,5,32.0,0,17.0
2020,14,00-0035216,D.Johnson,PIT,WR,1,4.0,8.0,4.0,8.0,4,40.0,0,38.0
2020,14,00-0032951,L.Treadwell,ATL,WR,1,6.9,7.9,6.9,7.9,1,9.0,1,5.0
2020,14,00-0036322,J.Jefferson,MIN,WR,1,3.9,7.9,3.9,7.9,4,39.0,0,17.0
2020,14,00-0034419,B.Berrios,NYJ,WR,1,4.9,7.9,4.9,7.9,3,49.0,0,18.0
2020,14,00-0031325,S.Watkins,KC,WR,1,5.2,7.2,5.2,7.2,2,52.0,0,26.0
2020,14,00-0033307,K.Bourne,SF,WR,1,4.2,7.2,4.2,7.2,3,42.0,0,1.0
2020,14,00-0035140,M.Hardman,KC,WR,1,4.0,7.0,4.0,7.0,3,40.0,0,44.0
2020,14,00-0030035,A.Thielen,MIN,WR,1,3.9,6.9,3.9,6.9,3,39.0,0,9.0
2020,14,00-0034081,S.Mitchell,HOU,WR,1,3.8,6.8,3.8,6.8,3,38.0,0,8.0
2020,14,00-0036252,M.Pittman,IND,WR,1,4.5,6.5,4.5,6.5,2,42.0,0,20.0
2020,14,00-0032385,S.Shepard,NYG,WR,1,3.5,6.5,3.5,6.5,3,35.0,0,1.0
2020,14,00-0033871,C.Davis,TEN,WR,1,3.4,6.4,3.4,6.4,3,34.0,0,10.0
2020,14,00-0034286,R.James,SF,WR,1,3.3,6.3,3.3,6.3,3,33.0,0,21.0
2020,14,00-0036407,J.Jeudy,DEN,WR,1,4.2,6.2,4.2,6.2,2,42.0,0,5.0
2020,14,00-0032791,J.Grant,MIA,WR,1,3.2,6.2,3.2,6.2,3,32.0,0,28.0
2020,14,00-0035535,D.Slayton,NYG,WR,1,3.1,6.1,3.1,6.1,3,31.0,0,3.0
2020,14,00-0030663,W.Snead,BAL,WR,1,2.9,5.9,2.9,5.9,3,29.0,0,7.0
2020,14,00-0029632,M.Sanu,DET,WR,1,3.7,5.7,3.7,5.7,2,37.0,0,9.0
2020,14,00-0032054,B.Perriman,NYJ,WR,1,2.6,5.6,2.6,5.6,3,26.0,0,3.0
2020,14,00-0036254,C.Johnson,JAX,WR,1,3.3,5.3,3.3,5.3,2,33.0,0,16.0
2020,14,00-0027891,G.Tate,NYG,WR,1,3.9,4.9,3.9,4.9,1,39.0,0,0.0
2020,14,00-0036357,H.Ruggs,LV,WR,1,1.8,4.8,1.8,4.8,3,18.0,0,10.0
2020,14,00-0036326,C.Claypool,PIT,WR,1,1.5,4.5,1.5,4.5,3,15.0,0,10.0
2020,14,00-0033921,C.Godwin,TB,WR,1,2.5,4.5,2.5,4.5,2,25.0,0,7.0
2020,14,00-0035659,T.McLaurin,WAS,WR,1,2.4,4.4,2.4,4.4,2,24.0,0,4.0
2020,14,00-0034775,C.Kirk,ARI,WR,1,1.4,4.4,1.4,4.4,3,14.0,0,12.0
2020,14,00-0034764,M.Gallup,DAL,WR,1,2.3,4.3,2.3,4.3,2,23.0,0,1.0
2020,14,00-0033733,G.Ward,PHI,WR,1,2.0,4.0,2.0,4.0,2,20.0,0,3.0
2020,14,00-0034521,A.Lazard,GB,WR,1,1.9,3.9,1.9,3.9,2,19.0,0,12.0
2020,14,00-0033251,Z.Pascal,IND,WR,1,2.7,3.7,2.7,3.7,1,27.0,0,8.0
2020,14,00-0036277,Q.Cephus,DET,WR,1,1.6,3.6,1.6,3.6,2,16.0,0,5.0
2020,14,00-0034777,D.Chark,JAX,WR,1,1.6,3.6,1.6,3.6,2,16.0,0,7.0
2020,14,00-0034353,A.Miller,CHI,WR,1,1.6,3.6,1.6,3.6,2,16.0,0,14.0
2020,14,00-0035022,P.Hart,SEA,WR,1,2.2,3.2,2.2,3.2,1,3.0,0,4.0
2020,14,00-0022921,L.Fitzgerald,ARI,WR,1,1.0,3.0,1.0,3.0,2,10.0,0,5.0
2020,14,00-0030525,T.Austin,GB,WR,1,0.8,2.8,0.8,2.8,2,8.0,0,17.0
2020,14,00-0031941,J.Crowder,NYJ,WR,1,0.7,2.7,0.7,2.7,2,7.0,0,0.0
2020,14,00-0034267,J.Scott,NYJ,WR,1,1.6,2.6,1.6,2.6,1,16.0,0,3.0
2020,14,00-0034279,E.St. Brown,GB,WR,1,1.5,2.5,1.5,2.5,1,15.0,0,0.0
2020,14,00-0033572,J.Agnew,DET,WR,1,1.5,2.5,1.5,2.5,1,4.0,0,0.0
2020,14,00-0035703,M.Boykin,BAL,WR,1,1.5,2.5,1.5,2.5,1,15.0,0,1.0
2020,14,00-0035510,J.Smith,NYJ,WR,1,1.4,2.4,1.4,2.4,1,14.0,0,0.0
2020,14,00-0032775,D.Robinson,KC,WR,1,1.3,2.3,1.3,2.3,1,13.0,0,6.0
2020,14,00-0034104,C.Sims,WAS,WR,1,1.3,2.3,1.3,2.3,1,8.0,0,0.0
2020,14,00-0034370,D.Hamilton,DEN,WR,1,1.3,2.3,1.3,2.3,1,13.0,0,-1.0
2020,14,00-0033466,I.McKenzie,BUF,WR,1,1.2,2.2,1.2,2.2,1,12.0,0,6.0
2020,14,00-0032543,A.Erickson,CIN,WR,1,0.9,1.9,0.9,1.9,1,9.0,0,5.0
2020,14,00-0035287,K.Johnson,ARI,WR,1,0.9,1.9,0.9,1.9,1,9.0,0,0.0
2020,14,00-0034646,B.Powell,ATL,WR,1,0.9,1.9,0.9,1.9,1,9.0,0,10.0
2020,14,00-0036142,I.Wright,WAS,WR,1,0.9,1.9,0.9,1.9,1,9.0,0,12.0
2020,14,00-0035414,J.Guyton,LAC,WR,1,0.8,1.8,0.8,1.8,1,8.0,0,0.0
2020,14,00-0033943,J.Reynolds,LA,WR,1,0.6,1.6,0.6,1.6,1,6.0,0,6.0
2020,14,00-0034928,S.Sims,WAS,WR,1,0.5,1.5,0.5,1.5,1,5.0,0,4.0
2020,14,00-0033891,Z.Jones,LV,WR,1,1.45,1.45,1.45,1.45,0,0.0,0,0.0
2020,14,00-0036382,K.Hill,LAC,WR,1,0.4,1.4,0.4,1.4,1,4.0,0,4.0
2020,14,00-0034052,B.Zylstra,CAR,WR,1,0.3,1.3,0.3,1.3,1,3.0,0,0.0
2020,14,00-0036271,Q.Watkins,PHI,WR,1,0.3,1.3,0.3,1.3,1,3.0,0,8.0
2020,14,00-0035719,D.Samuel,SF,WR,1,0.9,0.9,0.9,0.9,0,0.0,0,0.0
2020,14,00-0034426,J.Wims,CHI,WR,1,0.2,0.2,0.2,0.2,0,0.0,0,0.0
2020,14,00-0033114,M.Thomas,CIN,WR,1,0.0,0.0,0.0,0.0,0,0.0,0,0.0
2020,14,00-0034510,R.Foster,WAS,WR,1,0.0,0.0,0.0,0.0,0,0.0,0,0.0
2020,14,00-0034772,A.Callaway,MIA,WR,1,0.0,0.0,0.0,0.0,0,0.0,0,0.0
2020,14,00-0031547,D.Parker,MIA,WR,1,0.0,0.0,0.0,0.0,0,0.0,0,0.0
2020,14,00-0032980,M.Johnson,IND,WR,1,0.0,0.0,0.0,0.0,0,0.0,0,0.0
2020,14,00-0031319,D.Spencer,DEN,WR,1,0.0,0.0,0.0,0.0,0,0.0,0,0.0
2020,14,00-0034309,C.Beebe,MIN,WR,1,0.0,0.0,0.0,0.0,0,0.0,0,0.0
2020,14,00-0032464,K.Raymond,TEN,WR,1,0.0,0.0,0.0,0.0,0,0.0,0,0.0
2020,14,00-0032778,T.Sharpe,MIN,WR,1,0.0,0.0,0.0,0.0,0,0.0,0,0.0
2020,14,00-0036182,N.Westbrook-Ikhine,TEN,WR,1,0.0,0.0,0.0,0.0,0,0.0,0,0.0
2020,13,00-0033871,C.Davis,TEN,WR,1,24.2,35.2,24.2,35.2,11,182.0,1,50.0
2020,13,00-0031381,D.Adams,GB,WR,1,24.1,34.1,24.1,34.1,10,121.0,2,41.0
2020,13,00-0029000,C.Beasley,BUF,WR,1,19.0,28.0,19.0,28.0,9,130.0,1,28.0
2020,13,00-0036322,J.Jefferson,MIN,WR,1,18.3,27.3,18.3,27.3,9,121.0,1,23.0
2020,13,00-0029293,M.Jones,DET,WR,1,17.6,25.6,17.6,25.6,8,116.0,1,7.0
2020,13,00-0029608,T.Hilton,IND,WR,1,17.0,25.0,17.0,25.0,8,110.0,1,31.0
2020,13,00-0034366,K.Coutee,HOU,WR,1,14.1,22.1,14.1,22.1,8,141.0,0,43.0
2020,13,00-0031941,J.Crowder,NYJ,WR,1,16.7,21.7,16.7,21.7,5,47.0,2,19.0
2020,13,00-0034764,M.Gallup,DAL,WR,1,14.6,21.6,14.6,21.6,7,86.0,1,25.0
2020,13,00-0030035,A.Thielen,MIN,WR,1,13.5,21.5,13.5,21.5,8,75.0,1,21.0
2020,13,00-0032977,R.Higgins,CLE,WR,1,15.5,21.5,15.5,21.5,6,95.0,1,24.0
2020,13,00-0035216,D.Johnson,PIT,WR,1,13.1,21.1,13.1,21.1,8,71.0,1,29.0
2020,13,00-0031382,J.Landry,CLE,WR,1,12.5,20.5,12.5,20.5,8,62.0,1,37.0
2020,13,00-0036261,B.Aiyuk,SF,WR,1,15.5,20.5,15.5,20.5,5,95.0,1,24.0
2020,13,00-0033375,T.Patrick,DEN,WR,1,16.4,20.4,16.4,20.4,4,44.0,2,8.0
2020,13,00-0032765,M.Thomas,NO,WR,1,10.5,19.5,10.5,19.5,9,105.0,0,16.0
2020,13,00-0030564,D.Hopkins,ARI,WR,1,11.2,19.2,11.2,19.2,8,52.0,1,20.0
2020,13,00-0031588,S.Diggs,BUF,WR,1,9.2,19.2,9.2,19.2,10,92.0,0,24.0
2020,13,00-0030431,R.Woods,LA,WR,1,8.5,18.5,8.5,18.5,10,85.0,0,62.0
2020,13,00-0036357,H.Ruggs,LV,WR,1,14.4,17.4,14.4,17.4,3,84.0,1,17.0
2020,13,00-0036233,D.Peoples-Jones,CLE,WR,1,15.2,17.2,15.2,17.2,2,92.0,1,43.0
2020,13,00-0031544,A.Cooper,DAL,WR,1,11.3,16.3,11.3,16.3,5,43.0,1,18.0
2020,13,00-0034676,J.Washington,PIT,WR,1,14.0,16.0,14.0,16.0,2,80.0,1,50.0
2020,13,00-0036196,G.Davis,BUF,WR,1,12.8,15.8,12.8,15.8,3,68.0,1,15.0
2020,13,00-0036268,L.Shenault,JAX,WR,1,12.8,15.8,12.8,15.8,3,38.0,1,8.0
2020,13,00-0034837,C.Ridley,ATL,WR,1,10.8,15.8,10.8,15.8,5,108.0,0,9.0
2020,13,00-0027944,J.Jones,ATL,WR,1,9.4,15.4,9.4,15.4,6,94.0,0,31.0
2020,13,00-0033908,C.Kupp,LA,WR,1,7.3,15.3,7.3,15.3,8,73.0,0,50.0
2020,13,00-0034411,R.Gage,ATL,WR,1,11.1,15.1,11.1,15.1,4,51.0,1,4.0
2020,13,00-0033840,C.Hansen,HOU,WR,1,10.1,15.1,10.1,15.1,5,101.0,0,13.0
2020,13,00-0035662,M.Brown,BAL,WR,1,9.9,14.9,9.9,14.9,5,39.0,1,6.0
2020,13,00-0033040,T.Hill,KC,WR,1,8.8,14.8,8.8,14.8,6,58.0,0,31.0
2020,13,00-0033733,G.Ward,PHI,WR,1,11.7,14.7,11.7,14.7,3,57.0,1,10.0
2020,13,00-0036277,Q.Cephus,DET,WR,1,12.3,14.3,12.3,14.3,2,63.0,1,1.0
2020,13,00-0034104,C.Sims,WAS,WR,1,9.2,14.2,9.2,14.2,5,92.0,0,59.0
2020,13,00-0033009,T.Boyd,CIN,WR,1,13.2,14.2,13.2,14.2,1,72.0,1,71.0
2020,13,00-0035719,D.Samuel,SF,WR,1,7.6,13.6,7.6,13.6,6,73.0,0,51.0
2020,13,00-0034765,T.Smith,NO,WR,1,10.5,13.5,10.5,13.5,3,42.0,1,11.0
2020,13,00-0031428,A.Robinson,CHI,WR,1,7.5,13.5,7.5,13.5,6,75.0,0,9.0
2020,13,00-0035640,D.Metcalf,SEA,WR,1,8.0,13.0,8.0,13.0,5,80.0,0,20.0
2020,13,00-0035676,A.Brown,TEN,WR,1,8.7,12.7,8.7,12.7,4,87.0,0,26.0
2020,13,00-0032211,T.Lockett,SEA,WR,1,6.3,12.3,6.3,12.3,6,63.0,0,18.0
2020,13,00-0031236,B.Cooks,HOU,WR,1,6.5,11.5,6.5,11.5,5,65.0,0,22.0
2020,13,00-0033466,I.McKenzie,BUF,WR,1,9.1,11.1,9.1,11.1,2,31.0,1,16.0
2020,13,00-0034353,A.Miller,CHI,WR,1,5.9,10.9,5.9,10.9,5,56.0,0,24.0
2020,13,00-0035703,M.Boykin,BAL,WR,1,9.8,10.8,9.8,10.8,1,38.0,1,19.0
2020,13,00-0035645,G.Olszewski,NE,WR,1,9.8,10.8,9.8,10.8,1,38.0,1,25.0
2020,13,00-0036410,T.Higgins,CIN,WR,1,5.6,10.6,5.6,10.6,5,56.0,0,28.0
2020,13,00-0036358,C.Lamb,DAL,WR,1,4.6,10.6,4.6,10.6,6,46.0,0,17.0
2020,13,00-0036254,C.Johnson,JAX,WR,1,6.6,10.6,6.6,10.6,4,66.0,0,4.0
2020,13,00-0034652,C.Batson,TEN,WR,1,7.4,10.4,7.4,10.4,3,14.0,1,5.0
2020,13,00-0033857,J.Smith-Schuster,PIT,WR,1,2.8,9.8,2.8,9.8,7,28.0,0,19.0
2020,13,00-0030279,K.Allen,LAC,WR,1,4.8,9.8,4.8,9.8,5,48.0,0,17.0
2020,13,00-0036252,M.Pittman,IND,WR,1,4.6,9.6,4.6,9.6,5,46.0,0,30.0
2020,13,00-0026035,D.Amendola,DET,WR,1,6.2,9.2,6.2,9.2,3,62.0,0,9.0
2020,13,00-0036364,L.Bowden,MIA,WR,1,5.2,9.2,5.2,9.2,4,41.0,0,24.0
2020,13,00-0027685,E.Sanders,NO,WR,1,3.9,8.9,3.9,8.9,5,39.0,0,4.0
2020,13,00-0034983,H.Renfrow,LV,WR,1,4.7,8.7,4.7,8.7,4,47.0,0,14.0
2020,13,00-0036309,D.Mooney,CHI,WR,1,4.3,8.3,4.3,8.3,4,43.0,0,48.0
2020,13,00-0033536,M.Williams,LAC,WR,1,4.3,8.3,4.3,8.3,4,43.0,0,17.0
2020,13,00-0034521,A.Lazard,GB,WR,1,5.0,8.0,5.0,8.0,3,50.0,0,5.0
2020,13,00-0031549,N.Agholor,LV,WR,1,3.8,7.8,3.8,7.8,4,38.0,0,13.0
2020,13,00-0031325,S.Watkins,KC,WR,1,3.5,7.5,3.5,7.5,4,35.0,0,11.0
2020,13,00-0033307,K.Bourne,SF,WR,1,3.5,7.5,3.5,7.5,4,35.0,0,1.0
2020,13,00-0031547,D.Parker,MIA,WR,1,3.5,7.5,3.5,7.5,4,35.0,0,0.0
2020,13,00-0033591,N.Brown,DAL,WR,1,4.0,7.0,4.0,7.0,3,40.0,0,19.0
2020,13,00-0027891,G.Tate,NYG,WR,1,3.0,7.0,3.0,7.0,4,30.0,0,8.0
2020,13,00-0036415,V.Jefferson,LA,WR,1,2.7,6.7,2.7,6.7,4,27.0,0,6.0
2020,13,00-0035287,K.Johnson,ARI,WR,1,2.7,6.7,2.7,6.7,4,27.0,0,12.0
2020,13,00-0032791,J.Grant,MIA,WR,1,4.2,6.2,4.2,6.2,2,42.0,0,49.0
2020,13,00-0034777,D.Chark,JAX,WR,1,4.1,6.1,4.1,6.1,2,41.0,0,3.0
2020,13,00-0036255,D.Mims,NYJ,WR,1,4.0,6.0,4.0,6.0,2,40.0,0,18.0
2020,13,00-0032775,D.Robinson,KC,WR,1,3.9,5.9,3.9,5.9,2,39.0,0,26.0
2020,13,00-0036326,C.Claypool,PIT,WR,1,3.8,5.8,3.8,5.8,2,38.0,0,0.0
2020,13,00-0035414,J.Guyton,LAC,WR,1,3.8,5.8,3.8,5.8,2,38.0,0,17.0
2020,13,00-0034928,S.Sims,WAS,WR,1,1.7,5.7,1.7,5.7,4,17.0,0,13.0
2020,13,00-0029632,M.Sanu,DET,WR,1,3.6,5.6,3.6,5.6,2,36.0,0,9.0
2020,13,00-0036387,J.Reagor,PHI,WR,1,4.5,5.5,4.5,5.5,1,34.0,0,3.0
2020,13,00-0034419,B.Berrios,NYJ,WR,1,3.3,5.3,3.3,5.3,2,33.0,0,31.0
2020,13,00-0036412,K.Hamler,DEN,WR,1,2.9,4.9,2.9,4.9,2,16.0,0,12.0
2020,13,00-0033572,J.Agnew,DET,WR,1,2.4,4.4,2.4,4.4,2,24.0,0,24.0
2020,13,00-0032543,A.Erickson,CIN,WR,1,1.7,3.7,1.7,3.7,2,17.0,0,13.0
2020,13,00-0031868,D.Byrd,NE,WR,1,1.6,3.6,1.6,3.6,2,16.0,0,7.0
2020,13,00-0034960,J.Meyers,NE,WR,1,1.5,3.5,1.5,3.5,2,15.0,0,3.0
2020,13,00-0035659,T.McLaurin,WAS,WR,1,1.4,3.4,1.4,3.4,2,14.0,0,11.0
2020,13,00-0032054,B.Perriman,NYJ,WR,1,2.2,3.2,2.2,3.2,1,22.0,0,9.0
2020,13,00-0032128,C.Conley,JAX,WR,1,1.2,3.2,1.2,3.2,2,12.0,0,3.0
2020,13,00-0032385,S.Shepard,NYG,WR,1,2.2,3.2,2.2,3.2,1,22.0,0,6.0
2020,13,00-0033943,J.Reynolds,LA,WR,1,2.1,3.1,2.1,3.1,1,21.0,0,5.0
2020,13,00-0034309,C.Beebe,MIN,WR,1,1.0,3.0,1.0,3.0,2,10.0,0,-1.0
2020,13,00-0035527,A.Isabella,ARI,WR,1,0.7,2.7,0.7,2.7,2,7.0,0,1.0
2020,13,00-0035140,M.Hardman,KC,WR,1,1.5,2.5,1.5,2.5,1,15.0,0,1.0
2020,13,00-0035480,M.Taylor,GB,WR,1,1.4,2.4,1.4,2.4,1,14.0,0,12.0
2020,13,00-0034407,R.McCloud,PIT,WR,1,0.4,2.4,0.4,2.4,2,4.0,0,1.0
2020,13,00-0035535,D.Slayton,NYG,WR,1,1.4,2.4,1.4,2.4,1,14.0,0,0.0
2020,13,00-0034426,J.Wims,CHI,WR,1,1.3,2.3,1.3,2.3,1,13.0,0,1.0
2020,13,00-0036439,T.Cleveland,DEN,WR,1,1.1,2.1,1.1,2.1,1,11.0,0,6.0
2020,13,00-0033251,Z.Pascal,IND,WR,1,1.1,2.1,1.1,2.1,1,11.0,0,4.0
2020,13,00-0032009,A.Humphries,TEN,WR,1,0.9,1.9,0.9,1.9,1,9.0,0,0.0
2020,13,00-0034646,B.Powell,ATL,WR,1,0.9,1.9,0.9,1.9,1,9.0,0,9.0
2020,13,00-0033681,K.Cole,JAX,WR,1,0.7,1.7,0.7,1.7,1,7.0,0,1.0
2020,13,00-0036382,K.Hill,LAC,WR,1,0.7,1.7,0.7,1.7,1,7.0,0,0.0
2020,13,00-0033555,M.Hollins,MIA,WR,1,0.7,1.7,0.7,1.7,1,7.0,0,0.0
2020,13,00-0034279,E.St. Brown,GB,WR,1,0.7,1.7,0.7,1.7,1,7.0,0,10.0
2020,13,00-0032881,T.Lewis,NO,WR,1,1.6,1.6,1.6,1.6,0,0.0,0,0.0
2020,13,00-0033589,D.Moore,SEA,WR,1,0.6,1.6,0.6,1.6,1,6.0,0,10.0
2020,13,00-0036407,J.Jeudy,DEN,WR,1,0.5,1.5,0.5,1.5,1,5.0,0,1.0
2020,13,00-0036142,I.Wright,WAS,WR,1,0.5,1.5,0.5,1.5,1,5.0,0,2.0
2020,13,00-0034775,C.Kirk,ARI,WR,1,0.2,1.2,0.2,1.2,1,2.0,0,0.0
2020,13,00-0036331,D.Duvernay,BAL,WR,1,0.2,1.2,0.2,1.2,1,2.0,0,3.0
2020,13,00-0035457,T.Johnson,LAC,WR,1,0.1,1.1,0.1,1.1,1,1.0,0,5.0
2020,13,00-0033367,C.Board,NYG,WR,1,-0.2,0.8,-0.2,0.8,1,-2.0,0,0.0
2020,13,00-0031339,D.Moncrief,NE,WR,1,0.4,0.4,0.4,0.4,0,0.0,0,0.0
2020,13,00-0029137,A.Jeffery,PHI,WR,1,0.0,0.0,0.0,0.0,0,0.0,0,0.0
2020,13,00-0036398,J.Hightower,PHI,WR,1,0.0,0.0,0.0,0.0,0,0.0,0,0.0
2020,13,00-0036247,F.Swain,SEA,WR,1,0.0,0.0,0.0,0.0,0,0.0,0,0.0
2020,13,00-0033891,Z.Jones,LV,WR,1,0.0,0.0,0.0,0.0,0,0.0,0,0.0
2020,13,00-0036365,B.Edwards,LV,WR,1,0.0,0.0,0.0,0.0,0,0.0,0,0.0
2020,13,00-0027942,A.Green,CIN,WR,1,0.0,0.0,0.0,0.0,0,0.0,0,0.0
2020,13,00-0035021,A.Dulin,IND,WR,1,0.0,0.0,0.0,0.0,0,0.0,0,0.0
2020,13,00-0035592,T.Fulgham,PHI,WR,1,0.0,0.0,0.0,0.0,0,0.0,0,0.0
2020,13,00-0035848,D.Harris,IND,WR,1,-0.3,-0.3,-0.3,-0.3,0,0.0,0,0.0
2020,13,00-0034272,M.Valdes-Scantling,GB,WR,1,-0.4,-0.4,-0.4,-0.4,0,0.0,0,0.0
2020,12,00-0033040,T.Hill,KC,WR,1,44.9,57.9,44.9,57.9,13,269.0,3,81.0
2020,12,00-0033127,W.Fuller,HOU,WR,1,29.1,35.1,29.1,35.1,6,171.0,2,66.0
2020,12,00-0031382,J.Landry,CLE,WR,1,20.3,28.3,20.3,28.3,8,143.0,1,54.0
2020,12,00-0035640,D.Metcalf,SEA,WR,1,17.7,27.7,17.7,27.7,10,177.0,0,40.0
2020,12,00-0031428,A.Robinson,CHI,WR,1,19.4,27.4,19.4,27.4,8,74.0,2,22.0
2020,12,00-0036322,J.Jefferson,MIN,WR,1,19.0,26.0,19.0,26.0,7,70.0,2,7.0
2020,12,00-0035719,D.Samuel,SF,WR,1,13.3,24.3,13.3,24.3,11,133.0,0,136.0
2020,12,00-0031544,A.Cooper,DAL,WR,1,17.2,23.2,17.2,23.2,6,112.0,1,35.0
2020,12,00-0031408,M.Evans,TB,WR,1,17.0,20.0,17.0,20.0,3,50.0,2,9.0
2020,12,00-0031547,D.Parker,MIA,WR,1,11.9,19.9,11.9,19.9,8,119.0,0,37.0
2020,12,00-0035676,A.Brown,TEN,WR,1,15.8,19.8,15.8,19.8,4,98.0,1,59.0
2020,12,00-0036254,C.Johnson,JAX,WR,1,15.6,19.6,15.6,19.6,4,96.0,1,29.0
2020,12,00-0032688,R.Chosen,CAR,WR,1,15.4,19.4,15.4,19.4,4,94.0,1,45.0
2020,12,00-0034309,C.Beebe,MIN,WR,1,12.3,19.3,12.3,19.3,7,63.0,1,15.0
2020,12,00-0035662,M.Brown,BAL,WR,1,14.5,18.5,14.5,18.5,4,85.0,1,67.0
2020,12,00-0031381,D.Adams,GB,WR,1,12.1,18.1,12.1,18.1,6,61.0,1,34.0
2020,12,00-0029608,T.Hilton,IND,WR,1,14.1,18.1,14.1,18.1,4,81.0,1,19.0
2020,12,00-0033921,C.Godwin,TB,WR,1,9.7,17.7,9.7,17.7,8,97.0,0,21.0
2020,12,00-0033857,J.Smith-Schuster,PIT,WR,1,9.7,17.7,9.7,17.7,8,37.0,1,21.0
2020,12,00-0034837,C.Ridley,ATL,WR,1,11.0,17.0,11.0,17.0,6,50.0,1,18.0
2020,12,00-0036196,G.Davis,BUF,WR,1,13.9,16.9,13.9,16.9,3,79.0,1,9.0
2020,12,00-0035659,T.McLaurin,WAS,WR,1,9.2,16.2,9.2,16.2,7,92.0,0,21.0
2020,12,00-0030431,R.Woods,LA,WR,1,8.8,15.8,8.8,15.8,7,80.0,0,35.0
2020,12,00-0036410,T.Higgins,CIN,WR,1,10.4,15.4,10.4,15.4,5,44.0,1,15.0
2020,12,00-0035006,O.Johnson,MIN,WR,1,7.4,14.4,7.4,14.4,7,74.0,0,4.0
2020,12,00-0034983,H.Renfrow,LV,WR,1,7.3,14.3,7.3,14.3,7,73.0,0,65.0
2020,12,00-0030279,K.Allen,LAC,WR,1,10.0,14.0,10.0,14.0,4,40.0,1,9.0
2020,12,00-0032385,S.Shepard,NYG,WR,1,6.8,13.8,6.8,13.8,7,64.0,0,4.0
2020,12,00-0031236,B.Cooks,HOU,WR,1,8.5,13.5,8.5,13.5,5,85.0,0,26.0
2020,12,00-0029632,M.Sanu,DET,WR,1,9.2,13.2,9.2,13.2,4,32.0,1,3.0
2020,12,00-0033282,C.Samuel,CAR,WR,1,7.7,12.7,7.7,12.7,5,72.0,0,42.0
2020,12,00-0035216,D.Johnson,PIT,WR,1,4.6,12.6,4.6,12.6,8,46.0,0,21.0
2020,12,00-0034521,A.Lazard,GB,WR,1,8.3,12.3,8.3,12.3,4,23.0,1,19.0
2020,12,00-0032054,B.Perriman,NYJ,WR,1,7.9,11.9,7.9,11.9,4,79.0,0,20.0
2020,12,00-0036326,C.Claypool,PIT,WR,1,5.2,11.2,5.2,11.2,6,52.0,0,20.0
2020,12,00-0031588,S.Diggs,BUF,WR,1,3.9,10.9,3.9,10.9,7,39.0,0,13.0
2020,12,00-0029293,M.Jones,DET,WR,1,4.8,10.8,4.8,10.8,6,48.0,0,16.0
2020,12,00-0036255,D.Mims,NYJ,WR,1,6.7,10.7,6.7,10.7,4,67.0,0,33.0
2020,12,00-0030564,D.Hopkins,ARI,WR,1,5.5,10.5,5.5,10.5,5,55.0,0,8.0
2020,12,00-0031549,N.Agholor,LV,WR,1,5.4,10.4,5.4,10.4,5,54.0,0,12.0
2020,12,00-0034960,J.Meyers,NE,WR,1,5.2,10.2,5.2,10.2,5,52.0,0,24.0
2020,12,00-0034764,M.Gallup,DAL,WR,1,4.1,10.1,4.1,10.1,6,41.0,0,12.0
2020,12,00-0034827,D.Moore,CAR,WR,1,6.1,10.1,6.1,10.1,4,61.0,0,16.0
2020,12,00-0033871,C.Davis,TEN,WR,1,7.0,10.0,7.0,10.0,3,70.0,0,22.0
2020,12,00-0029000,C.Beasley,BUF,WR,1,7.5,9.5,7.5,9.5,2,25.0,0,9.0
2020,12,00-0032765,M.Thomas,NO,WR,1,5.1,9.1,5.1,9.1,4,50.0,0,6.0
2020,12,00-0033943,J.Reynolds,LA,WR,1,4.0,9.0,4.0,9.0,5,40.0,0,22.0
2020,12,00-0032775,D.Robinson,KC,WR,1,3.6,8.6,3.6,8.6,5,36.0,0,20.0
2020,12,00-0033589,D.Moore,SEA,WR,1,5.5,8.5,5.5,8.5,3,-6.0,1,1.0
2020,12,00-0036357,H.Ruggs,LV,WR,1,5.4,8.4,5.4,8.4,3,56.0,0,6.0
2020,12,00-0034646,B.Powell,ATL,WR,1,6.4,8.4,6.4,8.4,2,4.0,1,0.0
2020,12,00-0035457,T.Johnson,LAC,WR,1,6.3,8.3,6.3,8.3,2,63.0,0,11.0
2020,12,00-0031325,S.Watkins,KC,WR,1,3.8,7.8,3.8,7.8,4,38.0,0,12.0
2020,12,00-0027891,G.Tate,NYG,WR,1,3.6,7.6,3.6,7.6,4,36.0,0,1.0
2020,12,00-0033681,K.Cole,JAX,WR,1,4.4,7.4,4.4,7.4,3,44.0,0,15.0
2020,12,00-0035527,A.Isabella,ARI,WR,1,3.3,7.3,3.3,7.3,4,33.0,0,34.0
2020,12,00-0036358,C.Lamb,DAL,WR,1,2.1,7.1,2.1,7.1,5,21.0,0,9.0
2020,12,00-0036268,L.Shenault,JAX,WR,1,3.7,6.7,3.7,6.7,3,31.0,0,20.0
2020,12,00-0034279,E.St. Brown,GB,WR,1,4.6,6.6,4.6,6.6,2,39.0,0,23.0
2020,12,00-0033307,K.Bourne,SF,WR,1,3.4,6.4,3.4,6.4,3,34.0,0,8.0
2020,12,00-0036309,D.Mooney,CHI,WR,1,3.4,6.4,3.4,6.4,3,34.0,0,6.0
2020,12,00-0034411,R.Gage,ATL,WR,1,3.4,6.4,3.4,6.4,3,34.0,0,20.0
2020,12,00-0031868,D.Byrd,NE,WR,1,3.3,6.3,3.3,6.3,3,33.0,0,20.0
2020,12,00-0035414,J.Guyton,LAC,WR,1,3.3,6.3,3.3,6.3,3,33.0,0,8.0
2020,12,00-0031941,J.Crowder,NYJ,WR,1,3.1,6.1,3.1,6.1,3,31.0,0,6.0
2020,12,00-0034854,K.Hodge,CLE,WR,1,3.1,6.1,3.1,6.1,3,31.0,0,3.0
2020,12,00-0033908,C.Kupp,LA,WR,1,4.1,6.1,4.1,6.1,2,41.0,0,30.0
2020,12,00-0034353,A.Miller,CHI,WR,1,2.8,5.8,2.8,5.8,3,28.0,0,3.0
2020,12,00-0033536,M.Williams,LAC,WR,1,2.6,5.6,2.6,5.6,3,26.0,0,0.0
2020,12,00-0035140,M.Hardman,KC,WR,1,2.3,5.3,2.3,5.3,3,23.0,0,0.0
2020,12,00-0032211,T.Lockett,SEA,WR,1,2.3,5.3,2.3,5.3,3,23.0,0,13.0
2020,12,00-0036331,D.Duvernay,BAL,WR,1,2.0,5.0,2.0,5.0,3,20.0,0,4.0
2020,12,00-0034775,C.Kirk,ARI,WR,1,1.9,4.9,1.9,4.9,3,19.0,0,9.0
2020,12,00-0036252,M.Pittman,IND,WR,1,2.8,4.8,2.8,4.8,2,28.0,0,21.0
2020,12,00-0036277,Q.Cephus,DET,WR,1,2.7,4.7,2.7,4.7,2,27.0,0,4.0
2020,12,00-0033009,T.Boyd,CIN,WR,1,1.5,4.5,1.5,4.5,3,15.0,0,14.0
2020,12,00-0036387,J.Reagor,PHI,WR,1,1.1,4.1,1.1,4.1,3,11.0,0,19.0
2020,12,00-0033555,M.Hollins,MIA,WR,1,1.9,3.9,1.9,3.9,2,19.0,0,7.0
2020,12,00-0034676,J.Washington,PIT,WR,1,1.9,3.9,1.9,3.9,2,19.0,0,3.0
2020,12,00-0034286,R.James,SF,WR,1,2.9,3.9,2.9,3.9,1,29.0,0,6.0
2020,12,00-0034366,K.Coutee,HOU,WR,1,1.7,3.7,1.7,3.7,2,17.0,0,7.0
2020,12,00-0033094,M.Hall,DET,WR,1,1.6,3.6,1.6,3.6,2,16.0,0,2.0
2020,12,00-0035590,R.Ridley,CHI,WR,1,1.6,3.6,1.6,3.6,2,16.0,0,5.0
2020,12,00-0035592,T.Fulgham,PHI,WR,1,1.6,3.6,1.6,3.6,2,16.0,0,1.0
2020,12,00-0029137,A.Jeffery,PHI,WR,1,1.5,3.5,1.5,3.5,2,15.0,0,0.0
2020,12,00-0032791,J.Grant,MIA,WR,1,1.5,3.5,1.5,3.5,2,15.0,0,7.0
2020,12,00-0033251,Z.Pascal,IND,WR,1,2.3,3.3,2.3,3.3,1,23.0,0,0.0
2020,12,00-0027793,A.Brown,TB,WR,1,1.1,3.1,1.1,3.1,2,11.0,0,11.0
2020,12,00-0034132,C.Blake,ATL,WR,1,1.7,2.7,1.7,2.7,1,17.0,0,5.0
2020,12,00-0034765,T.Smith,NO,WR,1,1.6,2.6,1.6,2.6,1,16.0,0,19.0
2020,12,00-0028411,D.Inman,WAS,WR,1,1.5,2.5,1.5,2.5,1,15.0,0,8.0
2020,12,00-0032977,R.Higgins,CLE,WR,1,1.5,2.5,1.5,2.5,1,15.0,0,0.0
2020,12,00-0036365,B.Edwards,LV,WR,1,1.5,2.5,1.5,2.5,1,15.0,0,3.0
2020,12,00-0033367,C.Board,NYG,WR,1,1.1,2.1,1.1,2.1,1,11.0,0,6.0
2020,12,00-0035208,O.Zaccheaus,ATL,WR,1,1.1,2.1,1.1,2.1,1,11.0,0,4.0
2020,12,00-0034928,S.Sims,WAS,WR,1,0.8,1.8,0.8,1.8,1,8.0,0,1.0
2020,12,00-0034407,R.McCloud,PIT,WR,1,0.8,1.8,0.8,1.8,1,8.0,0,9.0
2020,12,00-0035510,J.Smith,NYJ,WR,1,0.7,1.7,0.7,1.7,1,7.0,0,2.0
2020,12,00-0035287,K.Johnson,ARI,WR,1,0.7,1.7,0.7,1.7,1,7.0,0,2.0
2020,12,00-0034772,A.Callaway,MIA,WR,1,0.7,1.7,0.7,1.7,1,7.0,0,0.0
2020,12,00-0027685,E.Sanders,NO,WR,1,0.4,1.4,0.4,1.4,1,4.0,0,1.0
2020,12,00-0033733,G.Ward,PHI,WR,1,0.3,1.3,0.3,1.3,1,3.0,0,7.0
2020,12,00-0035848,D.Harris,IND,WR,1,0.3,1.3,0.3,1.3,1,1.0,0,1.0
2020,12,00-0033891,Z.Jones,LV,WR,1,0.3,1.3,0.3,1.3,1,3.0,0,6.0
2020,12,00-0036398,J.Hightower,PHI,WR,1,0.1,1.1,0.1,1.1,1,1.0,0,3.0
2020,12,00-0034652,C.Batson,TEN,WR,1,0.5,0.5,0.5,0.5,0,0.0,0,0.0
2020,12,00-0035645,G.Olszewski,NE,WR,1,0.1,0.1,0.1,0.1,0,0.0,0,0.0
2020,12,00-0033911,T.Taylor,CLE,WR,1,0.0,0.0,0.0,0.0,0,0.0,0,0.0
2020,12,00-0036133,J.Proche,BAL,WR,1,0.0,0.0,0.0,0.0,0,0.0,0,0.0
2020,12,00-0033591,N.Brown,DAL,WR,1,0.0,0.0,0.0,0.0,0,0.0,0,0.0
2020,12,00-0033572,J.Agnew,DET,WR,1,0.0,0.0,0.0,0.0,0,0.0,0,0.0
2020,12,00-0036407,J.Jeudy,DEN,WR,1,0.0,0.0,0.0,0.0,0,0.0,0,0.0
2020,12,00-0033375,T.Patrick,DEN,WR,1,0.0,0.0,0.0,0.0,0,0.0,0,0.0
2020,12,00-0027942,A.Green,CIN,WR,1,0.0,0.0,0.0,0.0,0,0.0,0,0.0
2020,12,00-0035535,D.Slayton,NYG,WR,1,0.0,0.0,0.0,0.0,0,0.0,0,0.0
2020,12,00-0032778,T.Sharpe,MIN,WR,1,0.0,0.0,0.0,0.0,0,0.0,0,0.0
2020,12,00-0027902,D.Bryant,BAL,WR,1,0.0,0.0,0.0,0.0,0,0.0,0,0.0
2020,12,00-0035298,S.Miller,TB,WR,1,0.0,0.0,0.0,0.0,0,0.0,0,0.0
2020,12,00-0036427,T.Johnson,TB,WR,1,0.0,0.0,0.0,0.0,0,0.0,0,0.0
2020,12,00-0036364,L.Bowden,MIA,WR,1,0.0,0.0,0.0,0.0,0,0.0,0,0.0
2020,12,00-0034370,D.Hamilton,DEN,WR,1,0.0,0.0,0.0,0.0,0,0.0,0,0.0
2020,12,00-0034686,A.Tate,CIN,WR,1,0.0,0.0,0.0,0.0,0,0.0,0,0.0
2020,12,00-0032464,K.Raymond,TEN,WR,1,0.0,0.0,0.0,0.0,0,0.0,0,0.0
2020,12,00-0034418,C.Wilson,DAL,WR,1,-0.1,-0.1,-0.1,-0.1,0,0.0,0,0.0
2020,12,00-0033466,I.McKenzie,BUF,WR,1,-0.1,-0.1,-0.1,-0.1,0,0.0,0,0.0
2020,12,00-0032543,A.Erickson,CIN,WR,1,-0.4,-0.4,-0.4,-0.4,0,0.0,0,0.0
2020,12,00-0036412,K.Hamler,DEN,WR,1,-0.8,-0.8,-0.8,-0.8,0,0.0,0,0.0
2020,12,00-0035864,K.Hinton,DEN,WR,1,-2.65,-2.65,-2.65,-2.65,0,0.0,0,0.0
2020,11,00-0030279,K.Allen,LAC,WR,1,20.5,36.5,20.5,36.5,16,145.0,1,80.0
2020,11,00-0030035,A.Thielen,MIN,WR,1,24.3,32.3,24.3,32.3,8,123.0,2,48.0
2020,11,00-0030431,R.Woods,LA,WR,1,18.6,30.6,18.6,30.6,12,130.0,1,69.0
2020,11,00-0033040,T.Hill,KC,WR,1,16.0,27.0,16.0,27.0,11,102.0,1,43.0
2020,11,00-0031868,D.Byrd,NE,WR,1,20.3,26.3,20.3,26.3,6,132.0,1,26.0
2020,11,00-0033908,C.Kupp,LA,WR,1,14.5,25.5,14.5,25.5,11,145.0,0,74.0
2020,11,00-0031381,D.Adams,GB,WR,1,16.6,23.6,16.6,23.6,7,106.0,1,33.0
2020,11,00-0035216,D.Johnson,PIT,WR,1,11.1,23.1,11.1,23.1,12,111.0,0,33.0
2020,11,00-0034827,D.Moore,CAR,WR,1,14.8,21.8,14.8,21.8,7,127.0,0,38.0
2020,11,00-0032211,T.Lockett,SEA,WR,1,12.7,21.7,12.7,21.7,9,67.0,1,21.0
2020,11,00-0033282,C.Samuel,CAR,WR,1,13.4,21.4,13.4,21.4,8,70.0,1,38.0
2020,11,00-0031549,N.Agholor,LV,WR,1,14.8,20.8,14.8,20.8,6,88.0,1,29.0
2020,11,00-0032765,M.Thomas,NO,WR,1,10.4,19.4,10.4,19.4,9,104.0,0,14.0
2020,11,00-0033921,C.Godwin,TB,WR,1,11.3,18.3,11.3,18.3,7,53.0,1,27.0
2020,11,00-0031547,D.Parker,MIA,WR,1,12.1,18.1,12.1,18.1,6,61.0,1,16.0
2020,11,00-0036322,J.Jefferson,MIN,WR,1,14.6,17.6,14.6,17.6,3,86.0,1,3.0
2020,11,00-0033009,T.Boyd,CIN,WR,1,8.5,17.5,8.5,17.5,9,85.0,0,35.0
2020,11,00-0033536,M.Williams,LAC,WR,1,13.2,17.2,13.2,17.2,4,72.0,1,29.0
2020,11,00-0033375,T.Patrick,DEN,WR,1,11.9,16.9,11.9,16.9,5,119.0,0,58.0
2020,11,00-0033871,C.Davis,TEN,WR,1,11.3,16.3,11.3,16.3,5,113.0,0,37.0
2020,11,00-0035676,A.Brown,TEN,WR,1,12.2,16.2,12.2,16.2,4,62.0,1,38.0
2020,11,00-0031408,M.Evans,TB,WR,1,10.9,15.9,10.9,15.9,5,49.0,1,15.0
2020,11,00-0036326,C.Claypool,PIT,WR,1,11.9,15.9,11.9,15.9,4,59.0,1,7.0
2020,11,00-0036252,M.Pittman,IND,WR,1,12.6,15.6,12.6,15.6,3,66.0,1,54.0
2020,11,00-0036358,C.Lamb,DAL,WR,1,10.6,14.6,10.6,14.6,4,34.0,1,20.0
2020,11,00-0022921,L.Fitzgerald,ARI,WR,1,6.2,14.2,6.2,14.2,8,62.0,0,49.0
2020,11,00-0031544,A.Cooper,DAL,WR,1,8.1,14.1,8.1,14.1,6,81.0,0,24.0
2020,11,00-0027942,A.Green,CIN,WR,1,10.1,14.1,10.1,14.1,4,41.0,1,8.0
2020,11,00-0034837,C.Ridley,ATL,WR,1,9.0,14.0,9.0,14.0,5,90.0,0,11.0
2020,11,00-0033127,W.Fuller,HOU,WR,1,8.0,14.0,8.0,14.0,6,80.0,0,37.0
2020,11,00-0027793,A.Brown,TB,WR,1,5.8,13.8,5.8,13.8,8,57.0,0,20.0
2020,11,00-0035640,D.Metcalf,SEA,WR,1,10.6,13.6,10.6,13.6,3,46.0,1,12.0
2020,11,00-0032054,B.Perriman,NYJ,WR,1,11.4,13.4,11.4,13.4,2,54.0,1,3.0
2020,11,00-0035659,T.McLaurin,WAS,WR,1,8.4,13.4,8.4,13.4,5,84.0,0,23.0
2020,11,00-0034411,R.Gage,ATL,WR,1,5.8,12.8,5.8,12.8,7,58.0,0,22.0
2020,11,00-0031236,B.Cooks,HOU,WR,1,8.5,12.5,8.5,12.5,4,85.0,0,30.0
2020,11,00-0032688,R.Chosen,CAR,WR,1,4.6,11.6,4.6,11.6,7,46.0,0,29.0
2020,11,00-0027685,E.Sanders,NO,WR,1,6.6,10.6,6.6,10.6,4,66.0,0,22.0
2020,11,00-0032775,D.Robinson,KC,WR,1,4.4,10.4,4.4,10.4,6,44.0,0,8.0
2020,11,00-0034854,K.Hodge,CLE,WR,1,7.3,10.3,7.3,10.3,3,73.0,0,14.0
2020,11,00-0034928,S.Sims,WAS,WR,1,7.3,10.3,7.3,10.3,3,13.0,1,2.0
2020,11,00-0036255,D.Mims,NYJ,WR,1,7.1,10.1,7.1,10.1,3,71.0,0,7.0
2020,11,00-0030564,D.Hopkins,ARI,WR,1,5.1,10.1,5.1,10.1,5,51.0,0,19.0
2020,11,00-0032977,R.Higgins,CLE,WR,1,6.5,9.5,6.5,9.5,3,65.0,0,2.0
2020,11,00-0036387,J.Reagor,PHI,WR,1,5.2,9.2,5.2,9.2,4,52.0,0,5.0
2020,11,00-0029293,M.Jones,DET,WR,1,5.1,9.1,5.1,9.1,4,51.0,0,7.0
2020,11,00-0034366,K.Coutee,HOU,WR,1,7.0,9.0,7.0,9.0,2,10.0,1,0.0
2020,11,00-0034775,C.Kirk,ARI,WR,1,5.0,9.0,5.0,9.0,4,50.0,0,0.0
2020,11,00-0028002,R.Cobb,HOU,WR,1,6.7,8.7,6.7,8.7,2,7.0,1,3.0
2020,11,00-0034272,M.Valdes-Scantling,GB,WR,1,5.5,8.5,5.5,8.5,3,55.0,0,10.0
2020,11,00-0033251,Z.Pascal,IND,WR,1,5.4,8.4,5.4,8.4,3,54.0,0,13.0
2020,11,00-0034777,D.Chark,JAX,WR,1,4.1,8.1,4.1,8.1,4,41.0,0,21.0
2020,11,00-0036415,V.Jefferson,LA,WR,1,6.7,7.7,6.7,7.7,1,7.0,1,2.0
2020,11,00-0036412,K.Hamler,DEN,WR,1,3.5,7.5,3.5,7.5,4,35.0,0,16.0
2020,11,00-0027902,D.Bryant,BAL,WR,1,2.8,6.8,2.8,6.8,4,28.0,0,34.0
2020,11,00-0034960,J.Meyers,NE,WR,1,3.8,6.8,3.8,6.8,3,38.0,0,26.0
2020,11,00-0036407,J.Jeudy,DEN,WR,1,3.7,6.7,3.7,6.7,3,37.0,0,11.0
2020,11,00-0029608,T.Hilton,IND,WR,1,3.6,6.6,3.6,6.6,3,36.0,0,9.0
2020,11,00-0035457,T.Johnson,LAC,WR,1,5.4,6.4,5.4,6.4,1,54.0,0,4.0
2020,11,00-0034407,R.McCloud,PIT,WR,1,2.3,6.3,2.3,6.3,4,20.0,0,23.0
2020,11,00-0033943,J.Reynolds,LA,WR,1,3.2,6.2,3.2,6.2,3,32.0,0,16.0
2020,11,00-0033857,J.Smith-Schuster,PIT,WR,1,1.9,5.9,1.9,5.9,4,19.0,0,16.0
2020,11,00-0027944,J.Jones,ATL,WR,1,3.9,5.9,3.9,5.9,2,39.0,0,7.0
2020,11,00-0034983,H.Renfrow,LV,WR,1,3.7,5.7,3.7,5.7,2,37.0,0,14.0
2020,11,00-0036410,T.Higgins,CIN,WR,1,2.6,5.6,2.6,5.6,3,26.0,0,5.0
2020,11,00-0030663,W.Snead,BAL,WR,1,2.3,5.3,2.3,5.3,3,23.0,0,11.0
2020,11,00-0034764,M.Gallup,DAL,WR,1,2.9,4.9,2.9,4.9,2,29.0,0,9.0
2020,11,00-0034132,C.Blake,ATL,WR,1,2.8,4.8,2.8,4.8,2,28.0,0,9.0
2020,11,00-0034297,B.Pringle,KC,WR,1,1.7,4.7,1.7,4.7,3,17.0,0,11.0
2020,11,00-0033681,K.Cole,JAX,WR,1,2.6,4.6,2.6,4.6,2,26.0,0,3.0
2020,11,00-0033094,M.Hall,DET,WR,1,1.6,4.6,1.6,4.6,3,16.0,0,7.0
2020,11,00-0031382,J.Landry,CLE,WR,1,2.6,4.6,2.6,4.6,2,23.0,0,13.0
2020,11,00-0034652,C.Batson,TEN,WR,1,2.5,4.5,2.5,4.5,2,21.0,0,21.0
2020,11,00-0034104,C.Sims,WAS,WR,1,2.0,4.0,2.0,4.0,2,20.0,0,16.0
2020,11,00-0033572,J.Agnew,DET,WR,1,1.0,4.0,1.0,4.0,3,10.0,0,9.0
2020,11,00-0033733,G.Ward,PHI,WR,1,0.9,3.9,0.9,3.9,3,9.0,0,12.0
2020,11,00-0034521,A.Lazard,GB,WR,1,1.8,3.8,1.8,3.8,2,18.0,0,4.0
2020,11,00-0032791,J.Grant,MIA,WR,1,1.5,3.5,1.5,3.5,2,12.0,0,6.0
2020,11,00-0035215,D.Harty,NO,WR,1,2.5,3.5,2.5,3.5,1,2.0,0,6.0
2020,11,00-0034279,E.St. Brown,GB,WR,1,2.3,3.3,2.3,3.3,1,23.0,0,25.0
2020,11,00-0035848,D.Harris,IND,WR,1,2.0,3.0,2.0,3.0,1,1.0,0,4.0
2020,11,00-0033891,Z.Jones,LV,WR,1,1.8,2.8,1.8,2.8,1,18.0,0,18.0
2020,11,00-0036357,H.Ruggs,LV,WR,1,1.7,2.7,1.7,2.7,1,5.0,0,5.0
2020,11,00-0031941,J.Crowder,NYJ,WR,1,1.6,2.6,1.6,2.6,1,16.0,0,1.0
2020,11,00-0035140,M.Hardman,KC,WR,1,1.6,2.6,1.6,2.6,1,16.0,0,5.0
2020,11,00-0031339,D.Moncrief,NE,WR,1,1.5,2.5,1.5,2.5,1,15.0,0,14.0
2020,11,00-0033589,D.Moore,SEA,WR,1,0.5,2.5,0.5,2.5,2,5.0,0,6.0
2020,11,00-0036133,J.Proche,BAL,WR,1,1.4,2.4,1.4,2.4,1,14.0,0,8.0
2020,11,00-0032980,M.Johnson,IND,WR,1,1.4,2.4,1.4,2.4,1,14.0,0,0.0
2020,11,00-0034772,A.Callaway,MIA,WR,1,1.3,2.3,1.3,2.3,1,13.0,0,3.0
2020,11,00-0032128,C.Conley,JAX,WR,1,1.3,2.3,1.3,2.3,1,13.0,0,14.0
2020,11,00-0034676,J.Washington,PIT,WR,1,1.2,2.2,1.2,2.2,1,12.0,0,0.0
2020,11,00-0032543,A.Erickson,CIN,WR,1,1.0,2.0,1.0,2.0,1,8.0,0,7.0
2020,11,00-0035208,O.Zaccheaus,ATL,WR,1,1.0,2.0,1.0,2.0,1,10.0,0,-1.0
2020,11,00-0033555,M.Hollins,MIA,WR,1,0.9,1.9,0.9,1.9,1,9.0,0,5.0
2020,11,00-0035006,O.Johnson,MIN,WR,1,0.9,1.9,0.9,1.9,1,9.0,0,4.0
2020,11,00-0036277,Q.Cephus,DET,WR,1,0.9,1.9,0.9,1.9,1,9.0,0,0.0
2020,11,00-0035592,T.Fulgham,PHI,WR,1,0.8,1.8,0.8,1.8,1,8.0,0,0.0
2020,11,00-0036142,I.Wright,WAS,WR,1,0.7,1.7,0.7,1.7,1,7.0,0,7.0
2020,11,00-0034418,C.Wilson,DAL,WR,1,0.7,1.7,0.7,1.7,1,7.0,0,1.0
2020,11,00-0036182,N.Westbrook-Ikhine,TEN,WR,1,0.7,1.7,0.7,1.7,1,7.0,0,0.0
2020,11,00-0035527,A.Isabella,ARI,WR,1,0.6,1.6,0.6,1.6,1,6.0,0,9.0
2020,11,00-0033591,N.Brown,DAL,WR,1,0.6,1.6,0.6,1.6,1,6.0,0,2.0
2020,11,00-0036331,D.Duvernay,BAL,WR,1,0.5,1.5,0.5,1.5,1,5.0,0,9.0
2020,11,00-0035510,J.Smith,NYJ,WR,1,0.5,1.5,0.5,1.5,1,5.0,0,0.0
2020,11,00-0034686,A.Tate,CIN,WR,1,0.5,1.5,0.5,1.5,1,5.0,0,0.0
2020,11,00-0035414,J.Guyton,LAC,WR,1,0.4,1.4,0.4,1.4,1,4.0,0,0.0
2020,11,00-0036365,B.Edwards,LV,WR,1,0.1,1.1,0.1,1.1,1,1.0,0,0.0
2020,11,00-0034646,B.Powell,ATL,WR,1,0.3,0.3,0.3,0.3,0,0.0,0,0.0
2020,11,00-0035662,M.Brown,BAL,WR,1,0.0,0.0,0.0,0.0,0,0.0,0,0.0
2020,11,00-0029137,A.Jeffery,PHI,WR,1,0.0,0.0,0.0,0.0,0,0.0,0,0.0
2020,10,00-0029000,C.Beasley,BUF,WR,1,16.9,27.9,16.9,27.9,11,109.0,1,40.0
2020,10,00-0030564,D.Hopkins,ARI,WR,1,18.7,25.7,18.7,25.7,7,127.0,1,33.0
2020,10,00-0031588,S.Diggs,BUF,WR,1,15.3,25.3,15.3,25.3,10,93.0,1,39.0
2020,10,00-0034272,M.Valdes-Scantling,GB,WR,1,20.9,24.9,20.9,24.9,4,149.0,1,81.0
2020,10,00-0036410,T.Higgins,CIN,WR,1,17.5,24.5,17.5,24.5,7,115.0,1,53.0
2020,10,00-0035216,D.Johnson,PIT,WR,1,17.6,23.6,17.6,23.6,6,116.0,1,52.0
2020,10,00-0029293,M.Jones,DET,WR,1,15.6,23.6,15.6,23.6,8,96.0,1,15.0
2020,10,00-0030663,W.Snead,BAL,WR,1,18.4,23.4,18.4,23.4,5,64.0,2,33.0
2020,10,00-0033857,J.Smith-Schuster,PIT,WR,1,13.7,22.7,13.7,22.7,9,77.0,1,23.0
2020,10,00-0036322,J.Jefferson,MIN,WR,1,13.5,21.5,13.5,21.5,8,135.0,0,66.0
2020,10,00-0036326,C.Claypool,PIT,WR,1,17.3,21.3,17.3,21.3,4,56.0,2,27.0
2020,10,00-0031381,D.Adams,GB,WR,1,12.6,20.6,12.6,20.6,8,66.0,1,52.0
2020,10,00-0030035,A.Thielen,MIN,WR,1,16.3,20.3,16.3,20.3,4,43.0,2,7.0
2020,10,00-0036261,B.Aiyuk,SF,WR,1,12.7,19.7,12.7,19.7,7,75.0,1,33.0
2020,10,00-0031408,M.Evans,TB,WR,1,13.7,19.7,13.7,19.7,6,77.0,1,29.0
2020,10,00-0034827,D.Moore,CAR,WR,1,15.6,19.6,15.6,19.6,4,96.0,1,39.0
2020,10,00-0036252,M.Pittman,IND,WR,1,12.2,19.2,12.2,19.2,7,101.0,0,57.0
2020,10,00-0035659,T.McLaurin,WAS,WR,1,12.2,19.2,12.2,19.2,7,95.0,0,36.0
2020,10,00-0033943,J.Reynolds,LA,WR,1,9.4,17.4,9.4,17.4,8,94.0,0,36.0
2020,10,00-0034960,J.Meyers,NE,WR,1,11.1,16.1,11.1,16.1,5,59.0,0,15.0
2020,10,00-0033681,K.Cole,JAX,WR,1,10.7,15.7,10.7,15.7,5,47.0,1,28.0
2020,10,00-0033921,C.Godwin,TB,WR,1,9.2,15.2,9.2,15.2,6,92.0,0,47.0
2020,10,00-0035535,D.Slayton,NYG,WR,1,9.3,14.3,9.3,14.3,5,93.0,0,24.0
2020,10,00-0032791,J.Grant,MIA,WR,1,10.3,14.3,10.3,14.3,4,43.0,1,8.0
2020,10,00-0033094,M.Hall,DET,WR,1,12.1,14.1,12.1,14.1,2,61.0,1,16.0
2020,10,00-0027793,A.Brown,TB,WR,1,6.6,13.6,6.6,13.6,7,69.0,0,38.0
2020,10,00-0034370,D.Hamilton,DEN,WR,1,9.3,13.3,9.3,13.3,4,33.0,1,1.0
2020,10,00-0031051,J.Brown,BUF,WR,1,7.2,13.2,7.2,13.2,6,72.0,0,49.0
2020,10,00-0030279,K.Allen,LAC,WR,1,9.9,12.9,9.9,12.9,3,39.0,1,33.0
2020,10,00-0036142,I.Wright,WAS,WR,1,5.9,11.9,5.9,11.9,6,59.0,0,32.0
2020,10,00-0033871,C.Davis,TEN,WR,1,6.7,11.7,6.7,11.7,5,67.0,0,17.0
2020,10,00-0032211,T.Lockett,SEA,WR,1,6.6,11.6,6.6,11.6,5,66.0,0,26.0
2020,10,00-0036407,J.Jeudy,DEN,WR,1,6.8,10.8,6.8,10.8,4,68.0,0,4.0
2020,10,00-0032385,S.Shepard,NYG,WR,1,4.7,10.7,4.7,10.7,6,47.0,0,7.0
2020,10,00-0031428,A.Robinson,CHI,WR,1,4.3,10.3,4.3,10.3,6,43.0,0,14.0
2020,10,00-0033375,T.Patrick,DEN,WR,1,6.1,10.1,6.1,10.1,4,61.0,0,16.0
2020,10,00-0033009,T.Boyd,CIN,WR,1,4.1,10.1,4.1,10.1,6,41.0,0,19.0
2020,10,00-0033908,C.Kupp,LA,WR,1,5.0,10.0,5.0,10.0,5,50.0,0,20.0
2020,10,00-0031236,B.Cooks,HOU,WR,1,3.9,9.9,3.9,9.9,6,39.0,0,31.0
2020,10,00-0034777,D.Chark,JAX,WR,1,5.6,9.6,5.6,9.6,4,56.0,0,36.0
2020,10,00-0034928,S.Sims,WAS,WR,1,4.6,9.6,4.6,9.6,5,46.0,0,18.0
2020,10,00-0034104,C.Sims,WAS,WR,1,5.4,9.4,5.4,9.4,4,54.0,0,25.0
2020,10,00-0036412,K.Hamler,DEN,WR,1,5.0,9.0,5.0,9.0,4,50.0,0,23.0
2020,10,00-0033733,G.Ward,PHI,WR,1,3.9,8.9,3.9,8.9,5,39.0,0,32.0
2020,10,00-0033127,W.Fuller,HOU,WR,1,3.8,8.8,3.8,8.8,5,38.0,0,24.0
2020,10,00-0036387,J.Reagor,PHI,WR,1,4.7,8.7,4.7,8.7,4,47.0,0,16.0
2020,10,00-0030431,R.Woods,LA,WR,1,3.6,8.6,3.6,8.6,5,33.0,0,33.0
2020,10,00-0032128,C.Conley,JAX,WR,1,4.3,8.3,4.3,8.3,4,43.0,0,14.0
2020,10,00-0029608,T.Hilton,IND,WR,1,4.0,8.0,4.0,8.0,4,40.0,0,18.0
2020,10,00-0032977,R.Higgins,CLE,WR,1,4.8,7.8,4.8,7.8,3,48.0,0,6.0
2020,10,00-0036331,D.Duvernay,BAL,WR,1,4.5,7.5,4.5,7.5,3,45.0,0,29.0
2020,10,00-0033251,Z.Pascal,IND,WR,1,3.3,7.3,3.3,7.3,4,33.0,0,31.0
2020,10,00-0028002,R.Cobb,HOU,WR,1,4.1,7.1,4.1,7.1,3,41.0,0,11.0
2020,10,00-0034775,C.Kirk,ARI,WR,1,2.7,6.7,2.7,6.7,4,27.0,0,12.0
2020,10,00-0036247,F.Swain,SEA,WR,1,3.7,6.7,3.7,6.7,3,37.0,0,28.0
2020,10,00-0033307,K.Bourne,SF,WR,1,2.6,6.6,2.6,6.6,4,26.0,0,11.0
2020,10,00-0027891,G.Tate,NYG,WR,1,4.4,6.4,4.4,6.4,2,44.0,0,4.0
2020,10,00-0035215,D.Harty,NO,WR,1,2.4,6.4,2.4,6.4,4,24.0,0,27.0
2020,10,00-0035414,J.Guyton,LAC,WR,1,2.4,6.4,2.4,6.4,4,24.0,0,23.0
2020,10,00-0036357,H.Ruggs,LV,WR,1,3.1,6.1,3.1,6.1,3,31.0,0,8.0
2020,10,00-0032688,R.Chosen,CAR,WR,1,2.1,6.1,2.1,6.1,4,21.0,0,3.0
2020,10,00-0031382,J.Landry,CLE,WR,1,2.9,5.9,2.9,5.9,3,29.0,0,14.0
2020,10,00-0033536,M.Williams,LAC,WR,1,3.8,5.8,3.8,5.8,2,38.0,0,8.0
2020,10,00-0033466,I.McKenzie,BUF,WR,1,4.8,5.8,4.8,5.8,1,2.0,0,0.0
2020,10,00-0034286,R.James,SF,WR,1,2.6,5.6,2.6,5.6,3,26.0,0,8.0
2020,10,00-0031547,D.Parker,MIA,WR,1,3.1,5.1,3.1,5.1,2,31.0,0,2.0
2020,10,00-0034676,J.Washington,PIT,WR,1,3.0,5.0,3.0,5.0,2,30.0,0,14.0
2020,10,00-0034983,H.Renfrow,LV,WR,1,3.0,5.0,3.0,5.0,2,30.0,0,23.0
2020,10,00-0035640,D.Metcalf,SEA,WR,1,2.8,4.8,2.8,4.8,2,28.0,0,4.0
2020,10,00-0034353,A.Miller,CHI,WR,1,2.8,4.8,2.8,4.8,2,28.0,0,17.0
2020,10,00-0032765,M.Thomas,NO,WR,1,2.7,4.7,2.7,4.7,2,27.0,0,10.0
2020,10,00-0034686,A.Tate,CIN,WR,1,2.4,4.4,2.4,4.4,2,24.0,0,17.0
2020,10,00-0033282,C.Samuel,CAR,WR,1,1.2,4.2,1.2,4.2,3,8.0,0,11.0
2020,10,00-0026035,D.Amendola,DET,WR,1,1.0,4.0,1.0,4.0,3,10.0,0,15.0
2020,10,00-0033589,D.Moore,SEA,WR,1,1.8,3.8,1.8,3.8,2,16.0,0,15.0
2020,10,00-0034309,C.Beebe,MIN,WR,1,1.6,3.6,1.6,3.6,2,16.0,0,8.0
2020,10,00-0036233,D.Peoples-Jones,CLE,WR,1,1.6,3.6,1.6,3.6,2,16.0,0,1.0
2020,10,00-0035662,M.Brown,BAL,WR,1,1.4,3.4,1.4,3.4,2,14.0,0,3.0
2020,10,00-0022921,L.Fitzgerald,ARI,WR,1,1.3,3.3,1.3,3.3,2,13.0,0,12.0
2020,10,00-0035848,D.Harris,IND,WR,1,2.1,3.1,2.1,3.1,1,21.0,0,3.0
2020,10,00-0035676,A.Brown,TEN,WR,1,2.1,3.1,2.1,3.1,1,21.0,0,10.0
2020,10,00-0034652,C.Batson,TEN,WR,1,0.8,2.8,0.8,2.8,2,8.0,0,3.0
2020,10,00-0036365,B.Edwards,LV,WR,1,1.6,2.6,1.6,2.6,1,16.0,0,1.0
2020,10,00-0036415,V.Jefferson,LA,WR,1,1.5,2.5,1.5,2.5,1,15.0,0,1.0
2020,10,00-0035527,A.Isabella,ARI,WR,1,1.4,2.4,1.4,2.4,1,14.0,0,0.0
2020,10,00-0036309,D.Mooney,CHI,WR,1,0.3,2.3,0.3,2.3,2,3.0,0,2.0
2020,10,00-0034407,R.McCloud,PIT,WR,1,0.3,2.3,0.3,2.3,2,4.0,0,11.0
2020,10,00-0036277,Q.Cephus,DET,WR,1,1.0,2.0,1.0,2.0,1,10.0,0,3.0
2020,10,00-0035869,A.Mack,NYG,WR,1,0.9,1.9,0.9,1.9,1,9.0,0,2.0
2020,10,00-0035592,T.Fulgham,PHI,WR,1,0.8,1.8,0.8,1.8,1,8.0,0,0.0
2020,10,00-0031549,N.Agholor,LV,WR,1,0.8,1.8,0.8,1.8,1,8.0,0,0.0
2020,10,00-0030085,K.Stills,HOU,WR,1,0.6,1.6,0.6,1.6,1,6.0,0,0.0
2020,10,00-0033891,Z.Jones,LV,WR,1,0.6,1.6,0.6,1.6,1,6.0,0,6.0
2020,10,00-0027685,E.Sanders,NO,WR,1,0.5,1.5,0.5,1.5,1,5.0,0,4.0
2020,10,00-0035298,S.Miller,TB,WR,1,0.4,1.4,0.4,1.4,1,4.0,0,5.0
2020,10,00-0033555,M.Hollins,MIA,WR,1,0.1,1.1,0.1,1.1,1,1.0,0,1.0
2020,10,00-0035006,O.Johnson,MIN,WR,1,0.0,0.0,0.0,0.0,0,0.0,0,0.0
2020,10,00-0034765,T.Smith,NO,WR,1,0.0,0.0,0.0,0.0,0,0.0,0,0.0
2020,10,00-0034207,J.Badet,WAS,WR,1,0.0,0.0,0.0,0.0,0,0.0,0,0.0
2020,10,00-0035313,T.Godwin,JAX,WR,1,0.0,0.0,0.0,0.0,0,0.0,0,0.0
2020,10,00-0027942,A.Green,CIN,WR,1,0.0,0.0,0.0,0.0,0,0.0,0,0.0
2020,10,00-0036196,G.Davis,BUF,WR,1,0.0,0.0,0.0,0.0,0,0.0,0,0.0
2020,10,00-0033114,M.Thomas,CIN,WR,1,0.0,0.0,0.0,0.0,0,0.0,0,0.0
2020,10,00-0032980,M.Johnson,IND,WR,1,0.0,0.0,0.0,0.0,0,0.0,0,0.0
2020,10,00-0036182,N.Westbrook-Ikhine,TEN,WR,1,0.0,0.0,0.0,0.0,0,0.0,0,0.0
2020,10,00-0029137,A.Jeffery,PHI,WR,1,0.0,0.0,0.0,0.0,0,0.0,0,0.0
2020,10,00-0034854,K.Hodge,CLE,WR,1,0.0,0.0,0.0,0.0,0,0.0,0,0.0
2020,10,00-0036427,T.Johnson,TB,WR,1,0.0,0.0,0.0,0.0,0,0.0,0,0.0
2020,9,00-0034286,R.James,SF,WR,1,24.4,33.4,24.4,33.4,9,184.0,1,133.0
2020,9,00-0031381,D.Adams,GB,WR,1,23.3,33.3,23.3,33.3,10,173.0,1,63.0
2020,9,00-0033040,T.Hill,KC,WR,1,24.1,33.1,24.1,33.1,9,113.0,2,22.0
2020,9,00-0034960,J.Meyers,NE,WR,1,16.9,28.9,16.9,28.9,12,169.0,0,34.0
2020,9,00-0034777,D.Chark,JAX,WR,1,20.6,27.6,20.6,27.6,7,146.0,1,52.0
2020,9,00-0032054,B.Perriman,NYJ,WR,1,22.1,27.1,22.1,27.1,5,101.0,2,22.0
2020,9,00-0033282,C.Samuel,CAR,WR,1,17.8,26.8,17.8,26.8,9,105.0,1,45.0
2020,9,00-0036407,J.Jeudy,DEN,WR,1,18.5,25.5,18.5,25.5,7,125.0,1,28.0
2020,9,00-0030279,K.Allen,LAC,WR,1,16.3,25.3,16.3,25.3,9,103.0,1,49.0
2020,9,00-0035659,T.McLaurin,WAS,WR,1,17.5,24.5,17.5,24.5,7,115.0,1,68.0
2020,9,00-0035640,D.Metcalf,SEA,WR,1,16.8,23.8,16.8,23.8,7,108.0,1,20.0
2020,9,00-0034775,C.Kirk,ARI,WR,1,18.3,23.3,18.3,23.3,5,123.0,1,15.0
2020,9,00-0033857,J.Smith-Schuster,PIT,WR,1,15.3,21.3,15.3,21.3,6,93.0,1,43.0
2020,9,00-0033127,W.Fuller,HOU,WR,1,16.0,21.0,16.0,21.0,5,100.0,1,65.0
2020,9,00-0031588,S.Diggs,BUF,WR,1,11.8,20.8,11.8,20.8,9,118.0,0,55.0
2020,9,00-0035208,O.Zaccheaus,ATL,WR,1,16.3,20.3,16.3,20.3,4,103.0,1,11.0
2020,9,00-0035676,A.Brown,TEN,WR,1,16.1,20.1,16.1,20.1,4,101.0,1,45.0
2020,9,00-0034272,M.Valdes-Scantling,GB,WR,1,17.3,19.3,17.3,19.3,2,53.0,2,1.0
2020,9,00-0031051,J.Brown,BUF,WR,1,9.9,17.9,9.9,17.9,8,99.0,0,57.0
2020,9,00-0031236,B.Cooks,HOU,WR,1,14.3,17.3,14.3,17.3,3,83.0,1,55.0
2020,9,00-0033589,D.Moore,SEA,WR,1,13.1,17.1,13.1,17.1,4,71.0,1,1.0
2020,9,00-0036358,C.Lamb,DAL,WR,1,13.1,17.1,13.1,17.1,4,71.0,1,4.0
2020,9,00-0036196,G.Davis,BUF,WR,1,13.0,17.0,13.0,17.0,4,70.0,1,21.0
2020,9,00-0027944,J.Jones,ATL,WR,1,11.4,16.4,11.4,16.4,5,54.0,1,11.0
2020,9,00-0035350,P.Williams,MIA,WR,1,12.0,16.0,12.0,16.0,4,60.0,1,10.0
2020,9,00-0036326,C.Claypool,PIT,WR,1,7.3,15.3,7.3,15.3,8,69.0,0,41.0
2020,9,00-0032688,R.Chosen,CAR,WR,1,6.3,15.3,6.3,15.3,9,63.0,0,34.0
2020,9,00-0031428,A.Robinson,CHI,WR,1,8.1,15.1,8.1,15.1,7,81.0,0,12.0
2020,9,00-0036412,K.Hamler,DEN,WR,1,9.0,15.0,9.0,15.0,6,75.0,0,32.0
2020,9,00-0026035,D.Amendola,DET,WR,1,7.9,14.9,7.9,14.9,7,77.0,0,52.0
2020,9,00-0035216,D.Johnson,PIT,WR,1,8.1,14.1,8.1,14.1,6,77.0,0,67.0
2020,9,00-0034104,C.Sims,WAS,WR,1,11.0,14.0,11.0,14.0,3,110.0,0,63.0
2020,9,00-0027685,E.Sanders,NO,WR,1,9.8,13.8,9.8,13.8,4,38.0,1,4.0
2020,9,00-0031549,N.Agholor,LV,WR,1,11.5,13.5,11.5,13.5,2,55.0,1,1.0
2020,9,00-0029293,M.Jones,DET,WR,1,10.3,13.3,10.3,13.3,3,43.0,1,21.0
2020,9,00-0033536,M.Williams,LAC,WR,1,8.1,13.1,8.1,13.1,5,81.0,0,16.0
2020,9,00-0033375,T.Patrick,DEN,WR,1,8.9,12.9,8.9,12.9,4,29.0,1,10.0
2020,9,00-0031544,A.Cooper,DAL,WR,1,7.5,12.5,7.5,12.5,5,67.0,0,16.0
2020,9,00-0032775,D.Robinson,KC,WR,1,9.4,12.4,9.4,12.4,3,34.0,1,8.0
2020,9,00-0031547,D.Parker,MIA,WR,1,6.4,12.4,6.4,12.4,6,64.0,0,11.0
2020,9,00-0032128,C.Conley,JAX,WR,1,5.2,12.2,5.2,12.2,7,52.0,0,27.0
2020,9,00-0032385,S.Shepard,NYG,WR,1,5.7,11.7,5.7,11.7,6,39.0,0,20.0
2020,9,00-0031868,D.Byrd,NE,WR,1,6.5,11.5,6.5,11.5,5,65.0,0,26.0
2020,9,00-0035869,A.Mack,NYG,WR,1,7.2,11.2,7.2,11.2,4,72.0,0,28.0
2020,9,00-0034353,A.Miller,CHI,WR,1,5.9,10.9,5.9,10.9,5,59.0,0,16.0
2020,9,00-0031941,J.Crowder,NYJ,WR,1,8.6,10.6,8.6,10.6,2,26.0,1,2.0
2020,9,00-0033251,Z.Pascal,IND,WR,1,5.5,10.5,5.5,10.5,5,55.0,0,40.0
2020,9,00-0031408,M.Evans,TB,WR,1,6.4,10.4,6.4,10.4,4,64.0,0,11.0
2020,9,00-0036255,D.Mims,NYJ,WR,1,6.2,10.2,6.2,10.2,4,62.0,0,27.0
2020,9,00-0032765,M.Thomas,NO,WR,1,5.1,10.1,5.1,10.1,5,51.0,0,17.0
2020,9,00-0036252,M.Pittman,IND,WR,1,5.6,9.6,5.6,9.6,4,56.0,0,20.0
2020,9,00-0033466,I.McKenzie,BUF,WR,1,8.6,9.6,8.6,9.6,1,25.0,1,1.0
2020,9,00-0035848,D.Harris,IND,WR,1,5.5,9.5,5.5,9.5,4,27.0,0,32.0
2020,9,00-0022921,L.Fitzgerald,ARI,WR,1,5.4,9.4,5.4,9.4,4,54.0,0,8.0
2020,9,00-0036322,J.Jefferson,MIN,WR,1,6.4,9.4,6.4,9.4,3,64.0,0,18.0
2020,9,00-0036309,D.Mooney,CHI,WR,1,4.3,9.3,4.3,9.3,5,43.0,0,7.0
2020,9,00-0034676,J.Washington,PIT,WR,1,7.7,8.7,7.7,8.7,1,17.0,1,0.0
2020,9,00-0034765,T.Smith,NO,WR,1,7.4,8.4,7.4,8.4,1,14.0,1,0.0
2020,9,00-0034646,B.Powell,ATL,WR,1,7.3,8.3,7.3,8.3,1,9.0,1,1.0
2020,9,00-0033555,M.Hollins,MIA,WR,1,7.1,8.1,7.1,8.1,1,11.0,1,0.0
2020,9,00-0034983,H.Renfrow,LV,WR,1,6.0,8.0,6.0,8.0,2,60.0,0,10.0
2020,9,00-0032211,T.Lockett,SEA,WR,1,4.0,8.0,4.0,8.0,4,40.0,0,10.0
2020,9,00-0035140,M.Hardman,KC,WR,1,4.8,7.8,4.8,7.8,3,48.0,0,12.0
2020,9,00-0030663,W.Snead,BAL,WR,1,3.7,7.7,3.7,7.7,4,37.0,0,18.0
2020,9,00-0032791,J.Grant,MIA,WR,1,3.5,7.5,3.5,7.5,4,35.0,0,10.0
2020,9,00-0033921,C.Godwin,TB,WR,1,4.1,7.1,4.1,7.1,3,41.0,0,4.0
2020,9,00-0029000,C.Beasley,BUF,WR,1,3.9,6.9,3.9,6.9,3,39.0,0,6.0
2020,9,00-0035662,M.Brown,BAL,WR,1,3.8,6.8,3.8,6.8,3,38.0,0,10.0
2020,9,00-0034764,M.Gallup,DAL,WR,1,3.6,6.6,3.6,6.6,3,36.0,0,5.0
2020,9,00-0034132,C.Blake,ATL,WR,1,3.1,6.1,3.1,6.1,3,31.0,0,3.0
2020,9,00-0027793,A.Brown,TB,WR,1,3.1,6.1,3.1,6.1,3,31.0,0,7.0
2020,9,00-0030564,D.Hopkins,ARI,WR,1,3.0,6.0,3.0,6.0,3,30.0,0,5.0
2020,9,00-0036142,I.Wright,WAS,WR,1,3.0,6.0,3.0,6.0,3,30.0,0,23.0
2020,9,00-0035457,T.Johnson,LAC,WR,1,5.0,6.0,5.0,6.0,1,50.0,0,0.0
2020,9,00-0033094,M.Hall,DET,WR,1,2.8,5.8,2.8,5.8,3,28.0,0,3.0
2020,9,00-0030035,A.Thielen,MIN,WR,1,3.8,5.8,3.8,5.8,2,38.0,0,12.0
2020,9,00-0028002,R.Cobb,HOU,WR,1,2.1,5.1,2.1,5.1,3,21.0,0,8.0
2020,9,00-0036277,Q.Cephus,DET,WR,1,3.1,5.1,3.1,5.1,2,31.0,0,14.0
2020,9,00-0035215,D.Harty,NO,WR,1,4.0,5.0,4.0,5.0,1,40.0,0,25.0
2020,9,00-0035590,R.Ridley,CHI,WR,1,2.3,4.3,2.3,4.3,2,23.0,0,-2.0
2020,9,00-0034827,D.Moore,CAR,WR,1,1.8,3.8,1.8,3.8,2,18.0,0,8.0
2020,9,00-0034052,B.Zylstra,CAR,WR,1,2.8,3.8,2.8,3.8,1,28.0,0,10.0
2020,9,00-0034407,R.McCloud,PIT,WR,1,1.6,3.6,1.6,3.6,2,16.0,0,14.0
2020,9,00-0032980,M.Johnson,IND,WR,1,1.4,3.4,1.4,3.4,2,14.0,0,10.0
2020,9,00-0034054,R.Cracraft,SF,WR,1,1.3,3.3,1.3,3.3,2,13.0,0,0.0
2020,9,00-0034370,D.Hamilton,DEN,WR,1,1.2,3.2,1.2,3.2,2,12.0,0,5.0
2020,9,00-0036219,M.Callaway,NO,WR,1,1.1,3.1,1.1,3.1,2,11.0,0,3.0
2020,9,00-0034411,R.Gage,ATL,WR,1,1.1,3.1,1.1,3.1,2,11.0,0,4.0
2020,9,00-0035527,A.Isabella,ARI,WR,1,1.0,3.0,1.0,3.0,2,10.0,0,-2.0
2020,9,00-0035645,G.Olszewski,NE,WR,1,1.5,2.5,1.5,2.5,1,-1.0,0,3.0
2020,9,00-0034419,B.Berrios,NYJ,WR,1,1.3,2.3,1.3,2.3,1,13.0,0,10.0
2020,9,00-0035703,M.Boykin,BAL,WR,1,1.1,2.1,1.1,2.1,1,11.0,0,7.0
2020,9,00-0036427,T.Johnson,TB,WR,1,1.1,2.1,1.1,2.1,1,11.0,0,0.0
2020,9,00-0035298,S.Miller,TB,WR,1,1.0,2.0,1.0,2.0,1,10.0,0,-1.0
2020,9,00-0033367,C.Board,NYG,WR,1,1.0,2.0,1.0,2.0,1,10.0,0,0.0
2020,9,00-0035414,J.Guyton,LAC,WR,1,0.9,1.9,0.9,1.9,1,9.0,0,7.0
2020,9,00-0033292,T.Taylor,SF,WR,1,0.9,1.9,0.9,1.9,1,9.0,0,2.0
2020,9,00-0036254,C.Johnson,JAX,WR,1,0.9,1.9,0.9,1.9,1,9.0,0,6.0
2020,9,00-0035535,D.Slayton,NYG,WR,1,0.8,1.8,0.8,1.8,1,6.0,0,0.0
2020,9,00-0034652,C.Batson,TEN,WR,1,0.6,1.6,0.6,1.6,1,6.0,0,4.0
2020,9,00-0033681,K.Cole,JAX,WR,1,0.6,1.6,0.6,1.6,1,6.0,0,0.0
2020,9,00-0034418,C.Wilson,DAL,WR,1,0.6,1.6,0.6,1.6,1,6.0,0,0.0
2020,9,00-0034928,S.Sims,WAS,WR,1,0.4,1.4,0.4,1.4,1,4.0,0,0.0
2020,9,00-0035181,D.Shepherd,GB,WR,1,0.3,1.3,0.3,1.3,1,3.0,0,5.0
2020,9,00-0036357,H.Ruggs,LV,WR,1,1.0,1.0,1.0,1.0,0,0.0,0,0.0
2020,9,00-0035480,M.Taylor,GB,WR,1,0.9,0.9,0.9,0.9,0,0.0,0,0.0
2020,9,00-0036268,L.Shenault,JAX,WR,1,-0.1,0.9,-0.1,0.9,1,-1.0,0,2.0
2020,9,00-0036377,J.Reed,LAC,WR,1,0.7,0.7,0.7,0.7,0,0.0,0,0.0
2020,9,00-0036439,T.Cleveland,DEN,WR,1,0.0,0.0,0.0,0.0,0,0.0,0,0.0
2020,9,00-0033871,C.Davis,TEN,WR,1,0.0,0.0,0.0,0.0,0,0.0,0,0.0
2020,9,00-0036247,F.Swain,SEA,WR,1,0.0,0.0,0.0,0.0,0,0.0,0,0.0
2020,9,00-0036331,D.Duvernay,BAL,WR,1,-0.1,-0.1,-0.1,-0.1,0,0.0,0,0.0
2020,8,00-0035640,D.Metcalf,SEA,WR,1,28.1,40.1,28.1,40.1,12,161.0,2,64.0
2020,8,00-0031381,D.Adams,GB,WR,1,23.3,30.3,23.3,30.3,7,53.0,3,14.0
2020,8,00-0030431,R.Woods,LA,WR,1,21.4,28.4,21.4,28.4,7,85.0,1,38.0
2020,8,00-0033871,C.Davis,TEN,WR,1,18.8,26.8,18.8,26.8,8,128.0,1,24.0
2020,8,00-0033040,T.Hill,KC,WR,1,21.8,25.8,21.8,25.8,4,98.0,2,17.0
2020,8,00-0036261,B.Aiyuk,SF,WR,1,15.1,23.1,15.1,23.1,8,91.0,1,24.0
2020,8,00-0035140,M.Hardman,KC,WR,1,15.6,22.6,15.6,22.6,7,96.0,1,57.0
2020,8,00-0033908,C.Kupp,LA,WR,1,11.0,22.0,11.0,22.0,11,110.0,0,61.0
2020,8,00-0030279,K.Allen,LAC,WR,1,12.7,21.7,12.7,21.7,9,67.0,1,22.0
2020,8,00-0033282,C.Samuel,CAR,WR,1,17.4,21.4,17.4,21.4,4,31.0,1,7.0
2020,8,00-0033536,M.Williams,LAC,WR,1,16.0,21.0,16.0,21.0,5,99.0,1,6.0
2020,8,00-0031428,A.Robinson,CHI,WR,1,14.7,20.7,14.7,20.7,6,87.0,1,14.0
2020,8,00-0027944,J.Jones,ATL,WR,1,13.7,20.7,13.7,20.7,7,137.0,0,28.0
2020,8,00-0035592,T.Fulgham,PHI,WR,1,13.8,19.8,13.8,19.8,6,78.0,1,19.0
2020,8,00-0033009,T.Boyd,CIN,WR,1,13.6,19.6,13.6,19.6,6,67.0,1,14.0
2020,8,00-0029293,M.Jones,DET,WR,1,15.9,18.9,15.9,18.9,3,39.0,2,8.0
2020,8,00-0034370,D.Hamilton,DEN,WR,1,14.2,18.2,14.2,18.2,4,82.0,1,44.0
2020,8,00-0036309,D.Mooney,CHI,WR,1,12.9,17.9,12.9,17.9,5,69.0,1,11.0
2020,8,00-0031408,M.Evans,TB,WR,1,11.5,16.5,11.5,16.5,5,55.0,1,11.0
2020,8,00-0032775,D.Robinson,KC,WR,1,12.3,16.3,12.3,16.3,4,63.0,1,11.0
2020,8,00-0033307,K.Bourne,SF,WR,1,8.1,16.1,8.1,16.1,8,81.0,0,24.0
2020,8,00-0030663,W.Snead,BAL,WR,1,10.6,15.6,10.6,15.6,5,106.0,0,57.0
2020,8,00-0032385,S.Shepard,NYG,WR,1,7.4,15.4,7.4,15.4,8,74.0,0,31.0
2020,8,00-0033094,M.Hall,DET,WR,1,11.3,15.3,11.3,15.3,4,113.0,0,20.0
2020,8,00-0034353,A.Miller,CHI,WR,1,7.3,15.3,7.3,15.3,8,73.0,0,19.0
2020,8,00-0036326,C.Claypool,PIT,WR,1,10.2,15.2,10.2,15.2,5,42.0,1,7.0
2020,8,00-0031588,S.Diggs,BUF,WR,1,9.2,15.2,9.2,15.2,6,92.0,0,37.0
2020,8,00-0036410,T.Higgins,CIN,WR,1,8.4,14.4,8.4,14.4,6,78.0,0,12.0
2020,8,00-0033857,J.Smith-Schuster,PIT,WR,1,6.7,13.7,6.7,13.7,7,67.0,0,32.0
2020,8,00-0033589,D.Moore,SEA,WR,1,10.6,13.6,10.6,13.6,3,18.0,1,6.0
2020,8,00-0034686,A.Tate,CIN,WR,1,6.5,13.5,6.5,13.5,7,65.0,0,27.0
2020,8,00-0034764,M.Gallup,DAL,WR,1,6.1,13.1,6.1,13.1,7,61.0,0,49.0
2020,8,00-0034983,H.Renfrow,LV,WR,1,8.6,12.6,8.6,12.6,4,26.0,1,10.0
2020,8,00-0035676,A.Brown,TEN,WR,1,8.4,12.4,8.4,12.4,4,24.0,1,19.0
2020,8,00-0027891,G.Tate,NYG,WR,1,10.0,12.0,10.0,12.0,2,31.0,1,6.0
2020,8,00-0034960,J.Meyers,NE,WR,1,5.8,11.8,5.8,11.8,6,58.0,0,10.0
2020,8,00-0034419,B.Berrios,NYJ,WR,1,3.4,11.4,3.4,11.4,8,34.0,0,25.0
2020,8,00-0036407,J.Jeudy,DEN,WR,1,7.3,11.3,7.3,11.3,4,73.0,0,22.0
2020,8,00-0036387,J.Reagor,PHI,WR,1,8.2,11.2,8.2,11.2,3,16.0,1,6.0
2020,8,00-0035535,D.Slayton,NYG,WR,1,5.6,10.6,5.6,10.6,5,56.0,0,31.0
2020,8,00-0036412,K.Hamler,DEN,WR,1,7.3,10.3,7.3,10.3,3,13.0,1,3.0
2020,8,00-0035703,M.Boykin,BAL,WR,1,8.0,10.0,8.0,10.0,2,20.0,1,1.0
2020,8,00-0032688,R.Chosen,CAR,WR,1,4.8,9.8,4.8,9.8,5,48.0,0,23.0
2020,8,00-0034765,T.Smith,NO,WR,1,4.3,9.3,4.3,9.3,5,43.0,0,8.0
2020,8,00-0031382,J.Landry,CLE,WR,1,5.2,9.2,5.2,9.2,4,52.0,0,26.0
2020,8,00-0033006,J.Mickens,TB,WR,1,3.6,8.6,3.6,8.6,5,36.0,0,15.0
2020,8,00-0036358,C.Lamb,DAL,WR,1,4.6,8.6,4.6,8.6,4,27.0,0,10.0
2020,8,00-0026035,D.Amendola,DET,WR,1,5.4,8.4,5.4,8.4,3,54.0,0,16.0
2020,8,00-0033943,J.Reynolds,LA,WR,1,4.4,8.4,4.4,8.4,4,44.0,0,34.0
2020,8,00-0034827,D.Moore,CAR,WR,1,5.5,7.5,5.5,7.5,2,55.0,0,10.0
2020,8,00-0033251,Z.Pascal,IND,WR,1,4.4,7.4,4.4,7.4,3,44.0,0,27.0
2020,8,00-0032211,T.Lockett,SEA,WR,1,3.3,7.3,3.3,7.3,4,33.0,0,10.0
2020,8,00-0035662,M.Brown,BAL,WR,1,6.3,7.3,6.3,7.3,1,3.0,1,0.0
2020,8,00-0031547,D.Parker,MIA,WR,1,6.3,7.3,6.3,7.3,1,3.0,1,0.0
2020,8,00-0034837,C.Ridley,ATL,WR,1,4.2,7.2,4.2,7.2,3,42.0,0,11.0
2020,8,00-0035298,S.Miller,TB,WR,1,4.2,7.2,4.2,7.2,3,35.0,0,0.0
2020,8,00-0031868,D.Byrd,NE,WR,1,3.9,6.9,3.9,6.9,3,39.0,0,10.0
2020,8,00-0033292,T.Taylor,SF,WR,1,3.2,6.2,3.2,6.2,3,32.0,0,14.0
2020,8,00-0036255,D.Mims,NYJ,WR,1,4.2,6.2,4.2,6.2,2,42.0,0,6.0
2020,8,00-0032980,M.Johnson,IND,WR,1,3.9,5.9,3.9,5.9,2,39.0,0,8.0
2020,8,00-0035510,J.Smith,NYJ,WR,1,2.9,5.9,2.9,5.9,3,29.0,0,18.0
2020,8,00-0030035,A.Thielen,MIN,WR,1,2.7,5.7,2.7,5.7,3,27.0,0,15.0
2020,8,00-0036322,J.Jefferson,MIN,WR,1,2.6,5.6,2.6,5.6,3,26.0,0,14.0
2020,8,00-0036427,T.Johnson,TB,WR,1,3.5,5.5,3.5,5.5,2,35.0,0,0.0
2020,8,00-0034297,B.Pringle,KC,WR,1,2.2,5.2,2.2,5.2,3,22.0,0,8.0
2020,8,00-0036331,D.Duvernay,BAL,WR,1,3.9,4.9,3.9,4.9,1,39.0,0,2.0
2020,8,00-0035215,D.Harty,NO,WR,1,1.7,4.7,1.7,4.7,3,19.0,0,11.0
2020,8,00-0034411,R.Gage,ATL,WR,1,2.5,4.5,2.5,4.5,2,25.0,0,23.0
2020,8,00-0029000,C.Beasley,BUF,WR,1,2.4,4.4,2.4,4.4,2,24.0,0,17.0
2020,8,00-0036415,V.Jefferson,LA,WR,1,2.3,4.3,2.3,4.3,2,23.0,0,0.0
2020,8,00-0033733,G.Ward,PHI,WR,1,1.2,4.2,1.2,4.2,3,10.0,0,1.0
2020,8,00-0027942,A.Green,CIN,WR,1,1.9,3.9,1.9,3.9,2,19.0,0,1.0
2020,8,00-0035480,M.Taylor,GB,WR,1,2.6,3.6,2.6,3.6,1,26.0,0,7.0
2020,8,00-0035350,P.Williams,MIA,WR,1,1.5,3.5,1.5,3.5,2,15.0,0,6.0
2020,8,00-0034132,C.Blake,ATL,WR,1,1.4,3.4,1.4,3.4,2,14.0,0,2.0
2020,8,00-0034272,M.Valdes-Scantling,GB,WR,1,2.3,3.3,2.3,3.3,1,19.0,0,1.0
2020,8,00-0031051,J.Brown,BUF,WR,1,2.1,3.1,2.1,3.1,1,21.0,0,24.0
2020,8,00-0036357,H.Ruggs,LV,WR,1,0.9,2.9,0.9,2.9,2,8.0,0,6.0
2020,8,00-0029608,T.Hilton,IND,WR,1,0.9,2.9,0.9,2.9,2,9.0,0,8.0
2020,8,00-0034309,C.Beebe,MIN,WR,1,1.6,2.6,1.6,2.6,1,16.0,0,11.0
2020,8,00-0032791,J.Grant,MIA,WR,1,1.5,2.5,1.5,2.5,1,15.0,0,0.0
2020,8,00-0032977,R.Higgins,CLE,WR,1,1.4,2.4,1.4,2.4,1,14.0,0,0.0
2020,8,00-0034631,V.Smith,NYJ,WR,1,1.3,2.3,1.3,2.3,1,13.0,0,1.0
2020,8,00-0036100,I.Zuber,NE,WR,1,1.3,2.3,1.3,2.3,1,13.0,0,17.0
2020,8,00-0035021,A.Dulin,IND,WR,1,1.3,2.3,1.3,2.3,1,13.0,0,14.0
2020,8,00-0034279,E.St. Brown,GB,WR,1,1.2,2.2,1.2,2.2,1,12.0,0,1.0
2020,8,00-0032464,K.Raymond,TEN,WR,1,1.1,2.1,1.1,2.1,1,11.0,0,5.0
2020,8,00-0033471,I.Ford,MIA,WR,1,1.0,2.0,1.0,2.0,1,10.0,0,7.0
2020,8,00-0033382,A.Carr,NO,WR,1,1.0,2.0,1.0,2.0,1,10.0,0,9.0
2020,8,00-0034426,J.Wims,CHI,WR,1,0.9,1.9,0.9,1.9,1,9.0,0,2.0
2020,8,00-0035181,D.Shepherd,GB,WR,1,0.6,1.6,0.6,1.6,1,6.0,0,2.0
2020,8,00-0036252,M.Pittman,IND,WR,1,0.6,1.6,0.6,1.6,1,6.0,0,4.0
2020,8,00-0035216,D.Johnson,PIT,WR,1,0.6,1.6,0.6,1.6,1,6.0,0,5.0
2020,8,00-0034407,R.McCloud,PIT,WR,1,0.6,1.6,0.6,1.6,1,6.0,0,7.0
2020,8,00-0032881,T.Lewis,NO,WR,1,0.5,1.5,0.5,1.5,1,5.0,0,0.0
2020,8,00-0031544,A.Cooper,DAL,WR,1,0.5,1.5,0.5,1.5,1,5.0,0,0.0
2020,8,00-0035414,J.Guyton,LAC,WR,1,0.3,1.3,0.3,1.3,1,3.0,0,3.0
2020,8,00-0033572,J.Agnew,DET,WR,1,1.1,1.1,1.1,1.1,0,0.0,0,0.0
2020,8,00-0035645,G.Olszewski,NE,WR,1,0.6,0.6,0.6,0.6,0,0.0,0,0.0
2020,8,00-0036398,J.Hightower,PHI,WR,1,0.0,0.0,0.0,0.0,0,0.0,0,0.0
2020,8,00-0036196,G.Davis,BUF,WR,1,0.0,0.0,0.0,0.0,0,0.0,0,0.0
2020,8,00-0036133,J.Proche,BAL,WR,1,0.0,0.0,0.0,0.0,0,0.0,0,0.0
2020,8,00-0033932,K.Golladay,DET,WR,1,0.0,0.0,0.0,0.0,0,0.0,0,0.0
2020,8,00-0033591,N.Brown,DAL,WR,1,0.0,0.0,0.0,0.0,0,0.0,0,0.0
2020,8,00-0034676,J.Washington,PIT,WR,1,0.0,0.0,0.0,0.0,0,0.0,0,0.0
2020,8,00-0032009,A.Humphries,TEN,WR,1,0.0,0.0,0.0,0.0,0,0.0,0,0.0
2020,8,00-0031549,N.Agholor,LV,WR,1,0.0,0.0,0.0,0.0,0,0.0,0,0.0
2020,8,00-0034418,C.Wilson,DAL,WR,1,-1.1,-1.1,-1.1,-1.1,0,0.0,0,0.0
2020,7,00-0032211,T.Lockett,SEA,WR,1,38.0,53.0,38.0,53.0,15,200.0,3,37.0
2020,7,00-0031381,D.Adams,GB,WR,1,31.6,44.6,31.6,44.6,13,196.0,2,102.0
2020,7,00-0035216,D.Johnson,PIT,WR,1,20.0,29.0,20.0,29.0,9,80.0,2,48.0
2020,7,00-0033009,T.Boyd,CIN,WR,1,16.9,27.9,16.9,27.9,11,101.0,1,44.0
2020,7,00-0035676,A.Brown,TEN,WR,1,21.3,27.3,21.3,27.3,6,153.0,1,96.0
2020,7,00-0030564,D.Hopkins,ARI,WR,1,16.3,26.3,16.3,26.3,10,103.0,1,21.0
2020,7,00-0034827,D.Moore,CAR,WR,1,21.3,25.3,21.3,25.3,4,93.0,2,49.0
2020,7,00-0033921,C.Godwin,TB,WR,1,14.8,23.8,14.8,23.8,9,88.0,1,27.0
2020,7,00-0035298,S.Miller,TB,WR,1,16.9,22.9,16.9,22.9,6,109.0,1,37.0
2020,7,00-0030279,K.Allen,LAC,WR,1,12.5,22.5,12.5,22.5,10,125.0,0,56.0
2020,7,00-0029000,C.Beasley,BUF,WR,1,11.2,22.2,11.2,22.2,11,112.0,0,66.0
2020,7,00-0035659,T.McLaurin,WAS,WR,1,15.0,22.0,15.0,22.0,7,90.0,1,31.0
2020,7,00-0031549,N.Agholor,LV,WR,1,16.7,21.7,16.7,21.7,5,107.0,1,14.0
2020,7,00-0034775,C.Kirk,ARI,WR,1,15.7,20.7,15.7,20.7,5,37.0,2,13.0
2020,7,00-0036410,T.Higgins,CIN,WR,1,13.8,18.8,13.8,18.8,5,71.0,1,21.0
2020,7,00-0032385,S.Shepard,NYG,WR,1,11.9,17.9,11.9,17.9,6,59.0,1,29.0
2020,7,00-0034837,C.Ridley,ATL,WR,1,12.9,17.9,12.9,17.9,5,69.0,1,1.0
2020,7,00-0027944,J.Jones,ATL,WR,1,9.7,17.7,9.7,17.7,8,97.0,0,29.0
2020,7,00-0033040,T.Hill,KC,WR,1,11.5,17.5,11.5,17.5,6,55.0,1,34.0
2020,7,00-0033857,J.Smith-Schuster,PIT,WR,1,8.5,17.5,8.5,17.5,9,85.0,0,35.0
2020,7,00-0036261,B.Aiyuk,SF,WR,1,11.5,17.5,11.5,17.5,6,115.0,0,53.0
2020,7,00-0028002,R.Cobb,HOU,WR,1,9.5,17.5,9.5,17.5,8,95.0,0,28.0
2020,7,00-0033932,K.Golladay,DET,WR,1,11.4,17.4,11.4,17.4,6,114.0,0,4.0
2020,7,00-0033282,C.Samuel,CAR,WR,1,11.3,17.3,11.3,17.3,6,48.0,0,30.0
2020,7,00-0032977,R.Higgins,CLE,WR,1,11.0,17.0,11.0,17.0,6,110.0,0,12.0
2020,7,00-0035414,J.Guyton,LAC,WR,1,14.4,16.4,14.4,16.4,2,84.0,1,40.0
2020,7,00-0033871,C.Davis,TEN,WR,1,9.5,15.5,9.5,15.5,6,35.0,1,7.0
2020,7,00-0036219,M.Callaway,NO,WR,1,7.5,15.5,7.5,15.5,8,75.0,0,20.0
2020,7,00-0031544,A.Cooper,DAL,WR,1,8.5,15.5,8.5,15.5,7,80.0,0,21.0
2020,7,00-0027942,A.Green,CIN,WR,1,8.2,15.2,8.2,15.2,7,82.0,0,18.0
2020,7,00-0033943,J.Reynolds,LA,WR,1,11.2,15.2,11.2,15.2,4,52.0,1,20.0
2020,7,00-0033733,G.Ward,PHI,WR,1,10.2,15.2,10.2,15.2,5,42.0,1,8.0
2020,7,00-0035215,D.Harty,NO,WR,1,10.6,14.6,10.6,14.6,4,46.0,1,0.0
2020,7,00-0036233,D.Peoples-Jones,CLE,WR,1,11.6,14.6,11.6,14.6,3,56.0,1,3.0
2020,7,00-0022921,L.Fitzgerald,ARI,WR,1,6.2,14.2,6.2,14.2,8,62.0,0,25.0
2020,7,00-0032688,R.Chosen,CAR,WR,1,7.4,13.4,7.4,13.4,6,74.0,0,35.0
2020,7,00-0029293,M.Jones,DET,WR,1,8.0,13.0,8.0,13.0,5,80.0,0,12.0
2020,7,00-0031236,B.Cooks,HOU,WR,1,6.0,13.0,6.0,13.0,7,60.0,0,19.0
2020,7,00-0033127,W.Fuller,HOU,WR,1,9.5,12.5,9.5,12.5,3,35.0,1,6.0
2020,7,00-0035592,T.Fulgham,PHI,WR,1,7.3,12.3,7.3,12.3,5,73.0,0,20.0
2020,7,00-0035719,D.Samuel,SF,WR,1,7.2,12.2,7.2,12.2,5,65.0,0,75.0
2020,7,00-0033908,C.Kupp,LA,WR,1,5.9,11.9,5.9,11.9,6,43.0,0,22.0
2020,7,00-0034411,R.Gage,ATL,WR,1,5.4,11.4,5.4,11.4,6,54.0,0,9.0
2020,7,00-0031382,J.Landry,CLE,WR,1,6.15,11.15,6.15,11.15,5,48.0,0,41.0
2020,7,00-0031428,A.Robinson,CHI,WR,1,7.0,11.0,7.0,11.0,4,70.0,0,3.0
2020,7,00-0027891,G.Tate,NYG,WR,1,9.9,10.9,9.9,10.9,1,39.0,1,13.0
2020,7,00-0031588,S.Diggs,BUF,WR,1,4.8,10.8,4.8,10.8,6,48.0,0,12.0
2020,7,00-0034960,J.Meyers,NE,WR,1,6.2,10.2,6.2,10.2,4,60.0,0,4.0
2020,7,00-0032128,C.Conley,JAX,WR,1,8.8,9.8,8.8,9.8,1,28.0,1,0.0
2020,7,00-0034765,T.Smith,NO,WR,1,5.4,9.4,5.4,9.4,4,54.0,0,17.0
2020,7,00-0026035,D.Amendola,DET,WR,1,6.2,9.2,6.2,9.2,3,62.0,0,26.0
2020,7,00-0035140,M.Hardman,KC,WR,1,7.0,9.0,7.0,9.0,2,57.0,0,14.0
2020,7,00-0033589,D.Moore,SEA,WR,1,5.8,8.8,5.8,8.8,3,54.0,0,22.0
2020,7,00-0035480,M.Taylor,GB,WR,1,6.6,8.6,6.6,8.6,2,6.0,1,10.0
2020,7,00-0036427,T.Johnson,TB,WR,1,6.4,8.4,6.4,8.4,2,4.0,1,5.0
2020,7,00-0034983,H.Renfrow,LV,WR,1,4.2,8.2,4.2,8.2,4,42.0,0,36.0
2020,7,00-0036255,D.Mims,NYJ,WR,1,4.2,8.2,4.2,8.2,4,42.0,0,11.0
2020,7,00-0026189,D.Jackson,PHI,WR,1,4.6,7.6,4.6,7.6,3,34.0,0,3.0
2020,7,00-0034419,B.Berrios,NYJ,WR,1,3.5,7.5,3.5,7.5,4,35.0,0,8.0
2020,7,00-0030431,R.Woods,LA,WR,1,4.5,7.5,4.5,7.5,3,22.0,0,10.0
2020,7,00-0036377,J.Reed,LAC,WR,1,7.4,7.4,7.4,7.4,0,0.0,0,0.0
2020,7,00-0033114,M.Thomas,CIN,WR,1,5.4,7.4,5.4,7.4,2,54.0,0,14.0
2020,7,00-0033375,T.Patrick,DEN,WR,1,4.4,7.4,4.4,7.4,3,44.0,0,7.0
2020,7,00-0036268,L.Shenault,JAX,WR,1,4.4,7.4,4.4,7.4,3,44.0,0,30.0
2020,7,00-0036309,D.Mooney,CHI,WR,1,4.0,7.0,4.0,7.0,3,40.0,0,20.0
2020,7,00-0036398,J.Hightower,PHI,WR,1,5.9,6.9,5.9,6.9,1,59.0,0,13.0
2020,7,00-0036357,H.Ruggs,LV,WR,1,4.5,6.5,4.5,6.5,2,35.0,0,27.0
2020,7,00-0031408,M.Evans,TB,WR,1,3.7,5.7,3.7,5.7,2,37.0,0,9.0
2020,7,00-0036412,K.Hamler,DEN,WR,1,3.4,5.4,3.4,5.4,2,24.0,0,17.0
2020,7,00-0030085,K.Stills,HOU,WR,1,3.4,5.4,3.4,5.4,2,34.0,0,4.0
2020,7,00-0034353,A.Miller,CHI,WR,1,2.0,5.0,2.0,5.0,3,20.0,0,5.0
2020,7,00-0032054,B.Perriman,NYJ,WR,1,2.7,4.7,2.7,4.7,2,27.0,0,10.0
2020,7,00-0034370,D.Hamilton,DEN,WR,1,2.6,4.6,2.6,4.6,2,26.0,0,22.0
2020,7,00-0035535,D.Slayton,NYG,WR,1,2.3,4.3,2.3,4.3,2,23.0,0,0.0
2020,7,00-0035640,D.Metcalf,SEA,WR,1,2.3,4.3,2.3,4.3,2,23.0,0,21.0
2020,7,00-0036407,J.Jeudy,DEN,WR,1,2.0,4.0,2.0,4.0,2,20.0,0,11.0
2020,7,00-0034777,D.Chark,JAX,WR,1,2.6,3.6,2.6,3.6,1,26.0,0,0.0
2020,7,00-0034407,R.McCloud,PIT,WR,1,1.2,3.2,1.2,3.2,2,12.0,0,18.0
2020,7,00-0034104,C.Sims,WAS,WR,1,2.2,3.2,2.2,3.2,1,22.0,0,4.0
2020,7,00-0032009,A.Humphries,TEN,WR,1,1.9,2.9,1.9,2.9,1,19.0,0,0.0
2020,7,00-0031868,D.Byrd,NE,WR,1,1.6,2.6,1.6,2.6,1,16.0,0,0.0
2020,7,00-0036415,V.Jefferson,LA,WR,1,1.4,2.4,1.4,2.4,1,14.0,0,0.0
2020,7,00-0027150,J.Edelman,NE,WR,1,1.3,2.3,1.3,2.3,1,13.0,0,4.0
2020,7,00-0036254,C.Johnson,JAX,WR,1,1.3,2.3,1.3,2.3,1,13.0,0,3.0
2020,7,00-0033466,I.McKenzie,BUF,WR,1,0.3,2.3,0.3,2.3,2,14.0,0,13.0
2020,7,00-0033681,K.Cole,JAX,WR,1,1.2,2.2,1.2,2.2,1,12.0,0,0.0
2020,7,00-0036196,G.Davis,BUF,WR,1,1.1,2.1,1.1,2.1,1,11.0,0,5.0
2020,7,00-0033481,M.Kemp,KC,WR,1,1.1,2.1,1.1,2.1,1,11.0,0,10.0
2020,7,00-0035246,J.Arcega-Whiteside,PHI,WR,1,0.8,1.8,0.8,1.8,1,8.0,0,5.0
2020,7,00-0034426,J.Wims,CHI,WR,1,0.8,1.8,0.8,1.8,1,8.0,0,1.0
2020,7,00-0035527,A.Isabella,ARI,WR,1,0.7,1.7,0.7,1.7,1,7.0,0,0.0
2020,7,00-0033382,A.Carr,NO,WR,1,0.6,1.6,0.6,1.6,1,6.0,0,2.0
2020,7,00-0034646,B.Powell,ATL,WR,1,0.4,1.4,0.4,1.4,1,4.0,0,0.0
2020,7,00-0033536,M.Williams,LAC,WR,1,0.4,1.4,0.4,1.4,1,4.0,0,4.0
2020,7,00-0032775,D.Robinson,KC,WR,1,0.4,1.4,0.4,1.4,1,4.0,0,0.0
2020,7,00-0034052,B.Zylstra,CAR,WR,1,0.4,1.4,0.4,1.4,1,4.0,0,5.0
2020,7,00-0035457,T.Johnson,LAC,WR,1,1.0,1.0,1.0,1.0,0,0.0,0,0.0
2020,7,00-0034272,M.Valdes-Scantling,GB,WR,1,0.9,0.9,0.9,0.9,0,0.0,0,0.0
2020,7,00-0036326,C.Claypool,PIT,WR,1,-0.2,0.8,-0.2,0.8,1,-2.0,0,2.0
2020,7,00-0036358,C.Lamb,DAL,WR,1,0.1,0.1,0.1,0.1,0,0.0,0,0.0
2020,7,00-0034660,R.Gafford,LV,WR,1,0.0,0.0,0.0,0.0,0,0.0,0,0.0
2020,7,00-0033307,K.Bourne,SF,WR,1,0.0,0.0,0.0,0.0,0,0.0,0,0.0
2020,7,00-0034676,J.Washington,PIT,WR,1,0.0,0.0,0.0,0.0,0,0.0,0,0.0
2020,7,00-0035181,D.Shepherd,GB,WR,1,0.0,0.0,0.0,0.0,0,0.0,0,0.0
2020,7,00-0034686,A.Tate,CIN,WR,1,0.0,0.0,0.0,0.0,0,0.0,0,0.0
2020,7,00-0034764,M.Gallup,DAL,WR,1,0.0,0.0,0.0,0.0,0,0.0,0,0.0
2020,7,00-0033572,J.Agnew,DET,WR,1,0.0,0.0,0.0,0.0,0,0.0,0,0.0
2020,7,00-0034297,B.Pringle,KC,WR,1,0.0,0.0,0.0,0.0,0,0.0,0,0.0
2020,7,00-0035208,O.Zaccheaus,ATL,WR,1,0.0,0.0,0.0,0.0,0,0.0,0,0.0
2020,7,00-0033094,M.Hall,DET,WR,1,0.0,0.0,0.0,0.0,0,0.0,0,0.0
2020,7,00-0031235,O.Beckham,CLE,WR,1,0.0,0.0,0.0,0.0,0,0.0,0,0.0
2020,7,00-0036439,T.Cleveland,DEN,WR,1,0.0,0.0,0.0,0.0,0,0.0,0,0.0
2020,7,00-0035529,H.Butler,PHI,WR,1,0.0,0.0,0.0,0.0,0,0.0,0,0.0
2020,7,00-0035510,J.Smith,NYJ,WR,1,0.0,0.0,0.0,0.0,0,0.0,0,0.0
2020,7,00-0036247,F.Swain,SEA,WR,1,0.0,0.0,0.0,0.0,0,0.0,0,0.0
2020,6,00-0036322,J.Jefferson,MIN,WR,1,28.6,37.6,28.6,37.6,9,166.0,2,54.0
2020,6,00-0027944,J.Jones,ATL,WR,1,25.7,33.7,25.7,33.7,8,137.0,2,67.0
2020,6,00-0033127,W.Fuller,HOU,WR,1,18.3,24.3,18.3,24.3,6,123.0,1,32.0
2020,6,00-0035676,A.Brown,TEN,WR,1,17.8,22.8,17.8,22.8,5,58.0,2,14.0
2020,6,00-0034775,C.Kirk,ARI,WR,1,20.6,22.6,20.6,22.6,2,86.0,2,49.0
2020,6,00-0031236,B.Cooks,HOU,WR,1,12.8,21.8,12.8,21.8,9,68.0,1,7.0
2020,6,00-0031544,A.Cooper,DAL,WR,1,13.9,20.9,13.9,20.9,7,79.0,1,34.0
2020,6,00-0033681,K.Cole,JAX,WR,1,14.3,20.3,14.3,20.3,6,143.0,0,28.0
2020,6,00-0035592,T.Fulgham,PHI,WR,1,13.5,19.5,13.5,19.5,6,75.0,1,17.0
2020,6,00-0034837,C.Ridley,ATL,WR,1,12.9,18.9,12.9,18.9,6,61.0,1,19.0
2020,6,00-0036410,T.Higgins,CIN,WR,1,12.7,18.7,12.7,18.7,6,125.0,0,58.0
2020,6,00-0032009,A.Humphries,TEN,WR,1,12.4,18.4,12.4,18.4,6,64.0,1,9.0
2020,6,00-0036326,C.Claypool,PIT,WR,1,14.1,18.1,14.1,18.1,4,74.0,0,25.0
2020,6,00-0035719,D.Samuel,SF,WR,1,12.0,18.0,12.0,18.0,6,66.0,1,98.0
2020,6,00-0027942,A.Green,CIN,WR,1,9.6,17.6,9.6,17.6,8,96.0,0,23.0
2020,6,00-0034676,J.Washington,PIT,WR,1,12.8,16.8,12.8,16.8,4,68.0,1,15.0
2020,6,00-0031588,S.Diggs,BUF,WR,1,10.6,16.6,10.6,16.6,6,46.0,1,9.0
2020,6,00-0032980,M.Johnson,IND,WR,1,10.8,15.8,10.8,15.8,5,108.0,0,20.0
2020,6,00-0033251,Z.Pascal,IND,WR,1,11.4,15.4,11.4,15.4,4,54.0,1,10.0
2020,6,00-0033932,K.Golladay,DET,WR,1,10.5,14.5,10.5,14.5,4,105.0,0,14.0
2020,6,00-0029000,C.Beasley,BUF,WR,1,10.5,14.5,10.5,14.5,4,45.0,1,10.0
2020,6,00-0035659,T.McLaurin,WAS,WR,1,7.4,14.4,7.4,14.4,7,74.0,0,47.0
2020,6,00-0034827,D.Moore,CAR,WR,1,9.3,14.3,9.3,14.3,5,93.0,0,34.0
2020,6,00-0030035,A.Thielen,MIN,WR,1,11.1,14.1,11.1,14.1,3,51.0,1,14.0
2020,6,00-0033375,T.Patrick,DEN,WR,1,10.1,14.1,10.1,14.1,4,101.0,0,15.0
2020,6,00-0030431,R.Woods,LA,WR,1,10.0,14.0,10.0,14.0,4,29.0,1,1.0
2020,6,00-0036358,C.Lamb,DAL,WR,1,6.4,13.4,6.4,13.4,7,64.0,0,37.0
2020,6,00-0033009,T.Boyd,CIN,WR,1,7.9,12.9,7.9,12.9,5,54.0,0,15.0
2020,6,00-0033943,J.Reynolds,LA,WR,1,10.5,12.5,10.5,12.5,2,45.0,1,0.0
2020,6,00-0031381,D.Adams,GB,WR,1,6.1,12.1,6.1,12.1,6,61.0,0,22.0
2020,6,00-0032775,D.Robinson,KC,WR,1,6.9,11.9,6.9,11.9,5,69.0,0,20.0
2020,6,00-0035535,D.Slayton,NYG,WR,1,9.8,11.8,9.8,11.8,2,41.0,1,0.0
2020,6,00-0031941,J.Crowder,NYJ,WR,1,4.8,11.8,4.8,11.8,7,48.0,0,16.0
2020,6,00-0032688,R.Chosen,CAR,WR,1,7.7,11.7,7.7,11.7,4,77.0,0,12.0
2020,6,00-0034777,D.Chark,JAX,WR,1,4.5,11.5,4.5,11.5,7,45.0,0,10.0
2020,6,00-0028002,R.Cobb,HOU,WR,1,7.7,10.7,7.7,10.7,3,17.0,1,2.0
2020,6,00-0034411,R.Gage,ATL,WR,1,6.5,10.5,6.5,10.5,4,65.0,0,12.0
2020,6,00-0031428,A.Robinson,CHI,WR,1,5.3,10.3,5.3,10.3,5,53.0,0,15.0
2020,6,00-0032054,B.Perriman,NYJ,WR,1,6.2,10.2,6.2,10.2,4,62.0,0,35.0
2020,6,00-0035350,P.Williams,MIA,WR,1,7.8,9.8,7.8,9.8,2,18.0,1,3.0
2020,6,00-0033921,C.Godwin,TB,WR,1,4.8,9.8,4.8,9.8,5,48.0,0,27.0
2020,6,00-0035662,M.Brown,BAL,WR,1,5.7,9.7,5.7,9.7,4,57.0,0,7.0
2020,6,00-0028411,D.Inman,WAS,WR,1,4.5,9.5,4.5,9.5,5,45.0,0,8.0
2020,6,00-0030564,D.Hopkins,ARI,WR,1,7.3,9.3,7.3,9.3,2,73.0,0,56.0
2020,6,00-0036261,B.Aiyuk,SF,WR,1,7.2,9.2,7.2,9.2,2,12.0,1,14.0
2020,6,00-0034104,C.Sims,WAS,WR,1,8.2,9.2,8.2,9.2,1,22.0,1,0.0
2020,6,00-0032791,J.Grant,MIA,WR,1,4.8,8.8,4.8,8.8,4,48.0,0,20.0
2020,6,00-0032977,R.Higgins,CLE,WR,1,7.3,8.3,7.3,8.3,1,13.0,1,0.0
2020,6,00-0036427,T.Johnson,TB,WR,1,6.7,7.7,6.7,7.7,1,7.0,1,0.0
2020,6,00-0031382,J.Landry,CLE,WR,1,4.0,7.0,4.0,7.0,3,40.0,0,16.0
2020,6,00-0031868,D.Byrd,NE,WR,1,3.8,6.8,3.8,6.8,3,38.0,0,0.0
2020,6,00-0034297,B.Pringle,KC,WR,1,4.6,6.6,4.6,6.6,2,46.0,0,12.0
2020,6,00-0036309,D.Mooney,CHI,WR,1,3.6,6.6,3.6,6.6,3,36.0,0,2.0
2020,6,00-0036142,I.Wright,WAS,WR,1,2.6,6.6,2.6,6.6,4,25.0,0,15.0
2020,6,00-0031547,D.Parker,MIA,WR,1,3.5,6.5,3.5,6.5,3,35.0,0,10.0
2020,6,00-0033307,K.Bourne,SF,WR,1,4.4,6.4,4.4,6.4,2,44.0,0,11.0
2020,6,00-0032464,K.Raymond,TEN,WR,1,3.2,6.2,3.2,6.2,3,32.0,0,1.0
2020,6,00-0034272,M.Valdes-Scantling,GB,WR,1,3.2,6.2,3.2,6.2,3,32.0,0,11.0
2020,6,00-0036331,D.Duvernay,BAL,WR,1,3.1,6.1,3.1,6.1,3,31.0,0,27.0
2020,6,00-0036398,J.Hightower,PHI,WR,1,5.0,6.0,5.0,6.0,1,50.0,0,18.0
2020,6,00-0035848,D.Harris,IND,WR,1,2.9,5.9,2.9,5.9,3,29.0,0,23.0
2020,6,00-0033040,T.Hill,KC,WR,1,2.5,5.5,2.5,5.5,3,20.0,0,12.0
2020,6,00-0022921,L.Fitzgerald,ARI,WR,1,2.2,5.2,2.2,5.2,3,22.0,0,3.0
2020,6,00-0036407,J.Jeudy,DEN,WR,1,3.2,5.2,3.2,5.2,2,32.0,0,3.0
2020,6,00-0026035,D.Amendola,DET,WR,1,3.1,5.1,3.1,5.1,2,31.0,0,18.0
2020,6,00-0027150,J.Edelman,NE,WR,1,2.7,4.7,2.7,4.7,2,8.0,0,3.0
2020,6,00-0031235,O.Beckham,CLE,WR,1,2.5,4.5,2.5,4.5,2,25.0,0,0.0
2020,6,00-0034764,M.Gallup,DAL,WR,1,2.3,4.3,2.3,4.3,2,23.0,0,8.0
2020,6,00-0030663,W.Snead,BAL,WR,1,3.2,4.2,3.2,4.2,1,32.0,0,19.0
2020,6,00-0033908,C.Kupp,LA,WR,1,1.1,4.1,1.1,4.1,3,11.0,0,5.0
2020,6,00-0036268,L.Shenault,JAX,WR,1,1.1,4.1,1.1,4.1,3,10.0,0,13.0
2020,6,00-0033733,G.Ward,PHI,WR,1,1.9,3.9,1.9,3.9,2,19.0,0,11.0
2020,6,00-0034353,A.Miller,CHI,WR,1,0.8,3.8,0.8,3.8,3,8.0,0,14.0
2020,6,00-0033572,J.Agnew,DET,WR,1,1.7,3.7,1.7,3.7,2,17.0,0,24.0
2020,6,00-0033591,N.Brown,DAL,WR,1,1.5,3.5,1.5,3.5,2,15.0,0,1.0
2020,6,00-0034309,C.Beebe,MIN,WR,1,1.3,3.3,1.3,3.3,2,13.0,0,4.0
2020,6,00-0034418,C.Wilson,DAL,WR,1,1.0,3.0,1.0,3.0,2,10.0,0,8.0
2020,6,00-0034419,B.Berrios,NYJ,WR,1,1.8,2.8,1.8,2.8,1,18.0,0,11.0
2020,6,00-0029293,M.Jones,DET,WR,1,0.8,2.8,0.8,2.8,2,8.0,0,3.0
2020,6,00-0033857,J.Smith-Schuster,PIT,WR,1,0.6,2.6,0.6,2.6,2,6.0,0,3.0
2020,6,00-0036100,I.Zuber,NE,WR,1,1.6,2.6,1.6,2.6,1,16.0,0,13.0
2020,6,00-0035181,D.Shepherd,GB,WR,1,1.6,2.6,1.6,2.6,1,16.0,0,10.0
2020,6,00-0034317,K.Kirkwood,CAR,WR,1,1.3,2.3,1.3,2.3,1,13.0,0,9.0
2020,6,00-0034652,C.Batson,TEN,WR,1,1.3,2.3,1.3,2.3,1,13.0,0,1.0
2020,6,00-0029608,T.Hilton,IND,WR,1,1.1,2.1,1.1,2.1,1,11.0,0,11.0
2020,6,00-0035703,M.Boykin,BAL,WR,1,1.1,2.1,1.1,2.1,1,11.0,0,0.0
2020,6,00-0027891,G.Tate,NYG,WR,1,1.1,2.1,1.1,2.1,1,11.0,0,0.0
2020,6,00-0031408,M.Evans,TB,WR,1,1.0,2.0,1.0,2.0,1,10.0,0,5.0
2020,6,00-0033114,M.Thomas,CIN,WR,1,1.0,2.0,1.0,2.0,1,10.0,0,4.0
2020,6,00-0033367,C.Board,NYG,WR,1,0.8,1.8,0.8,1.8,1,8.0,0,5.0
2020,6,00-0035510,J.Smith,NYJ,WR,1,0.8,1.8,0.8,1.8,1,8.0,0,2.0
2020,6,00-0033292,T.Taylor,SF,WR,1,0.8,1.8,0.8,1.8,1,8.0,0,4.0
2020,6,00-0036415,V.Jefferson,LA,WR,1,0.8,1.8,0.8,1.8,1,8.0,0,5.0
2020,6,00-0033094,M.Hall,DET,WR,1,0.7,1.7,0.7,1.7,1,6.0,0,1.0
2020,6,00-0036196,G.Davis,BUF,WR,1,0.7,1.7,0.7,1.7,1,7.0,0,4.0
2020,6,00-0035298,S.Miller,TB,WR,1,0.6,1.6,0.6,1.6,1,6.0,0,0.0
2020,6,00-0032128,C.Conley,JAX,WR,1,0.6,1.6,0.6,1.6,1,6.0,0,6.0
2020,6,00-0034132,C.Blake,ATL,WR,1,0.5,1.5,0.5,1.5,1,5.0,0,0.0
2020,6,00-0033466,I.McKenzie,BUF,WR,1,0.4,1.4,0.4,1.4,1,4.0,0,8.0
2020,6,00-0035869,A.Mack,NYG,WR,1,0.1,1.1,0.1,1.1,1,1.0,0,0.0
2020,6,00-0031319,D.Spencer,DEN,WR,1,0.9,0.9,0.9,0.9,0,0.0,0,0.0
2020,6,00-0036233,D.Peoples-Jones,CLE,WR,1,0.0,0.0,0.0,0.0,0,0.0,0,0.0
2020,6,00-0035208,O.Zaccheaus,ATL,WR,1,0.0,0.0,0.0,0.0,0,0.0,0,0.0
2020,6,00-0035140,M.Hardman,KC,WR,1,0.0,0.0,0.0,0.0,0,0.0,0,0.0
2020,6,00-0031051,J.Brown,BUF,WR,1,0.0,0.0,0.0,0.0,0,0.0,0,0.0
2020,6,00-0033215,C.Grayson,TB,WR,1,0.0,0.0,0.0,0.0,0,0.0,0,0.0
2020,6,00-0036340,A.Gandy-Golden,WAS,WR,1,0.0,0.0,0.0,0.0,0,0.0,0,0.0
2020,6,00-0036182,N.Westbrook-Ikhine,TEN,WR,1,0.0,0.0,0.0,0.0,0,0.0,0,0.0
2020,6,00-0034370,D.Hamilton,DEN,WR,1,0.0,0.0,0.0,0.0,0,0.0,0,0.0
2020,6,00-0034279,E.St. Brown,GB,WR,1,0.0,0.0,0.0,0.0,0,0.0,0,0.0
2020,6,00-0032543,A.Erickson,CIN,WR,1,0.0,0.0,0.0,0.0,0,0.0,0,0.0
2020,6,00-0034407,R.McCloud,PIT,WR,1,0.0,0.0,0.0,0.0,0,0.0,0,0.0
2020,6,00-0035527,A.Isabella,ARI,WR,1,0.0,0.0,0.0,0.0,0,0.0,0,0.0
2020,6,00-0035480,M.Taylor,GB,WR,1,0.0,0.0,0.0,0.0,0,0.0,0,0.0
2020,6,00-0035246,J.Arcega-Whiteside,PHI,WR,1,0.0,0.0,0.0,0.0,0,0.0,0,0.0
2020,5,00-0036326,C.Claypool,PIT,WR,1,35.6,42.6,35.6,42.6,7,110.0,3,42.0
2020,5,00-0035592,T.Fulgham,PHI,WR,1,21.2,31.2,21.2,31.2,10,152.0,1,29.0
2020,5,00-0031236,B.Cooks,HOU,WR,1,22.1,30.1,22.1,30.1,8,161.0,1,51.0
2020,5,00-0030035,A.Thielen,MIN,WR,1,20.3,29.3,20.3,29.3,9,80.0,2,7.0
2020,5,00-0033536,M.Williams,LAC,WR,1,22.9,27.9,22.9,27.9,5,109.0,2,27.0
2020,5,00-0035640,D.Metcalf,SEA,WR,1,21.3,27.3,21.3,27.3,6,93.0,2,11.0
2020,5,00-0031941,J.Crowder,NYJ,WR,1,17.6,25.6,17.6,25.6,8,116.0,1,62.0
2020,5,00-0030564,D.Hopkins,ARI,WR,1,19.1,25.1,19.1,25.1,6,131.0,1,22.0
2020,5,00-0027685,E.Sanders,NO,WR,1,12.2,24.2,12.2,24.2,12,122.0,0,18.0
2020,5,00-0034837,C.Ridley,ATL,WR,1,13.6,21.6,13.6,21.6,8,136.0,0,25.0
2020,5,00-0035676,A.Brown,TEN,WR,1,14.2,21.2,14.2,21.2,7,82.0,1,23.0
2020,5,00-0035535,D.Slayton,NYG,WR,1,12.9,20.9,12.9,20.9,8,129.0,0,40.0
2020,5,00-0031588,S.Diggs,BUF,WR,1,10.6,20.6,10.6,20.6,10,106.0,0,15.0
2020,5,00-0035350,P.Williams,MIA,WR,1,16.6,20.6,16.6,20.6,4,106.0,1,15.0
2020,5,00-0036358,C.Lamb,DAL,WR,1,12.4,20.4,12.4,20.4,8,124.0,0,17.0
2020,5,00-0036357,H.Ruggs,LV,WR,1,17.8,19.8,17.8,19.8,2,118.0,1,39.0
2020,5,00-0035662,M.Brown,BAL,WR,1,13.8,19.8,13.8,19.8,6,77.0,1,41.0
2020,5,00-0032688,R.Chosen,CAR,WR,1,11.5,19.5,11.5,19.5,8,112.0,0,30.0
2020,5,00-0034827,D.Moore,CAR,WR,1,15.3,19.3,15.3,19.3,4,93.0,1,73.0
2020,5,00-0031428,A.Robinson,CHI,WR,1,9.0,19.0,9.0,19.0,10,90.0,0,22.0
2020,5,00-0033040,T.Hill,KC,WR,1,15.3,18.3,15.3,18.3,3,78.0,0,7.0
2020,5,00-0030431,R.Woods,LA,WR,1,13.1,17.1,13.1,17.1,4,71.0,1,29.0
2020,5,00-0033127,W.Fuller,HOU,WR,1,11.8,15.8,11.8,15.8,4,58.0,1,7.0
2020,5,00-0031408,M.Evans,TB,WR,1,10.1,15.1,10.1,15.1,5,41.0,1,2.0
2020,5,00-0036268,L.Shenault,JAX,WR,1,7.9,14.9,7.9,14.9,7,79.0,0,53.0
2020,5,00-0031549,N.Agholor,LV,WR,1,12.7,14.7,12.7,14.7,2,67.0,1,28.0
2020,5,00-0031547,D.Parker,MIA,WR,1,11.0,13.0,11.0,13.0,2,50.0,1,4.0
2020,5,00-0029608,T.Hilton,IND,WR,1,6.9,12.9,6.9,12.9,6,69.0,0,8.0
2020,5,00-0031382,J.Landry,CLE,WR,1,8.8,12.8,8.8,12.8,4,88.0,0,16.0
2020,5,00-0034775,C.Kirk,ARI,WR,1,7.8,12.8,7.8,12.8,5,78.0,0,19.0
2020,5,00-0033733,G.Ward,PHI,WR,1,8.6,12.6,8.6,12.6,4,26.0,1,1.0
2020,5,00-0032977,R.Higgins,CLE,WR,1,9.1,12.1,9.1,12.1,3,31.0,1,1.0
2020,5,00-0036254,C.Johnson,JAX,WR,1,9.0,12.0,9.0,12.0,3,30.0,1,4.0
2020,5,00-0033908,C.Kupp,LA,WR,1,6.6,11.6,6.6,11.6,5,66.0,0,50.0
2020,5,00-0031235,O.Beckham,CLE,WR,1,6.6,11.6,6.6,11.6,5,58.0,0,7.0
2020,5,00-0033282,C.Samuel,CAR,WR,1,6.4,11.4,6.4,11.4,5,36.0,0,4.0
2020,5,00-0034764,M.Gallup,DAL,WR,1,7.3,11.3,7.3,11.3,4,73.0,0,4.0
2020,5,00-0029000,C.Beasley,BUF,WR,1,5.3,11.3,5.3,11.3,6,53.0,0,18.0
2020,5,00-0033307,K.Bourne,SF,WR,1,9.0,11.0,9.0,11.0,2,30.0,1,27.0
2020,5,00-0030279,K.Allen,LAC,WR,1,8.9,10.9,8.9,10.9,2,29.0,1,0.0
2020,5,00-0036196,G.Davis,BUF,WR,1,5.8,10.8,5.8,10.8,5,58.0,0,8.0
2020,5,00-0034418,C.Wilson,DAL,WR,1,6.75,10.75,6.75,10.75,4,22.0,0,27.0
2020,5,00-0033466,I.McKenzie,BUF,WR,1,6.7,10.7,6.7,10.7,4,7.0,1,8.0
2020,5,00-0033681,K.Cole,JAX,WR,1,8.7,10.7,8.7,10.7,2,25.0,1,0.0
2020,5,00-0028002,R.Cobb,HOU,WR,1,4.7,10.7,4.7,10.7,6,47.0,0,13.0
2020,5,00-0034407,R.McCloud,PIT,WR,1,7.5,10.5,7.5,10.5,3,12.0,0,17.0
2020,5,00-0031325,S.Watkins,KC,WR,1,8.4,10.4,8.4,10.4,2,24.0,1,-1.0
2020,5,00-0036410,T.Higgins,CIN,WR,1,6.2,10.2,6.2,10.2,4,62.0,0,23.0
2020,5,00-0036427,T.Johnson,TB,WR,1,6.1,10.1,6.1,10.1,4,61.0,0,29.0
2020,5,00-0032211,T.Lockett,SEA,WR,1,4.4,8.4,4.4,8.4,4,44.0,0,33.0
2020,5,00-0032980,M.Johnson,IND,WR,1,5.3,8.3,5.3,8.3,3,53.0,0,9.0
2020,5,00-0027891,G.Tate,NYG,WR,1,4.2,8.2,4.2,8.2,4,42.0,0,14.0
2020,5,00-0033009,T.Boyd,CIN,WR,1,4.2,8.2,4.2,8.2,4,42.0,0,13.0
2020,5,00-0036331,D.Duvernay,BAL,WR,1,5.9,7.9,5.9,7.9,2,17.0,0,10.0
2020,5,00-0032128,C.Conley,JAX,WR,1,5.8,7.8,5.8,7.8,2,58.0,0,4.0
2020,5,00-0022921,L.Fitzgerald,ARI,WR,1,3.5,7.5,3.5,7.5,4,35.0,0,19.0
2020,5,00-0036219,M.Callaway,NO,WR,1,3.4,7.4,3.4,7.4,4,34.0,0,10.0
2020,5,00-0036261,B.Aiyuk,SF,WR,1,4.4,7.4,4.4,7.4,3,44.0,0,11.0
2020,5,00-0035140,M.Hardman,KC,WR,1,5.0,7.0,5.0,7.0,2,50.0,0,45.0
2020,5,00-0033857,J.Smith-Schuster,PIT,WR,1,2.8,6.8,2.8,6.8,4,28.0,0,17.0
2020,5,00-0034353,A.Miller,CHI,WR,1,2.8,6.8,2.8,6.8,4,28.0,0,7.0
2020,5,00-0033943,J.Reynolds,LA,WR,1,4.6,6.6,4.6,6.6,2,46.0,0,9.0
2020,5,00-0035659,T.McLaurin,WAS,WR,1,2.6,5.6,2.6,5.6,3,26.0,0,12.0
2020,5,00-0035414,J.Guyton,LAC,WR,1,4.5,5.5,4.5,5.5,1,49.0,0,5.0
2020,5,00-0034676,J.Washington,PIT,WR,1,2.5,5.5,2.5,5.5,3,25.0,0,23.0
2020,5,00-0035510,J.Smith,NYJ,WR,1,2.3,5.3,2.3,5.3,3,23.0,0,8.0
2020,5,00-0036322,J.Jefferson,MIN,WR,1,2.3,5.3,2.3,5.3,3,23.0,0,0.0
2020,5,00-0034983,H.Renfrow,LV,WR,1,4.2,5.2,4.2,5.2,1,42.0,0,17.0
2020,5,00-0035527,A.Isabella,ARI,WR,1,3.0,5.0,3.0,5.0,2,30.0,0,12.0
2020,5,00-0028237,C.Hogan,NYJ,WR,1,2.0,5.0,2.0,5.0,3,20.0,0,6.0
2020,5,00-0035246,J.Arcega-Whiteside,PHI,WR,1,3.7,4.7,3.7,4.7,1,37.0,0,3.0
2020,5,00-0035021,A.Dulin,IND,WR,1,3.7,4.7,3.7,4.7,1,34.0,0,4.0
2020,5,00-0032464,K.Raymond,TEN,WR,1,2.6,4.6,2.6,4.6,2,26.0,0,11.0
2020,5,00-0034777,D.Chark,JAX,WR,1,1.6,4.6,1.6,4.6,3,16.0,0,1.0
2020,5,00-0033471,I.Ford,MIA,WR,1,2.3,4.3,2.3,4.3,2,23.0,0,0.0
2020,5,00-0033006,J.Mickens,TB,WR,1,2.2,4.2,2.2,4.2,2,22.0,0,16.0
2020,5,00-0035719,D.Samuel,SF,WR,1,2.2,4.2,2.2,4.2,2,19.0,0,18.0
2020,5,00-0031544,A.Cooper,DAL,WR,1,2.1,4.1,2.1,4.1,2,23.0,0,14.0
2020,5,00-0036398,J.Hightower,PHI,WR,1,1.8,3.8,1.8,3.8,2,18.0,0,4.0
2020,5,00-0034411,R.Gage,ATL,WR,1,1.6,3.6,1.6,3.6,2,16.0,0,3.0
2020,5,00-0033251,Z.Pascal,IND,WR,1,1.5,3.5,1.5,3.5,2,15.0,0,18.0
2020,5,00-0036309,D.Mooney,CHI,WR,1,1.5,3.5,1.5,3.5,2,15.0,0,4.0
2020,5,00-0036247,F.Swain,SEA,WR,1,1.4,3.4,1.4,3.4,2,14.0,0,4.0
2020,5,00-0034297,B.Pringle,KC,WR,1,2.3,3.3,2.3,3.3,1,23.0,0,13.0
2020,5,00-0030670,B.Fowler,NO,WR,1,1.1,3.1,1.1,3.1,2,11.0,0,1.0
2020,5,00-0034765,T.Smith,NO,WR,1,0.8,2.8,0.8,2.8,2,8.0,0,3.0
2020,5,00-0027691,A.Roberts,BUF,WR,1,1.6,2.6,1.6,2.6,1,16.0,0,0.0
2020,5,00-0030085,K.Stills,HOU,WR,1,1.4,2.4,1.4,2.4,1,14.0,0,9.0
2020,5,00-0035006,O.Johnson,MIN,WR,1,1.3,2.3,1.3,2.3,1,13.0,0,0.0
2020,5,00-0035208,O.Zaccheaus,ATL,WR,1,1.3,2.3,1.3,2.3,1,13.0,0,8.0
2020,5,00-0033386,C.Hollister,TEN,WR,1,1.2,2.2,1.2,2.2,1,12.0,0,2.0
2020,5,00-0033111,P.Cooper,CAR,WR,1,1.2,2.2,1.2,2.2,1,12.0,0,4.0
2020,5,00-0032775,D.Robinson,KC,WR,1,0.2,2.2,0.2,2.2,2,2.0,0,6.0
2020,5,00-0034686,A.Tate,CIN,WR,1,1.2,2.2,1.2,2.2,1,12.0,0,9.0
2020,5,00-0034309,C.Beebe,MIN,WR,1,1.1,2.1,1.1,2.1,1,11.0,0,6.0
2020,5,00-0036382,K.Hill,LAC,WR,1,0.8,1.8,0.8,1.8,1,8.0,0,0.0
2020,5,00-0033114,M.Thomas,CIN,WR,1,0.7,1.7,0.7,1.7,1,6.0,0,-4.0
2020,5,00-0036182,N.Westbrook-Ikhine,TEN,WR,1,0.7,1.7,0.7,1.7,1,7.0,0,4.0
2020,5,00-0034487,T.Sherfield,ARI,WR,1,0.6,1.6,0.6,1.6,1,6.0,0,0.0
2020,5,00-0035287,K.Johnson,ARI,WR,1,0.5,1.5,0.5,1.5,1,5.0,0,4.0
2020,5,00-0036142,I.Wright,WAS,WR,1,0.3,1.3,0.3,1.3,1,3.0,0,-2.0
2020,5,00-0034419,B.Berrios,NYJ,WR,1,1.3,1.3,1.3,1.3,0,0.0,0,0.0
2020,5,00-0033891,Z.Jones,LV,WR,1,0.2,1.2,0.2,1.2,1,2.0,0,1.0
2020,5,00-0035216,D.Johnson,PIT,WR,1,-0.2,0.8,-0.2,0.8,1,-2.0,0,-1.0
2020,5,00-0028411,D.Inman,WAS,WR,1,-0.2,0.8,-0.2,0.8,1,-2.0,0,3.0
2020,5,00-0035457,T.Johnson,LAC,WR,1,0.7,0.7,0.7,0.7,0,0.0,0,0.0
2020,5,00-0032791,J.Grant,MIA,WR,1,-0.6,0.4,-0.6,0.4,1,6.0,0,0.0
2020,5,00-0036364,L.Bowden,MIA,WR,1,0.4,0.4,0.4,0.4,0,0.0,0,0.0
2020,5,00-0030663,W.Snead,BAL,WR,1,0.0,0.0,0.0,0.0,0,0.0,0,0.0
2020,5,00-0033589,D.Moore,SEA,WR,1,0.0,0.0,0.0,0.0,0,0.0,0,0.0
2020,5,00-0027942,A.Green,CIN,WR,1,0.0,0.0,0.0,0.0,0,0.0,0,0.0
2020,5,00-0034646,B.Powell,ATL,WR,1,0.0,0.0,0.0,0.0,0,0.0,0,0.0
2020,5,00-0034273,D.Ratley,NYG,WR,1,0.0,0.0,0.0,0.0,0,0.0,0,0.0
2020,5,00-0034660,R.Gafford,LV,WR,1,0.0,0.0,0.0,0.0,0,0.0,0,0.0
2020,5,00-0035703,M.Boykin,BAL,WR,1,0.0,0.0,0.0,0.0,0,0.0,0,0.0
2020,4,00-0031235,O.Beckham,CLE,WR,1,33.4,38.4,33.4,38.4,5,81.0,2,1.0
2020,4,00-0031544,A.Cooper,DAL,WR,1,19.4,31.4,19.4,31.4,12,134.0,1,68.0
2020,4,00-0034777,D.Chark,JAX,WR,1,21.5,29.5,21.5,29.5,8,95.0,2,9.0
2020,4,00-0030035,A.Thielen,MIN,WR,1,18.2,26.2,18.2,26.2,8,114.0,1,31.0
2020,4,00-0031408,M.Evans,TB,WR,1,18.2,25.2,18.2,25.2,7,122.0,1,27.0
2020,4,00-0036358,C.Lamb,DAL,WR,1,20.2,25.2,20.2,25.2,5,79.0,2,6.0
2020,4,00-0033375,T.Patrick,DEN,WR,1,17.3,23.3,17.3,23.3,6,113.0,1,14.0
2020,4,00-0031428,A.Robinson,CHI,WR,1,16.1,23.1,16.1,23.1,7,101.0,1,14.0
2020,4,00-0033127,W.Fuller,HOU,WR,1,16.8,22.8,16.8,22.8,6,108.0,1,18.0
2020,4,00-0035659,T.McLaurin,WAS,WR,1,11.8,21.8,11.8,21.8,10,118.0,0,24.0
2020,4,00-0034765,T.Smith,NO,WR,1,17.4,21.4,17.4,21.4,4,54.0,2,4.0
2020,4,00-0031547,D.Parker,MIA,WR,1,11.0,21.0,11.0,21.0,10,110.0,0,36.0
2020,4,00-0035298,S.Miller,TB,WR,1,14.3,19.3,14.3,19.3,5,83.0,1,18.0
2020,4,00-0033589,D.Moore,SEA,WR,1,15.5,18.5,15.5,18.5,3,95.0,1,37.0
2020,4,00-0032688,R.Chosen,CAR,WR,1,9.9,17.9,9.9,17.9,8,99.0,0,59.0
2020,4,00-0033908,C.Kupp,LA,WR,1,12.7,17.7,12.7,17.7,5,69.0,1,51.0
2020,4,00-0031588,S.Diggs,BUF,WR,1,11.5,17.5,11.5,17.5,6,115.0,0,10.0
2020,4,00-0031941,J.Crowder,NYJ,WR,1,10.4,17.4,10.4,17.4,7,104.0,0,23.0
2020,4,00-0035208,O.Zaccheaus,ATL,WR,1,8.6,16.6,8.6,16.6,8,86.0,0,30.0
2020,4,00-0033009,T.Boyd,CIN,WR,1,9.4,16.4,9.4,16.4,7,90.0,0,19.0
2020,4,00-0033040,T.Hill,KC,WR,1,12.4,16.4,12.4,16.4,4,64.0,1,28.0
2020,4,00-0033932,K.Golladay,DET,WR,1,12.2,16.2,12.2,16.2,4,62.0,1,11.0
2020,4,00-0031382,J.Landry,CLE,WR,1,10.65,15.65,10.65,15.65,5,48.0,0,12.0
2020,4,00-0027685,E.Sanders,NO,WR,1,9.3,15.3,9.3,15.3,6,93.0,0,19.0
2020,4,00-0035510,J.Smith,NYJ,WR,1,8.1,15.1,8.1,15.1,7,81.0,0,19.0
2020,4,00-0035640,D.Metcalf,SEA,WR,1,10.6,14.6,10.6,14.6,4,106.0,0,47.0
2020,4,00-0031549,N.Agholor,LV,WR,1,10.4,14.4,10.4,14.4,4,44.0,1,2.0
2020,4,00-0036322,J.Jefferson,MIN,WR,1,10.3,14.3,10.3,14.3,4,103.0,0,27.0
2020,4,00-0030279,K.Allen,LAC,WR,1,6.2,14.2,6.2,14.2,8,62.0,0,38.0
2020,4,00-0035414,J.Guyton,LAC,WR,1,13.2,14.2,13.2,14.2,1,72.0,1,42.0
2020,4,00-0036407,J.Jeudy,DEN,WR,1,12.1,14.1,12.1,14.1,2,61.0,1,4.0
2020,4,00-0036268,L.Shenault,JAX,WR,1,9.1,14.1,9.1,14.1,5,86.0,0,46.0
2020,4,00-0035592,T.Fulgham,PHI,WR,1,11.7,13.7,11.7,13.7,2,57.0,1,12.0
2020,4,00-0036261,B.Aiyuk,SF,WR,1,11.6,13.6,11.6,13.6,2,18.0,0,1.0
2020,4,00-0036410,T.Higgins,CIN,WR,1,9.0,13.0,9.0,13.0,4,77.0,0,32.0
2020,4,00-0031868,D.Byrd,NE,WR,1,8.0,13.0,8.0,13.0,5,80.0,0,22.0
2020,4,00-0035140,M.Hardman,KC,WR,1,8.7,12.7,8.7,12.7,4,27.0,1,29.0
2020,4,00-0035662,M.Brown,BAL,WR,1,8.6,12.6,8.6,12.6,4,86.0,0,26.0
2020,4,00-0035457,T.Johnson,LAC,WR,1,11.3,12.3,11.3,12.3,1,53.0,1,1.0
2020,4,00-0029000,C.Beasley,BUF,WR,1,9.2,12.2,9.2,12.2,3,32.0,1,5.0
2020,4,00-0030085,K.Stills,HOU,WR,1,9.9,11.9,9.9,11.9,2,39.0,1,0.0
2020,4,00-0030564,D.Hopkins,ARI,WR,1,4.1,11.1,4.1,11.1,7,41.0,0,17.0
2020,4,00-0034775,C.Kirk,ARI,WR,1,7.9,10.9,7.9,10.9,3,19.0,1,4.0
2020,4,00-0034983,H.Renfrow,LV,WR,1,5.7,10.7,5.7,10.7,5,57.0,0,18.0
2020,4,00-0036309,D.Mooney,CHI,WR,1,4.9,9.9,4.9,9.9,5,52.0,0,2.0
2020,4,00-0030431,R.Woods,LA,WR,1,3.8,9.8,3.8,9.8,6,36.0,0,12.0
2020,4,00-0036196,G.Davis,BUF,WR,1,8.6,9.6,8.6,9.6,1,26.0,1,0.0
2020,4,00-0034827,D.Moore,CAR,WR,1,4.9,8.9,4.9,8.9,4,49.0,0,15.0
2020,4,00-0033251,Z.Pascal,IND,WR,1,5.8,8.8,5.8,8.8,3,58.0,0,11.0
2020,4,00-0033471,I.Ford,MIA,WR,1,4.8,8.8,4.8,8.8,4,48.0,0,13.0
2020,4,00-0033681,K.Cole,JAX,WR,1,4.6,8.6,4.6,8.6,4,46.0,0,12.0
2020,4,00-0034272,M.Valdes-Scantling,GB,WR,1,4.5,8.5,4.5,8.5,4,45.0,0,16.0
2020,4,00-0033591,N.Brown,DAL,WR,1,4.3,8.3,4.3,8.3,4,43.0,0,14.0
2020,4,00-0031325,S.Watkins,KC,WR,1,4.3,8.3,4.3,8.3,4,43.0,0,28.0
2020,4,00-0031051,J.Brown,BUF,WR,1,4.2,8.2,4.2,8.2,4,42.0,0,10.0
2020,4,00-0034386,J.Watson,TB,WR,1,4.0,8.0,4.0,8.0,4,40.0,0,13.0
2020,4,00-0033733,G.Ward,PHI,WR,1,3.8,7.8,3.8,7.8,4,38.0,0,14.0
2020,4,00-0035535,D.Slayton,NYG,WR,1,4.8,7.8,4.8,7.8,3,48.0,0,17.0
2020,4,00-0033282,C.Samuel,CAR,WR,1,4.8,7.8,4.8,7.8,3,51.0,0,21.0
2020,4,00-0034132,C.Blake,ATL,WR,1,4.7,7.7,4.7,7.7,3,47.0,0,7.0
2020,4,00-0026035,D.Amendola,DET,WR,1,5.7,7.7,5.7,7.7,2,57.0,0,37.0
2020,4,00-0035719,D.Samuel,SF,WR,1,4.5,7.5,4.5,7.5,3,35.0,0,20.0
2020,4,00-0032128,C.Conley,JAX,WR,1,4.4,7.4,4.4,7.4,3,44.0,0,33.0
2020,4,00-0027944,J.Jones,ATL,WR,1,3.2,7.2,3.2,7.2,4,32.0,0,20.0
2020,4,00-0033891,Z.Jones,LV,WR,1,3.2,7.2,3.2,7.2,4,32.0,0,12.0
2020,4,00-0036142,I.Wright,WAS,WR,1,2.9,6.9,2.9,6.9,4,20.0,0,22.0
2020,4,00-0028411,D.Inman,WAS,WR,1,2.9,6.9,2.9,6.9,4,29.0,0,18.0
2020,4,00-0032791,J.Grant,MIA,WR,1,3.6,6.6,3.6,6.6,3,36.0,0,8.0
2020,4,00-0027150,J.Edelman,NE,WR,1,3.5,6.5,3.5,6.5,3,35.0,0,6.0
2020,4,00-0034273,D.Ratley,NYG,WR,1,3.4,6.4,3.4,6.4,3,34.0,0,5.0
2020,4,00-0034418,C.Wilson,DAL,WR,1,3.4,6.4,3.4,6.4,3,34.0,0,6.0
2020,4,00-0028237,C.Hogan,NYJ,WR,1,2.3,6.3,2.3,6.3,4,23.0,0,0.0
2020,4,00-0033307,K.Bourne,SF,WR,1,3.3,6.3,3.3,6.3,3,33.0,0,10.0
2020,4,00-0027891,G.Tate,NYG,WR,1,2.0,6.0,2.0,6.0,4,20.0,0,17.0
2020,4,00-0032211,T.Lockett,SEA,WR,1,3.9,5.9,3.9,5.9,2,39.0,0,21.0
2020,4,00-0029608,T.Hilton,IND,WR,1,2.9,5.9,2.9,5.9,3,29.0,0,6.0
2020,4,00-0028002,R.Cobb,HOU,WR,1,3.6,5.6,3.6,5.6,2,36.0,0,28.0
2020,4,00-0033943,J.Reynolds,LA,WR,1,2.5,5.5,2.5,5.5,3,25.0,0,3.0
2020,4,00-0036247,F.Swain,SEA,WR,1,3.2,5.2,3.2,5.2,2,32.0,0,25.0
2020,4,00-0034764,M.Gallup,DAL,WR,1,2.9,4.9,2.9,4.9,2,29.0,0,2.0
2020,4,00-0035703,M.Boykin,BAL,WR,1,2.8,4.8,2.8,4.8,2,28.0,0,14.0
2020,4,00-0034353,A.Miller,CHI,WR,1,1.6,4.6,1.6,4.6,3,16.0,0,4.0
2020,4,00-0036398,J.Hightower,PHI,WR,1,2.2,4.2,2.2,4.2,2,22.0,0,6.0
2020,4,00-0035181,D.Shepherd,GB,WR,1,2.1,4.1,2.1,4.1,2,21.0,0,1.0
2020,4,00-0030663,W.Snead,BAL,WR,1,2.0,4.0,2.0,4.0,2,20.0,0,0.0
2020,4,00-0034411,R.Gage,ATL,WR,1,2.0,4.0,2.0,4.0,2,22.0,0,2.0
2020,4,00-0033466,I.McKenzie,BUF,WR,1,2.9,3.9,2.9,3.9,1,18.0,0,15.0
2020,4,00-0032980,M.Johnson,IND,WR,1,2.7,3.7,2.7,3.7,1,27.0,0,2.0
2020,4,00-0034104,C.Sims,WAS,WR,1,1.7,3.7,1.7,3.7,2,17.0,0,10.0
2020,4,00-0025396,T.Ginn,CHI,WR,1,1.1,3.1,1.1,3.1,2,11.0,0,4.0
2020,4,00-0035215,D.Harty,NO,WR,1,2.0,3.0,2.0,3.0,1,10.0,0,14.0
2020,4,00-0035480,M.Taylor,GB,WR,1,2.0,3.0,2.0,3.0,1,20.0,0,18.0
2020,4,00-0032543,A.Erickson,CIN,WR,1,1.6,2.6,1.6,2.6,1,9.0,0,5.0
2020,4,00-0036219,M.Callaway,NO,WR,1,1.6,2.6,1.6,2.6,1,16.0,0,5.0
2020,4,00-0034686,A.Tate,CIN,WR,1,1.5,2.5,1.5,2.5,1,15.0,0,3.0
2020,4,00-0035350,P.Williams,MIA,WR,1,1.5,2.5,1.5,2.5,1,15.0,0,1.0
2020,4,00-0022921,L.Fitzgerald,ARI,WR,1,0.4,2.4,0.4,2.4,2,4.0,0,2.0
2020,4,00-0035527,A.Isabella,ARI,WR,1,0.3,2.3,0.3,2.3,2,3.0,0,12.0
2020,4,00-0035645,G.Olszewski,NE,WR,1,1.1,2.1,1.1,2.1,1,11.0,0,0.0
2020,4,00-0031166,S.Roberts,CAR,WR,1,1.0,2.0,1.0,2.0,1,10.0,0,1.0
2020,4,00-0029293,M.Jones,DET,WR,1,0.9,1.9,0.9,1.9,1,9.0,0,0.0
2020,4,00-0034370,D.Hamilton,DEN,WR,1,0.9,1.9,0.9,1.9,1,9.0,0,1.0
2020,4,00-0033114,M.Thomas,CIN,WR,1,0.5,1.5,0.5,1.5,1,5.0,0,1.0
2020,4,00-0036331,D.Duvernay,BAL,WR,1,0.4,1.4,0.4,1.4,1,4.0,0,2.0
2020,4,00-0027691,A.Roberts,BUF,WR,1,0.3,1.3,0.3,1.3,1,6.0,0,0.0
2020,4,00-0033572,J.Agnew,DET,WR,1,0.3,1.3,0.3,1.3,1,1.0,0,2.0
2020,4,00-0027942,A.Green,CIN,WR,1,0.3,1.3,0.3,1.3,1,3.0,0,0.0
2020,4,00-0036100,I.Zuber,NE,WR,1,0.8,0.8,0.8,0.8,0,0.0,0,0.0
2020,4,00-0036364,L.Bowden,MIA,WR,1,0.5,0.5,0.5,0.5,0,0.0,0,0.0
2020,4,00-0033367,C.Board,NYG,WR,1,0.3,0.3,0.3,0.3,0,0.0,0,0.0
2020,4,00-0034419,B.Berrios,NYJ,WR,1,0.0,0.0,0.0,0.0,0,0.0,0,0.0
2020,4,00-0031236,B.Cooks,HOU,WR,1,0.0,0.0,0.0,0.0,0,0.0,0,0.0
2020,4,00-0035006,O.Johnson,MIN,WR,1,0.0,0.0,0.0,0.0,0,0.0,0,0.0
2020,4,00-0033292,T.Taylor,SF,WR,1,0.0,0.0,0.0,0.0,0,0.0,0,0.0
2020,4,00-0036415,V.Jefferson,LA,WR,1,0.0,0.0,0.0,0.0,0,0.0,0,0.0
2020,4,00-0033094,M.Hall,DET,WR,1,0.0,0.0,0.0,0.0,0,0.0,0,0.0
2020,4,00-0034837,C.Ridley,ATL,WR,1,0.0,0.0,0.0,0.0,0,0.0,0,0.0
2020,4,00-0034395,D.Fountain,IND,WR,1,0.0,0.0,0.0,0.0,0,0.0,0,0.0
2020,3,00-0032211,T.Lockett,SEA,WR,1,28.0,37.0,28.0,37.0,9,100.0,3,4.0
2020,3,00-0030279,K.Allen,LAC,WR,1,19.2,32.2,19.2,32.2,13,132.0,1,45.0
2020,3,00-0036322,J.Jefferson,MIN,WR,1,23.5,30.5,23.5,30.5,7,175.0,1,79.0
2020,3,00-0031428,A.Robinson,CHI,WR,1,18.3,28.3,18.3,28.3,10,123.0,1,60.0
2020,3,00-0034418,C.Wilson,DAL,WR,1,22.7,27.7,22.7,27.7,5,107.0,2,70.0
2020,3,00-0034521,A.Lazard,GB,WR,1,20.4,26.4,20.4,26.4,6,146.0,1,50.0
2020,3,00-0034764,M.Gallup,DAL,WR,1,19.8,25.8,19.8,25.8,6,138.0,1,32.0
2020,3,00-0033908,C.Kupp,LA,WR,1,16.7,25.7,16.7,25.7,9,107.0,1,43.0
2020,3,00-0030564,D.Hopkins,ARI,WR,1,13.7,23.7,13.7,23.7,10,137.0,0,60.0
2020,3,00-0033009,T.Boyd,CIN,WR,1,12.5,22.5,12.5,22.5,10,125.0,0,23.0
2020,3,00-0030431,R.Woods,LA,WR,1,16.4,21.4,16.4,21.4,5,74.0,1,64.0
2020,3,00-0033040,T.Hill,KC,WR,1,16.2,21.2,16.2,21.2,5,77.0,1,25.0
2020,3,00-0036261,B.Aiyuk,SF,WR,1,16.1,21.1,16.1,21.1,5,70.0,0,15.0
2020,3,00-0036410,T.Higgins,CIN,WR,1,16.0,21.0,16.0,21.0,5,40.0,2,6.0
2020,3,00-0035640,D.Metcalf,SEA,WR,1,17.0,21.0,17.0,21.0,4,110.0,1,12.0
2020,3,00-0033733,G.Ward,PHI,WR,1,12.6,20.6,12.6,20.6,8,72.0,1,37.0
2020,3,00-0034983,H.Renfrow,LV,WR,1,14.4,20.4,14.4,20.4,6,84.0,1,41.0
2020,3,00-0035527,A.Isabella,ARI,WR,1,16.1,20.1,16.1,20.1,4,47.0,2,7.0
2020,3,00-0028002,R.Cobb,HOU,WR,1,15.5,19.5,15.5,19.5,4,95.0,1,30.0
2020,3,00-0028411,D.Inman,WAS,WR,1,15.8,18.8,15.8,18.8,3,38.0,2,0.0
2020,3,00-0035140,M.Hardman,KC,WR,1,14.1,18.1,14.1,18.1,4,81.0,1,16.0
2020,3,00-0033932,K.Golladay,DET,WR,1,11.7,17.7,11.7,17.7,6,57.0,1,9.0
2020,3,00-0031544,A.Cooper,DAL,WR,1,8.6,17.6,8.6,17.6,9,86.0,0,21.0
2020,3,00-0033921,C.Godwin,TB,WR,1,12.4,17.4,12.4,17.4,5,64.0,1,26.0
2020,3,00-0034837,C.Ridley,ATL,WR,1,11.7,16.7,11.7,16.7,5,110.0,0,18.0
2020,3,00-0034419,B.Berrios,NYJ,WR,1,12.4,16.4,12.4,16.4,4,64.0,1,21.0
2020,3,00-0029000,C.Beasley,BUF,WR,1,10.0,16.0,10.0,16.0,6,100.0,0,37.0
2020,3,00-0027685,E.Sanders,NO,WR,1,11.6,15.6,11.6,15.6,4,56.0,1,2.0
2020,3,00-0033127,W.Fuller,HOU,WR,1,11.4,15.4,11.4,15.4,4,54.0,1,7.0
2020,3,00-0031588,S.Diggs,BUF,WR,1,10.9,14.9,10.9,14.9,4,49.0,1,11.0
2020,3,00-0032464,K.Raymond,TEN,WR,1,11.5,14.5,11.5,14.5,3,118.0,0,21.0
2020,3,00-0033857,J.Smith-Schuster,PIT,WR,1,10.3,14.3,10.3,14.3,4,43.0,1,29.0
2020,3,00-0033375,T.Patrick,DEN,WR,1,10.3,14.3,10.3,14.3,4,43.0,1,8.0
2020,3,00-0031408,M.Evans,TB,WR,1,12.2,14.2,12.2,14.2,2,2.0,2,1.0
2020,3,00-0031325,S.Watkins,KC,WR,1,6.2,13.2,6.2,13.2,7,62.0,0,10.0
2020,3,00-0034353,A.Miller,CHI,WR,1,11.0,13.0,11.0,13.0,2,41.0,1,6.0
2020,3,00-0035659,T.McLaurin,WAS,WR,1,8.6,12.6,8.6,12.6,4,83.0,0,63.0
2020,3,00-0030035,A.Thielen,MIN,WR,1,9.3,12.3,9.3,12.3,3,29.0,1,8.0
2020,3,00-0036196,G.Davis,BUF,WR,1,8.1,12.1,8.1,12.1,4,81.0,0,20.0
2020,3,00-0033871,C.Davis,TEN,WR,1,6.9,11.9,6.9,11.9,5,69.0,0,33.0
2020,3,00-0031547,D.Parker,MIA,WR,1,6.9,11.9,6.9,11.9,5,69.0,0,10.0
2020,3,00-0036358,C.Lamb,DAL,WR,1,6.6,11.6,6.6,11.6,5,65.0,0,11.0
2020,3,00-0035298,S.Miller,TB,WR,1,8.3,11.3,8.3,11.3,3,83.0,0,13.0
2020,3,00-0036407,J.Jeudy,DEN,WR,1,5.5,10.5,5.5,10.5,5,55.0,0,24.0
2020,3,00-0032688,R.Chosen,CAR,WR,1,5.5,10.5,5.5,10.5,5,55.0,0,33.0
2020,3,00-0033307,K.Bourne,SF,WR,1,6.3,10.3,6.3,10.3,4,63.0,0,17.0
2020,3,00-0033943,J.Reynolds,LA,WR,1,6.0,10.0,6.0,10.0,4,60.0,0,11.0
2020,3,00-0031235,O.Beckham,CLE,WR,1,5.9,9.9,5.9,9.9,4,59.0,0,9.0
2020,3,00-0033282,C.Samuel,CAR,WR,1,5.2,9.2,5.2,9.2,4,45.0,0,30.0
2020,3,00-0035350,P.Williams,MIA,WR,1,6.7,8.7,6.7,8.7,2,7.0,1,0.0
2020,3,00-0034676,J.Washington,PIT,WR,1,3.6,8.6,3.6,8.6,5,36.0,0,9.0
2020,3,00-0027891,G.Tate,NYG,WR,1,3.6,8.6,3.6,8.6,5,36.0,0,3.0
2020,3,00-0027942,A.Green,CIN,WR,1,3.6,8.6,3.6,8.6,5,36.0,0,3.0
2020,3,00-0034827,D.Moore,CAR,WR,1,6.5,8.5,6.5,8.5,2,65.0,0,4.0
2020,3,00-0036268,L.Shenault,JAX,WR,1,3.4,8.4,3.4,8.4,5,33.0,0,19.0
2020,3,00-0035535,D.Slayton,NYG,WR,1,5.3,8.3,5.3,8.3,3,53.0,0,5.0
2020,3,00-0033681,K.Cole,JAX,WR,1,4.3,8.3,4.3,8.3,4,43.0,0,20.0
2020,3,00-0034765,T.Smith,NO,WR,1,4.2,8.2,4.2,8.2,4,42.0,0,10.0
2020,3,00-0029608,T.Hilton,IND,WR,1,5.2,8.2,5.2,8.2,3,52.0,0,15.0
2020,3,00-0032009,A.Humphries,TEN,WR,1,4.1,8.1,4.1,8.1,4,41.0,0,12.0
2020,3,00-0029293,M.Jones,DET,WR,1,5.1,8.1,5.1,8.1,3,51.0,0,16.0
2020,3,00-0035208,O.Zaccheaus,ATL,WR,1,4.1,8.1,4.1,8.1,4,41.0,0,9.0
2020,3,00-0031382,J.Landry,CLE,WR,1,3.6,7.6,3.6,7.6,4,36.0,0,13.0
2020,3,00-0036142,I.Wright,WAS,WR,1,3.0,7.0,3.0,7.0,4,24.0,0,26.0
2020,3,00-0036365,B.Edwards,LV,WR,1,4.8,6.8,4.8,6.8,2,48.0,0,18.0
2020,3,00-0030085,K.Stills,HOU,WR,1,3.5,6.5,3.5,6.5,3,35.0,0,4.0
2020,3,00-0032128,C.Conley,JAX,WR,1,3.4,6.4,3.4,6.4,3,34.0,0,8.0
2020,3,00-0033891,Z.Jones,LV,WR,1,3.2,6.2,3.2,6.2,3,32.0,0,18.0
2020,3,00-0032791,J.Grant,MIA,WR,1,4.8,5.8,4.8,5.8,1,19.0,0,5.0
2020,3,00-0036412,K.Hamler,DEN,WR,1,2.8,5.8,2.8,5.8,3,30.0,0,4.0
2020,3,00-0034646,B.Powell,ATL,WR,1,2.7,5.7,2.7,5.7,3,27.0,0,12.0
2020,3,00-0031868,D.Byrd,NE,WR,1,2.7,5.7,2.7,5.7,3,27.0,0,17.0
2020,3,00-0036252,M.Pittman,IND,WR,1,2.6,5.6,2.6,5.6,3,26.0,0,25.0
2020,3,00-0033251,Z.Pascal,IND,WR,1,3.4,5.4,3.4,5.4,2,34.0,0,1.0
2020,3,00-0031236,B.Cooks,HOU,WR,1,2.3,5.3,2.3,5.3,3,23.0,0,14.0
2020,3,00-0031549,N.Agholor,LV,WR,1,3.2,5.2,3.2,5.2,2,32.0,0,6.0
2020,3,00-0034653,D.Burnett,PHI,WR,1,1.9,4.9,1.9,4.9,3,19.0,0,4.0
2020,3,00-0034686,A.Tate,CIN,WR,1,2.9,4.9,2.9,4.9,2,29.0,0,2.0
2020,3,00-0034411,R.Gage,ATL,WR,1,2.6,4.6,2.6,4.6,2,26.0,0,8.0
2020,3,00-0035287,K.Johnson,ARI,WR,1,2.4,4.4,2.4,4.4,2,24.0,0,9.0
2020,3,00-0035414,J.Guyton,LAC,WR,1,2.3,4.3,2.3,4.3,2,23.0,0,2.0
2020,3,00-0034395,D.Fountain,IND,WR,1,2.3,4.3,2.3,4.3,2,23.0,0,0.0
2020,3,00-0033572,J.Agnew,DET,WR,1,2.2,4.2,2.2,4.2,2,20.0,0,25.0
2020,3,00-0027150,J.Edelman,NE,WR,1,2.2,4.2,2.2,4.2,2,23.0,0,4.0
2020,3,00-0025396,T.Ginn,CHI,WR,1,2.9,3.9,2.9,3.9,1,29.0,0,6.0
2020,3,00-0034273,D.Ratley,NYG,WR,1,2.9,3.9,2.9,3.9,1,29.0,0,5.0
2020,3,00-0036309,D.Mooney,CHI,WR,1,1.9,3.9,1.9,3.9,2,19.0,0,7.0
2020,3,00-0036398,J.Hightower,PHI,WR,1,1.9,3.9,1.9,3.9,2,19.0,0,13.0
2020,3,00-0031166,S.Roberts,CAR,WR,1,1.6,3.6,1.6,3.6,2,16.0,0,13.0
2020,3,00-0033471,I.Ford,MIA,WR,1,1.4,3.4,1.4,3.4,2,14.0,0,1.0
2020,3,00-0036326,C.Claypool,PIT,WR,1,2.4,3.4,2.4,3.4,1,24.0,0,23.0
2020,3,00-0035662,M.Brown,BAL,WR,1,1.3,3.3,1.3,3.3,2,13.0,0,2.0
2020,3,00-0026189,D.Jackson,PHI,WR,1,1.1,3.1,1.1,3.1,2,11.0,0,6.0
2020,3,00-0033292,T.Taylor,SF,WR,1,2.0,3.0,2.0,3.0,1,20.0,0,15.0
2020,3,00-0033114,M.Thomas,CIN,WR,1,0.9,2.9,0.9,2.9,2,9.0,0,7.0
2020,3,00-0026035,D.Amendola,DET,WR,1,1.8,2.8,1.8,2.8,1,18.0,0,16.0
2020,3,00-0033536,M.Williams,LAC,WR,1,1.7,2.7,1.7,2.7,1,17.0,0,2.0
2020,3,00-0036331,D.Duvernay,BAL,WR,1,0.7,2.7,0.7,2.7,2,7.0,0,13.0
2020,3,00-0035215,D.Harty,NO,WR,1,0.5,2.5,0.5,2.5,2,5.0,0,0.0
2020,3,00-0036382,K.Hill,LAC,WR,1,1.5,2.5,1.5,2.5,1,15.0,0,0.0
2020,3,00-0030663,W.Snead,BAL,WR,1,0.4,2.4,0.4,2.4,2,4.0,0,0.0
2020,3,00-0036247,F.Swain,SEA,WR,1,1.3,2.3,1.3,2.3,1,13.0,0,9.0
2020,3,00-0036340,A.Gandy-Golden,WAS,WR,1,2.2,2.2,2.2,2.2,0,0.0,0,0.0
2020,3,00-0033466,I.McKenzie,BUF,WR,1,1.0,2.0,1.0,2.0,1,6.0,0,10.0
2020,3,00-0033367,C.Board,NYG,WR,1,0.9,1.9,0.9,1.9,1,9.0,0,0.0
2020,3,00-0033591,N.Brown,DAL,WR,1,0.9,1.9,0.9,1.9,1,9.0,0,0.0
2020,3,00-0029632,M.Sanu,SF,WR,1,0.9,1.9,0.9,1.9,1,9.0,0,4.0
2020,3,00-0035703,M.Boykin,BAL,WR,1,0.8,1.8,0.8,1.8,1,8.0,0,0.0
2020,3,00-0031319,D.Spencer,DEN,WR,1,0.7,1.7,0.7,1.7,1,7.0,0,0.0
2020,3,00-0034309,C.Beebe,MIN,WR,1,0.7,1.7,0.7,1.7,1,7.0,0,2.0
2020,3,00-0034272,M.Valdes-Scantling,GB,WR,1,0.5,1.5,0.5,1.5,1,5.0,0,1.0
2020,3,00-0033839,D.Westbrook,JAX,WR,1,0.4,1.4,0.4,1.4,1,4.0,0,0.0
2020,3,00-0036100,I.Zuber,NE,WR,1,1.3,1.3,1.3,1.3,0,0.0,0,0.0
2020,3,00-0036254,C.Johnson,JAX,WR,1,0.3,1.3,0.3,1.3,1,3.0,0,1.0
2020,3,00-0033589,D.Moore,SEA,WR,1,0.2,1.2,0.2,1.2,1,2.0,0,5.0
2020,3,00-0022921,L.Fitzgerald,ARI,WR,1,0.0,1.0,0.0,1.0,1,0.0,0,0.0
2020,3,00-0035216,D.Johnson,PIT,WR,1,0.9,0.9,0.9,0.9,0,0.0,0,0.0
2020,3,00-0033266,J.Natson,CLE,WR,1,0.3,0.3,0.3,0.3,0,0.0,0,0.0
2020,3,00-0028237,C.Hogan,NYJ,WR,1,0.0,0.0,0.0,0.0,0,0.0,0,0.0
2020,3,00-0036182,N.Westbrook-Ikhine,TEN,WR,1,0.0,0.0,0.0,0.0,0,0.0,0,0.0
2020,3,00-0034854,K.Hodge,CLE,WR,1,0.0,0.0,0.0,0.0,0,0.0,0,0.0
2020,3,00-0034426,J.Wims,CHI,WR,1,0.0,0.0,0.0,0.0,0,0.0,0,0.0
2020,3,00-0031051,J.Brown,BUF,WR,1,0.0,0.0,0.0,0.0,0,0.0,0,0.0
2020,3,00-0036415,V.Jefferson,LA,WR,1,0.0,0.0,0.0,0.0,0,0.0,0,0.0
2020,3,00-0032775,D.Robinson,KC,WR,1,0.0,0.0,0.0,0.0,0,0.0,0,0.0
2020,3,00-0035021,A.Dulin,IND,WR,1,0.0,0.0,0.0,0.0,0,0.0,0,0.0
2020,3,00-0035181,D.Shepherd,GB,WR,1,0.0,0.0,0.0,0.0,0,0.0,0,0.0
2020,2,00-0034837,C.Ridley,ATL,WR,1,22.9,29.9,22.9,29.9,7,109.0,2,14.0
2020,2,00-0031588,S.Diggs,BUF,WR,1,21.3,29.3,21.3,29.3,8,153.0,1,38.0
2020,2,00-0027150,J.Edelman,NE,WR,1,17.9,25.9,17.9,25.9,8,179.0,0,25.0
2020,2,00-0035659,T.McLaurin,WAS,WR,1,18.5,25.5,18.5,25.5,7,125.0,1,83.0
2020,2,00-0031408,M.Evans,TB,WR,1,16.4,23.4,16.4,23.4,7,104.0,1,44.0
2020,2,00-0035216,D.Johnson,PIT,WR,1,15.2,23.2,15.2,23.2,8,92.0,1,42.0
2020,2,00-0033040,T.Hill,KC,WR,1,16.8,21.8,16.8,21.8,5,99.0,1,25.0
2020,2,00-0030564,D.Hopkins,ARI,WR,1,12.8,20.8,12.8,20.8,8,68.0,1,40.0
2020,2,00-0033009,T.Boyd,CIN,WR,1,13.2,20.2,13.2,20.2,7,72.0,1,27.0
2020,2,00-0034827,D.Moore,CAR,WR,1,12.0,20.0,12.0,20.0,8,120.0,0,6.0
2020,2,00-0032688,R.Chosen,CAR,WR,1,10.9,19.9,10.9,19.9,9,109.0,0,30.0
2020,2,00-0032211,T.Lockett,SEA,WR,1,12.7,19.7,12.7,19.7,7,67.0,1,29.0
2020,2,00-0035640,D.Metcalf,SEA,WR,1,15.2,19.2,15.2,19.2,4,92.0,1,29.0
2020,2,00-0031051,J.Brown,BUF,WR,1,14.2,18.2,14.2,18.2,4,82.0,1,5.0
2020,2,00-0034419,B.Berrios,NYJ,WR,1,11.9,17.9,11.9,17.9,6,59.0,1,28.0
2020,2,00-0033681,K.Cole,JAX,WR,1,11.8,17.8,11.8,17.8,6,58.0,1,17.0
2020,2,00-0036326,C.Claypool,PIT,WR,1,14.8,17.8,14.8,17.8,3,88.0,1,47.0
2020,2,00-0036358,C.Lamb,DAL,WR,1,11.5,17.5,11.5,17.5,6,106.0,0,59.0
2020,2,00-0031235,O.Beckham,CLE,WR,1,13.4,17.4,13.4,17.4,4,74.0,1,21.0
2020,2,00-0034411,R.Gage,ATL,WR,1,10.6,16.6,10.6,16.6,6,46.0,1,17.0
2020,2,00-0030279,K.Allen,LAC,WR,1,9.6,16.6,9.6,16.6,7,96.0,0,51.0
2020,2,00-0031547,D.Parker,MIA,WR,1,11.3,16.3,11.3,16.3,5,53.0,1,12.0
2020,2,00-0031544,A.Cooper,DAL,WR,1,10.0,16.0,10.0,16.0,6,100.0,0,33.0
2020,2,00-0032009,A.Humphries,TEN,WR,1,10.8,15.8,10.8,15.8,5,48.0,1,16.0
2020,2,00-0033908,C.Kupp,LA,WR,1,10.0,15.0,10.0,15.0,5,81.0,0,55.0
2020,2,00-0033471,I.Ford,MIA,WR,1,7.6,14.6,7.6,14.6,7,76.0,0,21.0
2020,2,00-0031236,B.Cooks,HOU,WR,1,9.5,14.5,9.5,14.5,5,95.0,0,14.0
2020,2,00-0033589,D.Moore,SEA,WR,1,10.8,13.8,10.8,13.8,3,48.0,1,10.0
2020,2,00-0034765,T.Smith,NO,WR,1,8.6,13.6,8.6,13.6,5,86.0,0,36.0
2020,2,00-0028237,C.Hogan,NYJ,WR,1,7.5,13.5,7.5,13.5,6,75.0,0,34.0
2020,2,00-0031868,D.Byrd,NE,WR,1,7.2,13.2,7.2,13.2,6,72.0,0,6.0
2020,2,00-0033114,M.Thomas,CIN,WR,1,9.1,13.1,9.1,13.1,4,31.0,1,6.0
2020,2,00-0036309,D.Mooney,CHI,WR,1,9.6,12.6,9.6,12.6,3,36.0,1,3.0
2020,2,00-0033871,C.Davis,TEN,WR,1,9.6,12.6,9.6,12.6,3,36.0,1,15.0
2020,2,00-0026189,D.Jackson,PHI,WR,1,6.4,12.4,6.4,12.4,6,64.0,0,9.0
2020,2,00-0034777,D.Chark,JAX,WR,1,8.4,12.4,8.4,12.4,4,84.0,0,13.0
2020,2,00-0029293,M.Jones,DET,WR,1,8.3,12.3,8.3,12.3,4,23.0,1,5.0
2020,2,00-0022921,L.Fitzgerald,ARI,WR,1,5.0,12.0,5.0,12.0,7,50.0,0,25.0
2020,2,00-0029000,C.Beasley,BUF,WR,1,7.0,12.0,7.0,12.0,5,70.0,0,26.0
2020,2,00-0033857,J.Smith-Schuster,PIT,WR,1,4.8,11.8,4.8,11.8,7,48.0,0,37.0
2020,2,00-0030431,R.Woods,LA,WR,1,9.3,11.3,9.3,11.3,2,14.0,0,2.0
2020,2,00-0033251,Z.Pascal,IND,WR,1,7.9,10.9,7.9,10.9,3,19.0,1,10.0
2020,2,00-0028002,R.Cobb,HOU,WR,1,5.9,10.9,5.9,10.9,5,59.0,0,27.0
2020,2,00-0033307,K.Bourne,SF,WR,1,6.7,10.7,6.7,10.7,4,67.0,0,27.0
2020,2,00-0036268,L.Shenault,JAX,WR,1,7.2,10.2,7.2,10.2,3,35.0,0,3.0
2020,2,00-0036407,J.Jeudy,DEN,WR,1,6.2,10.2,6.2,10.2,4,62.0,0,18.0
2020,2,00-0027891,G.Tate,NYG,WR,1,4.7,9.7,4.7,9.7,5,47.0,0,8.0
2020,2,00-0034348,C.Sutton,DEN,WR,1,6.6,9.6,6.6,9.6,3,66.0,0,7.0
2020,2,00-0033094,M.Hall,DET,WR,1,8.4,9.4,8.4,9.4,1,24.0,1,0.0
2020,2,00-0034272,M.Valdes-Scantling,GB,WR,1,6.4,9.4,6.4,9.4,3,64.0,0,21.0
2020,2,00-0035662,M.Brown,BAL,WR,1,4.2,9.2,4.2,9.2,5,42.0,0,19.0
2020,2,00-0036247,F.Swain,SEA,WR,1,8.1,9.1,8.1,9.1,1,21.0,1,19.0
2020,2,00-0032128,C.Conley,JAX,WR,1,4.8,8.8,4.8,8.8,4,48.0,0,25.0
2020,2,00-0035527,A.Isabella,ARI,WR,1,6.7,8.7,6.7,8.7,2,67.0,0,9.0
2020,2,00-0036412,K.Hamler,DEN,WR,1,5.7,8.7,5.7,8.7,3,48.0,0,3.0
2020,2,00-0033891,Z.Jones,LV,WR,1,7.5,8.5,7.5,8.5,1,15.0,1,0.0
2020,2,00-0036415,V.Jefferson,LA,WR,1,4.4,8.4,4.4,8.4,4,45.0,0,7.0
2020,2,00-0035414,J.Guyton,LAC,WR,1,7.4,8.4,7.4,8.4,1,14.0,1,0.0
2020,2,00-0036277,Q.Cephus,DET,WR,1,5.4,8.4,5.4,8.4,3,54.0,0,32.0
2020,2,00-0034928,S.Sims,WAS,WR,1,5.3,8.3,5.3,8.3,3,53.0,0,31.0
2020,2,00-0036387,J.Reagor,PHI,WR,1,4.1,8.1,4.1,8.1,4,41.0,0,26.0
2020,2,00-0034775,C.Kirk,ARI,WR,1,6.0,8.0,6.0,8.0,2,57.0,0,0.0
2020,2,00-0035703,M.Boykin,BAL,WR,1,3.8,7.8,3.8,7.8,4,38.0,0,9.0
2020,2,00-0034764,M.Gallup,DAL,WR,1,5.8,7.8,5.8,7.8,2,58.0,0,2.0
2020,2,00-0036252,M.Pittman,IND,WR,1,3.7,7.7,3.7,7.7,4,37.0,0,12.0
2020,2,00-0031382,J.Landry,CLE,WR,1,4.6,7.6,4.6,7.6,3,46.0,0,24.0
2020,2,00-0036196,G.Davis,BUF,WR,1,6.6,7.6,6.6,7.6,1,6.0,1,0.0
2020,2,00-0034521,A.Lazard,GB,WR,1,4.5,7.5,4.5,7.5,3,45.0,0,24.0
2020,2,00-0036322,J.Jefferson,MIN,WR,1,4.4,7.4,4.4,7.4,3,44.0,0,1.0
2020,2,00-0033859,J.Malone,NYJ,WR,1,2.8,6.8,2.8,6.8,4,16.0,0,8.0
2020,2,00-0034386,J.Watson,TB,WR,1,4.8,6.8,4.8,6.8,2,48.0,0,5.0
2020,2,00-0033466,I.McKenzie,BUF,WR,1,4.7,6.7,4.7,6.7,2,47.0,0,35.0
2020,2,00-0034983,H.Renfrow,LV,WR,1,3.7,6.7,3.7,6.7,3,37.0,0,12.0
2020,2,00-0031381,D.Adams,GB,WR,1,3.6,6.6,3.6,6.6,3,36.0,0,15.0
2020,2,00-0036410,T.Higgins,CIN,WR,1,3.5,6.5,3.5,6.5,3,35.0,0,7.0
2020,2,00-0035215,D.Harty,NO,WR,1,3.4,6.4,3.4,6.4,3,23.0,0,20.0
2020,2,00-0031428,A.Robinson,CHI,WR,1,3.3,6.3,3.3,6.3,3,33.0,0,0.0
2020,2,00-0035535,D.Slayton,NYG,WR,1,3.3,6.3,3.3,6.3,3,33.0,0,0.0
2020,2,00-0036365,B.Edwards,LV,WR,1,4.2,6.2,4.2,6.2,2,42.0,0,19.0
2020,2,00-0033367,C.Board,NYG,WR,1,3.2,6.2,3.2,6.2,3,32.0,0,9.0
2020,2,00-0030035,A.Thielen,MIN,WR,1,3.1,6.1,3.1,6.1,3,31.0,0,1.0
2020,2,00-0033282,C.Samuel,CAR,WR,1,3.9,5.9,3.9,5.9,2,13.0,0,4.0
2020,2,00-0034854,K.Hodge,CLE,WR,1,3.9,5.9,3.9,5.9,2,39.0,0,4.0
2020,2,00-0027942,A.Green,CIN,WR,1,2.9,5.9,2.9,5.9,3,29.0,0,1.0
2020,2,00-0029608,T.Hilton,IND,WR,1,2.8,5.8,2.8,5.8,3,28.0,0,17.0
2020,2,00-0032775,D.Robinson,KC,WR,1,2.8,5.8,2.8,5.8,3,28.0,0,10.0
2020,2,00-0034652,C.Batson,TEN,WR,1,3.7,5.7,3.7,5.7,2,26.0,0,2.0
2020,2,00-0032385,S.Shepard,NYG,WR,1,3.5,5.5,3.5,5.5,2,29.0,0,3.0
2020,2,00-0033943,J.Reynolds,LA,WR,1,3.3,5.3,3.3,5.3,2,33.0,0,12.0
2020,2,00-0035140,M.Hardman,KC,WR,1,3.3,5.3,3.3,5.3,2,30.0,0,9.0
2020,2,00-0034676,J.Washington,PIT,WR,1,2.2,5.2,2.2,5.2,3,22.0,0,7.0
2020,2,00-0030663,W.Snead,BAL,WR,1,2.9,4.9,2.9,4.9,2,29.0,0,15.0
2020,2,00-0033591,N.Brown,DAL,WR,1,2.8,4.8,2.8,4.8,2,28.0,0,6.0
2020,2,00-0032200,T.Montgomery,NO,WR,1,2.5,4.5,2.5,4.5,2,25.0,0,26.0
2020,2,00-0033375,T.Patrick,DEN,WR,1,2.4,4.4,2.4,4.4,2,24.0,0,12.0
2020,2,00-0027944,J.Jones,ATL,WR,1,2.4,4.4,2.4,4.4,2,24.0,0,10.0
2020,2,00-0036261,B.Aiyuk,SF,WR,1,2.1,4.1,2.1,4.1,2,21.0,0,22.0
2020,2,00-0026035,D.Amendola,DET,WR,1,2.1,4.1,2.1,4.1,2,21.0,0,6.0
2020,2,00-0034426,J.Wims,CHI,WR,1,1.7,3.7,1.7,3.7,2,17.0,0,0.0
2020,2,00-0028411,D.Inman,WAS,WR,1,1.7,3.7,1.7,3.7,2,17.0,0,3.0
2020,2,00-0035350,P.Williams,MIA,WR,1,2.6,3.6,2.6,3.6,1,26.0,0,1.0
2020,2,00-0030085,K.Stills,HOU,WR,1,1.6,3.6,1.6,3.6,2,16.0,0,0.0
2020,2,00-0035006,O.Johnson,MIN,WR,1,2.4,3.4,2.4,3.4,1,24.0,0,4.0
2020,2,00-0033536,M.Williams,LAC,WR,1,1.4,3.4,1.4,3.4,2,14.0,0,4.0
2020,2,00-0035298,S.Miller,TB,WR,1,1.2,3.2,1.2,3.2,2,11.0,0,0.0
2020,2,00-0032054,B.Perriman,NYJ,WR,1,1.2,3.2,1.2,3.2,2,12.0,0,7.0
2020,2,00-0034366,K.Coutee,HOU,WR,1,1.1,3.1,1.1,3.1,2,11.0,0,10.0
2020,2,00-0033292,T.Taylor,SF,WR,1,1.0,3.0,1.0,3.0,2,10.0,0,8.0
2020,2,00-0036331,D.Duvernay,BAL,WR,1,1.9,2.9,1.9,2.9,1,19.0,0,2.0
2020,2,00-0031549,N.Agholor,LV,WR,1,1.9,2.9,1.9,2.9,1,19.0,0,17.0
2020,2,00-0027685,E.Sanders,NO,WR,1,1.8,2.8,1.8,2.8,1,18.0,0,1.0
2020,2,00-0031325,S.Watkins,KC,WR,1,1.1,2.1,1.1,2.1,1,11.0,0,7.0
2020,2,00-0035208,O.Zaccheaus,ATL,WR,1,1.0,2.0,1.0,2.0,1,10.0,0,2.0
2020,2,00-0034960,J.Meyers,NE,WR,1,0.7,1.7,0.7,1.7,1,7.0,0,0.0
2020,2,00-0035021,A.Dulin,IND,WR,1,0.6,1.6,0.6,1.6,1,6.0,0,10.0
2020,2,00-0034370,D.Hamilton,DEN,WR,1,0.5,1.5,0.5,1.5,1,5.0,0,1.0
2020,2,00-0033733,G.Ward,PHI,WR,1,0.5,1.5,0.5,1.5,1,5.0,0,1.0
2020,2,00-0036357,H.Ruggs,LV,WR,1,0.4,1.4,0.4,1.4,1,4.0,0,0.0
2020,2,00-0036340,A.Gandy-Golden,WAS,WR,1,0.3,1.3,0.3,1.3,1,3.0,0,1.0
2020,2,00-0032791,J.Grant,MIA,WR,1,0.2,1.2,0.2,1.2,1,2.0,0,6.0
2020,2,00-0033572,J.Agnew,DET,WR,1,0.0,1.0,0.0,1.0,1,0.0,0,4.0
2020,2,00-0036364,L.Bowden,MIA,WR,1,-0.1,0.9,-0.1,0.9,1,-1.0,0,0.0
2020,2,00-0036377,J.Reed,LAC,WR,1,0.8,0.8,0.8,0.8,0,0.0,0,0.0
2020,2,00-0035639,P.Campbell,IND,WR,1,0.7,0.7,0.7,0.7,0,0.0,0,0.0
2020,2,00-0035246,J.Arcega-Whiteside,PHI,WR,1,0.0,0.0,0.0,0.0,0,0.0,0,0.0
2020,2,00-0033460,J.Ross,CIN,WR,1,0.0,0.0,0.0,0.0,0,0.0,0,0.0
2020,2,00-0034353,A.Miller,CHI,WR,1,0.0,0.0,0.0,0.0,0,0.0,0,0.0
2020,2,00-0033127,W.Fuller,HOU,WR,1,0.0,0.0,0.0,0.0,0,0.0,0,0.0
2020,2,00-0033215,C.Grayson,TB,WR,1,0.0,0.0,0.0,0.0,0,0.0,0,0.0
2020,2,00-0036254,C.Johnson,JAX,WR,1,0.0,0.0,0.0,0.0,0,0.0,0,0.0
2020,2,00-0034273,D.Ratley,NYG,WR,1,0.0,0.0,0.0,0.0,0,0.0,0,0.0
2020,1,00-0031381,D.Adams,GB,WR,1,27.6,41.6,27.6,41.6,14,156.0,2,43.0
2020,1,00-0034837,C.Ridley,ATL,WR,1,24.9,33.9,24.9,33.9,9,130.0,2,21.0
2020,1,00-0030564,D.Hopkins,ARI,WR,1,15.1,29.1,15.1,29.1,14,151.0,0,67.0
2020,1,00-0030035,A.Thielen,MIN,WR,1,23.0,29.0,23.0,29.0,6,110.0,2,2.0
2020,1,00-0035535,D.Slayton,NYG,WR,1,22.2,28.2,22.2,28.2,6,102.0,2,11.0
2020,1,00-0033857,J.Smith-Schuster,PIT,WR,1,18.9,24.9,18.9,24.9,6,69.0,2,38.0
2020,1,00-0027944,J.Jones,ATL,WR,1,15.7,24.7,15.7,24.7,9,157.0,0,28.0
2020,1,00-0031941,J.Crowder,NYJ,WR,1,17.5,24.5,17.5,24.5,7,115.0,1,93.0
2020,1,00-0032688,R.Chosen,CAR,WR,1,17.4,23.4,17.4,23.4,6,114.0,1,71.0
2020,1,00-0031325,S.Watkins,KC,WR,1,14.5,21.5,14.5,21.5,7,82.0,1,34.0
2020,1,00-0034411,R.Gage,ATL,WR,1,11.4,20.4,11.4,20.4,9,114.0,0,46.0
2020,1,00-0034272,M.Valdes-Scantling,GB,WR,1,15.6,19.6,15.6,19.6,4,96.0,1,22.0
2020,1,00-0035640,D.Metcalf,SEA,WR,1,15.5,19.5,15.5,19.5,4,95.0,1,20.0
2020,1,00-0033127,W.Fuller,HOU,WR,1,11.2,19.2,11.2,19.2,8,112.0,0,29.0
2020,1,00-0031051,J.Brown,BUF,WR,1,13.0,19.0,13.0,19.0,6,70.0,1,28.0
2020,1,00-0034521,A.Lazard,GB,WR,1,14.2,18.2,14.2,18.2,4,63.0,1,22.0
2020,1,00-0031544,A.Cooper,DAL,WR,1,8.1,18.1,8.1,18.1,10,81.0,0,15.0
2020,1,00-0030431,R.Woods,LA,WR,1,11.9,17.9,11.9,17.9,6,105.0,0,87.0
2020,1,00-0034353,A.Miller,CHI,WR,1,13.6,17.6,13.6,17.6,4,76.0,1,8.0
2020,1,00-0032211,T.Lockett,SEA,WR,1,9.2,17.2,9.2,17.2,8,92.0,0,15.0
2020,1,00-0033871,C.Davis,TEN,WR,1,10.1,17.1,10.1,17.1,7,101.0,0,22.0
2020,1,00-0031588,S.Diggs,BUF,WR,1,8.6,16.6,8.6,16.6,8,86.0,0,10.0
2020,1,00-0030663,W.Snead,BAL,WR,1,12.4,16.4,12.4,16.4,4,64.0,1,20.0
2020,1,00-0033681,K.Cole,JAX,WR,1,10.7,15.7,10.7,15.7,5,47.0,1,16.0
2020,1,00-0033040,T.Hill,KC,WR,1,10.6,15.6,10.6,15.6,5,46.0,1,21.0
2020,1,00-0035662,M.Brown,BAL,WR,1,10.1,15.1,10.1,15.1,5,101.0,0,12.0
2020,1,00-0035639,P.Campbell,IND,WR,1,8.0,14.0,8.0,14.0,6,71.0,0,18.0
2020,1,00-0033921,C.Godwin,TB,WR,1,7.9,13.9,7.9,13.9,6,79.0,0,26.0
2020,1,00-0036268,L.Shenault,JAX,WR,1,10.7,13.7,10.7,13.7,3,37.0,1,15.0
2020,1,00-0026035,D.Amendola,DET,WR,1,8.1,13.1,8.1,13.1,5,81.0,0,22.0
2020,1,00-0027150,J.Edelman,NE,WR,1,8.0,13.0,8.0,13.0,5,57.0,0,22.0
2020,1,00-0035298,S.Miller,TB,WR,1,7.9,12.9,7.9,12.9,5,73.0,0,17.0
2020,1,00-0031428,A.Robinson,CHI,WR,1,7.3,12.3,7.3,12.3,5,74.0,0,21.0
2020,1,00-0035216,D.Johnson,PIT,WR,1,5.7,11.7,5.7,11.7,6,57.0,0,32.0
2020,1,00-0034777,D.Chark,JAX,WR,1,8.5,11.5,8.5,11.5,3,25.0,1,9.0
2020,1,00-0034676,J.Washington,PIT,WR,1,9.4,11.4,9.4,11.4,2,34.0,1,14.0
2020,1,00-0035659,T.McLaurin,WAS,WR,1,6.1,11.1,6.1,11.1,5,61.0,0,28.0
2020,1,00-0031382,J.Landry,CLE,WR,1,6.1,11.1,6.1,11.1,5,61.0,0,4.0
2020,1,00-0033536,M.Williams,LAC,WR,1,6.9,10.9,6.9,10.9,4,69.0,0,9.0
2020,1,00-0036358,C.Lamb,DAL,WR,1,5.9,10.9,5.9,10.9,5,59.0,0,27.0
2020,1,00-0032009,A.Humphries,TEN,WR,1,4.7,10.7,4.7,10.7,6,47.0,0,8.0
2020,1,00-0032385,S.Shepard,NYG,WR,1,4.7,10.7,4.7,10.7,6,47.0,0,10.0
2020,1,00-0027685,E.Sanders,NO,WR,1,7.5,10.5,7.5,10.5,3,15.0,1,6.0
2020,1,00-0027942,A.Green,CIN,WR,1,5.1,10.1,5.1,10.1,5,51.0,0,12.0
2020,1,00-0029000,C.Beasley,BUF,WR,1,5.8,9.8,5.8,9.8,4,58.0,0,14.0
2020,1,00-0036357,H.Ruggs,LV,WR,1,6.6,9.6,6.6,9.6,3,55.0,0,25.0
2020,1,00-0036407,J.Jeudy,DEN,WR,1,5.6,9.6,5.6,9.6,4,56.0,0,29.0
2020,1,00-0029293,M.Jones,DET,WR,1,5.5,9.5,5.5,9.5,4,55.0,0,18.0
2020,1,00-0034827,D.Moore,CAR,WR,1,5.4,9.4,5.4,9.4,4,54.0,0,8.0
2020,1,00-0029608,T.Hilton,IND,WR,1,5.3,9.3,5.3,9.3,4,53.0,0,1.0
2020,1,00-0033282,C.Samuel,CAR,WR,1,4.3,9.3,4.3,9.3,5,38.0,0,4.0
2020,1,00-0031549,N.Agholor,LV,WR,1,8.3,9.3,8.3,9.3,1,23.0,1,0.0
2020,1,00-0035676,A.Brown,TEN,WR,1,3.9,8.9,3.9,8.9,5,39.0,0,14.0
2020,1,00-0031547,D.Parker,MIA,WR,1,4.7,8.7,4.7,8.7,4,47.0,0,7.0
2020,1,00-0035006,O.Johnson,MIN,WR,1,5.6,8.6,5.6,8.6,3,56.0,0,25.0
2020,1,00-0033733,G.Ward,PHI,WR,1,3.1,8.1,3.1,8.1,5,31.0,0,14.0
2020,1,00-0034764,M.Gallup,DAL,WR,1,5.0,8.0,5.0,8.0,3,50.0,0,18.0
2020,1,00-0033908,C.Kupp,LA,WR,1,4.0,8.0,4.0,8.0,4,40.0,0,18.0
2020,1,00-0034928,S.Sims,WAS,WR,1,5.0,8.0,5.0,8.0,3,50.0,0,34.0
2020,1,00-0030279,K.Allen,LAC,WR,1,3.7,7.7,3.7,7.7,4,37.0,0,24.0
2020,1,00-0022921,L.Fitzgerald,ARI,WR,1,3.4,7.4,3.4,7.4,4,34.0,0,23.0
2020,1,00-0036277,Q.Cephus,DET,WR,1,4.3,7.3,4.3,7.3,3,43.0,0,10.0
2020,1,00-0033009,T.Boyd,CIN,WR,1,3.3,7.3,3.3,7.3,4,33.0,0,8.0
2020,1,00-0031408,M.Evans,TB,WR,1,6.2,7.2,6.2,7.2,1,2.0,1,0.0
2020,1,00-0034426,J.Wims,CHI,WR,1,6.1,7.1,6.1,7.1,1,1.0,1,0.0
2020,1,00-0033589,D.Moore,SEA,WR,1,4.0,7.0,4.0,7.0,3,28.0,0,25.0
2020,1,00-0033375,T.Patrick,DEN,WR,1,2.9,6.9,2.9,6.9,4,29.0,0,7.0
2020,1,00-0036309,D.Mooney,CHI,WR,1,3.8,6.8,3.8,6.8,3,38.0,0,13.0
2020,1,00-0035703,M.Boykin,BAL,WR,1,3.7,6.7,3.7,6.7,3,37.0,0,21.0
2020,1,00-0036326,C.Claypool,PIT,WR,1,4.7,6.7,4.7,6.7,2,39.0,0,7.0
2020,1,00-0026189,D.Jackson,PHI,WR,1,4.6,6.6,4.6,6.6,2,46.0,0,7.0
2020,1,00-0036387,J.Reagor,PHI,WR,1,5.5,6.5,5.5,6.5,1,55.0,0,3.0
2020,1,00-0035350,P.Williams,MIA,WR,1,4.1,6.1,4.1,6.1,2,41.0,0,6.0
2020,1,00-0032791,J.Grant,MIA,WR,1,2.5,5.5,2.5,5.5,3,25.0,0,5.0
2020,1,00-0033307,K.Bourne,SF,WR,1,3.4,5.4,3.4,5.4,2,34.0,0,17.0
2020,1,00-0031235,O.Beckham,CLE,WR,1,2.2,5.2,2.2,5.2,3,22.0,0,8.0
2020,1,00-0032775,D.Robinson,KC,WR,1,2.0,5.0,2.0,5.0,3,20.0,0,19.0
2020,1,00-0032054,B.Perriman,NYJ,WR,1,1.7,4.7,1.7,4.7,3,17.0,0,10.0
2020,1,00-0032765,M.Thomas,NO,WR,1,1.7,4.7,1.7,4.7,3,17.0,0,3.0
2020,1,00-0033466,I.McKenzie,BUF,WR,1,1.7,4.7,1.7,4.7,3,17.0,0,31.0
2020,1,00-0036322,J.Jefferson,MIN,WR,1,2.6,4.6,2.6,4.6,2,26.0,0,20.0
2020,1,00-0028002,R.Cobb,HOU,WR,1,2.3,4.3,2.3,4.3,2,23.0,0,21.0
2020,1,00-0028411,D.Inman,WAS,WR,1,2.1,4.1,2.1,4.1,2,21.0,0,4.0
2020,1,00-0036415,V.Jefferson,LA,WR,1,3.1,4.1,3.1,4.1,1,31.0,0,0.0
2020,1,00-0034983,H.Renfrow,LV,WR,1,2.1,4.1,2.1,4.1,2,21.0,0,15.0
2020,1,00-0031236,B.Cooks,HOU,WR,1,2.0,4.0,2.0,4.0,2,20.0,0,17.0
2020,1,00-0033251,Z.Pascal,IND,WR,1,1.8,3.8,1.8,3.8,2,18.0,0,1.0
2020,1,00-0033367,C.Board,NYG,WR,1,1.7,3.7,1.7,3.7,2,17.0,0,3.0
2020,1,00-0033114,M.Thomas,CIN,WR,1,1.7,3.7,1.7,3.7,2,17.0,0,0.0
2020,1,00-0033460,J.Ross,CIN,WR,1,1.7,3.7,1.7,3.7,2,17.0,0,3.0
2020,1,00-0035215,D.Harty,NO,WR,1,2.6,3.6,2.6,3.6,1,17.0,0,24.0
2020,1,00-0036196,G.Davis,BUF,WR,1,1.6,3.6,1.6,3.6,2,16.0,0,8.0
2020,1,00-0033094,M.Hall,DET,WR,1,2.6,3.6,2.6,3.6,1,26.0,0,9.0
2020,1,00-0033471,I.Ford,MIA,WR,1,1.3,3.3,1.3,3.3,2,13.0,0,3.0
2020,1,00-0036252,M.Pittman,IND,WR,1,1.0,3.0,1.0,3.0,2,10.0,0,-1.0
2020,1,00-0034370,D.Hamilton,DEN,WR,1,1.8,2.8,1.8,2.8,1,18.0,0,2.0
2020,1,00-0033943,J.Reynolds,LA,WR,1,1.7,2.7,1.7,2.7,1,17.0,0,13.0
2020,1,00-0036247,F.Swain,SEA,WR,1,1.7,2.7,1.7,2.7,1,17.0,0,11.0
2020,1,00-0033292,T.Taylor,SF,WR,1,0.7,2.7,0.7,2.7,2,7.0,0,0.0
2020,1,00-0035414,J.Guyton,LAC,WR,1,1.6,2.6,1.6,2.6,1,16.0,0,2.0
2020,1,00-0036254,C.Johnson,JAX,WR,1,1.4,2.4,1.4,2.4,1,14.0,0,2.0
2020,1,00-0036331,D.Duvernay,BAL,WR,1,1.2,2.2,1.2,2.2,1,12.0,0,13.0
2020,1,00-0034854,K.Hodge,CLE,WR,1,1.2,2.2,1.2,2.2,1,12.0,0,2.0
2020,1,00-0032977,R.Higgins,CLE,WR,1,0.9,1.9,0.9,1.9,1,9.0,0,2.0
2020,1,00-0036365,B.Edwards,LV,WR,1,0.9,1.9,0.9,1.9,1,9.0,0,10.0
2020,1,00-0031763,D.Carter,HOU,WR,1,0.8,1.8,0.8,1.8,1,8.0,0,4.0
2020,1,00-0036439,T.Cleveland,DEN,WR,1,0.7,1.7,0.7,1.7,1,7.0,0,10.0
2020,1,00-0035140,M.Hardman,KC,WR,1,0.6,1.6,0.6,1.6,1,6.0,0,9.0
2020,1,00-0032128,C.Conley,JAX,WR,1,0.6,1.6,0.6,1.6,1,6.0,0,7.0
2020,1,00-0034386,J.Watson,TB,WR,1,0.6,1.6,0.6,1.6,1,6.0,0,1.0
2020,1,00-0031166,S.Roberts,CAR,WR,1,0.5,1.5,0.5,1.5,1,5.0,0,8.0
2020,1,00-0034765,T.Smith,NO,WR,1,0.4,1.4,0.4,1.4,1,4.0,0,0.0
2020,1,00-0028237,C.Hogan,NYJ,WR,1,0.0,1.0,0.0,1.0,1,0.0,0,0.0
2020,1,00-0034775,C.Kirk,ARI,WR,1,0.0,1.0,0.0,1.0,1,0.0,0,3.0
2020,1,00-0036398,J.Hightower,PHI,WR,1,-0.2,0.8,-0.2,0.8,1,-2.0,0,0.0
2020,1,00-0034273,D.Ratley,NYG,WR,1,0.0,0.0,0.0,0.0,0,0.0,0,0.0
2020,1,00-0030085,K.Stills,HOU,WR,1,0.0,0.0,0.0,0.0,0,0.0,0,0.0
2020,1,00-0032778,T.Sharpe,MIN,WR,1,0.0,0.0,0.0,0.0,0,0.0,0,0.0
2020,1,00-0025396,T.Ginn,CHI,WR,1,0.0,0.0,0.0,0.0,0,0.0,0,0.0
2020,1,00-0032464,K.Raymond,TEN,WR,1,0.0,0.0,0.0,0.0,0,0.0,0,0.0
2020,1,00-0034860,D.Pettis,SF,WR,1,0.0,0.0,0.0,0.0,0,0.0,0,0.0
2020,1,00-0033572,J.Agnew,DET,WR,1,0.0,0.0,0.0,0.0,0,0.0,0,0.0
2020,1,00-0032200,T.Montgomery,NO,WR,1,-0.4,-0.4,-0.4,-0.4,0,0.0,0,0.0
