Year,Week,Rank,Player,Team,FPTS,Score,FPTS/G,FPTS,LG,FG,FGA,PCT,1-19,20-29,30-39,40-49,50+,Date,Time,stadium_name,city,state,latitude,longitude,indoor_outdoor,surface_type,elevation,year_opened,temp_C,precip_mm,wind_kph,rel_humidity,pressure_hpa
2018,1,1,Greg Zuerlein,los_angeles_rams,17.0,31.2,17.0,17.0,55,4,5,80.0,0,3,0,0,1,2018-09-10,10:20PM,Allegiant Stadium,Las Vegas,NV,36.0908,-115.183,Indoor,Turf,2001.0,2020.0,31.0,0.0,64.8,10.0,1004.2
2018,1,2,Brandon Mcmanus,denver_broncos,13.0,30.5,13.0,13.0,53,2,2,100.0,0,0,0,0,2,2018-09-09,4:25PM,Empower Field at Mile High,Denver,CO,39.7439,-105.0201,Outdoor,Turf,5280.0,2001.0,28.4,0.0,29.880000000000003,18.0,1007.1
2018,1,3,Robbie Gould,san_francisco_49ers,11.0,29.9,11.0,11.0,42,3,3,100.0,0,1,1,1,0,2018-09-09,1:00PM,U.S. Bank Stadium,Minneapolis,MN,44.974,-93.2581,Indoor,Turf,840.0,2016.0,20.6,0.0,50.04,54.0,1018.6
2018,1,4,Cody Parkey,chicago_bears,11.0,29.9,11.0,11.0,33,3,3,100.0,0,1,2,0,0,2018-09-09,8:20PM,Lambeau Field,Green Bay,WI,44.5013,-88.0622,Outdoor,Grass,640.0,1957.0,13.7,0.0,24.840000000000003,79.0,1019.5
2018,1,5,Justin Tucker,baltimore_ravens,12.0,29.8,12.0,12.0,41,2,2,100.0,0,0,1,1,0,2018-09-09,1:00PM,M&T Bank Stadium,Baltimore,MD,39.2779,-76.6227,Outdoor,Grass,10.0,1998.0,18.0,1.8,104.4,89.0,1018.7
2018,1,6,Jason Myers,new_york_jets,12.0,29.8,12.0,12.0,35,2,2,100.0,0,0,2,0,0,2018-09-10,7:10PM,Ford Field,Detroit,MI,42.34,-83.0456,Indoor,Turf,600.0,2002.0,17.2,0.0,42.84,81.0,1013.5
2018,1,7,Aldrick Rosas,new_york_giants,10.0,29.2,10.0,10.0,44,3,3,100.0,0,1,1,1,0,2018-09-09,1:00PM,MetLife Stadium,East Rutherford,NJ,40.8136,-74.0744,Outdoor,Turf,3.0,2010.0,15.1,0.7,59.04,86.0,1023.5
2018,1,8,Randy Bullock,cincinnati_bengals,11.0,29.1,11.0,11.0,42,2,2,100.0,0,0,1,1,0,2018-09-09,1:00PM,Lucas Oil Stadium,Indianapolis,IN,39.7601,-86.1639,Indoor,Turf,700.0,2008.0,16.9,0.1,66.96000000000001,76.0,1012.7
2018,1,9,Ryan Succop,tennessee_titans,11.0,29.1,11.0,11.0,53,2,2,100.0,0,0,0,1,1,2018-09-09,1:00PM,Hard Rock Stadium,Miami Gardens,FL,25.958,-80.238,Outdoor,Grass,7.0,1987.0,30.2,0.2,20.16,68.0,1014.2
2018,1,10,Jason Sanders,miami_dolphins,9.0,27.8,9.0,9.0,30,2,2,100.0,0,1,1,0,0,2018-09-09,1:00PM,Hard Rock Stadium,Miami Gardens,FL,25.958,-80.238,Outdoor,Grass,7.0,1987.0,30.2,0.2,20.16,68.0,1014.2
2018,1,11,Ka'Imi Fairbairn,houston_texans,9.0,27.7,9.0,9.0,42,2,2,100.0,0,0,1,1,0,2018-09-09,1:00PM,Gillette Stadium,Foxborough,MA,42.0909,-71.2643,Outdoor,Turf,289.0,2002.0,16.6,0.0,55.080000000000005,58.0,1025.7
2018,1,12,Stephen Gostkowski,new_england_patriots,9.0,27.7,9.0,9.0,39,2,2,100.0,0,0,2,0,0,2018-09-09,1:00PM,Gillette Stadium,Foxborough,MA,42.0909,-71.2643,Outdoor,Turf,289.0,2002.0,16.6,0.0,55.080000000000005,58.0,1025.7
2018,1,13,Mike Nugent,unknown,8.0,27.1,8.0,8.0,48,2,2,100.0,0,1,0,1,0,,,,,,,,,,,,,,,,
2018,1,14,Matt Bryant,atlanta_falcons,8.0,27.1,8.0,8.0,52,2,2,100.0,0,1,0,0,1,2018-09-06,8:20PM,Lincoln Financial Field,Philadelphia,PA,39.9008,-75.1675,Outdoor,Grass,30.0,2003.0,28.6,0.2,18.0,69.0,1019.2
2018,1,15,Harrison Butker,kansas_city_chiefs,9.0,27.0,9.0,9.0,46,1,1,100.0,0,0,0,1,0,2018-09-09,4:05PM,SoFi Stadium,Inglewood,CA,33.9535,-118.3392,Outdoor,Turf,100.0,2020.0,22.3,0.0,65.52,77.0,1008.5
2018,1,16,Josh Lambo,jacksonville_jaguars,8.0,27.0,8.0,8.0,39,2,2,100.0,0,0,2,0,0,2018-09-09,1:00PM,MetLife Stadium,East Rutherford,NJ,40.8136,-74.0744,Outdoor,Turf,3.0,2010.0,15.1,0.7,59.04,86.0,1023.5
2018,1,17,Adam Vinatieri,indianapolis_colts,13.0,26.5,13.0,13.0,51,3,4,75.0,0,1,1,0,1,2018-09-09,1:00PM,Lucas Oil Stadium,Indianapolis,IN,39.7601,-86.1639,Indoor,Turf,700.0,2008.0,16.9,0.1,66.96000000000001,76.0,1012.7
2018,1,18,Daniel Carlson,minnesota_vikings,7.0,25.6,7.0,7.0,48,1,1,100.0,0,0,0,1,0,2018-09-09,1:00PM,U.S. Bank Stadium,Minneapolis,MN,44.974,-93.2581,Indoor,Turf,840.0,2016.0,20.6,0.0,50.04,54.0,1018.6
2018,1,19,Mason Crosby,green_bay_packers,7.0,25.6,7.0,7.0,42,1,1,100.0,0,0,0,1,0,2018-09-09,8:20PM,Lambeau Field,Green Bay,WI,44.5013,-88.0622,Outdoor,Grass,640.0,1957.0,13.7,0.0,24.840000000000003,79.0,1019.5
2018,1,20,Dustin Hopkins,unknown,6.0,24.9,6.0,6.0,31,1,1,100.0,0,0,1,0,0,,,,,,,,,,,,,,,,
2018,1,21,Wil Lutz,new_orleans_saints,6.0,24.9,6.0,6.0,36,1,1,100.0,0,0,1,0,0,2018-09-09,1:00PM,Caesars Superdome,New Orleans,LA,29.9509,-90.0815,Indoor,Turf,3.0,1975.0,28.7,0.1,19.08,75.0,1011.6
2018,1,22,Graham Gano,carolina_panthers,4.0,23.6,4.0,4.0,27,1,1,100.0,0,1,0,0,0,2018-09-09,4:25PM,Bank of America Stadium,Charlotte,NC,35.2258,-80.8528,Outdoor,Grass,748.0,1996.0,28.0,0.1,42.48,71.0,1010.9
2018,1,23,Jake Elliott,philadelphia_eagles,4.0,23.6,4.0,4.0,26,1,1,100.0,0,1,0,0,0,2018-09-06,8:20PM,Lincoln Financial Field,Philadelphia,PA,39.9008,-75.1675,Outdoor,Grass,30.0,2003.0,28.6,0.2,18.0,69.0,1019.2
2018,1,24,Chandler Catanzaro,carolina_panthers,12.0,23.34,12.0,12.0,36,2,3,66.7,0,0,2,0,0,2018-09-09,4:25PM,Bank of America Stadium,Charlotte,NC,35.2258,-80.8528,Outdoor,Grass,748.0,1996.0,28.0,0.1,42.48,71.0,1010.9
2018,1,25,Chandler Catanzaro,tampa_bay_buccaneers,12.0,23.34,12.0,12.0,36,2,3,66.7,0,0,2,0,0,2018-09-09,1:00PM,Caesars Superdome,New Orleans,LA,29.9509,-90.0815,Indoor,Turf,3.0,1975.0,28.7,0.1,19.08,75.0,1011.6
2018,1,26,Caleb Sturgis,los_angeles_chargers,7.0,19.84,7.0,7.0,45,2,3,66.7,0,0,1,1,0,2018-09-09,4:05PM,SoFi Stadium,Inglewood,CA,33.9535,-118.3392,Outdoor,Turf,100.0,2020.0,22.3,0.0,65.52,77.0,1008.5
2018,1,27,Sebastian Janikowski,seattle_seahawks,6.0,15.1,6.0,6.0,35,1,2,50.0,0,0,1,0,0,2018-09-09,4:25PM,Empower Field at Mile High,Denver,CO,39.7439,-105.0201,Outdoor,Turf,5280.0,2001.0,28.4,0.0,29.880000000000003,18.0,1007.1
2018,1,28,Stephen Hauschka,unknown,3.0,13.0,3.0,3.0,35,1,2,50.0,0,0,1,0,0,,,,,,,,,,,,,,,,
2018,1,29,Matt Prater,detroit_lions,5.0,11.36,5.0,5.0,21,1,3,33.3,0,1,0,0,0,2018-09-10,7:10PM,Ford Field,Detroit,MI,42.34,-83.0456,Indoor,Turf,600.0,2002.0,17.2,0.0,42.84,81.0,1013.5
2018,1,30,Chris Boswell,pittsburgh_steelers,3.0,2.3,3.0,3.0,0,0,1,0.0,0,0,0,0,0,2018-09-09,1:00PM,FirstEnergy Stadium,Cleveland,OH,41.5061,-81.6995,Outdoor,Grass,577.0,1999.0,15.1,1.0,101.52,88.0,1016.5
2018,1,31,Zane Gonzalez,arizona_cardinals,3.0,2.3,3.0,3.0,0,0,1,0.0,0,0,0,0,0,2018-09-09,4:25PM,State Farm Stadium,Glendale,AZ,33.5275,-112.2625,Indoor,Turf,1070.0,2006.0,40.2,0.0,57.24,17.0,1004.5
2018,1,32,Zane Gonzalez,cleveland_browns,3.0,2.3,3.0,3.0,0,0,1,0.0,0,0,0,0,0,2018-09-09,1:00PM,FirstEnergy Stadium,Cleveland,OH,41.5061,-81.6995,Outdoor,Grass,577.0,1999.0,15.1,1.0,101.52,88.0,1016.5
2018,1,33,Brett Maher,dallas_cowboys,0.0,0.2,0.0,0.0,0,0,1,0.0,0,0,0,0,0,2018-09-09,4:25PM,Bank of America Stadium,Charlotte,NC,35.2258,-80.8528,Outdoor,Grass,748.0,1996.0,28.0,0.1,42.48,71.0,1010.9
2018,1,34,Phil Dawson,arizona_cardinals,0.0,0.0,0.0,0.0,0,0,0,0.0,0,0,0,0,0,2018-09-09,4:25PM,State Farm Stadium,Glendale,AZ,33.5275,-112.2625,Indoor,Turf,1070.0,2006.0,40.2,0.0,57.24,17.0,1004.5
2018,2,1,Mason Crosby,green_bay_packers,19.0,33.66,19.0,19.0,48,5,6,83.3,0,0,3,2,0,2018-09-16,1:00PM,Lambeau Field,Green Bay,WI,44.5013,-88.0622,Outdoor,Grass,640.0,1957.0,27.1,0.1,53.28,60.0,1018.5
2018,2,2,Robbie Gould,san_francisco_49ers,14.0,31.9,14.0,14.0,45,3,3,100.0,0,0,1,2,0,2018-09-16,4:05PM,Levi's Stadium,Santa Clara,CA,37.403,-121.9692,Outdoor,Grass,13.0,2014.0,22.5,0.0,82.44,42.0,1015.1
2018,2,3,Randy Bullock,cincinnati_bengals,11.0,29.2,11.0,11.0,40,2,2,100.0,0,1,0,1,0,2018-09-13,8:20PM,Paycor Stadium,Cincinnati,OH,39.0954,-84.516,Outdoor,Turf,482.0,2000.0,25.6,0.0,16.2,66.0,1018.2
2018,2,4,Matt Prater,detroit_lions,10.0,28.5,10.0,10.0,43,2,2,100.0,0,1,0,1,0,2018-09-16,4:05PM,Levi's Stadium,Santa Clara,CA,37.403,-121.9692,Outdoor,Grass,13.0,2014.0,22.5,0.0,82.44,42.0,1015.1
2018,2,5,Stephen Hauschka,unknown,10.0,28.4,10.0,10.0,43,2,2,100.0,0,0,0,2,0,,,,,,,,,,,,,,,,
2018,2,6,Jason Myers,new_york_jets,9.0,27.7,9.0,9.0,55,2,2,100.0,0,0,0,1,1,2018-09-16,1:00PM,MetLife Stadium,East Rutherford,NJ,40.8136,-74.0744,Outdoor,Turf,3.0,2010.0,26.9,0.0,11.16,70.0,1022.9
2018,2,7,Ryan Succop,tennessee_titans,9.0,27.7,9.0,9.0,42,2,2,100.0,0,0,1,1,0,2018-09-16,1:00PM,Nissan Stadium,Nashville,TN,36.1665,-86.7713,Outdoor,Grass,476.0,1999.0,28.6,0.0,66.96000000000001,60.0,1013.6
2018,2,8,Mike Nugent,unknown,8.0,27.1,8.0,8.0,46,2,2,100.0,0,1,0,1,0,,,,,,,,,,,,,,,,
2018,2,9,Brett Maher,dallas_cowboys,8.0,27.1,8.0,8.0,37,2,2,100.0,0,1,1,0,0,2018-09-16,8:20PM,AT&T Stadium,Arlington,TX,32.7473,-97.0945,Indoor,Turf,639.0,2009.0,27.6,0.0,23.76,81.0,1012.7
2018,2,10,Brandon Mcmanus,denver_broncos,8.0,27.0,8.0,8.0,39,2,2,100.0,0,0,2,0,0,2018-09-16,4:25PM,Empower Field at Mile High,Denver,CO,39.7439,-105.0201,Outdoor,Turf,5280.0,2001.0,33.1,0.0,43.2,13.0,1005.4
2018,2,11,Aldrick Rosas,new_york_giants,7.0,26.4,7.0,7.0,38,2,2,100.0,0,1,1,0,0,2018-09-16,8:20PM,AT&T Stadium,Arlington,TX,32.7473,-97.0945,Indoor,Turf,639.0,2009.0,27.6,0.0,23.76,81.0,1012.7
2018,2,12,Graham Gano,carolina_panthers,8.0,26.3,8.0,8.0,54,1,1,100.0,0,0,0,0,1,2018-09-16,1:00PM,Mercedes-Benz Stadium,Atlanta,GA,33.755,-84.4008,Indoor,Turf,1050.0,2017.0,24.9,0.0,68.03999999999999,81.0,1010.1
2018,2,13,Matt Bryant,atlanta_falcons,8.0,26.3,8.0,8.0,44,1,1,100.0,0,0,0,1,0,2018-09-16,1:00PM,Mercedes-Benz Stadium,Atlanta,GA,33.755,-84.4008,Indoor,Turf,1050.0,2017.0,24.9,0.0,68.03999999999999,81.0,1010.1
2018,2,14,Caleb Sturgis,los_angeles_chargers,7.0,25.7,7.0,7.0,24,1,1,100.0,0,1,0,0,0,2018-09-16,1:00PM,Highmark Stadium,Orchard Park,NY,42.7738,-78.7868,Outdoor,Grass,600.0,1973.0,27.8,0.0,8.28,60.0,1021.8
2018,2,15,Josh Lambo,jacksonville_jaguars,7.0,25.7,7.0,7.0,28,1,1,100.0,0,1,0,0,0,2018-09-16,4:25PM,TIAA Bank Field,Jacksonville,FL,30.3239,-81.6373,Outdoor,Grass,16.0,1995.0,33.6,0.0,61.56000000000001,54.0,1009.5
2018,2,16,Justin Tucker,baltimore_ravens,7.0,25.6,7.0,7.0,55,1,1,100.0,0,0,0,0,1,2018-09-13,8:20PM,Paycor Stadium,Cincinnati,OH,39.0954,-84.516,Outdoor,Turf,482.0,2000.0,25.6,0.0,16.2,66.0,1018.2
2018,2,17,Sebastian Janikowski,seattle_seahawks,7.0,25.6,7.0,7.0,56,1,1,100.0,0,0,0,0,1,2018-09-17,8:15PM,Soldier Field,Chicago,IL,41.8623,-87.6167,Outdoor,Grass,595.0,1924.0,24.9,0.0,19.8,89.0,1012.0
2018,2,18,Dustin Hopkins,unknown,11.0,25.1,11.0,11.0,49,3,4,75.0,0,1,0,2,0,,,,,,,,,,,,,,,,
2018,2,19,Cody Parkey,chicago_bears,6.0,25.0,6.0,6.0,25,1,1,100.0,0,1,0,0,0,2018-09-17,8:15PM,Soldier Field,Chicago,IL,41.8623,-87.6167,Outdoor,Grass,595.0,1924.0,24.9,0.0,19.8,89.0,1012.0
2018,2,20,Stephen Gostkowski,new_england_patriots,9.0,21.34,9.0,9.0,46,2,3,66.7,0,1,0,1,0,2018-09-16,4:25PM,TIAA Bank Field,Jacksonville,FL,30.3239,-81.6373,Outdoor,Grass,16.0,1995.0,33.6,0.0,61.56000000000001,54.0,1009.5
2018,2,21,Wil Lutz,new_orleans_saints,8.0,20.54,8.0,8.0,44,2,3,66.7,0,0,1,1,0,2018-09-16,1:00PM,Caesars Superdome,New Orleans,LA,29.9509,-90.0815,Indoor,Turf,3.0,1975.0,31.0,0.0,37.8,69.0,1012.1
2018,2,22,Zane Gonzalez,arizona_cardinals,6.0,16.0,6.0,6.0,39,2,4,50.0,0,0,2,0,0,2018-09-16,4:05PM,SoFi Stadium,Inglewood,CA,33.9535,-118.3392,Outdoor,Turf,100.0,2020.0,22.4,0.0,81.36000000000001,68.0,1011.5
2018,2,23,Zane Gonzalez,cleveland_browns,6.0,16.0,6.0,6.0,39,2,4,50.0,0,0,2,0,0,2018-09-16,1:00PM,Caesars Superdome,New Orleans,LA,29.9509,-90.0815,Indoor,Turf,3.0,1975.0,31.0,0.0,37.8,69.0,1012.1
2018,2,24,Ka'Imi Fairbairn,houston_texans,5.0,14.4,5.0,5.0,34,1,2,50.0,0,0,1,0,0,2018-09-16,1:00PM,Nissan Stadium,Nashville,TN,36.1665,-86.7713,Outdoor,Grass,476.0,1999.0,28.6,0.0,66.96000000000001,60.0,1013.6
2018,2,25,Harrison Butker,kansas_city_chiefs,6.0,4.2,6.0,6.0,0,0,0,0.0,0,0,0,0,0,2018-09-16,1:00PM,Acrisure Stadium,Pittsburgh,PA,40.4468,-80.0158,Outdoor,Grass,730.0,2001.0,26.2,0.0,53.28,63.0,1021.4
2018,2,26,Daniel Carlson,minnesota_vikings,3.0,2.7,3.0,3.0,0,0,3,0.0,0,0,0,0,0,2018-09-16,1:00PM,Lambeau Field,Green Bay,WI,44.5013,-88.0622,Outdoor,Grass,640.0,1957.0,27.1,0.1,53.28,60.0,1018.5
2018,2,27,Jake Elliott,philadelphia_eagles,3.0,2.3,3.0,3.0,0,0,1,0.0,0,0,0,0,0,2018-09-16,1:00PM,Raymond James Stadium,Tampa,FL,27.9759,-82.5033,Outdoor,Grass,26.0,1998.0,30.1,0.0,48.96,70.0,1012.8
2018,2,28,Chris Boswell,pittsburgh_steelers,3.0,2.3,3.0,3.0,0,0,1,0.0,0,0,0,0,0,2018-09-16,1:00PM,Acrisure Stadium,Pittsburgh,PA,40.4468,-80.0158,Outdoor,Grass,730.0,2001.0,26.2,0.0,53.28,63.0,1021.4
2018,2,29,Chandler Catanzaro,carolina_panthers,3.0,2.1,3.0,3.0,0,0,0,0.0,0,0,0,0,0,2018-09-16,1:00PM,Mercedes-Benz Stadium,Atlanta,GA,33.755,-84.4008,Indoor,Turf,1050.0,2017.0,24.9,0.0,68.03999999999999,81.0,1010.1
2018,2,30,Chandler Catanzaro,tampa_bay_buccaneers,3.0,2.1,3.0,3.0,0,0,0,0.0,0,0,0,0,0,2018-09-16,1:00PM,Raymond James Stadium,Tampa,FL,27.9759,-82.5033,Outdoor,Grass,26.0,1998.0,30.1,0.0,48.96,70.0,1012.8
2018,2,31,Adam Vinatieri,indianapolis_colts,3.0,2.1,3.0,3.0,0,0,0,0.0,0,0,0,0,0,2018-09-16,1:00PM,FedExField,Landover,MD,38.9078,-76.8645,Outdoor,Grass,300.0,1997.0,24.5,0.5,52.2,78.0,1022.4
2018,2,32,Jason Sanders,miami_dolphins,2.0,1.4,2.0,2.0,0,0,0,0.0,0,0,0,0,0,2018-09-16,1:00PM,MetLife Stadium,East Rutherford,NJ,40.8136,-74.0744,Outdoor,Turf,3.0,2010.0,26.9,0.0,11.16,70.0,1022.9
2018,2,33,Phil Dawson,arizona_cardinals,0.0,0.0,0.0,0.0,0,0,0,0.0,0,0,0,0,0,2018-09-16,4:05PM,SoFi Stadium,Inglewood,CA,33.9535,-118.3392,Outdoor,Turf,100.0,2020.0,22.4,0.0,81.36000000000001,68.0,1011.5
2018,3,1,Wil Lutz,new_orleans_saints,15.0,32.7,15.0,15.0,49,3,3,100.0,0,1,0,2,0,2018-09-23,1:00PM,Mercedes-Benz Stadium,Atlanta,GA,33.755,-84.4008,Indoor,Turf,1050.0,2017.0,27.2,0.1,30.24,63.0,1018.3
2018,3,2,Matt Prater,detroit_lions,14.0,32.7,14.0,14.0,38,4,4,100.0,0,1,3,0,0,2018-09-23,8:20PM,Ford Field,Detroit,MI,42.34,-83.0456,Indoor,Turf,600.0,2002.0,16.7,0.0,33.480000000000004,71.0,1022.0
2018,3,3,Ka'Imi Fairbairn,houston_texans,12.0,30.7,12.0,12.0,54,3,3,100.0,0,2,0,0,1,2018-09-23,1:00PM,NRG Stadium,Houston,TX,29.6847,-95.4107,Indoor,Turf,50.0,2002.0,26.9,0.0,41.4,70.0,1013.0
2018,3,4,Adam Vinatieri,indianapolis_colts,10.0,29.2,10.0,10.0,35,3,3,100.0,0,1,2,0,0,2018-09-23,1:00PM,Lincoln Financial Field,Philadelphia,PA,39.9008,-75.1675,Outdoor,Grass,30.0,2003.0,16.5,1.3,41.76,92.0,1023.5
2018,3,5,Stephen Hauschka,unknown,11.0,29.1,11.0,11.0,50,2,2,100.0,0,0,1,0,1,,,,,,,,,,,,,,,,
2018,3,6,Mike Nugent,unknown,10.0,28.5,10.0,10.0,52,2,2,100.0,0,1,0,0,1,,,,,,,,,,,,,,,,
2018,3,7,Aldrick Rosas,new_york_giants,10.0,28.4,10.0,10.0,44,2,2,100.0,0,0,1,1,0,2018-09-23,1:00PM,NRG Stadium,Houston,TX,29.6847,-95.4107,Indoor,Turf,50.0,2002.0,26.9,0.0,41.4,70.0,1013.0
2018,3,8,Chandler Catanzaro,carolina_panthers,9.0,27.9,9.0,9.0,28,2,2,100.0,0,2,0,0,0,2018-09-23,1:00PM,Bank of America Stadium,Charlotte,NC,35.2258,-80.8528,Outdoor,Grass,748.0,1996.0,26.6,0.1,13.68,67.0,1019.2
2018,3,9,Chandler Catanzaro,tampa_bay_buccaneers,9.0,27.9,9.0,9.0,28,2,2,100.0,0,2,0,0,0,2018-09-24,8:15PM,Raymond James Stadium,Tampa,FL,27.9759,-82.5033,Outdoor,Grass,26.0,1998.0,25.9,0.0,31.32,85.0,1016.9
2018,3,10,Brett Maher,dallas_cowboys,9.0,27.7,9.0,9.0,50,2,2,100.0,0,0,1,0,1,2018-09-23,4:25PM,Lumen Field,Seattle,WA,47.5952,-122.3316,Outdoor,Turf,20.0,2002.0,16.9,0.0,18.0,54.0,1020.7
2018,3,11,Greg Joseph,cleveland_browns,8.0,27.1,8.0,8.0,45,2,2,100.0,0,1,0,1,0,2018-09-20,8:20PM,FirstEnergy Stadium,Cleveland,OH,41.5061,-81.6995,Outdoor,Grass,577.0,1999.0,25.9,0.0,69.12,76.0,1015.3
2018,3,12,Josh Lambo,jacksonville_jaguars,7.0,26.3,7.0,7.0,46,2,2,100.0,0,0,1,1,0,2018-09-23,1:00PM,TIAA Bank Field,Jacksonville,FL,30.3239,-81.6373,Outdoor,Grass,16.0,1995.0,29.8,0.1,45.36,61.0,1017.3
2018,3,13,Harrison Butker,kansas_city_chiefs,8.0,26.3,8.0,8.0,37,1,1,100.0,0,0,1,0,0,2018-09-23,1:00PM,GEHA Field at Arrowhead Stadium,Kansas City,MO,39.049,-94.4839,Outdoor,Grass,1020.0,1972.0,22.9,0.0,34.92,59.0,1017.3
2018,3,14,Graham Gano,carolina_panthers,8.0,26.3,8.0,8.0,40,1,1,100.0,0,0,0,1,0,2018-09-23,1:00PM,Bank of America Stadium,Charlotte,NC,35.2258,-80.8528,Outdoor,Grass,748.0,1996.0,26.6,0.1,13.68,67.0,1019.2
2018,3,15,Robbie Gould,san_francisco_49ers,7.0,26.3,7.0,7.0,39,2,2,100.0,0,0,2,0,0,2018-09-23,1:00PM,GEHA Field at Arrowhead Stadium,Kansas City,MO,39.049,-94.4839,Outdoor,Grass,1020.0,1972.0,22.9,0.0,34.92,59.0,1017.3
2018,3,16,Cody Parkey,chicago_bears,12.0,25.8,12.0,12.0,43,3,4,75.0,0,1,0,2,0,2018-09-23,4:25PM,State Farm Stadium,Glendale,AZ,33.5275,-112.2625,Indoor,Turf,1070.0,2006.0,37.1,0.0,25.2,21.0,1005.0
2018,3,17,Sebastian Janikowski,seattle_seahawks,7.0,25.6,7.0,7.0,47,1,1,100.0,0,0,0,1,0,2018-09-23,4:25PM,Lumen Field,Seattle,WA,47.5952,-122.3316,Outdoor,Turf,20.0,2002.0,16.9,0.0,18.0,54.0,1020.7
2018,3,18,Dustin Hopkins,unknown,7.0,25.6,7.0,7.0,35,1,1,100.0,0,0,1,0,0,,,,,,,,,,,,,,,,
2018,3,19,Mason Crosby,green_bay_packers,6.0,24.9,6.0,6.0,41,1,1,100.0,0,0,0,1,0,2018-09-23,1:00PM,FedExField,Landover,MD,38.9078,-76.8645,Outdoor,Grass,300.0,1997.0,17.8,1.4,49.68000000000001,100.0,1022.4
2018,3,20,Caleb Sturgis,los_angeles_chargers,5.0,24.3,5.0,5.0,26,1,1,100.0,0,1,0,0,0,2018-09-23,4:05PM,SoFi Stadium,Inglewood,CA,33.9535,-118.3392,Outdoor,Turf,100.0,2020.0,20.5,0.0,81.72,78.0,1010.4
2018,3,21,Jason Myers,new_york_jets,5.0,24.3,5.0,5.0,28,1,1,100.0,0,1,0,0,0,2018-09-20,8:20PM,FirstEnergy Stadium,Cleveland,OH,41.5061,-81.6995,Outdoor,Grass,577.0,1999.0,25.9,0.0,69.12,76.0,1015.3
2018,3,22,Justin Tucker,baltimore_ravens,13.0,24.04,13.0,13.0,52,2,3,66.7,0,0,0,0,2,2018-09-23,1:00PM,M&T Bank Stadium,Baltimore,MD,39.2779,-76.6227,Outdoor,Grass,10.0,1998.0,17.8,0.7,47.88,91.0,1023.0
2018,3,23,Ryan Succop,tennessee_titans,9.0,23.7,9.0,9.0,39,3,4,75.0,0,1,2,0,0,2018-09-23,1:00PM,TIAA Bank Field,Jacksonville,FL,30.3239,-81.6373,Outdoor,Grass,16.0,1995.0,29.8,0.1,45.36,61.0,1017.3
2018,3,24,Stephen Gostkowski,new_england_patriots,4.0,23.5,4.0,4.0,36,1,1,100.0,0,0,1,0,0,2018-09-23,8:20PM,Ford Field,Detroit,MI,42.34,-83.0456,Indoor,Turf,600.0,2002.0,16.7,0.0,33.480000000000004,71.0,1022.0
2018,3,25,Jake Elliott,philadelphia_eagles,8.0,20.64,8.0,8.0,33,2,3,66.7,0,1,1,0,0,2018-09-23,1:00PM,Lincoln Financial Field,Philadelphia,PA,39.9008,-75.1675,Outdoor,Grass,30.0,2003.0,16.5,1.3,41.76,92.0,1023.5
2018,3,26,Chris Boswell,pittsburgh_steelers,6.0,15.1,6.0,6.0,38,1,2,50.0,0,0,1,0,0,2018-09-24,8:15PM,Raymond James Stadium,Tampa,FL,27.9759,-82.5033,Outdoor,Grass,26.0,1998.0,25.9,0.0,31.32,85.0,1016.9
2018,3,27,Sam Ficken,los_angeles_rams,5.0,3.7,5.0,5.0,0,0,1,0.0,0,0,0,0,0,2018-09-23,4:05PM,SoFi Stadium,Inglewood,CA,33.9535,-118.3392,Outdoor,Turf,100.0,2020.0,20.5,0.0,81.72,78.0,1010.4
2018,3,28,Jason Sanders,miami_dolphins,4.0,2.8,4.0,4.0,0,0,0,0.0,0,0,0,0,0,2018-09-23,1:00PM,Hard Rock Stadium,Miami Gardens,FL,25.958,-80.238,Outdoor,Grass,7.0,1987.0,30.2,0.2,28.08,63.0,1015.5
2018,3,29,Randy Bullock,cincinnati_bengals,3.0,2.3,3.0,3.0,0,0,1,0.0,0,0,0,0,0,2018-09-23,1:00PM,Bank of America Stadium,Charlotte,NC,35.2258,-80.8528,Outdoor,Grass,748.0,1996.0,26.6,0.1,13.68,67.0,1019.2
2018,3,30,Matt Bryant,atlanta_falcons,3.0,2.1,3.0,3.0,0,0,0,0.0,0,0,0,0,0,2018-09-23,1:00PM,Mercedes-Benz Stadium,Atlanta,GA,33.755,-84.4008,Indoor,Turf,1050.0,2017.0,27.2,0.1,30.24,63.0,1018.3
2018,3,31,Brandon Mcmanus,denver_broncos,2.0,1.4,2.0,2.0,0,0,0,0.0,0,0,0,0,0,2018-09-23,1:00PM,M&T Bank Stadium,Baltimore,MD,39.2779,-76.6227,Outdoor,Grass,10.0,1998.0,17.8,0.7,47.88,91.0,1023.0
2018,3,32,Phil Dawson,arizona_cardinals,2.0,1.4,2.0,2.0,0,0,0,0.0,0,0,0,0,0,2018-09-23,4:25PM,State Farm Stadium,Glendale,AZ,33.5275,-112.2625,Indoor,Turf,1070.0,2006.0,37.1,0.0,25.2,21.0,1005.0
2018,3,33,Dan Bailey,minnesota_vikings,0.0,0.0,0.0,0.0,0,0,0,0.0,0,0,0,0,0,2018-09-23,1:00PM,U.S. Bank Stadium,Minneapolis,MN,44.974,-93.2581,Indoor,Turf,840.0,2016.0,20.8,0.0,43.92,58.0,1016.8
2018,4,1,Justin Tucker,baltimore_ravens,16.0,34.1,16.0,16.0,49,4,4,100.0,0,1,1,2,0,2018-09-30,8:20PM,Acrisure Stadium,Pittsburgh,PA,40.4468,-80.0158,Outdoor,Grass,730.0,2001.0,19.4,0.0,23.76,78.0,1022.6
2018,4,2,Wil Lutz,new_orleans_saints,16.0,34.1,16.0,16.0,42,4,4,100.0,0,1,2,1,0,2018-09-30,4:25PM,MetLife Stadium,East Rutherford,NJ,40.8136,-74.0744,Outdoor,Turf,3.0,2010.0,20.3,0.0,40.32,62.0,1025.9
2018,4,3,Brett Maher,dallas_cowboys,15.0,33.4,15.0,15.0,43,4,4,100.0,0,1,2,1,0,2018-09-30,1:00PM,AT&T Stadium,Arlington,TX,32.7473,-97.0945,Indoor,Turf,639.0,2009.0,26.4,0.1,25.56,72.0,1019.6
2018,4,4,Matt Bryant,atlanta_falcons,14.0,32.0,14.0,14.0,55,3,3,100.0,0,1,1,0,1,2018-09-30,1:00PM,Mercedes-Benz Stadium,Atlanta,GA,33.755,-84.4008,Indoor,Turf,1050.0,2017.0,24.8,0.1,41.76,81.0,1023.9
2018,4,5,Cody Parkey,chicago_bears,15.0,31.9,15.0,15.0,50,2,2,100.0,0,0,0,1,1,2018-09-30,1:00PM,Soldier Field,Chicago,IL,41.8623,-87.6167,Outdoor,Grass,595.0,1924.0,18.3,0.3,23.040000000000003,85.0,1020.8
2018,4,6,Mason Crosby,green_bay_packers,14.0,31.9,14.0,14.0,52,3,3,100.0,0,0,1,0,2,2018-09-30,1:00PM,Lambeau Field,Green Bay,WI,44.5013,-88.0622,Outdoor,Grass,640.0,1957.0,10.2,0.0,27.72,70.0,1024.2
2018,4,7,Josh Lambo,jacksonville_jaguars,13.0,31.3,13.0,13.0,54,3,3,100.0,0,1,1,0,1,2018-09-30,1:00PM,TIAA Bank Field,Jacksonville,FL,30.3239,-81.6373,Outdoor,Grass,16.0,1995.0,28.6,0.1,52.92,79.0,1021.7
2018,4,8,Brandon Mcmanus,denver_broncos,13.0,31.2,13.0,13.0,46,3,3,100.0,0,0,1,2,0,2018-10-01,8:15PM,Empower Field at Mile High,Denver,CO,39.7439,-105.0201,Outdoor,Turf,5280.0,2001.0,13.5,0.0,22.68,77.0,1014.9
2018,4,9,Dan Bailey,minnesota_vikings,12.0,30.5,12.0,12.0,40,3,3,100.0,0,0,2,1,0,2018-09-27,8:20PM,SoFi Stadium,Inglewood,CA,33.9535,-118.3392,Outdoor,Turf,100.0,2020.0,19.8,0.0,39.24,86.0,1010.0
2018,4,10,Jake Elliott,philadelphia_eagles,11.0,29.9,11.0,11.0,37,3,3,100.0,0,1,2,0,0,2018-09-30,1:00PM,Nissan Stadium,Nashville,TN,36.1665,-86.7713,Outdoor,Grass,476.0,1999.0,27.2,0.0,2.8800000000000003,63.0,1022.7
2018,4,11,Adam Vinatieri,indianapolis_colts,10.0,28.4,10.0,10.0,44,2,2,100.0,0,0,0,2,0,2018-09-30,1:00PM,Lucas Oil Stadium,Indianapolis,IN,39.7601,-86.1639,Indoor,Turf,700.0,2008.0,23.4,0.0,36.72,62.0,1022.9
2018,4,12,Harrison Butker,kansas_city_chiefs,9.0,27.8,9.0,9.0,33,2,2,100.0,0,1,1,0,0,2018-10-01,8:15PM,Empower Field at Mile High,Denver,CO,39.7439,-105.0201,Outdoor,Turf,5280.0,2001.0,13.5,0.0,22.68,77.0,1014.9
2018,4,13,Robbie Gould,san_francisco_49ers,9.0,27.8,9.0,9.0,33,2,2,100.0,0,1,1,0,0,2018-09-30,4:25PM,SoFi Stadium,Inglewood,CA,33.9535,-118.3392,Outdoor,Turf,100.0,2020.0,21.2,0.0,68.76,69.0,1010.2
2018,4,14,Ryan Succop,tennessee_titans,9.0,27.7,9.0,9.0,42,2,2,100.0,0,0,1,1,0,2018-09-30,1:00PM,Nissan Stadium,Nashville,TN,36.1665,-86.7713,Outdoor,Grass,476.0,1999.0,27.2,0.0,2.8800000000000003,63.0,1022.7
2018,4,15,Ka'Imi Fairbairn,houston_texans,14.0,27.2,14.0,14.0,40,3,4,75.0,0,1,1,1,0,2018-09-30,1:00PM,Lucas Oil Stadium,Indianapolis,IN,39.7601,-86.1639,Indoor,Turf,700.0,2008.0,23.4,0.0,36.72,62.0,1022.9
2018,4,16,Greg Joseph,cleveland_browns,8.0,27.2,8.0,8.0,28,2,2,100.0,0,2,0,0,0,2018-09-30,4:05PM,Allegiant Stadium,Las Vegas,NV,36.0908,-115.183,Indoor,Turf,2001.0,2020.0,32.8,0.0,85.32,21.0,1006.6
2018,4,17,Stephen Gostkowski,new_england_patriots,8.0,26.4,8.0,8.0,20,1,1,100.0,0,1,0,0,0,2018-09-30,1:00PM,Gillette Stadium,Foxborough,MA,42.0909,-71.2643,Outdoor,Turf,289.0,2002.0,18.3,0.0,30.24,46.0,1026.4
2018,4,18,Jason Myers,new_york_jets,6.0,25.7,6.0,6.0,38,2,2,100.0,0,1,1,0,0,2018-09-30,1:00PM,TIAA Bank Field,Jacksonville,FL,30.3239,-81.6373,Outdoor,Grass,16.0,1995.0,28.6,0.1,52.92,79.0,1021.7
2018,4,19,Randy Bullock,cincinnati_bengals,7.0,25.6,7.0,7.0,36,1,1,100.0,0,0,1,0,0,2018-09-30,1:00PM,Mercedes-Benz Stadium,Atlanta,GA,33.755,-84.4008,Indoor,Turf,1050.0,2017.0,24.8,0.1,41.76,81.0,1023.9
2018,4,20,Chris Boswell,pittsburgh_steelers,6.0,25.6,6.0,6.0,39,2,2,100.0,0,0,2,0,0,2018-09-30,8:20PM,Acrisure Stadium,Pittsburgh,PA,40.4468,-80.0158,Outdoor,Grass,730.0,2001.0,19.4,0.0,23.76,78.0,1022.6
2018,4,21,Matt Prater,detroit_lions,6.0,24.9,6.0,6.0,33,1,1,100.0,0,0,1,0,0,2018-09-30,1:00PM,AT&T Stadium,Arlington,TX,32.7473,-97.0945,Indoor,Turf,639.0,2009.0,26.4,0.1,25.56,72.0,1019.6
2018,4,22,Matt Mccrane,arizona_cardinals,14.0,24.5,14.0,14.0,44,3,5,60.0,0,2,0,1,0,2018-09-30,4:05PM,State Farm Stadium,Glendale,AZ,33.5275,-112.2625,Indoor,Turf,1070.0,2006.0,35.4,0.0,50.76,25.0,1007.5
2018,4,23,Matt Mccrane,pittsburgh_steelers,14.0,24.5,14.0,14.0,44,3,5,60.0,0,2,0,1,0,2018-09-30,8:20PM,Acrisure Stadium,Pittsburgh,PA,40.4468,-80.0158,Outdoor,Grass,730.0,2001.0,19.4,0.0,23.76,78.0,1022.6
2018,4,24,Caleb Sturgis,los_angeles_chargers,10.0,24.5,10.0,10.0,48,3,4,75.0,0,2,0,1,0,2018-09-30,4:25PM,SoFi Stadium,Inglewood,CA,33.9535,-118.3392,Outdoor,Turf,100.0,2020.0,21.2,0.0,68.76,69.0,1010.2
2018,4,25,Chandler Catanzaro,carolina_panthers,4.0,23.5,4.0,4.0,30,1,1,100.0,0,0,1,0,0,,,,,,,,,,,,,,,,
2018,4,26,Chandler Catanzaro,tampa_bay_buccaneers,4.0,23.5,4.0,4.0,30,1,1,100.0,0,0,1,0,0,2018-09-30,1:00PM,Soldier Field,Chicago,IL,41.8623,-87.6167,Outdoor,Grass,595.0,1924.0,18.3,0.3,23.040000000000003,85.0,1020.8
2018,4,27,Aldrick Rosas,new_york_giants,4.0,23.5,4.0,4.0,33,1,1,100.0,0,0,1,0,0,2018-09-30,4:25PM,MetLife Stadium,East Rutherford,NJ,40.8136,-74.0744,Outdoor,Turf,3.0,2010.0,20.3,0.0,40.32,62.0,1025.9
2018,4,28,Sebastian Janikowski,seattle_seahawks,11.0,19.5,11.0,11.0,52,2,4,50.0,0,0,0,1,1,2018-09-30,4:05PM,State Farm Stadium,Glendale,AZ,33.5275,-112.2625,Indoor,Turf,1070.0,2006.0,35.4,0.0,50.76,25.0,1007.5
2018,4,29,Sam Ficken,los_angeles_rams,8.0,16.5,8.0,8.0,34,1,2,50.0,0,0,1,0,0,2018-09-27,8:20PM,SoFi Stadium,Inglewood,CA,33.9535,-118.3392,Outdoor,Turf,100.0,2020.0,19.8,0.0,39.24,86.0,1010.0
2018,4,30,Phil Dawson,arizona_cardinals,5.0,11.36,5.0,5.0,23,1,3,33.3,0,1,0,0,0,2018-09-30,4:05PM,State Farm Stadium,Glendale,AZ,33.5275,-112.2625,Indoor,Turf,1070.0,2006.0,35.4,0.0,50.76,25.0,1007.5
2018,4,31,Jason Sanders,miami_dolphins,1.0,0.7,1.0,1.0,0,0,0,0.0,0,0,0,0,0,2018-09-30,1:00PM,Gillette Stadium,Foxborough,MA,42.0909,-71.2643,Outdoor,Turf,289.0,2002.0,18.3,0.0,30.24,46.0,1026.4
2018,4,32,Stephen Hauschka,unknown,0.0,0.0,0.0,0.0,0,0,0,0.0,0,0,0,0,0,,,,,,,,,,,,,,,,
2018,5,1,Graham Gano,carolina_panthers,19.0,36.1,19.0,19.0,63,4,4,100.0,0,0,1,2,1,2018-10-07,1:00PM,Bank of America Stadium,Charlotte,NC,35.2258,-80.8528,Outdoor,Grass,748.0,1996.0,26.1,0.1,14.76,82.0,1023.7
2018,5,2,Ryan Succop,tennessee_titans,16.0,34.1,16.0,16.0,54,4,4,100.0,0,1,1,0,2,2018-10-07,1:00PM,Highmark Stadium,Orchard Park,NY,42.7738,-78.7868,Outdoor,Grass,600.0,1973.0,19.3,0.0,31.680000000000003,84.0,1023.6
2018,5,3,Aldrick Rosas,new_york_giants,14.0,31.9,14.0,14.0,53,3,3,100.0,0,0,1,1,1,2018-10-07,1:00PM,Bank of America Stadium,Charlotte,NC,35.2258,-80.8528,Outdoor,Grass,748.0,1996.0,26.1,0.1,14.76,82.0,1023.7
2018,5,4,Harrison Butker,kansas_city_chiefs,13.0,31.3,13.0,13.0,42,3,3,100.0,0,1,1,1,0,2018-10-07,1:00PM,GEHA Field at Arrowhead Stadium,Kansas City,MO,39.049,-94.4839,Outdoor,Grass,1020.0,1972.0,19.0,1.3,33.480000000000004,95.0,1016.6
2018,5,5,Brett Maher,dallas_cowboys,12.0,30.6,12.0,12.0,48,3,3,100.0,0,1,0,2,0,2018-10-07,8:20PM,NRG Stadium,Houston,TX,29.6847,-95.4107,Indoor,Turf,50.0,2002.0,24.9,0.0,47.88,91.0,1012.3
2018,5,6,Ka'Imi Fairbairn,houston_texans,13.0,28.3,13.0,13.0,36,4,5,80.0,1,2,1,0,0,2018-10-07,8:20PM,NRG Stadium,Houston,TX,29.6847,-95.4107,Indoor,Turf,50.0,2002.0,24.9,0.0,47.88,91.0,1012.3
2018,5,7,Dustin Hopkins,unknown,9.0,27.7,9.0,9.0,53,2,2,100.0,0,0,1,0,1,,,,,,,,,,,,,,,,
2018,5,8,Cairo Santos,los_angeles_rams,9.0,27.7,9.0,9.0,39,2,2,100.0,1,0,1,0,0,2018-10-07,4:25PM,Lumen Field,Seattle,WA,47.5952,-122.3316,Outdoor,Turf,20.0,2002.0,12.2,0.4,31.32,87.0,1020.8
2018,5,9,Cairo Santos,tampa_bay_buccaneers,9.0,27.7,9.0,9.0,39,2,2,100.0,1,0,1,0,0,,,,,,,,,,,,,,,,
2018,5,10,Stephen Hauschka,unknown,9.0,27.7,9.0,9.0,46,2,2,100.0,0,0,0,2,0,,,,,,,,,,,,,,,,
2018,5,11,Stephen Gostkowski,new_england_patriots,9.0,27.0,9.0,9.0,45,1,1,100.0,0,0,0,1,0,2018-10-04,8:20PM,Gillette Stadium,Foxborough,MA,42.0909,-71.2643,Outdoor,Turf,289.0,2002.0,18.2,0.0,41.4,97.0,1013.8
2018,5,12,Sebastian Janikowski,seattle_seahawks,9.0,27.0,9.0,9.0,52,1,1,100.0,0,0,0,0,1,2018-10-07,4:25PM,Lumen Field,Seattle,WA,47.5952,-122.3316,Outdoor,Turf,20.0,2002.0,12.2,0.4,31.32,87.0,1020.8
2018,5,13,Jake Elliott,philadelphia_eagles,7.0,26.4,7.0,7.0,30,2,2,100.0,0,1,1,0,0,2018-10-07,4:25PM,Lincoln Financial Field,Philadelphia,PA,39.9008,-75.1675,Outdoor,Grass,30.0,2003.0,27.4,0.0,40.68000000000001,70.0,1021.4
2018,5,14,Wil Lutz,new_orleans_saints,8.0,26.3,8.0,8.0,44,1,1,100.0,0,0,0,1,0,2018-10-08,8:15PM,Caesars Superdome,New Orleans,LA,29.9509,-90.0815,Indoor,Turf,3.0,1975.0,24.3,2.4,62.28,92.0,1012.0
2018,5,15,Jason Sanders,miami_dolphins,6.0,24.9,6.0,6.0,42,1,1,100.0,0,0,0,1,0,2018-10-07,1:00PM,Paycor Stadium,Cincinnati,OH,39.0954,-84.516,Outdoor,Turf,482.0,2000.0,29.1,0.1,27.72,58.0,1021.5
2018,5,16,Matt Bryant,atlanta_falcons,6.0,24.9,6.0,6.0,47,1,1,100.0,0,0,0,1,0,2018-10-07,1:00PM,Acrisure Stadium,Pittsburgh,PA,40.4468,-80.0158,Outdoor,Grass,730.0,2001.0,27.5,0.0,20.88,73.0,1022.3
2018,5,17,Justin Tucker,baltimore_ravens,10.0,24.4,10.0,10.0,44,3,4,75.0,0,1,1,1,0,2018-10-07,1:00PM,FirstEnergy Stadium,Cleveland,OH,41.5061,-81.6995,Outdoor,Grass,577.0,1999.0,19.6,0.0,55.080000000000005,90.0,1023.0
2018,5,18,Dan Bailey,minnesota_vikings,13.0,23.7,13.0,13.0,52,3,5,60.0,0,1,1,0,1,2018-10-07,4:25PM,Lincoln Financial Field,Philadelphia,PA,39.9008,-75.1675,Outdoor,Grass,30.0,2003.0,27.4,0.0,40.68000000000001,70.0,1021.4
2018,5,19,Brandon Mcmanus,denver_broncos,4.0,23.5,4.0,4.0,30,1,1,100.0,0,0,1,0,0,2018-10-07,1:00PM,MetLife Stadium,East Rutherford,NJ,40.8136,-74.0744,Outdoor,Turf,3.0,2010.0,25.1,0.0,46.8,76.0,1022.0
2018,5,20,Randy Bullock,cincinnati_bengals,11.0,22.74,11.0,11.0,51,2,3,66.7,0,1,0,0,1,2018-10-07,1:00PM,Paycor Stadium,Cincinnati,OH,39.0954,-84.516,Outdoor,Turf,482.0,2000.0,29.1,0.1,27.72,58.0,1021.5
2018,5,21,Jason Myers,new_york_jets,11.0,22.64,11.0,11.0,49,2,3,66.7,0,0,1,1,0,2018-10-07,1:00PM,MetLife Stadium,East Rutherford,NJ,40.8136,-74.0744,Outdoor,Turf,3.0,2010.0,25.1,0.0,46.8,76.0,1022.0
2018,5,22,Caleb Sturgis,los_angeles_chargers,9.0,21.24,9.0,9.0,49,2,3,66.7,0,0,1,1,0,2018-10-07,4:05PM,SoFi Stadium,Inglewood,CA,33.9535,-118.3392,Outdoor,Turf,100.0,2020.0,20.9,0.0,52.56,77.0,1007.3
2018,5,23,Greg Joseph,cleveland_browns,6.0,19.14,6.0,6.0,37,2,3,66.7,0,0,2,0,0,2018-10-07,1:00PM,FirstEnergy Stadium,Cleveland,OH,41.5061,-81.6995,Outdoor,Grass,577.0,1999.0,19.6,0.0,55.080000000000005,90.0,1023.0
2018,5,24,Adam Vinatieri,indianapolis_colts,8.0,16.5,8.0,8.0,54,1,2,50.0,0,0,0,0,1,2018-10-04,8:20PM,Gillette Stadium,Foxborough,MA,42.0909,-71.2643,Outdoor,Turf,289.0,2002.0,18.2,0.0,41.4,97.0,1013.8
2018,5,25,Matt Prater,detroit_lions,7.0,15.8,7.0,7.0,39,1,2,50.0,0,0,1,0,0,2018-10-07,1:00PM,Ford Field,Detroit,MI,42.34,-83.0456,Indoor,Turf,600.0,2002.0,16.5,0.1,55.8,82.0,1024.0
2018,5,26,Matt Mccrane,arizona_cardinals,4.0,13.8,4.0,4.0,24,1,2,50.0,0,1,0,0,0,2018-10-07,4:25PM,Levi's Stadium,Santa Clara,CA,37.403,-121.9692,Outdoor,Grass,13.0,2014.0,25.4,0.0,82.08,30.0,1009.0
2018,5,27,Matt Mccrane,pittsburgh_steelers,4.0,13.8,4.0,4.0,24,1,2,50.0,0,1,0,0,0,2018-10-07,1:00PM,Acrisure Stadium,Pittsburgh,PA,40.4468,-80.0158,Outdoor,Grass,730.0,2001.0,27.5,0.0,20.88,73.0,1022.3
2018,5,28,Mason Crosby,green_bay_packers,4.0,8.3,4.0,4.0,41,1,5,20.0,0,0,0,1,0,2018-10-07,1:00PM,Ford Field,Detroit,MI,42.34,-83.0456,Indoor,Turf,600.0,2002.0,16.5,0.1,55.8,82.0,1024.0
2018,5,29,Chris Boswell,pittsburgh_steelers,5.0,3.5,5.0,5.0,0,0,0,0.0,0,0,0,0,0,2018-10-07,1:00PM,Acrisure Stadium,Pittsburgh,PA,40.4468,-80.0158,Outdoor,Grass,730.0,2001.0,27.5,0.0,20.88,73.0,1022.3
2018,5,30,Phil Dawson,arizona_cardinals,4.0,2.8,4.0,4.0,0,0,0,0.0,0,0,0,0,0,2018-10-07,4:25PM,Levi's Stadium,Santa Clara,CA,37.403,-121.9692,Outdoor,Grass,13.0,2014.0,25.4,0.0,82.08,30.0,1009.0
2018,5,31,Josh Lambo,jacksonville_jaguars,2.0,1.4,2.0,2.0,0,0,0,0.0,0,0,0,0,0,2018-10-07,1:00PM,GEHA Field at Arrowhead Stadium,Kansas City,MO,39.049,-94.4839,Outdoor,Grass,1020.0,1972.0,19.0,1.3,33.480000000000004,95.0,1016.6
2018,5,32,Robbie Gould,san_francisco_49ers,0.0,0.2,0.0,0.0,0,0,1,0.0,0,0,0,0,0,2018-10-07,4:25PM,Levi's Stadium,Santa Clara,CA,37.403,-121.9692,Outdoor,Grass,13.0,2014.0,25.4,0.0,82.08,30.0,1009.0
2018,6,1,Jason Myers,new_york_jets,27.0,43.8,27.0,27.0,48,7,7,100.0,0,0,4,3,0,2018-10-14,1:00PM,MetLife Stadium,East Rutherford,NJ,40.8136,-74.0744,Outdoor,Turf,3.0,2010.0,14.7,0.0,43.92,50.0,1023.8
2018,6,2,Stephen Gostkowski,new_england_patriots,22.0,39.1,22.0,22.0,50,5,5,100.0,0,2,1,1,1,2018-10-14,8:20PM,Gillette Stadium,Foxborough,MA,42.0909,-71.2643,Outdoor,Turf,289.0,2002.0,8.8,0.0,29.16,78.0,1022.9
2018,6,3,Brett Maher,dallas_cowboys,21.0,37.5,21.0,21.0,55,4,4,100.0,0,0,1,1,2,2018-10-14,4:25PM,AT&T Stadium,Arlington,TX,32.7473,-97.0945,Indoor,Turf,639.0,2009.0,28.2,0.0,64.44,68.0,1008.4
2018,6,4,Harrison Butker,kansas_city_chiefs,18.0,35.5,18.0,18.0,43,4,4,100.0,0,1,1,2,0,2018-10-14,8:20PM,Gillette Stadium,Foxborough,MA,42.0909,-71.2643,Outdoor,Turf,289.0,2002.0,8.8,0.0,29.16,78.0,1022.9
2018,6,5,Mason Crosby,green_bay_packers,17.0,34.9,17.0,17.0,51,4,4,100.0,0,2,1,0,1,2018-10-15,8:15PM,Lambeau Field,Green Bay,WI,44.5013,-88.0622,Outdoor,Grass,640.0,1957.0,1.8,0.0,39.24,60.0,1022.1
2018,6,6,Robbie Gould,san_francisco_49ers,15.0,32.6,15.0,15.0,46,3,3,100.0,0,0,0,3,0,2018-10-15,8:15PM,Lambeau Field,Green Bay,WI,44.5013,-88.0622,Outdoor,Grass,640.0,1957.0,1.8,0.0,39.24,60.0,1022.1
2018,6,7,Dustin Hopkins,unknown,14.0,32.0,14.0,14.0,56,3,3,100.0,0,1,0,1,1,,,,,,,,,,,,,,,,
2018,6,8,Jason Sanders,miami_dolphins,14.0,32.0,14.0,14.0,50,3,3,100.0,0,1,0,1,1,2018-10-14,1:00PM,Hard Rock Stadium,Miami Gardens,FL,25.958,-80.238,Outdoor,Grass,7.0,1987.0,30.1,0.2,36.0,68.0,1016.1
2018,6,9,Matt Bryant,atlanta_falcons,13.0,30.5,13.0,13.0,57,2,2,100.0,0,0,0,1,1,2018-10-14,1:00PM,Mercedes-Benz Stadium,Atlanta,GA,33.755,-84.4008,Indoor,Turf,1050.0,2017.0,21.7,0.0,39.24,69.0,1020.1
2018,6,10,Sebastian Janikowski,seattle_seahawks,10.0,28.5,10.0,10.0,44,2,2,100.0,0,1,0,1,0,2018-10-14,1:00PM,Allegiant Stadium,Las Vegas,NV,36.0908,-115.183,Indoor,Turf,2001.0,2020.0,21.4,0.0,84.60000000000001,10.0,1014.9
2018,6,11,Adam Vinatieri,indianapolis_colts,10.0,28.5,10.0,10.0,31,2,2,100.0,0,1,1,0,0,2018-10-14,1:00PM,MetLife Stadium,East Rutherford,NJ,40.8136,-74.0744,Outdoor,Turf,3.0,2010.0,14.7,0.0,43.92,50.0,1023.8
2018,6,12,Dan Bailey,minnesota_vikings,10.0,28.4,10.0,10.0,48,2,2,100.0,0,0,1,1,0,2018-10-14,1:00PM,U.S. Bank Stadium,Minneapolis,MN,44.974,-93.2581,Indoor,Turf,840.0,2016.0,2.2,0.2,37.8,68.0,1021.5
2018,6,13,Stephen Hauschka,unknown,9.0,27.8,9.0,9.0,52,2,2,100.0,0,1,0,0,1,,,,,,,,,,,,,,,,
2018,6,14,Chris Boswell,pittsburgh_steelers,8.0,27.2,8.0,8.0,24,2,2,100.0,0,2,0,0,0,2018-10-14,1:00PM,Paycor Stadium,Cincinnati,OH,39.0954,-84.516,Outdoor,Turf,482.0,2000.0,11.1,0.0,38.16,85.0,1019.0
2018,6,15,Brandon Mcmanus,denver_broncos,8.0,27.2,8.0,8.0,28,2,2,100.0,0,2,0,0,0,2018-10-14,4:05PM,Empower Field at Mile High,Denver,CO,39.7439,-105.0201,Outdoor,Turf,5280.0,2001.0,-2.7,0.0,30.6,55.0,1030.9
2018,6,16,Ka'Imi Fairbairn,houston_texans,8.0,27.1,8.0,8.0,33,2,2,100.0,0,1,1,0,0,2018-10-14,1:00PM,NRG Stadium,Houston,TX,29.6847,-95.4107,Indoor,Turf,50.0,2002.0,30.5,0.0,66.24,63.0,1011.3
2018,6,17,Michael Badgley,unknown,9.0,27.0,9.0,9.0,44,1,1,100.0,0,0,0,1,0,,,,,,,,,,,,,,,,
2018,6,18,Greg Joseph,cleveland_browns,6.0,25.7,6.0,6.0,33,2,2,100.0,0,1,1,0,0,2018-10-14,1:00PM,FirstEnergy Stadium,Cleveland,OH,41.5061,-81.6995,Outdoor,Grass,577.0,1999.0,12.3,0.0,33.12,57.0,1020.7
2018,6,19,Cairo Santos,los_angeles_rams,11.0,25.2,11.0,11.0,39,3,4,75.0,0,2,1,0,0,2018-10-14,4:05PM,Empower Field at Mile High,Denver,CO,39.7439,-105.0201,Outdoor,Turf,5280.0,2001.0,-2.7,0.0,30.6,55.0,1030.9
2018,6,20,Cairo Santos,tampa_bay_buccaneers,11.0,25.2,11.0,11.0,39,3,4,75.0,0,2,1,0,0,2018-10-14,1:00PM,Mercedes-Benz Stadium,Atlanta,GA,33.755,-84.4008,Indoor,Turf,1050.0,2017.0,21.7,0.0,39.24,69.0,1020.1
2018,6,21,Phil Dawson,arizona_cardinals,5.0,24.3,5.0,5.0,26,1,1,100.0,0,1,0,0,0,2018-10-14,1:00PM,U.S. Bank Stadium,Minneapolis,MN,44.974,-93.2581,Indoor,Turf,840.0,2016.0,2.2,0.2,37.8,68.0,1021.5
2018,6,22,Chandler Catanzaro,carolina_panthers,5.0,24.2,5.0,5.0,35,1,1,100.0,0,0,1,0,0,2018-10-14,1:00PM,FedExField,Landover,MD,38.9078,-76.8645,Outdoor,Grass,300.0,1997.0,12.5,0.0,7.920000000000001,78.0,1024.5
2018,6,23,Chandler Catanzaro,tampa_bay_buccaneers,5.0,24.2,5.0,5.0,35,1,1,100.0,0,0,1,0,0,2018-10-14,1:00PM,Mercedes-Benz Stadium,Atlanta,GA,33.755,-84.4008,Indoor,Turf,1050.0,2017.0,21.7,0.0,39.24,69.0,1020.1
2018,6,24,Graham Gano,carolina_panthers,3.0,22.8,3.0,3.0,32,1,1,100.0,0,0,1,0,0,2018-10-14,1:00PM,FedExField,Landover,MD,38.9078,-76.8645,Outdoor,Grass,300.0,1997.0,12.5,0.0,7.920000000000001,78.0,1024.5
2018,6,25,Jake Elliott,philadelphia_eagles,10.0,21.94,10.0,10.0,33,2,3,66.7,0,0,2,0,0,2018-10-11,8:20PM,MetLife Stadium,East Rutherford,NJ,40.8136,-74.0744,Outdoor,Turf,3.0,2010.0,21.8,1.4,42.84,98.0,1002.2
2018,6,26,Aldrick Rosas,new_york_giants,7.0,19.94,7.0,7.0,33,2,3,66.7,0,1,1,0,0,2018-10-11,8:20PM,MetLife Stadium,East Rutherford,NJ,40.8136,-74.0744,Outdoor,Turf,3.0,2010.0,21.8,1.4,42.84,98.0,1002.2
2018,6,27,Matt Mccrane,arizona_cardinals,4.0,13.7,4.0,4.0,43,1,2,50.0,0,0,0,1,0,2018-10-14,1:00PM,U.S. Bank Stadium,Minneapolis,MN,44.974,-93.2581,Indoor,Turf,840.0,2016.0,2.2,0.2,37.8,68.0,1021.5
2018,6,28,Matt Mccrane,pittsburgh_steelers,4.0,13.7,4.0,4.0,43,1,2,50.0,0,0,0,1,0,2018-10-14,1:00PM,Paycor Stadium,Cincinnati,OH,39.0954,-84.516,Outdoor,Turf,482.0,2000.0,11.1,0.0,38.16,85.0,1019.0
2018,6,29,Cody Parkey,chicago_bears,4.0,3.0,4.0,4.0,0,0,1,0.0,0,0,0,0,0,2018-10-14,1:00PM,Hard Rock Stadium,Miami Gardens,FL,25.958,-80.238,Outdoor,Grass,7.0,1987.0,30.1,0.2,36.0,68.0,1016.1
2018,6,30,Justin Tucker,baltimore_ravens,3.0,2.1,3.0,3.0,0,0,0,0.0,0,0,0,0,0,2018-10-14,4:25PM,Nissan Stadium,Nashville,TN,36.1665,-86.7713,Outdoor,Grass,476.0,1999.0,21.1,1.1,50.4,87.0,1013.6
2018,6,31,Randy Bullock,cincinnati_bengals,3.0,2.1,3.0,3.0,0,0,0,0.0,0,0,0,0,0,2018-10-14,1:00PM,Paycor Stadium,Cincinnati,OH,39.0954,-84.516,Outdoor,Turf,482.0,2000.0,11.1,0.0,38.16,85.0,1019.0
2018,6,32,Josh Lambo,jacksonville_jaguars,1.0,0.7,1.0,1.0,0,0,0,0.0,0,0,0,0,0,2018-10-14,4:25PM,AT&T Stadium,Arlington,TX,32.7473,-97.0945,Indoor,Turf,639.0,2009.0,28.2,0.0,64.44,68.0,1008.4
2018,6,33,Ryan Succop,tennessee_titans,0.0,0.0,0.0,0.0,0,0,0,0.0,0,0,0,0,0,2018-10-14,4:25PM,Nissan Stadium,Nashville,TN,36.1665,-86.7713,Outdoor,Grass,476.0,1999.0,21.1,1.1,50.4,87.0,1013.6
2018,7,1,Matt Prater,detroit_lions,16.0,34.2,16.0,16.0,50,4,4,100.0,0,2,1,0,1,2018-10-21,1:00PM,Hard Rock Stadium,Miami Gardens,FL,25.958,-80.238,Outdoor,Grass,7.0,1987.0,30.4,0.0,43.2,54.0,1015.7
2018,7,2,Giorgio Tavecchio,atlanta_falcons,16.0,33.3,16.0,16.0,56,3,3,100.0,0,0,0,1,2,2018-10-22,8:15PM,Mercedes-Benz Stadium,Atlanta,GA,33.755,-84.4008,Indoor,Turf,1050.0,2017.0,11.6,0.0,28.44,70.0,1023.7
2018,7,3,Greg Zuerlein,los_angeles_rams,13.0,31.2,13.0,13.0,37,3,3,100.0,0,0,3,0,0,2018-10-21,4:25PM,Levi's Stadium,Santa Clara,CA,37.403,-121.9692,Outdoor,Grass,13.0,2014.0,19.9,0.0,50.4,55.0,1013.3
2018,7,4,Ka'Imi Fairbairn,houston_texans,10.0,28.4,10.0,10.0,48,2,2,100.0,0,0,0,2,0,2018-10-21,1:00PM,TIAA Bank Field,Jacksonville,FL,30.3239,-81.6373,Outdoor,Grass,16.0,1995.0,21.1,0.0,78.84,57.0,1020.0
2018,7,5,Brandon Mcmanus,denver_broncos,10.0,27.7,10.0,10.0,41,1,1,100.0,0,0,0,1,0,2018-10-18,8:20PM,State Farm Stadium,Glendale,AZ,33.5275,-112.2625,Indoor,Turf,1070.0,2006.0,18.4,0.0,21.24,62.0,1015.3
2018,7,6,Dan Bailey,minnesota_vikings,14.0,27.3,14.0,14.0,43,3,4,75.0,0,2,0,1,0,2018-10-21,1:00PM,MetLife Stadium,East Rutherford,NJ,40.8136,-74.0744,Outdoor,Turf,3.0,2010.0,6.9,0.0,119.16,47.0,1015.2
2018,7,7,Michael Badgley,unknown,8.0,27.2,8.0,8.0,29,2,2,100.0,0,2,0,0,0,,,,,,,,,,,,,,,,
2018,7,8,Dustin Hopkins,unknown,8.0,27.2,8.0,8.0,25,2,2,100.0,0,2,0,0,0,,,,,,,,,,,,,,,,
2018,7,9,Stephen Gostkowski,new_england_patriots,8.0,26.4,8.0,8.0,29,1,1,100.0,0,1,0,0,0,2018-10-21,1:00PM,Soldier Field,Chicago,IL,41.8623,-87.6167,Outdoor,Grass,595.0,1924.0,6.8,0.0,66.24,49.0,1026.0
2018,7,10,Cody Parkey,chicago_bears,8.0,26.3,8.0,8.0,46,1,1,100.0,0,0,0,1,0,2018-10-21,1:00PM,Soldier Field,Chicago,IL,41.8623,-87.6167,Outdoor,Grass,595.0,1924.0,6.8,0.0,66.24,49.0,1026.0
2018,7,11,Jason Myers,new_york_jets,7.0,25.6,7.0,7.0,55,1,1,100.0,0,0,0,0,1,2018-10-21,1:00PM,MetLife Stadium,East Rutherford,NJ,40.8136,-74.0744,Outdoor,Turf,3.0,2010.0,6.9,0.0,119.16,47.0,1015.2
2018,7,12,Aldrick Rosas,new_york_giants,6.0,25.6,6.0,6.0,36,2,2,100.0,0,0,2,0,0,2018-10-22,8:15PM,Mercedes-Benz Stadium,Atlanta,GA,33.755,-84.4008,Indoor,Turf,1050.0,2017.0,11.6,0.0,28.44,70.0,1023.7
2018,7,13,Robbie Gould,san_francisco_49ers,6.0,24.9,6.0,6.0,51,1,1,100.0,0,0,0,0,1,2018-10-21,4:25PM,Levi's Stadium,Santa Clara,CA,37.403,-121.9692,Outdoor,Grass,13.0,2014.0,19.9,0.0,50.4,55.0,1013.3
2018,7,14,Wil Lutz,new_orleans_saints,6.0,24.9,6.0,6.0,39,1,1,100.0,0,0,1,0,0,2018-10-21,4:05PM,M&T Bank Stadium,Baltimore,MD,39.2779,-76.6227,Outdoor,Grass,10.0,1998.0,11.0,0.0,90.36,40.0,1019.4
2018,7,15,Justin Tucker,baltimore_ravens,5.0,24.2,5.0,5.0,31,1,1,100.0,0,0,1,0,0,2018-10-21,4:05PM,M&T Bank Stadium,Baltimore,MD,39.2779,-76.6227,Outdoor,Grass,10.0,1998.0,11.0,0.0,90.36,40.0,1019.4
2018,7,16,Phil Dawson,arizona_cardinals,5.0,24.2,5.0,5.0,43,1,1,100.0,0,0,0,1,0,2018-10-18,8:20PM,State Farm Stadium,Glendale,AZ,33.5275,-112.2625,Indoor,Turf,1070.0,2006.0,18.4,0.0,21.24,62.0,1015.3
2018,7,17,Adam Vinatieri,indianapolis_colts,5.0,24.2,5.0,5.0,36,1,1,100.0,0,0,1,0,0,2018-10-21,1:00PM,Lucas Oil Stadium,Indianapolis,IN,39.7601,-86.1639,Indoor,Turf,700.0,2008.0,7.3,0.0,21.96,51.0,1028.6
2018,7,18,Randy Bullock,cincinnati_bengals,4.0,23.5,4.0,4.0,33,1,1,100.0,0,0,1,0,0,2018-10-21,8:20PM,GEHA Field at Arrowhead Stadium,Kansas City,MO,39.049,-94.4839,Outdoor,Grass,1020.0,1972.0,12.9,0.0,65.88000000000001,51.0,1020.0
2018,7,19,Stephen Hauschka,unknown,3.0,22.8,3.0,3.0,34,1,1,100.0,0,0,1,0,0,,,,,,,,,,,,,,,,
2018,7,20,Chandler Catanzaro,carolina_panthers,10.0,21.94,10.0,10.0,59,2,3,66.7,0,0,1,0,1,2018-10-21,1:00PM,Lincoln Financial Field,Philadelphia,PA,39.9008,-75.1675,Outdoor,Grass,30.0,2003.0,8.4,0.0,98.28,47.0,1017.8
2018,7,21,Chandler Catanzaro,tampa_bay_buccaneers,10.0,21.94,10.0,10.0,59,2,3,66.7,0,0,1,0,1,2018-10-21,1:00PM,Raymond James Stadium,Tampa,FL,27.9759,-82.5033,Outdoor,Grass,26.0,1998.0,26.6,0.0,48.96,67.0,1017.2
2018,7,22,Ryan Succop,tennessee_titans,7.0,19.94,7.0,7.0,33,2,3,66.7,0,1,1,0,0,2018-10-21,9:30AM,SoFi Stadium,Inglewood,CA,33.9535,-118.3392,Outdoor,Turf,100.0,2020.0,21.0,0.0,37.8,65.0,1013.5
2018,7,23,Harrison Butker,kansas_city_chiefs,9.0,17.3,9.0,9.0,26,1,2,50.0,0,1,0,0,0,2018-10-21,8:20PM,GEHA Field at Arrowhead Stadium,Kansas City,MO,39.049,-94.4839,Outdoor,Grass,1020.0,1972.0,12.9,0.0,65.88000000000001,51.0,1020.0
2018,7,24,Brett Maher,dallas_cowboys,6.0,15.1,6.0,6.0,47,1,2,50.0,0,0,0,1,0,2018-10-21,4:25PM,FedExField,Landover,MD,38.9078,-76.8645,Outdoor,Grass,300.0,1997.0,11.5,0.0,77.03999999999999,34.0,1019.5
2018,7,25,Jake Elliott,philadelphia_eagles,6.0,15.1,6.0,6.0,46,1,2,50.0,0,0,0,1,0,2018-10-21,1:00PM,Lincoln Financial Field,Philadelphia,PA,39.9008,-75.1675,Outdoor,Grass,30.0,2003.0,8.4,0.0,98.28,47.0,1017.8
2018,7,26,Jason Sanders,miami_dolphins,3.0,2.3,3.0,3.0,0,0,1,0.0,0,0,0,0,0,2018-10-21,1:00PM,Hard Rock Stadium,Miami Gardens,FL,25.958,-80.238,Outdoor,Grass,7.0,1987.0,30.4,0.0,43.2,54.0,1015.7
2018,7,27,Greg Joseph,cleveland_browns,3.0,2.1,3.0,3.0,0,0,0,0.0,0,0,0,0,0,2018-10-21,1:00PM,Raymond James Stadium,Tampa,FL,27.9759,-82.5033,Outdoor,Grass,26.0,1998.0,26.6,0.0,48.96,67.0,1017.2
2018,7,28,Graham Gano,carolina_panthers,1.0,0.7,1.0,1.0,0,0,0,0.0,0,0,0,0,0,2018-10-21,1:00PM,Lincoln Financial Field,Philadelphia,PA,39.9008,-75.1675,Outdoor,Grass,30.0,2003.0,8.4,0.0,98.28,47.0,1017.8
2018,7,29,Josh Lambo,jacksonville_jaguars,1.0,0.7,1.0,1.0,0,0,0,0.0,0,0,0,0,0,2018-10-21,1:00PM,TIAA Bank Field,Jacksonville,FL,30.3239,-81.6373,Outdoor,Grass,16.0,1995.0,21.1,0.0,78.84,57.0,1020.0
2018,8,1,Josh Lambo,jacksonville_jaguars,16.0,34.1,16.0,16.0,57,4,4,100.0,0,1,1,0,2,2018-10-28,9:30AM,TIAA Bank Field,Jacksonville,FL,30.3239,-81.6373,Outdoor,Grass,16.0,1995.0,16.0,0.0,38.88,69.0,1022.5
2018,8,2,Wil Lutz,new_orleans_saints,16.0,33.3,16.0,16.0,52,3,3,100.0,0,0,0,2,1,2018-10-28,8:20PM,U.S. Bank Stadium,Minneapolis,MN,44.974,-93.2581,Indoor,Turf,840.0,2016.0,6.7,0.0,45.0,74.0,1016.1
2018,8,3,Graham Gano,carolina_panthers,15.0,32.6,15.0,15.0,54,3,3,100.0,0,0,1,1,1,2018-10-28,1:00PM,Bank of America Stadium,Charlotte,NC,35.2258,-80.8528,Outdoor,Grass,748.0,1996.0,15.5,0.0,57.96000000000001,56.0,1017.5
2018,8,4,Jason Sanders,miami_dolphins,13.0,31.2,13.0,13.0,46,3,3,100.0,0,0,1,2,0,2018-10-25,8:20PM,NRG Stadium,Houston,TX,29.6847,-95.4107,Indoor,Turf,50.0,2002.0,17.7,0.0,35.64,76.0,1012.7
2018,8,5,Mason Crosby,green_bay_packers,12.0,29.8,12.0,12.0,53,2,2,100.0,0,0,0,1,1,2018-10-28,4:25PM,SoFi Stadium,Inglewood,CA,33.9535,-118.3392,Outdoor,Turf,100.0,2020.0,19.6,0.0,60.84,74.0,1014.6
2018,8,6,Stephen Gostkowski,new_england_patriots,14.0,29.0,14.0,14.0,40,4,5,80.0,0,2,1,1,0,2018-10-29,8:15PM,Highmark Stadium,Orchard Park,NY,42.7738,-78.7868,Outdoor,Grass,600.0,1973.0,7.6,0.0,87.84,55.0,1014.9
2018,8,7,Adam Vinatieri,indianapolis_colts,10.0,28.6,10.0,10.0,26,2,2,100.0,0,2,0,0,0,2018-10-28,4:05PM,Allegiant Stadium,Las Vegas,NV,36.0908,-115.183,Indoor,Turf,2001.0,2020.0,25.7,0.0,50.76,23.0,1013.7
2018,8,8,Stephen Hauschka,unknown,9.0,27.7,9.0,9.0,51,2,2,100.0,0,0,0,1,1,,,,,,,,,,,,,,,,
2018,8,9,Chandler Catanzaro,carolina_panthers,8.0,27.1,8.0,8.0,38,2,2,100.0,0,1,1,0,0,2018-10-28,1:00PM,Bank of America Stadium,Charlotte,NC,35.2258,-80.8528,Outdoor,Grass,748.0,1996.0,15.5,0.0,57.96000000000001,56.0,1017.5
2018,8,10,Chandler Catanzaro,tampa_bay_buccaneers,8.0,27.1,8.0,8.0,38,2,2,100.0,0,1,1,0,0,2018-10-28,1:00PM,Paycor Stadium,Cincinnati,OH,39.0954,-84.516,Outdoor,Turf,482.0,2000.0,15.2,0.2,78.84,68.0,1005.3
2018,8,11,Greg Zuerlein,los_angeles_rams,8.0,27.0,8.0,8.0,43,2,2,100.0,0,0,1,1,0,2018-10-28,4:25PM,SoFi Stadium,Inglewood,CA,33.9535,-118.3392,Outdoor,Turf,100.0,2020.0,19.6,0.0,60.84,74.0,1014.6
2018,8,12,Robbie Gould,san_francisco_49ers,7.0,26.5,7.0,7.0,27,2,2,100.0,0,2,0,0,0,2018-10-28,4:25PM,State Farm Stadium,Glendale,AZ,33.5275,-112.2625,Indoor,Turf,1070.0,2006.0,30.0,0.0,19.8,29.0,1013.0
2018,8,13,Aldrick Rosas,new_york_giants,7.0,26.4,7.0,7.0,37,2,2,100.0,0,1,1,0,0,2018-10-28,1:00PM,MetLife Stadium,East Rutherford,NJ,40.8136,-74.0744,Outdoor,Turf,3.0,2010.0,10.7,0.0,61.92,69.0,1008.8
2018,8,14,Chris Boswell,pittsburgh_steelers,8.0,26.3,8.0,8.0,42,1,1,100.0,0,0,0,1,0,2018-10-28,1:00PM,Acrisure Stadium,Pittsburgh,PA,40.4468,-80.0158,Outdoor,Grass,730.0,2001.0,10.0,0.0,59.760000000000005,65.0,1009.3
2018,8,15,Randy Bullock,cincinnati_bengals,8.0,26.3,8.0,8.0,44,1,1,100.0,0,0,0,1,0,2018-10-28,1:00PM,Paycor Stadium,Cincinnati,OH,39.0954,-84.516,Outdoor,Turf,482.0,2000.0,15.2,0.2,78.84,68.0,1005.3
2018,8,16,Harrison Butker,kansas_city_chiefs,6.0,25.0,6.0,6.0,24,1,1,100.0,0,1,0,0,0,2018-10-28,1:00PM,GEHA Field at Arrowhead Stadium,Kansas City,MO,39.049,-94.4839,Outdoor,Grass,1020.0,1972.0,15.7,0.0,56.88,44.0,1020.0
2018,8,17,Jake Elliott,philadelphia_eagles,6.0,24.9,6.0,6.0,31,1,1,100.0,0,0,1,0,0,2018-10-28,9:30AM,TIAA Bank Field,Jacksonville,FL,30.3239,-81.6373,Outdoor,Grass,16.0,1995.0,16.0,0.0,38.88,69.0,1022.5
2018,8,18,Jason Myers,new_york_jets,5.0,24.2,5.0,5.0,42,1,1,100.0,0,0,0,1,0,2018-10-28,1:00PM,Soldier Field,Chicago,IL,41.8623,-87.6167,Outdoor,Grass,595.0,1924.0,9.4,0.2,126.72,75.0,1002.4
2018,8,19,Phil Dawson,arizona_cardinals,4.0,23.5,4.0,4.0,31,1,1,100.0,0,0,1,0,0,2018-10-28,4:25PM,State Farm Stadium,Glendale,AZ,33.5275,-112.2625,Indoor,Turf,1070.0,2006.0,30.0,0.0,19.8,29.0,1013.0
2018,8,20,Dustin Hopkins,unknown,10.0,21.94,10.0,10.0,53,2,3,66.7,0,0,1,0,1,,,,,,,,,,,,,,,,
2018,8,21,Greg Joseph,cleveland_browns,7.0,19.84,7.0,7.0,45,2,3,66.7,0,0,1,1,0,2018-10-28,1:00PM,Acrisure Stadium,Pittsburgh,PA,40.4468,-80.0158,Outdoor,Grass,730.0,2001.0,10.0,0.0,59.760000000000005,65.0,1009.3
2018,8,22,Cody Parkey,chicago_bears,6.0,15.1,6.0,6.0,32,1,2,50.0,0,0,1,0,0,2018-10-28,1:00PM,Soldier Field,Chicago,IL,41.8623,-87.6167,Outdoor,Grass,595.0,1924.0,9.4,0.2,126.72,75.0,1002.4
2018,8,23,Brandon Mcmanus,denver_broncos,5.0,14.4,5.0,5.0,36,1,2,50.0,0,0,1,0,0,2018-10-28,1:00PM,GEHA Field at Arrowhead Stadium,Kansas City,MO,39.049,-94.4839,Outdoor,Grass,1020.0,1972.0,15.7,0.0,56.88,44.0,1020.0
2018,8,24,Ka'Imi Fairbairn,houston_texans,6.0,4.2,6.0,6.0,0,0,0,0.0,0,0,0,0,0,2018-10-25,8:20PM,NRG Stadium,Houston,TX,29.6847,-95.4107,Indoor,Turf,50.0,2002.0,17.7,0.0,35.64,76.0,1012.7
2018,8,25,Sebastian Janikowski,seattle_seahawks,4.0,2.8,4.0,4.0,0,0,0,0.0,0,0,0,0,0,2018-10-28,1:00PM,Ford Field,Detroit,MI,42.34,-83.0456,Indoor,Turf,600.0,2002.0,6.9,0.6,59.760000000000005,87.0,1005.8
2018,8,26,Daniel Carlson,minnesota_vikings,4.0,2.8,4.0,4.0,0,0,0,0.0,0,0,0,0,0,2018-10-28,8:20PM,U.S. Bank Stadium,Minneapolis,MN,44.974,-93.2581,Indoor,Turf,840.0,2016.0,6.7,0.0,45.0,74.0,1016.1
2018,8,27,Justin Tucker,baltimore_ravens,3.0,2.1,3.0,3.0,0,0,0,0.0,0,0,0,0,0,2018-10-28,1:00PM,Bank of America Stadium,Charlotte,NC,35.2258,-80.8528,Outdoor,Grass,748.0,1996.0,15.5,0.0,57.96000000000001,56.0,1017.5
2018,8,28,Dan Bailey,minnesota_vikings,2.0,1.4,2.0,2.0,0,0,0,0.0,0,0,0,0,0,2018-10-28,8:20PM,U.S. Bank Stadium,Minneapolis,MN,44.974,-93.2581,Indoor,Turf,840.0,2016.0,6.7,0.0,45.0,74.0,1016.1
2018,8,29,Matt Prater,detroit_lions,2.0,1.4,2.0,2.0,0,0,0,0.0,0,0,0,0,0,2018-10-28,1:00PM,Ford Field,Detroit,MI,42.34,-83.0456,Indoor,Turf,600.0,2002.0,6.9,0.6,59.760000000000005,87.0,1005.8
2018,9,1,Cody Parkey,chicago_bears,12.0,29.9,12.0,12.0,45,2,2,100.0,0,1,0,1,0,2018-11-04,1:00PM,Highmark Stadium,Orchard Park,NY,42.7738,-78.7868,Outdoor,Grass,600.0,1973.0,9.5,0.0,40.68000000000001,54.0,1031.3
2018,9,2,Justin Tucker,baltimore_ravens,10.0,29.3,10.0,10.0,37,3,3,100.0,0,2,1,0,0,2018-11-04,1:00PM,M&T Bank Stadium,Baltimore,MD,39.2779,-76.6227,Outdoor,Grass,10.0,1998.0,11.2,0.0,34.2,58.0,1033.6
2018,9,3,Robbie Gould,san_francisco_49ers,10.0,28.5,10.0,10.0,39,2,2,100.0,0,1,1,0,0,2018-11-01,8:20PM,Levi's Stadium,Santa Clara,CA,37.403,-121.9692,Outdoor,Grass,13.0,2014.0,19.3,0.0,21.6,62.0,1019.2
2018,9,4,Wil Lutz,new_orleans_saints,11.0,28.4,11.0,11.0,54,1,1,100.0,0,0,0,0,1,2018-11-04,4:25PM,Caesars Superdome,New Orleans,LA,29.9509,-90.0815,Indoor,Turf,3.0,1975.0,23.7,0.0,72.72,71.0,1015.4
2018,9,5,Matt Prater,detroit_lions,9.0,28.4,9.0,9.0,37,3,3,100.0,0,0,3,0,0,2018-11-04,1:00PM,U.S. Bank Stadium,Minneapolis,MN,44.974,-93.2581,Indoor,Turf,840.0,2016.0,2.9,0.5,54.0,98.0,1012.1
2018,9,6,Jason Sanders,miami_dolphins,8.0,27.1,8.0,8.0,43,2,2,100.0,0,1,0,1,0,2018-11-04,1:00PM,Hard Rock Stadium,Miami Gardens,FL,25.958,-80.238,Outdoor,Grass,7.0,1987.0,27.8,0.2,55.8,77.0,1019.8
2018,9,7,Ka'Imi Fairbairn,houston_texans,8.0,27.0,8.0,8.0,46,2,2,100.0,0,0,1,1,0,2018-11-04,4:05PM,Empower Field at Mile High,Denver,CO,39.7439,-105.0201,Outdoor,Turf,5280.0,2001.0,10.7,0.0,6.48,45.0,1001.1
2018,9,8,Giorgio Tavecchio,atlanta_falcons,8.0,26.4,8.0,8.0,27,1,1,100.0,0,1,0,0,0,2018-11-04,1:00PM,FedExField,Landover,MD,38.9078,-76.8645,Outdoor,Grass,300.0,1997.0,12.1,0.0,28.8,52.0,1033.3
2018,9,9,Stephen Gostkowski,new_england_patriots,7.0,25.7,7.0,7.0,28,1,1,100.0,0,1,0,0,0,2018-11-04,8:20PM,Gillette Stadium,Foxborough,MA,42.0909,-71.2643,Outdoor,Turf,289.0,2002.0,5.9,0.0,28.8,72.0,1033.8
2018,9,10,Harrison Butker,kansas_city_chiefs,7.0,25.6,7.0,7.0,39,1,1,100.0,0,0,1,0,0,2018-11-04,1:00PM,FirstEnergy Stadium,Cleveland,OH,41.5061,-81.6995,Outdoor,Grass,577.0,1999.0,12.0,0.0,83.52,53.0,1026.6
2018,9,11,Dan Bailey,minnesota_vikings,6.0,24.9,6.0,6.0,39,1,1,100.0,0,0,1,0,0,2018-11-04,1:00PM,U.S. Bank Stadium,Minneapolis,MN,44.974,-93.2581,Indoor,Turf,840.0,2016.0,2.9,0.5,54.0,98.0,1012.1
2018,9,12,Mason Crosby,green_bay_packers,5.0,24.3,5.0,5.0,29,1,1,100.0,0,1,0,0,0,2018-11-04,8:20PM,Gillette Stadium,Foxborough,MA,42.0909,-71.2643,Outdoor,Turf,289.0,2002.0,5.9,0.0,28.8,72.0,1033.8
2018,9,13,Chris Boswell,pittsburgh_steelers,5.0,24.3,5.0,5.0,29,1,1,100.0,0,1,0,0,0,2018-11-04,1:00PM,M&T Bank Stadium,Baltimore,MD,39.2779,-76.6227,Outdoor,Grass,10.0,1998.0,11.2,0.0,34.2,58.0,1033.6
2018,9,14,Greg Joseph,cleveland_browns,5.0,24.2,5.0,5.0,51,1,1,100.0,0,0,0,0,1,2018-11-04,1:00PM,FirstEnergy Stadium,Cleveland,OH,41.5061,-81.6995,Outdoor,Grass,577.0,1999.0,12.0,0.0,83.52,53.0,1026.6
2018,9,15,Stephen Hauschka,unknown,4.0,23.5,4.0,4.0,41,1,1,100.0,0,0,0,1,0,,,,,,,,,,,,,,,,
2018,9,16,Greg Zuerlein,los_angeles_rams,11.0,22.64,11.0,11.0,56,2,3,66.7,0,0,1,0,1,2018-11-04,4:25PM,Caesars Superdome,New Orleans,LA,29.9509,-90.0815,Indoor,Turf,3.0,1975.0,23.7,0.0,72.72,71.0,1015.4
2018,9,17,Jason Myers,new_york_jets,9.0,21.24,9.0,9.0,56,2,3,66.7,0,0,0,1,1,2018-11-04,1:00PM,Hard Rock Stadium,Miami Gardens,FL,25.958,-80.238,Outdoor,Grass,7.0,1987.0,27.8,0.2,55.8,77.0,1019.8
2018,9,18,Sebastian Janikowski,seattle_seahawks,6.0,15.1,6.0,6.0,44,1,2,50.0,0,0,0,1,0,2018-11-04,4:05PM,Lumen Field,Seattle,WA,47.5952,-122.3316,Outdoor,Turf,20.0,2002.0,13.3,0.0,41.04,88.0,1014.7
2018,9,19,Daniel Carlson,minnesota_vikings,3.0,13.0,3.0,3.0,37,1,2,50.0,0,0,1,0,0,2018-11-04,1:00PM,U.S. Bank Stadium,Minneapolis,MN,44.974,-93.2581,Indoor,Turf,840.0,2016.0,2.9,0.5,54.0,98.0,1012.1
2018,9,20,Brandon Mcmanus,denver_broncos,6.0,11.96,6.0,6.0,44,1,3,33.3,0,0,0,1,0,2018-11-04,4:05PM,Empower Field at Mile High,Denver,CO,39.7439,-105.0201,Outdoor,Turf,5280.0,2001.0,10.7,0.0,6.48,45.0,1001.1
2018,9,21,Graham Gano,carolina_panthers,6.0,4.2,6.0,6.0,0,0,0,0.0,0,0,0,0,0,2018-11-04,1:00PM,Bank of America Stadium,Charlotte,NC,35.2258,-80.8528,Outdoor,Grass,748.0,1996.0,15.0,0.0,39.24,55.0,1028.7
2018,9,22,Ryan Succop,tennessee_titans,4.0,3.0,4.0,4.0,0,0,1,0.0,0,0,0,0,0,2018-11-05,8:15PM,AT&T Stadium,Arlington,TX,32.7473,-97.0945,Indoor,Turf,639.0,2009.0,20.4,0.0,48.24,67.0,1007.8
2018,9,23,Chandler Catanzaro,carolina_panthers,4.0,2.8,4.0,4.0,0,0,0,0.0,0,0,0,0,0,2018-11-04,1:00PM,Bank of America Stadium,Charlotte,NC,35.2258,-80.8528,Outdoor,Grass,748.0,1996.0,15.0,0.0,39.24,55.0,1028.7
2018,9,24,Chandler Catanzaro,tampa_bay_buccaneers,4.0,2.8,4.0,4.0,0,0,0,0.0,0,0,0,0,0,2018-11-04,1:00PM,Bank of America Stadium,Charlotte,NC,35.2258,-80.8528,Outdoor,Grass,748.0,1996.0,15.0,0.0,39.24,55.0,1028.7
2018,9,25,Brett Maher,dallas_cowboys,2.0,1.6,2.0,2.0,0,0,1,0.0,0,0,0,0,0,2018-11-05,8:15PM,AT&T Stadium,Arlington,TX,32.7473,-97.0945,Indoor,Turf,639.0,2009.0,20.4,0.0,48.24,67.0,1007.8
2018,9,26,Dustin Hopkins,unknown,2.0,1.4,2.0,2.0,0,0,0,0.0,0,0,0,0,0,,,,,,,,,,,,,,,,
2018,9,27,Caleb Sturgis,los_angeles_chargers,1.0,0.9,1.0,1.0,0,0,1,0.0,0,0,0,0,0,2018-11-04,4:05PM,Lumen Field,Seattle,WA,47.5952,-122.3316,Outdoor,Turf,20.0,2002.0,13.3,0.0,41.04,88.0,1014.7
2018,10,1,Wil Lutz,new_orleans_saints,17.0,34.1,17.0,17.0,42,3,3,100.0,0,1,0,2,0,2018-11-11,1:00PM,Paycor Stadium,Cincinnati,OH,39.0954,-84.516,Outdoor,Turf,482.0,2000.0,3.7,0.0,32.4,44.0,1029.0
2018,10,2,Jason Sanders,miami_dolphins,14.0,32.7,14.0,14.0,47,4,4,100.0,0,1,1,2,0,2018-11-11,4:25PM,Lambeau Field,Green Bay,WI,44.5013,-88.0622,Outdoor,Grass,640.0,1957.0,1.3,0.0,31.680000000000003,61.0,1021.3
2018,10,3,Robbie Gould,san_francisco_49ers,13.0,31.2,13.0,13.0,53,3,3,100.0,0,0,2,0,1,2018-11-12,8:15PM,Levi's Stadium,Santa Clara,CA,37.403,-121.9692,Outdoor,Grass,13.0,2014.0,15.7,0.0,18.72,49.0,1026.6
2018,10,4,Greg Zuerlein,los_angeles_rams,12.0,30.6,12.0,12.0,37,3,3,100.0,0,1,2,0,0,2018-11-11,4:25PM,SoFi Stadium,Inglewood,CA,33.9535,-118.3392,Outdoor,Turf,100.0,2020.0,20.9,0.0,50.76,29.0,1017.2
2018,10,5,Dustin Hopkins,unknown,12.0,30.6,12.0,12.0,43,3,3,100.0,0,1,0,2,0,,,,,,,,,,,,,,,,
2018,10,6,Stephen Hauschka,unknown,13.0,30.5,13.0,13.0,54,2,2,100.0,0,0,1,0,1,,,,,,,,,,,,,,,,
2018,10,7,Chris Boswell,pittsburgh_steelers,12.0,29.1,12.0,12.0,50,1,1,100.0,0,0,0,0,1,2018-11-08,8:20PM,Acrisure Stadium,Pittsburgh,PA,40.4468,-80.0158,Outdoor,Grass,730.0,2001.0,4.1,0.0,24.12,77.0,1028.1
2018,10,8,Jake Elliott,philadelphia_eagles,10.0,28.5,10.0,10.0,56,2,2,100.0,0,1,0,0,1,2018-11-11,8:20PM,Lincoln Financial Field,Philadelphia,PA,39.9008,-75.1675,Outdoor,Grass,30.0,2003.0,2.7,0.0,33.12,80.0,1028.9
2018,10,9,Harrison Butker,kansas_city_chiefs,10.0,28.4,10.0,10.0,46,2,2,100.0,0,0,0,2,0,2018-11-11,1:00PM,GEHA Field at Arrowhead Stadium,Kansas City,MO,39.049,-94.4839,Outdoor,Grass,1020.0,1972.0,6.4,0.0,10.08,55.0,1025.0
2018,10,10,Ryan Succop,tennessee_titans,10.0,28.4,10.0,10.0,33,2,2,100.0,0,0,2,0,0,2018-11-11,1:00PM,Nissan Stadium,Nashville,TN,36.1665,-86.7713,Outdoor,Grass,476.0,1999.0,9.1,0.0,9.36,59.0,1026.3
2018,10,11,Aldrick Rosas,new_york_giants,9.0,27.8,9.0,9.0,31,2,2,100.0,0,1,1,0,0,2018-11-12,8:15PM,Levi's Stadium,Santa Clara,CA,37.403,-121.9692,Outdoor,Grass,13.0,2014.0,15.7,0.0,18.72,49.0,1026.6
2018,10,12,Michael Badgley,unknown,9.0,27.8,9.0,9.0,41,2,2,100.0,0,1,0,1,0,,,,,,,,,,,,,,,,
2018,10,13,Daniel Carlson,minnesota_vikings,7.0,26.3,7.0,7.0,46,2,2,100.0,0,0,1,1,0,,,,,,,,,,,,,,,,
2018,10,14,Mason Crosby,green_bay_packers,7.0,25.6,7.0,7.0,38,1,1,100.0,0,0,1,0,0,2018-11-11,4:25PM,Lambeau Field,Green Bay,WI,44.5013,-88.0622,Outdoor,Grass,640.0,1957.0,1.3,0.0,31.680000000000003,61.0,1021.3
2018,10,15,Sebastian Janikowski,seattle_seahawks,7.0,25.6,7.0,7.0,33,1,1,100.0,0,0,1,0,0,2018-11-11,4:25PM,SoFi Stadium,Inglewood,CA,33.9535,-118.3392,Outdoor,Turf,100.0,2020.0,20.9,0.0,50.76,29.0,1017.2
2018,10,16,Matt Prater,detroit_lions,6.0,24.9,6.0,6.0,52,1,1,100.0,0,0,0,0,1,2018-11-11,1:00PM,Soldier Field,Chicago,IL,41.8623,-87.6167,Outdoor,Grass,595.0,1924.0,3.2,0.0,77.03999999999999,55.0,1024.8
2018,10,17,Jason Myers,new_york_jets,6.0,24.9,6.0,6.0,55,1,1,100.0,0,0,0,0,1,2018-11-11,1:00PM,MetLife Stadium,East Rutherford,NJ,40.8136,-74.0744,Outdoor,Turf,3.0,2010.0,6.7,0.0,62.63999999999999,44.0,1027.6
2018,10,18,Giorgio Tavecchio,atlanta_falcons,5.0,24.2,5.0,5.0,40,1,1,100.0,0,0,0,1,0,2018-11-11,1:00PM,FirstEnergy Stadium,Cleveland,OH,41.5061,-81.6995,Outdoor,Grass,577.0,1999.0,3.1,0.0,58.32,55.0,1028.3
2018,10,19,Josh Lambo,jacksonville_jaguars,10.0,22.04,10.0,10.0,55,2,3,66.7,0,1,0,0,1,2018-11-11,1:00PM,Lucas Oil Stadium,Indianapolis,IN,39.7601,-86.1639,Indoor,Turf,700.0,2008.0,3.1,0.0,44.28,48.0,1028.4
2018,10,20,Brett Maher,dallas_cowboys,9.0,21.34,9.0,9.0,31,2,3,66.7,0,1,1,0,0,2018-11-11,8:20PM,Lincoln Financial Field,Philadelphia,PA,39.9008,-75.1675,Outdoor,Grass,30.0,2003.0,2.7,0.0,33.12,80.0,1028.9
2018,10,21,Stephen Gostkowski,new_england_patriots,6.0,15.1,6.0,6.0,52,1,2,50.0,0,0,0,0,1,2018-11-11,1:00PM,Nissan Stadium,Nashville,TN,36.1665,-86.7713,Outdoor,Grass,476.0,1999.0,9.1,0.0,9.36,59.0,1026.3
2018,10,22,Chandler Catanzaro,carolina_panthers,3.0,9.86,3.0,3.0,33,1,3,33.3,0,0,1,0,0,2018-11-08,8:20PM,Acrisure Stadium,Pittsburgh,PA,40.4468,-80.0158,Outdoor,Grass,730.0,2001.0,4.1,0.0,24.12,77.0,1028.1
2018,10,23,Chandler Catanzaro,tampa_bay_buccaneers,3.0,9.86,3.0,3.0,33,1,3,33.3,0,0,1,0,0,2018-11-11,1:00PM,Raymond James Stadium,Tampa,FL,27.9759,-82.5033,Outdoor,Grass,26.0,1998.0,27.1,0.0,37.8,61.0,1020.2
2018,10,24,Greg Joseph,cleveland_browns,4.0,2.8,4.0,4.0,0,0,0,0.0,0,0,0,0,0,2018-11-11,1:00PM,FirstEnergy Stadium,Cleveland,OH,41.5061,-81.6995,Outdoor,Grass,577.0,1999.0,3.1,0.0,58.32,55.0,1028.3
2018,10,25,Adam Vinatieri,indianapolis_colts,3.0,2.3,3.0,3.0,0,0,1,0.0,0,0,0,0,0,2018-11-11,1:00PM,Lucas Oil Stadium,Indianapolis,IN,39.7601,-86.1639,Indoor,Turf,700.0,2008.0,3.1,0.0,44.28,48.0,1028.4
2018,10,26,Graham Gano,carolina_panthers,3.0,2.1,3.0,3.0,0,0,0,0.0,0,0,0,0,0,2018-11-08,8:20PM,Acrisure Stadium,Pittsburgh,PA,40.4468,-80.0158,Outdoor,Grass,730.0,2001.0,4.1,0.0,24.12,77.0,1028.1
2018,10,27,Cody Parkey,chicago_bears,2.0,1.8,2.0,2.0,0,0,2,0.0,0,0,0,0,0,2018-11-11,1:00PM,Soldier Field,Chicago,IL,41.8623,-87.6167,Outdoor,Grass,595.0,1924.0,3.2,0.0,77.03999999999999,55.0,1024.8
2018,10,28,Phil Dawson,arizona_cardinals,2.0,1.4,2.0,2.0,0,0,0,0.0,0,0,0,0,0,2018-11-11,1:00PM,GEHA Field at Arrowhead Stadium,Kansas City,MO,39.049,-94.4839,Outdoor,Grass,1020.0,1972.0,6.4,0.0,10.08,55.0,1025.0
2018,10,29,Randy Bullock,cincinnati_bengals,2.0,1.4,2.0,2.0,0,0,0,0.0,0,0,0,0,0,2018-11-11,1:00PM,Paycor Stadium,Cincinnati,OH,39.0954,-84.516,Outdoor,Turf,482.0,2000.0,3.7,0.0,32.4,44.0,1029.0
2018,11,1,Matt Bryant,atlanta_falcons,17.0,34.8,17.0,17.0,53,4,4,100.0,0,1,0,2,1,2018-11-18,1:00PM,Mercedes-Benz Stadium,Atlanta,GA,33.755,-84.4008,Indoor,Turf,1050.0,2017.0,14.2,0.0,11.16,69.0,1025.1
2018,11,2,Brett Maher,dallas_cowboys,13.0,31.3,13.0,13.0,50,3,3,100.0,0,1,0,1,1,2018-11-18,1:00PM,Mercedes-Benz Stadium,Atlanta,GA,33.755,-84.4008,Indoor,Turf,1050.0,2017.0,14.2,0.0,11.16,69.0,1025.1
2018,11,3,Justin Tucker,baltimore_ravens,12.0,30.7,12.0,12.0,56,3,3,100.0,0,2,0,0,1,2018-11-18,1:00PM,M&T Bank Stadium,Baltimore,MD,39.2779,-76.6227,Outdoor,Grass,10.0,1998.0,8.8,0.0,48.24,62.0,1026.9
2018,11,4,Daniel Carlson,minnesota_vikings,12.0,30.6,12.0,12.0,49,3,3,100.0,0,1,1,1,0,2018-11-18,8:20PM,Soldier Field,Chicago,IL,41.8623,-87.6167,Outdoor,Grass,595.0,1924.0,-1.1,0.0,45.36,87.0,1023.9
2018,11,5,Michael Badgley,unknown,12.0,30.5,12.0,12.0,46,3,3,100.0,0,0,1,2,0,,,,,,,,,,,,,,,,
2018,11,6,Josh Lambo,jacksonville_jaguars,12.0,30.5,12.0,12.0,48,3,3,100.0,0,0,1,2,0,2018-11-18,1:00PM,TIAA Bank Field,Jacksonville,FL,30.3239,-81.6373,Outdoor,Grass,16.0,1995.0,21.7,0.1,43.2,73.0,1022.4
2018,11,7,Greg Zuerlein,los_angeles_rams,12.0,29.9,12.0,12.0,33,2,2,100.0,0,1,1,0,0,2018-11-19,8:15PM,SoFi Stadium,Inglewood,CA,33.9535,-118.3392,Outdoor,Turf,100.0,2020.0,16.2,0.0,27.36,83.0,1015.7
2018,11,8,Wil Lutz,new_orleans_saints,12.0,29.8,12.0,12.0,38,2,2,100.0,1,0,1,0,0,2018-11-18,4:25PM,Caesars Superdome,New Orleans,LA,29.9509,-90.0815,Indoor,Turf,3.0,1975.0,19.4,0.0,20.52,61.0,1021.2
2018,11,9,Cody Parkey,chicago_bears,11.0,29.8,11.0,11.0,48,3,3,100.0,0,0,1,2,0,2018-11-18,8:20PM,Soldier Field,Chicago,IL,41.8623,-87.6167,Outdoor,Grass,595.0,1924.0,-1.1,0.0,45.36,87.0,1023.9
2018,11,10,Sebastian Janikowski,seattle_seahawks,10.0,28.4,10.0,10.0,43,2,2,100.0,0,0,1,1,0,2018-11-15,8:20PM,Lumen Field,Seattle,WA,47.5952,-122.3316,Outdoor,Turf,20.0,2002.0,11.0,0.0,68.76,81.0,1023.0
2018,11,11,Matt Prater,detroit_lions,10.0,28.4,10.0,10.0,54,2,2,100.0,0,0,1,0,1,2018-11-18,1:00PM,Ford Field,Detroit,MI,42.34,-83.0456,Indoor,Turf,600.0,2002.0,1.8,0.3,12.96,88.0,1024.6
2018,11,12,Aldrick Rosas,new_york_giants,10.0,27.7,10.0,10.0,52,1,1,100.0,0,0,0,0,1,2018-11-18,1:00PM,MetLife Stadium,East Rutherford,NJ,40.8136,-74.0744,Outdoor,Turf,3.0,2010.0,5.0,0.0,11.88,56.0,1028.0
2018,11,13,Harrison Butker,kansas_city_chiefs,9.0,27.1,9.0,9.0,21,1,1,100.0,0,1,0,0,0,2018-11-19,8:15PM,SoFi Stadium,Inglewood,CA,33.9535,-118.3392,Outdoor,Turf,100.0,2020.0,16.2,0.0,27.36,83.0,1015.7
2018,11,14,Adam Vinatieri,indianapolis_colts,8.0,26.4,8.0,8.0,22,1,1,100.0,0,1,0,0,0,2018-11-18,1:00PM,Lucas Oil Stadium,Indianapolis,IN,39.7601,-86.1639,Indoor,Turf,700.0,2008.0,7.5,0.0,36.72,72.0,1023.2
2018,11,15,Dan Bailey,minnesota_vikings,6.0,25.6,6.0,6.0,36,2,2,100.0,0,0,2,0,0,2018-11-18,8:20PM,Soldier Field,Chicago,IL,41.8623,-87.6167,Outdoor,Grass,595.0,1924.0,-1.1,0.0,45.36,87.0,1023.9
2018,11,16,Brandon Mcmanus,denver_broncos,5.0,24.2,5.0,5.0,34,1,1,100.0,0,0,1,0,0,2018-11-18,4:05PM,SoFi Stadium,Inglewood,CA,33.9535,-118.3392,Outdoor,Turf,100.0,2020.0,18.0,0.0,55.8,63.0,1016.5
2018,11,17,Ryan Succop,tennessee_titans,5.0,24.2,5.0,5.0,42,1,1,100.0,0,0,0,1,0,2018-11-18,1:00PM,Lucas Oil Stadium,Indianapolis,IN,39.7601,-86.1639,Indoor,Turf,700.0,2008.0,7.5,0.0,36.72,72.0,1023.2
2018,11,18,Ka'Imi Fairbairn,houston_texans,13.0,23.7,13.0,13.0,54,3,5,60.0,0,1,1,0,1,2018-11-18,1:00PM,FedExField,Landover,MD,38.9078,-76.8645,Outdoor,Grass,300.0,1997.0,9.5,0.0,34.56,58.0,1026.7
2018,11,19,Mason Crosby,green_bay_packers,6.0,15.1,6.0,6.0,36,1,2,50.0,0,0,1,0,0,2018-11-15,8:20PM,Lumen Field,Seattle,WA,47.5952,-122.3316,Outdoor,Turf,20.0,2002.0,11.0,0.0,68.76,81.0,1023.0
2018,11,20,Cairo Santos,los_angeles_rams,5.0,3.5,5.0,5.0,0,0,0,0.0,0,0,0,0,0,2018-11-19,8:15PM,SoFi Stadium,Inglewood,CA,33.9535,-118.3392,Outdoor,Turf,100.0,2020.0,16.2,0.0,27.36,83.0,1015.7
2018,11,21,Cairo Santos,tampa_bay_buccaneers,5.0,3.5,5.0,5.0,0,0,0,0.0,0,0,0,0,0,2018-11-18,1:00PM,MetLife Stadium,East Rutherford,NJ,40.8136,-74.0744,Outdoor,Turf,3.0,2010.0,5.0,0.0,11.88,56.0,1028.0
2018,11,22,Randy Bullock,cincinnati_bengals,3.0,2.3,3.0,3.0,0,0,1,0.0,0,0,0,0,0,2018-11-18,1:00PM,M&T Bank Stadium,Baltimore,MD,39.2779,-76.6227,Outdoor,Grass,10.0,1998.0,8.8,0.0,48.24,62.0,1026.9
2018,11,23,Dustin Hopkins,unknown,3.0,2.3,3.0,3.0,0,0,1,0.0,0,0,0,0,0,,,,,,,,,,,,,,,,
2018,11,24,Matt Mccrane,arizona_cardinals,3.0,2.1,3.0,3.0,0,0,0,0.0,0,0,0,0,0,2018-11-18,4:05PM,State Farm Stadium,Glendale,AZ,33.5275,-112.2625,Indoor,Turf,1070.0,2006.0,21.8,0.0,21.24,17.0,1015.5
2018,11,25,Matt Mccrane,pittsburgh_steelers,3.0,2.1,3.0,3.0,0,0,0,0.0,0,0,0,0,0,2018-11-18,1:00PM,TIAA Bank Field,Jacksonville,FL,30.3239,-81.6373,Outdoor,Grass,16.0,1995.0,21.7,0.1,43.2,73.0,1022.4
2018,11,26,Chris Boswell,pittsburgh_steelers,2.0,1.4,2.0,2.0,0,0,0,0.0,0,0,0,0,0,2018-11-18,1:00PM,TIAA Bank Field,Jacksonville,FL,30.3239,-81.6373,Outdoor,Grass,16.0,1995.0,21.7,0.1,43.2,73.0,1022.4
2018,11,27,Graham Gano,carolina_panthers,1.0,0.9,1.0,1.0,0,0,1,0.0,0,0,0,0,0,2018-11-18,1:00PM,Ford Field,Detroit,MI,42.34,-83.0456,Indoor,Turf,600.0,2002.0,1.8,0.3,12.96,88.0,1024.6
2018,11,28,Jake Elliott,philadelphia_eagles,1.0,0.7,1.0,1.0,0,0,0,0.0,0,0,0,0,0,2018-11-18,4:25PM,Caesars Superdome,New Orleans,LA,29.9509,-90.0815,Indoor,Turf,3.0,1975.0,19.4,0.0,20.52,61.0,1021.2
2018,12,1,Aldrick Rosas,new_york_giants,12.0,30.7,12.0,12.0,51,3,3,100.0,0,2,0,0,1,2018-11-25,1:00PM,Lincoln Financial Field,Philadelphia,PA,39.9008,-75.1675,Outdoor,Grass,30.0,2003.0,12.9,0.0,45.72,67.0,1011.5
2018,12,2,Sebastian Janikowski,seattle_seahawks,12.0,30.5,12.0,12.0,33,3,3,100.0,0,0,3,0,0,2018-11-25,1:00PM,Bank of America Stadium,Charlotte,NC,35.2258,-80.8528,Outdoor,Grass,748.0,1996.0,10.4,0.0,7.2,84.0,1016.8
2018,12,3,Jake Elliott,philadelphia_eagles,11.0,29.9,11.0,11.0,43,3,3,100.0,0,1,0,2,0,2018-11-25,1:00PM,Lincoln Financial Field,Philadelphia,PA,39.9008,-75.1675,Outdoor,Grass,30.0,2003.0,12.9,0.0,45.72,67.0,1011.5
2018,12,4,Ka'Imi Fairbairn,houston_texans,12.0,29.8,12.0,12.0,47,2,2,100.0,0,0,0,2,0,2018-11-26,8:15PM,NRG Stadium,Houston,TX,29.6847,-95.4107,Indoor,Turf,50.0,2002.0,8.2,0.0,33.12,56.0,1025.0
2018,12,5,Justin Tucker,baltimore_ravens,11.0,29.2,11.0,11.0,47,2,2,100.0,0,1,0,1,0,2018-11-25,1:00PM,M&T Bank Stadium,Baltimore,MD,39.2779,-76.6227,Outdoor,Grass,10.0,1998.0,12.7,0.0,36.72,76.0,1012.9
2018,12,6,Cairo Santos,los_angeles_rams,10.0,28.4,10.0,10.0,41,2,2,100.0,0,0,1,1,0,,,,,,,,,,,,,,,,
2018,12,7,Cairo Santos,tampa_bay_buccaneers,10.0,28.4,10.0,10.0,41,2,2,100.0,0,0,1,1,0,2018-11-25,1:00PM,Raymond James Stadium,Tampa,FL,27.9759,-82.5033,Outdoor,Grass,26.0,1998.0,23.6,0.0,33.84,69.0,1015.0
2018,12,8,Jason Myers,new_york_jets,9.0,27.7,9.0,9.0,55,2,2,100.0,0,0,1,0,1,2018-11-25,1:00PM,MetLife Stadium,East Rutherford,NJ,40.8136,-74.0744,Outdoor,Turf,3.0,2010.0,12.1,0.0,50.76,72.0,1009.7
2018,12,9,Stephen Gostkowski,new_england_patriots,9.0,27.7,9.0,9.0,34,2,2,100.0,0,0,2,0,0,2018-11-25,1:00PM,MetLife Stadium,East Rutherford,NJ,40.8136,-74.0744,Outdoor,Turf,3.0,2010.0,12.1,0.0,50.76,72.0,1009.7
2018,12,10,Michael Badgley,unknown,9.0,27.0,9.0,9.0,31,1,1,100.0,0,0,1,0,0,,,,,,,,,,,,,,,,
2018,12,11,Brett Maher,dallas_cowboys,7.0,25.7,7.0,7.0,28,1,1,100.0,0,1,0,0,0,2018-11-22,4:30PM,AT&T Stadium,Arlington,TX,32.7473,-97.0945,Indoor,Turf,639.0,2009.0,15.5,0.0,43.92,59.0,1020.3
2018,12,12,Wil Lutz,new_orleans_saints,7.0,25.7,7.0,7.0,22,1,1,100.0,0,1,0,0,0,2018-11-22,8:20PM,Caesars Superdome,New Orleans,LA,29.9509,-90.0815,Indoor,Turf,3.0,1975.0,10.8,0.0,28.44,72.0,1023.3
2018,12,13,Brandon Mcmanus,denver_broncos,7.0,25.6,7.0,7.0,41,1,1,100.0,0,0,0,1,0,2018-11-25,4:25PM,Empower Field at Mile High,Denver,CO,39.7439,-105.0201,Outdoor,Turf,5280.0,2001.0,3.7,0.0,19.44,27.0,1021.7
2018,12,14,Jason Sanders,miami_dolphins,6.0,25.0,6.0,6.0,29,1,1,100.0,0,1,0,0,0,2018-11-25,4:25PM,Lucas Oil Stadium,Indianapolis,IN,39.7601,-86.1639,Indoor,Turf,700.0,2008.0,14.2,0.0,55.8,64.0,1006.0
2018,12,15,Stephen Hauschka,unknown,6.0,25.0,6.0,6.0,22,1,1,100.0,0,1,0,0,0,,,,,,,,,,,,,,,,
2018,12,16,Daniel Carlson,minnesota_vikings,6.0,24.9,6.0,6.0,42,1,1,100.0,0,0,0,1,0,2018-11-25,8:20PM,U.S. Bank Stadium,Minneapolis,MN,44.974,-93.2581,Indoor,Turf,840.0,2016.0,-6.7,0.0,48.96,68.0,1021.2
2018,12,17,Cody Parkey,chicago_bears,6.0,24.9,6.0,6.0,40,1,1,100.0,0,0,0,1,0,2018-11-22,12:30PM,Ford Field,Detroit,MI,42.34,-83.0456,Indoor,Turf,600.0,2002.0,-3.7,0.0,56.52,58.0,1035.7
2018,12,18,Mason Crosby,green_bay_packers,5.0,24.2,5.0,5.0,38,1,1,100.0,0,0,1,0,0,2018-11-25,8:20PM,U.S. Bank Stadium,Minneapolis,MN,44.974,-93.2581,Indoor,Turf,840.0,2016.0,-6.7,0.0,48.96,68.0,1021.2
2018,12,19,Dustin Hopkins,unknown,5.0,24.2,5.0,5.0,31,1,1,100.0,0,0,1,0,0,,,,,,,,,,,,,,,,
2018,12,20,Ryan Succop,tennessee_titans,5.0,24.2,5.0,5.0,31,1,1,100.0,0,0,1,0,0,2018-11-26,8:15PM,NRG Stadium,Houston,TX,29.6847,-95.4107,Indoor,Turf,50.0,2002.0,8.2,0.0,33.12,56.0,1025.0
2018,12,21,Matt Bryant,atlanta_falcons,5.0,24.2,5.0,5.0,32,1,1,100.0,0,0,1,0,0,2018-11-22,8:20PM,Caesars Superdome,New Orleans,LA,29.9509,-90.0815,Indoor,Turf,3.0,1975.0,10.8,0.0,28.44,72.0,1023.3
2018,12,22,Matt Prater,detroit_lions,4.0,23.6,4.0,4.0,20,1,1,100.0,0,1,0,0,0,2018-11-22,12:30PM,Ford Field,Detroit,MI,42.34,-83.0456,Indoor,Turf,600.0,2002.0,-3.7,0.0,56.52,58.0,1035.7
2018,12,23,Robbie Gould,san_francisco_49ers,3.0,22.9,3.0,3.0,23,1,1,100.0,0,1,0,0,0,2018-11-25,1:00PM,Raymond James Stadium,Tampa,FL,27.9759,-82.5033,Outdoor,Grass,26.0,1998.0,23.6,0.0,33.84,69.0,1015.0
2018,12,24,Adam Vinatieri,indianapolis_colts,10.0,21.94,10.0,10.0,46,2,3,66.7,0,0,1,1,0,2018-11-25,4:25PM,Lucas Oil Stadium,Indianapolis,IN,39.7601,-86.1639,Indoor,Turf,700.0,2008.0,14.2,0.0,55.8,64.0,1006.0
2018,12,25,Graham Gano,carolina_panthers,9.0,21.44,9.0,9.0,26,2,3,66.7,0,2,0,0,0,2018-11-25,1:00PM,Bank of America Stadium,Charlotte,NC,35.2258,-80.8528,Outdoor,Grass,748.0,1996.0,10.4,0.0,7.2,84.0,1016.8
2018,12,26,Chris Boswell,pittsburgh_steelers,10.1,17.97,10.1,10.1,41,1,2,50.0,0,0,0,1,0,2018-11-25,4:25PM,Empower Field at Mile High,Denver,CO,39.7439,-105.0201,Outdoor,Turf,5280.0,2001.0,3.7,0.0,19.44,27.0,1021.7
2018,12,27,Phil Dawson,arizona_cardinals,4.0,13.7,4.0,4.0,30,1,2,50.0,0,0,1,0,0,2018-11-25,4:05PM,SoFi Stadium,Inglewood,CA,33.9535,-118.3392,Outdoor,Turf,100.0,2020.0,19.6,0.0,45.36,77.0,1015.2
2018,12,28,Dan Bailey,minnesota_vikings,6.0,11.96,6.0,6.0,37,1,3,33.3,0,0,1,0,0,2018-11-25,8:20PM,U.S. Bank Stadium,Minneapolis,MN,44.974,-93.2581,Indoor,Turf,840.0,2016.0,-6.7,0.0,48.96,68.0,1021.2
2018,12,29,Greg Joseph,cleveland_browns,5.0,3.5,5.0,5.0,0,0,0,0.0,0,0,0,0,0,2018-11-25,1:00PM,Paycor Stadium,Cincinnati,OH,39.0954,-84.516,Outdoor,Turf,482.0,2000.0,13.4,0.0,29.880000000000003,70.0,1011.6
2018,12,30,Josh Lambo,jacksonville_jaguars,3.0,2.3,3.0,3.0,0,0,1,0.0,0,0,0,0,0,2018-11-25,1:00PM,Highmark Stadium,Orchard Park,NY,42.7738,-78.7868,Outdoor,Grass,600.0,1973.0,6.4,0.2,73.8,92.0,1011.2
2018,12,31,Randy Bullock,cincinnati_bengals,2.0,1.6,2.0,2.0,0,0,1,0.0,0,0,0,0,0,2018-11-25,1:00PM,Paycor Stadium,Cincinnati,OH,39.0954,-84.516,Outdoor,Turf,482.0,2000.0,13.4,0.0,29.880000000000003,70.0,1011.6
2018,13,1,Ka'Imi Fairbairn,houston_texans,21.0,38.2,21.0,21.0,53,5,5,100.0,0,0,2,2,1,2018-12-02,1:00PM,NRG Stadium,Houston,TX,29.6847,-95.4107,Indoor,Turf,50.0,2002.0,20.6,0.0,45.36,48.0,1010.4
2018,13,2,Jason Myers,new_york_jets,19.0,36.8,19.0,19.0,54,5,5,100.0,0,0,3,1,1,2018-12-02,4:05PM,Nissan Stadium,Nashville,TN,36.1665,-86.7713,Outdoor,Grass,476.0,1999.0,17.6,0.0,73.8,48.0,1003.8
2018,13,3,Justin Tucker,baltimore_ravens,17.0,34.8,17.0,17.0,47,4,4,100.0,0,1,0,3,0,2018-12-02,1:00PM,Mercedes-Benz Stadium,Atlanta,GA,33.755,-84.4008,Indoor,Turf,1050.0,2017.0,20.2,0.0,53.28,61.0,1008.6
2018,13,4,Aldrick Rosas,new_york_giants,15.0,32.6,15.0,15.0,57,3,3,100.0,0,0,1,1,1,2018-12-02,1:00PM,MetLife Stadium,East Rutherford,NJ,40.8136,-74.0744,Outdoor,Turf,3.0,2010.0,14.0,0.2,45.36,97.0,1005.0
2018,13,5,Greg Zuerlein,los_angeles_rams,14.0,32.0,14.0,14.0,48,3,3,100.0,0,1,0,2,0,2018-12-02,1:00PM,Ford Field,Detroit,MI,42.34,-83.0456,Indoor,Turf,600.0,2002.0,12.5,0.0,92.52,78.0,996.1
2018,13,6,Harrison Butker,kansas_city_chiefs,12.0,29.9,12.0,12.0,50,2,2,100.0,0,1,0,0,1,2018-12-02,4:05PM,Allegiant Stadium,Las Vegas,NV,36.0908,-115.183,Indoor,Turf,2001.0,2020.0,10.2,0.0,50.4,27.0,1016.5
2018,13,7,Daniel Carlson,minnesota_vikings,12.0,29.8,12.0,12.0,50,2,2,100.0,0,0,0,1,1,2018-12-02,4:25PM,Gillette Stadium,Foxborough,MA,42.0909,-71.2643,Outdoor,Turf,289.0,2002.0,13.0,0.9,70.2,100.0,1004.4
2018,13,8,Matt Prater,detroit_lions,10.0,29.3,10.0,10.0,35,3,3,100.0,0,2,1,0,0,2018-12-02,1:00PM,Ford Field,Detroit,MI,42.34,-83.0456,Indoor,Turf,600.0,2002.0,12.5,0.0,92.52,78.0,996.1
2018,13,9,Zane Gonzalez,arizona_cardinals,10.0,28.4,10.0,10.0,44,2,2,100.0,0,0,0,2,0,2018-12-02,1:00PM,Lambeau Field,Green Bay,WI,44.5013,-88.0622,Outdoor,Grass,640.0,1957.0,0.9,0.5,86.76,92.0,998.2
2018,13,10,Zane Gonzalez,cleveland_browns,10.0,28.4,10.0,10.0,44,2,2,100.0,0,0,0,2,0,2018-12-02,1:00PM,NRG Stadium,Houston,TX,29.6847,-95.4107,Indoor,Turf,50.0,2002.0,20.6,0.0,45.36,48.0,1010.4
2018,13,11,Jake Elliott,philadelphia_eagles,10.0,28.4,10.0,10.0,46,2,2,100.0,0,0,0,2,0,2018-12-03,8:15PM,Lincoln Financial Field,Philadelphia,PA,39.9008,-75.1675,Outdoor,Grass,30.0,2003.0,9.2,0.0,51.48,55.0,1008.9
2018,13,12,Cody Parkey,chicago_bears,9.0,27.8,9.0,9.0,36,2,2,100.0,0,1,1,0,0,2018-12-02,1:00PM,MetLife Stadium,East Rutherford,NJ,40.8136,-74.0744,Outdoor,Turf,3.0,2010.0,14.0,0.2,45.36,97.0,1005.0
2018,13,13,Dustin Hopkins,unknown,9.0,27.7,9.0,9.0,47,2,2,100.0,0,0,0,2,0,,,,,,,,,,,,,,,,
2018,13,14,Ryan Succop,tennessee_titans,8.0,27.1,8.0,8.0,33,2,2,100.0,0,1,1,0,0,2018-12-02,4:05PM,Nissan Stadium,Nashville,TN,36.1665,-86.7713,Outdoor,Grass,476.0,1999.0,17.6,0.0,73.8,48.0,1003.8
2018,13,15,Brett Maher,dallas_cowboys,8.0,27.1,8.0,8.0,46,2,2,100.0,0,1,0,1,0,2018-11-29,8:20PM,AT&T Stadium,Arlington,TX,32.7473,-97.0945,Indoor,Turf,639.0,2009.0,19.6,0.0,80.28,79.0,1007.4
2018,13,16,Sebastian Janikowski,seattle_seahawks,8.0,26.3,8.0,8.0,40,1,1,100.0,0,0,0,1,0,2018-12-02,4:25PM,Lumen Field,Seattle,WA,47.5952,-122.3316,Outdoor,Turf,20.0,2002.0,7.0,0.0,3.6,81.0,1021.7
2018,13,17,Chris Boswell,pittsburgh_steelers,7.0,25.6,7.0,7.0,48,1,1,100.0,0,0,0,1,0,2018-12-02,8:20PM,Acrisure Stadium,Pittsburgh,PA,40.4468,-80.0158,Outdoor,Grass,730.0,2001.0,11.9,0.0,51.84,73.0,999.3
2018,13,18,Josh Lambo,jacksonville_jaguars,6.0,25.6,6.0,6.0,37,2,2,100.0,0,0,2,0,0,2018-12-02,1:00PM,TIAA Bank Field,Jacksonville,FL,30.3239,-81.6373,Outdoor,Grass,16.0,1995.0,25.8,0.0,103.32,77.0,1012.1
2018,13,19,Cairo Santos,los_angeles_rams,6.0,24.9,6.0,6.0,35,1,1,100.0,0,0,1,0,0,2018-12-02,1:00PM,Ford Field,Detroit,MI,42.34,-83.0456,Indoor,Turf,600.0,2002.0,12.5,0.0,92.52,78.0,996.1
2018,13,20,Cairo Santos,tampa_bay_buccaneers,6.0,24.9,6.0,6.0,35,1,1,100.0,0,0,1,0,0,2018-12-02,1:00PM,Raymond James Stadium,Tampa,FL,27.9759,-82.5033,Outdoor,Grass,26.0,1998.0,27.0,0.0,103.32,78.0,1014.4
2018,13,21,Robbie Gould,san_francisco_49ers,5.0,24.2,5.0,5.0,45,1,1,100.0,0,0,0,1,0,2018-12-02,4:25PM,Lumen Field,Seattle,WA,47.5952,-122.3316,Outdoor,Turf,20.0,2002.0,7.0,0.0,3.6,81.0,1021.7
2018,13,22,Matt Bryant,atlanta_falcons,5.0,24.2,5.0,5.0,44,1,1,100.0,0,0,0,1,0,2018-12-02,1:00PM,Mercedes-Benz Stadium,Atlanta,GA,33.755,-84.4008,Indoor,Turf,1050.0,2017.0,20.2,0.0,53.28,61.0,1008.6
2018,13,23,Graham Gano,carolina_panthers,5.0,24.2,5.0,5.0,37,1,1,100.0,0,0,1,0,0,2018-12-02,1:00PM,Raymond James Stadium,Tampa,FL,27.9759,-82.5033,Outdoor,Grass,26.0,1998.0,27.0,0.0,103.32,78.0,1014.4
2018,13,24,Randy Bullock,cincinnati_bengals,4.0,23.5,4.0,4.0,35,1,1,100.0,0,0,1,0,0,2018-12-02,1:00PM,Paycor Stadium,Cincinnati,OH,39.0954,-84.516,Outdoor,Turf,482.0,2000.0,17.1,0.0,86.4,53.0,998.2
2018,13,25,Wil Lutz,new_orleans_saints,4.0,23.5,4.0,4.0,33,1,1,100.0,0,0,1,0,0,2018-11-29,8:20PM,AT&T Stadium,Arlington,TX,32.7473,-97.0945,Indoor,Turf,639.0,2009.0,19.6,0.0,80.28,79.0,1007.4
2018,13,26,Brandon Mcmanus,denver_broncos,6.0,15.2,6.0,6.0,29,1,2,50.0,0,1,0,0,0,2018-12-02,1:00PM,Paycor Stadium,Cincinnati,OH,39.0954,-84.516,Outdoor,Turf,482.0,2000.0,17.1,0.0,86.4,53.0,998.2
2018,13,27,Stephen Gostkowski,new_england_patriots,6.0,15.2,6.0,6.0,20,1,2,50.0,0,1,0,0,0,2018-12-02,4:25PM,Gillette Stadium,Foxborough,MA,42.0909,-71.2643,Outdoor,Turf,289.0,2002.0,13.0,0.9,70.2,100.0,1004.4
2018,13,28,Michael Badgley,unknown,5.0,14.5,5.0,5.0,29,1,2,50.0,0,1,0,0,0,,,,,,,,,,,,,,,,
2018,13,29,Mason Crosby,green_bay_packers,5.0,14.4,5.0,5.0,32,1,2,50.0,0,0,1,0,0,2018-12-02,1:00PM,Lambeau Field,Green Bay,WI,44.5013,-88.0622,Outdoor,Grass,640.0,1957.0,0.9,0.5,86.76,92.0,998.2
2018,13,30,Dan Bailey,minnesota_vikings,4.0,13.7,4.0,4.0,39,1,2,50.0,0,0,1,0,0,2018-12-02,4:25PM,Gillette Stadium,Foxborough,MA,42.0909,-71.2643,Outdoor,Turf,289.0,2002.0,13.0,0.9,70.2,100.0,1004.4
2018,13,31,Stephen Hauschka,unknown,3.0,13.0,3.0,3.0,32,1,2,50.0,0,0,1,0,0,,,,,,,,,,,,,,,,
2018,13,32,Jason Sanders,miami_dolphins,3.0,2.1,3.0,3.0,0,0,0,0.0,0,0,0,0,0,2018-12-02,1:00PM,Hard Rock Stadium,Miami Gardens,FL,25.958,-80.238,Outdoor,Grass,7.0,1987.0,29.5,0.1,71.28,63.0,1016.3
2018,13,33,Greg Joseph,cleveland_browns,1.0,0.7,1.0,1.0,0,0,0,0.0,0,0,0,0,0,2018-12-02,1:00PM,NRG Stadium,Houston,TX,29.6847,-95.4107,Indoor,Turf,50.0,2002.0,20.6,0.0,45.36,48.0,1010.4
2018,13,34,Adam Vinatieri,indianapolis_colts,0.0,0.0,0.0,0.0,0,0,0,0.0,0,0,0,0,0,2018-12-02,1:00PM,TIAA Bank Field,Jacksonville,FL,30.3239,-81.6373,Outdoor,Grass,16.0,1995.0,25.8,0.0,103.32,77.0,1012.1
2018,14,1,Michael Badgley,unknown,17.0,34.7,17.0,17.0,59,4,4,100.0,0,0,2,1,1,,,,,,,,,,,,,,,,
2018,14,2,Mason Crosby,green_bay_packers,13.0,30.5,13.0,13.0,50,2,2,100.0,0,0,0,1,1,2018-12-09,1:00PM,Lambeau Field,Green Bay,WI,44.5013,-88.0622,Outdoor,Grass,640.0,1957.0,-3.7,0.0,51.48,76.0,1028.4
2018,14,3,Randy Bullock,cincinnati_bengals,11.0,29.9,11.0,11.0,47,3,3,100.0,0,1,0,2,0,2018-12-09,4:05PM,SoFi Stadium,Inglewood,CA,33.9535,-118.3392,Outdoor,Turf,100.0,2020.0,15.2,0.0,71.28,78.0,1022.5
2018,14,4,Aldrick Rosas,new_york_giants,10.0,28.5,10.0,10.0,35,2,2,100.0,0,1,1,0,0,2018-12-09,1:00PM,FedExField,Landover,MD,38.9078,-76.8645,Outdoor,Grass,300.0,1997.0,0.7,0.0,27.72,61.0,1028.9
2018,14,5,Jason Myers,new_york_jets,10.0,28.5,10.0,10.0,47,2,2,100.0,0,1,0,1,0,2018-12-09,1:00PM,Highmark Stadium,Orchard Park,NY,42.7738,-78.7868,Outdoor,Grass,600.0,1973.0,-1.1,0.0,57.96000000000001,59.0,1027.3
2018,14,6,Greg Joseph,cleveland_browns,10.0,28.4,10.0,10.0,49,2,2,100.0,0,0,0,2,0,2018-12-09,1:00PM,FirstEnergy Stadium,Cleveland,OH,41.5061,-81.6995,Outdoor,Grass,577.0,1999.0,-2.0,0.0,9.0,56.0,1029.0
2018,14,7,Robbie Gould,san_francisco_49ers,9.0,27.8,9.0,9.0,40,2,2,100.0,0,1,0,1,0,2018-12-09,4:05PM,Levi's Stadium,Santa Clara,CA,37.403,-121.9692,Outdoor,Grass,13.0,2014.0,13.6,0.0,28.08,73.0,1025.7
2018,14,8,Wil Lutz,new_orleans_saints,8.0,27.0,8.0,8.0,36,2,2,100.0,0,0,2,0,0,2018-12-09,1:00PM,Raymond James Stadium,Tampa,FL,27.9759,-82.5033,Outdoor,Grass,26.0,1998.0,19.1,10.8,64.08,92.0,1013.9
2018,14,9,Chandler Catanzaro,carolina_panthers,8.0,27.0,8.0,8.0,34,2,2,100.0,0,0,2,0,0,2018-12-09,1:00PM,FirstEnergy Stadium,Cleveland,OH,41.5061,-81.6995,Outdoor,Grass,577.0,1999.0,-2.0,0.0,9.0,56.0,1029.0
2018,14,10,Chandler Catanzaro,tampa_bay_buccaneers,8.0,27.0,8.0,8.0,34,2,2,100.0,0,0,2,0,0,2018-12-09,1:00PM,Raymond James Stadium,Tampa,FL,27.9759,-82.5033,Outdoor,Grass,26.0,1998.0,19.1,10.8,64.08,92.0,1013.9
2018,14,11,Brett Maher,dallas_cowboys,13.0,26.6,13.0,13.0,62,3,4,75.0,0,2,0,0,1,2018-12-09,4:25PM,AT&T Stadium,Arlington,TX,32.7473,-97.0945,Indoor,Turf,639.0,2009.0,8.8,0.0,56.52,56.0,1026.8
2018,14,12,Adam Vinatieri,indianapolis_colts,8.0,26.3,8.0,8.0,54,1,1,100.0,0,0,0,0,1,2018-12-09,1:00PM,NRG Stadium,Houston,TX,29.6847,-95.4107,Indoor,Turf,50.0,2002.0,10.0,0.0,63.72,68.0,1025.8
2018,14,13,Sebastian Janikowski,seattle_seahawks,7.0,26.3,7.0,7.0,37,2,2,100.0,0,0,2,0,0,2018-12-10,8:15PM,Lumen Field,Seattle,WA,47.5952,-122.3316,Outdoor,Turf,20.0,2002.0,7.1,0.0,58.68000000000001,87.0,1023.6
2018,14,14,Daniel Carlson,minnesota_vikings,7.0,25.6,7.0,7.0,44,1,1,100.0,0,0,0,1,0,2018-12-10,8:15PM,Lumen Field,Seattle,WA,47.5952,-122.3316,Outdoor,Turf,20.0,2002.0,7.1,0.0,58.68000000000001,87.0,1023.6
2018,14,15,Justin Tucker,baltimore_ravens,6.0,25.0,6.0,6.0,28,1,1,100.0,0,1,0,0,0,2018-12-09,1:00PM,GEHA Field at Arrowhead Stadium,Kansas City,MO,39.049,-94.4839,Outdoor,Grass,1020.0,1972.0,0.3,0.0,13.32,46.0,1030.4
2018,14,16,Ryan Succop,tennessee_titans,6.0,24.9,6.0,6.0,33,1,1,100.0,0,0,1,0,0,2018-12-06,8:20PM,Nissan Stadium,Nashville,TN,36.1665,-86.7713,Outdoor,Grass,476.0,1999.0,5.3,0.0,21.6,60.0,1028.6
2018,14,17,Matt Prater,detroit_lions,6.0,24.9,6.0,6.0,47,1,1,100.0,0,0,0,1,0,2018-12-09,4:25PM,State Farm Stadium,Glendale,AZ,33.5275,-112.2625,Indoor,Turf,1070.0,2006.0,18.5,0.0,16.2,47.0,1022.4
2018,14,18,Jake Elliott,philadelphia_eagles,5.0,24.3,5.0,5.0,26,1,1,100.0,0,1,0,0,0,2018-12-09,4:25PM,AT&T Stadium,Arlington,TX,32.7473,-97.0945,Indoor,Turf,639.0,2009.0,8.8,0.0,56.52,56.0,1026.8
2018,14,19,Stephen Hauschka,unknown,11.0,22.3,11.0,11.0,36,3,5,60.0,0,1,2,0,0,,,,,,,,,,,,,,,,
2018,14,20,Stephen Gostkowski,new_england_patriots,9.0,21.34,9.0,9.0,32,2,3,66.7,0,1,1,0,0,2018-12-09,1:00PM,Hard Rock Stadium,Miami Gardens,FL,25.958,-80.238,Outdoor,Grass,7.0,1987.0,27.4,0.3,79.56,74.0,1015.6
2018,14,21,Greg Zuerlein,los_angeles_rams,8.0,20.64,8.0,8.0,50,2,3,66.7,0,1,0,0,1,2018-12-09,8:20PM,Soldier Field,Chicago,IL,41.8623,-87.6167,Outdoor,Grass,595.0,1924.0,-4.3,0.0,39.24,83.0,1028.0
2018,14,22,Cody Parkey,chicago_bears,7.0,19.84,7.0,7.0,39,2,3,66.7,0,0,2,0,0,2018-12-09,8:20PM,Soldier Field,Chicago,IL,41.8623,-87.6167,Outdoor,Grass,595.0,1924.0,-4.3,0.0,39.24,83.0,1028.0
2018,14,23,Harrison Butker,kansas_city_chiefs,9.0,18.2,9.0,9.0,35,2,4,50.0,0,1,1,0,0,2018-12-09,1:00PM,GEHA Field at Arrowhead Stadium,Kansas City,MO,39.049,-94.4839,Outdoor,Grass,1020.0,1972.0,0.3,0.0,13.32,46.0,1030.4
2018,14,24,Zane Gonzalez,arizona_cardinals,3.0,13.1,3.0,3.0,22,1,2,50.0,0,1,0,0,0,2018-12-09,4:25PM,State Farm Stadium,Glendale,AZ,33.5275,-112.2625,Indoor,Turf,1070.0,2006.0,18.5,0.0,16.2,47.0,1022.4
2018,14,25,Zane Gonzalez,cleveland_browns,3.0,13.1,3.0,3.0,22,1,2,50.0,0,1,0,0,0,2018-12-09,1:00PM,FirstEnergy Stadium,Cleveland,OH,41.5061,-81.6995,Outdoor,Grass,577.0,1999.0,-2.0,0.0,9.0,56.0,1029.0
2018,14,26,Jason Sanders,miami_dolphins,4.0,2.8,4.0,4.0,0,0,0,0.0,0,0,0,0,0,2018-12-09,1:00PM,Hard Rock Stadium,Miami Gardens,FL,25.958,-80.238,Outdoor,Grass,7.0,1987.0,27.4,0.3,79.56,74.0,1015.6
2018,14,27,Chris Boswell,pittsburgh_steelers,3.0,2.5,3.0,3.0,0,0,2,0.0,0,0,0,0,0,2018-12-09,4:25PM,Allegiant Stadium,Las Vegas,NV,36.0908,-115.183,Indoor,Turf,2001.0,2020.0,13.6,0.0,8.28,39.0,1026.5
2018,14,28,Ka'Imi Fairbairn,houston_texans,3.0,2.1,3.0,3.0,0,0,0,0.0,0,0,0,0,0,2018-12-09,1:00PM,NRG Stadium,Houston,TX,29.6847,-95.4107,Indoor,Turf,50.0,2002.0,10.0,0.0,63.72,68.0,1025.8
2018,14,29,Cairo Santos,los_angeles_rams,2.0,1.8,2.0,2.0,0,0,2,0.0,0,0,0,0,0,2018-12-09,8:20PM,Soldier Field,Chicago,IL,41.8623,-87.6167,Outdoor,Grass,595.0,1924.0,-4.3,0.0,39.24,83.0,1028.0
2018,14,30,Cairo Santos,tampa_bay_buccaneers,2.0,1.8,2.0,2.0,0,0,2,0.0,0,0,0,0,0,2018-12-09,1:00PM,Raymond James Stadium,Tampa,FL,27.9759,-82.5033,Outdoor,Grass,26.0,1998.0,19.1,10.8,64.08,92.0,1013.9
2018,14,31,Matt Bryant,atlanta_falcons,2.0,1.6,2.0,2.0,0,0,1,0.0,0,0,0,0,0,2018-12-09,1:00PM,Lambeau Field,Green Bay,WI,44.5013,-88.0622,Outdoor,Grass,640.0,1957.0,-3.7,0.0,51.48,76.0,1028.4
2018,14,32,Brandon Mcmanus,denver_broncos,2.0,1.4,2.0,2.0,0,0,0,0.0,0,0,0,0,0,2018-12-09,4:05PM,Levi's Stadium,Santa Clara,CA,37.403,-121.9692,Outdoor,Grass,13.0,2014.0,13.6,0.0,28.08,73.0,1025.7
2018,14,33,Dan Bailey,minnesota_vikings,1.0,0.9,1.0,1.0,0,0,1,0.0,0,0,0,0,0,2018-12-10,8:15PM,Lumen Field,Seattle,WA,47.5952,-122.3316,Outdoor,Turf,20.0,2002.0,7.1,0.0,58.68000000000001,87.0,1023.6
2018,14,34,Josh Lambo,jacksonville_jaguars,1.0,0.7,1.0,1.0,0,0,0,0.0,0,0,0,0,0,2018-12-06,8:20PM,Nissan Stadium,Nashville,TN,36.1665,-86.7713,Outdoor,Grass,476.0,1999.0,5.3,0.0,21.6,60.0,1028.6
2018,14,35,Dustin Hopkins,unknown,0.0,0.0,0.0,0.0,0,0,0,0.0,0,0,0,0,0,,,,,,,,,,,,,,,,
2018,15,1,Ka'Imi Fairbairn,houston_texans,22.0,38.9,22.0,22.0,53,5,5,100.0,0,0,1,3,1,2018-12-15,4:30PM,MetLife Stadium,East Rutherford,NJ,40.8136,-74.0744,Outdoor,Turf,3.0,2010.0,9.2,0.2,69.12,85.0,1018.5
2018,15,2,Robbie Gould,san_francisco_49ers,15.0,33.4,15.0,15.0,45,4,4,100.0,0,1,2,1,0,2018-12-16,4:05PM,Levi's Stadium,Santa Clara,CA,37.403,-121.9692,Outdoor,Grass,13.0,2014.0,15.1,0.6,71.64,79.0,1016.2
2018,15,3,Daniel Carlson,minnesota_vikings,13.0,31.3,13.0,13.0,50,3,3,100.0,0,1,0,1,1,2018-12-16,1:00PM,U.S. Bank Stadium,Minneapolis,MN,44.974,-93.2581,Indoor,Turf,840.0,2016.0,4.0,0.0,25.92,67.0,1020.4
2018,15,4,Adam Vinatieri,indianapolis_colts,13.0,31.3,13.0,13.0,44,3,3,100.0,0,1,0,2,0,2018-12-16,1:00PM,Lucas Oil Stadium,Indianapolis,IN,39.7601,-86.1639,Indoor,Turf,700.0,2008.0,8.2,0.0,37.8,71.0,1019.9
2018,15,5,Randy Bullock,cincinnati_bengals,12.0,30.6,12.0,12.0,38,3,3,100.0,0,1,2,0,0,2018-12-16,1:00PM,Paycor Stadium,Cincinnati,OH,39.0954,-84.516,Outdoor,Turf,482.0,2000.0,8.2,0.0,7.56,76.0,1018.4
2018,15,6,Brandon Mcmanus,denver_broncos,12.0,30.6,12.0,12.0,44,3,3,100.0,0,1,0,2,0,2018-12-15,8:20PM,Empower Field at Mile High,Denver,CO,39.7439,-105.0201,Outdoor,Turf,5280.0,2001.0,-0.3,0.0,37.080000000000005,66.0,1018.7
2018,15,7,Greg Zuerlein,los_angeles_rams,12.0,30.5,12.0,12.0,41,3,3,100.0,0,0,2,1,0,2018-12-16,8:20PM,SoFi Stadium,Inglewood,CA,33.9535,-118.3392,Outdoor,Turf,100.0,2020.0,13.9,0.0,36.36,93.0,1020.3
2018,15,8,Mason Crosby,green_bay_packers,12.0,30.5,12.0,12.0,45,3,3,100.0,0,0,0,3,0,2018-12-16,1:00PM,Soldier Field,Chicago,IL,41.8623,-87.6167,Outdoor,Grass,595.0,1924.0,7.6,0.0,53.28,59.0,1018.1
2018,15,9,Dustin Hopkins,unknown,11.0,29.8,11.0,11.0,46,3,3,100.0,0,0,2,1,0,,,,,,,,,,,,,,,,
2018,15,10,Dan Bailey,minnesota_vikings,11.0,29.1,11.0,11.0,36,2,2,100.0,0,0,2,0,0,2018-12-16,1:00PM,U.S. Bank Stadium,Minneapolis,MN,44.974,-93.2581,Indoor,Turf,840.0,2016.0,4.0,0.0,25.92,67.0,1020.4
2018,15,11,Matt Bryant,atlanta_falcons,10.0,28.5,10.0,10.0,33,2,2,100.0,0,1,1,0,0,2018-12-16,1:00PM,Mercedes-Benz Stadium,Atlanta,GA,33.755,-84.4008,Indoor,Turf,1050.0,2017.0,10.6,0.1,73.8,77.0,1019.9
2018,15,12,Jake Elliott,philadelphia_eagles,15.0,27.8,15.0,15.0,51,3,4,75.0,0,0,1,1,1,2018-12-16,8:20PM,SoFi Stadium,Inglewood,CA,33.9535,-118.3392,Outdoor,Turf,100.0,2020.0,13.9,0.0,36.36,93.0,1020.3
2018,15,13,Justin Tucker,baltimore_ravens,8.0,27.1,8.0,8.0,35,2,2,100.0,0,1,1,0,0,2018-12-16,1:00PM,M&T Bank Stadium,Baltimore,MD,39.2779,-76.6227,Outdoor,Grass,10.0,1998.0,6.3,2.1,66.24,92.0,1010.1
2018,15,14,Kai Forbath,jacksonville_jaguars,8.0,27.0,8.0,8.0,41,2,2,100.0,0,0,1,1,0,2018-12-16,1:00PM,TIAA Bank Field,Jacksonville,FL,30.3239,-81.6373,Outdoor,Grass,16.0,1995.0,16.7,0.0,50.4,64.0,1019.7
2018,15,15,Wil Lutz,new_orleans_saints,7.0,26.4,7.0,7.0,46,2,2,100.0,0,1,0,1,0,2018-12-17,8:15PM,Bank of America Stadium,Charlotte,NC,35.2258,-80.8528,Outdoor,Grass,748.0,1996.0,7.7,0.0,35.28,70.0,1016.5
2018,15,16,Cairo Santos,los_angeles_rams,6.0,25.8,6.0,6.0,28,2,2,100.0,0,2,0,0,0,2018-12-16,8:20PM,SoFi Stadium,Inglewood,CA,33.9535,-118.3392,Outdoor,Turf,100.0,2020.0,13.9,0.0,36.36,93.0,1020.3
2018,15,17,Cairo Santos,tampa_bay_buccaneers,6.0,25.8,6.0,6.0,28,2,2,100.0,0,2,0,0,0,2018-12-16,1:00PM,M&T Bank Stadium,Baltimore,MD,39.2779,-76.6227,Outdoor,Grass,10.0,1998.0,6.3,2.1,66.24,92.0,1010.1
2018,15,18,Cody Parkey,chicago_bears,6.0,25.0,6.0,6.0,24,1,1,100.0,0,1,0,0,0,2018-12-16,1:00PM,Soldier Field,Chicago,IL,41.8623,-87.6167,Outdoor,Grass,595.0,1924.0,7.6,0.0,53.28,59.0,1018.1
2018,15,19,Sebastian Janikowski,seattle_seahawks,6.0,24.9,6.0,6.0,48,1,1,100.0,0,0,0,1,0,2018-12-16,4:05PM,Levi's Stadium,Santa Clara,CA,37.403,-121.9692,Outdoor,Grass,13.0,2014.0,15.1,0.6,71.64,79.0,1016.2
2018,15,20,Greg Joseph,cleveland_browns,6.0,24.9,6.0,6.0,40,1,1,100.0,0,0,0,1,0,2018-12-15,8:20PM,Empower Field at Mile High,Denver,CO,39.7439,-105.0201,Outdoor,Turf,5280.0,2001.0,-0.3,0.0,37.080000000000005,66.0,1018.7
2018,15,21,Jason Sanders,miami_dolphins,5.0,24.3,5.0,5.0,25,1,1,100.0,0,1,0,0,0,2018-12-16,1:00PM,U.S. Bank Stadium,Minneapolis,MN,44.974,-93.2581,Indoor,Turf,840.0,2016.0,4.0,0.0,25.92,67.0,1020.4
2018,15,22,Jason Myers,new_york_jets,4.0,23.6,4.0,4.0,26,1,1,100.0,0,1,0,0,0,2018-12-15,4:30PM,MetLife Stadium,East Rutherford,NJ,40.8136,-74.0744,Outdoor,Turf,3.0,2010.0,9.2,0.2,69.12,85.0,1018.5
2018,15,23,Stephen Gostkowski,new_england_patriots,4.0,23.5,4.0,4.0,33,1,1,100.0,0,0,1,0,0,2018-12-16,4:25PM,Acrisure Stadium,Pittsburgh,PA,40.4468,-80.0158,Outdoor,Grass,730.0,2001.0,5.0,0.0,31.32,86.0,1014.6
2018,15,24,Chris Boswell,pittsburgh_steelers,6.0,15.1,6.0,6.0,48,1,2,50.0,0,0,0,1,0,2018-12-16,4:25PM,Acrisure Stadium,Pittsburgh,PA,40.4468,-80.0158,Outdoor,Grass,730.0,2001.0,5.0,0.0,31.32,86.0,1014.6
2018,15,25,Ryan Succop,tennessee_titans,5.0,14.5,5.0,5.0,22,1,2,50.0,0,1,0,0,0,2018-12-16,1:00PM,MetLife Stadium,East Rutherford,NJ,40.8136,-74.0744,Outdoor,Turf,3.0,2010.0,4.2,1.1,81.72,91.0,1013.6
2018,15,26,Harrison Butker,kansas_city_chiefs,4.0,2.8,4.0,4.0,0,0,0,0.0,0,0,0,0,0,2018-12-13,8:20PM,GEHA Field at Arrowhead Stadium,Kansas City,MO,39.049,-94.4839,Outdoor,Grass,1020.0,1972.0,3.2,0.1,61.2,92.0,1018.5
2018,15,27,Michael Badgley,unknown,3.0,2.1,3.0,3.0,0,0,0,0.0,0,0,0,0,0,,,,,,,,,,,,,,,,
2018,15,28,Stephen Hauschka,unknown,2.0,1.4,2.0,2.0,0,0,0,0.0,0,0,0,0,0,,,,,,,,,,,,,,,,
2018,15,29,Zane Gonzalez,arizona_cardinals,2.0,1.4,2.0,2.0,0,0,0,0.0,0,0,0,0,0,2018-12-16,1:00PM,Mercedes-Benz Stadium,Atlanta,GA,33.755,-84.4008,Indoor,Turf,1050.0,2017.0,10.6,0.1,73.8,77.0,1019.9
2018,15,30,Zane Gonzalez,cleveland_browns,2.0,1.4,2.0,2.0,0,0,0,0.0,0,0,0,0,0,2018-12-15,8:20PM,Empower Field at Mile High,Denver,CO,39.7439,-105.0201,Outdoor,Turf,5280.0,2001.0,-0.3,0.0,37.080000000000005,66.0,1018.7
2018,15,31,Matt Prater,detroit_lions,1.0,0.9,1.0,1.0,0,0,1,0.0,0,0,0,0,0,2018-12-16,1:00PM,Highmark Stadium,Orchard Park,NY,42.7738,-78.7868,Outdoor,Grass,600.0,1973.0,2.2,0.4,26.64,94.0,1016.5
2018,15,32,Chandler Catanzaro,carolina_panthers,1.0,0.7,1.0,1.0,0,0,0,0.0,0,0,0,0,0,2018-12-17,8:15PM,Bank of America Stadium,Charlotte,NC,35.2258,-80.8528,Outdoor,Grass,748.0,1996.0,7.7,0.0,35.28,70.0,1016.5
2018,15,33,Chandler Catanzaro,tampa_bay_buccaneers,1.0,0.7,1.0,1.0,0,0,0,0.0,0,0,0,0,0,2018-12-16,1:00PM,M&T Bank Stadium,Baltimore,MD,39.2779,-76.6227,Outdoor,Grass,10.0,1998.0,6.3,2.1,66.24,92.0,1010.1
2018,15,34,Brett Maher,dallas_cowboys,0.0,0.2,0.0,0.0,0,0,1,0.0,0,0,0,0,0,2018-12-16,1:00PM,Lucas Oil Stadium,Indianapolis,IN,39.7601,-86.1639,Indoor,Turf,700.0,2008.0,8.2,0.0,37.8,71.0,1019.9
2018,15,35,Aldrick Rosas,new_york_giants,0.0,0.0,0.0,0.0,0,0,0,0.0,0,0,0,0,0,2018-12-16,1:00PM,MetLife Stadium,East Rutherford,NJ,40.8136,-74.0744,Outdoor,Turf,3.0,2010.0,4.2,1.1,81.72,91.0,1013.6
2018,16,1,Dustin Hopkins,unknown,14.0,31.9,14.0,14.0,50,3,3,100.0,0,0,0,2,1,,,,,,,,,,,,,,,,
2018,16,2,Mason Crosby,green_bay_packers,13.0,31.3,13.0,13.0,42,3,3,100.0,0,1,1,1,0,2018-12-23,1:00PM,MetLife Stadium,East Rutherford,NJ,40.8136,-74.0744,Outdoor,Turf,3.0,2010.0,4.9,0.0,48.6,51.0,1020.0
2018,16,3,Harrison Butker,kansas_city_chiefs,13.0,31.3,13.0,13.0,54,3,3,100.0,0,1,1,0,1,2018-12-23,8:20PM,Lumen Field,Seattle,WA,47.5952,-122.3316,Outdoor,Turf,20.0,2002.0,6.3,0.0,37.080000000000005,92.0,1016.3
2018,16,4,Matt Prater,detroit_lions,11.0,29.8,11.0,11.0,48,3,3,100.0,0,0,1,2,0,2018-12-23,1:00PM,Ford Field,Detroit,MI,42.34,-83.0456,Indoor,Turf,600.0,2002.0,2.6,0.0,42.12,77.0,1017.5
2018,16,5,Brett Maher,dallas_cowboys,11.0,29.2,11.0,11.0,59,2,2,100.0,0,1,0,0,1,2018-12-23,1:00PM,AT&T Stadium,Arlington,TX,32.7473,-97.0945,Indoor,Turf,639.0,2009.0,10.2,0.0,65.88000000000001,55.0,1028.8
2018,16,6,Daniel Carlson,minnesota_vikings,11.0,29.1,11.0,11.0,45,2,2,100.0,0,0,0,2,0,2018-12-23,1:00PM,Ford Field,Detroit,MI,42.34,-83.0456,Indoor,Turf,600.0,2002.0,2.6,0.0,42.12,77.0,1017.5
2018,16,7,Aldrick Rosas,new_york_giants,10.0,28.5,10.0,10.0,40,2,2,100.0,0,1,0,1,0,2018-12-23,1:00PM,Lucas Oil Stadium,Indianapolis,IN,39.7601,-86.1639,Indoor,Turf,700.0,2008.0,0.9,0.0,31.32,81.0,1021.3
2018,16,8,Robbie Gould,san_francisco_49ers,9.0,28.5,9.0,9.0,33,3,3,100.0,0,1,2,0,0,2018-12-23,4:05PM,Levi's Stadium,Santa Clara,CA,37.403,-121.9692,Outdoor,Grass,13.0,2014.0,14.3,0.0,36.0,66.0,1024.0
2018,16,9,Dan Bailey,minnesota_vikings,9.0,27.9,9.0,9.0,29,2,2,100.0,0,2,0,0,0,2018-12-23,1:00PM,Ford Field,Detroit,MI,42.34,-83.0456,Indoor,Turf,600.0,2002.0,2.6,0.0,42.12,77.0,1017.5
2018,16,10,Chris Boswell,pittsburgh_steelers,9.0,27.7,9.0,9.0,49,2,2,100.0,0,0,1,1,0,2018-12-23,4:25PM,Caesars Superdome,New Orleans,LA,29.9509,-90.0815,Indoor,Turf,3.0,1975.0,18.1,0.1,9.36,92.0,1021.6
2018,16,11,Jake Elliott,philadelphia_eagles,9.0,27.7,9.0,9.0,47,2,2,100.0,0,0,1,1,0,2018-12-23,1:00PM,Lincoln Financial Field,Philadelphia,PA,39.9008,-75.1675,Outdoor,Grass,30.0,2003.0,6.2,0.0,33.480000000000004,52.0,1020.9
2018,16,12,Ryan Succop,tennessee_titans,8.0,27.0,8.0,8.0,42,2,2,100.0,0,0,1,1,0,2018-12-22,4:30PM,Nissan Stadium,Nashville,TN,36.1665,-86.7713,Outdoor,Grass,476.0,1999.0,7.7,0.0,27.72,77.0,1018.3
2018,16,13,Greg Joseph,cleveland_browns,8.0,27.0,8.0,8.0,37,2,2,100.0,0,0,2,0,0,2018-12-23,1:00PM,FirstEnergy Stadium,Cleveland,OH,41.5061,-81.6995,Outdoor,Grass,577.0,1999.0,4.3,0.0,52.92,74.0,1018.1
2018,16,14,Stephen Gostkowski,new_england_patriots,6.0,25.0,6.0,6.0,24,1,1,100.0,0,1,0,0,0,2018-12-23,1:00PM,Gillette Stadium,Foxborough,MA,42.0909,-71.2643,Outdoor,Turf,289.0,2002.0,2.7,0.0,55.440000000000005,48.0,1017.9
2018,16,15,Ka'Imi Fairbairn,houston_texans,6.0,24.9,6.0,6.0,30,1,1,100.0,0,0,1,0,0,2018-12-23,1:00PM,Lincoln Financial Field,Philadelphia,PA,39.9008,-75.1675,Outdoor,Grass,30.0,2003.0,6.2,0.0,33.480000000000004,52.0,1020.9
2018,16,16,Randy Bullock,cincinnati_bengals,6.0,24.9,6.0,6.0,51,1,1,100.0,0,0,0,0,1,2018-12-23,1:00PM,FirstEnergy Stadium,Cleveland,OH,41.5061,-81.6995,Outdoor,Grass,577.0,1999.0,4.3,0.0,52.92,74.0,1018.1
2018,16,17,Chandler Catanzaro,carolina_panthers,6.0,24.9,6.0,6.0,50,1,1,100.0,0,0,0,0,1,2018-12-23,1:00PM,Bank of America Stadium,Charlotte,NC,35.2258,-80.8528,Outdoor,Grass,748.0,1996.0,8.8,0.0,19.8,65.0,1021.3
2018,16,18,Chandler Catanzaro,tampa_bay_buccaneers,6.0,24.9,6.0,6.0,50,1,1,100.0,0,0,0,0,1,2018-12-23,1:00PM,AT&T Stadium,Arlington,TX,32.7473,-97.0945,Indoor,Turf,639.0,2009.0,10.2,0.0,65.88000000000001,55.0,1028.8
2018,16,19,Matt Bryant,atlanta_falcons,6.0,24.9,6.0,6.0,39,1,1,100.0,0,0,1,0,0,2018-12-23,1:00PM,Bank of America Stadium,Charlotte,NC,35.2258,-80.8528,Outdoor,Grass,748.0,1996.0,8.8,0.0,19.8,65.0,1021.3
2018,16,20,Michael Badgley,unknown,4.0,23.5,4.0,4.0,38,1,1,100.0,0,0,1,0,0,,,,,,,,,,,,,,,,
2018,16,21,Justin Tucker,baltimore_ravens,12.0,23.0,12.0,12.0,56,3,5,60.0,0,1,1,0,1,2018-12-22,8:20PM,SoFi Stadium,Inglewood,CA,33.9535,-118.3392,Outdoor,Turf,100.0,2020.0,13.8,0.0,10.44,92.0,1017.6
2018,16,22,Cairo Santos,los_angeles_rams,9.0,21.24,9.0,9.0,45,2,3,66.7,0,0,1,1,0,2018-12-23,4:05PM,State Farm Stadium,Glendale,AZ,33.5275,-112.2625,Indoor,Turf,1070.0,2006.0,21.4,0.0,5.4,23.0,1017.4
2018,16,23,Cairo Santos,tampa_bay_buccaneers,9.0,21.24,9.0,9.0,45,2,3,66.7,0,0,1,1,0,2018-12-23,1:00PM,AT&T Stadium,Arlington,TX,32.7473,-97.0945,Indoor,Turf,639.0,2009.0,10.2,0.0,65.88000000000001,55.0,1028.8
2018,16,24,Stephen Hauschka,unknown,7.0,19.84,7.0,7.0,41,2,3,66.7,0,0,1,1,0,,,,,,,,,,,,,,,,
2018,16,25,Sebastian Janikowski,seattle_seahawks,8.0,16.6,8.0,8.0,28,1,2,50.0,0,1,0,0,0,2018-12-23,8:20PM,Lumen Field,Seattle,WA,47.5952,-122.3316,Outdoor,Turf,20.0,2002.0,6.3,0.0,37.080000000000005,92.0,1016.3
2018,16,26,Wil Lutz,new_orleans_saints,8.0,16.5,8.0,8.0,43,1,2,50.0,0,0,0,1,0,2018-12-23,4:25PM,Caesars Superdome,New Orleans,LA,29.9509,-90.0815,Indoor,Turf,3.0,1975.0,18.1,0.1,9.36,92.0,1021.6
2018,16,27,Jason Myers,new_york_jets,8.0,16.5,8.0,8.0,33,1,2,50.0,0,0,1,0,0,2018-12-23,1:00PM,MetLife Stadium,East Rutherford,NJ,40.8136,-74.0744,Outdoor,Turf,3.0,2010.0,4.9,0.0,48.6,51.0,1020.0
2018,16,28,Greg Zuerlein,los_angeles_rams,7.0,15.9,7.0,7.0,21,1,2,50.0,0,1,0,0,0,2018-12-23,4:05PM,State Farm Stadium,Glendale,AZ,33.5275,-112.2625,Indoor,Turf,1070.0,2006.0,21.4,0.0,5.4,23.0,1017.4
2018,16,29,Kai Forbath,jacksonville_jaguars,5.0,14.5,5.0,5.0,26,1,2,50.0,0,1,0,0,0,2018-12-23,1:00PM,Hard Rock Stadium,Miami Gardens,FL,25.958,-80.238,Outdoor,Grass,7.0,1987.0,20.5,0.0,30.24,59.0,1023.7
2018,16,30,Zane Gonzalez,arizona_cardinals,3.0,13.0,3.0,3.0,36,1,2,50.0,0,0,1,0,0,2018-12-23,4:05PM,State Farm Stadium,Glendale,AZ,33.5275,-112.2625,Indoor,Turf,1070.0,2006.0,21.4,0.0,5.4,23.0,1017.4
2018,16,31,Zane Gonzalez,cleveland_browns,3.0,13.0,3.0,3.0,36,1,2,50.0,0,0,1,0,0,2018-12-23,1:00PM,FirstEnergy Stadium,Cleveland,OH,41.5061,-81.6995,Outdoor,Grass,577.0,1999.0,4.3,0.0,52.92,74.0,1018.1
2018,16,32,Adam Vinatieri,indianapolis_colts,4.0,2.8,4.0,4.0,0,0,0,0.0,0,0,0,0,0,2018-12-23,1:00PM,Lucas Oil Stadium,Indianapolis,IN,39.7601,-86.1639,Indoor,Turf,700.0,2008.0,0.9,0.0,31.32,81.0,1021.3
2018,16,33,Brandon Mcmanus,denver_broncos,2.0,1.6,2.0,2.0,0,0,1,0.0,0,0,0,0,0,2018-12-24,8:15PM,Allegiant Stadium,Las Vegas,NV,36.0908,-115.183,Indoor,Turf,2001.0,2020.0,11.5,0.0,5.4,29.0,1011.2
2018,16,34,Cody Parkey,chicago_bears,2.0,1.6,2.0,2.0,0,0,1,0.0,0,0,0,0,0,2018-12-23,4:05PM,Levi's Stadium,Santa Clara,CA,37.403,-121.9692,Outdoor,Grass,13.0,2014.0,14.3,0.0,36.0,66.0,1024.0
2018,16,35,Jason Sanders,miami_dolphins,1.0,0.9,1.0,1.0,0,0,1,0.0,0,0,0,0,0,2018-12-23,1:00PM,Hard Rock Stadium,Miami Gardens,FL,25.958,-80.238,Outdoor,Grass,7.0,1987.0,20.5,0.0,30.24,59.0,1023.7
2018,17,1,Justin Tucker,baltimore_ravens,15.0,33.4,15.0,15.0,44,4,4,100.0,0,1,2,1,0,2018-12-30,4:25PM,M&T Bank Stadium,Baltimore,MD,39.2779,-76.6227,Outdoor,Grass,10.0,1998.0,8.3,0.0,16.92,61.0,1021.8
2018,17,2,Zane Gonzalez,arizona_cardinals,14.0,31.9,14.0,14.0,55,3,3,100.0,0,0,1,0,2,2018-12-30,4:25PM,Lumen Field,Seattle,WA,47.5952,-122.3316,Outdoor,Turf,20.0,2002.0,6.4,0.6,31.680000000000003,83.0,1023.2
2018,17,3,Zane Gonzalez,cleveland_browns,14.0,31.9,14.0,14.0,55,3,3,100.0,0,0,1,0,2,2018-12-30,4:25PM,M&T Bank Stadium,Baltimore,MD,39.2779,-76.6227,Outdoor,Grass,10.0,1998.0,8.3,0.0,16.92,61.0,1021.8
2018,17,4,Greg Zuerlein,los_angeles_rams,14.0,31.3,14.0,14.0,51,2,2,100.0,0,1,0,0,1,2018-12-30,4:25PM,SoFi Stadium,Inglewood,CA,33.9535,-118.3392,Outdoor,Turf,100.0,2020.0,15.1,0.0,30.24,54.0,1014.4
2018,17,5,Matt Mccrane,arizona_cardinals,11.0,29.8,11.0,11.0,47,3,3,100.0,0,0,2,1,0,2018-12-30,4:25PM,Lumen Field,Seattle,WA,47.5952,-122.3316,Outdoor,Turf,20.0,2002.0,6.4,0.6,31.680000000000003,83.0,1023.2
2018,17,6,Matt Mccrane,pittsburgh_steelers,11.0,29.8,11.0,11.0,47,3,3,100.0,0,0,2,1,0,2018-12-30,4:25PM,Acrisure Stadium,Pittsburgh,PA,40.4468,-80.0158,Outdoor,Grass,730.0,2001.0,6.9,0.0,43.56,55.0,1020.7
2018,17,7,Matt Prater,detroit_lions,12.3,29.31,12.3,12.3,43,1,1,100.0,0,0,0,1,0,2018-12-30,1:00PM,Lambeau Field,Green Bay,WI,44.5013,-88.0622,Outdoor,Grass,640.0,1957.0,-2.6,0.0,66.96000000000001,49.0,1013.5
2018,17,8,Adam Vinatieri,indianapolis_colts,11.0,29.2,11.0,11.0,53,2,2,100.0,0,1,0,0,1,2018-12-30,8:20PM,Nissan Stadium,Nashville,TN,36.1665,-86.7713,Outdoor,Grass,476.0,1999.0,9.3,0.0,22.68,85.0,1019.0
2018,17,9,Chandler Catanzaro,carolina_panthers,11.0,29.2,11.0,11.0,51,2,2,100.0,0,1,0,0,1,2018-12-30,1:00PM,Caesars Superdome,New Orleans,LA,29.9509,-90.0815,Indoor,Turf,3.0,1975.0,21.0,0.2,41.76,95.0,1017.1
2018,17,10,Chandler Catanzaro,tampa_bay_buccaneers,11.0,29.2,11.0,11.0,51,2,2,100.0,0,1,0,0,1,2018-12-30,1:00PM,Raymond James Stadium,Tampa,FL,27.9759,-82.5033,Outdoor,Grass,26.0,1998.0,24.0,0.0,26.28,82.0,1021.5
2018,17,11,Matt Bryant,atlanta_falcons,11.0,29.1,11.0,11.0,49,2,2,100.0,0,0,1,1,0,2018-12-30,1:00PM,Raymond James Stadium,Tampa,FL,27.9759,-82.5033,Outdoor,Grass,26.0,1998.0,24.0,0.0,26.28,82.0,1021.5
2018,17,12,Sebastian Janikowski,seattle_seahawks,10.0,28.4,10.0,10.0,42,2,2,100.0,0,0,1,1,0,2018-12-30,4:25PM,Lumen Field,Seattle,WA,47.5952,-122.3316,Outdoor,Turf,20.0,2002.0,6.4,0.6,31.680000000000003,83.0,1023.2
2018,17,13,Aldrick Rosas,new_york_giants,10.0,28.4,10.0,10.0,48,2,2,100.0,0,0,1,1,0,2018-12-30,1:00PM,MetLife Stadium,East Rutherford,NJ,40.8136,-74.0744,Outdoor,Turf,3.0,2010.0,3.4,0.0,19.8,66.0,1022.4
2018,17,14,Cairo Santos,los_angeles_rams,9.0,27.7,9.0,9.0,45,2,2,100.0,0,0,1,1,0,2018-12-30,4:25PM,SoFi Stadium,Inglewood,CA,33.9535,-118.3392,Outdoor,Turf,100.0,2020.0,15.1,0.0,30.24,54.0,1014.4
2018,17,15,Cairo Santos,tampa_bay_buccaneers,9.0,27.7,9.0,9.0,45,2,2,100.0,0,0,1,1,0,2018-12-30,1:00PM,Raymond James Stadium,Tampa,FL,27.9759,-82.5033,Outdoor,Grass,26.0,1998.0,24.0,0.0,26.28,82.0,1021.5
2018,17,16,Ka'Imi Fairbairn,houston_texans,8.0,27.2,8.0,8.0,24,2,2,100.0,0,2,0,0,0,2018-12-30,1:00PM,NRG Stadium,Houston,TX,29.6847,-95.4107,Indoor,Turf,50.0,2002.0,9.0,1.1,50.4,91.0,1017.2
2018,17,17,Randy Bullock,cincinnati_bengals,8.0,27.0,8.0,8.0,49,2,2,100.0,0,0,1,1,0,2018-12-30,4:25PM,Acrisure Stadium,Pittsburgh,PA,40.4468,-80.0158,Outdoor,Grass,730.0,2001.0,6.9,0.0,43.56,55.0,1020.7
2018,17,18,Stephen Gostkowski,new_england_patriots,8.0,26.3,8.0,8.0,38,1,1,100.0,0,0,1,0,0,2018-12-30,1:00PM,Gillette Stadium,Foxborough,MA,42.0909,-71.2643,Outdoor,Turf,289.0,2002.0,-0.2,0.0,11.88,45.0,1022.0
2018,17,19,Jake Elliott,philadelphia_eagles,6.0,24.9,6.0,6.0,33,1,1,100.0,0,0,1,0,0,2018-12-30,4:25PM,FedExField,Landover,MD,38.9078,-76.8645,Outdoor,Grass,300.0,1997.0,7.4,0.0,15.48,64.0,1022.0
2018,17,20,Robbie Gould,san_francisco_49ers,6.0,24.9,6.0,6.0,30,1,1,100.0,0,0,1,0,0,2018-12-30,4:25PM,SoFi Stadium,Inglewood,CA,33.9535,-118.3392,Outdoor,Turf,100.0,2020.0,15.1,0.0,30.24,54.0,1014.4
2018,17,21,Jason Sanders,miami_dolphins,5.0,24.3,5.0,5.0,29,1,1,100.0,0,1,0,0,0,2018-12-30,1:00PM,Highmark Stadium,Orchard Park,NY,42.7738,-78.7868,Outdoor,Grass,600.0,1973.0,1.4,0.0,86.76,73.0,1019.8
2018,17,22,Ryan Succop,tennessee_titans,5.0,24.2,5.0,5.0,38,1,1,100.0,0,0,1,0,0,2018-12-30,8:20PM,Nissan Stadium,Nashville,TN,36.1665,-86.7713,Outdoor,Grass,476.0,1999.0,9.3,0.0,22.68,85.0,1019.0
2018,17,23,Daniel Carlson,minnesota_vikings,5.0,24.2,5.0,5.0,50,1,1,100.0,0,0,0,0,1,2018-12-30,4:25PM,U.S. Bank Stadium,Minneapolis,MN,44.974,-93.2581,Indoor,Turf,840.0,2016.0,1.3,0.0,22.68,60.0,1007.0
2018,17,24,Dan Bailey,minnesota_vikings,5.0,24.2,5.0,5.0,45,1,1,100.0,0,0,0,1,0,2018-12-30,4:25PM,U.S. Bank Stadium,Minneapolis,MN,44.974,-93.2581,Indoor,Turf,840.0,2016.0,1.3,0.0,22.68,60.0,1007.0
2018,17,25,Cody Parkey,chicago_bears,5.0,24.2,5.0,5.0,42,1,1,100.0,0,0,0,1,0,2018-12-30,4:25PM,U.S. Bank Stadium,Minneapolis,MN,44.974,-93.2581,Indoor,Turf,840.0,2016.0,1.3,0.0,22.68,60.0,1007.0
2018,17,26,Jason Myers,new_york_jets,4.0,23.5,4.0,4.0,40,1,1,100.0,0,0,0,1,0,2018-12-30,1:00PM,Gillette Stadium,Foxborough,MA,42.0909,-71.2643,Outdoor,Turf,289.0,2002.0,-0.2,0.0,11.88,45.0,1022.0
2018,17,27,Brandon Mcmanus,denver_broncos,3.0,22.9,3.0,3.0,28,1,1,100.0,0,1,0,0,0,2018-12-30,4:25PM,Empower Field at Mile High,Denver,CO,39.7439,-105.0201,Outdoor,Turf,5280.0,2001.0,6.6,0.0,70.56,29.0,999.1
2018,17,28,Kai Forbath,jacksonville_jaguars,3.0,22.9,3.0,3.0,25,1,1,100.0,0,1,0,0,0,2018-12-30,1:00PM,NRG Stadium,Houston,TX,29.6847,-95.4107,Indoor,Turf,50.0,2002.0,9.0,1.1,50.4,91.0,1017.2
2018,17,29,Greg Joseph,cleveland_browns,6.0,15.1,6.0,6.0,35,1,2,50.0,0,0,1,0,0,2018-12-30,4:25PM,M&T Bank Stadium,Baltimore,MD,39.2779,-76.6227,Outdoor,Grass,10.0,1998.0,8.3,0.0,16.92,61.0,1021.8
2018,17,30,Stephen Hauschka,unknown,6.0,4.4,6.0,6.0,0,0,1,0.0,0,0,0,0,0,,,,,,,,,,,,,,,,
2018,17,31,Harrison Butker,kansas_city_chiefs,5.0,3.5,5.0,5.0,0,0,0,0.0,0,0,0,0,0,2018-12-30,4:25PM,GEHA Field at Arrowhead Stadium,Kansas City,MO,39.049,-94.4839,Outdoor,Grass,1020.0,1972.0,7.0,0.0,55.080000000000005,41.0,1013.0
2018,17,32,Brett Maher,dallas_cowboys,4.0,3.0,4.0,4.0,0,0,1,0.0,0,0,0,0,0,2018-12-30,1:00PM,MetLife Stadium,East Rutherford,NJ,40.8136,-74.0744,Outdoor,Turf,3.0,2010.0,3.4,0.0,19.8,66.0,1022.4
2018,17,33,Michael Badgley,unknown,3.0,2.1,3.0,3.0,0,0,0,0.0,0,0,0,0,0,,,,,,,,,,,,,,,,
2018,17,34,Wil Lutz,new_orleans_saints,2.0,1.4,2.0,2.0,0,0,0,0.0,0,0,0,0,0,2018-12-30,1:00PM,Caesars Superdome,New Orleans,LA,29.9509,-90.0815,Indoor,Turf,3.0,1975.0,21.0,0.2,41.76,95.0,1017.1
2018,17,35,Mason Crosby,green_bay_packers,0.0,0.0,0.0,0.0,0,0,0,0.0,0,0,0,0,0,2018-12-30,1:00PM,Lambeau Field,Green Bay,WI,44.5013,-88.0622,Outdoor,Grass,640.0,1957.0,-2.6,0.0,66.96000000000001,49.0,1013.5
2018,17,36,Dustin Hopkins,unknown,0.0,0.0,0.0,0.0,0,0,0,0.0,0,0,0,0,0,,,,,,,,,,,,,,,,
2019,1,1,Harrison Butker,kansas_city_chiefs,17.0,34.9,17.0,17.0,46,4,4,100.0,0,2,1,1,0,2019-09-08,1:00PM,TIAA Bank Field,Jacksonville,FL,30.3239,-81.6373,Outdoor,Grass,16.0,1995.0,32.5,0.0,25.2,56.0,1016.3
2019,1,2,Stephen Gostkowski,new_england_patriots,16.0,34.1,16.0,16.0,41,4,4,100.0,0,1,2,1,0,2019-09-08,8:20PM,Gillette Stadium,Foxborough,MA,42.0909,-71.2643,Outdoor,Turf,289.0,2002.0,17.6,0.0,34.92,66.0,1019.2
2019,1,3,Zane Gonzalez,arizona_cardinals,14.0,32.8,14.0,14.0,42,4,4,100.0,0,2,1,1,0,2019-09-08,4:25PM,State Farm Stadium,Glendale,AZ,33.5275,-112.2625,Indoor,Turf,1070.0,2006.0,37.9,0.0,76.32,23.0,1003.1
2019,1,4,Cairo Santos,tennessee_titans,13.0,30.5,13.0,13.0,53,2,2,100.0,0,0,1,0,1,2019-09-08,1:00PM,FirstEnergy Stadium,Cleveland,OH,41.5061,-81.6995,Outdoor,Grass,577.0,1999.0,20.2,0.0,65.16000000000001,64.0,1019.4
2019,1,5,Matt Prater,detroit_lions,11.0,29.1,11.0,11.0,55,2,2,100.0,0,0,1,0,1,2019-09-08,4:25PM,State Farm Stadium,Glendale,AZ,33.5275,-112.2625,Indoor,Turf,1070.0,2006.0,37.9,0.0,76.32,23.0,1003.1
2019,1,6,Dustin Hopkins,unknown,11.0,29.1,11.0,11.0,48,2,2,100.0,0,0,0,2,0,,,,,,,,,,,,,,,,
2019,1,7,Justin Tucker,baltimore_ravens,11.0,28.4,11.0,11.0,34,1,1,100.0,0,0,1,0,0,2019-09-08,1:00PM,Hard Rock Stadium,Miami Gardens,FL,25.958,-80.238,Outdoor,Grass,7.0,1987.0,32.0,0.1,27.36,57.0,1017.3
2019,1,8,Greg Zuerlein,los_angeles_rams,15.0,27.9,15.0,15.0,56,3,4,75.0,0,1,0,1,1,2019-09-08,1:00PM,Bank of America Stadium,Charlotte,NC,35.2258,-80.8528,Outdoor,Grass,748.0,1996.0,30.7,0.0,11.88,49.0,1016.0
2019,1,9,Wil Lutz,new_orleans_saints,15.0,27.8,15.0,15.0,58,3,4,75.0,0,0,1,1,1,2019-09-09,7:10PM,Caesars Superdome,New Orleans,LA,29.9509,-90.0815,Indoor,Turf,3.0,1975.0,30.1,0.0,23.040000000000003,72.0,1016.7
2019,1,10,Josh Lambo,jacksonville_jaguars,8.0,27.1,8.0,8.0,37,2,2,100.0,0,1,1,0,0,2019-09-08,1:00PM,TIAA Bank Field,Jacksonville,FL,30.3239,-81.6373,Outdoor,Grass,16.0,1995.0,32.5,0.0,25.2,56.0,1016.3
2019,1,11,Robbie Gould,san_francisco_49ers,12.0,25.8,12.0,12.0,47,3,4,75.0,0,1,1,1,0,2019-09-08,4:25PM,Raymond James Stadium,Tampa,FL,27.9759,-82.5033,Outdoor,Grass,26.0,1998.0,32.1,0.0,19.44,51.0,1015.1
2019,1,12,Ty Long,los_angeles_chargers,7.0,25.6,7.0,7.0,40,1,1,100.0,0,0,0,1,0,2019-09-08,4:05PM,SoFi Stadium,Inglewood,CA,33.9535,-118.3392,Outdoor,Turf,100.0,2020.0,23.1,0.0,61.2,54.0,1010.1
2019,1,13,Jake Elliott,philadelphia_eagles,6.0,25.0,6.0,6.0,22,1,1,100.0,0,1,0,0,0,2019-09-08,1:00PM,Lincoln Financial Field,Philadelphia,PA,39.9008,-75.1675,Outdoor,Grass,30.0,2003.0,26.2,0.0,34.92,44.0,1017.8
2019,1,14,Daniel Carlson,unknown,6.0,25.0,6.0,6.0,29,1,1,100.0,0,1,0,0,0,,,,,,,,,,,,,,,,
2019,1,15,Jason Sanders,miami_dolphins,6.0,24.9,6.0,6.0,54,1,1,100.0,0,0,0,0,1,2019-09-08,1:00PM,Hard Rock Stadium,Miami Gardens,FL,25.958,-80.238,Outdoor,Grass,7.0,1987.0,32.0,0.1,27.36,57.0,1017.3
2019,1,16,Stephen Hauschka,unknown,6.0,24.9,6.0,6.0,43,1,1,100.0,0,0,0,1,0,,,,,,,,,,,,,,,,
2019,1,17,Brandon Mcmanus,denver_broncos,10.0,24.5,10.0,10.0,39,3,4,75.0,0,2,1,0,0,2019-09-09,10:20PM,Allegiant Stadium,Las Vegas,NV,36.0908,-115.183,Indoor,Turf,2001.0,2020.0,28.9,0.0,86.4,35.0,1003.6
2019,1,18,Aldrick Rosas,new_york_giants,5.0,24.3,5.0,5.0,28,1,1,100.0,0,1,0,0,0,2019-09-08,4:25PM,AT&T Stadium,Arlington,TX,32.7473,-97.0945,Indoor,Turf,639.0,2009.0,36.7,0.0,83.88000000000001,26.0,1011.7
2019,1,19,Matt Gay,tampa_bay_buccaneers,5.0,24.2,5.0,5.0,31,1,1,100.0,0,0,1,0,0,2019-09-08,4:25PM,Raymond James Stadium,Tampa,FL,27.9759,-82.5033,Outdoor,Grass,26.0,1998.0,32.1,0.0,19.44,51.0,1015.1
2019,1,20,Mason Crosby,green_bay_packers,4.0,23.5,4.0,4.0,39,1,1,100.0,0,0,1,0,0,2019-09-05,8:20PM,Soldier Field,Chicago,IL,41.8623,-87.6167,Outdoor,Grass,595.0,1924.0,18.2,0.0,47.52,80.0,1017.4
2019,1,21,Joey Slye,carolina_panthers,12.0,23.34,12.0,12.0,52,2,3,66.7,0,0,0,1,1,2019-09-08,1:00PM,Bank of America Stadium,Charlotte,NC,35.2258,-80.8528,Outdoor,Grass,748.0,1996.0,30.7,0.0,11.88,49.0,1016.0
2019,1,22,Eddy Pineiro,chicago_bears,3.0,22.8,3.0,3.0,38,1,1,100.0,0,0,1,0,0,2019-09-05,8:20PM,Soldier Field,Chicago,IL,41.8623,-87.6167,Outdoor,Grass,595.0,1924.0,18.2,0.0,47.52,80.0,1017.4
2019,1,23,Chris Boswell,pittsburgh_steelers,3.0,22.8,3.0,3.0,19,1,1,100.0,1,0,0,0,0,2019-09-08,8:20PM,Gillette Stadium,Foxborough,MA,42.0909,-71.2643,Outdoor,Turf,289.0,2002.0,17.6,0.0,34.92,66.0,1019.2
2019,1,24,Randy Bullock,cincinnati_bengals,8.0,20.64,8.0,8.0,39,2,3,66.7,0,1,1,0,0,2019-09-08,4:05PM,Lumen Field,Seattle,WA,47.5952,-122.3316,Outdoor,Turf,20.0,2002.0,20.1,0.0,76.68,65.0,1010.3
2019,1,25,Adam Vinatieri,indianapolis_colts,5.0,11.26,5.0,5.0,44,1,3,33.3,0,0,0,1,0,2019-09-08,4:05PM,SoFi Stadium,Inglewood,CA,33.9535,-118.3392,Outdoor,Turf,100.0,2020.0,23.1,0.0,61.2,54.0,1010.1
2019,1,26,Brett Maher,dallas_cowboys,5.0,3.5,5.0,5.0,0,0,0,0.0,0,0,0,0,0,2019-09-08,4:25PM,AT&T Stadium,Arlington,TX,32.7473,-97.0945,Indoor,Turf,639.0,2009.0,36.7,0.0,83.88000000000001,26.0,1011.7
2019,1,27,Dan Bailey,minnesota_vikings,4.0,2.8,4.0,4.0,0,0,0,0.0,0,0,0,0,0,2019-09-08,1:00PM,U.S. Bank Stadium,Minneapolis,MN,44.974,-93.2581,Indoor,Turf,840.0,2016.0,14.0,0.4,34.56,88.0,1020.7
2019,1,28,Ka'Imi Fairbairn,houston_texans,4.0,2.8,4.0,4.0,0,0,0,0.0,0,0,0,0,0,2019-09-09,7:10PM,Caesars Superdome,New Orleans,LA,29.9509,-90.0815,Indoor,Turf,3.0,1975.0,30.1,0.0,23.040000000000003,72.0,1016.7
2019,1,29,Jason Myers,seattle_seahawks,3.0,2.1,3.0,3.0,0,0,0,0.0,0,0,0,0,0,2019-09-08,4:05PM,Lumen Field,Seattle,WA,47.5952,-122.3316,Outdoor,Turf,20.0,2002.0,20.1,0.0,76.68,65.0,1010.3
2019,1,30,Austin Seibert,cleveland_browns,1.0,0.7,1.0,1.0,0,0,0,0.0,0,0,0,0,0,2019-09-08,1:00PM,FirstEnergy Stadium,Cleveland,OH,41.5061,-81.6995,Outdoor,Grass,577.0,1999.0,20.2,0.0,65.16000000000001,64.0,1019.4
2019,1,31,Kaare Vedvik,cincinnati_bengals,0.0,0.2,0.0,0.0,0,0,1,0.0,0,0,0,0,0,2019-09-08,4:05PM,Lumen Field,Seattle,WA,47.5952,-122.3316,Outdoor,Turf,20.0,2002.0,20.1,0.0,76.68,65.0,1010.3
2019,1,32,Kaare Vedvik,new_york_jets,0.0,0.2,0.0,0.0,0,0,1,0.0,0,0,0,0,0,2019-09-08,1:00PM,MetLife Stadium,East Rutherford,NJ,40.8136,-74.0744,Outdoor,Turf,3.0,2010.0,24.4,0.0,42.84,50.0,1017.3
2019,1,33,Matt Mccrane,unknown,0.0,0.0,0.0,0.0,0,0,0,0.0,0,0,0,0,0,,,,,,,,,,,,,,,,
2019,1,34,Michael Badgley,unknown,0.0,0.0,0.0,0.0,0,0,0,0.0,0,0,0,0,0,,,,,,,,,,,,,,,,
2019,1,35,Greg Joseph,carolina_panthers,0.0,0.0,0.0,0.0,0,0,0,0.0,0,0,0,0,0,2019-09-08,1:00PM,Bank of America Stadium,Charlotte,NC,35.2258,-80.8528,Outdoor,Grass,748.0,1996.0,30.7,0.0,11.88,49.0,1016.0
2019,1,36,Greg Joseph,tennessee_titans,0.0,0.0,0.0,0.0,0,0,0,0.0,0,0,0,0,0,2019-09-08,1:00PM,FirstEnergy Stadium,Cleveland,OH,41.5061,-81.6995,Outdoor,Grass,577.0,1999.0,20.2,0.0,65.16000000000001,64.0,1019.4
2019,1,37,Kai Forbath,dallas_cowboys,0.0,0.0,0.0,0.0,0,0,0,0.0,0,0,0,0,0,2019-09-08,4:25PM,AT&T Stadium,Arlington,TX,32.7473,-97.0945,Indoor,Turf,639.0,2009.0,36.7,0.0,83.88000000000001,26.0,1011.7
2019,1,38,Kai Forbath,new_england_patriots,0.0,0.0,0.0,0.0,0,0,0,0.0,0,0,0,0,0,2019-09-08,8:20PM,Gillette Stadium,Foxborough,MA,42.0909,-71.2643,Outdoor,Turf,289.0,2002.0,17.6,0.0,34.92,66.0,1019.2
2019,1,39,Mike Nugent,new_england_patriots,0.0,0.0,0.0,0.0,0,0,0,0.0,0,0,0,0,0,2019-09-08,8:20PM,Gillette Stadium,Foxborough,MA,42.0909,-71.2643,Outdoor,Turf,289.0,2002.0,17.6,0.0,34.92,66.0,1019.2
2019,1,40,Matt Bryant,atlanta_falcons,0.0,0.0,0.0,0.0,0,0,0,0.0,0,0,0,0,0,2019-09-08,1:00PM,U.S. Bank Stadium,Minneapolis,MN,44.974,-93.2581,Indoor,Turf,840.0,2016.0,14.0,0.4,34.56,88.0,1020.7
2019,1,41,Sebastian Janikowski,unknown,0.0,0.0,0.0,0.0,0,0,0,0.0,0,0,0,0,0,,,,,,,,,,,,,,,,
2019,1,42,Ryan Succop,tennessee_titans,0.0,0.0,0.0,0.0,0,0,0,0.0,0,0,0,0,0,2019-09-08,1:00PM,FirstEnergy Stadium,Cleveland,OH,41.5061,-81.6995,Outdoor,Grass,577.0,1999.0,20.2,0.0,65.16000000000001,64.0,1019.4
2019,1,43,Cody Parkey,tennessee_titans,0.0,0.0,0.0,0.0,0,0,0,0.0,0,0,0,0,0,2019-09-08,1:00PM,FirstEnergy Stadium,Cleveland,OH,41.5061,-81.6995,Outdoor,Grass,577.0,1999.0,20.2,0.0,65.16000000000001,64.0,1019.4
2019,1,44,Caleb Sturgis,unknown,0.0,0.0,0.0,0.0,0,0,0,0.0,0,0,0,0,0,,,,,,,,,,,,,,,,
2019,1,45,Giorgio Tavecchio,unknown,0.0,0.0,0.0,0.0,0,0,0,0.0,0,0,0,0,0,,,,,,,,,,,,,,,,
2019,1,46,Graham Gano,carolina_panthers,0.0,0.0,0.0,0.0,0,0,0,0.0,0,0,0,0,0,2019-09-08,1:00PM,Bank of America Stadium,Charlotte,NC,35.2258,-80.8528,Outdoor,Grass,748.0,1996.0,30.7,0.0,11.88,49.0,1016.0
2019,2,1,Joey Slye,carolina_panthers,16.0,34.0,16.0,16.0,54,4,4,100.0,0,0,2,0,2,2019-09-12,8:20PM,Bank of America Stadium,Charlotte,NC,35.2258,-80.8528,Outdoor,Grass,748.0,1996.0,30.8,0.0,26.64,48.0,1018.4
2019,2,2,Eddy Pineiro,chicago_bears,15.0,32.6,15.0,15.0,53,3,3,100.0,0,0,0,1,2,2019-09-15,4:25PM,Empower Field at Mile High,Denver,CO,39.7439,-105.0201,Outdoor,Turf,5280.0,2001.0,32.7,0.0,60.84,11.0,1006.5
2019,2,3,Justin Tucker,baltimore_ravens,13.0,31.3,13.0,13.0,51,3,3,100.0,0,1,1,0,1,2019-09-15,1:00PM,M&T Bank Stadium,Baltimore,MD,39.2779,-76.6227,Outdoor,Grass,10.0,1998.0,27.9,0.0,8.28,47.0,1020.9
2019,2,4,Austin Seibert,cleveland_browns,13.0,31.3,13.0,13.0,48,3,3,100.0,0,1,0,2,0,2019-09-16,8:15PM,MetLife Stadium,East Rutherford,NJ,40.8136,-74.0744,Outdoor,Turf,3.0,2010.0,20.8,0.0,14.4,92.0,1016.9
2019,2,5,Wil Lutz,new_orleans_saints,12.0,30.5,12.0,12.0,52,3,3,100.0,0,0,1,1,1,2019-09-15,4:25PM,SoFi Stadium,Inglewood,CA,33.9535,-118.3392,Outdoor,Turf,100.0,2020.0,23.1,0.0,73.8,75.0,1010.6
2019,2,6,Zane Gonzalez,arizona_cardinals,9.0,28.7,9.0,9.0,22,3,3,100.0,0,3,0,0,0,2019-09-15,1:00PM,M&T Bank Stadium,Baltimore,MD,39.2779,-76.6227,Outdoor,Grass,10.0,1998.0,27.9,0.0,8.28,47.0,1020.9
2019,2,7,Greg Zuerlein,los_angeles_rams,9.0,27.9,9.0,9.0,24,2,2,100.0,0,2,0,0,0,2019-09-15,4:25PM,SoFi Stadium,Inglewood,CA,33.9535,-118.3392,Outdoor,Turf,100.0,2020.0,23.1,0.0,73.8,75.0,1010.6
2019,2,8,Chris Boswell,pittsburgh_steelers,9.0,27.7,9.0,9.0,41,2,2,100.0,0,0,1,1,0,2019-09-15,1:00PM,Acrisure Stadium,Pittsburgh,PA,40.4468,-80.0158,Outdoor,Grass,730.0,2001.0,25.6,0.0,6.48,49.0,1022.1
2019,2,9,Brandon Mcmanus,denver_broncos,8.0,27.0,8.0,8.0,43,2,2,100.0,0,0,0,2,0,2019-09-15,4:25PM,Empower Field at Mile High,Denver,CO,39.7439,-105.0201,Outdoor,Turf,5280.0,2001.0,32.7,0.0,60.84,11.0,1006.5
2019,2,10,Ka'Imi Fairbairn,houston_texans,7.0,26.4,7.0,7.0,39,2,2,100.0,0,1,1,0,0,2019-09-15,1:00PM,NRG Stadium,Houston,TX,29.6847,-95.4107,Indoor,Turf,50.0,2002.0,33.2,0.0,64.08,43.0,1016.2
2019,2,11,Josh Lambo,jacksonville_jaguars,7.0,26.3,7.0,7.0,40,2,2,100.0,0,0,1,1,0,2019-09-15,1:00PM,NRG Stadium,Houston,TX,29.6847,-95.4107,Indoor,Turf,50.0,2002.0,33.2,0.0,64.08,43.0,1016.2
2019,2,12,Jake Elliott,philadelphia_eagles,7.0,26.3,7.0,7.0,41,2,2,100.0,0,0,1,1,0,2019-09-15,8:20PM,Mercedes-Benz Stadium,Atlanta,GA,33.755,-84.4008,Indoor,Turf,1050.0,2017.0,27.8,0.0,27.36,59.0,1016.8
2019,2,13,Brett Maher,dallas_cowboys,7.0,25.7,7.0,7.0,25,1,1,100.0,0,1,0,0,0,2019-09-15,1:00PM,FedExField,Landover,MD,38.9078,-76.8645,Outdoor,Grass,300.0,1997.0,28.4,0.0,14.04,45.0,1020.8
2019,2,14,Daniel Carlson,unknown,4.0,23.6,4.0,4.0,29,1,1,100.0,0,1,0,0,0,,,,,,,,,,,,,,,,
2019,2,15,Sam Ficken,new_york_jets,4.0,23.5,4.0,4.0,46,1,1,100.0,0,0,0,1,0,2019-09-16,8:15PM,MetLife Stadium,East Rutherford,NJ,40.8136,-74.0744,Outdoor,Turf,3.0,2010.0,20.8,0.0,14.4,92.0,1016.9
2019,2,16,Robbie Gould,san_francisco_49ers,11.0,22.64,11.0,11.0,38,2,3,66.7,0,0,2,0,0,2019-09-15,1:00PM,Paycor Stadium,Cincinnati,OH,39.0954,-84.516,Outdoor,Turf,482.0,2000.0,28.0,0.0,36.36,34.0,1021.4
2019,2,17,Matt Gay,tampa_bay_buccaneers,9.0,21.24,9.0,9.0,40,2,3,66.7,0,0,1,1,0,2019-09-12,8:20PM,Bank of America Stadium,Charlotte,NC,35.2258,-80.8528,Outdoor,Grass,748.0,1996.0,30.8,0.0,26.64,48.0,1018.4
2019,2,18,Matt Bryant,atlanta_falcons,8.0,16.5,8.0,8.0,50,1,2,50.0,0,0,0,0,1,2019-09-15,8:20PM,Mercedes-Benz Stadium,Atlanta,GA,33.755,-84.4008,Indoor,Turf,1050.0,2017.0,27.8,0.0,27.36,59.0,1016.8
2019,2,19,Stephen Gostkowski,new_england_patriots,7.0,15.9,7.0,7.0,28,1,2,50.0,0,1,0,0,0,2019-09-15,1:00PM,Hard Rock Stadium,Miami Gardens,FL,25.958,-80.238,Outdoor,Grass,7.0,1987.0,31.5,0.0,48.24,66.0,1013.6
2019,2,20,Cairo Santos,tennessee_titans,6.0,15.1,6.0,6.0,49,1,2,50.0,0,0,0,1,0,2019-09-15,1:00PM,Nissan Stadium,Nashville,TN,36.1665,-86.7713,Outdoor,Grass,476.0,1999.0,33.8,0.0,7.920000000000001,41.0,1019.4
2019,2,21,Randy Bullock,cincinnati_bengals,5.0,14.4,5.0,5.0,37,1,2,50.0,0,0,1,0,0,2019-09-15,1:00PM,Paycor Stadium,Cincinnati,OH,39.0954,-84.516,Outdoor,Turf,482.0,2000.0,28.0,0.0,36.36,34.0,1021.4
2019,2,22,Dan Bailey,minnesota_vikings,4.0,13.7,4.0,4.0,31,1,2,50.0,0,0,1,0,0,2019-09-15,1:00PM,Lambeau Field,Green Bay,WI,44.5013,-88.0622,Outdoor,Grass,640.0,1957.0,24.7,0.0,33.480000000000004,66.0,1015.5
2019,2,23,Ty Long,los_angeles_chargers,4.0,10.56,4.0,4.0,39,1,3,33.3,0,0,1,0,0,2019-09-15,1:00PM,Ford Field,Detroit,MI,42.34,-83.0456,Indoor,Turf,600.0,2002.0,23.0,0.0,46.440000000000005,60.0,1020.1
2019,2,24,Jason Myers,seattle_seahawks,4.0,3.0,4.0,4.0,0,0,1,0.0,0,0,0,0,0,2019-09-15,1:00PM,Acrisure Stadium,Pittsburgh,PA,40.4468,-80.0158,Outdoor,Grass,730.0,2001.0,25.6,0.0,6.48,49.0,1022.1
2019,2,25,Stephen Hauschka,unknown,4.0,2.8,4.0,4.0,0,0,0,0.0,0,0,0,0,0,,,,,,,,,,,,,,,,
2019,2,26,Harrison Butker,kansas_city_chiefs,4.0,2.8,4.0,4.0,0,0,0,0.0,0,0,0,0,0,2019-09-15,4:05PM,Allegiant Stadium,Las Vegas,NV,36.0908,-115.183,Indoor,Turf,2001.0,2020.0,37.4,0.0,60.84,10.0,1005.2
2019,2,27,Dustin Hopkins,unknown,3.0,2.1,3.0,3.0,0,0,0,0.0,0,0,0,0,0,,,,,,,,,,,,,,,,
2019,2,28,Mason Crosby,green_bay_packers,3.0,2.1,3.0,3.0,0,0,0,0.0,0,0,0,0,0,2019-09-15,1:00PM,Lambeau Field,Green Bay,WI,44.5013,-88.0622,Outdoor,Grass,640.0,1957.0,24.7,0.0,33.480000000000004,66.0,1015.5
2019,2,29,Aldrick Rosas,new_york_giants,2.0,1.6,2.0,2.0,0,0,1,0.0,0,0,0,0,0,2019-09-15,1:00PM,MetLife Stadium,East Rutherford,NJ,40.8136,-74.0744,Outdoor,Turf,3.0,2010.0,25.3,0.0,19.44,57.0,1020.5
2019,2,30,Matt Prater,detroit_lions,1.0,0.9,1.0,1.0,0,0,1,0.0,0,0,0,0,0,2019-09-15,1:00PM,Ford Field,Detroit,MI,42.34,-83.0456,Indoor,Turf,600.0,2002.0,23.0,0.0,46.440000000000005,60.0,1020.1
2019,2,31,Adam Vinatieri,indianapolis_colts,1.0,0.7,1.0,1.0,0,0,0,0.0,0,0,0,0,0,2019-09-15,1:00PM,Nissan Stadium,Nashville,TN,36.1665,-86.7713,Outdoor,Grass,476.0,1999.0,33.8,0.0,7.920000000000001,41.0,1019.4
2019,2,32,Jason Sanders,miami_dolphins,0.0,0.0,0.0,0.0,0,0,0,0.0,0,0,0,0,0,2019-09-15,1:00PM,Hard Rock Stadium,Miami Gardens,FL,25.958,-80.238,Outdoor,Grass,7.0,1987.0,31.5,0.0,48.24,66.0,1013.6
2019,3,1,Matt Gay,tampa_bay_buccaneers,16.0,30.4,16.0,16.0,52,4,5,80.0,0,2,0,1,1,2019-09-22,4:05PM,Raymond James Stadium,Tampa,FL,27.9759,-82.5033,Outdoor,Grass,26.0,1998.0,30.9,0.0,88.92,45.0,1016.0
2019,3,2,Dan Bailey,minnesota_vikings,12.0,29.9,12.0,12.0,50,2,2,100.0,0,1,0,0,1,2019-09-22,1:00PM,U.S. Bank Stadium,Minneapolis,MN,44.974,-93.2581,Indoor,Turf,840.0,2016.0,18.6,0.0,44.64,60.0,1009.6
2019,3,3,Adam Vinatieri,indianapolis_colts,10.0,28.5,10.0,10.0,49,2,2,100.0,0,1,0,1,0,2019-09-22,1:00PM,Lucas Oil Stadium,Indianapolis,IN,39.7601,-86.1639,Indoor,Turf,700.0,2008.0,29.0,0.0,86.4,42.0,1016.3
2019,3,4,Harrison Butker,kansas_city_chiefs,10.0,28.4,10.0,10.0,42,2,2,100.0,0,0,1,1,0,2019-09-22,1:00PM,GEHA Field at Arrowhead Stadium,Kansas City,MO,39.049,-94.4839,Outdoor,Grass,1020.0,1972.0,25.4,0.3,44.28,80.0,1010.1
2019,3,5,Josh Lambo,jacksonville_jaguars,10.0,28.4,10.0,10.0,48,2,2,100.0,0,0,0,2,0,2019-09-19,8:20PM,TIAA Bank Field,Jacksonville,FL,30.3239,-81.6373,Outdoor,Grass,16.0,1995.0,23.9,0.4,78.48,78.0,1019.2
2019,3,6,Chris Boswell,pittsburgh_steelers,9.0,27.8,9.0,9.0,46,2,2,100.0,0,1,0,1,0,2019-09-22,4:25PM,Levi's Stadium,Santa Clara,CA,37.403,-121.9692,Outdoor,Grass,13.0,2014.0,25.4,0.0,75.24,44.0,1012.6
2019,3,7,Zane Gonzalez,arizona_cardinals,9.0,27.7,9.0,9.0,47,2,2,100.0,0,0,1,1,0,2019-09-22,4:05PM,State Farm Stadium,Glendale,AZ,33.5275,-112.2625,Indoor,Turf,1070.0,2006.0,35.7,0.0,30.24,14.0,1009.5
2019,3,8,Ty Long,los_angeles_chargers,9.0,27.7,9.0,9.0,43,2,2,100.0,0,0,1,1,0,2019-09-22,4:25PM,SoFi Stadium,Inglewood,CA,33.9535,-118.3392,Outdoor,Turf,100.0,2020.0,25.5,0.0,55.080000000000005,58.0,1011.0
2019,3,9,Austin Seibert,cleveland_browns,7.0,26.4,7.0,7.0,35,2,2,100.0,0,1,1,0,0,2019-09-22,8:20PM,FirstEnergy Stadium,Cleveland,OH,41.5061,-81.6995,Outdoor,Grass,577.0,1999.0,24.7,0.0,48.24,52.0,1012.9
2019,3,10,Joey Slye,carolina_panthers,8.0,26.3,8.0,8.0,36,1,1,100.0,0,0,1,0,0,2019-09-22,4:05PM,State Farm Stadium,Glendale,AZ,33.5275,-112.2625,Indoor,Turf,1070.0,2006.0,35.7,0.0,30.24,14.0,1009.5
2019,3,11,Jake Elliott,philadelphia_eagles,6.0,25.0,6.0,6.0,25,1,1,100.0,0,1,0,0,0,2019-09-22,1:00PM,Lincoln Financial Field,Philadelphia,PA,39.9008,-75.1675,Outdoor,Grass,30.0,2003.0,30.3,0.0,37.080000000000005,48.0,1019.9
2019,3,12,Robbie Gould,san_francisco_49ers,6.0,25.0,6.0,6.0,24,1,1,100.0,0,1,0,0,0,2019-09-22,4:25PM,Levi's Stadium,Santa Clara,CA,37.403,-121.9692,Outdoor,Grass,13.0,2014.0,25.4,0.0,75.24,44.0,1012.6
2019,3,13,Randy Bullock,cincinnati_bengals,6.0,24.9,6.0,6.0,43,1,1,100.0,0,0,0,1,0,2019-09-22,1:00PM,Highmark Stadium,Orchard Park,NY,42.7738,-78.7868,Outdoor,Grass,600.0,1973.0,27.9,0.0,86.4,54.0,1016.4
2019,3,14,Stephen Gostkowski,new_england_patriots,6.0,24.9,6.0,6.0,37,1,1,100.0,0,0,1,0,0,2019-09-22,1:00PM,Gillette Stadium,Foxborough,MA,42.0909,-71.2643,Outdoor,Turf,289.0,2002.0,28.7,0.0,49.68000000000001,38.0,1018.6
2019,3,15,Matt Bryant,atlanta_falcons,6.0,24.9,6.0,6.0,34,1,1,100.0,0,0,1,0,0,2019-09-22,1:00PM,Lucas Oil Stadium,Indianapolis,IN,39.7601,-86.1639,Indoor,Turf,700.0,2008.0,29.0,0.0,86.4,42.0,1016.3
2019,3,16,Aldrick Rosas,new_york_giants,6.0,24.9,6.0,6.0,36,1,1,100.0,0,0,1,0,0,2019-09-22,4:05PM,Raymond James Stadium,Tampa,FL,27.9759,-82.5033,Outdoor,Grass,26.0,1998.0,30.9,0.0,88.92,45.0,1016.0
2019,3,17,Brandon Mcmanus,denver_broncos,4.0,23.5,4.0,4.0,30,1,1,100.0,0,0,1,0,0,2019-09-22,1:00PM,Lambeau Field,Green Bay,WI,44.5013,-88.0622,Outdoor,Grass,640.0,1957.0,21.0,4.0,41.4,95.0,1006.7
2019,3,18,Justin Tucker,baltimore_ravens,4.0,23.5,4.0,4.0,39,1,1,100.0,0,0,1,0,0,2019-09-22,1:00PM,GEHA Field at Arrowhead Stadium,Kansas City,MO,39.049,-94.4839,Outdoor,Grass,1020.0,1972.0,25.4,0.3,44.28,80.0,1010.1
2019,3,19,Mason Crosby,green_bay_packers,11.0,22.64,11.0,11.0,42,2,3,66.7,0,0,0,2,0,2019-09-22,1:00PM,Lambeau Field,Green Bay,WI,44.5013,-88.0622,Outdoor,Grass,640.0,1957.0,21.0,4.0,41.4,95.0,1006.7
2019,3,20,Greg Zuerlein,los_angeles_rams,10.0,21.94,10.0,10.0,53,2,3,66.7,0,0,1,0,1,2019-09-22,8:20PM,FirstEnergy Stadium,Cleveland,OH,41.5061,-81.6995,Outdoor,Grass,577.0,1999.0,24.7,0.0,48.24,52.0,1012.9
2019,3,21,Matt Prater,detroit_lions,9.0,21.34,9.0,9.0,33,2,3,66.7,0,1,1,0,0,2019-09-22,1:00PM,Lincoln Financial Field,Philadelphia,PA,39.9008,-75.1675,Outdoor,Grass,30.0,2003.0,30.3,0.0,37.080000000000005,48.0,1019.9
2019,3,22,Stephen Hauschka,unknown,8.0,20.54,8.0,8.0,45,2,3,66.7,0,0,1,1,0,,,,,,,,,,,,,,,,
2019,3,23,Jason Sanders,miami_dolphins,6.0,19.24,6.0,6.0,33,2,3,66.7,0,1,1,0,0,2019-09-22,1:00PM,AT&T Stadium,Arlington,TX,32.7473,-97.0945,Indoor,Turf,639.0,2009.0,32.5,0.0,75.24,46.0,1015.0
2019,3,24,Brett Maher,dallas_cowboys,7.0,15.9,7.0,7.0,28,1,2,50.0,0,1,0,0,0,2019-09-22,1:00PM,AT&T Stadium,Arlington,TX,32.7473,-97.0945,Indoor,Turf,639.0,2009.0,32.5,0.0,75.24,46.0,1015.0
2019,3,25,Eddy Pineiro,chicago_bears,7.0,15.8,7.0,7.0,38,1,2,50.0,0,0,1,0,0,2019-09-23,8:15PM,FedExField,Landover,MD,38.9078,-76.8645,Outdoor,Grass,300.0,1997.0,28.7,0.0,43.2,42.0,1009.5
2019,3,26,Dustin Hopkins,unknown,3.0,13.0,3.0,3.0,35,1,2,50.0,0,0,1,0,0,,,,,,,,,,,,,,,,
2019,3,27,Ka'Imi Fairbairn,houston_texans,3.0,2.3,3.0,3.0,0,0,1,0.0,0,0,0,0,0,2019-09-22,4:25PM,SoFi Stadium,Inglewood,CA,33.9535,-118.3392,Outdoor,Turf,100.0,2020.0,25.5,0.0,55.080000000000005,58.0,1011.0
2019,3,28,Jason Myers,seattle_seahawks,3.0,2.1,3.0,3.0,0,0,0,0.0,0,0,0,0,0,2019-09-22,4:25PM,Lumen Field,Seattle,WA,47.5952,-122.3316,Outdoor,Turf,20.0,2002.0,18.0,0.1,23.4,86.0,1010.0
2019,3,29,Wil Lutz,new_orleans_saints,3.0,2.1,3.0,3.0,0,0,0,0.0,0,0,0,0,0,2019-09-22,4:25PM,Lumen Field,Seattle,WA,47.5952,-122.3316,Outdoor,Turf,20.0,2002.0,18.0,0.1,23.4,86.0,1010.0
2019,3,30,Daniel Carlson,unknown,2.0,1.6,2.0,2.0,0,0,1,0.0,0,0,0,0,0,,,,,,,,,,,,,,,,
2019,3,31,Sam Ficken,new_york_jets,2.0,1.4,2.0,2.0,0,0,0,0.0,0,0,0,0,0,2019-09-22,1:00PM,Gillette Stadium,Foxborough,MA,42.0909,-71.2643,Outdoor,Turf,289.0,2002.0,28.7,0.0,49.68000000000001,38.0,1018.6
2019,3,32,Cairo Santos,tennessee_titans,1.0,0.7,1.0,1.0,0,0,0,0.0,0,0,0,0,0,2019-09-19,8:20PM,TIAA Bank Field,Jacksonville,FL,30.3239,-81.6373,Outdoor,Grass,16.0,1995.0,23.9,0.4,78.48,78.0,1019.2
2019,4,1,Josh Lambo,jacksonville_jaguars,15.0,33.4,15.0,15.0,40,4,4,100.0,0,1,2,1,0,2019-09-29,4:25PM,Empower Field at Mile High,Denver,CO,39.7439,-105.0201,Outdoor,Turf,5280.0,2001.0,30.5,0.0,106.2,9.0,993.4
2019,4,2,Ty Long,los_angeles_chargers,16.0,33.3,16.0,16.0,51,3,3,100.0,0,0,0,2,1,2019-09-29,1:00PM,Hard Rock Stadium,Miami Gardens,FL,25.958,-80.238,Outdoor,Grass,7.0,1987.0,30.7,0.0,73.44,55.0,1017.7
2019,4,3,Matt Prater,detroit_lions,15.0,32.7,15.0,15.0,53,3,3,100.0,0,1,0,1,1,2019-09-29,1:00PM,Ford Field,Detroit,MI,42.34,-83.0456,Indoor,Turf,600.0,2002.0,16.9,2.1,81.0,89.0,1026.1
2019,4,4,Wil Lutz,new_orleans_saints,14.0,32.7,14.0,14.0,42,4,4,100.0,1,1,0,2,0,2019-09-29,8:20PM,Caesars Superdome,New Orleans,LA,29.9509,-90.0815,Indoor,Turf,3.0,1975.0,27.4,0.0,38.88,76.0,1018.1
2019,4,5,Matt Gay,tampa_bay_buccaneers,15.0,32.0,15.0,15.0,58,2,2,100.0,0,1,0,0,1,2019-09-29,4:05PM,SoFi Stadium,Inglewood,CA,33.9535,-118.3392,Outdoor,Turf,100.0,2020.0,20.5,0.0,79.2,48.0,1010.2
2019,4,6,Joey Slye,carolina_panthers,13.0,31.3,13.0,13.0,55,3,3,100.0,0,1,0,1,1,2019-09-29,1:00PM,NRG Stadium,Houston,TX,29.6847,-95.4107,Indoor,Turf,50.0,2002.0,31.0,0.0,60.48,63.0,1016.7
2019,4,7,Greg Zuerlein,los_angeles_rams,13.0,30.5,13.0,13.0,58,2,2,100.0,0,0,0,1,1,2019-09-29,4:05PM,SoFi Stadium,Inglewood,CA,33.9535,-118.3392,Outdoor,Turf,100.0,2020.0,20.5,0.0,79.2,48.0,1010.2
2019,4,8,Austin Seibert,cleveland_browns,11.0,29.2,11.0,11.0,43,2,2,100.0,0,1,0,1,0,2019-09-29,1:00PM,M&T Bank Stadium,Baltimore,MD,39.2779,-76.6227,Outdoor,Grass,10.0,1998.0,28.7,0.0,34.92,54.0,1023.2
2019,4,9,Eddy Pineiro,chicago_bears,10.0,29.2,10.0,10.0,38,3,3,100.0,0,1,2,0,0,2019-09-29,4:25PM,Soldier Field,Chicago,IL,41.8623,-87.6167,Outdoor,Grass,595.0,1924.0,18.7,0.0,44.64,93.0,1019.4
2019,4,10,Chris Boswell,pittsburgh_steelers,10.0,28.5,10.0,10.0,49,2,2,100.0,0,1,0,1,0,2019-09-30,8:15PM,Acrisure Stadium,Pittsburgh,PA,40.4468,-80.0158,Outdoor,Grass,730.0,2001.0,22.6,0.0,24.840000000000003,89.0,1019.1
2019,4,11,Jason Myers,seattle_seahawks,9.0,27.8,9.0,9.0,33,2,2,100.0,0,1,1,0,0,2019-09-29,4:05PM,State Farm Stadium,Glendale,AZ,33.5275,-112.2625,Indoor,Turf,1070.0,2006.0,28.3,0.0,45.0,37.0,1005.4
2019,4,12,Mason Crosby,green_bay_packers,9.0,27.7,9.0,9.0,31,2,2,100.0,0,0,2,0,0,2019-09-26,8:20PM,Lambeau Field,Green Bay,WI,44.5013,-88.0622,Outdoor,Grass,640.0,1957.0,15.9,0.0,32.4,54.0,1010.9
2019,4,13,Daniel Carlson,unknown,7.0,25.7,7.0,7.0,26,1,1,100.0,0,1,0,0,0,,,,,,,,,,,,,,,,
2019,4,14,Cairo Santos,tennessee_titans,7.0,25.6,7.0,7.0,45,1,1,100.0,0,0,0,1,0,2019-09-29,1:00PM,Mercedes-Benz Stadium,Atlanta,GA,33.755,-84.4008,Indoor,Turf,1050.0,2017.0,30.2,0.0,8.28,55.0,1022.6
2019,4,15,Brandon Mcmanus,denver_broncos,6.0,24.9,6.0,6.0,33,1,1,100.0,0,0,1,0,0,2019-09-29,4:25PM,Empower Field at Mile High,Denver,CO,39.7439,-105.0201,Outdoor,Turf,5280.0,2001.0,30.5,0.0,106.2,9.0,993.4
2019,4,16,Justin Tucker,baltimore_ravens,6.0,24.9,6.0,6.0,41,1,1,100.0,0,0,0,1,0,2019-09-29,1:00PM,M&T Bank Stadium,Baltimore,MD,39.2779,-76.6227,Outdoor,Grass,10.0,1998.0,28.7,0.0,34.92,54.0,1023.2
2019,4,17,Aldrick Rosas,new_york_giants,6.0,24.9,6.0,6.0,30,1,1,100.0,0,0,1,0,0,2019-09-29,1:00PM,MetLife Stadium,East Rutherford,NJ,40.8136,-74.0744,Outdoor,Turf,3.0,2010.0,24.0,0.0,60.12,51.0,1024.2
2019,4,18,Brett Maher,dallas_cowboys,4.0,23.6,4.0,4.0,28,1,1,100.0,0,1,0,0,0,2019-09-29,8:20PM,Caesars Superdome,New Orleans,LA,29.9509,-90.0815,Indoor,Turf,3.0,1975.0,27.4,0.0,38.88,76.0,1018.1
2019,4,19,Dustin Hopkins,unknown,3.0,22.9,3.0,3.0,21,1,1,100.0,0,1,0,0,0,,,,,,,,,,,,,,,,
2019,4,20,Randy Bullock,cincinnati_bengals,3.0,22.9,3.0,3.0,28,1,1,100.0,0,1,0,0,0,2019-09-30,8:15PM,Acrisure Stadium,Pittsburgh,PA,40.4468,-80.0158,Outdoor,Grass,730.0,2001.0,22.6,0.0,24.840000000000003,89.0,1019.1
2019,4,21,Harrison Butker,kansas_city_chiefs,11.0,22.74,11.0,11.0,44,2,3,66.7,0,1,0,1,0,2019-09-29,1:00PM,Ford Field,Detroit,MI,42.34,-83.0456,Indoor,Turf,600.0,2002.0,16.9,2.1,81.0,89.0,1026.1
2019,4,22,Stephen Gostkowski,new_england_patriots,1.0,21.3,1.0,1.0,23,1,1,100.0,0,0,0,0,0,2019-09-29,1:00PM,Highmark Stadium,Orchard Park,NY,42.7738,-78.7868,Outdoor,Grass,600.0,1973.0,17.4,0.0,46.8,59.0,1028.2
2019,4,23,Adam Vinatieri,indianapolis_colts,6.0,15.2,6.0,6.0,26,1,2,50.0,0,1,0,0,0,2019-09-29,1:00PM,Lucas Oil Stadium,Indianapolis,IN,39.7601,-86.1639,Indoor,Turf,700.0,2008.0,29.0,0.0,52.92,56.0,1020.6
2019,4,24,Matt Bryant,atlanta_falcons,5.0,14.4,5.0,5.0,42,1,2,50.0,0,0,0,1,0,2019-09-29,1:00PM,Mercedes-Benz Stadium,Atlanta,GA,33.755,-84.4008,Indoor,Turf,1050.0,2017.0,30.2,0.0,8.28,55.0,1022.6
2019,4,25,Ka'Imi Fairbairn,houston_texans,4.0,13.7,4.0,4.0,37,1,2,50.0,0,0,1,0,0,2019-09-29,1:00PM,NRG Stadium,Houston,TX,29.6847,-95.4107,Indoor,Turf,50.0,2002.0,31.0,0.0,60.48,63.0,1016.7
2019,4,26,Stephen Hauschka,unknown,1.0,11.5,1.0,1.0,46,1,2,50.0,0,0,0,0,0,,,,,,,,,,,,,,,,
2019,4,27,Zane Gonzalez,arizona_cardinals,4.0,10.56,4.0,4.0,33,1,3,33.3,0,0,1,0,0,2019-09-29,4:05PM,State Farm Stadium,Glendale,AZ,33.5275,-112.2625,Indoor,Turf,1070.0,2006.0,28.3,0.0,45.0,37.0,1005.4
2019,4,28,Jason Sanders,miami_dolphins,4.0,10.56,4.0,4.0,30,1,3,33.3,0,0,1,0,0,2019-09-29,1:00PM,Hard Rock Stadium,Miami Gardens,FL,25.958,-80.238,Outdoor,Grass,7.0,1987.0,30.7,0.0,73.44,55.0,1017.7
2019,4,29,Jake Elliott,philadelphia_eagles,4.0,2.8,4.0,4.0,0,0,0,0.0,0,0,0,0,0,2019-09-26,8:20PM,Lambeau Field,Green Bay,WI,44.5013,-88.0622,Outdoor,Grass,640.0,1957.0,15.9,0.0,32.4,54.0,1010.9
2019,4,30,Dan Bailey,minnesota_vikings,0.0,0.0,0.0,0.0,0,0,0,0.0,0,0,0,0,0,2019-09-29,4:25PM,Soldier Field,Chicago,IL,41.8623,-87.6167,Outdoor,Grass,595.0,1924.0,18.7,0.0,44.64,93.0,1019.4
2019,5,1,Justin Tucker,baltimore_ravens,16.0,34.2,16.0,16.0,48,4,4,100.0,0,2,0,2,0,2019-10-06,1:00PM,Acrisure Stadium,Pittsburgh,PA,40.4468,-80.0158,Outdoor,Grass,730.0,2001.0,22.4,0.0,65.16000000000001,66.0,1020.2
2019,5,2,Dan Bailey,minnesota_vikings,16.0,34.0,16.0,16.0,48,4,4,100.0,0,0,2,2,0,2019-10-06,1:00PM,MetLife Stadium,East Rutherford,NJ,40.8136,-74.0744,Outdoor,Turf,3.0,2010.0,19.4,0.1,65.52,78.0,1025.9
2019,5,3,Adam Vinatieri,indianapolis_colts,13.0,32.0,13.0,13.0,32,4,4,100.0,0,1,3,0,0,2019-10-06,8:20PM,GEHA Field at Arrowhead Stadium,Kansas City,MO,39.049,-94.4839,Outdoor,Grass,1020.0,1972.0,13.9,0.0,25.92,73.0,1023.2
2019,5,4,Randy Bullock,cincinnati_bengals,12.0,30.7,12.0,12.0,48,3,3,100.0,0,2,0,1,0,2019-10-06,1:00PM,Paycor Stadium,Cincinnati,OH,39.0954,-84.516,Outdoor,Turf,482.0,2000.0,25.4,0.0,50.76,68.0,1018.8
2019,5,5,Chris Boswell,pittsburgh_steelers,12.0,30.6,12.0,12.0,41,3,3,100.0,0,1,1,1,0,2019-10-06,1:00PM,Acrisure Stadium,Pittsburgh,PA,40.4468,-80.0158,Outdoor,Grass,730.0,2001.0,22.4,0.0,65.16000000000001,66.0,1020.2
2019,5,6,Ka'Imi Fairbairn,houston_texans,13.0,30.6,13.0,13.0,50,2,2,100.0,0,1,0,0,1,2019-10-06,1:00PM,NRG Stadium,Houston,TX,29.6847,-95.4107,Indoor,Turf,50.0,2002.0,29.9,0.5,48.96,71.0,1015.3
2019,5,7,Zane Gonzalez,arizona_cardinals,14.0,29.1,14.0,14.0,31,4,5,80.0,0,3,1,0,0,2019-10-06,1:00PM,Paycor Stadium,Cincinnati,OH,39.0954,-84.516,Outdoor,Turf,482.0,2000.0,25.4,0.0,50.76,68.0,1018.8
2019,5,8,Mason Crosby,green_bay_packers,10.0,28.5,10.0,10.0,38,2,2,100.0,0,1,1,0,0,2019-10-06,4:25PM,AT&T Stadium,Arlington,TX,32.7473,-97.0945,Indoor,Turf,639.0,2009.0,35.0,0.0,27.72,31.0,1012.1
2019,5,9,Mike Nugent,new_england_patriots,9.0,27.8,9.0,9.0,37,2,2,100.0,0,1,1,0,0,2019-10-06,1:00PM,FedExField,Landover,MD,38.9078,-76.8645,Outdoor,Grass,300.0,1997.0,22.8,0.0,71.28,65.0,1024.8
2019,5,10,Josh Lambo,jacksonville_jaguars,9.0,27.7,9.0,9.0,38,2,2,100.0,0,0,2,0,0,2019-10-06,1:00PM,Bank of America Stadium,Charlotte,NC,35.2258,-80.8528,Outdoor,Grass,748.0,1996.0,24.2,0.0,25.2,61.0,1024.7
2019,5,11,Harrison Butker,kansas_city_chiefs,7.0,26.4,7.0,7.0,36,2,2,100.0,0,1,1,0,0,2019-10-06,8:20PM,GEHA Field at Arrowhead Stadium,Kansas City,MO,39.049,-94.4839,Outdoor,Grass,1020.0,1972.0,13.9,0.0,25.92,73.0,1023.2
2019,5,12,Greg Zuerlein,los_angeles_rams,12.0,25.7,12.0,12.0,47,3,4,75.0,0,0,2,1,0,2019-10-03,8:20PM,Lumen Field,Seattle,WA,47.5952,-122.3316,Outdoor,Turf,20.0,2002.0,11.4,0.1,38.52,85.0,1015.8
2019,5,13,Wil Lutz,new_orleans_saints,7.0,25.7,7.0,7.0,29,1,1,100.0,0,1,0,0,0,2019-10-06,1:00PM,Caesars Superdome,New Orleans,LA,29.9509,-90.0815,Indoor,Turf,3.0,1975.0,31.0,0.0,73.8,49.0,1016.1
2019,5,14,Jake Elliott,philadelphia_eagles,7.0,25.7,7.0,7.0,28,1,1,100.0,0,1,0,0,0,2019-10-06,1:00PM,Lincoln Financial Field,Philadelphia,PA,39.9008,-75.1675,Outdoor,Grass,30.0,2003.0,22.0,0.0,93.24,65.0,1025.2
2019,5,15,Daniel Carlson,unknown,7.0,25.6,7.0,7.0,41,1,1,100.0,0,0,0,1,0,,,,,,,,,,,,,,,,
2019,5,16,Matt Gay,tampa_bay_buccaneers,7.0,25.6,7.0,7.0,42,1,1,100.0,0,0,0,1,0,2019-10-06,1:00PM,Caesars Superdome,New Orleans,LA,29.9509,-90.0815,Indoor,Turf,3.0,1975.0,31.0,0.0,73.8,49.0,1016.1
2019,5,17,Matt Bryant,atlanta_falcons,6.0,24.9,6.0,6.0,35,1,1,100.0,0,0,1,0,0,2019-10-06,1:00PM,NRG Stadium,Houston,TX,29.6847,-95.4107,Indoor,Turf,50.0,2002.0,29.9,0.5,48.96,71.0,1015.3
2019,5,18,Aldrick Rosas,new_york_giants,4.0,23.5,4.0,4.0,32,1,1,100.0,0,0,1,0,0,2019-10-06,1:00PM,MetLife Stadium,East Rutherford,NJ,40.8136,-74.0744,Outdoor,Turf,3.0,2010.0,19.4,0.1,65.52,78.0,1025.9
2019,5,19,Austin Seibert,cleveland_browns,3.0,22.8,3.0,3.0,30,1,1,100.0,0,0,1,0,0,2019-10-07,8:15PM,Levi's Stadium,Santa Clara,CA,37.403,-121.9692,Outdoor,Grass,13.0,2014.0,22.2,0.0,47.52,44.0,1012.4
2019,5,20,Brandon Mcmanus,denver_broncos,10.0,21.94,10.0,10.0,46,2,3,66.7,0,0,0,2,0,2019-10-06,4:05PM,SoFi Stadium,Inglewood,CA,33.9535,-118.3392,Outdoor,Turf,100.0,2020.0,20.5,0.0,71.28,68.0,1014.3
2019,5,21,Chase Mclaughlin,indianapolis_colts,8.0,20.54,8.0,8.0,45,2,3,66.7,0,0,1,1,0,2019-10-06,8:20PM,GEHA Field at Arrowhead Stadium,Kansas City,MO,39.049,-94.4839,Outdoor,Grass,1020.0,1972.0,13.9,0.0,25.92,73.0,1023.2
2019,5,22,Chase Mclaughlin,los_angeles_chargers,8.0,20.54,8.0,8.0,45,2,3,66.7,0,0,1,1,0,2019-10-06,4:05PM,SoFi Stadium,Inglewood,CA,33.9535,-118.3392,Outdoor,Turf,100.0,2020.0,20.5,0.0,71.28,68.0,1014.3
2019,5,23,Chase Mclaughlin,minnesota_vikings,8.0,20.54,8.0,8.0,45,2,3,66.7,0,0,1,1,0,2019-10-06,1:00PM,MetLife Stadium,East Rutherford,NJ,40.8136,-74.0744,Outdoor,Turf,3.0,2010.0,19.4,0.1,65.52,78.0,1025.9
2019,5,24,Chase Mclaughlin,san_francisco_49ers,8.0,20.54,8.0,8.0,45,2,3,66.7,0,0,1,1,0,2019-10-07,8:15PM,Levi's Stadium,Santa Clara,CA,37.403,-121.9692,Outdoor,Grass,13.0,2014.0,22.2,0.0,47.52,44.0,1012.4
2019,5,25,Jason Myers,seattle_seahawks,7.0,15.8,7.0,7.0,42,1,2,50.0,0,0,0,1,0,2019-10-03,8:20PM,Lumen Field,Seattle,WA,47.5952,-122.3316,Outdoor,Turf,20.0,2002.0,11.4,0.1,38.52,85.0,1015.8
2019,5,26,Brett Maher,dallas_cowboys,6.0,11.96,6.0,6.0,36,1,3,33.3,0,0,1,0,0,2019-10-06,4:25PM,AT&T Stadium,Arlington,TX,32.7473,-97.0945,Indoor,Turf,639.0,2009.0,35.0,0.0,27.72,31.0,1012.1
2019,5,27,Robbie Gould,san_francisco_49ers,8.0,11.9,8.0,8.0,44,1,4,25.0,0,0,0,1,0,2019-10-07,8:15PM,Levi's Stadium,Santa Clara,CA,37.403,-121.9692,Outdoor,Grass,13.0,2014.0,22.2,0.0,47.52,44.0,1012.4
2019,5,28,Joey Slye,carolina_panthers,4.0,3.2,4.0,4.0,0,0,2,0.0,0,0,0,0,0,2019-10-06,1:00PM,Bank of America Stadium,Charlotte,NC,35.2258,-80.8528,Outdoor,Grass,748.0,1996.0,24.2,0.0,25.2,61.0,1024.7
2019,5,29,Eddy Pineiro,chicago_bears,3.0,2.1,3.0,3.0,0,0,0,0.0,0,0,0,0,0,2019-10-06,1:00PM,Allegiant Stadium,Las Vegas,NV,36.0908,-115.183,Indoor,Turf,2001.0,2020.0,26.9,0.0,34.2,11.0,1019.3
2019,5,30,Cairo Santos,tennessee_titans,1.0,1.5,1.0,1.0,0,0,4,0.0,0,0,0,0,0,2019-10-06,1:00PM,Nissan Stadium,Nashville,TN,36.1665,-86.7713,Outdoor,Grass,476.0,1999.0,27.1,0.3,42.12,66.0,1018.9
2019,5,31,Stephen Hauschka,unknown,2.0,1.4,2.0,2.0,0,0,0,0.0,0,0,0,0,0,,,,,,,,,,,,,,,,
2019,5,32,Dustin Hopkins,unknown,1.0,0.7,1.0,1.0,0,0,0,0.0,0,0,0,0,0,,,,,,,,,,,,,,,,
2019,5,33,Sam Ficken,new_york_jets,0.0,0.2,0.0,0.0,0,0,1,0.0,0,0,0,0,0,2019-10-06,1:00PM,Lincoln Financial Field,Philadelphia,PA,39.9008,-75.1675,Outdoor,Grass,30.0,2003.0,22.0,0.0,93.24,65.0,1025.2
2019,5,34,Ty Long,los_angeles_chargers,0.0,0.0,0.0,0.0,0,0,0,0.0,0,0,0,0,0,2019-10-06,4:05PM,SoFi Stadium,Inglewood,CA,33.9535,-118.3392,Outdoor,Turf,100.0,2020.0,20.5,0.0,71.28,68.0,1014.3
2019,6,1,Matt Prater,detroit_lions,21.0,38.4,21.0,21.0,54,5,5,100.0,0,2,0,1,2,2019-10-14,8:15PM,Lambeau Field,Green Bay,WI,44.5013,-88.0622,Outdoor,Grass,640.0,1957.0,4.8,0.0,29.880000000000003,71.0,1016.7
2019,6,2,Justin Tucker,baltimore_ravens,13.0,31.3,13.0,13.0,49,3,3,100.0,0,1,0,2,0,2019-10-13,1:00PM,M&T Bank Stadium,Baltimore,MD,39.2779,-76.6227,Outdoor,Grass,10.0,1998.0,16.7,0.0,31.680000000000003,43.0,1019.0
2019,6,3,Brandon Mcmanus,denver_broncos,13.0,31.2,13.0,13.0,53,3,3,100.0,0,0,1,1,1,2019-10-13,4:25PM,Empower Field at Mile High,Denver,CO,39.7439,-105.0201,Outdoor,Turf,5280.0,2001.0,20.8,0.0,32.4,8.0,1007.8
2019,6,4,Mason Crosby,green_bay_packers,12.0,30.6,12.0,12.0,48,3,3,100.0,0,1,1,1,0,2019-10-14,8:15PM,Lambeau Field,Green Bay,WI,44.5013,-88.0622,Outdoor,Grass,640.0,1957.0,4.8,0.0,29.880000000000003,71.0,1016.7
2019,6,5,Zane Gonzalez,arizona_cardinals,10.0,28.5,10.0,10.0,39,2,2,100.0,0,1,1,0,0,2019-10-13,4:05PM,State Farm Stadium,Glendale,AZ,33.5275,-112.2625,Indoor,Turf,1070.0,2006.0,31.8,0.0,18.72,12.0,1007.7
2019,6,6,Matt Bryant,atlanta_falcons,10.0,28.5,10.0,10.0,44,2,2,100.0,0,1,0,1,0,2019-10-13,4:05PM,State Farm Stadium,Glendale,AZ,33.5275,-112.2625,Indoor,Turf,1070.0,2006.0,31.8,0.0,18.72,12.0,1007.7
2019,6,7,Jake Elliott,philadelphia_eagles,10.0,28.4,10.0,10.0,53,2,2,100.0,0,0,0,1,1,2019-10-13,1:00PM,U.S. Bank Stadium,Minneapolis,MN,44.974,-93.2581,Indoor,Turf,840.0,2016.0,6.0,0.1,67.68,66.0,1008.6
2019,6,8,Brett Maher,dallas_cowboys,14.0,27.1,14.0,14.0,62,3,4,75.0,0,0,1,0,2,2019-10-13,4:25PM,MetLife Stadium,East Rutherford,NJ,40.8136,-74.0744,Outdoor,Turf,3.0,2010.0,17.8,0.0,11.16,51.0,1017.4
2019,6,9,Jason Myers,seattle_seahawks,8.0,27.1,8.0,8.0,38,2,2,100.0,0,1,1,0,0,2019-10-13,1:00PM,FirstEnergy Stadium,Cleveland,OH,41.5061,-81.6995,Outdoor,Grass,577.0,1999.0,16.3,0.0,95.76,39.0,1013.0
2019,6,10,Wil Lutz,new_orleans_saints,8.0,27.1,8.0,8.0,47,2,2,100.0,0,1,0,1,0,2019-10-13,1:00PM,TIAA Bank Field,Jacksonville,FL,30.3239,-81.6373,Outdoor,Grass,16.0,1995.0,27.1,0.0,26.28,62.0,1017.8
2019,6,11,Dan Bailey,minnesota_vikings,8.0,26.3,8.0,8.0,39,1,1,100.0,0,0,1,0,0,2019-10-13,1:00PM,U.S. Bank Stadium,Minneapolis,MN,44.974,-93.2581,Indoor,Turf,840.0,2016.0,6.0,0.1,67.68,66.0,1008.6
2019,6,12,Josh Lambo,jacksonville_jaguars,6.0,25.7,6.0,6.0,32,2,2,100.0,0,1,1,0,0,2019-10-13,1:00PM,TIAA Bank Field,Jacksonville,FL,30.3239,-81.6373,Outdoor,Grass,16.0,1995.0,27.1,0.0,26.28,62.0,1017.8
2019,6,13,Chris Boswell,pittsburgh_steelers,6.0,25.0,6.0,6.0,20,1,1,100.0,0,1,0,0,0,2019-10-13,8:20PM,SoFi Stadium,Inglewood,CA,33.9535,-118.3392,Outdoor,Turf,100.0,2020.0,17.4,0.0,23.040000000000003,85.0,1011.0
2019,6,14,Matt Gay,tampa_bay_buccaneers,6.0,24.9,6.0,6.0,54,1,1,100.0,0,0,0,0,1,2019-10-13,9:30AM,Raymond James Stadium,Tampa,FL,27.9759,-82.5033,Outdoor,Grass,26.0,1998.0,24.7,0.0,33.84,76.0,1018.0
2019,6,15,Sam Ficken,new_york_jets,6.0,24.9,6.0,6.0,38,1,1,100.0,0,0,1,0,0,2019-10-13,4:25PM,MetLife Stadium,East Rutherford,NJ,40.8136,-74.0744,Outdoor,Turf,3.0,2010.0,17.8,0.0,11.16,51.0,1017.4
2019,6,16,Randy Bullock,cincinnati_bengals,5.0,24.3,5.0,5.0,22,1,1,100.0,0,1,0,0,0,2019-10-13,1:00PM,M&T Bank Stadium,Baltimore,MD,39.2779,-76.6227,Outdoor,Grass,10.0,1998.0,16.7,0.0,31.680000000000003,43.0,1019.0
2019,6,17,Jason Sanders,miami_dolphins,4.0,23.5,4.0,4.0,39,1,1,100.0,0,0,1,0,0,2019-10-13,1:00PM,Hard Rock Stadium,Miami Gardens,FL,25.958,-80.238,Outdoor,Grass,7.0,1987.0,27.5,0.4,50.04,73.0,1016.7
2019,6,18,Robbie Gould,san_francisco_49ers,8.0,20.64,8.0,8.0,34,2,3,66.7,0,1,1,0,0,2019-10-13,4:05PM,SoFi Stadium,Inglewood,CA,33.9535,-118.3392,Outdoor,Turf,100.0,2020.0,19.9,0.0,62.28,64.0,1010.4
2019,6,19,Joey Slye,carolina_panthers,4.0,17.0,4.0,4.0,49,3,5,60.0,0,0,0,0,0,2019-10-13,9:30AM,Raymond James Stadium,Tampa,FL,27.9759,-82.5033,Outdoor,Grass,26.0,1998.0,24.7,0.0,33.84,76.0,1018.0
2019,6,20,Harrison Butker,kansas_city_chiefs,7.0,15.8,7.0,7.0,41,1,2,50.0,0,0,0,1,0,2019-10-13,1:00PM,GEHA Field at Arrowhead Stadium,Kansas City,MO,39.049,-94.4839,Outdoor,Grass,1020.0,1972.0,15.1,0.0,15.48,38.0,1015.2
2019,6,21,Ka'Imi Fairbairn,houston_texans,6.0,15.1,6.0,6.0,44,1,2,50.0,0,0,0,1,0,2019-10-13,1:00PM,GEHA Field at Arrowhead Stadium,Kansas City,MO,39.049,-94.4839,Outdoor,Grass,1020.0,1972.0,15.1,0.0,15.48,38.0,1015.2
2019,6,22,Dustin Hopkins,unknown,5.0,14.5,5.0,5.0,21,1,2,50.0,0,1,0,0,0,,,,,,,,,,,,,,,,
2019,6,23,Chase Mclaughlin,indianapolis_colts,5.0,14.4,5.0,5.0,38,1,2,50.0,0,0,1,0,0,,,,,,,,,,,,,,,,
2019,6,24,Chase Mclaughlin,los_angeles_chargers,5.0,14.4,5.0,5.0,38,1,2,50.0,0,0,1,0,0,2019-10-13,8:20PM,SoFi Stadium,Inglewood,CA,33.9535,-118.3392,Outdoor,Turf,100.0,2020.0,17.4,0.0,23.040000000000003,85.0,1011.0
2019,6,25,Chase Mclaughlin,minnesota_vikings,5.0,14.4,5.0,5.0,38,1,2,50.0,0,0,1,0,0,2019-10-13,1:00PM,U.S. Bank Stadium,Minneapolis,MN,44.974,-93.2581,Indoor,Turf,840.0,2016.0,6.0,0.1,67.68,66.0,1008.6
2019,6,26,Chase Mclaughlin,san_francisco_49ers,5.0,14.4,5.0,5.0,38,1,2,50.0,0,0,1,0,0,2019-10-13,4:05PM,SoFi Stadium,Inglewood,CA,33.9535,-118.3392,Outdoor,Turf,100.0,2020.0,19.9,0.0,62.28,64.0,1010.4
2019,6,27,Mike Nugent,new_england_patriots,5.0,3.7,5.0,5.0,0,0,1,0.0,0,0,0,0,0,2019-10-10,8:20PM,Gillette Stadium,Foxborough,MA,42.0909,-71.2643,Outdoor,Turf,289.0,2002.0,12.6,0.0,88.2,60.0,1023.0
2019,6,28,Aldrick Rosas,new_york_giants,2.0,1.4,2.0,2.0,0,0,0,0.0,0,0,0,0,0,2019-10-10,8:20PM,Gillette Stadium,Foxborough,MA,42.0909,-71.2643,Outdoor,Turf,289.0,2002.0,12.6,0.0,88.2,60.0,1023.0
2019,6,29,Austin Seibert,cleveland_browns,2.0,1.4,2.0,2.0,0,0,0,0.0,0,0,0,0,0,2019-10-13,1:00PM,FirstEnergy Stadium,Cleveland,OH,41.5061,-81.6995,Outdoor,Grass,577.0,1999.0,16.3,0.0,95.76,39.0,1013.0
2019,6,30,Greg Zuerlein,los_angeles_rams,1.0,0.7,1.0,1.0,0,0,0,0.0,0,0,0,0,0,2019-10-13,4:05PM,SoFi Stadium,Inglewood,CA,33.9535,-118.3392,Outdoor,Turf,100.0,2020.0,19.9,0.0,62.28,64.0,1010.4
2019,6,31,Cody Parkey,tennessee_titans,0.0,0.0,0.0,0.0,0,0,0,0.0,0,0,0,0,0,2019-10-13,4:25PM,Empower Field at Mile High,Denver,CO,39.7439,-105.0201,Outdoor,Turf,5280.0,2001.0,20.8,0.0,32.4,8.0,1007.8
2019,6,32,Ty Long,los_angeles_chargers,0.0,0.0,0.0,0.0,0,0,0,0.0,0,0,0,0,0,2019-10-13,8:20PM,SoFi Stadium,Inglewood,CA,33.9535,-118.3392,Outdoor,Turf,100.0,2020.0,17.4,0.0,23.040000000000003,85.0,1011.0
2019,6,33,Kasey Redfern,atlanta_falcons,0.0,0.0,0.0,0.0,0,0,0,0.0,0,0,0,0,0,2019-10-13,4:05PM,State Farm Stadium,Glendale,AZ,33.5275,-112.2625,Indoor,Turf,1070.0,2006.0,31.8,0.0,18.72,12.0,1007.7
2019,7,1,Brett Maher,dallas_cowboys,15.0,32.8,15.0,15.0,63,3,3,100.0,0,2,0,0,1,2019-10-20,8:20PM,AT&T Stadium,Arlington,TX,32.7473,-97.0945,Indoor,Turf,639.0,2009.0,25.3,0.0,91.08,75.0,1002.6
2019,7,2,Josh Lambo,jacksonville_jaguars,13.0,32.2,13.0,13.0,37,4,4,100.0,0,3,1,0,0,2019-10-20,1:00PM,Paycor Stadium,Cincinnati,OH,39.0954,-84.516,Outdoor,Turf,482.0,2000.0,20.9,0.0,7.56,60.0,1012.4
2019,7,3,Stephen Hauschka,unknown,13.0,31.2,13.0,13.0,45,3,3,100.0,0,0,1,2,0,,,,,,,,,,,,,,,,
2019,7,4,Justin Tucker,baltimore_ravens,12.0,30.8,12.0,12.0,28,3,3,100.0,0,3,0,0,0,2019-10-20,4:25PM,Lumen Field,Seattle,WA,47.5952,-122.3316,Outdoor,Turf,20.0,2002.0,11.8,0.1,92.16,86.0,1010.7
2019,7,5,Harrison Butker,kansas_city_chiefs,12.0,30.6,12.0,12.0,39,3,3,100.0,0,1,2,0,0,2019-10-17,8:20PM,Empower Field at Mile High,Denver,CO,39.7439,-105.0201,Outdoor,Turf,5280.0,2001.0,11.8,0.0,32.04,36.0,996.9
2019,7,6,Ka'Imi Fairbairn,houston_texans,12.0,30.6,12.0,12.0,47,3,3,100.0,0,1,1,1,0,2019-10-20,1:00PM,Lucas Oil Stadium,Indianapolis,IN,39.7601,-86.1639,Indoor,Turf,700.0,2008.0,19.8,0.0,2.8800000000000003,53.0,1012.5
2019,7,7,Chase Mclaughlin,indianapolis_colts,10.0,28.5,10.0,10.0,50,2,2,100.0,0,1,0,0,1,2019-10-20,1:00PM,Lucas Oil Stadium,Indianapolis,IN,39.7601,-86.1639,Indoor,Turf,700.0,2008.0,19.8,0.0,2.8800000000000003,53.0,1012.5
2019,7,8,Chase Mclaughlin,los_angeles_chargers,10.0,28.5,10.0,10.0,50,2,2,100.0,0,1,0,0,1,2019-10-20,4:05PM,Nissan Stadium,Nashville,TN,36.1665,-86.7713,Outdoor,Grass,476.0,1999.0,22.5,0.0,14.4,57.0,1011.8
2019,7,9,Chase Mclaughlin,minnesota_vikings,10.0,28.5,10.0,10.0,50,2,2,100.0,0,1,0,0,1,2019-10-20,1:00PM,Ford Field,Detroit,MI,42.34,-83.0456,Indoor,Turf,600.0,2002.0,16.8,0.0,7.920000000000001,64.0,1012.0
2019,7,10,Chase Mclaughlin,san_francisco_49ers,10.0,28.5,10.0,10.0,50,2,2,100.0,0,1,0,0,1,2019-10-20,1:00PM,FedExField,Landover,MD,38.9078,-76.8645,Outdoor,Grass,300.0,1997.0,12.3,2.7,73.08,100.0,1012.5
2019,7,11,Zane Gonzalez,arizona_cardinals,10.0,28.4,10.0,10.0,47,2,2,100.0,0,0,1,1,0,2019-10-20,1:00PM,MetLife Stadium,East Rutherford,NJ,40.8136,-74.0744,Outdoor,Turf,3.0,2010.0,14.7,1.2,23.040000000000003,88.0,1017.5
2019,7,12,Greg Zuerlein,los_angeles_rams,15.0,28.0,15.0,15.0,55,3,4,75.0,0,2,0,0,1,2019-10-20,1:00PM,Mercedes-Benz Stadium,Atlanta,GA,33.755,-84.4008,Indoor,Turf,1050.0,2017.0,21.3,0.0,71.64,68.0,1013.4
2019,7,13,Matt Prater,detroit_lions,7.0,25.6,7.0,7.0,46,1,1,100.0,0,0,0,1,0,2019-10-20,1:00PM,Ford Field,Detroit,MI,42.34,-83.0456,Indoor,Turf,600.0,2002.0,16.8,0.0,7.920000000000001,64.0,1012.0
2019,7,14,Mike Nugent,new_england_patriots,7.0,25.6,7.0,7.0,34,1,1,100.0,0,0,1,0,0,2019-10-21,8:15PM,MetLife Stadium,East Rutherford,NJ,40.8136,-74.0744,Outdoor,Turf,3.0,2010.0,11.8,0.0,34.92,89.0,1019.4
2019,7,15,Daniel Carlson,unknown,7.0,25.6,7.0,7.0,45,1,1,100.0,0,0,0,1,0,,,,,,,,,,,,,,,,
2019,7,16,Cody Parkey,tennessee_titans,6.0,24.9,6.0,6.0,45,1,1,100.0,0,0,0,1,0,2019-10-20,4:05PM,Nissan Stadium,Nashville,TN,36.1665,-86.7713,Outdoor,Grass,476.0,1999.0,22.5,0.0,14.4,57.0,1011.8
2019,7,17,Eddy Pineiro,chicago_bears,6.0,24.9,6.0,6.0,46,1,1,100.0,0,0,0,1,0,2019-10-20,4:25PM,Soldier Field,Chicago,IL,41.8623,-87.6167,Outdoor,Grass,595.0,1924.0,12.3,0.0,41.76,89.0,1013.4
2019,7,18,Jason Myers,seattle_seahawks,10.0,24.3,10.0,10.0,35,3,4,75.0,0,0,3,0,0,2019-10-20,4:25PM,Lumen Field,Seattle,WA,47.5952,-122.3316,Outdoor,Turf,20.0,2002.0,11.8,0.1,92.16,86.0,1010.7
2019,7,19,Randy Bullock,cincinnati_bengals,5.0,24.2,5.0,5.0,38,1,1,100.0,0,0,1,0,0,2019-10-20,1:00PM,Paycor Stadium,Cincinnati,OH,39.0954,-84.516,Outdoor,Turf,482.0,2000.0,20.9,0.0,7.56,60.0,1012.4
2019,7,20,Robbie Gould,san_francisco_49ers,9.0,23.9,9.0,9.0,29,3,4,75.0,0,3,0,0,0,2019-10-20,1:00PM,FedExField,Landover,MD,38.9078,-76.8645,Outdoor,Grass,300.0,1997.0,12.3,2.7,73.08,100.0,1012.5
2019,7,21,Jake Elliott,philadelphia_eagles,4.0,23.5,4.0,4.0,38,1,1,100.0,0,0,1,0,0,2019-10-20,8:20PM,AT&T Stadium,Arlington,TX,32.7473,-97.0945,Indoor,Turf,639.0,2009.0,25.3,0.0,91.08,75.0,1002.6
2019,7,22,Wil Lutz,new_orleans_saints,10.0,18.8,10.0,10.0,39,2,4,50.0,0,0,2,0,0,2019-10-20,4:25PM,Soldier Field,Chicago,IL,41.8623,-87.6167,Outdoor,Grass,595.0,1924.0,12.3,0.0,41.76,89.0,1013.4
2019,7,23,Matt Bryant,atlanta_falcons,6.0,15.1,6.0,6.0,52,1,2,50.0,0,0,0,0,1,2019-10-20,1:00PM,Mercedes-Benz Stadium,Atlanta,GA,33.755,-84.4008,Indoor,Turf,1050.0,2017.0,21.3,0.0,71.64,68.0,1013.4
2019,7,24,Dan Bailey,minnesota_vikings,6.0,4.4,6.0,6.0,0,0,1,0.0,0,0,0,0,0,2019-10-20,1:00PM,Ford Field,Detroit,MI,42.34,-83.0456,Indoor,Turf,600.0,2002.0,16.8,0.0,7.920000000000001,64.0,1012.0
2019,7,25,Mason Crosby,green_bay_packers,6.0,4.2,6.0,6.0,0,0,0,0.0,0,0,0,0,0,2019-10-20,1:00PM,Lambeau Field,Green Bay,WI,44.5013,-88.0622,Outdoor,Grass,640.0,1957.0,15.5,0.0,11.16,60.0,1012.6
2019,7,26,Adam Vinatieri,indianapolis_colts,4.0,2.8,4.0,4.0,0,0,0,0.0,0,0,0,0,0,2019-10-20,1:00PM,Lucas Oil Stadium,Indianapolis,IN,39.7601,-86.1639,Indoor,Turf,700.0,2008.0,19.8,0.0,2.8800000000000003,53.0,1012.5
2019,7,27,Aldrick Rosas,new_york_giants,3.0,2.3,3.0,3.0,0,0,1,0.0,0,0,0,0,0,2019-10-20,1:00PM,MetLife Stadium,East Rutherford,NJ,40.8136,-74.0744,Outdoor,Turf,3.0,2010.0,14.7,1.2,23.040000000000003,88.0,1017.5
2019,7,28,Jason Sanders,miami_dolphins,3.0,2.1,3.0,3.0,0,0,0,0.0,0,0,0,0,0,2019-10-20,1:00PM,Highmark Stadium,Orchard Park,NY,42.7738,-78.7868,Outdoor,Grass,600.0,1973.0,17.1,0.0,24.840000000000003,54.0,1012.4
2019,7,29,Dustin Hopkins,unknown,0.0,0.2,0.0,0.0,0,0,1,0.0,0,0,0,0,0,,,,,,,,,,,,,,,,
2019,7,30,Brandon Mcmanus,denver_broncos,0.0,0.2,0.0,0.0,0,0,1,0.0,0,0,0,0,0,2019-10-17,8:20PM,Empower Field at Mile High,Denver,CO,39.7439,-105.0201,Outdoor,Turf,5280.0,2001.0,11.8,0.0,32.04,36.0,996.9
2019,7,31,Kasey Redfern,atlanta_falcons,0.0,0.0,0.0,0.0,0,0,0,0.0,0,0,0,0,0,2019-10-20,1:00PM,Mercedes-Benz Stadium,Atlanta,GA,33.755,-84.4008,Indoor,Turf,1050.0,2017.0,21.3,0.0,71.64,68.0,1013.4
2019,7,32,Ty Long,los_angeles_chargers,0.0,0.0,0.0,0.0,0,0,0,0.0,0,0,0,0,0,2019-10-20,4:05PM,Nissan Stadium,Nashville,TN,36.1665,-86.7713,Outdoor,Grass,476.0,1999.0,22.5,0.0,14.4,57.0,1011.8
2019,7,33,Sam Ficken,new_york_jets,0.0,0.0,0.0,0.0,0,0,0,0.0,0,0,0,0,0,2019-10-21,8:15PM,MetLife Stadium,East Rutherford,NJ,40.8136,-74.0744,Outdoor,Turf,3.0,2010.0,11.8,0.0,34.92,89.0,1019.4
2019,8,1,Dan Bailey,minnesota_vikings,16.0,34.2,16.0,16.0,50,4,4,100.0,0,2,0,1,1,2019-10-24,8:20PM,U.S. Bank Stadium,Minneapolis,MN,44.974,-93.2581,Indoor,Turf,840.0,2016.0,0.8,0.0,21.24,79.0,1028.5
2019,8,2,Josh Lambo,jacksonville_jaguars,12.0,30.7,12.0,12.0,43,3,3,100.0,0,2,0,1,0,2019-10-27,1:00PM,TIAA Bank Field,Jacksonville,FL,30.3239,-81.6373,Outdoor,Grass,16.0,1995.0,28.2,0.3,74.16000000000001,75.0,1015.1
2019,8,3,Cody Parkey,tennessee_titans,12.0,29.8,12.0,12.0,51,2,2,100.0,0,0,0,1,1,2019-10-27,1:00PM,Nissan Stadium,Nashville,TN,36.1665,-86.7713,Outdoor,Grass,476.0,1999.0,16.5,0.0,6.48,74.0,1017.4
2019,8,4,Jason Myers,seattle_seahawks,12.0,29.8,12.0,12.0,54,2,2,100.0,0,0,0,1,1,2019-10-27,1:00PM,Mercedes-Benz Stadium,Atlanta,GA,33.755,-84.4008,Indoor,Turf,1050.0,2017.0,18.5,0.0,53.28,64.0,1015.9
2019,8,5,Zane Gonzalez,arizona_cardinals,11.0,29.8,11.0,11.0,50,3,3,100.0,0,0,2,0,1,2019-10-27,1:00PM,Caesars Superdome,New Orleans,LA,29.9509,-90.0815,Indoor,Turf,3.0,1975.0,17.9,0.0,15.840000000000002,73.0,1017.4
2019,8,6,Matt Gay,tampa_bay_buccaneers,10.0,29.3,10.0,10.0,48,3,3,100.0,0,2,0,1,0,2019-10-27,1:00PM,Nissan Stadium,Nashville,TN,36.1665,-86.7713,Outdoor,Grass,476.0,1999.0,16.5,0.0,6.48,74.0,1017.4
2019,8,7,Dustin Hopkins,unknown,10.0,29.2,10.0,10.0,43,3,3,100.0,0,1,1,1,0,,,,,,,,,,,,,,,,
2019,8,8,Ka'Imi Fairbairn,houston_texans,10.0,28.4,10.0,10.0,40,2,2,100.0,0,0,1,1,0,2019-10-27,4:25PM,NRG Stadium,Houston,TX,29.6847,-95.4107,Indoor,Turf,50.0,2002.0,24.1,0.0,37.440000000000005,55.0,1013.9
2019,8,9,Adam Vinatieri,indianapolis_colts,14.0,27.1,14.0,14.0,55,3,4,75.0,0,0,0,1,2,2019-10-27,1:00PM,Lucas Oil Stadium,Indianapolis,IN,39.7601,-86.1639,Indoor,Turf,700.0,2008.0,14.1,0.0,48.96,63.0,1015.7
2019,8,10,Robbie Gould,san_francisco_49ers,9.0,27.1,9.0,9.0,20,1,1,100.0,0,1,0,0,0,2019-10-27,4:05PM,Levi's Stadium,Santa Clara,CA,37.403,-121.9692,Outdoor,Grass,13.0,2014.0,21.9,0.0,107.64,11.0,1010.2
2019,8,11,Austin Seibert,cleveland_browns,8.0,27.0,8.0,8.0,47,2,2,100.0,0,0,1,1,0,2019-10-27,4:25PM,Gillette Stadium,Foxborough,MA,42.0909,-71.2643,Outdoor,Turf,289.0,2002.0,9.7,5.1,92.52,100.0,1010.8
2019,8,12,Brandon Mcmanus,denver_broncos,7.0,26.5,7.0,7.0,29,2,2,100.0,0,2,0,0,0,2019-10-27,1:00PM,Lucas Oil Stadium,Indianapolis,IN,39.7601,-86.1639,Indoor,Turf,700.0,2008.0,14.1,0.0,48.96,63.0,1015.7
2019,8,13,Daniel Carlson,unknown,7.0,25.6,7.0,7.0,44,1,1,100.0,0,0,0,1,0,,,,,,,,,,,,,,,,
2019,8,14,Mason Crosby,green_bay_packers,7.0,25.6,7.0,7.0,35,1,1,100.0,0,0,1,0,0,2019-10-27,8:20PM,GEHA Field at Arrowhead Stadium,Kansas City,MO,39.049,-94.4839,Outdoor,Grass,1020.0,1972.0,11.0,0.0,63.0,67.0,1016.3
2019,8,15,Greg Zuerlein,los_angeles_rams,6.0,25.0,6.0,6.0,23,1,1,100.0,0,1,0,0,0,2019-10-27,1:00PM,SoFi Stadium,Inglewood,CA,33.9535,-118.3392,Outdoor,Turf,100.0,2020.0,20.6,0.0,73.08,63.0,1008.3
2019,8,16,Jake Elliott,philadelphia_eagles,5.0,24.2,5.0,5.0,37,1,1,100.0,0,0,1,0,0,2019-10-27,1:00PM,Highmark Stadium,Orchard Park,NY,42.7738,-78.7868,Outdoor,Grass,600.0,1973.0,13.2,0.0,147.24,76.0,1005.8
2019,8,17,Randy Bullock,cincinnati_bengals,4.0,23.6,4.0,4.0,28,1,1,100.0,0,1,0,0,0,2019-10-27,1:00PM,SoFi Stadium,Inglewood,CA,33.9535,-118.3392,Outdoor,Turf,100.0,2020.0,20.6,0.0,73.08,63.0,1008.3
2019,8,18,Joey Slye,carolina_panthers,4.0,23.5,4.0,4.0,41,1,1,100.0,0,0,0,1,0,2019-10-27,4:05PM,Levi's Stadium,Santa Clara,CA,37.403,-121.9692,Outdoor,Grass,13.0,2014.0,21.9,0.0,107.64,11.0,1010.2
2019,8,19,Chris Boswell,pittsburgh_steelers,11.0,22.64,11.0,11.0,42,2,3,66.7,0,0,0,2,0,2019-10-28,8:15PM,Acrisure Stadium,Pittsburgh,PA,40.4468,-80.0158,Outdoor,Grass,730.0,2001.0,12.3,0.0,22.68,83.0,1018.3
2019,8,20,Eddy Pineiro,chicago_bears,10.0,21.7,10.0,10.0,25,3,5,60.0,1,2,0,0,0,2019-10-27,1:00PM,Soldier Field,Chicago,IL,41.8623,-87.6167,Outdoor,Grass,595.0,1924.0,12.5,0.0,49.32,53.0,1013.2
2019,8,21,Mike Nugent,new_england_patriots,9.0,18.3,9.0,9.0,29,2,4,50.0,0,2,0,0,0,2019-10-27,4:25PM,Gillette Stadium,Foxborough,MA,42.0909,-71.2643,Outdoor,Turf,289.0,2002.0,9.7,5.1,92.52,100.0,1010.8
2019,8,22,Matt Prater,detroit_lions,9.0,17.2,9.0,9.0,52,1,2,50.0,0,0,0,0,1,2019-10-27,1:00PM,Ford Field,Detroit,MI,42.34,-83.0456,Indoor,Turf,600.0,2002.0,13.9,0.0,121.68,69.0,1007.9
2019,8,23,Matt Bryant,atlanta_falcons,7.0,16.7,7.0,7.0,47,2,4,50.0,0,0,1,1,0,2019-10-27,1:00PM,Mercedes-Benz Stadium,Atlanta,GA,33.755,-84.4008,Indoor,Turf,1050.0,2017.0,18.5,0.0,53.28,64.0,1015.9
2019,8,24,Wil Lutz,new_orleans_saints,7.0,15.9,7.0,7.0,26,1,2,50.0,0,1,0,0,0,2019-10-27,1:00PM,Caesars Superdome,New Orleans,LA,29.9509,-90.0815,Indoor,Turf,3.0,1975.0,17.9,0.0,15.840000000000002,73.0,1017.4
2019,8,25,Harrison Butker,kansas_city_chiefs,6.0,15.2,6.0,6.0,28,1,2,50.0,0,1,0,0,0,2019-10-27,8:20PM,GEHA Field at Arrowhead Stadium,Kansas City,MO,39.049,-94.4839,Outdoor,Grass,1020.0,1972.0,11.0,0.0,63.0,67.0,1016.3
2019,8,26,Chase Mclaughlin,indianapolis_colts,5.0,14.5,5.0,5.0,20,1,2,50.0,0,1,0,0,0,2019-10-27,1:00PM,Lucas Oil Stadium,Indianapolis,IN,39.7601,-86.1639,Indoor,Turf,700.0,2008.0,14.1,0.0,48.96,63.0,1015.7
2019,8,27,Chase Mclaughlin,los_angeles_chargers,5.0,14.5,5.0,5.0,20,1,2,50.0,0,1,0,0,0,2019-10-27,1:00PM,Soldier Field,Chicago,IL,41.8623,-87.6167,Outdoor,Grass,595.0,1924.0,12.5,0.0,49.32,53.0,1013.2
2019,8,28,Chase Mclaughlin,minnesota_vikings,5.0,14.5,5.0,5.0,20,1,2,50.0,0,1,0,0,0,2019-10-24,8:20PM,U.S. Bank Stadium,Minneapolis,MN,44.974,-93.2581,Indoor,Turf,840.0,2016.0,0.8,0.0,21.24,79.0,1028.5
2019,8,29,Chase Mclaughlin,san_francisco_49ers,5.0,14.5,5.0,5.0,20,1,2,50.0,0,1,0,0,0,2019-10-27,4:05PM,Levi's Stadium,Santa Clara,CA,37.403,-121.9692,Outdoor,Grass,13.0,2014.0,21.9,0.0,107.64,11.0,1010.2
2019,8,30,Jason Sanders,miami_dolphins,2.0,1.4,2.0,2.0,0,0,0,0.0,0,0,0,0,0,2019-10-28,8:15PM,Acrisure Stadium,Pittsburgh,PA,40.4468,-80.0158,Outdoor,Grass,730.0,2001.0,12.3,0.0,22.68,83.0,1018.3
2019,8,31,Aldrick Rosas,new_york_giants,2.0,1.4,2.0,2.0,0,0,0,0.0,0,0,0,0,0,2019-10-27,1:00PM,Ford Field,Detroit,MI,42.34,-83.0456,Indoor,Turf,600.0,2002.0,13.9,0.0,121.68,69.0,1007.9
2019,8,32,Stephen Hauschka,unknown,1.0,0.9,1.0,1.0,0,0,1,0.0,0,0,0,0,0,,,,,,,,,,,,,,,,
2019,8,33,Sam Ficken,new_york_jets,1.0,0.7,1.0,1.0,0,0,0,0.0,0,0,0,0,0,2019-10-27,1:00PM,TIAA Bank Field,Jacksonville,FL,30.3239,-81.6373,Outdoor,Grass,16.0,1995.0,28.2,0.3,74.16000000000001,75.0,1015.1
2019,8,34,Kasey Redfern,atlanta_falcons,0.0,0.0,0.0,0.0,0,0,0,0.0,0,0,0,0,0,2019-10-27,1:00PM,Mercedes-Benz Stadium,Atlanta,GA,33.755,-84.4008,Indoor,Turf,1050.0,2017.0,18.5,0.0,53.28,64.0,1015.9
2019,8,35,Ty Long,los_angeles_chargers,0.0,0.0,0.0,0.0,0,0,0,0.0,0,0,0,0,0,2019-10-27,1:00PM,Soldier Field,Chicago,IL,41.8623,-87.6167,Outdoor,Grass,595.0,1924.0,12.5,0.0,49.32,53.0,1013.2
2019,9,1,Harrison Butker,kansas_city_chiefs,18.0,35.5,18.0,18.0,54,4,4,100.0,0,1,0,2,1,2019-11-03,1:00PM,GEHA Field at Arrowhead Stadium,Kansas City,MO,39.049,-94.4839,Outdoor,Grass,1020.0,1972.0,13.7,0.0,67.68,44.0,1017.5
2019,9,2,Chris Boswell,pittsburgh_steelers,16.0,34.2,16.0,16.0,51,4,4,100.0,0,2,1,0,1,2019-11-03,1:00PM,Acrisure Stadium,Pittsburgh,PA,40.4468,-80.0158,Outdoor,Grass,730.0,2001.0,7.6,0.0,53.28,46.0,1024.3
2019,9,3,Austin Seibert,cleveland_browns,13.0,32.0,13.0,13.0,39,4,4,100.0,0,1,3,0,0,2019-11-03,4:25PM,Empower Field at Mile High,Denver,CO,39.7439,-105.0201,Outdoor,Turf,5280.0,2001.0,8.7,0.0,12.6,41.0,1011.6
2019,9,4,Aldrick Rosas,new_york_giants,12.0,31.6,12.0,12.0,29,4,4,100.0,0,4,0,0,0,2019-11-04,8:15PM,MetLife Stadium,East Rutherford,NJ,40.8136,-74.0744,Outdoor,Turf,3.0,2010.0,10.6,0.0,64.44,65.0,1026.2
2019,9,5,Michael Badgley,unknown,16.0,30.3,16.0,16.0,43,4,5,80.0,0,1,1,2,0,,,,,,,,,,,,,,,,
2019,9,6,Jake Elliott,philadelphia_eagles,10.0,29.3,10.0,10.0,38,3,3,100.0,0,2,1,0,0,2019-11-03,1:00PM,Lincoln Financial Field,Philadelphia,PA,39.9008,-75.1675,Outdoor,Grass,30.0,2003.0,10.6,0.0,59.4,43.0,1021.4
2019,9,7,Dustin Hopkins,unknown,9.0,28.5,9.0,9.0,39,3,3,100.0,0,1,2,0,0,,,,,,,,,,,,,,,,
2019,9,8,Brett Maher,dallas_cowboys,15.0,27.9,15.0,15.0,52,3,4,75.0,0,1,1,0,1,2019-11-04,8:15PM,MetLife Stadium,East Rutherford,NJ,40.8136,-74.0744,Outdoor,Turf,3.0,2010.0,10.6,0.0,64.44,65.0,1026.2
2019,9,9,Nick Folk,new_england_patriots,8.0,27.1,8.0,8.0,22,2,2,100.0,1,1,0,0,0,2019-11-03,8:20PM,M&T Bank Stadium,Baltimore,MD,39.2779,-76.6227,Outdoor,Grass,10.0,1998.0,5.5,0.0,21.24,79.0,1024.2
2019,9,10,Sam Ficken,new_york_jets,13.0,26.5,13.0,13.0,52,3,4,75.0,0,1,0,1,1,2019-11-03,1:00PM,Hard Rock Stadium,Miami Gardens,FL,25.958,-80.238,Outdoor,Grass,7.0,1987.0,27.8,0.5,20.88,74.0,1016.4
2019,9,11,Brandon Mcmanus,denver_broncos,7.0,25.6,7.0,7.0,43,1,1,100.0,0,0,0,1,0,2019-11-03,4:25PM,Empower Field at Mile High,Denver,CO,39.7439,-105.0201,Outdoor,Turf,5280.0,2001.0,8.7,0.0,12.6,41.0,1011.6
2019,9,12,Justin Tucker,baltimore_ravens,7.0,25.6,7.0,7.0,39,1,1,100.0,0,0,1,0,0,2019-11-03,8:20PM,M&T Bank Stadium,Baltimore,MD,39.2779,-76.6227,Outdoor,Grass,10.0,1998.0,5.5,0.0,21.24,79.0,1024.2
2019,9,13,Stephen Hauschka,unknown,7.0,25.6,7.0,7.0,42,1,1,100.0,0,0,0,1,0,,,,,,,,,,,,,,,,
2019,9,14,Matt Prater,detroit_lions,6.0,25.0,6.0,6.0,23,1,1,100.0,0,1,0,0,0,2019-11-03,4:05PM,Allegiant Stadium,Las Vegas,NV,36.0908,-115.183,Indoor,Turf,2001.0,2020.0,22.5,0.0,14.76,8.0,1013.8
2019,9,15,Dan Bailey,minnesota_vikings,5.0,24.3,5.0,5.0,29,1,1,100.0,0,1,0,0,0,2019-11-03,1:00PM,GEHA Field at Arrowhead Stadium,Kansas City,MO,39.049,-94.4839,Outdoor,Grass,1020.0,1972.0,13.7,0.0,67.68,44.0,1017.5
2019,9,16,Zane Gonzalez,arizona_cardinals,5.0,24.2,5.0,5.0,36,1,1,100.0,0,0,1,0,0,2019-10-31,8:20PM,State Farm Stadium,Glendale,AZ,33.5275,-112.2625,Indoor,Turf,1070.0,2006.0,15.8,0.0,24.48,9.0,1018.2
2019,9,17,Mason Crosby,green_bay_packers,5.0,24.2,5.0,5.0,54,1,1,100.0,0,0,0,0,1,2019-11-03,4:25PM,SoFi Stadium,Inglewood,CA,33.9535,-118.3392,Outdoor,Turf,100.0,2020.0,19.0,0.0,57.24,58.0,1013.1
2019,9,18,Matt Gay,tampa_bay_buccaneers,12.0,23.34,12.0,12.0,45,2,3,66.7,0,0,0,2,0,2019-11-03,4:05PM,Lumen Field,Seattle,WA,47.5952,-122.3316,Outdoor,Turf,20.0,2002.0,11.3,0.0,28.08,81.0,1022.5
2019,9,19,Josh Lambo,jacksonville_jaguars,3.0,22.8,3.0,3.0,30,1,1,100.0,0,0,1,0,0,2019-11-03,9:30AM,TIAA Bank Field,Jacksonville,FL,30.3239,-81.6373,Outdoor,Grass,16.0,1995.0,14.6,0.0,55.8,76.0,1021.9
2019,9,20,Ka'Imi Fairbairn,houston_texans,11.0,22.64,11.0,11.0,52,2,3,66.7,0,0,0,1,1,2019-11-03,9:30AM,TIAA Bank Field,Jacksonville,FL,30.3239,-81.6373,Outdoor,Grass,16.0,1995.0,14.6,0.0,55.8,76.0,1021.9
2019,9,21,Jason Myers,seattle_seahawks,8.0,17.5,8.0,8.0,37,2,4,50.0,0,1,1,0,0,2019-11-03,4:05PM,Lumen Field,Seattle,WA,47.5952,-122.3316,Outdoor,Turf,20.0,2002.0,11.3,0.0,28.08,81.0,1022.5
2019,9,22,Daniel Carlson,unknown,7.0,15.8,7.0,7.0,32,1,2,50.0,0,0,1,0,0,,,,,,,,,,,,,,,,
2019,9,23,Jason Sanders,miami_dolphins,6.0,15.2,6.0,6.0,26,1,2,50.0,0,1,0,0,0,2019-11-03,1:00PM,Hard Rock Stadium,Miami Gardens,FL,25.958,-80.238,Outdoor,Grass,7.0,1987.0,27.8,0.5,20.88,74.0,1016.4
2019,9,24,Joey Slye,carolina_panthers,6.0,15.1,6.0,6.0,35,1,2,50.0,0,0,1,0,0,2019-11-03,1:00PM,Bank of America Stadium,Charlotte,NC,35.2258,-80.8528,Outdoor,Grass,748.0,1996.0,12.1,0.0,19.8,47.0,1025.6
2019,9,25,Adam Vinatieri,indianapolis_colts,4.0,13.8,4.0,4.0,25,1,2,50.0,0,1,0,0,0,2019-11-03,1:00PM,Acrisure Stadium,Pittsburgh,PA,40.4468,-80.0158,Outdoor,Grass,730.0,2001.0,7.6,0.0,53.28,46.0,1024.3
2019,9,26,Robbie Gould,san_francisco_49ers,4.0,2.8,4.0,4.0,0,0,0,0.0,0,0,0,0,0,2019-10-31,8:20PM,State Farm Stadium,Glendale,AZ,33.5275,-112.2625,Indoor,Turf,1070.0,2006.0,15.8,0.0,24.48,9.0,1018.2
2019,9,27,Ryan Succop,tennessee_titans,2.0,2.0,2.0,2.0,0,0,3,0.0,0,0,0,0,0,2019-11-03,1:00PM,Bank of America Stadium,Charlotte,NC,35.2258,-80.8528,Outdoor,Grass,748.0,1996.0,12.1,0.0,19.8,47.0,1025.6
2019,9,28,Eddy Pineiro,chicago_bears,2.0,1.4,2.0,2.0,0,0,0,0.0,0,0,0,0,0,2019-11-03,1:00PM,Lincoln Financial Field,Philadelphia,PA,39.9008,-75.1675,Outdoor,Grass,30.0,2003.0,10.6,0.0,59.4,43.0,1021.4
2019,9,29,Ty Long,los_angeles_chargers,0.0,0.0,0.0,0.0,0,0,0,0.0,0,0,0,0,0,2019-11-03,4:25PM,SoFi Stadium,Inglewood,CA,33.9535,-118.3392,Outdoor,Turf,100.0,2020.0,19.0,0.0,57.24,58.0,1013.1
2019,10,1,Younghoe Koo,atlanta_falcons,15.0,33.3,15.0,15.0,48,4,4,100.0,0,0,3,1,0,2019-11-10,1:00PM,Caesars Superdome,New Orleans,LA,29.9509,-90.0815,Indoor,Turf,3.0,1975.0,19.8,0.0,6.48,65.0,1022.0
2019,10,2,Younghoe Koo,new_england_patriots,15.0,33.3,15.0,15.0,48,4,4,100.0,0,0,3,1,0,,,,,,,,,,,,,,,,
2019,10,3,Matt Gay,tampa_bay_buccaneers,14.0,31.9,14.0,14.0,45,3,3,100.0,0,0,1,2,0,2019-11-10,1:00PM,Raymond James Stadium,Tampa,FL,27.9759,-82.5033,Outdoor,Grass,26.0,1998.0,23.7,0.0,46.440000000000005,61.0,1021.2
2019,10,4,Jason Sanders,miami_dolphins,13.0,31.2,13.0,13.0,48,3,3,100.0,0,0,0,3,0,2019-11-10,4:05PM,Lucas Oil Stadium,Indianapolis,IN,39.7601,-86.1639,Indoor,Turf,700.0,2008.0,14.5,0.0,46.8,57.0,1013.5
2019,10,5,Harrison Butker,kansas_city_chiefs,16.0,30.2,16.0,16.0,43,4,5,80.0,0,0,2,2,0,2019-11-10,1:00PM,Nissan Stadium,Nashville,TN,36.1665,-86.7713,Outdoor,Grass,476.0,1999.0,16.6,0.0,55.080000000000005,49.0,1019.2
2019,10,6,Wil Lutz,new_orleans_saints,10.0,29.3,10.0,10.0,47,3,3,100.0,0,2,0,1,0,2019-11-10,1:00PM,Caesars Superdome,New Orleans,LA,29.9509,-90.0815,Indoor,Turf,3.0,1975.0,19.8,0.0,6.48,65.0,1022.0
2019,10,7,Zane Gonzalez,arizona_cardinals,11.0,29.1,11.0,11.0,54,2,2,100.0,0,0,1,0,1,2019-11-10,1:00PM,Raymond James Stadium,Tampa,FL,27.9759,-82.5033,Outdoor,Grass,26.0,1998.0,23.7,0.0,46.440000000000005,61.0,1021.2
2019,10,8,Jason Myers,seattle_seahawks,11.0,29.1,11.0,11.0,46,2,2,100.0,0,0,0,2,0,2019-11-11,8:15PM,Levi's Stadium,Santa Clara,CA,37.403,-121.9692,Outdoor,Grass,13.0,2014.0,19.9,0.0,8.28,42.0,1017.0
2019,10,9,Matt Prater,detroit_lions,9.0,27.8,9.0,9.0,54,2,2,100.0,0,1,0,0,1,2019-11-10,1:00PM,Soldier Field,Chicago,IL,41.8623,-87.6167,Outdoor,Grass,595.0,1924.0,4.9,0.0,72.0,83.0,1016.9
2019,10,10,Dan Bailey,minnesota_vikings,8.0,27.2,8.0,8.0,27,2,2,100.0,0,2,0,0,0,2019-11-10,8:20PM,AT&T Stadium,Arlington,TX,32.7473,-97.0945,Indoor,Turf,639.0,2009.0,18.9,0.0,84.24,51.0,1013.2
2019,10,11,Austin Seibert,cleveland_browns,8.0,27.1,8.0,8.0,47,2,2,100.0,0,1,0,1,0,2019-11-10,1:00PM,FirstEnergy Stadium,Cleveland,OH,41.5061,-81.6995,Outdoor,Grass,577.0,1999.0,9.3,0.0,60.84,60.0,1015.8
2019,10,12,Randy Bullock,cincinnati_bengals,8.0,27.0,8.0,8.0,42,2,2,100.0,0,0,1,1,0,2019-11-10,1:00PM,Paycor Stadium,Cincinnati,OH,39.0954,-84.516,Outdoor,Turf,482.0,2000.0,12.9,0.0,54.36,55.0,1016.7
2019,10,13,Chase Mclaughlin,indianapolis_colts,12.0,25.7,12.0,12.0,47,3,4,75.0,0,0,1,2,0,2019-11-10,4:05PM,Lucas Oil Stadium,Indianapolis,IN,39.7601,-86.1639,Indoor,Turf,700.0,2008.0,14.5,0.0,46.8,57.0,1013.5
2019,10,14,Chase Mclaughlin,los_angeles_chargers,12.0,25.7,12.0,12.0,47,3,4,75.0,0,0,1,2,0,2019-11-07,8:20PM,Allegiant Stadium,Las Vegas,NV,36.0908,-115.183,Indoor,Turf,2001.0,2020.0,18.0,0.0,34.56,15.0,1020.0
2019,10,15,Chase Mclaughlin,minnesota_vikings,12.0,25.7,12.0,12.0,47,3,4,75.0,0,0,1,2,0,2019-11-10,8:20PM,AT&T Stadium,Arlington,TX,32.7473,-97.0945,Indoor,Turf,639.0,2009.0,18.9,0.0,84.24,51.0,1013.2
2019,10,16,Chase Mclaughlin,san_francisco_49ers,12.0,25.7,12.0,12.0,47,3,4,75.0,0,0,1,2,0,2019-11-11,8:15PM,Levi's Stadium,Santa Clara,CA,37.403,-121.9692,Outdoor,Grass,13.0,2014.0,19.9,0.0,8.28,42.0,1017.0
2019,10,17,Adam Vinatieri,indianapolis_colts,6.0,25.7,6.0,6.0,39,2,2,100.0,0,1,1,0,0,2019-11-10,4:05PM,Lucas Oil Stadium,Indianapolis,IN,39.7601,-86.1639,Indoor,Turf,700.0,2008.0,14.5,0.0,46.8,57.0,1013.5
2019,10,18,Mason Crosby,green_bay_packers,7.0,25.6,7.0,7.0,47,1,1,100.0,0,0,0,1,0,2019-11-10,4:25PM,Lambeau Field,Green Bay,WI,44.5013,-88.0622,Outdoor,Grass,640.0,1957.0,0.3,0.2,42.12,63.0,1020.2
2019,10,19,Michael Badgley,unknown,6.0,25.0,6.0,6.0,27,1,1,100.0,0,1,0,0,0,,,,,,,,,,,,,,,,
2019,10,20,Joey Slye,carolina_panthers,6.0,24.9,6.0,6.0,50,1,1,100.0,0,0,0,0,1,2019-11-10,4:25PM,Lambeau Field,Green Bay,WI,44.5013,-88.0622,Outdoor,Grass,640.0,1957.0,0.3,0.2,42.12,63.0,1020.2
2019,10,21,Chris Boswell,pittsburgh_steelers,5.0,24.2,5.0,5.0,33,1,1,100.0,0,0,1,0,0,2019-11-10,4:25PM,Acrisure Stadium,Pittsburgh,PA,40.4468,-80.0158,Outdoor,Grass,730.0,2001.0,11.7,0.0,51.48,53.0,1015.6
2019,10,22,Sam Ficken,new_york_jets,12.0,23.34,12.0,12.0,53,2,3,66.7,0,0,1,0,1,2019-11-10,1:00PM,MetLife Stadium,East Rutherford,NJ,40.8136,-74.0744,Outdoor,Turf,3.0,2010.0,8.3,0.0,50.76,59.0,1017.6
2019,10,23,Daniel Carlson,unknown,9.0,21.34,9.0,9.0,40,2,3,66.7,0,1,0,1,0,,,,,,,,,,,,,,,,
2019,10,24,Brett Maher,dallas_cowboys,6.0,15.2,6.0,6.0,23,1,2,50.0,0,1,0,0,0,2019-11-10,8:20PM,AT&T Stadium,Arlington,TX,32.7473,-97.0945,Indoor,Turf,639.0,2009.0,18.9,0.0,84.24,51.0,1013.2
2019,10,25,Greg Zuerlein,los_angeles_rams,4.0,13.7,4.0,4.0,30,1,2,50.0,0,0,1,0,0,2019-11-10,4:25PM,Acrisure Stadium,Pittsburgh,PA,40.4468,-80.0158,Outdoor,Grass,730.0,2001.0,11.7,0.0,51.48,53.0,1015.6
2019,10,26,Justin Tucker,baltimore_ravens,7.0,4.9,7.0,7.0,0,0,0,0.0,0,0,0,0,0,2019-11-10,1:00PM,Paycor Stadium,Cincinnati,OH,39.0954,-84.516,Outdoor,Turf,482.0,2000.0,12.9,0.0,54.36,55.0,1016.7
2019,10,27,Ryan Succop,tennessee_titans,3.0,2.1,3.0,3.0,0,0,0,0.0,0,0,0,0,0,2019-11-10,1:00PM,Nissan Stadium,Nashville,TN,36.1665,-86.7713,Outdoor,Grass,476.0,1999.0,16.6,0.0,55.080000000000005,49.0,1019.2
2019,10,28,Stephen Hauschka,unknown,2.0,1.8,2.0,2.0,0,0,2,0.0,0,0,0,0,0,,,,,,,,,,,,,,,,
2019,10,29,Eddy Pineiro,chicago_bears,2.0,1.4,2.0,2.0,0,0,0,0.0,0,0,0,0,0,2019-11-10,1:00PM,Soldier Field,Chicago,IL,41.8623,-87.6167,Outdoor,Grass,595.0,1924.0,4.9,0.0,72.0,83.0,1016.9
2019,10,30,Aldrick Rosas,new_york_giants,1.0,0.7,1.0,1.0,0,0,0,0.0,0,0,0,0,0,2019-11-10,1:00PM,MetLife Stadium,East Rutherford,NJ,40.8136,-74.0744,Outdoor,Turf,3.0,2010.0,8.3,0.0,50.76,59.0,1017.6
2019,10,31,Ty Long,los_angeles_chargers,0.0,0.0,0.0,0.0,0,0,0,0.0,0,0,0,0,0,2019-11-07,8:20PM,Allegiant Stadium,Las Vegas,NV,36.0908,-115.183,Indoor,Turf,2001.0,2020.0,18.0,0.0,34.56,15.0,1020.0
2019,11,1,Stephen Hauschka,unknown,15.0,32.7,15.0,15.0,51,3,3,100.0,0,1,1,0,1,,,,,,,,,,,,,,,,
2019,11,2,Wil Lutz,new_orleans_saints,11.0,29.2,11.0,11.0,44,2,2,100.0,0,1,0,1,0,2019-11-17,1:00PM,Raymond James Stadium,Tampa,FL,27.9759,-82.5033,Outdoor,Grass,26.0,1998.0,13.6,0.0,40.68000000000001,75.0,1014.7
2019,11,3,Nick Folk,new_england_patriots,9.0,28.5,9.0,9.0,39,3,3,100.0,0,1,2,0,0,2019-11-17,4:25PM,Lincoln Financial Field,Philadelphia,PA,39.9008,-75.1675,Outdoor,Grass,30.0,2003.0,5.2,0.0,69.84,67.0,1021.3
2019,11,4,Zane Gonzalez,arizona_cardinals,9.0,27.8,9.0,9.0,43,2,2,100.0,0,1,0,1,0,2019-11-17,4:05PM,Levi's Stadium,Santa Clara,CA,37.403,-121.9692,Outdoor,Grass,13.0,2014.0,24.7,0.0,52.56,34.0,1016.3
2019,11,5,Brett Maher,dallas_cowboys,9.0,27.7,9.0,9.0,34,2,2,100.0,0,0,2,0,0,2019-11-17,1:00PM,Ford Field,Detroit,MI,42.34,-83.0456,Indoor,Turf,600.0,2002.0,1.6,0.0,15.840000000000002,71.0,1019.2
2019,11,6,Brandon Mcmanus,denver_broncos,13.0,26.5,13.0,13.0,47,3,4,75.0,0,1,0,2,0,2019-11-17,1:00PM,U.S. Bank Stadium,Minneapolis,MN,44.974,-93.2581,Indoor,Turf,840.0,2016.0,3.5,0.0,48.96,80.0,1013.3
2019,11,7,Chase Mclaughlin,indianapolis_colts,7.0,25.6,7.0,7.0,43,1,1,100.0,0,0,0,1,0,2019-11-17,1:00PM,Lucas Oil Stadium,Indianapolis,IN,39.7601,-86.1639,Indoor,Turf,700.0,2008.0,5.8,0.0,15.840000000000002,61.0,1018.5
2019,11,8,Chase Mclaughlin,los_angeles_chargers,7.0,25.6,7.0,7.0,43,1,1,100.0,0,0,0,1,0,2019-11-18,8:15PM,SoFi Stadium,Inglewood,CA,33.9535,-118.3392,Outdoor,Turf,100.0,2020.0,20.2,0.0,46.8,53.0,1009.7
2019,11,9,Chase Mclaughlin,minnesota_vikings,7.0,25.6,7.0,7.0,43,1,1,100.0,0,0,0,1,0,2019-11-17,1:00PM,U.S. Bank Stadium,Minneapolis,MN,44.974,-93.2581,Indoor,Turf,840.0,2016.0,3.5,0.0,48.96,80.0,1013.3
2019,11,10,Chase Mclaughlin,san_francisco_49ers,7.0,25.6,7.0,7.0,43,1,1,100.0,0,0,0,1,0,2019-11-17,4:05PM,Levi's Stadium,Santa Clara,CA,37.403,-121.9692,Outdoor,Grass,13.0,2014.0,24.7,0.0,52.56,34.0,1016.3
2019,11,11,Adam Vinatieri,indianapolis_colts,7.0,25.6,7.0,7.0,34,1,1,100.0,0,0,1,0,0,2019-11-17,1:00PM,Lucas Oil Stadium,Indianapolis,IN,39.7601,-86.1639,Indoor,Turf,700.0,2008.0,5.8,0.0,15.840000000000002,61.0,1018.5
2019,11,12,Harrison Butker,kansas_city_chiefs,7.0,25.6,7.0,7.0,41,1,1,100.0,0,0,0,1,0,2019-11-18,8:15PM,SoFi Stadium,Inglewood,CA,33.9535,-118.3392,Outdoor,Turf,100.0,2020.0,20.2,0.0,46.8,53.0,1009.7
2019,11,13,Matt Gay,tampa_bay_buccaneers,7.0,25.6,7.0,7.0,55,1,1,100.0,0,0,0,0,1,2019-11-17,1:00PM,Raymond James Stadium,Tampa,FL,27.9759,-82.5033,Outdoor,Grass,26.0,1998.0,13.6,0.0,40.68000000000001,75.0,1014.7
2019,11,14,Younghoe Koo,atlanta_falcons,11.0,25.2,11.0,11.0,38,3,4,75.0,0,2,1,0,0,2019-11-17,1:00PM,Bank of America Stadium,Charlotte,NC,35.2258,-80.8528,Outdoor,Grass,748.0,1996.0,10.0,0.0,63.72,58.0,1018.5
2019,11,15,Younghoe Koo,new_england_patriots,11.0,25.2,11.0,11.0,38,3,4,75.0,0,2,1,0,0,2019-11-17,4:25PM,Lincoln Financial Field,Philadelphia,PA,39.9008,-75.1675,Outdoor,Grass,30.0,2003.0,5.2,0.0,69.84,67.0,1021.3
2019,11,16,Michael Badgley,unknown,10.0,24.5,10.0,10.0,49,3,4,75.0,0,2,0,1,0,,,,,,,,,,,,,,,,
2019,11,17,Daniel Carlson,unknown,5.0,24.3,5.0,5.0,20,1,1,100.0,0,1,0,0,0,,,,,,,,,,,,,,,,
2019,11,18,Jake Elliott,philadelphia_eagles,5.0,24.2,5.0,5.0,42,1,1,100.0,0,0,0,1,0,2019-11-17,4:25PM,Lincoln Financial Field,Philadelphia,PA,39.9008,-75.1675,Outdoor,Grass,30.0,2003.0,5.2,0.0,69.84,67.0,1021.3
2019,11,19,Greg Zuerlein,los_angeles_rams,5.0,24.2,5.0,5.0,38,1,1,100.0,0,0,1,0,0,2019-11-17,8:20PM,SoFi Stadium,Inglewood,CA,33.9535,-118.3392,Outdoor,Turf,100.0,2020.0,21.0,0.0,36.0,36.0,1013.2
2019,11,20,Justin Tucker,baltimore_ravens,12.0,23.34,12.0,12.0,46,2,3,66.7,0,0,1,1,0,2019-11-17,1:00PM,M&T Bank Stadium,Baltimore,MD,39.2779,-76.6227,Outdoor,Grass,10.0,1998.0,5.4,0.0,52.92,58.0,1023.4
2019,11,21,Joey Slye,carolina_panthers,3.0,22.8,3.0,3.0,31,1,1,100.0,0,0,1,0,0,2019-11-17,1:00PM,Bank of America Stadium,Charlotte,NC,35.2258,-80.8528,Outdoor,Grass,748.0,1996.0,10.0,0.0,63.72,58.0,1018.5
2019,11,22,Randy Bullock,cincinnati_bengals,5.0,14.4,5.0,5.0,40,1,2,50.0,0,0,0,1,0,2019-11-17,4:25PM,Allegiant Stadium,Las Vegas,NV,36.0908,-115.183,Indoor,Turf,2001.0,2020.0,22.5,0.0,2.52,16.0,1017.2
2019,11,23,Dustin Hopkins,unknown,4.0,13.7,4.0,4.0,44,1,2,50.0,0,0,0,1,0,,,,,,,,,,,,,,,,
2019,11,24,Sam Ficken,new_york_jets,4.0,3.0,4.0,4.0,0,0,1,0.0,0,0,0,0,0,2019-11-17,1:00PM,FedExField,Landover,MD,38.9078,-76.8645,Outdoor,Grass,300.0,1997.0,5.0,0.0,54.36,58.0,1022.9
2019,11,25,Austin Seibert,cleveland_browns,3.0,2.5,3.0,3.0,0,0,2,0.0,0,0,0,0,0,2019-11-14,8:20PM,FirstEnergy Stadium,Cleveland,OH,41.5061,-81.6995,Outdoor,Grass,577.0,1999.0,2.3,0.0,63.36000000000001,63.0,1025.3
2019,11,26,Matt Prater,detroit_lions,3.0,2.1,3.0,3.0,0,0,0,0.0,0,0,0,0,0,2019-11-17,1:00PM,Ford Field,Detroit,MI,42.34,-83.0456,Indoor,Turf,600.0,2002.0,1.6,0.0,15.840000000000002,71.0,1019.2
2019,11,27,Dan Bailey,minnesota_vikings,3.0,2.1,3.0,3.0,0,0,0,0.0,0,0,0,0,0,2019-11-17,1:00PM,U.S. Bank Stadium,Minneapolis,MN,44.974,-93.2581,Indoor,Turf,840.0,2016.0,3.5,0.0,48.96,80.0,1013.3
2019,11,28,Jason Sanders,miami_dolphins,2.0,1.4,2.0,2.0,0,0,0,0.0,0,0,0,0,0,2019-11-17,1:00PM,Hard Rock Stadium,Miami Gardens,FL,25.958,-80.238,Outdoor,Grass,7.0,1987.0,19.3,0.0,46.440000000000005,65.0,1012.1
2019,11,29,Eddy Pineiro,chicago_bears,1.0,1.1,1.0,1.0,0,0,2,0.0,0,0,0,0,0,2019-11-17,8:20PM,SoFi Stadium,Inglewood,CA,33.9535,-118.3392,Outdoor,Turf,100.0,2020.0,21.0,0.0,36.0,36.0,1013.2
2019,11,30,Josh Lambo,jacksonville_jaguars,1.0,0.9,1.0,1.0,0,0,1,0.0,0,0,0,0,0,2019-11-17,1:00PM,Lucas Oil Stadium,Indianapolis,IN,39.7601,-86.1639,Indoor,Turf,700.0,2008.0,5.8,0.0,15.840000000000002,61.0,1018.5
2019,11,31,Ka'Imi Fairbairn,houston_texans,1.0,0.9,1.0,1.0,0,0,1,0.0,0,0,0,0,0,2019-11-17,1:00PM,M&T Bank Stadium,Baltimore,MD,39.2779,-76.6227,Outdoor,Grass,10.0,1998.0,5.4,0.0,52.92,58.0,1023.4
2019,11,32,Chris Boswell,pittsburgh_steelers,1.0,0.9,1.0,1.0,0,0,1,0.0,0,0,0,0,0,2019-11-14,8:20PM,FirstEnergy Stadium,Cleveland,OH,41.5061,-81.6995,Outdoor,Grass,577.0,1999.0,2.3,0.0,63.36000000000001,63.0,1025.3
2019,11,33,Ty Long,los_angeles_chargers,0.0,0.0,0.0,0.0,0,0,0,0.0,0,0,0,0,0,2019-11-18,8:15PM,SoFi Stadium,Inglewood,CA,33.9535,-118.3392,Outdoor,Turf,100.0,2020.0,20.2,0.0,46.8,53.0,1009.7
2019,12,1,Dustin Hopkins,unknown,14.0,32.7,14.0,14.0,42,4,4,100.0,0,1,2,1,0,,,,,,,,,,,,,,,,
2019,12,2,Chase Mclaughlin,indianapolis_colts,14.0,32.1,14.0,14.0,48,3,3,100.0,0,2,0,1,0,2019-11-21,8:20PM,NRG Stadium,Houston,TX,29.6847,-95.4107,Indoor,Turf,50.0,2002.0,22.3,0.0,63.36000000000001,92.0,1014.5
2019,12,3,Chase Mclaughlin,los_angeles_chargers,14.0,32.1,14.0,14.0,48,3,3,100.0,0,2,0,1,0,,,,,,,,,,,,,,,,
2019,12,4,Chase Mclaughlin,minnesota_vikings,14.0,32.1,14.0,14.0,48,3,3,100.0,0,2,0,1,0,,,,,,,,,,,,,,,,
2019,12,5,Chase Mclaughlin,san_francisco_49ers,14.0,32.1,14.0,14.0,48,3,3,100.0,0,2,0,1,0,2019-11-24,8:20PM,Levi's Stadium,Santa Clara,CA,37.403,-121.9692,Outdoor,Grass,13.0,2014.0,13.0,0.0,30.96,78.0,1019.1
2019,12,6,Chris Boswell,pittsburgh_steelers,11.0,30.0,11.0,11.0,47,3,3,100.0,0,2,0,1,0,2019-11-24,1:00PM,Paycor Stadium,Cincinnati,OH,39.0954,-84.516,Outdoor,Turf,482.0,2000.0,5.9,0.0,65.88000000000001,74.0,1010.5
2019,12,7,Younghoe Koo,atlanta_falcons,11.0,29.9,11.0,11.0,40,3,3,100.0,0,1,1,1,0,2019-11-24,1:00PM,Mercedes-Benz Stadium,Atlanta,GA,33.755,-84.4008,Indoor,Turf,1050.0,2017.0,9.5,0.0,64.08,59.0,1013.9
2019,12,8,Younghoe Koo,new_england_patriots,11.0,29.9,11.0,11.0,40,3,3,100.0,0,1,1,1,0,2019-11-24,4:25PM,Gillette Stadium,Foxborough,MA,42.0909,-71.2643,Outdoor,Turf,289.0,2002.0,6.3,2.9,102.24,100.0,984.2
2019,12,9,Wil Lutz,new_orleans_saints,11.0,29.1,11.0,11.0,41,2,2,100.0,0,0,1,1,0,2019-11-24,1:00PM,Caesars Superdome,New Orleans,LA,29.9509,-90.0815,Indoor,Turf,3.0,1975.0,12.2,0.0,24.48,64.0,1017.6
2019,12,10,Josh Lambo,jacksonville_jaguars,9.0,27.7,9.0,9.0,50,2,2,100.0,0,0,0,1,1,2019-11-24,4:05PM,Nissan Stadium,Nashville,TN,36.1665,-86.7713,Outdoor,Grass,476.0,1999.0,11.6,0.0,33.480000000000004,53.0,1011.4
2019,12,11,Stephen Hauschka,unknown,8.0,27.1,8.0,8.0,39,2,2,100.0,0,1,1,0,0,,,,,,,,,,,,,,,,
2019,12,12,Justin Tucker,baltimore_ravens,9.0,27.0,9.0,9.0,34,1,1,100.0,0,0,1,0,0,2019-11-25,8:15PM,SoFi Stadium,Inglewood,CA,33.9535,-118.3392,Outdoor,Turf,100.0,2020.0,15.6,0.0,44.64,70.0,1008.3
2019,12,13,Ka'Imi Fairbairn,houston_texans,8.0,27.0,8.0,8.0,36,2,2,100.0,0,0,2,0,0,2019-11-21,8:20PM,NRG Stadium,Houston,TX,29.6847,-95.4107,Indoor,Turf,50.0,2002.0,22.3,0.0,63.36000000000001,92.0,1014.5
2019,12,14,Eddy Pineiro,chicago_bears,7.0,26.5,7.0,7.0,26,2,2,100.0,0,2,0,0,0,2019-11-24,1:00PM,Soldier Field,Chicago,IL,41.8623,-87.6167,Outdoor,Grass,595.0,1924.0,8.5,0.0,86.76,65.0,1004.3
2019,12,15,Greg Zuerlein,los_angeles_rams,7.0,26.3,7.0,7.0,46,2,2,100.0,0,0,1,1,0,2019-11-25,8:15PM,SoFi Stadium,Inglewood,CA,33.9535,-118.3392,Outdoor,Turf,100.0,2020.0,15.6,0.0,44.64,70.0,1008.3
2019,12,16,Matt Prater,detroit_lions,11.0,25.2,11.0,11.0,49,3,4,75.0,0,2,0,1,0,2019-11-24,1:00PM,FedExField,Landover,MD,38.9078,-76.8645,Outdoor,Grass,300.0,1997.0,6.3,0.0,72.36000000000001,62.0,1001.2
2019,12,17,Jason Sanders,miami_dolphins,6.0,24.9,6.0,6.0,36,1,1,100.0,0,0,1,0,0,2019-11-24,1:00PM,FirstEnergy Stadium,Cleveland,OH,41.5061,-81.6995,Outdoor,Grass,577.0,1999.0,4.6,0.0,86.4,72.0,1005.4
2019,12,18,Brett Maher,dallas_cowboys,10.0,24.5,10.0,10.0,46,3,4,75.0,0,2,0,1,0,2019-11-24,4:25PM,Gillette Stadium,Foxborough,MA,42.0909,-71.2643,Outdoor,Turf,289.0,2002.0,6.3,2.9,102.24,100.0,984.2
2019,12,19,Jason Myers,seattle_seahawks,5.0,24.3,5.0,5.0,24,1,1,100.0,0,1,0,0,0,2019-11-24,1:00PM,Lincoln Financial Field,Philadelphia,PA,39.9008,-75.1675,Outdoor,Grass,30.0,2003.0,3.7,1.2,80.28,94.0,995.8
2019,12,20,Matt Gay,tampa_bay_buccaneers,5.0,24.2,5.0,5.0,32,1,1,100.0,0,0,1,0,0,2019-11-24,1:00PM,Mercedes-Benz Stadium,Atlanta,GA,33.755,-84.4008,Indoor,Turf,1050.0,2017.0,9.5,0.0,64.08,59.0,1013.9
2019,12,21,Adam Vinatieri,indianapolis_colts,5.0,24.2,5.0,5.0,36,1,1,100.0,0,0,1,0,0,2019-11-21,8:20PM,NRG Stadium,Houston,TX,29.6847,-95.4107,Indoor,Turf,50.0,2002.0,22.3,0.0,63.36000000000001,92.0,1014.5
2019,12,22,Randy Bullock,cincinnati_bengals,4.0,23.6,4.0,4.0,27,1,1,100.0,0,1,0,0,0,2019-11-24,1:00PM,Paycor Stadium,Cincinnati,OH,39.0954,-84.516,Outdoor,Turf,482.0,2000.0,5.9,0.0,65.88000000000001,74.0,1010.5
2019,12,23,Brandon Mcmanus,denver_broncos,4.0,23.5,4.0,4.0,45,1,1,100.0,0,0,0,1,0,2019-11-24,1:00PM,Highmark Stadium,Orchard Park,NY,42.7738,-78.7868,Outdoor,Grass,600.0,1973.0,4.7,0.0,102.24,75.0,1002.0
2019,12,24,Austin Seibert,cleveland_browns,12.0,23.44,12.0,12.0,40,2,3,66.7,0,1,0,1,0,2019-11-24,1:00PM,FirstEnergy Stadium,Cleveland,OH,41.5061,-81.6995,Outdoor,Grass,577.0,1999.0,4.6,0.0,86.4,72.0,1005.4
2019,12,25,Jake Elliott,philadelphia_eagles,3.0,22.9,3.0,3.0,28,1,1,100.0,0,1,0,0,0,2019-11-24,1:00PM,Lincoln Financial Field,Philadelphia,PA,39.9008,-75.1675,Outdoor,Grass,30.0,2003.0,3.7,1.2,80.28,94.0,995.8
2019,12,26,Sam Ficken,new_york_jets,10.0,22.04,10.0,10.0,35,2,3,66.7,0,1,1,0,0,2019-11-24,1:00PM,MetLife Stadium,East Rutherford,NJ,40.8136,-74.0744,Outdoor,Turf,3.0,2010.0,5.6,0.5,96.84,92.0,990.8
2019,12,27,Joey Slye,carolina_panthers,10.0,21.94,10.0,10.0,52,2,3,66.7,0,0,0,1,1,2019-11-24,1:00PM,Caesars Superdome,New Orleans,LA,29.9509,-90.0815,Indoor,Turf,3.0,1975.0,12.2,0.0,24.48,64.0,1017.6
2019,12,28,Nick Folk,new_england_patriots,9.0,18.1,9.0,9.0,44,2,4,50.0,0,0,0,2,0,2019-11-24,4:25PM,Gillette Stadium,Foxborough,MA,42.0909,-71.2643,Outdoor,Turf,289.0,2002.0,6.3,2.9,102.24,100.0,984.2
2019,12,29,Daniel Carlson,unknown,4.0,13.7,4.0,4.0,48,1,2,50.0,0,0,0,1,0,,,,,,,,,,,,,,,,
2019,12,30,Ryan Succop,tennessee_titans,6.0,4.2,6.0,6.0,0,0,0,0.0,0,0,0,0,0,2019-11-24,4:05PM,Nissan Stadium,Nashville,TN,36.1665,-86.7713,Outdoor,Grass,476.0,1999.0,11.6,0.0,33.480000000000004,53.0,1011.4
2019,12,31,Aldrick Rosas,new_york_giants,2.0,1.8,2.0,2.0,0,0,2,0.0,0,0,0,0,0,2019-11-24,1:00PM,Soldier Field,Chicago,IL,41.8623,-87.6167,Outdoor,Grass,595.0,1924.0,8.5,0.0,86.76,65.0,1004.3
2019,12,32,Mason Crosby,green_bay_packers,0.0,0.0,0.0,0.0,0,0,0,0.0,0,0,0,0,0,2019-11-24,8:20PM,Levi's Stadium,Santa Clara,CA,37.403,-121.9692,Outdoor,Grass,13.0,2014.0,13.0,0.0,30.96,78.0,1019.1
2019,13,1,Wil Lutz,new_orleans_saints,17.0,34.8,17.0,17.0,47,4,4,100.0,0,1,0,3,0,2019-11-28,8:20PM,Mercedes-Benz Stadium,Atlanta,GA,33.755,-84.4008,Indoor,Turf,1050.0,2017.0,10.2,0.0,65.88000000000001,51.0,1025.2
2019,13,2,Brandon Mcmanus,denver_broncos,15.0,32.6,15.0,15.0,53,3,3,100.0,0,0,1,0,2,2019-12-01,4:25PM,Empower Field at Mile High,Denver,CO,39.7439,-105.0201,Outdoor,Turf,5280.0,2001.0,-8.7,0.0,26.64,77.0,1025.6
2019,13,3,Jason Myers,seattle_seahawks,13.0,31.4,13.0,13.0,36,3,3,100.0,0,2,1,0,0,2019-12-02,8:15PM,Lumen Field,Seattle,WA,47.5952,-122.3316,Outdoor,Turf,20.0,2002.0,5.4,0.0,13.68,94.0,1021.2
2019,13,4,Jason Sanders,miami_dolphins,13.1,29.87,13.1,13.1,51,1,1,100.0,0,0,0,0,1,2019-12-01,1:00PM,Hard Rock Stadium,Miami Gardens,FL,25.958,-80.238,Outdoor,Grass,7.0,1987.0,27.6,0.0,68.76,54.0,1014.9
2019,13,5,Harrison Butker,kansas_city_chiefs,10.0,27.7,10.0,10.0,50,1,1,100.0,0,0,0,0,1,2019-12-01,4:25PM,GEHA Field at Arrowhead Stadium,Kansas City,MO,39.049,-94.4839,Outdoor,Grass,1020.0,1972.0,1.9,0.0,108.36,56.0,1014.9
2019,13,6,Justin Tucker,baltimore_ravens,9.0,27.7,9.0,9.0,49,2,2,100.0,0,0,1,1,0,2019-12-01,1:00PM,M&T Bank Stadium,Baltimore,MD,39.2779,-76.6227,Outdoor,Grass,10.0,1998.0,5.2,3.8,71.28,94.0,1005.3
2019,13,7,Matt Prater,detroit_lions,8.0,27.2,8.0,8.0,25,2,2,100.0,0,2,0,0,0,2019-11-28,12:30PM,Ford Field,Detroit,MI,42.34,-83.0456,Indoor,Turf,600.0,2002.0,3.5,0.0,59.4,62.0,1030.3
2019,13,8,Aldrick Rosas,new_york_giants,8.0,27.1,8.0,8.0,45,2,2,100.0,0,1,0,1,0,2019-12-01,1:00PM,MetLife Stadium,East Rutherford,NJ,40.8136,-74.0744,Outdoor,Turf,3.0,2010.0,0.5,0.7,67.32,83.0,1012.8
2019,13,9,Chris Boswell,pittsburgh_steelers,8.0,27.1,8.0,8.0,39,2,2,100.0,0,1,1,0,0,2019-12-01,1:00PM,Acrisure Stadium,Pittsburgh,PA,40.4468,-80.0158,Outdoor,Grass,730.0,2001.0,6.3,1.0,63.36000000000001,92.0,997.4
2019,13,10,Matt Gay,tampa_bay_buccaneers,8.0,27.1,8.0,8.0,37,2,2,100.0,0,1,1,0,0,2019-12-01,1:00PM,TIAA Bank Field,Jacksonville,FL,30.3239,-81.6373,Outdoor,Grass,16.0,1995.0,25.0,0.0,120.96,72.0,1010.1
2019,13,11,Jake Elliott,philadelphia_eagles,13.0,26.4,13.0,13.0,48,3,4,75.0,0,0,1,2,0,2019-12-01,1:00PM,Hard Rock Stadium,Miami Gardens,FL,25.958,-80.238,Outdoor,Grass,7.0,1987.0,27.6,0.0,68.76,54.0,1014.9
2019,13,12,Sam Ficken,new_york_jets,7.0,26.3,7.0,7.0,42,2,2,100.0,0,0,1,1,0,2019-12-01,1:00PM,Paycor Stadium,Cincinnati,OH,39.0954,-84.516,Outdoor,Turf,482.0,2000.0,9.1,0.1,87.12,65.0,997.6
2019,13,13,Mason Crosby,green_bay_packers,8.0,26.3,8.0,8.0,47,1,1,100.0,0,0,0,1,0,2019-12-01,1:00PM,MetLife Stadium,East Rutherford,NJ,40.8136,-74.0744,Outdoor,Turf,3.0,2010.0,0.5,0.7,67.32,83.0,1012.8
2019,13,14,Austin Seibert,cleveland_browns,7.0,26.3,7.0,7.0,34,2,2,100.0,0,0,2,0,0,2019-12-01,1:00PM,Acrisure Stadium,Pittsburgh,PA,40.4468,-80.0158,Outdoor,Grass,730.0,2001.0,6.3,1.0,63.36000000000001,92.0,997.4
2019,13,15,Dustin Hopkins,unknown,12.0,25.8,12.0,12.0,42,3,4,75.0,0,1,1,1,0,,,,,,,,,,,,,,,,
2019,13,16,Dan Bailey,minnesota_vikings,7.0,25.6,7.0,7.0,47,1,1,100.0,0,0,0,1,0,2019-12-02,8:15PM,Lumen Field,Seattle,WA,47.5952,-122.3316,Outdoor,Turf,20.0,2002.0,5.4,0.0,13.68,94.0,1021.2
2019,13,17,Ryan Succop,tennessee_titans,7.0,25.6,7.0,7.0,31,1,1,100.0,0,0,1,0,0,2019-12-01,1:00PM,Lucas Oil Stadium,Indianapolis,IN,39.7601,-86.1639,Indoor,Turf,700.0,2008.0,5.0,0.0,92.88,55.0,998.3
2019,13,18,Eddy Pineiro,chicago_bears,6.0,24.9,6.0,6.0,30,1,1,100.0,0,0,1,0,0,2019-11-28,12:30PM,Ford Field,Detroit,MI,42.34,-83.0456,Indoor,Turf,600.0,2002.0,3.5,0.0,59.4,62.0,1030.3
2019,13,19,Josh Lambo,jacksonville_jaguars,5.0,24.2,5.0,5.0,53,1,1,100.0,0,0,0,0,1,2019-12-01,1:00PM,TIAA Bank Field,Jacksonville,FL,30.3239,-81.6373,Outdoor,Grass,16.0,1995.0,25.0,0.0,120.96,72.0,1010.1
2019,13,20,Kai Forbath,dallas_cowboys,4.0,23.6,4.0,4.0,23,1,1,100.0,0,1,0,0,0,2019-11-28,4:30PM,AT&T Stadium,Arlington,TX,32.7473,-97.0945,Indoor,Turf,639.0,2009.0,10.7,0.0,54.72,79.0,1022.6
2019,13,21,Kai Forbath,new_england_patriots,4.0,23.6,4.0,4.0,23,1,1,100.0,0,1,0,0,0,2019-12-01,8:20PM,NRG Stadium,Houston,TX,29.6847,-95.4107,Indoor,Turf,50.0,2002.0,12.5,0.0,39.6,41.0,1021.0
2019,13,22,Greg Zuerlein,los_angeles_rams,10.0,22.04,10.0,10.0,33,2,3,66.7,0,1,1,0,0,2019-12-01,4:05PM,State Farm Stadium,Glendale,AZ,33.5275,-112.2625,Indoor,Turf,1070.0,2006.0,16.2,0.0,11.88,53.0,1018.5
2019,13,23,Stephen Hauschka,unknown,9.0,21.34,9.0,9.0,41,2,3,66.7,0,1,0,1,0,,,,,,,,,,,,,,,,
2019,13,24,Randy Bullock,cincinnati_bengals,9.0,21.34,9.0,9.0,47,2,3,66.7,0,1,0,1,0,2019-12-01,1:00PM,Paycor Stadium,Cincinnati,OH,39.0954,-84.516,Outdoor,Turf,482.0,2000.0,9.1,0.1,87.12,65.0,997.6
2019,13,25,Michael Badgley,unknown,9.0,21.24,9.0,9.0,46,2,3,66.7,0,0,1,1,0,,,,,,,,,,,,,,,,
2019,13,26,Younghoe Koo,atlanta_falcons,8.0,20.54,8.0,8.0,45,2,3,66.7,0,0,0,2,0,2019-11-28,8:20PM,Mercedes-Benz Stadium,Atlanta,GA,33.755,-84.4008,Indoor,Turf,1050.0,2017.0,10.2,0.0,65.88000000000001,51.0,1025.2
2019,13,27,Younghoe Koo,new_england_patriots,8.0,20.54,8.0,8.0,45,2,3,66.7,0,0,0,2,0,2019-12-01,8:20PM,NRG Stadium,Houston,TX,29.6847,-95.4107,Indoor,Turf,50.0,2002.0,12.5,0.0,39.6,41.0,1021.0
2019,13,28,Robbie Gould,san_francisco_49ers,5.0,14.4,5.0,5.0,32,1,2,50.0,0,0,1,0,0,2019-12-01,1:00PM,M&T Bank Stadium,Baltimore,MD,39.2779,-76.6227,Outdoor,Grass,10.0,1998.0,5.2,3.8,71.28,94.0,1005.3
2019,13,29,Daniel Carlson,unknown,3.0,13.0,3.0,3.0,34,1,2,50.0,0,0,1,0,0,,,,,,,,,,,,,,,,
2019,13,30,Adam Vinatieri,indianapolis_colts,5.0,9.9,5.0,5.0,28,1,4,25.0,0,1,0,0,0,2019-12-01,1:00PM,Lucas Oil Stadium,Indianapolis,IN,39.7601,-86.1639,Indoor,Turf,700.0,2008.0,5.0,0.0,92.88,55.0,998.3
2019,13,31,Ka'Imi Fairbairn,houston_texans,4.0,2.8,4.0,4.0,0,0,0,0.0,0,0,0,0,0,2019-12-01,8:20PM,NRG Stadium,Houston,TX,29.6847,-95.4107,Indoor,Turf,50.0,2002.0,12.5,0.0,39.6,41.0,1021.0
2019,13,32,Joey Slye,carolina_panthers,3.0,2.1,3.0,3.0,0,0,0,0.0,0,0,0,0,0,2019-12-01,1:00PM,Bank of America Stadium,Charlotte,NC,35.2258,-80.8528,Outdoor,Grass,748.0,1996.0,16.9,0.4,105.12,93.0,1001.0
2019,13,33,Brett Maher,dallas_cowboys,1.0,1.1,1.0,1.0,0,0,2,0.0,0,0,0,0,0,2019-11-28,4:30PM,AT&T Stadium,Arlington,TX,32.7473,-97.0945,Indoor,Turf,639.0,2009.0,10.7,0.0,54.72,79.0,1022.6
2019,13,34,Zane Gonzalez,arizona_cardinals,1.0,0.7,1.0,1.0,0,0,0,0.0,0,0,0,0,0,2019-12-01,4:05PM,State Farm Stadium,Glendale,AZ,33.5275,-112.2625,Indoor,Turf,1070.0,2006.0,16.2,0.0,11.88,53.0,1018.5
2019,13,35,Ryan Santoso,tennessee_titans,0.0,0.0,0.0,0.0,0,0,0,0.0,0,0,0,0,0,2019-12-01,1:00PM,Lucas Oil Stadium,Indianapolis,IN,39.7601,-86.1639,Indoor,Turf,700.0,2008.0,5.0,0.0,92.88,55.0,998.3
2019,13,36,Ty Long,los_angeles_chargers,0.0,0.0,0.0,0.0,0,0,0,0.0,0,0,0,0,0,2019-12-01,4:25PM,Empower Field at Mile High,Denver,CO,39.7439,-105.0201,Outdoor,Turf,5280.0,2001.0,-8.7,0.0,26.64,77.0,1025.6
2019,14,1,Jason Sanders,miami_dolphins,24.0,39.7,24.0,24.0,53,7,8,87.5,0,3,2,1,1,2019-12-08,1:00PM,MetLife Stadium,East Rutherford,NJ,40.8136,-74.0744,Outdoor,Turf,3.0,2010.0,3.7,0.0,59.760000000000005,53.0,1032.4
2019,14,2,Younghoe Koo,atlanta_falcons,18.0,35.5,18.0,18.0,50,4,4,100.0,0,1,2,0,1,2019-12-08,1:00PM,Mercedes-Benz Stadium,Atlanta,GA,33.755,-84.4008,Indoor,Turf,1050.0,2017.0,10.9,0.0,73.08,56.0,1027.3
2019,14,3,Younghoe Koo,new_england_patriots,18.0,35.5,18.0,18.0,50,4,4,100.0,0,1,2,0,1,2019-12-08,4:25PM,Gillette Stadium,Foxborough,MA,42.0909,-71.2643,Outdoor,Turf,289.0,2002.0,0.9,0.0,48.96,58.0,1030.4
2019,14,4,Randy Bullock,cincinnati_bengals,15.0,33.4,15.0,15.0,46,4,4,100.0,0,1,1,2,0,2019-12-08,1:00PM,FirstEnergy Stadium,Cleveland,OH,41.5061,-81.6995,Outdoor,Grass,577.0,1999.0,8.0,0.0,96.48,65.0,1019.2
2019,14,5,Harrison Butker,kansas_city_chiefs,13.0,31.2,13.0,13.0,48,3,3,100.0,0,0,1,2,0,2019-12-08,4:25PM,Gillette Stadium,Foxborough,MA,42.0909,-71.2643,Outdoor,Turf,289.0,2002.0,0.9,0.0,48.96,58.0,1030.4
2019,14,6,Robbie Gould,san_francisco_49ers,13.0,30.5,13.0,13.0,41,2,2,100.0,0,0,1,1,0,2019-12-08,1:00PM,Caesars Superdome,New Orleans,LA,29.9509,-90.0815,Indoor,Turf,3.0,1975.0,17.4,0.0,20.16,76.0,1019.8
2019,14,7,Wil Lutz,new_orleans_saints,13.0,30.5,13.0,13.0,55,2,2,100.0,0,0,0,1,1,2019-12-08,1:00PM,Caesars Superdome,New Orleans,LA,29.9509,-90.0815,Indoor,Turf,3.0,1975.0,17.4,0.0,20.16,76.0,1019.8
2019,14,8,Sam Ficken,new_york_jets,12.0,30.5,12.0,12.0,44,3,3,100.0,0,0,1,2,0,2019-12-08,1:00PM,MetLife Stadium,East Rutherford,NJ,40.8136,-74.0744,Outdoor,Turf,3.0,2010.0,3.7,0.0,59.760000000000005,53.0,1032.4
2019,14,9,Chris Boswell,pittsburgh_steelers,11.0,29.9,11.0,11.0,37,3,3,100.0,0,1,2,0,0,2019-12-08,4:25PM,State Farm Stadium,Glendale,AZ,33.5275,-112.2625,Indoor,Turf,1070.0,2006.0,16.2,0.0,2.8800000000000003,90.0,1014.1
2019,14,10,Stephen Hauschka,unknown,11.0,29.8,11.0,11.0,48,3,3,100.0,0,0,1,2,0,,,,,,,,,,,,,,,,
2019,14,11,Austin Seibert,cleveland_browns,11.0,29.1,11.0,11.0,53,2,2,100.0,0,0,1,0,1,2019-12-08,1:00PM,FirstEnergy Stadium,Cleveland,OH,41.5061,-81.6995,Outdoor,Grass,577.0,1999.0,8.0,0.0,96.48,65.0,1019.2
2019,14,12,Dan Bailey,minnesota_vikings,10.0,28.5,10.0,10.0,50,2,2,100.0,0,1,0,0,1,2019-12-08,1:00PM,U.S. Bank Stadium,Minneapolis,MN,44.974,-93.2581,Indoor,Turf,840.0,2016.0,1.0,0.0,43.56,85.0,1009.8
2019,14,13,Joey Slye,carolina_panthers,10.0,28.4,10.0,10.0,46,2,2,100.0,0,0,0,2,0,2019-12-08,1:00PM,Mercedes-Benz Stadium,Atlanta,GA,33.755,-84.4008,Indoor,Turf,1050.0,2017.0,10.9,0.0,73.08,56.0,1027.3
2019,14,14,Michael Badgley,unknown,10.0,27.7,10.0,10.0,40,1,1,100.0,0,0,0,1,0,,,,,,,,,,,,,,,,
2019,14,15,Matt Gay,tampa_bay_buccaneers,9.0,27.0,9.0,9.0,44,1,1,100.0,0,0,0,1,0,2019-12-08,1:00PM,Raymond James Stadium,Tampa,FL,27.9759,-82.5033,Outdoor,Grass,26.0,1998.0,24.3,0.0,50.76,61.0,1021.5
2019,14,16,Mason Crosby,green_bay_packers,8.0,27.0,8.0,8.0,33,2,2,100.0,0,0,2,0,0,2019-12-08,1:00PM,Lambeau Field,Green Bay,WI,44.5013,-88.0622,Outdoor,Grass,640.0,1957.0,4.4,0.0,43.2,73.0,1007.8
2019,14,17,Ka'Imi Fairbairn,houston_texans,8.0,26.3,8.0,8.0,54,1,1,100.0,0,0,0,0,1,2019-12-08,1:00PM,NRG Stadium,Houston,TX,29.6847,-95.4107,Indoor,Turf,50.0,2002.0,22.3,0.0,64.8,60.0,1017.9
2019,14,18,Brandon Mcmanus,denver_broncos,8.0,26.3,8.0,8.0,36,1,1,100.0,0,0,1,0,0,2019-12-08,1:00PM,NRG Stadium,Houston,TX,29.6847,-95.4107,Indoor,Turf,50.0,2002.0,22.3,0.0,64.8,60.0,1017.9
2019,14,19,Eddy Pineiro,chicago_bears,7.0,25.6,7.0,7.0,36,1,1,100.0,0,0,1,0,0,2019-12-05,8:20PM,Soldier Field,Chicago,IL,41.8623,-87.6167,Outdoor,Grass,595.0,1924.0,4.8,0.0,60.84,76.0,1015.2
2019,14,20,Jason Myers,seattle_seahawks,6.0,25.6,6.0,6.0,39,2,2,100.0,0,0,2,0,0,2019-12-08,8:20PM,SoFi Stadium,Inglewood,CA,33.9535,-118.3392,Outdoor,Turf,100.0,2020.0,13.8,0.0,41.04,88.0,1015.8
2019,14,21,Justin Tucker,baltimore_ravens,6.0,24.9,6.0,6.0,36,1,1,100.0,0,0,1,0,0,2019-12-08,1:00PM,Highmark Stadium,Orchard Park,NY,42.7738,-78.7868,Outdoor,Grass,600.0,1973.0,5.5,0.0,84.96000000000001,47.0,1019.0
2019,14,22,Dustin Hopkins,unknown,5.0,24.2,5.0,5.0,52,1,1,100.0,0,0,0,0,1,,,,,,,,,,,,,,,,
2019,14,23,Zane Gonzalez,arizona_cardinals,5.0,24.2,5.0,5.0,30,1,1,100.0,0,0,1,0,0,2019-12-08,4:25PM,State Farm Stadium,Glendale,AZ,33.5275,-112.2625,Indoor,Turf,1070.0,2006.0,16.2,0.0,2.8800000000000003,90.0,1014.1
2019,14,24,Aldrick Rosas,new_york_giants,5.0,24.2,5.0,5.0,34,1,1,100.0,0,0,1,0,0,2019-12-09,8:15PM,Lincoln Financial Field,Philadelphia,PA,39.9008,-75.1675,Outdoor,Grass,30.0,2003.0,9.4,1.9,61.92,96.0,1010.0
2019,14,25,Josh Lambo,jacksonville_jaguars,4.0,23.6,4.0,4.0,26,1,1,100.0,0,1,0,0,0,2019-12-08,4:05PM,TIAA Bank Field,Jacksonville,FL,30.3239,-81.6373,Outdoor,Grass,16.0,1995.0,19.9,0.0,66.60000000000001,77.0,1022.2
2019,14,26,Chase Mclaughlin,indianapolis_colts,11.0,22.64,11.0,11.0,50,2,3,66.7,1,0,0,0,1,2019-12-08,1:00PM,Raymond James Stadium,Tampa,FL,27.9759,-82.5033,Outdoor,Grass,26.0,1998.0,24.3,0.0,50.76,61.0,1021.5
2019,14,27,Chase Mclaughlin,los_angeles_chargers,11.0,22.64,11.0,11.0,50,2,3,66.7,1,0,0,0,1,2019-12-08,4:05PM,TIAA Bank Field,Jacksonville,FL,30.3239,-81.6373,Outdoor,Grass,16.0,1995.0,19.9,0.0,66.60000000000001,77.0,1022.2
2019,14,28,Chase Mclaughlin,minnesota_vikings,11.0,22.64,11.0,11.0,50,2,3,66.7,1,0,0,0,1,2019-12-08,1:00PM,U.S. Bank Stadium,Minneapolis,MN,44.974,-93.2581,Indoor,Turf,840.0,2016.0,1.0,0.0,43.56,85.0,1009.8
2019,14,29,Chase Mclaughlin,san_francisco_49ers,11.0,22.64,11.0,11.0,50,2,3,66.7,1,0,0,0,1,2019-12-08,1:00PM,Caesars Superdome,New Orleans,LA,29.9509,-90.0815,Indoor,Turf,3.0,1975.0,17.4,0.0,20.16,76.0,1019.8
2019,14,30,Brett Maher,dallas_cowboys,6.0,15.1,6.0,6.0,31,1,2,50.0,0,0,1,0,0,2019-12-05,8:20PM,Soldier Field,Chicago,IL,41.8623,-87.6167,Outdoor,Grass,595.0,1924.0,4.8,0.0,60.84,76.0,1015.2
2019,14,31,Jake Elliott,philadelphia_eagles,5.0,14.4,5.0,5.0,34,1,2,50.0,0,0,1,0,0,2019-12-09,8:15PM,Lincoln Financial Field,Philadelphia,PA,39.9008,-75.1675,Outdoor,Grass,30.0,2003.0,9.4,1.9,61.92,96.0,1010.0
2019,14,32,Nick Folk,new_england_patriots,4.0,13.8,4.0,4.0,29,1,2,50.0,0,1,0,0,0,2019-12-08,4:25PM,Gillette Stadium,Foxborough,MA,42.0909,-71.2643,Outdoor,Turf,289.0,2002.0,0.9,0.0,48.96,58.0,1030.4
2019,14,33,Ryan Succop,tennessee_titans,6.0,4.4,6.0,6.0,0,0,1,0.0,0,0,0,0,0,2019-12-08,4:25PM,Allegiant Stadium,Las Vegas,NV,36.0908,-115.183,Indoor,Turf,2001.0,2020.0,15.8,0.0,49.32,53.0,1011.1
2019,14,34,Greg Zuerlein,los_angeles_rams,4.0,3.0,4.0,4.0,0,0,1,0.0,0,0,0,0,0,2019-12-08,8:20PM,SoFi Stadium,Inglewood,CA,33.9535,-118.3392,Outdoor,Turf,100.0,2020.0,13.8,0.0,41.04,88.0,1015.8
2019,14,35,Daniel Carlson,unknown,3.0,2.1,3.0,3.0,0,0,0,0.0,0,0,0,0,0,,,,,,,,,,,,,,,,
2019,14,36,Matt Prater,detroit_lions,1.0,0.9,1.0,1.0,0,0,1,0.0,0,0,0,0,0,2019-12-08,1:00PM,U.S. Bank Stadium,Minneapolis,MN,44.974,-93.2581,Indoor,Turf,840.0,2016.0,1.0,0.0,43.56,85.0,1009.8
2019,14,37,Ryan Santoso,tennessee_titans,0.0,0.0,0.0,0.0,0,0,0,0.0,0,0,0,0,0,2019-12-08,4:25PM,Allegiant Stadium,Las Vegas,NV,36.0908,-115.183,Indoor,Turf,2001.0,2020.0,15.8,0.0,49.32,53.0,1011.1
2019,14,38,Ty Long,los_angeles_chargers,0.0,0.0,0.0,0.0,0,0,0,0.0,0,0,0,0,0,2019-12-08,4:05PM,TIAA Bank Field,Jacksonville,FL,30.3239,-81.6373,Outdoor,Grass,16.0,1995.0,19.9,0.0,66.60000000000001,77.0,1022.2
2019,15,1,Kai Forbath,dallas_cowboys,18.0,34.7,18.0,18.0,50,3,3,100.0,0,0,0,2,1,2019-12-15,4:25PM,AT&T Stadium,Arlington,TX,32.7473,-97.0945,Indoor,Turf,639.0,2009.0,23.2,0.0,21.96,41.0,1006.4
2019,15,2,Kai Forbath,new_england_patriots,18.0,34.7,18.0,18.0,50,3,3,100.0,0,0,0,2,1,2019-12-15,1:00PM,Paycor Stadium,Cincinnati,OH,39.0954,-84.516,Outdoor,Turf,482.0,2000.0,2.4,0.0,18.72,56.0,1021.7
2019,15,3,Dan Bailey,minnesota_vikings,16.0,34.2,16.0,16.0,44,4,4,100.0,0,2,1,1,0,2019-12-15,4:05PM,SoFi Stadium,Inglewood,CA,33.9535,-118.3392,Outdoor,Turf,100.0,2020.0,14.1,0.0,111.6,47.0,1017.4
2019,15,4,Robbie Gould,san_francisco_49ers,12.0,30.6,12.0,12.0,46,3,3,100.0,0,1,0,2,0,2019-12-15,4:25PM,Levi's Stadium,Santa Clara,CA,37.403,-121.9692,Outdoor,Grass,13.0,2014.0,12.4,0.0,37.440000000000005,65.0,1023.6
2019,15,5,Dustin Hopkins,unknown,12.0,29.8,12.0,12.0,53,2,2,100.0,0,0,0,1,1,,,,,,,,,,,,,,,,
2019,15,6,Nick Folk,new_england_patriots,12.0,29.8,12.0,12.0,46,2,2,100.0,0,0,0,2,0,2019-12-15,1:00PM,Paycor Stadium,Cincinnati,OH,39.0954,-84.516,Outdoor,Turf,482.0,2000.0,2.4,0.0,18.72,56.0,1021.7
2019,15,7,Harrison Butker,kansas_city_chiefs,10.0,29.3,10.0,10.0,44,3,3,100.0,0,2,0,1,0,2019-12-15,1:00PM,GEHA Field at Arrowhead Stadium,Kansas City,MO,39.049,-94.4839,Outdoor,Grass,1020.0,1972.0,-3.9,1.2,45.36,86.0,1018.1
2019,15,8,Wil Lutz,new_orleans_saints,10.0,28.5,10.0,10.0,33,2,2,100.0,0,1,1,0,0,2019-12-16,8:15PM,Caesars Superdome,New Orleans,LA,29.9509,-90.0815,Indoor,Turf,3.0,1975.0,21.8,0.0,79.56,94.0,1012.6
2019,15,9,Josh Lambo,jacksonville_jaguars,9.0,27.8,9.0,9.0,43,2,2,100.0,0,1,0,1,0,2019-12-15,4:05PM,Allegiant Stadium,Las Vegas,NV,36.0908,-115.183,Indoor,Turf,2001.0,2020.0,11.0,0.0,90.36,37.0,1015.4
2019,15,10,Randy Bullock,cincinnati_bengals,8.0,27.0,8.0,8.0,48,2,2,100.0,0,0,1,1,0,2019-12-15,1:00PM,Paycor Stadium,Cincinnati,OH,39.0954,-84.516,Outdoor,Turf,482.0,2000.0,2.4,0.0,18.72,56.0,1021.7
2019,15,11,Eddy Pineiro,chicago_bears,7.0,26.4,7.0,7.0,30,2,2,100.0,0,1,1,0,0,2019-12-15,1:00PM,Lambeau Field,Green Bay,WI,44.5013,-88.0622,Outdoor,Grass,640.0,1957.0,-8.2,0.0,36.72,59.0,1021.3
2019,15,12,Zane Gonzalez,arizona_cardinals,8.0,26.4,8.0,8.0,21,1,1,100.0,0,1,0,0,0,2019-12-15,4:05PM,State Farm Stadium,Glendale,AZ,33.5275,-112.2625,Indoor,Turf,1070.0,2006.0,15.0,0.0,45.72,42.0,1012.5
2019,15,13,Joey Slye,carolina_panthers,8.0,26.3,8.0,8.0,52,1,1,100.0,0,0,0,0,1,2019-12-15,1:00PM,Bank of America Stadium,Charlotte,NC,35.2258,-80.8528,Outdoor,Grass,748.0,1996.0,11.8,0.0,32.76,62.0,1019.6
2019,15,14,Jake Elliott,philadelphia_eagles,7.0,25.7,7.0,7.0,25,1,1,100.0,0,1,0,0,0,2019-12-15,1:00PM,FedExField,Landover,MD,38.9078,-76.8645,Outdoor,Grass,300.0,1997.0,9.7,0.0,78.84,53.0,1014.7
2019,15,15,Ka'Imi Fairbairn,houston_texans,6.0,25.0,6.0,6.0,29,1,1,100.0,0,1,0,0,0,2019-12-15,1:00PM,Nissan Stadium,Nashville,TN,36.1665,-86.7713,Outdoor,Grass,476.0,1999.0,9.3,0.0,26.64,71.0,1018.8
2019,15,16,Jason Myers,seattle_seahawks,6.0,24.9,6.0,6.0,30,1,1,100.0,0,0,1,0,0,2019-12-15,1:00PM,Bank of America Stadium,Charlotte,NC,35.2258,-80.8528,Outdoor,Grass,748.0,1996.0,11.8,0.0,32.76,62.0,1019.6
2019,15,17,Matt Prater,detroit_lions,6.0,24.9,6.0,6.0,44,1,1,100.0,0,0,0,1,0,2019-12-15,1:00PM,Ford Field,Detroit,MI,42.34,-83.0456,Indoor,Turf,600.0,2002.0,0.2,0.0,72.36000000000001,53.0,1018.2
2019,15,18,Younghoe Koo,atlanta_falcons,6.0,24.9,6.0,6.0,43,1,1,100.0,0,0,0,1,0,2019-12-15,4:25PM,Levi's Stadium,Santa Clara,CA,37.403,-121.9692,Outdoor,Grass,13.0,2014.0,12.4,0.0,37.440000000000005,65.0,1023.6
2019,15,19,Younghoe Koo,new_england_patriots,6.0,24.9,6.0,6.0,43,1,1,100.0,0,0,0,1,0,2019-12-15,1:00PM,Paycor Stadium,Cincinnati,OH,39.0954,-84.516,Outdoor,Turf,482.0,2000.0,2.4,0.0,18.72,56.0,1021.7
2019,15,20,Daniel Carlson,unknown,10.0,24.4,10.0,10.0,34,3,4,75.0,0,1,2,0,0,,,,,,,,,,,,,,,,
2019,15,21,Chris Boswell,pittsburgh_steelers,5.0,24.2,5.0,5.0,49,1,1,100.0,0,0,0,1,0,2019-12-15,8:20PM,Acrisure Stadium,Pittsburgh,PA,40.4468,-80.0158,Outdoor,Grass,730.0,2001.0,-1.6,0.0,16.92,72.0,1023.2
2019,15,22,Michael Badgley,unknown,5.0,24.2,5.0,5.0,41,1,1,100.0,0,0,0,1,0,,,,,,,,,,,,,,,,
2019,15,23,Stephen Hauschka,unknown,5.0,24.2,5.0,5.0,36,1,1,100.0,0,0,1,0,0,,,,,,,,,,,,,,,,
2019,15,24,Brandon Mcmanus,denver_broncos,3.0,22.8,3.0,3.0,32,1,1,100.0,0,0,1,0,0,2019-12-15,1:00PM,GEHA Field at Arrowhead Stadium,Kansas City,MO,39.049,-94.4839,Outdoor,Grass,1020.0,1972.0,-3.9,1.2,45.36,86.0,1018.1
2019,15,25,Jason Sanders,miami_dolphins,9.0,21.34,9.0,9.0,47,2,3,66.7,0,1,0,1,0,2019-12-15,1:00PM,MetLife Stadium,East Rutherford,NJ,40.8136,-74.0744,Outdoor,Turf,3.0,2010.0,8.2,0.0,114.84,51.0,1008.5
2019,15,26,Matt Gay,tampa_bay_buccaneers,9.0,17.2,9.0,9.0,46,1,2,50.0,0,0,0,1,0,2019-12-15,1:00PM,Ford Field,Detroit,MI,42.34,-83.0456,Indoor,Turf,600.0,2002.0,0.2,0.0,72.36000000000001,53.0,1018.2
2019,15,27,Austin Seibert,cleveland_browns,7.0,15.8,7.0,7.0,44,1,2,50.0,0,0,0,1,0,2019-12-15,4:05PM,State Farm Stadium,Glendale,AZ,33.5275,-112.2625,Indoor,Turf,1070.0,2006.0,15.0,0.0,45.72,42.0,1012.5
2019,15,28,Justin Tucker,baltimore_ravens,4.0,2.8,4.0,4.0,0,0,0,0.0,0,0,0,0,0,2019-12-12,8:20PM,M&T Bank Stadium,Baltimore,MD,39.2779,-76.6227,Outdoor,Grass,10.0,1998.0,-0.8,0.0,24.12,75.0,1038.5
2019,15,29,Aldrick Rosas,new_york_giants,4.0,2.8,4.0,4.0,0,0,0,0.0,0,0,0,0,0,2019-12-15,1:00PM,MetLife Stadium,East Rutherford,NJ,40.8136,-74.0744,Outdoor,Turf,3.0,2010.0,8.2,0.0,114.84,51.0,1008.5
2019,15,30,Ryan Succop,tennessee_titans,3.0,2.3,3.0,3.0,0,0,1,0.0,0,0,0,0,0,2019-12-15,1:00PM,Nissan Stadium,Nashville,TN,36.1665,-86.7713,Outdoor,Grass,476.0,1999.0,9.3,0.0,26.64,71.0,1018.8
2019,15,31,Mason Crosby,green_bay_packers,3.0,2.1,3.0,3.0,0,0,0,0.0,0,0,0,0,0,2019-12-15,1:00PM,Lambeau Field,Green Bay,WI,44.5013,-88.0622,Outdoor,Grass,640.0,1957.0,-8.2,0.0,36.72,59.0,1021.3
2019,15,32,Sam Ficken,new_york_jets,1.0,0.9,1.0,1.0,0,0,1,0.0,0,0,0,0,0,2019-12-12,8:20PM,M&T Bank Stadium,Baltimore,MD,39.2779,-76.6227,Outdoor,Grass,10.0,1998.0,-0.8,0.0,24.12,75.0,1038.5
2019,15,33,Greg Zuerlein,los_angeles_rams,1.0,0.7,1.0,1.0,0,0,0,0.0,0,0,0,0,0,2019-12-15,4:25PM,AT&T Stadium,Arlington,TX,32.7473,-97.0945,Indoor,Turf,639.0,2009.0,23.2,0.0,21.96,41.0,1006.4
2019,15,34,Chase Mclaughlin,indianapolis_colts,1.0,0.7,1.0,1.0,0,0,0,0.0,0,0,0,0,0,2019-12-16,8:15PM,Caesars Superdome,New Orleans,LA,29.9509,-90.0815,Indoor,Turf,3.0,1975.0,21.8,0.0,79.56,94.0,1012.6
2019,15,35,Chase Mclaughlin,los_angeles_chargers,1.0,0.7,1.0,1.0,0,0,0,0.0,0,0,0,0,0,2019-12-15,4:05PM,SoFi Stadium,Inglewood,CA,33.9535,-118.3392,Outdoor,Turf,100.0,2020.0,14.1,0.0,111.6,47.0,1017.4
2019,15,36,Chase Mclaughlin,minnesota_vikings,1.0,0.7,1.0,1.0,0,0,0,0.0,0,0,0,0,0,2019-12-15,4:05PM,SoFi Stadium,Inglewood,CA,33.9535,-118.3392,Outdoor,Turf,100.0,2020.0,14.1,0.0,111.6,47.0,1017.4
2019,15,37,Chase Mclaughlin,san_francisco_49ers,1.0,0.7,1.0,1.0,0,0,0,0.0,0,0,0,0,0,2019-12-15,4:25PM,Levi's Stadium,Santa Clara,CA,37.403,-121.9692,Outdoor,Grass,13.0,2014.0,12.4,0.0,37.440000000000005,65.0,1023.6
2019,15,38,Ryan Santoso,tennessee_titans,0.0,0.0,0.0,0.0,0,0,0,0.0,0,0,0,0,0,2019-12-15,1:00PM,Nissan Stadium,Nashville,TN,36.1665,-86.7713,Outdoor,Grass,476.0,1999.0,9.3,0.0,26.64,71.0,1018.8
2019,15,39,Ty Long,los_angeles_chargers,0.0,0.0,0.0,0.0,0,0,0,0.0,0,0,0,0,0,2019-12-15,4:05PM,SoFi Stadium,Inglewood,CA,33.9535,-118.3392,Outdoor,Turf,100.0,2020.0,14.1,0.0,111.6,47.0,1017.4
2019,16,1,Sam Ficken,new_york_jets,13.0,31.2,13.0,13.0,54,3,3,100.0,0,0,1,1,1,2019-12-22,1:00PM,MetLife Stadium,East Rutherford,NJ,40.8136,-74.0744,Outdoor,Turf,3.0,2010.0,6.9,0.0,37.080000000000005,39.0,1026.0
2019,16,2,Nick Folk,new_england_patriots,12.0,30.6,12.0,12.0,51,3,3,100.0,0,1,1,0,1,2019-12-21,4:30PM,Gillette Stadium,Foxborough,MA,42.0909,-71.2643,Outdoor,Turf,289.0,2002.0,-0.6,0.0,33.12,67.0,1033.2
2019,16,3,Ka'Imi Fairbairn,houston_texans,11.0,29.9,11.0,11.0,37,3,3,100.0,0,1,2,0,0,2019-12-21,1:00PM,Raymond James Stadium,Tampa,FL,27.9759,-82.5033,Outdoor,Grass,26.0,1998.0,23.3,0.0,96.48,63.0,1022.9
2019,16,4,Kai Forbath,dallas_cowboys,11.0,29.8,11.0,11.0,49,3,3,100.0,0,0,1,2,0,2019-12-22,4:25PM,Lincoln Financial Field,Philadelphia,PA,39.9008,-75.1675,Outdoor,Grass,30.0,2003.0,8.6,0.0,33.12,42.0,1025.0
2019,16,5,Kai Forbath,new_england_patriots,11.0,29.8,11.0,11.0,49,3,3,100.0,0,0,1,2,0,2019-12-21,4:30PM,Gillette Stadium,Foxborough,MA,42.0909,-71.2643,Outdoor,Turf,289.0,2002.0,-0.6,0.0,33.12,67.0,1033.2
2019,16,6,Mason Crosby,green_bay_packers,10.0,29.1,10.0,10.0,42,3,3,100.0,1,0,1,1,0,2019-12-23,8:15PM,U.S. Bank Stadium,Minneapolis,MN,44.974,-93.2581,Indoor,Turf,840.0,2016.0,-0.1,0.0,40.32,85.0,1018.6
2019,16,7,Robbie Gould,san_francisco_49ers,10.0,28.5,10.0,10.0,33,2,2,100.0,0,1,1,0,0,2019-12-21,8:15PM,Levi's Stadium,Santa Clara,CA,37.403,-121.9692,Outdoor,Grass,13.0,2014.0,10.9,0.0,42.48,82.0,1011.8
2019,16,8,Harrison Butker,kansas_city_chiefs,10.0,28.4,10.0,10.0,56,2,2,100.0,0,0,1,0,1,2019-12-22,8:20PM,Soldier Field,Chicago,IL,41.8623,-87.6167,Outdoor,Grass,595.0,1924.0,4.5,0.0,74.88000000000001,75.0,1021.2
2019,16,9,Randy Bullock,cincinnati_bengals,9.0,27.8,9.0,9.0,57,2,2,100.0,0,1,0,0,1,2019-12-22,1:00PM,Hard Rock Stadium,Miami Gardens,FL,25.958,-80.238,Outdoor,Grass,7.0,1987.0,24.2,0.0,83.16000000000001,72.0,1018.1
2019,16,10,Brandon Mcmanus,denver_broncos,9.0,27.8,9.0,9.0,34,2,2,100.0,0,1,1,0,0,2019-12-22,4:05PM,Empower Field at Mile High,Denver,CO,39.7439,-105.0201,Outdoor,Turf,5280.0,2001.0,12.0,0.0,21.6,45.0,1012.4
2019,16,11,Jason Myers,seattle_seahawks,9.0,27.7,9.0,9.0,51,2,2,100.0,0,0,1,0,1,2019-12-22,4:25PM,Lumen Field,Seattle,WA,47.5952,-122.3316,Outdoor,Turf,20.0,2002.0,6.8,0.0,71.28,86.0,1006.3
2019,16,12,Joey Slye,carolina_panthers,8.0,27.1,8.0,8.0,50,2,2,100.0,0,1,0,0,1,2019-12-22,1:00PM,Lucas Oil Stadium,Indianapolis,IN,39.7601,-86.1639,Indoor,Turf,700.0,2008.0,4.6,0.0,18.36,77.0,1027.7
2019,16,13,Wil Lutz,new_orleans_saints,9.0,27.0,9.0,9.0,47,1,1,100.0,0,0,0,1,0,2019-12-22,1:00PM,Nissan Stadium,Nashville,TN,36.1665,-86.7713,Outdoor,Grass,476.0,1999.0,9.3,0.2,28.8,71.0,1024.7
2019,16,14,Josh Lambo,jacksonville_jaguars,7.0,26.4,7.0,7.0,40,2,2,100.0,0,1,0,1,0,2019-12-22,1:00PM,Mercedes-Benz Stadium,Atlanta,GA,33.755,-84.4008,Indoor,Turf,1050.0,2017.0,5.7,2.9,109.8,90.0,1024.0
2019,16,15,Chase Mclaughlin,indianapolis_colts,8.0,26.3,8.0,8.0,35,1,1,100.0,0,0,1,0,0,2019-12-22,1:00PM,Lucas Oil Stadium,Indianapolis,IN,39.7601,-86.1639,Indoor,Turf,700.0,2008.0,4.6,0.0,18.36,77.0,1027.7
2019,16,16,Chase Mclaughlin,los_angeles_chargers,8.0,26.3,8.0,8.0,35,1,1,100.0,0,0,1,0,0,2019-12-22,4:05PM,SoFi Stadium,Inglewood,CA,33.9535,-118.3392,Outdoor,Turf,100.0,2020.0,16.4,0.0,78.12,75.0,1012.6
2019,16,17,Chase Mclaughlin,minnesota_vikings,8.0,26.3,8.0,8.0,35,1,1,100.0,0,0,1,0,0,2019-12-23,8:15PM,U.S. Bank Stadium,Minneapolis,MN,44.974,-93.2581,Indoor,Turf,840.0,2016.0,-0.1,0.0,40.32,85.0,1018.6
2019,16,18,Chase Mclaughlin,san_francisco_49ers,8.0,26.3,8.0,8.0,35,1,1,100.0,0,0,1,0,0,2019-12-21,8:15PM,Levi's Stadium,Santa Clara,CA,37.403,-121.9692,Outdoor,Grass,13.0,2014.0,10.9,0.0,42.48,82.0,1011.8
2019,16,19,Justin Tucker,baltimore_ravens,7.0,25.6,7.0,7.0,31,1,1,100.0,0,0,1,0,0,2019-12-22,1:00PM,FirstEnergy Stadium,Cleveland,OH,41.5061,-81.6995,Outdoor,Grass,577.0,1999.0,8.4,0.0,63.0,56.0,1026.2
2019,16,20,Daniel Carlson,unknown,7.0,25.6,7.0,7.0,48,1,1,100.0,0,0,0,1,0,,,,,,,,,,,,,,,,
2019,16,21,Michael Badgley,unknown,5.0,24.3,5.0,5.0,27,1,1,100.0,0,1,0,0,0,,,,,,,,,,,,,,,,
2019,16,22,Matt Prater,detroit_lions,5.0,24.3,5.0,5.0,26,1,1,100.0,0,1,0,0,0,2019-12-22,4:05PM,Empower Field at Mile High,Denver,CO,39.7439,-105.0201,Outdoor,Turf,5280.0,2001.0,12.0,0.0,21.6,45.0,1012.4
2019,16,23,Chris Boswell,pittsburgh_steelers,5.0,24.2,5.0,5.0,49,1,1,100.0,0,0,0,1,0,2019-12-22,1:00PM,MetLife Stadium,East Rutherford,NJ,40.8136,-74.0744,Outdoor,Turf,3.0,2010.0,6.9,0.0,37.080000000000005,39.0,1026.0
2019,16,24,Stephen Hauschka,unknown,5.0,24.2,5.0,5.0,35,1,1,100.0,0,0,1,0,0,,,,,,,,,,,,,,,,
2019,16,25,Dan Bailey,minnesota_vikings,4.0,23.6,4.0,4.0,23,1,1,100.0,0,1,0,0,0,2019-12-23,8:15PM,U.S. Bank Stadium,Minneapolis,MN,44.974,-93.2581,Indoor,Turf,840.0,2016.0,-0.1,0.0,40.32,85.0,1018.6
2019,16,26,Eddy Pineiro,chicago_bears,4.0,23.5,4.0,4.0,46,1,1,100.0,0,0,0,1,0,2019-12-22,8:20PM,Soldier Field,Chicago,IL,41.8623,-87.6167,Outdoor,Grass,595.0,1924.0,4.5,0.0,74.88000000000001,75.0,1021.2
2019,16,27,Austin Seibert,cleveland_browns,4.0,23.5,4.0,4.0,47,1,1,100.0,0,0,0,1,0,2019-12-22,1:00PM,FirstEnergy Stadium,Cleveland,OH,41.5061,-81.6995,Outdoor,Grass,577.0,1999.0,8.4,0.0,63.0,56.0,1026.2
2019,16,28,Matt Gay,tampa_bay_buccaneers,11.0,22.64,11.0,11.0,50,2,3,66.7,0,0,0,1,1,2019-12-21,1:00PM,Raymond James Stadium,Tampa,FL,27.9759,-82.5033,Outdoor,Grass,26.0,1998.0,23.3,0.0,96.48,63.0,1022.9
2019,16,29,Zane Gonzalez,arizona_cardinals,10.0,22.04,10.0,10.0,46,2,3,66.7,0,1,0,1,0,2019-12-22,4:25PM,Lumen Field,Seattle,WA,47.5952,-122.3316,Outdoor,Turf,20.0,2002.0,6.8,0.0,71.28,86.0,1006.3
2019,16,30,Greg Zuerlein,los_angeles_rams,9.0,17.2,9.0,9.0,52,1,2,50.0,0,0,0,0,1,2019-12-21,8:15PM,Levi's Stadium,Santa Clara,CA,37.403,-121.9692,Outdoor,Grass,13.0,2014.0,10.9,0.0,42.48,82.0,1011.8
2019,16,31,Jason Sanders,miami_dolphins,8.0,16.5,8.0,8.0,37,1,2,50.0,0,0,1,0,0,2019-12-22,1:00PM,Hard Rock Stadium,Miami Gardens,FL,25.958,-80.238,Outdoor,Grass,7.0,1987.0,24.2,0.0,83.16000000000001,72.0,1018.1
2019,16,32,Younghoe Koo,atlanta_falcons,6.0,15.2,6.0,6.0,23,1,2,50.0,0,1,0,0,0,2019-12-22,1:00PM,Mercedes-Benz Stadium,Atlanta,GA,33.755,-84.4008,Indoor,Turf,1050.0,2017.0,5.7,2.9,109.8,90.0,1024.0
2019,16,33,Younghoe Koo,new_england_patriots,6.0,15.2,6.0,6.0,23,1,2,50.0,0,1,0,0,0,2019-12-21,4:30PM,Gillette Stadium,Foxborough,MA,42.0909,-71.2643,Outdoor,Turf,289.0,2002.0,-0.6,0.0,33.12,67.0,1033.2
2019,16,34,Jake Elliott,philadelphia_eagles,5.0,11.26,5.0,5.0,36,1,3,33.3,0,0,1,0,0,2019-12-22,4:25PM,Lincoln Financial Field,Philadelphia,PA,39.9008,-75.1675,Outdoor,Grass,30.0,2003.0,8.6,0.0,33.12,42.0,1025.0
2019,16,35,Aldrick Rosas,new_york_giants,5.0,3.7,5.0,5.0,0,0,1,0.0,0,0,0,0,0,2019-12-22,1:00PM,FedExField,Landover,MD,38.9078,-76.8645,Outdoor,Grass,300.0,1997.0,6.9,0.0,28.08,45.0,1029.9
2019,16,36,Dustin Hopkins,unknown,5.0,3.5,5.0,5.0,0,0,0,0.0,0,0,0,0,0,,,,,,,,,,,,,,,,
2019,16,37,Greg Joseph,carolina_panthers,4.0,2.8,4.0,4.0,0,0,0,0.0,0,0,0,0,0,2019-12-22,1:00PM,Lucas Oil Stadium,Indianapolis,IN,39.7601,-86.1639,Indoor,Turf,700.0,2008.0,4.6,0.0,18.36,77.0,1027.7
2019,16,38,Greg Joseph,tennessee_titans,4.0,2.8,4.0,4.0,0,0,0,0.0,0,0,0,0,0,2019-12-22,1:00PM,Nissan Stadium,Nashville,TN,36.1665,-86.7713,Outdoor,Grass,476.0,1999.0,9.3,0.2,28.8,71.0,1024.7
2019,16,39,Ty Long,los_angeles_chargers,0.0,0.0,0.0,0.0,0,0,0,0.0,0,0,0,0,0,2019-12-22,4:05PM,SoFi Stadium,Inglewood,CA,33.9535,-118.3392,Outdoor,Turf,100.0,2020.0,16.4,0.0,78.12,75.0,1012.6
2019,17,1,Kai Forbath,dallas_cowboys,20.0,36.9,20.0,20.0,48,4,4,100.0,0,1,0,3,0,2019-12-29,4:25PM,AT&T Stadium,Arlington,TX,32.7473,-97.0945,Indoor,Turf,639.0,2009.0,11.3,0.0,83.52,41.0,1011.7
2019,17,2,Kai Forbath,new_england_patriots,20.0,36.9,20.0,20.0,48,4,4,100.0,0,1,0,3,0,2019-12-29,1:00PM,Gillette Stadium,Foxborough,MA,42.0909,-71.2643,Outdoor,Turf,289.0,2002.0,4.7,0.0,6.48,54.0,1022.8
2019,17,3,Younghoe Koo,atlanta_falcons,18.0,36.2,18.0,18.0,45,5,5,100.0,0,1,2,2,0,2019-12-29,1:00PM,Raymond James Stadium,Tampa,FL,27.9759,-82.5033,Outdoor,Grass,26.0,1998.0,25.2,0.0,71.64,77.0,1016.4
2019,17,4,Younghoe Koo,new_england_patriots,18.0,36.2,18.0,18.0,45,5,5,100.0,0,1,2,2,0,2019-12-29,1:00PM,Gillette Stadium,Foxborough,MA,42.0909,-71.2643,Outdoor,Turf,289.0,2002.0,4.7,0.0,6.48,54.0,1022.8
2019,17,5,Justin Tucker,baltimore_ravens,17.0,34.8,17.0,17.0,47,4,4,100.0,0,1,0,3,0,2019-12-29,4:25PM,M&T Bank Stadium,Baltimore,MD,39.2779,-76.6227,Outdoor,Grass,10.0,1998.0,9.3,0.6,42.84,94.0,1017.9
2019,17,6,Josh Lambo,jacksonville_jaguars,16.0,33.4,16.0,16.0,56,3,3,100.0,0,1,0,0,2,2019-12-29,4:25PM,TIAA Bank Field,Jacksonville,FL,30.3239,-81.6373,Outdoor,Grass,16.0,1995.0,23.2,0.2,66.24,87.0,1014.9
2019,17,7,Eddy Pineiro,chicago_bears,13.0,32.1,13.0,13.0,34,4,4,100.0,0,2,2,0,0,2019-12-29,1:00PM,U.S. Bank Stadium,Minneapolis,MN,44.974,-93.2581,Indoor,Turf,840.0,2016.0,4.6,0.4,38.16,94.0,994.5
2019,17,8,Dan Bailey,minnesota_vikings,13.0,31.9,13.0,13.0,39,4,4,100.0,0,0,4,0,0,2019-12-29,1:00PM,U.S. Bank Stadium,Minneapolis,MN,44.974,-93.2581,Indoor,Turf,840.0,2016.0,4.6,0.4,38.16,94.0,994.5
2019,17,9,Dustin Hopkins,unknown,11.0,29.9,11.0,11.0,42,3,3,100.0,0,1,1,1,0,,,,,,,,,,,,,,,,
2019,17,10,Jake Elliott,philadelphia_eagles,12.0,29.8,12.0,12.0,50,2,2,100.0,0,0,1,0,1,2019-12-29,4:25PM,MetLife Stadium,East Rutherford,NJ,40.8136,-74.0744,Outdoor,Turf,3.0,2010.0,5.4,0.0,29.16,73.0,1021.4
2019,17,11,Matt Prater,detroit_lions,11.0,29.1,11.0,11.0,56,2,2,100.0,0,0,0,1,1,2019-12-29,1:00PM,Ford Field,Detroit,MI,42.34,-83.0456,Indoor,Turf,600.0,2002.0,7.6,0.9,78.12,95.0,1008.0
2019,17,12,Randy Bullock,cincinnati_bengals,11.0,29.1,11.0,11.0,47,2,2,100.0,0,0,0,2,0,2019-12-29,1:00PM,Paycor Stadium,Cincinnati,OH,39.0954,-84.516,Outdoor,Turf,482.0,2000.0,16.8,1.6,76.68,94.0,1008.9
2019,17,13,Chase Mclaughlin,indianapolis_colts,10.0,28.5,10.0,10.0,50,2,2,100.0,0,1,0,0,1,2019-12-29,4:25PM,TIAA Bank Field,Jacksonville,FL,30.3239,-81.6373,Outdoor,Grass,16.0,1995.0,23.2,0.2,66.24,87.0,1014.9
2019,17,14,Chase Mclaughlin,los_angeles_chargers,10.0,28.5,10.0,10.0,50,2,2,100.0,0,1,0,0,1,2019-12-29,1:00PM,GEHA Field at Arrowhead Stadium,Kansas City,MO,39.049,-94.4839,Outdoor,Grass,1020.0,1972.0,4.5,0.0,78.48,67.0,1004.6
2019,17,15,Chase Mclaughlin,minnesota_vikings,10.0,28.5,10.0,10.0,50,2,2,100.0,0,1,0,0,1,2019-12-29,1:00PM,U.S. Bank Stadium,Minneapolis,MN,44.974,-93.2581,Indoor,Turf,840.0,2016.0,4.6,0.4,38.16,94.0,994.5
2019,17,16,Chase Mclaughlin,san_francisco_49ers,10.0,28.5,10.0,10.0,50,2,2,100.0,0,1,0,0,1,2019-12-29,8:20PM,Lumen Field,Seattle,WA,47.5952,-122.3316,Outdoor,Turf,20.0,2002.0,6.8,0.0,27.72,87.0,1020.1
2019,17,17,Jason Sanders,miami_dolphins,9.0,27.8,9.0,9.0,32,2,2,100.0,0,1,1,0,0,2019-12-29,1:00PM,Gillette Stadium,Foxborough,MA,42.0909,-71.2643,Outdoor,Turf,289.0,2002.0,4.7,0.0,6.48,54.0,1022.8
2019,17,18,Robbie Gould,san_francisco_49ers,9.0,27.7,9.0,9.0,47,2,2,100.0,0,0,1,1,0,2019-12-29,8:20PM,Lumen Field,Seattle,WA,47.5952,-122.3316,Outdoor,Turf,20.0,2002.0,6.8,0.0,27.72,87.0,1020.1
2019,17,19,Brandon Mcmanus,denver_broncos,14.0,27.1,14.0,14.0,51,3,4,75.0,0,0,0,2,1,2019-12-29,4:25PM,Empower Field at Mile High,Denver,CO,39.7439,-105.0201,Outdoor,Turf,5280.0,2001.0,-2.6,0.0,29.52,47.0,1015.7
2019,17,20,Harrison Butker,kansas_city_chiefs,8.0,26.3,8.0,8.0,40,1,1,100.0,0,0,0,1,0,2019-12-29,1:00PM,GEHA Field at Arrowhead Stadium,Kansas City,MO,39.049,-94.4839,Outdoor,Grass,1020.0,1972.0,4.5,0.0,78.48,67.0,1004.6
2019,17,21,Stephen Hauschka,unknown,6.0,25.8,6.0,6.0,29,2,2,100.0,0,2,0,0,0,,,,,,,,,,,,,,,,
2019,17,22,Mason Crosby,green_bay_packers,12.0,25.7,12.0,12.0,40,3,4,75.0,0,0,2,1,0,2019-12-29,1:00PM,Ford Field,Detroit,MI,42.34,-83.0456,Indoor,Turf,600.0,2002.0,7.6,0.9,78.12,95.0,1008.0
2019,17,23,Nick Folk,new_england_patriots,6.0,25.0,6.0,6.0,25,1,1,100.0,0,1,0,0,0,2019-12-29,1:00PM,Gillette Stadium,Foxborough,MA,42.0909,-71.2643,Outdoor,Turf,289.0,2002.0,4.7,0.0,6.48,54.0,1022.8
2019,17,24,Austin Seibert,cleveland_browns,6.0,24.9,6.0,6.0,42,1,1,100.0,0,0,0,1,0,2019-12-29,1:00PM,Paycor Stadium,Cincinnati,OH,39.0954,-84.516,Outdoor,Turf,482.0,2000.0,16.8,1.6,76.68,94.0,1008.9
2019,17,25,Zane Gonzalez,arizona_cardinals,6.0,24.9,6.0,6.0,31,1,1,100.0,0,0,1,0,0,2019-12-29,4:25PM,SoFi Stadium,Inglewood,CA,33.9535,-118.3392,Outdoor,Turf,100.0,2020.0,14.1,0.0,17.64,70.0,1020.2
2019,17,26,Aldrick Rosas,new_york_giants,5.0,24.2,5.0,5.0,37,1,1,100.0,0,0,1,0,0,2019-12-29,4:25PM,MetLife Stadium,East Rutherford,NJ,40.8136,-74.0744,Outdoor,Turf,3.0,2010.0,5.4,0.0,29.16,73.0,1021.4
2019,17,27,Daniel Carlson,unknown,9.0,23.8,9.0,9.0,33,3,4,75.0,0,2,1,0,0,,,,,,,,,,,,,,,,
2019,17,28,Joey Slye,carolina_panthers,4.0,23.6,4.0,4.0,23,1,1,100.0,0,1,0,0,0,2019-12-29,1:00PM,Bank of America Stadium,Charlotte,NC,35.2258,-80.8528,Outdoor,Grass,748.0,1996.0,18.7,0.1,70.56,94.0,1017.1
2019,17,29,Chris Boswell,pittsburgh_steelers,4.0,23.6,4.0,4.0,26,1,1,100.0,0,1,0,0,0,2019-12-29,4:25PM,M&T Bank Stadium,Baltimore,MD,39.2779,-76.6227,Outdoor,Grass,10.0,1998.0,9.3,0.6,42.84,94.0,1017.9
2019,17,30,Sam Ficken,new_york_jets,8.0,17.4,8.0,8.0,47,2,4,50.0,0,0,1,1,0,2019-12-29,1:00PM,Highmark Stadium,Orchard Park,NY,42.7738,-78.7868,Outdoor,Grass,600.0,1973.0,6.9,0.8,38.16,91.0,1014.3
2019,17,31,Greg Zuerlein,los_angeles_rams,8.0,16.5,8.0,8.0,47,1,2,50.0,0,0,0,1,0,2019-12-29,4:25PM,SoFi Stadium,Inglewood,CA,33.9535,-118.3392,Outdoor,Turf,100.0,2020.0,14.1,0.0,17.64,70.0,1020.2
2019,17,32,Wil Lutz,new_orleans_saints,6.0,4.2,6.0,6.0,0,0,0,0.0,0,0,0,0,0,2019-12-29,1:00PM,Bank of America Stadium,Charlotte,NC,35.2258,-80.8528,Outdoor,Grass,748.0,1996.0,18.7,0.1,70.56,94.0,1017.1
2019,17,33,Greg Joseph,carolina_panthers,5.0,3.5,5.0,5.0,0,0,0,0.0,0,0,0,0,0,2019-12-29,1:00PM,Bank of America Stadium,Charlotte,NC,35.2258,-80.8528,Outdoor,Grass,748.0,1996.0,18.7,0.1,70.56,94.0,1017.1
2019,17,34,Greg Joseph,tennessee_titans,5.0,3.5,5.0,5.0,0,0,0,0.0,0,0,0,0,0,2019-12-29,4:25PM,NRG Stadium,Houston,TX,29.6847,-95.4107,Indoor,Turf,50.0,2002.0,18.6,0.0,93.24,34.0,1010.7
2019,17,35,Michael Badgley,unknown,3.0,2.1,3.0,3.0,0,0,0,0.0,0,0,0,0,0,,,,,,,,,,,,,,,,
2019,17,36,Jason Myers,seattle_seahawks,3.0,2.1,3.0,3.0,0,0,0,0.0,0,0,0,0,0,2019-12-29,8:20PM,Lumen Field,Seattle,WA,47.5952,-122.3316,Outdoor,Turf,20.0,2002.0,6.8,0.0,27.72,87.0,1020.1
2019,17,37,Matt Gay,tampa_bay_buccaneers,2.0,2.0,2.0,2.0,0,0,3,0.0,0,0,0,0,0,2019-12-29,1:00PM,Raymond James Stadium,Tampa,FL,27.9759,-82.5033,Outdoor,Grass,26.0,1998.0,25.2,0.0,71.64,77.0,1016.4
2019,17,38,Ka'Imi Fairbairn,houston_texans,2.0,1.4,2.0,2.0,0,0,0,0.0,0,0,0,0,0,2019-12-29,4:25PM,NRG Stadium,Houston,TX,29.6847,-95.4107,Indoor,Turf,50.0,2002.0,18.6,0.0,93.24,34.0,1010.7
2019,17,39,Ty Long,los_angeles_chargers,0.0,0.0,0.0,0.0,0,0,0,0.0,0,0,0,0,0,2019-12-29,1:00PM,GEHA Field at Arrowhead Stadium,Kansas City,MO,39.049,-94.4839,Outdoor,Grass,1020.0,1972.0,4.5,0.0,78.48,67.0,1004.6
2020,1,1,Joey Slye,carolina_panthers,12.0,30.5,12.0,12.0,47,3,3,100.0,0,0,1,2,0,2020-09-13,1:00PM,Bank of America Stadium,Charlotte,NC,35.2258,-80.8528,Outdoor,Grass,748.0,1996.0,26.3,0.0,13.68,64.0,1019.3
2020,1,2,Daniel Carlson,las_vegas_raiders,12.0,29.9,12.0,12.0,54,2,2,100.0,0,1,0,0,1,2020-09-13,1:00PM,Bank of America Stadium,Charlotte,NC,35.2258,-80.8528,Outdoor,Grass,748.0,1996.0,26.3,0.0,13.68,64.0,1019.3
2020,1,3,Josh Lambo,jacksonville_jaguars,12.0,29.8,12.0,12.0,50,2,2,100.0,0,0,0,1,1,2020-09-13,1:00PM,TIAA Bank Field,Jacksonville,FL,30.3239,-81.6373,Outdoor,Grass,16.0,1995.0,30.9,0.0,88.92,60.0,1014.7
2020,1,4,Mason Crosby,green_bay_packers,12.0,29.8,12.0,12.0,43,2,2,100.0,0,0,1,1,0,2020-09-13,1:00PM,U.S. Bank Stadium,Minneapolis,MN,44.974,-93.2581,Indoor,Turf,840.0,2016.0,21.5,0.0,17.28,60.0,1019.0
2020,1,5,Wil Lutz,new_orleans_saints,10.0,28.6,10.0,10.0,29,2,2,100.0,0,2,0,0,0,2020-09-13,4:25PM,Caesars Superdome,New Orleans,LA,29.9509,-90.0815,Indoor,Turf,3.0,1975.0,29.8,0.0,72.72,68.0,1010.4
2020,1,6,Robbie Gould,san_francisco_49ers,10.0,28.5,10.0,10.0,52,2,2,100.0,0,1,0,0,1,2020-09-13,4:25PM,Levi's Stadium,Santa Clara,CA,37.403,-121.9692,Outdoor,Grass,13.0,2014.0,23.3,0.0,76.32,51.0,1012.5
2020,1,7,Harrison Butker,kansas_city_chiefs,10.0,28.5,10.0,10.0,29,2,2,100.0,1,1,0,0,0,2020-09-10,8:20PM,GEHA Field at Arrowhead Stadium,Kansas City,MO,39.049,-94.4839,Outdoor,Grass,1020.0,1972.0,14.3,0.0,38.52,93.0,1024.4
2020,1,8,Cairo Santos,chicago_bears,9.0,27.8,9.0,9.0,35,2,2,100.0,0,1,1,0,0,2020-09-13,1:00PM,Ford Field,Detroit,MI,42.34,-83.0456,Indoor,Turf,600.0,2002.0,23.8,0.0,85.68,57.0,1014.6
2020,1,9,Chris Boswell,pittsburgh_steelers,9.0,27.7,9.0,9.0,41,2,2,100.0,0,0,1,1,0,2020-09-14,7:15PM,MetLife Stadium,East Rutherford,NJ,40.8136,-74.0744,Outdoor,Turf,3.0,2010.0,20.9,0.0,60.12,48.0,1020.2
2020,1,10,Younghoe Koo,atlanta_falcons,9.0,27.7,9.0,9.0,49,2,2,100.0,0,0,0,2,0,2020-09-13,1:00PM,Mercedes-Benz Stadium,Atlanta,GA,33.755,-84.4008,Indoor,Turf,1050.0,2017.0,28.5,0.0,49.68000000000001,58.0,1017.4
2020,1,11,Jason Myers,seattle_seahawks,9.0,27.0,9.0,9.0,42,1,1,100.0,0,0,0,1,0,2020-09-13,1:00PM,Mercedes-Benz Stadium,Atlanta,GA,33.755,-84.4008,Indoor,Turf,1050.0,2017.0,28.5,0.0,49.68000000000001,58.0,1017.4
2020,1,12,Justin Tucker,baltimore_ravens,9.0,27.0,9.0,9.0,41,1,1,100.0,0,0,0,1,0,2020-09-13,1:00PM,M&T Bank Stadium,Baltimore,MD,39.2779,-76.6227,Outdoor,Grass,10.0,1998.0,22.9,0.1,28.44,79.0,1019.3
2020,1,13,Matt Prater,detroit_lions,12.0,25.8,12.0,12.0,44,3,4,75.0,0,1,1,1,0,2020-09-13,1:00PM,Ford Field,Detroit,MI,42.34,-83.0456,Indoor,Turf,600.0,2002.0,23.8,0.0,85.68,57.0,1014.6
2020,1,14,Michael Badgley,unknown,11.0,25.2,11.0,11.0,43,3,4,75.0,0,2,0,1,0,,,,,,,,,,,,,,,,
2020,1,15,Sam Ficken,new_york_jets,5.0,24.2,5.0,5.0,31,1,1,100.0,0,0,1,0,0,2020-09-13,1:00PM,Highmark Stadium,Orchard Park,NY,42.7738,-78.7868,Outdoor,Grass,600.0,1973.0,20.6,0.7,88.2,91.0,1013.4
2020,1,16,Graham Gano,new_york_giants,4.0,23.6,4.0,4.0,21,1,1,100.0,0,1,0,0,0,2020-09-14,7:15PM,MetLife Stadium,East Rutherford,NJ,40.8136,-74.0744,Outdoor,Turf,3.0,2010.0,20.9,0.0,60.12,48.0,1020.2
2020,1,17,Dan Bailey,minnesota_vikings,4.0,23.5,4.0,4.0,35,1,1,100.0,0,0,1,0,0,2020-09-13,1:00PM,U.S. Bank Stadium,Minneapolis,MN,44.974,-93.2581,Indoor,Turf,840.0,2016.0,21.5,0.0,17.28,60.0,1019.0
2020,1,18,Jason Sanders,miami_dolphins,4.0,23.5,4.0,4.0,46,1,1,100.0,0,0,0,1,0,2020-09-13,1:00PM,Gillette Stadium,Foxborough,MA,42.0909,-71.2643,Outdoor,Turf,289.0,2002.0,22.4,0.0,46.8,48.0,1020.0
2020,1,19,Dustin Hopkins,unknown,10.0,21.94,10.0,10.0,40,2,3,66.7,0,0,1,1,0,,,,,,,,,,,,,,,,
2020,1,20,Randy Bullock,cincinnati_bengals,10.0,21.94,10.0,10.0,50,2,3,66.7,0,0,0,1,1,2020-09-13,4:05PM,Paycor Stadium,Cincinnati,OH,39.0954,-84.516,Outdoor,Turf,482.0,2000.0,28.4,0.0,24.48,51.0,1016.1
2020,1,21,Rodrigo Blankenship,indianapolis_colts,8.0,20.64,8.0,8.0,38,2,3,66.7,0,1,1,0,0,2020-09-13,1:00PM,TIAA Bank Field,Jacksonville,FL,30.3239,-81.6373,Outdoor,Grass,16.0,1995.0,30.9,0.0,88.92,60.0,1014.7
2020,1,22,Sam Sloman,los_angeles_rams,8.0,20.54,8.0,8.0,35,2,3,66.7,0,0,2,0,0,2020-09-13,8:20PM,SoFi Stadium,Inglewood,CA,33.9535,-118.3392,Outdoor,Turf,100.0,2020.0,20.2,0.0,72.72,73.0,1011.2
2020,1,23,Sam Sloman,tennessee_titans,8.0,20.54,8.0,8.0,35,2,3,66.7,0,0,2,0,0,2020-09-14,10:10PM,Empower Field at Mile High,Denver,CO,39.7439,-105.0201,Outdoor,Turf,5280.0,2001.0,17.5,0.0,38.88,39.0,1018.2
2020,1,24,Tyler Bass,buffalo_bills,9.0,18.2,9.0,9.0,22,2,4,50.0,1,1,0,0,0,2020-09-13,1:00PM,Highmark Stadium,Orchard Park,NY,42.7738,-78.7868,Outdoor,Grass,600.0,1973.0,20.6,0.7,88.2,91.0,1013.4
2020,1,25,Greg Zuerlein,dallas_cowboys,5.0,14.4,5.0,5.0,33,1,2,50.0,0,0,1,0,0,2020-09-13,8:20PM,SoFi Stadium,Inglewood,CA,33.9535,-118.3392,Outdoor,Turf,100.0,2020.0,20.2,0.0,72.72,73.0,1011.2
2020,1,26,Ryan Succop,tampa_bay_buccaneers,5.0,14.4,5.0,5.0,38,1,2,50.0,0,0,1,0,0,2020-09-13,4:25PM,Caesars Superdome,New Orleans,LA,29.9509,-90.0815,Indoor,Turf,3.0,1975.0,29.8,0.0,72.72,68.0,1010.4
2020,1,27,Jake Elliott,philadelphia_eagles,5.0,14.4,5.0,5.0,38,1,2,50.0,0,0,1,0,0,2020-09-13,1:00PM,FedExField,Landover,MD,38.9078,-76.8645,Outdoor,Grass,300.0,1997.0,22.5,0.0,28.44,78.0,1019.3
2020,1,28,Zane Gonzalez,arizona_cardinals,8.0,13.36,8.0,8.0,56,1,3,33.3,0,0,0,0,1,2020-09-13,4:25PM,Levi's Stadium,Santa Clara,CA,37.403,-121.9692,Outdoor,Grass,13.0,2014.0,23.3,0.0,76.32,51.0,1012.5
2020,1,29,Stephen Gostkowski,tennessee_titans,4.0,9.2,4.0,4.0,25,1,4,25.0,0,1,0,0,0,2020-09-14,10:10PM,Empower Field at Mile High,Denver,CO,39.7439,-105.0201,Outdoor,Turf,5280.0,2001.0,17.5,0.0,38.88,39.0,1018.2
2020,1,30,Nick Folk,new_england_patriots,3.0,2.3,3.0,3.0,0,0,1,0.0,0,0,0,0,0,2020-09-13,1:00PM,Gillette Stadium,Foxborough,MA,42.0909,-71.2643,Outdoor,Turf,289.0,2002.0,22.4,0.0,46.8,48.0,1020.0
2020,1,31,Ka'Imi Fairbairn,houston_texans,2.0,1.6,2.0,2.0,0,0,1,0.0,0,0,0,0,0,2020-09-10,8:20PM,GEHA Field at Arrowhead Stadium,Kansas City,MO,39.049,-94.4839,Outdoor,Grass,1020.0,1972.0,14.3,0.0,38.52,93.0,1024.4
2020,1,32,Brandon Mcmanus,denver_broncos,2.0,1.4,2.0,2.0,0,0,0,0.0,0,0,0,0,0,2020-09-14,10:10PM,Empower Field at Mile High,Denver,CO,39.7439,-105.0201,Outdoor,Turf,5280.0,2001.0,17.5,0.0,38.88,39.0,1018.2
2020,1,33,Austin Seibert,cincinnati_bengals,0.0,0.2,0.0,0.0,0,0,1,0.0,0,0,0,0,0,2020-09-13,4:05PM,Paycor Stadium,Cincinnati,OH,39.0954,-84.516,Outdoor,Turf,482.0,2000.0,28.4,0.0,24.48,51.0,1016.1
2020,1,34,Austin Seibert,cleveland_browns,0.0,0.2,0.0,0.0,0,0,1,0.0,0,0,0,0,0,2020-09-13,1:00PM,M&T Bank Stadium,Baltimore,MD,39.2779,-76.6227,Outdoor,Grass,10.0,1998.0,22.9,0.1,28.44,79.0,1019.3
2020,1,35,Ty Long,los_angeles_chargers,0.0,0.0,0.0,0.0,0,0,0,0.0,0,0,0,0,0,2020-09-13,4:05PM,Paycor Stadium,Cincinnati,OH,39.0954,-84.516,Outdoor,Turf,482.0,2000.0,28.4,0.0,24.48,51.0,1016.1
2020,2,1,Younghoe Koo,atlanta_falcons,17.0,34.8,17.0,17.0,42,4,4,100.0,0,1,1,2,0,2020-09-20,1:00PM,AT&T Stadium,Arlington,TX,32.7473,-97.0945,Indoor,Turf,639.0,2009.0,24.4,0.0,59.760000000000005,52.0,1020.8
2020,2,2,Justin Tucker,baltimore_ravens,16.0,34.1,16.0,16.0,47,4,4,100.0,0,1,2,1,0,2020-09-20,4:25PM,NRG Stadium,Houston,TX,29.6847,-95.4107,Indoor,Turf,50.0,2002.0,23.6,0.5,110.16,82.0,1011.8
2020,2,3,Rodrigo Blankenship,indianapolis_colts,15.0,33.4,15.0,15.0,44,4,4,100.0,0,1,2,1,0,2020-09-20,1:00PM,Lucas Oil Stadium,Indianapolis,IN,39.7601,-86.1639,Indoor,Turf,700.0,2008.0,19.4,0.0,59.760000000000005,32.0,1030.3
2020,2,4,Zane Gonzalez,arizona_cardinals,13.0,31.3,13.0,13.0,49,3,3,100.0,0,1,1,1,0,2020-09-20,4:05PM,State Farm Stadium,Glendale,AZ,33.5275,-112.2625,Indoor,Turf,1070.0,2006.0,39.9,0.0,30.96,11.0,1006.7
2020,2,5,Randy Bullock,cincinnati_bengals,13.0,31.3,13.0,13.0,43,3,3,100.0,0,1,1,1,0,2020-09-17,8:20PM,FirstEnergy Stadium,Cleveland,OH,41.5061,-81.6995,Outdoor,Grass,577.0,1999.0,17.1,0.0,47.52,63.0,1017.7
2020,2,6,Harrison Butker,kansas_city_chiefs,13.0,31.2,13.0,13.0,58,3,3,100.0,0,0,1,0,2,2020-09-20,4:25PM,SoFi Stadium,Inglewood,CA,33.9535,-118.3392,Outdoor,Turf,100.0,2020.0,22.2,0.0,57.96000000000001,71.0,1010.8
2020,2,7,Ka'Imi Fairbairn,houston_texans,12.0,30.5,12.0,12.0,45,3,3,100.0,0,0,1,2,0,2020-09-20,4:25PM,NRG Stadium,Houston,TX,29.6847,-95.4107,Indoor,Turf,50.0,2002.0,23.6,0.5,110.16,82.0,1011.8
2020,2,8,Daniel Carlson,las_vegas_raiders,12.0,29.9,12.0,12.0,54,2,2,100.0,0,1,0,0,1,2020-09-21,8:15PM,Allegiant Stadium,Las Vegas,NV,36.0908,-115.183,Indoor,Turf,2001.0,2020.0,31.9,0.0,33.12,16.0,1008.5
2020,2,9,Stephen Gostkowski,tennessee_titans,12.0,29.8,12.0,12.0,51,2,2,100.0,0,0,0,1,1,2020-09-20,1:00PM,Nissan Stadium,Nashville,TN,36.1665,-86.7713,Outdoor,Grass,476.0,1999.0,23.6,0.0,30.24,55.0,1025.3
2020,2,10,Mason Crosby,green_bay_packers,11.0,29.1,11.0,11.0,43,2,2,100.0,0,0,1,1,0,2020-09-20,1:00PM,Lambeau Field,Green Bay,WI,44.5013,-88.0622,Outdoor,Grass,640.0,1957.0,20.0,0.0,58.68000000000001,44.0,1028.9
2020,2,11,Jason Sanders,miami_dolphins,11.0,29.1,11.0,11.0,52,2,2,100.0,0,0,0,1,1,2020-09-20,1:00PM,Hard Rock Stadium,Miami Gardens,FL,25.958,-80.238,Outdoor,Grass,7.0,1987.0,31.5,0.2,28.44,69.0,1012.8
2020,2,12,Greg Zuerlein,dallas_cowboys,11.0,29.1,11.0,11.0,46,2,2,100.0,0,0,1,1,0,2020-09-20,1:00PM,AT&T Stadium,Arlington,TX,32.7473,-97.0945,Indoor,Turf,639.0,2009.0,24.4,0.0,59.760000000000005,52.0,1020.8
2020,2,13,Michael Badgley,unknown,9.0,27.8,9.0,9.0,41,2,2,100.0,0,1,0,1,0,,,,,,,,,,,,,,,,
2020,2,14,Sam Ficken,new_york_jets,8.0,27.1,8.0,8.0,41,2,2,100.0,0,1,0,1,0,2020-09-20,1:00PM,MetLife Stadium,East Rutherford,NJ,40.8136,-74.0744,Outdoor,Turf,3.0,2010.0,16.2,0.0,62.28,32.0,1033.7
2020,2,15,Robbie Gould,san_francisco_49ers,8.0,26.3,8.0,8.0,46,1,1,100.0,0,0,0,1,0,2020-09-20,1:00PM,MetLife Stadium,East Rutherford,NJ,40.8136,-74.0744,Outdoor,Turf,3.0,2010.0,16.2,0.0,62.28,32.0,1033.7
2020,2,16,Jake Elliott,philadelphia_eagles,7.0,26.3,7.0,7.0,38,2,2,100.0,0,0,2,0,0,2020-09-20,1:00PM,Lincoln Financial Field,Philadelphia,PA,39.9008,-75.1675,Outdoor,Grass,30.0,2003.0,17.6,0.0,57.96000000000001,34.0,1032.9
2020,2,17,Ryan Succop,tampa_bay_buccaneers,7.0,25.6,7.0,7.0,33,1,1,100.0,0,0,1,0,0,2020-09-20,1:00PM,Raymond James Stadium,Tampa,FL,27.9759,-82.5033,Outdoor,Grass,26.0,1998.0,28.2,0.4,102.24,81.0,1013.9
2020,2,18,Tyler Bass,buffalo_bills,7.0,25.6,7.0,7.0,39,1,1,100.0,0,0,1,0,0,2020-09-20,1:00PM,Hard Rock Stadium,Miami Gardens,FL,25.958,-80.238,Outdoor,Grass,7.0,1987.0,31.5,0.2,28.44,69.0,1012.8
2020,2,19,Sam Sloman,los_angeles_rams,7.0,25.6,7.0,7.0,30,1,1,100.0,0,0,1,0,0,2020-09-20,1:00PM,Lincoln Financial Field,Philadelphia,PA,39.9008,-75.1675,Outdoor,Grass,30.0,2003.0,17.6,0.0,57.96000000000001,34.0,1032.9
2020,2,20,Sam Sloman,tennessee_titans,7.0,25.6,7.0,7.0,30,1,1,100.0,0,0,1,0,0,2020-09-20,1:00PM,Nissan Stadium,Nashville,TN,36.1665,-86.7713,Outdoor,Grass,476.0,1999.0,23.6,0.0,30.24,55.0,1025.3
2020,2,21,Chris Boswell,pittsburgh_steelers,6.0,25.0,6.0,6.0,21,1,1,100.0,0,1,0,0,0,2020-09-20,1:00PM,Acrisure Stadium,Pittsburgh,PA,40.4468,-80.0158,Outdoor,Grass,730.0,2001.0,18.0,0.0,33.12,35.0,1032.5
2020,2,22,Josh Lambo,jacksonville_jaguars,6.0,24.9,6.0,6.0,35,1,1,100.0,0,0,1,0,0,2020-09-20,1:00PM,Nissan Stadium,Nashville,TN,36.1665,-86.7713,Outdoor,Grass,476.0,1999.0,23.6,0.0,30.24,55.0,1025.3
2020,2,23,Wil Lutz,new_orleans_saints,6.0,24.9,6.0,6.0,31,1,1,100.0,0,0,1,0,0,2020-09-21,8:15PM,Allegiant Stadium,Las Vegas,NV,36.0908,-115.183,Indoor,Turf,2001.0,2020.0,31.9,0.0,33.12,16.0,1008.5
2020,2,24,Joey Slye,carolina_panthers,5.0,24.3,5.0,5.0,23,1,1,100.0,0,1,0,0,0,2020-09-20,1:00PM,Raymond James Stadium,Tampa,FL,27.9759,-82.5033,Outdoor,Grass,26.0,1998.0,28.2,0.4,102.24,81.0,1013.9
2020,2,25,Dan Bailey,minnesota_vikings,3.0,22.9,3.0,3.0,21,1,1,100.0,0,1,0,0,0,2020-09-20,1:00PM,Lucas Oil Stadium,Indianapolis,IN,39.7601,-86.1639,Indoor,Turf,700.0,2008.0,19.4,0.0,59.760000000000005,32.0,1030.3
2020,2,26,Dustin Hopkins,unknown,3.0,22.9,3.0,3.0,24,1,1,100.0,0,1,0,0,0,,,,,,,,,,,,,,,,
2020,2,27,Brandon Mcmanus,denver_broncos,8.0,20.64,8.0,8.0,49,2,3,66.7,0,1,0,1,0,2020-09-20,1:00PM,Acrisure Stadium,Pittsburgh,PA,40.4468,-80.0158,Outdoor,Grass,730.0,2001.0,18.0,0.0,33.12,35.0,1032.5
2020,2,28,Graham Gano,new_york_giants,7.0,19.84,7.0,7.0,39,2,3,66.7,0,0,2,0,0,2020-09-20,1:00PM,Soldier Field,Chicago,IL,41.8623,-87.6167,Outdoor,Grass,595.0,1924.0,18.8,0.0,67.32,43.0,1030.5
2020,2,29,Nick Folk,new_england_patriots,6.0,15.2,6.0,6.0,25,1,2,50.0,0,1,0,0,0,2020-09-20,8:20PM,Lumen Field,Seattle,WA,47.5952,-122.3316,Outdoor,Turf,20.0,2002.0,16.4,0.0,23.040000000000003,85.0,1015.7
2020,2,30,Cairo Santos,chicago_bears,5.0,14.4,5.0,5.0,34,1,2,50.0,0,0,1,0,0,2020-09-20,1:00PM,Soldier Field,Chicago,IL,41.8623,-87.6167,Outdoor,Grass,595.0,1924.0,18.8,0.0,67.32,43.0,1030.5
2020,2,31,Jason Myers,seattle_seahawks,5.0,3.5,5.0,5.0,0,0,0,0.0,0,0,0,0,0,2020-09-20,8:20PM,Lumen Field,Seattle,WA,47.5952,-122.3316,Outdoor,Turf,20.0,2002.0,16.4,0.0,23.040000000000003,85.0,1015.7
2020,2,32,Cody Parkey,cleveland_browns,5.0,3.5,5.0,5.0,0,0,0,0.0,0,0,0,0,0,2020-09-17,8:20PM,FirstEnergy Stadium,Cleveland,OH,41.5061,-81.6995,Outdoor,Grass,577.0,1999.0,17.1,0.0,47.52,63.0,1017.7
2020,2,33,Matt Prater,detroit_lions,3.0,2.3,3.0,3.0,0,0,1,0.0,0,0,0,0,0,2020-09-20,1:00PM,Lambeau Field,Green Bay,WI,44.5013,-88.0622,Outdoor,Grass,640.0,1957.0,20.0,0.0,58.68000000000001,44.0,1028.9
2020,2,34,Ty Long,los_angeles_chargers,0.0,0.0,0.0,0.0,0,0,0,0.0,0,0,0,0,0,2020-09-20,4:25PM,SoFi Stadium,Inglewood,CA,33.9535,-118.3392,Outdoor,Turf,100.0,2020.0,22.2,0.0,57.96000000000001,71.0,1010.8
2020,3,1,Stephen Gostkowski,tennessee_titans,25.0,41.7,25.0,25.0,55,6,6,100.0,0,0,3,0,3,2020-09-27,1:00PM,U.S. Bank Stadium,Minneapolis,MN,44.974,-93.2581,Indoor,Turf,840.0,2016.0,18.8,0.0,107.64,39.0,1005.5
2020,3,2,Joey Slye,carolina_panthers,15.0,34.3,15.0,15.0,31,5,5,100.0,0,3,2,0,0,2020-09-27,4:05PM,SoFi Stadium,Inglewood,CA,33.9535,-118.3392,Outdoor,Turf,100.0,2020.0,22.8,0.0,57.24,73.0,1010.5
2020,3,3,Mason Crosby,green_bay_packers,16.0,33.3,16.0,16.0,52,3,3,100.0,0,0,1,1,1,2020-09-27,8:20PM,Caesars Superdome,New Orleans,LA,29.9509,-90.0815,Indoor,Turf,3.0,1975.0,25.3,0.0,39.6,90.0,1010.1
2020,3,4,Matt Prater,detroit_lions,14.0,32.7,14.0,14.0,39,4,4,100.0,0,1,3,0,0,2020-09-27,4:25PM,State Farm Stadium,Glendale,AZ,33.5275,-112.2625,Indoor,Turf,1070.0,2006.0,37.9,0.0,41.04,11.0,1007.5
2020,3,5,Jake Elliott,philadelphia_eagles,14.0,32.0,14.0,14.0,54,3,3,100.0,0,1,0,1,1,2020-09-27,1:00PM,Lincoln Financial Field,Philadelphia,PA,39.9008,-75.1675,Outdoor,Grass,30.0,2003.0,25.4,0.0,18.0,66.0,1014.9
2020,3,6,Wil Lutz,new_orleans_saints,13.0,31.2,13.0,13.0,45,3,3,100.0,0,0,2,1,0,2020-09-27,8:20PM,Caesars Superdome,New Orleans,LA,29.9509,-90.0815,Indoor,Turf,3.0,1975.0,25.3,0.0,39.6,90.0,1010.1
2020,3,7,Graham Gano,new_york_giants,13.0,31.2,13.0,13.0,52,3,3,100.0,0,0,0,2,1,2020-09-27,1:00PM,MetLife Stadium,East Rutherford,NJ,40.8136,-74.0744,Outdoor,Turf,3.0,2010.0,24.3,0.0,34.56,69.0,1015.8
2020,3,8,Nick Folk,new_england_patriots,12.0,30.6,12.0,12.0,33,3,3,100.0,0,1,2,0,0,2020-09-27,1:00PM,Gillette Stadium,Foxborough,MA,42.0909,-71.2643,Outdoor,Turf,289.0,2002.0,25.1,0.2,60.84,63.0,1016.4
2020,3,9,Randy Bullock,cincinnati_bengals,12.0,30.6,12.0,12.0,48,3,3,100.0,0,1,1,1,0,2020-09-27,1:00PM,Lincoln Financial Field,Philadelphia,PA,39.9008,-75.1675,Outdoor,Grass,30.0,2003.0,25.4,0.0,18.0,66.0,1014.9
2020,3,10,Cody Parkey,cleveland_browns,11.0,29.1,11.0,11.0,42,2,2,100.0,0,0,1,1,0,2020-09-27,1:00PM,FirstEnergy Stadium,Cleveland,OH,41.5061,-81.6995,Outdoor,Grass,577.0,1999.0,25.8,0.0,82.08,55.0,1009.2
2020,3,11,Justin Tucker,baltimore_ravens,9.0,27.8,9.0,9.0,42,2,2,100.0,0,1,0,1,0,2020-09-28,8:15PM,M&T Bank Stadium,Baltimore,MD,39.2779,-76.6227,Outdoor,Grass,10.0,1998.0,21.7,0.0,68.03999999999999,91.0,1011.2
2020,3,12,Ryan Succop,tampa_bay_buccaneers,9.0,27.7,9.0,9.0,43,2,2,100.0,0,0,1,1,0,2020-09-27,4:25PM,Empower Field at Mile High,Denver,CO,39.7439,-105.0201,Outdoor,Turf,5280.0,2001.0,12.5,0.0,79.92,42.0,1020.7
2020,3,13,Greg Zuerlein,dallas_cowboys,9.0,27.7,9.0,9.0,43,2,2,100.0,0,0,0,2,0,2020-09-27,4:25PM,Lumen Field,Seattle,WA,47.5952,-122.3316,Outdoor,Turf,20.0,2002.0,17.7,0.0,42.84,64.0,1030.6
2020,3,14,Robbie Gould,san_francisco_49ers,14.0,27.2,14.0,14.0,52,3,4,75.0,0,1,1,0,1,2020-09-27,1:00PM,MetLife Stadium,East Rutherford,NJ,40.8136,-74.0744,Outdoor,Turf,3.0,2010.0,24.3,0.0,34.56,69.0,1015.8
2020,3,15,Chris Boswell,pittsburgh_steelers,8.0,27.1,8.0,8.0,33,2,2,100.0,0,1,1,0,0,2020-09-27,1:00PM,Acrisure Stadium,Pittsburgh,PA,40.4468,-80.0158,Outdoor,Grass,730.0,2001.0,25.2,0.0,50.76,53.0,1012.7
2020,3,16,Jason Sanders,miami_dolphins,7.0,25.6,7.0,7.0,30,1,1,100.0,0,0,1,0,0,2020-09-24,8:20PM,TIAA Bank Field,Jacksonville,FL,30.3239,-81.6373,Outdoor,Grass,16.0,1995.0,25.5,0.0,47.52,86.0,1014.4
2020,3,17,Zane Gonzalez,arizona_cardinals,7.0,25.6,7.0,7.0,54,1,1,100.0,0,0,0,0,1,2020-09-27,4:25PM,State Farm Stadium,Glendale,AZ,33.5275,-112.2625,Indoor,Turf,1070.0,2006.0,37.9,0.0,41.04,11.0,1007.5
2020,3,18,Brandon Mcmanus,denver_broncos,6.0,24.9,6.0,6.0,56,1,1,100.0,0,0,0,0,1,2020-09-27,4:25PM,Empower Field at Mile High,Denver,CO,39.7439,-105.0201,Outdoor,Turf,5280.0,2001.0,12.5,0.0,79.92,42.0,1020.7
2020,3,19,Michael Badgley,unknown,5.0,24.2,5.0,5.0,41,1,1,100.0,0,0,0,1,0,,,,,,,,,,,,,,,,
2020,3,20,Rodrigo Blankenship,indianapolis_colts,12.0,23.34,12.0,12.0,42,2,3,66.7,0,0,0,2,0,2020-09-27,4:05PM,Lucas Oil Stadium,Indianapolis,IN,39.7601,-86.1639,Indoor,Turf,700.0,2008.0,27.4,0.0,58.32,48.0,1007.8
2020,3,21,Daniel Carlson,las_vegas_raiders,8.0,20.74,8.0,8.0,29,2,3,66.7,0,2,0,0,0,2020-09-27,1:00PM,Gillette Stadium,Foxborough,MA,42.0909,-71.2643,Outdoor,Turf,289.0,2002.0,25.1,0.2,60.84,63.0,1016.4
2020,3,22,Younghoe Koo,atlanta_falcons,8.0,20.64,8.0,8.0,36,2,3,66.7,0,1,1,0,0,2020-09-27,1:00PM,Mercedes-Benz Stadium,Atlanta,GA,33.755,-84.4008,Indoor,Turf,1050.0,2017.0,25.0,0.2,29.16,72.0,1015.1
2020,3,23,Dan Bailey,minnesota_vikings,7.0,15.8,7.0,7.0,41,1,2,50.0,0,0,0,1,0,2020-09-27,1:00PM,U.S. Bank Stadium,Minneapolis,MN,44.974,-93.2581,Indoor,Turf,840.0,2016.0,18.8,0.0,107.64,39.0,1005.5
2020,3,24,Sam Sloman,los_angeles_rams,6.0,15.1,6.0,6.0,30,1,2,50.0,0,0,1,0,0,2020-09-27,1:00PM,Highmark Stadium,Orchard Park,NY,42.7738,-78.7868,Outdoor,Grass,600.0,1973.0,25.9,0.0,69.84,53.0,1009.4
2020,3,25,Sam Sloman,tennessee_titans,6.0,15.1,6.0,6.0,30,1,2,50.0,0,0,1,0,0,2020-09-27,1:00PM,U.S. Bank Stadium,Minneapolis,MN,44.974,-93.2581,Indoor,Turf,840.0,2016.0,18.8,0.0,107.64,39.0,1005.5
2020,3,26,Cairo Santos,chicago_bears,6.0,15.1,6.0,6.0,35,1,2,50.0,0,0,1,0,0,2020-09-27,1:00PM,Mercedes-Benz Stadium,Atlanta,GA,33.755,-84.4008,Indoor,Turf,1050.0,2017.0,25.0,0.2,29.16,72.0,1015.1
2020,3,27,Tyler Bass,buffalo_bills,5.0,3.5,5.0,5.0,0,0,0,0.0,0,0,0,0,0,2020-09-27,1:00PM,Highmark Stadium,Orchard Park,NY,42.7738,-78.7868,Outdoor,Grass,600.0,1973.0,25.9,0.0,69.84,53.0,1009.4
2020,3,28,Harrison Butker,kansas_city_chiefs,4.0,3.0,4.0,4.0,0,0,1,0.0,0,0,0,0,0,2020-09-28,8:15PM,M&T Bank Stadium,Baltimore,MD,39.2779,-76.6227,Outdoor,Grass,10.0,1998.0,21.7,0.0,68.03999999999999,91.0,1011.2
2020,3,29,Jason Myers,seattle_seahawks,4.0,2.8,4.0,4.0,0,0,0,0.0,0,0,0,0,0,2020-09-27,4:25PM,Lumen Field,Seattle,WA,47.5952,-122.3316,Outdoor,Turf,20.0,2002.0,17.7,0.0,42.84,64.0,1030.6
2020,3,30,Ka'Imi Fairbairn,houston_texans,3.0,2.1,3.0,3.0,0,0,0,0.0,0,0,0,0,0,2020-09-27,1:00PM,Acrisure Stadium,Pittsburgh,PA,40.4468,-80.0158,Outdoor,Grass,730.0,2001.0,25.2,0.0,50.76,53.0,1012.7
2020,3,31,Dustin Hopkins,unknown,2.0,1.4,2.0,2.0,0,0,0,0.0,0,0,0,0,0,,,,,,,,,,,,,,,,
2020,3,32,Sam Ficken,new_york_jets,1.0,0.7,1.0,1.0,0,0,0,0.0,0,0,0,0,0,2020-09-27,4:05PM,Lucas Oil Stadium,Indianapolis,IN,39.7601,-86.1639,Indoor,Turf,700.0,2008.0,27.4,0.0,58.32,48.0,1007.8
2020,3,33,Brandon Wright,jacksonville_jaguars,1.0,0.7,1.0,1.0,0,0,0,0.0,0,0,0,0,0,2020-09-24,8:20PM,TIAA Bank Field,Jacksonville,FL,30.3239,-81.6373,Outdoor,Grass,16.0,1995.0,25.5,0.0,47.52,86.0,1014.4
2020,3,34,Brandon Wright,los_angeles_rams,1.0,0.7,1.0,1.0,0,0,0,0.0,0,0,0,0,0,2020-09-27,1:00PM,Highmark Stadium,Orchard Park,NY,42.7738,-78.7868,Outdoor,Grass,600.0,1973.0,25.9,0.0,69.84,53.0,1009.4
2020,3,35,Ty Long,los_angeles_chargers,0.0,0.0,0.0,0.0,0,0,0,0.0,0,0,0,0,0,2020-09-27,4:05PM,SoFi Stadium,Inglewood,CA,33.9535,-118.3392,Outdoor,Turf,100.0,2020.0,22.8,0.0,57.24,73.0,1010.5
2020,4,1,Jason Sanders,miami_dolphins,18.0,36.3,18.0,18.0,45,5,5,100.0,0,2,0,3,0,2020-10-04,1:00PM,Hard Rock Stadium,Miami Gardens,FL,25.958,-80.238,Outdoor,Grass,7.0,1987.0,30.3,0.2,75.24,68.0,1014.1
2020,4,2,Sam Ficken,new_york_jets,18.0,36.2,18.0,18.0,54,5,5,100.0,0,1,3,0,1,2020-10-01,8:20PM,MetLife Stadium,East Rutherford,NJ,40.8136,-74.0744,Outdoor,Turf,3.0,2010.0,18.7,0.0,40.68000000000001,58.0,1013.8
2020,4,3,Brandon Mcmanus,denver_broncos,18.0,34.7,18.0,18.0,54,3,3,100.0,0,0,0,1,2,2020-10-01,8:20PM,MetLife Stadium,East Rutherford,NJ,40.8136,-74.0744,Outdoor,Turf,3.0,2010.0,18.7,0.0,40.68000000000001,58.0,1013.8
2020,4,4,Randy Bullock,cincinnati_bengals,17.0,34.7,17.0,17.0,46,4,4,100.0,0,0,2,2,0,2020-10-04,1:00PM,Paycor Stadium,Cincinnati,OH,39.0954,-84.516,Outdoor,Turf,482.0,2000.0,18.6,0.0,39.96,53.0,1018.5
2020,4,5,Rodrigo Blankenship,indianapolis_colts,14.0,32.7,14.0,14.0,44,4,4,100.0,0,1,2,1,0,2020-10-04,1:00PM,Soldier Field,Chicago,IL,41.8623,-87.6167,Outdoor,Grass,595.0,1924.0,10.7,0.0,86.03999999999999,59.0,1023.3
2020,4,6,Ka'Imi Fairbairn,houston_texans,13.0,31.4,13.0,13.0,50,3,3,100.0,0,2,0,0,1,2020-10-04,1:00PM,NRG Stadium,Houston,TX,29.6847,-95.4107,Indoor,Turf,50.0,2002.0,27.0,0.0,22.32,50.0,1021.2
2020,4,7,Daniel Carlson,las_vegas_raiders,13.0,31.3,13.0,13.0,54,3,3,100.0,0,1,1,0,1,2020-10-04,4:25PM,Allegiant Stadium,Las Vegas,NV,36.0908,-115.183,Indoor,Turf,2001.0,2020.0,36.5,0.0,44.64,4.0,1011.3
2020,4,8,Cody Parkey,cleveland_browns,12.0,29.8,12.0,12.0,44,2,2,100.0,0,0,1,1,0,2020-10-04,1:00PM,AT&T Stadium,Arlington,TX,32.7473,-97.0945,Indoor,Turf,639.0,2009.0,24.5,0.0,70.56,37.0,1023.2
2020,4,9,Aldrick Rosas,jacksonville_jaguars,15.0,29.6,15.0,15.0,50,4,5,80.0,0,1,2,0,1,2020-10-04,1:00PM,Paycor Stadium,Cincinnati,OH,39.0954,-84.516,Outdoor,Turf,482.0,2000.0,18.6,0.0,39.96,53.0,1018.5
2020,4,10,Graham Gano,new_york_giants,9.0,28.5,9.0,9.0,37,3,3,100.0,0,1,2,0,0,2020-10-04,4:05PM,SoFi Stadium,Inglewood,CA,33.9535,-118.3392,Outdoor,Turf,100.0,2020.0,26.6,0.0,56.88,43.0,1013.1
2020,4,11,Harrison Butker,kansas_city_chiefs,8.0,27.1,8.0,8.0,39,2,2,100.0,0,1,1,0,0,2020-10-05,7:05PM,GEHA Field at Arrowhead Stadium,Kansas City,MO,39.049,-94.4839,Outdoor,Grass,1020.0,1972.0,20.3,0.0,72.72,46.0,1014.0
2020,4,12,Jason Myers,seattle_seahawks,9.0,27.0,9.0,9.0,55,1,1,100.0,0,0,0,0,1,2020-10-04,1:00PM,Hard Rock Stadium,Miami Gardens,FL,25.958,-80.238,Outdoor,Grass,7.0,1987.0,30.3,0.2,75.24,68.0,1014.1
2020,4,13,Justin Tucker,baltimore_ravens,8.0,26.3,8.0,8.0,46,1,1,100.0,0,0,0,1,0,2020-10-04,1:00PM,FedExField,Landover,MD,38.9078,-76.8645,Outdoor,Grass,300.0,1997.0,18.5,0.0,20.16,47.0,1022.7
2020,4,14,Mason Crosby,green_bay_packers,7.0,25.6,7.0,7.0,48,1,1,100.0,0,0,0,1,0,2020-10-05,8:15PM,Lambeau Field,Green Bay,WI,44.5013,-88.0622,Outdoor,Grass,640.0,1957.0,13.4,0.0,92.16,44.0,1011.0
2020,4,15,Tyler Bass,buffalo_bills,6.0,24.9,6.0,6.0,34,1,1,100.0,0,0,1,0,0,2020-10-04,4:25PM,Allegiant Stadium,Las Vegas,NV,36.0908,-115.183,Indoor,Turf,2001.0,2020.0,36.5,0.0,44.64,4.0,1011.3
2020,4,16,Sam Sloman,los_angeles_rams,5.0,24.2,5.0,5.0,32,1,1,100.0,0,0,1,0,0,2020-10-04,4:05PM,SoFi Stadium,Inglewood,CA,33.9535,-118.3392,Outdoor,Turf,100.0,2020.0,26.6,0.0,56.88,43.0,1013.1
2020,4,17,Sam Sloman,tennessee_titans,5.0,24.2,5.0,5.0,32,1,1,100.0,0,0,1,0,0,,,,,,,,,,,,,,,,
2020,4,18,Nick Folk,new_england_patriots,5.0,24.2,5.0,5.0,43,1,1,100.0,0,0,0,1,0,2020-10-05,7:05PM,GEHA Field at Arrowhead Stadium,Kansas City,MO,39.049,-94.4839,Outdoor,Grass,1020.0,1972.0,20.3,0.0,72.72,46.0,1014.0
2020,4,19,Jake Elliott,philadelphia_eagles,5.0,24.2,5.0,5.0,35,1,1,100.0,0,0,1,0,0,2020-10-04,8:20PM,Levi's Stadium,Santa Clara,CA,37.403,-121.9692,Outdoor,Grass,13.0,2014.0,19.3,0.0,39.96,66.0,1015.1
2020,4,20,Elliott Fry,atlanta_falcons,4.0,23.6,4.0,4.0,23,1,1,100.0,0,1,0,0,0,2020-10-05,8:15PM,Lambeau Field,Green Bay,WI,44.5013,-88.0622,Outdoor,Grass,640.0,1957.0,13.4,0.0,92.16,44.0,1011.0
2020,4,21,Cairo Santos,chicago_bears,3.0,22.9,3.0,3.0,27,1,1,100.0,0,1,0,0,0,2020-10-04,1:00PM,Soldier Field,Chicago,IL,41.8623,-87.6167,Outdoor,Grass,595.0,1924.0,10.7,0.0,86.03999999999999,59.0,1023.3
2020,4,22,Michael Badgley,unknown,9.0,17.2,9.0,9.0,53,1,2,50.0,0,0,0,0,1,,,,,,,,,,,,,,,,
2020,4,23,Ryan Succop,tampa_bay_buccaneers,8.0,16.6,8.0,8.0,26,1,2,50.0,0,1,0,0,0,2020-10-04,1:00PM,Raymond James Stadium,Tampa,FL,27.9759,-82.5033,Outdoor,Grass,26.0,1998.0,23.7,1.6,57.24,94.0,1015.6
2020,4,24,Joey Slye,carolina_panthers,7.0,15.9,7.0,7.0,27,1,2,50.0,0,1,0,0,0,2020-10-04,1:00PM,Bank of America Stadium,Charlotte,NC,35.2258,-80.8528,Outdoor,Grass,748.0,1996.0,19.5,0.0,33.12,51.0,1021.8
2020,4,25,Dan Bailey,minnesota_vikings,7.0,15.8,7.0,7.0,31,1,2,50.0,0,0,1,0,0,2020-10-04,1:00PM,NRG Stadium,Houston,TX,29.6847,-95.4107,Indoor,Turf,50.0,2002.0,27.0,0.0,22.32,50.0,1021.2
2020,4,26,Dustin Hopkins,unknown,6.0,15.1,6.0,6.0,43,1,2,50.0,0,0,0,1,0,,,,,,,,,,,,,,,,
2020,4,27,Wil Lutz,new_orleans_saints,5.0,3.5,5.0,5.0,0,0,0,0.0,0,0,0,0,0,2020-10-04,1:00PM,Ford Field,Detroit,MI,42.34,-83.0456,Indoor,Turf,600.0,2002.0,10.8,1.1,49.68000000000001,85.0,1019.8
2020,4,28,Matt Prater,detroit_lions,3.0,2.1,3.0,3.0,0,0,0,0.0,0,0,0,0,0,2020-10-04,1:00PM,Ford Field,Detroit,MI,42.34,-83.0456,Indoor,Turf,600.0,2002.0,10.8,1.1,49.68000000000001,85.0,1019.8
2020,4,29,Zane Gonzalez,arizona_cardinals,3.0,2.1,3.0,3.0,0,0,0,0.0,0,0,0,0,0,2020-10-04,1:00PM,Bank of America Stadium,Charlotte,NC,35.2258,-80.8528,Outdoor,Grass,748.0,1996.0,19.5,0.0,33.12,51.0,1021.8
2020,4,30,Robbie Gould,san_francisco_49ers,2.0,1.4,2.0,2.0,0,0,0,0.0,0,0,0,0,0,2020-10-04,8:20PM,Levi's Stadium,Santa Clara,CA,37.403,-121.9692,Outdoor,Grass,13.0,2014.0,19.3,0.0,39.96,66.0,1015.1
2020,4,31,Greg Zuerlein,dallas_cowboys,2.0,1.4,2.0,2.0,0,0,0,0.0,0,0,0,0,0,2020-10-04,1:00PM,AT&T Stadium,Arlington,TX,32.7473,-97.0945,Indoor,Turf,639.0,2009.0,24.5,0.0,70.56,37.0,1023.2
2020,4,32,Ty Long,los_angeles_chargers,0.0,0.0,0.0,0.0,0,0,0,0.0,0,0,0,0,0,2020-10-04,1:00PM,Raymond James Stadium,Tampa,FL,27.9759,-82.5033,Outdoor,Grass,26.0,1998.0,23.7,1.6,57.24,94.0,1015.6
2020,5,1,Jason Sanders,miami_dolphins,22.0,39.1,22.0,22.0,50,5,5,100.0,0,2,1,1,1,2020-10-11,4:05PM,Levi's Stadium,Santa Clara,CA,37.403,-121.9692,Outdoor,Grass,13.0,2014.0,24.5,0.0,83.52,39.0,1017.4
2020,5,2,Graham Gano,new_york_giants,20.0,36.9,20.0,20.0,55,4,4,100.0,0,1,0,0,3,2020-10-11,4:25PM,AT&T Stadium,Arlington,TX,32.7473,-97.0945,Indoor,Turf,639.0,2009.0,35.2,0.0,77.4,29.0,1005.9
2020,5,3,Ryan Succop,tampa_bay_buccaneers,14.0,32.7,14.0,14.0,46,4,4,100.0,0,1,2,1,0,2020-10-08,8:20PM,Soldier Field,Chicago,IL,41.8623,-87.6167,Outdoor,Grass,595.0,1924.0,13.4,0.0,42.48,78.0,1021.5
2020,5,4,Wil Lutz,new_orleans_saints,15.0,32.6,15.0,15.0,53,3,3,100.0,0,0,1,1,1,2020-10-12,8:15PM,Caesars Superdome,New Orleans,LA,29.9509,-90.0815,Indoor,Turf,3.0,1975.0,25.0,0.0,36.72,86.0,1014.3
2020,5,5,Greg Zuerlein,dallas_cowboys,14.0,32.0,14.0,14.0,40,3,3,100.0,0,1,1,1,0,2020-10-11,4:25PM,AT&T Stadium,Arlington,TX,32.7473,-97.0945,Indoor,Turf,639.0,2009.0,35.2,0.0,77.4,29.0,1005.9
2020,5,6,Cody Parkey,cleveland_browns,13.0,31.3,13.0,13.0,46,3,3,100.0,0,1,1,1,0,2020-10-11,4:25PM,FirstEnergy Stadium,Cleveland,OH,41.5061,-81.6995,Outdoor,Grass,577.0,1999.0,16.2,0.0,96.84,80.0,1015.7
2020,5,7,Younghoe Koo,atlanta_falcons,13.0,31.2,13.0,13.0,54,3,3,100.0,0,0,1,1,1,2020-10-11,1:00PM,Mercedes-Benz Stadium,Atlanta,GA,33.755,-84.4008,Indoor,Turf,1050.0,2017.0,22.8,0.1,67.32,79.0,1009.1
2020,5,8,Ka'Imi Fairbairn,houston_texans,13.0,31.2,13.0,13.0,46,3,3,100.0,0,0,2,1,0,2020-10-11,1:00PM,NRG Stadium,Houston,TX,29.6847,-95.4107,Indoor,Turf,50.0,2002.0,31.2,0.0,51.12,63.0,1012.0
2020,5,9,Rodrigo Blankenship,indianapolis_colts,11.0,29.9,11.0,11.0,37,3,3,100.0,0,1,2,0,0,2020-10-11,4:25PM,FirstEnergy Stadium,Cleveland,OH,41.5061,-81.6995,Outdoor,Grass,577.0,1999.0,16.2,0.0,96.84,80.0,1015.7
2020,5,10,Joey Slye,carolina_panthers,11.0,29.9,11.0,11.0,39,3,3,100.0,0,1,2,0,0,2020-10-11,1:00PM,Mercedes-Benz Stadium,Atlanta,GA,33.755,-84.4008,Indoor,Turf,1050.0,2017.0,22.8,0.1,67.32,79.0,1009.1
2020,5,11,Daniel Carlson,las_vegas_raiders,11.0,29.1,11.0,11.0,43,2,2,100.0,0,0,1,1,0,2020-10-11,1:00PM,GEHA Field at Arrowhead Stadium,Kansas City,MO,39.049,-94.4839,Outdoor,Grass,1020.0,1972.0,26.9,0.0,72.72,57.0,1007.9
2020,5,12,Dan Bailey,minnesota_vikings,11.0,29.1,11.0,11.0,52,2,2,100.0,0,0,0,1,1,2020-10-11,8:20PM,Lumen Field,Seattle,WA,47.5952,-122.3316,Outdoor,Turf,20.0,2002.0,13.8,1.4,109.44,94.0,1004.8
2020,5,13,Cairo Santos,chicago_bears,9.0,27.7,9.0,9.0,47,2,2,100.0,0,0,1,1,0,2020-10-08,8:20PM,Soldier Field,Chicago,IL,41.8623,-87.6167,Outdoor,Grass,595.0,1924.0,13.4,0.0,42.48,78.0,1021.5
2020,5,14,Chris Boswell,pittsburgh_steelers,9.0,27.0,9.0,9.0,41,1,1,100.0,0,0,0,1,0,2020-10-11,1:00PM,Acrisure Stadium,Pittsburgh,PA,40.4468,-80.0158,Outdoor,Grass,730.0,2001.0,21.6,0.0,47.52,75.0,1016.7
2020,5,15,Zane Gonzalez,arizona_cardinals,7.0,25.6,7.0,7.0,47,1,1,100.0,0,0,0,1,0,2020-10-11,1:00PM,MetLife Stadium,East Rutherford,NJ,40.8136,-74.0744,Outdoor,Turf,3.0,2010.0,18.7,0.0,45.0,58.0,1020.7
2020,5,16,Sam Sloman,los_angeles_rams,6.0,25.0,6.0,6.0,28,1,1,100.0,0,1,0,0,0,2020-10-11,1:00PM,FedExField,Landover,MD,38.9078,-76.8645,Outdoor,Grass,300.0,1997.0,20.3,0.2,10.44,89.0,1017.7
2020,5,17,Sam Sloman,tennessee_titans,6.0,25.0,6.0,6.0,28,1,1,100.0,0,1,0,0,0,2020-10-13,7:00PM,Nissan Stadium,Nashville,TN,36.1665,-86.7713,Outdoor,Grass,476.0,1999.0,18.4,0.0,10.44,59.0,1019.8
2020,5,18,Harrison Butker,kansas_city_chiefs,6.0,24.9,6.0,6.0,32,1,1,100.0,0,0,1,0,0,2020-10-11,1:00PM,GEHA Field at Arrowhead Stadium,Kansas City,MO,39.049,-94.4839,Outdoor,Grass,1020.0,1972.0,26.9,0.0,72.72,57.0,1007.9
2020,5,19,Robbie Gould,san_francisco_49ers,5.0,24.2,5.0,5.0,37,1,1,100.0,0,0,1,0,0,2020-10-11,4:05PM,Levi's Stadium,Santa Clara,CA,37.403,-121.9692,Outdoor,Grass,13.0,2014.0,24.5,0.0,83.52,39.0,1017.4
2020,5,20,Dustin Hopkins,unknown,5.0,24.2,5.0,5.0,48,1,1,100.0,0,0,0,1,0,,,,,,,,,,,,,,,,
2020,5,21,Tyler Bass,buffalo_bills,5.0,24.2,5.0,5.0,43,1,1,100.0,0,0,0,1,0,2020-10-13,7:00PM,Nissan Stadium,Nashville,TN,36.1665,-86.7713,Outdoor,Grass,476.0,1999.0,18.4,0.0,10.44,59.0,1019.8
2020,5,22,Sam Ficken,new_york_jets,4.0,23.6,4.0,4.0,26,1,1,100.0,0,1,0,0,0,2020-10-11,1:00PM,MetLife Stadium,East Rutherford,NJ,40.8136,-74.0744,Outdoor,Turf,3.0,2010.0,18.7,0.0,45.0,58.0,1020.7
2020,5,23,Randy Bullock,cincinnati_bengals,3.0,22.8,3.0,3.0,38,1,1,100.0,0,0,1,0,0,2020-10-11,1:00PM,M&T Bank Stadium,Baltimore,MD,39.2779,-76.6227,Outdoor,Grass,10.0,1998.0,20.5,0.2,33.84,88.0,1017.8
2020,5,24,Justin Tucker,baltimore_ravens,10.0,21.94,10.0,10.0,46,2,3,66.7,0,0,1,1,0,2020-10-11,1:00PM,M&T Bank Stadium,Baltimore,MD,39.2779,-76.6227,Outdoor,Grass,10.0,1998.0,20.5,0.2,33.84,88.0,1017.8
2020,5,25,Stephen Gostkowski,tennessee_titans,6.0,4.2,6.0,6.0,0,0,0,0.0,0,0,0,0,0,2020-10-13,7:00PM,Nissan Stadium,Nashville,TN,36.1665,-86.7713,Outdoor,Grass,476.0,1999.0,18.4,0.0,10.44,59.0,1019.8
2020,5,26,Michael Badgley,unknown,3.0,2.3,3.0,3.0,0,0,1,0.0,0,0,0,0,0,,,,,,,,,,,,,,,,
2020,5,27,Jake Elliott,philadelphia_eagles,3.0,2.3,3.0,3.0,0,0,1,0.0,0,0,0,0,0,2020-10-11,1:00PM,Acrisure Stadium,Pittsburgh,PA,40.4468,-80.0158,Outdoor,Grass,730.0,2001.0,21.6,0.0,47.52,75.0,1016.7
2020,5,28,Jason Myers,seattle_seahawks,3.0,2.1,3.0,3.0,0,0,0,0.0,0,0,0,0,0,2020-10-11,8:20PM,Lumen Field,Seattle,WA,47.5952,-122.3316,Outdoor,Turf,20.0,2002.0,13.8,1.4,109.44,94.0,1004.8
2020,5,29,Stephen Hauschka,unknown,2.0,1.8,2.0,2.0,0,0,2,0.0,0,0,0,0,0,,,,,,,,,,,,,,,,
2020,5,30,Ty Long,los_angeles_chargers,0.0,0.0,0.0,0.0,0,0,0,0.0,0,0,0,0,0,2020-10-12,8:15PM,Caesars Superdome,New Orleans,LA,29.9509,-90.0815,Indoor,Turf,3.0,1975.0,25.0,0.0,36.72,86.0,1014.3
2020,6,1,Brandon Mcmanus,denver_broncos,24.0,41.2,24.0,24.0,54,6,6,100.0,0,2,0,2,2,2020-10-18,1:00PM,Gillette Stadium,Foxborough,MA,42.0909,-71.2643,Outdoor,Turf,289.0,2002.0,15.1,0.0,37.440000000000005,45.0,1033.2
2020,6,2,Younghoe Koo,atlanta_falcons,20.0,36.9,20.0,20.0,50,4,4,100.0,0,1,0,2,1,2020-10-18,1:00PM,U.S. Bank Stadium,Minneapolis,MN,44.974,-93.2581,Indoor,Turf,840.0,2016.0,3.1,0.0,65.16000000000001,43.0,1024.8
2020,6,3,Justin Tucker,baltimore_ravens,16.0,33.3,16.0,16.0,55,3,3,100.0,0,0,0,2,1,2020-10-18,1:00PM,Lincoln Financial Field,Philadelphia,PA,39.9008,-75.1675,Outdoor,Grass,30.0,2003.0,18.1,0.0,43.92,49.0,1030.3
2020,6,4,Cairo Santos,chicago_bears,13.0,31.2,13.0,13.0,55,3,3,100.0,0,0,2,0,1,2020-10-18,1:00PM,Bank of America Stadium,Charlotte,NC,35.2258,-80.8528,Outdoor,Grass,748.0,1996.0,16.7,0.0,19.44,53.0,1028.2
2020,6,5,Ryan Succop,tampa_bay_buccaneers,10.0,27.7,10.0,10.0,50,1,1,100.0,0,0,0,0,1,2020-10-18,4:25PM,Raymond James Stadium,Tampa,FL,27.9759,-82.5033,Outdoor,Grass,26.0,1998.0,27.1,0.4,94.68,73.0,1016.9
2020,6,6,Graham Gano,new_york_giants,8.0,27.1,8.0,8.0,33,2,2,100.0,0,1,1,0,0,2020-10-18,1:00PM,MetLife Stadium,East Rutherford,NJ,40.8136,-74.0744,Outdoor,Turf,3.0,2010.0,17.1,0.0,84.24,50.0,1031.3
2020,6,7,Harrison Butker,kansas_city_chiefs,8.0,27.0,8.0,8.0,37,2,2,100.0,0,0,2,0,0,2020-10-19,5:00PM,Highmark Stadium,Orchard Park,NY,42.7738,-78.7868,Outdoor,Grass,600.0,1973.0,11.8,0.0,25.92,93.0,1022.3
2020,6,8,Zane Gonzalez,arizona_cardinals,8.0,26.4,8.0,8.0,26,1,1,100.0,0,1,0,0,0,2020-10-19,8:15PM,AT&T Stadium,Arlington,TX,32.7473,-97.0945,Indoor,Turf,639.0,2009.0,17.4,0.0,29.52,72.0,1016.1
2020,6,9,Nick Folk,new_england_patriots,7.0,26.3,7.0,7.0,41,2,2,100.0,0,0,1,1,0,2020-10-18,1:00PM,Gillette Stadium,Foxborough,MA,42.0909,-71.2643,Outdoor,Turf,289.0,2002.0,15.1,0.0,37.440000000000005,45.0,1033.2
2020,6,10,Rodrigo Blankenship,indianapolis_colts,8.0,26.3,8.0,8.0,40,1,1,100.0,0,0,0,1,0,2020-10-18,1:00PM,Lucas Oil Stadium,Indianapolis,IN,39.7601,-86.1639,Indoor,Turf,700.0,2008.0,14.0,0.0,67.68,68.0,1020.7
2020,6,11,Chris Boswell,pittsburgh_steelers,8.0,26.3,8.0,8.0,35,1,1,100.0,0,0,1,0,0,2020-10-18,1:00PM,Acrisure Stadium,Pittsburgh,PA,40.4468,-80.0158,Outdoor,Grass,730.0,2001.0,16.8,0.0,61.2,41.0,1024.3
2020,6,12,Robbie Gould,san_francisco_49ers,7.0,25.6,7.0,7.0,49,1,1,100.0,0,0,0,1,0,2020-10-18,8:20PM,Levi's Stadium,Santa Clara,CA,37.403,-121.9692,Outdoor,Grass,13.0,2014.0,19.4,0.0,29.16,73.0,1015.4
2020,6,13,Joey Slye,carolina_panthers,11.0,25.2,11.0,11.0,48,3,4,75.0,0,2,0,1,0,2020-10-18,1:00PM,Bank of America Stadium,Charlotte,NC,35.2258,-80.8528,Outdoor,Grass,748.0,1996.0,16.7,0.0,19.44,53.0,1028.2
2020,6,14,Jason Sanders,miami_dolphins,6.0,25.0,6.0,6.0,24,1,1,100.0,0,1,0,0,0,2020-10-18,4:05PM,Hard Rock Stadium,Miami Gardens,FL,25.958,-80.238,Outdoor,Grass,7.0,1987.0,27.3,0.0,77.03999999999999,72.0,1014.8
2020,6,15,Ka'Imi Fairbairn,houston_texans,6.0,24.9,6.0,6.0,38,1,1,100.0,0,0,1,0,0,2020-10-18,1:00PM,Nissan Stadium,Nashville,TN,36.1665,-86.7713,Outdoor,Grass,476.0,1999.0,20.3,0.0,46.8,55.0,1021.9
2020,6,16,Sam Sloman,los_angeles_rams,5.0,24.2,5.0,5.0,42,1,1,100.0,0,0,0,1,0,2020-10-18,8:20PM,Levi's Stadium,Santa Clara,CA,37.403,-121.9692,Outdoor,Grass,13.0,2014.0,19.4,0.0,29.16,73.0,1015.4
2020,6,17,Sam Sloman,tennessee_titans,5.0,24.2,5.0,5.0,42,1,1,100.0,0,0,0,1,0,2020-10-18,1:00PM,Nissan Stadium,Nashville,TN,36.1665,-86.7713,Outdoor,Grass,476.0,1999.0,20.3,0.0,46.8,55.0,1021.9
2020,6,18,Mason Crosby,green_bay_packers,4.0,23.5,4.0,4.0,39,1,1,100.0,0,0,1,0,0,2020-10-18,4:25PM,Raymond James Stadium,Tampa,FL,27.9759,-82.5033,Outdoor,Grass,26.0,1998.0,27.1,0.4,94.68,73.0,1016.9
2020,6,19,Randy Bullock,cincinnati_bengals,12.0,23.34,12.0,12.0,55,2,3,66.7,0,0,0,1,1,2020-10-18,1:00PM,Lucas Oil Stadium,Indianapolis,IN,39.7601,-86.1639,Indoor,Turf,700.0,2008.0,14.0,0.0,67.68,68.0,1020.7
2020,6,20,Matt Prater,detroit_lions,11.0,22.64,11.0,11.0,41,2,3,66.7,0,0,1,1,0,2020-10-18,1:00PM,TIAA Bank Field,Jacksonville,FL,30.3239,-81.6373,Outdoor,Grass,16.0,1995.0,25.7,0.2,93.6,75.0,1022.2
2020,6,21,Dustin Hopkins,unknown,7.0,19.94,7.0,7.0,35,2,3,66.7,0,1,1,0,0,,,,,,,,,,,,,,,,
2020,6,22,Tyler Bass,buffalo_bills,6.0,15.1,6.0,6.0,48,1,2,50.0,0,0,0,1,0,2020-10-19,5:00PM,Highmark Stadium,Orchard Park,NY,42.7738,-78.7868,Outdoor,Grass,600.0,1973.0,11.8,0.0,25.92,93.0,1022.3
2020,6,23,Greg Zuerlein,dallas_cowboys,4.0,13.7,4.0,4.0,34,1,2,50.0,0,0,1,0,0,2020-10-19,8:15PM,AT&T Stadium,Arlington,TX,32.7473,-97.0945,Indoor,Turf,639.0,2009.0,17.4,0.0,29.52,72.0,1016.1
2020,6,24,Jonathan Brown,unknown,4.0,13.7,4.0,4.0,31,1,2,50.0,0,0,1,0,0,,,,,,,,,,,,,,,,
2020,6,25,Stephen Gostkowski,tennessee_titans,4.0,3.2,4.0,4.0,0,0,2,0.0,0,0,0,0,0,2020-10-18,1:00PM,Nissan Stadium,Nashville,TN,36.1665,-86.7713,Outdoor,Grass,476.0,1999.0,20.3,0.0,46.8,55.0,1021.9
2020,6,26,Dan Bailey,minnesota_vikings,1.0,0.7,1.0,1.0,0,0,0,0.0,0,0,0,0,0,2020-10-18,1:00PM,U.S. Bank Stadium,Minneapolis,MN,44.974,-93.2581,Indoor,Turf,840.0,2016.0,3.1,0.0,65.16000000000001,43.0,1024.8
2020,6,27,Cody Parkey,cleveland_browns,1.0,0.7,1.0,1.0,0,0,0,0.0,0,0,0,0,0,2020-10-18,1:00PM,Acrisure Stadium,Pittsburgh,PA,40.4468,-80.0158,Outdoor,Grass,730.0,2001.0,16.8,0.0,61.2,41.0,1024.3
2020,6,28,Jake Elliott,philadelphia_eagles,0.0,0.2,0.0,0.0,0,0,1,0.0,0,0,0,0,0,2020-10-18,1:00PM,Lincoln Financial Field,Philadelphia,PA,39.9008,-75.1675,Outdoor,Grass,30.0,2003.0,18.1,0.0,43.92,49.0,1030.3
2020,6,29,Sam Ficken,new_york_jets,0.0,0.2,0.0,0.0,0,0,1,0.0,0,0,0,0,0,2020-10-18,4:05PM,Hard Rock Stadium,Miami Gardens,FL,25.958,-80.238,Outdoor,Grass,7.0,1987.0,27.3,0.0,77.03999999999999,72.0,1014.8
2020,7,1,Tyler Bass,buffalo_bills,23.0,35.8,23.0,23.0,53,6,8,75.0,0,1,1,3,1,2020-10-25,1:00PM,MetLife Stadium,East Rutherford,NJ,40.8136,-74.0744,Outdoor,Turf,3.0,2010.0,10.7,0.0,36.72,56.0,1025.0
2020,7,2,Harrison Butker,kansas_city_chiefs,14.0,32.0,14.0,14.0,40,3,3,100.0,0,1,1,1,0,2020-10-25,4:25PM,Empower Field at Mile High,Denver,CO,39.7439,-105.0201,Outdoor,Turf,5280.0,2001.0,-8.7,0.5,66.24,66.0,1033.1
2020,7,3,Jason Myers,seattle_seahawks,12.0,29.8,12.0,12.0,44,2,2,100.0,0,0,0,2,0,2020-10-25,8:20PM,State Farm Stadium,Glendale,AZ,33.5275,-112.2625,Indoor,Turf,1070.0,2006.0,24.5,0.0,70.56,33.0,1003.6
2020,7,4,Wil Lutz,new_orleans_saints,11.0,29.1,11.0,11.0,43,2,2,100.0,0,0,0,2,0,2020-10-25,1:00PM,Caesars Superdome,New Orleans,LA,29.9509,-90.0815,Indoor,Turf,3.0,1975.0,20.7,0.0,38.88,74.0,1015.6
2020,7,5,Matt Prater,detroit_lions,16.0,28.5,16.0,16.0,51,3,4,75.0,0,0,0,1,2,2020-10-25,1:00PM,Mercedes-Benz Stadium,Atlanta,GA,33.755,-84.4008,Indoor,Turf,1050.0,2017.0,22.3,0.0,27.72,75.0,1015.0
2020,7,6,Zane Gonzalez,arizona_cardinals,16.0,28.5,16.0,16.0,49,3,4,75.0,0,0,0,3,0,2020-10-25,8:20PM,State Farm Stadium,Glendale,AZ,33.5275,-112.2625,Indoor,Turf,1070.0,2006.0,24.5,0.0,70.56,33.0,1003.6
2020,7,7,Randy Bullock,cincinnati_bengals,10.0,28.5,10.0,10.0,37,2,2,100.0,0,1,1,0,0,2020-10-25,1:00PM,Paycor Stadium,Cincinnati,OH,39.0954,-84.516,Outdoor,Turf,482.0,2000.0,9.9,0.0,42.48,67.0,1019.9
2020,7,8,Robbie Gould,san_francisco_49ers,10.0,28.4,10.0,10.0,41,2,2,100.0,0,0,1,1,0,2020-10-25,4:25PM,Gillette Stadium,Foxborough,MA,42.0909,-71.2643,Outdoor,Turf,289.0,2002.0,9.3,0.0,33.84,60.0,1025.8
2020,7,9,Daniel Carlson,las_vegas_raiders,9.0,27.7,9.0,9.0,42,2,2,100.0,0,0,1,1,0,2020-10-25,4:05PM,Allegiant Stadium,Las Vegas,NV,36.0908,-115.183,Indoor,Turf,2001.0,2020.0,24.4,0.0,61.56000000000001,19.0,1001.9
2020,7,10,Chris Boswell,pittsburgh_steelers,9.0,27.7,9.0,9.0,38,2,2,100.0,0,0,2,0,0,2020-10-25,1:00PM,Nissan Stadium,Nashville,TN,36.1665,-86.7713,Outdoor,Grass,476.0,1999.0,16.7,0.0,10.8,79.0,1015.7
2020,7,11,Ryan Succop,tampa_bay_buccaneers,9.0,27.1,9.0,9.0,29,1,1,100.0,0,1,0,0,0,2020-10-25,4:05PM,Allegiant Stadium,Las Vegas,NV,36.0908,-115.183,Indoor,Turf,2001.0,2020.0,24.4,0.0,61.56000000000001,19.0,1001.9
2020,7,12,Nick Folk,new_england_patriots,8.0,27.0,8.0,8.0,41,2,2,100.0,0,0,0,2,0,2020-10-25,4:25PM,Gillette Stadium,Foxborough,MA,42.0909,-71.2643,Outdoor,Turf,289.0,2002.0,9.3,0.0,33.84,60.0,1025.8
2020,7,13,Cody Parkey,cleveland_browns,8.0,26.3,8.0,8.0,43,1,1,100.0,0,0,0,1,0,2020-10-25,1:00PM,Paycor Stadium,Cincinnati,OH,39.0954,-84.516,Outdoor,Turf,482.0,2000.0,9.9,0.0,42.48,67.0,1019.9
2020,7,14,Cairo Santos,chicago_bears,5.0,24.2,5.0,5.0,42,1,1,100.0,0,0,0,1,0,2020-10-26,8:15PM,SoFi Stadium,Inglewood,CA,33.9535,-118.3392,Outdoor,Turf,100.0,2020.0,19.5,0.0,77.76,10.0,1017.0
2020,7,15,Brandon Mcmanus,denver_broncos,5.0,24.2,5.0,5.0,43,1,1,100.0,0,0,0,1,0,2020-10-25,4:25PM,Empower Field at Mile High,Denver,CO,39.7439,-105.0201,Outdoor,Turf,5280.0,2001.0,-8.7,0.5,66.24,66.0,1033.1
2020,7,16,Sergio Castillo,new_york_jets,4.0,23.6,4.0,4.0,29,1,1,100.0,0,1,0,0,0,2020-10-25,1:00PM,MetLife Stadium,East Rutherford,NJ,40.8136,-74.0744,Outdoor,Turf,3.0,2010.0,10.7,0.0,36.72,56.0,1025.0
2020,7,17,Greg Zuerlein,dallas_cowboys,4.0,23.5,4.0,4.0,45,1,1,100.0,0,0,0,1,0,2020-10-25,1:00PM,FedExField,Landover,MD,38.9078,-76.8645,Outdoor,Grass,300.0,1997.0,8.6,1.1,51.48,99.0,1023.7
2020,7,18,Michael Badgley,unknown,9.0,21.24,9.0,9.0,35,2,3,66.7,0,0,2,0,0,,,,,,,,,,,,,,,,
2020,7,19,Ka'Imi Fairbairn,houston_texans,8.0,20.64,8.0,8.0,38,2,3,66.7,0,1,1,0,0,2020-10-25,1:00PM,NRG Stadium,Houston,TX,29.6847,-95.4107,Indoor,Turf,50.0,2002.0,23.2,0.0,48.24,76.0,1014.6
2020,7,20,Stephen Gostkowski,tennessee_titans,8.0,16.5,8.0,8.0,51,1,2,50.0,0,0,0,0,1,2020-10-25,1:00PM,Nissan Stadium,Nashville,TN,36.1665,-86.7713,Outdoor,Grass,476.0,1999.0,16.7,0.0,10.8,79.0,1015.7
2020,7,21,Joey Slye,carolina_panthers,7.0,15.8,7.0,7.0,43,1,2,50.0,0,0,0,1,0,2020-10-25,1:00PM,Caesars Superdome,New Orleans,LA,29.9509,-90.0815,Indoor,Turf,3.0,1975.0,20.7,0.0,38.88,74.0,1015.6
2020,7,22,Sam Sloman,los_angeles_rams,6.0,15.2,6.0,6.0,22,1,2,50.0,0,1,0,0,0,2020-10-26,8:15PM,SoFi Stadium,Inglewood,CA,33.9535,-118.3392,Outdoor,Turf,100.0,2020.0,19.5,0.0,77.76,10.0,1017.0
2020,7,23,Sam Sloman,tennessee_titans,6.0,15.2,6.0,6.0,22,1,2,50.0,0,1,0,0,0,2020-10-25,1:00PM,Nissan Stadium,Nashville,TN,36.1665,-86.7713,Outdoor,Grass,476.0,1999.0,16.7,0.0,10.8,79.0,1015.7
2020,7,24,Dustin Hopkins,unknown,5.0,14.4,5.0,5.0,30,1,2,50.0,0,0,1,0,0,,,,,,,,,,,,,,,,
2020,7,25,Jake Elliott,philadelphia_eagles,4.0,13.7,4.0,4.0,31,1,2,50.0,0,0,1,0,0,2020-10-22,8:20PM,Lincoln Financial Field,Philadelphia,PA,39.9008,-75.1675,Outdoor,Grass,30.0,2003.0,18.8,0.0,28.8,96.0,1023.5
2020,7,26,Mason Crosby,green_bay_packers,5.0,3.5,5.0,5.0,0,0,0,0.0,0,0,0,0,0,2020-10-25,1:00PM,NRG Stadium,Houston,TX,29.6847,-95.4107,Indoor,Turf,50.0,2002.0,23.2,0.0,48.24,76.0,1014.6
2020,7,27,Graham Gano,new_york_giants,3.0,2.1,3.0,3.0,0,0,0,0.0,0,0,0,0,0,2020-10-22,8:20PM,Lincoln Financial Field,Philadelphia,PA,39.9008,-75.1675,Outdoor,Grass,30.0,2003.0,18.8,0.0,28.8,96.0,1023.5
2020,7,28,Younghoe Koo,atlanta_falcons,2.0,1.4,2.0,2.0,0,0,0,0.0,0,0,0,0,0,2020-10-25,1:00PM,Mercedes-Benz Stadium,Atlanta,GA,33.755,-84.4008,Indoor,Turf,1050.0,2017.0,22.3,0.0,27.72,75.0,1015.0
2020,7,29,Josh Lambo,jacksonville_jaguars,1.0,0.7,1.0,1.0,0,0,0,0.0,0,0,0,0,0,2020-10-25,4:25PM,SoFi Stadium,Inglewood,CA,33.9535,-118.3392,Outdoor,Turf,100.0,2020.0,18.5,0.0,90.36,61.0,1011.0
2020,7,30,Ty Long,los_angeles_chargers,0.0,0.0,0.0,0.0,0,0,0,0.0,0,0,0,0,0,2020-10-25,4:25PM,SoFi Stadium,Inglewood,CA,33.9535,-118.3392,Outdoor,Turf,100.0,2020.0,18.5,0.0,90.36,61.0,1011.0
2020,8,1,Ryan Succop,tampa_bay_buccaneers,15.0,33.3,15.0,15.0,43,4,4,100.0,0,0,2,2,0,2020-11-02,8:15PM,MetLife Stadium,East Rutherford,NJ,40.8136,-74.0744,Outdoor,Turf,3.0,2010.0,4.7,0.0,64.08,47.0,1013.7
2020,8,2,Michael Badgley,unknown,15.0,32.6,15.0,15.0,52,3,3,100.0,0,0,1,1,1,,,,,,,,,,,,,,,,
2020,8,3,Younghoe Koo,atlanta_falcons,13.0,32.1,13.0,13.0,37,4,4,100.0,0,2,2,0,0,2020-10-29,8:20PM,Bank of America Stadium,Charlotte,NC,35.2258,-80.8528,Outdoor,Grass,748.0,1996.0,23.4,0.4,54.72,79.0,1001.2
2020,8,4,Cairo Santos,chicago_bears,14.0,32.0,14.0,14.0,51,3,3,100.0,0,1,0,1,1,2020-11-01,4:25PM,Soldier Field,Chicago,IL,41.8623,-87.6167,Outdoor,Grass,595.0,1924.0,3.6,0.0,145.8,41.0,1025.3
2020,8,5,Wil Lutz,new_orleans_saints,14.0,28.9,14.0,14.0,39,4,5,80.0,0,1,3,0,0,2020-11-01,4:25PM,Soldier Field,Chicago,IL,41.8623,-87.6167,Outdoor,Grass,595.0,1924.0,3.6,0.0,145.8,41.0,1025.3
2020,8,6,Nick Folk,new_england_patriots,8.0,27.0,8.0,8.0,43,2,2,100.0,0,0,1,1,0,2020-11-01,1:00PM,Highmark Stadium,Orchard Park,NY,42.7738,-78.7868,Outdoor,Grass,600.0,1973.0,6.7,2.6,93.24,89.0,1005.8
2020,8,7,Greg Zuerlein,dallas_cowboys,13.0,26.4,13.0,13.0,59,3,4,75.0,0,0,0,2,1,2020-11-01,8:20PM,Lincoln Financial Field,Philadelphia,PA,39.9008,-75.1675,Outdoor,Grass,30.0,2003.0,10.6,0.0,82.44,76.0,1008.7
2020,8,8,Jason Myers,seattle_seahawks,8.0,26.3,8.0,8.0,48,1,1,100.0,0,0,0,1,0,2020-11-01,4:25PM,Lumen Field,Seattle,WA,47.5952,-122.3316,Outdoor,Turf,20.0,2002.0,13.2,0.0,9.0,69.0,1021.7
2020,8,9,Justin Tucker,baltimore_ravens,8.0,26.3,8.0,8.0,51,1,1,100.0,0,0,0,0,1,2020-11-01,1:00PM,M&T Bank Stadium,Baltimore,MD,39.2779,-76.6227,Outdoor,Grass,10.0,1998.0,11.4,4.9,68.03999999999999,90.0,1014.1
2020,8,10,Sergio Castillo,new_york_jets,12.0,25.7,12.0,12.0,55,3,4,75.0,0,0,1,1,1,2020-11-01,1:00PM,GEHA Field at Arrowhead Stadium,Kansas City,MO,39.049,-94.4839,Outdoor,Grass,1020.0,1972.0,8.5,0.0,55.440000000000005,41.0,1035.7
2020,8,11,Brandon Mcmanus,denver_broncos,7.0,25.6,7.0,7.0,35,1,1,100.0,0,0,1,0,0,2020-11-01,4:05PM,Empower Field at Mile High,Denver,CO,39.7439,-105.0201,Outdoor,Turf,5280.0,2001.0,16.0,0.0,40.32,29.0,1026.4
2020,8,12,Randy Bullock,cincinnati_bengals,7.0,25.6,7.0,7.0,33,1,1,100.0,0,0,1,0,0,2020-11-01,1:00PM,Paycor Stadium,Cincinnati,OH,39.0954,-84.516,Outdoor,Turf,482.0,2000.0,10.3,0.0,103.32,44.0,1019.2
2020,8,13,Tyler Bass,buffalo_bills,6.0,25.0,6.0,6.0,28,1,1,100.0,0,1,0,0,0,2020-11-01,1:00PM,Highmark Stadium,Orchard Park,NY,42.7738,-78.7868,Outdoor,Grass,600.0,1973.0,6.7,2.6,93.24,89.0,1005.8
2020,8,14,Daniel Carlson,las_vegas_raiders,10.0,24.5,10.0,10.0,33,3,4,75.0,0,2,1,0,0,2020-11-01,1:00PM,FirstEnergy Stadium,Cleveland,OH,41.5061,-81.6995,Outdoor,Grass,577.0,1999.0,7.9,0.1,171.72000000000003,62.0,1011.0
2020,8,15,Joey Slye,carolina_panthers,5.0,24.2,5.0,5.0,39,1,1,100.0,0,0,1,0,0,2020-10-29,8:20PM,Bank of America Stadium,Charlotte,NC,35.2258,-80.8528,Outdoor,Grass,748.0,1996.0,23.4,0.4,54.72,79.0,1001.2
2020,8,16,Graham Gano,new_york_giants,5.0,24.2,5.0,5.0,33,1,1,100.0,0,0,1,0,0,2020-11-02,8:15PM,MetLife Stadium,East Rutherford,NJ,40.8136,-74.0744,Outdoor,Turf,3.0,2010.0,4.7,0.0,64.08,47.0,1013.7
2020,8,17,Cody Parkey,cleveland_browns,7.0,19.84,7.0,7.0,41,2,3,66.7,0,0,1,1,0,2020-11-01,1:00PM,FirstEnergy Stadium,Cleveland,OH,41.5061,-81.6995,Outdoor,Grass,577.0,1999.0,7.9,0.1,171.72000000000003,62.0,1011.0
2020,8,18,Kai Forbath,carolina_panthers,5.0,14.5,5.0,5.0,23,1,2,50.0,0,1,0,0,0,2020-10-29,8:20PM,Bank of America Stadium,Charlotte,NC,35.2258,-80.8528,Outdoor,Grass,748.0,1996.0,23.4,0.4,54.72,79.0,1001.2
2020,8,19,Kai Forbath,chicago_bears,5.0,14.5,5.0,5.0,23,1,2,50.0,0,1,0,0,0,2020-11-01,4:25PM,Soldier Field,Chicago,IL,41.8623,-87.6167,Outdoor,Grass,595.0,1924.0,3.6,0.0,145.8,41.0,1025.3
2020,8,20,Kai Forbath,los_angeles_rams,5.0,14.5,5.0,5.0,23,1,2,50.0,0,1,0,0,0,2020-11-01,1:00PM,Hard Rock Stadium,Miami Gardens,FL,25.958,-80.238,Outdoor,Grass,7.0,1987.0,28.7,0.1,37.8,76.0,1018.2
2020,8,21,Harrison Butker,kansas_city_chiefs,5.0,3.5,5.0,5.0,0,0,0,0.0,0,0,0,0,0,2020-11-01,1:00PM,GEHA Field at Arrowhead Stadium,Kansas City,MO,39.049,-94.4839,Outdoor,Grass,1020.0,1972.0,8.5,0.0,55.440000000000005,41.0,1035.7
2020,8,22,Chris Boswell,pittsburgh_steelers,4.0,2.8,4.0,4.0,0,0,0,0.0,0,0,0,0,0,2020-11-01,1:00PM,M&T Bank Stadium,Baltimore,MD,39.2779,-76.6227,Outdoor,Grass,10.0,1998.0,11.4,4.9,68.03999999999999,90.0,1014.1
2020,8,23,Dan Bailey,minnesota_vikings,4.0,2.8,4.0,4.0,0,0,0,0.0,0,0,0,0,0,2020-11-01,1:00PM,Lambeau Field,Green Bay,WI,44.5013,-88.0622,Outdoor,Grass,640.0,1957.0,1.7,0.0,126.36,47.0,1020.8
2020,8,24,Jason Sanders,miami_dolphins,4.0,2.8,4.0,4.0,0,0,0,0.0,0,0,0,0,0,2020-11-01,1:00PM,Hard Rock Stadium,Miami Gardens,FL,25.958,-80.238,Outdoor,Grass,7.0,1987.0,28.7,0.1,37.8,76.0,1018.2
2020,8,25,Matt Prater,detroit_lions,3.0,2.3,3.0,3.0,0,0,1,0.0,0,0,0,0,0,2020-11-01,1:00PM,Ford Field,Detroit,MI,42.34,-83.0456,Indoor,Turf,600.0,2002.0,5.2,0.0,137.88,55.0,1011.5
2020,8,26,Rodrigo Blankenship,indianapolis_colts,3.0,2.1,3.0,3.0,0,0,0,0.0,0,0,0,0,0,2020-11-01,1:00PM,Ford Field,Detroit,MI,42.34,-83.0456,Indoor,Turf,600.0,2002.0,5.2,0.0,137.88,55.0,1011.5
2020,8,27,Robbie Gould,san_francisco_49ers,3.0,2.1,3.0,3.0,0,0,0,0.0,0,0,0,0,0,2020-11-01,4:25PM,Lumen Field,Seattle,WA,47.5952,-122.3316,Outdoor,Turf,20.0,2002.0,13.2,0.0,9.0,69.0,1021.7
2020,8,28,Stephen Gostkowski,tennessee_titans,2.0,1.6,2.0,2.0,0,0,1,0.0,0,0,0,0,0,2020-11-01,1:00PM,Paycor Stadium,Cincinnati,OH,39.0954,-84.516,Outdoor,Turf,482.0,2000.0,10.3,0.0,103.32,44.0,1019.2
2020,8,29,Mason Crosby,green_bay_packers,2.0,1.4,2.0,2.0,0,0,0,0.0,0,0,0,0,0,2020-11-01,1:00PM,Lambeau Field,Green Bay,WI,44.5013,-88.0622,Outdoor,Grass,640.0,1957.0,1.7,0.0,126.36,47.0,1020.8
2020,8,30,Jake Elliott,philadelphia_eagles,1.0,0.7,1.0,1.0,0,0,0,0.0,0,0,0,0,0,2020-11-01,8:20PM,Lincoln Financial Field,Philadelphia,PA,39.9008,-75.1675,Outdoor,Grass,30.0,2003.0,10.6,0.0,82.44,76.0,1008.7
2020,8,31,Ty Long,los_angeles_chargers,0.0,0.0,0.0,0.0,0,0,0,0.0,0,0,0,0,0,2020-11-01,4:05PM,Empower Field at Mile High,Denver,CO,39.7439,-105.0201,Outdoor,Turf,5280.0,2001.0,16.0,0.0,40.32,29.0,1026.4
2020,9,1,Greg Zuerlein,dallas_cowboys,15.0,33.3,15.0,15.0,45,4,4,100.0,0,0,2,2,0,2020-11-08,4:25PM,AT&T Stadium,Arlington,TX,32.7473,-97.0945,Indoor,Turf,639.0,2009.0,23.9,0.0,84.24,55.0,1013.2
2020,9,2,Nick Folk,new_england_patriots,15.0,32.7,15.0,15.0,51,3,3,100.0,0,1,0,1,1,2020-11-09,8:15PM,MetLife Stadium,East Rutherford,NJ,40.8136,-74.0744,Outdoor,Turf,3.0,2010.0,13.6,0.0,29.52,87.0,1025.0
2020,9,3,Jason Sanders,miami_dolphins,14.0,31.2,14.0,14.0,56,2,2,100.0,0,0,0,0,2,2020-11-08,4:25PM,State Farm Stadium,Glendale,AZ,33.5275,-112.2625,Indoor,Turf,1070.0,2006.0,17.0,0.0,78.12,37.0,1007.3
2020,9,4,Graham Gano,new_york_giants,13.0,31.2,13.0,13.0,48,3,3,100.0,0,0,1,2,0,2020-11-08,1:00PM,FedExField,Landover,MD,38.9078,-76.8645,Outdoor,Grass,300.0,1997.0,20.7,0.0,11.16,67.0,1029.1
2020,9,5,Mason Crosby,green_bay_packers,12.0,29.8,12.0,12.0,53,2,2,100.0,1,0,0,0,1,2020-11-05,8:20PM,Levi's Stadium,Santa Clara,CA,37.403,-121.9692,Outdoor,Grass,13.0,2014.0,18.9,0.0,11.88,64.0,1013.8
2020,9,6,Younghoe Koo,atlanta_falcons,12.0,29.8,12.0,12.0,52,2,2,100.0,0,0,1,0,1,2020-11-08,1:00PM,Mercedes-Benz Stadium,Atlanta,GA,33.755,-84.4008,Indoor,Turf,1050.0,2017.0,20.5,0.1,107.64,78.0,1024.4
2020,9,7,Jason Myers,seattle_seahawks,12.0,29.8,12.0,12.0,45,2,2,100.0,0,0,0,2,0,2020-11-08,1:00PM,Highmark Stadium,Orchard Park,NY,42.7738,-78.7868,Outdoor,Grass,600.0,1973.0,18.9,0.0,25.56,51.0,1028.3
2020,9,8,Ka'Imi Fairbairn,houston_texans,11.0,29.1,11.0,11.0,54,2,2,100.0,0,0,1,0,1,2020-11-08,1:00PM,TIAA Bank Field,Jacksonville,FL,30.3239,-81.6373,Outdoor,Grass,16.0,1995.0,26.4,0.2,101.52,68.0,1018.7
2020,9,9,Sergio Castillo,new_york_jets,11.0,29.1,11.0,11.0,50,2,2,100.0,0,0,1,0,1,2020-11-09,8:15PM,MetLife Stadium,East Rutherford,NJ,40.8136,-74.0744,Outdoor,Turf,3.0,2010.0,13.6,0.0,29.52,87.0,1025.0
2020,9,10,Brandon Mcmanus,denver_broncos,11.0,29.1,11.0,11.0,43,2,2,100.0,0,0,0,2,0,2020-11-08,1:00PM,Mercedes-Benz Stadium,Atlanta,GA,33.755,-84.4008,Indoor,Turf,1050.0,2017.0,20.5,0.1,107.64,78.0,1024.4
2020,9,11,Dustin Hopkins,unknown,10.0,28.4,10.0,10.0,48,2,2,100.0,0,0,0,2,0,,,,,,,,,,,,,,,,
2020,9,12,Tyler Bass,buffalo_bills,15.0,27.9,15.0,15.0,44,3,4,75.0,0,1,1,1,0,2020-11-08,1:00PM,Highmark Stadium,Orchard Park,NY,42.7738,-78.7868,Outdoor,Grass,600.0,1973.0,18.9,0.0,25.56,51.0,1028.3
2020,9,13,Chris Boswell,pittsburgh_steelers,9.0,27.7,9.0,9.0,59,2,2,100.0,0,0,0,1,1,2020-11-08,4:25PM,AT&T Stadium,Arlington,TX,32.7473,-97.0945,Indoor,Turf,639.0,2009.0,23.9,0.0,84.24,55.0,1013.2
2020,9,14,Josh Lambo,jacksonville_jaguars,9.0,27.7,9.0,9.0,59,2,2,100.0,0,0,1,0,1,2020-11-08,1:00PM,TIAA Bank Field,Jacksonville,FL,30.3239,-81.6373,Outdoor,Grass,16.0,1995.0,26.4,0.2,101.52,68.0,1018.7
2020,9,15,Wil Lutz,new_orleans_saints,8.0,26.3,8.0,8.0,36,1,1,100.0,0,0,1,0,0,2020-11-08,8:20PM,Raymond James Stadium,Tampa,FL,27.9759,-82.5033,Outdoor,Grass,26.0,1998.0,23.2,0.3,93.6,88.0,1012.5
2020,9,16,Stephen Gostkowski,tennessee_titans,7.0,25.6,7.0,7.0,40,1,1,100.0,0,0,0,1,0,2020-11-08,1:00PM,Nissan Stadium,Nashville,TN,36.1665,-86.7713,Outdoor,Grass,476.0,1999.0,24.7,0.0,42.48,57.0,1023.5
2020,9,17,Justin Tucker,baltimore_ravens,7.0,25.6,7.0,7.0,48,1,1,100.0,0,0,0,1,0,2020-11-08,1:00PM,Lucas Oil Stadium,Indianapolis,IN,39.7601,-86.1639,Indoor,Turf,700.0,2008.0,21.6,0.0,37.8,59.0,1025.8
2020,9,18,Daniel Carlson,las_vegas_raiders,7.0,25.6,7.0,7.0,31,1,1,100.0,0,0,1,0,0,2020-11-08,4:05PM,SoFi Stadium,Inglewood,CA,33.9535,-118.3392,Outdoor,Turf,100.0,2020.0,14.9,0.0,198.36,51.0,1007.6
2020,9,19,Robbie Gould,san_francisco_49ers,5.0,24.3,5.0,5.0,22,1,1,100.0,0,1,0,0,0,2020-11-05,8:20PM,Levi's Stadium,Santa Clara,CA,37.403,-121.9692,Outdoor,Grass,13.0,2014.0,18.9,0.0,11.88,64.0,1013.8
2020,9,20,Cairo Santos,chicago_bears,5.0,24.3,5.0,5.0,22,1,1,100.0,0,1,0,0,0,2020-11-08,1:00PM,Nissan Stadium,Nashville,TN,36.1665,-86.7713,Outdoor,Grass,476.0,1999.0,24.7,0.0,42.48,57.0,1023.5
2020,9,21,Rodrigo Blankenship,indianapolis_colts,5.0,24.2,5.0,5.0,43,1,1,100.0,0,0,0,1,0,2020-11-08,1:00PM,Lucas Oil Stadium,Indianapolis,IN,39.7601,-86.1639,Indoor,Turf,700.0,2008.0,21.6,0.0,37.8,59.0,1025.8
2020,9,22,Ryan Succop,tampa_bay_buccaneers,4.0,23.5,4.0,4.0,48,1,1,100.0,0,0,0,1,0,2020-11-08,8:20PM,Raymond James Stadium,Tampa,FL,27.9759,-82.5033,Outdoor,Grass,26.0,1998.0,23.2,0.3,93.6,88.0,1012.5
2020,9,23,Harrison Butker,kansas_city_chiefs,11.0,22.64,11.0,11.0,55,2,3,66.7,0,0,1,0,1,2020-11-08,1:00PM,GEHA Field at Arrowhead Stadium,Kansas City,MO,39.049,-94.4839,Outdoor,Grass,1020.0,1972.0,21.9,0.0,105.12,62.0,1015.0
2020,9,24,Michael Badgley,unknown,9.0,21.34,9.0,9.0,45,2,3,66.7,0,1,0,1,0,,,,,,,,,,,,,,,,
2020,9,25,Matt Prater,detroit_lions,9.0,21.34,9.0,9.0,45,2,3,66.7,0,1,0,1,0,2020-11-08,1:00PM,U.S. Bank Stadium,Minneapolis,MN,44.974,-93.2581,Indoor,Turf,840.0,2016.0,20.7,0.0,103.68,57.0,1010.9
2020,9,26,Zane Gonzalez,arizona_cardinals,7.0,15.8,7.0,7.0,37,1,2,50.0,0,0,1,0,0,2020-11-08,4:25PM,State Farm Stadium,Glendale,AZ,33.5275,-112.2625,Indoor,Turf,1070.0,2006.0,17.0,0.0,78.12,37.0,1007.3
2020,9,27,Joey Slye,carolina_panthers,8.0,13.36,8.0,8.0,47,1,3,33.3,0,0,0,1,0,2020-11-08,1:00PM,GEHA Field at Arrowhead Stadium,Kansas City,MO,39.049,-94.4839,Outdoor,Grass,1020.0,1972.0,21.9,0.0,105.12,62.0,1015.0
2020,9,28,Dan Bailey,minnesota_vikings,4.0,2.8,4.0,4.0,0,0,0,0.0,0,0,0,0,0,2020-11-08,1:00PM,U.S. Bank Stadium,Minneapolis,MN,44.974,-93.2581,Indoor,Turf,840.0,2016.0,20.7,0.0,103.68,57.0,1010.9
2020,9,29,Ty Long,los_angeles_chargers,0.0,0.0,0.0,0.0,0,0,0,0.0,0,0,0,0,0,2020-11-08,4:05PM,SoFi Stadium,Inglewood,CA,33.9535,-118.3392,Outdoor,Turf,100.0,2020.0,14.9,0.0,198.36,51.0,1007.6
2020,10,1,Ryan Succop,tampa_bay_buccaneers,17.0,35.0,17.0,17.0,40,4,4,100.0,0,3,0,1,0,2020-11-15,1:00PM,Bank of America Stadium,Charlotte,NC,35.2258,-80.8528,Outdoor,Grass,748.0,1996.0,21.1,0.0,81.72,75.0,1016.1
2020,10,2,Tyler Bass,buffalo_bills,18.0,34.7,18.0,18.0,58,3,3,100.0,0,0,0,0,3,2020-11-15,4:05PM,State Farm Stadium,Glendale,AZ,33.5275,-112.2625,Indoor,Turf,1070.0,2006.0,26.0,0.0,16.56,12.0,1016.9
2020,10,3,Zane Gonzalez,arizona_cardinals,16.0,34.2,16.0,16.0,45,4,4,100.0,0,2,0,2,0,2020-11-15,4:05PM,State Farm Stadium,Glendale,AZ,33.5275,-112.2625,Indoor,Turf,1070.0,2006.0,26.0,0.0,16.56,12.0,1016.9
2020,10,4,Matt Prater,detroit_lions,16.0,33.3,16.0,16.0,59,3,3,100.0,0,0,1,0,2,2020-11-15,1:00PM,Ford Field,Detroit,MI,42.34,-83.0456,Indoor,Turf,600.0,2002.0,11.5,1.7,165.96,78.0,992.9
2020,10,5,Daniel Carlson,las_vegas_raiders,15.0,32.8,15.0,15.0,52,3,3,100.0,0,2,0,0,1,2020-11-15,4:05PM,Allegiant Stadium,Las Vegas,NV,36.0908,-115.183,Indoor,Turf,2001.0,2020.0,17.9,0.0,9.0,15.0,1021.9
2020,10,6,Chris Boswell,pittsburgh_steelers,14.0,31.9,14.0,14.0,45,3,3,100.0,0,0,1,2,0,2020-11-15,4:25PM,Acrisure Stadium,Pittsburgh,PA,40.4468,-80.0158,Outdoor,Grass,730.0,2001.0,11.7,1.8,141.84,83.0,1003.8
2020,10,7,Jason Myers,seattle_seahawks,12.0,30.5,12.0,12.0,61,3,3,100.0,0,0,2,0,1,2020-11-15,4:25PM,SoFi Stadium,Inglewood,CA,33.9535,-118.3392,Outdoor,Turf,100.0,2020.0,20.2,0.0,63.72,36.0,1016.9
2020,10,8,Rodrigo Blankenship,indianapolis_colts,11.0,29.2,11.0,11.0,43,2,2,100.0,0,1,0,1,0,2020-11-12,8:20PM,Nissan Stadium,Nashville,TN,36.1665,-86.7713,Outdoor,Grass,476.0,1999.0,8.8,0.0,37.8,76.0,1017.4
2020,10,9,Wil Lutz,new_orleans_saints,10.0,28.5,10.0,10.0,49,2,2,100.0,0,1,0,1,0,2020-11-15,4:25PM,Caesars Superdome,New Orleans,LA,29.9509,-90.0815,Indoor,Turf,3.0,1975.0,22.9,0.0,78.12,54.0,1018.3
2020,10,10,Chase Mclaughlin,jacksonville_jaguars,10.0,28.4,10.0,10.0,52,2,2,100.0,0,0,1,0,1,2020-11-15,1:00PM,Lambeau Field,Green Bay,WI,44.5013,-88.0622,Outdoor,Grass,640.0,1957.0,3.5,0.0,124.92000000000002,78.0,993.2
2020,10,11,Chase Mclaughlin,minnesota_vikings,10.0,28.4,10.0,10.0,52,2,2,100.0,0,0,1,0,1,2020-11-16,8:15PM,Soldier Field,Chicago,IL,41.8623,-87.6167,Outdoor,Grass,595.0,1924.0,6.0,0.0,97.56,66.0,1016.2
2020,10,12,Chase Mclaughlin,new_york_jets,10.0,28.4,10.0,10.0,52,2,2,100.0,0,0,1,0,1,,,,,,,,,,,,,,,,
2020,10,13,Graham Gano,new_york_giants,10.0,28.4,10.0,10.0,44,2,2,100.0,0,0,1,1,0,2020-11-15,1:00PM,MetLife Stadium,East Rutherford,NJ,40.8136,-74.0744,Outdoor,Turf,3.0,2010.0,13.5,0.0,108.72,59.0,1018.0
2020,10,14,Jason Sanders,miami_dolphins,14.0,27.1,14.0,14.0,50,3,4,75.0,0,0,1,1,1,2020-11-15,4:05PM,Hard Rock Stadium,Miami Gardens,FL,25.958,-80.238,Outdoor,Grass,7.0,1987.0,28.0,0.0,39.6,67.0,1016.6
2020,10,15,Cairo Santos,chicago_bears,8.0,27.1,8.0,8.0,42,2,2,100.0,0,1,0,1,0,2020-11-16,8:15PM,Soldier Field,Chicago,IL,41.8623,-87.6167,Outdoor,Grass,595.0,1924.0,6.0,0.0,97.56,66.0,1016.2
2020,10,16,Dan Bailey,minnesota_vikings,8.0,27.0,8.0,8.0,43,2,2,100.0,0,0,1,1,0,2020-11-16,8:15PM,Soldier Field,Chicago,IL,41.8623,-87.6167,Outdoor,Grass,595.0,1924.0,6.0,0.0,97.56,66.0,1016.2
2020,10,17,Brandon Mcmanus,denver_broncos,8.0,27.0,8.0,8.0,50,2,2,100.0,0,0,1,0,1,2020-11-15,4:05PM,Allegiant Stadium,Las Vegas,NV,36.0908,-115.183,Indoor,Turf,2001.0,2020.0,17.9,0.0,9.0,15.0,1021.9
2020,10,18,Robbie Gould,san_francisco_49ers,8.0,27.0,8.0,8.0,40,2,2,100.0,0,0,1,1,0,2020-11-15,4:25PM,Caesars Superdome,New Orleans,LA,29.9509,-90.0815,Indoor,Turf,3.0,1975.0,22.9,0.0,78.12,54.0,1018.3
2020,10,19,Joey Slye,carolina_panthers,6.0,24.9,6.0,6.0,46,1,1,100.0,0,0,0,1,0,2020-11-15,1:00PM,Bank of America Stadium,Charlotte,NC,35.2258,-80.8528,Outdoor,Grass,748.0,1996.0,21.1,0.0,81.72,75.0,1016.1
2020,10,20,Mason Crosby,green_bay_packers,6.0,24.9,6.0,6.0,39,1,1,100.0,0,0,1,0,0,2020-11-15,1:00PM,Lambeau Field,Green Bay,WI,44.5013,-88.0622,Outdoor,Grass,640.0,1957.0,3.5,0.0,124.92000000000002,78.0,993.2
2020,10,21,Nick Folk,new_england_patriots,5.0,24.3,5.0,5.0,20,1,1,100.0,0,1,0,0,0,2020-11-15,8:20PM,Gillette Stadium,Foxborough,MA,42.0909,-71.2643,Outdoor,Turf,289.0,2002.0,10.2,0.0,87.48,77.0,1011.8
2020,10,22,Justin Tucker,baltimore_ravens,5.0,24.3,5.0,5.0,24,1,1,100.0,0,1,0,0,0,2020-11-15,8:20PM,Gillette Stadium,Foxborough,MA,42.0909,-71.2643,Outdoor,Turf,289.0,2002.0,10.2,0.0,87.48,77.0,1011.8
2020,10,23,Kai Forbath,carolina_panthers,5.0,24.3,5.0,5.0,23,1,1,100.0,0,1,0,0,0,2020-11-15,1:00PM,Bank of America Stadium,Charlotte,NC,35.2258,-80.8528,Outdoor,Grass,748.0,1996.0,21.1,0.0,81.72,75.0,1016.1
2020,10,24,Kai Forbath,chicago_bears,5.0,24.3,5.0,5.0,23,1,1,100.0,0,1,0,0,0,2020-11-16,8:15PM,Soldier Field,Chicago,IL,41.8623,-87.6167,Outdoor,Grass,595.0,1924.0,6.0,0.0,97.56,66.0,1016.2
2020,10,25,Kai Forbath,los_angeles_rams,5.0,24.3,5.0,5.0,23,1,1,100.0,0,1,0,0,0,2020-11-15,4:25PM,SoFi Stadium,Inglewood,CA,33.9535,-118.3392,Outdoor,Turf,100.0,2020.0,20.2,0.0,63.72,36.0,1016.9
2020,10,26,Cody Parkey,cleveland_browns,5.0,24.2,5.0,5.0,41,1,1,100.0,0,0,0,1,0,2020-11-15,1:00PM,FirstEnergy Stadium,Cleveland,OH,41.5061,-81.6995,Outdoor,Grass,577.0,1999.0,12.7,0.1,144.72000000000003,79.0,996.8
2020,10,27,Randy Bullock,cincinnati_bengals,4.0,23.5,4.0,4.0,37,1,1,100.0,0,0,1,0,0,2020-11-15,4:25PM,Acrisure Stadium,Pittsburgh,PA,40.4468,-80.0158,Outdoor,Grass,730.0,2001.0,11.7,1.8,141.84,83.0,1003.8
2020,10,28,Jake Elliott,philadelphia_eagles,4.0,23.5,4.0,4.0,40,1,1,100.0,0,0,0,1,0,2020-11-15,1:00PM,MetLife Stadium,East Rutherford,NJ,40.8136,-74.0744,Outdoor,Turf,3.0,2010.0,13.5,0.0,108.72,59.0,1018.0
2020,10,29,Dustin Hopkins,unknown,10.0,21.94,10.0,10.0,41,2,3,66.7,0,0,1,1,0,,,,,,,,,,,,,,,,
2020,10,30,Stephen Gostkowski,tennessee_titans,7.0,15.8,7.0,7.0,50,1,2,50.0,0,0,0,0,1,2020-11-12,8:20PM,Nissan Stadium,Nashville,TN,36.1665,-86.7713,Outdoor,Grass,476.0,1999.0,8.8,0.0,37.8,76.0,1017.4
2020,10,31,Michael Badgley,unknown,3.0,2.1,3.0,3.0,0,0,0,0.0,0,0,0,0,0,,,,,,,,,,,,,,,,
2020,10,32,Ka'Imi Fairbairn,houston_texans,1.0,0.9,1.0,1.0,0,0,1,0.0,0,0,0,0,0,2020-11-15,1:00PM,FirstEnergy Stadium,Cleveland,OH,41.5061,-81.6995,Outdoor,Grass,577.0,1999.0,12.7,0.1,144.72000000000003,79.0,996.8
2020,10,33,Ty Long,los_angeles_chargers,0.0,0.0,0.0,0.0,0,0,0,0.0,0,0,0,0,0,2020-11-15,4:05PM,Hard Rock Stadium,Miami Gardens,FL,25.958,-80.238,Outdoor,Grass,7.0,1987.0,28.0,0.0,39.6,67.0,1016.6
2020,11,1,Younghoe Koo,atlanta_falcons,13.0,31.3,13.0,13.0,52,3,3,100.0,0,1,0,0,2,2020-11-22,1:00PM,Caesars Superdome,New Orleans,LA,29.9509,-90.0815,Indoor,Turf,3.0,1975.0,22.2,0.0,35.28,63.0,1021.6
2020,11,2,Stephen Gostkowski,tennessee_titans,12.0,30.6,12.0,12.0,40,3,3,100.0,0,1,0,2,0,2020-11-22,1:00PM,M&T Bank Stadium,Baltimore,MD,39.2779,-76.6227,Outdoor,Grass,10.0,1998.0,10.2,0.0,41.04,67.0,1027.7
2020,11,3,Rodrigo Blankenship,indianapolis_colts,15.0,29.5,15.0,15.0,43,4,5,80.0,0,0,3,1,0,2020-11-22,4:25PM,Lucas Oil Stadium,Indianapolis,IN,39.7601,-86.1639,Indoor,Turf,700.0,2008.0,4.5,0.0,70.56,84.0,1020.0
2020,11,4,Justin Tucker,baltimore_ravens,10.0,29.3,10.0,10.0,30,3,3,100.0,0,2,1,0,0,2020-11-22,1:00PM,M&T Bank Stadium,Baltimore,MD,39.2779,-76.6227,Outdoor,Grass,10.0,1998.0,10.2,0.0,41.04,67.0,1027.7
2020,11,5,Michael Badgley,unknown,11.0,29.2,11.0,11.0,44,2,2,100.0,0,1,0,1,0,,,,,,,,,,,,,,,,
2020,11,6,Joey Slye,carolina_panthers,10.0,28.4,10.0,10.0,56,2,2,100.0,0,0,1,0,1,2020-11-22,1:00PM,Bank of America Stadium,Charlotte,NC,35.2258,-80.8528,Outdoor,Grass,748.0,1996.0,15.2,0.0,16.92,78.0,1024.1
2020,11,7,Ka'Imi Fairbairn,houston_texans,10.0,28.4,10.0,10.0,46,2,2,100.0,0,0,1,1,0,2020-11-22,1:00PM,NRG Stadium,Houston,TX,29.6847,-95.4107,Indoor,Turf,50.0,2002.0,24.6,0.0,11.52,56.0,1022.1
2020,11,8,Jason Sanders,miami_dolphins,10.0,28.4,10.0,10.0,53,2,2,100.0,0,0,0,1,1,2020-11-22,4:05PM,Empower Field at Mile High,Denver,CO,39.7439,-105.0201,Outdoor,Turf,5280.0,2001.0,6.4,0.0,61.56000000000001,25.0,1022.8
2020,11,9,Jason Myers,seattle_seahawks,9.0,27.8,9.0,9.0,41,2,2,100.0,0,1,0,1,0,2020-11-19,8:20PM,Lumen Field,Seattle,WA,47.5952,-122.3316,Outdoor,Turf,20.0,2002.0,7.3,0.2,63.72,88.0,1027.8
2020,11,10,Brandon Mcmanus,denver_broncos,9.0,27.8,9.0,9.0,47,2,2,100.0,0,1,0,1,0,2020-11-22,4:05PM,Empower Field at Mile High,Denver,CO,39.7439,-105.0201,Outdoor,Turf,5280.0,2001.0,6.4,0.0,61.56000000000001,25.0,1022.8
2020,11,11,Nick Folk,new_england_patriots,9.0,27.7,9.0,9.0,45,2,2,100.0,0,0,1,1,0,2020-11-22,1:00PM,NRG Stadium,Houston,TX,29.6847,-95.4107,Indoor,Turf,50.0,2002.0,24.6,0.0,11.52,56.0,1022.1
2020,11,12,Mason Crosby,green_bay_packers,7.0,25.7,7.0,7.0,26,1,1,100.0,0,1,0,0,0,2020-11-22,4:25PM,Lucas Oil Stadium,Indianapolis,IN,39.7601,-86.1639,Indoor,Turf,700.0,2008.0,4.5,0.0,70.56,84.0,1020.0
2020,11,13,Daniel Carlson,las_vegas_raiders,7.0,25.6,7.0,7.0,35,1,1,100.0,0,0,1,0,0,2020-11-22,8:20PM,Allegiant Stadium,Las Vegas,NV,36.0908,-115.183,Indoor,Turf,2001.0,2020.0,13.2,0.0,28.44,32.0,1011.4
2020,11,14,Ryan Succop,tampa_bay_buccaneers,6.0,24.9,6.0,6.0,38,1,1,100.0,0,0,1,0,0,2020-11-23,8:15PM,Raymond James Stadium,Tampa,FL,27.9759,-82.5033,Outdoor,Grass,26.0,1998.0,19.1,0.0,24.12,79.0,1019.7
2020,11,15,Jake Elliott,philadelphia_eagles,6.0,24.9,6.0,6.0,43,1,1,100.0,0,0,0,1,0,2020-11-22,1:00PM,FirstEnergy Stadium,Cleveland,OH,41.5061,-81.6995,Outdoor,Grass,577.0,1999.0,4.8,1.4,47.52,90.0,1020.2
2020,11,16,Greg Zuerlein,dallas_cowboys,5.0,24.2,5.0,5.0,19,1,1,100.0,1,0,0,0,0,2020-11-22,4:25PM,U.S. Bank Stadium,Minneapolis,MN,44.974,-93.2581,Indoor,Turf,840.0,2016.0,4.9,0.0,54.36,75.0,1021.1
2020,11,17,Chase Mclaughlin,jacksonville_jaguars,4.0,23.5,4.0,4.0,41,1,1,100.0,0,0,0,1,0,2020-11-22,1:00PM,TIAA Bank Field,Jacksonville,FL,30.3239,-81.6373,Outdoor,Grass,16.0,1995.0,22.1,0.3,54.0,85.0,1021.1
2020,11,18,Chase Mclaughlin,minnesota_vikings,4.0,23.5,4.0,4.0,41,1,1,100.0,0,0,0,1,0,2020-11-22,4:25PM,U.S. Bank Stadium,Minneapolis,MN,44.974,-93.2581,Indoor,Turf,840.0,2016.0,4.9,0.0,54.36,75.0,1021.1
2020,11,19,Chase Mclaughlin,new_york_jets,4.0,23.5,4.0,4.0,41,1,1,100.0,0,0,0,1,0,2020-11-22,4:05PM,SoFi Stadium,Inglewood,CA,33.9535,-118.3392,Outdoor,Turf,100.0,2020.0,17.3,0.0,56.88,79.0,1012.0
2020,11,20,Chris Boswell,pittsburgh_steelers,11.0,22.64,11.0,11.0,47,2,3,66.7,0,0,0,2,0,2020-11-22,1:00PM,TIAA Bank Field,Jacksonville,FL,30.3239,-81.6373,Outdoor,Grass,16.0,1995.0,22.1,0.3,54.0,85.0,1021.1
2020,11,21,Dustin Hopkins,unknown,10.0,21.94,10.0,10.0,50,2,3,66.7,0,0,1,0,1,,,,,,,,,,,,,,,,
2020,11,22,Matt Gay,indianapolis_colts,10.0,21.94,10.0,10.0,40,2,3,66.7,0,0,1,1,0,2020-11-22,4:25PM,Lucas Oil Stadium,Indianapolis,IN,39.7601,-86.1639,Indoor,Turf,700.0,2008.0,4.5,0.0,70.56,84.0,1020.0
2020,11,23,Matt Gay,los_angeles_rams,10.0,21.94,10.0,10.0,40,2,3,66.7,0,0,1,1,0,2020-11-23,8:15PM,Raymond James Stadium,Tampa,FL,27.9759,-82.5033,Outdoor,Grass,26.0,1998.0,19.1,0.0,24.12,79.0,1019.7
2020,11,24,Cody Parkey,cleveland_browns,9.0,21.34,9.0,9.0,46,2,3,66.7,0,1,0,1,0,2020-11-22,1:00PM,FirstEnergy Stadium,Cleveland,OH,41.5061,-81.6995,Outdoor,Grass,577.0,1999.0,4.8,1.4,47.52,90.0,1020.2
2020,11,25,Wil Lutz,new_orleans_saints,6.0,15.2,6.0,6.0,22,1,2,50.0,0,1,0,0,0,2020-11-22,1:00PM,Caesars Superdome,New Orleans,LA,29.9509,-90.0815,Indoor,Turf,3.0,1975.0,22.2,0.0,35.28,63.0,1021.6
2020,11,26,Randy Bullock,cincinnati_bengals,5.0,11.26,5.0,5.0,53,1,3,33.3,0,0,0,0,1,2020-11-22,1:00PM,FedExField,Landover,MD,38.9078,-76.8645,Outdoor,Grass,300.0,1997.0,11.7,0.0,35.64,68.0,1027.0
2020,11,27,Harrison Butker,kansas_city_chiefs,5.0,3.5,5.0,5.0,0,0,0,0.0,0,0,0,0,0,2020-11-22,8:20PM,Allegiant Stadium,Las Vegas,NV,36.0908,-115.183,Indoor,Turf,2001.0,2020.0,13.2,0.0,28.44,32.0,1011.4
2020,11,28,Dan Bailey,minnesota_vikings,4.0,2.8,4.0,4.0,0,0,0,0.0,0,0,0,0,0,2020-11-22,4:25PM,U.S. Bank Stadium,Minneapolis,MN,44.974,-93.2581,Indoor,Turf,840.0,2016.0,4.9,0.0,54.36,75.0,1021.1
2020,11,29,Zane Gonzalez,arizona_cardinals,3.0,2.1,3.0,3.0,0,0,0,0.0,0,0,0,0,0,2020-11-19,8:20PM,Lumen Field,Seattle,WA,47.5952,-122.3316,Outdoor,Turf,20.0,2002.0,7.3,0.2,63.72,88.0,1027.8
2020,11,30,Sam Ficken,new_york_jets,2.0,1.4,2.0,2.0,0,0,0,0.0,0,0,0,0,0,2020-11-22,4:05PM,SoFi Stadium,Inglewood,CA,33.9535,-118.3392,Outdoor,Turf,100.0,2020.0,17.3,0.0,56.88,79.0,1012.0
2020,11,31,Matt Prater,detroit_lions,0.0,0.2,0.0,0.0,0,0,1,0.0,0,0,0,0,0,2020-11-22,1:00PM,Bank of America Stadium,Charlotte,NC,35.2258,-80.8528,Outdoor,Grass,748.0,1996.0,15.2,0.0,16.92,78.0,1024.1
2020,11,32,Ty Long,los_angeles_chargers,-2.8,-1.96,-2.8,-2.8,0,0,0,0.0,0,0,0,0,0,2020-11-22,4:05PM,SoFi Stadium,Inglewood,CA,33.9535,-118.3392,Outdoor,Turf,100.0,2020.0,17.3,0.0,56.88,79.0,1012.0
2020,12,1,Younghoe Koo,atlanta_falcons,21.0,38.3,21.0,21.0,54,5,5,100.0,0,1,3,0,1,2020-11-29,1:00PM,Mercedes-Benz Stadium,Atlanta,GA,33.755,-84.4008,Indoor,Turf,1050.0,2017.0,14.0,0.0,58.32,79.0,1019.7
2020,12,2,Graham Gano,new_york_giants,15.0,33.3,15.0,15.0,49,4,4,100.0,0,0,2,2,0,2020-11-29,1:00PM,Paycor Stadium,Cincinnati,OH,39.0954,-84.516,Outdoor,Turf,482.0,2000.0,9.9,0.0,32.76,53.0,1018.4
2020,12,3,Jason Myers,seattle_seahawks,12.0,30.5,12.0,12.0,44,3,3,100.0,0,0,2,1,0,2020-11-30,8:15PM,Lincoln Financial Field,Philadelphia,PA,39.9008,-75.1675,Outdoor,Grass,30.0,2003.0,16.1,0.0,57.96000000000001,92.0,995.2
2020,12,4,Jason Sanders,miami_dolphins,12.0,29.8,12.0,12.0,54,2,2,100.0,0,0,0,0,2,2020-11-29,1:00PM,MetLife Stadium,East Rutherford,NJ,40.8136,-74.0744,Outdoor,Turf,3.0,2010.0,10.0,0.0,23.040000000000003,48.0,1020.5
2020,12,5,Dustin Hopkins,unknown,11.0,29.2,11.0,11.0,36,2,2,100.0,0,1,1,0,0,,,,,,,,,,,,,,,,
2020,12,6,Greg Zuerlein,dallas_cowboys,10.0,29.2,10.0,10.0,33,3,3,100.0,0,1,2,0,0,2020-11-26,4:30PM,AT&T Stadium,Arlington,TX,32.7473,-97.0945,Indoor,Turf,639.0,2009.0,22.1,0.0,58.32,51.0,1012.4
2020,12,7,Tyler Bass,buffalo_bills,11.0,29.1,11.0,11.0,45,2,2,100.0,0,0,0,2,0,2020-11-29,1:00PM,Highmark Stadium,Orchard Park,NY,42.7738,-78.7868,Outdoor,Grass,600.0,1973.0,9.1,0.0,65.16000000000001,49.0,1017.4
2020,12,8,Dan Bailey,minnesota_vikings,10.0,28.5,10.0,10.0,53,2,2,100.0,0,1,0,0,1,2020-11-29,1:00PM,U.S. Bank Stadium,Minneapolis,MN,44.974,-93.2581,Indoor,Turf,840.0,2016.0,1.8,0.0,93.24,48.0,1023.0
2020,12,9,Ka'Imi Fairbairn,houston_texans,10.0,28.5,10.0,10.0,42,2,2,100.0,0,1,0,1,0,2020-11-26,12:30PM,Ford Field,Detroit,MI,42.34,-83.0456,Indoor,Turf,600.0,2002.0,8.8,0.0,77.76,80.0,1015.3
2020,12,10,Cody Parkey,cleveland_browns,10.0,28.5,10.0,10.0,45,2,2,100.0,0,1,0,1,0,2020-11-29,1:00PM,TIAA Bank Field,Jacksonville,FL,30.3239,-81.6373,Outdoor,Grass,16.0,1995.0,21.2,0.0,14.76,84.0,1017.4
2020,12,11,Nick Folk,new_england_patriots,10.0,28.5,10.0,10.0,50,2,2,100.0,0,1,0,0,1,2020-11-29,1:00PM,Gillette Stadium,Foxborough,MA,42.0909,-71.2643,Outdoor,Turf,289.0,2002.0,9.8,0.0,33.84,48.0,1019.4
2020,12,12,Matt Gay,indianapolis_colts,10.0,28.4,10.0,10.0,48,2,2,100.0,0,0,0,2,0,2020-11-29,1:00PM,Lucas Oil Stadium,Indianapolis,IN,39.7601,-86.1639,Indoor,Turf,700.0,2008.0,8.2,0.0,37.080000000000005,55.0,1018.4
2020,12,13,Matt Gay,los_angeles_rams,10.0,28.4,10.0,10.0,48,2,2,100.0,0,0,0,2,0,2020-11-29,4:05PM,SoFi Stadium,Inglewood,CA,33.9535,-118.3392,Outdoor,Turf,100.0,2020.0,17.6,0.0,56.88,28.0,1018.4
2020,12,14,Harrison Butker,kansas_city_chiefs,9.0,27.8,9.0,9.0,29,2,2,100.0,1,1,0,0,0,2020-11-29,4:25PM,Raymond James Stadium,Tampa,FL,27.9759,-82.5033,Outdoor,Grass,26.0,1998.0,25.5,0.0,42.48,59.0,1014.8
2020,12,15,Stephen Gostkowski,tennessee_titans,10.0,27.7,10.0,10.0,49,1,1,100.0,0,0,0,1,0,2020-11-29,1:00PM,Lucas Oil Stadium,Indianapolis,IN,39.7601,-86.1639,Indoor,Turf,700.0,2008.0,8.2,0.0,37.080000000000005,55.0,1018.4
2020,12,16,Robbie Gould,san_francisco_49ers,14.0,27.1,14.0,14.0,46,3,4,75.0,0,0,0,3,0,2020-11-29,4:05PM,SoFi Stadium,Inglewood,CA,33.9535,-118.3392,Outdoor,Turf,100.0,2020.0,17.6,0.0,56.88,28.0,1018.4
2020,12,17,Chris Boswell,pittsburgh_steelers,7.0,26.5,7.0,7.0,27,2,2,100.0,0,2,0,0,0,2020-12-02,3:40PM,Acrisure Stadium,Pittsburgh,PA,40.4468,-80.0158,Outdoor,Grass,730.0,2001.0,4.1,0.0,55.8,53.0,1023.3
2020,12,18,Wil Lutz,new_orleans_saints,8.0,26.3,8.0,8.0,40,1,1,100.0,0,0,0,1,0,2020-11-29,4:05PM,Empower Field at Mile High,Denver,CO,39.7439,-105.0201,Outdoor,Turf,5280.0,2001.0,2.8,0.0,11.88,38.0,1033.0
2020,12,19,Daniel Carlson,las_vegas_raiders,6.0,25.8,6.0,6.0,29,2,2,100.0,0,2,0,0,0,2020-11-29,1:00PM,Mercedes-Benz Stadium,Atlanta,GA,33.755,-84.4008,Indoor,Turf,1050.0,2017.0,14.0,0.0,58.32,79.0,1019.7
2020,12,20,Ryan Succop,tampa_bay_buccaneers,6.0,25.0,6.0,6.0,26,1,1,100.0,0,1,0,0,0,2020-11-29,4:25PM,Raymond James Stadium,Tampa,FL,27.9759,-82.5033,Outdoor,Grass,26.0,1998.0,25.5,0.0,42.48,59.0,1014.8
2020,12,21,Randy Bullock,cincinnati_bengals,6.0,24.9,6.0,6.0,44,1,1,100.0,0,0,0,1,0,2020-11-29,1:00PM,Paycor Stadium,Cincinnati,OH,39.0954,-84.516,Outdoor,Turf,482.0,2000.0,9.9,0.0,32.76,53.0,1018.4
2020,12,22,Cairo Santos,chicago_bears,5.0,24.3,5.0,5.0,27,1,1,100.0,0,1,0,0,0,2020-11-29,8:20PM,Lambeau Field,Green Bay,WI,44.5013,-88.0622,Outdoor,Grass,640.0,1957.0,1.8,0.0,76.32,60.0,1016.9
2020,12,23,Matt Prater,detroit_lions,5.0,24.3,5.0,5.0,29,1,1,100.0,0,1,0,0,0,2020-11-26,12:30PM,Ford Field,Detroit,MI,42.34,-83.0456,Indoor,Turf,600.0,2002.0,8.8,0.0,77.76,80.0,1015.3
2020,12,24,Brandon Mcmanus,denver_broncos,5.0,24.2,5.0,5.0,58,1,1,100.0,0,0,0,0,1,2020-11-29,4:05PM,Empower Field at Mile High,Denver,CO,39.7439,-105.0201,Outdoor,Turf,5280.0,2001.0,2.8,0.0,11.88,38.0,1033.0
2020,12,25,Jake Elliott,philadelphia_eagles,4.0,23.5,4.0,4.0,42,1,1,100.0,0,0,0,1,0,2020-11-30,8:15PM,Lincoln Financial Field,Philadelphia,PA,39.9008,-75.1675,Outdoor,Grass,30.0,2003.0,16.1,0.0,57.96000000000001,92.0,995.2
2020,12,26,Michael Badgley,unknown,3.0,22.9,3.0,3.0,27,1,1,100.0,0,1,0,0,0,,,,,,,,,,,,,,,,
2020,12,27,Aldrick Rosas,jacksonville_jaguars,9.0,21.34,9.0,9.0,54,2,3,66.7,0,1,0,0,1,2020-11-29,1:00PM,TIAA Bank Field,Jacksonville,FL,30.3239,-81.6373,Outdoor,Grass,16.0,1995.0,21.2,0.0,14.76,84.0,1017.4
2020,12,28,Joey Slye,carolina_panthers,10.0,18.9,10.0,10.0,40,2,4,50.0,0,1,0,1,0,2020-11-29,1:00PM,U.S. Bank Stadium,Minneapolis,MN,44.974,-93.2581,Indoor,Turf,840.0,2016.0,1.8,0.0,93.24,48.0,1023.0
2020,12,29,Zane Gonzalez,arizona_cardinals,6.0,15.1,6.0,6.0,47,1,2,50.0,0,0,0,1,0,2020-11-29,1:00PM,Gillette Stadium,Foxborough,MA,42.0909,-71.2643,Outdoor,Turf,289.0,2002.0,9.8,0.0,33.84,48.0,1019.4
2020,12,30,Sergio Castillo,new_york_jets,3.0,13.0,3.0,3.0,38,1,2,50.0,0,0,1,0,0,2020-11-29,1:00PM,MetLife Stadium,East Rutherford,NJ,40.8136,-74.0744,Outdoor,Turf,3.0,2010.0,10.0,0.0,23.040000000000003,48.0,1020.5
2020,12,31,Mason Crosby,green_bay_packers,5.0,3.5,5.0,5.0,0,0,0,0.0,0,0,0,0,0,2020-11-29,8:20PM,Lambeau Field,Green Bay,WI,44.5013,-88.0622,Outdoor,Grass,640.0,1957.0,1.8,0.0,76.32,60.0,1016.9
2020,12,32,Rodrigo Blankenship,indianapolis_colts,2.0,1.4,2.0,2.0,0,0,0,0.0,0,0,0,0,0,2020-11-29,1:00PM,Lucas Oil Stadium,Indianapolis,IN,39.7601,-86.1639,Indoor,Turf,700.0,2008.0,8.2,0.0,37.080000000000005,55.0,1018.4
2020,12,33,Justin Tucker,baltimore_ravens,2.0,1.4,2.0,2.0,0,0,0,0.0,0,0,0,0,0,2020-12-02,3:40PM,Acrisure Stadium,Pittsburgh,PA,40.4468,-80.0158,Outdoor,Grass,730.0,2001.0,4.1,0.0,55.8,53.0,1023.3
2020,12,34,Ty Long,los_angeles_chargers,0.0,0.0,0.0,0.0,0,0,0,0.0,0,0,0,0,0,2020-11-29,1:00PM,Highmark Stadium,Orchard Park,NY,42.7738,-78.7868,Outdoor,Grass,600.0,1973.0,9.1,0.0,65.16000000000001,49.0,1017.4
2020,13,1,Harrison Butker,kansas_city_chiefs,17.0,35.6,17.0,17.0,48,5,5,100.0,0,2,2,1,0,2020-12-06,8:20PM,GEHA Field at Arrowhead Stadium,Kansas City,MO,39.049,-94.4839,Outdoor,Grass,1020.0,1972.0,3.9,0.0,38.16,81.0,1021.4
2020,13,2,Jason Sanders,miami_dolphins,14.0,32.8,14.0,14.0,48,4,4,100.0,1,2,0,1,0,2020-12-06,1:00PM,Hard Rock Stadium,Miami Gardens,FL,25.958,-80.238,Outdoor,Grass,7.0,1987.0,27.3,0.0,23.040000000000003,64.0,1014.9
2020,13,3,Dustin Hopkins,unknown,14.0,31.9,14.0,14.0,49,3,3,100.0,0,0,0,3,0,,,,,,,,,,,,,,,,
2020,13,4,Younghoe Koo,atlanta_falcons,12.0,30.6,12.0,12.0,53,3,3,100.0,0,1,1,0,1,2020-12-06,1:00PM,Mercedes-Benz Stadium,Atlanta,GA,33.755,-84.4008,Indoor,Turf,1050.0,2017.0,11.7,0.0,20.16,60.0,1016.2
2020,13,5,Cody Parkey,cleveland_browns,12.0,29.9,12.0,12.0,43,2,2,100.0,0,1,0,1,0,2020-12-06,1:00PM,Nissan Stadium,Nashville,TN,36.1665,-86.7713,Outdoor,Grass,476.0,1999.0,11.8,0.0,14.4,68.0,1014.0
2020,13,6,Tyler Bass,buffalo_bills,10.0,28.5,10.0,10.0,37,2,2,100.0,0,1,1,0,0,2020-12-07,8:15PM,Levi's Stadium,Santa Clara,CA,37.403,-121.9692,Outdoor,Grass,13.0,2014.0,15.6,0.0,12.24,36.0,1022.3
2020,13,7,Nick Folk,new_england_patriots,9.0,27.0,9.0,9.0,32,1,1,100.0,0,0,1,0,0,2020-12-06,4:25PM,SoFi Stadium,Inglewood,CA,33.9535,-118.3392,Outdoor,Turf,100.0,2020.0,16.7,0.0,58.68000000000001,36.0,1020.0
2020,13,8,Daniel Carlson,las_vegas_raiders,8.0,26.3,8.0,8.0,48,1,1,100.0,0,0,0,1,0,2020-12-06,1:00PM,MetLife Stadium,East Rutherford,NJ,40.8136,-74.0744,Outdoor,Turf,3.0,2010.0,3.8,0.0,106.2,47.0,1009.2
2020,13,9,Robbie Gould,san_francisco_49ers,7.0,25.6,7.0,7.0,45,1,1,100.0,0,0,0,1,0,2020-12-07,8:15PM,Levi's Stadium,Santa Clara,CA,37.403,-121.9692,Outdoor,Grass,13.0,2014.0,15.6,0.0,12.24,36.0,1022.3
2020,13,10,Rodrigo Blankenship,indianapolis_colts,7.0,25.6,7.0,7.0,42,1,1,100.0,0,0,0,1,0,2020-12-06,1:00PM,NRG Stadium,Houston,TX,29.6847,-95.4107,Indoor,Turf,50.0,2002.0,14.8,0.0,43.2,60.0,1019.4
2020,13,11,Mason Crosby,green_bay_packers,7.0,25.6,7.0,7.0,40,1,1,100.0,0,0,0,1,0,2020-12-06,4:25PM,Lambeau Field,Green Bay,WI,44.5013,-88.0622,Outdoor,Grass,640.0,1957.0,1.6,0.0,40.68000000000001,59.0,1017.5
2020,13,12,Cairo Santos,chicago_bears,7.0,25.6,7.0,7.0,45,1,1,100.0,0,0,0,1,0,2020-12-06,1:00PM,Soldier Field,Chicago,IL,41.8623,-87.6167,Outdoor,Grass,595.0,1924.0,2.0,0.0,25.92,74.0,1019.4
2020,13,13,Jake Elliott,philadelphia_eagles,6.0,24.9,6.0,6.0,52,1,1,100.0,0,0,0,0,1,2020-12-06,4:25PM,Lambeau Field,Green Bay,WI,44.5013,-88.0622,Outdoor,Grass,640.0,1957.0,1.6,0.0,40.68000000000001,59.0,1017.5
2020,13,14,Matthew Wright,pittsburgh_steelers,5.0,24.2,5.0,5.0,37,1,1,100.0,0,0,1,0,0,2020-12-07,5:00PM,Acrisure Stadium,Pittsburgh,PA,40.4468,-80.0158,Outdoor,Grass,730.0,2001.0,0.4,0.0,54.72,54.0,1013.0
2020,13,15,Graham Gano,new_york_giants,4.0,23.5,4.0,4.0,48,1,1,100.0,0,0,0,1,0,2020-12-06,4:05PM,Lumen Field,Seattle,WA,47.5952,-122.3316,Outdoor,Turf,20.0,2002.0,11.4,0.0,47.52,80.0,1031.8
2020,13,16,Jason Myers,seattle_seahawks,4.0,23.5,4.0,4.0,31,1,1,100.0,0,0,1,0,0,2020-12-06,4:05PM,Lumen Field,Seattle,WA,47.5952,-122.3316,Outdoor,Turf,20.0,2002.0,11.4,0.0,47.52,80.0,1031.8
2020,13,17,Justin Tucker,baltimore_ravens,10.0,22.04,10.0,10.0,35,2,3,66.7,0,1,1,0,0,2020-12-08,8:05PM,M&T Bank Stadium,Baltimore,MD,39.2779,-76.6227,Outdoor,Grass,10.0,1998.0,2.5,0.0,66.60000000000001,58.0,1014.0
2020,13,18,Ka'Imi Fairbairn,houston_texans,10.0,21.94,10.0,10.0,52,2,3,66.7,0,0,1,0,1,2020-12-06,1:00PM,NRG Stadium,Houston,TX,29.6847,-95.4107,Indoor,Turf,50.0,2002.0,14.8,0.0,43.2,60.0,1019.4
2020,13,19,Dan Bailey,minnesota_vikings,8.0,20.64,8.0,8.0,48,2,3,66.7,0,1,0,1,0,2020-12-06,1:00PM,U.S. Bank Stadium,Minneapolis,MN,44.974,-93.2581,Indoor,Turf,840.0,2016.0,2.9,0.0,25.92,67.0,1021.1
2020,13,20,Matt Gay,indianapolis_colts,8.0,16.5,8.0,8.0,39,1,2,50.0,0,0,1,0,0,2020-12-06,1:00PM,NRG Stadium,Houston,TX,29.6847,-95.4107,Indoor,Turf,50.0,2002.0,14.8,0.0,43.2,60.0,1019.4
2020,13,21,Matt Gay,los_angeles_rams,8.0,16.5,8.0,8.0,39,1,2,50.0,0,0,1,0,0,2020-12-06,4:05PM,State Farm Stadium,Glendale,AZ,33.5275,-112.2625,Indoor,Turf,1070.0,2006.0,21.4,0.0,18.72,12.0,1019.8
2020,13,22,Brandon Mcmanus,denver_broncos,6.0,15.1,6.0,6.0,53,1,2,50.0,0,0,0,0,1,2020-12-06,8:20PM,GEHA Field at Arrowhead Stadium,Kansas City,MO,39.049,-94.4839,Outdoor,Grass,1020.0,1972.0,3.9,0.0,38.16,81.0,1021.4
2020,13,23,Chase Mclaughlin,jacksonville_jaguars,4.0,13.8,4.0,4.0,22,1,2,50.0,0,1,0,0,0,2020-12-06,1:00PM,U.S. Bank Stadium,Minneapolis,MN,44.974,-93.2581,Indoor,Turf,840.0,2016.0,2.9,0.0,25.92,67.0,1021.1
2020,13,24,Chase Mclaughlin,minnesota_vikings,4.0,13.8,4.0,4.0,22,1,2,50.0,0,1,0,0,0,2020-12-06,1:00PM,U.S. Bank Stadium,Minneapolis,MN,44.974,-93.2581,Indoor,Turf,840.0,2016.0,2.9,0.0,25.92,67.0,1021.1
2020,13,25,Chase Mclaughlin,new_york_jets,4.0,13.8,4.0,4.0,22,1,2,50.0,0,1,0,0,0,2020-12-06,1:00PM,MetLife Stadium,East Rutherford,NJ,40.8136,-74.0744,Outdoor,Turf,3.0,2010.0,3.8,0.0,106.2,47.0,1009.2
2020,13,26,Greg Zuerlein,dallas_cowboys,5.0,9.8,5.0,5.0,31,1,4,25.0,0,0,1,0,0,2020-12-08,8:05PM,M&T Bank Stadium,Baltimore,MD,39.2779,-76.6227,Outdoor,Grass,10.0,1998.0,2.5,0.0,66.60000000000001,58.0,1014.0
2020,13,27,Zane Gonzalez,arizona_cardinals,4.0,3.0,4.0,4.0,0,0,1,0.0,0,0,0,0,0,2020-12-06,4:05PM,State Farm Stadium,Glendale,AZ,33.5275,-112.2625,Indoor,Turf,1070.0,2006.0,21.4,0.0,18.72,12.0,1019.8
2020,13,28,Matt Prater,detroit_lions,4.0,2.8,4.0,4.0,0,0,0,0.0,0,0,0,0,0,2020-12-06,1:00PM,Soldier Field,Chicago,IL,41.8623,-87.6167,Outdoor,Grass,595.0,1924.0,2.0,0.0,25.92,74.0,1019.4
2020,13,29,Wil Lutz,new_orleans_saints,3.0,2.3,3.0,3.0,0,0,1,0.0,0,0,0,0,0,2020-12-06,1:00PM,Mercedes-Benz Stadium,Atlanta,GA,33.755,-84.4008,Indoor,Turf,1050.0,2017.0,11.7,0.0,20.16,60.0,1016.2
2020,13,30,Stephen Gostkowski,tennessee_titans,3.0,2.1,3.0,3.0,0,0,0,0.0,0,0,0,0,0,2020-12-06,1:00PM,Nissan Stadium,Nashville,TN,36.1665,-86.7713,Outdoor,Grass,476.0,1999.0,11.8,0.0,14.4,68.0,1014.0
2020,13,31,Sergio Castillo,new_york_jets,2.0,1.4,2.0,2.0,0,0,0,0.0,0,0,0,0,0,2020-12-06,1:00PM,MetLife Stadium,East Rutherford,NJ,40.8136,-74.0744,Outdoor,Turf,3.0,2010.0,3.8,0.0,106.2,47.0,1009.2
2020,13,32,Randy Bullock,cincinnati_bengals,1.0,0.9,1.0,1.0,0,0,1,0.0,0,0,0,0,0,2020-12-06,1:00PM,Hard Rock Stadium,Miami Gardens,FL,25.958,-80.238,Outdoor,Grass,7.0,1987.0,27.3,0.0,23.040000000000003,64.0,1014.9
2020,13,33,Michael Badgley,unknown,0.0,0.4,0.0,0.0,0,0,2,0.0,0,0,0,0,0,,,,,,,,,,,,,,,,
2020,13,34,Ty Long,los_angeles_chargers,0.0,0.0,0.0,0.0,0,0,0,0.0,0,0,0,0,0,2020-12-06,4:25PM,SoFi Stadium,Inglewood,CA,33.9535,-118.3392,Outdoor,Turf,100.0,2020.0,16.7,0.0,58.68000000000001,36.0,1020.0
2020,14,1,Mike Nugent,arizona_cardinals,14.0,32.6,14.0,14.0,37,4,4,100.0,0,0,4,0,0,2020-12-13,1:00PM,MetLife Stadium,East Rutherford,NJ,40.8136,-74.0744,Outdoor,Turf,3.0,2010.0,14.6,0.0,57.6,77.0,1013.9
2020,14,2,Rodrigo Blankenship,indianapolis_colts,14.0,32.1,14.0,14.0,35,3,3,100.0,0,2,1,0,0,2020-12-13,4:05PM,Allegiant Stadium,Las Vegas,NV,36.0908,-115.183,Indoor,Turf,2001.0,2020.0,7.0,0.0,15.48,18.0,1025.7
2020,14,3,Greg Zuerlein,dallas_cowboys,14.0,32.0,14.0,14.0,55,3,3,100.0,0,1,1,0,1,2020-12-13,1:00PM,Paycor Stadium,Cincinnati,OH,39.0954,-84.516,Outdoor,Turf,482.0,2000.0,7.2,0.0,2.8800000000000003,65.0,1021.3
2020,14,4,Jason Myers,seattle_seahawks,11.0,29.2,11.0,11.0,41,2,2,100.0,0,1,0,1,0,2020-12-13,4:05PM,Lumen Field,Seattle,WA,47.5952,-122.3316,Outdoor,Turf,20.0,2002.0,6.3,0.0,36.0,90.0,1014.3
2020,14,5,Cairo Santos,chicago_bears,10.0,28.4,10.0,10.0,39,2,2,100.0,0,0,2,0,0,2020-12-13,1:00PM,Soldier Field,Chicago,IL,41.8623,-87.6167,Outdoor,Grass,595.0,1924.0,0.1,0.0,11.88,73.0,1022.0
2020,14,6,Daniel Carlson,las_vegas_raiders,9.0,27.9,9.0,9.0,25,2,2,100.0,0,2,0,0,0,2020-12-13,4:05PM,Allegiant Stadium,Las Vegas,NV,36.0908,-115.183,Indoor,Turf,2001.0,2020.0,7.0,0.0,15.48,18.0,1025.7
2020,14,7,Joey Slye,carolina_panthers,9.0,27.8,9.0,9.0,35,2,2,100.0,0,1,1,0,0,2020-12-13,1:00PM,Bank of America Stadium,Charlotte,NC,35.2258,-80.8528,Outdoor,Grass,748.0,1996.0,16.5,0.0,42.84,80.0,1018.8
2020,14,8,Michael Badgley,unknown,9.0,27.7,9.0,9.0,43,2,2,100.0,0,0,1,1,0,,,,,,,,,,,,,,,,
2020,14,9,Ryan Succop,tampa_bay_buccaneers,9.0,27.7,9.0,9.0,48,2,2,100.0,1,0,0,1,0,2020-12-13,1:00PM,Raymond James Stadium,Tampa,FL,27.9759,-82.5033,Outdoor,Grass,26.0,1998.0,22.9,0.0,15.840000000000002,82.0,1020.4
2020,14,10,Tyler Bass,buffalo_bills,8.0,27.1,8.0,8.0,34,2,2,100.0,0,1,1,0,0,2020-12-13,8:20PM,Highmark Stadium,Orchard Park,NY,42.7738,-78.7868,Outdoor,Grass,600.0,1973.0,2.2,0.0,49.32,74.0,1020.4
2020,14,11,Mason Crosby,green_bay_packers,9.0,27.0,9.0,9.0,57,1,1,100.0,0,0,0,0,1,2020-12-13,4:25PM,Ford Field,Detroit,MI,42.34,-83.0456,Indoor,Turf,600.0,2002.0,2.3,0.0,39.6,67.0,1020.3
2020,14,12,Justin Tucker,baltimore_ravens,9.0,27.0,9.0,9.0,55,1,1,100.0,0,0,0,0,1,2020-12-14,8:15PM,FirstEnergy Stadium,Cleveland,OH,41.5061,-81.6995,Outdoor,Grass,577.0,1999.0,0.9,0.0,94.32,53.0,1024.6
2020,14,13,Stephen Gostkowski,tennessee_titans,9.0,27.0,9.0,9.0,53,1,1,100.0,0,0,0,0,1,2020-12-13,1:00PM,TIAA Bank Field,Jacksonville,FL,30.3239,-81.6373,Outdoor,Grass,16.0,1995.0,20.0,0.0,22.68,86.0,1020.6
2020,14,14,Dustin Hopkins,unknown,13.0,26.5,13.0,13.0,51,3,4,75.0,0,1,1,0,1,,,,,,,,,,,,,,,,
2020,14,15,Harrison Butker,kansas_city_chiefs,8.0,26.3,8.0,8.0,46,1,1,100.0,0,0,0,1,0,2020-12-13,1:00PM,Hard Rock Stadium,Miami Gardens,FL,25.958,-80.238,Outdoor,Grass,7.0,1987.0,26.7,0.0,23.76,62.0,1019.9
2020,14,16,Matt Gay,indianapolis_colts,6.0,24.9,6.0,6.0,35,1,1,100.0,0,0,1,0,0,2020-12-13,4:05PM,Allegiant Stadium,Las Vegas,NV,36.0908,-115.183,Indoor,Turf,2001.0,2020.0,7.0,0.0,15.48,18.0,1025.7
2020,14,17,Matt Gay,los_angeles_rams,6.0,24.9,6.0,6.0,35,1,1,100.0,0,0,1,0,0,2020-12-10,8:20PM,SoFi Stadium,Inglewood,CA,33.9535,-118.3392,Outdoor,Turf,100.0,2020.0,13.9,0.0,5.4,87.0,1018.0
2020,14,18,Younghoe Koo,atlanta_falcons,6.0,24.9,6.0,6.0,45,1,1,100.0,0,0,0,1,0,2020-12-13,4:25PM,SoFi Stadium,Inglewood,CA,33.9535,-118.3392,Outdoor,Turf,100.0,2020.0,16.7,0.0,64.08,47.0,1021.8
2020,14,19,Matt Prater,detroit_lions,6.0,24.9,6.0,6.0,32,1,1,100.0,0,0,1,0,0,2020-12-13,4:25PM,Ford Field,Detroit,MI,42.34,-83.0456,Indoor,Turf,600.0,2002.0,2.3,0.0,39.6,67.0,1020.3
2020,14,20,Nick Folk,new_england_patriots,3.0,22.9,3.0,3.0,29,1,1,100.0,0,1,0,0,0,2020-12-10,8:20PM,SoFi Stadium,Inglewood,CA,33.9535,-118.3392,Outdoor,Turf,100.0,2020.0,13.9,0.0,5.4,87.0,1018.0
2020,14,21,Jason Sanders,miami_dolphins,10.0,21.94,10.0,10.0,44,2,3,66.7,0,0,1,1,0,2020-12-13,1:00PM,Hard Rock Stadium,Miami Gardens,FL,25.958,-80.238,Outdoor,Grass,7.0,1987.0,26.7,0.0,23.76,62.0,1019.9
2020,14,22,Jake Elliott,philadelphia_eagles,7.0,15.8,7.0,7.0,44,1,2,50.0,0,0,0,1,0,2020-12-13,4:25PM,Lincoln Financial Field,Philadelphia,PA,39.9008,-75.1675,Outdoor,Grass,30.0,2003.0,13.2,0.0,50.4,53.0,1016.0
2020,14,23,Aldrick Rosas,jacksonville_jaguars,6.0,15.1,6.0,6.0,53,1,2,50.0,0,0,0,0,1,2020-12-13,1:00PM,TIAA Bank Field,Jacksonville,FL,30.3239,-81.6373,Outdoor,Grass,16.0,1995.0,20.0,0.0,22.68,86.0,1020.6
2020,14,24,Sergio Castillo,new_york_jets,4.0,9.1,4.0,4.0,45,1,4,25.0,0,0,0,1,0,2020-12-13,4:05PM,Lumen Field,Seattle,WA,47.5952,-122.3316,Outdoor,Turf,20.0,2002.0,6.3,0.0,36.0,90.0,1014.3
2020,14,25,Cody Parkey,cleveland_browns,4.0,3.0,4.0,4.0,0,0,1,0.0,0,0,0,0,0,2020-12-14,8:15PM,FirstEnergy Stadium,Cleveland,OH,41.5061,-81.6995,Outdoor,Grass,577.0,1999.0,0.9,0.0,94.32,53.0,1024.6
2020,14,26,Wil Lutz,new_orleans_saints,3.0,2.5,3.0,3.0,0,0,2,0.0,0,0,0,0,0,2020-12-13,4:25PM,Lincoln Financial Field,Philadelphia,PA,39.9008,-75.1675,Outdoor,Grass,30.0,2003.0,13.2,0.0,50.4,53.0,1016.0
2020,14,27,Brandon Mcmanus,denver_broncos,2.0,1.4,2.0,2.0,0,0,0,0.0,0,0,0,0,0,2020-12-13,1:00PM,Bank of America Stadium,Charlotte,NC,35.2258,-80.8528,Outdoor,Grass,748.0,1996.0,16.5,0.0,42.84,80.0,1018.8
2020,14,28,Chris Boswell,pittsburgh_steelers,1.0,0.7,1.0,1.0,0,0,0,0.0,0,0,0,0,0,2020-12-13,8:20PM,Highmark Stadium,Orchard Park,NY,42.7738,-78.7868,Outdoor,Grass,600.0,1973.0,2.2,0.0,49.32,74.0,1020.4
2020,14,29,Robbie Gould,san_francisco_49ers,1.0,0.7,1.0,1.0,0,0,0,0.0,0,0,0,0,0,2020-12-13,4:25PM,Levi's Stadium,Santa Clara,CA,37.403,-121.9692,Outdoor,Grass,13.0,2014.0,14.7,0.4,36.36,84.0,1020.8
2020,14,30,Austin Seibert,cincinnati_bengals,1.0,0.7,1.0,1.0,0,0,0,0.0,0,0,0,0,0,2020-12-13,1:00PM,Paycor Stadium,Cincinnati,OH,39.0954,-84.516,Outdoor,Turf,482.0,2000.0,7.2,0.0,2.8800000000000003,65.0,1021.3
2020,14,31,Austin Seibert,cleveland_browns,1.0,0.7,1.0,1.0,0,0,0,0.0,0,0,0,0,0,2020-12-14,8:15PM,FirstEnergy Stadium,Cleveland,OH,41.5061,-81.6995,Outdoor,Grass,577.0,1999.0,0.9,0.0,94.32,53.0,1024.6
2020,14,32,Ka'Imi Fairbairn,houston_texans,1.0,0.7,1.0,1.0,0,0,0,0.0,0,0,0,0,0,2020-12-13,1:00PM,Soldier Field,Chicago,IL,41.8623,-87.6167,Outdoor,Grass,595.0,1924.0,0.1,0.0,11.88,73.0,1022.0
2020,14,33,Graham Gano,new_york_giants,1.0,0.7,1.0,1.0,0,0,0,0.0,0,0,0,0,0,2020-12-13,1:00PM,MetLife Stadium,East Rutherford,NJ,40.8136,-74.0744,Outdoor,Turf,3.0,2010.0,14.6,0.0,57.6,77.0,1013.9
2020,14,34,Dan Bailey,minnesota_vikings,0.0,0.6,0.0,0.0,0,0,3,0.0,0,0,0,0,0,2020-12-13,1:00PM,Raymond James Stadium,Tampa,FL,27.9759,-82.5033,Outdoor,Grass,26.0,1998.0,22.9,0.0,15.840000000000002,82.0,1020.4
2020,14,35,Ty Long,los_angeles_chargers,0.0,0.0,0.0,0.0,0,0,0,0.0,0,0,0,0,0,2020-12-13,4:25PM,SoFi Stadium,Inglewood,CA,33.9535,-118.3392,Outdoor,Turf,100.0,2020.0,16.7,0.0,64.08,47.0,1021.8
2020,15,1,Cairo Santos,chicago_bears,18.0,35.4,18.0,18.0,48,4,4,100.0,0,0,1,3,0,2020-12-20,1:00PM,U.S. Bank Stadium,Minneapolis,MN,44.974,-93.2581,Indoor,Turf,840.0,2016.0,2.9,0.0,36.36,58.0,1009.3
2020,15,2,Nick Folk,new_england_patriots,15.0,33.3,15.0,15.0,45,4,4,100.0,0,0,1,3,0,2020-12-20,1:00PM,Hard Rock Stadium,Miami Gardens,FL,25.958,-80.238,Outdoor,Grass,7.0,1987.0,26.0,0.2,54.72,62.0,1018.0
2020,15,3,Sam Ficken,new_york_jets,11.0,30.0,11.0,11.0,39,3,3,100.0,0,2,1,0,0,2020-12-20,4:05PM,SoFi Stadium,Inglewood,CA,33.9535,-118.3392,Outdoor,Turf,100.0,2020.0,20.0,0.0,29.880000000000003,25.0,1018.1
2020,15,4,Tyler Bass,buffalo_bills,12.0,30.0,12.0,12.0,27,2,2,100.0,0,2,0,0,0,2020-12-19,4:30PM,Empower Field at Mile High,Denver,CO,39.7439,-105.0201,Outdoor,Turf,5280.0,2001.0,2.7,0.0,31.32,39.0,1016.2
2020,15,5,Joey Slye,carolina_panthers,10.0,29.2,10.0,10.0,36,3,3,100.0,0,1,2,0,0,2020-12-19,8:15PM,Lambeau Field,Green Bay,WI,44.5013,-88.0622,Outdoor,Grass,640.0,1957.0,-0.9,0.0,18.36,92.0,1015.4
2020,15,6,Rodrigo Blankenship,indianapolis_colts,11.0,29.1,11.0,11.0,53,2,2,100.0,0,0,1,0,1,2020-12-20,1:00PM,Lucas Oil Stadium,Indianapolis,IN,39.7601,-86.1639,Indoor,Turf,700.0,2008.0,2.6,0.0,56.88,73.0,1016.7
2020,15,7,Younghoe Koo,atlanta_falcons,11.0,29.1,11.0,11.0,52,2,2,100.0,0,0,1,0,1,2020-12-20,1:00PM,Mercedes-Benz Stadium,Atlanta,GA,33.755,-84.4008,Indoor,Turf,1050.0,2017.0,9.8,0.0,19.44,83.0,1018.3
2020,15,8,Robbie Gould,san_francisco_49ers,10.0,28.4,10.0,10.0,41,2,2,100.0,0,0,1,1,0,2020-12-20,1:00PM,AT&T Stadium,Arlington,TX,32.7473,-97.0945,Indoor,Turf,639.0,2009.0,14.7,0.0,48.24,45.0,1020.6
2020,15,9,Matt Gay,indianapolis_colts,10.0,28.4,10.0,10.0,45,2,2,100.0,0,0,0,2,0,2020-12-20,1:00PM,Lucas Oil Stadium,Indianapolis,IN,39.7601,-86.1639,Indoor,Turf,700.0,2008.0,2.6,0.0,56.88,73.0,1016.7
2020,15,10,Matt Gay,los_angeles_rams,10.0,28.4,10.0,10.0,45,2,2,100.0,0,0,0,2,0,2020-12-20,4:05PM,SoFi Stadium,Inglewood,CA,33.9535,-118.3392,Outdoor,Turf,100.0,2020.0,20.0,0.0,29.880000000000003,25.0,1018.1
2020,15,11,Jason Myers,seattle_seahawks,10.0,28.4,10.0,10.0,43,2,2,100.0,0,0,0,2,0,2020-12-20,1:00PM,FedExField,Landover,MD,38.9078,-76.8645,Outdoor,Grass,300.0,1997.0,3.9,0.1,56.52,89.0,1019.5
2020,15,12,Dan Bailey,minnesota_vikings,9.0,27.9,9.0,9.0,24,2,2,100.0,0,2,0,0,0,2020-12-20,1:00PM,U.S. Bank Stadium,Minneapolis,MN,44.974,-93.2581,Indoor,Turf,840.0,2016.0,2.9,0.0,36.36,58.0,1009.3
2020,15,13,Daniel Carlson,las_vegas_raiders,9.0,27.9,9.0,9.0,23,2,2,100.0,0,2,0,0,0,2020-12-17,8:20PM,Allegiant Stadium,Las Vegas,NV,36.0908,-115.183,Indoor,Turf,2001.0,2020.0,10.2,0.0,27.0,58.0,1011.4
2020,15,14,Ka'Imi Fairbairn,houston_texans,8.0,27.1,8.0,8.0,31,2,2,100.0,0,1,1,0,0,2020-12-20,1:00PM,Lucas Oil Stadium,Indianapolis,IN,39.7601,-86.1639,Indoor,Turf,700.0,2008.0,2.6,0.0,56.88,73.0,1016.7
2020,15,15,Mike Nugent,arizona_cardinals,8.0,26.3,8.0,8.0,40,1,1,100.0,0,0,0,1,0,2020-12-20,4:05PM,State Farm Stadium,Glendale,AZ,33.5275,-112.2625,Indoor,Turf,1070.0,2006.0,18.7,0.0,15.48,22.0,1019.2
2020,15,16,Stephen Gostkowski,tennessee_titans,8.0,26.3,8.0,8.0,38,1,1,100.0,0,0,1,0,0,2020-12-20,1:00PM,Nissan Stadium,Nashville,TN,36.1665,-86.7713,Outdoor,Grass,476.0,1999.0,9.2,0.1,30.6,85.0,1016.7
2020,15,17,Mason Crosby,green_bay_packers,8.0,26.3,8.0,8.0,51,1,1,100.0,0,0,0,0,1,2020-12-19,8:15PM,Lambeau Field,Green Bay,WI,44.5013,-88.0622,Outdoor,Grass,640.0,1957.0,-0.9,0.0,18.36,92.0,1015.4
2020,15,18,Ryan Succop,tampa_bay_buccaneers,7.0,25.7,7.0,7.0,27,1,1,100.0,0,1,0,0,0,2020-12-20,1:00PM,Mercedes-Benz Stadium,Atlanta,GA,33.755,-84.4008,Indoor,Turf,1050.0,2017.0,9.8,0.0,19.44,83.0,1018.3
2020,15,19,Matt Prater,detroit_lions,7.0,25.6,7.0,7.0,53,1,1,100.0,0,0,0,0,1,2020-12-20,1:00PM,Nissan Stadium,Nashville,TN,36.1665,-86.7713,Outdoor,Grass,476.0,1999.0,9.2,0.1,30.6,85.0,1016.7
2020,15,20,Graham Gano,new_york_giants,6.0,25.6,6.0,6.0,39,2,2,100.0,0,0,2,0,0,2020-12-20,8:20PM,MetLife Stadium,East Rutherford,NJ,40.8136,-74.0744,Outdoor,Turf,3.0,2010.0,1.4,0.0,24.840000000000003,96.0,1017.7
2020,15,21,Harrison Butker,kansas_city_chiefs,6.0,25.0,6.0,6.0,22,1,1,100.0,0,1,0,0,0,2020-12-20,4:25PM,Caesars Superdome,New Orleans,LA,29.9509,-90.0815,Indoor,Turf,3.0,1975.0,15.5,0.0,42.12,81.0,1015.9
2020,15,22,Chris Boswell,pittsburgh_steelers,5.0,24.3,5.0,5.0,25,1,1,100.0,0,1,0,0,0,2020-12-21,8:15PM,Paycor Stadium,Cincinnati,OH,39.0954,-84.516,Outdoor,Turf,482.0,2000.0,6.7,0.0,73.8,64.0,1010.3
2020,15,23,Greg Zuerlein,dallas_cowboys,13.0,24.04,13.0,13.0,48,2,3,66.7,0,0,0,2,0,2020-12-20,1:00PM,AT&T Stadium,Arlington,TX,32.7473,-97.0945,Indoor,Turf,639.0,2009.0,14.7,0.0,48.24,45.0,1020.6
2020,15,24,Dustin Hopkins,unknown,4.0,23.5,4.0,4.0,48,1,1,100.0,0,0,0,1,0,,,,,,,,,,,,,,,,
2020,15,25,Austin Seibert,cincinnati_bengals,9.0,21.24,9.0,9.0,34,2,3,66.7,0,0,2,0,0,2020-12-21,8:15PM,Paycor Stadium,Cincinnati,OH,39.0954,-84.516,Outdoor,Turf,482.0,2000.0,6.7,0.0,73.8,64.0,1010.3
2020,15,26,Austin Seibert,cleveland_browns,9.0,21.24,9.0,9.0,34,2,3,66.7,0,0,2,0,0,2020-12-20,8:20PM,MetLife Stadium,East Rutherford,NJ,40.8136,-74.0744,Outdoor,Turf,3.0,2010.0,1.4,0.0,24.840000000000003,96.0,1017.7
2020,15,27,Justin Tucker,baltimore_ravens,9.0,17.2,9.0,9.0,46,1,2,50.0,0,0,0,1,0,2020-12-20,1:00PM,M&T Bank Stadium,Baltimore,MD,39.2779,-76.6227,Outdoor,Grass,10.0,1998.0,4.9,0.0,57.96000000000001,83.0,1019.4
2020,15,28,Michael Badgley,unknown,6.0,12.06,6.0,6.0,22,1,3,33.3,0,1,0,0,0,,,,,,,,,,,,,,,,
2020,15,29,Wil Lutz,new_orleans_saints,3.0,2.1,3.0,3.0,0,0,0,0.0,0,0,0,0,0,2020-12-20,4:25PM,Caesars Superdome,New Orleans,LA,29.9509,-90.0815,Indoor,Turf,3.0,1975.0,15.5,0.0,42.12,81.0,1015.9
2020,15,30,Jason Sanders,miami_dolphins,2.0,1.6,2.0,2.0,0,0,1,0.0,0,0,0,0,0,2020-12-20,1:00PM,Hard Rock Stadium,Miami Gardens,FL,25.958,-80.238,Outdoor,Grass,7.0,1987.0,26.0,0.2,54.72,62.0,1018.0
2020,15,31,Cody Parkey,cleveland_browns,2.0,1.4,2.0,2.0,0,0,0,0.0,0,0,0,0,0,2020-12-20,8:20PM,MetLife Stadium,East Rutherford,NJ,40.8136,-74.0744,Outdoor,Turf,3.0,2010.0,1.4,0.0,24.840000000000003,96.0,1017.7
2020,15,32,Jake Elliott,philadelphia_eagles,2.0,1.4,2.0,2.0,0,0,0,0.0,0,0,0,0,0,2020-12-20,4:05PM,State Farm Stadium,Glendale,AZ,33.5275,-112.2625,Indoor,Turf,1070.0,2006.0,18.7,0.0,15.48,22.0,1019.2
2020,15,33,Aldrick Rosas,jacksonville_jaguars,2.0,1.4,2.0,2.0,0,0,0,0.0,0,0,0,0,0,2020-12-20,1:00PM,M&T Bank Stadium,Baltimore,MD,39.2779,-76.6227,Outdoor,Grass,10.0,1998.0,4.9,0.0,57.96000000000001,83.0,1019.4
2020,15,34,Taylor Russolino,denver_broncos,1.0,0.9,1.0,1.0,0,0,1,0.0,0,0,0,0,0,2020-12-19,4:30PM,Empower Field at Mile High,Denver,CO,39.7439,-105.0201,Outdoor,Turf,5280.0,2001.0,2.7,0.0,31.32,39.0,1016.2
2020,15,35,Ty Long,los_angeles_chargers,0.0,0.0,0.0,0.0,0,0,0,0.0,0,0,0,0,0,2020-12-17,8:20PM,Allegiant Stadium,Las Vegas,NV,36.0908,-115.183,Indoor,Turf,2001.0,2020.0,10.2,0.0,27.0,58.0,1011.4
2020,16,1,Jason Sanders,miami_dolphins,15.0,33.4,15.0,15.0,44,4,4,100.0,0,1,2,1,0,2020-12-26,8:15PM,Allegiant Stadium,Las Vegas,NV,36.0908,-115.183,Indoor,Turf,2001.0,2020.0,10.5,0.0,11.16,19.0,1017.6
2020,16,2,Michael Badgley,unknown,14.0,32.7,14.0,14.0,43,4,4,100.0,0,1,2,1,0,,,,,,,,,,,,,,,,
2020,16,3,Daniel Carlson,las_vegas_raiders,13.0,32.2,13.0,13.0,38,4,4,100.0,0,3,1,0,0,2020-12-26,8:15PM,Allegiant Stadium,Las Vegas,NV,36.0908,-115.183,Indoor,Turf,2001.0,2020.0,10.5,0.0,11.16,19.0,1017.6
2020,16,4,Greg Zuerlein,dallas_cowboys,13.0,31.4,13.0,13.0,35,3,3,100.0,0,2,1,0,0,2020-12-27,4:25PM,AT&T Stadium,Arlington,TX,32.7473,-97.0945,Indoor,Turf,639.0,2009.0,23.2,0.0,56.88,18.0,1012.2
2020,16,5,Matt Gay,indianapolis_colts,12.0,30.5,12.0,12.0,51,3,3,100.0,0,0,1,1,1,2020-12-27,1:00PM,Acrisure Stadium,Pittsburgh,PA,40.4468,-80.0158,Outdoor,Grass,730.0,2001.0,2.2,0.0,33.480000000000004,62.0,1021.9
2020,16,6,Matt Gay,los_angeles_rams,12.0,30.5,12.0,12.0,51,3,3,100.0,0,0,1,1,1,2020-12-27,4:25PM,Lumen Field,Seattle,WA,47.5952,-122.3316,Outdoor,Turf,20.0,2002.0,7.2,0.0,30.24,91.0,1017.5
2020,16,7,Cairo Santos,chicago_bears,12.0,29.9,12.0,12.0,40,2,2,100.0,0,1,0,1,0,2020-12-27,1:00PM,TIAA Bank Field,Jacksonville,FL,30.3239,-81.6373,Outdoor,Grass,16.0,1995.0,11.8,0.0,32.04,61.0,1025.9
2020,16,8,Jason Myers,seattle_seahawks,10.0,28.4,10.0,10.0,49,2,2,100.0,0,0,0,2,0,2020-12-27,4:25PM,Lumen Field,Seattle,WA,47.5952,-122.3316,Outdoor,Turf,20.0,2002.0,7.2,0.0,30.24,91.0,1017.5
2020,16,9,Justin Tucker,baltimore_ravens,9.0,27.9,9.0,9.0,28,2,2,100.0,0,2,0,0,0,2020-12-27,1:00PM,M&T Bank Stadium,Baltimore,MD,39.2779,-76.6227,Outdoor,Grass,10.0,1998.0,1.7,0.0,26.28,59.0,1027.3
2020,16,10,Wil Lutz,new_orleans_saints,10.0,27.7,10.0,10.0,30,1,1,100.0,0,0,1,0,0,2020-12-25,4:30PM,Caesars Superdome,New Orleans,LA,29.9509,-90.0815,Indoor,Turf,3.0,1975.0,9.1,0.0,64.8,39.0,1023.4
2020,16,11,Brandon Mcmanus,denver_broncos,14.0,27.1,14.0,14.0,52,3,4,75.0,0,0,1,0,2,2020-12-27,4:05PM,SoFi Stadium,Inglewood,CA,33.9535,-118.3392,Outdoor,Turf,100.0,2020.0,14.6,0.0,58.68000000000001,81.0,1012.7
2020,16,12,Austin Seibert,cincinnati_bengals,14.0,27.1,14.0,14.0,48,3,4,75.0,0,0,2,1,0,2020-12-27,1:00PM,NRG Stadium,Houston,TX,29.6847,-95.4107,Indoor,Turf,50.0,2002.0,21.2,0.0,86.76,62.0,1018.3
2020,16,13,Austin Seibert,cleveland_browns,14.0,27.1,14.0,14.0,48,3,4,75.0,0,0,2,1,0,2020-12-27,1:00PM,MetLife Stadium,East Rutherford,NJ,40.8136,-74.0744,Outdoor,Turf,3.0,2010.0,2.1,0.0,25.92,53.0,1026.2
2020,16,14,Dustin Hopkins,unknown,8.0,27.1,8.0,8.0,48,2,2,100.0,0,1,0,1,0,,,,,,,,,,,,,,,,
2020,16,15,Graham Gano,new_york_giants,8.0,27.0,8.0,8.0,42,2,2,100.0,0,0,1,1,0,2020-12-27,1:00PM,M&T Bank Stadium,Baltimore,MD,39.2779,-76.6227,Outdoor,Grass,10.0,1998.0,1.7,0.0,26.28,59.0,1027.3
2020,16,16,Mike Nugent,arizona_cardinals,7.0,26.4,7.0,7.0,43,2,2,100.0,0,1,0,1,0,2020-12-26,4:30PM,State Farm Stadium,Glendale,AZ,33.5275,-112.2625,Indoor,Turf,1070.0,2006.0,17.0,0.0,16.56,33.0,1015.6
2020,16,17,Tyler Bass,buffalo_bills,8.0,26.4,8.0,8.0,22,1,1,100.0,0,1,0,0,0,2020-12-28,8:15PM,Gillette Stadium,Foxborough,MA,42.0909,-71.2643,Outdoor,Turf,289.0,2002.0,3.3,0.0,48.6,95.0,1018.1
2020,16,18,Ka'Imi Fairbairn,houston_texans,7.0,25.7,7.0,7.0,21,1,1,100.0,0,1,0,0,0,2020-12-27,1:00PM,NRG Stadium,Houston,TX,29.6847,-95.4107,Indoor,Turf,50.0,2002.0,21.2,0.0,86.76,62.0,1018.3
2020,16,19,Harrison Butker,kansas_city_chiefs,7.0,25.6,7.0,7.0,53,1,1,100.0,0,0,0,0,1,2020-12-27,1:00PM,GEHA Field at Arrowhead Stadium,Kansas City,MO,39.049,-94.4839,Outdoor,Grass,1020.0,1972.0,9.8,0.0,58.68000000000001,49.0,1006.0
2020,16,20,Rodrigo Blankenship,indianapolis_colts,6.0,25.0,6.0,6.0,28,1,1,100.0,0,1,0,0,0,2020-12-27,1:00PM,Acrisure Stadium,Pittsburgh,PA,40.4468,-80.0158,Outdoor,Grass,730.0,2001.0,2.2,0.0,33.480000000000004,62.0,1021.9
2020,16,21,Aldrick Rosas,jacksonville_jaguars,5.0,24.3,5.0,5.0,26,1,1,100.0,0,1,0,0,0,2020-12-27,1:00PM,TIAA Bank Field,Jacksonville,FL,30.3239,-81.6373,Outdoor,Grass,16.0,1995.0,11.8,0.0,32.04,61.0,1025.9
2020,16,22,Cody Parkey,cleveland_browns,5.0,24.2,5.0,5.0,44,1,1,100.0,0,0,0,1,0,2020-12-27,1:00PM,MetLife Stadium,East Rutherford,NJ,40.8136,-74.0744,Outdoor,Turf,3.0,2010.0,2.1,0.0,25.92,53.0,1026.2
2020,16,23,Jake Elliott,philadelphia_eagles,5.0,24.2,5.0,5.0,38,1,1,100.0,0,0,1,0,0,2020-12-27,4:25PM,AT&T Stadium,Arlington,TX,32.7473,-97.0945,Indoor,Turf,639.0,2009.0,23.2,0.0,56.88,18.0,1012.2
2020,16,24,Nick Folk,new_england_patriots,4.0,23.5,4.0,4.0,45,1,1,100.0,0,0,0,1,0,2020-12-28,8:15PM,Gillette Stadium,Foxborough,MA,42.0909,-71.2643,Outdoor,Turf,289.0,2002.0,3.3,0.0,48.6,95.0,1018.1
2020,16,25,Sam Ficken,new_york_jets,5.0,14.4,5.0,5.0,34,1,2,50.0,0,0,1,0,0,2020-12-27,1:00PM,MetLife Stadium,East Rutherford,NJ,40.8136,-74.0744,Outdoor,Turf,3.0,2010.0,2.1,0.0,25.92,53.0,1026.2
2020,16,26,Ryan Succop,tampa_bay_buccaneers,5.0,3.7,5.0,5.0,0,0,1,0.0,0,0,0,0,0,2020-12-26,1:00PM,Ford Field,Detroit,MI,42.34,-83.0456,Indoor,Turf,600.0,2002.0,-4.6,0.0,69.12,70.0,1013.1
2020,16,27,Matthew Wright,pittsburgh_steelers,4.0,2.8,4.0,4.0,0,0,0,0.0,0,0,0,0,0,2020-12-27,1:00PM,Acrisure Stadium,Pittsburgh,PA,40.4468,-80.0158,Outdoor,Grass,730.0,2001.0,2.2,0.0,33.480000000000004,62.0,1021.9
2020,16,28,Mason Crosby,green_bay_packers,4.0,2.8,4.0,4.0,0,0,0,0.0,0,0,0,0,0,2020-12-27,8:20PM,Lambeau Field,Green Bay,WI,44.5013,-88.0622,Outdoor,Grass,640.0,1957.0,-2.7,1.3,70.2,88.0,1009.1
2020,16,29,Dan Bailey,minnesota_vikings,3.0,2.1,3.0,3.0,0,0,0,0.0,0,0,0,0,0,2020-12-25,4:30PM,Caesars Superdome,New Orleans,LA,29.9509,-90.0815,Indoor,Turf,3.0,1975.0,9.1,0.0,64.8,39.0,1023.4
2020,16,30,Robbie Gould,san_francisco_49ers,2.0,1.8,2.0,2.0,0,0,2,0.0,0,0,0,0,0,2020-12-26,4:30PM,State Farm Stadium,Glendale,AZ,33.5275,-112.2625,Indoor,Turf,1070.0,2006.0,17.0,0.0,16.56,33.0,1015.6
2020,16,31,Younghoe Koo,atlanta_falcons,2.0,1.6,2.0,2.0,0,0,1,0.0,0,0,0,0,0,2020-12-27,1:00PM,GEHA Field at Arrowhead Stadium,Kansas City,MO,39.049,-94.4839,Outdoor,Grass,1020.0,1972.0,9.8,0.0,58.68000000000001,49.0,1006.0
2020,16,32,Stephen Gostkowski,tennessee_titans,2.0,1.4,2.0,2.0,0,0,0,0.0,0,0,0,0,0,2020-12-27,8:20PM,Lambeau Field,Green Bay,WI,44.5013,-88.0622,Outdoor,Grass,640.0,1957.0,-2.7,1.3,70.2,88.0,1009.1
2020,16,33,Joey Slye,carolina_panthers,2.0,1.4,2.0,2.0,0,0,0,0.0,0,0,0,0,0,2020-12-27,4:05PM,FedExField,Landover,MD,38.9078,-76.8645,Outdoor,Grass,300.0,1997.0,4.5,0.0,30.24,50.0,1025.6
2020,16,34,Matt Prater,detroit_lions,1.0,0.7,1.0,1.0,0,0,0,0.0,0,0,0,0,0,2020-12-26,1:00PM,Ford Field,Detroit,MI,42.34,-83.0456,Indoor,Turf,600.0,2002.0,-4.6,0.0,69.12,70.0,1013.1
2020,16,35,Ty Long,los_angeles_chargers,0.0,0.0,0.0,0.0,0,0,0,0.0,0,0,0,0,0,2020-12-27,4:05PM,SoFi Stadium,Inglewood,CA,33.9535,-118.3392,Outdoor,Turf,100.0,2020.0,14.6,0.0,58.68000000000001,81.0,1012.7
2020,17,1,Ka'Imi Fairbairn,houston_texans,17.0,34.9,17.0,17.0,51,4,4,100.0,0,2,0,1,1,,,,,,,,,,,,,,,,
2020,17,2,Greg Zuerlein,dallas_cowboys,16.0,34.0,16.0,16.0,57,4,4,100.0,0,0,2,1,1,,,,,,,,,,,,,,,,
2020,17,3,Ryan Succop,tampa_bay_buccaneers,14.0,32.1,14.0,14.0,38,3,3,100.0,0,2,1,0,0,,,,,,,,,,,,,,,,
2020,17,4,Matthew Wright,pittsburgh_steelers,12.0,30.6,12.0,12.0,46,3,3,100.0,0,1,0,2,0,,,,,,,,,,,,,,,,
2020,17,5,Tristan Vizcaino,buffalo_bills,12.0,30.5,12.0,12.0,47,3,3,100.0,0,0,2,1,0,,,,,,,,,,,,,,,,
2020,17,6,Tristan Vizcaino,minnesota_vikings,12.0,30.5,12.0,12.0,47,3,3,100.0,0,0,2,1,0,,,,,,,,,,,,,,,,
2020,17,7,Tristan Vizcaino,san_francisco_49ers,12.0,30.5,12.0,12.0,47,3,3,100.0,0,0,2,1,0,,,,,,,,,,,,,,,,
2020,17,8,Sam Sloman,los_angeles_rams,12.0,29.8,12.0,12.0,47,2,2,100.0,0,0,1,1,0,,,,,,,,,,,,,,,,
2020,17,9,Sam Sloman,tennessee_titans,12.0,29.8,12.0,12.0,47,2,2,100.0,0,0,1,1,0,,,,,,,,,,,,,,,,
2020,17,10,Cairo Santos,chicago_bears,10.0,29.3,10.0,10.0,30,3,3,100.0,0,2,1,0,0,,,,,,,,,,,,,,,,
2020,17,11,Matt Gay,indianapolis_colts,10.0,29.3,10.0,10.0,34,3,3,100.0,0,2,1,0,0,,,,,,,,,,,,,,,,
2020,17,12,Matt Gay,los_angeles_rams,10.0,29.3,10.0,10.0,34,3,3,100.0,0,2,1,0,0,,,,,,,,,,,,,,,,
2020,17,13,Wil Lutz,new_orleans_saints,10.0,28.4,10.0,10.0,48,2,2,100.0,0,0,1,1,0,,,,,,,,,,,,,,,,
2020,17,14,Dustin Hopkins,unknown,10.0,28.4,10.0,10.0,42,2,2,100.0,0,0,0,2,0,,,,,,,,,,,,,,,,
2020,17,15,Younghoe Koo,atlanta_falcons,9.0,27.9,9.0,9.0,22,2,2,100.0,0,2,0,0,0,,,,,,,,,,,,,,,,
2020,17,16,Jason Sanders,miami_dolphins,9.0,27.7,9.0,9.0,49,2,2,100.0,0,0,1,1,0,,,,,,,,,,,,,,,,
2020,17,17,Jason Myers,seattle_seahawks,8.0,27.0,8.0,8.0,36,2,2,100.0,0,0,2,0,0,,,,,,,,,,,,,,,,
2020,17,18,Justin Tucker,baltimore_ravens,8.0,26.3,8.0,8.0,34,1,1,100.0,0,0,1,0,0,,,,,,,,,,,,,,,,
2020,17,19,Graham Gano,new_york_giants,7.0,25.6,7.0,7.0,50,1,1,100.0,0,0,0,0,1,,,,,,,,,,,,,,,,
2020,17,20,Matt Prater,detroit_lions,7.0,25.6,7.0,7.0,54,1,1,100.0,0,0,0,0,1,,,,,,,,,,,,,,,,
2020,17,21,Cody Parkey,cleveland_browns,6.0,25.0,6.0,6.0,23,1,1,100.0,0,1,0,0,0,,,,,,,,,,,,,,,,
2020,17,22,Daniel Carlson,las_vegas_raiders,6.0,24.9,6.0,6.0,33,1,1,100.0,0,0,1,0,0,,,,,,,,,,,,,,,,
2020,17,23,Austin Seibert,cincinnati_bengals,3.0,22.8,3.0,3.0,38,1,1,100.0,0,0,1,0,0,,,,,,,,,,,,,,,,
2020,17,24,Austin Seibert,cleveland_browns,3.0,22.8,3.0,3.0,38,1,1,100.0,0,0,1,0,0,,,,,,,,,,,,,,,,
2020,17,25,Brandon Mcmanus,denver_broncos,11.0,20.6,11.0,11.0,37,3,6,50.0,0,2,1,0,0,,,,,,,,,,,,,,,,
2020,17,26,Rodrigo Blankenship,indianapolis_colts,8.0,17.6,8.0,8.0,24,2,4,50.0,0,2,0,0,0,,,,,,,,,,,,,,,,
2020,17,27,Dan Bailey,minnesota_vikings,7.0,15.9,7.0,7.0,23,1,2,50.0,0,1,0,0,0,,,,,,,,,,,,,,,,
2020,17,28,Tyler Bass,buffalo_bills,8.0,5.6,8.0,8.0,0,0,0,0.0,0,0,0,0,0,,,,,,,,,,,,,,,,
2020,17,29,Mason Crosby,green_bay_packers,5.0,3.5,5.0,5.0,0,0,0,0.0,0,0,0,0,0,,,,,,,,,,,,,,,,
2020,17,30,Michael Badgley,unknown,4.0,2.8,4.0,4.0,0,0,0,0.0,0,0,0,0,0,,,,,,,,,,,,,,,,
2020,17,31,Nick Folk,new_england_patriots,4.0,2.8,4.0,4.0,0,0,0,0.0,0,0,0,0,0,,,,,,,,,,,,,,,,
2020,17,32,Harrison Butker,kansas_city_chiefs,3.0,2.1,3.0,3.0,0,0,0,0.0,0,0,0,0,0,,,,,,,,,,,,,,,,
2020,17,33,Chase Mclaughlin,jacksonville_jaguars,2.0,1.4,2.0,2.0,0,0,0,0.0,0,0,0,0,0,,,,,,,,,,,,,,,,
2020,17,34,Chase Mclaughlin,minnesota_vikings,2.0,1.4,2.0,2.0,0,0,0,0.0,0,0,0,0,0,,,,,,,,,,,,,,,,
2020,17,35,Chase Mclaughlin,new_york_jets,2.0,1.4,2.0,2.0,0,0,0,0.0,0,0,0,0,0,,,,,,,,,,,,,,,,
2020,17,36,Jake Elliott,philadelphia_eagles,2.0,1.4,2.0,2.0,0,0,0,0.0,0,0,0,0,0,,,,,,,,,,,,,,,,
2020,17,37,Aldrick Rosas,jacksonville_jaguars,2.0,1.4,2.0,2.0,0,0,0,0.0,0,0,0,0,0,,,,,,,,,,,,,,,,
2020,17,38,Mike Nugent,arizona_cardinals,1.0,0.9,1.0,1.0,0,0,1,0.0,0,0,0,0,0,,,,,,,,,,,,,,,,
2020,17,39,Joey Slye,carolina_panthers,1.0,0.7,1.0,1.0,0,0,0,0.0,0,0,0,0,0,,,,,,,,,,,,,,,,
2020,17,40,Ty Long,los_angeles_chargers,0.0,0.0,0.0,0.0,0,0,0,0.0,0,0,0,0,0,,,,,,,,,,,,,,,,
2021,1,1,Joey Slye,houston_texans,14.0,32.1,14.0,14.0,40,3,3,100.0,0,2,0,1,0,2021-09-12,1:00PM,NRG Stadium,Houston,TX,29.6847,-95.4107,Indoor,Turf,50.0,2002.0,30.7,0.0,53.64,54.0,1018.6
2021,1,2,Joey Slye,san_francisco_49ers,14.0,32.1,14.0,14.0,40,3,3,100.0,0,2,0,1,0,2021-09-12,1:00PM,Ford Field,Detroit,MI,42.34,-83.0456,Indoor,Turf,600.0,2002.0,28.7,0.0,82.8,53.0,1014.4
2021,1,3,Chris Boswell,pittsburgh_steelers,12.0,30.7,12.0,12.0,45,3,3,100.0,0,2,0,1,0,2021-09-12,1:00PM,Highmark Stadium,Orchard Park,NY,42.7738,-78.7868,Outdoor,Grass,600.0,1973.0,22.9,0.2,96.84,76.0,1015.8
2021,1,4,Nick Folk,new_england_patriots,11.0,29.9,11.0,11.0,42,3,3,100.0,0,1,1,1,0,2021-09-12,4:25PM,Gillette Stadium,Foxborough,MA,42.0909,-71.2643,Outdoor,Turf,289.0,2002.0,25.9,0.0,70.92,66.0,1013.6
2021,1,5,Tyler Bass,buffalo_bills,11.0,29.9,11.0,11.0,42,3,3,100.0,0,1,1,1,0,2021-09-12,1:00PM,Highmark Stadium,Orchard Park,NY,42.7738,-78.7868,Outdoor,Grass,600.0,1973.0,22.9,0.2,96.84,76.0,1015.8
2021,1,6,Matt Gay,los_angeles_rams,12.0,29.9,12.0,12.0,53,2,2,100.0,0,1,0,0,1,2021-09-12,8:20PM,SoFi Stadium,Inglewood,CA,33.9535,-118.3392,Outdoor,Turf,100.0,2020.0,18.8,0.0,75.60000000000001,87.0,1011.2
2021,1,7,Evan Mcpherson,cincinnati_bengals,11.0,29.1,11.0,11.0,53,2,2,100.0,0,0,1,0,1,2021-09-12,1:00PM,Paycor Stadium,Cincinnati,OH,39.0954,-84.516,Outdoor,Turf,482.0,2000.0,29.8,0.0,68.76,46.0,1019.9
2021,1,8,Daniel Carlson,las_vegas_raiders,11.0,29.1,11.0,11.0,55,2,2,100.0,0,0,1,0,1,2021-09-13,8:15PM,Allegiant Stadium,Las Vegas,NV,36.0908,-115.183,Indoor,Turf,2001.0,2020.0,34.2,0.0,54.0,11.0,1004.9
2021,1,9,Justin Tucker,baltimore_ravens,11.0,29.1,11.0,11.0,47,2,2,100.0,0,0,0,2,0,2021-09-13,8:15PM,Allegiant Stadium,Las Vegas,NV,36.0908,-115.183,Indoor,Turf,2001.0,2020.0,34.2,0.0,54.0,11.0,1004.9
2021,1,10,Harrison Butker,kansas_city_chiefs,10.0,28.5,10.0,10.0,43,2,2,100.0,0,1,0,1,0,2021-09-12,4:25PM,GEHA Field at Arrowhead Stadium,Kansas City,MO,39.049,-94.4839,Outdoor,Grass,1020.0,1972.0,32.6,0.0,58.68000000000001,41.0,1014.1
2021,1,11,Brandon Mcmanus,denver_broncos,9.0,27.8,9.0,9.0,36,2,2,100.0,0,1,1,0,0,2021-09-12,4:25PM,MetLife Stadium,East Rutherford,NJ,40.8136,-74.0744,Outdoor,Turf,3.0,2010.0,28.7,0.0,81.36000000000001,53.0,1015.3
2021,1,12,Tristan Vizcaino,los_angeles_chargers,8.0,27.1,8.0,8.0,33,2,2,100.0,0,1,1,0,0,2021-09-12,1:00PM,FedExField,Landover,MD,38.9078,-76.8645,Outdoor,Grass,300.0,1997.0,28.7,0.0,52.56,47.0,1020.3
2021,1,13,Aldrick Rosas,detroit_lions,9.0,27.0,9.0,9.0,44,1,1,100.0,0,0,0,1,0,2021-09-12,1:00PM,Ford Field,Detroit,MI,42.34,-83.0456,Indoor,Turf,600.0,2002.0,28.7,0.0,82.8,53.0,1014.4
2021,1,14,Aldrick Rosas,new_orleans_saints,9.0,27.0,9.0,9.0,44,1,1,100.0,0,0,0,1,0,2021-09-12,4:25PM,Caesars Superdome,New Orleans,LA,29.9509,-90.0815,Indoor,Turf,3.0,1975.0,25.0,0.6,50.76,93.0,1020.2
2021,1,15,Ryan Santoso,carolina_panthers,7.0,26.5,7.0,7.0,29,2,2,100.0,0,2,0,0,0,2021-09-12,1:00PM,Bank of America Stadium,Charlotte,NC,35.2258,-80.8528,Outdoor,Grass,748.0,1996.0,29.2,0.0,19.44,40.0,1024.8
2021,1,16,Ryan Santoso,detroit_lions,7.0,26.5,7.0,7.0,29,2,2,100.0,0,2,0,0,0,2021-09-12,1:00PM,Ford Field,Detroit,MI,42.34,-83.0456,Indoor,Turf,600.0,2002.0,28.7,0.0,82.8,53.0,1014.4
2021,1,17,Ryan Santoso,los_angeles_rams,7.0,26.5,7.0,7.0,29,2,2,100.0,0,2,0,0,0,2021-09-12,8:20PM,SoFi Stadium,Inglewood,CA,33.9535,-118.3392,Outdoor,Turf,100.0,2020.0,18.8,0.0,75.60000000000001,87.0,1011.2
2021,1,18,Ryan Santoso,tennessee_titans,7.0,26.5,7.0,7.0,29,2,2,100.0,0,2,0,0,0,2021-09-12,1:00PM,Nissan Stadium,Nashville,TN,36.1665,-86.7713,Outdoor,Grass,476.0,1999.0,29.5,0.0,27.72,55.0,1023.3
2021,1,19,Greg Joseph,minnesota_vikings,8.0,26.3,8.0,8.0,53,1,1,100.0,0,0,0,0,1,2021-09-12,1:00PM,Paycor Stadium,Cincinnati,OH,39.0954,-84.516,Outdoor,Turf,482.0,2000.0,29.8,0.0,68.76,46.0,1019.9
2021,1,20,Younghoe Koo,atlanta_falcons,6.0,25.8,6.0,6.0,27,2,2,100.0,0,2,0,0,0,2021-09-12,1:00PM,Mercedes-Benz Stadium,Atlanta,GA,33.755,-84.4008,Indoor,Turf,1050.0,2017.0,25.6,0.3,23.040000000000003,68.0,1026.0
2021,1,21,Dustin Hopkins,los_angeles_chargers,12.0,25.7,12.0,12.0,48,3,4,75.0,0,0,1,2,0,2021-09-12,1:00PM,FedExField,Landover,MD,38.9078,-76.8645,Outdoor,Grass,300.0,1997.0,28.7,0.0,52.56,47.0,1020.3
2021,1,22,Jake Elliott,philadelphia_eagles,7.0,25.6,7.0,7.0,43,1,1,100.0,0,0,0,1,0,2021-09-12,1:00PM,Mercedes-Benz Stadium,Atlanta,GA,33.755,-84.4008,Indoor,Turf,1050.0,2017.0,25.6,0.3,23.040000000000003,68.0,1026.0
2021,1,23,Ryan Succop,tampa_bay_buccaneers,7.0,25.6,7.0,7.0,36,1,1,100.0,0,0,1,0,0,2021-09-09,8:20PM,Raymond James Stadium,Tampa,FL,27.9759,-82.5033,Outdoor,Grass,26.0,1998.0,26.4,0.0,25.92,89.0,1013.3
2021,1,24,Jason Sanders,miami_dolphins,6.0,24.9,6.0,6.0,48,1,1,100.0,0,0,0,1,0,2021-09-12,4:25PM,Gillette Stadium,Foxborough,MA,42.0909,-71.2643,Outdoor,Turf,289.0,2002.0,25.9,0.0,70.92,66.0,1013.6
2021,1,25,Robbie Gould,san_francisco_49ers,14.0,24.74,14.0,14.0,52,2,3,66.7,0,0,0,1,1,2021-09-12,1:00PM,Ford Field,Detroit,MI,42.34,-83.0456,Indoor,Turf,600.0,2002.0,28.7,0.0,82.8,53.0,1014.4
2021,1,26,Rodrigo Blankenship,indianapolis_colts,4.0,23.6,4.0,4.0,21,1,1,100.0,0,1,0,0,0,2021-09-12,1:00PM,Lucas Oil Stadium,Indianapolis,IN,39.7601,-86.1639,Indoor,Turf,700.0,2008.0,29.0,0.0,73.44,49.0,1018.5
2021,1,27,Greg Zuerlein,dallas_cowboys,12.0,23.0,12.0,12.0,48,3,5,60.0,0,1,1,1,0,2021-09-09,8:20PM,Raymond James Stadium,Tampa,FL,27.9759,-82.5033,Outdoor,Grass,26.0,1998.0,26.4,0.0,25.92,89.0,1013.3
2021,1,28,Mason Crosby,green_bay_packers,3.0,22.8,3.0,3.0,39,1,1,100.0,0,0,1,0,0,2021-09-12,4:25PM,Caesars Superdome,New Orleans,LA,29.9509,-90.0815,Indoor,Turf,3.0,1975.0,25.0,0.6,50.76,93.0,1020.2
2021,1,29,Matt Prater,arizona_cardinals,8.0,16.5,8.0,8.0,34,1,2,50.0,0,0,1,0,0,2021-09-12,1:00PM,Nissan Stadium,Nashville,TN,36.1665,-86.7713,Outdoor,Grass,476.0,1999.0,29.5,0.0,27.72,55.0,1023.3
2021,1,30,Austin Seibert,detroit_lions,6.0,15.1,6.0,6.0,49,1,2,50.0,0,0,0,1,0,2021-09-12,1:00PM,Ford Field,Detroit,MI,42.34,-83.0456,Indoor,Turf,600.0,2002.0,28.7,0.0,82.8,53.0,1014.4
2021,1,31,Jason Myers,seattle_seahawks,4.0,2.8,4.0,4.0,0,0,0,0.0,0,0,0,0,0,2021-09-12,1:00PM,Lucas Oil Stadium,Indianapolis,IN,39.7601,-86.1639,Indoor,Turf,700.0,2008.0,29.0,0.0,73.44,49.0,1018.5
2021,1,32,Josh Lambo,jacksonville_jaguars,3.0,2.3,3.0,3.0,0,0,1,0.0,0,0,0,0,0,2021-09-12,1:00PM,NRG Stadium,Houston,TX,29.6847,-95.4107,Indoor,Turf,50.0,2002.0,30.7,0.0,53.64,54.0,1018.6
2021,1,33,Josh Lambo,pittsburgh_steelers,3.0,2.3,3.0,3.0,0,0,1,0.0,0,0,0,0,0,2021-09-12,1:00PM,Highmark Stadium,Orchard Park,NY,42.7738,-78.7868,Outdoor,Grass,600.0,1973.0,22.9,0.2,96.84,76.0,1015.8
2021,1,34,Chase Mclaughlin,cleveland_browns,3.0,2.1,3.0,3.0,0,0,0,0.0,0,0,0,0,0,2021-09-12,4:25PM,GEHA Field at Arrowhead Stadium,Kansas City,MO,39.049,-94.4839,Outdoor,Grass,1020.0,1972.0,32.6,0.0,58.68000000000001,41.0,1014.1
2021,1,35,Cairo Santos,chicago_bears,2.0,1.4,2.0,2.0,0,0,0,0.0,0,0,0,0,0,2021-09-12,8:20PM,SoFi Stadium,Inglewood,CA,33.9535,-118.3392,Outdoor,Turf,100.0,2020.0,18.8,0.0,75.60000000000001,87.0,1011.2
2021,1,36,Michael Badgley,unknown,1.0,0.9,1.0,1.0,0,0,1,0.0,0,0,0,0,0,,,,,,,,,,,,,,,,
2021,1,37,Graham Gano,new_york_giants,1.0,0.7,1.0,1.0,0,0,0,0.0,0,0,0,0,0,2021-09-12,4:25PM,MetLife Stadium,East Rutherford,NJ,40.8136,-74.0744,Outdoor,Turf,3.0,2010.0,28.7,0.0,81.36000000000001,53.0,1015.3
2021,1,38,Matt Ammendola,new_york_jets,0.0,0.0,0.0,0.0,0,0,0,0.0,0,0,0,0,0,2021-09-12,1:00PM,Bank of America Stadium,Charlotte,NC,35.2258,-80.8528,Outdoor,Grass,748.0,1996.0,29.2,0.0,19.44,40.0,1024.8
2021,1,39,Cameron Nizialek,atlanta_falcons,0.0,0.0,0.0,0.0,0,0,0,0.0,0,0,0,0,0,2021-09-12,1:00PM,Mercedes-Benz Stadium,Atlanta,GA,33.755,-84.4008,Indoor,Turf,1050.0,2017.0,25.6,0.3,23.040000000000003,68.0,1026.0
2021,1,40,Cameron Nizialek,pittsburgh_steelers,0.0,0.0,0.0,0.0,0,0,0,0.0,0,0,0,0,0,2021-09-12,1:00PM,Highmark Stadium,Orchard Park,NY,42.7738,-78.7868,Outdoor,Grass,600.0,1973.0,22.9,0.2,96.84,76.0,1015.8
2021,1,41,Elliott Fry,atlanta_falcons,0.0,0.0,0.0,0.0,0,0,0,0.0,0,0,0,0,0,2021-09-12,1:00PM,Mercedes-Benz Stadium,Atlanta,GA,33.755,-84.4008,Indoor,Turf,1050.0,2017.0,25.6,0.3,23.040000000000003,68.0,1026.0
2021,1,42,Elliott Fry,cincinnati_bengals,0.0,0.0,0.0,0.0,0,0,0,0.0,0,0,0,0,0,2021-09-12,1:00PM,Paycor Stadium,Cincinnati,OH,39.0954,-84.516,Outdoor,Turf,482.0,2000.0,29.8,0.0,68.76,46.0,1019.9
2021,1,43,Elliott Fry,green_bay_packers,0.0,0.0,0.0,0.0,0,0,0,0.0,0,0,0,0,0,2021-09-12,4:25PM,Caesars Superdome,New Orleans,LA,29.9509,-90.0815,Indoor,Turf,3.0,1975.0,25.0,0.6,50.76,93.0,1020.2
2021,1,44,Elliott Fry,kansas_city_chiefs,0.0,0.0,0.0,0.0,0,0,0,0.0,0,0,0,0,0,2021-09-12,4:25PM,GEHA Field at Arrowhead Stadium,Kansas City,MO,39.049,-94.4839,Outdoor,Grass,1020.0,1972.0,32.6,0.0,58.68000000000001,41.0,1014.1
2021,1,45,Ty Long,los_angeles_chargers,0.0,0.0,0.0,0.0,0,0,0,0.0,0,0,0,0,0,2021-09-12,1:00PM,FedExField,Landover,MD,38.9078,-76.8645,Outdoor,Grass,300.0,1997.0,28.7,0.0,52.56,47.0,1020.3
2021,2,1,Graham Gano,new_york_giants,22.0,39.0,22.0,22.0,55,5,5,100.0,0,1,1,1,2,2021-09-16,8:20PM,FedExField,Landover,MD,38.9078,-76.8645,Outdoor,Grass,300.0,1997.0,21.7,0.1,29.52,100.0,1021.3
2021,2,2,Daniel Carlson,las_vegas_raiders,17.0,34.7,17.0,17.0,46,4,4,100.0,0,0,1,3,0,2021-09-19,1:00PM,Acrisure Stadium,Pittsburgh,PA,40.4468,-80.0158,Outdoor,Grass,730.0,2001.0,25.6,0.0,23.040000000000003,55.0,1022.3
2021,2,3,Nick Folk,new_england_patriots,15.0,33.4,15.0,15.0,49,4,4,100.0,0,1,1,2,0,2021-09-19,1:00PM,MetLife Stadium,East Rutherford,NJ,40.8136,-74.0744,Outdoor,Turf,3.0,2010.0,23.2,0.0,55.8,47.0,1021.7
2021,2,4,Dustin Hopkins,los_angeles_chargers,14.0,31.9,14.0,14.0,49,3,3,100.0,0,0,1,2,0,2021-09-19,4:25PM,SoFi Stadium,Inglewood,CA,33.9535,-118.3392,Outdoor,Turf,100.0,2020.0,20.1,0.0,73.44,75.0,1012.5
2021,2,5,Brandon Mcmanus,denver_broncos,13.0,31.2,13.0,13.0,46,3,3,100.0,0,0,1,2,0,2021-09-19,1:00PM,TIAA Bank Field,Jacksonville,FL,30.3239,-81.6373,Outdoor,Grass,16.0,1995.0,25.0,2.7,30.24,93.0,1017.6
2021,2,6,Rodrigo Blankenship,indianapolis_colts,12.0,30.5,12.0,12.0,48,3,3,100.0,0,0,1,2,0,2021-09-19,1:00PM,Lucas Oil Stadium,Indianapolis,IN,39.7601,-86.1639,Indoor,Turf,700.0,2008.0,29.6,0.0,39.24,51.0,1019.2
2021,2,7,Matt Prater,arizona_cardinals,12.0,29.9,12.0,12.0,62,2,2,100.0,0,1,0,0,1,2021-09-19,4:05PM,State Farm Stadium,Glendale,AZ,33.5275,-112.2625,Indoor,Turf,1070.0,2006.0,37.0,0.0,60.12,15.0,1006.8
2021,2,8,Randy Bullock,tennessee_titans,15.0,29.6,15.0,15.0,36,4,5,80.0,0,1,3,0,0,2021-09-19,4:25PM,Lumen Field,Seattle,WA,47.5952,-122.3316,Outdoor,Turf,20.0,2002.0,16.9,0.0,79.56,72.0,1016.7
2021,2,9,Greg Zuerlein,dallas_cowboys,10.0,28.4,10.0,10.0,56,2,2,100.0,0,0,1,0,1,2021-09-19,4:25PM,SoFi Stadium,Inglewood,CA,33.9535,-118.3392,Outdoor,Turf,100.0,2020.0,20.1,0.0,73.44,75.0,1012.5
2021,2,10,Matt Gay,los_angeles_rams,9.0,27.7,9.0,9.0,38,2,2,100.0,0,0,2,0,0,2021-09-19,1:00PM,Lucas Oil Stadium,Indianapolis,IN,39.7601,-86.1639,Indoor,Turf,700.0,2008.0,29.6,0.0,39.24,51.0,1019.2
2021,2,11,Cairo Santos,chicago_bears,8.0,27.2,8.0,8.0,28,2,2,100.0,0,2,0,0,0,2021-09-19,1:00PM,Soldier Field,Chicago,IL,41.8623,-87.6167,Outdoor,Grass,595.0,1924.0,27.4,0.0,53.28,57.0,1018.1
2021,2,12,Justin Tucker,baltimore_ravens,7.0,25.6,7.0,7.0,43,1,1,100.0,0,0,0,1,0,2021-09-19,8:20PM,M&T Bank Stadium,Baltimore,MD,39.2779,-76.6227,Outdoor,Grass,10.0,1998.0,20.6,0.0,29.52,83.0,1021.4
2021,2,13,Evan Mcpherson,cincinnati_bengals,7.0,25.6,7.0,7.0,53,1,1,100.0,0,0,0,0,1,2021-09-19,1:00PM,Soldier Field,Chicago,IL,41.8623,-87.6167,Outdoor,Grass,595.0,1924.0,27.4,0.0,53.28,57.0,1018.1
2021,2,14,Chase Mclaughlin,cleveland_browns,7.0,25.6,7.0,7.0,30,1,1,100.0,0,0,1,0,0,2021-09-19,1:00PM,FirstEnergy Stadium,Cleveland,OH,41.5061,-81.6995,Outdoor,Grass,577.0,1999.0,24.3,0.0,53.28,66.0,1022.2
2021,2,15,Chris Boswell,pittsburgh_steelers,7.0,25.6,7.0,7.0,56,1,1,100.0,0,0,0,0,1,2021-09-19,1:00PM,Acrisure Stadium,Pittsburgh,PA,40.4468,-80.0158,Outdoor,Grass,730.0,2001.0,25.6,0.0,23.040000000000003,55.0,1022.3
2021,2,16,Jason Myers,seattle_seahawks,6.0,24.9,6.0,6.0,31,1,1,100.0,0,0,1,0,0,2021-09-19,4:25PM,Lumen Field,Seattle,WA,47.5952,-122.3316,Outdoor,Turf,20.0,2002.0,16.9,0.0,79.56,72.0,1016.7
2021,2,17,Austin Seibert,detroit_lions,6.0,24.9,6.0,6.0,43,1,1,100.0,0,0,0,1,0,2021-09-20,8:15PM,Lambeau Field,Green Bay,WI,44.5013,-88.0622,Outdoor,Grass,640.0,1957.0,22.4,0.0,76.32,86.0,1006.6
2021,2,18,Robbie Gould,san_francisco_49ers,6.0,24.9,6.0,6.0,46,1,1,100.0,0,0,0,1,0,2021-09-19,1:00PM,Lincoln Financial Field,Philadelphia,PA,39.9008,-75.1675,Outdoor,Grass,30.0,2003.0,25.1,0.0,51.12,35.0,1021.6
2021,2,19,Tristan Vizcaino,los_angeles_chargers,10.0,24.4,10.0,10.0,46,3,4,75.0,0,1,1,1,0,2021-09-19,4:25PM,SoFi Stadium,Inglewood,CA,33.9535,-118.3392,Outdoor,Turf,100.0,2020.0,20.1,0.0,73.44,75.0,1012.5
2021,2,20,Younghoe Koo,atlanta_falcons,5.0,24.2,5.0,5.0,36,1,1,100.0,0,0,1,0,0,2021-09-19,4:05PM,Raymond James Stadium,Tampa,FL,27.9759,-82.5033,Outdoor,Grass,26.0,1998.0,26.9,0.7,28.44,84.0,1014.8
2021,2,21,Greg Joseph,minnesota_vikings,13.0,24.04,13.0,13.0,52,2,3,66.7,0,0,0,0,2,2021-09-19,4:05PM,State Farm Stadium,Glendale,AZ,33.5275,-112.2625,Indoor,Turf,1070.0,2006.0,37.0,0.0,60.12,15.0,1006.8
2021,2,22,Zane Gonzalez,carolina_panthers,9.0,21.34,9.0,9.0,42,2,3,66.7,0,1,0,1,0,2021-09-19,1:00PM,Bank of America Stadium,Charlotte,NC,35.2258,-80.8528,Outdoor,Grass,748.0,1996.0,29.6,0.0,41.4,56.0,1020.4
2021,2,23,Zane Gonzalez,detroit_lions,9.0,21.34,9.0,9.0,42,2,3,66.7,0,1,0,1,0,2021-09-20,8:15PM,Lambeau Field,Green Bay,WI,44.5013,-88.0622,Outdoor,Grass,640.0,1957.0,22.4,0.0,76.32,86.0,1006.6
2021,2,24,Matt Ammendola,new_york_jets,6.0,19.24,6.0,6.0,35,2,3,66.7,0,1,1,0,0,2021-09-19,1:00PM,MetLife Stadium,East Rutherford,NJ,40.8136,-74.0744,Outdoor,Turf,3.0,2010.0,23.2,0.0,55.8,47.0,1021.7
2021,2,25,Jake Elliott,philadelphia_eagles,4.0,13.7,4.0,4.0,45,1,2,50.0,0,0,0,1,0,2021-09-19,1:00PM,Lincoln Financial Field,Philadelphia,PA,39.9008,-75.1675,Outdoor,Grass,30.0,2003.0,25.1,0.0,51.12,35.0,1021.6
2021,2,26,Ryan Succop,tampa_bay_buccaneers,6.0,4.2,6.0,6.0,0,0,0,0.0,0,0,0,0,0,2021-09-19,4:05PM,Raymond James Stadium,Tampa,FL,27.9759,-82.5033,Outdoor,Grass,26.0,1998.0,26.9,0.7,28.44,84.0,1014.8
2021,2,27,Tyler Bass,buffalo_bills,5.0,3.7,5.0,5.0,0,0,1,0.0,0,0,0,0,0,2021-09-19,1:00PM,Hard Rock Stadium,Miami Gardens,FL,25.958,-80.238,Outdoor,Grass,7.0,1987.0,30.9,0.2,22.68,65.0,1016.8
2021,2,28,Mason Crosby,green_bay_packers,5.0,3.5,5.0,5.0,0,0,0,0.0,0,0,0,0,0,2021-09-20,8:15PM,Lambeau Field,Green Bay,WI,44.5013,-88.0622,Outdoor,Grass,640.0,1957.0,22.4,0.0,76.32,86.0,1006.6
2021,2,29,Harrison Butker,kansas_city_chiefs,5.0,3.5,5.0,5.0,0,0,0,0.0,0,0,0,0,0,2021-09-19,8:20PM,M&T Bank Stadium,Baltimore,MD,39.2779,-76.6227,Outdoor,Grass,10.0,1998.0,20.6,0.0,29.52,83.0,1021.4
2021,2,30,Joey Slye,houston_texans,3.0,2.3,3.0,3.0,0,0,1,0.0,0,0,0,0,0,2021-09-19,1:00PM,FirstEnergy Stadium,Cleveland,OH,41.5061,-81.6995,Outdoor,Grass,577.0,1999.0,24.3,0.0,53.28,66.0,1022.2
2021,2,31,Joey Slye,san_francisco_49ers,3.0,2.3,3.0,3.0,0,0,1,0.0,0,0,0,0,0,2021-09-19,1:00PM,Lincoln Financial Field,Philadelphia,PA,39.9008,-75.1675,Outdoor,Grass,30.0,2003.0,25.1,0.0,51.12,35.0,1021.6
2021,2,32,Josh Lambo,jacksonville_jaguars,1.0,1.1,1.0,1.0,0,0,2,0.0,0,0,0,0,0,2021-09-19,1:00PM,TIAA Bank Field,Jacksonville,FL,30.3239,-81.6373,Outdoor,Grass,16.0,1995.0,25.0,2.7,30.24,93.0,1017.6
2021,2,33,Josh Lambo,pittsburgh_steelers,1.0,1.1,1.0,1.0,0,0,2,0.0,0,0,0,0,0,2021-09-19,1:00PM,Acrisure Stadium,Pittsburgh,PA,40.4468,-80.0158,Outdoor,Grass,730.0,2001.0,25.6,0.0,23.040000000000003,55.0,1022.3
2021,2,34,Aldrick Rosas,detroit_lions,1.0,0.7,1.0,1.0,0,0,0,0.0,0,0,0,0,0,2021-09-20,8:15PM,Lambeau Field,Green Bay,WI,44.5013,-88.0622,Outdoor,Grass,640.0,1957.0,22.4,0.0,76.32,86.0,1006.6
2021,2,35,Aldrick Rosas,new_orleans_saints,1.0,0.7,1.0,1.0,0,0,0,0.0,0,0,0,0,0,2021-09-19,1:00PM,Bank of America Stadium,Charlotte,NC,35.2258,-80.8528,Outdoor,Grass,748.0,1996.0,29.6,0.0,41.4,56.0,1020.4
2021,2,36,Cameron Nizialek,atlanta_falcons,0.0,0.0,0.0,0.0,0,0,0,0.0,0,0,0,0,0,2021-09-19,4:05PM,Raymond James Stadium,Tampa,FL,27.9759,-82.5033,Outdoor,Grass,26.0,1998.0,26.9,0.7,28.44,84.0,1014.8
2021,2,37,Cameron Nizialek,pittsburgh_steelers,0.0,0.0,0.0,0.0,0,0,0,0.0,0,0,0,0,0,2021-09-19,1:00PM,Acrisure Stadium,Pittsburgh,PA,40.4468,-80.0158,Outdoor,Grass,730.0,2001.0,25.6,0.0,23.040000000000003,55.0,1022.3
2021,2,38,Jason Sanders,miami_dolphins,0.0,0.0,0.0,0.0,0,0,0,0.0,0,0,0,0,0,2021-09-19,1:00PM,Hard Rock Stadium,Miami Gardens,FL,25.958,-80.238,Outdoor,Grass,7.0,1987.0,30.9,0.2,22.68,65.0,1016.8
2021,2,39,Ty Long,los_angeles_chargers,0.0,0.0,0.0,0.0,0,0,0,0.0,0,0,0,0,0,2021-09-19,4:25PM,SoFi Stadium,Inglewood,CA,33.9535,-118.3392,Outdoor,Turf,100.0,2020.0,20.1,0.0,73.44,75.0,1012.5
2021,3,1,Chase Mclaughlin,cleveland_browns,19.0,36.2,19.0,19.0,57,4,4,100.0,0,1,0,1,2,2021-09-26,1:00PM,FirstEnergy Stadium,Cleveland,OH,41.5061,-81.6995,Outdoor,Grass,577.0,1999.0,19.7,0.0,90.72,49.0,1016.2
2021,3,2,Brandon Mcmanus,denver_broncos,16.0,34.1,16.0,16.0,47,4,4,100.0,0,1,1,2,0,2021-09-26,4:05PM,Empower Field at Mile High,Denver,CO,39.7439,-105.0201,Outdoor,Turf,5280.0,2001.0,30.8,0.0,47.16,10.0,1006.0
2021,3,3,Mason Crosby,green_bay_packers,16.0,33.3,16.0,16.0,54,3,3,100.0,0,0,1,0,2,2021-09-26,8:20PM,Levi's Stadium,Santa Clara,CA,37.403,-121.9692,Outdoor,Grass,13.0,2014.0,16.0,0.0,52.92,79.0,1016.6
2021,3,4,Tyler Bass,buffalo_bills,14.0,32.1,14.0,14.0,48,3,3,100.0,0,2,0,1,0,2021-09-26,1:00PM,Highmark Stadium,Orchard Park,NY,42.7738,-78.7868,Outdoor,Grass,600.0,1973.0,17.3,0.0,108.0,60.0,1014.1
2021,3,5,Daniel Carlson,las_vegas_raiders,13.0,31.3,13.0,13.0,50,3,3,100.0,0,1,1,0,1,2021-09-26,4:05PM,Allegiant Stadium,Las Vegas,NV,36.0908,-115.183,Indoor,Turf,2001.0,2020.0,34.1,0.0,19.44,18.0,1007.9
2021,3,6,Greg Joseph,minnesota_vikings,13.0,31.3,13.0,13.0,43,3,3,100.0,0,1,1,1,0,2021-09-26,4:25PM,U.S. Bank Stadium,Minneapolis,MN,44.974,-93.2581,Indoor,Turf,840.0,2016.0,26.2,0.0,35.28,47.0,1004.1
2021,3,7,Justin Tucker,baltimore_ravens,17.0,30.9,17.0,17.0,66,4,5,80.0,0,0,2,0,2,2021-09-26,1:00PM,Ford Field,Detroit,MI,42.34,-83.0456,Indoor,Turf,600.0,2002.0,20.0,0.0,61.56000000000001,52.0,1014.5
2021,3,8,Matt Gay,los_angeles_rams,11.0,29.2,11.0,11.0,48,2,2,100.0,0,1,0,1,0,2021-09-26,4:25PM,SoFi Stadium,Inglewood,CA,33.9535,-118.3392,Outdoor,Turf,100.0,2020.0,18.9,0.0,89.64,77.0,1015.7
2021,3,9,Nick Folk,new_england_patriots,8.0,27.1,8.0,8.0,45,2,2,100.0,0,1,0,1,0,2021-09-26,1:00PM,Gillette Stadium,Foxborough,MA,42.0909,-71.2643,Outdoor,Turf,289.0,2002.0,22.0,0.0,56.88,53.0,1007.7
2021,3,10,Cairo Santos,chicago_bears,7.0,26.4,7.0,7.0,47,2,2,100.0,0,1,0,1,0,2021-09-26,1:00PM,FirstEnergy Stadium,Cleveland,OH,41.5061,-81.6995,Outdoor,Grass,577.0,1999.0,19.7,0.0,90.72,49.0,1016.2
2021,3,11,Graham Gano,new_york_giants,6.0,25.7,6.0,6.0,31,2,2,100.0,0,1,1,0,0,2021-09-26,1:00PM,MetLife Stadium,East Rutherford,NJ,40.8136,-74.0744,Outdoor,Turf,3.0,2010.0,21.1,0.0,74.88000000000001,45.0,1012.7
2021,3,12,Evan Mcpherson,cincinnati_bengals,7.0,25.6,7.0,7.0,43,1,1,100.0,0,0,0,1,0,2021-09-26,1:00PM,Acrisure Stadium,Pittsburgh,PA,40.4468,-80.0158,Outdoor,Grass,730.0,2001.0,20.8,0.0,64.08,37.0,1017.2
2021,3,13,Rodrigo Blankenship,indianapolis_colts,11.0,25.2,11.0,11.0,43,3,4,75.0,0,2,0,1,0,2021-09-26,1:00PM,Nissan Stadium,Nashville,TN,36.1665,-86.7713,Outdoor,Grass,476.0,1999.0,23.3,0.0,5.760000000000001,61.0,1020.6
2021,3,14,Zane Gonzalez,carolina_panthers,6.0,25.0,6.0,6.0,21,1,1,100.0,0,1,0,0,0,2021-09-23,8:20PM,NRG Stadium,Houston,TX,29.6847,-95.4107,Indoor,Turf,50.0,2002.0,21.4,0.0,29.880000000000003,62.0,1016.9
2021,3,15,Zane Gonzalez,detroit_lions,6.0,25.0,6.0,6.0,21,1,1,100.0,0,1,0,0,0,2021-09-26,1:00PM,Ford Field,Detroit,MI,42.34,-83.0456,Indoor,Turf,600.0,2002.0,20.0,0.0,61.56000000000001,52.0,1014.5
2021,3,16,Younghoe Koo,atlanta_falcons,6.0,24.9,6.0,6.0,40,1,1,100.0,0,0,0,1,0,2021-09-26,1:00PM,MetLife Stadium,East Rutherford,NJ,40.8136,-74.0744,Outdoor,Turf,3.0,2010.0,21.1,0.0,74.88000000000001,45.0,1012.7
2021,3,17,Harrison Butker,kansas_city_chiefs,6.0,24.9,6.0,6.0,34,1,1,100.0,0,0,1,0,0,2021-09-26,1:00PM,GEHA Field at Arrowhead Stadium,Kansas City,MO,39.049,-94.4839,Outdoor,Grass,1020.0,1972.0,29.5,0.0,95.04,35.0,1011.1
2021,3,18,Randy Bullock,tennessee_titans,5.0,24.2,5.0,5.0,32,1,1,100.0,0,0,1,0,0,2021-09-26,1:00PM,Nissan Stadium,Nashville,TN,36.1665,-86.7713,Outdoor,Grass,476.0,1999.0,23.3,0.0,5.760000000000001,61.0,1020.6
2021,3,19,Ryan Santoso,carolina_panthers,5.0,24.2,5.0,5.0,35,1,1,100.0,0,0,1,0,0,2021-09-23,8:20PM,NRG Stadium,Houston,TX,29.6847,-95.4107,Indoor,Turf,50.0,2002.0,21.4,0.0,29.880000000000003,62.0,1016.9
2021,3,20,Ryan Santoso,detroit_lions,5.0,24.2,5.0,5.0,35,1,1,100.0,0,0,1,0,0,2021-09-26,1:00PM,Ford Field,Detroit,MI,42.34,-83.0456,Indoor,Turf,600.0,2002.0,20.0,0.0,61.56000000000001,52.0,1014.5
2021,3,21,Ryan Santoso,los_angeles_rams,5.0,24.2,5.0,5.0,35,1,1,100.0,0,0,1,0,0,2021-09-26,4:25PM,SoFi Stadium,Inglewood,CA,33.9535,-118.3392,Outdoor,Turf,100.0,2020.0,18.9,0.0,89.64,77.0,1015.7
2021,3,22,Ryan Santoso,tennessee_titans,5.0,24.2,5.0,5.0,35,1,1,100.0,0,0,1,0,0,2021-09-26,1:00PM,Nissan Stadium,Nashville,TN,36.1665,-86.7713,Outdoor,Grass,476.0,1999.0,23.3,0.0,5.760000000000001,61.0,1020.6
2021,3,23,Joey Slye,houston_texans,5.0,24.2,5.0,5.0,53,1,1,100.0,0,0,0,0,1,2021-09-23,8:20PM,NRG Stadium,Houston,TX,29.6847,-95.4107,Indoor,Turf,50.0,2002.0,21.4,0.0,29.880000000000003,62.0,1016.9
2021,3,24,Joey Slye,san_francisco_49ers,5.0,24.2,5.0,5.0,53,1,1,100.0,0,0,0,0,1,2021-09-26,8:20PM,Levi's Stadium,Santa Clara,CA,37.403,-121.9692,Outdoor,Grass,13.0,2014.0,16.0,0.0,52.92,79.0,1016.6
2021,3,25,Tristan Vizcaino,los_angeles_chargers,4.0,23.6,4.0,4.0,24,1,1,100.0,0,1,0,0,0,2021-09-26,1:00PM,GEHA Field at Arrowhead Stadium,Kansas City,MO,39.049,-94.4839,Outdoor,Grass,1020.0,1972.0,29.5,0.0,95.04,35.0,1011.1
2021,3,26,Jason Sanders,miami_dolphins,11.0,22.64,11.0,11.0,50,2,3,66.7,0,0,0,1,1,2021-09-26,4:05PM,Allegiant Stadium,Las Vegas,NV,36.0908,-115.183,Indoor,Turf,2001.0,2020.0,34.1,0.0,19.44,18.0,1007.9
2021,3,27,Matt Prater,arizona_cardinals,7.0,15.8,7.0,7.0,34,1,2,50.0,0,0,1,0,0,2021-09-26,1:00PM,TIAA Bank Field,Jacksonville,FL,30.3239,-81.6373,Outdoor,Grass,16.0,1995.0,27.2,0.0,32.76,48.0,1020.0
2021,3,28,Jason Myers,seattle_seahawks,7.0,15.8,7.0,7.0,53,1,2,50.0,0,0,0,0,1,2021-09-26,4:25PM,U.S. Bank Stadium,Minneapolis,MN,44.974,-93.2581,Indoor,Turf,840.0,2016.0,26.2,0.0,35.28,47.0,1004.1
2021,3,29,Ryan Succop,tampa_bay_buccaneers,6.0,15.2,6.0,6.0,26,1,2,50.0,0,1,0,0,0,2021-09-26,4:25PM,SoFi Stadium,Inglewood,CA,33.9535,-118.3392,Outdoor,Turf,100.0,2020.0,18.9,0.0,89.64,77.0,1015.7
2021,3,30,Chris Boswell,pittsburgh_steelers,4.0,13.8,4.0,4.0,26,1,2,50.0,0,1,0,0,0,2021-09-26,1:00PM,Acrisure Stadium,Pittsburgh,PA,40.4468,-80.0158,Outdoor,Grass,730.0,2001.0,20.8,0.0,64.08,37.0,1017.2
2021,3,31,Greg Zuerlein,dallas_cowboys,5.0,3.5,5.0,5.0,0,0,0,0.0,0,0,0,0,0,2021-09-27,8:15PM,AT&T Stadium,Arlington,TX,32.7473,-97.0945,Indoor,Turf,639.0,2009.0,26.2,0.0,43.56,47.0,1011.8
2021,3,32,Aldrick Rosas,detroit_lions,4.0,3.2,4.0,4.0,0,0,2,0.0,0,0,0,0,0,2021-09-26,1:00PM,Ford Field,Detroit,MI,42.34,-83.0456,Indoor,Turf,600.0,2002.0,20.0,0.0,61.56000000000001,52.0,1014.5
2021,3,33,Aldrick Rosas,new_orleans_saints,4.0,3.2,4.0,4.0,0,0,2,0.0,0,0,0,0,0,2021-09-26,1:00PM,Gillette Stadium,Foxborough,MA,42.0909,-71.2643,Outdoor,Turf,289.0,2002.0,22.0,0.0,56.88,53.0,1007.7
2021,3,34,Robbie Gould,san_francisco_49ers,4.0,2.8,4.0,4.0,0,0,0,0.0,0,0,0,0,0,2021-09-26,8:20PM,Levi's Stadium,Santa Clara,CA,37.403,-121.9692,Outdoor,Grass,13.0,2014.0,16.0,0.0,52.92,79.0,1016.6
2021,3,35,Dustin Hopkins,los_angeles_chargers,3.0,2.1,3.0,3.0,0,0,0,0.0,0,0,0,0,0,2021-09-26,1:00PM,GEHA Field at Arrowhead Stadium,Kansas City,MO,39.049,-94.4839,Outdoor,Grass,1020.0,1972.0,29.5,0.0,95.04,35.0,1011.1
2021,3,36,Jake Elliott,philadelphia_eagles,3.0,2.1,3.0,3.0,0,0,0,0.0,0,0,0,0,0,2021-09-27,8:15PM,AT&T Stadium,Arlington,TX,32.7473,-97.0945,Indoor,Turf,639.0,2009.0,26.2,0.0,43.56,47.0,1011.8
2021,3,37,Josh Lambo,jacksonville_jaguars,1.0,0.7,1.0,1.0,0,0,0,0.0,0,0,0,0,0,2021-09-26,1:00PM,TIAA Bank Field,Jacksonville,FL,30.3239,-81.6373,Outdoor,Grass,16.0,1995.0,27.2,0.0,32.76,48.0,1020.0
2021,3,38,Josh Lambo,pittsburgh_steelers,1.0,0.7,1.0,1.0,0,0,0,0.0,0,0,0,0,0,2021-09-26,1:00PM,Acrisure Stadium,Pittsburgh,PA,40.4468,-80.0158,Outdoor,Grass,730.0,2001.0,20.8,0.0,64.08,37.0,1017.2
2021,3,39,Matt Ammendola,new_york_jets,0.0,0.0,0.0,0.0,0,0,0,0.0,0,0,0,0,0,2021-09-26,4:05PM,Empower Field at Mile High,Denver,CO,39.7439,-105.0201,Outdoor,Turf,5280.0,2001.0,30.8,0.0,47.16,10.0,1006.0
2021,3,40,Cameron Nizialek,atlanta_falcons,0.0,0.0,0.0,0.0,0,0,0,0.0,0,0,0,0,0,2021-09-26,1:00PM,MetLife Stadium,East Rutherford,NJ,40.8136,-74.0744,Outdoor,Turf,3.0,2010.0,21.1,0.0,74.88000000000001,45.0,1012.7
2021,3,41,Cameron Nizialek,pittsburgh_steelers,0.0,0.0,0.0,0.0,0,0,0,0.0,0,0,0,0,0,2021-09-26,1:00PM,Acrisure Stadium,Pittsburgh,PA,40.4468,-80.0158,Outdoor,Grass,730.0,2001.0,20.8,0.0,64.08,37.0,1017.2
2021,3,42,Ty Long,los_angeles_chargers,0.0,0.0,0.0,0.0,0,0,0,0.0,0,0,0,0,0,2021-09-26,1:00PM,GEHA Field at Arrowhead Stadium,Kansas City,MO,39.049,-94.4839,Outdoor,Grass,1020.0,1972.0,29.5,0.0,95.04,35.0,1011.1
2021,4,1,Tyler Bass,buffalo_bills,16.0,34.3,16.0,16.0,33,4,4,100.0,0,3,1,0,0,2021-10-03,1:00PM,Highmark Stadium,Orchard Park,NY,42.7738,-78.7868,Outdoor,Grass,600.0,1973.0,19.9,0.6,54.0,93.0,1012.3
2021,4,2,Matt Prater,arizona_cardinals,15.0,32.8,15.0,15.0,55,3,3,100.0,0,2,0,0,1,2021-10-03,4:05PM,SoFi Stadium,Inglewood,CA,33.9535,-118.3392,Outdoor,Turf,100.0,2020.0,25.9,0.0,54.72,34.0,1011.2
2021,4,3,Justin Tucker,baltimore_ravens,13.0,31.3,13.0,13.0,46,3,3,100.0,0,1,0,2,0,2021-10-03,4:25PM,Empower Field at Mile High,Denver,CO,39.7439,-105.0201,Outdoor,Turf,5280.0,2001.0,24.7,0.0,20.16,13.0,1014.2
2021,4,4,Jake Elliott,philadelphia_eagles,12.0,30.7,12.0,12.0,31,3,3,100.0,0,2,1,0,0,2021-10-03,1:00PM,Lincoln Financial Field,Philadelphia,PA,39.9008,-75.1675,Outdoor,Grass,30.0,2003.0,26.4,0.0,34.92,55.0,1014.9
2021,4,5,Ryan Succop,tampa_bay_buccaneers,15.0,29.7,15.0,15.0,48,4,5,80.0,0,2,0,2,0,2021-10-03,8:20PM,Gillette Stadium,Foxborough,MA,42.0909,-71.2643,Outdoor,Turf,289.0,2002.0,15.4,0.2,34.56,94.0,1015.0
2021,4,6,Rodrigo Blankenship,indianapolis_colts,10.0,28.4,10.0,10.0,43,2,2,100.0,0,0,1,1,0,2021-10-03,1:00PM,Hard Rock Stadium,Miami Gardens,FL,25.958,-80.238,Outdoor,Grass,7.0,1987.0,28.2,0.1,54.72,64.0,1016.8
2021,4,7,Mason Crosby,green_bay_packers,9.0,27.9,9.0,9.0,29,2,2,100.0,0,2,0,0,0,2021-10-03,4:25PM,Lambeau Field,Green Bay,WI,44.5013,-88.0622,Outdoor,Grass,640.0,1957.0,19.5,0.0,34.92,92.0,1009.0
2021,4,8,Matt Ammendola,new_york_jets,9.0,27.9,9.0,9.0,27,2,2,100.0,0,2,0,0,0,2021-10-03,1:00PM,MetLife Stadium,East Rutherford,NJ,40.8136,-74.0744,Outdoor,Turf,3.0,2010.0,24.9,0.0,35.64,51.0,1014.5
2021,4,9,Chase Mclaughlin,cleveland_browns,9.0,27.7,9.0,9.0,53,2,2,100.0,0,0,0,1,1,2021-10-03,1:00PM,U.S. Bank Stadium,Minneapolis,MN,44.974,-93.2581,Indoor,Turf,840.0,2016.0,20.5,0.0,39.96,56.0,1013.5
2021,4,10,Randy Bullock,tennessee_titans,12.0,25.7,12.0,12.0,46,3,4,75.0,0,0,1,2,0,2021-10-03,1:00PM,MetLife Stadium,East Rutherford,NJ,40.8136,-74.0744,Outdoor,Turf,3.0,2010.0,24.9,0.0,35.64,51.0,1014.5
2021,4,11,Chris Boswell,pittsburgh_steelers,7.0,25.6,7.0,7.0,52,1,1,100.0,0,0,0,0,1,2021-10-03,4:25PM,Lambeau Field,Green Bay,WI,44.5013,-88.0622,Outdoor,Grass,640.0,1957.0,19.5,0.0,34.92,92.0,1009.0
2021,4,12,Younghoe Koo,atlanta_falcons,6.0,25.0,6.0,6.0,25,1,1,100.0,0,1,0,0,0,2021-10-03,1:00PM,Mercedes-Benz Stadium,Atlanta,GA,33.755,-84.4008,Indoor,Turf,1050.0,2017.0,22.6,0.7,38.52,87.0,1018.4
2021,4,13,Cairo Santos,chicago_bears,6.0,24.9,6.0,6.0,33,1,1,100.0,0,0,1,0,0,2021-10-03,1:00PM,Soldier Field,Chicago,IL,41.8623,-87.6167,Outdoor,Grass,595.0,1924.0,23.0,0.1,11.88,72.0,1009.3
2021,4,14,Greg Zuerlein,dallas_cowboys,6.0,24.9,6.0,6.0,37,1,1,100.0,0,0,1,0,0,2021-10-03,1:00PM,AT&T Stadium,Arlington,TX,32.7473,-97.0945,Indoor,Turf,639.0,2009.0,28.4,0.0,40.68000000000001,45.0,1017.1
2021,4,15,Jason Sanders,miami_dolphins,5.0,24.2,5.0,5.0,38,1,1,100.0,0,0,1,0,0,2021-10-03,1:00PM,Hard Rock Stadium,Miami Gardens,FL,25.958,-80.238,Outdoor,Grass,7.0,1987.0,28.2,0.1,54.72,64.0,1016.8
2021,4,16,Dustin Hopkins,los_angeles_chargers,4.0,23.6,4.0,4.0,21,1,1,100.0,0,1,0,0,0,2021-10-04,8:15PM,SoFi Stadium,Inglewood,CA,33.9535,-118.3392,Outdoor,Turf,100.0,2020.0,21.0,0.0,37.080000000000005,72.0,1010.4
2021,4,17,Matt Gay,los_angeles_rams,9.0,21.34,9.0,9.0,42,2,3,66.7,0,1,0,1,0,2021-10-03,4:05PM,SoFi Stadium,Inglewood,CA,33.9535,-118.3392,Outdoor,Turf,100.0,2020.0,25.9,0.0,54.72,34.0,1011.2
2021,4,18,Graham Gano,new_york_giants,8.0,20.64,8.0,8.0,48,2,3,66.7,0,1,0,1,0,2021-10-03,1:00PM,Caesars Superdome,New Orleans,LA,29.9509,-90.0815,Indoor,Turf,3.0,1975.0,26.2,0.2,17.64,89.0,1015.9
2021,4,19,Evan Mcpherson,cincinnati_bengals,6.0,15.1,6.0,6.0,35,1,2,50.0,0,0,1,0,0,2021-09-30,8:20PM,Paycor Stadium,Cincinnati,OH,39.0954,-84.516,Outdoor,Turf,482.0,2000.0,20.0,0.0,29.880000000000003,65.0,1021.7
2021,4,20,Nick Folk,new_england_patriots,5.0,14.5,5.0,5.0,27,1,2,50.0,0,1,0,0,0,2021-10-03,8:20PM,Gillette Stadium,Foxborough,MA,42.0909,-71.2643,Outdoor,Turf,289.0,2002.0,15.4,0.2,34.56,94.0,1015.0
2021,4,21,Harrison Butker,kansas_city_chiefs,6.0,4.2,6.0,6.0,0,0,0,0.0,0,0,0,0,0,2021-10-03,1:00PM,Lincoln Financial Field,Philadelphia,PA,39.9008,-75.1675,Outdoor,Grass,30.0,2003.0,26.4,0.0,34.92,55.0,1014.9
2021,4,22,Zane Gonzalez,carolina_panthers,4.0,3.0,4.0,4.0,0,0,1,0.0,0,0,0,0,0,2021-10-03,1:00PM,AT&T Stadium,Arlington,TX,32.7473,-97.0945,Indoor,Turf,639.0,2009.0,28.4,0.0,40.68000000000001,45.0,1017.1
2021,4,23,Zane Gonzalez,detroit_lions,4.0,3.0,4.0,4.0,0,0,1,0.0,0,0,0,0,0,2021-10-03,1:00PM,Soldier Field,Chicago,IL,41.8623,-87.6167,Outdoor,Grass,595.0,1924.0,23.0,0.1,11.88,72.0,1009.3
2021,4,24,Jason Myers,seattle_seahawks,4.0,2.8,4.0,4.0,0,0,0,0.0,0,0,0,0,0,2021-10-03,4:05PM,Levi's Stadium,Santa Clara,CA,37.403,-121.9692,Outdoor,Grass,13.0,2014.0,31.3,0.0,69.84,19.0,1012.5
2021,4,25,Tristan Vizcaino,los_angeles_chargers,4.0,2.8,4.0,4.0,0,0,0,0.0,0,0,0,0,0,2021-10-04,8:15PM,SoFi Stadium,Inglewood,CA,33.9535,-118.3392,Outdoor,Turf,100.0,2020.0,21.0,0.0,37.080000000000005,72.0,1010.4
2021,4,26,Aldrick Rosas,detroit_lions,3.0,2.3,3.0,3.0,0,0,1,0.0,0,0,0,0,0,2021-10-03,1:00PM,Soldier Field,Chicago,IL,41.8623,-87.6167,Outdoor,Grass,595.0,1924.0,23.0,0.1,11.88,72.0,1009.3
2021,4,27,Aldrick Rosas,new_orleans_saints,3.0,2.3,3.0,3.0,0,0,1,0.0,0,0,0,0,0,2021-10-03,1:00PM,Caesars Superdome,New Orleans,LA,29.9509,-90.0815,Indoor,Turf,3.0,1975.0,26.2,0.2,17.64,89.0,1015.9
2021,4,28,Matthew Wright,jacksonville_jaguars,3.0,2.1,3.0,3.0,0,0,0,0.0,0,0,0,0,0,2021-09-30,8:20PM,Paycor Stadium,Cincinnati,OH,39.0954,-84.516,Outdoor,Turf,482.0,2000.0,20.0,0.0,29.880000000000003,65.0,1021.7
2021,4,29,Daniel Carlson,las_vegas_raiders,2.0,1.6,2.0,2.0,0,0,1,0.0,0,0,0,0,0,2021-10-04,8:15PM,SoFi Stadium,Inglewood,CA,33.9535,-118.3392,Outdoor,Turf,100.0,2020.0,21.0,0.0,37.080000000000005,72.0,1010.4
2021,4,30,Ryan Santoso,carolina_panthers,2.0,1.4,2.0,2.0,0,0,0,0.0,0,0,0,0,0,2021-10-03,1:00PM,AT&T Stadium,Arlington,TX,32.7473,-97.0945,Indoor,Turf,639.0,2009.0,28.4,0.0,40.68000000000001,45.0,1017.1
2021,4,31,Ryan Santoso,detroit_lions,2.0,1.4,2.0,2.0,0,0,0,0.0,0,0,0,0,0,2021-10-03,1:00PM,Soldier Field,Chicago,IL,41.8623,-87.6167,Outdoor,Grass,595.0,1924.0,23.0,0.1,11.88,72.0,1009.3
2021,4,32,Ryan Santoso,los_angeles_rams,2.0,1.4,2.0,2.0,0,0,0,0.0,0,0,0,0,0,2021-10-03,4:05PM,SoFi Stadium,Inglewood,CA,33.9535,-118.3392,Outdoor,Turf,100.0,2020.0,25.9,0.0,54.72,34.0,1011.2
2021,4,33,Ryan Santoso,tennessee_titans,2.0,1.4,2.0,2.0,0,0,0,0.0,0,0,0,0,0,2021-10-03,1:00PM,MetLife Stadium,East Rutherford,NJ,40.8136,-74.0744,Outdoor,Turf,3.0,2010.0,24.9,0.0,35.64,51.0,1014.5
2021,4,34,Brandon Mcmanus,denver_broncos,1.0,0.7,1.0,1.0,0,0,0,0.0,0,0,0,0,0,2021-10-03,4:25PM,Empower Field at Mile High,Denver,CO,39.7439,-105.0201,Outdoor,Turf,5280.0,2001.0,24.7,0.0,20.16,13.0,1014.2
2021,4,35,Greg Joseph,minnesota_vikings,1.0,0.7,1.0,1.0,0,0,0,0.0,0,0,0,0,0,2021-10-03,1:00PM,U.S. Bank Stadium,Minneapolis,MN,44.974,-93.2581,Indoor,Turf,840.0,2016.0,20.5,0.0,39.96,56.0,1013.5
2021,4,36,Cameron Nizialek,atlanta_falcons,0.0,0.0,0.0,0.0,0,0,0,0.0,0,0,0,0,0,2021-10-03,1:00PM,Mercedes-Benz Stadium,Atlanta,GA,33.755,-84.4008,Indoor,Turf,1050.0,2017.0,22.6,0.7,38.52,87.0,1018.4
2021,4,37,Cameron Nizialek,pittsburgh_steelers,0.0,0.0,0.0,0.0,0,0,0,0.0,0,0,0,0,0,2021-10-03,4:25PM,Lambeau Field,Green Bay,WI,44.5013,-88.0622,Outdoor,Grass,640.0,1957.0,19.5,0.0,34.92,92.0,1009.0
2021,4,38,Ty Long,los_angeles_chargers,0.0,0.0,0.0,0.0,0,0,0,0.0,0,0,0,0,0,2021-10-04,8:15PM,SoFi Stadium,Inglewood,CA,33.9535,-118.3392,Outdoor,Turf,100.0,2020.0,21.0,0.0,37.080000000000005,72.0,1010.4
2021,4,39,Ka'Imi Fairbairn,houston_texans,0.0,0.0,0.0,0.0,0,0,0,0.0,0,0,0,0,0,2021-10-03,1:00PM,Highmark Stadium,Orchard Park,NY,42.7738,-78.7868,Outdoor,Grass,600.0,1973.0,19.9,0.6,54.0,93.0,1012.3
2021,5,1,Nick Folk,new_england_patriots,17.0,34.8,17.0,17.0,52,4,4,100.0,0,1,1,0,2,2021-10-10,1:00PM,NRG Stadium,Houston,TX,29.6847,-95.4107,Indoor,Turf,50.0,2002.0,29.0,0.1,101.88,74.0,1010.7
2021,5,2,Greg Zuerlein,dallas_cowboys,14.0,31.9,14.0,14.0,38,3,3,100.0,0,0,3,0,0,2021-10-10,4:25PM,AT&T Stadium,Arlington,TX,32.7473,-97.0945,Indoor,Turf,639.0,2009.0,32.8,0.0,121.68,45.0,1002.2
2021,5,3,Zane Gonzalez,carolina_panthers,14.0,31.9,14.0,14.0,50,3,3,100.0,0,0,0,2,1,2021-10-10,1:00PM,Bank of America Stadium,Charlotte,NC,35.2258,-80.8528,Outdoor,Grass,748.0,1996.0,25.0,0.0,58.68000000000001,57.0,1016.1
2021,5,4,Zane Gonzalez,detroit_lions,14.0,31.9,14.0,14.0,50,3,3,100.0,0,0,0,2,1,2021-10-10,1:00PM,U.S. Bank Stadium,Minneapolis,MN,44.974,-93.2581,Indoor,Turf,840.0,2016.0,21.5,0.0,75.60000000000001,63.0,998.4
2021,5,5,Greg Joseph,minnesota_vikings,17.0,30.9,17.0,17.0,55,4,5,80.0,0,0,2,0,2,2021-10-10,1:00PM,U.S. Bank Stadium,Minneapolis,MN,44.974,-93.2581,Indoor,Turf,840.0,2016.0,21.5,0.0,75.60000000000001,63.0,998.4
2021,5,6,Austin Seibert,detroit_lions,12.0,30.5,12.0,12.0,52,3,3,100.0,0,0,1,1,1,2021-10-10,1:00PM,U.S. Bank Stadium,Minneapolis,MN,44.974,-93.2581,Indoor,Turf,840.0,2016.0,21.5,0.0,75.60000000000001,63.0,998.4
2021,5,7,Dustin Hopkins,los_angeles_chargers,11.0,30.0,11.0,11.0,45,3,3,100.0,0,2,0,1,0,2021-10-10,4:05PM,SoFi Stadium,Inglewood,CA,33.9535,-118.3392,Outdoor,Turf,100.0,2020.0,19.9,0.0,82.08,71.0,1013.7
2021,5,8,Younghoe Koo,atlanta_falcons,11.0,29.1,11.0,11.0,52,2,2,100.0,0,0,1,0,1,2021-10-10,9:30AM,Mercedes-Benz Stadium,Atlanta,GA,33.755,-84.4008,Indoor,Turf,1050.0,2017.0,19.3,0.0,31.32,85.0,1018.6
2021,5,9,Chris Boswell,pittsburgh_steelers,11.0,29.1,11.0,11.0,48,2,2,100.0,0,0,0,2,0,2021-10-10,1:00PM,Acrisure Stadium,Pittsburgh,PA,40.4468,-80.0158,Outdoor,Grass,730.0,2001.0,23.2,0.0,28.08,58.0,1017.8
2021,5,10,Harrison Butker,kansas_city_chiefs,10.0,28.4,10.0,10.0,54,2,2,100.0,0,0,1,0,1,2021-10-10,8:20PM,GEHA Field at Arrowhead Stadium,Kansas City,MO,39.049,-94.4839,Outdoor,Grass,1020.0,1972.0,18.9,1.1,42.48,91.0,1005.0
2021,5,11,Cairo Santos,chicago_bears,10.0,28.4,10.0,10.0,46,2,2,100.0,0,0,0,2,0,2021-10-10,4:05PM,Allegiant Stadium,Las Vegas,NV,36.0908,-115.183,Indoor,Turf,2001.0,2020.0,24.1,0.0,7.56,16.0,1012.5
2021,5,12,Chase Mclaughlin,cleveland_browns,10.0,28.4,10.0,10.0,35,2,2,100.0,0,0,2,0,0,2021-10-10,4:05PM,SoFi Stadium,Inglewood,CA,33.9535,-118.3392,Outdoor,Turf,100.0,2020.0,19.9,0.0,82.08,71.0,1013.7
2021,5,13,Ryan Succop,tampa_bay_buccaneers,10.0,27.7,10.0,10.0,42,1,1,100.0,0,0,0,1,0,2021-10-10,1:00PM,Raymond James Stadium,Tampa,FL,27.9759,-82.5033,Outdoor,Grass,26.0,1998.0,27.2,0.1,33.480000000000004,65.0,1013.3
2021,5,14,Matt Gay,los_angeles_rams,9.0,27.7,9.0,9.0,47,2,2,100.0,0,0,1,1,0,2021-10-07,8:20PM,Lumen Field,Seattle,WA,47.5952,-122.3316,Outdoor,Turf,20.0,2002.0,9.5,0.0,29.880000000000003,82.0,1017.9
2021,5,15,Jake Elliott,philadelphia_eagles,9.0,27.7,9.0,9.0,58,2,2,100.0,0,0,1,0,1,2021-10-10,1:00PM,Bank of America Stadium,Charlotte,NC,35.2258,-80.8528,Outdoor,Grass,748.0,1996.0,25.0,0.0,58.68000000000001,57.0,1016.1
2021,5,16,Brandon Mcmanus,denver_broncos,7.0,26.4,7.0,7.0,39,2,2,100.0,0,1,1,0,0,2021-10-10,1:00PM,Acrisure Stadium,Pittsburgh,PA,40.4468,-80.0158,Outdoor,Grass,730.0,2001.0,23.2,0.0,28.08,58.0,1017.8
2021,5,17,Matt Ammendola,new_york_jets,7.0,26.3,7.0,7.0,49,2,2,100.0,0,0,1,1,0,2021-10-10,9:30AM,Mercedes-Benz Stadium,Atlanta,GA,33.755,-84.4008,Indoor,Turf,1050.0,2017.0,19.3,0.0,31.32,85.0,1018.6
2021,5,18,Tyler Bass,buffalo_bills,8.0,26.3,8.0,8.0,30,1,1,100.0,0,0,1,0,0,2021-10-10,8:20PM,GEHA Field at Arrowhead Stadium,Kansas City,MO,39.049,-94.4839,Outdoor,Grass,1020.0,1972.0,18.9,1.1,42.48,91.0,1005.0
2021,5,19,Mason Crosby,green_bay_packers,16.0,26.12,16.0,16.0,49,4,7,57.1,0,1,0,3,0,2021-10-10,1:00PM,Paycor Stadium,Cincinnati,OH,39.0954,-84.516,Outdoor,Turf,482.0,2000.0,27.4,0.0,58.68000000000001,57.0,1014.0
2021,5,20,Randy Bullock,tennessee_titans,7.0,25.6,7.0,7.0,34,1,1,100.0,0,0,1,0,0,2021-10-10,1:00PM,TIAA Bank Field,Jacksonville,FL,30.3239,-81.6373,Outdoor,Grass,16.0,1995.0,25.3,0.0,54.0,68.0,1014.6
2021,5,21,Jason Sanders,miami_dolphins,5.0,24.3,5.0,5.0,23,1,1,100.0,0,1,0,0,0,2021-10-10,1:00PM,Raymond James Stadium,Tampa,FL,27.9759,-82.5033,Outdoor,Grass,26.0,1998.0,27.2,0.1,33.480000000000004,65.0,1013.3
2021,5,22,Joey Slye,houston_texans,5.0,24.2,5.0,5.0,47,1,1,100.0,0,0,0,1,0,2021-10-10,1:00PM,NRG Stadium,Houston,TX,29.6847,-95.4107,Indoor,Turf,50.0,2002.0,29.0,0.1,101.88,74.0,1010.7
2021,5,23,Joey Slye,san_francisco_49ers,5.0,24.2,5.0,5.0,47,1,1,100.0,0,0,0,1,0,2021-10-10,4:25PM,State Farm Stadium,Glendale,AZ,33.5275,-112.2625,Indoor,Turf,1070.0,2006.0,28.8,0.0,18.36,12.0,1010.0
2021,5,24,Graham Gano,new_york_giants,12.0,23.34,12.0,12.0,51,2,3,66.7,0,0,0,0,2,2021-10-10,4:25PM,AT&T Stadium,Arlington,TX,32.7473,-97.0945,Indoor,Turf,639.0,2009.0,32.8,0.0,121.68,45.0,1002.2
2021,5,25,Justin Tucker,baltimore_ravens,3.0,22.9,3.0,3.0,23,1,1,100.0,0,1,0,0,0,2021-10-11,8:15PM,M&T Bank Stadium,Baltimore,MD,39.2779,-76.6227,Outdoor,Grass,10.0,1998.0,19.9,0.0,11.16,87.0,1018.4
2021,5,26,Daniel Carlson,las_vegas_raiders,3.0,22.8,3.0,3.0,31,1,1,100.0,0,0,1,0,0,2021-10-10,4:05PM,Allegiant Stadium,Las Vegas,NV,36.0908,-115.183,Indoor,Turf,2001.0,2020.0,24.1,0.0,7.56,16.0,1012.5
2021,5,27,Rodrigo Blankenship,indianapolis_colts,8.0,17.4,8.0,8.0,43,2,4,50.0,0,0,1,1,0,2021-10-11,8:15PM,M&T Bank Stadium,Baltimore,MD,39.2779,-76.6227,Outdoor,Grass,10.0,1998.0,19.9,0.0,11.16,87.0,1018.4
2021,5,28,Matt Prater,arizona_cardinals,5.0,14.5,5.0,5.0,21,1,2,50.0,0,1,0,0,0,2021-10-10,4:25PM,State Farm Stadium,Glendale,AZ,33.5275,-112.2625,Indoor,Turf,1070.0,2006.0,28.8,0.0,18.36,12.0,1010.0
2021,5,29,Jason Myers,seattle_seahawks,5.0,14.4,5.0,5.0,32,1,2,50.0,0,0,1,0,0,2021-10-07,8:20PM,Lumen Field,Seattle,WA,47.5952,-122.3316,Outdoor,Turf,20.0,2002.0,9.5,0.0,29.880000000000003,82.0,1017.9
2021,5,30,Ka'Imi Fairbairn,houston_texans,4.0,13.7,4.0,4.0,33,1,2,50.0,0,0,1,0,0,2021-10-10,1:00PM,NRG Stadium,Houston,TX,29.6847,-95.4107,Indoor,Turf,50.0,2002.0,29.0,0.1,101.88,74.0,1010.7
2021,5,31,Tristan Vizcaino,los_angeles_chargers,3.0,2.1,3.0,3.0,0,0,0,0.0,0,0,0,0,0,2021-10-10,4:05PM,SoFi Stadium,Inglewood,CA,33.9535,-118.3392,Outdoor,Turf,100.0,2020.0,19.9,0.0,82.08,71.0,1013.7
2021,5,32,Cody Parkey,new_orleans_saints,3.0,2.1,3.0,3.0,0,0,0,0.0,0,0,0,0,0,2021-10-10,1:00PM,FedExField,Landover,MD,38.9078,-76.8645,Outdoor,Grass,300.0,1997.0,20.0,0.1,58.68000000000001,87.0,1018.4
2021,5,33,Evan Mcpherson,cincinnati_bengals,2.0,1.8,2.0,2.0,0,0,2,0.0,0,0,0,0,0,2021-10-10,1:00PM,Paycor Stadium,Cincinnati,OH,39.0954,-84.516,Outdoor,Turf,482.0,2000.0,27.4,0.0,58.68000000000001,57.0,1014.0
2021,5,34,Matthew Wright,jacksonville_jaguars,1.0,0.9,1.0,1.0,0,0,1,0.0,0,0,0,0,0,2021-10-10,1:00PM,TIAA Bank Field,Jacksonville,FL,30.3239,-81.6373,Outdoor,Grass,16.0,1995.0,25.3,0.0,54.0,68.0,1014.6
2021,5,35,Brian Johnson,chicago_bears,0.0,0.0,0.0,0.0,0,0,0,0.0,0,0,0,0,0,2021-10-10,4:05PM,Allegiant Stadium,Las Vegas,NV,36.0908,-115.183,Indoor,Turf,2001.0,2020.0,24.1,0.0,7.56,16.0,1012.5
2021,5,36,Brian Johnson,new_orleans_saints,0.0,0.0,0.0,0.0,0,0,0,0.0,0,0,0,0,0,2021-10-10,1:00PM,FedExField,Landover,MD,38.9078,-76.8645,Outdoor,Grass,300.0,1997.0,20.0,0.1,58.68000000000001,87.0,1018.4
2021,5,37,Ty Long,los_angeles_chargers,0.0,0.0,0.0,0.0,0,0,0,0.0,0,0,0,0,0,2021-10-10,4:05PM,SoFi Stadium,Inglewood,CA,33.9535,-118.3392,Outdoor,Turf,100.0,2020.0,19.9,0.0,82.08,71.0,1013.7
2021,6,1,Matthew Wright,jacksonville_jaguars,16.0,33.3,16.0,16.0,54,3,3,100.0,0,0,0,1,2,2021-10-17,9:30AM,TIAA Bank Field,Jacksonville,FL,30.3239,-81.6373,Outdoor,Grass,16.0,1995.0,17.8,0.0,69.84,71.0,1018.7
2021,6,2,Matt Prater,arizona_cardinals,15.0,32.6,15.0,15.0,51,3,3,100.0,0,0,2,0,1,2021-10-17,4:05PM,FirstEnergy Stadium,Cleveland,OH,41.5061,-81.6995,Outdoor,Grass,577.0,1999.0,14.1,0.0,89.64,52.0,1015.6
2021,6,3,Tyler Bass,buffalo_bills,13.0,31.4,13.0,13.0,52,3,3,100.0,0,2,0,0,1,2021-10-18,8:15PM,Nissan Stadium,Nashville,TN,36.1665,-86.7713,Outdoor,Grass,476.0,1999.0,18.4,0.0,14.76,54.0,1021.0
2021,6,4,Chris Boswell,pittsburgh_steelers,13.0,31.3,13.0,13.0,52,3,3,100.0,0,1,1,0,1,2021-10-17,8:20PM,Acrisure Stadium,Pittsburgh,PA,40.4468,-80.0158,Outdoor,Grass,730.0,2001.0,11.0,0.0,34.56,68.0,1016.6
2021,6,5,Justin Tucker,baltimore_ravens,12.0,29.8,12.0,12.0,52,2,2,100.0,0,0,1,0,1,2021-10-17,1:00PM,M&T Bank Stadium,Baltimore,MD,39.2779,-76.6227,Outdoor,Grass,10.0,1998.0,16.3,0.0,85.32,49.0,1013.1
2021,6,6,Randy Bullock,tennessee_titans,11.0,29.1,11.0,11.0,43,2,2,100.0,0,0,1,1,0,2021-10-18,8:15PM,Nissan Stadium,Nashville,TN,36.1665,-86.7713,Outdoor,Grass,476.0,1999.0,18.4,0.0,14.76,54.0,1021.0
2021,6,7,Evan Mcpherson,cincinnati_bengals,11.0,29.1,11.0,11.0,40,2,2,100.0,0,0,1,1,0,2021-10-17,1:00PM,Ford Field,Detroit,MI,42.34,-83.0456,Indoor,Turf,600.0,2002.0,15.2,0.0,96.48,40.0,1015.8
2021,6,8,Jason Myers,seattle_seahawks,10.0,28.4,10.0,10.0,43,2,2,100.0,0,0,0,2,0,2021-10-17,8:20PM,Acrisure Stadium,Pittsburgh,PA,40.4468,-80.0158,Outdoor,Grass,730.0,2001.0,11.0,0.0,34.56,68.0,1016.6
2021,6,9,Zane Gonzalez,carolina_panthers,9.0,27.8,9.0,9.0,47,2,2,100.0,0,1,0,1,0,2021-10-17,1:00PM,Bank of America Stadium,Charlotte,NC,35.2258,-80.8528,Outdoor,Grass,748.0,1996.0,17.4,0.0,43.2,38.0,1019.7
2021,6,10,Zane Gonzalez,detroit_lions,9.0,27.8,9.0,9.0,47,2,2,100.0,0,1,0,1,0,2021-10-17,1:00PM,Ford Field,Detroit,MI,42.34,-83.0456,Indoor,Turf,600.0,2002.0,15.2,0.0,96.48,40.0,1015.8
2021,6,11,Harrison Butker,kansas_city_chiefs,9.0,27.0,9.0,9.0,52,1,1,100.0,0,0,0,0,1,2021-10-17,1:00PM,FedExField,Landover,MD,38.9078,-76.8645,Outdoor,Grass,300.0,1997.0,16.2,0.0,82.44,46.0,1013.8
2021,6,12,Greg Zuerlein,dallas_cowboys,13.0,26.4,13.0,13.0,49,3,4,75.0,0,0,1,2,0,2021-10-17,4:25PM,Gillette Stadium,Foxborough,MA,42.0909,-71.2643,Outdoor,Turf,289.0,2002.0,16.4,0.0,63.0,47.0,1003.8
2021,6,13,Michael Badgley,unknown,8.0,26.3,8.0,8.0,41,1,1,100.0,0,0,0,1,0,,,,,,,,,,,,,,,,
2021,6,14,Matt Gay,los_angeles_rams,8.0,26.3,8.0,8.0,32,1,1,100.0,0,0,1,0,0,2021-10-17,1:00PM,MetLife Stadium,East Rutherford,NJ,40.8136,-74.0744,Outdoor,Turf,3.0,2010.0,17.2,0.0,74.88000000000001,48.0,1008.7
2021,6,15,Mason Crosby,green_bay_packers,6.0,24.9,6.0,6.0,39,1,1,100.0,0,0,1,0,0,2021-10-17,1:00PM,Soldier Field,Chicago,IL,41.8623,-87.6167,Outdoor,Grass,595.0,1924.0,17.1,0.0,70.92,43.0,1020.0
2021,6,16,Brandon Mcmanus,denver_broncos,6.0,24.9,6.0,6.0,32,1,1,100.0,0,0,1,0,0,2021-10-17,4:25PM,Empower Field at Mile High,Denver,CO,39.7439,-105.0201,Outdoor,Turf,5280.0,2001.0,21.7,0.0,47.52,17.0,1010.8
2021,6,17,Daniel Carlson,las_vegas_raiders,12.0,23.34,12.0,12.0,50,2,3,66.7,0,0,1,0,1,2021-10-17,4:25PM,Empower Field at Mile High,Denver,CO,39.7439,-105.0201,Outdoor,Turf,5280.0,2001.0,21.7,0.0,47.52,17.0,1010.8
2021,6,18,Graham Gano,new_york_giants,3.0,22.9,3.0,3.0,27,1,1,100.0,0,1,0,0,0,2021-10-17,1:00PM,MetLife Stadium,East Rutherford,NJ,40.8136,-74.0744,Outdoor,Turf,3.0,2010.0,17.2,0.0,74.88000000000001,48.0,1008.7
2021,6,19,Austin Seibert,detroit_lions,3.0,22.8,3.0,3.0,35,1,1,100.0,0,0,1,0,0,2021-10-17,1:00PM,Ford Field,Detroit,MI,42.34,-83.0456,Indoor,Turf,600.0,2002.0,15.2,0.0,96.48,40.0,1015.8
2021,6,20,Ka'Imi Fairbairn,houston_texans,3.0,22.8,3.0,3.0,31,1,1,100.0,0,0,1,0,0,2021-10-17,1:00PM,Lucas Oil Stadium,Indianapolis,IN,39.7601,-86.1639,Indoor,Turf,700.0,2008.0,15.9,0.0,54.72,51.0,1021.5
2021,6,21,Dustin Hopkins,los_angeles_chargers,10.0,21.94,10.0,10.0,50,2,3,66.7,0,0,0,1,1,2021-10-17,1:00PM,M&T Bank Stadium,Baltimore,MD,39.2779,-76.6227,Outdoor,Grass,10.0,1998.0,16.3,0.0,85.32,49.0,1013.1
2021,6,22,Greg Joseph,minnesota_vikings,10.0,21.7,10.0,10.0,38,3,5,60.0,0,2,1,0,0,2021-10-17,1:00PM,Bank of America Stadium,Charlotte,NC,35.2258,-80.8528,Outdoor,Grass,748.0,1996.0,17.4,0.0,43.2,38.0,1019.7
2021,6,23,Jason Sanders,miami_dolphins,8.0,20.64,8.0,8.0,33,2,3,66.7,0,1,1,0,0,2021-10-17,9:30AM,TIAA Bank Field,Jacksonville,FL,30.3239,-81.6373,Outdoor,Grass,16.0,1995.0,17.8,0.0,69.84,71.0,1018.7
2021,6,24,Ryan Succop,tampa_bay_buccaneers,4.0,2.8,4.0,4.0,0,0,0,0.0,0,0,0,0,0,2021-10-14,8:20PM,Lincoln Financial Field,Philadelphia,PA,39.9008,-75.1675,Outdoor,Grass,30.0,2003.0,19.4,0.0,27.0,76.0,1013.4
2021,6,25,Nick Folk,new_england_patriots,3.0,2.1,3.0,3.0,0,0,0,0.0,0,0,0,0,0,2021-10-17,4:25PM,Gillette Stadium,Foxborough,MA,42.0909,-71.2643,Outdoor,Turf,289.0,2002.0,16.4,0.0,63.0,47.0,1003.8
2021,6,26,Jake Elliott,philadelphia_eagles,2.0,1.6,2.0,2.0,0,0,1,0.0,0,0,0,0,0,2021-10-14,8:20PM,Lincoln Financial Field,Philadelphia,PA,39.9008,-75.1675,Outdoor,Grass,30.0,2003.0,19.4,0.0,27.0,76.0,1013.4
2021,6,27,Cairo Santos,chicago_bears,2.0,1.4,2.0,2.0,0,0,0,0.0,0,0,0,0,0,2021-10-17,1:00PM,Soldier Field,Chicago,IL,41.8623,-87.6167,Outdoor,Grass,595.0,1924.0,17.1,0.0,70.92,43.0,1020.0
2021,6,28,Chase Mclaughlin,cleveland_browns,2.0,1.4,2.0,2.0,0,0,0,0.0,0,0,0,0,0,2021-10-17,4:05PM,FirstEnergy Stadium,Cleveland,OH,41.5061,-81.6995,Outdoor,Grass,577.0,1999.0,14.1,0.0,89.64,52.0,1015.6
2021,6,29,Jj Molson,green_bay_packers,0.0,0.0,0.0,0.0,0,0,0,0.0,0,0,0,0,0,2021-10-17,1:00PM,Soldier Field,Chicago,IL,41.8623,-87.6167,Outdoor,Grass,595.0,1924.0,17.1,0.0,70.92,43.0,1020.0
2021,6,30,Tristan Vizcaino,los_angeles_chargers,0.0,0.0,0.0,0.0,0,0,0,0.0,0,0,0,0,0,2021-10-17,1:00PM,M&T Bank Stadium,Baltimore,MD,39.2779,-76.6227,Outdoor,Grass,10.0,1998.0,16.3,0.0,85.32,49.0,1013.1
2021,6,31,Ty Long,los_angeles_chargers,0.0,0.0,0.0,0.0,0,0,0,0.0,0,0,0,0,0,2021-10-17,1:00PM,M&T Bank Stadium,Baltimore,MD,39.2779,-76.6227,Outdoor,Grass,10.0,1998.0,16.3,0.0,85.32,49.0,1013.1
2021,7,1,Austin Seibert,detroit_lions,15.0,33.3,15.0,15.0,47,4,4,100.0,0,0,2,2,0,2021-10-24,4:05PM,SoFi Stadium,Inglewood,CA,33.9535,-118.3392,Outdoor,Turf,100.0,2020.0,18.2,0.0,68.4,72.0,1012.3
2021,7,2,Graham Gano,new_york_giants,15.0,32.6,15.0,15.0,53,3,3,100.0,0,0,0,2,1,2021-10-24,1:00PM,MetLife Stadium,East Rutherford,NJ,40.8136,-74.0744,Outdoor,Turf,3.0,2010.0,14.8,0.0,32.04,54.0,1022.1
2021,7,3,Nick Folk,new_england_patriots,14.0,31.2,14.0,14.0,50,2,2,100.0,0,0,1,0,1,2021-10-24,1:00PM,Gillette Stadium,Foxborough,MA,42.0909,-71.2643,Outdoor,Turf,289.0,2002.0,12.5,0.0,32.4,44.0,1020.5
2021,7,4,Evan Mcpherson,cincinnati_bengals,13.0,30.5,13.0,13.0,52,2,2,100.0,0,0,1,0,1,2021-10-24,1:00PM,M&T Bank Stadium,Baltimore,MD,39.2779,-76.6227,Outdoor,Grass,10.0,1998.0,15.9,0.0,43.2,64.0,1021.8
2021,7,5,Younghoe Koo,atlanta_falcons,12.0,30.5,12.0,12.0,36,3,3,100.0,0,0,3,0,0,2021-10-24,1:00PM,Hard Rock Stadium,Miami Gardens,FL,25.958,-80.238,Outdoor,Grass,7.0,1987.0,29.0,0.1,26.64,71.0,1016.2
2021,7,6,Randy Bullock,tennessee_titans,11.0,29.1,11.0,11.0,51,2,2,100.0,0,0,1,0,1,2021-10-24,1:00PM,Nissan Stadium,Nashville,TN,36.1665,-86.7713,Outdoor,Grass,476.0,1999.0,25.1,0.0,63.0,55.0,1014.6
2021,7,7,Daniel Carlson,las_vegas_raiders,9.0,27.8,9.0,9.0,39,2,2,100.0,0,1,1,0,0,2021-10-24,4:05PM,Allegiant Stadium,Las Vegas,NV,36.0908,-115.183,Indoor,Turf,2001.0,2020.0,25.8,0.0,105.48,27.0,1004.9
2021,7,8,Matt Gay,los_angeles_rams,9.0,27.7,9.0,9.0,47,2,2,100.0,0,0,1,1,0,2021-10-24,4:05PM,SoFi Stadium,Inglewood,CA,33.9535,-118.3392,Outdoor,Turf,100.0,2020.0,18.2,0.0,68.4,72.0,1012.3
2021,7,9,Joey Slye,houston_texans,8.0,27.0,8.0,8.0,56,2,2,100.0,0,0,1,0,1,2021-10-24,4:25PM,State Farm Stadium,Glendale,AZ,33.5275,-112.2625,Indoor,Turf,1070.0,2006.0,29.7,0.0,27.36,21.0,1008.6
2021,7,10,Joey Slye,san_francisco_49ers,8.0,27.0,8.0,8.0,56,2,2,100.0,0,0,1,0,1,2021-10-24,8:20PM,Levi's Stadium,Santa Clara,CA,37.403,-121.9692,Outdoor,Grass,13.0,2014.0,15.9,6.8,28.8,89.0,1004.5
2021,7,11,Brian Johnson,chicago_bears,7.0,26.4,7.0,7.0,33,2,2,100.0,0,1,1,0,0,2021-10-24,4:25PM,Raymond James Stadium,Tampa,FL,27.9759,-82.5033,Outdoor,Grass,26.0,1998.0,28.3,0.3,31.32,64.0,1014.3
2021,7,12,Brian Johnson,new_orleans_saints,7.0,26.4,7.0,7.0,33,2,2,100.0,0,1,1,0,0,2021-10-25,8:15PM,Lumen Field,Seattle,WA,47.5952,-122.3316,Outdoor,Turf,20.0,2002.0,10.4,0.2,97.2,90.0,1002.2
2021,7,13,Matt Prater,arizona_cardinals,7.0,25.6,7.0,7.0,31,1,1,100.0,0,0,1,0,0,2021-10-24,4:25PM,State Farm Stadium,Glendale,AZ,33.5275,-112.2625,Indoor,Turf,1070.0,2006.0,29.7,0.0,27.36,21.0,1008.6
2021,7,14,Michael Badgley,unknown,7.0,25.6,7.0,7.0,42,1,1,100.0,0,0,0,1,0,,,,,,,,,,,,,,,,
2021,7,15,Justin Tucker,baltimore_ravens,6.0,24.9,6.0,6.0,45,1,1,100.0,0,0,0,1,0,2021-10-24,1:00PM,M&T Bank Stadium,Baltimore,MD,39.2779,-76.6227,Outdoor,Grass,10.0,1998.0,15.9,0.0,43.2,64.0,1021.8
2021,7,16,Ka'Imi Fairbairn,houston_texans,5.0,24.2,5.0,5.0,53,1,1,100.0,0,0,0,0,1,2021-10-24,4:25PM,State Farm Stadium,Glendale,AZ,33.5275,-112.2625,Indoor,Turf,1070.0,2006.0,29.7,0.0,27.36,21.0,1008.6
2021,7,17,Zane Gonzalez,carolina_panthers,4.0,23.5,4.0,4.0,45,1,1,100.0,0,0,0,1,0,2021-10-24,1:00PM,MetLife Stadium,East Rutherford,NJ,40.8136,-74.0744,Outdoor,Turf,3.0,2010.0,14.8,0.0,32.04,54.0,1022.1
2021,7,18,Zane Gonzalez,detroit_lions,4.0,23.5,4.0,4.0,45,1,1,100.0,0,0,0,1,0,2021-10-24,4:05PM,SoFi Stadium,Inglewood,CA,33.9535,-118.3392,Outdoor,Turf,100.0,2020.0,18.2,0.0,68.4,72.0,1012.3
2021,7,19,Cairo Santos,chicago_bears,3.0,22.9,3.0,3.0,28,1,1,100.0,0,1,0,0,0,2021-10-24,4:25PM,Raymond James Stadium,Tampa,FL,27.9759,-82.5033,Outdoor,Grass,26.0,1998.0,28.3,0.3,31.32,64.0,1014.3
2021,7,20,Ryan Succop,tampa_bay_buccaneers,8.0,16.6,8.0,8.0,22,1,2,50.0,0,1,0,0,0,2021-10-24,4:25PM,Raymond James Stadium,Tampa,FL,27.9759,-82.5033,Outdoor,Grass,26.0,1998.0,28.3,0.3,31.32,64.0,1014.3
2021,7,21,Chase Mclaughlin,cleveland_browns,7.0,15.8,7.0,7.0,52,1,2,50.0,0,0,0,0,1,2021-10-21,8:20PM,FirstEnergy Stadium,Cleveland,OH,41.5061,-81.6995,Outdoor,Grass,577.0,1999.0,14.1,0.0,116.64,72.0,1010.9
2021,7,22,Mason Crosby,green_bay_packers,6.0,15.1,6.0,6.0,39,1,2,50.0,0,0,1,0,0,2021-10-24,1:00PM,Lambeau Field,Green Bay,WI,44.5013,-88.0622,Outdoor,Grass,640.0,1957.0,9.5,0.0,47.88,60.0,1017.1
2021,7,23,Chris Blewitt,cleveland_browns,5.0,14.4,5.0,5.0,45,1,2,50.0,0,0,0,1,0,2021-10-21,8:20PM,FirstEnergy Stadium,Cleveland,OH,41.5061,-81.6995,Outdoor,Grass,577.0,1999.0,14.1,0.0,116.64,72.0,1010.9
2021,7,24,Harrison Butker,kansas_city_chiefs,4.0,13.7,4.0,4.0,42,1,2,50.0,0,0,0,1,0,2021-10-24,1:00PM,Nissan Stadium,Nashville,TN,36.1665,-86.7713,Outdoor,Grass,476.0,1999.0,25.1,0.0,63.0,55.0,1014.6
2021,7,25,Jason Myers,seattle_seahawks,6.0,11.96,6.0,6.0,50,1,3,33.3,0,0,0,0,1,2021-10-25,8:15PM,Lumen Field,Seattle,WA,47.5952,-122.3316,Outdoor,Turf,20.0,2002.0,10.4,0.2,97.2,90.0,1002.2
2021,7,26,Jason Sanders,miami_dolphins,4.0,3.0,4.0,4.0,0,0,1,0.0,0,0,0,0,0,2021-10-24,1:00PM,Hard Rock Stadium,Miami Gardens,FL,25.958,-80.238,Outdoor,Grass,7.0,1987.0,29.0,0.1,26.64,71.0,1016.2
2021,7,27,Jake Elliott,philadelphia_eagles,2.0,1.4,2.0,2.0,0,0,0,0.0,0,0,0,0,0,2021-10-24,4:05PM,Allegiant Stadium,Las Vegas,NV,36.0908,-115.183,Indoor,Turf,2001.0,2020.0,25.8,0.0,105.48,27.0,1004.9
2021,7,28,Brandon Mcmanus,denver_broncos,2.0,1.4,2.0,2.0,0,0,0,0.0,0,0,0,0,0,2021-10-21,8:20PM,FirstEnergy Stadium,Cleveland,OH,41.5061,-81.6995,Outdoor,Grass,577.0,1999.0,14.1,0.0,116.64,72.0,1010.9
2021,7,29,Matt Ammendola,new_york_jets,1.0,0.9,1.0,1.0,0,0,1,0.0,0,0,0,0,0,2021-10-24,1:00PM,Gillette Stadium,Foxborough,MA,42.0909,-71.2643,Outdoor,Turf,289.0,2002.0,12.5,0.0,32.4,44.0,1020.5
2021,8,1,Zane Gonzalez,carolina_panthers,17.0,34.9,17.0,17.0,57,4,4,100.0,0,2,0,0,2,2021-10-31,1:00PM,Mercedes-Benz Stadium,Atlanta,GA,33.755,-84.4008,Indoor,Turf,1050.0,2017.0,15.0,0.0,77.4,67.0,1016.5
2021,8,2,Zane Gonzalez,detroit_lions,17.0,34.9,17.0,17.0,57,4,4,100.0,0,2,0,0,2,2021-10-31,1:00PM,Ford Field,Detroit,MI,42.34,-83.0456,Indoor,Turf,600.0,2002.0,13.7,0.0,66.24,68.0,1007.9
2021,8,3,Jake Elliott,philadelphia_eagles,16.0,33.4,16.0,16.0,43,3,3,100.0,0,1,0,2,0,2021-10-31,1:00PM,Ford Field,Detroit,MI,42.34,-83.0456,Indoor,Turf,600.0,2002.0,13.7,0.0,66.24,68.0,1007.9
2021,8,4,Nick Folk,new_england_patriots,15.0,33.4,15.0,15.0,48,4,4,100.0,0,1,1,2,0,2021-10-31,4:05PM,SoFi Stadium,Inglewood,CA,33.9535,-118.3392,Outdoor,Turf,100.0,2020.0,17.0,0.0,55.080000000000005,79.0,1014.7
2021,8,5,Brian Johnson,chicago_bears,12.0,30.7,12.0,12.0,35,3,3,100.0,0,2,1,0,0,2021-10-31,1:00PM,Soldier Field,Chicago,IL,41.8623,-87.6167,Outdoor,Grass,595.0,1924.0,11.6,0.0,89.64,71.0,1014.3
2021,8,6,Brian Johnson,new_orleans_saints,12.0,30.7,12.0,12.0,35,3,3,100.0,0,2,1,0,0,2021-10-31,4:25PM,Caesars Superdome,New Orleans,LA,29.9509,-90.0815,Indoor,Turf,3.0,1975.0,20.9,0.0,24.840000000000003,55.0,1017.8
2021,8,7,Greg Joseph,minnesota_vikings,12.0,30.6,12.0,12.0,45,3,3,100.0,0,1,0,2,0,2021-10-31,8:20PM,U.S. Bank Stadium,Minneapolis,MN,44.974,-93.2581,Indoor,Turf,840.0,2016.0,4.0,0.0,45.0,60.0,1023.2
2021,8,8,Joey Slye,houston_texans,16.0,30.3,16.0,16.0,52,4,5,80.0,0,1,1,1,1,2021-10-31,1:00PM,NRG Stadium,Houston,TX,29.6847,-95.4107,Indoor,Turf,50.0,2002.0,24.2,0.0,31.680000000000003,47.0,1018.5
2021,8,9,Joey Slye,san_francisco_49ers,16.0,30.3,16.0,16.0,52,4,5,80.0,0,1,1,1,1,2021-10-31,1:00PM,Soldier Field,Chicago,IL,41.8623,-87.6167,Outdoor,Grass,595.0,1924.0,11.6,0.0,89.64,71.0,1014.3
2021,8,10,Cairo Santos,chicago_bears,11.0,29.9,11.0,11.0,40,3,3,100.0,0,1,1,1,0,2021-10-31,1:00PM,Soldier Field,Chicago,IL,41.8623,-87.6167,Outdoor,Grass,595.0,1924.0,11.6,0.0,89.64,71.0,1014.3
2021,8,11,Randy Bullock,tennessee_titans,12.0,29.8,12.0,12.0,46,2,2,100.0,0,0,0,2,0,2021-10-31,1:00PM,Lucas Oil Stadium,Indianapolis,IN,39.7601,-86.1639,Indoor,Turf,700.0,2008.0,15.4,0.0,74.16000000000001,65.0,1013.8
2021,8,12,Tyler Bass,buffalo_bills,10.0,28.4,10.0,10.0,57,2,2,100.0,0,0,1,0,1,2021-10-31,1:00PM,Highmark Stadium,Orchard Park,NY,42.7738,-78.7868,Outdoor,Grass,600.0,1973.0,11.2,0.1,80.64,82.0,1004.2
2021,8,13,Harrison Butker,kansas_city_chiefs,8.0,27.0,8.0,8.0,36,2,2,100.0,0,0,2,0,0,2021-11-01,8:15PM,GEHA Field at Arrowhead Stadium,Kansas City,MO,39.049,-94.4839,Outdoor,Grass,1020.0,1972.0,4.6,0.0,20.16,82.0,1031.4
2021,8,14,Matt Gay,los_angeles_rams,8.0,26.4,8.0,8.0,27,1,1,100.0,0,1,0,0,0,2021-10-31,1:00PM,NRG Stadium,Houston,TX,29.6847,-95.4107,Indoor,Turf,50.0,2002.0,24.2,0.0,31.680000000000003,47.0,1018.5
2021,8,15,Evan Mcpherson,cincinnati_bengals,7.0,25.7,7.0,7.0,21,1,1,100.0,0,1,0,0,0,2021-10-31,1:00PM,MetLife Stadium,East Rutherford,NJ,40.8136,-74.0744,Outdoor,Turf,3.0,2010.0,18.2,0.0,69.12,61.0,1001.2
2021,8,16,Michael Badgley,unknown,7.0,25.6,7.0,7.0,34,1,1,100.0,0,0,1,0,0,,,,,,,,,,,,,,,,
2021,8,17,Jason Myers,seattle_seahawks,7.0,25.6,7.0,7.0,31,1,1,100.0,0,0,1,0,0,2021-10-31,4:05PM,Lumen Field,Seattle,WA,47.5952,-122.3316,Outdoor,Turf,20.0,2002.0,12.8,0.0,46.440000000000005,64.0,1015.0
2021,8,18,Dustin Hopkins,los_angeles_chargers,7.0,25.6,7.0,7.0,48,1,1,100.0,0,0,0,1,0,2021-10-31,4:05PM,SoFi Stadium,Inglewood,CA,33.9535,-118.3392,Outdoor,Turf,100.0,2020.0,17.0,0.0,55.080000000000005,79.0,1014.7
2021,8,19,Mason Crosby,green_bay_packers,6.0,25.0,6.0,6.0,21,1,1,100.0,0,1,0,0,0,2021-10-28,8:20PM,State Farm Stadium,Glendale,AZ,33.5275,-112.2625,Indoor,Turf,1070.0,2006.0,22.8,0.0,26.64,21.0,1013.2
2021,8,20,Graham Gano,new_york_giants,5.0,24.3,5.0,5.0,23,1,1,100.0,0,1,0,0,0,2021-11-01,8:15PM,GEHA Field at Arrowhead Stadium,Kansas City,MO,39.049,-94.4839,Outdoor,Grass,1020.0,1972.0,4.6,0.0,20.16,82.0,1031.4
2021,8,21,Chase Mclaughlin,cleveland_browns,4.0,23.5,4.0,4.0,30,1,1,100.0,0,0,1,0,0,2021-10-31,1:00PM,FirstEnergy Stadium,Cleveland,OH,41.5061,-81.6995,Outdoor,Grass,577.0,1999.0,12.5,0.0,100.08,79.0,1008.8
2021,8,22,Chris Boswell,pittsburgh_steelers,3.0,22.8,3.0,3.0,31,1,1,100.0,0,0,1,0,0,2021-10-31,1:00PM,FirstEnergy Stadium,Cleveland,OH,41.5061,-81.6995,Outdoor,Grass,577.0,1999.0,12.5,0.0,100.08,79.0,1008.8
2021,8,23,Younghoe Koo,atlanta_falcons,10.0,21.94,10.0,10.0,53,2,3,66.7,0,0,0,1,1,2021-10-31,1:00PM,Mercedes-Benz Stadium,Atlanta,GA,33.755,-84.4008,Indoor,Turf,1050.0,2017.0,15.0,0.0,77.4,67.0,1016.5
2021,8,24,Matt Ammendola,new_york_jets,8.0,20.74,8.0,8.0,24,2,3,66.7,0,2,0,0,0,2021-10-31,1:00PM,MetLife Stadium,East Rutherford,NJ,40.8136,-74.0744,Outdoor,Turf,3.0,2010.0,18.2,0.0,69.12,61.0,1001.2
2021,8,25,Greg Zuerlein,dallas_cowboys,8.0,20.54,8.0,8.0,39,2,3,66.7,0,0,2,0,0,2021-10-31,8:20PM,U.S. Bank Stadium,Minneapolis,MN,44.974,-93.2581,Indoor,Turf,840.0,2016.0,4.0,0.0,45.0,60.0,1023.2
2021,8,26,Brandon Mcmanus,denver_broncos,6.0,15.1,6.0,6.0,45,1,2,50.0,0,0,0,1,0,2021-10-31,4:25PM,Empower Field at Mile High,Denver,CO,39.7439,-105.0201,Outdoor,Turf,5280.0,2001.0,6.7,0.0,28.44,62.0,1020.8
2021,8,27,Jason Sanders,miami_dolphins,5.0,14.4,5.0,5.0,51,1,2,50.0,0,0,0,0,1,2021-10-31,1:00PM,Highmark Stadium,Orchard Park,NY,42.7738,-78.7868,Outdoor,Grass,600.0,1973.0,11.2,0.1,80.64,82.0,1004.2
2021,8,28,Chris Blewitt,cleveland_browns,6.0,11.96,6.0,6.0,52,1,3,33.3,0,0,0,0,1,2021-10-31,1:00PM,FirstEnergy Stadium,Cleveland,OH,41.5061,-81.6995,Outdoor,Grass,577.0,1999.0,12.5,0.0,100.08,79.0,1008.8
2021,8,29,Matt Prater,arizona_cardinals,3.0,2.1,3.0,3.0,0,0,0,0.0,0,0,0,0,0,2021-10-28,8:20PM,State Farm Stadium,Glendale,AZ,33.5275,-112.2625,Indoor,Turf,1070.0,2006.0,22.8,0.0,26.64,21.0,1013.2
2021,8,30,Ryan Succop,tampa_bay_buccaneers,3.0,2.1,3.0,3.0,0,0,0,0.0,0,0,0,0,0,2021-10-31,4:25PM,Caesars Superdome,New Orleans,LA,29.9509,-90.0815,Indoor,Turf,3.0,1975.0,20.9,0.0,24.840000000000003,55.0,1017.8
2021,8,31,Ka'Imi Fairbairn,houston_texans,2.0,1.6,2.0,2.0,0,0,1,0.0,0,0,0,0,0,2021-10-31,1:00PM,NRG Stadium,Houston,TX,29.6847,-95.4107,Indoor,Turf,50.0,2002.0,24.2,0.0,31.680000000000003,47.0,1018.5
2021,8,32,Matthew Wright,jacksonville_jaguars,1.0,0.7,1.0,1.0,0,0,0,0.0,0,0,0,0,0,2021-10-31,4:05PM,Lumen Field,Seattle,WA,47.5952,-122.3316,Outdoor,Turf,20.0,2002.0,12.8,0.0,46.440000000000005,64.0,1015.0
2021,8,33,Austin Seibert,detroit_lions,0.0,0.2,0.0,0.0,0,0,1,0.0,0,0,0,0,0,2021-10-31,1:00PM,Ford Field,Detroit,MI,42.34,-83.0456,Indoor,Turf,600.0,2002.0,13.7,0.0,66.24,68.0,1007.9
2021,8,34,Ty Long,los_angeles_chargers,0.0,0.0,0.0,0.0,0,0,0,0.0,0,0,0,0,0,2021-10-31,4:05PM,SoFi Stadium,Inglewood,CA,33.9535,-118.3392,Outdoor,Turf,100.0,2020.0,17.0,0.0,55.080000000000005,79.0,1014.7
2021,9,1,Chris Boswell,pittsburgh_steelers,16.0,33.3,16.0,16.0,54,3,3,100.0,0,0,0,1,2,2021-11-08,8:15PM,Acrisure Stadium,Pittsburgh,PA,40.4468,-80.0158,Outdoor,Grass,730.0,2001.0,11.9,0.0,47.52,64.0,1022.8
2021,9,2,Matt Gay,los_angeles_rams,12.0,30.6,12.0,12.0,54,3,3,100.0,0,1,1,0,1,2021-11-07,8:20PM,SoFi Stadium,Inglewood,CA,33.9535,-118.3392,Outdoor,Turf,100.0,2020.0,14.6,0.0,24.840000000000003,93.0,1015.5
2021,9,3,Graham Gano,new_york_giants,11.0,29.8,11.0,11.0,38,3,3,100.0,0,0,3,0,0,2021-11-07,1:00PM,MetLife Stadium,East Rutherford,NJ,40.8136,-74.0744,Outdoor,Turf,3.0,2010.0,11.6,0.0,16.92,48.0,1022.6
2021,9,4,Ka'Imi Fairbairn,houston_texans,10.0,29.2,10.0,10.0,40,3,3,100.0,0,1,1,1,0,2021-11-07,1:00PM,Hard Rock Stadium,Miami Gardens,FL,25.958,-80.238,Outdoor,Grass,7.0,1987.0,21.3,0.0,72.72,64.0,1015.9
2021,9,5,Justin Tucker,baltimore_ravens,10.0,28.4,10.0,10.0,37,2,2,100.0,0,0,2,0,0,2021-11-07,1:00PM,M&T Bank Stadium,Baltimore,MD,39.2779,-76.6227,Outdoor,Grass,10.0,1998.0,12.4,0.0,35.64,46.0,1022.7
2021,9,6,Harrison Butker,kansas_city_chiefs,9.0,27.8,9.0,9.0,55,2,2,100.0,0,1,0,0,1,2021-11-07,4:25PM,GEHA Field at Arrowhead Stadium,Kansas City,MO,39.049,-94.4839,Outdoor,Grass,1020.0,1972.0,18.8,0.0,72.0,58.0,1014.8
2021,9,7,Younghoe Koo,atlanta_falcons,9.0,27.8,9.0,9.0,32,2,2,100.0,0,1,1,0,0,2021-11-07,1:00PM,Caesars Superdome,New Orleans,LA,29.9509,-90.0815,Indoor,Turf,3.0,1975.0,16.5,0.0,40.68000000000001,53.0,1024.4
2021,9,8,Brian Johnson,chicago_bears,9.0,27.7,9.0,9.0,52,2,2,100.0,0,0,1,0,1,2021-11-08,8:15PM,Acrisure Stadium,Pittsburgh,PA,40.4468,-80.0158,Outdoor,Grass,730.0,2001.0,11.9,0.0,47.52,64.0,1022.8
2021,9,9,Brian Johnson,new_orleans_saints,9.0,27.7,9.0,9.0,52,2,2,100.0,0,0,1,0,1,2021-11-07,1:00PM,Caesars Superdome,New Orleans,LA,29.9509,-90.0815,Indoor,Turf,3.0,1975.0,16.5,0.0,40.68000000000001,53.0,1024.4
2021,9,10,Michael Badgley,unknown,9.0,27.0,9.0,9.0,39,1,1,100.0,0,0,1,0,0,,,,,,,,,,,,,,,,
2021,9,11,Brandon Mcmanus,denver_broncos,13.0,26.5,13.0,13.0,53,3,4,75.0,0,1,0,1,1,2021-11-07,1:00PM,AT&T Stadium,Arlington,TX,32.7473,-97.0945,Indoor,Turf,639.0,2009.0,19.9,0.0,53.28,59.0,1022.4
2021,9,12,Dustin Hopkins,los_angeles_chargers,7.0,26.4,7.0,7.0,30,2,2,100.0,0,1,1,0,0,2021-11-07,4:05PM,Lincoln Financial Field,Philadelphia,PA,39.9008,-75.1675,Outdoor,Grass,30.0,2003.0,12.7,0.0,33.480000000000004,42.0,1020.5
2021,9,13,Tyler Bass,buffalo_bills,7.0,26.4,7.0,7.0,41,2,2,100.0,0,1,0,1,0,2021-11-07,1:00PM,TIAA Bank Field,Jacksonville,FL,30.3239,-81.6373,Outdoor,Grass,16.0,1995.0,16.2,0.0,91.8,72.0,1018.4
2021,9,14,Zane Gonzalez,carolina_panthers,7.0,26.3,7.0,7.0,49,2,2,100.0,0,0,1,1,0,2021-11-07,1:00PM,Bank of America Stadium,Charlotte,NC,35.2258,-80.8528,Outdoor,Grass,748.0,1996.0,14.2,0.0,70.2,36.0,1020.7
2021,9,15,Zane Gonzalez,detroit_lions,7.0,26.3,7.0,7.0,49,2,2,100.0,0,0,1,1,0,,,,,,,,,,,,,,,,
2021,9,16,Matt Prater,arizona_cardinals,7.0,25.7,7.0,7.0,26,1,1,100.0,0,1,0,0,0,2021-11-07,4:25PM,Levi's Stadium,Santa Clara,CA,37.403,-121.9692,Outdoor,Grass,13.0,2014.0,15.7,0.0,73.44,45.0,1021.3
2021,9,17,Greg Joseph,minnesota_vikings,7.0,25.6,7.0,7.0,36,1,1,100.0,0,0,1,0,0,2021-11-07,1:00PM,M&T Bank Stadium,Baltimore,MD,39.2779,-76.6227,Outdoor,Grass,10.0,1998.0,12.4,0.0,35.64,46.0,1022.7
2021,9,18,Matthew Wright,jacksonville_jaguars,11.0,25.1,11.0,11.0,55,3,4,75.0,0,1,1,0,1,2021-11-07,1:00PM,TIAA Bank Field,Jacksonville,FL,30.3239,-81.6373,Outdoor,Grass,16.0,1995.0,16.2,0.0,91.8,72.0,1018.4
2021,9,19,Jake Elliott,philadelphia_eagles,6.0,25.0,6.0,6.0,24,1,1,100.0,0,1,0,0,0,2021-11-07,4:05PM,Lincoln Financial Field,Philadelphia,PA,39.9008,-75.1675,Outdoor,Grass,30.0,2003.0,12.7,0.0,33.480000000000004,42.0,1020.5
2021,9,20,Matt Ammendola,new_york_jets,6.0,24.9,6.0,6.0,33,1,1,100.0,0,0,1,0,0,2021-11-04,8:20PM,Lucas Oil Stadium,Indianapolis,IN,39.7601,-86.1639,Indoor,Turf,700.0,2008.0,3.1,0.0,28.8,66.0,1027.4
2021,9,21,Jason Sanders,miami_dolphins,6.0,24.9,6.0,6.0,42,1,1,100.0,0,0,0,1,0,2021-11-07,1:00PM,Hard Rock Stadium,Miami Gardens,FL,25.958,-80.238,Outdoor,Grass,7.0,1987.0,21.3,0.0,72.72,64.0,1015.9
2021,9,22,Daniel Carlson,las_vegas_raiders,10.0,24.5,10.0,10.0,32,3,4,75.0,0,2,1,0,0,2021-11-07,1:00PM,MetLife Stadium,East Rutherford,NJ,40.8136,-74.0744,Outdoor,Turf,3.0,2010.0,11.6,0.0,16.92,48.0,1022.6
2021,9,23,Robbie Gould,san_francisco_49ers,5.0,24.3,5.0,5.0,26,1,1,100.0,0,1,0,0,0,2021-11-07,4:25PM,Levi's Stadium,Santa Clara,CA,37.403,-121.9692,Outdoor,Grass,13.0,2014.0,15.7,0.0,73.44,45.0,1021.3
2021,9,24,Evan Mcpherson,cincinnati_bengals,4.0,23.6,4.0,4.0,27,1,1,100.0,0,1,0,0,0,2021-11-07,1:00PM,Paycor Stadium,Cincinnati,OH,39.0954,-84.516,Outdoor,Turf,482.0,2000.0,13.8,0.0,11.16,50.0,1025.1
2021,9,25,Chase Mclaughlin,cleveland_browns,11.0,22.84,11.0,11.0,28,2,3,66.7,0,2,0,0,0,2021-11-07,1:00PM,Paycor Stadium,Cincinnati,OH,39.0954,-84.516,Outdoor,Turf,482.0,2000.0,13.8,0.0,11.16,50.0,1025.1
2021,9,26,Cairo Santos,chicago_bears,9.0,21.34,9.0,9.0,30,2,3,66.7,0,1,1,0,0,2021-11-08,8:15PM,Acrisure Stadium,Pittsburgh,PA,40.4468,-80.0158,Outdoor,Grass,730.0,2001.0,11.9,0.0,47.52,64.0,1022.8
2021,9,27,Nick Folk,new_england_patriots,6.0,15.1,6.0,6.0,37,1,2,50.0,0,0,1,0,0,2021-11-07,1:00PM,Bank of America Stadium,Charlotte,NC,35.2258,-80.8528,Outdoor,Grass,748.0,1996.0,14.2,0.0,70.2,36.0,1020.7
2021,9,28,Randy Bullock,tennessee_titans,4.0,2.8,4.0,4.0,0,0,0,0.0,0,0,0,0,0,2021-11-07,8:20PM,SoFi Stadium,Inglewood,CA,33.9535,-118.3392,Outdoor,Turf,100.0,2020.0,14.6,0.0,24.840000000000003,93.0,1015.5
2021,9,29,Mason Crosby,green_bay_packers,1.0,1.1,1.0,1.0,0,0,2,0.0,0,0,0,0,0,2021-11-07,4:25PM,GEHA Field at Arrowhead Stadium,Kansas City,MO,39.049,-94.4839,Outdoor,Grass,1020.0,1972.0,18.8,0.0,72.0,58.0,1014.8
2021,9,30,Greg Zuerlein,dallas_cowboys,0.0,0.0,0.0,0.0,0,0,0,0.0,0,0,0,0,0,2021-11-07,1:00PM,AT&T Stadium,Arlington,TX,32.7473,-97.0945,Indoor,Turf,639.0,2009.0,19.9,0.0,53.28,59.0,1022.4
2021,10,1,Zane Gonzalez,carolina_panthers,17.0,34.8,17.0,17.0,49,4,4,100.0,0,1,0,3,0,2021-11-14,4:05PM,State Farm Stadium,Glendale,AZ,33.5275,-112.2625,Indoor,Turf,1070.0,2006.0,29.9,0.0,14.04,11.0,1016.0
2021,10,2,Zane Gonzalez,detroit_lions,17.0,34.8,17.0,17.0,49,4,4,100.0,0,1,0,3,0,2021-11-14,1:00PM,Acrisure Stadium,Pittsburgh,PA,40.4468,-80.0158,Outdoor,Grass,730.0,2001.0,3.8,0.0,72.0,63.0,1011.6
2021,10,3,Jake Elliott,philadelphia_eagles,14.0,32.0,14.0,14.0,52,3,3,100.0,0,1,1,0,1,2021-11-14,4:25PM,Empower Field at Mile High,Denver,CO,39.7439,-105.0201,Outdoor,Turf,5280.0,2001.0,20.0,0.0,16.2,21.0,1012.1
2021,10,4,Chris Boswell,pittsburgh_steelers,12.0,30.7,12.0,12.0,51,3,3,100.0,0,2,0,0,1,2021-11-14,1:00PM,Acrisure Stadium,Pittsburgh,PA,40.4468,-80.0158,Outdoor,Grass,730.0,2001.0,3.8,0.0,72.0,63.0,1011.6
2021,10,5,Joey Slye,houston_texans,12.0,30.7,12.0,12.0,46,3,3,100.0,0,2,0,1,0,,,,,,,,,,,,,,,,
2021,10,6,Joey Slye,san_francisco_49ers,12.0,30.7,12.0,12.0,46,3,3,100.0,0,2,0,1,0,2021-11-15,8:15PM,Levi's Stadium,Santa Clara,CA,37.403,-121.9692,Outdoor,Grass,13.0,2014.0,12.7,0.0,27.72,98.0,1019.5
2021,10,7,Michael Badgley,unknown,11.0,30.0,11.0,11.0,37,3,3,100.0,0,2,1,0,0,,,,,,,,,,,,,,,,
2021,10,8,Randy Bullock,tennessee_titans,11.0,29.9,11.0,11.0,36,3,3,100.0,0,1,2,0,0,2021-11-14,1:00PM,Nissan Stadium,Nashville,TN,36.1665,-86.7713,Outdoor,Grass,476.0,1999.0,13.0,0.0,65.88000000000001,49.0,1014.6
2021,10,9,Jason Sanders,miami_dolphins,10.0,29.3,10.0,10.0,31,3,3,100.0,0,2,1,0,0,2021-11-11,8:20PM,Hard Rock Stadium,Miami Gardens,FL,25.958,-80.238,Outdoor,Grass,7.0,1987.0,22.1,0.0,18.72,98.0,1017.7
2021,10,10,Greg Joseph,minnesota_vikings,10.0,28.4,10.0,10.0,46,2,2,100.0,0,0,1,1,0,2021-11-14,4:05PM,SoFi Stadium,Inglewood,CA,33.9535,-118.3392,Outdoor,Turf,100.0,2020.0,22.5,0.0,47.16,37.0,1016.4
2021,10,11,Dustin Hopkins,los_angeles_chargers,9.0,27.8,9.0,9.0,46,2,2,100.0,0,1,0,1,0,2021-11-14,4:05PM,SoFi Stadium,Inglewood,CA,33.9535,-118.3392,Outdoor,Turf,100.0,2020.0,22.5,0.0,47.16,37.0,1016.4
2021,10,12,Tyler Bass,buffalo_bills,9.0,27.1,9.0,9.0,29,1,1,100.0,0,1,0,0,0,2021-11-14,1:00PM,MetLife Stadium,East Rutherford,NJ,40.8136,-74.0744,Outdoor,Turf,3.0,2010.0,8.5,0.0,41.4,60.0,1013.4
2021,10,13,Nick Folk,new_england_patriots,9.0,27.0,9.0,9.0,38,1,1,100.0,0,0,1,0,0,2021-11-14,1:00PM,Gillette Stadium,Foxborough,MA,42.0909,-71.2643,Outdoor,Turf,289.0,2002.0,9.5,0.0,40.32,52.0,1011.7
2021,10,14,Robbie Gould,san_francisco_49ers,9.0,27.0,9.0,9.0,50,1,1,100.0,0,0,0,0,1,2021-11-15,8:15PM,Levi's Stadium,Santa Clara,CA,37.403,-121.9692,Outdoor,Grass,13.0,2014.0,12.7,0.0,27.72,98.0,1019.5
2021,10,15,Ryan Succop,tampa_bay_buccaneers,7.0,26.4,7.0,7.0,31,2,2,100.0,0,1,1,0,0,2021-11-14,1:00PM,FedExField,Landover,MD,38.9078,-76.8645,Outdoor,Grass,300.0,1997.0,8.0,0.0,37.440000000000005,49.0,1014.4
2021,10,16,Matt Ammendola,new_york_jets,6.0,24.9,6.0,6.0,48,1,1,100.0,0,0,0,1,0,2021-11-14,1:00PM,MetLife Stadium,East Rutherford,NJ,40.8136,-74.0744,Outdoor,Turf,3.0,2010.0,8.5,0.0,41.4,60.0,1013.4
2021,10,17,Matt Prater,arizona_cardinals,5.0,24.2,5.0,5.0,47,1,1,100.0,0,0,0,1,0,2021-11-14,4:05PM,State Farm Stadium,Glendale,AZ,33.5275,-112.2625,Indoor,Turf,1070.0,2006.0,29.9,0.0,14.04,11.0,1016.0
2021,10,18,Matt Gay,los_angeles_rams,4.0,23.5,4.0,4.0,37,1,1,100.0,0,0,1,0,0,2021-11-15,8:15PM,Levi's Stadium,Santa Clara,CA,37.403,-121.9692,Outdoor,Grass,13.0,2014.0,12.7,0.0,27.72,98.0,1019.5
2021,10,19,Harrison Butker,kansas_city_chiefs,12.0,23.34,12.0,12.0,40,2,3,66.7,0,0,1,1,0,2021-11-14,8:20PM,Allegiant Stadium,Las Vegas,NV,36.0908,-115.183,Indoor,Turf,2001.0,2020.0,21.3,0.0,20.52,21.0,1019.1
2021,10,20,Brian Johnson,chicago_bears,3.0,22.9,3.0,3.0,20,1,1,100.0,0,1,0,0,0,,,,,,,,,,,,,,,,
2021,10,21,Brian Johnson,new_orleans_saints,3.0,22.9,3.0,3.0,20,1,1,100.0,0,1,0,0,0,2021-11-14,1:00PM,Nissan Stadium,Nashville,TN,36.1665,-86.7713,Outdoor,Grass,476.0,1999.0,13.0,0.0,65.88000000000001,49.0,1014.6
2021,10,22,Younghoe Koo,atlanta_falcons,3.0,22.8,3.0,3.0,35,1,1,100.0,0,0,1,0,0,2021-11-14,1:00PM,AT&T Stadium,Arlington,TX,32.7473,-97.0945,Indoor,Turf,639.0,2009.0,17.7,0.0,38.88,54.0,1020.6
2021,10,23,Brandon Mcmanus,denver_broncos,7.0,20.04,7.0,7.0,28,2,3,66.7,0,2,0,0,0,2021-11-14,4:25PM,Empower Field at Mile High,Denver,CO,39.7439,-105.0201,Outdoor,Turf,5280.0,2001.0,20.0,0.0,16.2,21.0,1012.1
2021,10,24,Mason Crosby,green_bay_packers,5.0,14.5,5.0,5.0,27,1,2,50.0,0,1,0,0,0,2021-11-14,4:25PM,Lambeau Field,Green Bay,WI,44.5013,-88.0622,Outdoor,Grass,640.0,1957.0,3.0,0.0,67.32,66.0,1009.2
2021,10,25,Justin Tucker,baltimore_ravens,5.0,14.4,5.0,5.0,46,1,2,50.0,0,0,0,1,0,2021-11-11,8:20PM,Hard Rock Stadium,Miami Gardens,FL,25.958,-80.238,Outdoor,Grass,7.0,1987.0,22.1,0.0,18.72,98.0,1017.7
2021,10,26,Matthew Wright,jacksonville_jaguars,5.0,14.4,5.0,5.0,56,1,2,50.0,0,0,0,0,1,2021-11-14,1:00PM,Lucas Oil Stadium,Indianapolis,IN,39.7601,-86.1639,Indoor,Turf,700.0,2008.0,3.6,0.1,82.08,89.0,1009.0
2021,10,27,Ryan Santoso,carolina_panthers,4.0,13.8,4.0,4.0,20,1,2,50.0,0,1,0,0,0,2021-11-14,4:05PM,State Farm Stadium,Glendale,AZ,33.5275,-112.2625,Indoor,Turf,1070.0,2006.0,29.9,0.0,14.04,11.0,1016.0
2021,10,28,Ryan Santoso,detroit_lions,4.0,13.8,4.0,4.0,20,1,2,50.0,0,1,0,0,0,2021-11-14,1:00PM,Acrisure Stadium,Pittsburgh,PA,40.4468,-80.0158,Outdoor,Grass,730.0,2001.0,3.8,0.0,72.0,63.0,1011.6
2021,10,29,Ryan Santoso,los_angeles_rams,4.0,13.8,4.0,4.0,20,1,2,50.0,0,1,0,0,0,2021-11-15,8:15PM,Levi's Stadium,Santa Clara,CA,37.403,-121.9692,Outdoor,Grass,13.0,2014.0,12.7,0.0,27.72,98.0,1019.5
2021,10,30,Ryan Santoso,tennessee_titans,4.0,13.8,4.0,4.0,20,1,2,50.0,0,1,0,0,0,2021-11-14,1:00PM,Nissan Stadium,Nashville,TN,36.1665,-86.7713,Outdoor,Grass,476.0,1999.0,13.0,0.0,65.88000000000001,49.0,1014.6
2021,10,31,Lirim Hajrullahu,carolina_panthers,5.0,3.5,5.0,5.0,0,0,0,0.0,0,0,0,0,0,2021-11-14,4:05PM,State Farm Stadium,Glendale,AZ,33.5275,-112.2625,Indoor,Turf,1070.0,2006.0,29.9,0.0,14.04,11.0,1016.0
2021,10,32,Lirim Hajrullahu,dallas_cowboys,5.0,3.5,5.0,5.0,0,0,0,0.0,0,0,0,0,0,2021-11-14,1:00PM,AT&T Stadium,Arlington,TX,32.7473,-97.0945,Indoor,Turf,639.0,2009.0,17.7,0.0,38.88,54.0,1020.6
2021,10,33,Daniel Carlson,las_vegas_raiders,2.0,1.4,2.0,2.0,0,0,0,0.0,0,0,0,0,0,2021-11-14,8:20PM,Allegiant Stadium,Las Vegas,NV,36.0908,-115.183,Indoor,Turf,2001.0,2020.0,21.3,0.0,20.52,21.0,1019.1
2021,10,34,Chase Mclaughlin,cleveland_browns,1.0,0.7,1.0,1.0,0,0,0,0.0,0,0,0,0,0,2021-11-14,1:00PM,Gillette Stadium,Foxborough,MA,42.0909,-71.2643,Outdoor,Turf,289.0,2002.0,9.5,0.0,40.32,52.0,1011.7
2021,10,35,Jason Myers,seattle_seahawks,0.0,0.0,0.0,0.0,0,0,0,0.0,0,0,0,0,0,2021-11-14,4:25PM,Lambeau Field,Green Bay,WI,44.5013,-88.0622,Outdoor,Grass,640.0,1957.0,3.0,0.0,67.32,66.0,1009.2
2021,10,36,Ty Long,los_angeles_chargers,0.0,0.0,0.0,0.0,0,0,0,0.0,0,0,0,0,0,2021-11-14,4:05PM,SoFi Stadium,Inglewood,CA,33.9535,-118.3392,Outdoor,Turf,100.0,2020.0,22.5,0.0,47.16,37.0,1016.4
2021,11,1,Evan Mcpherson,cincinnati_bengals,21.0,37.5,21.0,21.0,54,4,4,100.0,0,0,0,1,3,2021-11-21,4:05PM,Allegiant Stadium,Las Vegas,NV,36.0908,-115.183,Indoor,Turf,2001.0,2020.0,20.2,0.0,49.68000000000001,9.0,1024.2
2021,11,2,Jake Elliott,philadelphia_eagles,19.0,36.1,19.0,19.0,50,4,4,100.0,0,0,2,1,1,2021-11-21,1:00PM,Lincoln Financial Field,Philadelphia,PA,39.9008,-75.1675,Outdoor,Grass,30.0,2003.0,12.2,0.0,38.16,57.0,1024.3
2021,11,3,Nick Folk,new_england_patriots,16.0,34.0,16.0,16.0,53,4,4,100.0,0,0,2,1,1,2021-11-18,8:20PM,Mercedes-Benz Stadium,Atlanta,GA,33.755,-84.4008,Indoor,Turf,1050.0,2017.0,14.4,0.0,79.56,92.0,1024.3
2021,11,4,Robbie Gould,san_francisco_49ers,14.0,32.0,14.0,14.0,48,3,3,100.0,0,1,0,2,0,2021-11-21,1:00PM,TIAA Bank Field,Jacksonville,FL,30.3239,-81.6373,Outdoor,Grass,16.0,1995.0,21.6,0.0,63.36000000000001,74.0,1022.1
2021,11,5,Chris Boswell,pittsburgh_steelers,14.0,31.9,14.0,14.0,45,3,3,100.0,0,0,2,1,0,2021-11-21,8:20PM,SoFi Stadium,Inglewood,CA,33.9535,-118.3392,Outdoor,Turf,100.0,2020.0,21.8,0.0,52.56,16.0,1018.0
2021,11,6,Ryan Succop,tampa_bay_buccaneers,13.0,31.3,13.0,13.0,40,3,3,100.0,0,1,1,1,0,2021-11-22,8:15PM,Raymond James Stadium,Tampa,FL,27.9759,-82.5033,Outdoor,Grass,26.0,1998.0,19.8,0.0,49.68000000000001,84.0,1013.8
2021,11,7,Ka'Imi Fairbairn,houston_texans,11.0,29.9,11.0,11.0,43,3,3,100.0,0,1,1,1,0,2021-11-21,1:00PM,Nissan Stadium,Nashville,TN,36.1665,-86.7713,Outdoor,Grass,476.0,1999.0,12.9,3.2,50.04,92.0,1019.4
2021,11,8,Justin Tucker,baltimore_ravens,11.0,29.9,11.0,11.0,46,3,3,100.0,0,1,1,1,0,2021-11-21,1:00PM,Soldier Field,Chicago,IL,41.8623,-87.6167,Outdoor,Grass,595.0,1924.0,10.4,0.0,82.44,68.0,1014.7
2021,11,9,Dustin Hopkins,los_angeles_chargers,12.0,29.8,12.0,12.0,41,2,2,100.0,0,0,1,1,0,2021-11-21,8:20PM,SoFi Stadium,Inglewood,CA,33.9535,-118.3392,Outdoor,Turf,100.0,2020.0,21.8,0.0,52.56,16.0,1018.0
2021,11,10,Greg Zuerlein,dallas_cowboys,10.0,29.1,10.0,10.0,48,3,3,100.0,0,0,2,1,0,2021-11-21,4:25PM,GEHA Field at Arrowhead Stadium,Kansas City,MO,39.049,-94.4839,Outdoor,Grass,1020.0,1972.0,12.1,0.0,64.44,45.0,1023.7
2021,11,11,Michael Badgley,unknown,11.0,29.1,11.0,11.0,36,2,2,100.0,0,0,2,0,0,,,,,,,,,,,,,,,,
2021,11,12,Greg Joseph,minnesota_vikings,10.0,28.5,10.0,10.0,51,2,2,100.0,0,1,0,0,1,2021-11-21,1:00PM,U.S. Bank Stadium,Minneapolis,MN,44.974,-93.2581,Indoor,Turf,840.0,2016.0,-0.4,0.0,109.8,45.0,1022.2
2021,11,13,Joey Slye,houston_texans,9.0,27.8,9.0,9.0,36,2,2,100.0,0,1,1,0,0,2021-11-21,1:00PM,Nissan Stadium,Nashville,TN,36.1665,-86.7713,Outdoor,Grass,476.0,1999.0,12.9,3.2,50.04,92.0,1019.4
2021,11,14,Joey Slye,san_francisco_49ers,9.0,27.8,9.0,9.0,36,2,2,100.0,0,1,1,0,0,2021-11-21,1:00PM,TIAA Bank Field,Jacksonville,FL,30.3239,-81.6373,Outdoor,Grass,16.0,1995.0,21.6,0.0,63.36000000000001,74.0,1022.1
2021,11,15,Daniel Carlson,las_vegas_raiders,8.0,27.1,8.0,8.0,47,2,2,100.0,0,1,0,1,0,2021-11-21,4:05PM,Allegiant Stadium,Las Vegas,NV,36.0908,-115.183,Indoor,Turf,2001.0,2020.0,20.2,0.0,49.68000000000001,9.0,1024.2
2021,11,16,Jason Myers,seattle_seahawks,7.0,26.5,7.0,7.0,27,2,2,100.0,0,2,0,0,0,2021-11-21,4:25PM,Lumen Field,Seattle,WA,47.5952,-122.3316,Outdoor,Turf,20.0,2002.0,7.1,0.0,13.32,79.0,1026.1
2021,11,17,Brett Maher,new_orleans_saints,5.0,24.3,5.0,5.0,28,1,1,100.0,0,1,0,0,0,2021-11-21,1:00PM,Lincoln Financial Field,Philadelphia,PA,39.9008,-75.1675,Outdoor,Grass,30.0,2003.0,12.2,0.0,38.16,57.0,1024.3
2021,11,18,Aldrick Rosas,detroit_lions,5.0,24.2,5.0,5.0,43,1,1,100.0,0,0,0,1,0,2021-11-21,1:00PM,FirstEnergy Stadium,Cleveland,OH,41.5061,-81.6995,Outdoor,Grass,577.0,1999.0,7.2,0.4,70.92,75.0,1018.0
2021,11,19,Aldrick Rosas,new_orleans_saints,5.0,24.2,5.0,5.0,43,1,1,100.0,0,0,0,1,0,2021-11-21,1:00PM,Lincoln Financial Field,Philadelphia,PA,39.9008,-75.1675,Outdoor,Grass,30.0,2003.0,12.2,0.0,38.16,57.0,1024.3
2021,11,20,Matthew Wright,jacksonville_jaguars,4.0,23.5,4.0,4.0,30,1,1,100.0,0,0,1,0,0,2021-11-21,1:00PM,TIAA Bank Field,Jacksonville,FL,30.3239,-81.6373,Outdoor,Grass,16.0,1995.0,21.6,0.0,63.36000000000001,74.0,1022.1
2021,11,21,Graham Gano,new_york_giants,4.0,23.5,4.0,4.0,37,1,1,100.0,0,0,1,0,0,2021-11-22,8:15PM,Raymond James Stadium,Tampa,FL,27.9759,-82.5033,Outdoor,Grass,26.0,1998.0,19.8,0.0,49.68000000000001,84.0,1013.8
2021,11,22,Harrison Butker,kansas_city_chiefs,9.0,21.24,9.0,9.0,53,2,3,66.7,0,0,1,0,1,2021-11-21,4:25PM,GEHA Field at Arrowhead Stadium,Kansas City,MO,39.049,-94.4839,Outdoor,Grass,1020.0,1972.0,12.1,0.0,64.44,45.0,1023.7
2021,11,23,Mason Crosby,green_bay_packers,9.0,17.2,9.0,9.0,54,1,2,50.0,0,0,0,0,1,2021-11-21,1:00PM,U.S. Bank Stadium,Minneapolis,MN,44.974,-93.2581,Indoor,Turf,840.0,2016.0,-0.4,0.0,109.8,45.0,1022.2
2021,11,24,Jason Sanders,miami_dolphins,6.0,15.2,6.0,6.0,24,1,2,50.0,0,1,0,0,0,2021-11-21,1:00PM,MetLife Stadium,East Rutherford,NJ,40.8136,-74.0744,Outdoor,Turf,3.0,2010.0,10.9,0.0,43.2,58.0,1024.3
2021,11,25,Matt Prater,arizona_cardinals,7.0,12.66,7.0,7.0,53,1,3,33.3,0,0,0,0,1,2021-11-21,4:25PM,Lumen Field,Seattle,WA,47.5952,-122.3316,Outdoor,Turf,20.0,2002.0,7.1,0.0,13.32,79.0,1026.1
2021,11,26,Matt Ammendola,new_york_jets,5.0,11.26,5.0,5.0,35,1,3,33.3,0,0,1,0,0,2021-11-21,1:00PM,MetLife Stadium,East Rutherford,NJ,40.8136,-74.0744,Outdoor,Turf,3.0,2010.0,10.9,0.0,43.2,58.0,1024.3
2021,11,27,Zane Gonzalez,carolina_panthers,3.0,2.1,3.0,3.0,0,0,0,0.0,0,0,0,0,0,2021-11-21,1:00PM,Bank of America Stadium,Charlotte,NC,35.2258,-80.8528,Outdoor,Grass,748.0,1996.0,14.2,0.0,20.16,49.0,1025.6
2021,11,28,Zane Gonzalez,detroit_lions,3.0,2.1,3.0,3.0,0,0,0,0.0,0,0,0,0,0,2021-11-21,1:00PM,FirstEnergy Stadium,Cleveland,OH,41.5061,-81.6995,Outdoor,Grass,577.0,1999.0,7.2,0.4,70.92,75.0,1018.0
2021,11,29,Tyler Bass,buffalo_bills,1.0,1.1,1.0,1.0,0,0,2,0.0,0,0,0,0,0,2021-11-21,1:00PM,Highmark Stadium,Orchard Park,NY,42.7738,-78.7868,Outdoor,Grass,600.0,1973.0,9.9,0.0,57.96000000000001,48.0,1017.8
2021,11,30,Chase Mclaughlin,cleveland_browns,1.0,0.9,1.0,1.0,0,0,1,0.0,0,0,0,0,0,2021-11-21,1:00PM,FirstEnergy Stadium,Cleveland,OH,41.5061,-81.6995,Outdoor,Grass,577.0,1999.0,7.2,0.4,70.92,75.0,1018.0
2021,11,31,Cairo Santos,chicago_bears,1.0,0.9,1.0,1.0,0,0,1,0.0,0,0,0,0,0,2021-11-21,1:00PM,Soldier Field,Chicago,IL,41.8623,-87.6167,Outdoor,Grass,595.0,1924.0,10.4,0.0,82.44,68.0,1014.7
2021,11,32,Randy Bullock,tennessee_titans,1.0,0.7,1.0,1.0,0,0,0,0.0,0,0,0,0,0,2021-11-21,1:00PM,Nissan Stadium,Nashville,TN,36.1665,-86.7713,Outdoor,Grass,476.0,1999.0,12.9,3.2,50.04,92.0,1019.4
2021,11,33,Younghoe Koo,atlanta_falcons,0.0,0.2,0.0,0.0,0,0,1,0.0,0,0,0,0,0,2021-11-18,8:20PM,Mercedes-Benz Stadium,Atlanta,GA,33.755,-84.4008,Indoor,Turf,1050.0,2017.0,14.4,0.0,79.56,92.0,1024.3
2021,11,34,Ty Long,los_angeles_chargers,0.0,0.0,0.0,0.0,0,0,0,0.0,0,0,0,0,0,2021-11-21,8:20PM,SoFi Stadium,Inglewood,CA,33.9535,-118.3392,Outdoor,Turf,100.0,2020.0,21.8,0.0,52.56,16.0,1018.0
2021,12,1,Daniel Carlson,las_vegas_raiders,21.0,38.4,21.0,21.0,56,5,5,100.0,0,2,1,1,1,2021-11-25,4:30PM,AT&T Stadium,Arlington,TX,32.7473,-97.0945,Indoor,Turf,639.0,2009.0,13.1,0.0,81.72,36.0,1028.2
2021,12,2,Nick Folk,new_england_patriots,21.0,35.26,21.0,21.0,52,5,6,83.3,0,2,1,1,1,2021-11-28,1:00PM,Gillette Stadium,Foxborough,MA,42.0909,-71.2643,Outdoor,Turf,289.0,2002.0,3.0,0.0,31.32,52.0,1011.6
2021,12,3,Justin Tucker,baltimore_ravens,13.0,31.3,13.0,13.0,52,3,3,100.0,0,1,0,1,1,2021-11-28,8:20PM,M&T Bank Stadium,Baltimore,MD,39.2779,-76.6227,Outdoor,Grass,10.0,1998.0,5.4,0.0,26.28,75.0,1010.8
2021,12,4,Evan Mcpherson,cincinnati_bengals,13.0,30.5,13.0,13.0,51,2,2,100.0,0,0,1,0,1,2021-11-28,1:00PM,Paycor Stadium,Cincinnati,OH,39.0954,-84.516,Outdoor,Turf,482.0,2000.0,5.6,0.0,51.84,63.0,1016.7
2021,12,5,Jason Sanders,miami_dolphins,10.0,28.4,10.0,10.0,46,2,2,100.0,0,0,1,1,0,2021-11-28,1:00PM,Hard Rock Stadium,Miami Gardens,FL,25.958,-80.238,Outdoor,Grass,7.0,1987.0,23.5,0.0,7.2,64.0,1017.6
2021,12,6,Matt Gay,los_angeles_rams,8.0,27.0,8.0,8.0,39,2,2,100.0,0,0,2,0,0,2021-11-28,4:25PM,Lambeau Field,Green Bay,WI,44.5013,-88.0622,Outdoor,Grass,640.0,1957.0,2.0,0.0,57.24,45.0,1016.4
2021,12,7,Mason Crosby,green_bay_packers,13.0,26.6,13.0,13.0,45,3,4,75.0,0,2,0,1,0,2021-11-28,4:25PM,Lambeau Field,Green Bay,WI,44.5013,-88.0622,Outdoor,Grass,640.0,1957.0,2.0,0.0,57.24,45.0,1016.4
2021,12,8,Ryan Succop,tampa_bay_buccaneers,8.0,26.4,8.0,8.0,25,1,1,100.0,0,1,0,0,0,2021-11-28,1:00PM,Lucas Oil Stadium,Indianapolis,IN,39.7601,-86.1639,Indoor,Turf,700.0,2008.0,4.0,0.0,64.08,62.0,1017.6
2021,12,9,Michael Badgley,unknown,8.0,26.3,8.0,8.0,45,1,1,100.0,0,0,0,1,0,,,,,,,,,,,,,,,,
2021,12,10,Matthew Wright,jacksonville_jaguars,6.0,25.7,6.0,6.0,34,2,2,100.0,0,1,1,0,0,2021-11-28,1:00PM,TIAA Bank Field,Jacksonville,FL,30.3239,-81.6373,Outdoor,Grass,16.0,1995.0,15.2,0.0,24.48,53.0,1018.3
2021,12,11,Tyler Bass,buffalo_bills,7.0,25.6,7.0,7.0,34,1,1,100.0,0,0,1,0,0,2021-11-25,8:20PM,Caesars Superdome,New Orleans,LA,29.9509,-90.0815,Indoor,Turf,3.0,1975.0,18.9,1.3,30.96,94.0,1021.1
2021,12,12,Cairo Santos,chicago_bears,11.0,25.2,11.0,11.0,43,3,4,75.0,0,2,0,1,0,2021-11-25,12:30PM,Ford Field,Detroit,MI,42.34,-83.0456,Indoor,Turf,600.0,2002.0,7.4,0.1,49.32,93.0,1012.9
2021,12,13,Chris Boswell,pittsburgh_steelers,5.0,24.2,5.0,5.0,40,1,1,100.0,0,0,0,1,0,2021-11-28,1:00PM,Paycor Stadium,Cincinnati,OH,39.0954,-84.516,Outdoor,Turf,482.0,2000.0,5.6,0.0,51.84,63.0,1016.7
2021,12,14,Zane Gonzalez,carolina_panthers,5.0,24.2,5.0,5.0,41,1,1,100.0,0,0,0,1,0,2021-11-28,1:00PM,Hard Rock Stadium,Miami Gardens,FL,25.958,-80.238,Outdoor,Grass,7.0,1987.0,23.5,0.0,7.2,64.0,1017.6
2021,12,15,Zane Gonzalez,detroit_lions,5.0,24.2,5.0,5.0,41,1,1,100.0,0,0,0,1,0,2021-11-25,12:30PM,Ford Field,Detroit,MI,42.34,-83.0456,Indoor,Turf,600.0,2002.0,7.4,0.1,49.32,93.0,1012.9
2021,12,16,Joey Slye,houston_texans,3.0,22.9,3.0,3.0,23,1,1,100.0,0,1,0,0,0,2021-11-28,1:00PM,NRG Stadium,Houston,TX,29.6847,-95.4107,Indoor,Turf,50.0,2002.0,15.5,0.0,56.16,79.0,1021.8
2021,12,17,Joey Slye,san_francisco_49ers,3.0,22.9,3.0,3.0,23,1,1,100.0,0,1,0,0,0,2021-11-28,4:25PM,Levi's Stadium,Santa Clara,CA,37.403,-121.9692,Outdoor,Grass,13.0,2014.0,19.7,0.0,30.6,52.0,1021.3
2021,12,18,Robbie Gould,san_francisco_49ers,11.0,22.74,11.0,11.0,46,2,3,66.7,0,1,0,1,0,2021-11-28,4:25PM,Levi's Stadium,Santa Clara,CA,37.403,-121.9692,Outdoor,Grass,13.0,2014.0,19.7,0.0,30.6,52.0,1021.3
2021,12,19,Greg Zuerlein,dallas_cowboys,8.0,20.64,8.0,8.0,45,2,3,66.7,0,1,0,1,0,2021-11-25,4:30PM,AT&T Stadium,Arlington,TX,32.7473,-97.0945,Indoor,Turf,639.0,2009.0,13.1,0.0,81.72,36.0,1028.2
2021,12,20,Graham Gano,new_york_giants,7.0,19.84,7.0,7.0,39,2,3,66.7,0,0,2,0,0,2021-11-28,1:00PM,MetLife Stadium,East Rutherford,NJ,40.8136,-74.0744,Outdoor,Turf,3.0,2010.0,2.5,0.0,18.36,77.0,1010.9
2021,12,21,Matt Ammendola,new_york_jets,7.0,19.84,7.0,7.0,37,2,3,66.7,0,0,2,0,0,2021-11-28,1:00PM,NRG Stadium,Houston,TX,29.6847,-95.4107,Indoor,Turf,50.0,2002.0,15.5,0.0,56.16,79.0,1021.8
2021,12,22,Chase Mclaughlin,cleveland_browns,5.0,14.4,5.0,5.0,46,1,2,50.0,0,0,0,1,0,2021-11-28,8:20PM,M&T Bank Stadium,Baltimore,MD,39.2779,-76.6227,Outdoor,Grass,10.0,1998.0,5.4,0.0,26.28,75.0,1010.8
2021,12,23,Brandon Mcmanus,denver_broncos,4.0,2.8,4.0,4.0,0,0,0,0.0,0,0,0,0,0,2021-11-28,4:05PM,Empower Field at Mile High,Denver,CO,39.7439,-105.0201,Outdoor,Turf,5280.0,2001.0,18.8,0.0,24.48,22.0,1016.3
2021,12,24,Younghoe Koo,atlanta_falcons,3.0,2.1,3.0,3.0,0,0,0,0.0,0,0,0,0,0,2021-11-28,1:00PM,TIAA Bank Field,Jacksonville,FL,30.3239,-81.6373,Outdoor,Grass,16.0,1995.0,15.2,0.0,24.48,53.0,1018.3
2021,12,25,Ka'Imi Fairbairn,houston_texans,2.0,1.6,2.0,2.0,0,0,1,0.0,0,0,0,0,0,2021-11-28,1:00PM,NRG Stadium,Houston,TX,29.6847,-95.4107,Indoor,Turf,50.0,2002.0,15.5,0.0,56.16,79.0,1021.8
2021,12,26,Riley Patterson,detroit_lions,2.0,1.4,2.0,2.0,0,0,0,0.0,0,0,0,0,0,2021-11-25,12:30PM,Ford Field,Detroit,MI,42.34,-83.0456,Indoor,Turf,600.0,2002.0,7.4,0.1,49.32,93.0,1012.9
2021,12,27,Riley Patterson,new_england_patriots,2.0,1.4,2.0,2.0,0,0,0,0.0,0,0,0,0,0,2021-11-28,1:00PM,Gillette Stadium,Foxborough,MA,42.0909,-71.2643,Outdoor,Turf,289.0,2002.0,3.0,0.0,31.32,52.0,1011.6
2021,12,28,Greg Joseph,minnesota_vikings,2.0,1.4,2.0,2.0,0,0,0,0.0,0,0,0,0,0,2021-11-28,4:25PM,Levi's Stadium,Santa Clara,CA,37.403,-121.9692,Outdoor,Grass,13.0,2014.0,19.7,0.0,30.6,52.0,1021.3
2021,12,29,Randy Bullock,tennessee_titans,1.0,0.9,1.0,1.0,0,0,1,0.0,0,0,0,0,0,2021-11-28,1:00PM,Gillette Stadium,Foxborough,MA,42.0909,-71.2643,Outdoor,Turf,289.0,2002.0,3.0,0.0,31.32,52.0,1011.6
2021,12,30,Dustin Hopkins,los_angeles_chargers,1.0,0.9,1.0,1.0,0,0,1,0.0,0,0,0,0,0,2021-11-28,4:05PM,Empower Field at Mile High,Denver,CO,39.7439,-105.0201,Outdoor,Turf,5280.0,2001.0,18.8,0.0,24.48,22.0,1016.3
2021,12,31,Jason Myers,seattle_seahawks,1.0,0.7,1.0,1.0,0,0,0,0.0,0,0,0,0,0,2021-11-29,8:15PM,FedExField,Landover,MD,38.9078,-76.8645,Outdoor,Grass,300.0,1997.0,4.5,0.0,39.24,53.0,1017.9
2021,12,32,Jake Elliott,philadelphia_eagles,1.0,0.7,1.0,1.0,0,0,0,0.0,0,0,0,0,0,2021-11-28,1:00PM,MetLife Stadium,East Rutherford,NJ,40.8136,-74.0744,Outdoor,Turf,3.0,2010.0,2.5,0.0,18.36,77.0,1010.9
2021,12,33,Ty Long,los_angeles_chargers,0.0,0.0,0.0,0.0,0,0,0,0.0,0,0,0,0,0,2021-11-28,4:05PM,Empower Field at Mile High,Denver,CO,39.7439,-105.0201,Outdoor,Turf,5280.0,2001.0,18.8,0.0,24.48,22.0,1016.3
2021,12,34,Brett Maher,new_orleans_saints,0.0,0.0,0.0,0.0,0,0,0,0.0,0,0,0,0,0,2021-11-25,8:20PM,Caesars Superdome,New Orleans,LA,29.9509,-90.0815,Indoor,Turf,3.0,1975.0,18.9,1.3,30.96,94.0,1021.1
2021,13,1,Jake Elliott,philadelphia_eagles,17.0,34.7,17.0,17.0,46,4,4,100.0,0,0,2,2,0,2021-12-05,1:00PM,MetLife Stadium,East Rutherford,NJ,40.8136,-74.0744,Outdoor,Turf,3.0,2010.0,7.3,0.0,10.08,44.0,1028.9
2021,13,2,Matt Gay,los_angeles_rams,15.0,32.6,15.0,15.0,44,3,3,100.0,0,0,1,2,0,2021-12-05,4:25PM,SoFi Stadium,Inglewood,CA,33.9535,-118.3392,Outdoor,Turf,100.0,2020.0,15.6,0.0,49.32,70.0,1017.1
2021,13,3,Harrison Butker,kansas_city_chiefs,13.0,31.3,13.0,13.0,56,3,3,100.0,0,1,0,1,1,2021-12-05,8:20PM,GEHA Field at Arrowhead Stadium,Kansas City,MO,39.049,-94.4839,Outdoor,Grass,1020.0,1972.0,11.0,0.0,89.64,58.0,1009.0
2021,13,4,Riley Patterson,detroit_lions,13.0,31.2,13.0,13.0,49,3,3,100.0,0,0,1,2,0,2021-12-05,1:00PM,Ford Field,Detroit,MI,42.34,-83.0456,Indoor,Turf,600.0,2002.0,3.4,0.0,85.32,62.0,1020.9
2021,13,5,Riley Patterson,new_england_patriots,13.0,31.2,13.0,13.0,49,3,3,100.0,0,0,1,2,0,2021-12-06,8:15PM,Highmark Stadium,Orchard Park,NY,42.7738,-78.7868,Outdoor,Grass,600.0,1973.0,2.1,0.2,162.72000000000003,53.0,1009.8
2021,13,6,Daniel Carlson,las_vegas_raiders,11.0,29.8,11.0,11.0,52,3,3,100.0,0,0,2,0,1,2021-12-05,4:05PM,Allegiant Stadium,Las Vegas,NV,36.0908,-115.183,Indoor,Turf,2001.0,2020.0,21.2,0.0,16.92,15.0,1016.3
2021,13,7,Greg Zuerlein,dallas_cowboys,11.0,29.1,11.0,11.0,55,2,2,100.0,0,0,1,0,1,2021-12-02,8:20PM,Caesars Superdome,New Orleans,LA,29.9509,-90.0815,Indoor,Turf,3.0,1975.0,15.8,0.0,19.44,93.0,1020.7
2021,13,8,Greg Joseph,minnesota_vikings,10.0,29.1,10.0,10.0,41,3,3,100.0,0,0,2,1,0,2021-12-05,1:00PM,Ford Field,Detroit,MI,42.34,-83.0456,Indoor,Turf,600.0,2002.0,3.4,0.0,85.32,62.0,1020.9
2021,13,9,Dustin Hopkins,los_angeles_chargers,11.0,29.1,11.0,11.0,43,2,2,100.0,0,0,0,2,0,2021-12-05,1:00PM,Paycor Stadium,Cincinnati,OH,39.0954,-84.516,Outdoor,Turf,482.0,2000.0,10.2,0.0,43.2,53.0,1016.9
2021,13,10,Matt Prater,arizona_cardinals,9.0,27.8,9.0,9.0,33,2,2,100.0,0,1,1,0,0,2021-12-05,1:00PM,Soldier Field,Chicago,IL,41.8623,-87.6167,Outdoor,Grass,595.0,1924.0,2.7,1.2,82.44,77.0,1010.1
2021,13,11,Chris Boswell,pittsburgh_steelers,9.0,27.7,9.0,9.0,53,2,2,100.0,0,0,0,1,1,2021-12-05,4:25PM,Acrisure Stadium,Pittsburgh,PA,40.4468,-80.0158,Outdoor,Grass,730.0,2001.0,9.8,0.0,47.16,55.0,1017.7
2021,13,12,Justin Tucker,baltimore_ravens,7.0,26.4,7.0,7.0,35,2,2,100.0,0,1,1,0,0,2021-12-05,4:25PM,Acrisure Stadium,Pittsburgh,PA,40.4468,-80.0158,Outdoor,Grass,730.0,2001.0,9.8,0.0,47.16,55.0,1017.7
2021,13,13,Nick Folk,new_england_patriots,7.0,26.3,7.0,7.0,41,2,2,100.0,0,0,1,1,0,2021-12-06,8:15PM,Highmark Stadium,Orchard Park,NY,42.7738,-78.7868,Outdoor,Grass,600.0,1973.0,2.1,0.2,162.72000000000003,53.0,1009.8
2021,13,14,Robbie Gould,san_francisco_49ers,7.0,25.6,7.0,7.0,50,1,1,100.0,0,0,0,0,1,2021-12-05,4:00PM,Lumen Field,Seattle,WA,47.5952,-122.3316,Outdoor,Turf,20.0,2002.0,5.4,0.0,26.64,64.0,1032.7
2021,13,15,Graham Gano,new_york_giants,11.0,25.0,11.0,11.0,51,3,4,75.0,0,0,2,0,1,2021-12-05,1:00PM,Hard Rock Stadium,Miami Gardens,FL,25.958,-80.238,Outdoor,Grass,7.0,1987.0,27.1,0.0,28.8,60.0,1020.0
2021,13,16,Ryan Succop,tampa_bay_buccaneers,6.0,24.9,6.0,6.0,31,1,1,100.0,0,0,1,0,0,2021-12-05,1:00PM,Mercedes-Benz Stadium,Atlanta,GA,33.755,-84.4008,Indoor,Turf,1050.0,2017.0,17.2,0.2,26.64,81.0,1021.1
2021,13,17,Brian Johnson,chicago_bears,6.0,24.9,6.0,6.0,48,1,1,100.0,0,0,0,1,0,2021-12-05,1:00PM,Soldier Field,Chicago,IL,41.8623,-87.6167,Outdoor,Grass,595.0,1924.0,2.7,1.2,82.44,77.0,1010.1
2021,13,18,Brian Johnson,new_orleans_saints,6.0,24.9,6.0,6.0,48,1,1,100.0,0,0,0,1,0,2021-12-02,8:20PM,Caesars Superdome,New Orleans,LA,29.9509,-90.0815,Indoor,Turf,3.0,1975.0,15.8,0.0,19.44,93.0,1020.7
2021,13,19,Younghoe Koo,atlanta_falcons,5.0,24.3,5.0,5.0,21,1,1,100.0,0,1,0,0,0,2021-12-05,1:00PM,Mercedes-Benz Stadium,Atlanta,GA,33.755,-84.4008,Indoor,Turf,1050.0,2017.0,17.2,0.2,26.64,81.0,1021.1
2021,13,20,Evan Mcpherson,cincinnati_bengals,5.0,24.2,5.0,5.0,48,1,1,100.0,0,0,0,1,0,2021-12-05,1:00PM,Paycor Stadium,Cincinnati,OH,39.0954,-84.516,Outdoor,Turf,482.0,2000.0,10.2,0.0,43.2,53.0,1016.9
2021,13,21,Brandon Mcmanus,denver_broncos,4.0,23.5,4.0,4.0,42,1,1,100.0,0,0,0,1,0,2021-12-05,8:20PM,GEHA Field at Arrowhead Stadium,Kansas City,MO,39.049,-94.4839,Outdoor,Grass,1020.0,1972.0,11.0,0.0,89.64,58.0,1009.0
2021,13,22,Jason Sanders,miami_dolphins,10.0,21.94,10.0,10.0,48,2,3,66.7,0,0,0,2,0,2021-12-05,1:00PM,Hard Rock Stadium,Miami Gardens,FL,25.958,-80.238,Outdoor,Grass,7.0,1987.0,27.1,0.0,28.8,60.0,1020.0
2021,13,23,Michael Badgley,unknown,7.0,15.9,7.0,7.0,23,1,2,50.0,0,1,0,0,0,,,,,,,,,,,,,,,,
2021,13,24,Brett Maher,new_orleans_saints,6.0,15.1,6.0,6.0,42,1,2,50.0,0,0,0,1,0,2021-12-02,8:20PM,Caesars Superdome,New Orleans,LA,29.9509,-90.0815,Indoor,Turf,3.0,1975.0,15.8,0.0,19.44,93.0,1020.7
2021,13,25,Tyler Bass,buffalo_bills,4.0,13.7,4.0,4.0,35,1,2,50.0,0,0,1,0,0,2021-12-06,8:15PM,Highmark Stadium,Orchard Park,NY,42.7738,-78.7868,Outdoor,Grass,600.0,1973.0,2.1,0.2,162.72000000000003,53.0,1009.8
2021,13,26,Jason Myers,seattle_seahawks,4.0,3.0,4.0,4.0,0,0,1,0.0,0,0,0,0,0,2021-12-05,4:00PM,Lumen Field,Seattle,WA,47.5952,-122.3316,Outdoor,Turf,20.0,2002.0,5.4,0.0,26.64,64.0,1032.7
2021,13,27,Cairo Santos,chicago_bears,2.0,1.4,2.0,2.0,0,0,0,0.0,0,0,0,0,0,2021-12-05,1:00PM,Soldier Field,Chicago,IL,41.8623,-87.6167,Outdoor,Grass,595.0,1924.0,2.7,1.2,82.44,77.0,1010.1
2021,13,28,Matthew Wright,jacksonville_jaguars,1.0,0.7,1.0,1.0,0,0,0,0.0,0,0,0,0,0,2021-12-05,4:25PM,SoFi Stadium,Inglewood,CA,33.9535,-118.3392,Outdoor,Turf,100.0,2020.0,15.6,0.0,49.32,70.0,1017.1
2021,13,29,Alex Kessman,carolina_panthers,0.0,0.0,0.0,0.0,0,0,0,0.0,0,0,0,0,0,,,,,,,,,,,,,,,,
2021,13,30,Alex Kessman,new_york_jets,0.0,0.0,0.0,0.0,0,0,0,0.0,0,0,0,0,0,2021-12-05,1:00PM,MetLife Stadium,East Rutherford,NJ,40.8136,-74.0744,Outdoor,Turf,3.0,2010.0,7.3,0.0,10.08,44.0,1028.9
2021,13,31,Ty Long,los_angeles_chargers,0.0,0.0,0.0,0.0,0,0,0,0.0,0,0,0,0,0,2021-12-05,1:00PM,Paycor Stadium,Cincinnati,OH,39.0954,-84.516,Outdoor,Turf,482.0,2000.0,10.2,0.0,43.2,53.0,1016.9
2021,13,32,Ka'Imi Fairbairn,houston_texans,0.0,0.0,0.0,0.0,0,0,0,0.0,0,0,0,0,0,2021-12-05,1:00PM,NRG Stadium,Houston,TX,29.6847,-95.4107,Indoor,Turf,50.0,2002.0,25.1,0.1,73.8,72.0,1015.7
2021,14,1,Matt Prater,arizona_cardinals,16.0,33.3,16.0,16.0,53,3,3,100.0,0,0,0,1,2,2021-12-13,8:15PM,State Farm Stadium,Glendale,AZ,33.5275,-112.2625,Indoor,Turf,1070.0,2006.0,15.5,0.0,22.32,41.0,1016.6
2021,14,2,Justin Tucker,baltimore_ravens,15.0,32.6,15.0,15.0,55,3,3,100.0,0,0,0,1,2,2021-12-12,1:00PM,FirstEnergy Stadium,Cleveland,OH,41.5061,-81.6995,Outdoor,Grass,577.0,1999.0,6.4,0.0,87.12,53.0,1023.1
2021,14,3,Cairo Santos,chicago_bears,14.0,32.0,14.0,14.0,44,3,3,100.0,0,1,0,2,0,2021-12-12,8:20PM,Lambeau Field,Green Bay,WI,44.5013,-88.0622,Outdoor,Grass,640.0,1957.0,2.2,0.0,69.84,70.0,1014.3
2021,14,4,Greg Zuerlein,dallas_cowboys,13.0,32.0,13.0,13.0,38,4,4,100.0,0,1,3,0,0,2021-12-12,1:00PM,FedExField,Landover,MD,38.9078,-76.8645,Outdoor,Grass,300.0,1997.0,7.6,0.0,57.24,40.0,1025.5
2021,14,5,Matt Gay,los_angeles_rams,14.0,31.9,14.0,14.0,55,3,3,100.0,0,0,2,0,1,2021-12-13,8:15PM,State Farm Stadium,Glendale,AZ,33.5275,-112.2625,Indoor,Turf,1070.0,2006.0,15.5,0.0,22.32,41.0,1016.6
2021,14,6,Dustin Hopkins,los_angeles_chargers,13.0,31.4,13.0,13.0,39,3,3,100.0,0,2,1,0,0,2021-12-12,4:05PM,SoFi Stadium,Inglewood,CA,33.9535,-118.3392,Outdoor,Turf,100.0,2020.0,14.6,0.0,46.440000000000005,54.0,1015.7
2021,14,7,Harrison Butker,kansas_city_chiefs,14.0,31.2,14.0,14.0,54,2,2,100.0,0,0,1,0,1,2021-12-12,1:00PM,GEHA Field at Arrowhead Stadium,Kansas City,MO,39.049,-94.4839,Outdoor,Grass,1020.0,1972.0,9.7,0.0,71.64,37.0,1019.7
2021,14,8,Brett Maher,new_orleans_saints,12.0,30.6,12.0,12.0,37,3,3,100.0,0,1,2,0,0,2021-12-12,1:00PM,MetLife Stadium,East Rutherford,NJ,40.8136,-74.0744,Outdoor,Turf,3.0,2010.0,7.8,0.0,76.68,37.0,1020.8
2021,14,9,Younghoe Koo,atlanta_falcons,12.0,30.5,12.0,12.0,48,3,3,100.0,0,0,2,1,0,2021-12-12,1:00PM,Bank of America Stadium,Charlotte,NC,35.2258,-80.8528,Outdoor,Grass,748.0,1996.0,9.4,0.0,50.04,31.0,1027.5
2021,14,10,Eddy Pineiro,new_york_jets,10.0,29.1,10.0,10.0,46,3,3,100.0,0,0,2,1,0,2021-12-12,1:00PM,MetLife Stadium,East Rutherford,NJ,40.8136,-74.0744,Outdoor,Turf,3.0,2010.0,7.8,0.0,76.68,37.0,1020.8
2021,14,11,Tyler Bass,buffalo_bills,9.0,27.9,9.0,9.0,25,2,2,100.0,0,2,0,0,0,2021-12-12,4:25PM,Raymond James Stadium,Tampa,FL,27.9759,-82.5033,Outdoor,Grass,26.0,1998.0,26.4,0.2,43.92,64.0,1020.7
2021,14,12,Ryan Succop,tampa_bay_buccaneers,9.0,27.9,9.0,9.0,24,2,2,100.0,0,2,0,0,0,2021-12-12,4:25PM,Raymond James Stadium,Tampa,FL,27.9759,-82.5033,Outdoor,Grass,26.0,1998.0,26.4,0.2,43.92,64.0,1020.7
2021,14,13,Ka'Imi Fairbairn,houston_texans,9.0,27.8,9.0,9.0,61,2,2,100.0,0,1,0,0,1,2021-12-12,1:00PM,NRG Stadium,Houston,TX,29.6847,-95.4107,Indoor,Turf,50.0,2002.0,12.3,0.0,33.480000000000004,59.0,1026.1
2021,14,14,Brandon Mcmanus,denver_broncos,10.0,27.7,10.0,10.0,52,1,1,100.0,0,0,0,0,1,2021-12-12,4:05PM,Empower Field at Mile High,Denver,CO,39.7439,-105.0201,Outdoor,Turf,5280.0,2001.0,14.6,0.0,32.4,12.0,1006.4
2021,14,15,Mason Crosby,green_bay_packers,9.0,27.1,9.0,9.0,20,1,1,100.0,0,1,0,0,0,2021-12-12,8:20PM,Lambeau Field,Green Bay,WI,44.5013,-88.0622,Outdoor,Grass,640.0,1957.0,2.2,0.0,69.84,70.0,1014.3
2021,14,16,Greg Joseph,minnesota_vikings,13.0,26.5,13.0,13.0,42,3,4,75.0,0,1,1,1,0,2021-12-09,8:20PM,U.S. Bank Stadium,Minneapolis,MN,44.974,-93.2581,Indoor,Turf,840.0,2016.0,-1.1,0.0,43.56,87.0,1009.0
2021,14,17,Jason Myers,seattle_seahawks,7.0,26.3,7.0,7.0,38,2,2,100.0,0,0,2,0,0,2021-12-12,1:00PM,NRG Stadium,Houston,TX,29.6847,-95.4107,Indoor,Turf,50.0,2002.0,12.3,0.0,33.480000000000004,59.0,1026.1
2021,14,18,Evan Mcpherson,cincinnati_bengals,12.0,25.8,12.0,12.0,41,3,4,75.0,0,1,1,1,0,2021-12-12,1:00PM,Paycor Stadium,Cincinnati,OH,39.0954,-84.516,Outdoor,Turf,482.0,2000.0,7.5,0.0,43.92,51.0,1027.6
2021,14,19,Riley Patterson,detroit_lions,4.0,23.5,4.0,4.0,36,1,1,100.0,0,0,1,0,0,2021-12-12,4:05PM,Empower Field at Mile High,Denver,CO,39.7439,-105.0201,Outdoor,Turf,5280.0,2001.0,14.6,0.0,32.4,12.0,1006.4
2021,14,20,Riley Patterson,new_england_patriots,4.0,23.5,4.0,4.0,36,1,1,100.0,0,0,1,0,0,,,,,,,,,,,,,,,,
2021,14,21,Daniel Carlson,las_vegas_raiders,3.0,22.9,3.0,3.0,26,1,1,100.0,0,1,0,0,0,2021-12-12,1:00PM,GEHA Field at Arrowhead Stadium,Kansas City,MO,39.049,-94.4839,Outdoor,Grass,1020.0,1972.0,9.7,0.0,71.64,37.0,1019.7
2021,14,22,Randy Bullock,tennessee_titans,9.0,21.34,9.0,9.0,44,2,3,66.7,0,1,0,1,0,2021-12-12,1:00PM,Nissan Stadium,Nashville,TN,36.1665,-86.7713,Outdoor,Grass,476.0,1999.0,8.1,0.0,18.36,51.0,1029.0
2021,14,23,Robbie Gould,san_francisco_49ers,8.0,20.64,8.0,8.0,33,2,3,66.7,0,1,1,0,0,2021-12-12,1:00PM,Paycor Stadium,Cincinnati,OH,39.0954,-84.516,Outdoor,Turf,482.0,2000.0,7.5,0.0,43.92,51.0,1027.6
2021,14,24,Chase Mclaughlin,cleveland_browns,7.0,15.8,7.0,7.0,43,1,2,50.0,0,0,0,1,0,2021-12-12,1:00PM,FirstEnergy Stadium,Cleveland,OH,41.5061,-81.6995,Outdoor,Grass,577.0,1999.0,6.4,0.0,87.12,53.0,1023.1
2021,14,25,Zane Gonzalez,carolina_panthers,3.0,2.1,3.0,3.0,0,0,0,0.0,0,0,0,0,0,2021-12-12,1:00PM,Bank of America Stadium,Charlotte,NC,35.2258,-80.8528,Outdoor,Grass,748.0,1996.0,9.4,0.0,50.04,31.0,1027.5
2021,14,26,Zane Gonzalez,detroit_lions,3.0,2.1,3.0,3.0,0,0,0,0.0,0,0,0,0,0,2021-12-12,4:05PM,Empower Field at Mile High,Denver,CO,39.7439,-105.0201,Outdoor,Turf,5280.0,2001.0,14.6,0.0,32.4,12.0,1006.4
2021,14,27,Chris Boswell,pittsburgh_steelers,2.0,1.6,2.0,2.0,0,0,1,0.0,0,0,0,0,0,2021-12-09,8:20PM,U.S. Bank Stadium,Minneapolis,MN,44.974,-93.2581,Indoor,Turf,840.0,2016.0,-1.1,0.0,43.56,87.0,1009.0
2021,14,28,Graham Gano,new_york_giants,1.0,0.7,1.0,1.0,0,0,0,0.0,0,0,0,0,0,2021-12-12,4:05PM,SoFi Stadium,Inglewood,CA,33.9535,-118.3392,Outdoor,Turf,100.0,2020.0,14.6,0.0,46.440000000000005,54.0,1015.7
2021,14,29,Matthew Wright,jacksonville_jaguars,0.0,0.0,0.0,0.0,0,0,0,0.0,0,0,0,0,0,2021-12-12,1:00PM,Nissan Stadium,Nashville,TN,36.1665,-86.7713,Outdoor,Grass,476.0,1999.0,8.1,0.0,18.36,51.0,1029.0
2021,14,30,Brian Johnson,chicago_bears,0.0,0.0,0.0,0.0,0,0,0,0.0,0,0,0,0,0,2021-12-12,8:20PM,Lambeau Field,Green Bay,WI,44.5013,-88.0622,Outdoor,Grass,640.0,1957.0,2.2,0.0,69.84,70.0,1014.3
2021,14,31,Brian Johnson,new_orleans_saints,0.0,0.0,0.0,0.0,0,0,0,0.0,0,0,0,0,0,2021-12-12,1:00PM,MetLife Stadium,East Rutherford,NJ,40.8136,-74.0744,Outdoor,Turf,3.0,2010.0,7.8,0.0,76.68,37.0,1020.8
2021,14,32,Ty Long,los_angeles_chargers,0.0,0.0,0.0,0.0,0,0,0,0.0,0,0,0,0,0,2021-12-12,4:05PM,SoFi Stadium,Inglewood,CA,33.9535,-118.3392,Outdoor,Turf,100.0,2020.0,14.6,0.0,46.440000000000005,54.0,1015.7
2021,15,1,Ka'Imi Fairbairn,houston_texans,16.0,33.4,16.0,16.0,52,3,3,100.0,0,1,0,0,2,2021-12-19,1:00PM,TIAA Bank Field,Jacksonville,FL,30.3239,-81.6373,Outdoor,Grass,16.0,1995.0,25.1,0.0,80.28,74.0,1014.7
2021,15,2,Riley Patterson,detroit_lions,14.0,31.9,14.0,14.0,47,3,3,100.0,0,0,1,2,0,2021-12-19,1:00PM,Ford Field,Detroit,MI,42.34,-83.0456,Indoor,Turf,600.0,2002.0,-0.7,0.0,40.68000000000001,63.0,1029.1
2021,15,3,Riley Patterson,new_england_patriots,14.0,31.9,14.0,14.0,47,3,3,100.0,0,0,1,2,0,2021-12-18,8:20PM,Lucas Oil Stadium,Indianapolis,IN,39.7601,-86.1639,Indoor,Turf,700.0,2008.0,2.8,0.0,63.36000000000001,74.0,1021.7
2021,15,4,Evan Mcpherson,cincinnati_bengals,13.0,31.3,13.0,13.0,58,3,3,100.0,0,1,0,0,2,2021-12-19,4:05PM,Empower Field at Mile High,Denver,CO,39.7439,-105.0201,Outdoor,Turf,5280.0,2001.0,10.7,0.0,23.040000000000003,12.0,1010.6
2021,15,5,Daniel Carlson,las_vegas_raiders,12.0,30.6,12.0,12.0,48,3,3,100.0,0,1,0,2,0,2021-12-20,5:00PM,FirstEnergy Stadium,Cleveland,OH,41.5061,-81.6995,Outdoor,Grass,577.0,1999.0,5.3,0.0,57.6,58.0,1020.8
2021,15,6,Chris Boswell,pittsburgh_steelers,15.0,29.6,15.0,15.0,48,4,5,80.0,0,1,1,2,0,2021-12-19,1:00PM,Acrisure Stadium,Pittsburgh,PA,40.4468,-80.0158,Outdoor,Grass,730.0,2001.0,1.6,0.0,51.84,61.0,1026.2
2021,15,7,Greg Zuerlein,dallas_cowboys,10.0,29.3,10.0,10.0,42,3,3,100.0,0,2,0,1,0,2021-12-19,1:00PM,MetLife Stadium,East Rutherford,NJ,40.8136,-74.0744,Outdoor,Turf,3.0,2010.0,4.0,0.0,87.12,49.0,1018.5
2021,15,8,Matthew Wright,jacksonville_jaguars,10.0,29.2,10.0,10.0,38,3,3,100.0,0,1,2,0,0,2021-12-19,1:00PM,TIAA Bank Field,Jacksonville,FL,30.3239,-81.6373,Outdoor,Grass,16.0,1995.0,25.1,0.0,80.28,74.0,1014.7
2021,15,9,Brett Maher,new_orleans_saints,10.0,29.1,10.0,10.0,42,3,3,100.0,0,0,2,1,0,2021-12-19,8:20PM,Raymond James Stadium,Tampa,FL,27.9759,-82.5033,Outdoor,Grass,26.0,1998.0,22.4,0.0,13.32,95.0,1015.9
2021,15,10,Matt Gay,los_angeles_rams,10.0,28.4,10.0,10.0,55,2,2,100.0,0,0,1,0,1,2021-12-21,7:00PM,SoFi Stadium,Inglewood,CA,33.9535,-118.3392,Outdoor,Turf,100.0,2020.0,11.6,0.0,39.96,82.0,1019.1
2021,15,11,Jake Elliott,philadelphia_eagles,9.0,27.8,9.0,9.0,37,2,2,100.0,0,1,1,0,0,2021-12-21,7:00PM,Lincoln Financial Field,Philadelphia,PA,39.9008,-75.1675,Outdoor,Grass,30.0,2003.0,4.0,0.0,19.44,64.0,1014.1
2021,15,12,Younghoe Koo,atlanta_falcons,8.0,27.1,8.0,8.0,48,2,2,100.0,0,1,0,1,0,2021-12-19,4:05PM,Levi's Stadium,Santa Clara,CA,37.403,-121.9692,Outdoor,Grass,13.0,2014.0,12.3,0.0,46.8,66.0,1018.4
2021,15,13,Harrison Butker,kansas_city_chiefs,8.0,27.0,8.0,8.0,33,2,2,100.0,0,0,2,0,0,2021-12-16,8:20PM,SoFi Stadium,Inglewood,CA,33.9535,-118.3392,Outdoor,Turf,100.0,2020.0,11.1,0.3,48.24,89.0,1017.8
2021,15,14,Randy Bullock,tennessee_titans,7.0,26.4,7.0,7.0,32,2,2,100.0,0,1,1,0,0,2021-12-19,1:00PM,Acrisure Stadium,Pittsburgh,PA,40.4468,-80.0158,Outdoor,Grass,730.0,2001.0,1.6,0.0,51.84,61.0,1026.2
2021,15,15,Graham Gano,new_york_giants,7.0,26.3,7.0,7.0,42,2,2,100.0,0,0,1,1,0,2021-12-19,1:00PM,MetLife Stadium,East Rutherford,NJ,40.8136,-74.0744,Outdoor,Turf,3.0,2010.0,4.0,0.0,87.12,49.0,1018.5
2021,15,16,Matt Prater,arizona_cardinals,6.0,25.8,6.0,6.0,29,2,2,100.0,0,2,0,0,0,2021-12-19,1:00PM,Ford Field,Detroit,MI,42.34,-83.0456,Indoor,Turf,600.0,2002.0,-0.7,0.0,40.68000000000001,63.0,1029.1
2021,15,17,Tyler Bass,buffalo_bills,7.0,25.7,7.0,7.0,26,1,1,100.0,0,1,0,0,0,2021-12-19,1:00PM,Highmark Stadium,Orchard Park,NY,42.7738,-78.7868,Outdoor,Grass,600.0,1973.0,-1.3,0.0,46.8,63.0,1027.0
2021,15,18,Mason Crosby,green_bay_packers,7.0,25.7,7.0,7.0,29,1,1,100.0,0,1,0,0,0,2021-12-19,1:00PM,M&T Bank Stadium,Baltimore,MD,39.2779,-76.6227,Outdoor,Grass,10.0,1998.0,6.3,0.0,84.60000000000001,50.0,1020.2
2021,15,19,Jason Sanders,miami_dolphins,7.0,25.7,7.0,7.0,24,1,1,100.0,0,1,0,0,0,2021-12-19,1:00PM,Hard Rock Stadium,Miami Gardens,FL,25.958,-80.238,Outdoor,Grass,7.0,1987.0,27.6,0.0,49.32,73.0,1017.3
2021,15,20,Robbie Gould,san_francisco_49ers,7.0,25.6,7.0,7.0,30,1,1,100.0,0,0,1,0,0,2021-12-19,4:05PM,Levi's Stadium,Santa Clara,CA,37.403,-121.9692,Outdoor,Grass,13.0,2014.0,12.3,0.0,46.8,66.0,1018.4
2021,15,21,Eddy Pineiro,new_york_jets,6.0,25.0,6.0,6.0,27,1,1,100.0,0,1,0,0,0,2021-12-19,1:00PM,Hard Rock Stadium,Miami Gardens,FL,25.958,-80.238,Outdoor,Grass,7.0,1987.0,27.6,0.0,49.32,73.0,1017.3
2021,15,22,Justin Tucker,baltimore_ravens,6.0,24.9,6.0,6.0,38,1,1,100.0,0,0,1,0,0,2021-12-19,1:00PM,M&T Bank Stadium,Baltimore,MD,39.2779,-76.6227,Outdoor,Grass,10.0,1998.0,6.3,0.0,84.60000000000001,50.0,1020.2
2021,15,23,Brian Johnson,chicago_bears,5.0,24.3,5.0,5.0,22,1,1,100.0,0,1,0,0,0,2021-12-20,8:15PM,Soldier Field,Chicago,IL,41.8623,-87.6167,Outdoor,Grass,595.0,1924.0,0.5,0.0,43.56,80.0,1021.5
2021,15,24,Brian Johnson,new_orleans_saints,5.0,24.3,5.0,5.0,22,1,1,100.0,0,1,0,0,0,2021-12-19,8:20PM,Raymond James Stadium,Tampa,FL,27.9759,-82.5033,Outdoor,Grass,26.0,1998.0,22.4,0.0,13.32,95.0,1015.9
2021,15,25,Nick Folk,new_england_patriots,5.0,24.3,5.0,5.0,25,1,1,100.0,0,1,0,0,0,2021-12-18,8:20PM,Lucas Oil Stadium,Indianapolis,IN,39.7601,-86.1639,Indoor,Turf,700.0,2008.0,2.8,0.0,63.36000000000001,74.0,1021.7
2021,15,26,Greg Joseph,minnesota_vikings,5.0,24.2,5.0,5.0,37,1,1,100.0,0,0,1,0,0,2021-12-20,8:15PM,Soldier Field,Chicago,IL,41.8623,-87.6167,Outdoor,Grass,595.0,1924.0,0.5,0.0,43.56,80.0,1021.5
2021,15,27,Jason Myers,seattle_seahawks,4.0,23.5,4.0,4.0,39,1,1,100.0,0,0,1,0,0,2021-12-21,7:00PM,SoFi Stadium,Inglewood,CA,33.9535,-118.3392,Outdoor,Turf,100.0,2020.0,11.6,0.0,39.96,82.0,1019.1
2021,15,28,Michael Badgley,unknown,10.0,22.04,10.0,10.0,41,2,3,66.7,0,1,0,1,0,,,,,,,,,,,,,,,,
2021,15,29,Brandon Mcmanus,denver_broncos,6.0,15.1,6.0,6.0,54,1,2,50.0,0,0,0,0,1,2021-12-19,4:05PM,Empower Field at Mile High,Denver,CO,39.7439,-105.0201,Outdoor,Turf,5280.0,2001.0,10.7,0.0,23.040000000000003,12.0,1010.6
2021,15,30,Cairo Santos,chicago_bears,3.0,13.0,3.0,3.0,34,1,2,50.0,0,0,1,0,0,2021-12-20,8:15PM,Soldier Field,Chicago,IL,41.8623,-87.6167,Outdoor,Grass,595.0,1924.0,0.5,0.0,43.56,80.0,1021.5
2021,15,31,Dustin Hopkins,los_angeles_chargers,4.0,2.8,4.0,4.0,0,0,0,0.0,0,0,0,0,0,2021-12-16,8:20PM,SoFi Stadium,Inglewood,CA,33.9535,-118.3392,Outdoor,Turf,100.0,2020.0,11.1,0.3,48.24,89.0,1017.8
2021,15,32,Chase Mclaughlin,cleveland_browns,2.0,1.6,2.0,2.0,0,0,1,0.0,0,0,0,0,0,2021-12-20,5:00PM,FirstEnergy Stadium,Cleveland,OH,41.5061,-81.6995,Outdoor,Grass,577.0,1999.0,5.3,0.0,57.6,58.0,1020.8
2021,15,33,Ryan Succop,tampa_bay_buccaneers,0.0,0.2,0.0,0.0,0,0,1,0.0,0,0,0,0,0,2021-12-19,8:20PM,Raymond James Stadium,Tampa,FL,27.9759,-82.5033,Outdoor,Grass,26.0,1998.0,22.4,0.0,13.32,95.0,1015.9
2021,15,34,Ty Long,los_angeles_chargers,0.0,0.0,0.0,0.0,0,0,0,0.0,0,0,0,0,0,2021-12-16,8:20PM,SoFi Stadium,Inglewood,CA,33.9535,-118.3392,Outdoor,Turf,100.0,2020.0,11.1,0.3,48.24,89.0,1017.8
2021,16,1,Ryan Succop,tampa_bay_buccaneers,16.0,34.1,16.0,16.0,48,4,4,100.0,0,1,1,2,0,2021-12-26,1:00PM,Bank of America Stadium,Charlotte,NC,35.2258,-80.8528,Outdoor,Grass,748.0,1996.0,21.6,0.1,22.32,60.0,1016.0
2021,16,2,Greg Joseph,minnesota_vikings,12.0,30.7,12.0,12.0,44,3,3,100.0,0,2,0,1,0,2021-12-26,1:00PM,U.S. Bank Stadium,Minneapolis,MN,44.974,-93.2581,Indoor,Turf,840.0,2016.0,-2.6,0.0,45.36,51.0,1019.6
2021,16,3,Matt Gay,los_angeles_rams,12.0,30.6,12.0,12.0,32,3,3,100.0,0,1,2,0,0,2021-12-26,1:00PM,U.S. Bank Stadium,Minneapolis,MN,44.974,-93.2581,Indoor,Turf,840.0,2016.0,-2.6,0.0,45.36,51.0,1019.6
2021,16,4,Dustin Hopkins,los_angeles_chargers,12.0,30.5,12.0,12.0,50,3,3,100.0,0,0,1,1,1,2021-12-26,1:00PM,NRG Stadium,Houston,TX,29.6847,-95.4107,Indoor,Turf,50.0,2002.0,25.9,0.0,95.4,66.0,1015.5
2021,16,5,Matthew Wright,jacksonville_jaguars,11.0,29.9,11.0,11.0,45,3,3,100.0,0,1,0,2,0,2021-12-26,1:00PM,MetLife Stadium,East Rutherford,NJ,40.8136,-74.0744,Outdoor,Turf,3.0,2010.0,7.8,0.0,72.36000000000001,65.0,1012.3
2021,16,6,Riley Patterson,detroit_lions,10.0,29.3,10.0,10.0,37,3,3,100.0,0,2,1,0,0,2021-12-26,1:00PM,Mercedes-Benz Stadium,Atlanta,GA,33.755,-84.4008,Indoor,Turf,1050.0,2017.0,20.4,0.1,26.64,74.0,1017.8
2021,16,7,Riley Patterson,new_england_patriots,10.0,29.3,10.0,10.0,37,3,3,100.0,0,2,1,0,0,2021-12-26,1:00PM,Gillette Stadium,Foxborough,MA,42.0909,-71.2643,Outdoor,Turf,289.0,2002.0,4.2,0.0,74.52,66.0,1009.4
2021,16,8,Younghoe Koo,atlanta_falcons,11.0,29.1,11.0,11.0,53,2,2,100.0,0,0,0,1,1,2021-12-26,1:00PM,Mercedes-Benz Stadium,Atlanta,GA,33.755,-84.4008,Indoor,Turf,1050.0,2017.0,20.4,0.1,26.64,74.0,1017.8
2021,16,9,Tyler Bass,buffalo_bills,9.0,27.8,9.0,9.0,34,2,2,100.0,0,1,1,0,0,2021-12-26,1:00PM,Gillette Stadium,Foxborough,MA,42.0909,-71.2643,Outdoor,Turf,289.0,2002.0,4.2,0.0,74.52,66.0,1009.4
2021,16,10,Eddy Pineiro,new_york_jets,9.0,27.8,9.0,9.0,42,2,2,100.0,0,1,0,1,0,2021-12-26,1:00PM,MetLife Stadium,East Rutherford,NJ,40.8136,-74.0744,Outdoor,Turf,3.0,2010.0,7.8,0.0,72.36000000000001,65.0,1012.3
2021,16,11,Randy Bullock,tennessee_titans,9.0,27.7,9.0,9.0,44,2,2,100.0,0,0,1,1,0,2021-12-23,8:20PM,Nissan Stadium,Nashville,TN,36.1665,-86.7713,Outdoor,Grass,476.0,1999.0,8.7,0.0,49.32,47.0,1017.6
2021,16,12,Elliott Fry,atlanta_falcons,13.0,26.4,13.0,13.0,44,3,4,75.0,0,0,2,1,0,2021-12-26,1:00PM,Mercedes-Benz Stadium,Atlanta,GA,33.755,-84.4008,Indoor,Turf,1050.0,2017.0,20.4,0.1,26.64,74.0,1017.8
2021,16,13,Elliott Fry,cincinnati_bengals,13.0,26.4,13.0,13.0,44,3,4,75.0,0,0,2,1,0,2021-12-26,1:00PM,Paycor Stadium,Cincinnati,OH,39.0954,-84.516,Outdoor,Turf,482.0,2000.0,10.6,0.0,2.52,74.0,1019.4
2021,16,14,Elliott Fry,green_bay_packers,13.0,26.4,13.0,13.0,44,3,4,75.0,0,0,2,1,0,2021-12-25,4:30PM,Lambeau Field,Green Bay,WI,44.5013,-88.0622,Outdoor,Grass,640.0,1957.0,-1.2,0.0,28.44,65.0,1011.5
2021,16,15,Elliott Fry,kansas_city_chiefs,13.0,26.4,13.0,13.0,44,3,4,75.0,0,0,2,1,0,2021-12-26,4:25PM,GEHA Field at Arrowhead Stadium,Kansas City,MO,39.049,-94.4839,Outdoor,Grass,1020.0,1972.0,13.6,0.0,90.0,77.0,1000.7
2021,16,16,Lirim Hajrullahu,carolina_panthers,6.0,25.8,6.0,6.0,29,2,2,100.0,0,2,0,0,0,2021-12-26,1:00PM,Bank of America Stadium,Charlotte,NC,35.2258,-80.8528,Outdoor,Grass,748.0,1996.0,21.6,0.1,22.32,60.0,1016.0
2021,16,17,Lirim Hajrullahu,dallas_cowboys,6.0,25.8,6.0,6.0,29,2,2,100.0,0,2,0,0,0,2021-12-26,8:20PM,AT&T Stadium,Arlington,TX,32.7473,-97.0945,Indoor,Turf,639.0,2009.0,21.0,0.0,93.6,78.0,1007.9
2021,16,18,Mason Crosby,green_bay_packers,6.0,24.9,6.0,6.0,32,1,1,100.0,0,0,1,0,0,2021-12-25,4:30PM,Lambeau Field,Green Bay,WI,44.5013,-88.0622,Outdoor,Grass,640.0,1957.0,-1.2,0.0,28.44,65.0,1011.5
2021,16,19,Robbie Gould,san_francisco_49ers,6.0,24.9,6.0,6.0,48,1,1,100.0,0,0,0,1,0,2021-12-23,8:20PM,Nissan Stadium,Nashville,TN,36.1665,-86.7713,Outdoor,Grass,476.0,1999.0,8.7,0.0,49.32,47.0,1017.6
2021,16,20,Daniel Carlson,las_vegas_raiders,6.0,24.9,6.0,6.0,41,1,1,100.0,0,0,0,1,0,2021-12-26,4:25PM,Allegiant Stadium,Las Vegas,NV,36.0908,-115.183,Indoor,Turf,2001.0,2020.0,10.2,0.0,109.08,41.0,1011.4
2021,16,21,Graham Gano,new_york_giants,6.0,24.9,6.0,6.0,54,1,1,100.0,0,0,0,0,1,2021-12-26,1:00PM,Lincoln Financial Field,Philadelphia,PA,39.9008,-75.1675,Outdoor,Grass,30.0,2003.0,10.9,0.0,45.72,53.0,1013.3
2021,16,22,Cairo Santos,chicago_bears,5.0,24.2,5.0,5.0,35,1,1,100.0,0,0,1,0,0,2021-12-26,4:05PM,Lumen Field,Seattle,WA,47.5952,-122.3316,Outdoor,Turf,20.0,2002.0,-4.0,0.5,103.32,79.0,999.8
2021,16,23,Dominik Eberle,carolina_panthers,13.0,24.14,13.0,13.0,51,2,3,66.7,0,1,0,0,1,2021-12-26,1:00PM,Bank of America Stadium,Charlotte,NC,35.2258,-80.8528,Outdoor,Grass,748.0,1996.0,21.6,0.1,22.32,60.0,1016.0
2021,16,24,Dominik Eberle,houston_texans,13.0,24.14,13.0,13.0,51,2,3,66.7,0,1,0,0,1,2021-12-26,1:00PM,NRG Stadium,Houston,TX,29.6847,-95.4107,Indoor,Turf,50.0,2002.0,25.9,0.0,95.4,66.0,1015.5
2021,16,25,Chris Naggar,cleveland_browns,4.0,23.5,4.0,4.0,37,1,1,100.0,0,0,1,0,0,2021-12-25,4:30PM,Lambeau Field,Green Bay,WI,44.5013,-88.0622,Outdoor,Grass,640.0,1957.0,-1.2,0.0,28.44,65.0,1011.5
2021,16,26,Brett Maher,new_orleans_saints,3.0,22.8,3.0,3.0,38,1,1,100.0,0,0,1,0,0,2021-12-27,8:15PM,Caesars Superdome,New Orleans,LA,29.9509,-90.0815,Indoor,Turf,3.0,1975.0,20.3,0.0,40.68000000000001,86.0,1013.8
2021,16,27,Evan Mcpherson,cincinnati_bengals,11.0,22.64,11.0,11.0,36,2,3,66.7,0,0,2,0,0,2021-12-26,1:00PM,Paycor Stadium,Cincinnati,OH,39.0954,-84.516,Outdoor,Turf,482.0,2000.0,10.6,0.0,2.52,74.0,1019.4
2021,16,28,Jake Elliott,philadelphia_eagles,10.0,22.04,10.0,10.0,37,2,3,66.7,0,1,1,0,0,2021-12-26,1:00PM,Lincoln Financial Field,Philadelphia,PA,39.9008,-75.1675,Outdoor,Grass,30.0,2003.0,10.9,0.0,45.72,53.0,1013.3
2021,16,29,Brandon Mcmanus,denver_broncos,10.0,21.94,10.0,10.0,55,2,3,66.7,0,0,0,1,1,2021-12-26,4:25PM,Allegiant Stadium,Las Vegas,NV,36.0908,-115.183,Indoor,Turf,2001.0,2020.0,10.2,0.0,109.08,41.0,1011.4
2021,16,30,Michael Badgley,unknown,9.0,21.24,9.0,9.0,41,2,3,66.7,0,0,1,1,0,,,,,,,,,,,,,,,,
2021,16,31,Jason Sanders,miami_dolphins,9.0,21.24,9.0,9.0,48,2,3,66.7,0,0,1,1,0,2021-12-27,8:15PM,Caesars Superdome,New Orleans,LA,29.9509,-90.0815,Indoor,Turf,3.0,1975.0,20.3,0.0,40.68000000000001,86.0,1013.8
2021,16,32,Jason Myers,seattle_seahawks,6.0,15.1,6.0,6.0,36,1,2,50.0,0,0,1,0,0,2021-12-26,4:05PM,Lumen Field,Seattle,WA,47.5952,-122.3316,Outdoor,Turf,20.0,2002.0,-4.0,0.5,103.32,79.0,999.8
2021,16,33,Chris Boswell,pittsburgh_steelers,4.0,13.7,4.0,4.0,34,1,2,50.0,0,0,1,0,0,2021-12-26,4:25PM,GEHA Field at Arrowhead Stadium,Kansas City,MO,39.049,-94.4839,Outdoor,Grass,1020.0,1972.0,13.6,0.0,90.0,77.0,1000.7
2021,16,34,Matt Prater,arizona_cardinals,4.0,10.66,4.0,4.0,28,1,3,33.3,0,1,0,0,0,2021-12-25,8:15PM,State Farm Stadium,Glendale,AZ,33.5275,-112.2625,Indoor,Turf,1070.0,2006.0,13.4,0.0,14.04,85.0,1013.3
2021,16,35,Greg Zuerlein,dallas_cowboys,8.0,5.6,8.0,8.0,0,0,0,0.0,0,0,0,0,0,2021-12-26,8:20PM,AT&T Stadium,Arlington,TX,32.7473,-97.0945,Indoor,Turf,639.0,2009.0,21.0,0.0,93.6,78.0,1007.9
2021,16,36,Nick Folk,new_england_patriots,3.0,2.1,3.0,3.0,0,0,0,0.0,0,0,0,0,0,2021-12-26,1:00PM,Gillette Stadium,Foxborough,MA,42.0909,-71.2643,Outdoor,Turf,289.0,2002.0,4.2,0.0,74.52,66.0,1009.4
2021,16,37,Justin Tucker,baltimore_ravens,3.0,2.1,3.0,3.0,0,0,0,0.0,0,0,0,0,0,2021-12-26,1:00PM,Paycor Stadium,Cincinnati,OH,39.0954,-84.516,Outdoor,Turf,482.0,2000.0,10.6,0.0,2.52,74.0,1019.4
2021,16,38,Joey Slye,houston_texans,2.0,1.4,2.0,2.0,0,0,0,0.0,0,0,0,0,0,2021-12-26,1:00PM,NRG Stadium,Houston,TX,29.6847,-95.4107,Indoor,Turf,50.0,2002.0,25.9,0.0,95.4,66.0,1015.5
2021,16,39,Joey Slye,san_francisco_49ers,2.0,1.4,2.0,2.0,0,0,0,0.0,0,0,0,0,0,2021-12-23,8:20PM,Nissan Stadium,Nashville,TN,36.1665,-86.7713,Outdoor,Grass,476.0,1999.0,8.7,0.0,49.32,47.0,1017.6
2021,17,1,Chris Boswell,pittsburgh_steelers,17.0,34.8,17.0,17.0,50,4,4,100.0,0,1,1,1,1,2021-01-03,1:00PM,FirstEnergy Stadium,Cleveland,OH,41.5061,-81.6995,Outdoor,Grass,577.0,1999.0,3.2,0.1,70.2,92.0,1013.7
2021,17,2,Jason Myers,seattle_seahawks,18.0,34.7,18.0,18.0,51,3,3,100.0,0,0,1,1,1,2021-01-03,4:25PM,Levi's Stadium,Santa Clara,CA,37.403,-121.9692,Outdoor,Grass,13.0,2014.0,12.9,0.0,31.680000000000003,83.0,1022.2
2021,17,3,Matt Prater,arizona_cardinals,15.0,33.5,15.0,15.0,53,4,4,100.0,0,2,1,0,1,2021-01-03,4:25PM,SoFi Stadium,Inglewood,CA,33.9535,-118.3392,Outdoor,Turf,100.0,2020.0,14.6,0.0,38.52,79.0,1021.2
2021,17,4,Justin Tucker,baltimore_ravens,15.0,33.4,15.0,15.0,46,4,4,100.0,0,1,1,2,0,2021-01-03,1:00PM,Paycor Stadium,Cincinnati,OH,39.0954,-84.516,Outdoor,Turf,482.0,2000.0,3.9,0.0,65.16000000000001,77.0,1017.1
2021,17,5,Brett Maher,new_orleans_saints,14.0,32.7,14.0,14.0,41,4,4,100.0,0,1,1,2,0,2021-01-03,4:25PM,Bank of America Stadium,Charlotte,NC,35.2258,-80.8528,Outdoor,Grass,748.0,1996.0,11.5,0.0,46.440000000000005,85.0,1012.9
2021,17,6,Daniel Carlson,las_vegas_raiders,13.0,31.2,13.0,13.0,47,3,3,100.0,0,0,1,2,0,2021-01-03,4:25PM,Empower Field at Mile High,Denver,CO,39.7439,-105.0201,Outdoor,Turf,5280.0,2001.0,8.3,0.0,30.24,31.0,1006.6
2021,17,7,Mason Crosby,green_bay_packers,13.0,31.2,13.0,13.0,37,3,3,100.0,0,0,3,0,0,2021-01-03,4:25PM,Soldier Field,Chicago,IL,41.8623,-87.6167,Outdoor,Grass,595.0,1924.0,2.1,0.0,44.28,80.0,1016.0
2021,17,8,Joey Slye,houston_texans,12.0,30.5,12.0,12.0,55,3,3,100.0,0,0,2,0,1,2021-01-03,4:25PM,NRG Stadium,Houston,TX,29.6847,-95.4107,Indoor,Turf,50.0,2002.0,18.5,0.0,53.64,50.0,1018.3
2021,17,9,Joey Slye,san_francisco_49ers,12.0,30.5,12.0,12.0,55,3,3,100.0,0,0,2,0,1,2021-01-03,4:25PM,Levi's Stadium,Santa Clara,CA,37.403,-121.9692,Outdoor,Grass,13.0,2014.0,12.9,0.0,31.680000000000003,83.0,1022.2
2021,17,10,Robbie Gould,san_francisco_49ers,11.0,29.9,11.0,11.0,37,3,3,100.0,0,1,2,0,0,2021-01-03,4:25PM,Levi's Stadium,Santa Clara,CA,37.403,-121.9692,Outdoor,Grass,13.0,2014.0,12.9,0.0,31.680000000000003,83.0,1022.2
2021,17,11,Evan Mcpherson,cincinnati_bengals,11.0,29.2,11.0,11.0,46,2,2,100.0,0,1,0,1,0,2021-01-03,1:00PM,Paycor Stadium,Cincinnati,OH,39.0954,-84.516,Outdoor,Turf,482.0,2000.0,3.9,0.0,65.16000000000001,77.0,1017.1
2021,17,12,Randy Bullock,tennessee_titans,11.0,29.2,11.0,11.0,44,2,2,100.0,0,1,0,1,0,2021-01-03,4:25PM,NRG Stadium,Houston,TX,29.6847,-95.4107,Indoor,Turf,50.0,2002.0,18.5,0.0,53.64,50.0,1018.3
2021,17,13,Dustin Hopkins,los_angeles_chargers,10.0,28.5,10.0,10.0,23,2,2,100.0,1,1,0,0,0,2021-01-03,4:25PM,GEHA Field at Arrowhead Stadium,Kansas City,MO,39.049,-94.4839,Outdoor,Grass,1020.0,1972.0,4.7,0.0,20.16,76.0,1014.2
2021,17,14,Cairo Santos,chicago_bears,10.0,28.5,10.0,10.0,44,2,2,100.0,0,1,0,1,0,2021-01-03,4:25PM,Soldier Field,Chicago,IL,41.8623,-87.6167,Outdoor,Grass,595.0,1924.0,2.1,0.0,44.28,80.0,1016.0
2021,17,15,Jake Elliott,philadelphia_eagles,10.0,28.4,10.0,10.0,42,2,2,100.0,0,0,0,2,0,2021-01-03,8:20PM,Lincoln Financial Field,Philadelphia,PA,39.9008,-75.1675,Outdoor,Grass,30.0,2003.0,3.9,0.7,47.16,94.0,1013.8
2021,17,16,Michael Badgley,unknown,10.0,28.4,10.0,10.0,46,2,2,100.0,0,0,0,2,0,,,,,,,,,,,,,,,,
2021,17,17,Brandon Mcmanus,denver_broncos,9.0,27.8,9.0,9.0,61,2,2,100.0,0,1,0,0,1,2021-01-03,4:25PM,Empower Field at Mile High,Denver,CO,39.7439,-105.0201,Outdoor,Turf,5280.0,2001.0,8.3,0.0,30.24,31.0,1006.6
2021,17,18,Ryan Succop,tampa_bay_buccaneers,8.0,27.1,8.0,8.0,39,2,2,100.0,0,1,1,0,0,2021-01-03,1:00PM,Raymond James Stadium,Tampa,FL,27.9759,-82.5033,Outdoor,Grass,26.0,1998.0,17.6,0.0,55.440000000000005,76.0,1019.2
2021,17,19,Nick Folk,new_england_patriots,9.0,27.0,9.0,9.0,43,1,1,100.0,0,0,0,1,0,2021-01-03,1:00PM,Gillette Stadium,Foxborough,MA,42.0909,-71.2643,Outdoor,Turf,289.0,2002.0,2.3,0.0,35.28,74.0,1020.0
2021,17,20,Younghoe Koo,atlanta_falcons,7.0,26.5,7.0,7.0,28,2,2,100.0,0,2,0,0,0,2021-01-03,1:00PM,Raymond James Stadium,Tampa,FL,27.9759,-82.5033,Outdoor,Grass,26.0,1998.0,17.6,0.0,55.440000000000005,76.0,1019.2
2021,17,21,Eddy Pineiro,new_york_jets,8.0,26.3,8.0,8.0,51,1,1,100.0,0,0,0,0,1,2021-01-03,1:00PM,Gillette Stadium,Foxborough,MA,42.0909,-71.2643,Outdoor,Turf,289.0,2002.0,2.3,0.0,35.28,74.0,1020.0
2021,17,22,Harrison Butker,kansas_city_chiefs,7.0,25.6,7.0,7.0,34,1,1,100.0,0,0,1,0,0,2021-01-03,4:25PM,GEHA Field at Arrowhead Stadium,Kansas City,MO,39.049,-94.4839,Outdoor,Grass,1020.0,1972.0,4.7,0.0,20.16,76.0,1014.2
2021,17,23,Greg Joseph,minnesota_vikings,6.0,24.9,6.0,6.0,51,1,1,100.0,0,0,0,0,1,2021-01-03,1:00PM,Ford Field,Detroit,MI,42.34,-83.0456,Indoor,Turf,600.0,2002.0,1.3,0.0,9.36,96.0,1013.9
2021,17,24,Matthew Wright,jacksonville_jaguars,4.0,23.6,4.0,4.0,29,1,1,100.0,0,1,0,0,0,2021-01-03,4:25PM,Lucas Oil Stadium,Indianapolis,IN,39.7601,-86.1639,Indoor,Turf,700.0,2008.0,2.0,0.0,52.2,75.0,1016.7
2021,17,25,Graham Gano,new_york_giants,3.0,22.8,3.0,3.0,38,1,1,100.0,0,0,1,0,0,2021-01-03,1:00PM,MetLife Stadium,East Rutherford,NJ,40.8136,-74.0744,Outdoor,Turf,3.0,2010.0,2.7,0.5,66.96000000000001,93.0,1016.5
2021,17,26,Lirim Hajrullahu,carolina_panthers,4.0,13.7,4.0,4.0,32,1,2,50.0,0,0,1,0,0,2021-01-03,4:25PM,Bank of America Stadium,Charlotte,NC,35.2258,-80.8528,Outdoor,Grass,748.0,1996.0,11.5,0.0,46.440000000000005,85.0,1012.9
2021,17,27,Lirim Hajrullahu,dallas_cowboys,4.0,13.7,4.0,4.0,32,1,2,50.0,0,0,1,0,0,2021-01-03,1:00PM,MetLife Stadium,East Rutherford,NJ,40.8136,-74.0744,Outdoor,Turf,3.0,2010.0,2.7,0.5,66.96000000000001,93.0,1016.5
2021,17,28,Jason Sanders,miami_dolphins,3.0,13.0,3.0,3.0,39,1,2,50.0,0,0,1,0,0,2021-01-03,1:00PM,Highmark Stadium,Orchard Park,NY,42.7738,-78.7868,Outdoor,Grass,600.0,1973.0,2.7,0.1,16.2,82.0,1012.9
2021,17,29,Riley Patterson,detroit_lions,3.0,2.3,3.0,3.0,0,0,1,0.0,0,0,0,0,0,2021-01-03,1:00PM,Ford Field,Detroit,MI,42.34,-83.0456,Indoor,Turf,600.0,2002.0,1.3,0.0,9.36,96.0,1013.9
2021,17,30,Riley Patterson,new_england_patriots,3.0,2.3,3.0,3.0,0,0,1,0.0,0,0,0,0,0,2021-01-03,1:00PM,Gillette Stadium,Foxborough,MA,42.0909,-71.2643,Outdoor,Turf,289.0,2002.0,2.3,0.0,35.28,74.0,1020.0
2021,17,31,Tyler Bass,buffalo_bills,3.0,2.1,3.0,3.0,0,0,0,0.0,0,0,0,0,0,2021-01-03,1:00PM,Highmark Stadium,Orchard Park,NY,42.7738,-78.7868,Outdoor,Grass,600.0,1973.0,2.7,0.1,16.2,82.0,1012.9
2021,17,32,Greg Zuerlein,dallas_cowboys,2.0,1.6,2.0,2.0,0,0,1,0.0,0,0,0,0,0,2021-01-03,1:00PM,MetLife Stadium,East Rutherford,NJ,40.8136,-74.0744,Outdoor,Turf,3.0,2010.0,2.7,0.5,66.96000000000001,93.0,1016.5
2021,17,33,Matt Gay,los_angeles_rams,2.0,1.6,2.0,2.0,0,0,1,0.0,0,0,0,0,0,2021-01-03,4:25PM,SoFi Stadium,Inglewood,CA,33.9535,-118.3392,Outdoor,Turf,100.0,2020.0,14.6,0.0,38.52,79.0,1021.2
2021,17,34,Chase Mclaughlin,cleveland_browns,2.0,1.4,2.0,2.0,0,0,0,0.0,0,0,0,0,0,2021-01-03,1:00PM,FirstEnergy Stadium,Cleveland,OH,41.5061,-81.6995,Outdoor,Grass,577.0,1999.0,3.2,0.1,70.2,92.0,1013.7
2021,17,35,Ka'Imi Fairbairn,houston_texans,1.0,0.9,1.0,1.0,0,0,1,0.0,0,0,0,0,0,2021-01-03,4:25PM,NRG Stadium,Houston,TX,29.6847,-95.4107,Indoor,Turf,50.0,2002.0,18.5,0.0,53.64,50.0,1018.3
2021,17,36,Ty Long,los_angeles_chargers,0.0,0.0,0.0,0.0,0,0,0,0.0,0,0,0,0,0,2021-01-03,4:25PM,GEHA Field at Arrowhead Stadium,Kansas City,MO,39.049,-94.4839,Outdoor,Grass,1020.0,1972.0,4.7,0.0,20.16,76.0,1014.2
2022,1,1,Cade York,cleveland_browns,16.0,34.1,16.0,16.0,58,4,4,100.0,0,1,2,0,1,2022-09-11,1:00PM,Bank of America Stadium,Charlotte,NC,35.2258,-80.8528,Outdoor,Grass,748.0,1996.0,26.8,0.0,33.84,76.0,1018.4
2022,1,2,Younghoe Koo,atlanta_falcons,19.0,32.4,19.0,19.0,54,4,5,80.0,0,1,0,1,2,2022-09-11,1:00PM,Mercedes-Benz Stadium,Atlanta,GA,33.755,-84.4008,Indoor,Turf,1050.0,2017.0,26.4,0.1,45.0,75.0,1018.3
2022,1,3,Greg Joseph,minnesota_vikings,13.0,31.4,13.0,13.0,56,3,3,100.0,0,2,0,0,1,2022-09-11,4:25PM,U.S. Bank Stadium,Minneapolis,MN,44.974,-93.2581,Indoor,Turf,840.0,2016.0,22.4,0.0,43.2,32.0,1018.2
2022,1,4,Ryan Succop,tampa_bay_buccaneers,15.0,29.6,15.0,15.0,47,4,5,80.0,0,1,1,2,0,2022-09-11,8:20PM,AT&T Stadium,Arlington,TX,32.7473,-97.0945,Indoor,Turf,639.0,2009.0,26.6,0.0,33.84,48.0,1018.5
2022,1,5,Ka'Imi Fairbairn,houston_texans,10.0,28.4,10.0,10.0,45,2,2,100.0,0,0,0,2,0,2022-09-11,1:00PM,NRG Stadium,Houston,TX,29.6847,-95.4107,Indoor,Turf,50.0,2002.0,31.3,0.0,48.24,55.0,1018.5
2022,1,6,Jason Sanders,miami_dolphins,10.0,28.4,10.0,10.0,49,2,2,100.0,0,0,0,2,0,2022-09-11,1:00PM,Hard Rock Stadium,Miami Gardens,FL,25.958,-80.238,Outdoor,Grass,7.0,1987.0,33.0,0.0,39.6,59.0,1018.9
2022,1,7,Daniel Carlson,las_vegas_raiders,9.0,27.8,9.0,9.0,55,2,2,100.0,0,1,0,0,1,2022-09-11,4:25PM,SoFi Stadium,Inglewood,CA,33.9535,-118.3392,Outdoor,Turf,100.0,2020.0,,,,,
2022,1,8,Chris Boswell,pittsburgh_steelers,14.0,27.2,14.0,14.0,53,3,4,75.0,0,1,0,1,1,2022-09-11,1:00PM,Paycor Stadium,Cincinnati,OH,39.0954,-84.516,Outdoor,Turf,482.0,2000.0,24.5,0.1,41.4,75.0,1014.6
2022,1,9,Harrison Butker,kansas_city_chiefs,9.0,27.0,9.0,9.0,54,1,1,100.0,0,0,0,0,1,2022-09-11,4:25PM,State Farm Stadium,Glendale,AZ,33.5275,-112.2625,Indoor,Turf,1070.0,2006.0,37.4,0.0,45.0,29.0,1009.4
2022,1,10,Jake Elliott,philadelphia_eagles,8.0,26.4,8.0,8.0,23,1,1,100.0,0,1,0,0,0,2022-09-11,1:00PM,Ford Field,Detroit,MI,42.34,-83.0456,Indoor,Turf,600.0,2002.0,22.7,0.3,34.2,79.0,1015.0
2022,1,11,Tyler Bass,buffalo_bills,8.0,26.3,8.0,8.0,41,1,1,100.0,0,0,0,1,0,2022-09-08,8:20PM,SoFi Stadium,Inglewood,CA,33.9535,-118.3392,Outdoor,Turf,100.0,2020.0,25.2,0.0,76.68,71.0,1001.3
2022,1,12,Riley Patterson,jacksonville_jaguars,12.0,25.7,12.0,12.0,45,3,4,75.0,0,0,1,2,0,2022-09-11,1:00PM,FedExField,Landover,MD,38.9078,-76.8645,Outdoor,Grass,300.0,1997.0,24.3,0.2,30.96,85.0,1017.6
2022,1,13,Brandon Mcmanus,denver_broncos,11.0,25.1,11.0,11.0,40,3,4,75.0,0,1,1,1,0,2022-09-12,8:20PM,Lumen Field,Seattle,WA,47.5952,-122.3316,Outdoor,Turf,20.0,2002.0,,,,,
2022,1,14,Justin Tucker,baltimore_ravens,6.0,25.0,6.0,6.0,24,1,1,100.0,0,1,0,0,0,2022-09-11,1:00PM,MetLife Stadium,East Rutherford,NJ,40.8136,-74.0744,Outdoor,Turf,3.0,2010.0,23.5,0.6,12.96,66.0,1020.2
2022,1,15,Jason Myers,seattle_seahawks,6.0,24.9,6.0,6.0,49,1,1,100.0,0,0,0,1,0,2022-09-12,8:20PM,Lumen Field,Seattle,WA,47.5952,-122.3316,Outdoor,Turf,20.0,2002.0,,,,,
2022,1,16,Matt Gay,los_angeles_rams,6.0,24.9,6.0,6.0,57,1,1,100.0,0,0,0,0,1,2022-09-08,8:20PM,SoFi Stadium,Inglewood,CA,33.9535,-118.3392,Outdoor,Turf,100.0,2020.0,25.2,0.0,76.68,71.0,1001.3
2022,1,17,Eddy Pineiro,carolina_panthers,6.0,24.9,6.0,6.0,34,1,1,100.0,0,0,1,0,0,2022-09-11,1:00PM,Bank of America Stadium,Charlotte,NC,35.2258,-80.8528,Outdoor,Grass,748.0,1996.0,26.8,0.0,33.84,76.0,1018.4
2022,1,18,Brett Maher,dallas_cowboys,5.0,24.2,5.0,5.0,51,1,1,100.0,0,0,0,0,1,2022-09-11,8:20PM,AT&T Stadium,Arlington,TX,32.7473,-97.0945,Indoor,Turf,639.0,2009.0,26.6,0.0,33.84,48.0,1018.5
2022,1,19,Robbie Gould,san_francisco_49ers,4.0,23.6,4.0,4.0,25,1,1,100.0,0,1,0,0,0,2022-09-11,1:00PM,Soldier Field,Chicago,IL,41.8623,-87.6167,Outdoor,Grass,595.0,1924.0,20.5,0.1,31.680000000000003,87.0,1010.8
2022,1,20,Wil Lutz,new_orleans_saints,10.0,21.94,10.0,10.0,51,2,3,66.7,0,0,0,1,1,2022-09-11,1:00PM,Mercedes-Benz Stadium,Atlanta,GA,33.755,-84.4008,Indoor,Turf,1050.0,2017.0,26.4,0.1,45.0,75.0,1018.3
2022,1,21,Rodrigo Blankenship,arizona_cardinals,9.0,21.34,9.0,9.0,45,2,3,66.7,0,1,0,1,0,2022-09-11,4:25PM,State Farm Stadium,Glendale,AZ,33.5275,-112.2625,Indoor,Turf,1070.0,2006.0,37.4,0.0,45.0,29.0,1009.4
2022,1,22,Rodrigo Blankenship,indianapolis_colts,9.0,21.34,9.0,9.0,45,2,3,66.7,0,1,0,1,0,2022-09-11,1:00PM,NRG Stadium,Houston,TX,29.6847,-95.4107,Indoor,Turf,50.0,2002.0,31.3,0.0,48.24,55.0,1018.5
2022,1,23,Randy Bullock,tennessee_titans,9.0,21.34,9.0,9.0,46,2,3,66.7,0,1,0,1,0,2022-09-11,4:25PM,Nissan Stadium,Nashville,TN,36.1665,-86.7713,Outdoor,Grass,476.0,1999.0,24.0,0.1,41.4,83.0,1013.7
2022,1,24,Evan Mcpherson,cincinnati_bengals,8.0,20.64,8.0,8.0,59,2,3,66.7,0,1,0,0,1,2022-09-11,1:00PM,Paycor Stadium,Cincinnati,OH,39.0954,-84.516,Outdoor,Turf,482.0,2000.0,24.5,0.1,41.4,75.0,1014.6
2022,1,25,Dustin Hopkins,los_angeles_chargers,7.0,15.8,7.0,7.0,43,1,2,50.0,0,0,0,1,0,2022-09-11,4:25PM,SoFi Stadium,Inglewood,CA,33.9535,-118.3392,Outdoor,Turf,100.0,2020.0,,,,,
2022,1,26,Greg Zuerlein,new_york_jets,4.0,13.7,4.0,4.0,45,1,2,50.0,0,0,0,1,0,2022-09-11,1:00PM,MetLife Stadium,East Rutherford,NJ,40.8136,-74.0744,Outdoor,Turf,3.0,2010.0,23.5,0.6,12.96,66.0,1020.2
2022,1,27,Austin Seibert,detroit_lions,5.0,3.5,5.0,5.0,0,0,0,0.0,0,0,0,0,0,2022-09-11,1:00PM,Ford Field,Detroit,MI,42.34,-83.0456,Indoor,Turf,600.0,2002.0,22.7,0.3,34.2,79.0,1015.0
2022,1,28,Joey Slye,washington_commanders,2.0,1.4,2.0,2.0,0,0,0,0.0,0,0,0,0,0,2022-09-11,1:00PM,FedExField,Landover,MD,38.9078,-76.8645,Outdoor,Grass,300.0,1997.0,24.3,0.2,30.96,85.0,1017.6
2022,1,29,Mason Crosby,green_bay_packers,1.0,0.7,1.0,1.0,0,0,0,0.0,0,0,0,0,0,2022-09-11,4:25PM,U.S. Bank Stadium,Minneapolis,MN,44.974,-93.2581,Indoor,Turf,840.0,2016.0,22.4,0.0,43.2,32.0,1018.2
2022,1,30,Cairo Santos,chicago_bears,1.0,0.7,1.0,1.0,0,0,0,0.0,0,0,0,0,0,2022-09-11,1:00PM,Soldier Field,Chicago,IL,41.8623,-87.6167,Outdoor,Grass,595.0,1924.0,20.5,0.1,31.680000000000003,87.0,1010.8
2022,1,31,Nick Folk,new_england_patriots,1.0,0.7,1.0,1.0,0,0,0,0.0,0,0,0,0,0,2022-09-11,1:00PM,Hard Rock Stadium,Miami Gardens,FL,25.958,-80.238,Outdoor,Grass,7.0,1987.0,33.0,0.0,39.6,59.0,1018.9
2022,1,32,Matt Prater,arizona_cardinals,1.0,0.7,1.0,1.0,0,0,0,0.0,0,0,0,0,0,2022-09-11,4:25PM,State Farm Stadium,Glendale,AZ,33.5275,-112.2625,Indoor,Turf,1070.0,2006.0,37.4,0.0,45.0,29.0,1009.4
2022,1,33,Graham Gano,new_york_giants,1.0,0.7,1.0,1.0,0,0,0,0.0,0,0,0,0,0,2022-09-11,4:25PM,Nissan Stadium,Nashville,TN,36.1665,-86.7713,Outdoor,Grass,476.0,1999.0,24.0,0.1,41.4,83.0,1013.7
2022,2,1,Graham Gano,new_york_giants,17.0,34.7,17.0,17.0,56,4,4,100.0,0,0,2,0,2,2022-09-18,1:00PM,MetLife Stadium,East Rutherford,NJ,40.8136,-74.0744,Outdoor,Turf,3.0,2010.0,27.5,0.0,66.24,52.0,1017.3
2022,2,2,Daniel Carlson,las_vegas_raiders,13.0,31.3,13.0,13.0,55,3,3,100.0,0,1,1,0,1,2022-09-18,4:25PM,Allegiant Stadium,Las Vegas,NV,36.0908,-115.183,Indoor,Turf,2001.0,2020.0,,,,,
2022,2,3,Evan Mcpherson,cincinnati_bengals,13.0,31.2,13.0,13.0,50,3,3,100.0,0,0,0,2,1,2022-09-18,4:25PM,AT&T Stadium,Arlington,TX,32.7473,-97.0945,Indoor,Turf,639.0,2009.0,,,,,
2022,2,4,Brandon Mcmanus,denver_broncos,12.0,30.7,12.0,12.0,50,3,3,100.0,0,2,0,0,1,2022-09-18,4:25PM,Empower Field at Mile High,Denver,CO,39.7439,-105.0201,Outdoor,Turf,5280.0,2001.0,,,,,
2022,2,5,Ka'Imi Fairbairn,houston_texans,11.0,29.9,11.0,11.0,44,3,3,100.0,0,1,0,2,0,2022-09-18,4:25PM,Empower Field at Mile High,Denver,CO,39.7439,-105.0201,Outdoor,Turf,5280.0,2001.0,,,,,
2022,2,6,Tyler Bass,buffalo_bills,12.0,29.8,12.0,12.0,49,2,2,100.0,0,0,1,1,0,2022-09-19,7:15PM,Highmark Stadium,Orchard Park,NY,42.7738,-78.7868,Outdoor,Grass,600.0,1973.0,,,,,
2022,2,7,Brett Maher,dallas_cowboys,12.0,29.8,12.0,12.0,54,2,2,100.0,0,0,0,0,2,2022-09-18,4:25PM,AT&T Stadium,Arlington,TX,32.7473,-97.0945,Indoor,Turf,639.0,2009.0,,,,,
2022,2,8,Austin Seibert,detroit_lions,11.0,29.1,11.0,11.0,48,2,2,100.0,0,0,1,1,0,2022-09-18,1:00PM,Ford Field,Detroit,MI,42.34,-83.0456,Indoor,Turf,600.0,2002.0,,,,,
2022,2,9,Eddy Pineiro,carolina_panthers,10.0,29.1,10.0,10.0,38,3,3,100.0,0,0,3,0,0,2022-09-18,1:00PM,MetLife Stadium,East Rutherford,NJ,40.8136,-74.0744,Outdoor,Turf,3.0,2010.0,27.5,0.0,66.24,52.0,1017.3
2022,2,10,Mason Crosby,green_bay_packers,10.0,28.5,10.0,10.0,40,2,2,100.0,0,1,0,1,0,2022-09-18,8:20PM,Lambeau Field,Green Bay,WI,44.5013,-88.0622,Outdoor,Grass,640.0,1957.0,,,,,
2022,2,11,Ryan Succop,tampa_bay_buccaneers,10.0,28.4,10.0,10.0,47,2,2,100.0,0,0,0,2,0,2022-09-18,1:00PM,Caesars Superdome,New Orleans,LA,29.9509,-90.0815,Indoor,Turf,3.0,1975.0,,,,,
2022,2,12,Justin Tucker,baltimore_ravens,10.0,27.7,10.0,10.0,51,1,1,100.0,0,0,0,0,1,2022-09-18,1:00PM,M&T Bank Stadium,Baltimore,MD,39.2779,-76.6227,Outdoor,Grass,10.0,1998.0,,,,,
2022,2,13,Matt Ammendola,arizona_cardinals,9.0,27.7,9.0,9.0,31,2,2,100.0,1,0,1,0,0,2022-09-18,4:25PM,Allegiant Stadium,Las Vegas,NV,36.0908,-115.183,Indoor,Turf,2001.0,2020.0,,,,,
2022,2,14,Matt Ammendola,green_bay_packers,9.0,27.7,9.0,9.0,31,2,2,100.0,1,0,1,0,0,2022-09-18,8:20PM,Lambeau Field,Green Bay,WI,44.5013,-88.0622,Outdoor,Grass,640.0,1957.0,,,,,
2022,2,15,Matt Ammendola,kansas_city_chiefs,9.0,27.7,9.0,9.0,31,2,2,100.0,1,0,1,0,0,2022-09-15,8:15PM,GEHA Field at Arrowhead Stadium,Kansas City,MO,39.049,-94.4839,Outdoor,Grass,1020.0,1972.0,23.9,0.0,33.12,52.0,1015.8
2022,2,16,Greg Zuerlein,new_york_jets,9.0,27.0,9.0,9.0,57,1,1,100.0,0,0,0,0,1,2022-09-18,1:00PM,FirstEnergy Stadium,Cleveland,OH,41.5061,-81.6995,Outdoor,Grass,577.0,1999.0,,,,,
2022,2,17,Chris Boswell,pittsburgh_steelers,8.0,27.0,8.0,8.0,52,2,2,100.0,0,0,1,0,1,2022-09-18,1:00PM,Acrisure Stadium,Pittsburgh,PA,40.4468,-80.0158,Outdoor,Grass,730.0,2001.0,,,,,
2022,2,18,Riley Patterson,jacksonville_jaguars,8.0,26.3,8.0,8.0,52,1,1,100.0,0,0,0,0,1,2022-09-18,1:00PM,TIAA Bank Field,Jacksonville,FL,30.3239,-81.6373,Outdoor,Grass,16.0,1995.0,,,,,
2022,2,19,Matt Gay,los_angeles_rams,7.0,25.7,7.0,7.0,20,1,1,100.0,0,1,0,0,0,2022-09-18,4:05PM,SoFi Stadium,Inglewood,CA,33.9535,-118.3392,Outdoor,Turf,100.0,2020.0,,,,,
2022,2,20,Cade York,cleveland_browns,6.0,25.0,6.0,6.0,22,1,1,100.0,0,1,0,0,0,2022-09-18,1:00PM,FirstEnergy Stadium,Cleveland,OH,41.5061,-81.6995,Outdoor,Grass,577.0,1999.0,,,,,
2022,2,21,Dustin Hopkins,los_angeles_chargers,6.0,24.9,6.0,6.0,31,1,1,100.0,0,0,1,0,0,2022-09-15,8:15PM,GEHA Field at Arrowhead Stadium,Kansas City,MO,39.049,-94.4839,Outdoor,Grass,1020.0,1972.0,23.9,0.0,33.12,52.0,1015.8
2022,2,22,Cairo Santos,chicago_bears,5.0,24.2,5.0,5.0,44,1,1,100.0,0,0,0,1,0,2022-09-18,8:20PM,Lambeau Field,Green Bay,WI,44.5013,-88.0622,Outdoor,Grass,640.0,1957.0,,,,,
2022,2,23,Wil Lutz,new_orleans_saints,4.0,23.5,4.0,4.0,31,1,1,100.0,0,0,1,0,0,2022-09-18,1:00PM,Caesars Superdome,New Orleans,LA,29.9509,-90.0815,Indoor,Turf,3.0,1975.0,,,,,
2022,2,24,Robbie Gould,san_francisco_49ers,9.0,21.34,9.0,9.0,33,2,3,66.7,0,1,1,0,0,2022-09-18,4:05PM,Levi's Stadium,Santa Clara,CA,37.403,-121.9692,Outdoor,Grass,13.0,2014.0,,,,,
2022,2,25,Jake Elliott,philadelphia_eagles,6.0,15.1,6.0,6.0,38,1,2,50.0,0,0,1,0,0,2022-09-19,8:30PM,Lincoln Financial Field,Philadelphia,PA,39.9008,-75.1675,Outdoor,Grass,30.0,2003.0,,,,,
2022,2,26,Younghoe Koo,atlanta_falcons,5.0,14.5,5.0,5.0,26,1,2,50.0,0,1,0,0,0,2022-09-18,4:05PM,SoFi Stadium,Inglewood,CA,33.9535,-118.3392,Outdoor,Turf,100.0,2020.0,,,,,
2022,2,27,Nick Folk,new_england_patriots,5.0,14.5,5.0,5.0,28,1,2,50.0,0,1,0,0,0,2022-09-18,1:00PM,Acrisure Stadium,Pittsburgh,PA,40.4468,-80.0158,Outdoor,Grass,730.0,2001.0,,,,,
2022,2,28,Jason Sanders,miami_dolphins,6.0,4.2,6.0,6.0,0,0,0,0.0,0,0,0,0,0,2022-09-18,1:00PM,M&T Bank Stadium,Baltimore,MD,39.2779,-76.6227,Outdoor,Grass,10.0,1998.0,,,,,
2022,2,29,Matt Prater,arizona_cardinals,1.0,0.7,1.0,1.0,0,0,0,0.0,0,0,0,0,0,2022-09-18,4:25PM,Allegiant Stadium,Las Vegas,NV,36.0908,-115.183,Indoor,Turf,2001.0,2020.0,,,,,
2022,2,30,Joey Slye,washington_commanders,1.0,0.7,1.0,1.0,0,0,0,0.0,0,0,0,0,0,2022-09-18,1:00PM,Ford Field,Detroit,MI,42.34,-83.0456,Indoor,Turf,600.0,2002.0,,,,,
2022,2,31,Greg Joseph,minnesota_vikings,1.0,0.7,1.0,1.0,0,0,0,0.0,0,0,0,0,0,2022-09-19,8:30PM,Lincoln Financial Field,Philadelphia,PA,39.9008,-75.1675,Outdoor,Grass,30.0,2003.0,,,,,
2022,2,32,Jason Myers,seattle_seahawks,1.0,0.7,1.0,1.0,0,0,0,0.0,0,0,0,0,0,2022-09-18,4:05PM,Levi's Stadium,Santa Clara,CA,37.403,-121.9692,Outdoor,Grass,13.0,2014.0,,,,,
2022,2,33,Randy Bullock,tennessee_titans,1.0,0.7,1.0,1.0,0,0,0,0.0,0,0,0,0,0,2022-09-19,7:15PM,Highmark Stadium,Orchard Park,NY,42.7738,-78.7868,Outdoor,Grass,600.0,1973.0,,,,,
2022,2,34,Chase Mclaughlin,indianapolis_colts,0.0,0.0,0.0,0.0,0,0,0,0.0,0,0,0,0,0,2022-09-18,1:00PM,TIAA Bank Field,Jacksonville,FL,30.3239,-81.6373,Outdoor,Grass,16.0,1995.0,,,,,
2022,3,1,Greg Zuerlein,new_york_jets,18.0,35.4,18.0,18.0,52,4,4,100.0,0,0,0,2,2,2022-09-25,1:00PM,MetLife Stadium,East Rutherford,NJ,40.8136,-74.0744,Outdoor,Turf,3.0,2010.0,,,,,
2022,3,2,Matt Prater,arizona_cardinals,14.0,32.7,14.0,14.0,49,4,4,100.0,0,1,1,2,0,2022-09-25,4:25PM,State Farm Stadium,Glendale,AZ,33.5275,-112.2625,Indoor,Turf,1070.0,2006.0,,,,,
2022,3,3,Cairo Santos,chicago_bears,14.0,31.9,14.0,14.0,50,3,3,100.0,0,0,1,1,1,2022-09-25,1:00PM,Soldier Field,Chicago,IL,41.8623,-87.6167,Outdoor,Grass,595.0,1924.0,,,,,
2022,3,4,Riley Patterson,jacksonville_jaguars,12.0,30.8,12.0,12.0,23,3,3,100.0,0,3,0,0,0,2022-09-25,4:05PM,SoFi Stadium,Inglewood,CA,33.9535,-118.3392,Outdoor,Turf,100.0,2020.0,,,,,
2022,3,5,Eddy Pineiro,carolina_panthers,12.0,30.5,12.0,12.0,48,3,3,100.0,0,0,1,2,0,2022-09-25,1:00PM,Bank of America Stadium,Charlotte,NC,35.2258,-80.8528,Outdoor,Grass,748.0,1996.0,,,,,
2022,3,6,Jason Myers,seattle_seahawks,11.0,29.9,11.0,11.0,32,3,3,100.0,0,1,2,0,0,2022-09-25,4:25PM,Lumen Field,Seattle,WA,47.5952,-122.3316,Outdoor,Turf,20.0,2002.0,,,,,
2022,3,7,Younghoe Koo,atlanta_falcons,12.0,29.8,12.0,12.0,54,2,2,100.0,0,0,0,1,1,2022-09-25,4:25PM,Lumen Field,Seattle,WA,47.5952,-122.3316,Outdoor,Turf,20.0,2002.0,,,,,
2022,3,8,Daniel Carlson,las_vegas_raiders,10.0,29.2,10.0,10.0,35,3,3,100.0,0,1,2,0,0,2022-09-25,1:00PM,Nissan Stadium,Nashville,TN,36.1665,-86.7713,Outdoor,Grass,476.0,1999.0,,,,,
2022,3,9,Chase Mclaughlin,indianapolis_colts,11.0,29.1,11.0,11.0,51,2,2,100.0,0,0,0,1,1,2022-09-25,1:00PM,Lucas Oil Stadium,Indianapolis,IN,39.7601,-86.1639,Indoor,Turf,700.0,2008.0,,,,,
2022,3,10,Nick Folk,new_england_patriots,10.0,28.4,10.0,10.0,50,2,2,100.0,0,0,1,0,1,2022-09-25,1:00PM,Gillette Stadium,Foxborough,MA,42.0909,-71.2643,Outdoor,Turf,289.0,2002.0,,,,,
2022,3,11,Graham Gano,new_york_giants,15.0,27.8,15.0,15.0,51,3,4,75.0,0,0,0,1,2,2022-09-26,8:15PM,MetLife Stadium,East Rutherford,NJ,40.8136,-74.0744,Outdoor,Turf,3.0,2010.0,,,,,
2022,3,12,Matt Gay,los_angeles_rams,9.0,27.8,9.0,9.0,40,2,2,100.0,0,1,0,1,0,2022-09-25,4:25PM,State Farm Stadium,Glendale,AZ,33.5275,-112.2625,Indoor,Turf,1070.0,2006.0,,,,,
2022,3,13,Ka'Imi Fairbairn,houston_texans,8.0,27.1,8.0,8.0,39,2,2,100.0,0,1,1,0,0,2022-09-25,1:00PM,Soldier Field,Chicago,IL,41.8623,-87.6167,Outdoor,Grass,595.0,1924.0,,,,,
2022,3,14,Justin Tucker,baltimore_ravens,9.0,27.0,9.0,9.0,56,1,1,100.0,0,0,0,0,1,2022-09-25,1:00PM,Gillette Stadium,Foxborough,MA,42.0909,-71.2643,Outdoor,Turf,289.0,2002.0,,,,,
2022,3,15,Ryan Succop,tampa_bay_buccaneers,8.0,27.0,8.0,8.0,45,2,2,100.0,0,0,0,2,0,2022-09-25,4:25PM,Raymond James Stadium,Tampa,FL,27.9759,-82.5033,Outdoor,Grass,26.0,1998.0,,,,,
2022,3,16,Brett Maher,dallas_cowboys,12.0,25.9,12.0,12.0,44,3,4,75.0,0,2,0,1,0,2022-09-26,8:15PM,MetLife Stadium,East Rutherford,NJ,40.8136,-74.0744,Outdoor,Turf,3.0,2010.0,,,,,
2022,3,17,Randy Bullock,tennessee_titans,7.0,25.6,7.0,7.0,48,1,1,100.0,0,0,0,1,0,2022-09-25,1:00PM,Nissan Stadium,Nashville,TN,36.1665,-86.7713,Outdoor,Grass,476.0,1999.0,,,,,
2022,3,18,Robbie Gould,san_francisco_49ers,6.0,24.9,6.0,6.0,51,1,1,100.0,0,0,0,0,1,2022-09-25,8:20PM,Empower Field at Mile High,Denver,CO,39.7439,-105.0201,Outdoor,Turf,5280.0,2001.0,,,,,
2022,3,19,Jake Elliott,philadelphia_eagles,6.0,24.9,6.0,6.0,32,1,1,100.0,0,0,1,0,0,2022-09-25,1:00PM,FedExField,Landover,MD,38.9078,-76.8645,Outdoor,Grass,300.0,1997.0,,,,,
2022,3,20,Cade York,cleveland_browns,5.0,24.2,5.0,5.0,34,1,1,100.0,0,0,1,0,0,2022-09-22,8:15PM,FirstEnergy Stadium,Cleveland,OH,41.5061,-81.6995,Outdoor,Grass,577.0,1999.0,,,,,
2022,3,21,Dustin Hopkins,los_angeles_chargers,4.0,23.6,4.0,4.0,25,1,1,100.0,0,1,0,0,0,2022-09-25,4:05PM,SoFi Stadium,Inglewood,CA,33.9535,-118.3392,Outdoor,Turf,100.0,2020.0,,,,,
2022,3,22,Evan Mcpherson,cincinnati_bengals,10.0,22.04,10.0,10.0,43,2,3,66.7,0,1,0,1,0,2022-09-25,1:00PM,MetLife Stadium,East Rutherford,NJ,40.8136,-74.0744,Outdoor,Turf,3.0,2010.0,,,,,
2022,3,23,Chris Boswell,pittsburgh_steelers,5.0,14.4,5.0,5.0,34,1,2,50.0,0,0,1,0,0,2022-09-22,8:15PM,FirstEnergy Stadium,Cleveland,OH,41.5061,-81.6995,Outdoor,Grass,577.0,1999.0,,,,,
2022,3,24,Brandon Mcmanus,denver_broncos,5.0,14.4,5.0,5.0,55,1,2,50.0,0,0,0,0,1,2022-09-25,8:20PM,Empower Field at Mile High,Denver,CO,39.7439,-105.0201,Outdoor,Turf,5280.0,2001.0,,,,,
2022,3,25,Tyler Bass,buffalo_bills,5.0,14.4,5.0,5.0,30,1,2,50.0,0,0,1,0,0,2022-09-25,1:00PM,Hard Rock Stadium,Miami Gardens,FL,25.958,-80.238,Outdoor,Grass,7.0,1987.0,,,,,
2022,3,26,Matt Ammendola,arizona_cardinals,3.0,13.1,3.0,3.0,26,1,2,50.0,0,1,0,0,0,2022-09-25,4:25PM,State Farm Stadium,Glendale,AZ,33.5275,-112.2625,Indoor,Turf,1070.0,2006.0,,,,,
2022,3,27,Matt Ammendola,green_bay_packers,3.0,13.1,3.0,3.0,26,1,2,50.0,0,1,0,0,0,2022-09-25,4:25PM,Raymond James Stadium,Tampa,FL,27.9759,-82.5033,Outdoor,Grass,26.0,1998.0,,,,,
2022,3,28,Matt Ammendola,kansas_city_chiefs,3.0,13.1,3.0,3.0,26,1,2,50.0,0,1,0,0,0,2022-09-25,1:00PM,Lucas Oil Stadium,Indianapolis,IN,39.7601,-86.1639,Indoor,Turf,700.0,2008.0,,,,,
2022,3,29,Austin Seibert,detroit_lions,7.0,12.66,7.0,7.0,40,1,3,33.3,0,0,0,1,0,2022-09-25,1:00PM,U.S. Bank Stadium,Minneapolis,MN,44.974,-93.2581,Indoor,Turf,840.0,2016.0,,,,,
2022,3,30,Greg Joseph,minnesota_vikings,4.0,3.2,4.0,4.0,0,0,2,0.0,0,0,0,0,0,2022-09-25,1:00PM,U.S. Bank Stadium,Minneapolis,MN,44.974,-93.2581,Indoor,Turf,840.0,2016.0,,,,,
2022,3,31,Jason Sanders,miami_dolphins,3.0,2.1,3.0,3.0,0,0,0,0.0,0,0,0,0,0,2022-09-25,1:00PM,Hard Rock Stadium,Miami Gardens,FL,25.958,-80.238,Outdoor,Grass,7.0,1987.0,,,,,
2022,3,32,Wil Lutz,new_orleans_saints,2.0,1.8,2.0,2.0,0,0,2,0.0,0,0,0,0,0,2022-09-25,1:00PM,Bank of America Stadium,Charlotte,NC,35.2258,-80.8528,Outdoor,Grass,748.0,1996.0,,,,,
2022,3,33,Mason Crosby,green_bay_packers,2.0,1.4,2.0,2.0,0,0,0,0.0,0,0,0,0,0,2022-09-25,4:25PM,Raymond James Stadium,Tampa,FL,27.9759,-82.5033,Outdoor,Grass,26.0,1998.0,,,,,
2022,3,34,Joey Slye,washington_commanders,0.0,0.0,0.0,0.0,0,0,0,0.0,0,0,0,0,0,2022-09-25,1:00PM,FedExField,Landover,MD,38.9078,-76.8645,Outdoor,Grass,300.0,1997.0,,,,,
2022,4,1,Greg Joseph,minnesota_vikings,18.0,36.3,18.0,18.0,47,5,5,100.0,0,2,1,2,0,2022-10-02,9:30AM,Caesars Superdome,New Orleans,LA,29.9509,-90.0815,Indoor,Turf,3.0,1975.0,,,,,
2022,4,2,Brett Maher,dallas_cowboys,16.0,34.2,16.0,16.0,53,4,4,100.0,0,2,0,1,1,2022-10-02,1:00PM,AT&T Stadium,Arlington,TX,32.7473,-97.0945,Indoor,Turf,639.0,2009.0,,,,,
2022,4,3,Daniel Carlson,las_vegas_raiders,14.0,32.8,14.0,14.0,39,4,4,100.0,0,2,2,0,0,2022-10-02,4:25PM,Allegiant Stadium,Las Vegas,NV,36.0908,-115.183,Indoor,Turf,2001.0,2020.0,,,,,
2022,4,4,Michael Badgley,unknown,13.0,32.1,13.0,13.0,40,4,4,100.0,0,2,1,1,0,,,,,,,,,,,,,,,,
2022,4,5,Younghoe Koo,atlanta_falcons,12.0,30.6,12.0,12.0,45,3,3,100.0,0,1,1,1,0,2022-10-02,1:00PM,Mercedes-Benz Stadium,Atlanta,GA,33.755,-84.4008,Indoor,Turf,1050.0,2017.0,,,,,
2022,4,6,Tyler Bass,buffalo_bills,11.0,29.9,11.0,11.0,39,3,3,100.0,0,1,2,0,0,2022-10-02,1:00PM,M&T Bank Stadium,Baltimore,MD,39.2779,-76.6227,Outdoor,Grass,10.0,1998.0,,,,,
2022,4,7,Matthew Wright,kansas_city_chiefs,12.0,29.8,12.0,12.0,44,2,2,100.0,0,0,1,1,0,2022-10-02,8:20PM,Raymond James Stadium,Tampa,FL,27.9759,-82.5033,Outdoor,Grass,26.0,1998.0,,,,,
2022,4,8,Matthew Wright,pittsburgh_steelers,12.0,29.8,12.0,12.0,44,2,2,100.0,0,0,1,1,0,2022-10-02,1:00PM,Acrisure Stadium,Pittsburgh,PA,40.4468,-80.0158,Outdoor,Grass,730.0,2001.0,,,,,
2022,4,9,Chris Boswell,pittsburgh_steelers,12.0,29.8,12.0,12.0,59,2,2,100.0,0,0,0,0,2,2022-10-02,1:00PM,Acrisure Stadium,Pittsburgh,PA,40.4468,-80.0158,Outdoor,Grass,730.0,2001.0,,,,,
2022,4,10,Justin Tucker,baltimore_ravens,11.0,29.1,11.0,11.0,51,2,2,100.0,0,0,0,1,1,2022-10-02,1:00PM,M&T Bank Stadium,Baltimore,MD,39.2779,-76.6227,Outdoor,Grass,10.0,1998.0,,,,,
2022,4,11,Evan Mcpherson,cincinnati_bengals,11.0,29.1,11.0,11.0,57,2,2,100.0,1,0,0,0,1,2022-09-29,8:15PM,Paycor Stadium,Cincinnati,OH,39.0954,-84.516,Outdoor,Turf,482.0,2000.0,,,,,
2022,4,12,Matt Gay,los_angeles_rams,9.0,28.6,9.0,9.0,39,3,3,100.0,0,2,1,0,0,2022-10-03,8:15PM,Levi's Stadium,Santa Clara,CA,37.403,-121.9692,Outdoor,Grass,13.0,2014.0,,,,,
2022,4,13,Dustin Hopkins,los_angeles_chargers,10.0,28.5,10.0,10.0,37,2,2,100.0,0,1,1,0,0,2022-10-02,1:00PM,NRG Stadium,Houston,TX,29.6847,-95.4107,Indoor,Turf,50.0,2002.0,,,,,
2022,4,14,Cade York,cleveland_browns,9.0,27.8,9.0,9.0,45,2,2,100.0,0,1,0,1,0,2022-10-02,1:00PM,Mercedes-Benz Stadium,Atlanta,GA,33.755,-84.4008,Indoor,Turf,1050.0,2017.0,,,,,
2022,4,15,Mason Crosby,green_bay_packers,9.0,27.7,9.0,9.0,38,2,2,100.0,0,0,2,0,0,2022-10-02,4:25PM,Lambeau Field,Green Bay,WI,44.5013,-88.0622,Outdoor,Grass,640.0,1957.0,,,,,
2022,4,16,Matt Prater,arizona_cardinals,8.0,27.0,8.0,8.0,39,2,2,100.0,0,0,2,0,0,2022-10-02,4:05PM,Bank of America Stadium,Charlotte,NC,35.2258,-80.8528,Outdoor,Grass,748.0,1996.0,,,,,
2022,4,17,Ryan Succop,tampa_bay_buccaneers,8.0,26.3,8.0,8.0,45,1,1,100.0,0,0,0,1,0,2022-10-02,8:20PM,Raymond James Stadium,Tampa,FL,27.9759,-82.5033,Outdoor,Grass,26.0,1998.0,,,,,
2022,4,18,Randy Bullock,tennessee_titans,7.0,25.6,7.0,7.0,44,1,1,100.0,0,0,0,1,0,2022-10-02,1:00PM,Lucas Oil Stadium,Indianapolis,IN,39.7601,-86.1639,Indoor,Turf,700.0,2008.0,,,,,
2022,4,19,Eddy Pineiro,carolina_panthers,6.0,24.9,6.0,6.0,54,1,1,100.0,0,0,0,0,1,2022-10-02,4:05PM,Bank of America Stadium,Charlotte,NC,35.2258,-80.8528,Outdoor,Grass,748.0,1996.0,,,,,
2022,4,20,Nick Folk,new_england_patriots,6.0,24.9,6.0,6.0,37,1,1,100.0,0,0,1,0,0,2022-10-02,4:25PM,Lambeau Field,Green Bay,WI,44.5013,-88.0622,Outdoor,Grass,640.0,1957.0,,,,,
2022,4,21,Dominik Eberle,detroit_lions,6.0,24.9,6.0,6.0,49,1,1,100.0,0,0,0,1,0,2022-10-02,1:00PM,Ford Field,Detroit,MI,42.34,-83.0456,Indoor,Turf,600.0,2002.0,,,,,
2022,4,22,Greg Zuerlein,new_york_jets,6.0,24.9,6.0,6.0,38,1,1,100.0,0,0,1,0,0,2022-10-02,1:00PM,Acrisure Stadium,Pittsburgh,PA,40.4468,-80.0158,Outdoor,Grass,730.0,2001.0,,,,,
2022,4,23,Jason Myers,seattle_seahawks,14.0,24.84,14.0,14.0,56,2,3,66.7,0,1,0,0,1,2022-10-02,1:00PM,Ford Field,Detroit,MI,42.34,-83.0456,Indoor,Turf,600.0,2002.0,,,,,
2022,4,24,Jason Sanders,miami_dolphins,10.0,24.5,10.0,10.0,48,3,4,75.0,0,2,0,1,0,2022-09-29,8:15PM,Paycor Stadium,Cincinnati,OH,39.0954,-84.516,Outdoor,Turf,482.0,2000.0,,,,,
2022,4,25,Brandon Mcmanus,denver_broncos,5.0,24.3,5.0,5.0,28,1,1,100.0,0,1,0,0,0,2022-10-02,4:25PM,Allegiant Stadium,Las Vegas,NV,36.0908,-115.183,Indoor,Turf,2001.0,2020.0,,,,,
2022,4,26,Jake Elliott,philadelphia_eagles,5.0,24.3,5.0,5.0,28,1,1,100.0,0,1,0,0,0,2022-10-02,1:00PM,Lincoln Financial Field,Philadelphia,PA,39.9008,-75.1675,Outdoor,Grass,30.0,2003.0,,,,,
2022,4,27,Joey Slye,washington_commanders,5.0,24.2,5.0,5.0,45,1,1,100.0,0,0,0,1,0,2022-10-02,1:00PM,AT&T Stadium,Arlington,TX,32.7473,-97.0945,Indoor,Turf,639.0,2009.0,,,,,
2022,4,28,Graham Gano,new_york_giants,10.0,21.94,10.0,10.0,44,2,3,66.7,0,0,0,2,0,2022-10-02,1:00PM,MetLife Stadium,East Rutherford,NJ,40.8136,-74.0744,Outdoor,Turf,3.0,2010.0,,,,,
2022,4,29,Ka'Imi Fairbairn,houston_texans,7.0,15.8,7.0,7.0,40,1,2,50.0,0,0,0,1,0,2022-10-02,1:00PM,NRG Stadium,Houston,TX,29.6847,-95.4107,Indoor,Turf,50.0,2002.0,,,,,
2022,4,30,Wil Lutz,new_orleans_saints,7.0,15.8,7.0,7.0,60,1,2,50.0,0,0,0,0,1,2022-10-02,9:30AM,Caesars Superdome,New Orleans,LA,29.9509,-90.0815,Indoor,Turf,3.0,1975.0,,,,,
2022,4,31,Robbie Gould,san_francisco_49ers,6.0,15.2,6.0,6.0,25,1,2,50.0,0,1,0,0,0,2022-10-03,8:15PM,Levi's Stadium,Santa Clara,CA,37.403,-121.9692,Outdoor,Grass,13.0,2014.0,,,,,
2022,4,32,Chase Mclaughlin,indianapolis_colts,5.0,14.5,5.0,5.0,27,1,2,50.0,0,1,0,0,0,2022-10-02,1:00PM,Lucas Oil Stadium,Indianapolis,IN,39.7601,-86.1639,Indoor,Turf,700.0,2008.0,,,,,
2022,4,33,Riley Patterson,jacksonville_jaguars,3.0,2.1,3.0,3.0,0,0,0,0.0,0,0,0,0,0,2022-10-02,1:00PM,Lincoln Financial Field,Philadelphia,PA,39.9008,-75.1675,Outdoor,Grass,30.0,2003.0,,,,,
2022,5,1,Nick Folk,new_england_patriots,18.0,36.2,18.0,18.0,44,5,5,100.0,0,1,3,1,0,2022-10-09,1:00PM,Gillette Stadium,Foxborough,MA,42.0909,-71.2643,Outdoor,Turf,289.0,2002.0,,,,,
2022,5,2,Chase Mclaughlin,indianapolis_colts,17.0,34.7,17.0,17.0,52,4,4,100.0,0,0,1,1,2,2022-10-06,8:15PM,Empower Field at Mile High,Denver,CO,39.7439,-105.0201,Outdoor,Turf,5280.0,2001.0,,,,,
2022,5,3,Justin Tucker,baltimore_ravens,16.0,34.1,16.0,16.0,58,4,4,100.0,0,1,1,1,1,2022-10-09,8:20PM,M&T Bank Stadium,Baltimore,MD,39.2779,-76.6227,Outdoor,Grass,10.0,1998.0,,,,,
2022,5,4,Daniel Carlson,las_vegas_raiders,16.0,33.3,16.0,16.0,53,3,3,100.0,0,0,0,1,2,2022-10-10,8:15PM,GEHA Field at Arrowhead Stadium,Kansas City,MO,39.049,-94.4839,Outdoor,Grass,1020.0,1972.0,,,,,
2022,5,5,Cairo Santos,chicago_bears,15.0,32.6,15.0,15.0,51,3,3,100.0,0,0,0,1,2,2022-10-09,1:00PM,U.S. Bank Stadium,Minneapolis,MN,44.974,-93.2581,Indoor,Turf,840.0,2016.0,,,,,
2022,5,6,Taylor Bertolet,carolina_panthers,12.0,30.8,12.0,12.0,28,3,3,100.0,0,3,0,0,0,2022-10-09,4:05PM,Bank of America Stadium,Charlotte,NC,35.2258,-80.8528,Outdoor,Grass,748.0,1996.0,,,,,
2022,5,7,Taylor Bertolet,los_angeles_chargers,12.0,30.8,12.0,12.0,28,3,3,100.0,0,3,0,0,0,2022-10-09,1:00PM,FirstEnergy Stadium,Cleveland,OH,41.5061,-81.6995,Outdoor,Grass,577.0,1999.0,,,,,
2022,5,8,Brett Maher,dallas_cowboys,11.0,29.8,11.0,11.0,40,3,3,100.0,0,0,2,1,0,2022-10-09,4:25PM,SoFi Stadium,Inglewood,CA,33.9535,-118.3392,Outdoor,Turf,100.0,2020.0,,,,,
2022,5,9,Ka'Imi Fairbairn,houston_texans,11.0,29.1,11.0,11.0,51,2,2,100.0,0,0,0,0,2,2022-10-09,1:00PM,TIAA Bank Field,Jacksonville,FL,30.3239,-81.6373,Outdoor,Grass,16.0,1995.0,,,,,
2022,5,10,Graham Gano,new_york_giants,10.0,28.4,10.0,10.0,48,2,2,100.0,0,0,1,1,0,2022-10-09,9:30AM,Lambeau Field,Green Bay,WI,44.5013,-88.0622,Outdoor,Grass,640.0,1957.0,,,,,
2022,5,11,Jason Myers,seattle_seahawks,10.0,28.4,10.0,10.0,56,2,2,100.0,0,0,1,0,1,2022-10-09,1:00PM,Caesars Superdome,New Orleans,LA,29.9509,-90.0815,Indoor,Turf,3.0,1975.0,,,,,
2022,5,12,Mason Crosby,green_bay_packers,10.0,28.4,10.0,10.0,48,2,2,100.0,0,0,0,2,0,2022-10-09,9:30AM,Lambeau Field,Green Bay,WI,44.5013,-88.0622,Outdoor,Grass,640.0,1957.0,,,,,
2022,5,13,Cameron Dicker,los_angeles_chargers,9.0,27.8,9.0,9.0,42,2,2,100.0,0,1,0,1,0,2022-10-09,1:00PM,FirstEnergy Stadium,Cleveland,OH,41.5061,-81.6995,Outdoor,Grass,577.0,1999.0,,,,,
2022,5,14,Cameron Dicker,philadelphia_eagles,9.0,27.8,9.0,9.0,42,2,2,100.0,0,1,0,1,0,2022-10-09,4:25PM,State Farm Stadium,Glendale,AZ,33.5275,-112.2625,Indoor,Turf,1070.0,2006.0,,,,,
2022,5,15,Ryan Succop,tampa_bay_buccaneers,8.0,27.1,8.0,8.0,44,2,2,100.0,0,1,0,1,0,2022-10-09,1:00PM,Raymond James Stadium,Tampa,FL,27.9759,-82.5033,Outdoor,Grass,26.0,1998.0,,,,,
2022,5,16,Wil Lutz,new_orleans_saints,9.0,27.0,9.0,9.0,56,1,1,100.0,0,0,0,0,1,2022-10-09,1:00PM,Caesars Superdome,New Orleans,LA,29.9509,-90.0815,Indoor,Turf,3.0,1975.0,,,,,
2022,5,17,Riley Patterson,jacksonville_jaguars,7.0,26.4,7.0,7.0,45,2,2,100.0,0,1,0,1,0,2022-10-09,1:00PM,TIAA Bank Field,Jacksonville,FL,30.3239,-81.6373,Outdoor,Grass,16.0,1995.0,,,,,
2022,5,18,Greg Zuerlein,new_york_jets,8.0,26.3,8.0,8.0,34,1,1,100.0,0,0,1,0,0,2022-10-09,1:00PM,MetLife Stadium,East Rutherford,NJ,40.8136,-74.0744,Outdoor,Turf,3.0,2010.0,,,,,
2022,5,19,Joey Slye,washington_commanders,7.0,25.6,7.0,7.0,50,1,1,100.0,0,0,0,0,1,2022-10-09,1:00PM,FedExField,Landover,MD,38.9078,-76.8645,Outdoor,Grass,300.0,1997.0,,,,,
2022,5,20,Brandon Mcmanus,denver_broncos,11.0,25.0,11.0,11.0,45,3,4,75.0,0,0,1,2,0,2022-10-06,8:15PM,Empower Field at Mile High,Denver,CO,39.7439,-105.0201,Outdoor,Turf,5280.0,2001.0,,,,,
2022,5,21,Evan Mcpherson,cincinnati_bengals,6.0,24.9,6.0,6.0,40,1,1,100.0,0,0,0,1,0,2022-10-09,8:20PM,M&T Bank Stadium,Baltimore,MD,39.2779,-76.6227,Outdoor,Grass,10.0,1998.0,,,,,
2022,5,22,Eddy Pineiro,carolina_panthers,10.0,24.3,10.0,10.0,43,3,4,75.0,0,0,2,1,0,2022-10-09,4:05PM,Bank of America Stadium,Charlotte,NC,35.2258,-80.8528,Outdoor,Grass,748.0,1996.0,,,,,
2022,5,23,Tyler Bass,buffalo_bills,8.0,16.5,8.0,8.0,35,1,2,50.0,0,0,1,0,0,2022-10-09,1:00PM,Highmark Stadium,Orchard Park,NY,42.7738,-78.7868,Outdoor,Grass,600.0,1973.0,,,,,
2022,5,24,Matthew Wright,kansas_city_chiefs,8.0,16.5,8.0,8.0,59,1,2,50.0,0,0,0,0,1,2022-10-10,8:15PM,GEHA Field at Arrowhead Stadium,Kansas City,MO,39.049,-94.4839,Outdoor,Grass,1020.0,1972.0,,,,,
2022,5,25,Matthew Wright,pittsburgh_steelers,8.0,16.5,8.0,8.0,59,1,2,50.0,0,0,0,0,1,2022-10-09,1:00PM,Highmark Stadium,Orchard Park,NY,42.7738,-78.7868,Outdoor,Grass,600.0,1973.0,,,,,
2022,5,26,Robbie Gould,san_francisco_49ers,7.0,15.8,7.0,7.0,49,1,2,50.0,0,0,0,1,0,2022-10-09,4:05PM,Bank of America Stadium,Charlotte,NC,35.2258,-80.8528,Outdoor,Grass,748.0,1996.0,,,,,
2022,5,27,Jason Sanders,miami_dolphins,6.0,15.1,6.0,6.0,46,1,2,50.0,0,0,0,1,0,2022-10-09,1:00PM,MetLife Stadium,East Rutherford,NJ,40.8136,-74.0744,Outdoor,Turf,3.0,2010.0,,,,,
2022,5,28,Matt Ammendola,arizona_cardinals,5.0,14.5,5.0,5.0,20,1,2,50.0,0,1,0,0,0,2022-10-09,4:25PM,State Farm Stadium,Glendale,AZ,33.5275,-112.2625,Indoor,Turf,1070.0,2006.0,,,,,
2022,5,29,Matt Ammendola,green_bay_packers,5.0,14.5,5.0,5.0,20,1,2,50.0,0,1,0,0,0,2022-10-09,9:30AM,Lambeau Field,Green Bay,WI,44.5013,-88.0622,Outdoor,Grass,640.0,1957.0,,,,,
2022,5,30,Matt Ammendola,kansas_city_chiefs,5.0,14.5,5.0,5.0,20,1,2,50.0,0,1,0,0,0,2022-10-10,8:15PM,GEHA Field at Arrowhead Stadium,Kansas City,MO,39.049,-94.4839,Outdoor,Grass,1020.0,1972.0,,,,,
2022,5,31,Matt Gay,los_angeles_rams,4.0,13.8,4.0,4.0,29,1,2,50.0,0,1,0,0,0,2022-10-09,4:25PM,SoFi Stadium,Inglewood,CA,33.9535,-118.3392,Outdoor,Turf,100.0,2020.0,,,,,
2022,5,32,Chris Boswell,pittsburgh_steelers,3.0,9.96,3.0,3.0,29,1,3,33.3,0,1,0,0,0,2022-10-09,1:00PM,Highmark Stadium,Orchard Park,NY,42.7738,-78.7868,Outdoor,Grass,600.0,1973.0,,,,,
2022,5,33,Cade York,cleveland_browns,4.0,3.2,4.0,4.0,0,0,2,0.0,0,0,0,0,0,2022-10-09,1:00PM,FirstEnergy Stadium,Cleveland,OH,41.5061,-81.6995,Outdoor,Grass,577.0,1999.0,,,,,
2022,5,34,Greg Joseph,minnesota_vikings,3.0,2.5,3.0,3.0,0,0,2,0.0,0,0,0,0,0,2022-10-09,1:00PM,U.S. Bank Stadium,Minneapolis,MN,44.974,-93.2581,Indoor,Turf,840.0,2016.0,,,,,
2022,5,35,Randy Bullock,tennessee_titans,3.0,2.1,3.0,3.0,0,0,0,0.0,0,0,0,0,0,2022-10-09,1:00PM,FedExField,Landover,MD,38.9078,-76.8645,Outdoor,Grass,300.0,1997.0,,,,,
2022,5,36,Younghoe Koo,atlanta_falcons,1.0,0.9,1.0,1.0,0,0,1,0.0,0,0,0,0,0,2022-10-09,1:00PM,Raymond James Stadium,Tampa,FL,27.9759,-82.5033,Outdoor,Grass,26.0,1998.0,,,,,
2022,5,37,Quinn Nordin,new_england_patriots,0.0,0.0,0.0,0.0,0,0,0,0.0,0,0,0,0,0,2022-10-09,1:00PM,Gillette Stadium,Foxborough,MA,42.0909,-71.2643,Outdoor,Turf,289.0,2002.0,,,,,
2022,6,1,Ryan Succop,tampa_bay_buccaneers,14.0,32.8,14.0,14.0,54,4,4,100.0,0,2,1,0,1,2022-10-16,1:00PM,Acrisure Stadium,Pittsburgh,PA,40.4468,-80.0158,Outdoor,Grass,730.0,2001.0,,,,,
2022,6,2,Wil Lutz,new_orleans_saints,14.0,32.6,14.0,14.0,37,4,4,100.0,0,0,4,0,0,2022-10-16,1:00PM,Caesars Superdome,New Orleans,LA,29.9509,-90.0815,Indoor,Turf,3.0,1975.0,,,,,
2022,6,3,Jason Myers,seattle_seahawks,13.0,32.0,13.0,13.0,39,4,4,100.0,0,1,3,0,0,2022-10-16,4:05PM,Lumen Field,Seattle,WA,47.5952,-122.3316,Outdoor,Turf,20.0,2002.0,,,,,
2022,6,4,Dustin Hopkins,los_angeles_chargers,13.0,31.9,13.0,13.0,39,4,4,100.0,0,0,4,0,0,2022-10-17,8:15PM,SoFi Stadium,Inglewood,CA,33.9535,-118.3392,Outdoor,Turf,100.0,2020.0,,,,,
2022,6,5,Brandon Mcmanus,denver_broncos,13.0,31.3,13.0,13.0,51,3,3,100.0,0,1,0,1,1,2022-10-17,8:15PM,SoFi Stadium,Inglewood,CA,33.9535,-118.3392,Outdoor,Turf,100.0,2020.0,,,,,
2022,6,6,Cade York,cleveland_browns,12.0,30.5,12.0,12.0,51,3,3,100.0,0,0,1,1,1,2022-10-16,1:00PM,FirstEnergy Stadium,Cleveland,OH,41.5061,-81.6995,Outdoor,Grass,577.0,1999.0,,,,,
2022,6,7,Chris Boswell,pittsburgh_steelers,10.0,28.5,10.0,10.0,55,2,2,100.0,0,1,0,0,1,2022-10-16,1:00PM,Acrisure Stadium,Pittsburgh,PA,40.4468,-80.0158,Outdoor,Grass,730.0,2001.0,,,,,
2022,6,8,Jake Elliott,philadelphia_eagles,10.0,28.4,10.0,10.0,51,2,2,100.0,0,0,1,0,1,2022-10-16,8:20PM,Lincoln Financial Field,Philadelphia,PA,39.9008,-75.1675,Outdoor,Grass,30.0,2003.0,,,,,
2022,6,9,Chase Mclaughlin,indianapolis_colts,9.0,27.8,9.0,9.0,42,2,2,100.0,0,1,0,1,0,2022-10-16,1:00PM,Lucas Oil Stadium,Indianapolis,IN,39.7601,-86.1639,Indoor,Turf,700.0,2008.0,,,,,
2022,6,10,Evan Mcpherson,cincinnati_bengals,8.0,26.3,8.0,8.0,52,1,1,100.0,0,0,0,0,1,2022-10-16,1:00PM,Caesars Superdome,New Orleans,LA,29.9509,-90.0815,Indoor,Turf,3.0,1975.0,,,,,
2022,6,11,Matt Gay,los_angeles_rams,6.0,25.0,6.0,6.0,21,1,1,100.0,0,1,0,0,0,2022-10-16,4:05PM,SoFi Stadium,Inglewood,CA,33.9535,-118.3392,Outdoor,Turf,100.0,2020.0,,,,,
2022,6,12,Tyler Bass,buffalo_bills,6.0,24.9,6.0,6.0,39,1,1,100.0,0,0,1,0,0,2022-10-16,4:25PM,GEHA Field at Arrowhead Stadium,Kansas City,MO,39.049,-94.4839,Outdoor,Grass,1020.0,1972.0,,,,,
2022,6,13,Graham Gano,new_york_giants,6.0,24.9,6.0,6.0,34,1,1,100.0,0,0,1,0,0,2022-10-16,1:00PM,MetLife Stadium,East Rutherford,NJ,40.8136,-74.0744,Outdoor,Turf,3.0,2010.0,,,,,
2022,6,14,Eddy Pineiro,carolina_panthers,5.0,24.2,5.0,5.0,42,1,1,100.0,0,0,0,1,0,2022-10-16,4:05PM,SoFi Stadium,Inglewood,CA,33.9535,-118.3392,Outdoor,Turf,100.0,2020.0,,,,,
2022,6,15,Greg Joseph,minnesota_vikings,4.0,23.5,4.0,4.0,34,1,1,100.0,0,0,1,0,0,2022-10-16,1:00PM,Hard Rock Stadium,Miami Gardens,FL,25.958,-80.238,Outdoor,Grass,7.0,1987.0,,,,,
2022,6,16,Matt Ammendola,arizona_cardinals,3.0,22.9,3.0,3.0,23,1,1,100.0,0,1,0,0,0,2022-10-16,4:05PM,Lumen Field,Seattle,WA,47.5952,-122.3316,Outdoor,Turf,20.0,2002.0,,,,,
2022,6,17,Matt Ammendola,green_bay_packers,3.0,22.9,3.0,3.0,23,1,1,100.0,0,1,0,0,0,2022-10-16,1:00PM,Lambeau Field,Green Bay,WI,44.5013,-88.0622,Outdoor,Grass,640.0,1957.0,,,,,
2022,6,18,Matt Ammendola,kansas_city_chiefs,3.0,22.9,3.0,3.0,23,1,1,100.0,0,1,0,0,0,2022-10-16,4:25PM,GEHA Field at Arrowhead Stadium,Kansas City,MO,39.049,-94.4839,Outdoor,Grass,1020.0,1972.0,,,,,
2022,6,19,Harrison Butker,kansas_city_chiefs,11.0,22.64,11.0,11.0,62,2,3,66.7,0,0,0,1,1,2022-10-16,4:25PM,GEHA Field at Arrowhead Stadium,Kansas City,MO,39.049,-94.4839,Outdoor,Grass,1020.0,1972.0,,,,,
2022,6,20,Greg Zuerlein,new_york_jets,9.0,21.34,9.0,9.0,32,2,3,66.7,0,1,1,0,0,2022-10-16,1:00PM,Lambeau Field,Green Bay,WI,44.5013,-88.0622,Outdoor,Grass,640.0,1957.0,,,,,
2022,6,21,Justin Tucker,baltimore_ravens,8.0,20.64,8.0,8.0,34,2,3,66.7,0,1,1,0,0,2022-10-16,1:00PM,MetLife Stadium,East Rutherford,NJ,40.8136,-74.0744,Outdoor,Turf,3.0,2010.0,,,,,
2022,6,22,Joey Slye,washington_commanders,6.0,19.24,6.0,6.0,38,2,3,66.7,0,1,1,0,0,2022-10-13,8:15PM,Soldier Field,Chicago,IL,41.8623,-87.6167,Outdoor,Grass,595.0,1924.0,,,,,
2022,6,23,Nick Folk,new_england_patriots,8.0,16.5,8.0,8.0,19,1,2,50.0,1,0,0,0,0,2022-10-16,1:00PM,FirstEnergy Stadium,Cleveland,OH,41.5061,-81.6995,Outdoor,Grass,577.0,1999.0,,,,,
2022,6,24,Brett Maher,dallas_cowboys,5.0,14.4,5.0,5.0,30,1,2,50.0,0,0,1,0,0,2022-10-16,8:20PM,Lincoln Financial Field,Philadelphia,PA,39.9008,-75.1675,Outdoor,Grass,30.0,2003.0,,,,,
2022,6,25,Jason Sanders,miami_dolphins,5.0,14.4,5.0,5.0,44,1,2,50.0,0,0,0,1,0,2022-10-16,1:00PM,Hard Rock Stadium,Miami Gardens,FL,25.958,-80.238,Outdoor,Grass,7.0,1987.0,,,,,
2022,6,26,Mason Crosby,green_bay_packers,4.0,13.8,4.0,4.0,29,1,2,50.0,0,1,0,0,0,2022-10-16,1:00PM,Lambeau Field,Green Bay,WI,44.5013,-88.0622,Outdoor,Grass,640.0,1957.0,,,,,
2022,6,27,Younghoe Koo,atlanta_falcons,4.0,2.8,4.0,4.0,0,0,0,0.0,0,0,0,0,0,2022-10-16,1:00PM,Mercedes-Benz Stadium,Atlanta,GA,33.755,-84.4008,Indoor,Turf,1050.0,2017.0,,,,,
2022,6,28,Riley Patterson,jacksonville_jaguars,3.0,2.1,3.0,3.0,0,0,0,0.0,0,0,0,0,0,2022-10-16,1:00PM,Lucas Oil Stadium,Indianapolis,IN,39.7601,-86.1639,Indoor,Turf,700.0,2008.0,,,,,
2022,6,29,Robbie Gould,san_francisco_49ers,2.0,1.4,2.0,2.0,0,0,0,0.0,0,0,0,0,0,2022-10-16,1:00PM,Mercedes-Benz Stadium,Atlanta,GA,33.755,-84.4008,Indoor,Turf,1050.0,2017.0,,,,,
2022,6,30,Cairo Santos,chicago_bears,1.0,0.7,1.0,1.0,0,0,0,0.0,0,0,0,0,0,2022-10-13,8:15PM,Soldier Field,Chicago,IL,41.8623,-87.6167,Outdoor,Grass,595.0,1924.0,,,,,
2022,7,1,Cairo Santos,chicago_bears,18.0,35.5,18.0,18.0,50,4,4,100.0,0,1,1,1,1,2022-10-24,8:15PM,Gillette Stadium,Foxborough,MA,42.0909,-71.2643,Outdoor,Turf,289.0,2002.0,,,,,
2022,7,2,Jason Myers,seattle_seahawks,16.0,33.3,16.0,16.0,50,3,3,100.0,0,0,1,1,1,2022-10-23,4:25PM,SoFi Stadium,Inglewood,CA,33.9535,-118.3392,Outdoor,Turf,100.0,2020.0,,,,,
2022,7,3,Randy Bullock,tennessee_titans,14.0,32.8,14.0,14.0,48,4,4,100.0,0,2,1,1,0,2022-10-23,1:00PM,Nissan Stadium,Nashville,TN,36.1665,-86.7713,Outdoor,Grass,476.0,1999.0,,,,,
2022,7,4,Robbie Gould,san_francisco_49ers,14.0,31.9,14.0,14.0,50,3,3,100.0,0,0,1,1,1,2022-10-23,4:25PM,Levi's Stadium,Santa Clara,CA,37.403,-121.9692,Outdoor,Grass,13.0,2014.0,,,,,
2022,7,5,Justin Tucker,baltimore_ravens,13.0,31.2,13.0,13.0,55,3,3,100.0,0,0,2,0,1,2022-10-23,1:00PM,M&T Bank Stadium,Baltimore,MD,39.2779,-76.6227,Outdoor,Grass,10.0,1998.0,,,,,
2022,7,6,Jason Sanders,miami_dolphins,12.0,30.6,12.0,12.0,47,3,3,100.0,0,1,0,2,0,2022-10-23,8:20PM,Hard Rock Stadium,Miami Gardens,FL,25.958,-80.238,Outdoor,Grass,7.0,1987.0,,,,,
2022,7,7,Greg Zuerlein,new_york_jets,12.0,30.5,12.0,12.0,45,3,3,100.0,0,0,1,2,0,2022-10-23,4:05PM,Empower Field at Mile High,Denver,CO,39.7439,-105.0201,Outdoor,Turf,5280.0,2001.0,,,,,
2022,7,8,Graham Gano,new_york_giants,11.0,29.8,11.0,11.0,34,3,3,100.0,0,0,3,0,0,2022-10-23,1:00PM,TIAA Bank Field,Jacksonville,FL,30.3239,-81.6373,Outdoor,Grass,16.0,1995.0,,,,,
2022,7,9,Wil Lutz,new_orleans_saints,11.0,29.2,11.0,11.0,45,2,2,100.0,0,1,0,1,0,2022-10-20,8:15PM,State Farm Stadium,Glendale,AZ,33.5275,-112.2625,Indoor,Turf,1070.0,2006.0,,,,,
2022,7,10,Rodrigo Blankenship,arizona_cardinals,10.0,28.5,10.0,10.0,50,2,2,100.0,0,1,0,0,1,2022-10-20,8:15PM,State Farm Stadium,Glendale,AZ,33.5275,-112.2625,Indoor,Turf,1070.0,2006.0,,,,,
2022,7,11,Rodrigo Blankenship,indianapolis_colts,10.0,28.5,10.0,10.0,50,2,2,100.0,0,1,0,0,1,2022-10-23,1:00PM,Nissan Stadium,Nashville,TN,36.1665,-86.7713,Outdoor,Grass,476.0,1999.0,,,,,
2022,7,12,Daniel Carlson,las_vegas_raiders,10.0,27.7,10.0,10.0,50,1,1,100.0,0,0,0,0,1,2022-10-23,4:05PM,Allegiant Stadium,Las Vegas,NV,36.0908,-115.183,Indoor,Turf,2001.0,2020.0,,,,,
2022,7,13,Michael Badgley,unknown,9.0,27.7,9.0,9.0,53,2,2,100.0,0,0,0,1,1,,,,,,,,,,,,,,,,
2022,7,14,Joey Slye,washington_commanders,11.0,25.1,11.0,11.0,31,3,4,75.0,1,1,1,0,0,2022-10-23,1:00PM,FedExField,Landover,MD,38.9078,-76.8645,Outdoor,Grass,300.0,1997.0,,,,,
2022,7,15,Brett Maher,dallas_cowboys,6.0,25.0,6.0,6.0,22,1,1,100.0,0,1,0,0,0,2022-10-23,1:00PM,AT&T Stadium,Arlington,TX,32.7473,-97.0945,Indoor,Turf,639.0,2009.0,,,,,
2022,7,16,Younghoe Koo,atlanta_falcons,6.0,24.9,6.0,6.0,43,1,1,100.0,0,0,0,1,0,2022-10-23,1:00PM,Paycor Stadium,Cincinnati,OH,39.0954,-84.516,Outdoor,Turf,482.0,2000.0,,,,,
2022,7,17,Chase Mclaughlin,indianapolis_colts,6.0,24.9,6.0,6.0,50,1,1,100.0,0,0,0,0,1,2022-10-23,1:00PM,Nissan Stadium,Nashville,TN,36.1665,-86.7713,Outdoor,Grass,476.0,1999.0,,,,,
2022,7,18,Chris Boswell,pittsburgh_steelers,5.0,24.2,5.0,5.0,45,1,1,100.0,0,0,0,1,0,2022-10-23,8:20PM,Hard Rock Stadium,Miami Gardens,FL,25.958,-80.238,Outdoor,Grass,7.0,1987.0,,,,,
2022,7,19,Riley Patterson,jacksonville_jaguars,3.0,22.9,3.0,3.0,27,1,1,100.0,0,1,0,0,0,2022-10-23,1:00PM,TIAA Bank Field,Jacksonville,FL,30.3239,-81.6373,Outdoor,Grass,16.0,1995.0,,,,,
2022,7,20,Ryan Succop,tampa_bay_buccaneers,3.0,22.9,3.0,3.0,27,1,1,100.0,0,1,0,0,0,2022-10-23,1:00PM,Bank of America Stadium,Charlotte,NC,35.2258,-80.8528,Outdoor,Grass,748.0,1996.0,,,,,
2022,7,21,Ka'Imi Fairbairn,houston_texans,10.0,21.94,10.0,10.0,55,2,3,66.7,0,0,1,0,1,2022-10-23,4:05PM,Allegiant Stadium,Las Vegas,NV,36.0908,-115.183,Indoor,Turf,2001.0,2020.0,,,,,
2022,7,22,Cade York,cleveland_browns,9.0,21.24,9.0,9.0,41,2,3,66.7,0,0,1,1,0,2022-10-23,1:00PM,M&T Bank Stadium,Baltimore,MD,39.2779,-76.6227,Outdoor,Grass,10.0,1998.0,,,,,
2022,7,23,Brandon Mcmanus,denver_broncos,4.0,13.7,4.0,4.0,44,1,2,50.0,0,0,0,1,0,2022-10-23,4:05PM,Empower Field at Mile High,Denver,CO,39.7439,-105.0201,Outdoor,Turf,5280.0,2001.0,,,,,
2022,7,24,Harrison Butker,kansas_city_chiefs,6.0,4.4,6.0,6.0,0,0,1,0.0,0,0,0,0,0,2022-10-23,4:25PM,Levi's Stadium,Santa Clara,CA,37.403,-121.9692,Outdoor,Grass,13.0,2014.0,,,,,
2022,7,25,Evan Mcpherson,cincinnati_bengals,5.0,3.5,5.0,5.0,0,0,0,0.0,0,0,0,0,0,2022-10-23,1:00PM,Paycor Stadium,Cincinnati,OH,39.0954,-84.516,Outdoor,Turf,482.0,2000.0,,,,,
2022,7,26,Eddy Pineiro,carolina_panthers,3.0,2.1,3.0,3.0,0,0,0,0.0,0,0,0,0,0,2022-10-23,1:00PM,Bank of America Stadium,Charlotte,NC,35.2258,-80.8528,Outdoor,Grass,748.0,1996.0,,,,,
2022,7,27,Mason Crosby,green_bay_packers,3.0,2.1,3.0,3.0,0,0,0,0.0,0,0,0,0,0,2022-10-23,1:00PM,FedExField,Landover,MD,38.9078,-76.8645,Outdoor,Grass,300.0,1997.0,,,,,
2022,7,28,Taylor Bertolet,carolina_panthers,3.0,2.1,3.0,3.0,0,0,0,0.0,0,0,0,0,0,2022-10-23,1:00PM,Bank of America Stadium,Charlotte,NC,35.2258,-80.8528,Outdoor,Grass,748.0,1996.0,,,,,
2022,7,29,Taylor Bertolet,los_angeles_chargers,3.0,2.1,3.0,3.0,0,0,0,0.0,0,0,0,0,0,2022-10-23,4:25PM,SoFi Stadium,Inglewood,CA,33.9535,-118.3392,Outdoor,Turf,100.0,2020.0,,,,,
2022,7,30,Nick Folk,new_england_patriots,2.0,1.4,2.0,2.0,0,0,0,0.0,0,0,0,0,0,2022-10-24,8:15PM,Gillette Stadium,Foxborough,MA,42.0909,-71.2643,Outdoor,Turf,289.0,2002.0,,,,,
2022,8,1,Nick Folk,new_england_patriots,21.0,38.2,21.0,21.0,52,5,5,100.0,0,0,1,3,1,2022-10-30,1:00PM,MetLife Stadium,East Rutherford,NJ,40.8136,-74.0744,Outdoor,Turf,3.0,2010.0,,,,,
2022,8,2,Younghoe Koo,atlanta_falcons,14.0,31.9,14.0,14.0,41,3,3,100.0,0,0,2,1,0,2022-10-30,1:00PM,Mercedes-Benz Stadium,Atlanta,GA,33.755,-84.4008,Indoor,Turf,1050.0,2017.0,,,,,
2022,8,3,Chase Mclaughlin,indianapolis_colts,11.0,29.9,11.0,11.0,46,3,3,100.0,0,1,1,1,0,2022-10-30,4:25PM,Lucas Oil Stadium,Indianapolis,IN,39.7601,-86.1639,Indoor,Turf,700.0,2008.0,,,,,
2022,8,4,Ryan Succop,tampa_bay_buccaneers,10.0,29.2,10.0,10.0,31,3,3,100.0,0,1,2,0,0,2022-10-27,8:15PM,Raymond James Stadium,Tampa,FL,27.9759,-82.5033,Outdoor,Grass,26.0,1998.0,,,,,
2022,8,5,Jason Myers,seattle_seahawks,11.0,29.1,11.0,11.0,51,2,2,100.0,0,0,1,0,1,2022-10-30,4:25PM,Lumen Field,Seattle,WA,47.5952,-122.3316,Outdoor,Turf,20.0,2002.0,,,,,
2022,8,6,Michael Badgley,unknown,10.0,28.5,10.0,10.0,42,2,2,100.0,0,1,0,1,0,,,,,,,,,,,,,,,,
2022,8,7,Tyler Bass,buffalo_bills,10.0,28.4,10.0,10.0,42,2,2,100.0,0,0,1,1,0,2022-10-30,8:20PM,Highmark Stadium,Orchard Park,NY,42.7738,-78.7868,Outdoor,Grass,600.0,1973.0,,,,,
2022,8,8,Matt Prater,arizona_cardinals,9.0,27.7,9.0,9.0,44,2,2,100.0,0,0,1,1,0,2022-10-30,1:00PM,U.S. Bank Stadium,Minneapolis,MN,44.974,-93.2581,Indoor,Turf,840.0,2016.0,,,,,
2022,8,9,Graham Gano,new_york_giants,8.0,27.0,8.0,8.0,45,2,2,100.0,0,0,1,1,0,2022-10-30,4:25PM,Lumen Field,Seattle,WA,47.5952,-122.3316,Outdoor,Turf,20.0,2002.0,,,,,
2022,8,10,Nick Sciba,pittsburgh_steelers,7.0,26.4,7.0,7.0,38,2,2,100.0,0,1,1,0,0,2022-10-30,1:00PM,Lincoln Financial Field,Philadelphia,PA,39.9008,-75.1675,Outdoor,Grass,30.0,2003.0,,,,,
2022,8,11,Jason Sanders,miami_dolphins,8.0,26.3,8.0,8.0,45,1,1,100.0,0,0,0,1,0,2022-10-30,1:00PM,Ford Field,Detroit,MI,42.34,-83.0456,Indoor,Turf,600.0,2002.0,,,,,
2022,8,12,Robbie Gould,san_francisco_49ers,7.0,25.7,7.0,7.0,29,1,1,100.0,0,1,0,0,0,2022-10-30,4:25PM,SoFi Stadium,Inglewood,CA,33.9535,-118.3392,Outdoor,Turf,100.0,2020.0,,,,,
2022,8,13,Joey Slye,washington_commanders,5.0,24.3,5.0,5.0,28,1,1,100.0,0,1,0,0,0,2022-10-30,4:25PM,Lucas Oil Stadium,Indianapolis,IN,39.7601,-86.1639,Indoor,Turf,700.0,2008.0,,,,,
2022,8,14,Cairo Santos,chicago_bears,5.0,24.2,5.0,5.0,36,1,1,100.0,0,0,1,0,0,2022-10-30,1:00PM,AT&T Stadium,Arlington,TX,32.7473,-97.0945,Indoor,Turf,639.0,2009.0,,,,,
2022,8,15,Ka'Imi Fairbairn,houston_texans,5.0,24.2,5.0,5.0,43,1,1,100.0,0,0,0,1,0,2022-10-30,4:05PM,NRG Stadium,Houston,TX,29.6847,-95.4107,Indoor,Turf,50.0,2002.0,,,,,
2022,8,16,Riley Patterson,jacksonville_jaguars,5.0,24.2,5.0,5.0,37,1,1,100.0,0,0,1,0,0,2022-10-30,9:30AM,TIAA Bank Field,Jacksonville,FL,30.3239,-81.6373,Outdoor,Grass,16.0,1995.0,,,,,
2022,8,17,Justin Tucker,baltimore_ravens,9.0,21.34,9.0,9.0,30,2,3,66.7,0,1,1,0,0,2022-10-27,8:15PM,Raymond James Stadium,Tampa,FL,27.9759,-82.5033,Outdoor,Grass,26.0,1998.0,,,,,
2022,8,18,Eddy Pineiro,carolina_panthers,9.0,21.24,9.0,9.0,42,2,3,66.7,0,0,1,1,0,2022-10-30,1:00PM,Mercedes-Benz Stadium,Atlanta,GA,33.755,-84.4008,Indoor,Turf,1050.0,2017.0,,,,,
2022,8,19,Cade York,cleveland_browns,8.0,16.5,8.0,8.0,55,1,2,50.0,0,0,0,0,1,2022-10-31,8:15PM,FirstEnergy Stadium,Cleveland,OH,41.5061,-81.6995,Outdoor,Grass,577.0,1999.0,,,,,
2022,8,20,Wil Lutz,new_orleans_saints,6.0,15.1,6.0,6.0,37,1,2,50.0,0,0,1,0,0,2022-10-30,1:00PM,Caesars Superdome,New Orleans,LA,29.9509,-90.0815,Indoor,Turf,3.0,1975.0,,,,,
2022,8,21,Greg Zuerlein,new_york_jets,5.0,14.5,5.0,5.0,28,1,2,50.0,0,1,0,0,0,2022-10-30,1:00PM,MetLife Stadium,East Rutherford,NJ,40.8136,-74.0744,Outdoor,Turf,3.0,2010.0,,,,,
2022,8,22,Randy Bullock,tennessee_titans,5.0,14.5,5.0,5.0,29,1,2,50.0,0,1,0,0,0,2022-10-30,4:05PM,NRG Stadium,Houston,TX,29.6847,-95.4107,Indoor,Turf,50.0,2002.0,,,,,
2022,8,23,Mason Crosby,green_bay_packers,5.0,14.4,5.0,5.0,38,1,2,50.0,0,0,1,0,0,2022-10-30,8:20PM,Highmark Stadium,Orchard Park,NY,42.7738,-78.7868,Outdoor,Grass,600.0,1973.0,,,,,
2022,8,24,Brett Maher,dallas_cowboys,7.0,4.9,7.0,7.0,0,0,0,0.0,0,0,0,0,0,2022-10-30,1:00PM,AT&T Stadium,Arlington,TX,32.7473,-97.0945,Indoor,Turf,639.0,2009.0,,,,,
2022,8,25,Jake Elliott,philadelphia_eagles,5.0,3.5,5.0,5.0,0,0,0,0.0,0,0,0,0,0,2022-10-30,1:00PM,Lincoln Financial Field,Philadelphia,PA,39.9008,-75.1675,Outdoor,Grass,30.0,2003.0,,,,,
2022,8,26,Greg Joseph,minnesota_vikings,4.0,3.0,4.0,4.0,0,0,1,0.0,0,0,0,0,0,2022-10-30,1:00PM,U.S. Bank Stadium,Minneapolis,MN,44.974,-93.2581,Indoor,Turf,840.0,2016.0,,,,,
2022,8,27,Brandon Mcmanus,denver_broncos,3.0,2.1,3.0,3.0,0,0,0,0.0,0,0,0,0,0,2022-10-30,9:30AM,TIAA Bank Field,Jacksonville,FL,30.3239,-81.6373,Outdoor,Grass,16.0,1995.0,,,,,
2022,8,28,Matt Gay,los_angeles_rams,2.0,1.4,2.0,2.0,0,0,0,0.0,0,0,0,0,0,2022-10-30,4:25PM,SoFi Stadium,Inglewood,CA,33.9535,-118.3392,Outdoor,Turf,100.0,2020.0,,,,,
2022,8,29,Evan Mcpherson,cincinnati_bengals,1.0,0.9,1.0,1.0,0,0,1,0.0,0,0,0,0,0,2022-10-31,8:15PM,FirstEnergy Stadium,Cleveland,OH,41.5061,-81.6995,Outdoor,Grass,577.0,1999.0,,,,,
2022,8,30,Rodrigo Blankenship,arizona_cardinals,0.0,0.0,0.0,0.0,0,0,0,0.0,0,0,0,0,0,2022-10-30,1:00PM,U.S. Bank Stadium,Minneapolis,MN,44.974,-93.2581,Indoor,Turf,840.0,2016.0,,,,,
2022,8,31,Rodrigo Blankenship,indianapolis_colts,0.0,0.0,0.0,0.0,0,0,0,0.0,0,0,0,0,0,2022-10-30,4:25PM,Lucas Oil Stadium,Indianapolis,IN,39.7601,-86.1639,Indoor,Turf,700.0,2008.0,,,,,
2022,8,32,Daniel Carlson,las_vegas_raiders,0.0,0.0,0.0,0.0,0,0,0,0.0,0,0,0,0,0,2022-10-30,1:00PM,Caesars Superdome,New Orleans,LA,29.9509,-90.0815,Indoor,Turf,3.0,1975.0,,,,,
2022,9,1,Nick Folk,new_england_patriots,17.0,34.8,17.0,17.0,49,4,4,100.0,0,1,0,3,0,2022-11-06,1:00PM,Gillette Stadium,Foxborough,MA,42.0909,-71.2643,Outdoor,Turf,289.0,2002.0,,,,,
2022,9,2,Greg Zuerlein,new_york_jets,10.0,28.5,10.0,10.0,53,2,2,100.0,0,1,0,0,1,2022-11-06,1:00PM,MetLife Stadium,East Rutherford,NJ,40.8136,-74.0744,Outdoor,Turf,3.0,2010.0,,,,,
2022,9,3,Justin Tucker,baltimore_ravens,10.0,28.4,10.0,10.0,41,2,2,100.0,0,0,1,1,0,2022-11-07,8:15PM,Caesars Superdome,New Orleans,LA,29.9509,-90.0815,Indoor,Turf,3.0,1975.0,,,,,
2022,9,4,Greg Joseph,minnesota_vikings,8.0,27.2,8.0,8.0,28,2,2,100.0,0,2,0,0,0,2022-11-06,1:00PM,FedExField,Landover,MD,38.9078,-76.8645,Outdoor,Grass,300.0,1997.0,,,,,
2022,9,5,Daniel Carlson,las_vegas_raiders,8.0,27.0,8.0,8.0,38,2,2,100.0,0,0,2,0,0,2022-11-06,1:00PM,TIAA Bank Field,Jacksonville,FL,30.3239,-81.6373,Outdoor,Grass,16.0,1995.0,,,,,
2022,9,6,Cameron Dicker,los_angeles_chargers,8.0,27.0,8.0,8.0,37,2,2,100.0,0,0,2,0,0,2022-11-06,1:00PM,Mercedes-Benz Stadium,Atlanta,GA,33.755,-84.4008,Indoor,Turf,1050.0,2017.0,,,,,
2022,9,7,Cameron Dicker,philadelphia_eagles,8.0,27.0,8.0,8.0,37,2,2,100.0,0,0,2,0,0,2022-11-03,8:15PM,NRG Stadium,Houston,TX,29.6847,-95.4107,Indoor,Turf,50.0,2002.0,,,,,
2022,9,8,Matt Gay,los_angeles_rams,7.0,26.4,7.0,7.0,35,2,2,100.0,0,1,1,0,0,2022-11-06,4:25PM,Raymond James Stadium,Tampa,FL,27.9759,-82.5033,Outdoor,Grass,26.0,1998.0,,,,,
2022,9,9,Jason Myers,seattle_seahawks,8.0,26.3,8.0,8.0,49,1,1,100.0,0,0,0,1,0,2022-11-06,4:05PM,State Farm Stadium,Glendale,AZ,33.5275,-112.2625,Indoor,Turf,1070.0,2006.0,,,,,
2022,9,10,Wil Lutz,new_orleans_saints,7.0,26.3,7.0,7.0,37,2,2,100.0,0,0,2,0,0,2022-11-07,8:15PM,Caesars Superdome,New Orleans,LA,29.9509,-90.0815,Indoor,Turf,3.0,1975.0,,,,,
2022,9,11,Ryan Succop,tampa_bay_buccaneers,12.0,25.8,12.0,12.0,50,3,4,75.0,0,1,1,0,1,2022-11-06,4:25PM,Raymond James Stadium,Tampa,FL,27.9759,-82.5033,Outdoor,Grass,26.0,1998.0,,,,,
2022,9,12,Joey Slye,washington_commanders,6.0,24.9,6.0,6.0,44,1,1,100.0,0,0,0,1,0,2022-11-06,1:00PM,FedExField,Landover,MD,38.9078,-76.8645,Outdoor,Grass,300.0,1997.0,,,,,
2022,9,13,Cairo Santos,chicago_bears,6.0,24.9,6.0,6.0,32,1,1,100.0,0,0,1,0,0,2022-11-06,1:00PM,Soldier Field,Chicago,IL,41.8623,-87.6167,Outdoor,Grass,595.0,1924.0,,,,,
2022,9,14,Randy Bullock,tennessee_titans,6.0,24.9,6.0,6.0,44,1,1,100.0,0,0,0,1,0,2022-11-06,8:20PM,GEHA Field at Arrowhead Stadium,Kansas City,MO,39.049,-94.4839,Outdoor,Grass,1020.0,1972.0,,,,,
2022,9,15,Ka'Imi Fairbairn,houston_texans,5.0,24.2,5.0,5.0,30,1,1,100.0,0,0,1,0,0,2022-11-03,8:15PM,NRG Stadium,Houston,TX,29.6847,-95.4107,Indoor,Turf,50.0,2002.0,,,,,
2022,9,16,Mason Crosby,green_bay_packers,3.0,22.9,3.0,3.0,25,1,1,100.0,0,1,0,0,0,2022-11-06,1:00PM,Ford Field,Detroit,MI,42.34,-83.0456,Indoor,Turf,600.0,2002.0,,,,,
2022,9,17,Riley Patterson,jacksonville_jaguars,11.0,22.64,11.0,11.0,48,2,3,66.7,0,0,0,2,0,2022-11-06,1:00PM,TIAA Bank Field,Jacksonville,FL,30.3239,-81.6373,Outdoor,Grass,16.0,1995.0,,,,,
2022,9,18,Harrison Butker,kansas_city_chiefs,6.0,19.34,6.0,6.0,28,2,3,66.7,0,2,0,0,0,2022-11-06,8:20PM,GEHA Field at Arrowhead Stadium,Kansas City,MO,39.049,-94.4839,Outdoor,Grass,1020.0,1972.0,,,,,
2022,9,19,Tyler Bass,buffalo_bills,7.0,15.8,7.0,7.0,51,1,2,50.0,0,0,0,0,1,2022-11-06,1:00PM,MetLife Stadium,East Rutherford,NJ,40.8136,-74.0744,Outdoor,Turf,3.0,2010.0,,,,,
2022,9,20,Younghoe Koo,atlanta_falcons,5.0,14.5,5.0,5.0,29,1,2,50.0,0,1,0,0,0,2022-11-06,1:00PM,Mercedes-Benz Stadium,Atlanta,GA,33.755,-84.4008,Indoor,Turf,1050.0,2017.0,,,,,
2022,9,21,Chase Mclaughlin,indianapolis_colts,4.0,13.7,4.0,4.0,40,1,2,50.0,0,0,0,1,0,2022-11-06,1:00PM,Gillette Stadium,Foxborough,MA,42.0909,-71.2643,Outdoor,Turf,289.0,2002.0,,,,,
2022,9,22,Evan Mcpherson,cincinnati_bengals,6.0,4.4,6.0,6.0,0,0,1,0.0,0,0,0,0,0,2022-11-06,1:00PM,Paycor Stadium,Cincinnati,OH,39.0954,-84.516,Outdoor,Turf,482.0,2000.0,,,,,
2022,9,23,Jason Sanders,miami_dolphins,5.0,3.7,5.0,5.0,0,0,1,0.0,0,0,0,0,0,2022-11-06,1:00PM,Soldier Field,Chicago,IL,41.8623,-87.6167,Outdoor,Grass,595.0,1924.0,,,,,
2022,9,24,Jake Elliott,philadelphia_eagles,3.0,2.3,3.0,3.0,0,0,1,0.0,0,0,0,0,0,2022-11-03,8:15PM,NRG Stadium,Houston,TX,29.6847,-95.4107,Indoor,Turf,50.0,2002.0,,,,,
2022,9,25,Matt Prater,arizona_cardinals,3.0,2.1,3.0,3.0,0,0,0,0.0,0,0,0,0,0,2022-11-06,4:05PM,State Farm Stadium,Glendale,AZ,33.5275,-112.2625,Indoor,Turf,1070.0,2006.0,,,,,
2022,9,26,Eddy Pineiro,carolina_panthers,3.0,2.1,3.0,3.0,0,0,0,0.0,0,0,0,0,0,2022-11-06,1:00PM,Paycor Stadium,Cincinnati,OH,39.0954,-84.516,Outdoor,Turf,482.0,2000.0,,,,,
2022,9,27,Michael Badgley,unknown,1.0,0.7,1.0,1.0,0,0,0,0.0,0,0,0,0,0,,,,,,,,,,,,,,,,
2022,10,1,Joey Slye,washington_commanders,19.0,36.1,19.0,19.0,58,4,4,100.0,0,0,1,1,2,2022-11-14,8:15PM,Lincoln Financial Field,Philadelphia,PA,39.9008,-75.1675,Outdoor,Grass,30.0,2003.0,,,,,
2022,10,2,Eddy Pineiro,carolina_panthers,16.0,34.0,16.0,16.0,49,4,4,100.0,0,0,1,3,0,2022-11-10,8:15PM,Bank of America Stadium,Charlotte,NC,35.2258,-80.8528,Outdoor,Grass,748.0,1996.0,,,,,
2022,10,3,Tyler Bass,buffalo_bills,13.0,31.3,13.0,13.0,45,3,3,100.0,0,1,1,1,0,2022-11-13,1:00PM,Highmark Stadium,Orchard Park,NY,42.7738,-78.7868,Outdoor,Grass,600.0,1973.0,,,,,
2022,10,4,Cameron Dicker,los_angeles_chargers,12.0,30.6,12.0,12.0,47,3,3,100.0,0,1,0,2,0,2022-11-13,8:20PM,Levi's Stadium,Santa Clara,CA,37.403,-121.9692,Outdoor,Grass,13.0,2014.0,,,,,
2022,10,5,Cameron Dicker,philadelphia_eagles,12.0,30.6,12.0,12.0,47,3,3,100.0,0,1,0,2,0,2022-11-14,8:15PM,Lincoln Financial Field,Philadelphia,PA,39.9008,-75.1675,Outdoor,Grass,30.0,2003.0,,,,,
2022,10,6,Ka'Imi Fairbairn,houston_texans,11.0,29.8,11.0,11.0,46,3,3,100.0,0,0,2,1,0,2022-11-13,1:00PM,MetLife Stadium,East Rutherford,NJ,40.8136,-74.0744,Outdoor,Turf,3.0,2010.0,,,,,
2022,10,7,Robbie Gould,san_francisco_49ers,10.0,29.4,10.0,10.0,26,3,3,100.0,0,3,0,0,0,2022-11-13,8:20PM,Levi's Stadium,Santa Clara,CA,37.403,-121.9692,Outdoor,Grass,13.0,2014.0,,,,,
2022,10,8,Tristan Vizcaino,arizona_cardinals,10.0,28.4,10.0,10.0,46,2,2,100.0,0,0,1,1,0,2022-11-13,4:25PM,SoFi Stadium,Inglewood,CA,33.9535,-118.3392,Outdoor,Turf,100.0,2020.0,,,,,
2022,10,9,Tristan Vizcaino,dallas_cowboys,10.0,28.4,10.0,10.0,46,2,2,100.0,0,0,1,1,0,2022-11-13,4:25PM,Lambeau Field,Green Bay,WI,44.5013,-88.0622,Outdoor,Grass,640.0,1957.0,,,,,
2022,10,10,Tristan Vizcaino,new_england_patriots,10.0,28.4,10.0,10.0,46,2,2,100.0,0,0,1,1,0,,,,,,,,,,,,,,,,
2022,10,11,Greg Joseph,minnesota_vikings,9.0,27.8,9.0,9.0,33,2,2,100.0,0,1,1,0,0,2022-11-13,1:00PM,Highmark Stadium,Orchard Park,NY,42.7738,-78.7868,Outdoor,Grass,600.0,1973.0,,,,,
2022,10,12,Jason Sanders,miami_dolphins,9.0,27.7,9.0,9.0,39,2,2,100.0,0,0,2,0,0,2022-11-13,1:00PM,Hard Rock Stadium,Miami Gardens,FL,25.958,-80.238,Outdoor,Grass,7.0,1987.0,,,,,
2022,10,13,Michael Badgley,unknown,7.0,25.7,7.0,7.0,25,1,1,100.0,0,1,0,0,0,,,,,,,,,,,,,,,,
2022,10,14,Graham Gano,new_york_giants,7.0,25.6,7.0,7.0,49,1,1,100.0,0,0,0,1,0,2022-11-13,1:00PM,MetLife Stadium,East Rutherford,NJ,40.8136,-74.0744,Outdoor,Turf,3.0,2010.0,,,,,
2022,10,15,Cairo Santos,chicago_bears,6.0,24.9,6.0,6.0,33,1,1,100.0,0,0,1,0,0,2022-11-13,1:00PM,Soldier Field,Chicago,IL,41.8623,-87.6167,Outdoor,Grass,595.0,1924.0,,,,,
2022,10,16,Jason Myers,seattle_seahawks,6.0,24.9,6.0,6.0,55,1,1,100.0,0,0,0,0,1,2022-11-13,9:30AM,Raymond James Stadium,Tampa,FL,27.9759,-82.5033,Outdoor,Grass,26.0,1998.0,,,,,
2022,10,17,Matt Gay,los_angeles_rams,5.0,24.2,5.0,5.0,36,1,1,100.0,0,0,1,0,0,2022-11-13,4:25PM,SoFi Stadium,Inglewood,CA,33.9535,-118.3392,Outdoor,Turf,100.0,2020.0,,,,,
2022,10,18,Wil Lutz,new_orleans_saints,5.0,24.2,5.0,5.0,44,1,1,100.0,0,0,0,1,0,2022-11-13,1:00PM,Acrisure Stadium,Pittsburgh,PA,40.4468,-80.0158,Outdoor,Grass,730.0,2001.0,,,,,
2022,10,19,Randy Bullock,tennessee_titans,5.0,24.2,5.0,5.0,35,1,1,100.0,0,0,1,0,0,2022-11-13,1:00PM,Nissan Stadium,Nashville,TN,36.1665,-86.7713,Outdoor,Grass,476.0,1999.0,,,,,
2022,10,20,Cade York,cleveland_browns,5.0,24.2,5.0,5.0,37,1,1,100.0,0,0,1,0,0,2022-11-13,1:00PM,Hard Rock Stadium,Miami Gardens,FL,25.958,-80.238,Outdoor,Grass,7.0,1987.0,,,,,
2022,10,21,Brandon Mcmanus,denver_broncos,4.0,23.5,4.0,4.0,39,1,1,100.0,0,0,1,0,0,2022-11-13,1:00PM,Nissan Stadium,Nashville,TN,36.1665,-86.7713,Outdoor,Grass,476.0,1999.0,,,,,
2022,10,22,Younghoe Koo,atlanta_falcons,3.0,22.8,3.0,3.0,33,1,1,100.0,0,0,1,0,0,2022-11-10,8:15PM,Bank of America Stadium,Charlotte,NC,35.2258,-80.8528,Outdoor,Grass,748.0,1996.0,,,,,
2022,10,23,Chase Mclaughlin,indianapolis_colts,9.0,21.24,9.0,9.0,48,2,3,66.7,0,0,0,2,0,2022-11-13,4:05PM,Allegiant Stadium,Las Vegas,NV,36.0908,-115.183,Indoor,Turf,2001.0,2020.0,,,,,
2022,10,24,Matthew Wright,kansas_city_chiefs,8.0,17.4,8.0,8.0,33,2,4,50.0,0,0,2,0,0,2022-11-13,1:00PM,GEHA Field at Arrowhead Stadium,Kansas City,MO,39.049,-94.4839,Outdoor,Grass,1020.0,1972.0,,,,,
2022,10,25,Matthew Wright,pittsburgh_steelers,8.0,17.4,8.0,8.0,33,2,4,50.0,0,0,2,0,0,2022-11-13,1:00PM,Acrisure Stadium,Pittsburgh,PA,40.4468,-80.0158,Outdoor,Grass,730.0,2001.0,,,,,
2022,10,26,Mason Crosby,green_bay_packers,7.0,15.9,7.0,7.0,28,1,2,50.0,0,1,0,0,0,2022-11-13,4:25PM,Lambeau Field,Green Bay,WI,44.5013,-88.0622,Outdoor,Grass,640.0,1957.0,,,,,
2022,10,27,Riley Patterson,jacksonville_jaguars,5.0,11.26,5.0,5.0,35,1,3,33.3,0,0,1,0,0,2022-11-13,1:00PM,GEHA Field at Arrowhead Stadium,Kansas City,MO,39.049,-94.4839,Outdoor,Grass,1020.0,1972.0,,,,,
2022,10,28,Brett Maher,dallas_cowboys,4.0,2.8,4.0,4.0,0,0,0,0.0,0,0,0,0,0,2022-11-13,4:25PM,Lambeau Field,Green Bay,WI,44.5013,-88.0622,Outdoor,Grass,640.0,1957.0,,,,,
2022,10,29,Ryan Succop,tampa_bay_buccaneers,3.0,2.3,3.0,3.0,0,0,1,0.0,0,0,0,0,0,2022-11-13,9:30AM,Raymond James Stadium,Tampa,FL,27.9759,-82.5033,Outdoor,Grass,26.0,1998.0,,,,,
2022,10,30,Harrison Butker,kansas_city_chiefs,3.0,2.1,3.0,3.0,0,0,0,0.0,0,0,0,0,0,2022-11-13,1:00PM,GEHA Field at Arrowhead Stadium,Kansas City,MO,39.049,-94.4839,Outdoor,Grass,1020.0,1972.0,,,,,
2022,10,31,Jake Elliott,philadelphia_eagles,3.0,2.1,3.0,3.0,0,0,0,0.0,0,0,0,0,0,2022-11-14,8:15PM,Lincoln Financial Field,Philadelphia,PA,39.9008,-75.1675,Outdoor,Grass,30.0,2003.0,,,,,
2022,10,32,Daniel Carlson,las_vegas_raiders,2.0,1.4,2.0,2.0,0,0,0,0.0,0,0,0,0,0,2022-11-13,4:05PM,Allegiant Stadium,Las Vegas,NV,36.0908,-115.183,Indoor,Turf,2001.0,2020.0,,,,,
2022,10,33,Ramiz Ahmed,green_bay_packers,0.0,0.0,0.0,0.0,0,0,0,0.0,0,0,0,0,0,2022-11-13,4:25PM,Lambeau Field,Green Bay,WI,44.5013,-88.0622,Outdoor,Grass,640.0,1957.0,,,,,
2022,10,34,Taylor Bertolet,carolina_panthers,0.0,0.0,0.0,0.0,0,0,0,0.0,0,0,0,0,0,2022-11-10,8:15PM,Bank of America Stadium,Charlotte,NC,35.2258,-80.8528,Outdoor,Grass,748.0,1996.0,,,,,
2022,10,35,Taylor Bertolet,los_angeles_chargers,0.0,0.0,0.0,0.0,0,0,0,0.0,0,0,0,0,0,2022-11-13,8:20PM,Levi's Stadium,Santa Clara,CA,37.403,-121.9692,Outdoor,Grass,13.0,2014.0,,,,,
2022,11,1,Tyler Bass,buffalo_bills,23.0,40.4,23.0,23.0,56,6,6,100.0,0,1,2,2,1,2022-11-20,1:00PM,Highmark Stadium,Orchard Park,NY,42.7738,-78.7868,Outdoor,Grass,600.0,1973.0,,,,,
2022,11,2,Brett Maher,dallas_cowboys,22.0,38.3,22.0,22.0,60,4,4,100.0,0,1,0,0,3,2022-11-20,4:25PM,U.S. Bank Stadium,Minneapolis,MN,44.974,-93.2581,Indoor,Turf,840.0,2016.0,,,,,
2022,11,3,Evan Mcpherson,cincinnati_bengals,17.0,34.0,17.0,17.0,54,3,3,100.0,0,0,0,2,1,2022-11-20,4:25PM,Acrisure Stadium,Pittsburgh,PA,40.4468,-80.0158,Outdoor,Grass,730.0,2001.0,,,,,
2022,11,4,Harrison Butker,kansas_city_chiefs,14.0,31.9,14.0,14.0,52,3,3,100.0,0,0,2,0,1,2022-11-20,8:20PM,SoFi Stadium,Inglewood,CA,33.9535,-118.3392,Outdoor,Turf,100.0,2020.0,,,,,
2022,11,5,Matthew Wright,kansas_city_chiefs,13.0,31.2,13.0,13.0,42,3,3,100.0,0,0,2,1,0,2022-11-20,8:20PM,SoFi Stadium,Inglewood,CA,33.9535,-118.3392,Outdoor,Turf,100.0,2020.0,,,,,
2022,11,6,Matthew Wright,pittsburgh_steelers,13.0,31.2,13.0,13.0,42,3,3,100.0,0,0,2,1,0,2022-11-20,4:25PM,Acrisure Stadium,Pittsburgh,PA,40.4468,-80.0158,Outdoor,Grass,730.0,2001.0,,,,,
2022,11,7,Joey Slye,washington_commanders,12.0,30.7,12.0,12.0,44,3,3,100.0,0,2,0,1,0,2022-11-20,1:00PM,NRG Stadium,Houston,TX,29.6847,-95.4107,Indoor,Turf,50.0,2002.0,,,,,
2022,11,8,Younghoe Koo,atlanta_falcons,12.0,29.8,12.0,12.0,53,2,2,100.0,0,0,0,1,1,2022-11-20,1:00PM,Mercedes-Benz Stadium,Atlanta,GA,33.755,-84.4008,Indoor,Turf,1050.0,2017.0,,,,,
2022,11,9,Wil Lutz,new_orleans_saints,10.0,28.5,10.0,10.0,46,2,2,100.0,0,1,0,1,0,2022-11-20,1:00PM,Caesars Superdome,New Orleans,LA,29.9509,-90.0815,Indoor,Turf,3.0,1975.0,,,,,
2022,11,10,Cameron Dicker,los_angeles_chargers,10.0,28.5,10.0,10.0,46,2,2,100.0,0,1,0,1,0,2022-11-20,8:20PM,SoFi Stadium,Inglewood,CA,33.9535,-118.3392,Outdoor,Turf,100.0,2020.0,,,,,
2022,11,11,Cameron Dicker,philadelphia_eagles,10.0,28.5,10.0,10.0,46,2,2,100.0,0,1,0,1,0,2022-11-20,1:00PM,Lucas Oil Stadium,Indianapolis,IN,39.7601,-86.1639,Indoor,Turf,700.0,2008.0,,,,,
2022,11,12,Matt Gay,los_angeles_rams,10.0,28.4,10.0,10.0,58,2,2,100.0,0,0,1,0,1,2022-11-20,1:00PM,Caesars Superdome,New Orleans,LA,29.9509,-90.0815,Indoor,Turf,3.0,1975.0,,,,,
2022,11,13,Daniel Carlson,las_vegas_raiders,14.0,27.2,14.0,14.0,57,3,4,75.0,0,1,0,0,2,2022-11-20,4:05PM,Empower Field at Mile High,Denver,CO,39.7439,-105.0201,Outdoor,Turf,5280.0,2001.0,,,,,
2022,11,14,Brandon Mcmanus,denver_broncos,14.0,27.1,14.0,14.0,52,3,4,75.0,0,0,0,2,1,2022-11-20,4:05PM,Empower Field at Mile High,Denver,CO,39.7439,-105.0201,Outdoor,Turf,5280.0,2001.0,,,,,
2022,11,15,Robbie Gould,san_francisco_49ers,8.0,26.3,8.0,8.0,39,1,1,100.0,0,0,1,0,0,2022-11-21,8:15PM,State Farm Stadium,Glendale,AZ,33.5275,-112.2625,Indoor,Turf,1070.0,2006.0,,,,,
2022,11,16,Justin Tucker,baltimore_ravens,7.0,26.3,7.0,7.0,37,2,2,100.0,0,0,2,0,0,2022-11-20,1:00PM,M&T Bank Stadium,Baltimore,MD,39.2779,-76.6227,Outdoor,Grass,10.0,1998.0,,,,,
2022,11,17,Chase Mclaughlin,indianapolis_colts,12.0,25.7,12.0,12.0,51,3,4,75.0,0,0,2,0,1,2022-11-20,1:00PM,Lucas Oil Stadium,Indianapolis,IN,39.7601,-86.1639,Indoor,Turf,700.0,2008.0,,,,,
2022,11,18,Michael Badgley,unknown,7.0,25.7,7.0,7.0,24,1,1,100.0,0,1,0,0,0,,,,,,,,,,,,,,,,
2022,11,19,Jake Elliott,philadelphia_eagles,5.0,24.3,5.0,5.0,22,1,1,100.0,0,1,0,0,0,2022-11-20,1:00PM,Lucas Oil Stadium,Indianapolis,IN,39.7601,-86.1639,Indoor,Turf,700.0,2008.0,,,,,
2022,11,20,Matt Prater,arizona_cardinals,5.0,24.2,5.0,5.0,40,1,1,100.0,0,0,0,1,0,2022-11-21,8:15PM,State Farm Stadium,Glendale,AZ,33.5275,-112.2625,Indoor,Turf,1070.0,2006.0,,,,,
2022,11,21,Ka'Imi Fairbairn,houston_texans,4.0,23.6,4.0,4.0,29,1,1,100.0,0,1,0,0,0,2022-11-20,1:00PM,NRG Stadium,Houston,TX,29.6847,-95.4107,Indoor,Turf,50.0,2002.0,,,,,
2022,11,22,Greg Zuerlein,new_york_jets,4.0,23.5,4.0,4.0,45,1,1,100.0,0,0,0,1,0,2022-11-20,1:00PM,Gillette Stadium,Foxborough,MA,42.0909,-71.2643,Outdoor,Turf,289.0,2002.0,,,,,
2022,11,23,Greg Joseph,minnesota_vikings,3.0,22.9,3.0,3.0,25,1,1,100.0,0,1,0,0,0,2022-11-20,4:25PM,U.S. Bank Stadium,Minneapolis,MN,44.974,-93.2581,Indoor,Turf,840.0,2016.0,,,,,
2022,11,24,Eddy Pineiro,carolina_panthers,3.0,22.8,3.0,3.0,32,1,1,100.0,0,0,1,0,0,2022-11-20,1:00PM,M&T Bank Stadium,Baltimore,MD,39.2779,-76.6227,Outdoor,Grass,10.0,1998.0,,,,,
2022,11,25,Mason Crosby,green_bay_packers,3.0,22.8,3.0,3.0,39,1,1,100.0,0,0,1,0,0,2022-11-17,8:15PM,Lambeau Field,Green Bay,WI,44.5013,-88.0622,Outdoor,Grass,640.0,1957.0,,,,,
2022,11,26,Cairo Santos,chicago_bears,7.0,15.8,7.0,7.0,41,1,2,50.0,0,0,0,1,0,2022-11-20,1:00PM,Mercedes-Benz Stadium,Atlanta,GA,33.755,-84.4008,Indoor,Turf,1050.0,2017.0,,,,,
2022,11,27,Cade York,cleveland_browns,5.0,14.4,5.0,5.0,32,1,2,50.0,0,0,1,0,0,2022-11-20,1:00PM,Highmark Stadium,Orchard Park,NY,42.7738,-78.7868,Outdoor,Grass,600.0,1973.0,,,,,
2022,11,28,Nick Folk,new_england_patriots,4.0,10.66,4.0,4.0,24,1,3,33.3,0,1,0,0,0,2022-11-20,1:00PM,Gillette Stadium,Foxborough,MA,42.0909,-71.2643,Outdoor,Turf,289.0,2002.0,,,,,
2022,11,29,Josh Lambo,tennessee_titans,3.0,2.1,3.0,3.0,0,0,0,0.0,0,0,0,0,0,2022-11-17,8:15PM,Lambeau Field,Green Bay,WI,44.5013,-88.0622,Outdoor,Grass,640.0,1957.0,,,,,
2022,11,30,Quinn Nordin,new_england_patriots,0.0,0.0,0.0,0.0,0,0,0,0.0,0,0,0,0,0,2022-11-20,1:00PM,Gillette Stadium,Foxborough,MA,42.0909,-71.2643,Outdoor,Turf,289.0,2002.0,,,,,
2022,11,31,Graham Gano,new_york_giants,0.0,0.0,0.0,0.0,0,0,0,0.0,0,0,0,0,0,2022-11-20,1:00PM,MetLife Stadium,East Rutherford,NJ,40.8136,-74.0744,Outdoor,Turf,3.0,2010.0,,,,,
2022,12,1,Nick Folk,new_england_patriots,15.0,33.5,15.0,15.0,46,4,4,100.0,0,2,1,1,0,2022-11-24,8:20PM,U.S. Bank Stadium,Minneapolis,MN,44.974,-93.2581,Indoor,Turf,840.0,2016.0,,,,,
2022,12,2,Harrison Butker,kansas_city_chiefs,14.0,32.9,14.0,14.0,32,4,4,100.0,0,3,1,0,0,2022-11-27,4:25PM,GEHA Field at Arrowhead Stadium,Kansas City,MO,39.049,-94.4839,Outdoor,Grass,1020.0,1972.0,,,,,
2022,12,3,Jason Sanders,miami_dolphins,13.0,31.3,13.0,13.0,45,3,3,100.0,0,1,1,1,0,2022-11-27,1:00PM,Hard Rock Stadium,Miami Gardens,FL,25.958,-80.238,Outdoor,Grass,7.0,1987.0,,,,,
2022,12,4,Matthew Wright,kansas_city_chiefs,13.0,31.3,13.0,13.0,52,3,3,100.0,0,1,0,1,1,2022-11-27,4:25PM,GEHA Field at Arrowhead Stadium,Kansas City,MO,39.049,-94.4839,Outdoor,Grass,1020.0,1972.0,,,,,
2022,12,5,Matthew Wright,pittsburgh_steelers,13.0,31.3,13.0,13.0,52,3,3,100.0,0,1,0,1,1,2022-11-28,8:15PM,Lucas Oil Stadium,Indianapolis,IN,39.7601,-86.1639,Indoor,Turf,700.0,2008.0,,,,,
2022,12,6,Eddy Pineiro,carolina_panthers,12.0,30.6,12.0,12.0,42,3,3,100.0,0,1,1,1,0,2022-11-27,1:00PM,Bank of America Stadium,Charlotte,NC,35.2258,-80.8528,Outdoor,Grass,748.0,1996.0,,,,,
2022,12,7,Justin Tucker,baltimore_ravens,15.0,29.8,15.0,15.0,55,4,5,80.0,0,3,0,0,1,2022-11-27,1:00PM,TIAA Bank Field,Jacksonville,FL,30.3239,-81.6373,Outdoor,Grass,16.0,1995.0,,,,,
2022,12,8,Jake Elliott,philadelphia_eagles,12.0,29.8,12.0,12.0,54,2,2,100.0,0,0,1,0,1,2022-11-27,8:20PM,Lincoln Financial Field,Philadelphia,PA,39.9008,-75.1675,Outdoor,Grass,30.0,2003.0,,,,,
2022,12,9,Graham Gano,new_york_giants,11.0,29.1,11.0,11.0,57,2,2,100.0,0,0,0,1,1,2022-11-24,4:30PM,AT&T Stadium,Arlington,TX,32.7473,-97.0945,Indoor,Turf,639.0,2009.0,,,,,
2022,12,10,Jason Myers,seattle_seahawks,10.0,28.5,10.0,10.0,34,2,2,100.0,0,1,1,0,0,2022-11-27,4:05PM,Lumen Field,Seattle,WA,47.5952,-122.3316,Outdoor,Turf,20.0,2002.0,,,,,
2022,12,11,Tyler Bass,buffalo_bills,10.0,28.4,10.0,10.0,47,2,2,100.0,0,0,0,2,0,2022-11-24,12:30PM,Ford Field,Detroit,MI,42.34,-83.0456,Indoor,Turf,600.0,2002.0,,,,,
2022,12,12,Mason Crosby,green_bay_packers,9.0,27.8,9.0,9.0,33,2,2,100.0,0,1,1,0,0,2022-11-27,8:20PM,Lincoln Financial Field,Philadelphia,PA,39.9008,-75.1675,Outdoor,Grass,30.0,2003.0,,,,,
2022,12,13,Evan Mcpherson,cincinnati_bengals,9.0,27.7,9.0,9.0,47,2,2,100.0,0,0,1,1,0,2022-11-27,1:00PM,Nissan Stadium,Nashville,TN,36.1665,-86.7713,Outdoor,Grass,476.0,1999.0,,,,,
2022,12,14,Greg Joseph,minnesota_vikings,9.0,27.7,9.0,9.0,36,2,2,100.0,0,0,2,0,0,2022-11-24,8:20PM,U.S. Bank Stadium,Minneapolis,MN,44.974,-93.2581,Indoor,Turf,840.0,2016.0,,,,,
2022,12,15,Riley Patterson,jacksonville_jaguars,8.0,27.2,8.0,8.0,29,2,2,100.0,0,2,0,0,0,2022-11-27,1:00PM,TIAA Bank Field,Jacksonville,FL,30.3239,-81.6373,Outdoor,Grass,16.0,1995.0,,,,,
2022,12,16,Robbie Gould,san_francisco_49ers,8.0,27.1,8.0,8.0,46,2,2,100.0,0,1,0,1,0,2022-11-27,4:25PM,Levi's Stadium,Santa Clara,CA,37.403,-121.9692,Outdoor,Grass,13.0,2014.0,,,,,
2022,12,17,Joey Slye,washington_commanders,8.0,27.0,8.0,8.0,45,2,2,100.0,0,0,1,1,0,2022-11-27,1:00PM,FedExField,Landover,MD,38.9078,-76.8645,Outdoor,Grass,300.0,1997.0,,,,,
2022,12,18,Ryan Succop,tampa_bay_buccaneers,6.0,24.9,6.0,6.0,42,1,1,100.0,0,0,0,1,0,2022-11-27,1:00PM,FirstEnergy Stadium,Cleveland,OH,41.5061,-81.6995,Outdoor,Grass,577.0,1999.0,,,,,
2022,12,19,Caleb Shudak,tennessee_titans,10.0,24.4,10.0,10.0,38,3,4,75.0,0,1,2,0,0,2022-11-27,1:00PM,Nissan Stadium,Nashville,TN,36.1665,-86.7713,Outdoor,Grass,476.0,1999.0,,,,,
2022,12,20,Cameron Dicker,los_angeles_chargers,5.0,24.3,5.0,5.0,26,1,1,100.0,0,1,0,0,0,2022-11-27,4:05PM,State Farm Stadium,Glendale,AZ,33.5275,-112.2625,Indoor,Turf,1070.0,2006.0,,,,,
2022,12,21,Cameron Dicker,philadelphia_eagles,5.0,24.3,5.0,5.0,26,1,1,100.0,0,1,0,0,0,2022-11-27,8:20PM,Lincoln Financial Field,Philadelphia,PA,39.9008,-75.1675,Outdoor,Grass,30.0,2003.0,,,,,
2022,12,22,Matt Gay,los_angeles_rams,5.0,24.2,5.0,5.0,47,1,1,100.0,0,0,0,1,0,2022-11-27,4:25PM,GEHA Field at Arrowhead Stadium,Kansas City,MO,39.049,-94.4839,Outdoor,Grass,1020.0,1972.0,,,,,
2022,12,23,Cairo Santos,chicago_bears,4.0,23.6,4.0,4.0,22,1,1,100.0,0,1,0,0,0,2022-11-27,1:00PM,MetLife Stadium,East Rutherford,NJ,40.8136,-74.0744,Outdoor,Turf,3.0,2010.0,,,,,
2022,12,24,Ka'Imi Fairbairn,houston_texans,3.0,22.9,3.0,3.0,28,1,1,100.0,0,1,0,0,0,2022-11-27,1:00PM,Hard Rock Stadium,Miami Gardens,FL,25.958,-80.238,Outdoor,Grass,7.0,1987.0,,,,,
2022,12,25,Daniel Carlson,las_vegas_raiders,10.0,22.04,10.0,10.0,36,2,3,66.7,0,1,1,0,0,2022-11-27,4:05PM,Lumen Field,Seattle,WA,47.5952,-122.3316,Outdoor,Turf,20.0,2002.0,,,,,
2022,12,26,Younghoe Koo,atlanta_falcons,9.0,21.24,9.0,9.0,48,2,3,66.7,0,0,0,2,0,2022-11-27,1:00PM,FedExField,Landover,MD,38.9078,-76.8645,Outdoor,Grass,300.0,1997.0,,,,,
2022,12,27,Greg Zuerlein,new_york_jets,9.0,17.2,9.0,9.0,57,1,2,50.0,0,0,0,0,1,2022-11-27,1:00PM,MetLife Stadium,East Rutherford,NJ,40.8136,-74.0744,Outdoor,Turf,3.0,2010.0,,,,,
2022,12,28,Cade York,cleveland_browns,7.0,15.8,7.0,7.0,51,1,2,50.0,0,0,0,0,1,2022-11-27,1:00PM,FirstEnergy Stadium,Cleveland,OH,41.5061,-81.6995,Outdoor,Grass,577.0,1999.0,,,,,
2022,12,29,Matt Prater,arizona_cardinals,7.0,15.8,7.0,7.0,43,1,2,50.0,0,0,0,1,0,2022-11-27,4:05PM,State Farm Stadium,Glendale,AZ,33.5275,-112.2625,Indoor,Turf,1070.0,2006.0,,,,,
2022,12,30,Michael Badgley,unknown,7.0,15.8,7.0,7.0,51,1,2,50.0,0,0,0,0,1,,,,,,,,,,,,,,,,
2022,12,31,Chase Mclaughlin,indianapolis_colts,7.0,15.8,7.0,7.0,51,1,2,50.0,0,0,0,0,1,2022-11-28,8:15PM,Lucas Oil Stadium,Indianapolis,IN,39.7601,-86.1639,Indoor,Turf,700.0,2008.0,,,,,
2022,12,32,Brandon Mcmanus,denver_broncos,4.0,13.8,4.0,4.0,27,1,2,50.0,0,1,0,0,0,2022-11-27,1:00PM,Bank of America Stadium,Charlotte,NC,35.2258,-80.8528,Outdoor,Grass,748.0,1996.0,,,,,
2022,12,33,Brett Maher,dallas_cowboys,4.0,3.0,4.0,4.0,0,0,1,0.0,0,0,0,0,0,2022-11-24,4:30PM,AT&T Stadium,Arlington,TX,32.7473,-97.0945,Indoor,Turf,639.0,2009.0,,,,,
2022,12,34,Wil Lutz,new_orleans_saints,0.0,0.2,0.0,0.0,0,0,1,0.0,0,0,0,0,0,2022-11-27,4:25PM,Levi's Stadium,Santa Clara,CA,37.403,-121.9692,Outdoor,Grass,13.0,2014.0,,,,,
2022,12,35,Randy Bullock,tennessee_titans,0.0,0.0,0.0,0.0,0,0,0,0.0,0,0,0,0,0,2022-11-27,1:00PM,Nissan Stadium,Nashville,TN,36.1665,-86.7713,Outdoor,Grass,476.0,1999.0,,,,,
2022,13,1,Greg Zuerlein,new_york_jets,19.0,36.9,19.0,19.0,60,5,5,100.0,0,1,2,1,1,2022-12-04,1:00PM,U.S. Bank Stadium,Minneapolis,MN,44.974,-93.2581,Indoor,Turf,840.0,2016.0,,,,,
2022,13,2,Michael Badgley,unknown,19.0,36.1,19.0,19.0,47,4,4,100.0,0,0,1,3,0,,,,,,,,,,,,,,,,
2022,13,3,Robbie Gould,san_francisco_49ers,18.0,35.4,18.0,18.0,48,4,4,100.0,0,0,1,3,0,2022-12-04,4:05PM,Levi's Stadium,Santa Clara,CA,37.403,-121.9692,Outdoor,Grass,13.0,2014.0,,,,,
2022,13,4,Matthew Wright,kansas_city_chiefs,16.0,34.0,16.0,16.0,48,4,4,100.0,0,0,1,3,0,2022-12-04,4:25PM,Paycor Stadium,Cincinnati,OH,39.0954,-84.516,Outdoor,Turf,482.0,2000.0,,,,,
2022,13,5,Matthew Wright,pittsburgh_steelers,16.0,34.0,16.0,16.0,48,4,4,100.0,0,0,1,3,0,2022-12-04,1:00PM,Mercedes-Benz Stadium,Atlanta,GA,33.755,-84.4008,Indoor,Turf,1050.0,2017.0,,,,,
2022,13,6,Younghoe Koo,atlanta_falcons,14.0,32.0,14.0,14.0,51,3,3,100.0,0,1,0,0,2,2022-12-04,1:00PM,Mercedes-Benz Stadium,Atlanta,GA,33.755,-84.4008,Indoor,Turf,1050.0,2017.0,,,,,
2022,13,7,Matt Gay,los_angeles_rams,14.0,31.9,14.0,14.0,54,3,3,100.0,0,0,1,1,1,2022-12-04,4:05PM,SoFi Stadium,Inglewood,CA,33.9535,-118.3392,Outdoor,Turf,100.0,2020.0,,,,,
2022,13,8,Greg Joseph,minnesota_vikings,12.0,29.8,12.0,12.0,51,2,2,100.0,0,0,0,1,1,2022-12-04,1:00PM,U.S. Bank Stadium,Minneapolis,MN,44.974,-93.2581,Indoor,Turf,840.0,2016.0,,,,,
2022,13,9,Wil Lutz,new_orleans_saints,10.0,29.3,10.0,10.0,38,3,3,100.0,0,2,1,0,0,2022-12-05,8:15PM,Raymond James Stadium,Tampa,FL,27.9759,-82.5033,Outdoor,Grass,26.0,1998.0,,,,,
2022,13,10,Cade York,cleveland_browns,11.0,29.1,11.0,11.0,43,2,2,100.0,0,0,0,2,0,2022-12-04,1:00PM,NRG Stadium,Houston,TX,29.6847,-95.4107,Indoor,Turf,50.0,2002.0,,,,,
2022,13,11,Jason Myers,seattle_seahawks,10.0,28.5,10.0,10.0,41,2,2,100.0,0,1,0,1,0,2022-12-04,4:05PM,SoFi Stadium,Inglewood,CA,33.9535,-118.3392,Outdoor,Turf,100.0,2020.0,,,,,
2022,13,12,Evan Mcpherson,cincinnati_bengals,10.0,28.4,10.0,10.0,41,2,2,100.0,0,0,1,1,0,2022-12-04,4:25PM,Paycor Stadium,Cincinnati,OH,39.0954,-84.516,Outdoor,Turf,482.0,2000.0,,,,,
2022,13,13,Chase Mclaughlin,indianapolis_colts,9.0,27.7,9.0,9.0,52,2,2,100.0,0,0,1,0,1,2022-12-04,8:20PM,AT&T Stadium,Arlington,TX,32.7473,-97.0945,Indoor,Turf,639.0,2009.0,,,,,
2022,13,14,Brandon Mcmanus,denver_broncos,14.0,27.1,14.0,14.0,52,3,4,75.0,0,0,0,1,2,2022-12-04,1:00PM,M&T Bank Stadium,Baltimore,MD,39.2779,-76.6227,Outdoor,Grass,10.0,1998.0,,,,,
2022,13,15,Mason Crosby,green_bay_packers,8.0,27.1,8.0,8.0,32,2,2,100.0,0,1,1,0,0,2022-12-04,1:00PM,Soldier Field,Chicago,IL,41.8623,-87.6167,Outdoor,Grass,595.0,1924.0,,,,,
2022,13,16,Riley Patterson,jacksonville_jaguars,7.0,26.3,7.0,7.0,42,2,2,100.0,0,0,1,1,0,2022-12-04,1:00PM,Ford Field,Detroit,MI,42.34,-83.0456,Indoor,Turf,600.0,2002.0,,,,,
2022,13,17,Ka'Imi Fairbairn,houston_texans,7.0,26.3,7.0,7.0,44,2,2,100.0,0,0,1,1,0,2022-12-04,1:00PM,NRG Stadium,Houston,TX,29.6847,-95.4107,Indoor,Turf,50.0,2002.0,,,,,
2022,13,18,Tyler Bass,buffalo_bills,7.0,25.6,7.0,7.0,48,1,1,100.0,0,0,0,1,0,2022-12-01,8:15PM,Gillette Stadium,Foxborough,MA,42.0909,-71.2643,Outdoor,Turf,289.0,2002.0,,,,,
2022,13,19,Jason Sanders,miami_dolphins,6.0,24.9,6.0,6.0,43,1,1,100.0,0,0,0,1,0,2022-12-04,4:05PM,Levi's Stadium,Santa Clara,CA,37.403,-121.9692,Outdoor,Grass,13.0,2014.0,,,,,
2022,13,20,Ryan Succop,tampa_bay_buccaneers,5.0,24.3,5.0,5.0,21,1,1,100.0,0,1,0,0,0,2022-12-05,8:15PM,Raymond James Stadium,Tampa,FL,27.9759,-82.5033,Outdoor,Grass,26.0,1998.0,,,,,
2022,13,21,Justin Tucker,baltimore_ravens,4.0,23.6,4.0,4.0,26,1,1,100.0,0,1,0,0,0,2022-12-04,1:00PM,M&T Bank Stadium,Baltimore,MD,39.2779,-76.6227,Outdoor,Grass,10.0,1998.0,,,,,
2022,13,22,Randy Bullock,tennessee_titans,4.0,23.5,4.0,4.0,36,1,1,100.0,0,0,1,0,0,2022-12-04,1:00PM,Lincoln Financial Field,Philadelphia,PA,39.9008,-75.1675,Outdoor,Grass,30.0,2003.0,,,,,
2022,13,23,Daniel Carlson,las_vegas_raiders,11.0,22.74,11.0,11.0,55,2,3,66.7,0,1,0,0,1,2022-12-04,4:25PM,Allegiant Stadium,Las Vegas,NV,36.0908,-115.183,Indoor,Turf,2001.0,2020.0,,,,,
2022,13,24,Graham Gano,new_york_giants,9.0,21.34,9.0,9.0,48,2,3,66.7,0,1,0,1,0,2022-12-04,1:00PM,MetLife Stadium,East Rutherford,NJ,40.8136,-74.0744,Outdoor,Turf,3.0,2010.0,,,,,
2022,13,25,Joey Slye,washington_commanders,9.0,21.34,9.0,9.0,42,2,3,66.7,0,1,0,1,0,2022-12-04,1:00PM,MetLife Stadium,East Rutherford,NJ,40.8136,-74.0744,Outdoor,Turf,3.0,2010.0,,,,,
2022,13,26,Cairo Santos,chicago_bears,8.0,20.64,8.0,8.0,40,2,3,66.7,0,1,0,1,0,2022-12-04,1:00PM,Soldier Field,Chicago,IL,41.8623,-87.6167,Outdoor,Grass,595.0,1924.0,,,,,
2022,13,27,Cameron Dicker,los_angeles_chargers,8.0,20.54,8.0,8.0,37,2,3,66.7,0,0,2,0,0,2022-12-04,4:25PM,Allegiant Stadium,Las Vegas,NV,36.0908,-115.183,Indoor,Turf,2001.0,2020.0,,,,,
2022,13,28,Cameron Dicker,philadelphia_eagles,8.0,20.54,8.0,8.0,37,2,3,66.7,0,0,2,0,0,2022-12-04,1:00PM,Lincoln Financial Field,Philadelphia,PA,39.9008,-75.1675,Outdoor,Grass,30.0,2003.0,,,,,
2022,13,29,Harrison Butker,kansas_city_chiefs,6.0,15.2,6.0,6.0,26,1,2,50.0,0,1,0,0,0,2022-12-04,4:25PM,Paycor Stadium,Cincinnati,OH,39.0954,-84.516,Outdoor,Turf,482.0,2000.0,,,,,
2022,13,30,Nick Folk,new_england_patriots,4.0,13.7,4.0,4.0,39,1,2,50.0,0,0,1,0,0,2022-12-01,8:15PM,Gillette Stadium,Foxborough,MA,42.0909,-71.2643,Outdoor,Turf,289.0,2002.0,,,,,
2022,13,31,Brett Maher,dallas_cowboys,6.0,4.2,6.0,6.0,0,0,0,0.0,0,0,0,0,0,2022-12-04,8:20PM,AT&T Stadium,Arlington,TX,32.7473,-97.0945,Indoor,Turf,639.0,2009.0,,,,,
2022,13,32,Jake Elliott,philadelphia_eagles,5.0,3.5,5.0,5.0,0,0,0,0.0,0,0,0,0,0,2022-12-04,1:00PM,Lincoln Financial Field,Philadelphia,PA,39.9008,-75.1675,Outdoor,Grass,30.0,2003.0,,,,,
2022,13,33,Tristan Vizcaino,arizona_cardinals,0.0,0.0,0.0,0.0,0,0,0,0.0,0,0,0,0,0,,,,,,,,,,,,,,,,
2022,13,34,Tristan Vizcaino,dallas_cowboys,0.0,0.0,0.0,0.0,0,0,0,0.0,0,0,0,0,0,2022-12-04,8:20PM,AT&T Stadium,Arlington,TX,32.7473,-97.0945,Indoor,Turf,639.0,2009.0,,,,,
2022,13,35,Tristan Vizcaino,new_england_patriots,0.0,0.0,0.0,0.0,0,0,0,0.0,0,0,0,0,0,2022-12-01,8:15PM,Gillette Stadium,Foxborough,MA,42.0909,-71.2643,Outdoor,Turf,289.0,2002.0,,,,,
2022,13,36,Quinn Nordin,new_england_patriots,0.0,0.0,0.0,0.0,0,0,0,0.0,0,0,0,0,0,2022-12-01,8:15PM,Gillette Stadium,Foxborough,MA,42.0909,-71.2643,Outdoor,Turf,289.0,2002.0,,,,,
2022,14,1,Ka'Imi Fairbairn,houston_texans,16.0,33.3,16.0,16.0,54,3,3,100.0,0,0,0,1,2,2022-12-11,1:00PM,AT&T Stadium,Arlington,TX,32.7473,-97.0945,Indoor,Turf,639.0,2009.0,,,,,
2022,14,2,Riley Patterson,jacksonville_jaguars,13.0,31.2,13.0,13.0,43,3,3,100.0,0,0,2,1,0,2022-12-11,1:00PM,Nissan Stadium,Nashville,TN,36.1665,-86.7713,Outdoor,Grass,476.0,1999.0,,,,,
2022,14,3,Eddy Pineiro,carolina_panthers,13.0,31.2,13.0,13.0,47,3,3,100.0,0,0,2,1,0,2022-12-11,4:25PM,Lumen Field,Seattle,WA,47.5952,-122.3316,Outdoor,Turf,20.0,2002.0,,,,,
2022,14,4,Daniel Carlson,las_vegas_raiders,12.0,30.5,12.0,12.0,52,3,3,100.0,0,0,2,0,1,2022-12-08,8:15PM,SoFi Stadium,Inglewood,CA,33.9535,-118.3392,Outdoor,Turf,100.0,2020.0,,,,,
2022,14,5,Cameron Dicker,los_angeles_chargers,11.0,29.9,11.0,11.0,33,3,3,100.0,0,1,2,0,0,2022-12-11,8:20PM,SoFi Stadium,Inglewood,CA,33.9535,-118.3392,Outdoor,Turf,100.0,2020.0,,,,,
2022,14,6,Cameron Dicker,philadelphia_eagles,11.0,29.9,11.0,11.0,33,3,3,100.0,0,1,2,0,0,2022-12-11,1:00PM,MetLife Stadium,East Rutherford,NJ,40.8136,-74.0744,Outdoor,Turf,3.0,2010.0,,,,,
2022,14,7,Jake Elliott,philadelphia_eagles,12.0,29.9,12.0,12.0,39,2,2,100.0,0,1,1,0,0,2022-12-11,1:00PM,MetLife Stadium,East Rutherford,NJ,40.8136,-74.0744,Outdoor,Turf,3.0,2010.0,,,,,
2022,14,8,Justin Tucker,baltimore_ravens,11.0,29.8,11.0,11.0,42,3,3,100.0,0,0,2,1,0,2022-12-11,1:00PM,Acrisure Stadium,Pittsburgh,PA,40.4468,-80.0158,Outdoor,Grass,730.0,2001.0,,,,,
2022,14,9,Nick Folk,new_england_patriots,11.0,29.2,11.0,11.0,51,2,2,100.0,0,1,0,0,1,2022-12-12,8:15PM,State Farm Stadium,Glendale,AZ,33.5275,-112.2625,Indoor,Turf,1070.0,2006.0,,,,,
2022,14,10,Brett Maher,dallas_cowboys,11.0,29.1,11.0,11.0,53,2,2,100.0,0,0,1,0,1,2022-12-11,1:00PM,AT&T Stadium,Arlington,TX,32.7473,-97.0945,Indoor,Turf,639.0,2009.0,,,,,
2022,14,11,Harrison Butker,kansas_city_chiefs,11.0,29.1,11.0,11.0,45,2,2,100.0,0,0,1,1,0,2022-12-11,4:20PM,Empower Field at Mile High,Denver,CO,39.7439,-105.0201,Outdoor,Turf,5280.0,2001.0,,,,,
2022,14,12,Tyler Bass,buffalo_bills,9.0,27.7,9.0,9.0,49,2,2,100.0,0,0,1,1,0,2022-12-11,1:00PM,Highmark Stadium,Orchard Park,NY,42.7738,-78.7868,Outdoor,Grass,600.0,1973.0,,,,,
2022,14,13,Jason Sanders,miami_dolphins,7.0,25.6,7.0,7.0,55,1,1,100.0,0,0,0,0,1,2022-12-11,8:20PM,SoFi Stadium,Inglewood,CA,33.9535,-118.3392,Outdoor,Turf,100.0,2020.0,,,,,
2022,14,14,Jason Myers,seattle_seahawks,6.0,25.0,6.0,6.0,27,1,1,100.0,0,1,0,0,0,2022-12-11,4:25PM,Lumen Field,Seattle,WA,47.5952,-122.3316,Outdoor,Turf,20.0,2002.0,,,,,
2022,14,15,Greg Joseph,minnesota_vikings,6.0,24.9,6.0,6.0,41,1,1,100.0,0,0,0,1,0,2022-12-11,1:00PM,Ford Field,Detroit,MI,42.34,-83.0456,Indoor,Turf,600.0,2002.0,,,,,
2022,14,16,Evan Mcpherson,cincinnati_bengals,5.0,24.2,5.0,5.0,30,1,1,100.0,0,0,1,0,0,2022-12-11,1:00PM,Paycor Stadium,Cincinnati,OH,39.0954,-84.516,Outdoor,Turf,482.0,2000.0,,,,,
2022,14,17,Cade York,cleveland_browns,4.0,23.6,4.0,4.0,26,1,1,100.0,0,1,0,0,0,2022-12-11,1:00PM,Paycor Stadium,Cincinnati,OH,39.0954,-84.516,Outdoor,Turf,482.0,2000.0,,,,,
2022,14,18,Greg Zuerlein,new_york_jets,4.0,23.6,4.0,4.0,26,1,1,100.0,0,1,0,0,0,2022-12-11,1:00PM,Highmark Stadium,Orchard Park,NY,42.7738,-78.7868,Outdoor,Grass,600.0,1973.0,,,,,
2022,14,19,Michael Badgley,unknown,12.0,23.34,12.0,12.0,49,2,3,66.7,0,0,0,2,0,,,,,,,,,,,,,,,,
2022,14,20,Matt Prater,arizona_cardinals,7.0,19.84,7.0,7.0,33,2,3,66.7,0,0,2,0,0,2022-12-12,8:15PM,State Farm Stadium,Glendale,AZ,33.5275,-112.2625,Indoor,Turf,1070.0,2006.0,,,,,
2022,14,21,Matt Gay,los_angeles_rams,7.0,15.8,7.0,7.0,55,1,2,50.0,0,0,0,0,1,2022-12-08,8:15PM,SoFi Stadium,Inglewood,CA,33.9535,-118.3392,Outdoor,Turf,100.0,2020.0,,,,,
2022,14,22,Robbie Gould,san_francisco_49ers,5.0,3.5,5.0,5.0,0,0,0,0.0,0,0,0,0,0,2022-12-11,4:25PM,Levi's Stadium,Santa Clara,CA,37.403,-121.9692,Outdoor,Grass,13.0,2014.0,,,,,
2022,14,23,Brandon Mcmanus,denver_broncos,4.0,2.8,4.0,4.0,0,0,0,0.0,0,0,0,0,0,2022-12-11,4:20PM,Empower Field at Mile High,Denver,CO,39.7439,-105.0201,Outdoor,Turf,5280.0,2001.0,,,,,
2022,14,24,Chris Boswell,pittsburgh_steelers,2.0,1.6,2.0,2.0,0,0,1,0.0,0,0,0,0,0,2022-12-11,1:00PM,Acrisure Stadium,Pittsburgh,PA,40.4468,-80.0158,Outdoor,Grass,730.0,2001.0,,,,,
2022,14,25,Randy Bullock,tennessee_titans,2.0,1.4,2.0,2.0,0,0,0,0.0,0,0,0,0,0,2022-12-11,1:00PM,Nissan Stadium,Nashville,TN,36.1665,-86.7713,Outdoor,Grass,476.0,1999.0,,,,,
2022,14,26,Graham Gano,new_york_giants,2.0,1.4,2.0,2.0,0,0,0,0.0,0,0,0,0,0,2022-12-11,1:00PM,MetLife Stadium,East Rutherford,NJ,40.8136,-74.0744,Outdoor,Turf,3.0,2010.0,,,,,
2022,14,27,Ryan Succop,tampa_bay_buccaneers,1.0,0.9,1.0,1.0,0,0,1,0.0,0,0,0,0,0,2022-12-11,4:25PM,Levi's Stadium,Santa Clara,CA,37.403,-121.9692,Outdoor,Grass,13.0,2014.0,,,,,
2022,15,1,Chase Mclaughlin,indianapolis_colts,21.0,38.5,21.0,21.0,52,5,5,100.0,0,3,0,1,1,2022-12-17,1:00PM,U.S. Bank Stadium,Minneapolis,MN,44.974,-93.2581,Indoor,Turf,840.0,2016.0,,,,,
2022,15,2,Matt Prater,arizona_cardinals,14.0,31.9,14.0,14.0,55,3,3,100.0,0,0,0,1,2,2022-12-18,4:05PM,Empower Field at Mile High,Denver,CO,39.7439,-105.0201,Outdoor,Turf,5280.0,2001.0,,,,,
2022,15,3,Nick Folk,new_england_patriots,13.0,31.3,13.0,13.0,54,3,3,100.0,0,1,0,1,1,2022-12-18,4:05PM,Allegiant Stadium,Las Vegas,NV,36.0908,-115.183,Indoor,Turf,2001.0,2020.0,,,,,
2022,15,4,Jason Sanders,miami_dolphins,12.0,30.6,12.0,12.0,47,3,3,100.0,0,1,1,1,0,2022-12-17,8:15PM,Highmark Stadium,Orchard Park,NY,42.7738,-78.7868,Outdoor,Grass,600.0,1973.0,,,,,
2022,15,5,Eddy Pineiro,carolina_panthers,12.0,30.6,12.0,12.0,52,3,3,100.0,0,1,1,0,1,2022-12-18,1:00PM,Bank of America Stadium,Charlotte,NC,35.2258,-80.8528,Outdoor,Grass,748.0,1996.0,,,,,
2022,15,6,Brett Maher,dallas_cowboys,12.0,29.9,12.0,12.0,53,2,2,100.0,0,1,0,0,1,2022-12-18,1:00PM,TIAA Bank Field,Jacksonville,FL,30.3239,-81.6373,Outdoor,Grass,16.0,1995.0,,,,,
2022,15,7,Graham Gano,new_york_giants,12.0,29.8,12.0,12.0,50,2,2,100.0,0,0,0,0,2,2022-12-18,8:15PM,FedExField,Landover,MD,38.9078,-76.8645,Outdoor,Grass,300.0,1997.0,,,,,
2022,15,8,Riley Patterson,jacksonville_jaguars,11.0,29.1,11.0,11.0,48,2,2,100.0,0,0,1,1,0,2022-12-18,1:00PM,TIAA Bank Field,Jacksonville,FL,30.3239,-81.6373,Outdoor,Grass,16.0,1995.0,,,,,
2022,15,9,Evan Mcpherson,cincinnati_bengals,9.0,27.8,9.0,9.0,41,2,2,100.0,0,1,0,1,0,2022-12-18,4:25PM,Raymond James Stadium,Tampa,FL,27.9759,-82.5033,Outdoor,Grass,26.0,1998.0,,,,,
2022,15,10,Jason Myers,seattle_seahawks,9.0,27.7,9.0,9.0,51,2,2,100.0,0,0,1,0,1,2022-12-15,8:15PM,Lumen Field,Seattle,WA,47.5952,-122.3316,Outdoor,Turf,20.0,2002.0,,,,,
2022,15,11,Joey Slye,washington_commanders,9.0,27.7,9.0,9.0,51,2,2,100.0,0,0,0,1,1,2022-12-18,8:15PM,FedExField,Landover,MD,38.9078,-76.8645,Outdoor,Grass,300.0,1997.0,,,,,
2022,15,12,Matt Gay,los_angeles_rams,8.0,27.0,8.0,8.0,55,2,2,100.0,0,0,1,0,1,2022-12-19,8:15PM,Lambeau Field,Green Bay,WI,44.5013,-88.0622,Outdoor,Grass,640.0,1957.0,,,,,
2022,15,13,Greg Joseph,minnesota_vikings,8.0,26.3,8.0,8.0,40,1,1,100.0,0,0,0,1,0,2022-12-17,1:00PM,U.S. Bank Stadium,Minneapolis,MN,44.974,-93.2581,Indoor,Turf,840.0,2016.0,,,,,
2022,15,14,Chris Boswell,pittsburgh_steelers,8.0,26.3,8.0,8.0,50,1,1,100.0,0,0,0,0,1,2022-12-18,1:00PM,Bank of America Stadium,Charlotte,NC,35.2258,-80.8528,Outdoor,Grass,748.0,1996.0,,,,,
2022,15,15,Daniel Carlson,las_vegas_raiders,7.0,25.6,7.0,7.0,49,1,1,100.0,0,0,0,1,0,2022-12-18,4:05PM,Allegiant Stadium,Las Vegas,NV,36.0908,-115.183,Indoor,Turf,2001.0,2020.0,,,,,
2022,15,16,Tyler Bass,buffalo_bills,6.0,25.0,6.0,6.0,25,1,1,100.0,0,1,0,0,0,2022-12-17,8:15PM,Highmark Stadium,Orchard Park,NY,42.7738,-78.7868,Outdoor,Grass,600.0,1973.0,,,,,
2022,15,17,Ka'Imi Fairbairn,houston_texans,6.0,25.0,6.0,6.0,29,1,1,100.0,0,1,0,0,0,2022-12-18,1:00PM,NRG Stadium,Houston,TX,29.6847,-95.4107,Indoor,Turf,50.0,2002.0,,,,,
2022,15,18,Cameron Dicker,los_angeles_chargers,6.0,24.9,6.0,6.0,43,1,1,100.0,0,0,0,1,0,2022-12-18,4:25PM,SoFi Stadium,Inglewood,CA,33.9535,-118.3392,Outdoor,Turf,100.0,2020.0,,,,,
2022,15,19,Cameron Dicker,philadelphia_eagles,6.0,24.9,6.0,6.0,43,1,1,100.0,0,0,0,1,0,2022-12-18,1:00PM,Soldier Field,Chicago,IL,41.8623,-87.6167,Outdoor,Grass,595.0,1924.0,,,,,
2022,15,20,Mason Crosby,green_bay_packers,6.0,24.9,6.0,6.0,34,1,1,100.0,0,0,1,0,0,2022-12-19,8:15PM,Lambeau Field,Green Bay,WI,44.5013,-88.0622,Outdoor,Grass,640.0,1957.0,,,,,
2022,15,21,Younghoe Koo,atlanta_falcons,4.0,23.6,4.0,4.0,28,1,1,100.0,0,1,0,0,0,2022-12-18,1:00PM,Caesars Superdome,New Orleans,LA,29.9509,-90.0815,Indoor,Turf,3.0,1975.0,,,,,
2022,15,22,Michael Badgley,unknown,8.0,20.54,8.0,8.0,34,2,3,66.7,0,0,2,0,0,,,,,,,,,,,,,,,,
2022,15,23,Cade York,cleveland_browns,8.0,17.5,8.0,8.0,47,2,4,50.0,0,1,0,1,0,2022-12-17,4:30PM,FirstEnergy Stadium,Cleveland,OH,41.5061,-81.6995,Outdoor,Grass,577.0,1999.0,,,,,
2022,15,24,Brandon Mcmanus,denver_broncos,8.0,16.5,8.0,8.0,52,1,2,50.0,0,0,0,0,1,2022-12-18,4:05PM,Empower Field at Mile High,Denver,CO,39.7439,-105.0201,Outdoor,Turf,5280.0,2001.0,,,,,
2022,15,25,Ryan Succop,tampa_bay_buccaneers,5.0,14.5,5.0,5.0,21,1,2,50.0,0,1,0,0,0,2022-12-18,4:25PM,Raymond James Stadium,Tampa,FL,27.9759,-82.5033,Outdoor,Grass,26.0,1998.0,,,,,
2022,15,26,Greg Zuerlein,new_york_jets,5.0,14.4,5.0,5.0,34,1,2,50.0,0,0,1,0,0,2022-12-18,1:00PM,MetLife Stadium,East Rutherford,NJ,40.8136,-74.0744,Outdoor,Turf,3.0,2010.0,,,,,
2022,15,27,Jake Elliott,philadelphia_eagles,5.0,14.4,5.0,5.0,32,1,2,50.0,0,0,1,0,0,2022-12-18,1:00PM,Soldier Field,Chicago,IL,41.8623,-87.6167,Outdoor,Grass,595.0,1924.0,,,,,
2022,15,28,Harrison Butker,kansas_city_chiefs,4.0,13.8,4.0,4.0,27,1,2,50.0,0,1,0,0,0,2022-12-18,1:00PM,NRG Stadium,Houston,TX,29.6847,-95.4107,Indoor,Turf,50.0,2002.0,,,,,
2022,15,29,Justin Tucker,baltimore_ravens,5.0,11.26,5.0,5.0,53,1,3,33.3,0,0,0,0,1,2022-12-17,4:30PM,FirstEnergy Stadium,Cleveland,OH,41.5061,-81.6995,Outdoor,Grass,577.0,1999.0,,,,,
2022,15,30,Robbie Gould,san_francisco_49ers,3.0,2.3,3.0,3.0,0,0,1,0.0,0,0,0,0,0,2022-12-15,8:15PM,Lumen Field,Seattle,WA,47.5952,-122.3316,Outdoor,Turf,20.0,2002.0,,,,,
2022,15,31,Wil Lutz,new_orleans_saints,3.0,2.1,3.0,3.0,0,0,0,0.0,0,0,0,0,0,2022-12-18,1:00PM,Caesars Superdome,New Orleans,LA,29.9509,-90.0815,Indoor,Turf,3.0,1975.0,,,,,
2022,15,32,Randy Bullock,tennessee_titans,2.0,1.6,2.0,2.0,0,0,1,0.0,0,0,0,0,0,2022-12-18,4:25PM,SoFi Stadium,Inglewood,CA,33.9535,-118.3392,Outdoor,Turf,100.0,2020.0,,,,,
2022,15,33,Cairo Santos,chicago_bears,2.0,1.4,2.0,2.0,0,0,0,0.0,0,0,0,0,0,2022-12-18,1:00PM,Soldier Field,Chicago,IL,41.8623,-87.6167,Outdoor,Grass,595.0,1924.0,,,,,
2022,16,1,Brett Maher,dallas_cowboys,18.0,35.6,18.0,18.0,48,4,4,100.0,0,2,0,2,0,2022-12-24,4:25PM,AT&T Stadium,Arlington,TX,32.7473,-97.0945,Indoor,Turf,639.0,2009.0,,,,,
2022,16,2,Matt Gay,los_angeles_rams,19.0,35.4,19.0,19.0,55,3,3,100.0,0,0,1,0,2,2022-12-25,4:30PM,SoFi Stadium,Inglewood,CA,33.9535,-118.3392,Outdoor,Turf,100.0,2020.0,,,,,
2022,16,3,Mason Crosby,green_bay_packers,15.0,33.5,15.0,15.0,46,4,4,100.0,0,2,1,1,0,2022-12-25,1:00PM,Hard Rock Stadium,Miami Gardens,FL,25.958,-80.238,Outdoor,Grass,7.0,1987.0,,,,,
2022,16,4,Ryan Succop,tampa_bay_buccaneers,15.0,33.3,15.0,15.0,42,4,4,100.0,0,0,2,2,0,2022-12-25,8:20PM,State Farm Stadium,Glendale,AZ,33.5275,-112.2625,Indoor,Turf,1070.0,2006.0,,,,,
2022,16,5,Eddy Pineiro,carolina_panthers,14.0,31.9,14.0,14.0,40,3,3,100.0,0,0,2,1,0,2022-12-24,1:00PM,Bank of America Stadium,Charlotte,NC,35.2258,-80.8528,Outdoor,Grass,748.0,1996.0,,,,,
2022,16,6,Matt Prater,arizona_cardinals,14.0,31.9,14.0,14.0,56,3,3,100.0,0,0,1,0,2,2022-12-25,8:20PM,State Farm Stadium,Glendale,AZ,33.5275,-112.2625,Indoor,Turf,1070.0,2006.0,,,,,
2022,16,7,Graham Gano,new_york_giants,14.0,31.9,14.0,14.0,55,3,3,100.0,0,0,0,2,1,2022-12-24,1:00PM,U.S. Bank Stadium,Minneapolis,MN,44.974,-93.2581,Indoor,Turf,840.0,2016.0,,,,,
2022,16,8,Robbie Gould,san_francisco_49ers,13.0,31.4,13.0,13.0,35,3,3,100.0,0,2,1,0,0,2022-12-24,4:05PM,Levi's Stadium,Santa Clara,CA,37.403,-121.9692,Outdoor,Grass,13.0,2014.0,,,,,
2022,16,9,Greg Joseph,minnesota_vikings,12.0,29.8,12.0,12.0,61,2,2,100.0,0,0,0,1,1,2022-12-24,1:00PM,U.S. Bank Stadium,Minneapolis,MN,44.974,-93.2581,Indoor,Turf,840.0,2016.0,,,,,
2022,16,10,Riley Patterson,jacksonville_jaguars,15.0,29.5,15.0,15.0,45,4,5,80.0,0,0,2,2,0,2022-12-22,8:15PM,MetLife Stadium,East Rutherford,NJ,40.8136,-74.0744,Outdoor,Turf,3.0,2010.0,,,,,
2022,16,11,Jake Elliott,philadelphia_eagles,11.0,29.2,11.0,11.0,47,2,2,100.0,0,1,0,1,0,2022-12-24,4:25PM,AT&T Stadium,Arlington,TX,32.7473,-97.0945,Indoor,Turf,639.0,2009.0,,,,,
2022,16,12,Younghoe Koo,atlanta_falcons,9.0,28.4,9.0,9.0,37,3,3,100.0,0,0,3,0,0,2022-12-24,1:00PM,M&T Bank Stadium,Baltimore,MD,39.2779,-76.6227,Outdoor,Grass,10.0,1998.0,,,,,
2022,16,13,Brandon Mcmanus,denver_broncos,9.0,27.7,9.0,9.0,54,2,2,100.0,0,0,0,1,1,2022-12-25,4:30PM,SoFi Stadium,Inglewood,CA,33.9535,-118.3392,Outdoor,Turf,100.0,2020.0,,,,,
2022,16,14,Cameron Dicker,los_angeles_chargers,8.0,27.2,8.0,8.0,24,2,2,100.0,0,2,0,0,0,2022-12-26,8:15PM,Lucas Oil Stadium,Indianapolis,IN,39.7601,-86.1639,Indoor,Turf,700.0,2008.0,,,,,
2022,16,15,Cameron Dicker,philadelphia_eagles,8.0,27.2,8.0,8.0,24,2,2,100.0,0,2,0,0,0,2022-12-24,4:25PM,AT&T Stadium,Arlington,TX,32.7473,-97.0945,Indoor,Turf,639.0,2009.0,,,,,
2022,16,16,Ka'Imi Fairbairn,houston_texans,7.0,26.5,7.0,7.0,25,2,2,100.0,0,2,0,0,0,2022-12-24,1:00PM,Nissan Stadium,Nashville,TN,36.1665,-86.7713,Outdoor,Grass,476.0,1999.0,,,,,
2022,16,17,Cairo Santos,chicago_bears,7.0,26.3,7.0,7.0,37,2,2,100.0,0,0,2,0,0,2022-12-24,1:00PM,Soldier Field,Chicago,IL,41.8623,-87.6167,Outdoor,Grass,595.0,1924.0,,,,,
2022,16,18,Harrison Butker,kansas_city_chiefs,7.0,25.6,7.0,7.0,47,1,1,100.0,0,0,0,1,0,2022-12-24,1:00PM,GEHA Field at Arrowhead Stadium,Kansas City,MO,39.049,-94.4839,Outdoor,Grass,1020.0,1972.0,,,,,
2022,16,19,Wil Lutz,new_orleans_saints,5.0,24.3,5.0,5.0,23,1,1,100.0,0,1,0,0,0,2022-12-24,1:00PM,FirstEnergy Stadium,Cleveland,OH,41.5061,-81.6995,Outdoor,Grass,577.0,1999.0,,,,,
2022,16,20,Michael Badgley,unknown,5.0,24.2,5.0,5.0,34,1,1,100.0,0,0,1,0,0,,,,,,,,,,,,,,,,
2022,16,21,Daniel Carlson,las_vegas_raiders,5.0,24.2,5.0,5.0,40,1,1,100.0,0,0,0,1,0,2022-12-24,8:15PM,Acrisure Stadium,Pittsburgh,PA,40.4468,-80.0158,Outdoor,Grass,730.0,2001.0,,,,,
2022,16,22,Justin Tucker,baltimore_ravens,9.0,23.9,9.0,9.0,27,3,4,75.0,0,3,0,0,0,2022-12-24,1:00PM,M&T Bank Stadium,Baltimore,MD,39.2779,-76.6227,Outdoor,Grass,10.0,1998.0,,,,,
2022,16,23,Jason Myers,seattle_seahawks,4.0,23.6,4.0,4.0,22,1,1,100.0,0,1,0,0,0,2022-12-24,1:00PM,GEHA Field at Arrowhead Stadium,Kansas City,MO,39.049,-94.4839,Outdoor,Grass,1020.0,1972.0,,,,,
2022,16,24,Chase Mclaughlin,indianapolis_colts,4.0,23.5,4.0,4.0,46,1,1,100.0,0,0,0,1,0,2022-12-26,8:15PM,Lucas Oil Stadium,Indianapolis,IN,39.7601,-86.1639,Indoor,Turf,700.0,2008.0,,,,,
2022,16,25,Cade York,cleveland_browns,4.0,23.5,4.0,4.0,30,1,1,100.0,0,0,1,0,0,2022-12-24,1:00PM,FirstEnergy Stadium,Cleveland,OH,41.5061,-81.6995,Outdoor,Grass,577.0,1999.0,,,,,
2022,16,26,Greg Zuerlein,new_york_jets,3.0,22.8,3.0,3.0,37,1,1,100.0,0,0,1,0,0,2022-12-22,8:15PM,MetLife Stadium,East Rutherford,NJ,40.8136,-74.0744,Outdoor,Turf,3.0,2010.0,,,,,
2022,16,27,Jason Sanders,miami_dolphins,9.0,21.24,9.0,9.0,46,2,3,66.7,0,0,1,1,0,2022-12-25,1:00PM,Hard Rock Stadium,Miami Gardens,FL,25.958,-80.238,Outdoor,Grass,7.0,1987.0,,,,,
2022,16,28,Chris Boswell,pittsburgh_steelers,9.0,18.1,9.0,9.0,44,2,4,50.0,0,0,0,2,0,2022-12-24,8:15PM,Acrisure Stadium,Pittsburgh,PA,40.4468,-80.0158,Outdoor,Grass,730.0,2001.0,,,,,
2022,16,29,Evan Mcpherson,cincinnati_bengals,4.0,13.8,4.0,4.0,28,1,2,50.0,0,1,0,0,0,2022-12-24,1:00PM,Gillette Stadium,Foxborough,MA,42.0909,-71.2643,Outdoor,Turf,289.0,2002.0,,,,,
2022,16,30,Tyler Bass,buffalo_bills,3.0,2.3,3.0,3.0,0,0,1,0.0,0,0,0,0,0,2022-12-24,1:00PM,Soldier Field,Chicago,IL,41.8623,-87.6167,Outdoor,Grass,595.0,1924.0,,,,,
2022,16,31,Randy Bullock,tennessee_titans,2.0,1.4,2.0,2.0,0,0,0,0.0,0,0,0,0,0,2022-12-24,1:00PM,Nissan Stadium,Nashville,TN,36.1665,-86.7713,Outdoor,Grass,476.0,1999.0,,,,,
2022,16,32,Joey Slye,washington_commanders,2.0,1.4,2.0,2.0,0,0,0,0.0,0,0,0,0,0,2022-12-24,4:05PM,Levi's Stadium,Santa Clara,CA,37.403,-121.9692,Outdoor,Grass,13.0,2014.0,,,,,
2022,16,33,Tristan Vizcaino,arizona_cardinals,0.0,0.0,0.0,0.0,0,0,0,0.0,0,0,0,0,0,2022-12-25,8:20PM,State Farm Stadium,Glendale,AZ,33.5275,-112.2625,Indoor,Turf,1070.0,2006.0,,,,,
2022,16,34,Tristan Vizcaino,dallas_cowboys,0.0,0.0,0.0,0.0,0,0,0,0.0,0,0,0,0,0,2022-12-24,4:25PM,AT&T Stadium,Arlington,TX,32.7473,-97.0945,Indoor,Turf,639.0,2009.0,,,,,
2022,16,35,Tristan Vizcaino,new_england_patriots,0.0,0.0,0.0,0.0,0,0,0,0.0,0,0,0,0,0,2022-12-24,1:00PM,Gillette Stadium,Foxborough,MA,42.0909,-71.2643,Outdoor,Turf,289.0,2002.0,,,,,
2022,16,36,Nick Folk,new_england_patriots,0.0,0.0,0.0,0.0,0,0,0,0.0,0,0,0,0,0,2022-12-24,1:00PM,Gillette Stadium,Foxborough,MA,42.0909,-71.2643,Outdoor,Turf,289.0,2002.0,,,,,
2022,17,1,Mason Crosby,green_bay_packers,13.0,30.6,13.0,13.0,56,2,2,100.0,0,1,0,0,1,2022-01-02,8:20PM,Lambeau Field,Green Bay,WI,44.5013,-88.0622,Outdoor,Grass,640.0,1957.0,-14.4,0.0,39.96,70.0,1027.0
2022,17,2,Daniel Carlson,las_vegas_raiders,12.0,29.9,12.0,12.0,57,2,2,100.0,0,1,0,0,1,2022-01-02,1:00PM,Lucas Oil Stadium,Indianapolis,IN,39.7601,-86.1639,Indoor,Turf,700.0,2008.0,-1.2,0.0,49.32,67.0,1019.8
2022,17,3,Michael Badgley,unknown,12.0,29.9,12.0,12.0,41,2,2,100.0,0,1,0,1,0,,,,,,,,,,,,,,,,
2022,17,4,Matt Prater,arizona_cardinals,15.0,29.5,15.0,15.0,57,4,5,80.0,0,0,3,0,1,2022-01-02,4:25PM,AT&T Stadium,Arlington,TX,32.7473,-97.0945,Indoor,Turf,639.0,2009.0,3.0,0.0,82.08,39.0,1030.5
2022,17,5,Wil Lutz,new_orleans_saints,10.0,28.5,10.0,10.0,54,2,2,100.0,0,1,0,0,1,2022-01-02,1:00PM,Caesars Superdome,New Orleans,LA,29.9509,-90.0815,Indoor,Turf,3.0,1975.0,16.1,0.3,141.48,87.0,1013.1
2022,17,6,Brett Maher,dallas_cowboys,10.0,28.4,10.0,10.0,45,2,2,100.0,0,0,1,1,0,2022-12-29,8:15PM,Nissan Stadium,Nashville,TN,36.1665,-86.7713,Outdoor,Grass,476.0,1999.0,,,,,
2022,17,6,Brett Maher,dallas_cowboys,10.0,28.4,10.0,10.0,45,2,2,100.0,0,0,1,1,0,2022-01-02,4:25PM,AT&T Stadium,Arlington,TX,32.7473,-97.0945,Indoor,Turf,639.0,2009.0,3.0,0.0,82.08,39.0,1030.5
2022,17,7,Justin Tucker,baltimore_ravens,9.0,27.7,9.0,9.0,51,2,2,100.0,0,0,1,0,1,2022-01-02,4:25PM,M&T Bank Stadium,Baltimore,MD,39.2779,-76.6227,Outdoor,Grass,10.0,1998.0,17.4,0.0,57.24,72.0,1005.8
2022,17,8,Robbie Gould,san_francisco_49ers,14.0,27.3,14.0,14.0,43,3,4,75.0,0,2,0,1,0,2022-01-02,4:05PM,Levi's Stadium,Santa Clara,CA,37.403,-121.9692,Outdoor,Grass,13.0,2014.0,14.1,0.0,49.68000000000001,54.0,1022.9
2022,17,9,Younghoe Koo,atlanta_falcons,8.0,27.2,8.0,8.0,27,2,2,100.0,0,2,0,0,0,2022-01-02,1:00PM,Highmark Stadium,Orchard Park,NY,42.7738,-78.7868,Outdoor,Grass,600.0,1973.0,-2.6,0.0,47.88,80.0,1013.1
2022,17,10,Riley Patterson,jacksonville_jaguars,9.0,27.0,9.0,9.0,53,1,1,100.0,0,0,0,0,1,2022-01-02,1:00PM,Gillette Stadium,Foxborough,MA,42.0909,-71.2643,Outdoor,Turf,289.0,2002.0,8.6,0.0,23.040000000000003,94.0,1000.9
2022,17,11,Randy Bullock,tennessee_titans,7.0,26.4,7.0,7.0,37,2,2,100.0,0,1,1,0,0,2022-01-02,1:00PM,Nissan Stadium,Nashville,TN,36.1665,-86.7713,Outdoor,Grass,476.0,1999.0,5.9,0.0,48.24,73.0,1017.3
2022,17,11,Randy Bullock,tennessee_titans,7.0,26.4,7.0,7.0,37,2,2,100.0,0,1,1,0,0,2022-12-29,8:15PM,Nissan Stadium,Nashville,TN,36.1665,-86.7713,Outdoor,Grass,476.0,1999.0,,,,,
2022,17,12,Cameron Dicker,los_angeles_chargers,8.0,26.3,8.0,8.0,40,1,1,100.0,0,0,0,1,0,2022-01-02,4:05PM,SoFi Stadium,Inglewood,CA,33.9535,-118.3392,Outdoor,Turf,100.0,2020.0,16.2,0.0,8.28,32.0,1022.5
2022,17,13,Cameron Dicker,philadelphia_eagles,8.0,26.3,8.0,8.0,40,1,1,100.0,0,0,0,1,0,2022-01-02,1:00PM,FedExField,Landover,MD,38.9078,-76.8645,Outdoor,Grass,300.0,1997.0,16.0,0.0,41.76,88.0,1005.7
2022,17,14,Graham Gano,new_york_giants,8.0,26.3,8.0,8.0,36,1,1,100.0,0,0,1,0,0,2022-01-02,1:00PM,Soldier Field,Chicago,IL,41.8623,-87.6167,Outdoor,Grass,595.0,1924.0,-5.3,0.0,93.6,82.0,1022.6
2022,17,15,Chris Boswell,pittsburgh_steelers,12.0,25.8,12.0,12.0,51,3,4,75.0,0,1,1,0,1,2022-01-03,8:15PM,Acrisure Stadium,Pittsburgh,PA,40.4468,-80.0158,Outdoor,Grass,730.0,2001.0,-4.1,0.0,23.76,68.0,1029.3
2022,17,16,Eddy Pineiro,carolina_panthers,7.0,25.6,7.0,7.0,49,1,1,100.0,0,0,0,1,0,2022-01-02,1:00PM,Caesars Superdome,New Orleans,LA,29.9509,-90.0815,Indoor,Turf,3.0,1975.0,16.1,0.3,141.48,87.0,1013.1
2022,17,17,Brandon Mcmanus,denver_broncos,7.0,25.6,7.0,7.0,49,1,1,100.0,0,0,0,1,0,2022-01-02,4:05PM,SoFi Stadium,Inglewood,CA,33.9535,-118.3392,Outdoor,Turf,100.0,2020.0,16.2,0.0,8.28,32.0,1022.5
2022,17,18,Jason Myers,seattle_seahawks,11.0,25.1,11.0,11.0,31,3,4,75.0,0,1,2,0,0,2022-01-02,4:25PM,Lumen Field,Seattle,WA,47.5952,-122.3316,Outdoor,Turf,20.0,2002.0,2.8,2.8,76.32,76.0,1005.1
2022,17,19,Cade York,cleveland_browns,6.0,24.9,6.0,6.0,37,1,1,100.0,0,0,1,0,0,2022-01-03,8:15PM,Acrisure Stadium,Pittsburgh,PA,40.4468,-80.0158,Outdoor,Grass,730.0,2001.0,-4.1,0.0,23.76,68.0,1029.3
2022,17,20,Jake Elliott,philadelphia_eagles,6.0,24.9,6.0,6.0,56,1,1,100.0,0,0,0,0,1,2022-01-02,1:00PM,FedExField,Landover,MD,38.9078,-76.8645,Outdoor,Grass,300.0,1997.0,16.0,0.0,41.76,88.0,1005.7
2022,17,21,Nick Folk,new_england_patriots,6.0,24.9,6.0,6.0,49,1,1,100.0,0,0,0,1,0,2022-01-02,1:00PM,Gillette Stadium,Foxborough,MA,42.0909,-71.2643,Outdoor,Turf,289.0,2002.0,8.6,0.0,23.040000000000003,94.0,1000.9
2022,17,22,Ka'Imi Fairbairn,houston_texans,5.0,24.2,5.0,5.0,56,1,1,100.0,0,0,0,0,1,2022-01-02,4:05PM,Levi's Stadium,Santa Clara,CA,37.403,-121.9692,Outdoor,Grass,13.0,2014.0,14.1,0.0,49.68000000000001,54.0,1022.9
2022,17,23,Joey Slye,washington_commanders,5.0,24.2,5.0,5.0,43,1,1,100.0,0,0,0,1,0,2022-01-02,1:00PM,FedExField,Landover,MD,38.9078,-76.8645,Outdoor,Grass,300.0,1997.0,16.0,0.0,41.76,88.0,1005.7
2022,17,24,Matt Gay,los_angeles_rams,4.0,23.6,4.0,4.0,23,1,1,100.0,0,1,0,0,0,2022-01-02,4:25PM,M&T Bank Stadium,Baltimore,MD,39.2779,-76.6227,Outdoor,Grass,10.0,1998.0,17.4,0.0,57.24,72.0,1005.8
2022,17,25,Cairo Santos,chicago_bears,4.0,23.6,4.0,4.0,23,1,1,100.0,0,1,0,0,0,2022-01-02,1:00PM,Soldier Field,Chicago,IL,41.8623,-87.6167,Outdoor,Grass,595.0,1924.0,-5.3,0.0,93.6,82.0,1022.6
2022,17,26,Tyler Bass,buffalo_bills,3.0,22.9,3.0,3.0,25,1,1,100.0,0,1,0,0,0,2022-01-02,1:00PM,Highmark Stadium,Orchard Park,NY,42.7738,-78.7868,Outdoor,Grass,600.0,1973.0,-2.6,0.0,47.88,80.0,1013.1
2022,17,27,Greg Zuerlein,new_york_jets,8.0,20.54,8.0,8.0,44,2,3,66.7,0,0,0,2,0,2022-01-02,1:00PM,MetLife Stadium,East Rutherford,NJ,40.8136,-74.0744,Outdoor,Turf,3.0,2010.0,13.1,0.0,54.0,92.0,1002.5
2022,17,28,Chase Mclaughlin,indianapolis_colts,4.0,13.8,4.0,4.0,23,1,2,50.0,0,1,0,0,0,2022-01-02,1:00PM,Lucas Oil Stadium,Indianapolis,IN,39.7601,-86.1639,Indoor,Turf,700.0,2008.0,-1.2,0.0,49.32,67.0,1019.8
2022,17,29,Greg Joseph,minnesota_vikings,5.0,11.36,5.0,5.0,21,1,3,33.3,0,1,0,0,0,2022-01-02,8:20PM,Lambeau Field,Green Bay,WI,44.5013,-88.0622,Outdoor,Grass,640.0,1957.0,-14.4,0.0,39.96,70.0,1027.0
2022,17,30,Ryan Succop,tampa_bay_buccaneers,4.0,10.66,4.0,4.0,22,1,3,33.3,0,1,0,0,0,2022-01-02,1:00PM,MetLife Stadium,East Rutherford,NJ,40.8136,-74.0744,Outdoor,Turf,3.0,2010.0,13.1,0.0,54.0,92.0,1002.5
2022,17,31,Jason Sanders,miami_dolphins,3.0,2.3,3.0,3.0,0,0,1,0.0,0,0,0,0,0,2022-01-02,1:00PM,Nissan Stadium,Nashville,TN,36.1665,-86.7713,Outdoor,Grass,476.0,1999.0,5.9,0.0,48.24,73.0,1017.3
2022,17,32,Harrison Butker,kansas_city_chiefs,3.0,2.3,3.0,3.0,0,0,1,0.0,0,0,0,0,0,2022-01-02,1:00PM,Paycor Stadium,Cincinnati,OH,39.0954,-84.516,Outdoor,Turf,482.0,2000.0,1.9,0.0,59.760000000000005,67.0,1016.8
2022,17,33,Evan Mcpherson,cincinnati_bengals,1.0,0.7,1.0,1.0,0,0,0,0.0,0,0,0,0,0,2022-01-02,1:00PM,Paycor Stadium,Cincinnati,OH,39.0954,-84.516,Outdoor,Turf,482.0,2000.0,1.9,0.0,59.760000000000005,67.0,1016.8
2023,1,1,Nick Folk,tennessee_titans,18.0,36.3,18.0,18.0,50,5,5,100.0,0,2,1,1,1,2023-09-10,1:00PM,Caesars Superdome,New Orleans,LA,29.9509,-90.0815,Indoor,Turf,3.0,1975.0,,,,,
2023,1,2,Jake Elliott,philadelphia_eagles,18.0,35.4,18.0,18.0,56,4,4,100.0,0,0,1,1,2,2023-09-10,4:25PM,Gillette Stadium,Foxborough,MA,42.0909,-71.2643,Outdoor,Turf,289.0,2002.0,,,,,
2023,1,3,Jason Sanders,miami_dolphins,14.0,32.0,14.0,14.0,45,3,3,100.0,0,1,0,2,0,2023-09-10,4:25PM,SoFi Stadium,Inglewood,CA,33.9535,-118.3392,Outdoor,Turf,100.0,2020.0,,,,,
2023,1,4,Jake Moody,san_francisco_49ers,14.0,31.9,14.0,14.0,41,3,3,100.0,0,0,1,2,0,2023-09-10,1:00PM,Acrisure Stadium,Pittsburgh,PA,40.4468,-80.0158,Outdoor,Grass,730.0,2001.0,,,,,
2023,1,5,Tyler Bass,buffalo_bills,13.0,31.2,13.0,13.0,50,3,3,100.0,0,0,1,1,1,2023-09-11,8:15PM,MetLife Stadium,East Rutherford,NJ,40.8136,-74.0744,Outdoor,Turf,3.0,2010.0,,,,,
2023,1,6,Matt Prater,arizona_cardinals,12.0,30.6,12.0,12.0,54,3,3,100.0,0,1,1,0,1,2023-09-10,1:00PM,FedExField,Landover,MD,38.9078,-76.8645,Outdoor,Grass,300.0,1997.0,,,,,
2023,1,7,Blake Grupe,new_orleans_saints,12.0,30.6,12.0,12.0,52,3,3,100.0,0,1,1,0,1,2023-09-10,1:00PM,Caesars Superdome,New Orleans,LA,29.9509,-90.0815,Indoor,Turf,3.0,1975.0,,,,,
2023,1,8,Dustin Hopkins,cleveland_browns,12.0,30.5,12.0,12.0,43,3,3,100.0,0,0,1,2,0,2023-09-10,1:00PM,FirstEnergy Stadium,Cleveland,OH,41.5061,-81.6995,Outdoor,Grass,577.0,1999.0,,,,,
2023,1,9,Greg Zuerlein,new_york_jets,11.0,29.9,11.0,11.0,43,3,3,100.0,0,1,1,1,0,2023-09-11,8:15PM,MetLife Stadium,East Rutherford,NJ,40.8136,-74.0744,Outdoor,Turf,3.0,2010.0,,,,,
2023,1,10,Cameron Dicker,los_angeles_chargers,12.0,29.9,12.0,12.0,50,2,2,100.0,0,1,0,0,1,2023-09-10,4:25PM,SoFi Stadium,Inglewood,CA,33.9535,-118.3392,Outdoor,Turf,100.0,2020.0,,,,,
2023,1,11,Brandon Aubrey,dallas_cowboys,10.0,28.5,10.0,10.0,38,2,2,100.0,0,1,1,0,0,2023-09-10,8:20PM,MetLife Stadium,East Rutherford,NJ,40.8136,-74.0744,Outdoor,Turf,3.0,2010.0,,,,,
2023,1,12,Chase Mclaughlin,tampa_bay_buccaneers,10.0,28.4,10.0,10.0,57,2,2,100.0,0,0,1,0,1,2023-09-10,1:00PM,U.S. Bank Stadium,Minneapolis,MN,44.974,-93.2581,Indoor,Turf,840.0,2016.0,,,,,
2023,1,13,Ka'Imi Fairbairn,houston_texans,9.0,28.4,9.0,9.0,38,3,3,100.0,0,0,3,0,0,2023-09-10,1:00PM,M&T Bank Stadium,Baltimore,MD,39.2779,-76.6227,Outdoor,Grass,10.0,1998.0,,,,,
2023,1,14,Anders Carlson,green_bay_packers,10.0,27.7,10.0,10.0,52,1,1,100.0,0,0,0,0,1,2023-09-10,4:25PM,Soldier Field,Chicago,IL,41.8623,-87.6167,Outdoor,Grass,595.0,1924.0,,,,,
2023,1,15,Joey Slye,washington_commanders,8.0,27.0,8.0,8.0,33,2,2,100.0,0,0,2,0,0,2023-09-10,1:00PM,FedExField,Landover,MD,38.9078,-76.8645,Outdoor,Grass,300.0,1997.0,,,,,
2023,1,16,Harrison Butker,kansas_city_chiefs,8.0,27.0,8.0,8.0,39,2,2,100.0,0,0,2,0,0,2023-09-07,8:20PM,GEHA Field at Arrowhead Stadium,Kansas City,MO,39.049,-94.4839,Outdoor,Grass,1020.0,1972.0,,,,,
2023,1,17,Cairo Santos,chicago_bears,7.0,26.4,7.0,7.0,47,2,2,100.0,0,1,0,1,0,2023-09-10,4:25PM,Soldier Field,Chicago,IL,41.8623,-87.6167,Outdoor,Grass,595.0,1924.0,,,,,
2023,1,18,Brandon Mcmanus,jacksonville_jaguars,8.0,26.3,8.0,8.0,45,1,1,100.0,0,0,0,1,0,2023-09-10,1:00PM,Lucas Oil Stadium,Indianapolis,IN,39.7601,-86.1639,Indoor,Turf,700.0,2008.0,,,,,
2023,1,19,Younghoe Koo,atlanta_falcons,7.0,25.6,7.0,7.0,49,1,1,100.0,0,0,0,1,0,2023-09-10,1:00PM,Mercedes-Benz Stadium,Atlanta,GA,33.755,-84.4008,Indoor,Turf,1050.0,2017.0,,,,,
2023,1,20,Brett Maher,los_angeles_rams,15.0,25.0,15.0,15.0,54,3,5,60.0,0,0,1,1,1,2023-09-10,4:25PM,Lumen Field,Seattle,WA,47.5952,-122.3316,Outdoor,Turf,20.0,2002.0,,,,,
2023,1,21,Greg Joseph,minnesota_vikings,5.0,24.3,5.0,5.0,25,1,1,100.0,0,1,0,0,0,2023-09-10,1:00PM,U.S. Bank Stadium,Minneapolis,MN,44.974,-93.2581,Indoor,Turf,840.0,2016.0,,,,,
2023,1,22,Daniel Carlson,las_vegas_raiders,5.0,24.3,5.0,5.0,24,1,1,100.0,0,1,0,0,0,2023-09-10,4:25PM,Empower Field at Mile High,Denver,CO,39.7439,-105.0201,Outdoor,Turf,5280.0,2001.0,,,,,
2023,1,23,Justin Tucker,baltimore_ravens,5.0,24.2,5.0,5.0,39,1,1,100.0,0,0,1,0,0,2023-09-10,1:00PM,M&T Bank Stadium,Baltimore,MD,39.2779,-76.6227,Outdoor,Grass,10.0,1998.0,,,,,
2023,1,24,Eddy Pineiro,carolina_panthers,5.0,24.2,5.0,5.0,43,1,1,100.0,0,0,0,1,0,2023-09-10,1:00PM,Mercedes-Benz Stadium,Atlanta,GA,33.755,-84.4008,Indoor,Turf,1050.0,2017.0,,,,,
2023,1,25,Jason Myers,seattle_seahawks,8.0,20.54,8.0,8.0,42,2,3,66.7,0,0,1,1,0,2023-09-10,4:25PM,Lumen Field,Seattle,WA,47.5952,-122.3316,Outdoor,Turf,20.0,2002.0,,,,,
2023,1,26,Wil Lutz,denver_broncos,4.0,13.8,4.0,4.0,24,1,2,50.0,0,1,0,0,0,2023-09-10,4:25PM,Empower Field at Mile High,Denver,CO,39.7439,-105.0201,Outdoor,Turf,5280.0,2001.0,,,,,
2023,1,27,Evan Mcpherson,cincinnati_bengals,4.0,13.7,4.0,4.0,42,1,2,50.0,0,0,0,1,0,2023-09-10,1:00PM,FirstEnergy Stadium,Cleveland,OH,41.5061,-81.6995,Outdoor,Grass,577.0,1999.0,,,,,
2023,1,28,Matt Gay,indianapolis_colts,3.0,2.1,3.0,3.0,0,0,0,0.0,0,0,0,0,0,2023-09-10,1:00PM,Lucas Oil Stadium,Indianapolis,IN,39.7601,-86.1639,Indoor,Turf,700.0,2008.0,,,,,
2023,1,29,Riley Patterson,cleveland_browns,3.0,2.1,3.0,3.0,0,0,0,0.0,0,0,0,0,0,2023-09-10,1:00PM,FirstEnergy Stadium,Cleveland,OH,41.5061,-81.6995,Outdoor,Grass,577.0,1999.0,,,,,
2023,1,30,Riley Patterson,detroit_lions,3.0,2.1,3.0,3.0,0,0,0,0.0,0,0,0,0,0,2023-09-07,8:20PM,GEHA Field at Arrowhead Stadium,Kansas City,MO,39.049,-94.4839,Outdoor,Grass,1020.0,1972.0,,,,,
2023,1,31,Chad Ryland,new_england_patriots,2.0,1.4,2.0,2.0,0,0,0,0.0,0,0,0,0,0,2023-09-10,4:25PM,Gillette Stadium,Foxborough,MA,42.0909,-71.2643,Outdoor,Turf,289.0,2002.0,,,,,
2023,1,32,Chris Boswell,pittsburgh_steelers,1.0,0.7,1.0,1.0,0,0,0,0.0,0,0,0,0,0,2023-09-10,1:00PM,Acrisure Stadium,Pittsburgh,PA,40.4468,-80.0158,Outdoor,Grass,730.0,2001.0,,,,,
2023,1,33,Graham Gano,new_york_giants,0.0,0.4,0.0,0.0,0,0,2,0.0,0,0,0,0,0,2023-09-10,8:20PM,MetLife Stadium,East Rutherford,NJ,40.8136,-74.0744,Outdoor,Turf,3.0,2010.0,,,,,
2023,2,1,Brandon Aubrey,dallas_cowboys,18.0,36.3,18.0,18.0,55,5,5,100.0,0,2,2,0,1,2023-09-17,4:25PM,AT&T Stadium,Arlington,TX,32.7473,-97.0945,Indoor,Turf,639.0,2009.0,,,,,
2023,2,2,Jake Moody,san_francisco_49ers,14.0,32.1,14.0,14.0,57,3,3,100.0,0,2,0,0,1,2023-09-17,4:05PM,SoFi Stadium,Inglewood,CA,33.9535,-118.3392,Outdoor,Turf,100.0,2020.0,,,,,
2023,2,3,Younghoe Koo,atlanta_falcons,13.0,32.1,13.0,13.0,39,4,4,100.0,0,2,2,0,0,2023-09-17,1:00PM,Mercedes-Benz Stadium,Atlanta,GA,33.755,-84.4008,Indoor,Turf,1050.0,2017.0,,,,,
2023,2,4,Eddy Pineiro,carolina_panthers,13.0,31.2,13.0,13.0,54,3,3,100.0,0,0,1,0,2,2023-09-18,7:15PM,Bank of America Stadium,Charlotte,NC,35.2258,-80.8528,Outdoor,Grass,748.0,1996.0,,,,,
2023,2,5,Brett Maher,los_angeles_rams,13.0,31.2,13.0,13.0,48,3,3,100.0,0,0,1,2,0,2023-09-17,4:05PM,SoFi Stadium,Inglewood,CA,33.9535,-118.3392,Outdoor,Turf,100.0,2020.0,,,,,
2023,2,6,Chris Boswell,pittsburgh_steelers,12.0,29.8,12.0,12.0,52,2,2,100.0,0,0,0,0,2,2023-09-18,8:15PM,Acrisure Stadium,Pittsburgh,PA,40.4468,-80.0158,Outdoor,Grass,730.0,2001.0,,,,,
2023,2,7,Brandon Mcmanus,jacksonville_jaguars,10.0,29.2,10.0,10.0,49,3,3,100.0,0,1,1,1,0,2023-09-17,1:00PM,TIAA Bank Field,Jacksonville,FL,30.3239,-81.6373,Outdoor,Grass,16.0,1995.0,,,,,
2023,2,8,Cameron Dicker,los_angeles_chargers,10.0,29.2,10.0,10.0,33,3,3,100.0,0,1,2,0,0,2023-09-17,1:00PM,Nissan Stadium,Nashville,TN,36.1665,-86.7713,Outdoor,Grass,476.0,1999.0,,,,,
2023,2,9,Nick Folk,tennessee_titans,10.0,28.4,10.0,10.0,41,2,2,100.0,0,0,1,1,0,2023-09-17,1:00PM,Nissan Stadium,Nashville,TN,36.1665,-86.7713,Outdoor,Grass,476.0,1999.0,,,,,
2023,2,10,Wil Lutz,denver_broncos,9.0,27.7,9.0,9.0,32,2,2,100.0,0,0,2,0,0,2023-09-17,4:25PM,Empower Field at Mile High,Denver,CO,39.7439,-105.0201,Outdoor,Turf,5280.0,2001.0,,,,,
2023,2,11,Blake Grupe,new_orleans_saints,8.0,27.2,8.0,8.0,28,2,2,100.0,0,2,0,0,0,2023-09-18,7:15PM,Bank of America Stadium,Charlotte,NC,35.2258,-80.8528,Outdoor,Grass,748.0,1996.0,,,,,
2023,2,12,Tyler Bass,buffalo_bills,8.0,26.4,8.0,8.0,29,1,1,100.0,0,1,0,0,0,2023-09-17,1:00PM,Highmark Stadium,Orchard Park,NY,42.7738,-78.7868,Outdoor,Grass,600.0,1973.0,,,,,
2023,2,13,Matt Gay,indianapolis_colts,8.0,26.3,8.0,8.0,42,1,1,100.0,0,0,0,1,0,2023-09-17,1:00PM,NRG Stadium,Houston,TX,29.6847,-95.4107,Indoor,Turf,50.0,2002.0,,,,,
2023,2,14,Riley Patterson,cleveland_browns,7.0,25.6,7.0,7.0,38,1,1,100.0,0,0,1,0,0,2023-09-18,8:15PM,Acrisure Stadium,Pittsburgh,PA,40.4468,-80.0158,Outdoor,Grass,730.0,2001.0,,,,,
2023,2,15,Riley Patterson,detroit_lions,7.0,25.6,7.0,7.0,38,1,1,100.0,0,0,1,0,0,2023-09-17,1:00PM,Ford Field,Detroit,MI,42.34,-83.0456,Indoor,Turf,600.0,2002.0,,,,,
2023,2,16,Cairo Santos,chicago_bears,7.0,25.6,7.0,7.0,52,1,1,100.0,0,0,0,0,1,2023-09-17,1:00PM,Raymond James Stadium,Tampa,FL,27.9759,-82.5033,Outdoor,Grass,26.0,1998.0,,,,,
2023,2,17,Graham Gano,new_york_giants,7.0,25.6,7.0,7.0,34,1,1,100.0,0,0,1,0,0,2023-09-17,4:05PM,State Farm Stadium,Glendale,AZ,33.5275,-112.2625,Indoor,Turf,1070.0,2006.0,,,,,
2023,2,18,Evan Mcpherson,cincinnati_bengals,6.0,25.0,6.0,6.0,27,1,1,100.0,0,1,0,0,0,2023-09-17,1:00PM,Paycor Stadium,Cincinnati,OH,39.0954,-84.516,Outdoor,Turf,482.0,2000.0,,,,,
2023,2,19,Anders Carlson,green_bay_packers,6.0,24.9,6.0,6.0,33,1,1,100.0,0,0,1,0,0,2023-09-17,1:00PM,Mercedes-Benz Stadium,Atlanta,GA,33.755,-84.4008,Indoor,Turf,1050.0,2017.0,,,,,
2023,2,20,Chad Ryland,new_england_patriots,6.0,24.9,6.0,6.0,49,1,1,100.0,0,0,0,1,0,2023-09-17,8:20PM,Gillette Stadium,Foxborough,MA,42.0909,-71.2643,Outdoor,Turf,289.0,2002.0,,,,,
2023,2,21,Daniel Carlson,las_vegas_raiders,5.0,24.2,5.0,5.0,47,1,1,100.0,0,0,0,1,0,2023-09-17,1:00PM,Highmark Stadium,Orchard Park,NY,42.7738,-78.7868,Outdoor,Grass,600.0,1973.0,,,,,
2023,2,22,Harrison Butker,kansas_city_chiefs,5.0,24.2,5.0,5.0,38,1,1,100.0,0,0,1,0,0,2023-09-17,1:00PM,TIAA Bank Field,Jacksonville,FL,30.3239,-81.6373,Outdoor,Grass,16.0,1995.0,,,,,
2023,2,23,Austin Seibert,new_orleans_saints,4.0,23.5,4.0,4.0,34,1,1,100.0,0,0,1,0,0,2023-09-18,7:15PM,Bank of America Stadium,Charlotte,NC,35.2258,-80.8528,Outdoor,Grass,748.0,1996.0,,,,,
2023,2,24,Austin Seibert,new_york_jets,4.0,23.5,4.0,4.0,34,1,1,100.0,0,0,1,0,0,2023-09-17,4:25PM,AT&T Stadium,Arlington,TX,32.7473,-97.0945,Indoor,Turf,639.0,2009.0,,,,,
2023,2,25,Jake Elliott,philadelphia_eagles,12.0,23.44,12.0,12.0,61,2,3,66.7,0,1,0,0,1,2023-09-14,8:15PM,Lincoln Financial Field,Philadelphia,PA,39.9008,-75.1675,Outdoor,Grass,30.0,2003.0,,,,,
2023,2,26,Justin Tucker,baltimore_ravens,11.0,22.64,11.0,11.0,44,2,3,66.7,0,0,0,2,0,2023-09-17,1:00PM,Paycor Stadium,Cincinnati,OH,39.0954,-84.516,Outdoor,Turf,482.0,2000.0,,,,,
2023,2,27,Chase Mclaughlin,tampa_bay_buccaneers,9.0,21.44,9.0,9.0,26,2,3,66.7,0,2,0,0,0,2023-09-17,1:00PM,Raymond James Stadium,Tampa,FL,27.9759,-82.5033,Outdoor,Grass,26.0,1998.0,,,,,
2023,2,28,Matt Prater,arizona_cardinals,9.0,21.24,9.0,9.0,44,2,3,66.7,0,0,1,1,0,2023-09-17,4:05PM,State Farm Stadium,Glendale,AZ,33.5275,-112.2625,Indoor,Turf,1070.0,2006.0,,,,,
2023,2,29,Dustin Hopkins,cleveland_browns,9.0,21.24,9.0,9.0,55,2,3,66.7,0,0,0,1,1,2023-09-18,8:15PM,Acrisure Stadium,Pittsburgh,PA,40.4468,-80.0158,Outdoor,Grass,730.0,2001.0,,,,,
2023,2,30,Ka'Imi Fairbairn,houston_texans,8.0,20.64,8.0,8.0,36,2,3,66.7,0,1,1,0,0,2023-09-17,1:00PM,NRG Stadium,Houston,TX,29.6847,-95.4107,Indoor,Turf,50.0,2002.0,,,,,
2023,2,31,Joey Slye,washington_commanders,11.0,19.5,11.0,11.0,49,2,4,50.0,0,0,0,2,0,2023-09-17,4:25PM,Empower Field at Mile High,Denver,CO,39.7439,-105.0201,Outdoor,Turf,5280.0,2001.0,,,,,
2023,2,32,Jason Myers,seattle_seahawks,7.0,12.76,7.0,7.0,25,1,3,33.3,0,1,0,0,0,2023-09-17,1:00PM,Ford Field,Detroit,MI,42.34,-83.0456,Indoor,Turf,600.0,2002.0,,,,,
2023,2,33,Jason Sanders,miami_dolphins,6.0,12.06,6.0,6.0,23,1,3,33.3,0,1,0,0,0,2023-09-17,8:20PM,Gillette Stadium,Foxborough,MA,42.0909,-71.2643,Outdoor,Turf,289.0,2002.0,,,,,
2023,2,34,Greg Joseph,minnesota_vikings,4.0,2.8,4.0,4.0,0,0,0,0.0,0,0,0,0,0,2023-09-14,8:15PM,Lincoln Financial Field,Philadelphia,PA,39.9008,-75.1675,Outdoor,Grass,30.0,2003.0,,,,,
2023,3,1,Matt Gay,indianapolis_colts,24.0,40.3,24.0,24.0,54,5,5,100.0,0,0,1,0,4,2023-09-24,1:00PM,M&T Bank Stadium,Baltimore,MD,39.2779,-76.6227,Outdoor,Grass,10.0,1998.0,,,,,
2023,3,2,Jason Myers,seattle_seahawks,18.0,36.1,18.0,18.0,43,5,5,100.0,0,0,4,1,0,2023-09-24,4:05PM,Lumen Field,Seattle,WA,47.5952,-122.3316,Outdoor,Turf,20.0,2002.0,,,,,
2023,3,3,Tyler Bass,buffalo_bills,15.0,32.6,15.0,15.0,54,3,3,100.0,0,0,2,0,1,2023-09-24,1:00PM,FedExField,Landover,MD,38.9078,-76.8645,Outdoor,Grass,300.0,1997.0,,,,,
2023,3,4,Chris Boswell,pittsburgh_steelers,15.0,32.6,15.0,15.0,57,3,3,100.0,0,0,0,2,1,2023-09-24,8:20PM,Allegiant Stadium,Las Vegas,NV,36.0908,-115.183,Indoor,Turf,2001.0,2020.0,,,,,
2023,3,5,Evan Mcpherson,cincinnati_bengals,19.0,32.3,19.0,19.0,54,4,5,80.0,0,0,0,2,2,2023-09-25,8:15PM,Paycor Stadium,Cincinnati,OH,39.0954,-84.516,Outdoor,Turf,482.0,2000.0,,,,,
2023,3,6,Ka'Imi Fairbairn,houston_texans,13.0,31.4,13.0,13.0,33,3,3,100.0,0,2,1,0,0,2023-09-24,1:00PM,TIAA Bank Field,Jacksonville,FL,30.3239,-81.6373,Outdoor,Grass,16.0,1995.0,,,,,
2023,3,7,Matt Prater,arizona_cardinals,13.0,31.2,13.0,13.0,62,3,3,100.0,0,0,1,1,1,2023-09-24,4:25PM,State Farm Stadium,Glendale,AZ,33.5275,-112.2625,Indoor,Turf,1070.0,2006.0,,,,,
2023,3,8,Jake Moody,san_francisco_49ers,12.0,30.7,12.0,12.0,36,3,3,100.0,0,2,1,0,0,2023-09-21,8:15PM,Levi's Stadium,Santa Clara,CA,37.403,-121.9692,Outdoor,Grass,13.0,2014.0,,,,,
2023,3,9,Brandon Aubrey,dallas_cowboys,11.0,30.0,11.0,11.0,49,3,3,100.0,0,2,0,1,0,2023-09-24,4:25PM,State Farm Stadium,Glendale,AZ,33.5275,-112.2625,Indoor,Turf,1070.0,2006.0,,,,,
2023,3,10,Jake Elliott,philadelphia_eagles,11.0,29.9,11.0,11.0,38,3,3,100.0,0,1,2,0,0,2023-09-25,7:15PM,Raymond James Stadium,Tampa,FL,27.9759,-82.5033,Outdoor,Grass,26.0,1998.0,,,,,
2023,3,11,Brett Maher,los_angeles_rams,11.0,29.9,11.0,11.0,42,3,3,100.0,0,1,1,1,0,2023-09-25,8:15PM,Paycor Stadium,Cincinnati,OH,39.0954,-84.516,Outdoor,Turf,482.0,2000.0,,,,,
2023,3,12,Dustin Hopkins,cleveland_browns,12.0,29.8,12.0,12.0,52,2,2,100.0,0,0,0,1,1,2023-09-24,1:00PM,FirstEnergy Stadium,Cleveland,OH,41.5061,-81.6995,Outdoor,Grass,577.0,1999.0,,,,,
2023,3,13,Harrison Butker,kansas_city_chiefs,12.0,29.8,12.0,12.0,41,2,2,100.0,0,0,1,1,0,2023-09-24,4:25PM,GEHA Field at Arrowhead Stadium,Kansas City,MO,39.049,-94.4839,Outdoor,Grass,1020.0,1972.0,,,,,
2023,3,14,Graham Gano,new_york_giants,9.0,27.7,9.0,9.0,57,2,2,100.0,0,0,0,1,1,2023-09-21,8:15PM,Levi's Stadium,Santa Clara,CA,37.403,-121.9692,Outdoor,Grass,13.0,2014.0,,,,,
2023,3,15,Wil Lutz,denver_broncos,8.0,27.1,8.0,8.0,31,2,2,100.0,0,1,1,0,0,2023-09-24,1:00PM,Hard Rock Stadium,Miami Gardens,FL,25.958,-80.238,Outdoor,Grass,7.0,1987.0,,,,,
2023,3,16,Riley Patterson,cleveland_browns,8.0,27.1,8.0,8.0,37,2,2,100.0,0,1,1,0,0,2023-09-24,1:00PM,FirstEnergy Stadium,Cleveland,OH,41.5061,-81.6995,Outdoor,Grass,577.0,1999.0,,,,,
2023,3,17,Riley Patterson,detroit_lions,8.0,27.1,8.0,8.0,37,2,2,100.0,0,1,1,0,0,2023-09-24,1:00PM,Ford Field,Detroit,MI,42.34,-83.0456,Indoor,Turf,600.0,2002.0,,,,,
2023,3,18,Greg Joseph,minnesota_vikings,6.0,25.0,6.0,6.0,23,1,1,100.0,0,1,0,0,0,2023-09-24,1:00PM,U.S. Bank Stadium,Minneapolis,MN,44.974,-93.2581,Indoor,Turf,840.0,2016.0,,,,,
2023,3,19,Greg Zuerlein,new_york_jets,6.0,24.9,6.0,6.0,52,1,1,100.0,0,0,0,0,1,2023-09-24,1:00PM,MetLife Stadium,East Rutherford,NJ,40.8136,-74.0744,Outdoor,Turf,3.0,2010.0,,,,,
2023,3,20,Joey Slye,washington_commanders,5.0,24.2,5.0,5.0,51,1,1,100.0,0,0,0,0,1,2023-09-24,1:00PM,FedExField,Landover,MD,38.9078,-76.8645,Outdoor,Grass,300.0,1997.0,,,,,
2023,3,21,Daniel Carlson,las_vegas_raiders,4.0,23.6,4.0,4.0,26,1,1,100.0,0,1,0,0,0,2023-09-24,8:20PM,Allegiant Stadium,Las Vegas,NV,36.0908,-115.183,Indoor,Turf,2001.0,2020.0,,,,,
2023,3,22,Cairo Santos,chicago_bears,4.0,23.6,4.0,4.0,21,1,1,100.0,0,1,0,0,0,2023-09-24,4:25PM,GEHA Field at Arrowhead Stadium,Kansas City,MO,39.049,-94.4839,Outdoor,Grass,1020.0,1972.0,,,,,
2023,3,23,Nick Folk,tennessee_titans,4.0,23.5,4.0,4.0,44,1,1,100.0,0,0,0,1,0,2023-09-24,1:00PM,FirstEnergy Stadium,Cleveland,OH,41.5061,-81.6995,Outdoor,Grass,577.0,1999.0,,,,,
2023,3,24,Anders Carlson,green_bay_packers,4.0,23.5,4.0,4.0,38,1,1,100.0,0,0,1,0,0,2023-09-24,1:00PM,Lambeau Field,Green Bay,WI,44.5013,-88.0622,Outdoor,Grass,640.0,1957.0,,,,,
2023,3,25,Chase Mclaughlin,tampa_bay_buccaneers,3.0,22.8,3.0,3.0,33,1,1,100.0,0,0,1,0,0,2023-09-25,7:15PM,Raymond James Stadium,Tampa,FL,27.9759,-82.5033,Outdoor,Grass,26.0,1998.0,,,,,
2023,3,26,Eddy Pineiro,carolina_panthers,11.0,22.64,11.0,11.0,47,2,3,66.7,0,0,0,2,0,2023-09-24,4:05PM,Lumen Field,Seattle,WA,47.5952,-122.3316,Outdoor,Turf,20.0,2002.0,,,,,
2023,3,27,Younghoe Koo,atlanta_falcons,7.0,19.94,7.0,7.0,48,2,3,66.7,0,1,0,1,0,2023-09-24,1:00PM,Ford Field,Detroit,MI,42.34,-83.0456,Indoor,Turf,600.0,2002.0,,,,,
2023,3,28,Chad Ryland,new_england_patriots,10.0,18.8,10.0,10.0,51,2,4,50.0,0,0,0,1,1,2023-09-24,1:00PM,MetLife Stadium,East Rutherford,NJ,40.8136,-74.0744,Outdoor,Turf,3.0,2010.0,,,,,
2023,3,29,Justin Tucker,baltimore_ravens,7.0,15.8,7.0,7.0,50,1,2,50.0,0,0,0,0,1,2023-09-24,1:00PM,M&T Bank Stadium,Baltimore,MD,39.2779,-76.6227,Outdoor,Grass,10.0,1998.0,,,,,
2023,3,30,Blake Grupe,new_orleans_saints,5.0,14.5,5.0,5.0,25,1,2,50.0,0,1,0,0,0,2023-09-24,1:00PM,Lambeau Field,Green Bay,WI,44.5013,-88.0622,Outdoor,Grass,640.0,1957.0,,,,,
2023,3,31,Brandon Mcmanus,jacksonville_jaguars,5.0,11.26,5.0,5.0,33,1,3,33.3,0,0,1,0,0,2023-09-24,1:00PM,TIAA Bank Field,Jacksonville,FL,30.3239,-81.6373,Outdoor,Grass,16.0,1995.0,,,,,
2023,3,32,Jason Sanders,miami_dolphins,10.0,7.0,10.0,10.0,0,0,0,0.0,0,0,0,0,0,2023-09-24,1:00PM,Hard Rock Stadium,Miami Gardens,FL,25.958,-80.238,Outdoor,Grass,7.0,1987.0,,,,,
2023,3,33,Cameron Dicker,los_angeles_chargers,4.0,3.0,4.0,4.0,0,0,1,0.0,0,0,0,0,0,2023-09-24,1:00PM,U.S. Bank Stadium,Minneapolis,MN,44.974,-93.2581,Indoor,Turf,840.0,2016.0,,,,,
2023,4,1,Jake Elliott,philadelphia_eagles,18.0,35.4,18.0,18.0,54,4,4,100.0,0,0,1,2,1,2023-10-01,1:00PM,Lincoln Financial Field,Philadelphia,PA,39.9008,-75.1675,Outdoor,Grass,30.0,2003.0,,,,,
2023,4,2,Brandon Mcmanus,jacksonville_jaguars,14.0,31.9,14.0,14.0,56,3,3,100.0,0,0,1,1,1,2023-10-01,9:30AM,TIAA Bank Field,Jacksonville,FL,30.3239,-81.6373,Outdoor,Grass,16.0,1995.0,,,,,
2023,4,3,Tyler Bass,buffalo_bills,14.0,31.2,14.0,14.0,53,2,2,100.0,0,0,1,0,1,2023-10-01,1:00PM,Highmark Stadium,Orchard Park,NY,42.7738,-78.7868,Outdoor,Grass,600.0,1973.0,,,,,
2023,4,4,Brandon Aubrey,dallas_cowboys,12.0,30.7,12.0,12.0,33,3,3,100.0,0,2,1,0,0,2023-10-01,4:25PM,AT&T Stadium,Arlington,TX,32.7473,-97.0945,Indoor,Turf,639.0,2009.0,,,,,
2023,4,5,Ka'Imi Fairbairn,houston_texans,12.0,30.5,12.0,12.0,39,3,3,100.0,0,0,3,0,0,2023-10-01,1:00PM,NRG Stadium,Houston,TX,29.6847,-95.4107,Indoor,Turf,50.0,2002.0,,,,,
2023,4,6,Harrison Butker,kansas_city_chiefs,11.0,29.9,11.0,11.0,37,3,3,100.0,0,1,2,0,0,2023-10-01,8:20PM,MetLife Stadium,East Rutherford,NJ,40.8136,-74.0744,Outdoor,Turf,3.0,2010.0,,,,,
2023,4,7,Nick Folk,tennessee_titans,11.0,29.1,11.0,11.0,53,2,2,100.0,0,0,1,0,1,2023-10-01,1:00PM,Nissan Stadium,Nashville,TN,36.1665,-86.7713,Outdoor,Grass,476.0,1999.0,,,,,
2023,4,8,Blake Grupe,new_orleans_saints,10.0,29.1,10.0,10.0,44,3,3,100.0,0,0,2,1,0,2023-10-01,1:00PM,Caesars Superdome,New Orleans,LA,29.9509,-90.0815,Indoor,Turf,3.0,1975.0,,,,,
2023,4,9,Chase Mclaughlin,tampa_bay_buccaneers,10.0,28.5,10.0,10.0,51,2,2,100.0,0,1,0,0,1,2023-10-01,1:00PM,Caesars Superdome,New Orleans,LA,29.9509,-90.0815,Indoor,Turf,3.0,1975.0,,,,,
2023,4,10,Riley Patterson,cleveland_browns,10.0,28.4,10.0,10.0,37,2,2,100.0,0,0,2,0,0,2023-10-01,1:00PM,FirstEnergy Stadium,Cleveland,OH,41.5061,-81.6995,Outdoor,Grass,577.0,1999.0,,,,,
2023,4,11,Riley Patterson,detroit_lions,10.0,28.4,10.0,10.0,37,2,2,100.0,0,0,2,0,0,2023-09-28,8:15PM,Lambeau Field,Green Bay,WI,44.5013,-88.0622,Outdoor,Grass,640.0,1957.0,,,,,
2023,4,12,Eddy Pineiro,carolina_panthers,9.0,27.8,9.0,9.0,56,2,2,100.0,0,1,0,0,1,2023-10-01,1:00PM,Bank of America Stadium,Charlotte,NC,35.2258,-80.8528,Outdoor,Grass,748.0,1996.0,,,,,
2023,4,13,Wil Lutz,denver_broncos,9.0,27.0,9.0,9.0,51,1,1,100.0,0,0,0,0,1,2023-10-01,1:00PM,Soldier Field,Chicago,IL,41.8623,-87.6167,Outdoor,Grass,595.0,1924.0,,,,,
2023,4,14,Anders Carlson,green_bay_packers,8.0,27.0,8.0,8.0,50,2,2,100.0,0,0,1,0,1,2023-09-28,8:15PM,Lambeau Field,Green Bay,WI,44.5013,-88.0622,Outdoor,Grass,640.0,1957.0,,,,,
2023,4,15,Joey Slye,washington_commanders,7.0,25.7,7.0,7.0,27,1,1,100.0,0,1,0,0,0,2023-10-01,1:00PM,Lincoln Financial Field,Philadelphia,PA,39.9008,-75.1675,Outdoor,Grass,30.0,2003.0,,,,,
2023,4,16,Brett Maher,los_angeles_rams,16.0,25.7,16.0,16.0,54,3,5,60.0,0,0,0,1,2,2023-10-01,1:00PM,Lucas Oil Stadium,Indianapolis,IN,39.7601,-86.1639,Indoor,Turf,700.0,2008.0,,,,,
2023,4,17,Chris Boswell,pittsburgh_steelers,6.0,25.7,6.0,6.0,35,2,2,100.0,0,1,1,0,0,2023-10-01,1:00PM,NRG Stadium,Houston,TX,29.6847,-95.4107,Indoor,Turf,50.0,2002.0,,,,,
2023,4,18,Cameron Dicker,los_angeles_chargers,6.0,24.9,6.0,6.0,33,1,1,100.0,0,0,1,0,0,2023-10-01,4:05PM,SoFi Stadium,Inglewood,CA,33.9535,-118.3392,Outdoor,Turf,100.0,2020.0,,,,,
2023,4,19,Daniel Carlson,las_vegas_raiders,5.0,24.3,5.0,5.0,22,1,1,100.0,0,1,0,0,0,2023-10-01,4:05PM,SoFi Stadium,Inglewood,CA,33.9535,-118.3392,Outdoor,Turf,100.0,2020.0,,,,,
2023,4,20,Dustin Hopkins,cleveland_browns,5.0,24.2,5.0,5.0,53,1,1,100.0,0,0,0,0,1,2023-10-01,1:00PM,FirstEnergy Stadium,Cleveland,OH,41.5061,-81.6995,Outdoor,Grass,577.0,1999.0,,,,,
2023,4,21,Graham Gano,new_york_giants,5.0,24.2,5.0,5.0,55,1,1,100.0,0,0,0,0,1,2023-10-02,8:15PM,MetLife Stadium,East Rutherford,NJ,40.8136,-74.0744,Outdoor,Turf,3.0,2010.0,,,,,
2023,4,22,Matt Prater,arizona_cardinals,4.0,23.5,4.0,4.0,38,1,1,100.0,0,0,1,0,0,2023-10-01,4:25PM,Levi's Stadium,Santa Clara,CA,37.403,-121.9692,Outdoor,Grass,13.0,2014.0,,,,,
2023,4,23,Evan Mcpherson,cincinnati_bengals,3.0,22.9,3.0,3.0,21,1,1,100.0,0,1,0,0,0,2023-10-01,1:00PM,Nissan Stadium,Nashville,TN,36.1665,-86.7713,Outdoor,Grass,476.0,1999.0,,,,,
2023,4,24,Jason Myers,seattle_seahawks,6.0,15.1,6.0,6.0,34,1,2,50.0,0,0,1,0,0,2023-10-02,8:15PM,MetLife Stadium,East Rutherford,NJ,40.8136,-74.0744,Outdoor,Turf,3.0,2010.0,,,,,
2023,4,25,Greg Zuerlein,new_york_jets,4.0,13.7,4.0,4.0,31,1,2,50.0,0,0,1,0,0,2023-10-01,8:20PM,MetLife Stadium,East Rutherford,NJ,40.8136,-74.0744,Outdoor,Turf,3.0,2010.0,,,,,
2023,4,26,Chad Ryland,new_england_patriots,3.0,13.1,3.0,3.0,29,1,2,50.0,0,1,0,0,0,2023-10-01,4:25PM,AT&T Stadium,Arlington,TX,32.7473,-97.0945,Indoor,Turf,639.0,2009.0,,,,,
2023,4,27,Jake Moody,san_francisco_49ers,5.0,3.5,5.0,5.0,0,0,0,0.0,0,0,0,0,0,2023-10-01,4:25PM,Levi's Stadium,Santa Clara,CA,37.403,-121.9692,Outdoor,Grass,13.0,2014.0,,,,,
2023,4,28,Cairo Santos,chicago_bears,4.0,2.8,4.0,4.0,0,0,0,0.0,0,0,0,0,0,2023-10-01,1:00PM,Soldier Field,Chicago,IL,41.8623,-87.6167,Outdoor,Grass,595.0,1924.0,,,,,
2023,4,29,Justin Tucker,baltimore_ravens,4.0,2.8,4.0,4.0,0,0,0,0.0,0,0,0,0,0,2023-10-01,1:00PM,FirstEnergy Stadium,Cleveland,OH,41.5061,-81.6995,Outdoor,Grass,577.0,1999.0,,,,,
2023,4,30,Greg Joseph,minnesota_vikings,3.0,2.1,3.0,3.0,0,0,0,0.0,0,0,0,0,0,2023-10-01,1:00PM,Bank of America Stadium,Charlotte,NC,35.2258,-80.8528,Outdoor,Grass,748.0,1996.0,,,,,
2023,4,31,Jason Sanders,miami_dolphins,2.0,1.4,2.0,2.0,0,0,0,0.0,0,0,0,0,0,2023-10-01,1:00PM,Highmark Stadium,Orchard Park,NY,42.7738,-78.7868,Outdoor,Grass,600.0,1973.0,,,,,
2023,4,32,Matt Gay,indianapolis_colts,1.0,0.9,1.0,1.0,0,0,1,0.0,0,0,0,0,0,2023-10-01,1:00PM,Lucas Oil Stadium,Indianapolis,IN,39.7601,-86.1639,Indoor,Turf,700.0,2008.0,,,,,
2023,4,33,Younghoe Koo,atlanta_falcons,1.0,0.7,1.0,1.0,0,0,0,0.0,0,0,0,0,0,2023-10-01,9:30AM,TIAA Bank Field,Jacksonville,FL,30.3239,-81.6373,Outdoor,Grass,16.0,1995.0,,,,,
2023,5,1,Greg Zuerlein,new_york_jets,18.0,36.4,18.0,18.0,49,5,5,100.0,0,3,1,1,0,2023-10-08,4:25PM,Empower Field at Mile High,Denver,CO,39.7439,-105.0201,Outdoor,Turf,5280.0,2001.0,,,,,
2023,5,2,Cairo Santos,chicago_bears,17.0,34.8,17.0,17.0,43,4,4,100.0,0,1,2,1,0,2023-10-05,8:15PM,FedExField,Landover,MD,38.9078,-76.8645,Outdoor,Grass,300.0,1997.0,,,,,
2023,5,3,Ka'Imi Fairbairn,houston_texans,15.0,33.4,15.0,15.0,43,4,4,100.0,0,1,1,2,0,2023-10-08,1:00PM,Mercedes-Benz Stadium,Atlanta,GA,33.755,-84.4008,Indoor,Turf,1050.0,2017.0,,,,,
2023,5,4,Blake Grupe,new_orleans_saints,14.0,31.2,14.0,14.0,54,2,2,100.0,0,0,0,0,2,2023-10-08,1:00PM,Gillette Stadium,Foxborough,MA,42.0909,-71.2643,Outdoor,Turf,289.0,2002.0,,,,,
2023,5,5,Nick Folk,tennessee_titans,12.0,30.6,12.0,12.0,53,3,3,100.0,0,1,1,0,1,2023-10-08,1:00PM,Lucas Oil Stadium,Indianapolis,IN,39.7601,-86.1639,Indoor,Turf,700.0,2008.0,,,,,
2023,5,6,Matt Gay,indianapolis_colts,12.0,30.6,12.0,12.0,43,3,3,100.0,0,1,1,1,0,2023-10-08,1:00PM,Lucas Oil Stadium,Indianapolis,IN,39.7601,-86.1639,Indoor,Turf,700.0,2008.0,,,,,
2023,5,7,Jake Elliott,philadelphia_eagles,11.0,30.0,11.0,11.0,34,3,3,100.0,0,2,1,0,0,2023-10-08,4:05PM,SoFi Stadium,Inglewood,CA,33.9535,-118.3392,Outdoor,Turf,100.0,2020.0,,,,,
2023,5,8,Chris Boswell,pittsburgh_steelers,11.0,29.9,11.0,11.0,43,3,3,100.0,0,1,0,2,0,2023-10-08,1:00PM,Acrisure Stadium,Pittsburgh,PA,40.4468,-80.0158,Outdoor,Grass,730.0,2001.0,,,,,
2023,5,9,Evan Mcpherson,cincinnati_bengals,12.0,29.8,12.0,12.0,40,2,2,100.0,0,0,0,2,0,2023-10-08,4:05PM,State Farm Stadium,Glendale,AZ,33.5275,-112.2625,Indoor,Turf,1070.0,2006.0,,,,,
2023,5,10,Harrison Butker,kansas_city_chiefs,10.0,28.4,10.0,10.0,40,2,2,100.0,0,0,1,1,0,2023-10-08,4:25PM,U.S. Bank Stadium,Minneapolis,MN,44.974,-93.2581,Indoor,Turf,840.0,2016.0,,,,,
2023,5,11,Greg Joseph,minnesota_vikings,9.0,27.8,9.0,9.0,40,2,2,100.0,0,1,0,1,0,2023-10-08,4:25PM,U.S. Bank Stadium,Minneapolis,MN,44.974,-93.2581,Indoor,Turf,840.0,2016.0,,,,,
2023,5,12,Wil Lutz,denver_broncos,7.0,26.5,7.0,7.0,23,2,2,100.0,0,2,0,0,0,2023-10-08,4:25PM,Empower Field at Mile High,Denver,CO,39.7439,-105.0201,Outdoor,Turf,5280.0,2001.0,,,,,
2023,5,13,Graham Gano,new_york_giants,13.0,26.4,13.0,13.0,51,3,4,75.0,0,0,1,1,1,2023-10-08,1:00PM,Hard Rock Stadium,Miami Gardens,FL,25.958,-80.238,Outdoor,Grass,7.0,1987.0,,,,,
2023,5,14,Anders Carlson,green_bay_packers,7.0,26.4,7.0,7.0,37,2,2,100.0,0,1,1,0,0,2023-10-09,8:15PM,Allegiant Stadium,Las Vegas,NV,36.0908,-115.183,Indoor,Turf,2001.0,2020.0,,,,,
2023,5,15,Jason Sanders,miami_dolphins,8.0,26.3,8.0,8.0,40,1,1,100.0,0,0,0,1,0,2023-10-08,1:00PM,Hard Rock Stadium,Miami Gardens,FL,25.958,-80.238,Outdoor,Grass,7.0,1987.0,,,,,
2023,5,16,Younghoe Koo,atlanta_falcons,7.0,26.3,7.0,7.0,37,2,2,100.0,0,0,2,0,0,2023-10-08,1:00PM,Mercedes-Benz Stadium,Atlanta,GA,33.755,-84.4008,Indoor,Turf,1050.0,2017.0,,,,,
2023,5,17,Brandon Aubrey,dallas_cowboys,6.0,24.9,6.0,6.0,50,1,1,100.0,0,0,0,0,1,2023-10-08,8:20PM,Levi's Stadium,Santa Clara,CA,37.403,-121.9692,Outdoor,Grass,13.0,2014.0,,,,,
2023,5,18,Brandon Mcmanus,jacksonville_jaguars,6.0,24.9,6.0,6.0,44,1,1,100.0,0,0,0,1,0,2023-10-08,9:30AM,Highmark Stadium,Orchard Park,NY,42.7738,-78.7868,Outdoor,Grass,600.0,1973.0,,,,,
2023,5,19,Eddy Pineiro,carolina_panthers,6.0,24.9,6.0,6.0,33,1,1,100.0,0,0,1,0,0,2023-10-08,1:00PM,Ford Field,Detroit,MI,42.34,-83.0456,Indoor,Turf,600.0,2002.0,,,,,
2023,5,20,Justin Tucker,baltimore_ravens,4.0,23.6,4.0,4.0,23,1,1,100.0,0,1,0,0,0,2023-10-08,1:00PM,Acrisure Stadium,Pittsburgh,PA,40.4468,-80.0158,Outdoor,Grass,730.0,2001.0,,,,,
2023,5,21,Joey Slye,washington_commanders,8.0,20.54,8.0,8.0,51,2,3,66.7,0,0,1,0,1,2023-10-05,8:15PM,FedExField,Landover,MD,38.9078,-76.8645,Outdoor,Grass,300.0,1997.0,,,,,
2023,5,22,Daniel Carlson,las_vegas_raiders,5.0,11.36,5.0,5.0,26,1,3,33.3,0,1,0,0,0,2023-10-09,8:15PM,Allegiant Stadium,Las Vegas,NV,36.0908,-115.183,Indoor,Turf,2001.0,2020.0,,,,,
2023,5,23,Jake Moody,san_francisco_49ers,6.0,4.2,6.0,6.0,0,0,0,0.0,0,0,0,0,0,2023-10-08,8:20PM,Levi's Stadium,Santa Clara,CA,37.403,-121.9692,Outdoor,Grass,13.0,2014.0,,,,,
2023,5,24,Riley Patterson,cleveland_browns,6.0,4.2,6.0,6.0,0,0,0,0.0,0,0,0,0,0,,,,,,,,,,,,,,,,
2023,5,25,Riley Patterson,detroit_lions,6.0,4.2,6.0,6.0,0,0,0,0.0,0,0,0,0,0,2023-10-08,1:00PM,Ford Field,Detroit,MI,42.34,-83.0456,Indoor,Turf,600.0,2002.0,,,,,
2023,5,26,Tyler Bass,buffalo_bills,2.0,1.4,2.0,2.0,0,0,0,0.0,0,0,0,0,0,2023-10-08,9:30AM,Highmark Stadium,Orchard Park,NY,42.7738,-78.7868,Outdoor,Grass,600.0,1973.0,,,,,
2023,5,27,Matt Prater,arizona_cardinals,2.0,1.4,2.0,2.0,0,0,0,0.0,0,0,0,0,0,2023-10-08,4:05PM,State Farm Stadium,Glendale,AZ,33.5275,-112.2625,Indoor,Turf,1070.0,2006.0,,,,,
2023,5,28,Brett Maher,los_angeles_rams,2.0,1.4,2.0,2.0,0,0,0,0.0,0,0,0,0,0,2023-10-08,4:05PM,SoFi Stadium,Inglewood,CA,33.9535,-118.3392,Outdoor,Turf,100.0,2020.0,,,,,
2023,5,29,Chad Ryland,new_england_patriots,0.0,0.2,0.0,0.0,0,0,1,0.0,0,0,0,0,0,2023-10-08,1:00PM,Gillette Stadium,Foxborough,MA,42.0909,-71.2643,Outdoor,Turf,289.0,2002.0,,,,,
2023,6,1,Justin Tucker,baltimore_ravens,19.0,37.9,19.0,19.0,41,6,6,100.0,0,4,1,1,0,2023-10-15,9:30AM,Nissan Stadium,Nashville,TN,36.1665,-86.7713,Outdoor,Grass,476.0,1999.0,,,,,
2023,6,2,Harrison Butker,kansas_city_chiefs,17.0,34.8,17.0,17.0,60,4,4,100.0,0,1,1,0,2,2023-10-12,8:15PM,GEHA Field at Arrowhead Stadium,Kansas City,MO,39.049,-94.4839,Outdoor,Grass,1020.0,1972.0,,,,,
2023,6,3,Brandon Mcmanus,jacksonville_jaguars,17.0,34.0,17.0,17.0,51,3,3,100.0,0,0,0,2,1,2023-10-15,1:00PM,TIAA Bank Field,Jacksonville,FL,30.3239,-81.6373,Outdoor,Grass,16.0,1995.0,,,,,
2023,6,4,Brett Maher,los_angeles_rams,15.0,33.5,15.0,15.0,43,4,4,100.0,0,2,1,1,0,2023-10-15,4:25PM,SoFi Stadium,Inglewood,CA,33.9535,-118.3392,Outdoor,Turf,100.0,2020.0,,,,,
2023,6,5,Greg Zuerlein,new_york_jets,14.0,32.6,14.0,14.0,43,4,4,100.0,0,0,2,2,0,2023-10-15,4:25PM,MetLife Stadium,East Rutherford,NJ,40.8136,-74.0744,Outdoor,Turf,3.0,2010.0,,,,,
2023,6,6,Daniel Carlson,las_vegas_raiders,13.0,32.1,13.0,13.0,37,4,4,100.0,0,2,2,0,0,2023-10-15,4:05PM,Allegiant Stadium,Las Vegas,NV,36.0908,-115.183,Indoor,Turf,2001.0,2020.0,,,,,
2023,6,7,Dustin Hopkins,cleveland_browns,17.0,31.0,17.0,17.0,50,4,5,80.0,0,1,0,2,1,2023-10-15,1:00PM,FirstEnergy Stadium,Cleveland,OH,41.5061,-81.6995,Outdoor,Grass,577.0,1999.0,,,,,
2023,6,8,Matt Prater,arizona_cardinals,11.0,29.9,11.0,11.0,55,3,3,100.0,0,1,1,0,1,2023-10-15,4:25PM,SoFi Stadium,Inglewood,CA,33.9535,-118.3392,Outdoor,Turf,100.0,2020.0,,,,,
2023,6,9,Nick Folk,tennessee_titans,10.0,29.3,10.0,10.0,38,3,3,100.0,0,2,1,0,0,2023-10-15,9:30AM,Nissan Stadium,Nashville,TN,36.1665,-86.7713,Outdoor,Grass,476.0,1999.0,,,,,
2023,6,10,Graham Gano,new_york_giants,10.0,29.3,10.0,10.0,43,3,3,100.0,0,2,0,1,0,2023-10-15,8:20PM,Highmark Stadium,Orchard Park,NY,42.7738,-78.7868,Outdoor,Grass,600.0,1973.0,,,,,
2023,6,11,Matt Gay,indianapolis_colts,10.0,28.5,10.0,10.0,56,2,2,100.0,0,1,0,0,1,2023-10-15,1:00PM,TIAA Bank Field,Jacksonville,FL,30.3239,-81.6373,Outdoor,Grass,16.0,1995.0,,,,,
2023,6,12,Jason Myers,seattle_seahawks,9.0,27.8,9.0,9.0,55,2,2,100.0,0,1,0,0,1,2023-10-15,1:00PM,Paycor Stadium,Cincinnati,OH,39.0954,-84.516,Outdoor,Turf,482.0,2000.0,,,,,
2023,6,13,Cairo Santos,chicago_bears,9.0,27.8,9.0,9.0,53,2,2,100.0,0,1,0,0,1,2023-10-15,1:00PM,Soldier Field,Chicago,IL,41.8623,-87.6167,Outdoor,Grass,595.0,1924.0,,,,,
2023,6,14,Ka'Imi Fairbairn,houston_texans,8.0,27.2,8.0,8.0,24,2,2,100.0,0,2,0,0,0,2023-10-15,1:00PM,NRG Stadium,Houston,TX,29.6847,-95.4107,Indoor,Turf,50.0,2002.0,,,,,
2023,6,15,Brandon Aubrey,dallas_cowboys,8.0,27.0,8.0,8.0,39,2,2,100.0,0,0,2,0,0,2023-10-16,8:15PM,SoFi Stadium,Inglewood,CA,33.9535,-118.3392,Outdoor,Turf,100.0,2020.0,,,,,
2023,6,16,Evan Mcpherson,cincinnati_bengals,7.0,25.6,7.0,7.0,52,1,1,100.0,0,0,0,0,1,2023-10-15,1:00PM,Paycor Stadium,Cincinnati,OH,39.0954,-84.516,Outdoor,Turf,482.0,2000.0,,,,,
2023,6,17,Chase Mclaughlin,tampa_bay_buccaneers,6.0,25.6,6.0,6.0,36,2,2,100.0,0,0,2,0,0,2023-10-15,4:25PM,Raymond James Stadium,Tampa,FL,27.9759,-82.5033,Outdoor,Grass,26.0,1998.0,,,,,
2023,6,18,Joey Slye,washington_commanders,6.0,24.9,6.0,6.0,37,1,1,100.0,0,0,1,0,0,2023-10-15,1:00PM,Mercedes-Benz Stadium,Atlanta,GA,33.755,-84.4008,Indoor,Turf,1050.0,2017.0,,,,,
2023,6,19,Chad Ryland,new_england_patriots,6.0,24.9,6.0,6.0,43,1,1,100.0,0,0,0,1,0,2023-10-15,4:05PM,Allegiant Stadium,Las Vegas,NV,36.0908,-115.183,Indoor,Turf,2001.0,2020.0,,,,,
2023,6,20,Cameron Dicker,los_angeles_chargers,5.0,24.3,5.0,5.0,24,1,1,100.0,0,1,0,0,0,2023-10-16,8:15PM,SoFi Stadium,Inglewood,CA,33.9535,-118.3392,Outdoor,Turf,100.0,2020.0,,,,,
2023,6,21,Younghoe Koo,atlanta_falcons,5.0,24.2,5.0,5.0,47,1,1,100.0,0,0,0,1,0,2023-10-15,1:00PM,Mercedes-Benz Stadium,Atlanta,GA,33.755,-84.4008,Indoor,Turf,1050.0,2017.0,,,,,
2023,6,22,Greg Joseph,minnesota_vikings,11.0,22.64,11.0,11.0,53,2,3,66.7,0,0,0,0,2,2023-10-15,1:00PM,Soldier Field,Chicago,IL,41.8623,-87.6167,Outdoor,Grass,595.0,1924.0,,,,,
2023,6,23,Riley Patterson,cleveland_browns,8.0,20.54,8.0,8.0,36,2,3,66.7,0,0,2,0,0,2023-10-15,1:00PM,FirstEnergy Stadium,Cleveland,OH,41.5061,-81.6995,Outdoor,Grass,577.0,1999.0,,,,,
2023,6,24,Riley Patterson,detroit_lions,8.0,20.54,8.0,8.0,36,2,3,66.7,0,0,2,0,0,2023-10-15,4:25PM,Raymond James Stadium,Tampa,FL,27.9759,-82.5033,Outdoor,Grass,26.0,1998.0,,,,,
2023,6,25,Blake Grupe,new_orleans_saints,9.0,18.1,9.0,9.0,48,2,4,50.0,0,0,0,2,0,2023-10-15,1:00PM,NRG Stadium,Houston,TX,29.6847,-95.4107,Indoor,Turf,50.0,2002.0,,,,,
2023,6,26,Jake Moody,san_francisco_49ers,5.0,11.36,5.0,5.0,25,1,3,33.3,0,1,0,0,0,2023-10-15,1:00PM,FirstEnergy Stadium,Cleveland,OH,41.5061,-81.6995,Outdoor,Grass,577.0,1999.0,,,,,
2023,6,27,Jason Sanders,miami_dolphins,6.0,4.2,6.0,6.0,0,0,0,0.0,0,0,0,0,0,2023-10-15,1:00PM,Hard Rock Stadium,Miami Gardens,FL,25.958,-80.238,Outdoor,Grass,7.0,1987.0,,,,,
2023,6,28,Eddy Pineiro,carolina_panthers,3.0,2.3,3.0,3.0,0,0,1,0.0,0,0,0,0,0,2023-10-15,1:00PM,Hard Rock Stadium,Miami Gardens,FL,25.958,-80.238,Outdoor,Grass,7.0,1987.0,,,,,
2023,6,29,Tyler Bass,buffalo_bills,2.0,1.8,2.0,2.0,0,0,2,0.0,0,0,0,0,0,2023-10-15,8:20PM,Highmark Stadium,Orchard Park,NY,42.7738,-78.7868,Outdoor,Grass,600.0,1973.0,,,,,
2023,6,30,Jake Elliott,philadelphia_eagles,2.0,1.6,2.0,2.0,0,0,1,0.0,0,0,0,0,0,2023-10-15,4:25PM,MetLife Stadium,East Rutherford,NJ,40.8136,-74.0744,Outdoor,Turf,3.0,2010.0,,,,,
2023,6,31,Wil Lutz,denver_broncos,0.0,0.0,0.0,0.0,0,0,0,0.0,0,0,0,0,0,2023-10-12,8:15PM,GEHA Field at Arrowhead Stadium,Kansas City,MO,39.049,-94.4839,Outdoor,Grass,1020.0,1972.0,,,,,
2023,7,1,Dustin Hopkins,cleveland_browns,22.0,38.2,22.0,22.0,58,4,4,100.0,0,0,0,1,3,2023-10-22,1:00PM,Lucas Oil Stadium,Indianapolis,IN,39.7601,-86.1639,Indoor,Turf,700.0,2008.0,,,,,
2023,7,2,Wil Lutz,denver_broncos,15.0,33.4,15.0,15.0,52,4,4,100.0,0,1,2,0,1,2023-10-22,4:25PM,Empower Field at Mile High,Denver,CO,39.7439,-105.0201,Outdoor,Turf,5280.0,2001.0,,,,,
2023,7,3,Younghoe Koo,atlanta_falcons,13.0,31.3,13.0,13.0,51,3,3,100.0,0,1,0,1,1,2023-10-22,1:00PM,Raymond James Stadium,Tampa,FL,27.9759,-82.5033,Outdoor,Grass,26.0,1998.0,,,,,
2023,7,4,Chad Ryland,new_england_patriots,12.0,30.6,12.0,12.0,49,3,3,100.0,0,1,1,1,0,2023-10-22,1:00PM,Gillette Stadium,Foxborough,MA,42.0909,-71.2643,Outdoor,Turf,289.0,2002.0,,,,,
2023,7,5,Jason Myers,seattle_seahawks,9.0,27.8,9.0,9.0,48,2,2,100.0,0,1,0,1,0,2023-10-22,4:05PM,Lumen Field,Seattle,WA,47.5952,-122.3316,Outdoor,Turf,20.0,2002.0,,,,,
2023,7,6,Chase Mclaughlin,tampa_bay_buccaneers,7.0,26.4,7.0,7.0,36,2,2,100.0,0,1,1,0,0,2023-10-22,1:00PM,Raymond James Stadium,Tampa,FL,27.9759,-82.5033,Outdoor,Grass,26.0,1998.0,,,,,
2023,7,7,Brandon Mcmanus,jacksonville_jaguars,8.0,26.3,8.0,8.0,43,1,1,100.0,0,0,0,1,0,2023-10-19,8:15PM,Caesars Superdome,New Orleans,LA,29.9509,-90.0815,Indoor,Turf,3.0,1975.0,,,,,
2023,7,8,Chris Boswell,pittsburgh_steelers,8.0,26.3,8.0,8.0,53,1,1,100.0,0,0,0,0,1,2023-10-22,4:05PM,SoFi Stadium,Inglewood,CA,33.9535,-118.3392,Outdoor,Turf,100.0,2020.0,,,,,
2023,7,9,Cairo Santos,chicago_bears,8.0,26.3,8.0,8.0,54,1,1,100.0,0,0,0,0,1,2023-10-22,1:00PM,Soldier Field,Chicago,IL,41.8623,-87.6167,Outdoor,Grass,595.0,1924.0,,,,,
2023,7,10,Justin Tucker,baltimore_ravens,8.0,26.3,8.0,8.0,32,1,1,100.0,0,0,1,0,0,2023-10-22,1:00PM,M&T Bank Stadium,Baltimore,MD,39.2779,-76.6227,Outdoor,Grass,10.0,1998.0,,,,,
2023,7,11,Greg Joseph,minnesota_vikings,12.0,25.9,12.0,12.0,54,3,4,75.0,0,2,0,0,1,2023-10-23,8:15PM,U.S. Bank Stadium,Minneapolis,MN,44.974,-93.2581,Indoor,Turf,840.0,2016.0,,,,,
2023,7,12,Jake Elliott,philadelphia_eagles,7.0,25.7,7.0,7.0,24,1,1,100.0,0,1,0,0,0,2023-10-22,8:20PM,Lincoln Financial Field,Philadelphia,PA,39.9008,-75.1675,Outdoor,Grass,30.0,2003.0,,,,,
2023,7,13,Cameron Dicker,los_angeles_chargers,7.0,25.6,7.0,7.0,55,1,1,100.0,0,0,0,0,1,2023-10-22,4:25PM,GEHA Field at Arrowhead Stadium,Kansas City,MO,39.049,-94.4839,Outdoor,Grass,1020.0,1972.0,,,,,
2023,7,14,Harrison Butker,kansas_city_chiefs,7.0,25.6,7.0,7.0,35,1,1,100.0,0,0,1,0,0,2023-10-22,4:25PM,GEHA Field at Arrowhead Stadium,Kansas City,MO,39.049,-94.4839,Outdoor,Grass,1020.0,1972.0,,,,,
2023,7,15,Blake Grupe,new_orleans_saints,11.0,25.1,11.0,11.0,42,3,4,75.0,0,1,1,1,0,2023-10-19,8:15PM,Caesars Superdome,New Orleans,LA,29.9509,-90.0815,Indoor,Turf,3.0,1975.0,,,,,
2023,7,16,Jason Sanders,miami_dolphins,6.0,24.9,6.0,6.0,40,1,1,100.0,0,0,0,1,0,2023-10-22,8:20PM,Lincoln Financial Field,Philadelphia,PA,39.9008,-75.1675,Outdoor,Grass,30.0,2003.0,,,,,
2023,7,17,Daniel Carlson,las_vegas_raiders,7.0,19.94,7.0,7.0,40,2,3,66.7,0,1,0,1,0,2023-10-22,1:00PM,Soldier Field,Chicago,IL,41.8623,-87.6167,Outdoor,Grass,595.0,1924.0,,,,,
2023,7,18,Matt Gay,indianapolis_colts,8.0,16.6,8.0,8.0,27,1,2,50.0,0,1,0,0,0,2023-10-22,1:00PM,Lucas Oil Stadium,Indianapolis,IN,39.7601,-86.1639,Indoor,Turf,700.0,2008.0,,,,,
2023,7,19,Jake Moody,san_francisco_49ers,7.0,15.8,7.0,7.0,55,1,2,50.0,0,0,0,0,1,2023-10-23,8:15PM,U.S. Bank Stadium,Minneapolis,MN,44.974,-93.2581,Indoor,Turf,840.0,2016.0,,,,,
2023,7,20,Anders Carlson,green_bay_packers,5.0,14.5,5.0,5.0,29,1,2,50.0,0,1,0,0,0,2023-10-22,4:25PM,Empower Field at Mile High,Denver,CO,39.7439,-105.0201,Outdoor,Turf,5280.0,2001.0,,,,,
2023,7,21,Tyler Bass,buffalo_bills,5.0,14.4,5.0,5.0,36,1,2,50.0,0,0,1,0,0,2023-10-22,1:00PM,Gillette Stadium,Foxborough,MA,42.0909,-71.2643,Outdoor,Turf,289.0,2002.0,,,,,
2023,7,22,Matt Prater,arizona_cardinals,5.0,14.4,5.0,5.0,44,1,2,50.0,0,0,0,1,0,2023-10-22,4:05PM,Lumen Field,Seattle,WA,47.5952,-122.3316,Outdoor,Turf,20.0,2002.0,,,,,
2023,7,23,Brett Maher,los_angeles_rams,4.0,10.56,4.0,4.0,41,1,3,33.3,0,0,0,1,0,2023-10-22,4:05PM,SoFi Stadium,Inglewood,CA,33.9535,-118.3392,Outdoor,Turf,100.0,2020.0,,,,,
2023,7,24,Graham Gano,new_york_giants,2.0,1.6,2.0,2.0,0,0,1,0.0,0,0,0,0,0,2023-10-22,1:00PM,MetLife Stadium,East Rutherford,NJ,40.8136,-74.0744,Outdoor,Turf,3.0,2010.0,,,,,
2023,7,25,Joey Slye,washington_commanders,1.0,0.9,1.0,1.0,0,0,1,0.0,0,0,0,0,0,2023-10-22,1:00PM,MetLife Stadium,East Rutherford,NJ,40.8136,-74.0744,Outdoor,Turf,3.0,2010.0,,,,,
2023,7,26,Riley Patterson,cleveland_browns,0.0,0.0,0.0,0.0,0,0,0,0.0,0,0,0,0,0,2023-10-22,1:00PM,Lucas Oil Stadium,Indianapolis,IN,39.7601,-86.1639,Indoor,Turf,700.0,2008.0,,,,,
2023,7,27,Riley Patterson,detroit_lions,0.0,0.0,0.0,0.0,0,0,0,0.0,0,0,0,0,0,2023-10-22,1:00PM,M&T Bank Stadium,Baltimore,MD,39.2779,-76.6227,Outdoor,Grass,10.0,1998.0,,,,,
2023,8,1,Brandon Mcmanus,jacksonville_jaguars,16.0,34.0,16.0,16.0,51,4,4,100.0,0,0,2,0,2,2023-10-29,1:00PM,Acrisure Stadium,Pittsburgh,PA,40.4468,-80.0158,Outdoor,Grass,730.0,2001.0,,,,,
2023,8,2,Cameron Dicker,los_angeles_chargers,16.0,33.3,16.0,16.0,53,3,3,100.0,0,0,0,2,1,2023-10-29,8:20PM,SoFi Stadium,Inglewood,CA,33.9535,-118.3392,Outdoor,Turf,100.0,2020.0,,,,,
2023,8,3,Riley Patterson,cleveland_browns,17.0,30.9,17.0,17.0,52,4,5,80.0,0,0,2,1,1,2023-10-29,4:05PM,Lumen Field,Seattle,WA,47.5952,-122.3316,Outdoor,Turf,20.0,2002.0,,,,,
2023,8,4,Riley Patterson,detroit_lions,17.0,30.9,17.0,17.0,52,4,5,80.0,0,0,2,1,1,2023-10-30,8:15PM,Ford Field,Detroit,MI,42.34,-83.0456,Indoor,Turf,600.0,2002.0,,,,,
2023,8,5,Younghoe Koo,atlanta_falcons,12.0,30.6,12.0,12.0,49,3,3,100.0,0,1,1,1,0,2023-10-29,1:00PM,Nissan Stadium,Nashville,TN,36.1665,-86.7713,Outdoor,Grass,476.0,1999.0,,,,,
2023,8,6,Brandon Aubrey,dallas_cowboys,13.0,30.6,13.0,13.0,58,2,2,100.0,0,1,0,0,1,2023-10-29,1:00PM,AT&T Stadium,Arlington,TX,32.7473,-97.0945,Indoor,Turf,639.0,2009.0,,,,,
2023,8,7,Harrison Butker,kansas_city_chiefs,11.0,29.9,11.0,11.0,56,3,3,100.0,0,1,1,0,1,2023-10-29,4:25PM,Empower Field at Mile High,Denver,CO,39.7439,-105.0201,Outdoor,Turf,5280.0,2001.0,,,,,
2023,8,8,Eddy Pineiro,carolina_panthers,10.0,29.2,10.0,10.0,46,3,3,100.0,0,1,1,1,0,2023-10-29,1:00PM,Bank of America Stadium,Charlotte,NC,35.2258,-80.8528,Outdoor,Grass,748.0,1996.0,,,,,
2023,8,9,Matt Gay,indianapolis_colts,10.0,28.5,10.0,10.0,42,2,2,100.0,0,1,0,1,0,2023-10-29,1:00PM,Lucas Oil Stadium,Indianapolis,IN,39.7601,-86.1639,Indoor,Turf,700.0,2008.0,,,,,
2023,8,10,Jake Elliott,philadelphia_eagles,10.0,27.7,10.0,10.0,51,1,1,100.0,0,0,0,0,1,2023-10-29,1:00PM,FedExField,Landover,MD,38.9078,-76.8645,Outdoor,Grass,300.0,1997.0,,,,,
2023,8,11,Dustin Hopkins,cleveland_browns,8.0,27.2,8.0,8.0,27,2,2,100.0,0,2,0,0,0,2023-10-29,4:05PM,Lumen Field,Seattle,WA,47.5952,-122.3316,Outdoor,Turf,20.0,2002.0,,,,,
2023,8,12,Joey Slye,washington_commanders,9.0,27.0,9.0,9.0,61,1,1,100.0,0,0,0,0,1,2023-10-29,1:00PM,FedExField,Landover,MD,38.9078,-76.8645,Outdoor,Grass,300.0,1997.0,,,,,
2023,8,13,Blake Grupe,new_orleans_saints,8.0,26.4,8.0,8.0,27,1,1,100.0,0,1,0,0,0,2023-10-29,1:00PM,Lucas Oil Stadium,Indianapolis,IN,39.7601,-86.1639,Indoor,Turf,700.0,2008.0,,,,,
2023,8,14,Lucas Havrisik,cleveland_browns,7.0,26.3,7.0,7.0,47,2,2,100.0,0,0,1,1,0,2023-10-29,4:05PM,Lumen Field,Seattle,WA,47.5952,-122.3316,Outdoor,Turf,20.0,2002.0,,,,,
2023,8,15,Lucas Havrisik,los_angeles_rams,7.0,26.3,7.0,7.0,47,2,2,100.0,0,0,1,1,0,2023-10-29,1:00PM,AT&T Stadium,Arlington,TX,32.7473,-97.0945,Indoor,Turf,639.0,2009.0,,,,,
2023,8,16,Greg Zuerlein,new_york_jets,7.0,26.3,7.0,7.0,35,2,2,100.0,0,0,2,0,0,2023-10-29,1:00PM,MetLife Stadium,East Rutherford,NJ,40.8136,-74.0744,Outdoor,Turf,3.0,2010.0,,,,,
2023,8,17,Jason Sanders,miami_dolphins,7.0,25.6,7.0,7.0,30,1,1,100.0,0,0,1,0,0,2023-10-29,1:00PM,Hard Rock Stadium,Miami Gardens,FL,25.958,-80.238,Outdoor,Grass,7.0,1987.0,,,,,
2023,8,18,Jason Myers,seattle_seahawks,6.0,24.9,6.0,6.0,32,1,1,100.0,0,0,1,0,0,2023-10-29,4:05PM,Lumen Field,Seattle,WA,47.5952,-122.3316,Outdoor,Turf,20.0,2002.0,,,,,
2023,8,19,Tyler Bass,buffalo_bills,6.0,24.9,6.0,6.0,37,1,1,100.0,0,0,1,0,0,2023-10-26,8:15PM,Highmark Stadium,Orchard Park,NY,42.7738,-78.7868,Outdoor,Grass,600.0,1973.0,,,,,
2023,8,20,Jake Moody,san_francisco_49ers,5.0,24.2,5.0,5.0,36,1,1,100.0,0,0,1,0,0,2023-10-29,4:25PM,Levi's Stadium,Santa Clara,CA,37.403,-121.9692,Outdoor,Grass,13.0,2014.0,,,,,
2023,8,21,Chad Ryland,new_england_patriots,5.0,24.2,5.0,5.0,38,1,1,100.0,0,0,1,0,0,2023-10-29,1:00PM,Hard Rock Stadium,Miami Gardens,FL,25.958,-80.238,Outdoor,Grass,7.0,1987.0,,,,,
2023,8,22,Matt Prater,arizona_cardinals,5.0,24.2,5.0,5.0,47,1,1,100.0,0,0,0,1,0,2023-10-29,4:25PM,State Farm Stadium,Glendale,AZ,33.5275,-112.2625,Indoor,Turf,1070.0,2006.0,,,,,
2023,8,23,Anders Carlson,green_bay_packers,4.0,23.5,4.0,4.0,30,1,1,100.0,0,0,1,0,0,2023-10-29,1:00PM,Lambeau Field,Green Bay,WI,44.5013,-88.0622,Outdoor,Grass,640.0,1957.0,,,,,
2023,8,24,Evan Mcpherson,cincinnati_bengals,9.0,17.2,9.0,9.0,56,1,2,50.0,0,0,0,0,1,2023-10-29,4:25PM,Levi's Stadium,Santa Clara,CA,37.403,-121.9692,Outdoor,Grass,13.0,2014.0,,,,,
2023,8,25,Justin Tucker,baltimore_ravens,8.0,16.5,8.0,8.0,48,1,2,50.0,0,0,0,1,0,2023-10-29,4:25PM,State Farm Stadium,Glendale,AZ,33.5275,-112.2625,Indoor,Turf,1070.0,2006.0,,,,,
2023,8,26,Wil Lutz,denver_broncos,6.0,15.2,6.0,6.0,28,1,2,50.0,0,1,0,0,0,2023-10-29,4:25PM,Empower Field at Mile High,Denver,CO,39.7439,-105.0201,Outdoor,Turf,5280.0,2001.0,,,,,
2023,8,27,Chase Mclaughlin,tampa_bay_buccaneers,6.0,15.1,6.0,6.0,57,1,2,50.0,0,0,0,0,1,2023-10-26,8:15PM,Highmark Stadium,Orchard Park,NY,42.7738,-78.7868,Outdoor,Grass,600.0,1973.0,,,,,
2023,8,28,Chris Boswell,pittsburgh_steelers,4.0,13.8,4.0,4.0,22,1,2,50.0,0,1,0,0,0,2023-10-29,1:00PM,Acrisure Stadium,Pittsburgh,PA,40.4468,-80.0158,Outdoor,Grass,730.0,2001.0,,,,,
2023,8,29,Greg Joseph,minnesota_vikings,6.0,12.06,6.0,6.0,25,1,3,33.3,0,1,0,0,0,2023-10-29,1:00PM,Lambeau Field,Green Bay,WI,44.5013,-88.0622,Outdoor,Grass,640.0,1957.0,,,,,
2023,8,30,Graham Gano,new_york_giants,4.0,10.56,4.0,4.0,31,1,3,33.3,0,0,1,0,0,2023-10-29,1:00PM,MetLife Stadium,East Rutherford,NJ,40.8136,-74.0744,Outdoor,Turf,3.0,2010.0,,,,,
2023,8,31,Nick Folk,tennessee_titans,4.0,2.8,4.0,4.0,0,0,0,0.0,0,0,0,0,0,2023-10-29,1:00PM,Nissan Stadium,Nashville,TN,36.1665,-86.7713,Outdoor,Grass,476.0,1999.0,,,,,
2023,8,32,Daniel Carlson,las_vegas_raiders,2.0,1.4,2.0,2.0,0,0,0,0.0,0,0,0,0,0,2023-10-30,8:15PM,Ford Field,Detroit,MI,42.34,-83.0456,Indoor,Turf,600.0,2002.0,,,,,
2023,8,33,Ka'Imi Fairbairn,houston_texans,1.0,0.7,1.0,1.0,0,0,0,0.0,0,0,0,0,0,2023-10-29,1:00PM,Bank of America Stadium,Charlotte,NC,35.2258,-80.8528,Outdoor,Grass,748.0,1996.0,,,,,
2023,8,34,Cairo Santos,chicago_bears,1.0,0.7,1.0,1.0,0,0,0,0.0,0,0,0,0,0,2023-10-29,8:20PM,SoFi Stadium,Inglewood,CA,33.9535,-118.3392,Outdoor,Turf,100.0,2020.0,,,,,
2023,9,1,Younghoe Koo,atlanta_falcons,19.0,36.2,19.0,19.0,54,4,4,100.0,0,1,0,1,2,2023-11-05,1:00PM,Mercedes-Benz Stadium,Atlanta,GA,33.755,-84.4008,Indoor,Turf,1050.0,2017.0,,,,,
2023,9,2,Chase Mclaughlin,tampa_bay_buccaneers,16.0,33.3,16.0,16.0,55,3,3,100.0,0,0,1,1,1,2023-11-05,1:00PM,NRG Stadium,Houston,TX,29.6847,-95.4107,Indoor,Turf,50.0,2002.0,,,,,
2023,9,3,Daniel Carlson,las_vegas_raiders,14.0,32.0,14.0,14.0,46,3,3,100.0,0,1,0,2,0,2023-11-05,4:25PM,Allegiant Stadium,Las Vegas,NV,36.0908,-115.183,Indoor,Turf,2001.0,2020.0,,,,,
2023,9,4,Justin Tucker,baltimore_ravens,14.0,31.9,14.0,14.0,45,3,3,100.0,0,0,2,1,0,2023-11-05,1:00PM,M&T Bank Stadium,Baltimore,MD,39.2779,-76.6227,Outdoor,Grass,10.0,1998.0,,,,,
2023,9,5,Greg Joseph,minnesota_vikings,11.0,29.8,11.0,11.0,32,3,3,100.0,1,0,2,0,0,2023-11-05,1:00PM,Mercedes-Benz Stadium,Atlanta,GA,33.755,-84.4008,Indoor,Turf,1050.0,2017.0,,,,,
2023,9,6,Nick Folk,tennessee_titans,11.0,29.8,11.0,11.0,48,3,3,100.0,0,0,2,1,0,2023-11-02,8:15PM,Acrisure Stadium,Pittsburgh,PA,40.4468,-80.0158,Outdoor,Grass,730.0,2001.0,,,,,
2023,9,7,Matt Gay,indianapolis_colts,11.0,29.2,11.0,11.0,57,2,2,100.0,0,1,0,0,1,2023-11-05,4:05PM,Bank of America Stadium,Charlotte,NC,35.2258,-80.8528,Outdoor,Grass,748.0,1996.0,,,,,
2023,9,8,Cameron Dicker,los_angeles_chargers,11.0,29.1,11.0,11.0,55,2,2,100.0,0,0,1,0,1,2023-11-06,8:15PM,MetLife Stadium,East Rutherford,NJ,40.8136,-74.0744,Outdoor,Turf,3.0,2010.0,,,,,
2023,9,9,Chris Boswell,pittsburgh_steelers,8.0,27.1,8.0,8.0,30,2,2,100.0,0,1,1,0,0,2023-11-02,8:15PM,Acrisure Stadium,Pittsburgh,PA,40.4468,-80.0158,Outdoor,Grass,730.0,2001.0,,,,,
2023,9,10,Eddy Pineiro,carolina_panthers,8.0,27.0,8.0,8.0,49,2,2,100.0,0,0,1,1,0,2023-11-05,4:05PM,Bank of America Stadium,Charlotte,NC,35.2258,-80.8528,Outdoor,Grass,748.0,1996.0,,,,,
2023,9,11,Greg Zuerlein,new_york_jets,8.0,27.0,8.0,8.0,47,2,2,100.0,0,0,0,2,0,2023-11-06,8:15PM,MetLife Stadium,East Rutherford,NJ,40.8136,-74.0744,Outdoor,Turf,3.0,2010.0,,,,,
2023,9,12,Joey Slye,washington_commanders,8.0,27.0,8.0,8.0,37,2,2,100.0,0,0,2,0,0,2023-11-05,1:00PM,Gillette Stadium,Foxborough,MA,42.0909,-71.2643,Outdoor,Turf,289.0,2002.0,,,,,
2023,9,13,Brandon Aubrey,dallas_cowboys,7.0,25.6,7.0,7.0,51,1,1,100.0,0,0,0,0,1,2023-11-05,4:25PM,Lincoln Financial Field,Philadelphia,PA,39.9008,-75.1675,Outdoor,Grass,30.0,2003.0,,,,,
2023,9,14,Evan Mcpherson,cincinnati_bengals,6.0,25.0,6.0,6.0,20,1,1,100.0,0,1,0,0,0,2023-11-05,8:20PM,Paycor Stadium,Cincinnati,OH,39.0954,-84.516,Outdoor,Turf,482.0,2000.0,,,,,
2023,9,15,Chad Ryland,new_england_patriots,6.0,24.9,6.0,6.0,43,1,1,100.0,0,0,0,1,0,2023-11-05,1:00PM,Gillette Stadium,Foxborough,MA,42.0909,-71.2643,Outdoor,Turf,289.0,2002.0,,,,,
2023,9,16,Ka'Imi Fairbairn,houston_texans,6.0,24.9,6.0,6.0,50,1,1,100.0,0,0,0,0,1,2023-11-05,1:00PM,NRG Stadium,Houston,TX,29.6847,-95.4107,Indoor,Turf,50.0,2002.0,,,,,
2023,9,17,Tyler Bass,buffalo_bills,4.0,23.5,4.0,4.0,34,1,1,100.0,0,0,1,0,0,2023-11-05,8:20PM,Paycor Stadium,Cincinnati,OH,39.0954,-84.516,Outdoor,Turf,482.0,2000.0,,,,,
2023,9,18,Jason Myers,seattle_seahawks,3.0,22.8,3.0,3.0,33,1,1,100.0,0,0,1,0,0,2023-11-05,1:00PM,M&T Bank Stadium,Baltimore,MD,39.2779,-76.6227,Outdoor,Grass,10.0,1998.0,,,,,
2023,9,19,Dustin Hopkins,cleveland_browns,10.0,21.94,10.0,10.0,45,2,3,66.7,0,0,1,1,0,2023-11-05,1:00PM,FirstEnergy Stadium,Cleveland,OH,41.5061,-81.6995,Outdoor,Grass,577.0,1999.0,,,,,
2023,9,20,Anders Carlson,green_bay_packers,8.0,20.64,8.0,8.0,34,2,3,66.7,0,1,1,0,0,2023-11-05,1:00PM,Lambeau Field,Green Bay,WI,44.5013,-88.0622,Outdoor,Grass,640.0,1957.0,,,,,
2023,9,21,Blake Grupe,new_orleans_saints,8.0,16.5,8.0,8.0,55,1,2,50.0,0,0,0,0,1,2023-11-05,1:00PM,Caesars Superdome,New Orleans,LA,29.9509,-90.0815,Indoor,Turf,3.0,1975.0,,,,,
2023,9,22,Cairo Santos,chicago_bears,5.0,14.4,5.0,5.0,31,1,2,50.0,0,0,1,0,0,2023-11-05,1:00PM,Caesars Superdome,New Orleans,LA,29.9509,-90.0815,Indoor,Turf,3.0,1975.0,,,,,
2023,9,23,Lucas Havrisik,cleveland_browns,5.0,14.4,5.0,5.0,52,1,2,50.0,0,0,0,0,1,2023-11-05,1:00PM,FirstEnergy Stadium,Cleveland,OH,41.5061,-81.6995,Outdoor,Grass,577.0,1999.0,,,,,
2023,9,24,Lucas Havrisik,los_angeles_rams,5.0,14.4,5.0,5.0,52,1,2,50.0,0,0,0,0,1,2023-11-05,1:00PM,Lambeau Field,Green Bay,WI,44.5013,-88.0622,Outdoor,Grass,640.0,1957.0,,,,,
2023,9,25,Jake Elliott,philadelphia_eagles,4.0,2.8,4.0,4.0,0,0,0,0.0,0,0,0,0,0,2023-11-05,4:25PM,Lincoln Financial Field,Philadelphia,PA,39.9008,-75.1675,Outdoor,Grass,30.0,2003.0,,,,,
2023,9,26,Harrison Butker,kansas_city_chiefs,3.0,2.1,3.0,3.0,0,0,0,0.0,0,0,0,0,0,2023-11-05,9:30AM,GEHA Field at Arrowhead Stadium,Kansas City,MO,39.049,-94.4839,Outdoor,Grass,1020.0,1972.0,,,,,
2023,9,27,Jason Sanders,miami_dolphins,2.0,1.4,2.0,2.0,0,0,0,0.0,0,0,0,0,0,2023-11-05,9:30AM,GEHA Field at Arrowhead Stadium,Kansas City,MO,39.049,-94.4839,Outdoor,Grass,1020.0,1972.0,,,,,
2023,9,28,Matt Prater,arizona_cardinals,0.0,0.0,0.0,0.0,0,0,0,0.0,0,0,0,0,0,2023-11-05,1:00PM,FirstEnergy Stadium,Cleveland,OH,41.5061,-81.6995,Outdoor,Grass,577.0,1999.0,,,,,
2023,9,29,Randy Bullock,new_york_giants,0.0,0.0,0.0,0.0,0,0,0,0.0,0,0,0,0,0,2023-11-05,4:25PM,Allegiant Stadium,Las Vegas,NV,36.0908,-115.183,Indoor,Turf,2001.0,2020.0,,,,,
2023,10,1,Jason Myers,seattle_seahawks,21.0,38.2,21.0,21.0,45,5,5,100.0,0,0,1,4,0,2023-11-12,4:25PM,Lumen Field,Seattle,WA,47.5952,-122.3316,Outdoor,Turf,20.0,2002.0,,,,,
2023,10,2,Matt Prater,arizona_cardinals,18.0,35.5,18.0,18.0,56,4,4,100.0,0,1,0,1,2,2023-11-12,4:05PM,State Farm Stadium,Glendale,AZ,33.5275,-112.2625,Indoor,Turf,1070.0,2006.0,,,,,
2023,10,3,Greg Zuerlein,new_york_jets,16.0,34.0,16.0,16.0,53,4,4,100.0,0,0,1,2,1,2023-11-12,8:20PM,Allegiant Stadium,Las Vegas,NV,36.0908,-115.183,Indoor,Turf,2001.0,2020.0,,,,,
2023,10,4,Wil Lutz,denver_broncos,15.0,33.3,15.0,15.0,49,4,4,100.0,0,0,1,3,0,2023-11-13,8:15PM,Highmark Stadium,Orchard Park,NY,42.7738,-78.7868,Outdoor,Grass,600.0,1973.0,,,,,
2023,10,5,Dustin Hopkins,cleveland_browns,14.0,32.8,14.0,14.0,40,4,4,100.0,0,2,1,1,0,2023-11-12,1:00PM,M&T Bank Stadium,Baltimore,MD,39.2779,-76.6227,Outdoor,Grass,10.0,1998.0,,,,,
2023,10,6,Daniel Carlson,las_vegas_raiders,14.0,31.9,14.0,14.0,54,3,3,100.0,0,0,0,2,1,2023-11-12,8:20PM,Allegiant Stadium,Las Vegas,NV,36.0908,-115.183,Indoor,Turf,2001.0,2020.0,,,,,
2023,10,7,Matt Ammendola,houston_texans,13.0,31.3,13.0,13.0,45,3,3,100.0,0,1,1,1,0,2023-11-12,1:00PM,Paycor Stadium,Cincinnati,OH,39.0954,-84.516,Outdoor,Turf,482.0,2000.0,,,,,
2023,10,8,Chris Boswell,pittsburgh_steelers,13.0,31.2,13.0,13.0,49,3,3,100.0,0,0,1,2,0,2023-11-12,1:00PM,Acrisure Stadium,Pittsburgh,PA,40.4468,-80.0158,Outdoor,Grass,730.0,2001.0,,,,,
2023,10,9,Cairo Santos,chicago_bears,12.0,30.5,12.0,12.0,54,3,3,100.0,0,0,2,0,1,2023-11-09,8:15PM,Soldier Field,Chicago,IL,41.8623,-87.6167,Outdoor,Grass,595.0,1924.0,,,,,
2023,10,10,Riley Patterson,cleveland_browns,12.0,29.8,12.0,12.0,41,2,2,100.0,0,0,1,1,0,2023-11-12,1:00PM,M&T Bank Stadium,Baltimore,MD,39.2779,-76.6227,Outdoor,Grass,10.0,1998.0,,,,,
2023,10,11,Riley Patterson,detroit_lions,12.0,29.8,12.0,12.0,41,2,2,100.0,0,0,1,1,0,2023-11-12,4:05PM,SoFi Stadium,Inglewood,CA,33.9535,-118.3392,Outdoor,Turf,100.0,2020.0,,,,,
2023,10,12,Evan Mcpherson,cincinnati_bengals,11.0,29.1,11.0,11.0,50,2,2,100.0,0,0,1,0,1,2023-11-12,1:00PM,Paycor Stadium,Cincinnati,OH,39.0954,-84.516,Outdoor,Turf,482.0,2000.0,,,,,
2023,10,13,Jake Moody,san_francisco_49ers,10.0,28.4,10.0,10.0,39,2,2,100.0,0,0,2,0,0,2023-11-12,1:00PM,TIAA Bank Field,Jacksonville,FL,30.3239,-81.6373,Outdoor,Grass,16.0,1995.0,,,,,
2023,10,14,Joey Slye,washington_commanders,10.0,28.4,10.0,10.0,49,2,2,100.0,0,0,0,2,0,2023-11-12,4:25PM,Lumen Field,Seattle,WA,47.5952,-122.3316,Outdoor,Turf,20.0,2002.0,,,,,
2023,10,15,Chase Mclaughlin,tampa_bay_buccaneers,8.0,27.1,8.0,8.0,35,2,2,100.0,0,1,1,0,0,2023-11-12,1:00PM,Raymond James Stadium,Tampa,FL,27.9759,-82.5033,Outdoor,Grass,26.0,1998.0,,,,,
2023,10,16,Cameron Dicker,los_angeles_chargers,9.0,27.0,9.0,9.0,48,1,1,100.0,0,0,0,1,0,2023-11-12,4:05PM,SoFi Stadium,Inglewood,CA,33.9535,-118.3392,Outdoor,Turf,100.0,2020.0,,,,,
2023,10,17,Anders Carlson,green_bay_packers,7.0,26.4,7.0,7.0,31,2,2,100.0,0,1,1,0,0,2023-11-12,1:00PM,Acrisure Stadium,Pittsburgh,PA,40.4468,-80.0158,Outdoor,Grass,730.0,2001.0,,,,,
2023,10,18,Randy Bullock,new_york_giants,6.0,24.9,6.0,6.0,40,1,1,100.0,0,0,0,1,0,2023-11-12,4:25PM,AT&T Stadium,Arlington,TX,32.7473,-97.0945,Indoor,Turf,639.0,2009.0,,,,,
2023,10,19,Younghoe Koo,atlanta_falcons,5.0,24.2,5.0,5.0,36,1,1,100.0,0,0,1,0,0,2023-11-12,4:05PM,State Farm Stadium,Glendale,AZ,33.5275,-112.2625,Indoor,Turf,1070.0,2006.0,,,,,
2023,10,20,Blake Grupe,new_orleans_saints,4.0,23.5,4.0,4.0,48,1,1,100.0,0,0,0,1,0,2023-11-12,1:00PM,U.S. Bank Stadium,Minneapolis,MN,44.974,-93.2581,Indoor,Turf,840.0,2016.0,,,,,
2023,10,21,Brandon Mcmanus,jacksonville_jaguars,3.0,22.8,3.0,3.0,37,1,1,100.0,0,0,1,0,0,2023-11-12,1:00PM,TIAA Bank Field,Jacksonville,FL,30.3239,-81.6373,Outdoor,Grass,16.0,1995.0,,,,,
2023,10,22,Greg Joseph,minnesota_vikings,10.0,21.94,10.0,10.0,40,2,3,66.7,0,0,1,1,0,2023-11-12,1:00PM,U.S. Bank Stadium,Minneapolis,MN,44.974,-93.2581,Indoor,Turf,840.0,2016.0,,,,,
2023,10,23,Eddy Pineiro,carolina_panthers,7.0,19.84,7.0,7.0,39,2,3,66.7,0,0,2,0,0,2023-11-09,8:15PM,Soldier Field,Chicago,IL,41.8623,-87.6167,Outdoor,Grass,595.0,1924.0,,,,,
2023,10,24,Chad Ryland,new_england_patriots,6.0,19.24,6.0,6.0,37,2,3,66.7,0,1,1,0,0,2023-11-12,9:30AM,Gillette Stadium,Foxborough,MA,42.0909,-71.2643,Outdoor,Turf,289.0,2002.0,,,,,
2023,10,25,Nick Folk,tennessee_titans,6.0,19.24,6.0,6.0,38,2,3,66.7,0,1,1,0,0,2023-11-12,1:00PM,Raymond James Stadium,Tampa,FL,27.9759,-82.5033,Outdoor,Grass,26.0,1998.0,,,,,
2023,10,26,Justin Tucker,baltimore_ravens,7.0,15.8,7.0,7.0,37,1,2,50.0,0,0,1,0,0,2023-11-12,1:00PM,M&T Bank Stadium,Baltimore,MD,39.2779,-76.6227,Outdoor,Grass,10.0,1998.0,,,,,
2023,10,27,Matt Gay,indianapolis_colts,6.0,15.1,6.0,6.0,51,1,2,50.0,0,0,0,0,1,2023-11-12,9:30AM,Gillette Stadium,Foxborough,MA,42.0909,-71.2643,Outdoor,Turf,289.0,2002.0,,,,,
2023,10,28,Brandon Aubrey,dallas_cowboys,7.0,4.9,7.0,7.0,0,0,0,0.0,0,0,0,0,0,2023-11-12,4:25PM,AT&T Stadium,Arlington,TX,32.7473,-97.0945,Indoor,Turf,639.0,2009.0,,,,,
2023,10,29,Tyler Bass,buffalo_bills,2.0,1.4,2.0,2.0,0,0,0,0.0,0,0,0,0,0,2023-11-13,8:15PM,Highmark Stadium,Orchard Park,NY,42.7738,-78.7868,Outdoor,Grass,600.0,1973.0,,,,,
2023,11,1,Wil Lutz,denver_broncos,17.0,35.5,17.0,17.0,52,5,5,100.0,0,1,3,0,1,2023-11-19,8:20PM,Empower Field at Mile High,Denver,CO,39.7439,-105.0201,Outdoor,Turf,5280.0,2001.0,,,,,
2023,11,2,Cairo Santos,chicago_bears,17.0,34.7,17.0,17.0,53,4,4,100.0,0,0,2,1,1,2023-11-19,1:00PM,Ford Field,Detroit,MI,42.34,-83.0456,Indoor,Turf,600.0,2002.0,,,,,
2023,11,3,Tyler Bass,buffalo_bills,17.0,34.7,17.0,17.0,50,4,4,100.0,0,0,2,1,1,2023-11-19,4:25PM,Highmark Stadium,Orchard Park,NY,42.7738,-78.7868,Outdoor,Grass,600.0,1973.0,,,,,
2023,11,4,Justin Tucker,baltimore_ravens,11.0,29.2,11.0,11.0,47,2,2,100.0,0,1,0,1,0,2023-11-16,8:15PM,M&T Bank Stadium,Baltimore,MD,39.2779,-76.6227,Outdoor,Grass,10.0,1998.0,,,,,
2023,11,5,Brandon Mcmanus,jacksonville_jaguars,10.0,28.5,10.0,10.0,30,2,2,100.0,0,1,1,0,0,2023-11-19,1:00PM,TIAA Bank Field,Jacksonville,FL,30.3239,-81.6373,Outdoor,Grass,16.0,1995.0,,,,,
2023,11,6,Jason Myers,seattle_seahawks,15.0,27.8,15.0,15.0,54,3,4,75.0,0,0,0,1,2,2023-11-19,4:25PM,SoFi Stadium,Inglewood,CA,33.9535,-118.3392,Outdoor,Turf,100.0,2020.0,,,,,
2023,11,7,Jake Moody,san_francisco_49ers,9.0,27.8,9.0,9.0,37,2,2,100.0,0,1,1,0,0,2023-11-19,4:05PM,Levi's Stadium,Santa Clara,CA,37.403,-121.9692,Outdoor,Grass,13.0,2014.0,,,,,
2023,11,8,Brandon Aubrey,dallas_cowboys,9.0,27.8,9.0,9.0,30,2,2,100.0,0,1,1,0,0,2023-11-19,1:00PM,Bank of America Stadium,Charlotte,NC,35.2258,-80.8528,Outdoor,Grass,748.0,1996.0,,,,,
2023,11,9,Cameron Dicker,los_angeles_chargers,8.0,27.2,8.0,8.0,26,2,2,100.0,0,2,0,0,0,2023-11-19,1:00PM,Lambeau Field,Green Bay,WI,44.5013,-88.0622,Outdoor,Grass,640.0,1957.0,,,,,
2023,11,10,Joey Slye,washington_commanders,8.0,27.1,8.0,8.0,42,2,2,100.0,0,1,0,1,0,2023-11-19,1:00PM,FedExField,Landover,MD,38.9078,-76.8645,Outdoor,Grass,300.0,1997.0,,,,,
2023,11,11,Daniel Carlson,las_vegas_raiders,8.0,27.0,8.0,8.0,47,2,2,100.0,0,0,1,1,0,2023-11-19,1:00PM,Hard Rock Stadium,Miami Gardens,FL,25.958,-80.238,Outdoor,Grass,7.0,1987.0,,,,,
2023,11,12,Greg Joseph,minnesota_vikings,8.0,27.0,8.0,8.0,34,2,2,100.0,0,0,2,0,0,2023-11-19,8:20PM,Empower Field at Mile High,Denver,CO,39.7439,-105.0201,Outdoor,Turf,5280.0,2001.0,,,,,
2023,11,13,Dustin Hopkins,cleveland_browns,7.0,26.4,7.0,7.0,34,2,2,100.0,0,1,1,0,0,2023-11-19,1:00PM,FirstEnergy Stadium,Cleveland,OH,41.5061,-81.6995,Outdoor,Grass,577.0,1999.0,,,,,
2023,11,14,Randy Bullock,new_york_giants,7.0,25.6,7.0,7.0,36,1,1,100.0,0,0,1,0,0,2023-11-19,1:00PM,FedExField,Landover,MD,38.9078,-76.8645,Outdoor,Grass,300.0,1997.0,,,,,
2023,11,15,Matt Prater,arizona_cardinals,6.0,24.9,6.0,6.0,57,1,1,100.0,0,0,0,0,1,2023-11-19,1:00PM,NRG Stadium,Houston,TX,29.6847,-95.4107,Indoor,Turf,50.0,2002.0,,,,,
2023,11,16,Harrison Butker,kansas_city_chiefs,6.0,24.9,6.0,6.0,43,1,1,100.0,0,0,0,1,0,2023-11-20,8:15PM,GEHA Field at Arrowhead Stadium,Kansas City,MO,39.049,-94.4839,Outdoor,Grass,1020.0,1972.0,,,,,
2023,11,17,Lucas Havrisik,cleveland_browns,5.0,24.3,5.0,5.0,22,1,1,100.0,0,1,0,0,0,2023-11-19,1:00PM,FirstEnergy Stadium,Cleveland,OH,41.5061,-81.6995,Outdoor,Grass,577.0,1999.0,,,,,
2023,11,18,Lucas Havrisik,los_angeles_rams,5.0,24.3,5.0,5.0,22,1,1,100.0,0,1,0,0,0,2023-11-19,4:25PM,SoFi Stadium,Inglewood,CA,33.9535,-118.3392,Outdoor,Turf,100.0,2020.0,,,,,
2023,11,19,Eddy Pineiro,carolina_panthers,5.0,24.2,5.0,5.0,42,1,1,100.0,0,0,0,1,0,2023-11-19,1:00PM,Bank of America Stadium,Charlotte,NC,35.2258,-80.8528,Outdoor,Grass,748.0,1996.0,,,,,
2023,11,20,Chris Boswell,pittsburgh_steelers,4.0,23.6,4.0,4.0,28,1,1,100.0,0,1,0,0,0,2023-11-19,1:00PM,FirstEnergy Stadium,Cleveland,OH,41.5061,-81.6995,Outdoor,Grass,577.0,1999.0,,,,,
2023,11,21,Jason Sanders,miami_dolphins,11.0,22.64,11.0,11.0,51,2,3,66.7,0,0,0,1,1,2023-11-19,1:00PM,Hard Rock Stadium,Miami Gardens,FL,25.958,-80.238,Outdoor,Grass,7.0,1987.0,,,,,
2023,11,22,Evan Mcpherson,cincinnati_bengals,10.0,22.04,10.0,10.0,50,2,3,66.7,0,1,0,0,1,2023-11-16,8:15PM,M&T Bank Stadium,Baltimore,MD,39.2779,-76.6227,Outdoor,Grass,10.0,1998.0,,,,,
2023,11,23,Anders Carlson,green_bay_packers,5.0,14.5,5.0,5.0,28,1,2,50.0,0,1,0,0,0,2023-11-19,1:00PM,Lambeau Field,Green Bay,WI,44.5013,-88.0622,Outdoor,Grass,640.0,1957.0,,,,,
2023,11,24,Matt Ammendola,houston_texans,3.0,2.3,3.0,3.0,0,0,1,0.0,0,0,0,0,0,2023-11-19,1:00PM,NRG Stadium,Houston,TX,29.6847,-95.4107,Indoor,Turf,50.0,2002.0,,,,,
2023,11,25,Riley Patterson,cleveland_browns,3.0,2.1,3.0,3.0,0,0,0,0.0,0,0,0,0,0,2023-11-19,1:00PM,FirstEnergy Stadium,Cleveland,OH,41.5061,-81.6995,Outdoor,Grass,577.0,1999.0,,,,,
2023,11,26,Riley Patterson,detroit_lions,3.0,2.1,3.0,3.0,0,0,0,0.0,0,0,0,0,0,2023-11-19,1:00PM,Ford Field,Detroit,MI,42.34,-83.0456,Indoor,Turf,600.0,2002.0,,,,,
2023,11,27,Jake Elliott,philadelphia_eagles,3.0,2.1,3.0,3.0,0,0,0,0.0,0,0,0,0,0,2023-11-20,8:15PM,GEHA Field at Arrowhead Stadium,Kansas City,MO,39.049,-94.4839,Outdoor,Grass,1020.0,1972.0,,,,,
2023,11,28,Chase Mclaughlin,tampa_bay_buccaneers,2.0,1.4,2.0,2.0,0,0,0,0.0,0,0,0,0,0,2023-11-19,4:05PM,Levi's Stadium,Santa Clara,CA,37.403,-121.9692,Outdoor,Grass,13.0,2014.0,,,,,
2023,11,29,Nick Folk,tennessee_titans,2.0,1.4,2.0,2.0,0,0,0,0.0,0,0,0,0,0,2023-11-19,1:00PM,TIAA Bank Field,Jacksonville,FL,30.3239,-81.6373,Outdoor,Grass,16.0,1995.0,,,,,
2023,11,30,Greg Zuerlein,new_york_jets,0.0,0.0,0.0,0.0,0,0,0,0.0,0,0,0,0,0,2023-11-19,4:25PM,Highmark Stadium,Orchard Park,NY,42.7738,-78.7868,Outdoor,Grass,600.0,1973.0,,,,,
2023,12,1,Blake Grupe,new_orleans_saints,19.0,33.76,19.0,19.0,52,5,6,83.3,0,1,1,2,1,2023-11-26,1:00PM,Mercedes-Benz Stadium,Atlanta,GA,33.755,-84.4008,Indoor,Turf,1050.0,2017.0,,,,,
2023,12,2,Jason Sanders,miami_dolphins,12.0,29.8,12.0,12.0,54,2,2,100.0,0,0,1,0,1,2023-11-24,3:00PM,MetLife Stadium,East Rutherford,NJ,40.8136,-74.0744,Outdoor,Turf,3.0,2010.0,,,,,
2023,12,3,Chris Boswell,pittsburgh_steelers,11.0,29.8,11.0,11.0,41,3,3,100.0,0,0,2,1,0,2023-11-26,1:00PM,Paycor Stadium,Cincinnati,OH,39.0954,-84.516,Outdoor,Turf,482.0,2000.0,,,,,
2023,12,4,Cairo Santos,chicago_bears,14.0,28.9,14.0,14.0,55,4,5,80.0,0,1,2,0,1,2023-11-27,8:15PM,U.S. Bank Stadium,Minneapolis,MN,44.974,-93.2581,Indoor,Turf,840.0,2016.0,,,,,
2023,12,5,Wil Lutz,denver_broncos,9.0,27.8,9.0,9.0,34,2,2,100.0,0,1,1,0,0,2023-11-26,4:05PM,Empower Field at Mile High,Denver,CO,39.7439,-105.0201,Outdoor,Turf,5280.0,2001.0,,,,,
2023,12,6,Chase Mclaughlin,tampa_bay_buccaneers,8.0,27.2,8.0,8.0,24,2,2,100.0,0,2,0,0,0,2023-11-26,1:00PM,Lucas Oil Stadium,Indianapolis,IN,39.7601,-86.1639,Indoor,Turf,700.0,2008.0,,,,,
2023,12,7,Brandon Mcmanus,jacksonville_jaguars,14.0,27.1,14.0,14.0,53,3,4,75.0,0,0,0,2,1,2023-11-26,1:00PM,NRG Stadium,Houston,TX,29.6847,-95.4107,Indoor,Turf,50.0,2002.0,,,,,
2023,12,8,Jake Elliott,philadelphia_eagles,9.0,27.0,9.0,9.0,59,1,1,100.0,0,0,0,0,1,2023-11-26,4:25PM,Lincoln Financial Field,Philadelphia,PA,39.9008,-75.1675,Outdoor,Grass,30.0,2003.0,,,,,
2023,12,9,Brandon Aubrey,dallas_cowboys,9.0,27.0,9.0,9.0,52,1,1,100.0,0,0,0,0,1,2023-11-23,4:30PM,AT&T Stadium,Arlington,TX,32.7473,-97.0945,Indoor,Turf,639.0,2009.0,,,,,
2023,12,10,Dustin Hopkins,cleveland_browns,6.0,25.7,6.0,6.0,36,2,2,100.0,0,1,1,0,0,2023-11-26,4:05PM,Empower Field at Mile High,Denver,CO,39.7439,-105.0201,Outdoor,Turf,5280.0,2001.0,,,,,
2023,12,11,Nick Folk,tennessee_titans,7.0,25.6,7.0,7.0,53,1,1,100.0,0,0,0,0,1,2023-11-26,1:00PM,Nissan Stadium,Nashville,TN,36.1665,-86.7713,Outdoor,Grass,476.0,1999.0,,,,,
2023,12,12,Harrison Butker,kansas_city_chiefs,7.0,25.6,7.0,7.0,32,1,1,100.0,0,0,1,0,0,2023-11-26,4:25PM,Allegiant Stadium,Las Vegas,NV,36.0908,-115.183,Indoor,Turf,2001.0,2020.0,,,,,
2023,12,13,Jake Moody,san_francisco_49ers,7.0,25.6,7.0,7.0,32,1,1,100.0,0,0,1,0,0,2023-11-23,8:20PM,Lumen Field,Seattle,WA,47.5952,-122.3316,Outdoor,Turf,20.0,2002.0,,,,,
2023,12,14,Eddy Pineiro,carolina_panthers,6.0,24.9,6.0,6.0,50,1,1,100.0,0,0,0,0,1,2023-11-26,1:00PM,Nissan Stadium,Nashville,TN,36.1665,-86.7713,Outdoor,Grass,476.0,1999.0,,,,,
2023,12,15,Younghoe Koo,atlanta_falcons,6.0,24.9,6.0,6.0,39,1,1,100.0,0,0,1,0,0,2023-11-26,1:00PM,Mercedes-Benz Stadium,Atlanta,GA,33.755,-84.4008,Indoor,Turf,1050.0,2017.0,,,,,
2023,12,16,Joey Slye,washington_commanders,5.0,24.2,5.0,5.0,43,1,1,100.0,0,0,0,1,0,2023-11-23,4:30PM,AT&T Stadium,Arlington,TX,32.7473,-97.0945,Indoor,Turf,639.0,2009.0,,,,,
2023,12,17,Randy Bullock,new_york_giants,5.0,24.2,5.0,5.0,42,1,1,100.0,0,0,0,1,0,2023-11-26,1:00PM,MetLife Stadium,East Rutherford,NJ,40.8136,-74.0744,Outdoor,Turf,3.0,2010.0,,,,,
2023,12,18,Evan Mcpherson,cincinnati_bengals,5.0,24.2,5.0,5.0,47,1,1,100.0,0,0,0,1,0,2023-11-26,1:00PM,Paycor Stadium,Cincinnati,OH,39.0954,-84.516,Outdoor,Turf,482.0,2000.0,,,,,
2023,12,19,Cameron Dicker,los_angeles_chargers,4.0,23.5,4.0,4.0,39,1,1,100.0,0,0,1,0,0,2023-11-26,8:20PM,SoFi Stadium,Inglewood,CA,33.9535,-118.3392,Outdoor,Turf,100.0,2020.0,,,,,
2023,12,20,Greg Joseph,minnesota_vikings,4.0,23.5,4.0,4.0,34,1,1,100.0,0,0,1,0,0,2023-11-27,8:15PM,U.S. Bank Stadium,Minneapolis,MN,44.974,-93.2581,Indoor,Turf,840.0,2016.0,,,,,
2023,12,21,Justin Tucker,baltimore_ravens,10.0,21.94,10.0,10.0,48,2,3,66.7,0,0,0,2,0,2023-11-26,8:20PM,SoFi Stadium,Inglewood,CA,33.9535,-118.3392,Outdoor,Turf,100.0,2020.0,,,,,
2023,12,22,Matt Gay,indianapolis_colts,10.0,21.94,10.0,10.0,46,2,3,66.7,0,0,1,1,0,2023-11-26,1:00PM,Lucas Oil Stadium,Indianapolis,IN,39.7601,-86.1639,Indoor,Turf,700.0,2008.0,,,,,
2023,12,23,Jason Myers,seattle_seahawks,9.0,21.24,9.0,9.0,51,2,3,66.7,0,0,1,0,1,2023-11-23,8:20PM,Lumen Field,Seattle,WA,47.5952,-122.3316,Outdoor,Turf,20.0,2002.0,,,,,
2023,12,24,Tyler Bass,buffalo_bills,12.0,20.2,12.0,12.0,48,2,4,50.0,0,0,0,2,0,2023-11-26,4:25PM,Lincoln Financial Field,Philadelphia,PA,39.9008,-75.1675,Outdoor,Grass,30.0,2003.0,,,,,
2023,12,25,Lucas Havrisik,cleveland_browns,7.0,15.9,7.0,7.0,24,1,2,50.0,0,1,0,0,0,2023-11-26,4:05PM,Empower Field at Mile High,Denver,CO,39.7439,-105.0201,Outdoor,Turf,5280.0,2001.0,,,,,
2023,12,26,Lucas Havrisik,los_angeles_rams,7.0,15.9,7.0,7.0,24,1,2,50.0,0,1,0,0,0,2023-11-26,4:05PM,State Farm Stadium,Glendale,AZ,33.5275,-112.2625,Indoor,Turf,1070.0,2006.0,,,,,
2023,12,27,Anders Carlson,green_bay_packers,6.0,15.1,6.0,6.0,43,1,2,50.0,0,0,0,1,0,2023-11-23,12:30PM,Ford Field,Detroit,MI,42.34,-83.0456,Indoor,Turf,600.0,2002.0,,,,,
2023,12,28,Daniel Carlson,las_vegas_raiders,5.0,14.4,5.0,5.0,34,1,2,50.0,0,0,1,0,0,2023-11-26,4:25PM,Allegiant Stadium,Las Vegas,NV,36.0908,-115.183,Indoor,Turf,2001.0,2020.0,,,,,
2023,12,29,Matt Ammendola,houston_texans,3.0,2.5,3.0,3.0,0,0,2,0.0,0,0,0,0,0,2023-11-26,1:00PM,NRG Stadium,Houston,TX,29.6847,-95.4107,Indoor,Turf,50.0,2002.0,,,,,
2023,12,30,Chad Ryland,new_england_patriots,1.0,0.9,1.0,1.0,0,0,1,0.0,0,0,0,0,0,2023-11-26,1:00PM,MetLife Stadium,East Rutherford,NJ,40.8136,-74.0744,Outdoor,Turf,3.0,2010.0,,,,,
2023,12,31,Greg Zuerlein,new_york_jets,1.0,0.7,1.0,1.0,0,0,0,0.0,0,0,0,0,0,2023-11-24,3:00PM,MetLife Stadium,East Rutherford,NJ,40.8136,-74.0744,Outdoor,Turf,3.0,2010.0,,,,,
2023,12,32,Matt Prater,arizona_cardinals,0.0,0.2,0.0,0.0,0,0,1,0.0,0,0,0,0,0,2023-11-26,4:05PM,State Farm Stadium,Glendale,AZ,33.5275,-112.2625,Indoor,Turf,1070.0,2006.0,,,,,
2023,12,33,Riley Patterson,cleveland_browns,0.0,0.0,0.0,0.0,0,0,0,0.0,0,0,0,0,0,2023-11-26,4:05PM,Empower Field at Mile High,Denver,CO,39.7439,-105.0201,Outdoor,Turf,5280.0,2001.0,,,,,
2023,12,34,Riley Patterson,detroit_lions,0.0,0.0,0.0,0.0,0,0,0,0.0,0,0,0,0,0,2023-11-23,12:30PM,Ford Field,Detroit,MI,42.34,-83.0456,Indoor,Turf,600.0,2002.0,,,,,
2023,13,1,Brandon Aubrey,dallas_cowboys,15.0,33.3,15.0,15.0,38,4,4,100.0,0,0,4,0,0,2023-11-30,8:15PM,AT&T Stadium,Arlington,TX,32.7473,-97.0945,Indoor,Turf,639.0,2009.0,,,,,
2023,13,2,Matt Gay,indianapolis_colts,14.0,32.9,14.0,14.0,46,4,4,100.0,0,3,0,1,0,2023-12-03,1:00PM,Nissan Stadium,Nashville,TN,36.1665,-86.7713,Outdoor,Grass,476.0,1999.0,,,,,
2023,13,3,Matt Ammendola,houston_texans,10.0,29.2,10.0,10.0,38,3,3,100.0,0,1,2,0,0,2023-12-03,1:00PM,NRG Stadium,Houston,TX,29.6847,-95.4107,Indoor,Turf,50.0,2002.0,,,,,
2023,13,4,Anders Carlson,green_bay_packers,11.0,29.1,11.0,11.0,48,2,2,100.0,0,0,0,2,0,2023-12-03,8:20PM,Lambeau Field,Green Bay,WI,44.5013,-88.0622,Outdoor,Grass,640.0,1957.0,,,,,
2023,13,5,Riley Patterson,cleveland_browns,9.0,27.8,9.0,9.0,32,2,2,100.0,0,1,1,0,0,2023-12-03,4:25PM,SoFi Stadium,Inglewood,CA,33.9535,-118.3392,Outdoor,Turf,100.0,2020.0,,,,,
2023,13,6,Riley Patterson,detroit_lions,9.0,27.8,9.0,9.0,32,2,2,100.0,0,1,1,0,0,2023-12-03,1:00PM,Caesars Superdome,New Orleans,LA,29.9509,-90.0815,Indoor,Turf,3.0,1975.0,,,,,
2023,13,7,Nick Folk,tennessee_titans,9.0,27.8,9.0,9.0,46,2,2,100.0,0,1,0,1,0,2023-12-03,1:00PM,Nissan Stadium,Nashville,TN,36.1665,-86.7713,Outdoor,Grass,476.0,1999.0,,,,,
2023,13,8,Jason Sanders,miami_dolphins,10.0,27.7,10.0,10.0,49,1,1,100.0,0,0,0,1,0,2023-12-03,1:00PM,FedExField,Landover,MD,38.9078,-76.8645,Outdoor,Grass,300.0,1997.0,,,,,
2023,13,9,Younghoe Koo,atlanta_falcons,8.0,27.1,8.0,8.0,42,2,2,100.0,0,1,0,1,0,2023-12-03,1:00PM,MetLife Stadium,East Rutherford,NJ,40.8136,-74.0744,Outdoor,Turf,3.0,2010.0,,,,,
2023,13,10,Dustin Hopkins,cleveland_browns,8.0,27.1,8.0,8.0,40,2,2,100.0,0,1,0,1,0,2023-12-03,4:25PM,SoFi Stadium,Inglewood,CA,33.9535,-118.3392,Outdoor,Turf,100.0,2020.0,,,,,
2023,13,11,Jake Elliott,philadelphia_eagles,7.0,26.4,7.0,7.0,39,2,2,100.0,0,1,1,0,0,2023-12-03,4:25PM,Lincoln Financial Field,Philadelphia,PA,39.9008,-75.1675,Outdoor,Grass,30.0,2003.0,,,,,
2023,13,12,Greg Zuerlein,new_york_jets,7.0,26.4,7.0,7.0,46,2,2,100.0,0,1,0,1,0,2023-12-03,1:00PM,MetLife Stadium,East Rutherford,NJ,40.8136,-74.0744,Outdoor,Turf,3.0,2010.0,,,,,
2023,13,13,Matt Prater,arizona_cardinals,8.0,26.3,8.0,8.0,51,1,1,100.0,0,0,0,0,1,2023-12-03,1:00PM,Acrisure Stadium,Pittsburgh,PA,40.4468,-80.0158,Outdoor,Grass,730.0,2001.0,,,,,
2023,13,14,Harrison Butker,kansas_city_chiefs,7.0,26.3,7.0,7.0,34,2,2,100.0,0,0,2,0,0,2023-12-03,8:20PM,Lambeau Field,Green Bay,WI,44.5013,-88.0622,Outdoor,Grass,640.0,1957.0,,,,,
2023,13,15,Cameron Dicker,los_angeles_chargers,6.0,25.6,6.0,6.0,38,2,2,100.0,0,0,2,0,0,2023-12-03,1:00PM,Gillette Stadium,Foxborough,MA,42.0909,-71.2643,Outdoor,Turf,289.0,2002.0,,,,,
2023,13,16,Wil Lutz,denver_broncos,5.0,24.2,5.0,5.0,34,1,1,100.0,0,0,1,0,0,2023-12-03,1:00PM,NRG Stadium,Houston,TX,29.6847,-95.4107,Indoor,Turf,50.0,2002.0,,,,,
2023,13,17,Evan Mcpherson,cincinnati_bengals,13.0,24.04,13.0,13.0,54,2,3,66.7,0,0,0,1,1,2023-12-04,8:15PM,TIAA Bank Field,Jacksonville,FL,30.3239,-81.6373,Outdoor,Grass,16.0,1995.0,,,,,
2023,13,18,Eddy Pineiro,carolina_panthers,4.0,23.6,4.0,4.0,23,1,1,100.0,0,1,0,0,0,2023-12-03,4:05PM,Raymond James Stadium,Tampa,FL,27.9759,-82.5033,Outdoor,Grass,26.0,1998.0,,,,,
2023,13,19,Lucas Havrisik,cleveland_browns,11.0,22.74,11.0,11.0,44,2,3,66.7,0,1,0,1,0,2023-12-03,4:25PM,SoFi Stadium,Inglewood,CA,33.9535,-118.3392,Outdoor,Turf,100.0,2020.0,,,,,
2023,13,20,Lucas Havrisik,los_angeles_rams,11.0,22.74,11.0,11.0,44,2,3,66.7,0,1,0,1,0,2023-12-03,4:25PM,SoFi Stadium,Inglewood,CA,33.9535,-118.3392,Outdoor,Turf,100.0,2020.0,,,,,
2023,13,21,Brandon Mcmanus,jacksonville_jaguars,8.0,16.5,8.0,8.0,40,1,2,50.0,0,0,0,1,0,2023-12-04,8:15PM,TIAA Bank Field,Jacksonville,FL,30.3239,-81.6373,Outdoor,Grass,16.0,1995.0,,,,,
2023,13,22,Chris Boswell,pittsburgh_steelers,4.0,13.8,4.0,4.0,29,1,2,50.0,0,1,0,0,0,2023-12-03,1:00PM,Acrisure Stadium,Pittsburgh,PA,40.4468,-80.0158,Outdoor,Grass,730.0,2001.0,,,,,
2023,13,23,Jake Moody,san_francisco_49ers,6.0,4.2,6.0,6.0,0,0,0,0.0,0,0,0,0,0,2023-12-03,4:25PM,Lincoln Financial Field,Philadelphia,PA,39.9008,-75.1675,Outdoor,Grass,30.0,2003.0,,,,,
2023,13,24,Jason Myers,seattle_seahawks,5.0,3.7,5.0,5.0,0,0,1,0.0,0,0,0,0,0,2023-11-30,8:15PM,AT&T Stadium,Arlington,TX,32.7473,-97.0945,Indoor,Turf,639.0,2009.0,,,,,
2023,13,25,Blake Grupe,new_orleans_saints,4.0,2.8,4.0,4.0,0,0,0,0.0,0,0,0,0,0,2023-12-03,1:00PM,Caesars Superdome,New Orleans,LA,29.9509,-90.0815,Indoor,Turf,3.0,1975.0,,,,,
2023,13,26,Chase Mclaughlin,tampa_bay_buccaneers,3.0,2.1,3.0,3.0,0,0,0,0.0,0,0,0,0,0,2023-12-03,4:05PM,Raymond James Stadium,Tampa,FL,27.9759,-82.5033,Outdoor,Grass,26.0,1998.0,,,,,
2023,13,27,Joey Slye,washington_commanders,1.0,0.9,1.0,1.0,0,0,1,0.0,0,0,0,0,0,2023-12-03,1:00PM,FedExField,Landover,MD,38.9078,-76.8645,Outdoor,Grass,300.0,1997.0,,,,,
2023,13,28,Chad Ryland,new_england_patriots,0.0,0.0,0.0,0.0,0,0,0,0.0,0,0,0,0,0,2023-12-03,1:00PM,Gillette Stadium,Foxborough,MA,42.0909,-71.2643,Outdoor,Turf,289.0,2002.0,,,,,
2023,14,1,Brandon Aubrey,dallas_cowboys,22.0,38.2,22.0,22.0,60,4,4,100.0,0,0,0,1,3,2023-12-10,8:20PM,AT&T Stadium,Arlington,TX,32.7473,-97.0945,Indoor,Turf,639.0,2009.0,,,,,
2023,14,2,Greg Zuerlein,new_york_jets,17.0,34.0,17.0,17.0,55,3,3,100.0,0,0,0,1,2,2023-12-10,1:00PM,MetLife Stadium,East Rutherford,NJ,40.8136,-74.0744,Outdoor,Turf,3.0,2010.0,,,,,
2023,14,3,Lucas Havrisik,cleveland_browns,13.0,31.3,13.0,13.0,51,3,3,100.0,0,1,1,0,1,2023-12-10,1:00PM,FirstEnergy Stadium,Cleveland,OH,41.5061,-81.6995,Outdoor,Grass,577.0,1999.0,,,,,
2023,14,4,Lucas Havrisik,los_angeles_rams,13.0,31.3,13.0,13.0,51,3,3,100.0,0,1,1,0,1,2023-12-10,1:00PM,M&T Bank Stadium,Baltimore,MD,39.2779,-76.6227,Outdoor,Grass,10.0,1998.0,,,,,
2023,14,5,Justin Tucker,baltimore_ravens,12.0,30.5,12.0,12.0,47,3,3,100.0,0,0,2,1,0,2023-12-10,1:00PM,M&T Bank Stadium,Baltimore,MD,39.2779,-76.6227,Outdoor,Grass,10.0,1998.0,,,,,
2023,14,6,Cairo Santos,chicago_bears,11.0,30.0,11.0,11.0,46,3,3,100.0,0,2,0,1,0,2023-12-10,1:00PM,Soldier Field,Chicago,IL,41.8623,-87.6167,Outdoor,Grass,595.0,1924.0,,,,,
2023,14,7,Chase Mclaughlin,tampa_bay_buccaneers,11.0,29.1,11.0,11.0,55,2,2,100.0,0,0,1,0,1,2023-12-10,1:00PM,Mercedes-Benz Stadium,Atlanta,GA,33.755,-84.4008,Indoor,Turf,1050.0,2017.0,,,,,
2023,14,8,Jake Elliott,philadelphia_eagles,10.0,28.4,10.0,10.0,52,2,2,100.0,0,0,0,1,1,2023-12-10,8:20PM,AT&T Stadium,Arlington,TX,32.7473,-97.0945,Indoor,Turf,639.0,2009.0,,,,,
2023,14,9,Evan Mcpherson,cincinnati_bengals,10.0,28.4,10.0,10.0,35,2,2,100.0,0,0,2,0,0,2023-12-10,1:00PM,Paycor Stadium,Cincinnati,OH,39.0954,-84.516,Outdoor,Turf,482.0,2000.0,,,,,
2023,14,10,Nick Folk,tennessee_titans,8.0,27.2,8.0,8.0,28,2,2,100.0,0,2,0,0,0,2023-12-11,8:15PM,Hard Rock Stadium,Miami Gardens,FL,25.958,-80.238,Outdoor,Grass,7.0,1987.0,,,,,
2023,14,11,Dustin Hopkins,cleveland_browns,9.0,27.0,9.0,9.0,55,1,1,100.0,0,0,0,0,1,2023-12-10,1:00PM,FirstEnergy Stadium,Cleveland,OH,41.5061,-81.6995,Outdoor,Grass,577.0,1999.0,,,,,
2023,14,12,Tyler Bass,buffalo_bills,8.0,27.0,8.0,8.0,39,2,2,100.0,0,0,2,0,0,2023-12-10,4:25PM,GEHA Field at Arrowhead Stadium,Kansas City,MO,39.049,-94.4839,Outdoor,Grass,1020.0,1972.0,,,,,
2023,14,13,Anders Carlson,green_bay_packers,11.0,25.0,11.0,11.0,48,3,4,75.0,0,0,2,1,0,2023-12-11,8:15PM,MetLife Stadium,East Rutherford,NJ,40.8136,-74.0744,Outdoor,Turf,3.0,2010.0,,,,,
2023,14,14,Wil Lutz,denver_broncos,6.0,25.0,6.0,6.0,23,1,1,100.0,0,1,0,0,0,2023-12-10,4:25PM,SoFi Stadium,Inglewood,CA,33.9535,-118.3392,Outdoor,Turf,100.0,2020.0,,,,,
2023,14,15,Chris Boswell,pittsburgh_steelers,6.0,24.9,6.0,6.0,56,1,1,100.0,0,0,0,0,1,2023-12-07,8:15PM,Acrisure Stadium,Pittsburgh,PA,40.4468,-80.0158,Outdoor,Grass,730.0,2001.0,,,,,
2023,14,16,Harrison Butker,kansas_city_chiefs,5.0,24.3,5.0,5.0,27,1,1,100.0,0,1,0,0,0,2023-12-10,4:25PM,GEHA Field at Arrowhead Stadium,Kansas City,MO,39.049,-94.4839,Outdoor,Grass,1020.0,1972.0,,,,,
2023,14,17,Jason Myers,seattle_seahawks,5.0,24.2,5.0,5.0,40,1,1,100.0,0,0,0,1,0,2023-12-10,4:05PM,Levi's Stadium,Santa Clara,CA,37.403,-121.9692,Outdoor,Grass,13.0,2014.0,,,,,
2023,14,18,Jason Sanders,miami_dolphins,9.0,21.34,9.0,9.0,31,2,3,66.7,0,1,1,0,0,2023-12-11,8:15PM,Hard Rock Stadium,Miami Gardens,FL,25.958,-80.238,Outdoor,Grass,7.0,1987.0,,,,,
2023,14,19,Eddy Pineiro,carolina_panthers,7.0,19.94,7.0,7.0,47,2,3,66.7,0,1,0,1,0,2023-12-10,1:00PM,Caesars Superdome,New Orleans,LA,29.9509,-90.0815,Indoor,Turf,3.0,1975.0,,,,,
2023,14,20,Randy Bullock,new_york_giants,6.0,15.1,6.0,6.0,37,1,2,50.0,0,0,1,0,0,2023-12-11,8:15PM,MetLife Stadium,East Rutherford,NJ,40.8136,-74.0744,Outdoor,Turf,3.0,2010.0,,,,,
2023,14,21,Greg Joseph,minnesota_vikings,3.0,13.0,3.0,3.0,36,1,2,50.0,0,0,1,0,0,2023-12-10,4:05PM,Allegiant Stadium,Las Vegas,NV,36.0908,-115.183,Indoor,Turf,2001.0,2020.0,,,,,
2023,14,22,Younghoe Koo,atlanta_falcons,5.0,11.36,5.0,5.0,20,1,3,33.3,0,1,0,0,0,2023-12-10,1:00PM,Mercedes-Benz Stadium,Atlanta,GA,33.755,-84.4008,Indoor,Turf,1050.0,2017.0,,,,,
2023,14,23,Blake Grupe,new_orleans_saints,4.0,3.0,4.0,4.0,0,0,1,0.0,0,0,0,0,0,2023-12-10,1:00PM,Caesars Superdome,New Orleans,LA,29.9509,-90.0815,Indoor,Turf,3.0,1975.0,,,,,
2023,14,24,Jake Moody,san_francisco_49ers,4.0,2.8,4.0,4.0,0,0,0,0.0,0,0,0,0,0,2023-12-10,4:05PM,Levi's Stadium,Santa Clara,CA,37.403,-121.9692,Outdoor,Grass,13.0,2014.0,,,,,
2023,14,25,Brandon Mcmanus,jacksonville_jaguars,3.0,2.1,3.0,3.0,0,0,0,0.0,0,0,0,0,0,2023-12-10,1:00PM,FirstEnergy Stadium,Cleveland,OH,41.5061,-81.6995,Outdoor,Grass,577.0,1999.0,,,,,
2023,14,26,Chad Ryland,new_england_patriots,3.0,2.1,3.0,3.0,0,0,0,0.0,0,0,0,0,0,2023-12-07,8:15PM,Acrisure Stadium,Pittsburgh,PA,40.4468,-80.0158,Outdoor,Grass,730.0,2001.0,,,,,
2023,14,27,Cameron Dicker,los_angeles_chargers,1.0,0.7,1.0,1.0,0,0,0,0.0,0,0,0,0,0,2023-12-10,4:25PM,SoFi Stadium,Inglewood,CA,33.9535,-118.3392,Outdoor,Turf,100.0,2020.0,,,,,
2023,14,28,Riley Patterson,cleveland_browns,1.0,0.7,1.0,1.0,0,0,0,0.0,0,0,0,0,0,2023-12-10,1:00PM,FirstEnergy Stadium,Cleveland,OH,41.5061,-81.6995,Outdoor,Grass,577.0,1999.0,,,,,
2023,14,29,Riley Patterson,detroit_lions,1.0,0.7,1.0,1.0,0,0,0,0.0,0,0,0,0,0,2023-12-10,1:00PM,Soldier Field,Chicago,IL,41.8623,-87.6167,Outdoor,Grass,595.0,1924.0,,,,,
2023,14,30,Matt Gay,indianapolis_colts,0.0,0.2,0.0,0.0,0,0,1,0.0,0,0,0,0,0,2023-12-10,1:00PM,Paycor Stadium,Cincinnati,OH,39.0954,-84.516,Outdoor,Turf,482.0,2000.0,,,,,
2023,14,31,Daniel Carlson,las_vegas_raiders,0.0,0.0,0.0,0.0,0,0,0,0.0,0,0,0,0,0,2023-12-10,4:05PM,Allegiant Stadium,Las Vegas,NV,36.0908,-115.183,Indoor,Turf,2001.0,2020.0,,,,,
2023,14,32,Matt Ammendola,houston_texans,0.0,0.0,0.0,0.0,0,0,0,0.0,0,0,0,0,0,2023-12-10,1:00PM,MetLife Stadium,East Rutherford,NJ,40.8136,-74.0744,Outdoor,Turf,3.0,2010.0,,,,,
2023,15,1,Ka'Imi Fairbairn,houston_texans,17.0,34.9,17.0,17.0,54,4,4,100.0,0,2,0,0,2,2023-12-17,1:00PM,Nissan Stadium,Nashville,TN,36.1665,-86.7713,Outdoor,Grass,476.0,1999.0,,,,,
2023,15,2,Matt Prater,arizona_cardinals,14.0,32.0,14.0,14.0,58,3,3,100.0,0,1,0,1,1,2023-12-17,4:05PM,State Farm Stadium,Glendale,AZ,33.5275,-112.2625,Indoor,Turf,1070.0,2006.0,,,,,
2023,15,3,Jason Sanders,miami_dolphins,12.0,30.6,12.0,12.0,37,3,3,100.0,0,1,2,0,0,2023-12-17,1:00PM,Hard Rock Stadium,Miami Gardens,FL,25.958,-80.238,Outdoor,Grass,7.0,1987.0,,,,,
2023,15,4,Justin Tucker,baltimore_ravens,12.0,30.6,12.0,12.0,43,3,3,100.0,0,1,1,1,0,2023-12-17,8:20PM,TIAA Bank Field,Jacksonville,FL,30.3239,-81.6373,Outdoor,Grass,16.0,1995.0,,,,,
2023,15,5,Chase Mclaughlin,tampa_bay_buccaneers,11.0,29.1,11.0,11.0,46,2,2,100.0,0,0,1,1,0,2023-12-17,1:00PM,Lambeau Field,Green Bay,WI,44.5013,-88.0622,Outdoor,Grass,640.0,1957.0,,,,,
2023,15,6,Eddy Pineiro,carolina_panthers,9.0,28.6,9.0,9.0,34,3,3,100.0,0,2,1,0,0,2023-12-17,1:00PM,Bank of America Stadium,Charlotte,NC,35.2258,-80.8528,Outdoor,Grass,748.0,1996.0,,,,,
2023,15,7,Evan Mcpherson,cincinnati_bengals,9.0,27.8,9.0,9.0,34,2,2,100.0,0,1,1,0,0,2023-12-16,1:00PM,Paycor Stadium,Cincinnati,OH,39.0954,-84.516,Outdoor,Turf,482.0,2000.0,,,,,
2023,15,8,Jason Myers,seattle_seahawks,9.0,27.8,9.0,9.0,43,2,2,100.0,0,1,0,1,0,2023-12-18,8:15PM,Lumen Field,Seattle,WA,47.5952,-122.3316,Outdoor,Turf,20.0,2002.0,,,,,
2023,15,9,Jake Moody,san_francisco_49ers,10.0,27.7,10.0,10.0,43,1,1,100.0,0,0,0,1,0,2023-12-17,4:05PM,State Farm Stadium,Glendale,AZ,33.5275,-112.2625,Indoor,Turf,1070.0,2006.0,,,,,
2023,15,10,Dustin Hopkins,cleveland_browns,8.0,27.0,8.0,8.0,34,2,2,100.0,0,0,2,0,0,2023-12-17,1:00PM,FirstEnergy Stadium,Cleveland,OH,41.5061,-81.6995,Outdoor,Grass,577.0,1999.0,,,,,
2023,15,11,Anders Carlson,green_bay_packers,8.0,27.0,8.0,8.0,36,2,2,100.0,0,0,2,0,0,2023-12-17,1:00PM,Lambeau Field,Green Bay,WI,44.5013,-88.0622,Outdoor,Grass,640.0,1957.0,,,,,
2023,15,12,Blake Grupe,new_orleans_saints,8.0,26.3,8.0,8.0,50,1,1,100.0,0,0,0,0,1,2023-12-17,1:00PM,Caesars Superdome,New Orleans,LA,29.9509,-90.0815,Indoor,Turf,3.0,1975.0,,,,,
2023,15,13,Tyler Bass,buffalo_bills,7.0,25.7,7.0,7.0,23,1,1,100.0,0,1,0,0,0,2023-12-17,4:25PM,Highmark Stadium,Orchard Park,NY,42.7738,-78.7868,Outdoor,Grass,600.0,1973.0,,,,,
2023,15,14,Cairo Santos,chicago_bears,6.0,24.9,6.0,6.0,41,1,1,100.0,0,0,0,1,0,2023-12-17,1:00PM,FirstEnergy Stadium,Cleveland,OH,41.5061,-81.6995,Outdoor,Grass,577.0,1999.0,,,,,
2023,15,15,Greg Joseph,minnesota_vikings,6.0,24.9,6.0,6.0,39,1,1,100.0,0,0,1,0,0,2023-12-16,1:00PM,Paycor Stadium,Cincinnati,OH,39.0954,-84.516,Outdoor,Turf,482.0,2000.0,,,,,
2023,15,16,Jake Elliott,philadelphia_eagles,5.0,24.3,5.0,5.0,27,1,1,100.0,0,1,0,0,0,2023-12-18,8:15PM,Lumen Field,Seattle,WA,47.5952,-122.3316,Outdoor,Turf,20.0,2002.0,,,,,
2023,15,17,Wil Lutz,denver_broncos,5.0,24.3,5.0,5.0,23,1,1,100.0,0,1,0,0,0,2023-12-16,8:15PM,Ford Field,Detroit,MI,42.34,-83.0456,Indoor,Turf,600.0,2002.0,,,,,
2023,15,18,Nick Folk,tennessee_titans,5.0,24.2,5.0,5.0,45,1,1,100.0,0,0,0,1,0,2023-12-17,1:00PM,Nissan Stadium,Nashville,TN,36.1665,-86.7713,Outdoor,Grass,476.0,1999.0,,,,,
2023,15,19,Randy Bullock,new_york_giants,5.0,24.2,5.0,5.0,56,1,1,100.0,0,0,0,0,1,2023-12-17,1:00PM,Caesars Superdome,New Orleans,LA,29.9509,-90.0815,Indoor,Turf,3.0,1975.0,,,,,
2023,15,20,Matt Gay,indianapolis_colts,13.0,23.7,13.0,13.0,42,3,5,60.0,0,1,1,1,0,2023-12-16,4:30PM,Lucas Oil Stadium,Indianapolis,IN,39.7601,-86.1639,Indoor,Turf,700.0,2008.0,,,,,
2023,15,21,Brandon Aubrey,dallas_cowboys,4.0,23.5,4.0,4.0,32,1,1,100.0,0,0,1,0,0,2023-12-17,4:25PM,Highmark Stadium,Orchard Park,NY,42.7738,-78.7868,Outdoor,Grass,600.0,1973.0,,,,,
2023,15,22,Harrison Butker,kansas_city_chiefs,11.0,22.74,11.0,11.0,54,2,3,66.7,0,1,0,0,1,2023-12-17,1:00PM,Gillette Stadium,Foxborough,MA,42.0909,-71.2643,Outdoor,Turf,289.0,2002.0,,,,,
2023,15,23,Lucas Havrisik,cleveland_browns,8.0,20.74,8.0,8.0,27,2,3,66.7,0,2,0,0,0,2023-12-17,1:00PM,FirstEnergy Stadium,Cleveland,OH,41.5061,-81.6995,Outdoor,Grass,577.0,1999.0,,,,,
2023,15,24,Lucas Havrisik,los_angeles_rams,8.0,20.74,8.0,8.0,27,2,3,66.7,0,2,0,0,0,2023-12-17,4:05PM,SoFi Stadium,Inglewood,CA,33.9535,-118.3392,Outdoor,Turf,100.0,2020.0,,,,,
2023,15,25,Chad Ryland,new_england_patriots,5.0,14.5,5.0,5.0,25,1,2,50.0,0,1,0,0,0,2023-12-17,1:00PM,Gillette Stadium,Foxborough,MA,42.0909,-71.2643,Outdoor,Turf,289.0,2002.0,,,,,
2023,15,26,Daniel Carlson,las_vegas_raiders,9.0,6.3,9.0,9.0,0,0,0,0.0,0,0,0,0,0,2023-12-14,8:15PM,Allegiant Stadium,Las Vegas,NV,36.0908,-115.183,Indoor,Turf,2001.0,2020.0,,,,,
2023,15,27,Michael Badgley,unknown,6.0,4.2,6.0,6.0,0,0,0,0.0,0,0,0,0,0,,,,,,,,,,,,,,,,
2023,15,28,Cameron Dicker,los_angeles_chargers,3.0,2.1,3.0,3.0,0,0,0,0.0,0,0,0,0,0,2023-12-14,8:15PM,Allegiant Stadium,Las Vegas,NV,36.0908,-115.183,Indoor,Turf,2001.0,2020.0,,,,,
2023,15,29,Joey Slye,washington_commanders,2.0,1.4,2.0,2.0,0,0,0,0.0,0,0,0,0,0,2023-12-17,4:05PM,SoFi Stadium,Inglewood,CA,33.9535,-118.3392,Outdoor,Turf,100.0,2020.0,,,,,
2023,15,30,Brandon Mcmanus,jacksonville_jaguars,1.0,1.1,1.0,1.0,0,0,2,0.0,0,0,0,0,0,2023-12-17,8:20PM,TIAA Bank Field,Jacksonville,FL,30.3239,-81.6373,Outdoor,Grass,16.0,1995.0,,,,,
2023,15,31,Chris Boswell,pittsburgh_steelers,1.0,0.7,1.0,1.0,0,0,0,0.0,0,0,0,0,0,2023-12-16,4:30PM,Lucas Oil Stadium,Indianapolis,IN,39.7601,-86.1639,Indoor,Turf,700.0,2008.0,,,,,
2023,15,32,Younghoe Koo,atlanta_falcons,1.0,0.7,1.0,1.0,0,0,0,0.0,0,0,0,0,0,2023-12-17,1:00PM,Bank of America Stadium,Charlotte,NC,35.2258,-80.8528,Outdoor,Grass,748.0,1996.0,,,,,
2023,15,33,Greg Zuerlein,new_york_jets,0.0,0.0,0.0,0.0,0,0,0,0.0,0,0,0,0,0,2023-12-17,1:00PM,Hard Rock Stadium,Miami Gardens,FL,25.958,-80.238,Outdoor,Grass,7.0,1987.0,,,,,
2023,16,1,Jason Sanders,miami_dolphins,22.0,39.0,22.0,22.0,57,5,5,100.0,0,1,1,0,3,2023-12-24,4:25PM,Hard Rock Stadium,Miami Gardens,FL,25.958,-80.238,Outdoor,Grass,7.0,1987.0,,,,,
2023,16,2,Cameron Dicker,los_angeles_chargers,21.0,38.3,21.0,21.0,53,5,5,100.0,0,1,0,3,1,2023-12-23,8:00PM,SoFi Stadium,Inglewood,CA,33.9535,-118.3392,Outdoor,Turf,100.0,2020.0,,,,,
2023,16,3,Younghoe Koo,atlanta_falcons,19.0,37.0,19.0,19.0,47,5,5,100.0,0,2,1,2,0,2023-12-24,1:00PM,Mercedes-Benz Stadium,Atlanta,GA,33.755,-84.4008,Indoor,Turf,1050.0,2017.0,,,,,
2023,16,4,Jake Elliott,philadelphia_eagles,17.0,34.9,17.0,17.0,44,4,4,100.0,0,2,0,2,0,2023-12-25,4:30PM,Lincoln Financial Field,Philadelphia,PA,39.9008,-75.1675,Outdoor,Grass,30.0,2003.0,,,,,
2023,16,5,Justin Tucker,baltimore_ravens,16.0,34.3,16.0,16.0,41,4,4,100.0,0,3,0,1,0,2023-12-25,8:15PM,Levi's Stadium,Santa Clara,CA,37.403,-121.9692,Outdoor,Grass,13.0,2014.0,,,,,
2023,16,6,Greg Zuerlein,new_york_jets,14.0,32.1,14.0,14.0,54,3,3,100.0,0,2,0,0,1,2023-12-24,1:00PM,MetLife Stadium,East Rutherford,NJ,40.8136,-74.0744,Outdoor,Turf,3.0,2010.0,,,,,
2023,16,7,Chase Mclaughlin,tampa_bay_buccaneers,14.0,32.0,14.0,14.0,51,3,3,100.0,0,1,1,0,1,2023-12-24,4:05PM,Raymond James Stadium,Tampa,FL,27.9759,-82.5033,Outdoor,Grass,26.0,1998.0,,,,,
2023,16,8,Chris Boswell,pittsburgh_steelers,12.0,29.8,12.0,12.0,50,2,2,100.0,0,0,1,0,1,2023-12-23,4:30PM,Acrisure Stadium,Pittsburgh,PA,40.4468,-80.0158,Outdoor,Grass,730.0,2001.0,,,,,
2023,16,9,Anders Carlson,green_bay_packers,11.0,29.1,11.0,11.0,53,2,2,100.0,0,0,1,0,1,2023-12-24,1:00PM,Bank of America Stadium,Charlotte,NC,35.2258,-80.8528,Outdoor,Grass,748.0,1996.0,,,,,
2023,16,10,Cairo Santos,chicago_bears,10.0,28.5,10.0,10.0,49,2,2,100.0,0,1,0,1,0,2023-12-24,4:25PM,Soldier Field,Chicago,IL,41.8623,-87.6167,Outdoor,Grass,595.0,1924.0,,,,,
2023,16,11,Brandon Aubrey,dallas_cowboys,9.0,27.7,9.0,9.0,43,2,2,100.0,0,0,1,1,0,2023-12-24,4:25PM,Hard Rock Stadium,Miami Gardens,FL,25.958,-80.238,Outdoor,Grass,7.0,1987.0,,,,,
2023,16,12,Jason Myers,seattle_seahawks,8.0,27.2,8.0,8.0,28,2,2,100.0,0,2,0,0,0,2023-12-24,1:00PM,Nissan Stadium,Nashville,TN,36.1665,-86.7713,Outdoor,Grass,476.0,1999.0,,,,,
2023,16,13,Lucas Havrisik,cleveland_browns,12.0,25.9,12.0,12.0,32,3,4,75.0,0,2,1,0,0,2023-12-24,1:00PM,NRG Stadium,Houston,TX,29.6847,-95.4107,Indoor,Turf,50.0,2002.0,,,,,
2023,16,14,Lucas Havrisik,los_angeles_rams,12.0,25.9,12.0,12.0,32,3,4,75.0,0,2,1,0,0,2023-12-21,8:15PM,SoFi Stadium,Inglewood,CA,33.9535,-118.3392,Outdoor,Turf,100.0,2020.0,,,,,
2023,16,15,Daniel Carlson,las_vegas_raiders,6.0,25.7,6.0,6.0,35,2,2,100.0,0,1,1,0,0,2023-12-25,1:00PM,GEHA Field at Arrowhead Stadium,Kansas City,MO,39.049,-94.4839,Outdoor,Grass,1020.0,1972.0,,,,,
2023,16,16,Mason Crosby,los_angeles_rams,7.0,25.6,7.0,7.0,52,1,1,100.0,0,0,0,0,1,2023-12-21,8:15PM,SoFi Stadium,Inglewood,CA,33.9535,-118.3392,Outdoor,Turf,100.0,2020.0,,,,,
2023,16,17,Mason Crosby,new_york_giants,7.0,25.6,7.0,7.0,52,1,1,100.0,0,0,0,0,1,2023-12-25,4:30PM,Lincoln Financial Field,Philadelphia,PA,39.9008,-75.1675,Outdoor,Grass,30.0,2003.0,,,,,
2023,16,18,Greg Joseph,minnesota_vikings,6.0,25.0,6.0,6.0,26,1,1,100.0,0,1,0,0,0,2023-12-24,1:00PM,U.S. Bank Stadium,Minneapolis,MN,44.974,-93.2581,Indoor,Turf,840.0,2016.0,,,,,
2023,16,19,Tyler Bass,buffalo_bills,6.0,25.0,6.0,6.0,29,1,1,100.0,0,1,0,0,0,2023-12-23,8:00PM,SoFi Stadium,Inglewood,CA,33.9535,-118.3392,Outdoor,Turf,100.0,2020.0,,,,,
2023,16,20,Matt Prater,arizona_cardinals,6.0,24.9,6.0,6.0,55,1,1,100.0,0,0,0,0,1,2023-12-24,4:25PM,Soldier Field,Chicago,IL,41.8623,-87.6167,Outdoor,Grass,595.0,1924.0,,,,,
2023,16,21,Eddy Pineiro,carolina_panthers,6.0,24.9,6.0,6.0,52,1,1,100.0,0,0,0,0,1,2023-12-24,1:00PM,Bank of America Stadium,Charlotte,NC,35.2258,-80.8528,Outdoor,Grass,748.0,1996.0,,,,,
2023,16,22,Jake Moody,san_francisco_49ers,6.0,24.9,6.0,6.0,45,1,1,100.0,0,0,0,1,0,2023-12-25,8:15PM,Levi's Stadium,Santa Clara,CA,37.403,-121.9692,Outdoor,Grass,13.0,2014.0,,,,,
2023,16,23,Michael Badgley,unknown,6.0,24.9,6.0,6.0,37,1,1,100.0,0,0,1,0,0,,,,,,,,,,,,,,,,
2023,16,24,Nick Folk,tennessee_titans,5.0,24.2,5.0,5.0,33,1,1,100.0,0,0,1,0,0,2023-12-24,1:00PM,Nissan Stadium,Nashville,TN,36.1665,-86.7713,Outdoor,Grass,476.0,1999.0,,,,,
2023,16,25,Matt Gay,indianapolis_colts,4.0,23.5,4.0,4.0,33,1,1,100.0,0,0,1,0,0,2023-12-24,1:00PM,Mercedes-Benz Stadium,Atlanta,GA,33.755,-84.4008,Indoor,Turf,1050.0,2017.0,,,,,
2023,16,26,Evan Mcpherson,cincinnati_bengals,3.0,22.8,3.0,3.0,35,1,1,100.0,0,0,1,0,0,2023-12-23,4:30PM,Acrisure Stadium,Pittsburgh,PA,40.4468,-80.0158,Outdoor,Grass,730.0,2001.0,,,,,
2023,16,27,Chad Ryland,new_england_patriots,10.0,21.94,10.0,10.0,56,2,3,66.7,0,0,1,0,1,2023-12-24,8:15PM,Empower Field at Mile High,Denver,CO,39.7439,-105.0201,Outdoor,Turf,5280.0,2001.0,,,,,
2023,16,28,Joey Slye,washington_commanders,4.0,2.8,4.0,4.0,0,0,0,0.0,0,0,0,0,0,2023-12-24,1:00PM,MetLife Stadium,East Rutherford,NJ,40.8136,-74.0744,Outdoor,Turf,3.0,2010.0,,,,,
2023,16,29,Harrison Butker,kansas_city_chiefs,2.0,1.6,2.0,2.0,0,0,1,0.0,0,0,0,0,0,2023-12-25,1:00PM,GEHA Field at Arrowhead Stadium,Kansas City,MO,39.049,-94.4839,Outdoor,Grass,1020.0,1972.0,,,,,
2023,16,30,Blake Grupe,new_orleans_saints,2.0,1.4,2.0,2.0,0,0,0,0.0,0,0,0,0,0,2023-12-21,8:15PM,SoFi Stadium,Inglewood,CA,33.9535,-118.3392,Outdoor,Turf,100.0,2020.0,,,,,
2023,16,31,Dustin Hopkins,cleveland_browns,2.0,1.4,2.0,2.0,0,0,0,0.0,0,0,0,0,0,2023-12-24,1:00PM,NRG Stadium,Houston,TX,29.6847,-95.4107,Indoor,Turf,50.0,2002.0,,,,,
2023,16,32,Ka'Imi Fairbairn,houston_texans,2.0,1.4,2.0,2.0,0,0,0,0.0,0,0,0,0,0,2023-12-24,1:00PM,NRG Stadium,Houston,TX,29.6847,-95.4107,Indoor,Turf,50.0,2002.0,,,,,
2023,16,33,Wil Lutz,denver_broncos,1.0,0.9,1.0,1.0,0,0,1,0.0,0,0,0,0,0,2023-12-24,8:15PM,Empower Field at Mile High,Denver,CO,39.7439,-105.0201,Outdoor,Turf,5280.0,2001.0,,,,,
2023,16,34,Brandon Mcmanus,jacksonville_jaguars,0.0,0.2,0.0,0.0,0,0,1,0.0,0,0,0,0,0,2023-12-24,4:05PM,Raymond James Stadium,Tampa,FL,27.9759,-82.5033,Outdoor,Grass,26.0,1998.0,,,,,
2023,17,1,Harrison Butker,kansas_city_chiefs,24.0,41.2,24.0,24.0,54,6,6,100.0,0,2,0,3,1,2023-01-01,1:00PM,GEHA Field at Arrowhead Stadium,Kansas City,MO,39.049,-94.4839,Outdoor,Grass,1020.0,1972.0,,,,,
2023,17,1,Harrison Butker,kansas_city_chiefs,24.0,41.2,24.0,24.0,54,6,6,100.0,0,2,0,3,1,2023-12-31,4:25PM,GEHA Field at Arrowhead Stadium,Kansas City,MO,39.049,-94.4839,Outdoor,Grass,1020.0,1972.0,,,,,
2023,17,2,Ka'Imi Fairbairn,houston_texans,16.0,34.2,16.0,16.0,51,4,4,100.0,0,2,1,0,1,2023-12-31,1:00PM,NRG Stadium,Houston,TX,29.6847,-95.4107,Indoor,Turf,50.0,2002.0,,,,,
2023,17,2,Ka'Imi Fairbairn,houston_texans,16.0,34.2,16.0,16.0,51,4,4,100.0,0,2,1,0,1,2023-01-01,1:00PM,NRG Stadium,Houston,TX,29.6847,-95.4107,Indoor,Turf,50.0,2002.0,,,,,
2023,17,3,Brandon Mcmanus,jacksonville_jaguars,14.0,32.8,14.0,14.0,35,4,4,100.0,0,2,2,0,0,2023-01-01,1:00PM,NRG Stadium,Houston,TX,29.6847,-95.4107,Indoor,Turf,50.0,2002.0,,,,,
2023,17,3,Brandon Mcmanus,jacksonville_jaguars,14.0,32.8,14.0,14.0,35,4,4,100.0,0,2,2,0,0,2023-12-31,1:00PM,TIAA Bank Field,Jacksonville,FL,30.3239,-81.6373,Outdoor,Grass,16.0,1995.0,,,,,
2023,17,4,Jason Myers,seattle_seahawks,13.0,31.3,13.0,13.0,43,3,3,100.0,0,1,0,2,0,2023-01-01,4:05PM,Lumen Field,Seattle,WA,47.5952,-122.3316,Outdoor,Turf,20.0,2002.0,,,,,
2023,17,4,Jason Myers,seattle_seahawks,13.0,31.3,13.0,13.0,43,3,3,100.0,0,1,0,2,0,2023-12-31,4:05PM,Lumen Field,Seattle,WA,47.5952,-122.3316,Outdoor,Turf,20.0,2002.0,,,,,
2023,17,5,Chris Boswell,pittsburgh_steelers,12.0,30.7,12.0,12.0,39,3,3,100.0,0,2,1,0,0,2023-01-01,8:20PM,M&T Bank Stadium,Baltimore,MD,39.2779,-76.6227,Outdoor,Grass,10.0,1998.0,,,,,
2023,17,5,Chris Boswell,pittsburgh_steelers,12.0,30.7,12.0,12.0,39,3,3,100.0,0,2,1,0,0,2023-12-31,4:05PM,Lumen Field,Seattle,WA,47.5952,-122.3316,Outdoor,Turf,20.0,2002.0,,,,,
2023,17,6,Blake Grupe,new_orleans_saints,12.0,30.6,12.0,12.0,45,3,3,100.0,0,1,1,1,0,2023-01-01,1:00PM,Lincoln Financial Field,Philadelphia,PA,39.9008,-75.1675,Outdoor,Grass,30.0,2003.0,,,,,
2023,17,6,Blake Grupe,new_orleans_saints,12.0,30.6,12.0,12.0,45,3,3,100.0,0,1,1,1,0,2023-12-31,1:00PM,Raymond James Stadium,Tampa,FL,27.9759,-82.5033,Outdoor,Grass,26.0,1998.0,,,,,
2023,17,7,Matt Gay,indianapolis_colts,12.0,30.5,12.0,12.0,45,3,3,100.0,0,0,2,1,0,2023-12-31,1:00PM,Lucas Oil Stadium,Indianapolis,IN,39.7601,-86.1639,Indoor,Turf,700.0,2008.0,,,,,
2023,17,7,Matt Gay,indianapolis_colts,12.0,30.5,12.0,12.0,45,3,3,100.0,0,0,2,1,0,2023-01-01,1:00PM,MetLife Stadium,East Rutherford,NJ,40.8136,-74.0744,Outdoor,Turf,3.0,2010.0,,,,,
2023,17,8,Brandon Aubrey,dallas_cowboys,11.0,29.1,11.0,11.0,51,2,2,100.0,0,0,0,1,1,2023-12-30,8:15PM,AT&T Stadium,Arlington,TX,32.7473,-97.0945,Indoor,Turf,639.0,2009.0,,,,,
2023,17,9,Cairo Santos,chicago_bears,15.0,27.9,15.0,15.0,42,3,4,75.0,0,1,0,2,0,2023-12-31,1:00PM,Soldier Field,Chicago,IL,41.8623,-87.6167,Outdoor,Grass,595.0,1924.0,,,,,
2023,17,9,Cairo Santos,chicago_bears,15.0,27.9,15.0,15.0,42,3,4,75.0,0,1,0,2,0,2023-01-01,1:00PM,Ford Field,Detroit,MI,42.34,-83.0456,Indoor,Turf,600.0,2002.0,,,,,
2023,17,10,Jake Moody,san_francisco_49ers,9.0,27.8,9.0,9.0,38,2,2,100.0,0,1,1,0,0,2023-01-01,4:05PM,Allegiant Stadium,Las Vegas,NV,36.0908,-115.183,Indoor,Turf,2001.0,2020.0,,,,,
2023,17,10,Jake Moody,san_francisco_49ers,9.0,27.8,9.0,9.0,38,2,2,100.0,0,1,1,0,0,2023-12-31,1:00PM,FedExField,Landover,MD,38.9078,-76.8645,Outdoor,Grass,300.0,1997.0,,,,,
2023,17,11,Matt Prater,arizona_cardinals,9.0,27.8,9.0,9.0,34,2,2,100.0,0,1,1,0,0,2023-12-31,1:00PM,Lincoln Financial Field,Philadelphia,PA,39.9008,-75.1675,Outdoor,Grass,30.0,2003.0,,,,,
2023,17,11,Matt Prater,arizona_cardinals,9.0,27.8,9.0,9.0,34,2,2,100.0,0,1,1,0,0,2023-01-01,1:00PM,Mercedes-Benz Stadium,Atlanta,GA,33.755,-84.4008,Indoor,Turf,1050.0,2017.0,,,,,
2023,17,12,Tyler Bass,buffalo_bills,9.0,27.8,9.0,9.0,35,2,2,100.0,0,1,1,0,0,2023-12-31,1:00PM,Highmark Stadium,Orchard Park,NY,42.7738,-78.7868,Outdoor,Grass,600.0,1973.0,,,,,
2023,17,13,Daniel Carlson,las_vegas_raiders,9.0,27.7,9.0,9.0,40,2,2,100.0,0,0,1,1,0,2023-01-01,4:05PM,Allegiant Stadium,Las Vegas,NV,36.0908,-115.183,Indoor,Turf,2001.0,2020.0,,,,,
2023,17,13,Daniel Carlson,las_vegas_raiders,9.0,27.7,9.0,9.0,40,2,2,100.0,0,0,1,1,0,2023-12-31,1:00PM,Lucas Oil Stadium,Indianapolis,IN,39.7601,-86.1639,Indoor,Turf,700.0,2008.0,,,,,
2023,17,14,Anders Carlson,green_bay_packers,9.0,27.7,9.0,9.0,37,2,2,100.0,0,0,2,0,0,2023-01-01,4:25PM,Lambeau Field,Green Bay,WI,44.5013,-88.0622,Outdoor,Grass,640.0,1957.0,,,,,
2023,17,14,Anders Carlson,green_bay_packers,9.0,27.7,9.0,9.0,37,2,2,100.0,0,0,2,0,0,2023-12-31,8:20PM,U.S. Bank Stadium,Minneapolis,MN,44.974,-93.2581,Indoor,Turf,840.0,2016.0,,,,,
2023,17,15,Michael Badgley,unknown,8.0,27.0,8.0,8.0,41,2,2,100.0,0,0,1,1,0,,,,,,,,,,,,,,,,
2023,17,16,Jason Sanders,miami_dolphins,7.0,26.4,7.0,7.0,38,2,2,100.0,0,1,1,0,0,2023-01-01,1:00PM,Gillette Stadium,Foxborough,MA,42.0909,-71.2643,Outdoor,Turf,289.0,2002.0,,,,,
2023,17,16,Jason Sanders,miami_dolphins,7.0,26.4,7.0,7.0,38,2,2,100.0,0,1,1,0,0,2023-12-31,1:00PM,M&T Bank Stadium,Baltimore,MD,39.2779,-76.6227,Outdoor,Grass,10.0,1998.0,,,,,
2023,17,17,Cameron Dicker,los_angeles_chargers,13.0,26.4,13.0,13.0,52,3,4,75.0,0,0,1,0,2,2023-01-01,4:25PM,SoFi Stadium,Inglewood,CA,33.9535,-118.3392,Outdoor,Turf,100.0,2020.0,,,,,
2023,17,17,Cameron Dicker,los_angeles_chargers,13.0,26.4,13.0,13.0,52,3,4,75.0,0,0,1,0,2,2023-12-31,4:25PM,Empower Field at Mile High,Denver,CO,39.7439,-105.0201,Outdoor,Turf,5280.0,2001.0,,,,,
2023,17,18,Jake Elliott,philadelphia_eagles,8.0,26.3,8.0,8.0,43,1,1,100.0,0,0,0,1,0,2023-01-01,1:00PM,Lincoln Financial Field,Philadelphia,PA,39.9008,-75.1675,Outdoor,Grass,30.0,2003.0,,,,,
2023,17,18,Jake Elliott,philadelphia_eagles,8.0,26.3,8.0,8.0,43,1,1,100.0,0,0,0,1,0,2023-12-31,1:00PM,Lincoln Financial Field,Philadelphia,PA,39.9008,-75.1675,Outdoor,Grass,30.0,2003.0,,,,,
2023,17,19,Riley Patterson,cleveland_browns,7.0,25.6,7.0,7.0,33,1,1,100.0,0,0,1,0,0,2023-01-01,1:00PM,FedExField,Landover,MD,38.9078,-76.8645,Outdoor,Grass,300.0,1997.0,,,,,
2023,17,19,Riley Patterson,cleveland_browns,7.0,25.6,7.0,7.0,33,1,1,100.0,0,0,1,0,0,2023-12-28,8:15PM,FirstEnergy Stadium,Cleveland,OH,41.5061,-81.6995,Outdoor,Grass,577.0,1999.0,,,,,
2023,17,20,Riley Patterson,detroit_lions,7.0,25.6,7.0,7.0,33,1,1,100.0,0,0,1,0,0,2023-01-01,1:00PM,Ford Field,Detroit,MI,42.34,-83.0456,Indoor,Turf,600.0,2002.0,,,,,
2023,17,20,Riley Patterson,detroit_lions,7.0,25.6,7.0,7.0,33,1,1,100.0,0,0,1,0,0,2023-12-30,8:15PM,AT&T Stadium,Arlington,TX,32.7473,-97.0945,Indoor,Turf,639.0,2009.0,,,,,
2023,17,21,Wil Lutz,denver_broncos,11.0,25.1,11.0,11.0,43,3,4,75.0,0,1,1,1,0,2023-12-31,4:25PM,Empower Field at Mile High,Denver,CO,39.7439,-105.0201,Outdoor,Turf,5280.0,2001.0,,,,,
2023,17,21,Wil Lutz,denver_broncos,11.0,25.1,11.0,11.0,43,3,4,75.0,0,1,1,1,0,2023-01-01,1:00PM,GEHA Field at Arrowhead Stadium,Kansas City,MO,39.049,-94.4839,Outdoor,Grass,1020.0,1972.0,,,,,
2023,17,22,Greg Joseph,minnesota_vikings,6.0,24.9,6.0,6.0,54,1,1,100.0,0,0,0,0,1,2023-01-01,4:25PM,Lambeau Field,Green Bay,WI,44.5013,-88.0622,Outdoor,Grass,640.0,1957.0,,,,,
2023,17,22,Greg Joseph,minnesota_vikings,6.0,24.9,6.0,6.0,54,1,1,100.0,0,0,0,0,1,2023-12-31,8:20PM,U.S. Bank Stadium,Minneapolis,MN,44.974,-93.2581,Indoor,Turf,840.0,2016.0,,,,,
2023,17,23,Nick Folk,tennessee_titans,5.0,24.2,5.0,5.0,53,1,1,100.0,0,0,0,0,1,2023-12-31,1:00PM,NRG Stadium,Houston,TX,29.6847,-95.4107,Indoor,Turf,50.0,2002.0,,,,,
2023,17,24,Evan Mcpherson,cincinnati_bengals,5.0,24.2,5.0,5.0,34,1,1,100.0,0,0,1,0,0,2023-12-31,4:25PM,GEHA Field at Arrowhead Stadium,Kansas City,MO,39.049,-94.4839,Outdoor,Grass,1020.0,1972.0,,,,,
2023,17,25,Joey Slye,washington_commanders,5.0,24.2,5.0,5.0,47,1,1,100.0,0,0,0,1,0,2023-01-01,1:00PM,FedExField,Landover,MD,38.9078,-76.8645,Outdoor,Grass,300.0,1997.0,,,,,
2023,17,25,Joey Slye,washington_commanders,5.0,24.2,5.0,5.0,47,1,1,100.0,0,0,0,1,0,2023-12-31,1:00PM,FedExField,Landover,MD,38.9078,-76.8645,Outdoor,Grass,300.0,1997.0,,,,,
2023,17,26,Greg Zuerlein,new_york_jets,10.0,21.94,10.0,10.0,46,2,3,66.7,0,0,0,2,0,2023-01-01,4:05PM,Lumen Field,Seattle,WA,47.5952,-122.3316,Outdoor,Turf,20.0,2002.0,,,,,
2023,17,26,Greg Zuerlein,new_york_jets,10.0,21.94,10.0,10.0,46,2,3,66.7,0,0,0,2,0,2023-12-28,8:15PM,FirstEnergy Stadium,Cleveland,OH,41.5061,-81.6995,Outdoor,Grass,577.0,1999.0,,,,,
2023,17,27,Mason Crosby,los_angeles_rams,7.0,19.84,7.0,7.0,32,2,3,66.7,0,0,2,0,0,2023-12-31,1:00PM,MetLife Stadium,East Rutherford,NJ,40.8136,-74.0744,Outdoor,Turf,3.0,2010.0,,,,,
2023,17,27,Mason Crosby,los_angeles_rams,7.0,19.84,7.0,7.0,32,2,3,66.7,0,0,2,0,0,2023-01-01,4:25PM,SoFi Stadium,Inglewood,CA,33.9535,-118.3392,Outdoor,Turf,100.0,2020.0,,,,,
2023,17,28,Mason Crosby,new_york_giants,7.0,19.84,7.0,7.0,32,2,3,66.7,0,0,2,0,0,2023-01-01,1:00PM,MetLife Stadium,East Rutherford,NJ,40.8136,-74.0744,Outdoor,Turf,3.0,2010.0,,,,,
2023,17,28,Mason Crosby,new_york_giants,7.0,19.84,7.0,7.0,32,2,3,66.7,0,0,2,0,0,2023-12-31,1:00PM,MetLife Stadium,East Rutherford,NJ,40.8136,-74.0744,Outdoor,Turf,3.0,2010.0,,,,,
2023,17,29,Younghoe Koo,atlanta_falcons,5.0,11.26,5.0,5.0,38,1,3,33.3,0,0,1,0,0,2023-01-01,1:00PM,Mercedes-Benz Stadium,Atlanta,GA,33.755,-84.4008,Indoor,Turf,1050.0,2017.0,,,,,
2023,17,29,Younghoe Koo,atlanta_falcons,5.0,11.26,5.0,5.0,38,1,3,33.3,0,0,1,0,0,2023-12-31,1:00PM,Soldier Field,Chicago,IL,41.8623,-87.6167,Outdoor,Grass,595.0,1924.0,,,,,
2023,17,30,Justin Tucker,baltimore_ravens,8.0,5.6,8.0,8.0,0,0,0,0.0,0,0,0,0,0,2023-12-31,1:00PM,M&T Bank Stadium,Baltimore,MD,39.2779,-76.6227,Outdoor,Grass,10.0,1998.0,,,,,
2023,17,30,Justin Tucker,baltimore_ravens,8.0,5.6,8.0,8.0,0,0,0,0.0,0,0,0,0,0,2023-01-01,8:20PM,M&T Bank Stadium,Baltimore,MD,39.2779,-76.6227,Outdoor,Grass,10.0,1998.0,,,,,
2023,17,31,Chad Ryland,new_england_patriots,3.0,2.3,3.0,3.0,0,0,1,0.0,0,0,0,0,0,2023-01-01,1:00PM,Gillette Stadium,Foxborough,MA,42.0909,-71.2643,Outdoor,Turf,289.0,2002.0,,,,,
2023,17,31,Chad Ryland,new_england_patriots,3.0,2.3,3.0,3.0,0,0,1,0.0,0,0,0,0,0,2023-12-31,1:00PM,Highmark Stadium,Orchard Park,NY,42.7738,-78.7868,Outdoor,Grass,600.0,1973.0,,,,,
2023,17,32,Lucas Havrisik,cleveland_browns,2.0,1.4,2.0,2.0,0,0,0,0.0,0,0,0,0,0,2023-01-01,1:00PM,FedExField,Landover,MD,38.9078,-76.8645,Outdoor,Grass,300.0,1997.0,,,,,
2023,17,32,Lucas Havrisik,cleveland_browns,2.0,1.4,2.0,2.0,0,0,0,0.0,0,0,0,0,0,2023-12-28,8:15PM,FirstEnergy Stadium,Cleveland,OH,41.5061,-81.6995,Outdoor,Grass,577.0,1999.0,,,,,
2023,17,33,Lucas Havrisik,los_angeles_rams,2.0,1.4,2.0,2.0,0,0,0,0.0,0,0,0,0,0,2023-12-31,1:00PM,MetLife Stadium,East Rutherford,NJ,40.8136,-74.0744,Outdoor,Turf,3.0,2010.0,,,,,
2023,17,33,Lucas Havrisik,los_angeles_rams,2.0,1.4,2.0,2.0,0,0,0,0.0,0,0,0,0,0,2023-01-01,4:25PM,SoFi Stadium,Inglewood,CA,33.9535,-118.3392,Outdoor,Turf,100.0,2020.0,,,,,
2023,17,34,Chase Mclaughlin,tampa_bay_buccaneers,1.0,0.7,1.0,1.0,0,0,0,0.0,0,0,0,0,0,2023-01-01,1:00PM,Raymond James Stadium,Tampa,FL,27.9759,-82.5033,Outdoor,Grass,26.0,1998.0,,,,,
2023,17,34,Chase Mclaughlin,tampa_bay_buccaneers,1.0,0.7,1.0,1.0,0,0,0,0.0,0,0,0,0,0,2023-12-31,1:00PM,Raymond James Stadium,Tampa,FL,27.9759,-82.5033,Outdoor,Grass,26.0,1998.0,,,,,
2024,1,1,Jake Moody,san_francisco_49ers,26.0,42.5,26.0,26.0,53,6,6,100.0,0,1,1,2,2,2024-09-09,8:15PM,Levi's Stadium,Santa Clara,CA,37.403,-121.9692,Outdoor,Grass,13.0,2014.0,,,,,
2024,1,2,Chris Boswell,pittsburgh_steelers,26.0,42.5,26.0,26.0,57,6,6,100.0,0,1,0,2,3,2024-09-08,1:00PM,Mercedes-Benz Stadium,Atlanta,GA,33.755,-84.4008,Indoor,Turf,1050.0,2017.0,,,,,
2024,1,3,Blake Grupe,new_orleans_saints,22.0,38.2,22.0,22.0,57,4,4,100.0,0,0,1,1,2,2024-09-08,1:00PM,Caesars Superdome,New Orleans,LA,29.9509,-90.0815,Indoor,Turf,3.0,1975.0,,,,,
2024,1,4,Brandon Aubrey,dallas_cowboys,21.0,37.5,21.0,21.0,57,4,4,100.0,0,0,0,2,2,2024-09-08,4:25PM,FirstEnergy Stadium,Cleveland,OH,41.5061,-81.6995,Outdoor,Grass,577.0,1999.0,,,,,
2024,1,5,Ka'Imi Fairbairn,houston_texans,17.0,34.0,17.0,17.0,51,3,3,100.0,0,0,0,0,3,2024-09-08,1:00PM,Lucas Oil Stadium,Indianapolis,IN,39.7601,-86.1639,Indoor,Turf,700.0,2008.0,,,,,
2024,1,6,Chase Mclaughlin,tampa_bay_buccaneers,15.0,32.7,15.0,15.0,56,3,3,100.0,0,1,1,0,1,2024-09-08,4:25PM,Raymond James Stadium,Tampa,FL,27.9759,-82.5033,Outdoor,Grass,26.0,1998.0,,,,,
2024,1,7,Cairo Santos,chicago_bears,13.0,31.3,13.0,13.0,50,3,3,100.0,0,1,0,1,1,2024-09-08,1:00PM,Soldier Field,Chicago,IL,41.8623,-87.6167,Outdoor,Grass,595.0,1924.0,,,,,
2024,1,8,Cameron Dicker,los_angeles_chargers,12.0,30.7,12.0,12.0,53,3,3,100.0,0,2,0,0,1,2024-09-08,4:05PM,SoFi Stadium,Inglewood,CA,33.9535,-118.3392,Outdoor,Turf,100.0,2020.0,,,,,
2024,1,9,Wil Lutz,denver_broncos,11.0,29.8,11.0,11.0,45,3,3,100.0,0,0,2,1,0,2024-09-08,4:05PM,Lumen Field,Seattle,WA,47.5952,-122.3316,Outdoor,Turf,20.0,2002.0,,,,,
2024,1,10,Joey Slye,new_england_patriots,10.0,29.1,10.0,10.0,37,3,3,100.0,0,0,3,0,0,2024-09-08,1:00PM,Paycor Stadium,Cincinnati,OH,39.0954,-84.516,Outdoor,Turf,482.0,2000.0,,,,,
2024,1,11,Jason Myers,seattle_seahawks,10.0,28.5,10.0,10.0,50,2,2,100.0,0,1,0,0,1,2024-09-08,4:05PM,Lumen Field,Seattle,WA,47.5952,-122.3316,Outdoor,Turf,20.0,2002.0,,,,,
2024,1,12,Jake Elliott,philadelphia_eagles,10.0,28.5,10.0,10.0,38,2,2,100.0,0,1,1,0,0,2024-09-06,8:15PM,Lincoln Financial Field,Philadelphia,PA,39.9008,-75.1675,Outdoor,Grass,30.0,2003.0,,,,,
2024,1,13,Tyler Bass,buffalo_bills,10.0,28.4,10.0,10.0,39,2,2,100.0,0,0,2,0,0,2024-09-08,1:00PM,Highmark Stadium,Orchard Park,NY,42.7738,-78.7868,Outdoor,Grass,600.0,1973.0,,,,,
2024,1,14,Joshua Karty,los_angeles_rams,9.0,27.8,9.0,9.0,41,2,2,100.0,0,1,0,1,0,2024-09-08,8:20PM,Ford Field,Detroit,MI,42.34,-83.0456,Indoor,Turf,600.0,2002.0,,,,,
2024,1,15,Harrison Butker,kansas_city_chiefs,9.0,27.7,9.0,9.0,32,2,2,100.0,0,0,2,0,0,2024-09-05,8:20PM,GEHA Field at Arrowhead Stadium,Kansas City,MO,39.049,-94.4839,Outdoor,Grass,1020.0,1972.0,,,,,
2024,1,16,Graham Gano,new_york_giants,8.0,27.1,8.0,8.0,50,2,2,100.0,0,1,0,0,1,2024-09-08,1:00PM,MetLife Stadium,East Rutherford,NJ,40.8136,-74.0744,Outdoor,Turf,3.0,2010.0,,,,,
2024,1,17,Jake Bates,detroit_lions,8.0,27.1,8.0,8.0,32,2,2,100.0,0,1,1,0,0,2024-09-08,8:20PM,Ford Field,Detroit,MI,42.34,-83.0456,Indoor,Turf,600.0,2002.0,,,,,
2024,1,18,Matt Prater,arizona_cardinals,8.0,27.1,8.0,8.0,31,2,2,100.0,0,1,1,0,0,2024-09-08,1:00PM,Highmark Stadium,Orchard Park,NY,42.7738,-78.7868,Outdoor,Grass,600.0,1973.0,,,,,
2024,1,19,Dustin Hopkins,cleveland_browns,7.0,25.6,7.0,7.0,51,1,1,100.0,0,0,0,0,1,2024-09-08,4:25PM,FirstEnergy Stadium,Cleveland,OH,41.5061,-81.6995,Outdoor,Grass,577.0,1999.0,,,,,
2024,1,20,Cam Little,jacksonville_jaguars,7.0,25.6,7.0,7.0,53,1,1,100.0,0,0,0,0,1,2024-09-08,1:00PM,Hard Rock Stadium,Miami Gardens,FL,25.958,-80.238,Outdoor,Grass,7.0,1987.0,,,,,
2024,1,21,Brayden Narveson,green_bay_packers,11.0,25.2,11.0,11.0,31,3,4,75.0,0,2,1,0,0,2024-09-06,8:15PM,Lincoln Financial Field,Philadelphia,PA,39.9008,-75.1675,Outdoor,Grass,30.0,2003.0,,,,,
2024,1,22,Brayden Narveson,tennessee_titans,11.0,25.2,11.0,11.0,31,3,4,75.0,0,2,1,0,0,2024-09-08,1:00PM,Soldier Field,Chicago,IL,41.8623,-87.6167,Outdoor,Grass,595.0,1924.0,,,,,
2024,1,23,Nick Folk,tennessee_titans,6.0,24.9,6.0,6.0,40,1,1,100.0,0,0,0,1,0,2024-09-08,1:00PM,Soldier Field,Chicago,IL,41.8623,-87.6167,Outdoor,Grass,595.0,1924.0,,,,,
2024,1,24,Evan Mcpherson,cincinnati_bengals,6.0,24.9,6.0,6.0,51,1,1,100.0,0,0,0,0,1,2024-09-08,1:00PM,Paycor Stadium,Cincinnati,OH,39.0954,-84.516,Outdoor,Turf,482.0,2000.0,,,,,
2024,1,25,Eddy Pineiro,carolina_panthers,5.0,24.2,5.0,5.0,43,1,1,100.0,0,0,0,1,0,2024-09-08,1:00PM,Caesars Superdome,New Orleans,LA,29.9509,-90.0815,Indoor,Turf,3.0,1975.0,,,,,
2024,1,26,Younghoe Koo,atlanta_falcons,4.0,23.6,4.0,4.0,24,1,1,100.0,0,1,0,0,0,2024-09-08,1:00PM,Mercedes-Benz Stadium,Atlanta,GA,33.755,-84.4008,Indoor,Turf,1050.0,2017.0,,,,,
2024,1,27,Jason Sanders,miami_dolphins,10.0,21.94,10.0,10.0,52,2,3,66.7,0,0,1,0,1,2024-09-08,1:00PM,Hard Rock Stadium,Miami Gardens,FL,25.958,-80.238,Outdoor,Grass,7.0,1987.0,,,,,
2024,1,28,Justin Tucker,baltimore_ravens,8.0,20.64,8.0,8.0,32,2,3,66.7,0,1,1,0,0,2024-09-05,8:20PM,GEHA Field at Arrowhead Stadium,Kansas City,MO,39.049,-94.4839,Outdoor,Grass,1020.0,1972.0,,,,,
2024,1,29,Daniel Carlson,las_vegas_raiders,4.0,13.7,4.0,4.0,32,1,2,50.0,0,0,1,0,0,2024-09-08,4:05PM,SoFi Stadium,Inglewood,CA,33.9535,-118.3392,Outdoor,Turf,100.0,2020.0,,,,,
2024,1,30,Will Reichard,minnesota_vikings,4.0,2.8,4.0,4.0,0,0,0,0.0,0,0,0,0,0,2024-09-08,1:00PM,MetLife Stadium,East Rutherford,NJ,40.8136,-74.0744,Outdoor,Turf,3.0,2010.0,,,,,
2024,1,31,Spencer Shrader,indianapolis_colts,3.0,2.1,3.0,3.0,0,0,0,0.0,0,0,0,0,0,2024-09-08,1:00PM,Lucas Oil Stadium,Indianapolis,IN,39.7601,-86.1639,Indoor,Turf,700.0,2008.0,,,,,
2024,1,32,Spencer Shrader,kansas_city_chiefs,3.0,2.1,3.0,3.0,0,0,0,0.0,0,0,0,0,0,2024-09-05,8:20PM,GEHA Field at Arrowhead Stadium,Kansas City,MO,39.049,-94.4839,Outdoor,Grass,1020.0,1972.0,,,,,
2024,1,33,Spencer Shrader,new_york_jets,3.0,2.1,3.0,3.0,0,0,0,0.0,0,0,0,0,0,2024-09-09,8:15PM,Levi's Stadium,Santa Clara,CA,37.403,-121.9692,Outdoor,Grass,13.0,2014.0,,,,,
2024,1,34,Cade York,cincinnati_bengals,2.0,1.8,2.0,2.0,0,0,2,0.0,0,0,0,0,0,2024-09-08,1:00PM,Paycor Stadium,Cincinnati,OH,39.0954,-84.516,Outdoor,Turf,482.0,2000.0,,,,,
2024,1,35,Cade York,washington_commanders,2.0,1.8,2.0,2.0,0,0,2,0.0,0,0,0,0,0,2024-09-08,4:25PM,Raymond James Stadium,Tampa,FL,27.9759,-82.5033,Outdoor,Grass,26.0,1998.0,,,,,
2024,1,36,Greg Zuerlein,new_york_jets,1.0,0.7,1.0,1.0,0,0,0,0.0,0,0,0,0,0,2024-09-09,8:15PM,Levi's Stadium,Santa Clara,CA,37.403,-121.9692,Outdoor,Grass,13.0,2014.0,,,,,
2024,2,1,Austin Seibert,washington_commanders,22.0,40.7,22.0,22.0,45,7,7,100.0,0,4,2,1,0,2024-09-15,1:00PM,FedExField,Landover,MD,38.9078,-76.8645,Outdoor,Grass,300.0,1997.0,,,,,
2024,2,2,Ka'Imi Fairbairn,houston_texans,20.0,36.8,20.0,20.0,59,4,4,100.0,0,0,0,1,3,2024-09-15,8:20PM,NRG Stadium,Houston,TX,29.6847,-95.4107,Indoor,Turf,50.0,2002.0,,,,,
2024,2,3,Daniel Carlson,las_vegas_raiders,18.0,35.5,18.0,18.0,53,4,4,100.0,0,1,1,0,2,2024-09-15,1:00PM,M&T Bank Stadium,Baltimore,MD,39.2779,-76.6227,Outdoor,Grass,10.0,1998.0,,,,,
2024,2,4,Brandon Aubrey,dallas_cowboys,17.0,34.7,17.0,17.0,52,4,4,100.0,0,0,1,2,1,2024-09-15,1:00PM,AT&T Stadium,Arlington,TX,32.7473,-97.0945,Indoor,Turf,639.0,2009.0,,,,,
2024,2,5,Evan Mcpherson,cincinnati_bengals,16.0,34.1,16.0,16.0,53,4,4,100.0,0,1,1,1,1,2024-09-15,4:25PM,GEHA Field at Arrowhead Stadium,Kansas City,MO,39.049,-94.4839,Outdoor,Grass,1020.0,1972.0,,,,,
2024,2,6,Matt Prater,arizona_cardinals,14.0,31.2,14.0,14.0,57,2,2,100.0,0,0,0,1,1,2024-09-15,4:05PM,State Farm Stadium,Glendale,AZ,33.5275,-112.2625,Indoor,Turf,1070.0,2006.0,,,,,
2024,2,7,Dustin Hopkins,cleveland_browns,13.0,31.2,13.0,13.0,53,3,3,100.0,0,0,1,1,1,2024-09-15,1:00PM,TIAA Bank Field,Jacksonville,FL,30.3239,-81.6373,Outdoor,Grass,16.0,1995.0,,,,,
2024,2,8,Jason Myers,seattle_seahawks,12.0,30.5,12.0,12.0,44,3,3,100.0,0,0,2,1,0,2024-09-15,1:00PM,Gillette Stadium,Foxborough,MA,42.0909,-71.2643,Outdoor,Turf,289.0,2002.0,,,,,
2024,2,9,Will Reichard,minnesota_vikings,11.0,30.0,11.0,11.0,39,3,3,100.0,0,2,1,0,0,2024-09-15,1:00PM,U.S. Bank Stadium,Minneapolis,MN,44.974,-93.2581,Indoor,Turf,840.0,2016.0,,,,,
2024,2,10,Jake Bates,detroit_lions,10.0,29.2,10.0,10.0,35,3,3,100.0,0,1,2,0,0,2024-09-15,1:00PM,Ford Field,Detroit,MI,42.34,-83.0456,Indoor,Turf,600.0,2002.0,,,,,
2024,2,11,Younghoe Koo,atlanta_falcons,10.0,29.2,10.0,10.0,39,3,3,100.0,0,1,2,0,0,2024-09-16,8:15PM,Lincoln Financial Field,Philadelphia,PA,39.9008,-75.1675,Outdoor,Grass,30.0,2003.0,,,,,
2024,2,12,Cairo Santos,chicago_bears,11.0,29.1,11.0,11.0,54,2,2,100.0,0,0,0,0,2,2024-09-15,8:20PM,NRG Stadium,Houston,TX,29.6847,-95.4107,Indoor,Turf,50.0,2002.0,,,,,
2024,2,13,Chase Mclaughlin,tampa_bay_buccaneers,10.0,28.4,10.0,10.0,55,2,2,100.0,0,0,1,0,1,2024-09-15,1:00PM,Ford Field,Detroit,MI,42.34,-83.0456,Indoor,Turf,600.0,2002.0,,,,,
2024,2,14,Harrison Butker,kansas_city_chiefs,10.0,28.4,10.0,10.0,51,2,2,100.0,1,0,0,0,1,2024-09-15,4:25PM,GEHA Field at Arrowhead Stadium,Kansas City,MO,39.049,-94.4839,Outdoor,Grass,1020.0,1972.0,,,,,
2024,2,15,Cameron Dicker,los_angeles_chargers,10.0,28.4,10.0,10.0,46,2,2,100.0,0,0,0,2,0,2024-09-15,1:00PM,Bank of America Stadium,Charlotte,NC,35.2258,-80.8528,Outdoor,Grass,748.0,1996.0,,,,,
2024,2,16,Chris Boswell,pittsburgh_steelers,9.0,27.8,9.0,9.0,53,2,2,100.0,0,1,0,0,1,2024-09-15,4:25PM,Empower Field at Mile High,Denver,CO,39.7439,-105.0201,Outdoor,Turf,5280.0,2001.0,,,,,
2024,2,17,Jake Elliott,philadelphia_eagles,7.0,26.5,7.0,7.0,29,2,2,100.0,0,2,0,0,0,2024-09-16,8:15PM,Lincoln Financial Field,Philadelphia,PA,39.9008,-75.1675,Outdoor,Grass,30.0,2003.0,,,,,
2024,2,18,Justin Tucker,baltimore_ravens,13.0,26.4,13.0,13.0,48,3,4,75.0,0,0,1,2,0,2024-09-15,1:00PM,M&T Bank Stadium,Baltimore,MD,39.2779,-76.6227,Outdoor,Grass,10.0,1998.0,,,,,
2024,2,19,Blake Grupe,new_orleans_saints,8.0,26.4,8.0,8.0,26,1,1,100.0,0,1,0,0,0,2024-09-15,1:00PM,AT&T Stadium,Arlington,TX,32.7473,-97.0945,Indoor,Turf,639.0,2009.0,,,,,
2024,2,20,Brayden Narveson,green_bay_packers,12.0,25.7,12.0,12.0,46,3,4,75.0,0,0,1,2,0,2024-09-15,1:00PM,Lambeau Field,Green Bay,WI,44.5013,-88.0622,Outdoor,Grass,640.0,1957.0,,,,,
2024,2,21,Brayden Narveson,tennessee_titans,12.0,25.7,12.0,12.0,46,3,4,75.0,0,0,1,2,0,2024-09-15,1:00PM,Nissan Stadium,Nashville,TN,36.1665,-86.7713,Outdoor,Grass,476.0,1999.0,,,,,
2024,2,22,Wil Lutz,denver_broncos,6.0,25.7,6.0,6.0,35,2,2,100.0,0,1,1,0,0,2024-09-15,4:25PM,Empower Field at Mile High,Denver,CO,39.7439,-105.0201,Outdoor,Turf,5280.0,2001.0,,,,,
2024,2,23,Nick Folk,tennessee_titans,6.0,24.9,6.0,6.0,41,1,1,100.0,0,0,0,1,0,2024-09-15,1:00PM,Nissan Stadium,Nashville,TN,36.1665,-86.7713,Outdoor,Grass,476.0,1999.0,,,,,
2024,2,24,Greg Zuerlein,new_york_jets,6.0,24.9,6.0,6.0,33,1,1,100.0,0,0,1,0,0,2024-09-15,1:00PM,Nissan Stadium,Nashville,TN,36.1665,-86.7713,Outdoor,Grass,476.0,1999.0,,,,,
2024,2,25,Jake Moody,san_francisco_49ers,5.0,24.2,5.0,5.0,31,1,1,100.0,0,0,1,0,0,2024-09-15,1:00PM,U.S. Bank Stadium,Minneapolis,MN,44.974,-93.2581,Indoor,Turf,840.0,2016.0,,,,,
2024,2,26,Joshua Karty,los_angeles_rams,4.0,23.6,4.0,4.0,29,1,1,100.0,0,1,0,0,0,2024-09-15,4:05PM,State Farm Stadium,Glendale,AZ,33.5275,-112.2625,Indoor,Turf,1070.0,2006.0,,,,,
2024,2,27,Jason Sanders,miami_dolphins,4.0,23.5,4.0,4.0,34,1,1,100.0,0,0,1,0,0,2024-09-12,8:15PM,Hard Rock Stadium,Miami Gardens,FL,25.958,-80.238,Outdoor,Grass,7.0,1987.0,,,,,
2024,2,28,Eddy Pineiro,carolina_panthers,3.0,22.8,3.0,3.0,38,1,1,100.0,0,0,1,0,0,2024-09-15,1:00PM,Bank of America Stadium,Charlotte,NC,35.2258,-80.8528,Outdoor,Grass,748.0,1996.0,,,,,
2024,2,29,Joey Slye,new_england_patriots,8.0,20.74,8.0,8.0,29,2,3,66.7,0,2,0,0,0,2024-09-15,1:00PM,Gillette Stadium,Foxborough,MA,42.0909,-71.2643,Outdoor,Turf,289.0,2002.0,,,,,
2024,2,30,Cam Little,jacksonville_jaguars,7.0,20.04,7.0,7.0,25,2,3,66.7,0,2,0,0,0,2024-09-15,1:00PM,TIAA Bank Field,Jacksonville,FL,30.3239,-81.6373,Outdoor,Grass,16.0,1995.0,,,,,
2024,2,31,Tyler Bass,buffalo_bills,8.0,16.5,8.0,8.0,43,1,2,50.0,0,0,0,1,0,2024-09-12,8:15PM,Hard Rock Stadium,Miami Gardens,FL,25.958,-80.238,Outdoor,Grass,7.0,1987.0,,,,,
2024,2,32,Matt Gay,indianapolis_colts,4.0,13.7,4.0,4.0,34,1,2,50.0,0,0,1,0,0,2024-09-15,1:00PM,Lambeau Field,Green Bay,WI,44.5013,-88.0622,Outdoor,Grass,640.0,1957.0,,,,,
2024,2,33,Graham Gano,new_york_giants,0.0,0.0,0.0,0.0,0,0,0,0.0,0,0,0,0,0,2024-09-15,1:00PM,FedExField,Landover,MD,38.9078,-76.8645,Outdoor,Grass,300.0,1997.0,,,,,
2024,3,1,Wil Lutz,denver_broncos,16.0,34.0,16.0,16.0,43,4,4,100.0,0,0,2,2,0,2024-09-22,1:00PM,Raymond James Stadium,Tampa,FL,27.9759,-82.5033,Outdoor,Grass,26.0,1998.0,,,,,
2024,3,2,Brayden Narveson,green_bay_packers,13.0,31.4,13.0,13.0,47,3,3,100.0,0,2,0,1,0,2024-09-22,1:00PM,Nissan Stadium,Nashville,TN,36.1665,-86.7713,Outdoor,Grass,476.0,1999.0,,,,,
2024,3,3,Brayden Narveson,tennessee_titans,13.0,31.4,13.0,13.0,47,3,3,100.0,0,2,0,1,0,2024-09-22,1:00PM,Nissan Stadium,Nashville,TN,36.1665,-86.7713,Outdoor,Grass,476.0,1999.0,,,,,
2024,3,4,Harrison Butker,kansas_city_chiefs,13.0,31.3,13.0,13.0,53,3,3,100.0,0,1,0,1,1,2024-09-22,8:20PM,Mercedes-Benz Stadium,Atlanta,GA,33.755,-84.4008,Indoor,Turf,1050.0,2017.0,,,,,
2024,3,5,Eddy Pineiro,carolina_panthers,13.0,31.3,13.0,13.0,43,3,3,100.0,0,1,1,1,0,2024-09-22,4:05PM,Allegiant Stadium,Las Vegas,NV,36.0908,-115.183,Indoor,Turf,2001.0,2020.0,,,,,
2024,3,6,Tyler Bass,buffalo_bills,12.0,29.9,12.0,12.0,43,2,2,100.0,0,1,0,1,0,2024-09-23,7:30PM,Highmark Stadium,Orchard Park,NY,42.7738,-78.7868,Outdoor,Grass,600.0,1973.0,,,,,
2024,3,7,Will Reichard,minnesota_vikings,12.0,29.8,12.0,12.0,58,2,2,100.0,0,0,1,0,1,2024-09-22,1:00PM,U.S. Bank Stadium,Minneapolis,MN,44.974,-93.2581,Indoor,Turf,840.0,2016.0,,,,,
2024,3,8,Brandon Aubrey,dallas_cowboys,11.0,29.1,11.0,11.0,65,2,2,100.0,0,0,0,0,2,2024-09-22,4:25PM,AT&T Stadium,Arlington,TX,32.7473,-97.0945,Indoor,Turf,639.0,2009.0,,,,,
2024,3,9,Joshua Karty,los_angeles_rams,9.0,27.7,9.0,9.0,37,2,2,100.0,0,0,2,0,0,2024-09-22,4:25PM,SoFi Stadium,Inglewood,CA,33.9535,-118.3392,Outdoor,Turf,100.0,2020.0,,,,,
2024,3,10,Matt Prater,arizona_cardinals,9.0,27.7,9.0,9.0,45,2,2,100.0,0,0,0,2,0,2024-09-22,4:25PM,State Farm Stadium,Glendale,AZ,33.5275,-112.2625,Indoor,Turf,1070.0,2006.0,,,,,
2024,3,11,Austin Seibert,washington_commanders,9.0,27.0,9.0,9.0,42,1,1,100.0,0,0,0,1,0,2024-09-23,8:15PM,Paycor Stadium,Cincinnati,OH,39.0954,-84.516,Outdoor,Turf,482.0,2000.0,,,,,
2024,3,12,Younghoe Koo,atlanta_falcons,7.0,25.6,7.0,7.0,54,1,1,100.0,0,0,0,0,1,2024-09-22,8:20PM,Mercedes-Benz Stadium,Atlanta,GA,33.755,-84.4008,Indoor,Turf,1050.0,2017.0,,,,,
2024,3,13,Blake Grupe,new_orleans_saints,6.0,25.6,6.0,6.0,38,2,2,100.0,0,0,2,0,0,2024-09-22,1:00PM,Caesars Superdome,New Orleans,LA,29.9509,-90.0815,Indoor,Turf,3.0,1975.0,,,,,
2024,3,14,Cam Little,jacksonville_jaguars,5.0,24.2,5.0,5.0,41,1,1,100.0,0,0,0,1,0,2024-09-23,7:30PM,Highmark Stadium,Orchard Park,NY,42.7738,-78.7868,Outdoor,Grass,600.0,1973.0,,,,,
2024,3,15,Cameron Dicker,los_angeles_chargers,4.0,23.6,4.0,4.0,28,1,1,100.0,0,1,0,0,0,2024-09-22,1:00PM,Acrisure Stadium,Pittsburgh,PA,40.4468,-80.0158,Outdoor,Grass,730.0,2001.0,,,,,
2024,3,16,Joey Slye,new_england_patriots,4.0,23.5,4.0,4.0,44,1,1,100.0,0,0,0,1,0,2024-09-19,8:15PM,MetLife Stadium,East Rutherford,NJ,40.8136,-74.0744,Outdoor,Turf,3.0,2010.0,,,,,
2024,3,17,Evan Mcpherson,cincinnati_bengals,9.0,21.34,9.0,9.0,31,2,3,66.7,0,1,1,0,0,2024-09-23,8:15PM,Paycor Stadium,Cincinnati,OH,39.0954,-84.516,Outdoor,Turf,482.0,2000.0,,,,,
2024,3,18,Chris Boswell,pittsburgh_steelers,8.0,20.54,8.0,8.0,38,2,3,66.7,0,0,2,0,0,2024-09-22,1:00PM,Acrisure Stadium,Pittsburgh,PA,40.4468,-80.0158,Outdoor,Grass,730.0,2001.0,,,,,
2024,3,19,Jason Myers,seattle_seahawks,8.0,16.5,8.0,8.0,56,1,2,50.0,0,0,0,0,1,2024-09-22,4:05PM,Lumen Field,Seattle,WA,47.5952,-122.3316,Outdoor,Turf,20.0,2002.0,,,,,
2024,3,20,Jake Moody,san_francisco_49ers,6.0,15.2,6.0,6.0,26,1,2,50.0,0,1,0,0,0,2024-09-22,4:25PM,SoFi Stadium,Inglewood,CA,33.9535,-118.3392,Outdoor,Turf,100.0,2020.0,,,,,
2024,3,21,Greg Zuerlein,new_york_jets,6.0,15.2,6.0,6.0,28,1,2,50.0,0,1,0,0,0,2024-09-19,8:15PM,MetLife Stadium,East Rutherford,NJ,40.8136,-74.0744,Outdoor,Turf,3.0,2010.0,,,,,
2024,3,22,Cairo Santos,chicago_bears,6.0,15.1,6.0,6.0,53,1,2,50.0,0,0,0,0,1,2024-09-22,1:00PM,Lucas Oil Stadium,Indianapolis,IN,39.7601,-86.1639,Indoor,Turf,700.0,2008.0,,,,,
2024,3,23,Jason Sanders,miami_dolphins,3.0,13.1,3.0,3.0,23,1,2,50.0,0,1,0,0,0,2024-09-22,4:05PM,Lumen Field,Seattle,WA,47.5952,-122.3316,Outdoor,Turf,20.0,2002.0,,,,,
2024,3,24,Justin Tucker,baltimore_ravens,4.0,3.0,4.0,4.0,0,0,1,0.0,0,0,0,0,0,2024-09-22,4:25PM,AT&T Stadium,Arlington,TX,32.7473,-97.0945,Indoor,Turf,639.0,2009.0,,,,,
2024,3,25,Greg Joseph,detroit_lions,3.0,2.3,3.0,3.0,0,0,1,0.0,0,0,0,0,0,2024-09-22,4:25PM,State Farm Stadium,Glendale,AZ,33.5275,-112.2625,Indoor,Turf,1070.0,2006.0,,,,,
2024,3,26,Greg Joseph,new_york_giants,3.0,2.3,3.0,3.0,0,0,1,0.0,0,0,0,0,0,2024-09-22,1:00PM,FirstEnergy Stadium,Cleveland,OH,41.5061,-81.6995,Outdoor,Grass,577.0,1999.0,,,,,
2024,3,27,Greg Joseph,new_york_jets,3.0,2.3,3.0,3.0,0,0,1,0.0,0,0,0,0,0,2024-09-19,8:15PM,MetLife Stadium,East Rutherford,NJ,40.8136,-74.0744,Outdoor,Turf,3.0,2010.0,,,,,
2024,3,28,Greg Joseph,washington_commanders,3.0,2.3,3.0,3.0,0,0,1,0.0,0,0,0,0,0,2024-09-23,8:15PM,Paycor Stadium,Cincinnati,OH,39.0954,-84.516,Outdoor,Turf,482.0,2000.0,,,,,
2024,3,29,Matt Gay,indianapolis_colts,3.0,2.1,3.0,3.0,0,0,0,0.0,0,0,0,0,0,2024-09-22,1:00PM,Lucas Oil Stadium,Indianapolis,IN,39.7601,-86.1639,Indoor,Turf,700.0,2008.0,,,,,
2024,3,30,Daniel Carlson,las_vegas_raiders,2.0,1.6,2.0,2.0,0,0,1,0.0,0,0,0,0,0,2024-09-22,4:05PM,Allegiant Stadium,Las Vegas,NV,36.0908,-115.183,Indoor,Turf,2001.0,2020.0,,,,,
2024,3,31,Nick Folk,tennessee_titans,2.0,1.4,2.0,2.0,0,0,0,0.0,0,0,0,0,0,2024-09-22,1:00PM,Nissan Stadium,Nashville,TN,36.1665,-86.7713,Outdoor,Grass,476.0,1999.0,,,,,
2024,3,32,Jake Bates,detroit_lions,2.0,1.4,2.0,2.0,0,0,0,0.0,0,0,0,0,0,2024-09-22,4:25PM,State Farm Stadium,Glendale,AZ,33.5275,-112.2625,Indoor,Turf,1070.0,2006.0,,,,,
2024,3,33,Dustin Hopkins,cleveland_browns,1.0,0.9,1.0,1.0,0,0,1,0.0,0,0,0,0,0,2024-09-22,1:00PM,FirstEnergy Stadium,Cleveland,OH,41.5061,-81.6995,Outdoor,Grass,577.0,1999.0,,,,,
2024,3,34,Ka'Imi Fairbairn,houston_texans,1.0,0.9,1.0,1.0,0,0,1,0.0,0,0,0,0,0,2024-09-22,1:00PM,U.S. Bank Stadium,Minneapolis,MN,44.974,-93.2581,Indoor,Turf,840.0,2016.0,,,,,
2024,3,35,Jake Elliott,philadelphia_eagles,1.0,0.9,1.0,1.0,0,0,1,0.0,0,0,0,0,0,2024-09-22,1:00PM,Caesars Superdome,New Orleans,LA,29.9509,-90.0815,Indoor,Turf,3.0,1975.0,,,,,
2024,3,36,Chase Mclaughlin,tampa_bay_buccaneers,1.0,0.7,1.0,1.0,0,0,0,0.0,0,0,0,0,0,2024-09-22,1:00PM,Raymond James Stadium,Tampa,FL,27.9759,-82.5033,Outdoor,Grass,26.0,1998.0,,,,,
2024,3,37,Graham Gano,new_york_giants,0.0,0.0,0.0,0.0,0,0,0,0.0,0,0,0,0,0,2024-09-22,1:00PM,FirstEnergy Stadium,Cleveland,OH,41.5061,-81.6995,Outdoor,Grass,577.0,1999.0,,,,,
2024,4,1,Nick Folk,tennessee_titans,24.0,40.4,24.0,24.0,53,5,5,100.0,0,1,0,1,3,2024-09-30,7:30PM,Hard Rock Stadium,Miami Gardens,FL,25.958,-80.238,Outdoor,Grass,7.0,1987.0,,,,,
2024,4,2,Greg Joseph,detroit_lions,19.0,36.9,19.0,19.0,52,5,5,100.0,0,1,1,2,1,2024-09-30,8:15PM,Ford Field,Detroit,MI,42.34,-83.0456,Indoor,Turf,600.0,2002.0,,,,,
2024,4,3,Greg Joseph,new_york_giants,19.0,36.9,19.0,19.0,52,5,5,100.0,0,1,1,2,1,2024-09-26,8:15PM,MetLife Stadium,East Rutherford,NJ,40.8136,-74.0744,Outdoor,Turf,3.0,2010.0,,,,,
2024,4,4,Greg Joseph,new_york_jets,19.0,36.9,19.0,19.0,52,5,5,100.0,0,1,1,2,1,2024-09-29,1:00PM,MetLife Stadium,East Rutherford,NJ,40.8136,-74.0744,Outdoor,Turf,3.0,2010.0,,,,,
2024,4,5,Greg Joseph,washington_commanders,19.0,36.9,19.0,19.0,52,5,5,100.0,0,1,1,2,1,2024-09-29,4:05PM,State Farm Stadium,Glendale,AZ,33.5275,-112.2625,Indoor,Turf,1070.0,2006.0,,,,,
2024,4,6,Younghoe Koo,atlanta_falcons,20.0,36.8,20.0,20.0,58,4,4,100.0,0,0,0,2,2,2024-09-29,1:00PM,Mercedes-Benz Stadium,Atlanta,GA,33.755,-84.4008,Indoor,Turf,1050.0,2017.0,,,,,
2024,4,7,Jake Moody,san_francisco_49ers,13.0,31.4,13.0,13.0,41,3,3,100.0,0,2,0,1,0,2024-09-29,4:05PM,Levi's Stadium,Santa Clara,CA,37.403,-121.9692,Outdoor,Grass,13.0,2014.0,,,,,
2024,4,8,Evan Mcpherson,cincinnati_bengals,13.0,30.5,13.0,13.0,56,2,2,100.0,0,0,0,1,1,2024-09-29,1:00PM,Bank of America Stadium,Charlotte,NC,35.2258,-80.8528,Outdoor,Grass,748.0,1996.0,,,,,
2024,4,9,Joshua Karty,los_angeles_rams,15.0,29.6,15.0,15.0,52,4,5,80.0,0,1,1,1,1,2024-09-29,1:00PM,Soldier Field,Chicago,IL,41.8623,-87.6167,Outdoor,Grass,595.0,1924.0,,,,,
2024,4,10,Chase Mclaughlin,tampa_bay_buccaneers,11.0,29.2,11.0,11.0,52,2,2,100.0,0,1,0,0,1,2024-09-29,1:00PM,Raymond James Stadium,Tampa,FL,27.9759,-82.5033,Outdoor,Grass,26.0,1998.0,,,,,
2024,4,11,Cam Little,jacksonville_jaguars,11.0,29.1,11.0,11.0,52,2,2,100.0,0,0,0,1,1,2024-09-29,1:00PM,NRG Stadium,Houston,TX,29.6847,-95.4107,Indoor,Turf,50.0,2002.0,,,,,
2024,4,12,Austin Seibert,washington_commanders,11.0,29.1,11.0,11.0,45,2,2,100.0,0,0,1,1,0,2024-09-29,4:05PM,State Farm Stadium,Glendale,AZ,33.5275,-112.2625,Indoor,Turf,1070.0,2006.0,,,,,
2024,4,13,Joey Slye,new_england_patriots,11.0,29.1,11.0,11.0,63,2,2,100.0,0,0,0,0,2,2024-09-29,4:05PM,Levi's Stadium,Santa Clara,CA,37.403,-121.9692,Outdoor,Grass,13.0,2014.0,,,,,
2024,4,14,Daniel Carlson,las_vegas_raiders,10.0,28.4,10.0,10.0,52,2,2,100.0,0,0,1,0,1,2024-09-29,4:25PM,Allegiant Stadium,Las Vegas,NV,36.0908,-115.183,Indoor,Turf,2001.0,2020.0,,,,,
2024,4,15,Jason Sanders,miami_dolphins,9.0,27.7,9.0,9.0,56,2,2,100.0,0,0,0,1,1,2024-09-30,7:30PM,Hard Rock Stadium,Miami Gardens,FL,25.958,-80.238,Outdoor,Grass,7.0,1987.0,,,,,
2024,4,16,Chris Boswell,pittsburgh_steelers,8.0,26.3,8.0,8.0,50,1,1,100.0,0,0,0,0,1,2024-09-29,1:00PM,Lucas Oil Stadium,Indianapolis,IN,39.7601,-86.1639,Indoor,Turf,700.0,2008.0,,,,,
2024,4,17,Will Reichard,minnesota_vikings,7.0,25.6,7.0,7.0,33,1,1,100.0,0,0,1,0,0,2024-09-29,1:00PM,Lambeau Field,Green Bay,WI,44.5013,-88.0622,Outdoor,Grass,640.0,1957.0,,,,,
2024,4,18,Blake Grupe,new_orleans_saints,7.0,25.6,7.0,7.0,43,1,1,100.0,0,0,0,1,0,2024-09-29,1:00PM,Mercedes-Benz Stadium,Atlanta,GA,33.755,-84.4008,Indoor,Turf,1050.0,2017.0,,,,,
2024,4,19,Cairo Santos,chicago_bears,7.0,25.6,7.0,7.0,40,1,1,100.0,0,0,0,1,0,2024-09-29,1:00PM,Soldier Field,Chicago,IL,41.8623,-87.6167,Outdoor,Grass,595.0,1924.0,,,,,
2024,4,20,Eddy Pineiro,carolina_panthers,7.0,25.6,7.0,7.0,48,1,1,100.0,0,0,0,1,0,2024-09-29,1:00PM,Bank of America Stadium,Charlotte,NC,35.2258,-80.8528,Outdoor,Grass,748.0,1996.0,,,,,
2024,4,21,Ka'Imi Fairbairn,houston_texans,6.0,24.9,6.0,6.0,30,1,1,100.0,0,0,1,0,0,2024-09-29,1:00PM,NRG Stadium,Houston,TX,29.6847,-95.4107,Indoor,Turf,50.0,2002.0,,,,,
2024,4,22,Dustin Hopkins,cleveland_browns,6.0,24.9,6.0,6.0,56,1,1,100.0,0,0,0,0,1,2024-09-29,4:25PM,Allegiant Stadium,Las Vegas,NV,36.0908,-115.183,Indoor,Turf,2001.0,2020.0,,,,,
2024,4,23,Greg Zuerlein,new_york_jets,10.0,24.4,10.0,10.0,40,3,4,75.0,0,1,1,1,0,2024-09-29,1:00PM,MetLife Stadium,East Rutherford,NJ,40.8136,-74.0744,Outdoor,Turf,3.0,2010.0,,,,,
2024,4,24,Brandon Aubrey,dallas_cowboys,11.0,22.64,11.0,11.0,60,2,3,66.7,0,0,0,1,1,2024-09-26,8:15PM,MetLife Stadium,East Rutherford,NJ,40.8136,-74.0744,Outdoor,Turf,3.0,2010.0,,,,,
2024,4,25,Matt Gay,indianapolis_colts,9.0,21.24,9.0,9.0,35,2,3,66.7,0,0,2,0,0,2024-09-29,1:00PM,Lucas Oil Stadium,Indianapolis,IN,39.7601,-86.1639,Indoor,Turf,700.0,2008.0,,,,,
2024,4,26,Tyler Bass,buffalo_bills,6.0,15.1,6.0,6.0,50,1,2,50.0,0,0,0,0,1,2024-09-29,8:20PM,M&T Bank Stadium,Baltimore,MD,39.2779,-76.6227,Outdoor,Grass,10.0,1998.0,,,,,
2024,4,27,Cameron Dicker,los_angeles_chargers,6.0,15.1,6.0,6.0,50,1,2,50.0,0,0,0,0,1,2024-09-29,4:25PM,SoFi Stadium,Inglewood,CA,33.9535,-118.3392,Outdoor,Turf,100.0,2020.0,,,,,
2024,4,28,Wil Lutz,denver_broncos,5.0,14.4,5.0,5.0,47,1,2,50.0,0,0,0,1,0,2024-09-29,1:00PM,MetLife Stadium,East Rutherford,NJ,40.8136,-74.0744,Outdoor,Turf,3.0,2010.0,,,,,
2024,4,29,Harrison Butker,kansas_city_chiefs,5.0,14.4,5.0,5.0,37,1,2,50.0,0,0,1,0,0,2024-09-29,4:25PM,SoFi Stadium,Inglewood,CA,33.9535,-118.3392,Outdoor,Turf,100.0,2020.0,,,,,
2024,4,30,Jake Bates,detroit_lions,6.0,4.2,6.0,6.0,0,0,0,0.0,0,0,0,0,0,2024-09-30,8:15PM,Ford Field,Detroit,MI,42.34,-83.0456,Indoor,Turf,600.0,2002.0,,,,,
2024,4,31,Justin Tucker,baltimore_ravens,5.0,3.5,5.0,5.0,0,0,0,0.0,0,0,0,0,0,2024-09-29,8:20PM,M&T Bank Stadium,Baltimore,MD,39.2779,-76.6227,Outdoor,Grass,10.0,1998.0,,,,,
2024,4,32,Brayden Narveson,green_bay_packers,3.0,2.5,3.0,3.0,0,0,2,0.0,0,0,0,0,0,2024-09-29,1:00PM,Lambeau Field,Green Bay,WI,44.5013,-88.0622,Outdoor,Grass,640.0,1957.0,,,,,
2024,4,33,Brayden Narveson,tennessee_titans,3.0,2.5,3.0,3.0,0,0,2,0.0,0,0,0,0,0,2024-09-30,7:30PM,Hard Rock Stadium,Miami Gardens,FL,25.958,-80.238,Outdoor,Grass,7.0,1987.0,,,,,
2024,4,34,Jason Myers,seattle_seahawks,3.0,2.3,3.0,3.0,0,0,1,0.0,0,0,0,0,0,2024-09-30,8:15PM,Ford Field,Detroit,MI,42.34,-83.0456,Indoor,Turf,600.0,2002.0,,,,,
2024,4,35,Jake Elliott,philadelphia_eagles,2.0,1.4,2.0,2.0,0,0,0,0.0,0,0,0,0,0,2024-09-29,1:00PM,Raymond James Stadium,Tampa,FL,27.9759,-82.5033,Outdoor,Grass,26.0,1998.0,,,,,
2024,4,36,Matt Prater,arizona_cardinals,2.0,1.4,2.0,2.0,0,0,0,0.0,0,0,0,0,0,2024-09-29,4:05PM,State Farm Stadium,Glendale,AZ,33.5275,-112.2625,Indoor,Turf,1070.0,2006.0,,,,,
2024,5,1,Ka'Imi Fairbairn,houston_texans,16.0,33.3,16.0,16.0,59,3,3,100.0,0,0,0,1,2,2024-10-06,1:00PM,NRG Stadium,Houston,TX,29.6847,-95.4107,Indoor,Turf,50.0,2002.0,,,,,
2024,5,2,Will Reichard,minnesota_vikings,16.0,33.3,16.0,16.0,54,3,3,100.0,0,0,0,1,2,2024-10-06,9:30AM,U.S. Bank Stadium,Minneapolis,MN,44.974,-93.2581,Indoor,Turf,840.0,2016.0,,,,,
2024,5,3,Chase Mclaughlin,tampa_bay_buccaneers,16.0,33.3,16.0,16.0,53,3,3,100.0,0,0,1,0,2,2024-10-03,8:15PM,Mercedes-Benz Stadium,Atlanta,GA,33.755,-84.4008,Indoor,Turf,1050.0,2017.0,,,,,
2024,5,4,Cam Little,jacksonville_jaguars,14.0,32.0,14.0,14.0,49,3,3,100.0,0,1,1,1,0,2024-10-06,1:00PM,TIAA Bank Field,Jacksonville,FL,30.3239,-81.6373,Outdoor,Grass,16.0,1995.0,,,,,
2024,5,5,Justin Tucker,baltimore_ravens,13.0,30.6,13.0,13.0,56,2,2,100.0,0,1,0,0,1,2024-10-06,1:00PM,Paycor Stadium,Cincinnati,OH,39.0954,-84.516,Outdoor,Turf,482.0,2000.0,,,,,
2024,5,6,Wil Lutz,denver_broncos,13.0,30.5,13.0,13.0,51,2,2,100.0,0,0,0,1,1,2024-10-06,4:05PM,Empower Field at Mile High,Denver,CO,39.7439,-105.0201,Outdoor,Turf,5280.0,2001.0,,,,,
2024,5,7,Greg Joseph,detroit_lions,11.0,29.9,11.0,11.0,38,3,3,100.0,0,1,2,0,0,,,,,,,,,,,,,,,,
2024,5,8,Greg Joseph,new_york_giants,11.0,29.9,11.0,11.0,38,3,3,100.0,0,1,2,0,0,2024-10-06,4:25PM,Lumen Field,Seattle,WA,47.5952,-122.3316,Outdoor,Turf,20.0,2002.0,,,,,
2024,5,9,Greg Joseph,new_york_jets,11.0,29.9,11.0,11.0,38,3,3,100.0,0,1,2,0,0,2024-10-06,9:30AM,U.S. Bank Stadium,Minneapolis,MN,44.974,-93.2581,Indoor,Turf,840.0,2016.0,,,,,
2024,5,10,Greg Joseph,washington_commanders,11.0,29.9,11.0,11.0,38,3,3,100.0,0,1,2,0,0,2024-10-06,1:00PM,FedExField,Landover,MD,38.9078,-76.8645,Outdoor,Grass,300.0,1997.0,,,,,
2024,5,11,Harrison Butker,kansas_city_chiefs,14.0,29.0,14.0,14.0,38,4,5,80.0,0,2,2,0,0,2024-10-07,8:15PM,GEHA Field at Arrowhead Stadium,Kansas City,MO,39.049,-94.4839,Outdoor,Grass,1020.0,1972.0,,,,,
2024,5,12,Austin Seibert,washington_commanders,10.0,28.5,10.0,10.0,30,2,2,100.0,0,1,1,0,0,2024-10-06,1:00PM,FedExField,Landover,MD,38.9078,-76.8645,Outdoor,Grass,300.0,1997.0,,,,,
2024,5,13,Matt Gay,indianapolis_colts,10.0,28.4,10.0,10.0,37,2,2,100.0,0,0,2,0,0,2024-10-06,1:00PM,TIAA Bank Field,Jacksonville,FL,30.3239,-81.6373,Outdoor,Grass,16.0,1995.0,,,,,
2024,5,14,Dustin Hopkins,cleveland_browns,9.0,27.7,9.0,9.0,51,2,2,100.0,0,0,1,0,1,2024-10-06,1:00PM,FedExField,Landover,MD,38.9078,-76.8645,Outdoor,Grass,300.0,1997.0,,,,,
2024,5,15,Jake Moody,san_francisco_49ers,8.0,27.2,8.0,8.0,28,2,2,100.0,0,2,0,0,0,2024-10-06,4:05PM,Levi's Stadium,Santa Clara,CA,37.403,-121.9692,Outdoor,Grass,13.0,2014.0,,,,,
2024,5,16,Tyler Bass,buffalo_bills,8.0,27.0,8.0,8.0,38,2,2,100.0,0,0,2,0,0,2024-10-06,1:00PM,NRG Stadium,Houston,TX,29.6847,-95.4107,Indoor,Turf,50.0,2002.0,,,,,
2024,5,17,Younghoe Koo,atlanta_falcons,17.0,26.4,17.0,17.0,54,3,5,60.0,0,0,0,1,2,2024-10-03,8:15PM,Mercedes-Benz Stadium,Atlanta,GA,33.755,-84.4008,Indoor,Turf,1050.0,2017.0,,,,,
2024,5,18,Jason Sanders,miami_dolphins,12.0,25.7,12.0,12.0,54,3,4,75.0,0,0,1,1,1,2024-10-06,1:00PM,Gillette Stadium,Foxborough,MA,42.0909,-71.2643,Outdoor,Turf,289.0,2002.0,,,,,
2024,5,19,Brayden Narveson,green_bay_packers,7.0,25.6,7.0,7.0,46,1,1,100.0,0,0,0,1,0,2024-10-06,4:25PM,SoFi Stadium,Inglewood,CA,33.9535,-118.3392,Outdoor,Turf,100.0,2020.0,,,,,
2024,5,20,Brayden Narveson,tennessee_titans,7.0,25.6,7.0,7.0,46,1,1,100.0,0,0,0,1,0,,,,,,,,,,,,,,,,
2024,5,21,Chad Ryland,arizona_cardinals,11.0,25.0,11.0,11.0,42,3,4,75.0,0,0,2,1,0,2024-10-06,4:05PM,Levi's Stadium,Santa Clara,CA,37.403,-121.9692,Outdoor,Grass,13.0,2014.0,,,,,
2024,5,22,Cairo Santos,chicago_bears,6.0,24.9,6.0,6.0,33,1,1,100.0,0,0,1,0,0,2024-10-06,1:00PM,Soldier Field,Chicago,IL,41.8623,-87.6167,Outdoor,Grass,595.0,1924.0,,,,,
2024,5,23,Chris Boswell,pittsburgh_steelers,6.0,24.9,6.0,6.0,41,1,1,100.0,0,0,0,1,0,2024-10-06,8:20PM,Acrisure Stadium,Pittsburgh,PA,40.4468,-80.0158,Outdoor,Grass,730.0,2001.0,,,,,
2024,5,24,Greg Zuerlein,new_york_jets,5.0,24.2,5.0,5.0,32,1,1,100.0,0,0,1,0,0,2024-10-06,9:30AM,U.S. Bank Stadium,Minneapolis,MN,44.974,-93.2581,Indoor,Turf,840.0,2016.0,,,,,
2024,5,25,Daniel Carlson,las_vegas_raiders,5.0,24.2,5.0,5.0,40,1,1,100.0,0,0,0,1,0,2024-10-06,4:05PM,Empower Field at Mile High,Denver,CO,39.7439,-105.0201,Outdoor,Turf,5280.0,2001.0,,,,,
2024,5,26,Jason Myers,seattle_seahawks,10.0,21.94,10.0,10.0,48,2,3,66.7,0,0,0,2,0,2024-10-06,4:25PM,Lumen Field,Seattle,WA,47.5952,-122.3316,Outdoor,Turf,20.0,2002.0,,,,,
2024,5,27,Brandon Aubrey,dallas_cowboys,10.0,21.94,10.0,10.0,55,2,3,66.7,0,0,1,0,1,2024-10-06,8:20PM,Acrisure Stadium,Pittsburgh,PA,40.4468,-80.0158,Outdoor,Grass,730.0,2001.0,,,,,
2024,5,28,Eddy Pineiro,carolina_panthers,4.0,13.8,4.0,4.0,27,1,2,50.0,0,1,0,0,0,2024-10-06,1:00PM,Soldier Field,Chicago,IL,41.8623,-87.6167,Outdoor,Grass,595.0,1924.0,,,,,
2024,5,29,Joey Slye,new_england_patriots,4.0,13.7,4.0,4.0,38,1,2,50.0,0,0,1,0,0,2024-10-06,1:00PM,Gillette Stadium,Foxborough,MA,42.0909,-71.2643,Outdoor,Turf,289.0,2002.0,,,,,
2024,5,30,Evan Mcpherson,cincinnati_bengals,4.0,3.0,4.0,4.0,0,0,1,0.0,0,0,0,0,0,2024-10-06,1:00PM,Paycor Stadium,Cincinnati,OH,39.0954,-84.516,Outdoor,Turf,482.0,2000.0,,,,,
2024,5,31,Blake Grupe,new_orleans_saints,1.0,0.7,1.0,1.0,0,0,0,0.0,0,0,0,0,0,2024-10-07,8:15PM,GEHA Field at Arrowhead Stadium,Kansas City,MO,39.049,-94.4839,Outdoor,Grass,1020.0,1972.0,,,,,
2024,5,32,Joshua Karty,los_angeles_rams,1.0,0.7,1.0,1.0,0,0,0,0.0,0,0,0,0,0,2024-10-06,4:25PM,SoFi Stadium,Inglewood,CA,33.9535,-118.3392,Outdoor,Turf,100.0,2020.0,,,,,
2024,6,1,Jake Bates,detroit_lions,19.0,36.1,19.0,19.0,48,4,4,100.0,0,0,2,2,0,2024-10-13,4:25PM,AT&T Stadium,Arlington,TX,32.7473,-97.0945,Indoor,Turf,639.0,2009.0,,,,,
2024,6,2,Chris Boswell,pittsburgh_steelers,17.0,34.7,17.0,17.0,52,4,4,100.0,0,0,2,1,1,2024-10-13,4:05PM,Allegiant Stadium,Las Vegas,NV,36.0908,-115.183,Indoor,Turf,2001.0,2020.0,,,,,
2024,6,3,Matthew Wright,kansas_city_chiefs,13.0,31.3,13.0,13.0,41,3,3,100.0,0,1,1,1,0,,,,,,,,,,,,,,,,
2024,6,4,Matthew Wright,san_francisco_49ers,13.0,31.3,13.0,13.0,41,3,3,100.0,0,1,1,1,0,2024-10-10,8:15PM,Lumen Field,Seattle,WA,47.5952,-122.3316,Outdoor,Turf,20.0,2002.0,,,,,
2024,6,5,Matthew Wright,tennessee_titans,13.0,31.3,13.0,13.0,41,3,3,100.0,0,1,1,1,0,2024-10-13,1:00PM,Nissan Stadium,Nashville,TN,36.1665,-86.7713,Outdoor,Grass,476.0,1999.0,,,,,
2024,6,6,Justin Tucker,baltimore_ravens,13.0,31.2,13.0,13.0,45,3,3,100.0,0,0,2,1,0,2024-10-13,1:00PM,M&T Bank Stadium,Baltimore,MD,39.2779,-76.6227,Outdoor,Grass,10.0,1998.0,,,,,
2024,6,7,Younghoe Koo,atlanta_falcons,12.0,30.6,12.0,12.0,35,3,3,100.0,0,1,2,0,0,2024-10-13,4:25PM,Bank of America Stadium,Charlotte,NC,35.2258,-80.8528,Outdoor,Grass,748.0,1996.0,,,,,
2024,6,8,Cameron Dicker,los_angeles_chargers,12.0,30.6,12.0,12.0,46,3,3,100.0,0,1,1,1,0,2024-10-13,4:05PM,Empower Field at Mile High,Denver,CO,39.7439,-105.0201,Outdoor,Turf,5280.0,2001.0,,,,,
2024,6,9,Brandon Aubrey,dallas_cowboys,12.0,30.5,12.0,12.0,50,3,3,100.0,0,0,1,1,1,2024-10-13,4:25PM,AT&T Stadium,Arlington,TX,32.7473,-97.0945,Indoor,Turf,639.0,2009.0,,,,,
2024,6,10,Blake Grupe,new_orleans_saints,10.0,28.5,10.0,10.0,42,2,2,100.0,0,1,0,1,0,2024-10-13,1:00PM,Caesars Superdome,New Orleans,LA,29.9509,-90.0815,Indoor,Turf,3.0,1975.0,,,,,
2024,6,11,Austin Seibert,washington_commanders,15.0,27.8,15.0,15.0,55,3,4,75.0,0,0,0,2,1,2024-10-13,1:00PM,M&T Bank Stadium,Baltimore,MD,39.2779,-76.6227,Outdoor,Grass,10.0,1998.0,,,,,
2024,6,12,Eddy Pineiro,carolina_panthers,9.0,27.8,9.0,9.0,40,2,2,100.0,0,1,0,1,0,2024-10-13,4:25PM,Bank of America Stadium,Charlotte,NC,35.2258,-80.8528,Outdoor,Grass,748.0,1996.0,,,,,
2024,6,13,Matt Gay,indianapolis_colts,8.0,27.2,8.0,8.0,26,2,2,100.0,0,2,0,0,0,2024-10-13,1:00PM,Nissan Stadium,Nashville,TN,36.1665,-86.7713,Outdoor,Grass,476.0,1999.0,,,,,
2024,6,14,Chase Mclaughlin,tampa_bay_buccaneers,9.0,27.1,9.0,9.0,26,1,1,100.0,0,1,0,0,0,2024-10-13,1:00PM,Caesars Superdome,New Orleans,LA,29.9509,-90.0815,Indoor,Turf,3.0,1975.0,,,,,
2024,6,15,Chad Ryland,arizona_cardinals,8.0,27.0,8.0,8.0,40,2,2,100.0,0,0,1,1,0,2024-10-13,1:00PM,Lambeau Field,Green Bay,WI,44.5013,-88.0622,Outdoor,Grass,640.0,1957.0,,,,,
2024,6,16,Dustin Hopkins,cleveland_browns,12.0,25.7,12.0,12.0,49,3,4,75.0,0,0,1,2,0,2024-10-13,1:00PM,Lincoln Financial Field,Philadelphia,PA,39.9008,-75.1675,Outdoor,Grass,30.0,2003.0,,,,,
2024,6,17,Jason Myers,seattle_seahawks,6.0,25.0,6.0,6.0,20,1,1,100.0,0,1,0,0,0,2024-10-10,8:15PM,Lumen Field,Seattle,WA,47.5952,-122.3316,Outdoor,Turf,20.0,2002.0,,,,,
2024,6,18,Nick Folk,tennessee_titans,6.0,24.9,6.0,6.0,44,1,1,100.0,0,0,0,1,0,2024-10-13,1:00PM,Nissan Stadium,Nashville,TN,36.1665,-86.7713,Outdoor,Grass,476.0,1999.0,,,,,
2024,6,19,Evan Mcpherson,cincinnati_bengals,5.0,24.2,5.0,5.0,37,1,1,100.0,0,0,1,0,0,2024-10-13,8:20PM,MetLife Stadium,East Rutherford,NJ,40.8136,-74.0744,Outdoor,Turf,3.0,2010.0,,,,,
2024,6,20,Wil Lutz,denver_broncos,5.0,24.2,5.0,5.0,40,1,1,100.0,0,0,0,1,0,2024-10-13,4:05PM,Empower Field at Mile High,Denver,CO,39.7439,-105.0201,Outdoor,Turf,5280.0,2001.0,,,,,
2024,6,21,Cam Little,jacksonville_jaguars,4.0,23.5,4.0,4.0,30,1,1,100.0,0,0,1,0,0,2024-10-13,9:30AM,Soldier Field,Chicago,IL,41.8623,-87.6167,Outdoor,Grass,595.0,1924.0,,,,,
2024,6,22,Ka'Imi Fairbairn,houston_texans,12.0,23.34,12.0,12.0,46,2,3,66.7,0,0,1,1,0,2024-10-13,1:00PM,Gillette Stadium,Foxborough,MA,42.0909,-71.2643,Outdoor,Turf,289.0,2002.0,,,,,
2024,6,23,Brayden Narveson,green_bay_packers,11.0,22.64,11.0,11.0,41,2,3,66.7,0,0,1,1,0,2024-10-13,1:00PM,Lambeau Field,Green Bay,WI,44.5013,-88.0622,Outdoor,Grass,640.0,1957.0,,,,,
2024,6,24,Brayden Narveson,tennessee_titans,11.0,22.64,11.0,11.0,41,2,3,66.7,0,0,1,1,0,2024-10-13,1:00PM,Nissan Stadium,Nashville,TN,36.1665,-86.7713,Outdoor,Grass,476.0,1999.0,,,,,
2024,6,25,Jake Elliott,philadelphia_eagles,10.0,21.94,10.0,10.0,49,2,3,66.7,0,0,0,2,0,2024-10-13,1:00PM,Lincoln Financial Field,Philadelphia,PA,39.9008,-75.1675,Outdoor,Grass,30.0,2003.0,,,,,
2024,6,26,Greg Zuerlein,new_york_jets,8.0,17.5,8.0,8.0,34,2,4,50.0,0,1,1,0,0,2024-10-14,8:15PM,MetLife Stadium,East Rutherford,NJ,40.8136,-74.0744,Outdoor,Turf,3.0,2010.0,,,,,
2024,6,27,Tyler Bass,buffalo_bills,5.0,14.5,5.0,5.0,22,1,2,50.0,0,1,0,0,0,2024-10-14,8:15PM,MetLife Stadium,East Rutherford,NJ,40.8136,-74.0744,Outdoor,Turf,3.0,2010.0,,,,,
2024,6,28,Cairo Santos,chicago_bears,5.0,3.7,5.0,5.0,0,0,1,0.0,0,0,0,0,0,2024-10-13,9:30AM,Soldier Field,Chicago,IL,41.8623,-87.6167,Outdoor,Grass,595.0,1924.0,,,,,
2024,6,29,Joey Slye,new_england_patriots,3.0,2.1,3.0,3.0,0,0,0,0.0,0,0,0,0,0,2024-10-13,1:00PM,Gillette Stadium,Foxborough,MA,42.0909,-71.2643,Outdoor,Turf,289.0,2002.0,,,,,
2024,6,30,Greg Joseph,detroit_lions,1.0,1.1,1.0,1.0,0,0,2,0.0,0,0,0,0,0,2024-10-13,4:25PM,AT&T Stadium,Arlington,TX,32.7473,-97.0945,Indoor,Turf,639.0,2009.0,,,,,
2024,6,31,Greg Joseph,new_york_giants,1.0,1.1,1.0,1.0,0,0,2,0.0,0,0,0,0,0,2024-10-13,8:20PM,MetLife Stadium,East Rutherford,NJ,40.8136,-74.0744,Outdoor,Turf,3.0,2010.0,,,,,
2024,6,32,Greg Joseph,new_york_jets,1.0,1.1,1.0,1.0,0,0,2,0.0,0,0,0,0,0,2024-10-14,8:15PM,MetLife Stadium,East Rutherford,NJ,40.8136,-74.0744,Outdoor,Turf,3.0,2010.0,,,,,
2024,6,33,Greg Joseph,washington_commanders,1.0,1.1,1.0,1.0,0,0,2,0.0,0,0,0,0,0,2024-10-13,1:00PM,M&T Bank Stadium,Baltimore,MD,39.2779,-76.6227,Outdoor,Grass,10.0,1998.0,,,,,
2024,6,34,Daniel Carlson,las_vegas_raiders,1.0,0.7,1.0,1.0,0,0,0,0.0,0,0,0,0,0,2024-10-13,4:05PM,Allegiant Stadium,Las Vegas,NV,36.0908,-115.183,Indoor,Turf,2001.0,2020.0,,,,,
2024,7,1,Cameron Dicker,los_angeles_chargers,21.0,38.3,21.0,21.0,59,5,5,100.0,0,1,0,2,2,2024-10-21,9:00PM,State Farm Stadium,Glendale,AZ,33.5275,-112.2625,Indoor,Turf,1070.0,2006.0,,,,,
2024,7,2,Wil Lutz,denver_broncos,18.0,35.4,18.0,18.0,52,4,4,100.0,0,0,2,1,1,2024-10-17,8:15PM,Caesars Superdome,New Orleans,LA,29.9509,-90.0815,Indoor,Turf,3.0,1975.0,,,,,
2024,7,3,Austin Seibert,washington_commanders,17.0,34.9,17.0,17.0,49,4,4,100.0,0,2,1,1,0,2024-10-20,4:05PM,FedExField,Landover,MD,38.9078,-76.8645,Outdoor,Grass,300.0,1997.0,,,,,
2024,7,4,Daniel Carlson,las_vegas_raiders,16.0,34.9,16.0,16.0,47,5,5,100.0,0,2,2,1,0,2024-10-20,4:05PM,SoFi Stadium,Inglewood,CA,33.9535,-118.3392,Outdoor,Turf,100.0,2020.0,,,,,
2024,7,5,Will Reichard,minnesota_vikings,15.0,32.6,15.0,15.0,57,3,3,100.0,0,0,0,2,1,2024-10-20,1:00PM,U.S. Bank Stadium,Minneapolis,MN,44.974,-93.2581,Indoor,Turf,840.0,2016.0,,,,,
2024,7,6,Chris Boswell,pittsburgh_steelers,14.0,32.1,14.0,14.0,46,3,3,100.0,0,2,0,1,0,2024-10-20,8:20PM,Acrisure Stadium,Pittsburgh,PA,40.4468,-80.0158,Outdoor,Grass,730.0,2001.0,,,,,
2024,7,7,Matt Gay,indianapolis_colts,12.0,30.6,12.0,12.0,52,3,3,100.0,0,1,1,0,1,2024-10-20,1:00PM,Lucas Oil Stadium,Indianapolis,IN,39.7601,-86.1639,Indoor,Turf,700.0,2008.0,,,,,
2024,7,8,Ka'Imi Fairbairn,houston_texans,12.0,30.6,12.0,12.0,52,3,3,100.0,0,1,1,0,1,2024-10-20,1:00PM,Lambeau Field,Green Bay,WI,44.5013,-88.0622,Outdoor,Grass,640.0,1957.0,,,,,
2024,7,9,Justin Tucker,baltimore_ravens,13.0,30.6,13.0,13.0,52,2,2,100.0,0,1,0,0,1,2024-10-21,8:15PM,Raymond James Stadium,Tampa,FL,27.9759,-82.5033,Outdoor,Grass,26.0,1998.0,,,,,
2024,7,10,Jason Myers,seattle_seahawks,12.0,29.8,12.0,12.0,59,2,2,100.0,0,0,1,0,1,2024-10-20,1:00PM,Mercedes-Benz Stadium,Atlanta,GA,33.755,-84.4008,Indoor,Turf,1050.0,2017.0,,,,,
2024,7,11,Tyler Bass,buffalo_bills,10.0,28.5,10.0,10.0,30,2,2,100.0,0,1,1,0,0,2024-10-20,1:00PM,Highmark Stadium,Orchard Park,NY,42.7738,-78.7868,Outdoor,Grass,600.0,1973.0,,,,,
2024,7,12,Anders Carlson,new_york_jets,8.0,27.1,8.0,8.0,55,2,2,100.0,0,1,0,0,1,2024-10-20,8:20PM,Acrisure Stadium,Pittsburgh,PA,40.4468,-80.0158,Outdoor,Grass,730.0,2001.0,,,,,
2024,7,13,Anders Carlson,san_francisco_49ers,8.0,27.1,8.0,8.0,55,2,2,100.0,0,1,0,0,1,2024-10-20,4:25PM,Levi's Stadium,Santa Clara,CA,37.403,-121.9692,Outdoor,Grass,13.0,2014.0,,,,,
2024,7,14,Jake Bates,detroit_lions,8.0,26.3,8.0,8.0,44,1,1,100.0,0,0,0,1,0,2024-10-20,1:00PM,U.S. Bank Stadium,Minneapolis,MN,44.974,-93.2581,Indoor,Turf,840.0,2016.0,,,,,
2024,7,15,Brandon Mcmanus,green_bay_packers,7.0,25.6,7.0,7.0,45,1,1,100.0,0,0,0,1,0,2024-10-20,1:00PM,Lambeau Field,Green Bay,WI,44.5013,-88.0622,Outdoor,Grass,640.0,1957.0,,,,,
2024,7,16,Cam Little,jacksonville_jaguars,6.0,25.0,6.0,6.0,21,1,1,100.0,0,1,0,0,0,2024-10-20,9:30AM,TIAA Bank Field,Jacksonville,FL,30.3239,-81.6373,Outdoor,Grass,16.0,1995.0,,,,,
2024,7,17,Joey Slye,new_england_patriots,5.0,24.2,5.0,5.0,41,1,1,100.0,0,0,0,1,0,2024-10-20,9:30AM,TIAA Bank Field,Jacksonville,FL,30.3239,-81.6373,Outdoor,Grass,16.0,1995.0,,,,,
2024,7,18,Chad Ryland,arizona_cardinals,5.0,24.2,5.0,5.0,32,1,1,100.0,0,0,1,0,0,2024-10-21,9:00PM,State Farm Stadium,Glendale,AZ,33.5275,-112.2625,Indoor,Turf,1070.0,2006.0,,,,,
2024,7,19,Nick Folk,tennessee_titans,4.0,23.6,4.0,4.0,25,1,1,100.0,0,1,0,0,0,2024-10-20,1:00PM,Highmark Stadium,Orchard Park,NY,42.7738,-78.7868,Outdoor,Grass,600.0,1973.0,,,,,
2024,7,20,Blake Grupe,new_orleans_saints,4.0,23.5,4.0,4.0,35,1,1,100.0,0,0,1,0,0,2024-10-17,8:15PM,Caesars Superdome,New Orleans,LA,29.9509,-90.0815,Indoor,Turf,3.0,1975.0,,,,,
2024,7,21,Greg Joseph,detroit_lions,3.0,22.8,3.0,3.0,38,1,1,100.0,0,0,1,0,0,2024-10-20,1:00PM,U.S. Bank Stadium,Minneapolis,MN,44.974,-93.2581,Indoor,Turf,840.0,2016.0,,,,,
2024,7,22,Greg Joseph,new_york_giants,3.0,22.8,3.0,3.0,38,1,1,100.0,0,0,1,0,0,2024-10-20,1:00PM,MetLife Stadium,East Rutherford,NJ,40.8136,-74.0744,Outdoor,Turf,3.0,2010.0,,,,,
2024,7,23,Greg Joseph,new_york_jets,3.0,22.8,3.0,3.0,38,1,1,100.0,0,0,1,0,0,2024-10-20,8:20PM,Acrisure Stadium,Pittsburgh,PA,40.4468,-80.0158,Outdoor,Grass,730.0,2001.0,,,,,
2024,7,24,Greg Joseph,washington_commanders,3.0,22.8,3.0,3.0,38,1,1,100.0,0,0,1,0,0,2024-10-20,4:05PM,FedExField,Landover,MD,38.9078,-76.8645,Outdoor,Grass,300.0,1997.0,,,,,
2024,7,25,Chase Mclaughlin,tampa_bay_buccaneers,5.0,14.5,5.0,5.0,23,1,2,50.0,0,1,0,0,0,2024-10-21,8:15PM,Raymond James Stadium,Tampa,FL,27.9759,-82.5033,Outdoor,Grass,26.0,1998.0,,,,,
2024,7,26,Jason Sanders,miami_dolphins,4.0,13.7,4.0,4.0,33,1,2,50.0,0,0,1,0,0,2024-10-20,1:00PM,Lucas Oil Stadium,Indianapolis,IN,39.7601,-86.1639,Indoor,Turf,700.0,2008.0,,,,,
2024,7,27,Harrison Butker,kansas_city_chiefs,4.0,2.8,4.0,4.0,0,0,0,0.0,0,0,0,0,0,2024-10-20,4:25PM,Levi's Stadium,Santa Clara,CA,37.403,-121.9692,Outdoor,Grass,13.0,2014.0,,,,,
2024,7,28,Jake Elliott,philadelphia_eagles,4.0,2.8,4.0,4.0,0,0,0,0.0,0,0,0,0,0,2024-10-20,1:00PM,MetLife Stadium,East Rutherford,NJ,40.8136,-74.0744,Outdoor,Turf,3.0,2010.0,,,,,
2024,7,29,Evan Mcpherson,cincinnati_bengals,3.0,2.3,3.0,3.0,0,0,1,0.0,0,0,0,0,0,2024-10-20,1:00PM,FirstEnergy Stadium,Cleveland,OH,41.5061,-81.6995,Outdoor,Grass,577.0,1999.0,,,,,
2024,7,30,Joshua Karty,los_angeles_rams,2.0,1.6,2.0,2.0,0,0,1,0.0,0,0,0,0,0,2024-10-20,4:05PM,SoFi Stadium,Inglewood,CA,33.9535,-118.3392,Outdoor,Turf,100.0,2020.0,,,,,
2024,7,31,Younghoe Koo,atlanta_falcons,2.0,1.6,2.0,2.0,0,0,1,0.0,0,0,0,0,0,2024-10-20,1:00PM,Mercedes-Benz Stadium,Atlanta,GA,33.755,-84.4008,Indoor,Turf,1050.0,2017.0,,,,,
2024,7,32,Greg Zuerlein,new_york_jets,1.0,0.9,1.0,1.0,0,0,1,0.0,0,0,0,0,0,2024-10-20,8:20PM,Acrisure Stadium,Pittsburgh,PA,40.4468,-80.0158,Outdoor,Grass,730.0,2001.0,,,,,
2024,7,33,Eddy Pineiro,carolina_panthers,1.0,0.7,1.0,1.0,0,0,0,0.0,0,0,0,0,0,2024-10-20,4:05PM,FedExField,Landover,MD,38.9078,-76.8645,Outdoor,Grass,300.0,1997.0,,,,,
2024,7,34,Dustin Hopkins,cleveland_browns,0.0,0.2,0.0,0.0,0,0,1,0.0,0,0,0,0,0,2024-10-20,1:00PM,FirstEnergy Stadium,Cleveland,OH,41.5061,-81.6995,Outdoor,Grass,577.0,1999.0,,,,,
2024,8,1,Anders Carlson,new_york_jets,16.0,33.3,16.0,16.0,50,3,3,100.0,0,0,0,2,1,2024-10-27,1:00PM,Gillette Stadium,Foxborough,MA,42.0909,-71.2643,Outdoor,Turf,289.0,2002.0,,,,,
2024,8,2,Anders Carlson,san_francisco_49ers,16.0,33.3,16.0,16.0,50,3,3,100.0,0,0,0,2,1,2024-10-27,8:20PM,Levi's Stadium,Santa Clara,CA,37.403,-121.9692,Outdoor,Grass,13.0,2014.0,,,,,
2024,8,3,Chris Boswell,pittsburgh_steelers,14.0,32.9,14.0,14.0,31,4,4,100.0,0,3,1,0,0,2024-10-28,8:15PM,Acrisure Stadium,Pittsburgh,PA,40.4468,-80.0158,Outdoor,Grass,730.0,2001.0,,,,,
2024,8,4,Greg Joseph,detroit_lions,14.0,32.7,14.0,14.0,48,4,4,100.0,0,1,1,2,0,2024-10-27,1:00PM,Ford Field,Detroit,MI,42.34,-83.0456,Indoor,Turf,600.0,2002.0,,,,,
2024,8,5,Greg Joseph,new_york_giants,14.0,32.7,14.0,14.0,48,4,4,100.0,0,1,1,2,0,2024-10-28,8:15PM,Acrisure Stadium,Pittsburgh,PA,40.4468,-80.0158,Outdoor,Grass,730.0,2001.0,,,,,
2024,8,6,Greg Joseph,new_york_jets,14.0,32.7,14.0,14.0,48,4,4,100.0,0,1,1,2,0,2024-10-27,1:00PM,Gillette Stadium,Foxborough,MA,42.0909,-71.2643,Outdoor,Turf,289.0,2002.0,,,,,
2024,8,7,Greg Joseph,washington_commanders,14.0,32.7,14.0,14.0,48,4,4,100.0,0,1,1,2,0,2024-10-27,4:25PM,FedExField,Landover,MD,38.9078,-76.8645,Outdoor,Grass,300.0,1997.0,,,,,
2024,8,8,Jake Elliott,philadelphia_eagles,15.0,32.6,15.0,15.0,49,3,3,100.0,0,0,1,2,0,2024-10-27,1:00PM,Paycor Stadium,Cincinnati,OH,39.0954,-84.516,Outdoor,Turf,482.0,2000.0,,,,,
2024,8,9,Brandon Mcmanus,green_bay_packers,12.0,30.6,12.0,12.0,38,3,3,100.0,0,1,2,0,0,2024-10-27,1:00PM,TIAA Bank Field,Jacksonville,FL,30.3239,-81.6373,Outdoor,Grass,16.0,1995.0,,,,,
2024,8,10,Dustin Hopkins,cleveland_browns,12.0,30.6,12.0,12.0,48,3,3,100.0,0,1,1,1,0,2024-10-27,1:00PM,FirstEnergy Stadium,Cleveland,OH,41.5061,-81.6995,Outdoor,Grass,577.0,1999.0,,,,,
2024,8,11,Ka'Imi Fairbairn,houston_texans,11.0,29.8,11.0,11.0,35,3,3,100.0,0,0,3,0,0,2024-10-27,1:00PM,NRG Stadium,Houston,TX,29.6847,-95.4107,Indoor,Turf,50.0,2002.0,,,,,
2024,8,12,Jason Sanders,miami_dolphins,11.0,29.2,11.0,11.0,53,2,2,100.0,0,1,0,0,1,2024-10-27,1:00PM,Hard Rock Stadium,Miami Gardens,FL,25.958,-80.238,Outdoor,Grass,7.0,1987.0,,,,,
2024,8,13,Jake Bates,detroit_lions,12.0,29.1,12.0,12.0,51,1,1,100.0,0,0,0,0,1,2024-10-27,1:00PM,Ford Field,Detroit,MI,42.34,-83.0456,Indoor,Turf,600.0,2002.0,,,,,
2024,8,14,Harrison Butker,kansas_city_chiefs,10.0,28.5,10.0,10.0,42,2,2,100.0,0,1,0,1,0,2024-10-27,4:25PM,Allegiant Stadium,Las Vegas,NV,36.0908,-115.183,Indoor,Turf,2001.0,2020.0,,,,,
2024,8,15,Cam Little,jacksonville_jaguars,10.0,28.4,10.0,10.0,47,2,2,100.0,0,0,1,1,0,2024-10-27,1:00PM,TIAA Bank Field,Jacksonville,FL,30.3239,-81.6373,Outdoor,Grass,16.0,1995.0,,,,,
2024,8,16,Chad Ryland,arizona_cardinals,10.0,28.4,10.0,10.0,57,2,2,100.0,0,0,1,0,1,2024-10-27,1:00PM,Hard Rock Stadium,Miami Gardens,FL,25.958,-80.238,Outdoor,Grass,7.0,1987.0,,,,,
2024,8,17,Daniel Carlson,las_vegas_raiders,10.0,28.4,10.0,10.0,54,2,2,100.0,0,0,1,0,1,2024-10-27,4:25PM,Allegiant Stadium,Las Vegas,NV,36.0908,-115.183,Indoor,Turf,2001.0,2020.0,,,,,
2024,8,18,Austin Seibert,washington_commanders,13.0,28.3,13.0,13.0,47,4,5,80.0,0,2,1,1,0,2024-10-27,4:25PM,FedExField,Landover,MD,38.9078,-76.8645,Outdoor,Grass,300.0,1997.0,,,,,
2024,8,19,Cameron Dicker,los_angeles_chargers,9.0,27.8,9.0,9.0,46,2,2,100.0,0,1,0,1,0,2024-10-27,4:05PM,SoFi Stadium,Inglewood,CA,33.9535,-118.3392,Outdoor,Turf,100.0,2020.0,,,,,
2024,8,20,Matt Gay,indianapolis_colts,9.0,27.7,9.0,9.0,46,2,2,100.0,0,0,1,1,0,2024-10-27,1:00PM,NRG Stadium,Houston,TX,29.6847,-95.4107,Indoor,Turf,50.0,2002.0,,,,,
2024,8,21,Will Reichard,minnesota_vikings,8.0,27.1,8.0,8.0,35,2,2,100.0,0,1,1,0,0,2024-10-24,8:15PM,SoFi Stadium,Inglewood,CA,33.9535,-118.3392,Outdoor,Turf,100.0,2020.0,,,,,
2024,8,22,Chase Mclaughlin,tampa_bay_buccaneers,8.0,26.3,8.0,8.0,52,1,1,100.0,0,0,0,0,1,2024-10-27,1:00PM,Raymond James Stadium,Tampa,FL,27.9759,-82.5033,Outdoor,Grass,26.0,1998.0,,,,,
2024,8,23,Tyler Bass,buffalo_bills,7.0,25.7,7.0,7.0,27,1,1,100.0,0,1,0,0,0,2024-10-27,4:05PM,Lumen Field,Seattle,WA,47.5952,-122.3316,Outdoor,Turf,20.0,2002.0,,,,,
2024,8,24,Brandon Aubrey,dallas_cowboys,6.0,25.0,6.0,6.0,29,1,1,100.0,0,1,0,0,0,2024-10-27,8:20PM,Levi's Stadium,Santa Clara,CA,37.403,-121.9692,Outdoor,Grass,13.0,2014.0,,,,,
2024,8,25,Joey Slye,new_england_patriots,5.0,24.3,5.0,5.0,23,1,1,100.0,0,1,0,0,0,2024-10-27,1:00PM,Gillette Stadium,Foxborough,MA,42.0909,-71.2643,Outdoor,Turf,289.0,2002.0,,,,,
2024,8,26,Jason Myers,seattle_seahawks,4.0,23.5,4.0,4.0,38,1,1,100.0,0,0,1,0,0,2024-10-27,4:05PM,Lumen Field,Seattle,WA,47.5952,-122.3316,Outdoor,Turf,20.0,2002.0,,,,,
2024,8,27,Blake Grupe,new_orleans_saints,8.0,20.54,8.0,8.0,43,2,3,66.7,0,0,0,2,0,2024-10-27,4:05PM,SoFi Stadium,Inglewood,CA,33.9535,-118.3392,Outdoor,Turf,100.0,2020.0,,,,,
2024,8,28,Justin Tucker,baltimore_ravens,7.0,15.8,7.0,7.0,49,1,2,50.0,0,0,0,1,0,2024-10-27,1:00PM,FirstEnergy Stadium,Cleveland,OH,41.5061,-81.6995,Outdoor,Grass,577.0,1999.0,,,,,
2024,8,29,Younghoe Koo,atlanta_falcons,7.0,15.8,7.0,7.0,39,1,2,50.0,0,0,1,0,0,2024-10-27,1:00PM,Raymond James Stadium,Tampa,FL,27.9759,-82.5033,Outdoor,Grass,26.0,1998.0,,,,,
2024,8,30,Evan Mcpherson,cincinnati_bengals,5.0,14.5,5.0,5.0,27,1,2,50.0,0,1,0,0,0,2024-10-27,1:00PM,Paycor Stadium,Cincinnati,OH,39.0954,-84.516,Outdoor,Turf,482.0,2000.0,,,,,
2024,8,31,Greg Zuerlein,new_york_jets,4.0,13.8,4.0,4.0,29,1,2,50.0,0,1,0,0,0,2024-10-27,1:00PM,Gillette Stadium,Foxborough,MA,42.0909,-71.2643,Outdoor,Turf,289.0,2002.0,,,,,
2024,8,32,Joshua Karty,los_angeles_rams,4.0,2.8,4.0,4.0,0,0,0,0.0,0,0,0,0,0,2024-10-24,8:15PM,SoFi Stadium,Inglewood,CA,33.9535,-118.3392,Outdoor,Turf,100.0,2020.0,,,,,
2024,8,33,Wil Lutz,denver_broncos,4.0,2.8,4.0,4.0,0,0,0,0.0,0,0,0,0,0,2024-10-27,4:25PM,Empower Field at Mile High,Denver,CO,39.7439,-105.0201,Outdoor,Turf,5280.0,2001.0,,,,,
2024,8,34,Nick Folk,tennessee_titans,2.0,1.4,2.0,2.0,0,0,0,0.0,0,0,0,0,0,2024-10-27,1:00PM,Ford Field,Detroit,MI,42.34,-83.0456,Indoor,Turf,600.0,2002.0,,,,,
2024,8,35,Eddy Pineiro,carolina_panthers,2.0,1.4,2.0,2.0,0,0,0,0.0,0,0,0,0,0,2024-10-27,4:25PM,Empower Field at Mile High,Denver,CO,39.7439,-105.0201,Outdoor,Turf,5280.0,2001.0,,,,,
2024,8,36,Cairo Santos,chicago_bears,1.0,0.7,1.0,1.0,0,0,0,0.0,0,0,0,0,0,2024-10-27,4:25PM,FedExField,Landover,MD,38.9078,-76.8645,Outdoor,Grass,300.0,1997.0,,,,,
2024,9,1,Tyler Bass,buffalo_bills,14.0,31.9,14.0,14.0,61,3,3,100.0,0,0,0,2,1,2024-11-03,1:00PM,Highmark Stadium,Orchard Park,NY,42.7738,-78.7868,Outdoor,Grass,600.0,1973.0,,,,,
2024,9,2,Cairo Santos,chicago_bears,13.0,31.3,13.0,13.0,53,3,3,100.0,0,1,0,0,2,2024-11-03,4:05PM,State Farm Stadium,Glendale,AZ,33.5275,-112.2625,Indoor,Turf,1070.0,2006.0,,,,,
2024,9,3,Blake Grupe,new_orleans_saints,12.0,30.6,12.0,12.0,51,3,3,100.0,0,1,1,0,1,2024-11-03,1:00PM,Bank of America Stadium,Charlotte,NC,35.2258,-80.8528,Outdoor,Grass,748.0,1996.0,,,,,
2024,9,4,Evan Mcpherson,cincinnati_bengals,12.0,29.9,12.0,12.0,44,2,2,100.0,0,1,0,1,0,2024-11-03,1:00PM,Paycor Stadium,Cincinnati,OH,39.0954,-84.516,Outdoor,Turf,482.0,2000.0,,,,,
2024,9,5,Chad Ryland,arizona_cardinals,11.0,29.2,11.0,11.0,55,2,2,100.0,0,1,0,0,1,2024-11-03,4:05PM,State Farm Stadium,Glendale,AZ,33.5275,-112.2625,Indoor,Turf,1070.0,2006.0,,,,,
2024,9,6,Justin Tucker,baltimore_ravens,11.0,29.1,11.0,11.0,37,2,2,100.0,0,0,2,0,0,2024-11-03,1:00PM,M&T Bank Stadium,Baltimore,MD,39.2779,-76.6227,Outdoor,Grass,10.0,1998.0,,,,,
2024,9,7,Jason Sanders,miami_dolphins,9.0,27.8,9.0,9.0,39,2,2,100.0,0,1,1,0,0,2024-11-03,1:00PM,Highmark Stadium,Orchard Park,NY,42.7738,-78.7868,Outdoor,Grass,600.0,1973.0,,,,,
2024,9,8,Austin Seibert,washington_commanders,9.0,27.8,9.0,9.0,31,2,2,100.0,0,1,1,0,0,2024-11-03,1:00PM,MetLife Stadium,East Rutherford,NJ,40.8136,-74.0744,Outdoor,Turf,3.0,2010.0,,,,,
2024,9,9,Brandon Aubrey,dallas_cowboys,9.0,27.7,9.0,9.0,57,2,2,100.0,0,0,1,0,1,2024-11-03,1:00PM,Mercedes-Benz Stadium,Atlanta,GA,33.755,-84.4008,Indoor,Turf,1050.0,2017.0,,,,,
2024,9,10,Nick Folk,tennessee_titans,8.0,27.2,8.0,8.0,25,2,2,100.0,0,2,0,0,0,2024-11-03,1:00PM,Nissan Stadium,Nashville,TN,36.1665,-86.7713,Outdoor,Grass,476.0,1999.0,,,,,
2024,9,11,Joshua Karty,los_angeles_rams,8.0,27.1,8.0,8.0,38,2,2,100.0,0,1,1,0,0,2024-11-03,4:25PM,Lumen Field,Seattle,WA,47.5952,-122.3316,Outdoor,Turf,20.0,2002.0,,,,,
2024,9,12,Daniel Carlson,las_vegas_raiders,7.0,25.6,7.0,7.0,46,1,1,100.0,0,0,0,1,0,2024-11-03,1:00PM,Paycor Stadium,Cincinnati,OH,39.0954,-84.516,Outdoor,Turf,482.0,2000.0,,,,,
2024,9,13,Chase Mclaughlin,tampa_bay_buccaneers,7.0,25.6,7.0,7.0,47,1,1,100.0,0,0,0,1,0,2024-11-04,8:15PM,GEHA Field at Arrowhead Stadium,Kansas City,MO,39.049,-94.4839,Outdoor,Grass,1020.0,1972.0,,,,,
2024,9,14,Harrison Butker,kansas_city_chiefs,7.0,25.6,7.0,7.0,40,1,1,100.0,0,0,0,1,0,2024-11-04,8:15PM,GEHA Field at Arrowhead Stadium,Kansas City,MO,39.049,-94.4839,Outdoor,Grass,1020.0,1972.0,,,,,
2024,9,15,Jake Bates,detroit_lions,6.0,25.0,6.0,6.0,27,1,1,100.0,0,1,0,0,0,2024-11-03,4:25PM,Lambeau Field,Green Bay,WI,44.5013,-88.0622,Outdoor,Grass,640.0,1957.0,,,,,
2024,9,16,Eddy Pineiro,carolina_panthers,6.0,24.9,6.0,6.0,48,1,1,100.0,0,0,0,1,0,2024-11-03,1:00PM,Bank of America Stadium,Charlotte,NC,35.2258,-80.8528,Outdoor,Grass,748.0,1996.0,,,,,
2024,9,17,Jude Mcatamney,new_york_giants,4.0,23.5,4.0,4.0,31,1,1,100.0,0,0,1,0,0,2024-11-03,1:00PM,MetLife Stadium,East Rutherford,NJ,40.8136,-74.0744,Outdoor,Turf,3.0,2010.0,,,,,
2024,9,18,Wil Lutz,denver_broncos,4.0,23.5,4.0,4.0,37,1,1,100.0,0,0,1,0,0,2024-11-03,1:00PM,M&T Bank Stadium,Baltimore,MD,39.2779,-76.6227,Outdoor,Grass,10.0,1998.0,,,,,
2024,9,19,Matt Gay,indianapolis_colts,10.0,21.94,10.0,10.0,54,2,3,66.7,0,0,0,1,1,2024-11-03,8:20PM,U.S. Bank Stadium,Minneapolis,MN,44.974,-93.2581,Indoor,Turf,840.0,2016.0,,,,,
2024,9,20,Brandon Mcmanus,green_bay_packers,6.0,19.14,6.0,6.0,38,2,3,66.7,0,0,2,0,0,2024-11-03,4:25PM,Lambeau Field,Green Bay,WI,44.5013,-88.0622,Outdoor,Grass,640.0,1957.0,,,,,
2024,9,21,Ka'Imi Fairbairn,houston_texans,9.0,18.2,9.0,9.0,54,2,4,50.0,0,1,0,0,1,2024-10-31,8:15PM,MetLife Stadium,East Rutherford,NJ,40.8136,-74.0744,Outdoor,Turf,3.0,2010.0,,,,,
2024,9,22,Joey Slye,new_england_patriots,7.0,15.8,7.0,7.0,52,1,2,50.0,0,0,0,0,1,2024-11-03,1:00PM,Nissan Stadium,Nashville,TN,36.1665,-86.7713,Outdoor,Grass,476.0,1999.0,,,,,
2024,9,23,Jake Elliott,philadelphia_eagles,5.0,14.4,5.0,5.0,43,1,2,50.0,0,0,0,1,0,2024-11-03,4:05PM,Lincoln Financial Field,Philadelphia,PA,39.9008,-75.1675,Outdoor,Grass,30.0,2003.0,,,,,
2024,9,24,Dustin Hopkins,cleveland_browns,4.0,13.7,4.0,4.0,38,1,2,50.0,0,0,1,0,0,2024-11-03,1:00PM,FirstEnergy Stadium,Cleveland,OH,41.5061,-81.6995,Outdoor,Grass,577.0,1999.0,,,,,
2024,9,25,Will Reichard,minnesota_vikings,3.0,2.5,3.0,3.0,0,0,2,0.0,0,0,0,0,0,2024-11-03,8:20PM,U.S. Bank Stadium,Minneapolis,MN,44.974,-93.2581,Indoor,Turf,840.0,2016.0,,,,,
2024,9,26,Cameron Dicker,los_angeles_chargers,3.0,2.3,3.0,3.0,0,0,1,0.0,0,0,0,0,0,2024-11-03,1:00PM,FirstEnergy Stadium,Cleveland,OH,41.5061,-81.6995,Outdoor,Grass,577.0,1999.0,,,,,
2024,9,27,Riley Patterson,atlanta_falcons,3.0,2.1,3.0,3.0,0,0,0,0.0,0,0,0,0,0,2024-11-03,1:00PM,Mercedes-Benz Stadium,Atlanta,GA,33.755,-84.4008,Indoor,Turf,1050.0,2017.0,,,,,
2024,9,28,Riley Patterson,cleveland_browns,3.0,2.1,3.0,3.0,0,0,0,0.0,0,0,0,0,0,2024-11-03,1:00PM,FirstEnergy Stadium,Cleveland,OH,41.5061,-81.6995,Outdoor,Grass,577.0,1999.0,,,,,
2024,9,29,Riley Patterson,new_york_jets,3.0,2.1,3.0,3.0,0,0,0,0.0,0,0,0,0,0,2024-10-31,8:15PM,MetLife Stadium,East Rutherford,NJ,40.8136,-74.0744,Outdoor,Turf,3.0,2010.0,,,,,
2024,9,30,Younghoe Koo,atlanta_falcons,3.0,2.1,3.0,3.0,0,0,0,0.0,0,0,0,0,0,2024-11-03,1:00PM,Mercedes-Benz Stadium,Atlanta,GA,33.755,-84.4008,Indoor,Turf,1050.0,2017.0,,,,,
2024,9,31,Jason Myers,seattle_seahawks,2.0,1.4,2.0,2.0,0,0,0,0.0,0,0,0,0,0,2024-11-03,4:25PM,Lumen Field,Seattle,WA,47.5952,-122.3316,Outdoor,Turf,20.0,2002.0,,,,,
2024,9,32,Cam Little,jacksonville_jaguars,1.0,0.7,1.0,1.0,0,0,0,0.0,0,0,0,0,0,2024-11-03,4:05PM,Lincoln Financial Field,Philadelphia,PA,39.9008,-75.1675,Outdoor,Grass,30.0,2003.0,,,,,
2024,10,1,Joshua Karty,los_angeles_rams,19.0,33.76,19.0,19.0,55,5,6,83.3,0,1,2,0,2,2024-11-11,8:15PM,SoFi Stadium,Inglewood,CA,33.9535,-118.3392,Outdoor,Turf,100.0,2020.0,,,,,
2024,10,2,Jason Sanders,miami_dolphins,15.0,32.6,15.0,15.0,50,3,3,100.0,0,0,1,0,2,2024-11-11,8:15PM,SoFi Stadium,Inglewood,CA,33.9535,-118.3392,Outdoor,Turf,100.0,2020.0,,,,,
2024,10,3,Joey Slye,new_england_patriots,13.0,32.0,13.0,13.0,37,4,4,100.0,0,1,3,0,0,2024-11-10,1:00PM,Soldier Field,Chicago,IL,41.8623,-87.6167,Outdoor,Grass,595.0,1924.0,,,,,
2024,10,4,Parker Romo,unknown,13.0,32.0,13.0,13.0,45,4,4,100.0,0,1,2,1,0,,,,,,,,,,,,,,,,
2024,10,5,Tyler Bass,buffalo_bills,13.0,31.4,13.0,13.0,47,3,3,100.0,0,2,0,1,0,2024-11-10,1:00PM,Lucas Oil Stadium,Indianapolis,IN,39.7601,-86.1639,Indoor,Turf,700.0,2008.0,,,,,
2024,10,6,Jake Bates,detroit_lions,12.0,29.8,12.0,12.0,58,2,2,100.0,0,0,0,0,2,2024-11-10,8:20PM,NRG Stadium,Houston,TX,29.6847,-95.4107,Indoor,Turf,50.0,2002.0,,,,,
2024,10,7,Harrison Butker,kansas_city_chiefs,10.0,29.3,10.0,10.0,36,3,3,100.0,0,2,1,0,0,2024-11-10,1:00PM,GEHA Field at Arrowhead Stadium,Kansas City,MO,39.049,-94.4839,Outdoor,Grass,1020.0,1972.0,,,,,
2024,10,8,Zane Gonzalez,washington_commanders,11.0,29.1,11.0,11.0,48,2,2,100.0,0,0,0,2,0,2024-11-10,1:00PM,FedExField,Landover,MD,38.9078,-76.8645,Outdoor,Grass,300.0,1997.0,,,,,
2024,10,9,Eddy Pineiro,carolina_panthers,10.0,28.4,10.0,10.0,53,2,2,100.0,0,0,1,0,1,2024-11-10,9:30AM,Bank of America Stadium,Charlotte,NC,35.2258,-80.8528,Outdoor,Grass,748.0,1996.0,,,,,
2024,10,10,Jake Elliott,philadelphia_eagles,10.0,28.4,10.0,10.0,39,2,2,100.0,0,0,2,0,0,2024-11-10,4:25PM,AT&T Stadium,Arlington,TX,32.7473,-97.0945,Indoor,Turf,639.0,2009.0,,,,,
2024,10,11,Cameron Dicker,los_angeles_chargers,9.0,27.8,9.0,9.0,37,2,2,100.0,0,1,1,0,0,2024-11-10,4:05PM,SoFi Stadium,Inglewood,CA,33.9535,-118.3392,Outdoor,Turf,100.0,2020.0,,,,,
2024,10,12,Matt Gay,indianapolis_colts,8.0,27.2,8.0,8.0,27,2,2,100.0,0,2,0,0,0,2024-11-10,1:00PM,Lucas Oil Stadium,Indianapolis,IN,39.7601,-86.1639,Indoor,Turf,700.0,2008.0,,,,,
2024,10,13,Blake Grupe,new_orleans_saints,8.0,27.1,8.0,8.0,38,2,2,100.0,0,1,1,0,0,2024-11-10,1:00PM,Caesars Superdome,New Orleans,LA,29.9509,-90.0815,Indoor,Turf,3.0,1975.0,,,,,
2024,10,14,Chase Mclaughlin,tampa_bay_buccaneers,8.0,27.1,8.0,8.0,30,2,2,100.0,0,1,1,0,0,2024-11-10,1:00PM,Raymond James Stadium,Tampa,FL,27.9759,-82.5033,Outdoor,Grass,26.0,1998.0,,,,,
2024,10,15,Ka'Imi Fairbairn,houston_texans,13.0,26.5,13.0,13.0,56,3,4,75.0,0,1,1,0,1,2024-11-10,8:20PM,NRG Stadium,Houston,TX,29.6847,-95.4107,Indoor,Turf,50.0,2002.0,,,,,
2024,10,16,Brandon Aubrey,dallas_cowboys,7.0,26.4,7.0,7.0,46,2,2,100.0,0,1,0,1,0,2024-11-10,4:25PM,AT&T Stadium,Arlington,TX,32.7473,-97.0945,Indoor,Turf,639.0,2009.0,,,,,
2024,10,17,Spencer Shrader,indianapolis_colts,7.0,26.4,7.0,7.0,45,2,2,100.0,0,1,0,1,0,2024-11-10,1:00PM,Lucas Oil Stadium,Indianapolis,IN,39.7601,-86.1639,Indoor,Turf,700.0,2008.0,,,,,
2024,10,18,Spencer Shrader,kansas_city_chiefs,7.0,26.4,7.0,7.0,45,2,2,100.0,0,1,0,1,0,2024-11-10,1:00PM,GEHA Field at Arrowhead Stadium,Kansas City,MO,39.049,-94.4839,Outdoor,Grass,1020.0,1972.0,,,,,
2024,10,19,Spencer Shrader,new_york_jets,7.0,26.4,7.0,7.0,45,2,2,100.0,0,1,0,1,0,2024-11-10,4:25PM,State Farm Stadium,Glendale,AZ,33.5275,-112.2625,Indoor,Turf,1070.0,2006.0,,,,,
2024,10,20,Chad Ryland,arizona_cardinals,7.0,25.6,7.0,7.0,37,1,1,100.0,0,0,1,0,0,2024-11-10,4:25PM,State Farm Stadium,Glendale,AZ,33.5275,-112.2625,Indoor,Turf,1070.0,2006.0,,,,,
2024,10,21,Cairo Santos,chicago_bears,3.0,22.8,3.0,3.0,33,1,1,100.0,0,0,1,0,0,2024-11-10,1:00PM,Soldier Field,Chicago,IL,41.8623,-87.6167,Outdoor,Grass,595.0,1924.0,,,,,
2024,10,22,Jake Moody,san_francisco_49ers,12.0,21.2,12.0,12.0,44,3,6,50.0,0,1,1,1,0,2024-11-10,1:00PM,Raymond James Stadium,Tampa,FL,27.9759,-82.5033,Outdoor,Grass,26.0,1998.0,,,,,
2024,10,23,Graham Gano,new_york_giants,6.0,15.1,6.0,6.0,42,1,2,50.0,0,0,0,1,0,2024-11-10,9:30AM,Bank of America Stadium,Charlotte,NC,35.2258,-80.8528,Outdoor,Grass,748.0,1996.0,,,,,
2024,10,24,Nick Folk,tennessee_titans,5.0,14.5,5.0,5.0,27,1,2,50.0,0,1,0,0,0,2024-11-10,4:05PM,SoFi Stadium,Inglewood,CA,33.9535,-118.3392,Outdoor,Turf,100.0,2020.0,,,,,
2024,10,25,Younghoe Koo,atlanta_falcons,5.0,9.9,5.0,5.0,27,1,4,25.0,0,1,0,0,0,2024-11-10,1:00PM,Caesars Superdome,New Orleans,LA,29.9509,-90.0815,Indoor,Turf,3.0,1975.0,,,,,
2024,10,26,Chris Boswell,pittsburgh_steelers,4.0,2.8,4.0,4.0,0,0,0,0.0,0,0,0,0,0,2024-11-10,1:00PM,FedExField,Landover,MD,38.9078,-76.8645,Outdoor,Grass,300.0,1997.0,,,,,
2024,10,27,Evan Mcpherson,cincinnati_bengals,4.0,2.8,4.0,4.0,0,0,0,0.0,0,0,0,0,0,2024-11-07,8:15PM,M&T Bank Stadium,Baltimore,MD,39.2779,-76.6227,Outdoor,Grass,10.0,1998.0,,,,,
2024,10,28,Justin Tucker,baltimore_ravens,3.0,2.1,3.0,3.0,0,0,0,0.0,0,0,0,0,0,2024-11-07,8:15PM,M&T Bank Stadium,Baltimore,MD,39.2779,-76.6227,Outdoor,Grass,10.0,1998.0,,,,,
2024,10,29,Wil Lutz,denver_broncos,2.0,1.8,2.0,2.0,0,0,2,0.0,0,0,0,0,0,2024-11-10,1:00PM,GEHA Field at Arrowhead Stadium,Kansas City,MO,39.049,-94.4839,Outdoor,Grass,1020.0,1972.0,,,,,
2024,10,30,Cam Little,jacksonville_jaguars,1.0,0.7,1.0,1.0,0,0,0,0.0,0,0,0,0,0,2024-11-10,1:00PM,TIAA Bank Field,Jacksonville,FL,30.3239,-81.6373,Outdoor,Grass,16.0,1995.0,,,,,
2024,11,1,Chris Boswell,pittsburgh_steelers,24.0,41.1,24.0,24.0,57,6,6,100.0,0,1,2,0,3,2024-11-17,1:00PM,Acrisure Stadium,Pittsburgh,PA,40.4468,-80.0158,Outdoor,Grass,730.0,2001.0,,,,,
2024,11,2,Matt Gay,indianapolis_colts,14.0,31.9,14.0,14.0,56,3,3,100.0,0,0,0,2,1,2024-11-17,1:00PM,MetLife Stadium,East Rutherford,NJ,40.8136,-74.0744,Outdoor,Turf,3.0,2010.0,,,,,
2024,11,3,Joey Slye,new_england_patriots,11.0,29.9,11.0,11.0,42,3,3,100.0,0,1,1,1,0,2024-11-17,1:00PM,Gillette Stadium,Foxborough,MA,42.0909,-71.2643,Outdoor,Turf,289.0,2002.0,,,,,
2024,11,4,Cameron Dicker,los_angeles_chargers,12.0,29.8,12.0,12.0,53,2,2,100.0,1,0,0,0,1,2024-11-17,8:20PM,SoFi Stadium,Inglewood,CA,33.9535,-118.3392,Outdoor,Turf,100.0,2020.0,,,,,
2024,11,5,Jason Myers,seattle_seahawks,12.0,29.8,12.0,12.0,57,2,2,100.0,0,0,0,0,2,2024-11-17,4:05PM,Levi's Stadium,Santa Clara,CA,37.403,-121.9692,Outdoor,Grass,13.0,2014.0,,,,,
2024,11,6,Jason Sanders,miami_dolphins,11.0,29.1,11.0,11.0,46,2,2,100.0,0,0,1,1,0,2024-11-17,1:00PM,Hard Rock Stadium,Miami Gardens,FL,25.958,-80.238,Outdoor,Grass,7.0,1987.0,,,,,
2024,11,7,Anders Carlson,new_york_jets,11.0,29.1,11.0,11.0,58,2,2,100.0,0,0,1,0,1,2024-11-17,1:00PM,MetLife Stadium,East Rutherford,NJ,40.8136,-74.0744,Outdoor,Turf,3.0,2010.0,,,,,
2024,11,8,Anders Carlson,san_francisco_49ers,11.0,29.1,11.0,11.0,58,2,2,100.0,0,0,1,0,1,2024-11-17,4:05PM,Levi's Stadium,Santa Clara,CA,37.403,-121.9692,Outdoor,Grass,13.0,2014.0,,,,,
2024,11,9,Jake Bates,detroit_lions,12.0,29.1,12.0,12.0,54,1,1,100.0,0,0,0,0,1,2024-11-17,1:00PM,Ford Field,Detroit,MI,42.34,-83.0456,Indoor,Turf,600.0,2002.0,,,,,
2024,11,10,Ka'Imi Fairbairn,houston_texans,10.0,28.5,10.0,10.0,33,2,2,100.0,0,1,1,0,0,2024-11-18,8:15PM,AT&T Stadium,Arlington,TX,32.7473,-97.0945,Indoor,Turf,639.0,2009.0,,,,,
2024,11,11,Younghoe Koo,atlanta_falcons,9.0,27.7,9.0,9.0,51,2,2,100.0,0,0,0,1,1,2024-11-17,4:05PM,Empower Field at Mile High,Denver,CO,39.7439,-105.0201,Outdoor,Turf,5280.0,2001.0,,,,,
2024,11,12,Wil Lutz,denver_broncos,9.0,27.0,9.0,9.0,45,1,1,100.0,0,0,0,1,0,2024-11-17,4:05PM,Empower Field at Mile High,Denver,CO,39.7439,-105.0201,Outdoor,Turf,5280.0,2001.0,,,,,
2024,11,13,Nick Folk,tennessee_titans,8.0,27.0,8.0,8.0,43,2,2,100.0,0,0,1,1,0,2024-11-17,1:00PM,Nissan Stadium,Nashville,TN,36.1665,-86.7713,Outdoor,Grass,476.0,1999.0,,,,,
2024,11,14,Cam Little,jacksonville_jaguars,8.0,27.0,8.0,8.0,59,2,2,100.0,0,0,1,0,1,2024-11-17,1:00PM,Ford Field,Detroit,MI,42.34,-83.0456,Indoor,Turf,600.0,2002.0,,,,,
2024,11,15,Daniel Carlson,las_vegas_raiders,7.0,26.5,7.0,7.0,27,2,2,100.0,0,2,0,0,0,2024-11-17,1:00PM,Hard Rock Stadium,Miami Gardens,FL,25.958,-80.238,Outdoor,Grass,7.0,1987.0,,,,,
2024,11,16,Parker Romo,unknown,6.0,24.9,6.0,6.0,40,1,1,100.0,0,0,0,1,0,,,,,,,,,,,,,,,,
2024,11,17,Tyler Bass,buffalo_bills,6.0,24.9,6.0,6.0,33,1,1,100.0,0,0,1,0,0,2024-11-17,4:25PM,Highmark Stadium,Orchard Park,NY,42.7738,-78.7868,Outdoor,Grass,600.0,1973.0,,,,,
2024,11,18,Zane Gonzalez,washington_commanders,5.0,24.2,5.0,5.0,45,1,1,100.0,0,0,0,1,0,2024-11-14,8:15PM,Lincoln Financial Field,Philadelphia,PA,39.9008,-75.1675,Outdoor,Grass,30.0,2003.0,,,,,
2024,11,19,Jake Moody,san_francisco_49ers,5.0,24.2,5.0,5.0,33,1,1,100.0,0,0,1,0,0,2024-11-17,4:05PM,Levi's Stadium,Santa Clara,CA,37.403,-121.9692,Outdoor,Grass,13.0,2014.0,,,,,
2024,11,20,Cairo Santos,chicago_bears,9.0,21.34,9.0,9.0,53,2,3,66.7,0,1,0,0,1,2024-11-17,1:00PM,Soldier Field,Chicago,IL,41.8623,-87.6167,Outdoor,Grass,595.0,1924.0,,,,,
2024,11,21,Evan Mcpherson,cincinnati_bengals,9.0,18.3,9.0,9.0,27,2,4,50.0,0,2,0,0,0,2024-11-17,8:20PM,SoFi Stadium,Inglewood,CA,33.9535,-118.3392,Outdoor,Turf,100.0,2020.0,,,,,
2024,11,22,Jake Elliott,philadelphia_eagles,8.0,17.5,8.0,8.0,31,2,4,50.0,0,1,1,0,0,2024-11-14,8:15PM,Lincoln Financial Field,Philadelphia,PA,39.9008,-75.1675,Outdoor,Grass,30.0,2003.0,,,,,
2024,11,23,Brandon Aubrey,dallas_cowboys,6.0,15.1,6.0,6.0,64,1,2,50.0,0,0,0,0,1,2024-11-18,8:15PM,AT&T Stadium,Arlington,TX,32.7473,-97.0945,Indoor,Turf,639.0,2009.0,,,,,
2024,11,24,Justin Tucker,baltimore_ravens,6.0,11.96,6.0,6.0,54,1,3,33.3,0,0,0,0,1,2024-11-17,1:00PM,Acrisure Stadium,Pittsburgh,PA,40.4468,-80.0158,Outdoor,Grass,730.0,2001.0,,,,,
2024,11,25,Blake Grupe,new_orleans_saints,5.0,3.5,5.0,5.0,0,0,0,0.0,0,0,0,0,0,2024-11-17,1:00PM,Caesars Superdome,New Orleans,LA,29.9509,-90.0815,Indoor,Turf,3.0,1975.0,,,,,
2024,11,26,Joshua Karty,los_angeles_rams,4.0,3.0,4.0,4.0,0,0,1,0.0,0,0,0,0,0,2024-11-17,1:00PM,Gillette Stadium,Foxborough,MA,42.0909,-71.2643,Outdoor,Turf,289.0,2002.0,,,,,
2024,11,27,Spencer Shrader,indianapolis_colts,3.0,2.1,3.0,3.0,0,0,0,0.0,0,0,0,0,0,2024-11-17,1:00PM,MetLife Stadium,East Rutherford,NJ,40.8136,-74.0744,Outdoor,Turf,3.0,2010.0,,,,,
2024,11,28,Spencer Shrader,kansas_city_chiefs,3.0,2.1,3.0,3.0,0,0,0,0.0,0,0,0,0,0,2024-11-17,4:25PM,Highmark Stadium,Orchard Park,NY,42.7738,-78.7868,Outdoor,Grass,600.0,1973.0,,,,,
2024,11,29,Spencer Shrader,new_york_jets,3.0,2.1,3.0,3.0,0,0,0,0.0,0,0,0,0,0,2024-11-17,1:00PM,MetLife Stadium,East Rutherford,NJ,40.8136,-74.0744,Outdoor,Turf,3.0,2010.0,,,,,
2024,11,30,Brandon Mcmanus,green_bay_packers,2.0,1.4,2.0,2.0,0,0,0,0.0,0,0,0,0,0,2024-11-17,1:00PM,Soldier Field,Chicago,IL,41.8623,-87.6167,Outdoor,Grass,595.0,1924.0,,,,,
2024,11,31,Dustin Hopkins,cleveland_browns,0.0,0.4,0.0,0.0,0,0,2,0.0,0,0,0,0,0,2024-11-17,1:00PM,Caesars Superdome,New Orleans,LA,29.9509,-90.0815,Indoor,Turf,3.0,1975.0,,,,,
2024,12,1,Wil Lutz,denver_broncos,22.0,38.9,22.0,22.0,54,5,5,100.0,0,0,2,1,2,2024-11-24,4:05PM,Allegiant Stadium,Las Vegas,NV,36.0908,-115.183,Indoor,Turf,2001.0,2020.0,,,,,
2024,12,2,Nick Folk,tennessee_titans,18.0,34.7,18.0,18.0,56,3,3,100.0,0,0,0,0,3,2024-11-24,1:00PM,NRG Stadium,Houston,TX,29.6847,-95.4107,Indoor,Turf,50.0,2002.0,,,,,
2024,12,3,Daniel Carlson,las_vegas_raiders,15.0,33.4,15.0,15.0,53,4,4,100.0,0,1,2,0,1,2024-11-24,4:05PM,Allegiant Stadium,Las Vegas,NV,36.0908,-115.183,Indoor,Turf,2001.0,2020.0,,,,,
2024,12,4,Cameron Dicker,los_angeles_chargers,16.0,33.3,16.0,16.0,52,3,3,100.0,0,0,0,1,2,2024-11-25,8:15PM,SoFi Stadium,Inglewood,CA,33.9535,-118.3392,Outdoor,Turf,100.0,2020.0,,,,,
2024,12,5,Eddy Pineiro,carolina_panthers,13.0,32.0,13.0,13.0,33,4,4,100.0,0,1,3,0,0,2024-11-24,1:00PM,Bank of America Stadium,Charlotte,NC,35.2258,-80.8528,Outdoor,Grass,748.0,1996.0,,,,,
2024,12,6,Parker Romo,unknown,13.0,31.4,13.0,13.0,40,3,3,100.0,0,2,0,1,0,,,,,,,,,,,,,,,,
2024,12,7,Jake Elliott,philadelphia_eagles,13.0,31.4,13.0,13.0,31,3,3,100.0,0,2,1,0,0,2024-11-24,8:20PM,SoFi Stadium,Inglewood,CA,33.9535,-118.3392,Outdoor,Turf,100.0,2020.0,,,,,
2024,12,8,Spencer Shrader,indianapolis_colts,13.0,31.3,13.0,13.0,41,3,3,100.0,0,1,1,1,0,2024-11-24,1:00PM,Lucas Oil Stadium,Indianapolis,IN,39.7601,-86.1639,Indoor,Turf,700.0,2008.0,,,,,
2024,12,9,Spencer Shrader,kansas_city_chiefs,13.0,31.3,13.0,13.0,41,3,3,100.0,0,1,1,1,0,2024-11-24,1:00PM,Bank of America Stadium,Charlotte,NC,35.2258,-80.8528,Outdoor,Grass,748.0,1996.0,,,,,
2024,12,10,Spencer Shrader,new_york_jets,13.0,31.3,13.0,13.0,41,3,3,100.0,0,1,1,1,0,,,,,,,,,,,,,,,,
2024,12,11,Jason Sanders,miami_dolphins,12.0,29.9,12.0,12.0,51,2,2,100.0,0,1,0,0,1,2024-11-24,1:00PM,Hard Rock Stadium,Miami Gardens,FL,25.958,-80.238,Outdoor,Grass,7.0,1987.0,,,,,
2024,12,12,Brandon Mcmanus,green_bay_packers,10.0,27.7,10.0,10.0,51,1,1,100.0,0,0,0,0,1,2024-11-24,4:25PM,Lambeau Field,Green Bay,WI,44.5013,-88.0622,Outdoor,Grass,640.0,1957.0,,,,,
2024,12,13,Jake Bates,detroit_lions,8.0,26.3,8.0,8.0,56,1,1,100.0,0,0,0,0,1,2024-11-24,1:00PM,Lucas Oil Stadium,Indianapolis,IN,39.7601,-86.1639,Indoor,Turf,700.0,2008.0,,,,,
2024,12,14,Matt Gay,indianapolis_colts,6.0,25.8,6.0,6.0,29,2,2,100.0,0,2,0,0,0,2024-11-24,1:00PM,Lucas Oil Stadium,Indianapolis,IN,39.7601,-86.1639,Indoor,Turf,700.0,2008.0,,,,,
2024,12,15,Justin Tucker,baltimore_ravens,7.0,25.6,7.0,7.0,45,1,1,100.0,0,0,0,1,0,2024-11-25,8:15PM,SoFi Stadium,Inglewood,CA,33.9535,-118.3392,Outdoor,Turf,100.0,2020.0,,,,,
2024,12,16,Chase Mclaughlin,tampa_bay_buccaneers,6.0,25.0,6.0,6.0,23,1,1,100.0,0,1,0,0,0,2024-11-24,1:00PM,MetLife Stadium,East Rutherford,NJ,40.8136,-74.0744,Outdoor,Turf,3.0,2010.0,,,,,
2024,12,17,Jason Myers,seattle_seahawks,6.0,24.9,6.0,6.0,50,1,1,100.0,0,0,0,0,1,2024-11-24,4:25PM,Lumen Field,Seattle,WA,47.5952,-122.3316,Outdoor,Turf,20.0,2002.0,,,,,
2024,12,18,Jake Moody,san_francisco_49ers,5.0,24.2,5.0,5.0,48,1,1,100.0,0,0,0,1,0,2024-11-24,4:25PM,Lambeau Field,Green Bay,WI,44.5013,-88.0622,Outdoor,Grass,640.0,1957.0,,,,,
2024,12,19,Dustin Hopkins,cleveland_browns,4.0,23.5,4.0,4.0,34,1,1,100.0,0,0,1,0,0,2024-11-21,8:15PM,FirstEnergy Stadium,Cleveland,OH,41.5061,-81.6995,Outdoor,Grass,577.0,1999.0,,,,,
2024,12,20,Ka'Imi Fairbairn,houston_texans,11.0,22.74,11.0,11.0,54,2,3,66.7,0,1,0,0,1,2024-11-24,1:00PM,NRG Stadium,Houston,TX,29.6847,-95.4107,Indoor,Turf,50.0,2002.0,,,,,
2024,12,21,Cairo Santos,chicago_bears,9.0,21.24,9.0,9.0,49,2,3,66.7,0,0,0,2,0,2024-11-24,1:00PM,Soldier Field,Chicago,IL,41.8623,-87.6167,Outdoor,Grass,595.0,1924.0,,,,,
2024,12,22,Austin Seibert,washington_commanders,9.0,21.24,9.0,9.0,51,2,3,66.7,0,0,0,1,1,2024-11-24,1:00PM,FedExField,Landover,MD,38.9078,-76.8645,Outdoor,Grass,300.0,1997.0,,,,,
2024,12,23,Chris Boswell,pittsburgh_steelers,8.0,20.64,8.0,8.0,48,2,3,66.7,0,1,0,1,0,2024-11-21,8:15PM,FirstEnergy Stadium,Cleveland,OH,41.5061,-81.6995,Outdoor,Grass,577.0,1999.0,,,,,
2024,12,24,Brandon Aubrey,dallas_cowboys,12.0,20.2,12.0,12.0,48,2,4,50.0,0,0,0,2,0,2024-11-24,1:00PM,FedExField,Landover,MD,38.9078,-76.8645,Outdoor,Grass,300.0,1997.0,,,,,
2024,12,25,Chad Ryland,arizona_cardinals,6.0,19.24,6.0,6.0,35,2,3,66.7,0,1,1,0,0,2024-11-24,4:25PM,Lumen Field,Seattle,WA,47.5952,-122.3316,Outdoor,Turf,20.0,2002.0,,,,,
2024,12,26,Joshua Karty,los_angeles_rams,2.0,1.6,2.0,2.0,0,0,1,0.0,0,0,0,0,0,2024-11-24,8:20PM,SoFi Stadium,Inglewood,CA,33.9535,-118.3392,Outdoor,Turf,100.0,2020.0,,,,,
2024,12,27,Joey Slye,new_england_patriots,1.0,0.9,1.0,1.0,0,0,1,0.0,0,0,0,0,0,2024-11-24,1:00PM,Hard Rock Stadium,Miami Gardens,FL,25.958,-80.238,Outdoor,Grass,7.0,1987.0,,,,,
2024,12,28,Graham Gano,new_york_giants,1.0,0.7,1.0,1.0,0,0,0,0.0,0,0,0,0,0,2024-11-24,1:00PM,MetLife Stadium,East Rutherford,NJ,40.8136,-74.0744,Outdoor,Turf,3.0,2010.0,,,,,
2024,13,1,Chad Ryland,arizona_cardinals,17.0,32.46,17.0,17.0,40,5,6,83.3,0,2,2,1,0,2024-12-01,1:00PM,U.S. Bank Stadium,Minneapolis,MN,44.974,-93.2581,Indoor,Turf,840.0,2016.0,,,,,
2024,13,2,Brandon Mcmanus,green_bay_packers,13.0,31.3,13.0,13.0,46,3,3,100.0,0,1,1,1,0,2024-11-28,8:20PM,Lambeau Field,Green Bay,WI,44.5013,-88.0622,Outdoor,Grass,640.0,1957.0,,,,,
2024,13,3,Ka'Imi Fairbairn,houston_texans,13.0,31.3,13.0,13.0,53,3,3,100.0,0,1,1,0,1,2024-12-01,1:00PM,TIAA Bank Field,Jacksonville,FL,30.3239,-81.6373,Outdoor,Grass,16.0,1995.0,,,,,
2024,13,4,Cameron Dicker,los_angeles_chargers,12.0,30.5,12.0,12.0,51,3,3,100.0,0,0,1,1,1,2024-12-01,1:00PM,Mercedes-Benz Stadium,Atlanta,GA,33.755,-84.4008,Indoor,Turf,1050.0,2017.0,,,,,
2024,13,5,Chase Mclaughlin,tampa_bay_buccaneers,16.0,30.4,16.0,16.0,51,4,5,80.0,0,2,1,0,1,2024-12-01,4:05PM,Bank of America Stadium,Charlotte,NC,35.2258,-80.8528,Outdoor,Grass,748.0,1996.0,,,,,
2024,13,6,Wil Lutz,denver_broncos,11.0,29.2,11.0,11.0,36,2,2,100.0,0,1,1,0,0,2024-12-02,8:15PM,Empower Field at Mile High,Denver,CO,39.7439,-105.0201,Outdoor,Turf,5280.0,2001.0,,,,,
2024,13,7,Jason Myers,seattle_seahawks,11.0,29.1,11.0,11.0,54,2,2,100.0,0,0,0,1,1,2024-12-01,1:00PM,MetLife Stadium,East Rutherford,NJ,40.8136,-74.0744,Outdoor,Turf,3.0,2010.0,,,,,
2024,13,8,Matthew Wright,kansas_city_chiefs,14.0,28.9,14.0,14.0,42,4,5,80.0,0,1,2,1,0,2024-11-29,3:00PM,GEHA Field at Arrowhead Stadium,Kansas City,MO,39.049,-94.4839,Outdoor,Grass,1020.0,1972.0,,,,,
2024,13,9,Matthew Wright,san_francisco_49ers,14.0,28.9,14.0,14.0,42,4,5,80.0,0,1,2,1,0,2024-12-01,8:20PM,Highmark Stadium,Orchard Park,NY,42.7738,-78.7868,Outdoor,Grass,600.0,1973.0,,,,,
2024,13,10,Matthew Wright,tennessee_titans,14.0,28.9,14.0,14.0,42,4,5,80.0,0,1,2,1,0,2024-12-01,1:00PM,FedExField,Landover,MD,38.9078,-76.8645,Outdoor,Grass,300.0,1997.0,,,,,
2024,13,11,Chris Boswell,pittsburgh_steelers,16.0,28.5,16.0,16.0,50,3,4,75.0,0,0,2,0,1,2024-12-01,1:00PM,Paycor Stadium,Cincinnati,OH,39.0954,-84.516,Outdoor,Turf,482.0,2000.0,,,,,
2024,13,12,Graham Gano,new_york_giants,10.0,28.4,10.0,10.0,47,2,2,100.0,0,0,0,2,0,2024-11-28,4:30PM,AT&T Stadium,Arlington,TX,32.7473,-97.0945,Indoor,Turf,639.0,2009.0,,,,,
2024,13,13,Brandon Aubrey,dallas_cowboys,9.0,27.8,9.0,9.0,33,2,2,100.0,0,1,1,0,0,2024-11-28,4:30PM,AT&T Stadium,Arlington,TX,32.7473,-97.0945,Indoor,Turf,639.0,2009.0,,,,,
2024,13,14,Nick Folk,tennessee_titans,9.0,27.7,9.0,9.0,44,2,2,100.0,0,0,0,2,0,2024-12-01,1:00PM,FedExField,Landover,MD,38.9078,-76.8645,Outdoor,Grass,300.0,1997.0,,,,,
2024,13,15,Parker Romo,unknown,14.0,27.1,14.0,14.0,55,3,4,75.0,0,0,1,1,1,,,,,,,,,,,,,,,,
2024,13,16,Evan Mcpherson,cincinnati_bengals,8.0,26.3,8.0,8.0,38,1,1,100.0,0,0,1,0,0,2024-12-01,1:00PM,Paycor Stadium,Cincinnati,OH,39.0954,-84.516,Outdoor,Turf,482.0,2000.0,,,,,
2024,13,17,Jake Bates,detroit_lions,12.0,25.7,12.0,12.0,48,3,4,75.0,0,0,2,1,0,2024-11-28,12:30PM,Ford Field,Detroit,MI,42.34,-83.0456,Indoor,Turf,600.0,2002.0,,,,,
2024,13,18,Jake Elliott,philadelphia_eagles,6.0,24.9,6.0,6.0,35,1,1,100.0,0,0,1,0,0,2024-12-01,4:25PM,M&T Bank Stadium,Baltimore,MD,39.2779,-76.6227,Outdoor,Grass,10.0,1998.0,,,,,
2024,13,19,Matt Gay,indianapolis_colts,5.0,24.3,5.0,5.0,25,1,1,100.0,0,1,0,0,0,2024-12-01,1:00PM,Gillette Stadium,Foxborough,MA,42.0909,-71.2643,Outdoor,Turf,289.0,2002.0,,,,,
2024,13,20,Eddy Pineiro,carolina_panthers,12.0,23.1,12.0,12.0,47,3,5,60.0,0,2,0,1,0,2024-12-01,4:05PM,Bank of America Stadium,Charlotte,NC,35.2258,-80.8528,Outdoor,Grass,748.0,1996.0,,,,,
2024,13,21,Joey Slye,new_england_patriots,12.0,22.9,12.0,12.0,54,3,5,60.0,0,0,2,0,1,2024-12-01,1:00PM,Gillette Stadium,Foxborough,MA,42.0909,-71.2643,Outdoor,Turf,289.0,2002.0,,,,,
2024,13,22,Jason Sanders,miami_dolphins,3.0,22.8,3.0,3.0,33,1,1,100.0,0,0,1,0,0,2024-11-28,8:20PM,Lambeau Field,Green Bay,WI,44.5013,-88.0622,Outdoor,Grass,640.0,1957.0,,,,,
2024,13,23,Blake Grupe,new_orleans_saints,10.0,21.94,10.0,10.0,54,2,3,66.7,0,0,0,0,2,2024-12-01,4:05PM,Caesars Superdome,New Orleans,LA,29.9509,-90.0815,Indoor,Turf,3.0,1975.0,,,,,
2024,13,24,Younghoe Koo,atlanta_falcons,8.0,20.64,8.0,8.0,41,2,3,66.7,0,1,0,1,0,2024-12-01,1:00PM,Mercedes-Benz Stadium,Atlanta,GA,33.755,-84.4008,Indoor,Turf,1050.0,2017.0,,,,,
2024,13,25,Cam Little,jacksonville_jaguars,6.0,19.14,6.0,6.0,33,2,3,66.7,0,0,2,0,0,2024-12-01,1:00PM,TIAA Bank Field,Jacksonville,FL,30.3239,-81.6373,Outdoor,Grass,16.0,1995.0,,,,,
2024,13,26,Justin Tucker,baltimore_ravens,9.0,18.1,9.0,9.0,50,2,4,50.0,0,0,1,0,1,2024-12-01,4:25PM,M&T Bank Stadium,Baltimore,MD,39.2779,-76.6227,Outdoor,Grass,10.0,1998.0,,,,,
2024,13,27,Dustin Hopkins,cleveland_browns,7.0,15.8,7.0,7.0,45,1,2,50.0,0,0,0,1,0,2024-12-02,8:15PM,Empower Field at Mile High,Denver,CO,39.7439,-105.0201,Outdoor,Turf,5280.0,2001.0,,,,,
2024,13,28,Jake Moody,san_francisco_49ers,4.0,10.56,4.0,4.0,33,1,3,33.3,0,0,1,0,0,2024-12-01,8:20PM,Highmark Stadium,Orchard Park,NY,42.7738,-78.7868,Outdoor,Grass,600.0,1973.0,,,,,
2024,13,29,Daniel Carlson,las_vegas_raiders,5.0,9.9,5.0,5.0,27,1,4,25.0,0,1,0,0,0,2024-11-29,3:00PM,GEHA Field at Arrowhead Stadium,Kansas City,MO,39.049,-94.4839,Outdoor,Grass,1020.0,1972.0,,,,,
2024,13,30,Zane Gonzalez,washington_commanders,6.0,4.6,6.0,6.0,0,0,2,0.0,0,0,0,0,0,2024-12-01,1:00PM,FedExField,Landover,MD,38.9078,-76.8645,Outdoor,Grass,300.0,1997.0,,,,,
2024,13,31,Tyler Bass,buffalo_bills,5.0,3.7,5.0,5.0,0,0,1,0.0,0,0,0,0,0,2024-12-01,8:20PM,Highmark Stadium,Orchard Park,NY,42.7738,-78.7868,Outdoor,Grass,600.0,1973.0,,,,,
2024,13,32,Joshua Karty,los_angeles_rams,3.0,2.1,3.0,3.0,0,0,0,0.0,0,0,0,0,0,2024-12-01,4:05PM,Caesars Superdome,New Orleans,LA,29.9509,-90.0815,Indoor,Turf,3.0,1975.0,,,,,
2024,13,33,Cairo Santos,chicago_bears,2.0,1.4,2.0,2.0,0,0,0,0.0,0,0,0,0,0,2024-11-28,12:30PM,Ford Field,Detroit,MI,42.34,-83.0456,Indoor,Turf,600.0,2002.0,,,,,
2024,13,34,Anders Carlson,new_york_jets,1.0,0.7,1.0,1.0,0,0,0,0.0,0,0,0,0,0,2024-12-01,1:00PM,MetLife Stadium,East Rutherford,NJ,40.8136,-74.0744,Outdoor,Turf,3.0,2010.0,,,,,
2024,13,35,Anders Carlson,san_francisco_49ers,1.0,0.7,1.0,1.0,0,0,0,0.0,0,0,0,0,0,2024-12-01,8:20PM,Highmark Stadium,Orchard Park,NY,42.7738,-78.7868,Outdoor,Grass,600.0,1973.0,,,,,
2024,14,1,Jason Sanders,miami_dolphins,16.0,34.1,16.0,16.0,57,4,4,100.0,0,1,1,0,2,2024-12-08,1:00PM,Hard Rock Stadium,Miami Gardens,FL,25.958,-80.238,Outdoor,Grass,7.0,1987.0,,,,,
2024,14,2,Anders Carlson,new_york_jets,16.0,34.1,16.0,16.0,42,4,4,100.0,0,1,1,2,0,2024-12-08,1:00PM,Hard Rock Stadium,Miami Gardens,FL,25.958,-80.238,Outdoor,Grass,7.0,1987.0,,,,,
2024,14,3,Anders Carlson,san_francisco_49ers,16.0,34.1,16.0,16.0,42,4,4,100.0,0,1,1,2,0,2024-12-08,4:25PM,Levi's Stadium,Santa Clara,CA,37.403,-121.9692,Outdoor,Grass,13.0,2014.0,,,,,
2024,14,4,Matthew Wright,kansas_city_chiefs,16.0,34.0,16.0,16.0,50,4,4,100.0,0,0,2,1,1,2024-12-08,8:20PM,GEHA Field at Arrowhead Stadium,Kansas City,MO,39.049,-94.4839,Outdoor,Grass,1020.0,1972.0,,,,,
2024,14,5,Matthew Wright,san_francisco_49ers,16.0,34.0,16.0,16.0,50,4,4,100.0,0,0,2,1,1,2024-12-08,4:25PM,Levi's Stadium,Santa Clara,CA,37.403,-121.9692,Outdoor,Grass,13.0,2014.0,,,,,
2024,14,6,Matthew Wright,tennessee_titans,16.0,34.0,16.0,16.0,50,4,4,100.0,0,0,2,1,1,2024-12-08,1:00PM,Nissan Stadium,Nashville,TN,36.1665,-86.7713,Outdoor,Grass,476.0,1999.0,,,,,
2024,14,7,Jason Myers,seattle_seahawks,12.0,30.6,12.0,12.0,36,3,3,100.0,0,1,2,0,0,2024-12-08,4:05PM,State Farm Stadium,Glendale,AZ,33.5275,-112.2625,Indoor,Turf,1070.0,2006.0,,,,,
2024,14,8,Chris Boswell,pittsburgh_steelers,11.0,29.1,11.0,11.0,54,2,2,100.0,0,0,1,0,1,2024-12-08,1:00PM,Acrisure Stadium,Pittsburgh,PA,40.4468,-80.0158,Outdoor,Grass,730.0,2001.0,,,,,
2024,14,9,Jake Bates,detroit_lions,11.0,29.1,11.0,11.0,43,2,2,100.0,0,0,1,1,0,2024-12-05,8:15PM,Ford Field,Detroit,MI,42.34,-83.0456,Indoor,Turf,600.0,2002.0,,,,,
2024,14,10,Cade York,cincinnati_bengals,9.0,27.8,9.0,9.0,37,2,2,100.0,0,1,1,0,0,2024-12-09,8:15PM,AT&T Stadium,Arlington,TX,32.7473,-97.0945,Indoor,Turf,639.0,2009.0,,,,,
2024,14,11,Cade York,washington_commanders,9.0,27.8,9.0,9.0,37,2,2,100.0,0,1,1,0,0,,,,,,,,,,,,,,,,
2024,14,12,Brandon Aubrey,dallas_cowboys,9.0,27.7,9.0,9.0,47,2,2,100.0,0,0,1,1,0,2024-12-09,8:15PM,AT&T Stadium,Arlington,TX,32.7473,-97.0945,Indoor,Turf,639.0,2009.0,,,,,
2024,14,13,Younghoe Koo,atlanta_falcons,7.0,26.5,7.0,7.0,29,2,2,100.0,0,2,0,0,0,2024-12-08,1:00PM,U.S. Bank Stadium,Minneapolis,MN,44.974,-93.2581,Indoor,Turf,840.0,2016.0,,,,,
2024,14,14,Daniel Carlson,las_vegas_raiders,7.0,26.5,7.0,7.0,27,2,2,100.0,0,2,0,0,0,2024-12-08,1:00PM,Raymond James Stadium,Tampa,FL,27.9759,-82.5033,Outdoor,Grass,26.0,1998.0,,,,,
2024,14,15,Jake Moody,san_francisco_49ers,8.0,26.4,8.0,8.0,23,1,1,100.0,0,1,0,0,0,2024-12-08,4:25PM,Levi's Stadium,Santa Clara,CA,37.403,-121.9692,Outdoor,Grass,13.0,2014.0,,,,,
2024,14,16,Joshua Karty,los_angeles_rams,8.0,26.4,8.0,8.0,22,1,1,100.0,0,1,0,0,0,2024-12-08,4:25PM,SoFi Stadium,Inglewood,CA,33.9535,-118.3392,Outdoor,Turf,100.0,2020.0,,,,,
2024,14,17,Nick Folk,tennessee_titans,7.0,26.3,7.0,7.0,46,2,2,100.0,0,0,1,1,0,2024-12-08,1:00PM,Nissan Stadium,Nashville,TN,36.1665,-86.7713,Outdoor,Grass,476.0,1999.0,,,,,
2024,14,18,Brandon Mcmanus,green_bay_packers,7.0,25.6,7.0,7.0,32,1,1,100.0,0,0,1,0,0,2024-12-05,8:15PM,Ford Field,Detroit,MI,42.34,-83.0456,Indoor,Turf,600.0,2002.0,,,,,
2024,14,19,Cameron Dicker,los_angeles_chargers,5.0,24.2,5.0,5.0,37,1,1,100.0,0,0,1,0,0,2024-12-08,8:20PM,GEHA Field at Arrowhead Stadium,Kansas City,MO,39.049,-94.4839,Outdoor,Grass,1020.0,1972.0,,,,,
2024,14,20,Cam Little,jacksonville_jaguars,4.0,23.6,4.0,4.0,23,1,1,100.0,0,1,0,0,0,2024-12-08,1:00PM,Nissan Stadium,Nashville,TN,36.1665,-86.7713,Outdoor,Grass,476.0,1999.0,,,,,
2024,14,21,Eddy Pineiro,carolina_panthers,4.0,23.5,4.0,4.0,38,1,1,100.0,0,0,1,0,0,2024-12-08,1:00PM,Lincoln Financial Field,Philadelphia,PA,39.9008,-75.1675,Outdoor,Grass,30.0,2003.0,,,,,
2024,14,22,Chad Ryland,arizona_cardinals,4.0,13.8,4.0,4.0,28,1,2,50.0,0,1,0,0,0,2024-12-08,4:05PM,State Farm Stadium,Glendale,AZ,33.5275,-112.2625,Indoor,Turf,1070.0,2006.0,,,,,
2024,14,23,Graham Gano,new_york_giants,4.0,13.7,4.0,4.0,48,1,2,50.0,0,0,0,1,0,2024-12-08,1:00PM,MetLife Stadium,East Rutherford,NJ,40.8136,-74.0744,Outdoor,Turf,3.0,2010.0,,,,,
2024,14,24,Will Reichard,minnesota_vikings,6.0,4.4,6.0,6.0,39,0,1,0.0,0,0,0,0,0,2024-12-08,1:00PM,U.S. Bank Stadium,Minneapolis,MN,44.974,-93.2581,Indoor,Turf,840.0,2016.0,,,,,
2024,14,25,Tyler Bass,buffalo_bills,6.0,4.2,6.0,6.0,0,0,0,0.0,0,0,0,0,0,2024-12-08,4:25PM,SoFi Stadium,Inglewood,CA,33.9535,-118.3392,Outdoor,Turf,100.0,2020.0,,,,,
2024,14,26,Chase Mclaughlin,tampa_bay_buccaneers,4.0,2.8,4.0,4.0,0,0,0,0.0,0,0,0,0,0,2024-12-08,1:00PM,Raymond James Stadium,Tampa,FL,27.9759,-82.5033,Outdoor,Grass,26.0,1998.0,,,,,
2024,14,27,Dustin Hopkins,cleveland_browns,2.0,1.8,2.0,2.0,0,0,2,0.0,0,0,0,0,0,2024-12-08,1:00PM,Acrisure Stadium,Pittsburgh,PA,40.4468,-80.0158,Outdoor,Grass,730.0,2001.0,,,,,
2024,14,28,Blake Grupe,new_orleans_saints,2.0,1.8,2.0,2.0,0,0,2,0.0,0,0,0,0,0,2024-12-08,1:00PM,MetLife Stadium,East Rutherford,NJ,40.8136,-74.0744,Outdoor,Turf,3.0,2010.0,,,,,
2024,14,29,Jake Elliott,philadelphia_eagles,2.0,1.6,2.0,2.0,0,0,1,0.0,0,0,0,0,0,2024-12-08,1:00PM,Lincoln Financial Field,Philadelphia,PA,39.9008,-75.1675,Outdoor,Grass,30.0,2003.0,,,,,
2024,14,30,Cairo Santos,chicago_bears,1.0,0.7,1.0,1.0,0,0,0,0.0,0,0,0,0,0,2024-12-08,4:25PM,Levi's Stadium,Santa Clara,CA,37.403,-121.9692,Outdoor,Grass,13.0,2014.0,,,,,
2024,14,31,Jack Browning,tampa_bay_buccaneers,0.0,0.0,0.0,0.0,0,0,0,0.0,0,0,0,0,0,2024-12-08,1:00PM,Raymond James Stadium,Tampa,FL,27.9759,-82.5033,Outdoor,Grass,26.0,1998.0,,,,,
2024,15,1,Chase Mclaughlin,tampa_bay_buccaneers,18.0,35.5,18.0,18.0,43,4,4,100.0,0,1,1,2,0,2024-12-15,4:25PM,SoFi Stadium,Inglewood,CA,33.9535,-118.3392,Outdoor,Turf,100.0,2020.0,,,,,
2024,15,2,Cam Little,jacksonville_jaguars,15.0,33.5,15.0,15.0,43,4,4,100.0,0,2,0,2,0,2024-12-15,1:00PM,TIAA Bank Field,Jacksonville,FL,30.3239,-81.6373,Outdoor,Grass,16.0,1995.0,,,,,
2024,15,3,Will Reichard,minnesota_vikings,15.0,32.6,15.0,15.0,52,3,3,100.0,0,0,1,1,1,2024-12-16,8:00PM,U.S. Bank Stadium,Minneapolis,MN,44.974,-93.2581,Indoor,Turf,840.0,2016.0,,,,,
2024,15,4,Joshua Karty,los_angeles_rams,13.0,32.2,13.0,13.0,48,4,4,100.0,0,3,0,1,0,2024-12-12,8:15PM,Levi's Stadium,Santa Clara,CA,37.403,-121.9692,Outdoor,Grass,13.0,2014.0,,,,,
2024,15,5,Chad Ryland,arizona_cardinals,14.0,31.9,14.0,14.0,49,3,3,100.0,0,0,1,2,0,2024-12-15,4:25PM,State Farm Stadium,Glendale,AZ,33.5275,-112.2625,Indoor,Turf,1070.0,2006.0,,,,,
2024,15,6,Brandon Mcmanus,green_bay_packers,12.0,30.7,12.0,12.0,39,3,3,100.0,0,2,1,0,0,2024-12-15,8:20PM,Lumen Field,Seattle,WA,47.5952,-122.3316,Outdoor,Turf,20.0,2002.0,,,,,
2024,15,7,Brandon Aubrey,dallas_cowboys,16.0,28.5,16.0,16.0,52,3,4,75.0,0,0,0,2,1,2024-12-15,1:00PM,Bank of America Stadium,Charlotte,NC,35.2258,-80.8528,Outdoor,Grass,748.0,1996.0,,,,,
2024,15,8,Blake Grupe,new_orleans_saints,10.0,28.4,10.0,10.0,51,2,2,100.0,0,0,0,1,1,2024-12-15,1:00PM,Caesars Superdome,New Orleans,LA,29.9509,-90.0815,Indoor,Turf,3.0,1975.0,,,,,
2024,15,9,Jake Elliott,philadelphia_eagles,10.0,28.4,10.0,10.0,41,2,2,100.0,0,0,1,1,0,2024-12-15,4:25PM,Lincoln Financial Field,Philadelphia,PA,39.9008,-75.1675,Outdoor,Grass,30.0,2003.0,,,,,
2024,15,10,Ka'Imi Fairbairn,houston_texans,9.0,27.8,9.0,9.0,44,2,2,100.0,0,1,0,1,0,2024-12-15,1:00PM,NRG Stadium,Houston,TX,29.6847,-95.4107,Indoor,Turf,50.0,2002.0,,,,,
2024,15,11,Jake Moody,san_francisco_49ers,9.0,27.7,9.0,9.0,53,2,2,100.0,0,0,0,1,1,2024-12-12,8:15PM,Levi's Stadium,Santa Clara,CA,37.403,-121.9692,Outdoor,Grass,13.0,2014.0,,,,,
2024,15,12,Jason Myers,seattle_seahawks,9.0,27.7,9.0,9.0,48,2,2,100.0,0,0,0,2,0,2024-12-15,8:20PM,Lumen Field,Seattle,WA,47.5952,-122.3316,Outdoor,Turf,20.0,2002.0,,,,,
2024,15,13,Jason Sanders,miami_dolphins,8.0,27.0,8.0,8.0,55,2,2,100.0,0,0,1,0,1,2024-12-15,1:00PM,NRG Stadium,Houston,TX,29.6847,-95.4107,Indoor,Turf,50.0,2002.0,,,,,
2024,15,14,Matt Gay,indianapolis_colts,8.0,27.0,8.0,8.0,49,2,2,100.0,0,0,1,1,0,2024-12-15,4:25PM,Empower Field at Mile High,Denver,CO,39.7439,-105.0201,Outdoor,Turf,5280.0,2001.0,,,,,
2024,15,15,Chris Boswell,pittsburgh_steelers,8.0,27.0,8.0,8.0,49,2,2,100.0,0,0,1,1,0,2024-12-15,4:25PM,Lincoln Financial Field,Philadelphia,PA,39.9008,-75.1675,Outdoor,Grass,30.0,2003.0,,,,,
2024,15,16,Wil Lutz,denver_broncos,8.0,26.3,8.0,8.0,44,1,1,100.0,0,0,0,1,0,2024-12-15,4:25PM,Empower Field at Mile High,Denver,CO,39.7439,-105.0201,Outdoor,Turf,5280.0,2001.0,,,,,
2024,15,17,Cade York,cincinnati_bengals,7.0,25.7,7.0,7.0,21,1,1,100.0,0,1,0,0,0,2024-12-15,1:00PM,Nissan Stadium,Nashville,TN,36.1665,-86.7713,Outdoor,Grass,476.0,1999.0,,,,,
2024,15,18,Cade York,washington_commanders,7.0,25.7,7.0,7.0,21,1,1,100.0,0,1,0,0,0,2024-12-15,1:00PM,Caesars Superdome,New Orleans,LA,29.9509,-90.0815,Indoor,Turf,3.0,1975.0,,,,,
2024,15,19,Cairo Santos,chicago_bears,6.0,25.7,6.0,6.0,39,2,2,100.0,0,1,1,0,0,2024-12-16,8:00PM,U.S. Bank Stadium,Minneapolis,MN,44.974,-93.2581,Indoor,Turf,840.0,2016.0,,,,,
2024,15,20,Tyler Bass,buffalo_bills,15.0,25.44,15.0,15.0,50,2,3,66.7,0,0,0,1,1,2024-12-15,4:25PM,Ford Field,Detroit,MI,42.34,-83.0456,Indoor,Turf,600.0,2002.0,,,,,
2024,15,21,Cameron Dicker,los_angeles_chargers,6.0,24.9,6.0,6.0,41,1,1,100.0,0,0,0,1,0,2024-12-15,4:25PM,SoFi Stadium,Inglewood,CA,33.9535,-118.3392,Outdoor,Turf,100.0,2020.0,,,,,
2024,15,22,Daniel Carlson,las_vegas_raiders,5.0,24.2,5.0,5.0,52,1,1,100.0,0,0,0,0,1,2024-12-16,8:30PM,Allegiant Stadium,Las Vegas,NV,36.0908,-115.183,Indoor,Turf,2001.0,2020.0,,,,,
2024,15,23,Greg Joseph,detroit_lions,9.0,21.34,9.0,9.0,41,2,3,66.7,0,1,0,1,0,2024-12-15,4:25PM,Ford Field,Detroit,MI,42.34,-83.0456,Indoor,Turf,600.0,2002.0,,,,,
2024,15,24,Greg Joseph,new_york_giants,9.0,21.34,9.0,9.0,41,2,3,66.7,0,1,0,1,0,2024-12-15,1:00PM,MetLife Stadium,East Rutherford,NJ,40.8136,-74.0744,Outdoor,Turf,3.0,2010.0,,,,,
2024,15,25,Greg Joseph,new_york_jets,9.0,21.34,9.0,9.0,41,2,3,66.7,0,1,0,1,0,2024-12-15,1:00PM,TIAA Bank Field,Jacksonville,FL,30.3239,-81.6373,Outdoor,Grass,16.0,1995.0,,,,,
2024,15,26,Greg Joseph,washington_commanders,9.0,21.34,9.0,9.0,41,2,3,66.7,0,1,0,1,0,2024-12-15,1:00PM,Caesars Superdome,New Orleans,LA,29.9509,-90.0815,Indoor,Turf,3.0,1975.0,,,,,
2024,15,27,Younghoe Koo,atlanta_falcons,9.0,21.24,9.0,9.0,48,2,3,66.7,0,0,0,2,0,2024-12-16,8:30PM,Allegiant Stadium,Las Vegas,NV,36.0908,-115.183,Indoor,Turf,2001.0,2020.0,,,,,
2024,15,28,Anders Carlson,new_york_jets,7.0,15.8,7.0,7.0,43,1,2,50.0,0,0,0,1,0,2024-12-15,1:00PM,TIAA Bank Field,Jacksonville,FL,30.3239,-81.6373,Outdoor,Grass,16.0,1995.0,,,,,
2024,15,29,Anders Carlson,san_francisco_49ers,7.0,15.8,7.0,7.0,43,1,2,50.0,0,0,0,1,0,2024-12-12,8:15PM,Levi's Stadium,Santa Clara,CA,37.403,-121.9692,Outdoor,Grass,13.0,2014.0,,,,,
2024,15,30,Joey Slye,new_england_patriots,7.0,15.8,7.0,7.0,50,1,2,50.0,0,0,0,0,1,2024-12-15,4:25PM,State Farm Stadium,Glendale,AZ,33.5275,-112.2625,Indoor,Turf,1070.0,2006.0,,,,,
2024,15,31,Jake Bates,detroit_lions,6.0,4.4,6.0,6.0,0,0,1,0.0,0,0,0,0,0,2024-12-15,4:25PM,Ford Field,Detroit,MI,42.34,-83.0456,Indoor,Turf,600.0,2002.0,,,,,
2024,15,32,Justin Tucker,baltimore_ravens,5.0,3.5,5.0,5.0,0,0,0,0.0,0,0,0,0,0,2024-12-15,1:00PM,MetLife Stadium,East Rutherford,NJ,40.8136,-74.0744,Outdoor,Turf,3.0,2010.0,,,,,
2024,15,33,Harrison Butker,kansas_city_chiefs,3.0,2.3,3.0,3.0,0,0,1,0.0,0,0,0,0,0,2024-12-15,1:00PM,FirstEnergy Stadium,Cleveland,OH,41.5061,-81.6995,Outdoor,Grass,577.0,1999.0,,,,,
2024,15,34,Nick Folk,tennessee_titans,3.0,2.1,3.0,3.0,0,0,0,0.0,0,0,0,0,0,2024-12-15,1:00PM,Nissan Stadium,Nashville,TN,36.1665,-86.7713,Outdoor,Grass,476.0,1999.0,,,,,
2024,15,35,Eddy Pineiro,carolina_panthers,2.0,1.4,2.0,2.0,0,0,0,0.0,0,0,0,0,0,2024-12-15,1:00PM,Bank of America Stadium,Charlotte,NC,35.2258,-80.8528,Outdoor,Grass,748.0,1996.0,,,,,
2024,15,36,Graham Gano,new_york_giants,2.0,1.4,2.0,2.0,0,0,0,0.0,0,0,0,0,0,2024-12-15,1:00PM,MetLife Stadium,East Rutherford,NJ,40.8136,-74.0744,Outdoor,Turf,3.0,2010.0,,,,,
2024,15,37,Riley Patterson,atlanta_falcons,1.0,0.7,1.0,1.0,0,0,0,0.0,0,0,0,0,0,2024-12-16,8:30PM,Allegiant Stadium,Las Vegas,NV,36.0908,-115.183,Indoor,Turf,2001.0,2020.0,,,,,
2024,15,38,Riley Patterson,cleveland_browns,1.0,0.7,1.0,1.0,0,0,0,0.0,0,0,0,0,0,2024-12-15,1:00PM,FirstEnergy Stadium,Cleveland,OH,41.5061,-81.6995,Outdoor,Grass,577.0,1999.0,,,,,
2024,15,39,Riley Patterson,new_york_jets,1.0,0.7,1.0,1.0,0,0,0,0.0,0,0,0,0,0,2024-12-15,1:00PM,TIAA Bank Field,Jacksonville,FL,30.3239,-81.6373,Outdoor,Grass,16.0,1995.0,,,,,
2024,15,40,Jack Browning,tampa_bay_buccaneers,0.0,0.0,0.0,0.0,0,0,0,0.0,0,0,0,0,0,2024-12-15,4:25PM,SoFi Stadium,Inglewood,CA,33.9535,-118.3392,Outdoor,Turf,100.0,2020.0,,,,,
2024,16,1,Jason Sanders,miami_dolphins,21.0,38.2,21.0,21.0,54,5,5,100.0,0,0,2,2,1,2024-12-22,4:25PM,Hard Rock Stadium,Miami Gardens,FL,25.958,-80.238,Outdoor,Grass,7.0,1987.0,,,,,
2024,16,2,Brandon Aubrey,dallas_cowboys,21.0,37.5,21.0,21.0,58,4,4,100.0,0,0,0,1,3,2024-12-22,8:20PM,AT&T Stadium,Arlington,TX,32.7473,-97.0945,Indoor,Turf,639.0,2009.0,,,,,
2024,16,3,Chad Ryland,arizona_cardinals,15.0,32.6,15.0,15.0,58,3,3,100.0,0,0,1,1,1,2024-12-22,1:00PM,Bank of America Stadium,Charlotte,NC,35.2258,-80.8528,Outdoor,Grass,748.0,1996.0,,,,,
2024,16,4,Jake Elliott,philadelphia_eagles,19.0,32.4,19.0,19.0,50,4,5,80.0,0,1,0,2,1,2024-12-22,1:00PM,FedExField,Landover,MD,38.9078,-76.8645,Outdoor,Grass,300.0,1997.0,,,,,
2024,16,5,Brandon Mcmanus,green_bay_packers,13.0,30.5,13.0,13.0,55,2,2,100.0,0,0,0,1,1,2024-12-23,8:15PM,Lambeau Field,Green Bay,WI,44.5013,-88.0622,Outdoor,Grass,640.0,1957.0,,,,,
2024,16,6,Justin Tucker,baltimore_ravens,12.0,29.9,12.0,12.0,51,2,2,100.0,0,1,0,0,1,2024-12-21,4:30PM,M&T Bank Stadium,Baltimore,MD,39.2779,-76.6227,Outdoor,Grass,10.0,1998.0,,,,,
2024,16,7,Wil Lutz,denver_broncos,12.0,29.8,12.0,12.0,55,2,2,100.0,0,0,0,1,1,2024-12-19,8:15PM,SoFi Stadium,Inglewood,CA,33.9535,-118.3392,Outdoor,Turf,100.0,2020.0,,,,,
2024,16,8,Will Reichard,minnesota_vikings,12.0,29.8,12.0,12.0,52,2,2,100.0,0,0,0,1,1,2024-12-22,4:05PM,Lumen Field,Seattle,WA,47.5952,-122.3316,Outdoor,Turf,20.0,2002.0,,,,,
2024,16,9,Harrison Butker,kansas_city_chiefs,10.0,28.5,10.0,10.0,44,2,2,100.0,0,1,0,1,0,2024-12-21,1:00PM,GEHA Field at Arrowhead Stadium,Kansas City,MO,39.049,-94.4839,Outdoor,Grass,1020.0,1972.0,,,,,
2024,16,10,Cameron Dicker,los_angeles_chargers,10.0,28.4,10.0,10.0,57,2,2,100.0,0,0,1,0,1,2024-12-19,8:15PM,SoFi Stadium,Inglewood,CA,33.9535,-118.3392,Outdoor,Turf,100.0,2020.0,,,,,
2024,16,11,Joshua Karty,los_angeles_rams,8.0,27.0,8.0,8.0,45,2,2,100.0,0,0,1,1,0,2024-12-22,1:00PM,MetLife Stadium,East Rutherford,NJ,40.8136,-74.0744,Outdoor,Turf,3.0,2010.0,,,,,
2024,16,12,Tyler Bass,buffalo_bills,8.0,26.3,8.0,8.0,50,1,1,100.0,0,0,0,0,1,2024-12-22,4:25PM,Highmark Stadium,Orchard Park,NY,42.7738,-78.7868,Outdoor,Grass,600.0,1973.0,,,,,
2024,16,13,Ka'Imi Fairbairn,houston_texans,7.0,26.3,7.0,7.0,38,2,2,100.0,0,0,2,0,0,2024-12-21,1:00PM,GEHA Field at Arrowhead Stadium,Kansas City,MO,39.049,-94.4839,Outdoor,Grass,1020.0,1972.0,,,,,
2024,16,14,Chase Mclaughlin,tampa_bay_buccaneers,7.0,25.6,7.0,7.0,45,1,1,100.0,0,0,0,1,0,2024-12-22,8:20PM,AT&T Stadium,Arlington,TX,32.7473,-97.0945,Indoor,Turf,639.0,2009.0,,,,,
2024,16,15,Chris Boswell,pittsburgh_steelers,7.0,25.6,7.0,7.0,51,1,1,100.0,0,0,0,0,1,2024-12-21,4:30PM,M&T Bank Stadium,Baltimore,MD,39.2779,-76.6227,Outdoor,Grass,10.0,1998.0,,,,,
2024,16,16,Eddy Pineiro,carolina_panthers,6.0,25.0,6.0,6.0,29,1,1,100.0,0,1,0,0,0,2024-12-22,1:00PM,Bank of America Stadium,Charlotte,NC,35.2258,-80.8528,Outdoor,Grass,748.0,1996.0,,,,,
2024,16,17,Cairo Santos,chicago_bears,5.0,24.2,5.0,5.0,30,1,1,100.0,0,0,1,0,0,2024-12-22,1:00PM,Soldier Field,Chicago,IL,41.8623,-87.6167,Outdoor,Grass,595.0,1924.0,,,,,
2024,16,18,Riley Patterson,atlanta_falcons,12.0,23.34,12.0,12.0,52,2,3,66.7,0,0,1,0,1,2024-12-22,1:00PM,Mercedes-Benz Stadium,Atlanta,GA,33.755,-84.4008,Indoor,Turf,1050.0,2017.0,,,,,
2024,16,19,Riley Patterson,cleveland_browns,12.0,23.34,12.0,12.0,52,2,3,66.7,0,0,1,0,1,2024-12-22,1:00PM,Paycor Stadium,Cincinnati,OH,39.0954,-84.516,Outdoor,Turf,482.0,2000.0,,,,,
2024,16,20,Riley Patterson,new_york_jets,12.0,23.34,12.0,12.0,52,2,3,66.7,0,0,1,0,1,2024-12-22,1:00PM,MetLife Stadium,East Rutherford,NJ,40.8136,-74.0744,Outdoor,Turf,3.0,2010.0,,,,,
2024,16,21,Jake Bates,detroit_lions,10.0,21.94,10.0,10.0,34,2,3,66.7,0,0,2,0,0,2024-12-22,1:00PM,Soldier Field,Chicago,IL,41.8623,-87.6167,Outdoor,Grass,595.0,1924.0,,,,,
2024,16,22,Daniel Carlson,las_vegas_raiders,8.0,20.54,8.0,8.0,49,2,3,66.7,0,0,1,1,0,2024-12-22,4:25PM,Allegiant Stadium,Las Vegas,NV,36.0908,-115.183,Indoor,Turf,2001.0,2020.0,,,,,
2024,16,23,Matt Gay,indianapolis_colts,8.0,16.5,8.0,8.0,31,1,2,50.0,0,0,1,0,0,2024-12-22,1:00PM,Lucas Oil Stadium,Indianapolis,IN,39.7601,-86.1639,Indoor,Turf,700.0,2008.0,,,,,
2024,16,24,Cade York,cincinnati_bengals,8.0,16.5,8.0,8.0,59,1,2,50.0,0,0,0,0,1,2024-12-22,1:00PM,Paycor Stadium,Cincinnati,OH,39.0954,-84.516,Outdoor,Turf,482.0,2000.0,,,,,
2024,16,25,Cade York,washington_commanders,8.0,16.5,8.0,8.0,59,1,2,50.0,0,0,0,0,1,2024-12-22,1:00PM,FedExField,Landover,MD,38.9078,-76.8645,Outdoor,Grass,300.0,1997.0,,,,,
2024,16,26,Jason Myers,seattle_seahawks,7.0,15.8,7.0,7.0,43,1,2,50.0,0,0,0,1,0,2024-12-22,4:05PM,Lumen Field,Seattle,WA,47.5952,-122.3316,Outdoor,Turf,20.0,2002.0,,,,,
2024,16,27,Jake Moody,san_francisco_49ers,5.0,14.5,5.0,5.0,21,1,2,50.0,0,1,0,0,0,2024-12-22,4:25PM,Hard Rock Stadium,Miami Gardens,FL,25.958,-80.238,Outdoor,Grass,7.0,1987.0,,,,,
2024,16,28,Anders Carlson,new_york_jets,3.0,13.1,3.0,3.0,21,1,2,50.0,0,1,0,0,0,2024-12-22,1:00PM,MetLife Stadium,East Rutherford,NJ,40.8136,-74.0744,Outdoor,Turf,3.0,2010.0,,,,,
2024,16,29,Anders Carlson,san_francisco_49ers,3.0,13.1,3.0,3.0,21,1,2,50.0,0,1,0,0,0,2024-12-22,4:25PM,Hard Rock Stadium,Miami Gardens,FL,25.958,-80.238,Outdoor,Grass,7.0,1987.0,,,,,
2024,16,30,Zane Gonzalez,washington_commanders,4.0,2.8,4.0,4.0,0,0,0,0.0,0,0,0,0,0,2024-12-22,1:00PM,FedExField,Landover,MD,38.9078,-76.8645,Outdoor,Grass,300.0,1997.0,,,,,
2024,16,31,Joey Slye,new_england_patriots,3.0,2.1,3.0,3.0,0,0,0,0.0,0,0,0,0,0,2024-12-22,4:25PM,Highmark Stadium,Orchard Park,NY,42.7738,-78.7868,Outdoor,Grass,600.0,1973.0,,,,,
2024,16,32,Brayden Narveson,green_bay_packers,2.0,1.6,2.0,2.0,0,0,1,0.0,0,0,0,0,0,2024-12-23,8:15PM,Lambeau Field,Green Bay,WI,44.5013,-88.0622,Outdoor,Grass,640.0,1957.0,,,,,
2024,16,33,Brayden Narveson,tennessee_titans,2.0,1.6,2.0,2.0,0,0,1,0.0,0,0,0,0,0,2024-12-22,1:00PM,Lucas Oil Stadium,Indianapolis,IN,39.7601,-86.1639,Indoor,Turf,700.0,2008.0,,,,,
2024,16,34,Cam Little,jacksonville_jaguars,2.0,1.4,2.0,2.0,0,0,0,0.0,0,0,0,0,0,2024-12-22,4:25PM,Allegiant Stadium,Las Vegas,NV,36.0908,-115.183,Indoor,Turf,2001.0,2020.0,,,,,
2024,16,35,Graham Gano,new_york_giants,1.0,0.7,1.0,1.0,0,0,0,0.0,0,0,0,0,0,2024-12-22,1:00PM,Mercedes-Benz Stadium,Atlanta,GA,33.755,-84.4008,Indoor,Turf,1050.0,2017.0,,,,,
2024,16,36,Jack Browning,tampa_bay_buccaneers,0.0,0.0,0.0,0.0,0,0,0,0.0,0,0,0,0,0,2024-12-22,8:20PM,AT&T Stadium,Arlington,TX,32.7473,-97.0945,Indoor,Turf,639.0,2009.0,,,,,
2024,16,37,Blake Grupe,new_orleans_saints,0.0,0.0,0.0,0.0,0,0,0,0.0,0,0,0,0,0,2024-12-23,8:15PM,Lambeau Field,Green Bay,WI,44.5013,-88.0622,Outdoor,Grass,640.0,1957.0,,,,,
2024,16,38,Dustin Hopkins,cleveland_browns,0.0,0.0,0.0,0.0,0,0,0,0.0,0,0,0,0,0,2024-12-22,1:00PM,Paycor Stadium,Cincinnati,OH,39.0954,-84.516,Outdoor,Turf,482.0,2000.0,,,,,
2024,17,1,Cameron Dicker,los_angeles_chargers,17.0,34.8,17.0,17.0,41,4,4,100.0,0,1,2,1,0,2024-12-28,1:00PM,Gillette Stadium,Foxborough,MA,42.0909,-71.2643,Outdoor,Turf,289.0,2002.0,,,,,
2024,17,2,Daniel Carlson,las_vegas_raiders,15.0,33.4,15.0,15.0,54,4,4,100.0,0,1,2,0,1,2024-12-29,1:00PM,Caesars Superdome,New Orleans,LA,29.9509,-90.0815,Indoor,Turf,3.0,1975.0,,,,,
2024,17,3,Chase Mclaughlin,tampa_bay_buccaneers,12.0,29.9,12.0,12.0,34,2,2,100.0,0,1,1,0,0,2024-12-29,1:00PM,Raymond James Stadium,Tampa,FL,27.9759,-82.5033,Outdoor,Grass,26.0,1998.0,,,,,
2024,17,4,Jake Elliott,philadelphia_eagles,11.0,29.2,11.0,11.0,31,2,2,100.0,0,1,1,0,0,2024-12-29,1:00PM,Lincoln Financial Field,Philadelphia,PA,39.9008,-75.1675,Outdoor,Grass,30.0,2003.0,,,,,
2024,17,5,Jake Bates,detroit_lions,11.0,29.1,11.0,11.0,57,2,2,100.0,0,0,0,1,1,2024-12-30,8:15PM,Levi's Stadium,Santa Clara,CA,37.403,-121.9692,Outdoor,Grass,13.0,2014.0,,,,,
2024,17,6,Jason Sanders,miami_dolphins,10.0,28.4,10.0,10.0,54,2,2,100.0,0,0,1,0,1,2024-12-29,4:05PM,FirstEnergy Stadium,Cleveland,OH,41.5061,-81.6995,Outdoor,Grass,577.0,1999.0,,,,,
2024,17,7,Cam Little,jacksonville_jaguars,10.0,28.4,10.0,10.0,48,2,2,100.0,0,0,0,2,0,2024-12-29,1:00PM,TIAA Bank Field,Jacksonville,FL,30.3239,-81.6373,Outdoor,Grass,16.0,1995.0,,,,,
2024,17,8,Joshua Karty,los_angeles_rams,9.0,27.8,9.0,9.0,53,2,2,100.0,0,1,0,0,1,2024-12-28,8:10PM,SoFi Stadium,Inglewood,CA,33.9535,-118.3392,Outdoor,Turf,100.0,2020.0,,,,,
2024,17,9,Jason Myers,seattle_seahawks,8.0,27.1,8.0,8.0,50,2,2,100.0,0,1,0,0,1,2024-12-26,8:15PM,Soldier Field,Chicago,IL,41.8623,-87.6167,Outdoor,Grass,595.0,1924.0,,,,,
2024,17,10,Justin Tucker,baltimore_ravens,9.0,27.0,9.0,9.0,52,1,1,100.0,0,0,0,0,1,2024-12-25,4:30PM,NRG Stadium,Houston,TX,29.6847,-95.4107,Indoor,Turf,50.0,2002.0,,,,,
2024,17,11,Graham Gano,new_york_giants,9.0,27.0,9.0,9.0,30,1,1,100.0,0,0,1,0,0,2024-12-29,1:00PM,MetLife Stadium,East Rutherford,NJ,40.8136,-74.0744,Outdoor,Turf,3.0,2010.0,,,,,
2024,17,12,Matthew Wright,kansas_city_chiefs,7.0,26.4,7.0,7.0,39,2,2,100.0,0,1,1,0,0,2024-12-25,1:00PM,Acrisure Stadium,Pittsburgh,PA,40.4468,-80.0158,Outdoor,Grass,730.0,2001.0,,,,,
2024,17,13,Matthew Wright,san_francisco_49ers,7.0,26.4,7.0,7.0,39,2,2,100.0,0,1,1,0,0,2024-12-30,8:15PM,Levi's Stadium,Santa Clara,CA,37.403,-121.9692,Outdoor,Grass,13.0,2014.0,,,,,
2024,17,14,Matthew Wright,tennessee_titans,7.0,26.4,7.0,7.0,39,2,2,100.0,0,1,1,0,0,2024-12-29,1:00PM,TIAA Bank Field,Jacksonville,FL,30.3239,-81.6373,Outdoor,Grass,16.0,1995.0,,,,,
2024,17,15,Tyler Bass,buffalo_bills,8.0,26.3,8.0,8.0,39,1,1,100.0,0,0,1,0,0,2024-12-29,1:00PM,Highmark Stadium,Orchard Park,NY,42.7738,-78.7868,Outdoor,Grass,600.0,1973.0,,,,,
2024,17,16,Zane Gonzalez,washington_commanders,6.0,24.9,6.0,6.0,31,1,1,100.0,0,0,1,0,0,2024-12-29,8:20PM,FedExField,Landover,MD,38.9078,-76.8645,Outdoor,Grass,300.0,1997.0,,,,,
2024,17,17,Wil Lutz,denver_broncos,6.0,24.9,6.0,6.0,30,1,1,100.0,0,0,1,0,0,2024-12-28,4:30PM,Paycor Stadium,Cincinnati,OH,39.0954,-84.516,Outdoor,Turf,482.0,2000.0,,,,,
2024,17,18,Brandon Mcmanus,green_bay_packers,5.0,24.3,5.0,5.0,22,1,1,100.0,0,1,0,0,0,2024-12-29,4:25PM,U.S. Bank Stadium,Minneapolis,MN,44.974,-93.2581,Indoor,Turf,840.0,2016.0,,,,,
2024,17,19,Harrison Butker,kansas_city_chiefs,5.0,24.2,5.0,5.0,32,1,1,100.0,0,0,1,0,0,2024-12-25,1:00PM,Acrisure Stadium,Pittsburgh,PA,40.4468,-80.0158,Outdoor,Grass,730.0,2001.0,,,,,
2024,17,20,Blake Grupe,new_orleans_saints,4.0,23.5,4.0,4.0,34,1,1,100.0,0,0,1,0,0,2024-12-29,1:00PM,Caesars Superdome,New Orleans,LA,29.9509,-90.0815,Indoor,Turf,3.0,1975.0,,,,,
2024,17,21,Chris Boswell,pittsburgh_steelers,4.0,23.5,4.0,4.0,36,1,1,100.0,0,0,1,0,0,2024-12-25,1:00PM,Acrisure Stadium,Pittsburgh,PA,40.4468,-80.0158,Outdoor,Grass,730.0,2001.0,,,,,
2024,17,22,Cairo Santos,chicago_bears,4.0,23.5,4.0,4.0,42,1,1,100.0,0,0,0,1,0,2024-12-26,8:15PM,Soldier Field,Chicago,IL,41.8623,-87.6167,Outdoor,Grass,595.0,1924.0,,,,,
2024,17,23,Dustin Hopkins,cleveland_browns,3.0,22.9,3.0,3.0,25,1,1,100.0,0,1,0,0,0,2024-12-29,4:05PM,FirstEnergy Stadium,Cleveland,OH,41.5061,-81.6995,Outdoor,Grass,577.0,1999.0,,,,,
2024,17,24,Chad Ryland,arizona_cardinals,3.0,22.9,3.0,3.0,28,1,1,100.0,0,1,0,0,0,2024-12-28,8:10PM,SoFi Stadium,Inglewood,CA,33.9535,-118.3392,Outdoor,Turf,100.0,2020.0,,,,,
2024,17,25,Matt Gay,indianapolis_colts,9.0,21.34,9.0,9.0,32,2,3,66.7,0,1,1,0,0,2024-12-29,1:00PM,MetLife Stadium,East Rutherford,NJ,40.8136,-74.0744,Outdoor,Turf,3.0,2010.0,,,,,
2024,17,26,Will Reichard,minnesota_vikings,11.0,19.6,11.0,11.0,50,2,4,50.0,0,1,0,0,1,2024-12-29,4:25PM,U.S. Bank Stadium,Minneapolis,MN,44.974,-93.2581,Indoor,Turf,840.0,2016.0,,,,,
2024,17,27,Cade York,cincinnati_bengals,6.0,15.2,6.0,6.0,22,1,2,50.0,0,1,0,0,0,2024-12-28,4:30PM,Paycor Stadium,Cincinnati,OH,39.0954,-84.516,Outdoor,Turf,482.0,2000.0,,,,,
2024,17,28,Cade York,washington_commanders,6.0,15.2,6.0,6.0,22,1,2,50.0,0,1,0,0,0,2024-12-29,8:20PM,FedExField,Landover,MD,38.9078,-76.8645,Outdoor,Grass,300.0,1997.0,,,,,
2024,17,29,Riley Patterson,atlanta_falcons,6.0,15.1,6.0,6.0,39,1,2,50.0,0,0,1,0,0,2024-12-29,8:20PM,FedExField,Landover,MD,38.9078,-76.8645,Outdoor,Grass,300.0,1997.0,,,,,
2024,17,30,Riley Patterson,cleveland_browns,6.0,15.1,6.0,6.0,39,1,2,50.0,0,0,1,0,0,2024-12-29,4:05PM,FirstEnergy Stadium,Cleveland,OH,41.5061,-81.6995,Outdoor,Grass,577.0,1999.0,,,,,
2024,17,31,Riley Patterson,new_york_jets,6.0,15.1,6.0,6.0,39,1,2,50.0,0,0,1,0,0,2024-12-29,1:00PM,Highmark Stadium,Orchard Park,NY,42.7738,-78.7868,Outdoor,Grass,600.0,1973.0,,,,,
2024,17,32,Jake Moody,san_francisco_49ers,4.0,3.2,4.0,4.0,0,0,2,0.0,0,0,0,0,0,2024-12-30,8:15PM,Levi's Stadium,Santa Clara,CA,37.403,-121.9692,Outdoor,Grass,13.0,2014.0,,,,,
2024,17,33,Eddy Pineiro,carolina_panthers,2.0,1.6,2.0,2.0,0,0,1,0.0,0,0,0,0,0,2024-12-29,1:00PM,Raymond James Stadium,Tampa,FL,27.9759,-82.5033,Outdoor,Grass,26.0,1998.0,,,,,
2024,17,34,Brandon Aubrey,dallas_cowboys,1.0,0.9,1.0,1.0,0,0,1,0.0,0,0,0,0,0,2024-12-29,1:00PM,Lincoln Financial Field,Philadelphia,PA,39.9008,-75.1675,Outdoor,Grass,30.0,2003.0,,,,,
2024,17,35,Joey Slye,new_england_patriots,1.0,0.7,1.0,1.0,0,0,0,0.0,0,0,0,0,0,2024-12-28,1:00PM,Gillette Stadium,Foxborough,MA,42.0909,-71.2643,Outdoor,Turf,289.0,2002.0,,,,,
2024,17,36,Jack Browning,tampa_bay_buccaneers,0.0,0.0,0.0,0.0,0,0,0,0.0,0,0,0,0,0,2024-12-29,1:00PM,Raymond James Stadium,Tampa,FL,27.9759,-82.5033,Outdoor,Grass,26.0,1998.0,,,,,
2024,17,37,Ka'Imi Fairbairn,houston_texans,0.0,0.0,0.0,0.0,0,0,0,0.0,0,0,0,0,0,2024-12-25,4:30PM,NRG Stadium,Houston,TX,29.6847,-95.4107,Indoor,Turf,50.0,2002.0,,,,,
2025,1,1,Spencer Shrader,indianapolis_colts,16.0,34.2,16.0,16.0,48,4,4,100.0,0,2,1,1,0,2025-09-07,1:00 PM,Lucas Oil Stadium,Indianapolis,IN,39.7601,-86.1639,Indoor,Turf,700.0,2008.0,,,,,
2025,1,2,Cam Little,jacksonville_jaguars,15.0,33.4,15.0,15.0,47,4,4,100.0,0,1,2,1,0,2025-09-07,1:00 PM,TIAA Bank Field,Jacksonville,FL,30.3239,-81.6373,Outdoor,Grass,16.0,1995.0,,,,,
2025,1,3,Joey Slye,tennessee_titans,15.0,33.3,15.0,15.0,50,4,4,100.0,0,0,2,1,1,2025-09-07,4:05 PM,Empower Field at Mile High,Denver,CO,39.7439,-105.0201,Outdoor,Turf,5280.0,2001.0,,,,,
2025,1,4,Ka'Imi Fairbairn,houston_texans,14.0,31.9,14.0,14.0,53,3,3,100.0,0,0,0,1,2,2025-09-07,4:25 PM,SoFi Stadium,Inglewood,CA,33.9535,-118.3392,Outdoor,Turf,100.0,2020.0,,,,,
2025,1,5,Chris Boswell,pittsburgh_steelers,14.0,31.2,14.0,14.0,60,2,2,100.0,0,0,0,0,2,2025-09-07,1:00 PM,MetLife Stadium,East Rutherford,NJ,40.8136,-74.0744,Outdoor,Turf,3.0,2010.0,,,,,
2025,1,6,Matt Prater,buffalo_bills,12.0,30.6,12.0,12.0,43,3,3,100.0,0,1,1,1,0,2025-09-07,8:20 PM,Highmark Stadium,Orchard Park,NY,42.7738,-78.7868,Outdoor,Grass,600.0,1973.0,,,,,
2025,1,7,Tyler Loop,baltimore_ravens,13.0,30.5,13.0,13.0,52,2,2,100.0,0,0,0,1,1,2025-09-07,8:20 PM,Highmark Stadium,Orchard Park,NY,42.7738,-78.7868,Outdoor,Grass,600.0,1973.0,,,,,
2025,1,8,Harrison Butker,kansas_city_chiefs,11.0,29.9,11.0,11.0,59,3,3,100.0,0,1,1,0,1,2025-09-05,8:00 PM,SoFi Stadium,Inglewood,CA,33.9535,-118.3392,Outdoor,Turf,100.0,2020.0,,,,,
2025,1,9,Brandon Aubrey,dallas_cowboys,11.0,29.1,11.0,11.0,53,2,2,100.0,0,0,0,1,1,2025-09-04,8:20 PM,Lincoln Financial Field,Philadelphia,PA,39.9008,-75.1675,Outdoor,Grass,30.0,2003.0,,,,,
2025,1,10,Nick Folk,new_york_jets,10.0,28.4,10.0,10.0,51,2,2,100.0,0,0,1,0,1,2025-09-07,1:00 PM,MetLife Stadium,East Rutherford,NJ,40.8136,-74.0744,Outdoor,Turf,3.0,2010.0,,,,,
2025,1,11,Will Reichard,minnesota_vikings,9.0,27.7,9.0,9.0,59,2,2,100.0,0,0,1,0,1,2025-09-8,8:15 PM,Soldier Field,Chicago,IL,41.8623,-87.6167,Outdoor,Grass,595.0,1924.0,,,,,
2025,1,12,Cameron Dicker,los_angeles_chargers,9.0,27.7,9.0,9.0,39,2,2,100.0,0,0,2,0,0,2025-09-05,8:00 PM,SoFi Stadium,Inglewood,CA,33.9535,-118.3392,Outdoor,Turf,100.0,2020.0,,,,,
2025,1,13,Brandon Mcmanus,green_bay_packers,9.0,27.7,9.0,9.0,38,2,2,100.0,0,0,2,0,0,2025-09-07,4:25 PM,Lambeau Field,Green Bay,WI,44.5013,-88.0622,Outdoor,Grass,640.0,1957.0,,,,,
2025,1,14,Graham Gano,new_york_giants,8.0,27.1,8.0,8.0,55,2,2,100.0,0,1,0,0,1,2025-09-07,1:00 PM,FedExField,Landover,MD,38.9078,-76.8645,Outdoor,Grass,300.0,1997.0,,,,,
2025,1,15,Jason Myers,seattle_seahawks,8.0,27.0,8.0,8.0,48,2,2,100.0,0,0,1,1,0,2025-09-07,4:05 PM,Lumen Field,Seattle,WA,47.5952,-122.3316,Outdoor,Turf,20.0,2002.0,,,,,
2025,1,16,Wil Lutz,denver_broncos,8.0,27.0,8.0,8.0,39,2,2,100.0,0,0,2,0,0,2025-09-07,4:05 PM,Empower Field at Mile High,Denver,CO,39.7439,-105.0201,Outdoor,Turf,5280.0,2001.0,,,,,
2025,1,17,Jake Bates,detroit_lions,7.0,26.4,7.0,7.0,30,2,2,100.0,0,1,1,0,0,2025-09-07,4:25 PM,Lambeau Field,Green Bay,WI,44.5013,-88.0622,Outdoor,Grass,640.0,1957.0,,,,,
2025,1,18,Jake Elliott,philadelphia_eagles,8.0,26.3,8.0,8.0,58,1,1,100.0,0,0,0,0,1,2025-09-04,8:20 PM,Lincoln Financial Field,Philadelphia,PA,39.9008,-75.1675,Outdoor,Grass,30.0,2003.0,,,,,
2025,1,19,Ryan Fitzgerald,carolina_panthers,5.0,24.2,5.0,5.0,48,1,1,100.0,0,0,0,1,0,2025-09-07,1:00 PM,TIAA Bank Field,Jacksonville,FL,30.3239,-81.6373,Outdoor,Grass,16.0,1995.0,,,,,
2025,1,20,Evan Mcpherson,cincinnati_bengals,5.0,24.2,5.0,5.0,35,1,1,100.0,0,0,1,0,0,2025-09-07,1:00 PM,FirstEnergy Stadium,Cleveland,OH,41.5061,-81.6995,Outdoor,Grass,577.0,1999.0,,,,,
2025,1,21,Chad Ryland,arizona_cardinals,11.0,22.64,11.0,11.0,50,2,3,66.7,0,0,0,1,1,2025-09-07,1:00 PM,Caesars Superdome,New Orleans,LA,29.9509,-90.0815,Indoor,Turf,3.0,1975.0,,,,,
2025,1,22,Daniel Carlson,las_vegas_raiders,11.0,22.64,11.0,11.0,51,2,3,66.7,0,0,0,1,1,2025-09-07,1:00 PM,Gillette Stadium,Foxborough,MA,42.0909,-71.2643,Outdoor,Turf,289.0,2002.0,,,,,
2025,1,23,Younghoe Koo,atlanta_falcons,9.0,21.24,9.0,9.0,41,2,3,66.7,0,0,1,1,0,2025-09-07,1:00 PM,Mercedes-Benz Stadium,Atlanta,GA,33.755,-84.4008,Indoor,Turf,1050.0,2017.0,,,,,
2025,1,24,Andy Borregales,new_england_patriots,8.0,20.54,8.0,8.0,44,2,3,66.7,0,0,1,1,0,2025-09-07,1:00 PM,Gillette Stadium,Foxborough,MA,42.0909,-71.2643,Outdoor,Turf,289.0,2002.0,,,,,
2025,1,25,Blake Grupe,new_orleans_saints,7.0,19.94,7.0,7.0,36,2,3,66.7,0,1,1,0,0,2025-09-07,1:00 PM,Caesars Superdome,New Orleans,LA,29.9509,-90.0815,Indoor,Turf,3.0,1975.0,,,,,
2025,1,26,Cairo Santos,chicago_bears,7.0,15.8,7.0,7.0,42,1,2,50.0,0,0,0,1,0,2025-09-8,8:15 PM,Soldier Field,Chicago,IL,41.8623,-87.6167,Outdoor,Grass,595.0,1924.0,,,,,
2025,1,27,Chase Mclaughlin,tampa_bay_buccaneers,6.0,15.1,6.0,6.0,48,1,2,50.0,0,0,0,1,0,2025-09-07,1:00 PM,Mercedes-Benz Stadium,Atlanta,GA,33.755,-84.4008,Indoor,Turf,1050.0,2017.0,,,,,
2025,1,28,Andre Szmyt,cleveland_browns,5.0,14.4,5.0,5.0,45,1,2,50.0,0,0,0,1,0,2025-09-07,1:00 PM,FirstEnergy Stadium,Cleveland,OH,41.5061,-81.6995,Outdoor,Grass,577.0,1999.0,,,,,
2025,1,29,Jake Moody,san_francisco_49ers,5.0,11.26,5.0,5.0,32,1,3,33.3,0,0,1,0,0,2025-09-07,4:05 PM,Lumen Field,Seattle,WA,47.5952,-122.3316,Outdoor,Turf,20.0,2002.0,,,,,
2025,1,30,Matt Gay,washington_commanders,3.0,2.1,3.0,3.0,0,0,0,0.0,0,0,0,0,0,2025-09-07,1:00 PM,FedExField,Landover,MD,38.9078,-76.8645,Outdoor,Grass,300.0,1997.0,,,,,
2025,1,31,Joshua Karty,los_angeles_rams,2.0,1.4,2.0,2.0,0,0,0,0.0,0,0,0,0,0,2025-09-07,4:25 PM,SoFi Stadium,Inglewood,CA,33.9535,-118.3392,Outdoor,Turf,100.0,2020.0,,,,,
2025,1,32,Riley Patterson,miami_dolphins,0.0,0.0,0.0,0.0,0,0,0,0.0,0,0,0,0,0,2025-09-07,1:00 PM,Lucas Oil Stadium,Indianapolis,IN,39.7601,-86.1639,Indoor,Turf,700.0,2008.0,,,,,
2025,2,1,Brandon Aubrey,dallas_cowboys,22.0,38.2,22.0,22.0,64,4,4,100.0,0,0,0,2,2,2025-09-14,1:00 PM,AT&T Stadium,Arlington,TX,32.7473,-97.0945,Indoor,Turf,639.0,2009.0,,,,,
2025,2,2,Spencer Shrader,indianapolis_colts,18.0,36.3,18.0,18.0,45,5,5,100.0,0,2,2,1,0,2025-09-14,4:05 PM,Lucas Oil Stadium,Indianapolis,IN,39.7601,-86.1639,Indoor,Turf,700.0,2008.0,,,,,
2025,2,3,Parker Romo,unknown,18.0,36.2,18.0,18.0,54,5,5,100.0,0,1,3,0,1,,,,,,,,,,,,,,,,
2025,2,4,Joey Slye,tennessee_titans,17.0,34.7,17.0,17.0,57,4,4,100.0,0,0,2,0,2,2025-09-14,1:00 PM,Nissan Stadium,Nashville,TN,36.1665,-86.7713,Outdoor,Grass,476.0,1999.0,,,,,
2025,2,5,Matt Prater,buffalo_bills,14.0,32.0,14.0,14.0,52,3,3,100.0,0,1,1,0,1,2025-09-14,1:00 PM,MetLife Stadium,East Rutherford,NJ,40.8136,-74.0744,Outdoor,Turf,3.0,2010.0,,,,,
2025,2,6,Graham Gano,new_york_giants,13.0,31.2,13.0,13.0,38,3,3,100.0,0,0,3,0,0,2025-09-14,1:00 PM,AT&T Stadium,Arlington,TX,32.7473,-97.0945,Indoor,Turf,639.0,2009.0,,,,,
2025,2,7,Daniel Carlson,las_vegas_raiders,12.0,30.5,12.0,12.0,54,3,3,100.0,0,0,1,1,1,2025-09-15,10:00 PM,Allegiant Stadium,Las Vegas,NV,36.0908,-115.183,Indoor,Turf,2001.0,2020.0,,,,,
2025,2,8,Chris Boswell,pittsburgh_steelers,12.0,30.5,12.0,12.0,48,3,3,100.0,0,0,0,3,0,2025-09-14,1:00 PM,Acrisure Stadium,Pittsburgh,PA,40.4468,-80.0158,Outdoor,Grass,730.0,2001.0,,,,,
2025,2,9,Tyler Loop,baltimore_ravens,12.0,29.8,12.0,12.0,43,2,2,100.0,0,0,1,1,0,2025-09-14,1:00 PM,M&T Bank Stadium,Baltimore,MD,39.2779,-76.6227,Outdoor,Grass,10.0,1998.0,,,,,
2025,2,10,Jake Elliott,philadelphia_eagles,12.0,29.8,12.0,12.0,58,2,2,100.0,0,0,0,0,2,2025-09-14,4:25 PM,GEHA Field at Arrowhead Stadium,Kansas City,MO,39.049,-94.4839,Outdoor,Grass,1020.0,1972.0,,,,,
2025,2,11,Riley Patterson,miami_dolphins,11.0,29.1,11.0,11.0,44,2,2,100.0,0,0,0,2,0,2025-09-14,1:00 PM,Hard Rock Stadium,Miami Gardens,FL,25.958,-80.238,Outdoor,Grass,7.0,1987.0,,,,,
2025,2,12,Cam Little,jacksonville_jaguars,10.0,28.5,10.0,10.0,42,2,2,100.0,0,1,0,1,0,2025-09-14,1:00 PM,Paycor Stadium,Cincinnati,OH,39.0954,-84.516,Outdoor,Turf,482.0,2000.0,,,,,
2025,2,13,Chad Ryland,arizona_cardinals,10.0,28.5,10.0,10.0,47,2,2,100.0,0,1,0,1,0,2025-09-14,4:05 PM,State Farm Stadium,Glendale,AZ,33.5275,-112.2625,Indoor,Turf,1070.0,2006.0,,,,,
2025,2,14,Eddy Pineiro,unknown,10.0,28.4,10.0,10.0,46,2,2,100.0,0,0,0,2,0,,,,,,,,,,,,,,,,
2025,2,15,Joshua Karty,los_angeles_rams,9.0,27.9,9.0,9.0,21,2,2,100.0,0,2,0,0,0,2025-09-14,1:00 PM,Nissan Stadium,Nashville,TN,36.1665,-86.7713,Outdoor,Grass,476.0,1999.0,,,,,
2025,2,16,Andy Borregales,new_england_patriots,9.0,27.8,9.0,9.0,53,2,2,100.0,0,1,0,0,1,2025-09-14,1:00 PM,Hard Rock Stadium,Miami Gardens,FL,25.958,-80.238,Outdoor,Grass,7.0,1987.0,,,,,
2025,2,17,Ka'Imi Fairbairn,houston_texans,9.0,27.7,9.0,9.0,53,2,2,100.0,0,0,1,0,1,2025-09-15,7:00 PM,NRG Stadium,Houston,TX,29.6847,-95.4107,Indoor,Turf,50.0,2002.0,,,,,
2025,2,18,Cameron Dicker,los_angeles_chargers,8.0,27.1,8.0,8.0,38,2,2,100.0,0,1,1,0,0,2025-09-15,10:00 PM,Allegiant Stadium,Las Vegas,NV,36.0908,-115.183,Indoor,Turf,2001.0,2020.0,,,,,
2025,2,19,Will Reichard,minnesota_vikings,8.0,27.0,8.0,8.0,51,2,2,100.0,0,0,1,0,1,2025-09-14,8:20 PM,U.S. Bank Stadium,Minneapolis,MN,44.974,-93.2581,Indoor,Turf,840.0,2016.0,,,,,
2025,2,20,Evan Mcpherson,cincinnati_bengals,7.0,25.6,7.0,7.0,31,1,1,100.0,0,0,1,0,0,2025-09-14,1:00 PM,Paycor Stadium,Cincinnati,OH,39.0954,-84.516,Outdoor,Turf,482.0,2000.0,,,,,
2025,2,21,Nick Folk,new_york_jets,6.0,24.9,6.0,6.0,51,1,1,100.0,0,0,0,0,1,2025-09-14,1:00 PM,MetLife Stadium,East Rutherford,NJ,40.8136,-74.0744,Outdoor,Turf,3.0,2010.0,,,,,
2025,2,22,Andre Szmyt,cleveland_browns,5.0,24.2,5.0,5.0,38,1,1,100.0,0,0,1,0,0,2025-09-14,1:00 PM,M&T Bank Stadium,Baltimore,MD,39.2779,-76.6227,Outdoor,Grass,10.0,1998.0,,,,,
2025,2,23,Ryan Fitzgerald,carolina_panthers,4.0,23.6,4.0,4.0,27,1,1,100.0,0,1,0,0,0,2025-09-14,4:05 PM,State Farm Stadium,Glendale,AZ,33.5275,-112.2625,Indoor,Turf,1070.0,2006.0,,,,,
2025,2,24,Brandon Mcmanus,green_bay_packers,11.0,22.74,11.0,11.0,56,2,3,66.7,0,1,0,0,1,2025-09-11,8:15 PM,Lambeau Field,Green Bay,WI,44.5013,-88.0622,Outdoor,Grass,640.0,1957.0,,,,,
2025,2,25,Jake Bates,detroit_lions,10.0,17.9,10.0,10.0,34,1,2,50.0,0,0,1,0,0,2025-09-14,1:00 PM,Ford Field,Detroit,MI,42.34,-83.0456,Indoor,Turf,600.0,2002.0,,,,,
2025,2,26,Jason Myers,seattle_seahawks,9.0,17.2,9.0,9.0,54,1,2,50.0,0,0,0,0,1,2025-09-14,1:00 PM,Acrisure Stadium,Pittsburgh,PA,40.4468,-80.0158,Outdoor,Grass,730.0,2001.0,,,,,
2025,2,27,Harrison Butker,kansas_city_chiefs,7.0,15.8,7.0,7.0,56,1,2,50.0,0,0,0,0,1,2025-09-14,4:25 PM,GEHA Field at Arrowhead Stadium,Kansas City,MO,39.049,-94.4839,Outdoor,Grass,1020.0,1972.0,,,,,
2025,2,28,Matt Gay,washington_commanders,6.0,11.96,6.0,6.0,51,1,3,33.3,0,0,0,0,1,2025-09-11,8:15 PM,Lambeau Field,Green Bay,WI,44.5013,-88.0622,Outdoor,Grass,640.0,1957.0,,,,,
2025,2,29,Wil Lutz,denver_broncos,4.0,3.0,4.0,4.0,0,0,1,0.0,0,0,0,0,0,2025-09-14,4:05 PM,Lucas Oil Stadium,Indianapolis,IN,39.7601,-86.1639,Indoor,Turf,700.0,2008.0,,,,,
2025,2,30,Blake Grupe,new_orleans_saints,3.0,2.3,3.0,3.0,0,0,1,0.0,0,0,0,0,0,2025-09-14,1:00 PM,Caesars Superdome,New Orleans,LA,29.9509,-90.0815,Indoor,Turf,3.0,1975.0,,,,,
2025,2,31,Cairo Santos,chicago_bears,3.0,2.1,3.0,3.0,0,0,0,0.0,0,0,0,0,0,2025-09-14,1:00 PM,Ford Field,Detroit,MI,42.34,-83.0456,Indoor,Turf,600.0,2002.0,,,,,
2025,2,32,Chase Mclaughlin,tampa_bay_buccaneers,2.0,1.6,2.0,2.0,0,0,1,0.0,0,0,0,0,0,2025-09-15,7:00 PM,NRG Stadium,Houston,TX,29.6847,-95.4107,Indoor,Turf,50.0,2002.0,,,,,
2025,3,1,Chase Mclaughlin,tampa_bay_buccaneers,21.0,35.16,21.0,21.0,55,5,6,83.3,0,1,2,0,2,2025-09-21,1:00 PM,Raymond James Stadium,Tampa,FL,27.9759,-82.5033,Outdoor,Grass,26.0,1998.0,,,,,
2025,3,2,Jason Myers,seattle_seahawks,17.0,34.0,17.0,17.0,56,3,3,100.0,0,0,1,1,1,2025-09-21,4:05 PM,Lumen Field,Seattle,WA,47.5952,-122.3316,Outdoor,Turf,20.0,2002.0,,,,,
2025,3,3,Ryan Fitzgerald,carolina_panthers,15.0,32.6,15.0,15.0,57,3,3,100.0,0,0,1,1,1,2025-09-21,1:00 PM,Bank of America Stadium,Charlotte,NC,35.2258,-80.8528,Outdoor,Grass,748.0,1996.0,,,,,
2025,3,4,Will Reichard,minnesota_vikings,14.0,31.2,14.0,14.0,62,2,2,100.0,0,0,1,0,1,2025-09-21,1:00 PM,U.S. Bank Stadium,Minneapolis,MN,44.974,-93.2581,Indoor,Turf,840.0,2016.0,,,,,
2025,3,5,Cameron Dicker,los_angeles_chargers,12.0,30.6,12.0,12.0,43,3,3,100.0,0,1,1,1,0,2025-09-21,4:05 PM,SoFi Stadium,Inglewood,CA,33.9535,-118.3392,Outdoor,Turf,100.0,2020.0,,,,,
2025,3,6,Eddy Pineiro,unknown,12.0,30.5,12.0,12.0,51,3,3,100.0,0,0,2,0,1,,,,,,,,,,,,,,,,
2025,3,7,Joshua Karty,los_angeles_rams,17.0,28.54,17.0,17.0,51,4,6,66.7,0,1,1,1,1,2025-09-21,1:00 PM,Lincoln Financial Field,Philadelphia,PA,39.9008,-75.1675,Outdoor,Grass,30.0,2003.0,,,,,
2025,3,8,Nick Folk,new_york_jets,10.0,28.4,10.0,10.0,42,2,2,100.0,0,0,1,1,0,2025-09-21,1:00 PM,Raymond James Stadium,Tampa,FL,27.9759,-82.5033,Outdoor,Grass,26.0,1998.0,,,,,
2025,3,9,Wil Lutz,denver_broncos,9.0,27.8,9.0,9.0,42,2,2,100.0,0,1,0,1,0,2025-09-21,4:05 PM,SoFi Stadium,Inglewood,CA,33.9535,-118.3392,Outdoor,Turf,100.0,2020.0,,,,,
2025,3,10,Andre Szmyt,cleveland_browns,9.0,27.7,9.0,9.0,55,2,2,100.0,0,0,1,0,1,2025-09-21,1:00 PM,FirstEnergy Stadium,Cleveland,OH,41.5061,-81.6995,Outdoor,Grass,577.0,1999.0,,,,,
2025,3,11,Brandon Aubrey,dallas_cowboys,8.0,27.0,8.0,8.0,53,2,2,100.0,0,0,1,0,1,2025-09-21,4:25 PM,Soldier Field,Chicago,IL,41.8623,-87.6167,Outdoor,Grass,595.0,1924.0,,,,,
2025,3,12,Harrison Butker,kansas_city_chiefs,13.0,26.5,13.0,13.0,54,3,4,75.0,0,1,0,1,1,2025-09-21,8:20 PM,MetLife Stadium,East Rutherford,NJ,40.8136,-74.0744,Outdoor,Turf,3.0,2010.0,,,,,
2025,3,13,Cairo Santos,chicago_bears,7.0,25.6,7.0,7.0,30,1,1,100.0,0,0,1,0,0,2025-09-21,4:25 PM,Soldier Field,Chicago,IL,41.8623,-87.6167,Outdoor,Grass,595.0,1924.0,,,,,
2025,3,14,Tyler Loop,baltimore_ravens,7.0,25.6,7.0,7.0,41,1,1,100.0,0,0,0,1,0,2025-09-22,8:15 PM,M&T Bank Stadium,Baltimore,MD,39.2779,-76.6227,Outdoor,Grass,10.0,1998.0,,,,,
2025,3,15,Matt Gay,washington_commanders,14.0,24.74,14.0,14.0,56,2,3,66.7,0,0,0,1,1,2025-09-21,1:00 PM,FedExField,Landover,MD,38.9078,-76.8645,Outdoor,Grass,300.0,1997.0,,,,,
2025,3,16,Evan Mcpherson,cincinnati_bengals,5.0,24.2,5.0,5.0,45,1,1,100.0,0,0,0,1,0,2025-09-21,1:00 PM,U.S. Bank Stadium,Minneapolis,MN,44.974,-93.2581,Indoor,Turf,840.0,2016.0,,,,,
2025,3,17,Daniel Carlson,las_vegas_raiders,4.0,23.5,4.0,4.0,37,1,1,100.0,0,0,1,0,0,2025-09-21,1:00 PM,FedExField,Landover,MD,38.9078,-76.8645,Outdoor,Grass,300.0,1997.0,,,,,
2025,3,18,Graham Gano,new_york_giants,3.0,22.9,3.0,3.0,25,1,1,100.0,0,1,0,0,0,2025-09-21,8:20 PM,MetLife Stadium,East Rutherford,NJ,40.8136,-74.0744,Outdoor,Turf,3.0,2010.0,,,,,
2025,3,19,Spencer Shrader,indianapolis_colts,11.0,22.74,11.0,11.0,36,2,3,66.7,0,1,1,0,0,2025-09-21,1:00 PM,Nissan Stadium,Nashville,TN,36.1665,-86.7713,Outdoor,Grass,476.0,1999.0,,,,,
2025,3,20,Blake Grupe,new_orleans_saints,7.0,20.04,7.0,7.0,27,2,3,66.7,0,2,0,0,0,2025-09-21,4:05 PM,Lumen Field,Seattle,WA,47.5952,-122.3316,Outdoor,Turf,20.0,2002.0,,,,,
2025,3,21,Chad Ryland,arizona_cardinals,7.0,19.94,7.0,7.0,34,2,3,66.7,0,1,1,0,0,2025-09-21,4:25 PM,Levi's Stadium,Santa Clara,CA,37.403,-121.9692,Outdoor,Grass,13.0,2014.0,,,,,
2025,3,22,Joey Slye,tennessee_titans,11.0,19.5,11.0,11.0,57,2,4,50.0,0,0,0,1,1,2025-09-21,1:00 PM,Nissan Stadium,Nashville,TN,36.1665,-86.7713,Outdoor,Grass,476.0,1999.0,,,,,
2025,3,23,Jake Bates,detroit_lions,9.0,17.2,9.0,9.0,45,1,2,50.0,0,0,0,1,0,2025-09-22,8:15 PM,M&T Bank Stadium,Baltimore,MD,39.2779,-76.6227,Outdoor,Grass,10.0,1998.0,,,,,
2025,3,24,Matt Prater,buffalo_bills,8.0,16.5,8.0,8.0,48,1,2,50.0,0,0,0,1,0,2025-09-18,8:15 PM,Highmark Stadium,Orchard Park,NY,42.7738,-78.7868,Outdoor,Grass,600.0,1973.0,,,,,
2025,3,25,Cam Little,jacksonville_jaguars,5.0,14.4,5.0,5.0,51,1,2,50.0,0,0,1,0,0,2025-09-21,1:00 PM,TIAA Bank Field,Jacksonville,FL,30.3239,-81.6373,Outdoor,Grass,16.0,1995.0,,,,,
2025,3,26,Ka'Imi Fairbairn,houston_texans,4.0,13.8,4.0,4.0,27,1,2,50.0,0,1,0,0,0,2025-09-21,1:00 PM,TIAA Bank Field,Jacksonville,FL,30.3239,-81.6373,Outdoor,Grass,16.0,1995.0,,,,,
2025,3,27,Brandon Mcmanus,green_bay_packers,4.0,13.7,4.0,4.0,39,1,2,50.0,0,0,1,0,0,2025-09-21,1:00 PM,FirstEnergy Stadium,Cleveland,OH,41.5061,-81.6995,Outdoor,Grass,577.0,1999.0,,,,,
2025,3,28,Jake Elliott,philadelphia_eagles,3.0,2.1,3.0,3.0,0,0,0,0.0,0,0,0,0,0,2025-09-21,1:00 PM,Lincoln Financial Field,Philadelphia,PA,39.9008,-75.1675,Outdoor,Grass,30.0,2003.0,,,,,
2025,3,29,Chris Boswell,pittsburgh_steelers,3.0,2.1,3.0,3.0,0,0,0,0.0,0,0,0,0,0,2025-09-21,1:00 PM,Gillette Stadium,Foxborough,MA,42.0909,-71.2643,Outdoor,Turf,289.0,2002.0,,,,,
2025,3,30,Riley Patterson,miami_dolphins,3.0,2.1,3.0,3.0,0,0,0,0.0,0,0,0,0,0,2025-09-18,8:15 PM,Highmark Stadium,Orchard Park,NY,42.7738,-78.7868,Outdoor,Grass,600.0,1973.0,,,,,
2025,3,31,Andy Borregales,new_england_patriots,2.0,1.4,2.0,2.0,0,0,0,0.0,0,0,0,0,0,2025-09-21,1:00 PM,Gillette Stadium,Foxborough,MA,42.0909,-71.2643,Outdoor,Turf,289.0,2002.0,,,,,
2025,3,32,Parker Romo,unknown,0.0,0.4,0.0,0.0,0,0,2,0.0,0,0,0,0,0,,,,,,,,,,,,,,,,
2025,4,1,Cairo Santos,chicago_bears,19.0,36.1,19.0,19.0,52,4,4,100.0,0,0,0,2,2,2025-09-28,4:25 PM,Allegiant Stadium,Las Vegas,NV,36.0908,-115.183,Indoor,Turf,2001.0,2020.0,,,,,
2025,4,2,Matt Gay,washington_commanders,18.0,35.4,18.0,18.0,52,4,4,100.0,0,0,0,3,1,2025-09-28,1:00 PM,Mercedes-Benz Stadium,Atlanta,GA,33.755,-84.4008,Indoor,Turf,1050.0,2017.0,,,,,
2025,4,3,Chase Mclaughlin,tampa_bay_buccaneers,16.0,33.3,16.0,16.0,65,3,3,100.0,0,0,0,1,2,2025-09-28,1:00 PM,Raymond James Stadium,Tampa,FL,27.9759,-82.5033,Outdoor,Grass,26.0,1998.0,,,,,
2025,4,4,Jake Bates,detroit_lions,13.0,30.5,13.0,13.0,58,2,2,100.0,0,0,0,1,1,2025-09-28,1:00 PM,Ford Field,Detroit,MI,42.34,-83.0456,Indoor,Turf,600.0,2002.0,,,,,
2025,4,5,Brandon Mcmanus,green_bay_packers,12.0,29.8,12.0,12.0,53,2,2,100.0,0,0,1,0,1,2025-09-28,8:20 PM,AT&T Stadium,Arlington,TX,32.7473,-97.0945,Indoor,Turf,639.0,2009.0,,,,,
2025,4,6,Nick Folk,new_york_jets,11.0,29.1,11.0,11.0,58,2,2,100.0,0,0,0,0,2,2025-09-29,7:15 PM,Hard Rock Stadium,Miami Gardens,FL,25.958,-80.238,Outdoor,Grass,7.0,1987.0,,,,,
2025,4,7,Parker Romo,unknown,10.0,28.5,10.0,10.0,38,2,2,100.0,0,1,1,0,0,,,,,,,,,,,,,,,,
2025,4,8,Spencer Shrader,indianapolis_colts,10.0,28.4,10.0,10.0,52,2,2,100.0,0,0,1,0,1,2025-09-28,4:05 PM,SoFi Stadium,Inglewood,CA,33.9535,-118.3392,Outdoor,Turf,100.0,2020.0,,,,,
2025,4,9,Chad Ryland,arizona_cardinals,10.0,28.4,10.0,10.0,57,2,2,100.0,0,0,1,0,1,2025-09-25,8:15 PM,State Farm Stadium,Glendale,AZ,33.5275,-112.2625,Indoor,Turf,1070.0,2006.0,,,,,
2025,4,10,Joshua Karty,los_angeles_rams,10.0,28.4,10.0,10.0,42,2,2,100.0,0,0,1,1,0,2025-09-28,4:05 PM,SoFi Stadium,Inglewood,CA,33.9535,-118.3392,Outdoor,Turf,100.0,2020.0,,,,,
2025,4,11,Riley Patterson,miami_dolphins,10.0,28.4,10.0,10.0,47,2,2,100.0,0,0,1,1,0,2025-09-29,7:15 PM,Hard Rock Stadium,Miami Gardens,FL,25.958,-80.238,Outdoor,Grass,7.0,1987.0,,,,,
2025,4,12,Blake Grupe,new_orleans_saints,9.0,27.7,9.0,9.0,54,2,2,100.0,0,0,1,0,1,2025-09-28,1:00 PM,Highmark Stadium,Orchard Park,NY,42.7738,-78.7868,Outdoor,Grass,600.0,1973.0,,,,,
2025,4,13,Tyler Loop,baltimore_ravens,9.0,27.7,9.0,9.0,43,2,2,100.0,0,0,1,1,0,2025-09-28,4:25 PM,GEHA Field at Arrowhead Stadium,Kansas City,MO,39.049,-94.4839,Outdoor,Grass,1020.0,1972.0,,,,,
2025,4,14,Jason Myers,seattle_seahawks,14.0,27.1,14.0,14.0,52,3,4,75.0,0,0,1,1,1,2025-09-25,8:15 PM,State Farm Stadium,Glendale,AZ,33.5275,-112.2625,Indoor,Turf,1070.0,2006.0,,,,,
2025,4,15,Will Reichard,minnesota_vikings,8.0,27.1,8.0,8.0,41,2,2,100.0,0,1,0,1,0,2025-09-28,9:30 AM,Acrisure Stadium,Pittsburgh,PA,40.4468,-80.0158,Outdoor,Grass,730.0,2001.0,,,,,
2025,4,16,Eddy Pineiro,unknown,7.0,26.5,7.0,7.0,26,2,2,100.0,0,2,0,0,0,,,,,,,,,,,,,,,,
2025,4,17,Harrison Butker,kansas_city_chiefs,13.0,26.5,13.0,13.0,38,3,4,75.0,0,1,2,0,0,2025-09-28,4:25 PM,GEHA Field at Arrowhead Stadium,Kansas City,MO,39.049,-94.4839,Outdoor,Grass,1020.0,1972.0,,,,,
2025,4,18,Jude Mcatamney,new_york_giants,7.0,26.4,7.0,7.0,31,2,2,100.0,0,1,1,0,0,2025-09-28,1:00 PM,MetLife Stadium,East Rutherford,NJ,40.8136,-74.0744,Outdoor,Turf,3.0,2010.0,,,,,
2025,4,19,Brandon Aubrey,dallas_cowboys,8.0,26.4,8.0,8.0,22,1,1,100.0,0,1,0,0,0,2025-09-28,8:20 PM,AT&T Stadium,Arlington,TX,32.7473,-97.0945,Indoor,Turf,639.0,2009.0,,,,,
2025,4,20,Matt Prater,buffalo_bills,7.0,25.6,7.0,7.0,35,1,1,100.0,0,0,1,0,0,2025-09-28,1:00 PM,Highmark Stadium,Orchard Park,NY,42.7738,-78.7868,Outdoor,Grass,600.0,1973.0,,,,,
2025,4,21,Jake Elliott,philadelphia_eagles,7.0,25.6,7.0,7.0,39,1,1,100.0,0,0,1,0,0,2025-09-28,1:00 PM,Raymond James Stadium,Tampa,FL,27.9759,-82.5033,Outdoor,Grass,26.0,1998.0,,,,,
2025,4,22,Cameron Dicker,los_angeles_chargers,5.0,24.2,5.0,5.0,43,1,1,100.0,0,0,0,1,0,2025-09-28,1:00 PM,MetLife Stadium,East Rutherford,NJ,40.8136,-74.0744,Outdoor,Turf,3.0,2010.0,,,,,
2025,4,23,Evan Mcpherson,cincinnati_bengals,3.0,22.9,3.0,3.0,26,1,1,100.0,0,1,0,0,0,2025-09-29,8:15 PM,Empower Field at Mile High,Denver,CO,39.7439,-105.0201,Outdoor,Turf,5280.0,2001.0,,,,,
2025,4,24,Ka'Imi Fairbairn,houston_texans,10.0,21.94,10.0,10.0,47,2,3,66.7,0,0,0,2,0,2025-09-28,1:00 PM,NRG Stadium,Houston,TX,29.6847,-95.4107,Indoor,Turf,50.0,2002.0,,,,,
2025,4,25,Cam Little,jacksonville_jaguars,9.0,21.34,9.0,9.0,44,2,3,66.7,0,1,0,1,0,2025-09-28,4:05 PM,Levi's Stadium,Santa Clara,CA,37.403,-121.9692,Outdoor,Grass,13.0,2014.0,,,,,
2025,4,26,Daniel Carlson,las_vegas_raiders,6.0,15.2,6.0,6.0,29,1,2,50.0,0,1,0,0,0,2025-09-28,4:25 PM,Allegiant Stadium,Las Vegas,NV,36.0908,-115.183,Indoor,Turf,2001.0,2020.0,,,,,
2025,4,27,Chris Boswell,pittsburgh_steelers,6.0,15.1,6.0,6.0,33,1,2,50.0,0,0,1,0,0,2025-09-28,9:30 AM,Acrisure Stadium,Pittsburgh,PA,40.4468,-80.0158,Outdoor,Grass,730.0,2001.0,,,,,
2025,4,28,Andre Szmyt,cleveland_browns,4.0,13.7,4.0,4.0,33,1,2,50.0,0,0,1,0,0,2025-09-28,1:00 PM,Ford Field,Detroit,MI,42.34,-83.0456,Indoor,Turf,600.0,2002.0,,,,,
2025,4,29,Andy Borregales,new_england_patriots,6.0,4.2,6.0,6.0,0,0,0,0.0,0,0,0,0,0,2025-09-28,1:00 PM,Gillette Stadium,Foxborough,MA,42.0909,-71.2643,Outdoor,Turf,289.0,2002.0,,,,,
2025,4,30,Wil Lutz,denver_broncos,4.0,2.8,4.0,4.0,0,0,0,0.0,0,0,0,0,0,2025-09-29,8:15 PM,Empower Field at Mile High,Denver,CO,39.7439,-105.0201,Outdoor,Turf,5280.0,2001.0,,,,,
2025,4,31,Ryan Fitzgerald,carolina_panthers,1.0,0.9,1.0,1.0,0,0,1,0.0,0,0,0,0,0,2025-09-28,1:00 PM,Gillette Stadium,Foxborough,MA,42.0909,-71.2643,Outdoor,Turf,289.0,2002.0,,,,,
2025,4,32,Joey Slye,tennessee_titans,0.0,0.4,0.0,0.0,0,0,2,0.0,0,0,0,0,0,2025-09-28,1:00 PM,NRG Stadium,Houston,TX,29.6847,-95.4107,Indoor,Turf,50.0,2002.0,,,,,
2025,5,1,Eddy Pineiro,unknown,17.0,34.8,17.0,17.0,59,4,4,100.0,0,1,1,1,1,,,,,,,,,,,,,,,,
2025,5,2,Ka'Imi Fairbairn,houston_texans,18.0,34.7,18.0,18.0,57,3,3,100.0,0,0,1,0,2,2025-10-05,1:00 PM,M&T Bank Stadium,Baltimore,MD,39.2779,-76.6227,Outdoor,Grass,10.0,1998.0,,,,,
2025,5,3,Joey Slye,tennessee_titans,13.0,31.3,13.0,13.0,51,3,3,100.0,0,1,0,1,1,2025-10-05,4:05 PM,State Farm Stadium,Glendale,AZ,33.5275,-112.2625,Indoor,Turf,1070.0,2006.0,,,,,
2025,5,4,Andy Borregales,new_england_patriots,13.0,31.2,13.0,13.0,52,3,3,100.0,1,0,1,0,1,2025-10-05,8:20 PM,Highmark Stadium,Orchard Park,NY,42.7738,-78.7868,Outdoor,Grass,600.0,1973.0,,,,,
2025,5,5,Chase Mclaughlin,tampa_bay_buccaneers,12.0,30.5,12.0,12.0,39,3,3,100.0,0,0,3,0,0,2025-10-05,4:05 PM,Lumen Field,Seattle,WA,47.5952,-122.3316,Outdoor,Turf,20.0,2002.0,,,,,
2025,5,6,Ryan Fitzgerald,carolina_panthers,10.0,28.4,10.0,10.0,49,2,2,100.0,0,0,1,1,0,2025-10-05,1:00 PM,Bank of America Stadium,Charlotte,NC,35.2258,-80.8528,Outdoor,Grass,748.0,1996.0,,,,,
2025,5,7,Blake Grupe,new_orleans_saints,16.0,28.04,16.0,16.0,53,4,6,66.7,0,3,0,0,1,2025-10-05,1:00 PM,Caesars Superdome,New Orleans,LA,29.9509,-90.0815,Indoor,Turf,3.0,1975.0,,,,,
2025,5,8,Matt Gay,washington_commanders,9.0,27.8,9.0,9.0,36,2,2,100.0,0,1,1,0,0,2025-10-05,4:25 PM,SoFi Stadium,Inglewood,CA,33.9535,-118.3392,Outdoor,Turf,100.0,2020.0,,,,,
2025,5,9,Wil Lutz,denver_broncos,9.0,27.7,9.0,9.0,55,2,2,100.0,0,0,1,0,1,2025-10-05,1:00 PM,Lincoln Financial Field,Philadelphia,PA,39.9008,-75.1675,Outdoor,Grass,30.0,2003.0,,,,,
2025,5,10,Matt Prater,buffalo_bills,9.0,27.7,9.0,9.0,45,2,2,100.0,0,0,1,1,0,2025-10-05,8:20 PM,Highmark Stadium,Orchard Park,NY,42.7738,-78.7868,Outdoor,Grass,600.0,1973.0,,,,,
2025,5,11,Cam Little,jacksonville_jaguars,9.0,27.0,9.0,9.0,52,1,1,100.0,0,0,0,0,1,2025-10-06,8:15 PM,TIAA Bank Field,Jacksonville,FL,30.3239,-81.6373,Outdoor,Grass,16.0,1995.0,,,,,
2025,5,12,Nick Folk,new_york_jets,7.0,26.4,7.0,7.0,48,2,2,100.0,0,1,0,1,0,2025-10-05,1:00 PM,MetLife Stadium,East Rutherford,NJ,40.8136,-74.0744,Outdoor,Turf,3.0,2010.0,,,,,
2025,5,13,Evan Mcpherson,cincinnati_bengals,8.0,26.3,8.0,8.0,50,1,1,100.0,0,0,0,0,1,2025-10-05,4:25 PM,Paycor Stadium,Cincinnati,OH,39.0954,-84.516,Outdoor,Turf,482.0,2000.0,,,,,
2025,5,14,Riley Patterson,miami_dolphins,7.0,25.6,7.0,7.0,43,1,1,100.0,0,0,0,1,0,2025-10-05,1:00 PM,Bank of America Stadium,Charlotte,NC,35.2258,-80.8528,Outdoor,Grass,748.0,1996.0,,,,,
2025,5,15,Brandon Aubrey,dallas_cowboys,7.0,25.6,7.0,7.0,35,1,1,100.0,0,0,1,0,0,2025-10-05,1:00 PM,MetLife Stadium,East Rutherford,NJ,40.8136,-74.0744,Outdoor,Turf,3.0,2010.0,,,,,
2025,5,16,Cameron Dicker,los_angeles_chargers,6.0,24.9,6.0,6.0,55,1,1,100.0,0,0,0,0,1,2025-10-05,4:25 PM,SoFi Stadium,Inglewood,CA,33.9535,-118.3392,Outdoor,Turf,100.0,2020.0,,,,,
2025,5,17,Andre Szmyt,cleveland_browns,5.0,24.2,5.0,5.0,31,1,1,100.0,0,0,1,0,0,2025-10-05,9:30 AM,FirstEnergy Stadium,Cleveland,OH,41.5061,-81.6995,Outdoor,Grass,577.0,1999.0,,,,,
2025,5,18,Jake Elliott,philadelphia_eagles,5.0,24.2,5.0,5.0,31,1,1,100.0,0,0,1,0,0,2025-10-05,1:00 PM,Lincoln Financial Field,Philadelphia,PA,39.9008,-75.1675,Outdoor,Grass,30.0,2003.0,,,,,
2025,5,19,Daniel Carlson,las_vegas_raiders,6.0,19.24,6.0,6.0,37,2,3,66.7,0,1,1,0,0,2025-10-05,1:00 PM,Lucas Oil Stadium,Indianapolis,IN,39.7601,-86.1639,Indoor,Turf,700.0,2008.0,,,,,
2025,5,20,Joshua Karty,los_angeles_rams,6.0,15.1,6.0,6.0,48,1,2,50.0,0,0,0,1,0,2025-10-02,8:15 PM,SoFi Stadium,Inglewood,CA,33.9535,-118.3392,Outdoor,Turf,100.0,2020.0,,,,,
2025,5,21,Tyler Loop,baltimore_ravens,4.0,13.8,4.0,4.0,27,1,2,50.0,0,1,0,0,0,2025-10-05,1:00 PM,M&T Bank Stadium,Baltimore,MD,39.2779,-76.6227,Outdoor,Grass,10.0,1998.0,,,,,
2025,5,22,Jason Myers,seattle_seahawks,5.0,3.7,5.0,5.0,0,0,1,0.0,0,0,0,0,0,2025-10-05,4:05 PM,Lumen Field,Seattle,WA,47.5952,-122.3316,Outdoor,Turf,20.0,2002.0,,,,,
2025,5,23,Jake Bates,detroit_lions,5.0,3.5,5.0,5.0,0,0,0,0.0,0,0,0,0,0,2025-10-05,4:25 PM,Paycor Stadium,Cincinnati,OH,39.0954,-84.516,Outdoor,Turf,482.0,2000.0,,,,,
2025,5,24,Harrison Butker,kansas_city_chiefs,4.0,2.8,4.0,4.0,0,0,0,0.0,0,0,0,0,0,2025-10-06,8:15 PM,TIAA Bank Field,Jacksonville,FL,30.3239,-81.6373,Outdoor,Grass,16.0,1995.0,,,,,
2025,5,25,Will Reichard,minnesota_vikings,3.0,2.3,3.0,3.0,0,0,1,0.0,0,0,0,0,0,2025-10-05,9:30 AM,FirstEnergy Stadium,Cleveland,OH,41.5061,-81.6995,Outdoor,Grass,577.0,1999.0,,,,,
2025,5,26,Chad Ryland,arizona_cardinals,3.0,2.1,3.0,3.0,0,0,0,0.0,0,0,0,0,0,2025-10-05,4:05 PM,State Farm Stadium,Glendale,AZ,33.5275,-112.2625,Indoor,Turf,1070.0,2006.0,,,,,
2025,5,27,Spencer Shrader,indianapolis_colts,2.0,1.4,2.0,2.0,0,0,0,0.0,0,0,0,0,0,2025-10-05,1:00 PM,Lucas Oil Stadium,Indianapolis,IN,39.7601,-86.1639,Indoor,Turf,700.0,2008.0,,,,,
2025,5,28,Jude Mcatamney,new_york_giants,2.0,1.4,2.0,2.0,0,0,0,0.0,0,0,0,0,0,2025-10-05,1:00 PM,Caesars Superdome,New Orleans,LA,29.9509,-90.0815,Indoor,Turf,3.0,1975.0,,,,,
2025,6,1,Eddy Pineiro,unknown,18.0,35.5,18.0,18.0,54,4,4,100.0,0,1,0,1,2,,,,,,,,,,,,,,,,
2025,6,2,Cameron Dicker,los_angeles_chargers,17.0,35.5,17.0,17.0,35,5,5,100.0,0,1,4,0,0,2025-10-12,1:00 PM,Hard Rock Stadium,Miami Gardens,FL,25.958,-80.238,Outdoor,Grass,7.0,1987.0,,,,,
2025,6,3,Blake Grupe,new_orleans_saints,16.0,34.0,16.0,16.0,54,4,4,100.0,0,0,2,1,1,2025-10-12,4:25 PM,Caesars Superdome,New Orleans,LA,29.9509,-90.0815,Indoor,Turf,3.0,1975.0,,,,,
2025,6,4,Ryan Fitzgerald,carolina_panthers,14.0,31.9,14.0,14.0,55,3,3,100.0,0,0,2,0,1,2025-10-12,1:00 PM,Bank of America Stadium,Charlotte,NC,35.2258,-80.8528,Outdoor,Grass,748.0,1996.0,,,,,
2025,6,5,Nick Folk,new_york_jets,12.0,30.5,12.0,12.0,52,3,3,100.0,0,0,1,1,1,2025-10-12,9:30 AM,MetLife Stadium,East Rutherford,NJ,40.8136,-74.0744,Outdoor,Turf,3.0,2010.0,,,,,
2025,6,6,Jake Moody,san_francisco_49ers,16.0,30.2,16.0,16.0,48,4,5,80.0,0,0,1,3,0,2025-10-12,1:00 PM,Raymond James Stadium,Tampa,FL,27.9759,-82.5033,Outdoor,Grass,26.0,1998.0,,,,,
2025,6,7,Andre Szmyt,cleveland_browns,11.0,29.8,11.0,11.0,53,3,3,100.0,0,0,2,0,1,2025-10-12,1:00 PM,Acrisure Stadium,Pittsburgh,PA,40.4468,-80.0158,Outdoor,Grass,730.0,2001.0,,,,,
2025,6,8,Chad Ryland,arizona_cardinals,11.0,29.1,11.0,11.0,44,2,2,100.0,0,0,0,2,0,2025-10-12,1:00 PM,Lucas Oil Stadium,Indianapolis,IN,39.7601,-86.1639,Indoor,Turf,700.0,2008.0,,,,,
2025,6,9,Daniel Carlson,las_vegas_raiders,10.0,28.5,10.0,10.0,50,2,2,100.0,0,1,0,0,1,2025-10-12,4:05 PM,Allegiant Stadium,Las Vegas,NV,36.0908,-115.183,Indoor,Turf,2001.0,2020.0,,,,,
2025,6,10,Jason Myers,seattle_seahawks,10.0,28.5,10.0,10.0,53,2,2,100.0,0,1,0,0,1,2025-10-12,1:00 PM,TIAA Bank Field,Jacksonville,FL,30.3239,-81.6373,Outdoor,Grass,16.0,1995.0,,,,,
2025,6,11,Lucas Havrisik,unknown,10.0,28.4,10.0,10.0,43,2,2,100.0,0,0,1,1,0,,,,,,,,,,,,,,,,
2025,6,12,Brandon Aubrey,dallas_cowboys,9.0,27.9,9.0,9.0,28,2,2,100.0,0,2,0,0,0,2025-10-12,1:00 PM,Bank of America Stadium,Charlotte,NC,35.2258,-80.8528,Outdoor,Grass,748.0,1996.0,,,,,
2025,6,13,Chris Boswell,pittsburgh_steelers,15.0,27.8,15.0,15.0,50,3,4,75.0,0,0,0,2,1,2025-10-12,1:00 PM,Acrisure Stadium,Pittsburgh,PA,40.4468,-80.0158,Outdoor,Grass,730.0,2001.0,,,,,
2025,6,14,Wil Lutz,denver_broncos,9.0,27.8,9.0,9.0,57,2,2,100.0,0,1,0,0,1,2025-10-12,9:30 AM,MetLife Stadium,East Rutherford,NJ,40.8136,-74.0744,Outdoor,Turf,3.0,2010.0,,,,,
2025,6,15,Michael Badgley,unknown,8.0,26.3,8.0,8.0,45,1,1,100.0,0,0,0,1,0,,,,,,,,,,,,,,,,
2025,6,16,Jake Elliott,philadelphia_eagles,6.0,24.9,6.0,6.0,42,1,1,100.0,0,0,0,1,0,2025-10-09,8:15 PM,MetLife Stadium,East Rutherford,NJ,40.8136,-74.0744,Outdoor,Turf,3.0,2010.0,,,,,
2025,6,17,Harrison Butker,kansas_city_chiefs,6.0,24.9,6.0,6.0,33,1,1,100.0,0,0,1,0,0,2025-10-12,8:20 PM,GEHA Field at Arrowhead Stadium,Kansas City,MO,39.049,-94.4839,Outdoor,Grass,1020.0,1972.0,,,,,
2025,6,18,Andy Borregales,new_england_patriots,5.0,24.3,5.0,5.0,24,1,1,100.0,0,1,0,0,0,2025-10-12,4:25 PM,Caesars Superdome,New Orleans,LA,29.9509,-90.0815,Indoor,Turf,3.0,1975.0,,,,,
2025,6,19,Jake Bates,detroit_lions,5.0,24.3,5.0,5.0,28,1,1,100.0,0,1,0,0,0,2025-10-12,8:20 PM,GEHA Field at Arrowhead Stadium,Kansas City,MO,39.049,-94.4839,Outdoor,Grass,1020.0,1972.0,,,,,
2025,6,20,Matthew Wright,unknown,5.0,24.2,5.0,5.0,46,1,1,100.0,0,0,0,1,0,,,,,,,,,,,,,,,,
2025,6,21,Tyler Loop,baltimore_ravens,3.0,22.8,3.0,3.0,37,1,1,100.0,0,0,1,0,0,2025-10-12,1:00 PM,M&T Bank Stadium,Baltimore,MD,39.2779,-76.6227,Outdoor,Grass,10.0,1998.0,,,,,
2025,6,22,Riley Patterson,miami_dolphins,10.0,22.04,10.0,10.0,47,2,3,66.7,0,1,0,1,0,2025-10-12,1:00 PM,Hard Rock Stadium,Miami Gardens,FL,25.958,-80.238,Outdoor,Grass,7.0,1987.0,,,,,
2025,6,23,Matt Gay,washington_commanders,8.0,16.5,8.0,8.0,53,1,2,50.0,0,0,0,0,1,2025-10-13,8:15 PM,FedExField,Landover,MD,38.9078,-76.8645,Outdoor,Grass,300.0,1997.0,,,,,
2025,6,24,Chase Mclaughlin,tampa_bay_buccaneers,7.0,15.8,7.0,7.0,45,1,2,50.0,0,0,0,1,0,2025-10-12,1:00 PM,Raymond James Stadium,Tampa,FL,27.9759,-82.5033,Outdoor,Grass,26.0,1998.0,,,,,
2025,6,25,Parker Romo,unknown,6.0,15.1,6.0,6.0,33,1,2,50.0,0,0,1,0,0,,,,,,,,,,,,,,,,
2025,6,26,Joshua Karty,los_angeles_rams,5.0,14.4,5.0,5.0,36,1,2,50.0,0,0,1,0,0,2025-10-12,1:00 PM,M&T Bank Stadium,Baltimore,MD,39.2779,-76.6227,Outdoor,Grass,10.0,1998.0,,,,,
2025,6,27,Evan Mcpherson,cincinnati_bengals,5.0,11.26,5.0,5.0,45,1,3,33.3,0,0,0,1,0,2025-10-12,4:25 PM,Lambeau Field,Green Bay,WI,44.5013,-88.0622,Outdoor,Grass,640.0,1957.0,,,,,
2025,6,28,Jude Mcatamney,new_york_giants,4.0,2.8,4.0,4.0,0,0,0,0.0,0,0,0,0,0,2025-10-09,8:15 PM,MetLife Stadium,East Rutherford,NJ,40.8136,-74.0744,Outdoor,Turf,3.0,2010.0,,,,,
2025,6,29,Matt Prater,buffalo_bills,2.0,1.4,2.0,2.0,0,0,0,0.0,0,0,0,0,0,2025-10-13,7:15 PM,Mercedes-Benz Stadium,Atlanta,GA,33.755,-84.4008,Indoor,Turf,1050.0,2017.0,,,,,
2025,6,30,Cam Little,jacksonville_jaguars,0.0,0.2,0.0,0.0,0,0,1,0.0,0,0,0,0,0,2025-10-12,1:00 PM,TIAA Bank Field,Jacksonville,FL,30.3239,-81.6373,Outdoor,Grass,16.0,1995.0,,,,,
2025,7,1,Will Reichard,minnesota_vikings,18.0,36.3,18.0,18.0,59,5,5,100.0,0,2,2,0,1,2025-10-19,1:00 PM,U.S. Bank Stadium,Minneapolis,MN,44.974,-93.2581,Indoor,Turf,840.0,2016.0,,,,,
2025,7,2,Evan Mcpherson,cincinnati_bengals,17.0,34.8,17.0,17.0,49,4,4,100.0,0,1,1,2,0,2025-10-16,8:15 PM,Paycor Stadium,Cincinnati,OH,39.0954,-84.516,Outdoor,Turf,482.0,2000.0,,,,,
2025,7,3,Brandon Aubrey,dallas_cowboys,17.0,34.1,17.0,17.0,61,3,3,100.0,0,1,0,1,1,2025-10-19,4:25 PM,AT&T Stadium,Arlington,TX,32.7473,-97.0945,Indoor,Turf,639.0,2009.0,,,,,
2025,7,4,Jake Moody,san_francisco_49ers,14.0,32.8,14.0,14.0,39,4,4,100.0,0,2,2,0,0,2025-10-19,8:20 PM,Levi's Stadium,Santa Clara,CA,37.403,-121.9692,Outdoor,Grass,13.0,2014.0,,,,,
2025,7,5,Chad Ryland,arizona_cardinals,12.0,30.5,12.0,12.0,40,3,3,100.0,0,0,2,1,0,2025-10-19,4:25 PM,State Farm Stadium,Glendale,AZ,33.5275,-112.2625,Indoor,Turf,1070.0,2006.0,,,,,
2025,7,6,Eddy Pineiro,unknown,11.0,29.1,11.0,11.0,55,2,2,100.0,0,0,0,1,1,,,,,,,,,,,,,,,,
2025,7,7,Lucas Havrisik,unknown,11.0,29.1,11.0,11.0,61,2,2,100.0,0,0,1,0,1,,,,,,,,,,,,,,,,
2025,7,8,Joey Slye,tennessee_titans,10.0,28.4,10.0,10.0,50,2,2,100.0,0,0,0,1,1,2025-10-19,1:00 PM,Nissan Stadium,Nashville,TN,36.1665,-86.7713,Outdoor,Grass,476.0,1999.0,,,,,
2025,7,9,Ka'Imi Fairbairn,houston_texans,8.0,27.0,8.0,8.0,46,2,2,100.0,0,0,1,1,0,2025-10-20,10:00 PM,Lumen Field,Seattle,WA,47.5952,-122.3316,Outdoor,Turf,20.0,2002.0,,,,,
2025,7,10,Ryan Fitzgerald,carolina_panthers,7.0,26.4,7.0,7.0,30,2,2,100.0,0,1,1,0,0,2025-10-19,1:00 PM,MetLife Stadium,East Rutherford,NJ,40.8136,-74.0744,Outdoor,Turf,3.0,2010.0,,,,,
2025,7,11,Nick Folk,new_york_jets,7.0,26.3,7.0,7.0,47,2,2,100.0,0,0,1,1,0,2025-10-19,1:00 PM,MetLife Stadium,East Rutherford,NJ,40.8136,-74.0744,Outdoor,Turf,3.0,2010.0,,,,,
2025,7,12,Chris Boswell,pittsburgh_steelers,8.0,26.3,8.0,8.0,41,1,1,100.0,0,0,0,1,0,2025-10-16,8:15 PM,Paycor Stadium,Cincinnati,OH,39.0954,-84.516,Outdoor,Turf,482.0,2000.0,,,,,
2025,7,13,Riley Patterson,miami_dolphins,6.0,25.7,6.0,6.0,33,2,2,100.0,0,1,1,0,0,2025-10-19,1:00 PM,FirstEnergy Stadium,Cleveland,OH,41.5061,-81.6995,Outdoor,Grass,577.0,1999.0,,,,,
2025,7,14,Andy Borregales,new_england_patriots,7.0,25.6,7.0,7.0,36,1,1,100.0,0,0,1,0,0,2025-10-19,1:00 PM,Nissan Stadium,Nashville,TN,36.1665,-86.7713,Outdoor,Grass,476.0,1999.0,,,,,
2025,7,15,Cameron Dicker,los_angeles_chargers,7.0,25.6,7.0,7.0,43,1,1,100.0,0,0,0,1,0,2025-10-19,4:05 PM,SoFi Stadium,Inglewood,CA,33.9535,-118.3392,Outdoor,Turf,100.0,2020.0,,,,,
2025,7,16,Andre Szmyt,cleveland_browns,7.0,25.6,7.0,7.0,30,1,1,100.0,0,0,1,0,0,2025-10-19,1:00 PM,FirstEnergy Stadium,Cleveland,OH,41.5061,-81.6995,Outdoor,Grass,577.0,1999.0,,,,,
2025,7,17,Harrison Butker,kansas_city_chiefs,7.0,25.6,7.0,7.0,38,1,1,100.0,0,0,1,0,0,2025-10-19,1:00 PM,GEHA Field at Arrowhead Stadium,Kansas City,MO,39.049,-94.4839,Outdoor,Grass,1020.0,1972.0,,,,,
2025,7,18,Michael Badgley,unknown,6.0,24.9,6.0,6.0,36,1,1,100.0,0,0,1,0,0,,,,,,,,,,,,,,,,
2025,7,19,Chase Mclaughlin,tampa_bay_buccaneers,5.0,24.2,5.0,5.0,53,1,1,100.0,0,0,0,0,1,2025-10-20,7:00 PM,Ford Field,Detroit,MI,42.34,-83.0456,Indoor,Turf,600.0,2002.0,,,,,
2025,7,20,Wil Lutz,denver_broncos,5.0,24.2,5.0,5.0,39,1,1,100.0,0,0,1,0,0,2025-10-19,4:05 PM,Empower Field at Mile High,Denver,CO,39.7439,-105.0201,Outdoor,Turf,5280.0,2001.0,,,,,
2025,7,21,Parker Romo,unknown,4.0,23.5,4.0,4.0,38,1,1,100.0,0,0,1,0,0,,,,,,,,,,,,,,,,
2025,7,22,Jason Myers,seattle_seahawks,10.0,22.04,10.0,10.0,47,2,3,66.7,0,1,0,1,0,2025-10-20,10:00 PM,Lumen Field,Seattle,WA,47.5952,-122.3316,Outdoor,Turf,20.0,2002.0,,,,,
2025,7,23,Jake Bates,detroit_lions,8.0,16.5,8.0,8.0,58,1,2,50.0,0,0,0,0,1,2025-10-20,7:00 PM,Ford Field,Detroit,MI,42.34,-83.0456,Indoor,Turf,600.0,2002.0,,,,,
2025,7,24,Joshua Karty,los_angeles_rams,5.0,3.5,5.0,5.0,0,0,0,0.0,0,0,0,0,0,2025-10-19,9:30 AM,TIAA Bank Field,Jacksonville,FL,30.3239,-81.6373,Outdoor,Grass,16.0,1995.0,,,,,
2025,7,25,Jake Elliott,philadelphia_eagles,4.0,3.0,4.0,4.0,0,0,1,0.0,0,0,0,0,0,2025-10-19,1:00 PM,U.S. Bank Stadium,Minneapolis,MN,44.974,-93.2581,Indoor,Turf,840.0,2016.0,,,,,
2025,7,26,Blake Grupe,new_orleans_saints,2.0,1.6,2.0,2.0,0,0,1,0.0,0,0,0,0,0,2025-10-19,1:00 PM,Soldier Field,Chicago,IL,41.8623,-87.6167,Outdoor,Grass,595.0,1924.0,,,,,
2025,7,27,Matt Gay,washington_commanders,2.0,1.4,2.0,2.0,0,0,0,0.0,0,0,0,0,0,2025-10-19,4:25 PM,AT&T Stadium,Arlington,TX,32.7473,-97.0945,Indoor,Turf,639.0,2009.0,,,,,
2025,7,28,Jude Mcatamney,new_york_giants,2.0,1.4,2.0,2.0,0,0,0,0.0,0,0,0,0,0,2025-10-19,4:05 PM,Empower Field at Mile High,Denver,CO,39.7439,-105.0201,Outdoor,Turf,5280.0,2001.0,,,,,
2025,7,29,Cam Little,jacksonville_jaguars,1.0,0.9,1.0,1.0,0,0,1,0.0,0,0,0,0,0,2025-10-19,9:30 AM,TIAA Bank Field,Jacksonville,FL,30.3239,-81.6373,Outdoor,Grass,16.0,1995.0,,,,,
2025,7,30,Daniel Carlson,las_vegas_raiders,0.0,0.0,0.0,0.0,0,0,0,0.0,0,0,0,0,0,2025-10-19,1:00 PM,GEHA Field at Arrowhead Stadium,Kansas City,MO,39.049,-94.4839,Outdoor,Grass,1020.0,1972.0,,,,,
2025,8,1,Chris Boswell,pittsburgh_steelers,20.0,36.8,20.0,20.0,56,4,4,100.0,0,0,0,1,3,2025-10-26,8:20 PM,Acrisure Stadium,Pittsburgh,PA,40.4468,-80.0158,Outdoor,Grass,730.0,2001.0,,,,,
2025,8,2,Chase Mclaughlin,tampa_bay_buccaneers,17.0,34.0,17.0,17.0,55,3,3,100.0,0,0,0,0,3,2025-10-26,4:05 PM,Caesars Superdome,New Orleans,LA,29.9509,-90.0815,Indoor,Turf,3.0,1975.0,,,,,
2025,8,3,Ka'Imi Fairbairn,houston_texans,14.0,32.6,14.0,14.0,37,4,4,100.0,0,0,4,0,0,2025-10-26,1:00 PM,NRG Stadium,Houston,TX,29.6847,-95.4107,Indoor,Turf,50.0,2002.0,,,,,
2025,8,4,Tyler Loop,baltimore_ravens,13.0,31.3,13.0,13.0,42,3,3,100.0,0,1,1,1,0,2025-10-26,1:00 PM,M&T Bank Stadium,Baltimore,MD,39.2779,-76.6227,Outdoor,Grass,10.0,1998.0,,,,,
2025,8,5,Andy Borregales,new_england_patriots,13.0,31.2,13.0,13.0,42,3,3,100.0,0,0,2,1,0,2025-10-26,1:00 PM,Gillette Stadium,Foxborough,MA,42.0909,-71.2643,Outdoor,Turf,289.0,2002.0,,,,,
2025,8,6,Nick Folk,new_york_jets,12.0,30.7,12.0,12.0,46,3,3,100.0,0,2,0,1,0,2025-10-26,1:00 PM,Paycor Stadium,Cincinnati,OH,39.0954,-84.516,Outdoor,Turf,482.0,2000.0,,,,,
2025,8,7,Matt Prater,buffalo_bills,12.0,29.8,12.0,12.0,45,2,2,100.0,0,0,0,2,0,2025-10-26,1:00 PM,Bank of America Stadium,Charlotte,NC,35.2258,-80.8528,Outdoor,Grass,748.0,1996.0,,,,,
2025,8,8,Riley Patterson,miami_dolphins,10.0,28.4,10.0,10.0,36,2,2,100.0,0,0,2,0,0,2025-10-26,1:00 PM,Mercedes-Benz Stadium,Atlanta,GA,33.755,-84.4008,Indoor,Turf,1050.0,2017.0,,,,,
2025,8,9,Cameron Dicker,los_angeles_chargers,15.0,27.8,15.0,15.0,45,3,4,75.0,0,0,1,2,0,2025-10-23,8:15 PM,SoFi Stadium,Inglewood,CA,33.9535,-118.3392,Outdoor,Turf,100.0,2020.0,,,,,
2025,8,10,Graham Gano,new_york_giants,9.0,27.7,9.0,9.0,47,2,2,100.0,0,0,1,1,0,2025-10-26,1:00 PM,Lincoln Financial Field,Philadelphia,PA,39.9008,-75.1675,Outdoor,Grass,30.0,2003.0,,,,,
2025,8,11,Wil Lutz,denver_broncos,9.0,27.0,9.0,9.0,42,1,1,100.0,0,0,0,1,0,2025-10-26,4:25 PM,Empower Field at Mile High,Denver,CO,39.7439,-105.0201,Outdoor,Turf,5280.0,2001.0,,,,,
2025,8,12,Michael Badgley,unknown,9.0,27.0,9.0,9.0,43,1,1,100.0,0,0,0,1,0,,,,,,,,,,,,,,,,
2025,8,13,Evan Mcpherson,cincinnati_bengals,8.0,26.4,8.0,8.0,26,1,1,100.0,0,1,0,0,0,2025-10-26,1:00 PM,Paycor Stadium,Cincinnati,OH,39.0954,-84.516,Outdoor,Turf,482.0,2000.0,,,,,
2025,8,14,Cairo Santos,chicago_bears,11.0,25.0,11.0,11.0,47,3,4,75.0,0,0,2,1,0,2025-10-26,1:00 PM,M&T Bank Stadium,Baltimore,MD,39.2779,-76.6227,Outdoor,Grass,10.0,1998.0,,,,,
2025,8,15,Brandon Aubrey,dallas_cowboys,6.0,25.0,6.0,6.0,24,1,1,100.0,0,1,0,0,0,2025-10-26,4:25 PM,Empower Field at Mile High,Denver,CO,39.7439,-105.0201,Outdoor,Turf,5280.0,2001.0,,,,,
2025,8,16,Parker Romo,unknown,5.0,24.2,5.0,5.0,45,1,1,100.0,0,0,0,1,0,,,,,,,,,,,,,,,,
2025,8,17,Blake Grupe,new_orleans_saints,4.0,23.5,4.0,4.0,48,1,1,100.0,0,0,0,1,0,2025-10-26,4:05 PM,Caesars Superdome,New Orleans,LA,29.9509,-90.0815,Indoor,Turf,3.0,1975.0,,,,,
2025,8,18,Brandon Mcmanus,green_bay_packers,9.0,18.3,9.0,9.0,28,2,4,50.0,0,2,0,0,0,2025-10-26,8:20 PM,Acrisure Stadium,Pittsburgh,PA,40.4468,-80.0158,Outdoor,Grass,730.0,2001.0,,,,,
2025,8,19,Jake Elliott,philadelphia_eagles,9.0,17.2,9.0,9.0,40,1,2,50.0,0,0,0,1,0,2025-10-26,1:00 PM,Lincoln Financial Field,Philadelphia,PA,39.9008,-75.1675,Outdoor,Grass,30.0,2003.0,,,,,
2025,8,20,Will Reichard,minnesota_vikings,6.0,15.1,6.0,6.0,54,1,2,50.0,0,0,0,0,1,2025-10-23,8:15 PM,SoFi Stadium,Inglewood,CA,33.9535,-118.3392,Outdoor,Turf,100.0,2020.0,,,,,
2025,8,21,Ryan Fitzgerald,carolina_panthers,4.0,13.7,4.0,4.0,48,1,2,50.0,0,0,0,1,0,2025-10-26,1:00 PM,Bank of America Stadium,Charlotte,NC,35.2258,-80.8528,Outdoor,Grass,748.0,1996.0,,,,,
2025,8,22,Harrison Butker,kansas_city_chiefs,4.0,2.8,4.0,4.0,0,0,0,0.0,0,0,0,0,0,2025-10-27,8:15 PM,GEHA Field at Arrowhead Stadium,Kansas City,MO,39.049,-94.4839,Outdoor,Grass,1020.0,1972.0,,,,,
2025,8,23,Joey Slye,tennessee_titans,2.0,1.6,2.0,2.0,0,0,1,0.0,0,0,0,0,0,2025-10-26,4:25 PM,Lucas Oil Stadium,Indianapolis,IN,39.7601,-86.1639,Indoor,Turf,700.0,2008.0,,,,,
2025,8,24,Andre Szmyt,cleveland_browns,1.0,0.9,1.0,1.0,0,0,1,0.0,0,0,0,0,0,2025-10-26,1:00 PM,Gillette Stadium,Foxborough,MA,42.0909,-71.2643,Outdoor,Turf,289.0,2002.0,,,,,
2025,8,25,Matthew Wright,unknown,1.0,0.7,1.0,1.0,0,0,0,0.0,0,0,0,0,0,,,,,,,,,,,,,,,,
2025,8,26,Eddy Pineiro,unknown,1.0,0.7,1.0,1.0,0,0,0,0.0,0,0,0,0,0,,,,,,,,,,,,,,,,
2025,9,1,Ka'Imi Fairbairn,houston_texans,18.0,33.06,18.0,18.0,41,5,6,83.3,0,1,1,3,0,2025-11-02,1:00 PM,NRG Stadium,Houston,TX,29.6847,-95.4107,Indoor,Turf,50.0,2002.0,,,,,
2025,9,2,Cam Little,jacksonville_jaguars,15.0,32.6,15.0,15.0,68,3,3,100.0,0,0,1,1,1,2025-11-02,4:05 PM,Allegiant Stadium,Las Vegas,NV,36.0908,-115.183,Indoor,Turf,2001.0,2020.0,,,,,
2025,9,3,Eddy Pineiro,unknown,12.0,29.8,12.0,12.0,54,2,2,100.0,0,0,1,0,1,,,,,,,,,,,,,,,,
2025,9,4,Michael Badgley,unknown,12.0,29.8,12.0,12.0,53,2,2,100.0,0,0,0,0,2,,,,,,,,,,,,,,,,
2025,9,5,Will Reichard,minnesota_vikings,11.0,29.2,11.0,11.0,50,2,2,100.0,0,1,0,0,1,2025-11-02,1:00 PM,Ford Field,Detroit,MI,42.34,-83.0456,Indoor,Turf,600.0,2002.0,,,,,
2025,9,6,Cameron Dicker,los_angeles_chargers,11.0,29.2,11.0,11.0,52,2,2,100.0,0,1,0,0,1,2025-11-02,1:00 PM,Nissan Stadium,Nashville,TN,36.1665,-86.7713,Outdoor,Grass,476.0,1999.0,,,,,
2025,9,7,Chris Boswell,pittsburgh_steelers,10.0,28.5,10.0,10.0,46,2,2,100.0,0,1,0,1,0,2025-11-02,1:00 PM,Acrisure Stadium,Pittsburgh,PA,40.4468,-80.0158,Outdoor,Grass,730.0,2001.0,,,,,
2025,9,8,Chad Ryland,arizona_cardinals,10.0,28.4,10.0,10.0,48,2,2,100.0,0,0,1,1,0,2025-11-03,8:15 PM,AT&T Stadium,Arlington,TX,32.7473,-97.0945,Indoor,Turf,639.0,2009.0,,,,,
2025,9,9,Joey Slye,tennessee_titans,9.0,27.7,9.0,9.0,49,2,2,100.0,0,0,1,1,0,2025-11-02,1:00 PM,Nissan Stadium,Nashville,TN,36.1665,-86.7713,Outdoor,Grass,476.0,1999.0,,,,,
2025,9,10,Jason Myers,seattle_seahawks,9.0,27.0,9.0,9.0,41,1,1,100.0,0,0,0,1,0,2025-11-02,8:20 PM,FedExField,Landover,MD,38.9078,-76.8645,Outdoor,Grass,300.0,1997.0,,,,,
2025,9,11,Harrison Butker,kansas_city_chiefs,8.0,27.0,8.0,8.0,46,2,2,100.0,1,0,0,1,0,2025-11-02,4:25 PM,Highmark Stadium,Orchard Park,NY,42.7738,-78.7868,Outdoor,Grass,600.0,1973.0,,,,,
2025,9,12,Andy Borregales,new_england_patriots,6.0,24.9,6.0,6.0,32,1,1,100.0,0,0,1,0,0,2025-11-02,1:00 PM,Gillette Stadium,Foxborough,MA,42.0909,-71.2643,Outdoor,Turf,289.0,2002.0,,,,,
2025,9,13,Daniel Carlson,las_vegas_raiders,5.0,24.3,5.0,5.0,24,1,1,100.0,0,1,0,0,0,2025-11-02,4:05 PM,Allegiant Stadium,Las Vegas,NV,36.0908,-115.183,Indoor,Turf,2001.0,2020.0,,,,,
2025,9,14,Parker Romo,unknown,5.0,24.2,5.0,5.0,38,1,1,100.0,0,0,1,0,0,,,,,,,,,,,,,,,,
2025,9,15,Ryan Fitzgerald,carolina_panthers,5.0,24.2,5.0,5.0,49,1,1,100.0,0,0,0,1,0,2025-11-02,1:00 PM,Lambeau Field,Green Bay,WI,44.5013,-88.0622,Outdoor,Grass,640.0,1957.0,,,,,
2025,9,16,Blake Grupe,new_orleans_saints,4.0,23.5,4.0,4.0,39,1,1,100.0,0,0,1,0,0,2025-11-02,4:05 PM,SoFi Stadium,Inglewood,CA,33.9535,-118.3392,Outdoor,Turf,100.0,2020.0,,,,,
2025,9,17,Cairo Santos,chicago_bears,11.0,22.74,11.0,11.0,36,2,3,66.7,0,1,1,0,0,2025-11-02,1:00 PM,Paycor Stadium,Cincinnati,OH,39.0954,-84.516,Outdoor,Turf,482.0,2000.0,,,,,
2025,9,18,Evan Mcpherson,cincinnati_bengals,11.0,22.64,11.0,11.0,41,2,3,66.7,0,0,1,1,0,2025-11-02,1:00 PM,Paycor Stadium,Cincinnati,OH,39.0954,-84.516,Outdoor,Turf,482.0,2000.0,,,,,
2025,9,19,Brandon Mcmanus,green_bay_packers,8.0,20.64,8.0,8.0,49,2,3,66.7,0,1,0,1,0,2025-11-02,1:00 PM,Lambeau Field,Green Bay,WI,44.5013,-88.0622,Outdoor,Grass,640.0,1957.0,,,,,
2025,9,20,Riley Patterson,miami_dolphins,8.0,20.54,8.0,8.0,49,2,3,66.7,0,0,0,2,0,2025-10-30,8:15 PM,Hard Rock Stadium,Miami Gardens,FL,25.958,-80.238,Outdoor,Grass,7.0,1987.0,,,,,
2025,9,21,Jake Bates,detroit_lions,7.0,15.8,7.0,7.0,41,1,2,50.0,0,0,0,1,0,2025-11-02,1:00 PM,Ford Field,Detroit,MI,42.34,-83.0456,Indoor,Turf,600.0,2002.0,,,,,
2025,9,22,Graham Gano,new_york_giants,6.0,15.2,6.0,6.0,22,1,2,50.0,0,1,0,0,0,2025-11-02,1:00 PM,MetLife Stadium,East Rutherford,NJ,40.8136,-74.0744,Outdoor,Turf,3.0,2010.0,,,,,
2025,9,23,Brandon Aubrey,dallas_cowboys,5.0,14.5,5.0,5.0,26,1,2,50.0,0,1,0,0,0,2025-11-03,8:15 PM,AT&T Stadium,Arlington,TX,32.7473,-97.0945,Indoor,Turf,639.0,2009.0,,,,,
2025,9,24,Wil Lutz,denver_broncos,4.0,13.7,4.0,4.0,34,1,2,50.0,0,0,1,0,0,2025-11-02,1:00 PM,NRG Stadium,Houston,TX,29.6847,-95.4107,Indoor,Turf,50.0,2002.0,,,,,
2025,9,25,Matt Prater,buffalo_bills,4.0,3.0,4.0,4.0,0,0,1,0.0,0,0,0,0,0,2025-11-02,4:25 PM,Highmark Stadium,Orchard Park,NY,42.7738,-78.7868,Outdoor,Grass,600.0,1973.0,,,,,
2025,9,26,Joshua Karty,los_angeles_rams,4.0,3.0,4.0,4.0,0,0,1,0.0,0,0,0,0,0,2025-11-02,4:05 PM,SoFi Stadium,Inglewood,CA,33.9535,-118.3392,Outdoor,Turf,100.0,2020.0,,,,,
2025,9,27,Tyler Loop,baltimore_ravens,4.0,2.8,4.0,4.0,0,0,0,0.0,0,0,0,0,0,2025-10-30,8:15 PM,Hard Rock Stadium,Miami Gardens,FL,25.958,-80.238,Outdoor,Grass,7.0,1987.0,,,,,
2025,9,28,Matt Gay,washington_commanders,2.0,1.4,2.0,2.0,0,0,0,0.0,0,0,0,0,0,2025-11-02,8:20 PM,FedExField,Landover,MD,38.9078,-76.8645,Outdoor,Grass,300.0,1997.0,,,,,
2025,10,1,Jason Myers,seattle_seahawks,15.0,32.6,15.0,15.0,46,3,3,100.0,0,0,2,1,0,2025-11-09,4:05 PM,Lumen Field,Seattle,WA,47.5952,-122.3316,Outdoor,Turf,20.0,2002.0,,,,,
2025,10,2,Jake Bates,detroit_lions,13.0,31.4,13.0,13.0,48,3,3,100.0,0,2,0,1,0,2025-11-09,4:25 PM,FedExField,Landover,MD,38.9078,-76.8645,Outdoor,Grass,300.0,1997.0,,,,,
2025,10,3,Cam Little,jacksonville_jaguars,13.0,31.2,13.0,13.0,55,3,3,100.0,0,0,2,0,1,2025-11-09,1:00 PM,NRG Stadium,Houston,TX,29.6847,-95.4107,Indoor,Turf,50.0,2002.0,,,,,
2025,10,4,Tyler Loop,baltimore_ravens,14.0,29.0,14.0,14.0,44,4,5,80.0,0,2,1,1,0,2025-11-09,1:00 PM,U.S. Bank Stadium,Minneapolis,MN,44.974,-93.2581,Indoor,Turf,840.0,2016.0,,,,,
2025,10,5,Andre Szmyt,cleveland_browns,9.0,27.8,9.0,9.0,45,2,2,100.0,0,1,0,1,0,2025-11-09,1:00 PM,MetLife Stadium,East Rutherford,NJ,40.8136,-74.0744,Outdoor,Turf,3.0,2010.0,,,,,
2025,10,6,Nick Folk,new_york_jets,9.0,27.8,9.0,9.0,37,2,2,100.0,0,1,1,0,0,2025-11-09,1:00 PM,MetLife Stadium,East Rutherford,NJ,40.8136,-74.0744,Outdoor,Turf,3.0,2010.0,,,,,
2025,10,7,Will Reichard,minnesota_vikings,9.0,27.7,9.0,9.0,49,2,2,100.0,0,0,0,2,0,2025-11-09,1:00 PM,U.S. Bank Stadium,Minneapolis,MN,44.974,-93.2581,Indoor,Turf,840.0,2016.0,,,,,
2025,10,8,Cameron Dicker,los_angeles_chargers,14.0,27.1,14.0,14.0,59,3,4,75.0,0,0,1,1,1,2025-11-09,8:20 PM,SoFi Stadium,Inglewood,CA,33.9535,-118.3392,Outdoor,Turf,100.0,2020.0,,,,,
2025,10,9,Younghoe Koo,atlanta_falcons,8.0,27.0,8.0,8.0,32,2,2,100.0,1,0,1,0,0,2025-11-09,9:30 AM,Lucas Oil Stadium,Indianapolis,IN,39.7601,-86.1639,Indoor,Turf,700.0,2008.0,,,,,
2025,10,10,Riley Patterson,miami_dolphins,7.0,25.6,7.0,7.0,46,1,1,100.0,0,0,0,1,0,2025-11-09,1:00 PM,Hard Rock Stadium,Miami Gardens,FL,25.958,-80.238,Outdoor,Grass,7.0,1987.0,,,,,
2025,10,11,Cairo Santos,chicago_bears,6.0,25.0,6.0,6.0,22,1,1,100.0,0,1,0,0,0,2025-11-09,1:00 PM,Soldier Field,Chicago,IL,41.8623,-87.6167,Outdoor,Grass,595.0,1924.0,,,,,
2025,10,12,Zane Gonzalez,unknown,6.0,24.9,6.0,6.0,43,1,1,100.0,0,0,0,1,0,,,,,,,,,,,,,,,,
2025,10,13,Blake Grupe,new_orleans_saints,5.0,24.3,5.0,5.0,20,1,1,100.0,0,1,0,0,0,2025-11-09,1:00 PM,Bank of America Stadium,Charlotte,NC,35.2258,-80.8528,Outdoor,Grass,748.0,1996.0,,,,,
2025,10,14,Matt Gay,washington_commanders,5.0,24.2,5.0,5.0,44,1,1,100.0,0,0,0,1,0,2025-11-09,4:25 PM,FedExField,Landover,MD,38.9078,-76.8645,Outdoor,Grass,300.0,1997.0,,,,,
2025,10,15,Chase Mclaughlin,tampa_bay_buccaneers,5.0,24.2,5.0,5.0,36,1,1,100.0,0,0,1,0,0,2025-11-09,1:00 PM,Raymond James Stadium,Tampa,FL,27.9759,-82.5033,Outdoor,Grass,26.0,1998.0,,,,,
2025,10,16,Matthew Wright,unknown,4.0,23.6,4.0,4.0,23,1,1,100.0,0,1,0,0,0,,,,,,,,,,,,,,,,
2025,10,17,Jake Elliott,philadelphia_eagles,4.0,23.5,4.0,4.0,39,1,1,100.0,0,0,1,0,0,2025-11-10,8:15 PM,Lambeau Field,Green Bay,WI,44.5013,-88.0622,Outdoor,Grass,640.0,1957.0,,,,,
2025,10,18,Michael Badgley,unknown,8.0,20.54,8.0,8.0,44,2,3,66.7,0,0,1,1,0,,,,,,,,,,,,,,,,
2025,10,19,Chris Boswell,pittsburgh_steelers,6.0,15.1,6.0,6.0,59,1,2,50.0,0,0,0,0,1,2025-11-09,8:20 PM,SoFi Stadium,Inglewood,CA,33.9535,-118.3392,Outdoor,Turf,100.0,2020.0,,,,,
2025,10,20,Wil Lutz,denver_broncos,4.0,13.7,4.0,4.0,32,1,2,50.0,0,0,1,0,0,2025-11-06,8:15 PM,Empower Field at Mile High,Denver,CO,39.7439,-105.0201,Outdoor,Turf,5280.0,2001.0,,,,,
2025,10,21,Harrison Mevis,new_york_jets,6.0,4.2,6.0,6.0,0,0,0,0.0,0,0,0,0,0,2025-11-09,1:00 PM,MetLife Stadium,East Rutherford,NJ,40.8136,-74.0744,Outdoor,Turf,3.0,2010.0,,,,,
2025,10,22,Andy Borregales,new_england_patriots,4.0,2.8,4.0,4.0,0,0,0,0.0,0,0,0,0,0,2025-11-09,1:00 PM,Raymond James Stadium,Tampa,FL,27.9759,-82.5033,Outdoor,Grass,26.0,1998.0,,,,,
2025,10,23,Chad Ryland,arizona_cardinals,2.0,1.4,2.0,2.0,0,0,0,0.0,0,0,0,0,0,2025-11-09,4:05 PM,Lumen Field,Seattle,WA,47.5952,-122.3316,Outdoor,Turf,20.0,2002.0,,,,,
2025,10,24,Eddy Pineiro,unknown,2.0,1.4,2.0,2.0,0,0,0,0.0,0,0,0,0,0,,,,,,,,,,,,,,,,
2025,10,25,Daniel Carlson,las_vegas_raiders,1.0,0.9,1.0,1.0,0,0,1,0.0,0,0,0,0,0,2025-11-06,8:15 PM,Empower Field at Mile High,Denver,CO,39.7439,-105.0201,Outdoor,Turf,5280.0,2001.0,,,,,
2025,10,26,Ryan Fitzgerald,carolina_panthers,1.0,0.9,1.0,1.0,0,0,1,0.0,0,0,0,0,0,2025-11-09,1:00 PM,Bank of America Stadium,Charlotte,NC,35.2258,-80.8528,Outdoor,Grass,748.0,1996.0,,,,,
2025,10,27,Brandon Mcmanus,green_bay_packers,1.0,0.9,1.0,1.0,0,0,1,0.0,0,0,0,0,0,2025-11-10,8:15 PM,Lambeau Field,Green Bay,WI,44.5013,-88.0622,Outdoor,Grass,640.0,1957.0,,,,,
2025,10,28,Matt Prater,buffalo_bills,1.0,0.7,1.0,1.0,0,0,0,0.0,0,0,0,0,0,2025-11-09,1:00 PM,Hard Rock Stadium,Miami Gardens,FL,25.958,-80.238,Outdoor,Grass,7.0,1987.0,,,,,
2025,11,1,Wil Lutz,denver_broncos,18.0,36.3,18.0,18.0,54,5,5,100.0,0,2,2,0,1,2025-11-16,4:25 PM,Empower Field at Mile High,Denver,CO,39.7439,-105.0201,Outdoor,Turf,5280.0,2001.0,,,,,
2025,11,2,Eddy Pineiro,unknown,14.0,31.9,14.0,14.0,48,3,3,100.0,0,0,0,3,0,,,,,,,,,,,,,,,,
2025,11,3,Tyler Loop,baltimore_ravens,12.0,30.7,12.0,12.0,44,3,3,100.0,0,2,0,1,0,2025-11-16,4:25 PM,FirstEnergy Stadium,Cleveland,OH,41.5061,-81.6995,Outdoor,Grass,577.0,1999.0,,,,,
2025,11,4,Matthew Wright,unknown,12.0,30.5,12.0,12.0,43,3,3,100.0,0,0,1,2,0,,,,,,,,,,,,,,,,
2025,11,5,Cairo Santos,chicago_bears,16.0,30.2,16.0,16.0,54,4,5,80.0,0,0,2,1,1,2025-11-16,1:00 PM,U.S. Bank Stadium,Minneapolis,MN,44.974,-93.2581,Indoor,Turf,840.0,2016.0,,,,,
2025,11,6,Andre Szmyt,cleveland_browns,11.0,29.9,11.0,11.0,46,3,3,100.0,0,1,1,1,0,2025-11-16,4:25 PM,FirstEnergy Stadium,Cleveland,OH,41.5061,-81.6995,Outdoor,Grass,577.0,1999.0,,,,,
2025,11,7,Jake Elliott,philadelphia_eagles,11.0,29.9,11.0,11.0,49,3,3,100.0,0,1,1,1,0,2025-11-16,8:20 PM,Lincoln Financial Field,Philadelphia,PA,39.9008,-75.1675,Outdoor,Grass,30.0,2003.0,,,,,
2025,11,8,Riley Patterson,miami_dolphins,11.0,29.9,11.0,11.0,46,3,3,100.0,0,1,1,1,0,2025-11-16,9:30 AM,Hard Rock Stadium,Miami Gardens,FL,25.958,-80.238,Outdoor,Grass,7.0,1987.0,,,,,
2025,11,9,Zane Gonzalez,unknown,12.0,29.8,12.0,12.0,52,2,2,100.0,0,0,0,1,1,,,,,,,,,,,,,,,,
2025,11,10,Daniel Carlson,las_vegas_raiders,11.0,29.8,11.0,11.0,45,3,3,100.0,0,0,2,1,0,2025-11-17,8:15 PM,Allegiant Stadium,Las Vegas,NV,36.0908,-115.183,Indoor,Turf,2001.0,2020.0,,,,,
2025,11,11,Jason Myers,seattle_seahawks,15.0,29.7,15.0,15.0,57,4,5,80.0,0,2,1,0,1,2025-11-16,4:05 PM,SoFi Stadium,Inglewood,CA,33.9535,-118.3392,Outdoor,Turf,100.0,2020.0,,,,,
2025,11,12,Ryan Fitzgerald,carolina_panthers,10.0,29.3,10.0,10.0,34,3,3,100.0,0,2,1,0,0,2025-11-16,1:00 PM,Mercedes-Benz Stadium,Atlanta,GA,33.755,-84.4008,Indoor,Turf,1050.0,2017.0,,,,,
2025,11,13,Chris Boswell,pittsburgh_steelers,10.0,28.5,10.0,10.0,30,2,2,100.0,0,1,1,0,0,2025-11-16,1:00 PM,Acrisure Stadium,Pittsburgh,PA,40.4468,-80.0158,Outdoor,Grass,730.0,2001.0,,,,,
2025,11,14,Joey Slye,tennessee_titans,10.0,28.4,10.0,10.0,56,2,2,100.0,0,0,0,1,1,2025-11-16,1:00 PM,Nissan Stadium,Nashville,TN,36.1665,-86.7713,Outdoor,Grass,476.0,1999.0,,,,,
2025,11,15,Chase Mclaughlin,tampa_bay_buccaneers,8.0,27.2,8.0,8.0,24,2,2,100.0,0,2,0,0,0,2025-11-16,1:00 PM,Highmark Stadium,Orchard Park,NY,42.7738,-78.7868,Outdoor,Grass,600.0,1973.0,,,,,
2025,11,16,Brandon Aubrey,dallas_cowboys,9.0,27.0,9.0,9.0,50,1,1,100.0,0,0,0,0,1,2025-11-17,8:15 PM,Allegiant Stadium,Las Vegas,NV,36.0908,-115.183,Indoor,Turf,2001.0,2020.0,,,,,
2025,11,17,Cameron Dicker,los_angeles_chargers,8.0,27.0,8.0,8.0,46,2,2,100.0,0,0,0,2,0,2025-11-16,1:00 PM,TIAA Bank Field,Jacksonville,FL,30.3239,-81.6373,Outdoor,Grass,16.0,1995.0,,,,,
2025,11,18,Evan Mcpherson,cincinnati_bengals,8.0,27.0,8.0,8.0,48,2,2,100.0,0,0,0,2,0,2025-11-16,1:00 PM,Acrisure Stadium,Pittsburgh,PA,40.4468,-80.0158,Outdoor,Grass,730.0,2001.0,,,,,
2025,11,19,Matt Prater,buffalo_bills,8.0,26.3,8.0,8.0,39,1,1,100.0,0,0,1,0,0,2025-11-16,1:00 PM,Highmark Stadium,Orchard Park,NY,42.7738,-78.7868,Outdoor,Grass,600.0,1973.0,,,,,
2025,11,20,Harrison Butker,kansas_city_chiefs,7.0,26.3,7.0,7.0,31,2,2,100.0,0,0,2,0,0,2025-11-16,4:25 PM,Empower Field at Mile High,Denver,CO,39.7439,-105.0201,Outdoor,Turf,5280.0,2001.0,,,,,
2025,11,21,Jake Bates,detroit_lions,5.0,24.2,5.0,5.0,54,1,1,100.0,0,0,0,0,1,2025-11-16,8:20 PM,Lincoln Financial Field,Philadelphia,PA,39.9008,-75.1675,Outdoor,Grass,30.0,2003.0,,,,,
2025,11,22,Will Reichard,minnesota_vikings,5.0,24.2,5.0,5.0,31,1,1,100.0,0,0,1,0,0,2025-11-16,1:00 PM,U.S. Bank Stadium,Minneapolis,MN,44.974,-93.2581,Indoor,Turf,840.0,2016.0,,,,,
2025,11,23,Andy Borregales,new_england_patriots,10.0,22.04,10.0,10.0,44,2,3,66.7,0,1,0,1,0,2025-11-13,8:15 PM,Gillette Stadium,Foxborough,MA,42.0909,-71.2643,Outdoor,Turf,289.0,2002.0,,,,,
2025,11,24,Matt Gay,washington_commanders,7.0,16.8,7.0,7.0,30,2,4,50.0,0,1,1,0,0,2025-11-16,9:30 AM,Hard Rock Stadium,Miami Gardens,FL,25.958,-80.238,Outdoor,Grass,7.0,1987.0,,,,,
2025,11,25,Chad Ryland,arizona_cardinals,4.0,13.8,4.0,4.0,26,1,2,50.0,0,1,0,0,0,2025-11-16,4:05 PM,State Farm Stadium,Glendale,AZ,33.5275,-112.2625,Indoor,Turf,1070.0,2006.0,,,,,
2025,11,26,Cam Little,jacksonville_jaguars,5.0,3.5,5.0,5.0,0,0,0,0.0,0,0,0,0,0,2025-11-16,1:00 PM,TIAA Bank Field,Jacksonville,FL,30.3239,-81.6373,Outdoor,Grass,16.0,1995.0,,,,,
2025,11,27,Harrison Mevis,new_york_jets,3.0,2.1,3.0,3.0,0,0,0,0.0,0,0,0,0,0,2025-11-13,8:15 PM,Gillette Stadium,Foxborough,MA,42.0909,-71.2643,Outdoor,Turf,289.0,2002.0,,,,,
2025,11,28,Younghoe Koo,atlanta_falcons,2.0,1.4,2.0,2.0,0,0,0,0.0,0,0,0,0,0,2025-11-16,1:00 PM,Mercedes-Benz Stadium,Atlanta,GA,33.755,-84.4008,Indoor,Turf,1050.0,2017.0,,,,,
2025,11,29,Nick Folk,new_york_jets,2.0,1.4,2.0,2.0,0,0,0,0.0,0,0,0,0,0,2025-11-13,8:15 PM,Gillette Stadium,Foxborough,MA,42.0909,-71.2643,Outdoor,Turf,289.0,2002.0,,,,,
2025,11,30,Lucas Havrisik,unknown,1.0,0.7,1.0,1.0,0,0,0,0.0,0,0,0,0,0,,,,,,,,,,,,,,,,
2025,12,1,Andy Borregales,new_england_patriots,18.0,35.4,18.0,18.0,52,4,4,100.0,1,0,0,2,1,2025-11-23,1:00 PM,Paycor Stadium,Cincinnati,OH,39.0954,-84.516,Outdoor,Turf,482.0,2000.0,,,,,
2025,12,2,Harrison Butker,kansas_city_chiefs,16.0,35.1,16.0,16.0,48,5,5,100.0,0,4,0,1,0,2025-11-23,1:00 PM,GEHA Field at Arrowhead Stadium,Kansas City,MO,39.049,-94.4839,Outdoor,Grass,1020.0,1972.0,,,,,
2025,12,3,Zane Gonzalez,unknown,15.0,32.6,15.0,15.0,56,3,3,100.0,0,0,0,1,2,,,,,,,,,,,,,,,,
2025,12,4,Jason Myers,seattle_seahawks,13.0,31.2,13.0,13.0,47,3,3,100.0,0,0,2,1,0,2025-11-23,1:00 PM,Nissan Stadium,Nashville,TN,36.1665,-86.7713,Outdoor,Grass,476.0,1999.0,,,,,
2025,12,5,Ka'Imi Fairbairn,houston_texans,12.0,30.7,12.0,12.0,43,3,3,100.0,0,2,0,1,0,2025-11-20,8:15 PM,NRG Stadium,Houston,TX,29.6847,-95.4107,Indoor,Turf,50.0,2002.0,,,,,
2025,12,6,Harrison Mevis,new_york_jets,13.0,30.5,13.0,13.0,52,2,2,100.0,0,0,0,1,1,2025-11-23,1:00 PM,M&T Bank Stadium,Baltimore,MD,39.2779,-76.6227,Outdoor,Grass,10.0,1998.0,,,,,
2025,12,7,Brandon Mcmanus,green_bay_packers,12.0,30.5,12.0,12.0,40,3,3,100.0,0,0,2,1,0,2025-11-23,1:00 PM,Lambeau Field,Green Bay,WI,44.5013,-88.0622,Outdoor,Grass,640.0,1957.0,,,,,
2025,12,8,Cam Little,jacksonville_jaguars,13.0,30.5,13.0,13.0,52,2,2,100.0,0,0,0,0,2,2025-11-23,4:05 PM,State Farm Stadium,Glendale,AZ,33.5275,-112.2625,Indoor,Turf,1070.0,2006.0,,,,,
2025,12,9,Tyler Loop,baltimore_ravens,11.0,29.9,11.0,11.0,35,3,3,100.0,0,1,2,0,0,2025-11-23,1:00 PM,M&T Bank Stadium,Baltimore,MD,39.2779,-76.6227,Outdoor,Grass,10.0,1998.0,,,,,
2025,12,10,Jake Bates,detroit_lions,12.0,29.8,12.0,12.0,59,2,2,100.0,0,0,1,0,1,2025-11-23,1:00 PM,Ford Field,Detroit,MI,42.34,-83.0456,Indoor,Turf,600.0,2002.0,,,,,
2025,12,11,Evan Mcpherson,cincinnati_bengals,12.0,29.8,12.0,12.0,63,2,2,100.0,0,0,0,0,2,2025-11-23,1:00 PM,Paycor Stadium,Cincinnati,OH,39.0954,-84.516,Outdoor,Turf,482.0,2000.0,,,,,
2025,12,12,Younghoe Koo,atlanta_falcons,10.0,28.5,10.0,10.0,44,2,2,100.0,0,1,0,1,0,2025-11-23,4:25 PM,Caesars Superdome,New Orleans,LA,29.9509,-90.0815,Indoor,Turf,3.0,1975.0,,,,,
2025,12,13,Will Reichard,minnesota_vikings,10.0,28.4,10.0,10.0,59,2,2,100.0,0,0,0,0,2,2025-11-23,1:00 PM,Lambeau Field,Green Bay,WI,44.5013,-88.0622,Outdoor,Grass,640.0,1957.0,,,,,
2025,12,14,Matt Gay,washington_commanders,9.0,27.8,9.0,9.0,47,2,2,100.0,0,1,0,1,0,,,,,,,,,,,,,,,,
2025,12,15,Michael Badgley,unknown,8.0,27.1,8.0,8.0,32,2,2,100.0,0,1,1,0,0,,,,,,,,,,,,,,,,
2025,12,16,Matt Prater,buffalo_bills,8.0,27.0,8.0,8.0,44,2,2,100.0,0,0,1,1,0,2025-11-20,8:15 PM,NRG Stadium,Houston,TX,29.6847,-95.4107,Indoor,Turf,50.0,2002.0,,,,,
2025,12,17,Cairo Santos,chicago_bears,8.0,26.3,8.0,8.0,47,1,1,100.0,0,0,0,1,0,2025-11-23,1:00 PM,Soldier Field,Chicago,IL,41.8623,-87.6167,Outdoor,Grass,595.0,1924.0,,,,,
2025,12,18,Andre Szmyt,cleveland_browns,8.0,26.3,8.0,8.0,53,1,1,100.0,0,0,0,0,1,2025-11-23,4:05 PM,Allegiant Stadium,Las Vegas,NV,36.0908,-115.183,Indoor,Turf,2001.0,2020.0,,,,,
2025,12,19,Joey Slye,tennessee_titans,6.0,25.0,6.0,6.0,22,1,1,100.0,0,1,0,0,0,2025-11-23,1:00 PM,Nissan Stadium,Nashville,TN,36.1665,-86.7713,Outdoor,Grass,476.0,1999.0,,,,,
2025,12,20,Nick Folk,new_york_jets,5.0,24.2,5.0,5.0,42,1,1,100.0,0,0,0,1,0,2025-11-23,1:00 PM,M&T Bank Stadium,Baltimore,MD,39.2779,-76.6227,Outdoor,Grass,10.0,1998.0,,,,,
2025,12,21,Brandon Aubrey,dallas_cowboys,7.0,15.8,7.0,7.0,42,1,2,50.0,0,0,0,1,0,2025-11-23,4:25 PM,AT&T Stadium,Arlington,TX,32.7473,-97.0945,Indoor,Turf,639.0,2009.0,,,,,
2025,12,22,Chad Ryland,arizona_cardinals,6.0,15.2,6.0,6.0,29,1,2,50.0,0,1,0,0,0,2025-11-23,4:05 PM,State Farm Stadium,Glendale,AZ,33.5275,-112.2625,Indoor,Turf,1070.0,2006.0,,,,,
2025,12,23,Daniel Carlson,las_vegas_raiders,5.0,14.4,5.0,5.0,41,1,2,50.0,0,0,0,1,0,2025-11-23,4:05 PM,Allegiant Stadium,Las Vegas,NV,36.0908,-115.183,Indoor,Turf,2001.0,2020.0,,,,,
2025,12,24,Ryan Fitzgerald,carolina_panthers,3.0,13.1,3.0,3.0,25,1,2,50.0,0,1,0,0,0,2025-11-24,8:15 PM,Levi's Stadium,Santa Clara,CA,37.403,-121.9692,Outdoor,Grass,13.0,2014.0,,,,,
2025,12,25,Blake Grupe,new_orleans_saints,4.0,10.56,4.0,4.0,33,1,3,33.3,0,0,1,0,0,2025-11-23,4:25 PM,Caesars Superdome,New Orleans,LA,29.9509,-90.0815,Indoor,Turf,3.0,1975.0,,,,,
2025,12,26,Chris Boswell,pittsburgh_steelers,4.0,2.8,4.0,4.0,0,0,0,0.0,0,0,0,0,0,2025-11-23,1:00 PM,Soldier Field,Chicago,IL,41.8623,-87.6167,Outdoor,Grass,595.0,1924.0,,,,,
2025,12,27,Jake Elliott,philadelphia_eagles,3.0,2.3,3.0,3.0,0,0,1,0.0,0,0,0,0,0,2025-11-23,4:25 PM,AT&T Stadium,Arlington,TX,32.7473,-97.0945,Indoor,Turf,639.0,2009.0,,,,,
2025,12,28,Chase Mclaughlin,tampa_bay_buccaneers,1.0,0.7,1.0,1.0,0,0,0,0.0,0,0,0,0,0,2025-11-23,8:20 PM,SoFi Stadium,Inglewood,CA,33.9535,-118.3392,Outdoor,Turf,100.0,2020.0,,,,,
2025,13,1,Evan Mcpherson,cincinnati_bengals,24.0,41.1,24.0,24.0,52,6,6,100.0,0,1,2,2,1,2025-11-27,8:20 PM,M&T Bank Stadium,Baltimore,MD,39.2779,-76.6227,Outdoor,Grass,10.0,1998.0,,,,,
2025,13,2,Jason Myers,seattle_seahawks,19.0,36.1,19.0,19.0,56,4,4,100.0,0,0,1,1,2,2025-11-30,4:05 PM,Lumen Field,Seattle,WA,47.5952,-122.3316,Outdoor,Turf,20.0,2002.0,,,,,
2025,13,3,Riley Patterson,miami_dolphins,14.0,32.7,14.0,14.0,48,4,4,100.0,0,1,2,1,0,2025-11-30,1:00 PM,Hard Rock Stadium,Miami Gardens,FL,25.958,-80.238,Outdoor,Grass,7.0,1987.0,,,,,
2025,13,4,Brandon Aubrey,dallas_cowboys,12.0,30.6,12.0,12.0,49,3,3,100.0,0,1,1,1,0,2025-11-27,4:30 PM,AT&T Stadium,Arlington,TX,32.7473,-97.0945,Indoor,Turf,639.0,2009.0,,,,,
2025,13,5,Andy Borregales,new_england_patriots,15.0,29.8,15.0,15.0,30,4,5,80.0,0,3,1,0,0,2025-12-01,8:15 PM,Gillette Stadium,Foxborough,MA,42.0909,-71.2643,Outdoor,Turf,289.0,2002.0,,,,,
2025,13,6,Chase Mclaughlin,tampa_bay_buccaneers,10.0,28.5,10.0,10.0,57,2,2,100.0,0,1,0,0,1,2025-11-30,1:00 PM,Raymond James Stadium,Tampa,FL,27.9759,-82.5033,Outdoor,Grass,26.0,1998.0,,,,,
2025,13,7,Ka'Imi Fairbairn,houston_texans,9.0,27.8,9.0,9.0,43,2,2,100.0,0,1,0,1,0,2025-11-30,1:00 PM,Lucas Oil Stadium,Indianapolis,IN,39.7601,-86.1639,Indoor,Turf,700.0,2008.0,,,,,
2025,13,8,Wil Lutz,denver_broncos,9.0,27.7,9.0,9.0,33,2,2,100.0,0,0,2,0,0,2025-11-30,8:20 PM,FedExField,Landover,MD,38.9078,-76.8645,Outdoor,Grass,300.0,1997.0,,,,,
2025,13,9,Matt Gay,washington_commanders,8.0,27.1,8.0,8.0,31,2,2,100.0,0,1,1,0,0,2025-11-30,8:20 PM,FedExField,Landover,MD,38.9078,-76.8645,Outdoor,Grass,300.0,1997.0,,,,,
2025,13,10,Matt Prater,buffalo_bills,8.0,27.1,8.0,8.0,37,2,2,100.0,0,1,1,0,0,2025-11-30,4:25 PM,Acrisure Stadium,Pittsburgh,PA,40.4468,-80.0158,Outdoor,Grass,730.0,2001.0,,,,,
2025,13,11,Cameron Dicker,los_angeles_chargers,9.0,27.0,9.0,9.0,56,1,1,100.0,0,0,0,0,1,2025-11-30,4:25 PM,SoFi Stadium,Inglewood,CA,33.9535,-118.3392,Outdoor,Turf,100.0,2020.0,,,,,
2025,13,12,Jake Moody,san_francisco_49ers,8.0,27.0,8.0,8.0,38,2,2,100.0,0,0,2,0,0,2025-11-30,1:00 PM,FirstEnergy Stadium,Cleveland,OH,41.5061,-81.6995,Outdoor,Grass,577.0,1999.0,,,,,
2025,13,13,Brandon Mcmanus,green_bay_packers,8.0,26.3,8.0,8.0,45,1,1,100.0,0,0,0,1,0,2025-11-27,1:00 PM,Ford Field,Detroit,MI,42.34,-83.0456,Indoor,Turf,600.0,2002.0,,,,,
2025,13,14,Ryan Fitzgerald,carolina_panthers,7.0,25.6,7.0,7.0,33,1,1,100.0,0,0,1,0,0,2025-11-30,1:00 PM,Bank of America Stadium,Charlotte,NC,35.2258,-80.8528,Outdoor,Grass,748.0,1996.0,,,,,
2025,13,15,Cairo Santos,chicago_bears,6.0,24.9,6.0,6.0,30,1,1,100.0,0,0,1,0,0,2025-11-28,3:00 PM,Lincoln Financial Field,Philadelphia,PA,39.9008,-75.1675,Outdoor,Grass,30.0,2003.0,,,,,
2025,13,16,Jake Bates,detroit_lions,6.0,24.9,6.0,6.0,31,1,1,100.0,0,0,1,0,0,2025-11-27,1:00 PM,Ford Field,Detroit,MI,42.34,-83.0456,Indoor,Turf,600.0,2002.0,,,,,
2025,13,17,Cam Little,jacksonville_jaguars,6.0,24.9,6.0,6.0,45,1,1,100.0,0,0,0,1,0,2025-11-30,1:00 PM,Nissan Stadium,Nashville,TN,36.1665,-86.7713,Outdoor,Grass,476.0,1999.0,,,,,
2025,13,18,Michael Badgley,unknown,5.0,24.2,5.0,5.0,42,1,1,100.0,0,0,0,1,0,,,,,,,,,,,,,,,,
2025,13,19,Charlie Smyth,new_orleans_saints,5.0,24.2,5.0,5.0,56,1,1,100.0,0,0,0,0,1,2025-11-30,1:00 PM,Hard Rock Stadium,Miami Gardens,FL,25.958,-80.238,Outdoor,Grass,7.0,1987.0,,,,,
2025,13,20,Joey Slye,tennessee_titans,3.0,22.9,3.0,3.0,28,1,1,100.0,0,1,0,0,0,2025-11-30,1:00 PM,Nissan Stadium,Nashville,TN,36.1665,-86.7713,Outdoor,Grass,476.0,1999.0,,,,,
2025,13,21,Nick Folk,new_york_jets,11.0,22.64,11.0,11.0,56,2,3,66.7,0,0,1,0,1,2025-11-30,1:00 PM,MetLife Stadium,East Rutherford,NJ,40.8136,-74.0744,Outdoor,Turf,3.0,2010.0,,,,,
2025,13,22,Zane Gonzalez,unknown,8.0,16.5,8.0,8.0,52,1,2,50.0,0,0,0,0,1,,,,,,,,,,,,,,,,
2025,13,23,Chad Ryland,arizona_cardinals,7.0,15.8,7.0,7.0,52,1,2,50.0,0,0,0,0,1,2025-11-30,1:00 PM,Raymond James Stadium,Tampa,FL,27.9759,-82.5033,Outdoor,Grass,26.0,1998.0,,,,,
2025,13,24,Jake Elliott,philadelphia_eagles,4.0,13.7,4.0,4.0,44,1,2,50.0,0,0,0,1,0,2025-11-28,3:00 PM,Lincoln Financial Field,Philadelphia,PA,39.9008,-75.1675,Outdoor,Grass,30.0,2003.0,,,,,
2025,13,25,Harrison Mevis,new_york_jets,4.0,2.8,4.0,4.0,0,0,0,0.0,0,0,0,0,0,2025-11-30,1:00 PM,MetLife Stadium,East Rutherford,NJ,40.8136,-74.0744,Outdoor,Turf,3.0,2010.0,,,,,
2025,13,26,Harrison Butker,kansas_city_chiefs,4.0,2.8,4.0,4.0,0,0,0,0.0,0,0,0,0,0,2025-11-27,4:30 PM,AT&T Stadium,Arlington,TX,32.7473,-97.0945,Indoor,Turf,639.0,2009.0,,,,,
2025,13,27,Tyler Loop,baltimore_ravens,2.0,1.4,2.0,2.0,0,0,0,0.0,0,0,0,0,0,2025-11-27,8:20 PM,M&T Bank Stadium,Baltimore,MD,39.2779,-76.6227,Outdoor,Grass,10.0,1998.0,,,,,
2025,13,28,Daniel Carlson,las_vegas_raiders,2.0,1.4,2.0,2.0,0,0,0,0.0,0,0,0,0,0,2025-11-30,4:25 PM,SoFi Stadium,Inglewood,CA,33.9535,-118.3392,Outdoor,Turf,100.0,2020.0,,,,,
2025,13,29,Younghoe Koo,atlanta_falcons,1.0,0.7,1.0,1.0,0,0,0,0.0,0,0,0,0,0,2025-11-30,1:00 PM,MetLife Stadium,East Rutherford,NJ,40.8136,-74.0744,Outdoor,Turf,3.0,2010.0,,,,,
2025,13,30,Chris Boswell,pittsburgh_steelers,1.0,0.7,1.0,1.0,0,0,0,0.0,0,0,0,0,0,2025-11-30,4:25 PM,Acrisure Stadium,Pittsburgh,PA,40.4468,-80.0158,Outdoor,Grass,730.0,2001.0,,,,,
2025,13,31,Will Reichard,minnesota_vikings,0.0,0.0,0.0,0.0,0,0,0,0.0,0,0,0,0,0,2025-11-30,4:05 PM,Lumen Field,Seattle,WA,47.5952,-122.3316,Outdoor,Turf,20.0,2002.0,,,,,
2025,13,32,Andre Szmyt,cleveland_browns,0.0,0.0,0.0,0.0,0,0,0,0.0,0,0,0,0,0,2025-11-30,1:00 PM,FirstEnergy Stadium,Cleveland,OH,41.5061,-81.6995,Outdoor,Grass,577.0,1999.0,,,,,
2025,14,1,Brandon Aubrey,dallas_cowboys,23.0,39.7,23.0,23.0,63,5,5,100.0,0,1,0,1,3,2025-12-04,8:15 PM,Ford Field,Detroit,MI,42.34,-83.0456,Indoor,Turf,600.0,2002.0,,,,,
2025,14,2,Cameron Dicker,los_angeles_chargers,20.0,37.5,20.0,20.0,54,5,5,100.0,0,0,2,2,1,2025-12-08,8:15 PM,SoFi Stadium,Inglewood,CA,33.9535,-118.3392,Outdoor,Turf,100.0,2020.0,,,,,
2025,14,3,Jason Myers,seattle_seahawks,14.0,32.0,14.0,14.0,48,3,3,100.0,0,1,1,1,0,2025-12-07,1:00 PM,Mercedes-Benz Stadium,Atlanta,GA,33.755,-84.4008,Indoor,Turf,1050.0,2017.0,,,,,
2025,14,4,Jake Elliott,philadelphia_eagles,17.0,30.9,17.0,17.0,54,4,5,80.0,0,0,1,2,1,2025-12-08,8:15 PM,SoFi Stadium,Inglewood,CA,33.9535,-118.3392,Outdoor,Turf,100.0,2020.0,,,,,
2025,14,5,Riley Patterson,miami_dolphins,13.0,30.5,13.0,13.0,53,2,2,100.0,0,0,0,1,1,2025-12-07,1:00 PM,MetLife Stadium,East Rutherford,NJ,40.8136,-74.0744,Outdoor,Turf,3.0,2010.0,,,,,
2025,14,6,Tyler Loop,baltimore_ravens,10.0,29.2,10.0,10.0,36,3,3,100.0,0,1,2,0,0,2025-12-07,1:00 PM,M&T Bank Stadium,Baltimore,MD,39.2779,-76.6227,Outdoor,Grass,10.0,1998.0,,,,,
2025,14,7,Cam Little,jacksonville_jaguars,11.0,29.1,11.0,11.0,48,2,2,100.0,0,0,1,1,0,2025-12-07,1:00 PM,TIAA Bank Field,Jacksonville,FL,30.3239,-81.6373,Outdoor,Grass,16.0,1995.0,,,,,
2025,14,8,Jake Bates,detroit_lions,16.0,28.5,16.0,16.0,47,3,4,75.0,0,0,1,2,0,2025-12-04,8:15 PM,Ford Field,Detroit,MI,42.34,-83.0456,Indoor,Turf,600.0,2002.0,,,,,
2025,14,9,Chris Boswell,pittsburgh_steelers,9.0,27.9,9.0,9.0,32,2,2,100.0,0,2,0,0,0,2025-12-07,1:00 PM,M&T Bank Stadium,Baltimore,MD,39.2779,-76.6227,Outdoor,Grass,10.0,1998.0,,,,,
2025,14,10,Chase Mclaughlin,tampa_bay_buccaneers,9.0,27.7,9.0,9.0,41,2,2,100.0,0,0,1,1,0,2025-12-07,1:00 PM,Raymond James Stadium,Tampa,FL,27.9759,-82.5033,Outdoor,Grass,26.0,1998.0,,,,,
2025,14,11,Harrison Mevis,new_york_jets,9.0,27.1,9.0,9.0,26,1,1,100.0,0,1,0,0,0,2025-12-07,1:00 PM,MetLife Stadium,East Rutherford,NJ,40.8136,-74.0744,Outdoor,Turf,3.0,2010.0,,,,,
2025,14,12,Ka'Imi Fairbairn,houston_texans,8.0,27.1,8.0,8.0,35,2,2,100.0,0,1,1,0,0,2025-12-07,8:20 PM,GEHA Field at Arrowhead Stadium,Kansas City,MO,39.049,-94.4839,Outdoor,Grass,1020.0,1972.0,,,,,
2025,14,13,Cairo Santos,chicago_bears,8.0,27.0,8.0,8.0,41,2,2,100.0,0,0,1,1,0,2025-12-07,1:00 PM,Lambeau Field,Green Bay,WI,44.5013,-88.0622,Outdoor,Grass,640.0,1957.0,,,,,
2025,14,14,Blake Grupe,new_orleans_saints,7.0,26.4,7.0,7.0,36,2,2,100.0,0,1,1,0,0,2025-12-07,1:00 PM,Raymond James Stadium,Tampa,FL,27.9759,-82.5033,Outdoor,Grass,26.0,1998.0,,,,,
2025,14,15,Will Reichard,minnesota_vikings,8.0,26.3,8.0,8.0,45,1,1,100.0,0,0,0,1,0,2025-12-07,1:00 PM,U.S. Bank Stadium,Minneapolis,MN,44.974,-93.2581,Indoor,Turf,840.0,2016.0,,,,,
2025,14,16,Joey Slye,tennessee_titans,8.0,26.3,8.0,8.0,41,1,1,100.0,0,0,0,1,0,2025-12-07,1:00 PM,FirstEnergy Stadium,Cleveland,OH,41.5061,-81.6995,Outdoor,Grass,577.0,1999.0,,,,,
2025,14,17,Matt Prater,buffalo_bills,7.0,25.7,7.0,7.0,26,1,1,100.0,0,1,0,0,0,2025-12-07,4:25 PM,Highmark Stadium,Orchard Park,NY,42.7738,-78.7868,Outdoor,Grass,600.0,1973.0,,,,,
2025,14,18,Wil Lutz,denver_broncos,6.0,25.0,6.0,6.0,23,1,1,100.0,0,1,0,0,0,2025-12-07,4:05 PM,Allegiant Stadium,Las Vegas,NV,36.0908,-115.183,Indoor,Turf,2001.0,2020.0,,,,,
2025,14,19,Daniel Carlson,las_vegas_raiders,6.0,24.9,6.0,6.0,46,1,1,100.0,0,0,0,1,0,2025-12-07,4:05 PM,Allegiant Stadium,Las Vegas,NV,36.0908,-115.183,Indoor,Turf,2001.0,2020.0,,,,,
2025,14,20,Zane Gonzalez,unknown,10.0,24.4,10.0,10.0,43,3,4,75.0,0,1,1,1,0,,,,,,,,,,,,,,,,
2025,14,21,Andre Szmyt,cleveland_browns,5.0,24.2,5.0,5.0,38,1,1,100.0,0,0,1,0,0,2025-12-07,1:00 PM,FirstEnergy Stadium,Cleveland,OH,41.5061,-81.6995,Outdoor,Grass,577.0,1999.0,,,,,
2025,14,22,Nick Folk,new_york_jets,4.0,23.5,4.0,4.0,31,1,1,100.0,0,0,1,0,0,2025-12-07,1:00 PM,MetLife Stadium,East Rutherford,NJ,40.8136,-74.0744,Outdoor,Turf,3.0,2010.0,,,,,
2025,14,23,Charlie Smyth,new_orleans_saints,6.0,15.1,6.0,6.0,30,1,2,50.0,0,0,1,0,0,2025-12-07,1:00 PM,Raymond James Stadium,Tampa,FL,27.9759,-82.5033,Outdoor,Grass,26.0,1998.0,,,,,
2025,14,24,Chad Ryland,arizona_cardinals,5.0,14.4,5.0,5.0,38,1,2,50.0,0,0,1,0,0,2025-12-07,4:25 PM,State Farm Stadium,Glendale,AZ,33.5275,-112.2625,Indoor,Turf,1070.0,2006.0,,,,,
2025,14,25,Harrison Butker,kansas_city_chiefs,4.0,13.7,4.0,4.0,36,1,2,50.0,0,0,1,0,0,2025-12-07,8:20 PM,GEHA Field at Arrowhead Stadium,Kansas City,MO,39.049,-94.4839,Outdoor,Grass,1020.0,1972.0,,,,,
2025,14,26,Evan Mcpherson,cincinnati_bengals,4.0,2.8,4.0,4.0,0,0,0,0.0,0,0,0,0,0,2025-12-07,4:25 PM,Highmark Stadium,Orchard Park,NY,42.7738,-78.7868,Outdoor,Grass,600.0,1973.0,,,,,
2025,14,27,Brandon Mcmanus,green_bay_packers,4.0,2.8,4.0,4.0,0,0,0,0.0,0,0,0,0,0,2025-12-07,1:00 PM,Lambeau Field,Green Bay,WI,44.5013,-88.0622,Outdoor,Grass,640.0,1957.0,,,,,
2025,14,28,Jake Moody,san_francisco_49ers,0.0,0.0,0.0,0.0,0,0,0,0.0,0,0,0,0,0,,,,,,,,,,,,,,,,
2025,15,1,Jason Myers,seattle_seahawks,24.0,41.0,24.0,24.0,56,6,6,100.0,0,0,2,2,2,2025-12-14,4:25 PM,Lumen Field,Seattle,WA,47.5952,-122.3316,Outdoor,Turf,20.0,2002.0,,,,,
2025,15,2,Brandon Mcmanus,green_bay_packers,16.0,34.1,16.0,16.0,53,4,4,100.0,0,1,2,0,1,2025-12-14,4:25 PM,Empower Field at Mile High,Denver,CO,39.7439,-105.0201,Outdoor,Turf,5280.0,2001.0,,,,,
2025,15,3,Blake Grupe,new_orleans_saints,15.0,32.6,15.0,15.0,60,3,3,100.0,0,0,0,1,2,2025-12-14,4:25 PM,Caesars Superdome,New Orleans,LA,29.9509,-90.0815,Indoor,Turf,3.0,1975.0,,,,,
2025,15,4,Eddy Pineiro,unknown,14.0,31.9,14.0,14.0,40,3,3,100.0,0,0,2,1,0,,,,,,,,,,,,,,,,
2025,15,5,Ka'Imi Fairbairn,houston_texans,18.0,31.7,18.0,18.0,55,4,5,80.0,0,1,2,0,1,2025-12-14,1:00 PM,NRG Stadium,Houston,TX,29.6847,-95.4107,Indoor,Turf,50.0,2002.0,,,,,
2025,15,6,Jake Moody,san_francisco_49ers,13.0,31.2,13.0,13.0,46,3,3,100.0,0,0,1,2,0,2025-12-14,4:25 PM,Levi's Stadium,Santa Clara,CA,37.403,-121.9692,Outdoor,Grass,13.0,2014.0,,,,,
2025,15,7,Cameron Dicker,los_angeles_chargers,12.0,30.6,12.0,12.0,49,3,3,100.0,0,1,0,2,0,2025-12-14,1:00 PM,GEHA Field at Arrowhead Stadium,Kansas City,MO,39.049,-94.4839,Outdoor,Grass,1020.0,1972.0,,,,,
2025,15,8,Will Reichard,minnesota_vikings,12.0,29.9,12.0,12.0,53,2,2,100.0,0,1,0,0,1,2025-12-14,8:20 PM,AT&T Stadium,Arlington,TX,32.7473,-97.0945,Indoor,Turf,639.0,2009.0,,,,,
2025,15,9,Cam Little,jacksonville_jaguars,12.0,29.9,12.0,12.0,33,2,2,100.0,0,1,1,0,0,2025-12-14,1:00 PM,TIAA Bank Field,Jacksonville,FL,30.3239,-81.6373,Outdoor,Grass,16.0,1995.0,,,,,
2025,15,10,Harrison Mevis,new_york_jets,12.0,29.8,12.0,12.0,44,2,2,100.0,0,0,1,1,0,2025-12-14,1:00 PM,TIAA Bank Field,Jacksonville,FL,30.3239,-81.6373,Outdoor,Grass,16.0,1995.0,,,,,
2025,15,11,Nick Folk,new_york_jets,11.0,29.1,11.0,11.0,51,2,2,100.0,0,0,0,1,1,2025-12-14,1:00 PM,TIAA Bank Field,Jacksonville,FL,30.3239,-81.6373,Outdoor,Grass,16.0,1995.0,,,,,
2025,15,12,Chase Mclaughlin,tampa_bay_buccaneers,11.0,29.1,11.0,11.0,52,2,2,100.0,0,0,0,1,1,2025-12-11,8:15 PM,Raymond James Stadium,Tampa,FL,27.9759,-82.5033,Outdoor,Grass,26.0,1998.0,,,,,
2025,15,13,Charlie Smyth,new_orleans_saints,10.0,28.4,10.0,10.0,47,2,2,100.0,0,0,0,2,0,2025-12-14,4:25 PM,Caesars Superdome,New Orleans,LA,29.9509,-90.0815,Indoor,Turf,3.0,1975.0,,,,,
2025,15,14,Brandon Aubrey,dallas_cowboys,16.6,28.26,16.6,16.6,41,4,6,66.7,0,1,1,2,0,2025-12-14,8:20 PM,AT&T Stadium,Arlington,TX,32.7473,-97.0945,Indoor,Turf,639.0,2009.0,,,,,
2025,15,15,Harrison Butker,kansas_city_chiefs,8.0,27.1,8.0,8.0,47,2,2,100.0,0,1,0,1,0,2025-12-14,1:00 PM,GEHA Field at Arrowhead Stadium,Kansas City,MO,39.049,-94.4839,Outdoor,Grass,1020.0,1972.0,,,,,
2025,15,16,Jake Elliott,philadelphia_eagles,7.0,25.7,7.0,7.0,27,1,1,100.0,0,1,0,0,0,2025-12-14,1:00 PM,Lincoln Financial Field,Philadelphia,PA,39.9008,-75.1675,Outdoor,Grass,30.0,2003.0,,,,,
2025,15,17,Andy Borregales,new_england_patriots,7.0,25.6,7.0,7.0,36,1,1,100.0,0,0,1,0,0,2025-12-14,1:00 PM,Gillette Stadium,Foxborough,MA,42.0909,-71.2643,Outdoor,Turf,289.0,2002.0,,,,,
2025,15,18,Tyler Loop,baltimore_ravens,6.0,25.0,6.0,6.0,27,1,1,100.0,0,1,0,0,0,2025-12-14,1:00 PM,Paycor Stadium,Cincinnati,OH,39.0954,-84.516,Outdoor,Turf,482.0,2000.0,,,,,
2025,15,19,Zane Gonzalez,unknown,6.0,24.9,6.0,6.0,43,1,1,100.0,0,0,0,1,0,,,,,,,,,,,,,,,,
2025,15,20,Ryan Fitzgerald,carolina_panthers,6.0,24.9,6.0,6.0,40,1,1,100.0,0,0,0,1,0,2025-12-14,4:25 PM,Caesars Superdome,New Orleans,LA,29.9509,-90.0815,Indoor,Turf,3.0,1975.0,,,,,
2025,15,21,Andre Szmyt,cleveland_browns,5.0,24.2,5.0,5.0,50,1,1,100.0,0,0,0,0,1,2025-12-14,1:00 PM,Soldier Field,Chicago,IL,41.8623,-87.6167,Outdoor,Grass,595.0,1924.0,,,,,
2025,15,22,Riley Patterson,miami_dolphins,5.0,24.2,5.0,5.0,54,1,1,100.0,0,0,0,0,1,2025-12-15,8:15 PM,Acrisure Stadium,Pittsburgh,PA,40.4468,-80.0158,Outdoor,Grass,730.0,2001.0,,,,,
2025,15,23,Jake Bates,detroit_lions,11.0,22.74,11.0,11.0,48,2,3,66.7,0,1,0,1,0,2025-12-14,4:25 PM,SoFi Stadium,Inglewood,CA,33.9535,-118.3392,Outdoor,Turf,100.0,2020.0,,,,,
2025,15,24,Cairo Santos,chicago_bears,8.0,16.5,8.0,8.0,41,1,2,50.0,0,0,0,1,0,2025-12-14,1:00 PM,Soldier Field,Chicago,IL,41.8623,-87.6167,Outdoor,Grass,595.0,1924.0,,,,,
2025,15,25,Joey Slye,tennessee_titans,6.0,15.2,6.0,6.0,25,1,2,50.0,0,1,0,0,0,2025-12-14,4:25 PM,Levi's Stadium,Santa Clara,CA,37.403,-121.9692,Outdoor,Grass,13.0,2014.0,,,,,
2025,15,26,Matt Prater,buffalo_bills,5.0,3.5,5.0,5.0,0,0,0,0.0,0,0,0,0,0,2025-12-14,1:00 PM,Gillette Stadium,Foxborough,MA,42.0909,-71.2643,Outdoor,Turf,289.0,2002.0,,,,,
2025,15,27,Chris Boswell,pittsburgh_steelers,4.0,2.8,4.0,4.0,0,0,0,0.0,0,0,0,0,0,2025-12-15,8:15 PM,Acrisure Stadium,Pittsburgh,PA,40.4468,-80.0158,Outdoor,Grass,730.0,2001.0,,,,,
2025,15,28,Wil Lutz,denver_broncos,4.0,2.8,4.0,4.0,0,0,0,0.0,0,0,0,0,0,2025-12-14,4:25 PM,Empower Field at Mile High,Denver,CO,39.7439,-105.0201,Outdoor,Turf,5280.0,2001.0,,,,,
2025,15,29,Younghoe Koo,atlanta_falcons,3.0,2.5,3.0,3.0,0,0,2,0.0,0,0,0,0,0,2025-12-11,8:15 PM,Raymond James Stadium,Tampa,FL,27.9759,-82.5033,Outdoor,Grass,26.0,1998.0,,,,,
2025,15,30,Chad Ryland,arizona_cardinals,2.0,1.4,2.0,2.0,0,0,0,0.0,0,0,0,0,0,2025-12-14,1:00 PM,NRG Stadium,Houston,TX,29.6847,-95.4107,Indoor,Turf,50.0,2002.0,,,,,
2025,15,31,Daniel Carlson,las_vegas_raiders,0.0,0.0,0.0,0.0,0,0,0,0.0,0,0,0,0,0,2025-12-14,1:00 PM,Lincoln Financial Field,Philadelphia,PA,39.9008,-75.1675,Outdoor,Grass,30.0,2003.0,,,,,
2025,15,32,Evan Mcpherson,cincinnati_bengals,0.0,0.0,0.0,0.0,0,0,0,0.0,0,0,0,0,0,2025-12-14,1:00 PM,Paycor Stadium,Cincinnati,OH,39.0954,-84.516,Outdoor,Turf,482.0,2000.0,,,,,
2025,16,1,Charlie Smyth,new_orleans_saints,20.0,34.36,20.0,20.0,50,5,6,83.3,0,0,3,1,1,2025-12-21,1:00 PM,Caesars Superdome,New Orleans,LA,29.9509,-90.0815,Indoor,Turf,3.0,1975.0,,,,,
2025,16,2,Ka'Imi Fairbairn,houston_texans,16.0,33.3,16.0,16.0,55,3,3,100.0,0,0,0,1,2,2025-12-21,4:25 PM,NRG Stadium,Houston,TX,29.6847,-95.4107,Indoor,Turf,50.0,2002.0,,,,,
2025,16,3,Cairo Santos,chicago_bears,14.0,31.9,14.0,14.0,51,3,3,100.0,0,0,0,2,1,2025-12-20,1:00 PM,Soldier Field,Chicago,IL,41.8623,-87.6167,Outdoor,Grass,595.0,1924.0,,,,,
2025,16,4,Ryan Fitzgerald,carolina_panthers,13.0,31.3,13.0,13.0,48,3,3,100.0,0,1,0,2,0,2025-12-21,1:00 PM,Bank of America Stadium,Charlotte,NC,35.2258,-80.8528,Outdoor,Grass,748.0,1996.0,,,,,
2025,16,5,Will Reichard,minnesota_vikings,11.0,29.8,11.0,11.0,43,3,3,100.0,0,0,2,1,0,2025-12-21,1:00 PM,MetLife Stadium,East Rutherford,NJ,40.8136,-74.0744,Outdoor,Turf,3.0,2010.0,,,,,
2025,16,6,Brandon Mcmanus,green_bay_packers,10.0,29.4,10.0,10.0,28,3,3,100.0,0,3,0,0,0,2025-12-20,1:00 PM,Soldier Field,Chicago,IL,41.8623,-87.6167,Outdoor,Grass,595.0,1924.0,,,,,
2025,16,7,Cam Little,jacksonville_jaguars,11.0,29.2,11.0,11.0,47,2,2,100.0,0,1,0,1,0,2025-12-21,4:05 PM,Empower Field at Mile High,Denver,CO,39.7439,-105.0201,Outdoor,Turf,5280.0,2001.0,,,,,
2025,16,8,Blake Grupe,new_orleans_saints,11.0,29.1,11.0,11.0,51,2,2,100.0,0,0,1,0,1,2025-12-21,1:00 PM,Caesars Superdome,New Orleans,LA,29.9509,-90.0815,Indoor,Turf,3.0,1975.0,,,,,
2025,16,9,Chad Ryland,arizona_cardinals,17.0,28.54,17.0,17.0,51,4,6,66.7,0,1,1,0,2,2025-12-21,4:05 PM,State Farm Stadium,Glendale,AZ,33.5275,-112.2625,Indoor,Turf,1070.0,2006.0,,,,,
2025,16,10,Cameron Dicker,los_angeles_chargers,10.0,28.5,10.0,10.0,37,2,2,100.0,0,1,1,0,0,2025-12-21,1:00 PM,AT&T Stadium,Arlington,TX,32.7473,-97.0945,Indoor,Turf,639.0,2009.0,,,,,
2025,16,11,Chase Mclaughlin,tampa_bay_buccaneers,10.0,28.5,10.0,10.0,50,2,2,100.0,0,1,0,0,1,2025-12-21,1:00 PM,Bank of America Stadium,Charlotte,NC,35.2258,-80.8528,Outdoor,Grass,748.0,1996.0,,,,,
2025,16,12,Zane Gonzalez,unknown,10.0,28.4,10.0,10.0,49,2,2,100.0,0,0,0,2,0,,,,,,,,,,,,,,,,
2025,16,13,Andy Borregales,new_england_patriots,10.0,28.4,10.0,10.0,45,2,2,100.0,0,0,0,2,0,2025-12-21,1:00 PM,M&T Bank Stadium,Baltimore,MD,39.2779,-76.6227,Outdoor,Grass,10.0,1998.0,,,,,
2025,16,14,Andre Szmyt,cleveland_browns,9.0,27.8,9.0,9.0,41,2,2,100.0,0,1,0,1,0,2025-12-21,1:00 PM,FirstEnergy Stadium,Cleveland,OH,41.5061,-81.6995,Outdoor,Grass,577.0,1999.0,,,,,
2025,16,15,Evan Mcpherson,cincinnati_bengals,10.0,27.7,10.0,10.0,45,1,1,100.0,0,0,0,1,0,2025-12-21,8:20 PM,Hard Rock Stadium,Miami Gardens,FL,25.958,-80.238,Outdoor,Grass,7.0,1987.0,,,,,
2025,16,16,Harrison Mevis,new_york_jets,14.0,27.3,14.0,14.0,41,3,4,75.0,0,2,0,1,0,2025-12-21,1:00 PM,Caesars Superdome,New Orleans,LA,29.9509,-90.0815,Indoor,Turf,3.0,1975.0,,,,,
2025,16,17,Ben Sauls,unknown,7.0,26.4,7.0,7.0,39,2,2,100.0,0,1,1,0,0,,,,,,,,,,,,,,,,
2025,16,18,Harrison Butker,kansas_city_chiefs,12.0,25.8,12.0,12.0,54,3,4,75.0,0,1,0,1,1,2025-12-21,1:00 PM,Nissan Stadium,Nashville,TN,36.1665,-86.7713,Outdoor,Grass,476.0,1999.0,,,,,
2025,16,19,Nick Folk,new_york_jets,6.0,25.7,6.0,6.0,36,2,2,100.0,0,1,1,0,0,2025-12-21,1:00 PM,Caesars Superdome,New Orleans,LA,29.9509,-90.0815,Indoor,Turf,3.0,1975.0,,,,,
2025,16,20,Joey Slye,tennessee_titans,6.0,25.0,6.0,6.0,27,1,1,100.0,0,1,0,0,0,2025-12-21,1:00 PM,Nissan Stadium,Nashville,TN,36.1665,-86.7713,Outdoor,Grass,476.0,1999.0,,,,,
2025,16,21,Michael Badgley,unknown,6.0,24.9,6.0,6.0,41,1,1,100.0,0,0,0,1,0,,,,,,,,,,,,,,,,
2025,16,22,Jake Bates,detroit_lions,6.0,24.9,6.0,6.0,36,1,1,100.0,0,0,1,0,0,2025-12-21,4:25 PM,Ford Field,Detroit,MI,42.34,-83.0456,Indoor,Turf,600.0,2002.0,,,,,
2025,16,23,Brandon Aubrey,dallas_cowboys,5.0,24.2,5.0,5.0,33,1,1,100.0,0,0,1,0,0,2025-12-21,1:00 PM,AT&T Stadium,Arlington,TX,32.7473,-97.0945,Indoor,Turf,639.0,2009.0,,,,,
2025,16,24,Jake Moody,san_francisco_49ers,4.0,23.6,4.0,4.0,20,1,1,100.0,0,1,0,0,0,2025-12-22,8:15 PM,Lucas Oil Stadium,Indianapolis,IN,39.7601,-86.1639,Indoor,Turf,700.0,2008.0,,,,,
2025,16,25,Eddy Pineiro,unknown,12.0,23.44,12.0,12.0,38,2,3,66.7,0,1,1,0,0,,,,,,,,,,,,,,,,
2025,16,26,Chris Boswell,pittsburgh_steelers,11.0,22.74,11.0,11.0,59,2,3,66.7,0,1,0,0,1,2025-12-21,4:25 PM,Ford Field,Detroit,MI,42.34,-83.0456,Indoor,Turf,600.0,2002.0,,,,,
2025,16,27,Wil Lutz,denver_broncos,10.0,22.04,10.0,10.0,54,2,3,66.7,0,1,0,0,1,2025-12-21,4:05 PM,Empower Field at Mile High,Denver,CO,39.7439,-105.0201,Outdoor,Turf,5280.0,2001.0,,,,,
2025,16,28,Tyler Loop,baltimore_ravens,6.0,15.1,6.0,6.0,36,1,2,50.0,0,0,1,0,0,2025-12-21,1:00 PM,M&T Bank Stadium,Baltimore,MD,39.2779,-76.6227,Outdoor,Grass,10.0,1998.0,,,,,
2025,16,29,Jake Elliott,philadelphia_eagles,3.0,2.5,3.0,3.0,0,0,2,0.0,0,0,0,0,0,2025-12-20,1:00 PM,FedExField,Landover,MD,38.9078,-76.8645,Outdoor,Grass,300.0,1997.0,,,,,
2025,16,30,Riley Patterson,miami_dolphins,3.0,2.1,3.0,3.0,0,0,0,0.0,0,0,0,0,0,2025-12-21,8:20 PM,Hard Rock Stadium,Miami Gardens,FL,25.958,-80.238,Outdoor,Grass,7.0,1987.0,,,,,
2025,16,31,Daniel Carlson,las_vegas_raiders,3.0,2.1,3.0,3.0,0,0,0,0.0,0,0,0,0,0,2025-12-21,4:25 PM,NRG Stadium,Houston,TX,29.6847,-95.4107,Indoor,Turf,50.0,2002.0,,,,,
2025,16,32,Jason Myers,seattle_seahawks,2.0,1.4,2.0,2.0,0,0,0,0.0,0,0,0,0,0,2025-12-18,8:15 PM,Lumen Field,Seattle,WA,47.5952,-122.3316,Outdoor,Turf,20.0,2002.0,,,,,
2025,17,1,Joey Slye,tennessee_titans,18.0,35.5,18.0,18.0,58,4,4,100.0,0,1,1,0,2,2025-12-28,1:00 PM,Nissan Stadium,Nashville,TN,36.1665,-86.7713,Outdoor,Grass,476.0,1999.0,,,,,
2025,17,2,Will Reichard,minnesota_vikings,16.0,33.3,16.0,16.0,56,3,3,100.0,0,0,0,1,2,2025-12-25,4:30 PM,U.S. Bank Stadium,Minneapolis,MN,44.974,-93.2581,Indoor,Turf,840.0,2016.0,,,,,
2025,17,3,Cam Little,jacksonville_jaguars,14.0,31.9,14.0,14.0,53,3,3,100.0,0,0,1,1,1,2025-12-28,1:00 PM,Lucas Oil Stadium,Indianapolis,IN,39.7601,-86.1639,Indoor,Turf,700.0,2008.0,,,,,
2025,17,4,Jake Moody,san_francisco_49ers,13.0,31.4,13.0,13.0,51,3,3,100.0,0,2,0,0,1,2025-12-28,8:20 PM,Levi's Stadium,Santa Clara,CA,37.403,-121.9692,Outdoor,Grass,13.0,2014.0,,,,,
2025,17,5,Brandon Aubrey,dallas_cowboys,17.0,29.2,17.0,17.0,52,3,4,75.0,0,0,0,1,2,2025-12-25,1:00 PM,FedExField,Landover,MD,38.9078,-76.8645,Outdoor,Grass,300.0,1997.0,,,,,
2025,17,6,Tyler Loop,baltimore_ravens,11.0,29.2,11.0,11.0,34,2,2,100.0,0,1,1,0,0,2025-12-28,1:00 PM,Lambeau Field,Green Bay,WI,44.5013,-88.0622,Outdoor,Grass,640.0,1957.0,,,,,
2025,17,7,Ben Sauls,unknown,10.0,28.5,10.0,10.0,32,2,2,100.0,0,1,1,0,0,,,,,,,,,,,,,,,,
2025,17,8,Jason Myers,seattle_seahawks,10.0,28.4,10.0,10.0,48,2,2,100.0,0,0,1,1,0,2025-12-28,1:00 PM,Bank of America Stadium,Charlotte,NC,35.2258,-80.8528,Outdoor,Grass,748.0,1996.0,,,,,
2025,17,9,Harrison Butker,kansas_city_chiefs,10.0,28.4,10.0,10.0,53,2,2,100.0,0,0,0,1,1,2025-12-25,8:15 PM,GEHA Field at Arrowhead Stadium,Kansas City,MO,39.049,-94.4839,Outdoor,Grass,1020.0,1972.0,,,,,
2025,17,10,Ka'Imi Fairbairn,houston_texans,10.0,28.4,10.0,10.0,44,2,2,100.0,0,0,0,2,0,2025-12-28,1:00 PM,SoFi Stadium,Inglewood,CA,33.9535,-118.3392,Outdoor,Turf,100.0,2020.0,,,,,
2025,17,11,Andre Szmyt,cleveland_browns,9.0,27.7,9.0,9.0,50,2,2,100.0,0,0,1,0,1,2025-12-28,1:00 PM,FirstEnergy Stadium,Cleveland,OH,41.5061,-81.6995,Outdoor,Grass,577.0,1999.0,,,,,
2025,17,12,Riley Patterson,miami_dolphins,8.0,27.1,8.0,8.0,31,2,2,100.0,0,1,1,0,0,2025-12-28,1:00 PM,Hard Rock Stadium,Miami Gardens,FL,25.958,-80.238,Outdoor,Grass,7.0,1987.0,,,,,
2025,17,13,Jake Elliott,philadelphia_eagles,8.0,27.1,8.0,8.0,47,2,2,100.0,0,1,0,1,0,2025-12-28,4:25 PM,Highmark Stadium,Orchard Park,NY,42.7738,-78.7868,Outdoor,Grass,600.0,1973.0,,,,,
2025,17,14,Wil Lutz,denver_broncos,8.0,27.1,8.0,8.0,30,2,2,100.0,0,1,1,0,0,2025-12-25,8:15 PM,GEHA Field at Arrowhead Stadium,Kansas City,MO,39.049,-94.4839,Outdoor,Grass,1020.0,1972.0,,,,,
2025,17,15,Evan Mcpherson,cincinnati_bengals,9.0,27.0,9.0,9.0,57,1,1,100.0,0,0,0,0,1,2025-12-28,1:00 PM,Paycor Stadium,Cincinnati,OH,39.0954,-84.516,Outdoor,Turf,482.0,2000.0,,,,,
2025,17,16,Cairo Santos,chicago_bears,8.0,26.4,8.0,8.0,29,1,1,100.0,0,1,0,0,0,2025-12-28,8:20 PM,Levi's Stadium,Santa Clara,CA,37.403,-121.9692,Outdoor,Grass,13.0,2014.0,,,,,
2025,17,17,Brandon Mcmanus,green_bay_packers,6.0,25.0,6.0,6.0,24,1,1,100.0,0,1,0,0,0,2025-12-28,1:00 PM,Lambeau Field,Green Bay,WI,44.5013,-88.0622,Outdoor,Grass,640.0,1957.0,,,,,
2025,17,18,Harrison Mevis,new_york_jets,6.0,24.9,6.0,6.0,35,1,1,100.0,0,0,1,0,0,2025-12-28,1:00 PM,MetLife Stadium,East Rutherford,NJ,40.8136,-74.0744,Outdoor,Turf,3.0,2010.0,,,,,
2025,17,19,Charlie Smyth,new_orleans_saints,14.0,24.74,14.0,14.0,57,2,3,66.7,0,0,0,0,2,2025-12-28,1:00 PM,Nissan Stadium,Nashville,TN,36.1665,-86.7713,Outdoor,Grass,476.0,1999.0,,,,,
2025,17,20,Jake Bates,detroit_lions,5.0,24.2,5.0,5.0,48,1,1,100.0,0,0,0,1,0,2025-12-25,4:30 PM,U.S. Bank Stadium,Minneapolis,MN,44.974,-93.2581,Indoor,Turf,840.0,2016.0,,,,,
2025,17,21,Daniel Carlson,las_vegas_raiders,5.0,24.2,5.0,5.0,42,1,1,100.0,0,0,0,1,0,2025-12-28,1:00 PM,Allegiant Stadium,Las Vegas,NV,36.0908,-115.183,Indoor,Turf,2001.0,2020.0,,,,,
2025,17,22,Blake Grupe,new_orleans_saints,5.0,24.2,5.0,5.0,33,1,1,100.0,0,0,1,0,0,2025-12-28,1:00 PM,Nissan Stadium,Nashville,TN,36.1665,-86.7713,Outdoor,Grass,476.0,1999.0,,,,,
2025,17,23,Zane Gonzalez,unknown,13.0,24.04,13.0,13.0,56,2,3,66.7,0,0,0,0,2,,,,,,,,,,,,,,,,
2025,17,24,Nick Folk,new_york_jets,4.0,23.5,4.0,4.0,39,1,1,100.0,0,0,1,0,0,2025-12-28,1:00 PM,MetLife Stadium,East Rutherford,NJ,40.8136,-74.0744,Outdoor,Turf,3.0,2010.0,,,,,
2025,17,25,Ryan Fitzgerald,carolina_panthers,4.0,23.5,4.0,4.0,35,1,1,100.0,0,0,1,0,0,2025-12-28,1:00 PM,Bank of America Stadium,Charlotte,NC,35.2258,-80.8528,Outdoor,Grass,748.0,1996.0,,,,,
2025,17,26,Chris Boswell,pittsburgh_steelers,8.0,20.54,8.0,8.0,44,2,3,66.7,0,0,0,2,0,2025-12-28,1:00 PM,FirstEnergy Stadium,Cleveland,OH,41.5061,-81.6995,Outdoor,Grass,577.0,1999.0,,,,,
2025,17,27,Chase Mclaughlin,tampa_bay_buccaneers,5.0,14.4,5.0,5.0,33,1,2,50.0,0,0,1,0,0,2025-12-28,1:00 PM,Hard Rock Stadium,Miami Gardens,FL,25.958,-80.238,Outdoor,Grass,7.0,1987.0,,,,,
2025,17,28,Cameron Dicker,los_angeles_chargers,4.0,13.8,4.0,4.0,27,1,2,50.0,0,1,0,0,0,2025-12-28,1:00 PM,SoFi Stadium,Inglewood,CA,33.9535,-118.3392,Outdoor,Turf,100.0,2020.0,,,,,
2025,17,29,Andy Borregales,new_england_patriots,6.0,4.4,6.0,6.0,0,0,1,0.0,0,0,0,0,0,2025-12-28,1:00 PM,MetLife Stadium,East Rutherford,NJ,40.8136,-74.0744,Outdoor,Turf,3.0,2010.0,,,,,
2025,17,30,Eddy Pineiro,unknown,6.0,4.2,6.0,6.0,0,0,0,0.0,0,0,0,0,0,,,,,,,,,,,,,,,,
2025,17,31,Chad Ryland,arizona_cardinals,2.0,1.4,2.0,2.0,0,0,0,0.0,0,0,0,0,0,2025-12-28,1:00 PM,Paycor Stadium,Cincinnati,OH,39.0954,-84.516,Outdoor,Turf,482.0,2000.0,,,,,
2025,17,32,Michael Badgley,unknown,0.0,0.0,0.0,0.0,0,0,0,0.0,0,0,0,0,0,,,,,,,,,,,,,,,,
