year,player_id,player_name,team,position,games_played,fpts,fpts_ppr,fpts_per_game,fpts_ppr_per_game,yds,td
2026.0,149c50230528d892f59eb3a43784cfe2,Trey McBride,ARI,TE,17.0,189.89999999999998,315.9,11.17,18.6,1239.0,11.0
2026.0,66dc4ae7ea8b39738c14b12116b424d3,Kyle Pitts Sr.,ATL,TE,17.0,122.80000000000001,210.8,7.22,12.4,928.0,5.0
2026.0,d1a3dbc9e6b23848ee7d758ba49be4e6,Travis Kelce,KC,TE,17.0,117.19999999999999,193.2,6.89,11.4,851.0,5.0
2026.0,6ff2512a50fd76203e97631f480768a8,Tyler Warren,IND,TE,17.0,112.5,188.5,6.62,11.1,817.0,4.0
2026.0,d2a4212a6f597cc9f7590a23eb7dad6b,Jake Ferguson,DAL,TE,17.0,106.1,188.1,6.24,11.1,600.0,8.0
2026.0,4c0b1e2c83db8fb57e90cafbfee313da,Harold Fannin Jr.,CLE,TE,16.0,114.4,186.4,7.15,11.7,731.0,6.0
2026.0,5f0ba329b995c93b32f60de2da1e75b9,Dallas Goedert,PHI,TE,15.0,125.1,185.1,8.34,12.3,591.0,11.0
2026.0,15192466708adb1c128f417694b0c1e1,Juwan Johnson,NO,TE,17.0,102.9,179.9,6.05,10.6,889.0,3.0
2026.0,0c6caf30777de7d20ef46d52f3493131,Hunter Henry,NE,TE,17.0,118.80000000000001,178.8,6.99,10.5,768.0,7.0
2026.0,025e84af528c42fbc8ce5915f65b78b6,Dalton Schultz,HOU,TE,17.0,95.69999999999999,177.7,5.63,10.5,777.0,3.0
2026.0,d8315629d06121541cd6929bc880b256,Brock Bowers,LV,TE,12.0,112.19999999999999,176.2,9.35,14.7,680.0,7.0
2026.0,ad6b361d08fdf733882c66853c7c87f5,Colston Loveland,CHI,TE,16.0,107.1,165.1,6.69,10.3,713.0,6.0
2026.0,734e8a8c5ca074911074dce1c38fbc19,George Kittle,SF,TE,11.0,104.5,161.5,9.5,14.7,628.0,7.0
2026.0,fb10236dd63ea42433f2b503d88f5d94,AJ Barner,SEA,TE,17.0,95.30000000000001,147.3,5.61,8.7,519.0,6.0
2026.0,93e614163c496d54f7cd587514d1a1dc,Oronde Gadsden II,LAC,TE,15.0,82.4,131.4,5.49,8.8,664.0,3.0
2026.0,9e1035be27b13b71d90fe1ca2b384347,Mark Andrews,BAL,TE,17.0,83.0,131.0,4.88,7.7,422.0,5.0
2026.0,12d2804a381b38bad9a6f0511ac2a70b,Colby Parkinson,LAR,TE,15.0,86.80000000000001,129.8,5.79,8.7,408.0,8.0
2026.0,7b109874c2642fbcbb7cf7214e9ba713,Theo Johnson,NYG,TE,15.0,82.8,127.8,5.52,8.5,528.0,5.0
2026.0,08dfc03321b8773b719565f1cac4b9bb,Zach Ertz,FA,TE,13.0,76.4,126.4,5.88,9.7,504.0,4.0
2026.0,8dcba3a17d1e3d5256c89d09e50c7549,Dalton Kincaid,BUF,TE,12.0,87.1,126.1,7.26,10.5,571.0,5.0
2026.0,7724c388dae3e312504f39b5184eaa93,Chig Okonkwo,WAS,TE,17.0,68.0,124.0,4.0,7.3,560.0,2.0
2026.0,1d3883b8b01abfca677e9f23cc5fce73,Cade Otton,TB,TE,16.0,63.2,122.2,3.95,7.6,572.0,1.0
2026.0,5ddeda4e601503a713f93fe497cadf63,Brenton Strange,JAC,TE,12.0,72.0,118.0,6.0,9.8,540.0,3.0
2026.0,fa345334790e14d6fa9ac1b4f16c423f,Tucker Kraft,GB,TE,8.0,85.2,117.2,10.65,14.7,489.0,6.0
2026.0,4b841ae2534a9937a01c6c1d8175d15b,Pat Freiermuth,PIT,TE,17.0,72.6,113.6,4.27,6.7,486.0,4.0
2026.0,57e8757b3eb0c1ab862fea76188c1fff,T.J. Hockenson,MIN,TE,15.0,61.8,112.8,4.12,7.5,438.0,3.0
2026.0,4f9c7d7bc16754e1841cbdcd2331143e,Sam LaPorta,DET,TE,9.0,66.9,106.9,7.43,11.9,489.0,3.0
2026.0,8138311d61dbc9958841bbcc4848ef39,Dawson Knox,BUF,TE,17.0,67.7,103.7,3.98,6.1,417.0,4.0
2026.0,25a852007b3b00d3d1ddb2c408c1ba84,Evan Engram,DEN,TE,16.0,52.8,102.8,3.3,6.4,461.0,1.0
2026.0,636753221f18821d2e29511120169bd7,Jake Tonges,SF,TE,16.0,59.3,93.3,3.71,5.8,293.0,5.0
2026.0,5c838b5eb47e9a01484c9f19894a87c1,Gunnar Helm,TEN,TE,16.0,47.7,91.7,2.98,5.7,357.0,2.0
2026.0,79948b1d8ff3a67d22601a4e4457ac2d,Mason Taylor,NYJ,TE,13.0,44.900000000000006,88.9,3.45,6.8,369.0,1.0
2026.0,b3289448b4027f8a355c4248657795d7,Darren Waller,FA,TE,9.0,64.7,88.7,7.19,9.9,283.0,6.0
2026.0,8f19e094447c91c3335cc8dee3985407,David Njoku,FA,TE,12.0,53.3,86.3,4.44,7.2,293.0,4.0
2026.0,47d716638c445e84811d7054847f8543,Jonnu Smith,FA,TE,17.0,47.2,85.2,2.78,5.0,222.0,2.0
2026.0,528cfad8e9ad2966264ce6f8b7f2be03,Cole Kmet,CHI,TE,16.0,48.7,78.7,3.04,4.9,347.0,2.0
2026.0,268056eb7a0b7ed465d7688764408995,Noah Fant,NO,TE,15.0,40.8,74.8,2.72,5.0,288.0,3.0
2026.0,2c9318a275feff15b38590c8afbae5ad,Michael Mayer,LV,TE,13.0,38.8,73.8,2.98,5.7,328.0,1.0
2026.0,890f9655fc3460552c204e9ec2971623,Darnell Washington,PIT,TE,16.0,42.400000000000006,73.4,2.65,4.6,364.0,1.0
2026.0,8e4e360f0f27f6b9e21c9ed6f73410ce,Tyler Higbee,LAR,TE,10.0,46.099999999999994,71.1,4.61,7.1,281.0,3.0
2026.0,13078133c466538c657c32696f0b326f,Mike Gesicki,CIN,TE,13.0,42.7,70.7,3.28,5.4,307.0,2.0
2026.0,a48d892c37917886f02fcbe8d989093e,Tommy Tremble,CAR,TE,17.0,36.9,63.9,2.17,3.8,249.0,2.0
2026.0,22049b9868bc17d70b88cf19525d7a74,Davis Allen,LAR,TE,17.0,38.8,62.8,2.28,3.7,208.0,3.0
2026.0,516289a6cb54a747dc55ec09d009a538,Greg Dulcich,MIA,TE,10.0,36.8,62.8,3.68,6.3,335.0,1.0
2026.0,48b077863ca88febdf0082c641837f0d,Isaiah Likely,NYG,TE,14.0,34.7,61.7,2.48,4.4,307.0,1.0
2026.0,fdb547e5bf499be9e2df4832660ce352,Daniel Bellinger,TEN,TE,16.0,40.6,59.6,2.54,3.7,286.0,2.0
2026.0,ebaf8389710d4f51741511369c1eef9d,Austin Hooper,ATL,TE,16.0,38.3,59.3,2.39,3.7,263.0,2.0
2026.0,41ec546fc560147eb2fc86b0f3492f62,Elijah Higgins,ARI,TE,17.0,28.1,58.1,1.65,3.4,301.0,0.0
2026.0,8b6282fdba6e87fa0f9aae59160bfda7,Josh Oliver,MIN,TE,15.0,40.0,55.0,2.67,3.7,160.0,4.0
2026.0,2a02168996b262933512f9381e255b7f,Ja'Tavion Sanders,CAR,TE,13.0,25.0,54.0,1.92,4.2,190.0,1.0
2026.0,707a244671df41713fdd0331c66ec7ad,Jackson Hawes,BUF,TE,17.0,36.7,52.7,2.16,3.1,187.0,3.0
2026.0,fb8b9aebd9a517b29cc7402672061402,Terrance Ferguson,LAR,TE,13.0,41.1,52.1,3.16,4.0,231.0,3.0
2026.0,c5f7c2abc2a15899e605e49fc26ff01b,Luke Musgrave,GB,TE,17.0,25.200000000000003,49.2,1.48,2.9,252.0,0.0
2026.0,70fc10dfa861b2d758ed094919d85d15,Mitchell Evans,CAR,TE,17.0,29.200000000000003,48.2,1.72,2.8,171.0,2.0
2026.0,e523c4b6f1135e23b310f213841ad9f5,Tanner Hudson,CIN,TE,13.0,28.799999999999997,47.8,2.22,3.7,168.0,2.0
2026.0,4c41d4e3ac159960ad07331c7bec0bb0,Jeremy Ruckert,NYJ,TE,17.0,23.9,46.9,1.41,2.8,179.0,1.0
2026.0,5fa374ddb6b00946fcfa8924d3532dfb,Adam Trautman,DEN,TE,17.0,25.5,45.5,1.5,2.7,195.0,1.0
2026.0,0c0d30b551890e05c807e9cd5c51d7cc,Taysom Hill,FA,TE,13.0,30.799999999999997,41.8,2.37,3.2,91.0,0.0
2026.0,8151482d6c9a8e36a671885f22c472fd,Noah Gray,KC,TE,16.0,17.799999999999997,38.8,1.11,2.4,178.0,0.0
2026.0,87c2c3114e4c419339e1ace8d99ae186,Elijah Arroyo,SEA,TE,13.0,21.9,36.9,1.68,2.8,179.0,1.0
2026.0,2e9e019f822c23fe47a882a44d38eb66,Brock Wright,DET,TE,11.0,22.799999999999997,36.8,2.07,3.3,108.0,2.0
2026.0,bf9ce8021911e3e76a3e4159000beccf,Charlie Kolar,LAC,TE,17.0,26.200000000000003,36.2,1.54,2.1,142.0,2.0
2026.0,04d0aa348a9b3a18d9d570dde6e169d0,Hunter Long,JAC,TE,9.0,20.5,32.5,2.28,3.6,85.0,2.0
2026.0,37b0c8d6f7253224f1bd7aafb8f7f740,Drew Sample,CIN,TE,17.0,16.9,31.9,0.99,1.9,106.0,1.0
2026.0,39b89802f1852582ed08d1e2eb5b57d1,Julian Hill,NE,TE,14.0,16.0,31.0,1.14,2.2,140.0,0.0
2026.0,e994fd37c5198269b14ebc19a52cce2a,Mo Alie-Cox,IND,TE,17.0,17.7,30.7,1.04,1.8,117.0,1.0
2026.0,59d881c2d3fbf14e0836936e5d2b584b,Luke Farrell,SF,TE,17.0,18.5,29.5,1.09,1.7,85.0,2.0
2026.0,5afebb3c9b081671026ee62a79be4739,Ben Sinnott,WAS,TE,16.0,17.4,28.4,1.09,1.8,114.0,1.0
2026.0,6e661a69d3ca99492c4c323197788d3f,Connor Heyward,LV,TE,16.0,24.4,27.4,1.52,1.7,21.0,1.0
2026.0,ab0213f454d44cf428b141f50852d422,John Bates,WAS,TE,15.0,16.3,27.3,1.09,1.8,103.0,1.0
2026.0,c3d682f814f99e713110c8241dbc4026,Luke Schoonmaker,DAL,TE,17.0,13.2,27.2,0.78,1.6,132.0,0.0
2026.0,3ee745a88f5cfd18c33919abb3f95440,John FitzPatrick,FA,TE,15.0,13.2,25.2,0.88,1.7,72.0,1.0
2026.0,f30244e0953bd6652d50ee3da85b9c0d,Ian Thomas,FA,TE,15.0,11.399999999999999,24.4,0.76,1.6,114.0,0.0
2026.0,6f07e5d9578017c9692e1eb1dd28a806,Brevyn Spann-Ford,DAL,TE,17.0,15.0,24.0,0.88,1.4,90.0,1.0
2026.0,1a7f0b0eb30760a11b475326ffbb42ae,Andrew Beck,NYJ,TE,17.0,17.0,23.0,1.0,1.4,45.0,2.0
2026.0,b9aef82d1904b2acccdabacdc21006a2,Grant Calcaterra,PHI,TE,15.0,13.600000000000001,22.6,0.91,1.5,76.0,1.0
2026.0,8efb171ac05d60d5f40b272d576307f0,Will Dissly,FA,TE,9.0,9.7,20.7,1.08,2.3,97.0,0.0
2026.0,9cc95ef9aeb2077b8aed054d5ae68957,Johnny Mundt,PHI,TE,16.0,11.100000000000001,20.1,0.69,1.3,111.0,0.0
2026.0,b072fda41ce8823e284b1d6fe538da88,Cade Stover,HOU,TE,9.0,7.899999999999999,19.9,0.88,2.2,76.0,0.0
2026.0,4a0e15540bd658b9ea81890a57a4ee80,Tanner Conner,NYG,TE,9.0,9.100000000000001,18.1,1.01,2.0,91.0,0.0
2026.0,5b7a28d48a35bc55c5f6fe38a6d74cc4,Quintin Morris,JAC,TE,13.0,11.5,17.5,0.88,1.3,55.0,1.0
2026.0,bdf26c52960a4ebceeefb09e1c7ba64a,Tyler Conklin,DET,TE,10.0,10.3,17.3,1.03,1.7,101.0,0.0
2026.0,ff55efb2320834eefde4d9faa03e8cf5,Nate Adkins,DEN,TE,9.0,10.8,16.8,1.2,1.9,48.0,1.0
2026.0,bc563bf2d5b0bb8b15a2f591ee986c20,Jack Stoll,CLE,TE,15.0,10.600000000000001,16.6,0.71,1.1,46.0,1.0
2026.0,e5f9b6d1d196b61f3a2fe24b8658db42,Josh Whyle,GB,TE,8.0,9.6,14.6,1.2,1.8,36.0,1.0
2026.0,9b2ed795db393c9defc0c2fef5e7d3ef,Anthony Firkser,FA,TE,7.0,5.300000000000001,13.3,0.76,1.9,53.0,0.0
2026.0,2f5ccbe111168eb8a8fc3b0aef94be1d,David Martin-Robinson,TEN,TE,15.0,9.0,13.0,0.6,0.9,30.0,1.0
2026.0,27efd39ba876350d8dd4bd55b8e9e776,Foster Moreau,HOU,TE,11.0,5.9,12.9,0.54,1.2,59.0,0.0
2026.0,ebf4af84f10d54ee547dbc418263db67,Charlie Woerner,ATL,TE,17.0,4.800000000000001,12.8,0.28,0.8,48.0,0.0
2026.0,c76a32bf4f0b8496462570f230d1bad2,Drew Ogletree,IND,TE,15.0,8.7,12.7,0.58,0.8,27.0,1.0
2026.0,010bcad657b8f3a4a64e24360463141b,Stone Smartt,PHI,TE,9.0,5.199999999999999,12.2,0.58,1.4,52.0,0.0
2026.0,2523cbff17327377c811552cd6f62c80,Josiah Deguara,FA,TE,12.0,8.1,11.1,0.68,0.9,21.0,1.0
2026.0,74466ec4836fdfcbe709d784b49a74bf,Kylen Granson,TEN,TE,17.0,4.0,11.0,0.24,0.6,40.0,0.0
2026.0,ebb3fdc4820975d95e9c5407f1f6e7ee,Eric Saubert,SEA,TE,11.0,5.1,9.1,0.46,0.8,31.0,0.0
2026.0,40b16aef0303d80efccd7ce14d4e500c,Brenden Bates,CLE,TE,9.0,4.800000000000001,8.8,0.53,1.0,48.0,0.0
2026.0,36ecc5e8b4615d27f16f2ca5f93dec80,Albert Okwuegbunam Jr.,LV,TE,1.0,3.5999999999999996,8.6,3.6,8.6,36.0,0.0
2026.0,69171748a546c5768c6b96936d76d367,Devin Culp,TB,TE,11.0,6.6,7.6,0.6,0.7,6.0,1.0
2026.0,3002205c727803ef1d6aaf742b9458e6,Keleki Latu,BUF,TE,5.0,3.5,7.5,0.7,1.5,35.0,0.0
2026.0,b23e3273a01d9786f01f19d1715382cf,Durham Smythe,BAL,TE,17.0,2.5,6.5,0.15,0.4,25.0,0.0
2026.0,14c91bd485170c01e3c3ca35b90dea5a,Ben Sims,MIA,TE,9.0,3.0,6.0,0.33,0.7,30.0,0.0
2026.0,3aa5dec05753171f1697f21b84bb82d0,James Mitchell,CAR,TE,5.0,2.8,5.8,0.56,1.2,28.0,0.0
2026.0,343937b2f52581794eb36040ab913ff6,Shane Zylstra,FA,TE,5.0,2.0,5.0,0.4,1.0,20.0,0.0
2026.0,7745e473c66655bc891aa8dd51036860,Tip Reiman,ARI,TE,5.0,1.7999999999999998,4.8,0.36,1.0,18.0,0.0
2026.0,a2c36d13fc8c9a8cd9348059b28435dc,Tucker Fisk,FA,TE,10.0,1.9,3.9,0.19,0.4,19.0,0.0
2026.0,e7e91a50ab70591635766130a25157a7,Colson Yankoff,WAS,TE,14.0,1.7999999999999998,3.8,0.13,0.3,18.0,0.0
2026.0,3a044f7e5a498af2f3e1a2a830e338f1,Zaire Mitchell-Paden,NO,TE,8.0,1.7000000000000002,3.7,0.21,0.5,17.0,0.0
2026.0,66f19cadfc69b36ab02ab072bbdd7cd0,Lucas Krull,DEN,TE,4.0,1.5,3.5,0.38,0.9,15.0,0.0
2026.0,d089cdad3004abb46faf5ee95db616fd,Jelani Woods,NYJ,TE,6.0,2.4,3.4,0.4,0.6,4.0,0.0
2026.0,c0b79e2dcee2279f23393336dc9735b1,Ben Yurosek,MIN,TE,12.0,1.4,3.4,0.12,0.3,14.0,0.0
2026.0,59f0c8bd1d4bde9a02e7440439ae3d89,Sal Cannella,CLE,TE,2.0,1.1,3.1,0.55,1.6,11.0,0.0
2026.0,00a0bb3e7ae9c0b16e511131524f6888,Moliki Matavao,NO,TE,6.0,1.0,3.0,0.17,0.5,10.0,0.0
2026.0,418ec44c3ccfe41021337ae44b9be550,Harrison Bryant,FA,TE,12.0,0.7000000000000002,2.7,0.06,0.2,7.0,0.0
2026.0,46321e1f1e037f5a8311a830633c95a3,Ross Dwelley,FA,TE,10.0,0.7000000000000002,2.7,0.07,0.3,7.0,0.0
2026.0,4170246e18b11e09fde374e162b44d54,Cam Grandy,CIN,TE,5.0,0.7000000000000002,2.7,0.14,0.5,7.0,0.0
2026.0,01b7679cb96a06962cce16ed14e45c69,Will Mallory,IND,TE,2.0,1.6,2.6,0.8,1.3,16.0,0.0
2026.0,f7d405a5076efb41d262e692a89ca384,Blake Whiteheart,FA,TE,16.0,0.3999999999999999,2.4,0.02,0.2,4.0,0.0
2026.0,521d788eb5215a0e55213ca97251ec9e,Payne Durham,TB,TE,17.0,1.1,2.1,0.06,0.1,11.0,0.0
2026.0,5cdc733b8ed2a5d5b4758c04d25a42f1,Pharaoh Brown,FA,TE,7.0,0.10000000000000009,2.1,0.01,0.3,1.0,0.0
2026.0,5359b66a4637837cff0b1481c88fb361,Chris Manhertz,NYG,TE,17.0,0.7,1.7,0.04,0.1,7.0,0.0
2026.0,ec034084bebbf093ffac7c2f06178bd6,Jared Wiley,KC,TE,4.0,0.3999999999999999,1.4,0.1,0.4,4.0,0.0
2026.0,14fadbe79a699d2def9a3369078c37cb,Carter Runyon,LV,TE,11.0,0.30000000000000004,1.3,0.03,0.1,3.0,0.0
2026.0,e9931d2267eb0d5e6ddf7405b9c68bf5,Drake Dabney,GB,TE,2.0,0.30000000000000004,1.3,0.15,0.7,3.0,0.0
2026.0,c8374379afa0ff9a21f9b72862889080,Robert Tonyan,FA,TE,16.0,0.10000000000000009,1.1,0.01,0.1,1.0,0.0
2026.0,1afa3614ea5a7782d532749347e440ea,Jack Westover,NE,TE,17.0,0.0,1.0,0.0,0.1,0.0,0.0
2026.0,3e09277e156281dd526a1b26d900cd2c,Giovanni Ricci,FA,TE,3.0,0.0,0.0,0.0,0.0,0.0,0.0
2026.0,b5d889d29c473772caa31c4b00c9bb2d,Nick Vannett,LAR,TE,4.0,0.0,0.0,0.0,0.0,0.0,0.0
2026.0,022fc9a93d52fad1f74f267ff238fd39,Kenny Yeboah,FA,TE,1.0,0.0,0.0,0.0,0.0,0.0,0.0
2026.0,6c513c7bebc9e644a1fe9d2fe2fc5c44,Jake Briningstool,KC,TE,0.0,0.0,0.0,NaN,0.0,0.0,0.0
2026.0,30b00b9dcba9ebc288c045b97f0d80d5,Jalin Conyers,MIA,TE,0.0,0.0,0.0,NaN,0.0,0.0,0.0
2026.0,ef4a092e12478b733056c05f395da544,Luke Lachey,HOU,TE,0.0,0.0,0.0,NaN,0.0,0.0,0.0
2026.0,fea1b21b4cb36c1a5c54ca5edd9ed35c,Thomas Fidone II,NYG,TE,2.0,0.0,0.0,0.0,0.0,0.0,0.0
2026.0,491051aa9e20d2fefdf57a39c4aa3756,Feleipe Franks,CAR,TE,12.0,0.0,0.0,0.0,0.0,0.0,0.0
2026.0,92caecde54bfe8165b5fe4e85987548f,Brevin Jordan,HOU,TE,0.0,0.0,0.0,NaN,0.0,0.0,0.0
2026.0,f13880fa96560fca262a3afd1c0c1067,Tyler Ott,WAS,TE,1.0,0.0,0.0,0.0,0.0,0.0,0.0
2026.0,22c867e4a3f9effd114c74b7dbbbb61c,Sean McKeon,IND,TE,1.0,0.0,0.0,0.0,0.0,0.0,0.0
2026.0,c64b609a06ce5e014283a12f4bdfe372,Lawrence Cager,WAS,TE,1.0,0.0,0.0,0.0,0.0,0.0,0.0
2026.0,059e628b670f7e8ea87f6cfdc6d6c38f,Hayden Rucci,SF,TE,4.0,0.0,0.0,0.0,0.0,0.0,0.0
2026.0,144558330d61470160cbf0318fc1564b,CJ Dippre,NE,TE,2.0,0.0,0.0,0.0,0.0,0.0,0.0
2026.0,1d90a8eace8a2bf16aa176a1c067509d,Qadir Ismail,CHI,TE,0.0,0.0,0.0,NaN,0.0,0.0,0.0
2026.0,eadfdf9b54b2ce12898d146536b528e3,Joshua Simon,ATL,TE,0.0,0.0,0.0,NaN,0.0,0.0,0.0
2026.0,f66ebb4cedb690cd5688e5ddabb37334,Robbie Ouzts,SEA,TE,12.0,0.0,0.0,0.0,0.0,0.0,0.0
2026.0,d3aec56837b08c46de7ddef4672e76f8,Rivaldo Fairweather,ARI,TE,0.0,0.0,0.0,NaN,0.0,0.0,0.0
2026.0,ac2bd6c3d2bf484e91d81c336cfe3381,Caleb Lohner,DEN,TE,0.0,0.0,0.0,NaN,0.0,0.0,0.0
2026.0,43429d0641b1b25378d34cecff89b6f2,McCallan Castles,GB,TE,0.0,0.0,0.0,NaN,0.0,0.0,0.0
2026.0,38e4118f9d5619bd861cb220a13b7cf3,Caden Prieskorn,CLE,TE,0.0,0.0,0.0,NaN,0.0,0.0,0.0
2026.0,66b6d2d28d79b1719c1aa1d1301d97f4,Gavin Bartholomew,MIN,TE,0.0,0.0,0.0,NaN,0.0,0.0,0.0
2026.0,1a93df5d5334b8a36d7ba54cf0883692,Tanner McLachlan,LAC,TE,0.0,0.0,0.0,NaN,0.0,0.0,0.0
2026.0,3a1db875d34b23231268d82e18f33a6c,Thomas Yassmin,LAC,TE,0.0,0.0,0.0,NaN,0.0,0.0,0.0
2026.0,d826cd0d5bc8524c0b5adf2f6aad6f13,Treyton Welch,NO,TE,3.0,0.0,0.0,0.0,0.0,0.0,0.0
2026.0,86f7779817f1c0e7e1426d2cab77558c,Messiah Swinson,GB,TE,0.0,0.0,0.0,NaN,0.0,0.0,0.0
2026.0,ab653a98d4afc2a8a317f4428f8ef390,Bryson Nesbit,MIN,TE,0.0,0.0,0.0,NaN,0.0,0.0,0.0
2026.0,4344fb60c5c16820dac462e6b81a8b01,Tre Watson,KC,TE,0.0,0.0,0.0,NaN,0.0,0.0,0.0
2026.0,665c3a87a56f5d1ea079aab3c48fa18a,Zach Horton,DET,TE,2.0,0.0,0.0,0.0,0.0,0.0,0.0
2026.0,acb44fd3bd743c106bb20bc994533d0c,Marshall Lang,NE,TE,0.0,0.0,0.0,NaN,0.0,0.0,0.0
2026.0,a8f135f3b30423477c9d9d6dc93bed1e,JJ Galbreath,PIT,TE,0.0,0.0,0.0,NaN,0.0,0.0,0.0
2026.0,ca1ff6d2960ff3836d68d991de9bbd29,Nick Kallerup,SEA,TE,9.0,0.0,0.0,0.0,0.0,0.0,0.0
2026.0,1187b817744eea31af5d758106e99fcf,Bryce Pierre,CAR,TE,0.0,0.0,0.0,NaN,0.0,0.0,0.0
2026.0,16ee4b3bd299f064f00778e76cac2d4f,Patrick Herbert,JAC,TE,0.0,0.0,0.0,NaN,0.0,0.0,0.0
2026.0,aa208cada27fec6f7ebcd9b37e06712c,Layne Pryor,HOU,TE,0.0,0.0,0.0,NaN,0.0,0.0,0.0
2026.0,e67c2ba26ae3858f69889108cb9a5feb,Thomas Gordon,DET,TE,0.0,0.0,0.0,NaN,0.0,0.0,0.0
2026.0,6eb19f8df2755f776b6c61def42c6bc8,Nikola Kalinic,CHI,TE,2.0,0.0,0.0,0.0,0.0,0.0,0.0
2026.0,1597364a8eca60e254acbcb5834c8561,Justin Shorter,LV,TE,5.0,0.0,0.0,0.0,0.0,0.0,0.0
2026.0,8d692c7918cc15126852b5fd6b9100d1,Teagan Quitoriano,ARI,TE,15.0,0.0,0.0,0.0,0.0,0.0,0.0
2026.0,73768d1785cbcbc3c77a666bdd154088,Erick All Jr.,CIN,TE,0.0,0.0,0.0,NaN,0.0,0.0,0.0
2026.0,73b37af461c519e9bd5656007665c729,Cole Turner,MIA,TE,0.0,0.0,0.0,NaN,0.0,0.0,0.0
2026.0,572fddb0b8a1825492fdb5295a1193ee,Cameron Latu,PHI,TE,15.0,0.0,0.0,0.0,0.0,0.0,0.0
2026.0,cd20327469feeefffae0b056aaabc7ad,Ko Kieft,TB,TE,3.0,0.0,0.0,0.0,0.0,0.0,0.0
2026.0,baa748de93b292eed74f814194618b46,Mark Redman,LAR,TE,0.0,0.0,0.0,NaN,0.0,0.0,0.0
2026.0,81eb6eff8b76b2ddf1b4fc527f04f28b,Zach Davidson,FA,TE,1.0,0.0,0.0,0.0,0.0,0.0,0.0
2026.0,3c9fadc64adb4b85f40e91ebefda3458,Joel Wilson,TEN,TE,0.0,0.0,0.0,NaN,0.0,0.0,0.0
2026.0,4446d76788047e30724ae052c88cd0ca,Brayden Willis,SF,TE,6.0,0.0,0.0,0.0,0.0,0.0,0.0
2026.0,f02064a6bb17ad95b91f77a8c86a3004,Princeton Fant,DAL,TE,1.0,0.0,0.0,0.0,0.0,0.0,0.0
2026.0,f9ac2e155d46cc69368cef8f2bf6f177,Travis Vokolek,FA,TE,3.0,0.0,0.0,0.0,0.0,0.0,0.0
2026.0,b3fdc7904625d1c640cf51f7d9f5f6c9,E.J. Jenkins,PHI,TE,2.0,0.0,0.0,0.0,0.0,0.0,0.0
2026.0,72b6713b2b39deb8bac0365c3452254d,Brady Russell,SEA,TE,16.0,0.0,0.0,0.0,0.0,0.0,0.0
2026.0,9c1f404ad7617dded2f0d0d69ec0360c,Patrick Murtagh,FA,TE,1.0,0.0,0.0,0.0,0.0,0.0,0.0
2026.0,8d42d18b1db4f960e6b06dc754cc1519,Zack Kuntz,MIA,TE,0.0,0.0,0.0,NaN,0.0,0.0,0.0
2026.0,97074a54fac213e0e33c2f9708f1b616,Jaheim Bell,PHI,TE,0.0,0.0,0.0,NaN,0.0,0.0,0.0
2026.0,6cb6fec7379aa6fd541b4fe33c1a22c8,Drake Dunsmore,TB,TE,0.0,0.0,0.0,NaN,0.0,0.0,0.0
2026.0,a1b38494b781605f7110abc2097162f1,Dominique Curry,DET,TE,0.0,0.0,0.0,NaN,0.0,0.0,0.0
2026.0,a1591c8848f70540ba82418f39479c21,J.P. Foschi,CIN,TE,0.0,0.0,0.0,NaN,0.0,0.0,0.0
2026.0,4e53eec9209ff1c5a651390f11ad2827,Derek Fine,HOU,TE,0.0,0.0,0.0,NaN,0.0,0.0,0.0
2026.0,230e13713bfb9b3586abee687903678f,Joey Haynos,MIA,TE,0.0,0.0,0.0,NaN,0.0,0.0,0.0
2026.0,348758ae849f385c2e845677117589b2,Brad Cottam,KC,TE,0.0,0.0,0.0,NaN,0.0,0.0,0.0
2026.0,aefe2d92dd265624c369339cce797c71,Darnell Dinkins,NO,TE,0.0,0.0,0.0,NaN,0.0,0.0,0.0
2026.0,e1266846570af04b3e11a7a3a6a95909,Justin Snow,IND,TE,0.0,0.0,0.0,NaN,0.0,0.0,0.0
2026.0,fdff7cc14cb6544606328a15d2771a17,Marquez Branson,ATL,TE,0.0,0.0,0.0,NaN,0.0,0.0,0.0
2026.0,9a55040c12d80d4fe3fbf2e18385ab23,James Dearth,NYJ,TE,0.0,0.0,0.0,NaN,0.0,0.0,0.0
2026.0,56d485c1170188af5e9838dd5fac2038,Keith Zinger,ATL,TE,0.0,0.0,0.0,NaN,0.0,0.0,0.0
2026.0,e3e45c51857ffbe1ac3a41b37e69ea91,Marcedes Lewis,FA,TE,5.0,0.0,0.0,0.0,0.0,0.0,0.0
2026.0,2584414773e5bd038b0c8aca5dc04f33,Stephen Carlson,CHI,TE,2.0,0.0,0.0,0.0,0.0,0.0,0.0
2026.0,90b0448a238c0aafec816b14396aff8c,Matt Orzech,GB,TE,3.0,0.0,0.0,0.0,0.0,0.0,0.0
2026.0,a97cb430147eeed559d9f7f41bc0aee0,Mitchell Fraboni,DEN,TE,5.0,0.0,0.0,0.0,0.0,0.0,0.0
2026.0,c516eb2fa6bbdb64376ede2ab5bda79f,Zach Wood,NO,TE,2.0,0.0,0.0,0.0,0.0,0.0,0.0
2026.0,9e555a7d270b76d753de9abff595b0b4,James Winchester,KC,TE,3.0,0.0,0.0,0.0,0.0,0.0,0.0
2026.0,e5353cc3883a8b67760527a015b458c6,Carson Towt,IND,TE,0.0,0.0,0.0,NaN,0.0,0.0,0.0
2026.0,a6e14a8168ceaa8ef1ead5501baca549,Andrew DePaola,MIN,TE,1.0,0.0,0.0,0.0,0.0,0.0,0.0
2025.0,149c50230528d892f59eb3a43784cfe2,Trey McBride,ARI,TE,17.0,189.89999999999998,315.9,11.17,18.6,1239.0,11.0
2025.0,66dc4ae7ea8b39738c14b12116b424d3,Kyle Pitts Sr.,ATL,TE,17.0,122.80000000000001,210.8,7.22,12.4,928.0,5.0
2025.0,d1a3dbc9e6b23848ee7d758ba49be4e6,Travis Kelce,KC,TE,17.0,117.19999999999999,193.2,6.89,11.4,851.0,5.0
2025.0,6ff2512a50fd76203e97631f480768a8,Tyler Warren,IND,TE,17.0,112.5,188.5,6.62,11.1,817.0,4.0
2025.0,d2a4212a6f597cc9f7590a23eb7dad6b,Jake Ferguson,DAL,TE,17.0,106.1,188.1,6.24,11.1,600.0,8.0
2025.0,4c0b1e2c83db8fb57e90cafbfee313da,Harold Fannin Jr.,CLE,TE,16.0,114.4,186.4,7.15,11.7,731.0,6.0
2025.0,5f0ba329b995c93b32f60de2da1e75b9,Dallas Goedert,PHI,TE,15.0,125.1,185.1,8.34,12.3,591.0,11.0
2025.0,15192466708adb1c128f417694b0c1e1,Juwan Johnson,NO,TE,17.0,102.9,179.9,6.05,10.6,889.0,3.0
2025.0,0c6caf30777de7d20ef46d52f3493131,Hunter Henry,NE,TE,17.0,118.80000000000001,178.8,6.99,10.5,768.0,7.0
2025.0,025e84af528c42fbc8ce5915f65b78b6,Dalton Schultz,HOU,TE,17.0,95.69999999999999,177.7,5.63,10.5,777.0,3.0
2025.0,d8315629d06121541cd6929bc880b256,Brock Bowers,LV,TE,12.0,112.19999999999999,176.2,9.35,14.7,680.0,7.0
2025.0,ad6b361d08fdf733882c66853c7c87f5,Colston Loveland,CHI,TE,16.0,107.1,165.1,6.69,10.3,713.0,6.0
2025.0,734e8a8c5ca074911074dce1c38fbc19,George Kittle,SF,TE,11.0,104.5,161.5,9.5,14.7,628.0,7.0
2025.0,fb10236dd63ea42433f2b503d88f5d94,AJ Barner,SEA,TE,17.0,95.30000000000001,147.3,5.61,8.7,519.0,6.0
2025.0,93e614163c496d54f7cd587514d1a1dc,Oronde Gadsden II,LAC,TE,15.0,82.4,131.4,5.49,8.8,664.0,3.0
2025.0,9e1035be27b13b71d90fe1ca2b384347,Mark Andrews,BAL,TE,17.0,83.0,131.0,4.88,7.7,422.0,5.0
2025.0,12d2804a381b38bad9a6f0511ac2a70b,Colby Parkinson,LAR,TE,15.0,86.80000000000001,129.8,5.79,8.7,408.0,8.0
2025.0,7b109874c2642fbcbb7cf7214e9ba713,Theo Johnson,NYG,TE,15.0,82.8,127.8,5.52,8.5,528.0,5.0
2025.0,08dfc03321b8773b719565f1cac4b9bb,Zach Ertz,FA,TE,13.0,76.4,126.4,5.88,9.7,504.0,4.0
2025.0,8dcba3a17d1e3d5256c89d09e50c7549,Dalton Kincaid,BUF,TE,12.0,87.1,126.1,7.26,10.5,571.0,5.0
2025.0,7724c388dae3e312504f39b5184eaa93,Chig Okonkwo,WAS,TE,17.0,68.0,124.0,4.0,7.3,560.0,2.0
2025.0,1d3883b8b01abfca677e9f23cc5fce73,Cade Otton,TB,TE,16.0,63.2,122.2,3.95,7.6,572.0,1.0
2025.0,5ddeda4e601503a713f93fe497cadf63,Brenton Strange,JAC,TE,12.0,72.0,118.0,6.0,9.8,540.0,3.0
2025.0,fa345334790e14d6fa9ac1b4f16c423f,Tucker Kraft,GB,TE,8.0,85.2,117.2,10.65,14.7,489.0,6.0
2025.0,4b841ae2534a9937a01c6c1d8175d15b,Pat Freiermuth,PIT,TE,17.0,72.6,113.6,4.27,6.7,486.0,4.0
2025.0,57e8757b3eb0c1ab862fea76188c1fff,T.J. Hockenson,MIN,TE,15.0,61.8,112.8,4.12,7.5,438.0,3.0
2025.0,4f9c7d7bc16754e1841cbdcd2331143e,Sam LaPorta,DET,TE,9.0,66.9,106.9,7.43,11.9,489.0,3.0
2025.0,8138311d61dbc9958841bbcc4848ef39,Dawson Knox,BUF,TE,17.0,67.7,103.7,3.98,6.1,417.0,4.0
2025.0,25a852007b3b00d3d1ddb2c408c1ba84,Evan Engram,DEN,TE,16.0,52.8,102.8,3.3,6.4,461.0,1.0
2025.0,636753221f18821d2e29511120169bd7,Jake Tonges,SF,TE,16.0,59.3,93.3,3.71,5.8,293.0,5.0
2025.0,5c838b5eb47e9a01484c9f19894a87c1,Gunnar Helm,TEN,TE,16.0,47.7,91.7,2.98,5.7,357.0,2.0
2025.0,79948b1d8ff3a67d22601a4e4457ac2d,Mason Taylor,NYJ,TE,13.0,44.900000000000006,88.9,3.45,6.8,369.0,1.0
2025.0,b3289448b4027f8a355c4248657795d7,Darren Waller,FA,TE,9.0,64.7,88.7,7.19,9.9,283.0,6.0
2025.0,8f19e094447c91c3335cc8dee3985407,David Njoku,FA,TE,12.0,53.3,86.3,4.44,7.2,293.0,4.0
2025.0,47d716638c445e84811d7054847f8543,Jonnu Smith,FA,TE,17.0,47.2,85.2,2.78,5.0,222.0,2.0
2025.0,528cfad8e9ad2966264ce6f8b7f2be03,Cole Kmet,CHI,TE,16.0,48.7,78.7,3.04,4.9,347.0,2.0
2025.0,268056eb7a0b7ed465d7688764408995,Noah Fant,NO,TE,15.0,40.8,74.8,2.72,5.0,288.0,3.0
2025.0,2c9318a275feff15b38590c8afbae5ad,Michael Mayer,LV,TE,13.0,38.8,73.8,2.98,5.7,328.0,1.0
2025.0,890f9655fc3460552c204e9ec2971623,Darnell Washington,PIT,TE,16.0,42.400000000000006,73.4,2.65,4.6,364.0,1.0
2025.0,8e4e360f0f27f6b9e21c9ed6f73410ce,Tyler Higbee,LAR,TE,10.0,46.099999999999994,71.1,4.61,7.1,281.0,3.0
2025.0,13078133c466538c657c32696f0b326f,Mike Gesicki,CIN,TE,13.0,42.7,70.7,3.28,5.4,307.0,2.0
2025.0,a48d892c37917886f02fcbe8d989093e,Tommy Tremble,CAR,TE,17.0,36.9,63.9,2.17,3.8,249.0,2.0
2025.0,22049b9868bc17d70b88cf19525d7a74,Davis Allen,LAR,TE,17.0,38.8,62.8,2.28,3.7,208.0,3.0
2025.0,516289a6cb54a747dc55ec09d009a538,Greg Dulcich,MIA,TE,10.0,36.8,62.8,3.68,6.3,335.0,1.0
2025.0,48b077863ca88febdf0082c641837f0d,Isaiah Likely,NYG,TE,14.0,34.7,61.7,2.48,4.4,307.0,1.0
2025.0,fdb547e5bf499be9e2df4832660ce352,Daniel Bellinger,TEN,TE,16.0,40.6,59.6,2.54,3.7,286.0,2.0
2025.0,ebaf8389710d4f51741511369c1eef9d,Austin Hooper,ATL,TE,16.0,38.3,59.3,2.39,3.7,263.0,2.0
2025.0,41ec546fc560147eb2fc86b0f3492f62,Elijah Higgins,ARI,TE,17.0,28.1,58.1,1.65,3.4,301.0,0.0
2025.0,8b6282fdba6e87fa0f9aae59160bfda7,Josh Oliver,MIN,TE,15.0,40.0,55.0,2.67,3.7,160.0,4.0
2025.0,2a02168996b262933512f9381e255b7f,Ja'Tavion Sanders,CAR,TE,13.0,25.0,54.0,1.92,4.2,190.0,1.0
2025.0,707a244671df41713fdd0331c66ec7ad,Jackson Hawes,BUF,TE,17.0,36.7,52.7,2.16,3.1,187.0,3.0
2025.0,fb8b9aebd9a517b29cc7402672061402,Terrance Ferguson,LAR,TE,13.0,41.1,52.1,3.16,4.0,231.0,3.0
2025.0,c5f7c2abc2a15899e605e49fc26ff01b,Luke Musgrave,GB,TE,17.0,25.200000000000003,49.2,1.48,2.9,252.0,0.0
2025.0,70fc10dfa861b2d758ed094919d85d15,Mitchell Evans,CAR,TE,17.0,29.200000000000003,48.2,1.72,2.8,171.0,2.0
2025.0,e523c4b6f1135e23b310f213841ad9f5,Tanner Hudson,CIN,TE,13.0,28.799999999999997,47.8,2.22,3.7,168.0,2.0
2025.0,4c41d4e3ac159960ad07331c7bec0bb0,Jeremy Ruckert,NYJ,TE,17.0,23.9,46.9,1.41,2.8,179.0,1.0
2025.0,5fa374ddb6b00946fcfa8924d3532dfb,Adam Trautman,DEN,TE,17.0,25.5,45.5,1.5,2.7,195.0,1.0
2025.0,0c0d30b551890e05c807e9cd5c51d7cc,Taysom Hill,FA,TE,13.0,30.799999999999997,41.8,2.37,3.2,91.0,0.0
2025.0,8151482d6c9a8e36a671885f22c472fd,Noah Gray,KC,TE,16.0,17.799999999999997,38.8,1.11,2.4,178.0,0.0
2025.0,87c2c3114e4c419339e1ace8d99ae186,Elijah Arroyo,SEA,TE,13.0,21.9,36.9,1.68,2.8,179.0,1.0
2025.0,2e9e019f822c23fe47a882a44d38eb66,Brock Wright,DET,TE,11.0,22.799999999999997,36.8,2.07,3.3,108.0,2.0
2025.0,bf9ce8021911e3e76a3e4159000beccf,Charlie Kolar,LAC,TE,17.0,26.200000000000003,36.2,1.54,2.1,142.0,2.0
2025.0,04d0aa348a9b3a18d9d570dde6e169d0,Hunter Long,JAC,TE,9.0,20.5,32.5,2.28,3.6,85.0,2.0
2025.0,37b0c8d6f7253224f1bd7aafb8f7f740,Drew Sample,CIN,TE,17.0,16.9,31.9,0.99,1.9,106.0,1.0
2025.0,39b89802f1852582ed08d1e2eb5b57d1,Julian Hill,NE,TE,14.0,16.0,31.0,1.14,2.2,140.0,0.0
2025.0,e994fd37c5198269b14ebc19a52cce2a,Mo Alie-Cox,IND,TE,17.0,17.7,30.7,1.04,1.8,117.0,1.0
2025.0,59d881c2d3fbf14e0836936e5d2b584b,Luke Farrell,SF,TE,17.0,18.5,29.5,1.09,1.7,85.0,2.0
2025.0,5afebb3c9b081671026ee62a79be4739,Ben Sinnott,WAS,TE,16.0,17.4,28.4,1.09,1.8,114.0,1.0
2025.0,6e661a69d3ca99492c4c323197788d3f,Connor Heyward,LV,TE,16.0,24.4,27.4,1.52,1.7,21.0,1.0
2025.0,ab0213f454d44cf428b141f50852d422,John Bates,WAS,TE,15.0,16.3,27.3,1.09,1.8,103.0,1.0
2025.0,c3d682f814f99e713110c8241dbc4026,Luke Schoonmaker,DAL,TE,17.0,13.2,27.2,0.78,1.6,132.0,0.0
2025.0,3ee745a88f5cfd18c33919abb3f95440,John FitzPatrick,FA,TE,15.0,13.2,25.2,0.88,1.7,72.0,1.0
2025.0,f30244e0953bd6652d50ee3da85b9c0d,Ian Thomas,FA,TE,15.0,11.399999999999999,24.4,0.76,1.6,114.0,0.0
2025.0,6f07e5d9578017c9692e1eb1dd28a806,Brevyn Spann-Ford,DAL,TE,17.0,15.0,24.0,0.88,1.4,90.0,1.0
2025.0,1a7f0b0eb30760a11b475326ffbb42ae,Andrew Beck,NYJ,TE,17.0,17.0,23.0,1.0,1.4,45.0,2.0
2025.0,b9aef82d1904b2acccdabacdc21006a2,Grant Calcaterra,PHI,TE,15.0,13.600000000000001,22.6,0.91,1.5,76.0,1.0
2025.0,8efb171ac05d60d5f40b272d576307f0,Will Dissly,FA,TE,9.0,9.7,20.7,1.08,2.3,97.0,0.0
2025.0,9cc95ef9aeb2077b8aed054d5ae68957,Johnny Mundt,PHI,TE,16.0,11.100000000000001,20.1,0.69,1.3,111.0,0.0
2025.0,b072fda41ce8823e284b1d6fe538da88,Cade Stover,HOU,TE,9.0,7.899999999999999,19.9,0.88,2.2,76.0,0.0
2025.0,4a0e15540bd658b9ea81890a57a4ee80,Tanner Conner,NYG,TE,9.0,9.100000000000001,18.1,1.01,2.0,91.0,0.0
2025.0,5b7a28d48a35bc55c5f6fe38a6d74cc4,Quintin Morris,JAC,TE,13.0,11.5,17.5,0.88,1.3,55.0,1.0
2025.0,bdf26c52960a4ebceeefb09e1c7ba64a,Tyler Conklin,DET,TE,10.0,10.3,17.3,1.03,1.7,101.0,0.0
2025.0,ff55efb2320834eefde4d9faa03e8cf5,Nate Adkins,DEN,TE,9.0,10.8,16.8,1.2,1.9,48.0,1.0
2025.0,bc563bf2d5b0bb8b15a2f591ee986c20,Jack Stoll,CLE,TE,15.0,10.600000000000001,16.6,0.71,1.1,46.0,1.0
2025.0,e5f9b6d1d196b61f3a2fe24b8658db42,Josh Whyle,GB,TE,8.0,9.6,14.6,1.2,1.8,36.0,1.0
2025.0,9b2ed795db393c9defc0c2fef5e7d3ef,Anthony Firkser,FA,TE,7.0,5.300000000000001,13.3,0.76,1.9,53.0,0.0
2025.0,2f5ccbe111168eb8a8fc3b0aef94be1d,David Martin-Robinson,TEN,TE,15.0,9.0,13.0,0.6,0.9,30.0,1.0
2025.0,27efd39ba876350d8dd4bd55b8e9e776,Foster Moreau,HOU,TE,11.0,5.9,12.9,0.54,1.2,59.0,0.0
2025.0,ebf4af84f10d54ee547dbc418263db67,Charlie Woerner,ATL,TE,17.0,4.800000000000001,12.8,0.28,0.8,48.0,0.0
2025.0,c76a32bf4f0b8496462570f230d1bad2,Drew Ogletree,IND,TE,15.0,8.7,12.7,0.58,0.8,27.0,1.0
2025.0,010bcad657b8f3a4a64e24360463141b,Stone Smartt,PHI,TE,9.0,5.199999999999999,12.2,0.58,1.4,52.0,0.0
2025.0,2523cbff17327377c811552cd6f62c80,Josiah Deguara,FA,TE,12.0,8.1,11.1,0.68,0.9,21.0,1.0
2025.0,74466ec4836fdfcbe709d784b49a74bf,Kylen Granson,TEN,TE,17.0,4.0,11.0,0.24,0.6,40.0,0.0
2025.0,ebb3fdc4820975d95e9c5407f1f6e7ee,Eric Saubert,SEA,TE,11.0,5.1,9.1,0.46,0.8,31.0,0.0
2025.0,40b16aef0303d80efccd7ce14d4e500c,Brenden Bates,CLE,TE,9.0,4.800000000000001,8.8,0.53,1.0,48.0,0.0
2025.0,36ecc5e8b4615d27f16f2ca5f93dec80,Albert Okwuegbunam Jr.,LV,TE,1.0,3.5999999999999996,8.6,3.6,8.6,36.0,0.0
2025.0,69171748a546c5768c6b96936d76d367,Devin Culp,TB,TE,11.0,6.6,7.6,0.6,0.7,6.0,1.0
2025.0,3002205c727803ef1d6aaf742b9458e6,Keleki Latu,BUF,TE,5.0,3.5,7.5,0.7,1.5,35.0,0.0
2025.0,b23e3273a01d9786f01f19d1715382cf,Durham Smythe,BAL,TE,17.0,2.5,6.5,0.15,0.4,25.0,0.0
2025.0,14c91bd485170c01e3c3ca35b90dea5a,Ben Sims,MIA,TE,9.0,3.0,6.0,0.33,0.7,30.0,0.0
2025.0,3aa5dec05753171f1697f21b84bb82d0,James Mitchell,CAR,TE,5.0,2.8,5.8,0.56,1.2,28.0,0.0
2025.0,343937b2f52581794eb36040ab913ff6,Shane Zylstra,FA,TE,5.0,2.0,5.0,0.4,1.0,20.0,0.0
2025.0,7745e473c66655bc891aa8dd51036860,Tip Reiman,ARI,TE,5.0,1.7999999999999998,4.8,0.36,1.0,18.0,0.0
2025.0,a2c36d13fc8c9a8cd9348059b28435dc,Tucker Fisk,FA,TE,10.0,1.9,3.9,0.19,0.4,19.0,0.0
2025.0,e7e91a50ab70591635766130a25157a7,Colson Yankoff,WAS,TE,14.0,1.7999999999999998,3.8,0.13,0.3,18.0,0.0
2025.0,3a044f7e5a498af2f3e1a2a830e338f1,Zaire Mitchell-Paden,NO,TE,8.0,1.7000000000000002,3.7,0.21,0.5,17.0,0.0
2025.0,66f19cadfc69b36ab02ab072bbdd7cd0,Lucas Krull,DEN,TE,4.0,1.5,3.5,0.38,0.9,15.0,0.0
2025.0,d089cdad3004abb46faf5ee95db616fd,Jelani Woods,NYJ,TE,6.0,2.4,3.4,0.4,0.6,4.0,0.0
2025.0,c0b79e2dcee2279f23393336dc9735b1,Ben Yurosek,MIN,TE,12.0,1.4,3.4,0.12,0.3,14.0,0.0
2025.0,59f0c8bd1d4bde9a02e7440439ae3d89,Sal Cannella,CLE,TE,2.0,1.1,3.1,0.55,1.6,11.0,0.0
2025.0,00a0bb3e7ae9c0b16e511131524f6888,Moliki Matavao,NO,TE,6.0,1.0,3.0,0.17,0.5,10.0,0.0
2025.0,418ec44c3ccfe41021337ae44b9be550,Harrison Bryant,FA,TE,12.0,0.7000000000000002,2.7,0.06,0.2,7.0,0.0
2025.0,46321e1f1e037f5a8311a830633c95a3,Ross Dwelley,FA,TE,10.0,0.7000000000000002,2.7,0.07,0.3,7.0,0.0
2025.0,4170246e18b11e09fde374e162b44d54,Cam Grandy,CIN,TE,5.0,0.7000000000000002,2.7,0.14,0.5,7.0,0.0
2025.0,01b7679cb96a06962cce16ed14e45c69,Will Mallory,IND,TE,2.0,1.6,2.6,0.8,1.3,16.0,0.0
2025.0,f7d405a5076efb41d262e692a89ca384,Blake Whiteheart,FA,TE,16.0,0.3999999999999999,2.4,0.02,0.2,4.0,0.0
2025.0,521d788eb5215a0e55213ca97251ec9e,Payne Durham,TB,TE,17.0,1.1,2.1,0.06,0.1,11.0,0.0
2025.0,5cdc733b8ed2a5d5b4758c04d25a42f1,Pharaoh Brown,FA,TE,7.0,0.10000000000000009,2.1,0.01,0.3,1.0,0.0
2025.0,5359b66a4637837cff0b1481c88fb361,Chris Manhertz,NYG,TE,17.0,0.7,1.7,0.04,0.1,7.0,0.0
2025.0,ec034084bebbf093ffac7c2f06178bd6,Jared Wiley,KC,TE,4.0,0.3999999999999999,1.4,0.1,0.4,4.0,0.0
2025.0,14fadbe79a699d2def9a3369078c37cb,Carter Runyon,LV,TE,11.0,0.30000000000000004,1.3,0.03,0.1,3.0,0.0
2025.0,e9931d2267eb0d5e6ddf7405b9c68bf5,Drake Dabney,GB,TE,2.0,0.30000000000000004,1.3,0.15,0.7,3.0,0.0
2025.0,c8374379afa0ff9a21f9b72862889080,Robert Tonyan,FA,TE,16.0,0.10000000000000009,1.1,0.01,0.1,1.0,0.0
2025.0,1afa3614ea5a7782d532749347e440ea,Jack Westover,NE,TE,17.0,0.0,1.0,0.0,0.1,0.0,0.0
2025.0,ca1ff6d2960ff3836d68d991de9bbd29,Nick Kallerup,SEA,TE,9.0,0.0,0.0,0.0,0.0,0.0,0.0
2025.0,348758ae849f385c2e845677117589b2,Brad Cottam,KC,TE,0.0,0.0,0.0,NaN,0.0,0.0,0.0
2025.0,022fc9a93d52fad1f74f267ff238fd39,Kenny Yeboah,FA,TE,1.0,0.0,0.0,0.0,0.0,0.0,0.0
2025.0,6c513c7bebc9e644a1fe9d2fe2fc5c44,Jake Briningstool,KC,TE,0.0,0.0,0.0,NaN,0.0,0.0,0.0
2025.0,30b00b9dcba9ebc288c045b97f0d80d5,Jalin Conyers,MIA,TE,0.0,0.0,0.0,NaN,0.0,0.0,0.0
2025.0,fea1b21b4cb36c1a5c54ca5edd9ed35c,Thomas Fidone II,NYG,TE,2.0,0.0,0.0,0.0,0.0,0.0,0.0
2025.0,e5353cc3883a8b67760527a015b458c6,Carson Towt,IND,TE,0.0,0.0,0.0,NaN,0.0,0.0,0.0
2025.0,491051aa9e20d2fefdf57a39c4aa3756,Feleipe Franks,CAR,TE,12.0,0.0,0.0,0.0,0.0,0.0,0.0
2025.0,92caecde54bfe8165b5fe4e85987548f,Brevin Jordan,HOU,TE,0.0,0.0,0.0,NaN,0.0,0.0,0.0
2025.0,3e09277e156281dd526a1b26d900cd2c,Giovanni Ricci,FA,TE,3.0,0.0,0.0,0.0,0.0,0.0,0.0
2025.0,22c867e4a3f9effd114c74b7dbbbb61c,Sean McKeon,IND,TE,1.0,0.0,0.0,0.0,0.0,0.0,0.0
2025.0,c64b609a06ce5e014283a12f4bdfe372,Lawrence Cager,WAS,TE,1.0,0.0,0.0,0.0,0.0,0.0,0.0
2025.0,059e628b670f7e8ea87f6cfdc6d6c38f,Hayden Rucci,SF,TE,4.0,0.0,0.0,0.0,0.0,0.0,0.0
2025.0,144558330d61470160cbf0318fc1564b,CJ Dippre,NE,TE,2.0,0.0,0.0,0.0,0.0,0.0,0.0
2025.0,1d90a8eace8a2bf16aa176a1c067509d,Qadir Ismail,CHI,TE,0.0,0.0,0.0,NaN,0.0,0.0,0.0
2025.0,eadfdf9b54b2ce12898d146536b528e3,Joshua Simon,ATL,TE,0.0,0.0,0.0,NaN,0.0,0.0,0.0
2025.0,f66ebb4cedb690cd5688e5ddabb37334,Robbie Ouzts,SEA,TE,12.0,0.0,0.0,0.0,0.0,0.0,0.0
2025.0,d3aec56837b08c46de7ddef4672e76f8,Rivaldo Fairweather,ARI,TE,0.0,0.0,0.0,NaN,0.0,0.0,0.0
2025.0,ac2bd6c3d2bf484e91d81c336cfe3381,Caleb Lohner,DEN,TE,0.0,0.0,0.0,NaN,0.0,0.0,0.0
2025.0,43429d0641b1b25378d34cecff89b6f2,McCallan Castles,GB,TE,0.0,0.0,0.0,NaN,0.0,0.0,0.0
2025.0,38e4118f9d5619bd861cb220a13b7cf3,Caden Prieskorn,CLE,TE,0.0,0.0,0.0,NaN,0.0,0.0,0.0
2025.0,66b6d2d28d79b1719c1aa1d1301d97f4,Gavin Bartholomew,MIN,TE,0.0,0.0,0.0,NaN,0.0,0.0,0.0
2025.0,1a93df5d5334b8a36d7ba54cf0883692,Tanner McLachlan,LAC,TE,0.0,0.0,0.0,NaN,0.0,0.0,0.0
2025.0,3a1db875d34b23231268d82e18f33a6c,Thomas Yassmin,LAC,TE,0.0,0.0,0.0,NaN,0.0,0.0,0.0
2025.0,d826cd0d5bc8524c0b5adf2f6aad6f13,Treyton Welch,NO,TE,3.0,0.0,0.0,0.0,0.0,0.0,0.0
2025.0,86f7779817f1c0e7e1426d2cab77558c,Messiah Swinson,GB,TE,0.0,0.0,0.0,NaN,0.0,0.0,0.0
2025.0,ab653a98d4afc2a8a317f4428f8ef390,Bryson Nesbit,MIN,TE,0.0,0.0,0.0,NaN,0.0,0.0,0.0
2025.0,4344fb60c5c16820dac462e6b81a8b01,Tre Watson,KC,TE,0.0,0.0,0.0,NaN,0.0,0.0,0.0
2025.0,665c3a87a56f5d1ea079aab3c48fa18a,Zach Horton,DET,TE,2.0,0.0,0.0,0.0,0.0,0.0,0.0
2025.0,acb44fd3bd743c106bb20bc994533d0c,Marshall Lang,NE,TE,0.0,0.0,0.0,NaN,0.0,0.0,0.0
2025.0,a8f135f3b30423477c9d9d6dc93bed1e,JJ Galbreath,PIT,TE,0.0,0.0,0.0,NaN,0.0,0.0,0.0
2025.0,f13880fa96560fca262a3afd1c0c1067,Tyler Ott,WAS,TE,1.0,0.0,0.0,0.0,0.0,0.0,0.0
2025.0,1187b817744eea31af5d758106e99fcf,Bryce Pierre,CAR,TE,0.0,0.0,0.0,NaN,0.0,0.0,0.0
2025.0,16ee4b3bd299f064f00778e76cac2d4f,Patrick Herbert,JAC,TE,0.0,0.0,0.0,NaN,0.0,0.0,0.0
2025.0,aa208cada27fec6f7ebcd9b37e06712c,Layne Pryor,HOU,TE,0.0,0.0,0.0,NaN,0.0,0.0,0.0
2025.0,e67c2ba26ae3858f69889108cb9a5feb,Thomas Gordon,DET,TE,0.0,0.0,0.0,NaN,0.0,0.0,0.0
2025.0,6eb19f8df2755f776b6c61def42c6bc8,Nikola Kalinic,CHI,TE,2.0,0.0,0.0,0.0,0.0,0.0,0.0
2025.0,1597364a8eca60e254acbcb5834c8561,Justin Shorter,LV,TE,5.0,0.0,0.0,0.0,0.0,0.0,0.0
2025.0,8d692c7918cc15126852b5fd6b9100d1,Teagan Quitoriano,ARI,TE,15.0,0.0,0.0,0.0,0.0,0.0,0.0
2025.0,73768d1785cbcbc3c77a666bdd154088,Erick All Jr.,CIN,TE,0.0,0.0,0.0,NaN,0.0,0.0,0.0
2025.0,73b37af461c519e9bd5656007665c729,Cole Turner,MIA,TE,0.0,0.0,0.0,NaN,0.0,0.0,0.0
2025.0,572fddb0b8a1825492fdb5295a1193ee,Cameron Latu,PHI,TE,15.0,0.0,0.0,0.0,0.0,0.0,0.0
2025.0,cd20327469feeefffae0b056aaabc7ad,Ko Kieft,TB,TE,3.0,0.0,0.0,0.0,0.0,0.0,0.0
2025.0,baa748de93b292eed74f814194618b46,Mark Redman,LAR,TE,0.0,0.0,0.0,NaN,0.0,0.0,0.0
2025.0,81eb6eff8b76b2ddf1b4fc527f04f28b,Zach Davidson,FA,TE,1.0,0.0,0.0,0.0,0.0,0.0,0.0
2025.0,3c9fadc64adb4b85f40e91ebefda3458,Joel Wilson,TEN,TE,0.0,0.0,0.0,NaN,0.0,0.0,0.0
2025.0,4446d76788047e30724ae052c88cd0ca,Brayden Willis,SF,TE,6.0,0.0,0.0,0.0,0.0,0.0,0.0
2025.0,f02064a6bb17ad95b91f77a8c86a3004,Princeton Fant,DAL,TE,1.0,0.0,0.0,0.0,0.0,0.0,0.0
2025.0,f9ac2e155d46cc69368cef8f2bf6f177,Travis Vokolek,FA,TE,3.0,0.0,0.0,0.0,0.0,0.0,0.0
2025.0,b3fdc7904625d1c640cf51f7d9f5f6c9,E.J. Jenkins,PHI,TE,2.0,0.0,0.0,0.0,0.0,0.0,0.0
2025.0,72b6713b2b39deb8bac0365c3452254d,Brady Russell,SEA,TE,16.0,0.0,0.0,0.0,0.0,0.0,0.0
2025.0,9c1f404ad7617dded2f0d0d69ec0360c,Patrick Murtagh,FA,TE,1.0,0.0,0.0,0.0,0.0,0.0,0.0
2025.0,8d42d18b1db4f960e6b06dc754cc1519,Zack Kuntz,MIA,TE,0.0,0.0,0.0,NaN,0.0,0.0,0.0
2025.0,97074a54fac213e0e33c2f9708f1b616,Jaheim Bell,PHI,TE,0.0,0.0,0.0,NaN,0.0,0.0,0.0
2025.0,6cb6fec7379aa6fd541b4fe33c1a22c8,Drake Dunsmore,TB,TE,0.0,0.0,0.0,NaN,0.0,0.0,0.0
2025.0,a1b38494b781605f7110abc2097162f1,Dominique Curry,DET,TE,0.0,0.0,0.0,NaN,0.0,0.0,0.0
2025.0,a1591c8848f70540ba82418f39479c21,J.P. Foschi,CIN,TE,0.0,0.0,0.0,NaN,0.0,0.0,0.0
2025.0,4e53eec9209ff1c5a651390f11ad2827,Derek Fine,HOU,TE,0.0,0.0,0.0,NaN,0.0,0.0,0.0
2025.0,230e13713bfb9b3586abee687903678f,Joey Haynos,MIA,TE,0.0,0.0,0.0,NaN,0.0,0.0,0.0
2025.0,ef4a092e12478b733056c05f395da544,Luke Lachey,HOU,TE,0.0,0.0,0.0,NaN,0.0,0.0,0.0
2025.0,aefe2d92dd265624c369339cce797c71,Darnell Dinkins,NO,TE,0.0,0.0,0.0,NaN,0.0,0.0,0.0
2025.0,e1266846570af04b3e11a7a3a6a95909,Justin Snow,IND,TE,0.0,0.0,0.0,NaN,0.0,0.0,0.0
2025.0,fdff7cc14cb6544606328a15d2771a17,Marquez Branson,ATL,TE,0.0,0.0,0.0,NaN,0.0,0.0,0.0
2025.0,9a55040c12d80d4fe3fbf2e18385ab23,James Dearth,NYJ,TE,0.0,0.0,0.0,NaN,0.0,0.0,0.0
2025.0,56d485c1170188af5e9838dd5fac2038,Keith Zinger,ATL,TE,0.0,0.0,0.0,NaN,0.0,0.0,0.0
2025.0,e3e45c51857ffbe1ac3a41b37e69ea91,Marcedes Lewis,FA,TE,5.0,0.0,0.0,0.0,0.0,0.0,0.0
2025.0,2584414773e5bd038b0c8aca5dc04f33,Stephen Carlson,CHI,TE,2.0,0.0,0.0,0.0,0.0,0.0,0.0
2025.0,90b0448a238c0aafec816b14396aff8c,Matt Orzech,GB,TE,3.0,0.0,0.0,0.0,0.0,0.0,0.0
2025.0,a97cb430147eeed559d9f7f41bc0aee0,Mitchell Fraboni,DEN,TE,5.0,0.0,0.0,0.0,0.0,0.0,0.0
2025.0,c516eb2fa6bbdb64376ede2ab5bda79f,Zach Wood,NO,TE,2.0,0.0,0.0,0.0,0.0,0.0,0.0
2025.0,9e555a7d270b76d753de9abff595b0b4,James Winchester,KC,TE,3.0,0.0,0.0,0.0,0.0,0.0,0.0
2025.0,b5d889d29c473772caa31c4b00c9bb2d,Nick Vannett,LAR,TE,4.0,0.0,0.0,0.0,0.0,0.0,0.0
2025.0,a6e14a8168ceaa8ef1ead5501baca549,Andrew DePaola,MIN,TE,1.0,0.0,0.0,0.0,0.0,0.0,0.0
2024.0,d8315629d06121541cd6929bc880b256,Brock Bowers,LV,TE,17.0,150.7,262.7,8.86,15.5,1194.0,5.0
2024.0,149c50230528d892f59eb3a43784cfe2,Trey McBride,ARI,TE,16.0,138.8,249.8,8.68,15.6,1146.0,2.0
2024.0,734e8a8c5ca074911074dce1c38fbc19,George Kittle,SF,TE,15.0,158.6,236.6,10.57,15.8,1106.0,8.0
2024.0,47d716638c445e84811d7054847f8543,Jonnu Smith,FA,TE,17.0,134.3,222.3,7.9,13.1,884.0,8.0
2024.0,d1a3dbc9e6b23848ee7d758ba49be4e6,Travis Kelce,KC,TE,16.0,98.4,195.4,6.15,12.2,823.0,3.0
2024.0,9e1035be27b13b71d90fe1ca2b384347,Mark Andrews,BAL,TE,17.0,133.8,188.8,7.87,11.1,673.0,11.0
2024.0,08dfc03321b8773b719565f1cac4b9bb,Zach Ertz,FA,TE,17.0,111.4,177.4,6.55,10.4,654.0,7.0
2024.0,4f9c7d7bc16754e1841cbdcd2331143e,Sam LaPorta,DET,TE,16.0,114.6,174.6,7.16,10.9,726.0,7.0
2024.0,4b841ae2534a9937a01c6c1d8175d15b,Pat Freiermuth,PIT,TE,17.0,103.30000000000001,168.3,6.08,9.9,653.0,7.0
2024.0,fa345334790e14d6fa9ac1b4f16c423f,Tucker Kraft,GB,TE,17.0,113.30000000000001,163.3,6.66,9.6,707.0,7.0
2024.0,8f19e094447c91c3335cc8dee3985407,David Njoku,FA,TE,11.0,84.5,148.5,7.68,13.5,505.0,5.0
2024.0,0c6caf30777de7d20ef46d52f3493131,Hunter Henry,NE,TE,16.0,79.4,145.4,4.96,9.1,674.0,2.0
2024.0,13078133c466538c657c32696f0b326f,Mike Gesicki,CIN,TE,17.0,76.5,141.5,4.5,8.3,665.0,2.0
2024.0,1d3883b8b01abfca677e9f23cc5fce73,Cade Otton,TB,TE,14.0,81.6,140.6,5.83,10.0,600.0,4.0
2024.0,66dc4ae7ea8b39738c14b12116b424d3,Kyle Pitts Sr.,ATL,TE,17.0,84.19999999999999,131.2,4.95,7.7,602.0,4.0
2024.0,48b077863ca88febdf0082c641837f0d,Isaiah Likely,NYG,TE,16.0,81.7,123.7,5.11,7.7,477.0,6.0
2024.0,15192466708adb1c128f417694b0c1e1,Juwan Johnson,NO,TE,17.0,72.8,122.8,4.28,7.2,548.0,3.0
2024.0,bdf26c52960a4ebceeefb09e1c7ba64a,Tyler Conklin,DET,TE,16.0,70.9,121.9,4.43,7.6,449.0,4.0
2024.0,528cfad8e9ad2966264ce6f8b7f2be03,Cole Kmet,CHI,TE,17.0,73.4,120.4,4.32,7.1,474.0,4.0
2024.0,025e84af528c42fbc8ce5915f65b78b6,Dalton Schultz,HOU,TE,17.0,65.2,118.2,3.84,7.0,532.0,2.0
2024.0,7724c388dae3e312504f39b5184eaa93,Chig Okonkwo,WAS,TE,17.0,61.599999999999994,113.6,3.62,6.7,479.0,2.0
2024.0,8151482d6c9a8e36a671885f22c472fd,Noah Gray,KC,TE,17.0,73.3,113.3,4.31,6.7,437.0,5.0
2024.0,8efb171ac05d60d5f40b272d576307f0,Will Dissly,FA,TE,15.0,60.099999999999994,110.1,4.01,7.3,481.0,2.0
2024.0,ebaf8389710d4f51741511369c1eef9d,Austin Hooper,ATL,TE,17.0,63.599999999999994,108.6,3.74,6.4,476.0,3.0
2024.0,d2a4212a6f597cc9f7590a23eb7dad6b,Jake Ferguson,DAL,TE,14.0,45.400000000000006,104.4,3.24,7.5,494.0,0.0
2024.0,268056eb7a0b7ed465d7688764408995,Noah Fant,NO,TE,14.0,56.0,104.0,4.0,7.4,500.0,1.0
2024.0,5f0ba329b995c93b32f60de2da1e75b9,Dallas Goedert,PHI,TE,10.0,61.599999999999994,103.6,6.16,10.4,496.0,2.0
2024.0,0c0d30b551890e05c807e9cd5c51d7cc,Taysom Hill,FA,TE,8.0,80.3,103.3,10.04,12.9,187.0,0.0
2024.0,27efd39ba876350d8dd4bd55b8e9e776,Foster Moreau,HOU,TE,17.0,71.3,103.3,4.19,6.1,413.0,5.0
2024.0,8dcba3a17d1e3d5256c89d09e50c7549,Dalton Kincaid,BUF,TE,13.0,56.8,100.8,4.37,7.8,448.0,2.0
2024.0,5ddeda4e601503a713f93fe497cadf63,Brenton Strange,JAC,TE,17.0,51.099999999999994,91.1,3.01,5.4,411.0,2.0
2024.0,880adb9c3795804aa9c373635868af3d,Jordan Akins,FA,TE,16.0,51.0,91.0,3.19,5.7,390.0,2.0
2024.0,25a852007b3b00d3d1ddb2c408c1ba84,Evan Engram,DEN,TE,9.0,42.5,89.5,4.72,9.9,365.0,1.0
2024.0,57e8757b3eb0c1ab862fea76188c1fff,T.J. Hockenson,MIN,TE,10.0,45.5,86.5,4.55,8.7,455.0,0.0
2024.0,fb10236dd63ea42433f2b503d88f5d94,AJ Barner,SEA,TE,17.0,48.5,78.5,2.85,4.6,245.0,4.0
2024.0,2a02168996b262933512f9381e255b7f,Ja'Tavion Sanders,CAR,TE,16.0,40.2,73.2,2.51,4.6,342.0,1.0
2024.0,7b109874c2642fbcbb7cf7214e9ba713,Theo Johnson,NYG,TE,12.0,39.099999999999994,68.1,3.26,5.7,331.0,1.0
2024.0,8b6282fdba6e87fa0f9aae59160bfda7,Josh Oliver,MIN,TE,15.0,43.8,65.8,2.92,4.4,258.0,3.0
2024.0,12d2804a381b38bad9a6f0511ac2a70b,Colby Parkinson,LAR,TE,17.0,35.400000000000006,65.4,2.08,3.8,294.0,1.0
2024.0,e5f9b6d1d196b61f3a2fe24b8658db42,Josh Whyle,GB,TE,17.0,32.8,60.8,1.93,3.6,248.0,1.0
2024.0,b9aef82d1904b2acccdabacdc21006a2,Grant Calcaterra,PHI,TE,17.0,35.8,59.8,2.11,3.5,298.0,1.0
2024.0,8138311d61dbc9958841bbcc4848ef39,Dawson Knox,BUF,TE,16.0,37.1,59.1,2.32,3.7,311.0,1.0
2024.0,c3d682f814f99e713110c8241dbc4026,Luke Schoonmaker,DAL,TE,17.0,30.1,57.1,1.77,3.4,241.0,1.0
2024.0,a48d892c37917886f02fcbe8d989093e,Tommy Tremble,CAR,TE,12.0,33.4,56.4,2.78,4.7,234.0,2.0
2024.0,41ec546fc560147eb2fc86b0f3492f62,Elijah Higgins,ARI,TE,17.0,29.200000000000003,49.2,1.72,2.9,172.0,2.0
2024.0,b5d889d29c473772caa31c4b00c9bb2d,Nick Vannett,LAR,TE,13.0,31.5,48.5,2.42,3.7,135.0,3.0
2024.0,9cc95ef9aeb2077b8aed054d5ae68957,Johnny Mundt,PHI,TE,15.0,26.200000000000003,45.2,1.75,3.0,142.0,2.0
2024.0,890f9655fc3460552c204e9ec2971623,Darnell Washington,PIT,TE,17.0,26.0,45.0,1.53,2.6,200.0,1.0
2024.0,5fa374ddb6b00946fcfa8924d3532dfb,Adam Trautman,DEN,TE,17.0,30.799999999999997,43.8,1.81,2.6,188.0,2.0
2024.0,ff55efb2320834eefde4d9faa03e8cf5,Nate Adkins,DEN,TE,17.0,29.5,43.5,1.74,2.6,115.0,3.0
2024.0,e523c4b6f1135e23b310f213841ad9f5,Tanner Hudson,CIN,TE,11.0,19.5,38.5,1.77,3.5,154.0,1.0
2024.0,2c9318a275feff15b38590c8afbae5ad,Michael Mayer,LV,TE,11.0,15.600000000000001,36.6,1.42,3.3,156.0,0.0
2024.0,37b0c8d6f7253224f1bd7aafb8f7f740,Drew Sample,CIN,TE,17.0,16.5,36.5,0.97,2.1,109.0,1.0
2024.0,73768d1785cbcbc3c77a666bdd154088,Erick All Jr.,CIN,TE,9.0,15.799999999999997,35.8,1.76,4.0,158.0,0.0
2024.0,2e9e019f822c23fe47a882a44d38eb66,Brock Wright,DET,TE,17.0,22.0,35.0,1.29,2.1,100.0,2.0
2024.0,010bcad657b8f3a4a64e24360463141b,Stone Smartt,PHI,TE,9.0,18.799999999999997,34.8,2.09,3.9,208.0,0.0
2024.0,521d788eb5215a0e55213ca97251ec9e,Payne Durham,TB,TE,16.0,23.5,34.5,1.47,2.2,115.0,2.0
2024.0,b072fda41ce8823e284b1d6fe538da88,Cade Stover,HOU,TE,15.0,19.299999999999997,34.3,1.29,2.3,133.0,1.0
2024.0,66f19cadfc69b36ab02ab072bbdd7cd0,Lucas Krull,DEN,TE,13.0,15.200000000000003,34.2,1.17,2.6,152.0,0.0
2024.0,e994fd37c5198269b14ebc19a52cce2a,Mo Alie-Cox,IND,TE,17.0,20.700000000000003,32.7,1.22,1.9,147.0,1.0
2024.0,74466ec4836fdfcbe709d784b49a74bf,Kylen Granson,TEN,TE,16.0,18.200000000000003,32.2,1.14,2.0,182.0,0.0
2024.0,4c41d4e3ac159960ad07331c7bec0bb0,Jeremy Ruckert,NYJ,TE,17.0,10.5,28.5,0.62,1.7,105.0,0.0
2024.0,bf9ce8021911e3e76a3e4159000beccf,Charlie Kolar,LAC,TE,13.0,19.3,28.3,1.48,2.2,131.0,1.0
2024.0,ebb3fdc4820975d95e9c5407f1f6e7ee,Eric Saubert,SEA,TE,13.0,15.7,26.7,1.21,2.1,97.0,1.0
2024.0,8e4e360f0f27f6b9e21c9ed6f73410ce,Tyler Higbee,LAR,TE,3.0,18.6,26.6,6.2,8.9,66.0,2.0
2024.0,fdb547e5bf499be9e2df4832660ce352,Daniel Bellinger,TEN,TE,17.0,12.5,26.5,0.74,1.6,125.0,0.0
2024.0,c76a32bf4f0b8496462570f230d1bad2,Drew Ogletree,IND,TE,17.0,16.9,25.9,0.99,1.5,109.0,1.0
2024.0,39b89802f1852582ed08d1e2eb5b57d1,Julian Hill,NE,TE,16.0,10.0,22.0,0.62,1.4,100.0,0.0
2024.0,59d881c2d3fbf14e0836936e5d2b584b,Luke Farrell,SF,TE,12.0,6.699999999999999,18.7,0.56,1.6,67.0,0.0
2024.0,6f07e5d9578017c9692e1eb1dd28a806,Brevyn Spann-Ford,DAL,TE,17.0,8.8,17.8,0.52,1.0,88.0,0.0
2024.0,418ec44c3ccfe41021337ae44b9be550,Harrison Bryant,FA,TE,6.0,8.600000000000001,17.6,1.43,2.9,86.0,0.0
2024.0,f7d405a5076efb41d262e692a89ca384,Blake Whiteheart,FA,TE,11.0,11.100000000000001,17.1,1.01,1.6,51.0,1.0
2024.0,6e661a69d3ca99492c4c323197788d3f,Connor Heyward,LV,TE,17.0,10.0,16.0,0.59,0.9,40.0,1.0
2024.0,0ee81a20795e0f00f9c1806d7534627a,MyCole Pruitt,FA,TE,8.0,10.0,16.0,1.25,2.0,40.0,1.0
2024.0,022fc9a93d52fad1f74f267ff238fd39,Kenny Yeboah,FA,TE,7.0,10.7,15.7,1.53,2.2,47.0,1.0
2024.0,cdbc55168584c289f2569d437f207491,Hayden Hurst,FA,TE,7.0,7.300000000000001,15.3,1.04,2.2,73.0,0.0
2024.0,5b7a28d48a35bc55c5f6fe38a6d74cc4,Quintin Morris,JAC,TE,10.0,9.6,14.6,0.96,1.5,36.0,1.0
2024.0,ab0213f454d44cf428b141f50852d422,John Bates,WAS,TE,17.0,6.4,14.4,0.38,0.8,84.0,0.0
2024.0,b23e3273a01d9786f01f19d1715382cf,Durham Smythe,BAL,TE,14.0,5.300000000000001,14.3,0.38,1.0,53.0,0.0
2024.0,5afebb3c9b081671026ee62a79be4739,Ben Sinnott,WAS,TE,17.0,8.8,13.8,0.52,0.8,28.0,1.0
2024.0,69171748a546c5768c6b96936d76d367,Devin Culp,TB,TE,5.0,8.8,13.8,1.76,2.8,88.0,0.0
2024.0,04d0aa348a9b3a18d9d570dde6e169d0,Hunter Long,JAC,TE,11.0,6.0,13.0,0.55,1.2,60.0,0.0
2024.0,5cdc733b8ed2a5d5b4758c04d25a42f1,Pharaoh Brown,FA,TE,10.0,4.5,12.5,0.45,1.3,65.0,0.0
2024.0,5359b66a4637837cff0b1481c88fb361,Chris Manhertz,NYG,TE,17.0,9.0,12.0,0.53,0.7,30.0,1.0
2024.0,917e4bb2001edf91de7c1291fa27dcf0,Gerald Everett,FA,TE,10.0,3.5999999999999996,11.6,0.36,1.2,36.0,0.0
2024.0,ebf4af84f10d54ee547dbc418263db67,Charlie Woerner,ATL,TE,16.0,4.6,11.6,0.29,0.7,46.0,0.0
2024.0,c5f7c2abc2a15899e605e49fc26ff01b,Luke Musgrave,GB,TE,7.0,4.5,11.5,0.64,1.6,45.0,0.0
2024.0,a2c36d13fc8c9a8cd9348059b28435dc,Tucker Fisk,FA,TE,9.0,3.9000000000000004,10.9,0.43,1.2,39.0,0.0
2024.0,7b52f12063a33fe5f3952b30c30fedb2,Peyton Hendershot,FA,TE,5.0,5.1,10.1,1.02,2.0,51.0,0.0
2024.0,22049b9868bc17d70b88cf19525d7a74,Davis Allen,LAR,TE,14.0,3.9000000000000004,9.9,0.28,0.7,39.0,0.0
2024.0,7745e473c66655bc891aa8dd51036860,Tip Reiman,ARI,TE,17.0,3.6999999999999993,9.7,0.22,0.6,37.0,0.0
2024.0,14c91bd485170c01e3c3ca35b90dea5a,Ben Sims,MIA,TE,17.0,4.199999999999999,8.2,0.25,0.5,42.0,0.0
2024.0,516289a6cb54a747dc55ec09d009a538,Greg Dulcich,MIA,TE,9.0,2.8,7.8,0.31,0.9,28.0,0.0
2024.0,4170246e18b11e09fde374e162b44d54,Cam Grandy,CIN,TE,8.0,2.8,7.8,0.35,1.0,28.0,0.0
2024.0,b3fdc7904625d1c640cf51f7d9f5f6c9,E.J. Jenkins,PHI,TE,8.0,6.7,7.7,0.84,1.0,7.0,1.0
2024.0,01b7679cb96a06962cce16ed14e45c69,Will Mallory,IND,TE,10.0,2.9000000000000004,6.9,0.29,0.7,29.0,0.0
2024.0,c473816b1ae21bc7be5da30ee81d2d27,Dallin Holker,FA,TE,12.0,2.0999999999999996,5.1,0.17,0.4,21.0,0.0
2024.0,4a0e15540bd658b9ea81890a57a4ee80,Tanner Conner,NYG,TE,7.0,1.5999999999999996,4.6,0.23,0.7,16.0,0.0
2024.0,2523cbff17327377c811552cd6f62c80,Josiah Deguara,FA,TE,7.0,1.4000000000000004,4.4,0.2,0.6,14.0,0.0
2024.0,97074a54fac213e0e33c2f9708f1b616,Jaheim Bell,PHI,TE,13.0,2.0,4.0,0.15,0.3,20.0,0.0
2024.0,f30244e0953bd6652d50ee3da85b9c0d,Ian Thomas,FA,TE,3.0,0.7000000000000002,3.7,0.23,1.2,7.0,0.0
2024.0,343937b2f52581794eb36040ab913ff6,Shane Zylstra,FA,TE,12.0,2.2,3.2,0.18,0.3,22.0,0.0
2024.0,bc563bf2d5b0bb8b15a2f591ee986c20,Jack Stoll,CLE,TE,5.0,1.0,3.0,0.2,0.6,10.0,0.0
2024.0,623244a28875c7a9a911ac64a0ffb92b,Eric Tomlinson,FA,TE,5.0,0.8999999999999999,2.9,0.18,0.6,9.0,0.0
2024.0,92caecde54bfe8165b5fe4e85987548f,Brevin Jordan,HOU,TE,2.0,0.7000000000000002,2.7,0.35,1.4,7.0,0.0
2024.0,e9f6f966bae0972d58f169d4c36684f1,Geoff Swaim,FA,TE,3.0,0.7,1.7,0.23,0.6,7.0,0.0
2024.0,b4b5d9dad6be73b262ccb9347cee3f24,John Samuel Shenker,FA,TE,3.0,0.7,1.7,0.23,0.6,7.0,0.0
2024.0,ec034084bebbf093ffac7c2f06178bd6,Jared Wiley,KC,TE,7.0,0.7,1.7,0.1,0.2,7.0,0.0
2024.0,2f5ccbe111168eb8a8fc3b0aef94be1d,David Martin-Robinson,TEN,TE,5.0,0.6000000000000001,1.6,0.12,0.3,6.0,0.0
2024.0,266ca3a6074fc9eae0fede287942e545,Jody Fortson Jr.,FA,TE,3.0,0.5,1.5,0.17,0.5,5.0,0.0
2024.0,46321e1f1e037f5a8311a830633c95a3,Ross Dwelley,FA,TE,4.0,0.5,1.5,0.12,0.4,5.0,0.0
2024.0,81eb6eff8b76b2ddf1b4fc527f04f28b,Zach Davidson,FA,TE,3.0,0.5,1.5,0.17,0.5,5.0,0.0
2024.0,3ee745a88f5cfd18c33919abb3f95440,John FitzPatrick,FA,TE,9.0,0.19999999999999996,1.2,0.02,0.1,2.0,0.0
2024.0,e3e45c51857ffbe1ac3a41b37e69ea91,Marcedes Lewis,FA,TE,6.0,0.19999999999999996,1.2,0.03,0.2,2.0,0.0
2024.0,29cce10cc85b7bc87f24bcfaa58fd2d2,Baylor Cupp,FA,TE,1.0,0.0,0.0,0.0,0.0,0.0,0.0
2024.0,e7e91a50ab70591635766130a25157a7,Colson Yankoff,WAS,TE,4.0,0.0,0.0,0.0,0.0,0.0,0.0
2024.0,4446d76788047e30724ae052c88cd0ca,Brayden Willis,SF,TE,9.0,0.0,0.0,0.0,0.0,0.0,0.0
2024.0,3ceaf8c384fbd37af01e20dba10e139d,Leroy Watson IV,FA,TE,3.0,0.0,0.0,0.0,0.0,0.0,0.0
2024.0,c75ea1311855991d4e38b20c1ea7a097,Rodney Williams,FA,TE,1.0,0.0,0.0,0.0,0.0,0.0,0.0
2024.0,636753221f18821d2e29511120169bd7,Jake Tonges,SF,TE,11.0,0.0,0.0,0.0,0.0,0.0,0.0
2024.0,71dc6fad7b2442e93f979a8847950d04,Thomas Odukoya,FA,TE,1.0,0.0,0.0,0.0,0.0,0.0,0.0
2024.0,8d42d18b1db4f960e6b06dc754cc1519,Zack Kuntz,MIA,TE,1.0,0.0,0.0,0.0,0.0,0.0,0.0
2024.0,99e56e6be09bb0ad490786d2f885b3c7,Parker Hesse,FA,TE,3.0,0.0,0.0,0.0,0.0,0.0,0.0
2024.0,96b527ac3059ab60080a1e8fcb3b3fb4,Jordan Matthews,FA,TE,2.0,0.0,0.0,0.0,0.0,0.0,0.0
2024.0,9b2ed795db393c9defc0c2fef5e7d3ef,Anthony Firkser,FA,TE,1.0,0.0,0.0,0.0,0.0,0.0,0.0
2024.0,1a7f0b0eb30760a11b475326ffbb42ae,Andrew Beck,NYJ,TE,2.0,0.0,0.0,0.0,0.0,0.0,0.0
2024.0,90b0448a238c0aafec816b14396aff8c,Matt Orzech,GB,TE,2.0,0.0,0.0,0.0,0.0,0.0,0.0
2024.0,a97cb430147eeed559d9f7f41bc0aee0,Mitchell Fraboni,DEN,TE,4.0,0.0,0.0,0.0,0.0,0.0,0.0
2024.0,e510d3d2eb5baf8e62820ebf8cef2c40,Irv Smith Jr.,FA,TE,5.0,0.0,0.0,0.0,0.0,0.0,0.0
2024.0,52b12e1ccc7b5a54981e684fc0d89cfe,C.J. Uzomah,FA,TE,2.0,0.0,0.0,0.0,0.0,0.0,0.0
2024.0,c516eb2fa6bbdb64376ede2ab5bda79f,Zach Wood,NO,TE,3.0,0.0,0.0,0.0,0.0,0.0,0.0
2024.0,9e555a7d270b76d753de9abff595b0b4,James Winchester,KC,TE,2.0,0.0,0.0,0.0,0.0,0.0,0.0
2024.0,498bdea07b4e6d5af2c0b58fb1a6ad53,Patrick Scales,FA,TE,1.0,0.0,0.0,0.0,0.0,0.0,0.0
2024.0,a6e14a8168ceaa8ef1ead5501baca549,Andrew DePaola,MIN,TE,2.0,0.0,0.0,0.0,0.0,0.0,0.0
2024.0,40b16aef0303d80efccd7ce14d4e500c,Brenden Bates,CLE,TE,2.0,0.0,0.0,0.0,0.0,0.0,0.0
2024.0,1afa3614ea5a7782d532749347e440ea,Jack Westover,NE,TE,2.0,0.0,0.0,0.0,0.0,0.0,0.0
2024.0,1a93df5d5334b8a36d7ba54cf0883692,Tanner McLachlan,LAC,TE,2.0,0.0,0.0,0.0,0.0,0.0,0.0
2024.0,f02064a6bb17ad95b91f77a8c86a3004,Princeton Fant,DAL,TE,5.0,0.0,0.0,0.0,0.0,0.0,0.0
2024.0,8d692c7918cc15126852b5fd6b9100d1,Teagan Quitoriano,ARI,TE,1.0,0.0,0.0,0.0,0.0,0.0,0.0
2024.0,a6cde7ceb0ad176d8a29f119a6c6b12e,Nick Muse,FA,TE,1.0,0.0,0.0,0.0,0.0,0.0,0.0
2024.0,1597364a8eca60e254acbcb5834c8561,Justin Shorter,LV,TE,7.0,0.0,0.0,0.0,0.0,0.0,0.0
2024.0,cd20327469feeefffae0b056aaabc7ad,Ko Kieft,TB,TE,17.0,0.0,0.0,0.0,0.0,0.0,0.0
2024.0,f9ac2e155d46cc69368cef8f2bf6f177,Travis Vokolek,FA,TE,1.0,0.0,0.0,0.0,0.0,0.0,0.0
2024.0,72b6713b2b39deb8bac0365c3452254d,Brady Russell,SEA,TE,11.0,0.0,0.0,0.0,0.0,0.0,0.0
2024.0,491051aa9e20d2fefdf57a39c4aa3756,Feleipe Franks,CAR,TE,9.0,-1.0,0.0,-0.11,0.0,12.0,0.0
2024.0,97fefeabb7358fa1c3158e45895945c9,Stephen Sullivan,FA,TE,1.0,0.0,0.0,0.0,0.0,0.0,0.0
2023.0,4f9c7d7bc16754e1841cbdcd2331143e,Sam LaPorta,DET,TE,17.0,153.3,239.3,9.02,14.1,889.0,10.0
2023.0,25a852007b3b00d3d1ddb2c408c1ba84,Evan Engram,DEN,TE,17.0,116.30000000000001,230.3,6.84,13.5,963.0,4.0
2023.0,d1a3dbc9e6b23848ee7d758ba49be4e6,Travis Kelce,KC,TE,15.0,126.4,219.4,8.43,14.6,984.0,5.0
2023.0,57e8757b3eb0c1ab862fea76188c1fff,T.J. Hockenson,MIN,TE,15.0,124.0,219.0,8.27,14.6,960.0,5.0
2023.0,734e8a8c5ca074911074dce1c38fbc19,George Kittle,SF,TE,16.0,138.2,203.2,8.64,12.7,1020.0,6.0
2023.0,8f19e094447c91c3335cc8dee3985407,David Njoku,FA,TE,16.0,120.19999999999999,201.2,7.51,12.6,882.0,6.0
2023.0,149c50230528d892f59eb3a43784cfe2,Trey McBride,ARI,TE,17.0,100.5,181.5,5.91,10.7,825.0,3.0
2023.0,528cfad8e9ad2966264ce6f8b7f2be03,Cole Kmet,CHI,TE,17.0,108.1,181.1,6.36,10.7,719.0,6.0
2023.0,d2a4212a6f597cc9f7590a23eb7dad6b,Jake Ferguson,DAL,TE,17.0,106.1,177.1,6.24,10.4,761.0,5.0
2023.0,025e84af528c42fbc8ce5915f65b78b6,Dalton Schultz,HOU,TE,15.0,91.5,150.5,6.1,10.0,635.0,5.0
2023.0,8dcba3a17d1e3d5256c89d09e50c7549,Dalton Kincaid,BUF,TE,16.0,77.30000000000001,150.3,4.83,9.4,673.0,2.0
2023.0,0c0d30b551890e05c807e9cd5c51d7cc,Taysom Hill,FA,TE,16.0,110.5,143.5,6.91,9.0,291.0,2.0
2023.0,66dc4ae7ea8b39738c14b12116b424d3,Kyle Pitts Sr.,ATL,TE,17.0,84.30000000000001,137.3,4.96,8.1,667.0,3.0
2023.0,5f0ba329b995c93b32f60de2da1e75b9,Dallas Goedert,PHI,TE,14.0,77.30000000000001,136.3,5.52,9.7,592.0,3.0
2023.0,9e1035be27b13b71d90fe1ca2b384347,Mark Andrews,BAL,TE,10.0,90.4,135.4,9.04,13.5,544.0,6.0
2023.0,33bc83aa2463bbe3a1d4e3cd248dc0e0,Logan Thomas,FA,TE,16.0,71.8,126.8,4.49,7.9,496.0,4.0
2023.0,47d716638c445e84811d7054847f8543,Jonnu Smith,FA,TE,17.0,74.2,124.2,4.36,7.3,582.0,3.0
2023.0,bdf26c52960a4ebceeefb09e1c7ba64a,Tyler Conklin,DET,TE,17.0,62.099999999999994,123.1,3.65,7.2,621.0,0.0
2023.0,0c6caf30777de7d20ef46d52f3493131,Hunter Henry,NE,TE,14.0,77.9,119.9,5.56,8.6,419.0,6.0
2023.0,1d3883b8b01abfca677e9f23cc5fce73,Cade Otton,TB,TE,17.0,69.5,116.5,4.09,6.9,455.0,4.0
2023.0,7724c388dae3e312504f39b5184eaa93,Chig Okonkwo,WAS,TE,17.0,59.400000000000006,113.4,3.49,6.7,528.0,1.0
2023.0,b3289448b4027f8a355c4248657795d7,Darren Waller,FA,TE,12.0,61.2,113.2,5.1,9.4,552.0,1.0
2023.0,917e4bb2001edf91de7c1291fa27dcf0,Gerald Everett,FA,TE,15.0,60.099999999999994,111.1,4.01,7.4,411.0,3.0
2023.0,8e4e360f0f27f6b9e21c9ed6f73410ce,Tyler Higbee,LAR,TE,15.0,61.5,108.5,4.1,7.2,495.0,2.0
2023.0,48b077863ca88febdf0082c641837f0d,Isaiah Likely,NYG,TE,17.0,71.1,101.1,4.18,5.9,411.0,5.0
2023.0,15192466708adb1c128f417694b0c1e1,Juwan Johnson,NO,TE,13.0,60.8,97.8,4.68,7.5,368.0,4.0
2023.0,e523c4b6f1135e23b310f213841ad9f5,Tanner Hudson,CIN,TE,12.0,41.2,80.2,3.43,6.7,352.0,1.0
2023.0,08af7338699bdb25de3a6218dbb7c42c,Donald Parham Jr.,FA,TE,14.0,52.5,79.5,3.75,5.7,285.0,4.0
2023.0,fa345334790e14d6fa9ac1b4f16c423f,Tucker Kraft,GB,TE,17.0,47.5,78.5,2.79,4.6,355.0,2.0
2023.0,4b841ae2534a9937a01c6c1d8175d15b,Pat Freiermuth,PIT,TE,12.0,44.8,76.8,3.73,6.4,308.0,2.0
2023.0,c5f7c2abc2a15899e605e49fc26ff01b,Luke Musgrave,GB,TE,11.0,41.2,75.2,3.75,6.8,352.0,1.0
2023.0,268056eb7a0b7ed465d7688764408995,Noah Fant,NO,TE,17.0,41.400000000000006,73.4,2.44,4.3,414.0,0.0
2023.0,74466ec4836fdfcbe709d784b49a74bf,Kylen Granson,TEN,TE,15.0,43.0,73.0,2.87,4.9,368.0,1.0
2023.0,b23e3273a01d9786f01f19d1715382cf,Durham Smythe,BAL,TE,13.0,36.599999999999994,71.6,2.82,5.5,366.0,0.0
2023.0,2c9318a275feff15b38590c8afbae5ad,Michael Mayer,LV,TE,14.0,44.400000000000006,71.4,3.17,5.1,304.0,2.0
2023.0,8151482d6c9a8e36a671885f22c472fd,Noah Gray,KC,TE,17.0,42.599999999999994,70.6,2.51,4.2,305.0,2.0
2023.0,13078133c466538c657c32696f0b326f,Mike Gesicki,CIN,TE,15.0,36.400000000000006,65.4,2.43,4.4,244.0,2.0
2023.0,12d2804a381b38bad9a6f0511ac2a70b,Colby Parkinson,LAR,TE,15.0,36.7,61.7,2.45,4.1,247.0,2.0
2023.0,a48d892c37917886f02fcbe8d989093e,Tommy Tremble,CAR,TE,16.0,37.4,60.4,2.34,3.8,194.0,3.0
2023.0,5fa374ddb6b00946fcfa8924d3532dfb,Adam Trautman,DEN,TE,17.0,38.4,60.4,2.26,3.6,204.0,3.0
2023.0,8138311d61dbc9958841bbcc4848ef39,Dawson Knox,BUF,TE,12.0,32.6,54.6,2.72,4.6,186.0,2.0
2023.0,8b6282fdba6e87fa0f9aae59160bfda7,Josh Oliver,MIN,TE,17.0,31.299999999999997,53.3,1.84,3.1,213.0,2.0
2023.0,08dfc03321b8773b719565f1cac4b9bb,Zach Ertz,FA,TE,7.0,24.700000000000003,51.7,3.53,7.4,187.0,1.0
2023.0,92caecde54bfe8165b5fe4e85987548f,Brevin Jordan,HOU,TE,13.0,33.9,50.9,2.61,3.9,219.0,2.0
2023.0,fdb547e5bf499be9e2df4832660ce352,Daniel Bellinger,TEN,TE,17.0,25.5,50.5,1.5,3.0,255.0,0.0
2023.0,37b0c8d6f7253224f1bd7aafb8f7f740,Drew Sample,CIN,TE,17.0,28.299999999999997,50.3,1.66,3.0,163.0,2.0
2023.0,e994fd37c5198269b14ebc19a52cce2a,Mo Alie-Cox,IND,TE,17.0,36.1,49.1,2.12,2.9,161.0,3.0
2023.0,ebaf8389710d4f51741511369c1eef9d,Austin Hooper,ATL,TE,16.0,23.4,48.4,1.46,3.0,234.0,0.0
2023.0,27efd39ba876350d8dd4bd55b8e9e776,Foster Moreau,HOU,TE,15.0,25.299999999999997,46.3,1.69,3.1,193.0,1.0
2023.0,cdbc55168584c289f2569d437f207491,Hayden Hurst,FA,TE,10.0,24.4,42.4,2.44,4.2,184.0,1.0
2023.0,9cc95ef9aeb2077b8aed054d5ae68957,Johnny Mundt,PHI,TE,11.0,23.200000000000003,40.2,2.11,3.7,172.0,1.0
2023.0,8efb171ac05d60d5f40b272d576307f0,Will Dissly,FA,TE,13.0,23.200000000000003,40.2,1.78,3.1,172.0,1.0
2023.0,6e661a69d3ca99492c4c323197788d3f,Connor Heyward,LV,TE,17.0,16.700000000000003,39.7,0.98,2.3,167.0,0.0
2023.0,1a7f0b0eb30760a11b475326ffbb42ae,Andrew Beck,NYJ,TE,13.0,27.799999999999997,38.8,2.14,3.0,55.0,2.0
2023.0,01b7679cb96a06962cce16ed14e45c69,Will Mallory,IND,TE,12.0,20.700000000000003,38.7,1.73,3.2,207.0,0.0
2023.0,418ec44c3ccfe41021337ae44b9be550,Harrison Bryant,FA,TE,15.0,24.9,37.9,1.66,2.5,81.0,3.0
2023.0,5cdc733b8ed2a5d5b4758c04d25a42f1,Pharaoh Brown,FA,TE,11.0,24.799999999999997,37.8,2.25,3.4,208.0,1.0
2023.0,41ec546fc560147eb2fc86b0f3492f62,Elijah Higgins,ARI,TE,11.0,22.299999999999997,36.3,2.03,3.3,163.0,1.0
2023.0,c76a32bf4f0b8496462570f230d1bad2,Drew Ogletree,IND,TE,12.0,26.700000000000003,35.7,2.22,3.0,147.0,2.0
2023.0,ab0213f454d44cf428b141f50852d422,John Bates,WAS,TE,17.0,15.100000000000001,34.1,0.89,2.0,151.0,0.0
2023.0,146fcb7bc20adb76382999aca98e3874,Jimmy Graham,FA,TE,6.0,27.9,33.9,4.65,5.7,39.0,4.0
2023.0,e510d3d2eb5baf8e62820ebf8cef2c40,Irv Smith Jr.,FA,TE,11.0,15.5,33.5,1.41,3.0,115.0,1.0
2023.0,010bcad657b8f3a4a64e24360463141b,Stone Smartt,PHI,TE,12.0,21.5,32.5,1.79,2.7,155.0,1.0
2023.0,4c41d4e3ac159960ad07331c7bec0bb0,Jeremy Ruckert,NYJ,TE,15.0,15.100000000000001,31.1,1.01,2.1,151.0,0.0
2023.0,59d881c2d3fbf14e0836936e5d2b584b,Luke Farrell,SF,TE,10.0,15.5,28.5,1.55,2.9,155.0,0.0
2023.0,880adb9c3795804aa9c373635868af3d,Jordan Akins,FA,TE,13.0,13.2,28.2,1.02,2.2,132.0,0.0
2023.0,2e9e019f822c23fe47a882a44d38eb66,Brock Wright,DET,TE,14.0,15.100000000000001,28.1,1.08,2.0,91.0,1.0
2023.0,c3d682f814f99e713110c8241dbc4026,Luke Schoonmaker,DAL,TE,17.0,18.5,26.5,1.09,1.6,65.0,2.0
2023.0,0ee81a20795e0f00f9c1806d7534627a,MyCole Pruitt,FA,TE,11.0,17.0,26.0,1.55,2.4,110.0,1.0
2023.0,22049b9868bc17d70b88cf19525d7a74,Davis Allen,LAR,TE,15.0,15.5,25.5,1.03,1.7,95.0,1.0
2023.0,97fefeabb7358fa1c3158e45895945c9,Stephen Sullivan,FA,TE,11.0,12.5,24.5,1.14,2.2,125.0,0.0
2023.0,e5f9b6d1d196b61f3a2fe24b8658db42,Josh Whyle,GB,TE,11.0,15.399999999999999,24.4,1.4,2.2,94.0,1.0
2023.0,66f19cadfc69b36ab02ab072bbdd7cd0,Lucas Krull,DEN,TE,7.0,15.5,23.5,2.21,3.4,95.0,1.0
2023.0,73b37af461c519e9bd5656007665c729,Cole Turner,MIA,TE,12.0,12.0,23.0,1.0,1.9,120.0,0.0
2023.0,c8374379afa0ff9a21f9b72862889080,Robert Tonyan,FA,TE,12.0,11.2,22.2,0.93,1.9,112.0,0.0
2023.0,bf9ce8021911e3e76a3e4159000beccf,Charlie Kolar,LAC,TE,14.0,14.7,21.7,1.05,1.6,87.0,1.0
2023.0,52b12e1ccc7b5a54981e684fc0d89cfe,C.J. Uzomah,FA,TE,8.0,11.8,19.8,1.48,2.5,58.0,1.0
2023.0,e9f6f966bae0972d58f169d4c36684f1,Geoff Swaim,FA,TE,9.0,9.399999999999999,19.4,1.04,2.2,94.0,0.0
2023.0,f50178ad04dc10460511e0cca855cae9,Mitchell Wilcox,FA,TE,12.0,5.6,14.6,0.47,1.2,56.0,0.0
2023.0,2523cbff17327377c811552cd6f62c80,Josiah Deguara,FA,TE,9.0,6.5,14.5,0.72,1.6,65.0,0.0
2023.0,5ddeda4e601503a713f93fe497cadf63,Brenton Strange,JAC,TE,14.0,9.5,14.5,0.68,1.0,35.0,1.0
2023.0,890f9655fc3460552c204e9ec2971623,Darnell Washington,PIT,TE,17.0,6.1,13.1,0.36,0.8,61.0,0.0
2023.0,e3e45c51857ffbe1ac3a41b37e69ea91,Marcedes Lewis,FA,TE,6.0,8.9,12.9,1.48,2.2,29.0,1.0
2023.0,bf66dc2cf31248203ef5367641dfc38c,Brycen Hopkins,FA,TE,5.0,7.800000000000001,12.8,1.56,2.6,78.0,0.0
2023.0,14c91bd485170c01e3c3ca35b90dea5a,Ben Sims,MIA,TE,16.0,8.1,12.1,0.51,0.8,21.0,1.0
2023.0,335e8f8b4fa564d6e695815979fd5e49,Blake Bell,FA,TE,7.0,6.6,11.6,0.94,1.7,26.0,1.0
2023.0,521d788eb5215a0e55213ca97251ec9e,Payne Durham,TB,TE,13.0,5.800000000000001,10.8,0.45,0.8,58.0,0.0
2023.0,5b7a28d48a35bc55c5f6fe38a6d74cc4,Quintin Morris,JAC,TE,3.0,8.6,10.6,2.87,3.5,26.0,1.0
2023.0,f30244e0953bd6652d50ee3da85b9c0d,Ian Thomas,FA,TE,8.0,5.6,10.6,0.7,1.3,56.0,0.0
2023.0,39b89802f1852582ed08d1e2eb5b57d1,Julian Hill,NE,TE,15.0,2.8000000000000007,8.8,0.19,0.6,48.0,0.0
2023.0,bc563bf2d5b0bb8b15a2f591ee986c20,Jack Stoll,CLE,TE,7.0,3.8000000000000007,8.8,0.54,1.3,38.0,0.0
2023.0,b9aef82d1904b2acccdabacdc21006a2,Grant Calcaterra,PHI,TE,14.0,3.9000000000000004,7.9,0.28,0.6,39.0,0.0
2023.0,7b52f12063a33fe5f3952b30c30fedb2,Peyton Hendershot,FA,TE,8.0,3.8,7.8,0.48,1.0,38.0,0.0
2023.0,cd20327469feeefffae0b056aaabc7ad,Ko Kieft,TB,TE,16.0,6.2,7.2,0.39,0.5,2.0,1.0
2023.0,ff55efb2320834eefde4d9faa03e8cf5,Nate Adkins,DEN,TE,10.0,2.2,6.2,0.22,0.6,22.0,0.0
2023.0,ebf4af84f10d54ee547dbc418263db67,Charlie Woerner,ATL,TE,10.0,3.2,6.2,0.32,0.6,32.0,0.0
2023.0,516289a6cb54a747dc55ec09d009a538,Greg Dulcich,MIA,TE,2.0,2.5,5.5,1.25,2.8,25.0,0.0
2023.0,8d692c7918cc15126852b5fd6b9100d1,Teagan Quitoriano,ARI,TE,3.0,3.3,5.3,1.1,1.8,33.0,0.0
2023.0,022fc9a93d52fad1f74f267ff238fd39,Kenny Yeboah,FA,TE,3.0,2.8,4.8,0.93,1.6,28.0,0.0
2023.0,3aa5dec05753171f1697f21b84bb82d0,James Mitchell,CAR,TE,2.0,2.8,4.8,1.4,2.4,28.0,0.0
2023.0,ebb3fdc4820975d95e9c5407f1f6e7ee,Eric Saubert,SEA,TE,3.0,1.2000000000000002,4.2,0.4,1.4,12.0,0.0
2023.0,5359b66a4637837cff0b1481c88fb361,Chris Manhertz,NYG,TE,7.0,1.6,3.6,0.23,0.5,16.0,0.0
2023.0,a6cde7ceb0ad176d8a29f119a6c6b12e,Nick Muse,FA,TE,1.0,2.2,3.2,2.2,3.2,22.0,0.0
2023.0,2611d5c7dafd657b1865620de5b9a605,Trevon Wesco,FA,TE,6.0,2.1,3.1,0.35,0.5,21.0,0.0
2023.0,46321e1f1e037f5a8311a830633c95a3,Ross Dwelley,FA,TE,12.0,1.2000000000000002,2.2,0.1,0.2,12.0,0.0
2023.0,3ee745a88f5cfd18c33919abb3f95440,John FitzPatrick,FA,TE,3.0,1.2000000000000002,2.2,0.4,0.7,12.0,0.0
2023.0,a2c36d13fc8c9a8cd9348059b28435dc,Tucker Fisk,FA,TE,2.0,0.8999999999999999,1.9,0.45,1.0,9.0,0.0
2023.0,5ceeb561ba6f123d17e87be358b4aefb,Cole Fotheringham,FA,TE,1.0,0.6000000000000001,1.6,0.6,1.6,6.0,0.0
2023.0,aff57ab66e5298ca5c07a5cf7973f465,Kevin Rader,FA,TE,7.0,0.6000000000000001,1.6,0.09,0.2,6.0,0.0
2023.0,fa04e0b1fcd1d2e5ffecf6b3f268eb37,Jesper Horsted,FA,TE,5.0,0.3999999999999999,1.4,0.08,0.3,4.0,0.0
2023.0,b5d889d29c473772caa31c4b00c9bb2d,Nick Vannett,LAR,TE,1.0,0.30000000000000004,1.3,0.3,1.3,3.0,0.0
2023.0,3e09277e156281dd526a1b26d900cd2c,Giovanni Ricci,FA,TE,5.0,0.19999999999999996,1.2,0.04,0.2,2.0,0.0
2023.0,ce50aad2437073dd8ee9a7e0fd25d600,David Wells,FA,TE,1.0,-1.0,1.0,-1.0,1.0,-10.0,0.0
2023.0,4a0e15540bd658b9ea81890a57a4ee80,Tanner Conner,NYG,TE,3.0,0.0,0.0,0.0,0.0,0.0,0.0
2023.0,2b4b67542d76b9dba664beb84c317a72,Tre' McKitty,FA,TE,1.0,0.0,0.0,0.0,0.0,0.0,0.0
2023.0,498bdea07b4e6d5af2c0b58fb1a6ad53,Patrick Scales,FA,TE,1.0,0.0,0.0,0.0,0.0,0.0,0.0
2023.0,a6e14a8168ceaa8ef1ead5501baca549,Andrew DePaola,MIN,TE,3.0,0.0,0.0,0.0,0.0,0.0,0.0
2023.0,f13880fa96560fca262a3afd1c0c1067,Tyler Ott,WAS,TE,3.0,0.0,0.0,0.0,0.0,0.0,0.0
2023.0,9a88b46cb29668edc93b095ef8fec5f1,Stephen Anderson,FA,TE,1.0,0.0,0.0,0.0,0.0,0.0,0.0
2023.0,9e555a7d270b76d753de9abff595b0b4,James Winchester,KC,TE,1.0,0.0,0.0,0.0,0.0,0.0,0.0
2023.0,c516eb2fa6bbdb64376ede2ab5bda79f,Zach Wood,NO,TE,4.0,0.0,0.0,0.0,0.0,0.0,0.0
2023.0,98439e2a31bb00de41e8bd2f2822ae99,Tyler Kroft,FA,TE,1.0,0.0,0.0,0.0,0.0,0.0,0.0
2023.0,36ecc5e8b4615d27f16f2ca5f93dec80,Albert Okwuegbunam Jr.,LV,TE,1.0,0.0,0.0,0.0,0.0,0.0,0.0
2023.0,0c94b27aac94a9389757b77a848bb4c9,Matt Sokol,FA,TE,1.0,0.0,0.0,0.0,0.0,0.0,0.0
2023.0,99e56e6be09bb0ad490786d2f885b3c7,Parker Hesse,FA,TE,1.0,0.0,0.0,0.0,0.0,0.0,0.0
2023.0,a97cb430147eeed559d9f7f41bc0aee0,Mitchell Fraboni,DEN,TE,6.0,0.0,0.0,0.0,0.0,0.0,0.0
2023.0,e6c88fc8597efa017d37d1f06c16501e,Darrell Daniels,FA,TE,1.0,0.0,0.0,0.0,0.0,0.0,0.0
2023.0,f63d5a55f432ef093e0b4c1792f50991,Jordan Thomas,FA,TE,1.0,0.0,0.0,0.0,0.0,0.0,0.0
2023.0,8d42d18b1db4f960e6b06dc754cc1519,Zack Kuntz,MIA,TE,2.0,0.0,0.0,0.0,0.0,0.0,0.0
2023.0,4446d76788047e30724ae052c88cd0ca,Brayden Willis,SF,TE,7.0,0.0,0.0,0.0,0.0,0.0,0.0
2023.0,0a2e9b99e22ab9d186c65e238dc2ba40,Derek Parish,FA,TE,1.0,0.0,0.0,0.0,0.0,0.0,0.0
2023.0,c75ea1311855991d4e38b20c1ea7a097,Rodney Williams,FA,TE,6.0,0.0,0.0,0.0,0.0,0.0,0.0
2023.0,464b238552335246dd141e7e0c81ac60,Henry Pearson,FA,TE,1.0,0.0,0.0,0.0,0.0,0.0,0.0
2023.0,f9ac2e155d46cc69368cef8f2bf6f177,Travis Vokolek,FA,TE,2.0,0.0,0.0,0.0,0.0,0.0,0.0
2023.0,72b6713b2b39deb8bac0365c3452254d,Brady Russell,SEA,TE,10.0,0.0,0.0,0.0,0.0,0.0,0.0
2023.0,e397658225491d4fabd4f2331bb8be16,Chris Pierce Jr.,FA,TE,1.0,0.0,0.0,0.0,0.0,0.0,0.0
2023.0,04d0aa348a9b3a18d9d570dde6e169d0,Hunter Long,JAC,TE,1.0,0.0,0.0,0.0,0.0,0.0,0.0
2023.0,22c867e4a3f9effd114c74b7dbbbb61c,Sean McKeon,IND,TE,8.0,0.0,0.0,0.0,0.0,0.0,0.0
2023.0,c64b609a06ce5e014283a12f4bdfe372,Lawrence Cager,WAS,TE,5.0,-4.0,0.0,-0.8,0.0,36.0,1.0
2023.0,46789c7ebe239073e10cb9d4f5ac82b3,Dalton Keene,FA,TE,1.0,0.0,0.0,0.0,0.0,0.0,0.0
2022.0,d1a3dbc9e6b23848ee7d758ba49be4e6,Travis Kelce,KC,TE,17.0,206.3,316.3,12.14,18.6,1338.0,12.0
2022.0,57e8757b3eb0c1ab862fea76188c1fff,T.J. Hockenson,MIN,TE,17.0,129.4,215.4,7.61,12.7,914.0,6.0
2022.0,734e8a8c5ca074911074dce1c38fbc19,George Kittle,SF,TE,15.0,140.5,200.5,9.37,13.4,765.0,11.0
2022.0,9e1035be27b13b71d90fe1ca2b384347,Mark Andrews,BAL,TE,15.0,117.5,190.5,7.83,12.7,847.0,5.0
2022.0,25a852007b3b00d3d1ddb2c408c1ba84,Evan Engram,DEN,TE,17.0,103.9,176.9,6.11,10.4,766.0,4.0
2022.0,8e4e360f0f27f6b9e21c9ed6f73410ce,Tyler Higbee,LAR,TE,16.0,80.0,152.0,5.0,9.5,620.0,3.0
2022.0,4b841ae2534a9937a01c6c1d8175d15b,Pat Freiermuth,PIT,TE,15.0,85.19999999999999,148.2,5.68,9.9,732.0,2.0
2022.0,528cfad8e9ad2966264ce6f8b7f2be03,Cole Kmet,CHI,TE,17.0,97.30000000000001,147.3,5.72,8.7,544.0,7.0
2022.0,0c0d30b551890e05c807e9cd5c51d7cc,Taysom Hill,FA,TE,16.0,136.8,145.8,8.55,9.1,77.0,2.0
2022.0,025e84af528c42fbc8ce5915f65b78b6,Dalton Schultz,HOU,TE,15.0,85.69999999999999,142.7,5.71,9.5,577.0,5.0
2022.0,8f19e094447c91c3335cc8dee3985407,David Njoku,FA,TE,14.0,84.0,142.0,6.0,10.1,628.0,4.0
2022.0,5f0ba329b995c93b32f60de2da1e75b9,Dallas Goedert,PHI,TE,12.0,86.19999999999999,141.2,7.18,11.8,702.0,3.0
2022.0,917e4bb2001edf91de7c1291fa27dcf0,Gerald Everett,FA,TE,15.0,81.5,139.5,5.43,9.3,555.0,4.0
2022.0,8138311d61dbc9958841bbcc4848ef39,Dawson Knox,BUF,TE,15.0,87.69999999999999,135.7,5.85,9.0,517.0,6.0
2022.0,15192466708adb1c128f417694b0c1e1,Juwan Johnson,NO,TE,16.0,92.80000000000001,134.8,5.8,8.4,508.0,7.0
2022.0,bdf26c52960a4ebceeefb09e1c7ba64a,Tyler Conklin,DET,TE,17.0,73.5,131.5,4.32,7.7,552.0,3.0
2022.0,268056eb7a0b7ed465d7688764408995,Noah Fant,NO,TE,17.0,72.6,122.6,4.27,7.2,486.0,4.0
2022.0,880adb9c3795804aa9c373635868af3d,Jordan Akins,FA,TE,15.0,79.5,116.5,5.3,7.8,495.0,5.0
2022.0,08dfc03321b8773b719565f1cac4b9bb,Zach Ertz,FA,TE,10.0,68.6,115.6,6.86,11.6,406.0,4.0
2022.0,c8374379afa0ff9a21f9b72862889080,Robert Tonyan,FA,TE,17.0,59.0,112.0,3.47,6.6,470.0,2.0
2022.0,cdbc55168584c289f2569d437f207491,Hayden Hurst,FA,TE,14.0,55.900000000000006,109.9,3.99,7.9,439.0,2.0
2022.0,0c6caf30777de7d20ef46d52f3493131,Hunter Henry,NE,TE,16.0,62.900000000000006,103.9,3.93,6.5,509.0,2.0
2022.0,13078133c466538c657c32696f0b326f,Mike Gesicki,CIN,TE,17.0,66.2,98.2,3.89,5.8,362.0,5.0
2022.0,ebaf8389710d4f51741511369c1eef9d,Austin Hooper,ATL,TE,17.0,56.400000000000006,97.4,3.32,5.7,444.0,2.0
2022.0,7724c388dae3e312504f39b5184eaa93,Chig Okonkwo,WAS,TE,17.0,65.2,97.2,3.84,5.7,450.0,3.0
2022.0,1d3883b8b01abfca677e9f23cc5fce73,Cade Otton,TB,TE,16.0,51.099999999999994,93.1,3.19,5.8,391.0,2.0
2022.0,48b077863ca88febdf0082c641837f0d,Isaiah Likely,NYG,TE,15.0,55.3,91.3,3.69,6.1,373.0,3.0
2022.0,8efb171ac05d60d5f40b272d576307f0,Will Dissly,FA,TE,15.0,52.900000000000006,86.9,3.53,5.8,349.0,3.0
2022.0,516289a6cb54a747dc55ec09d009a538,Greg Dulcich,MIA,TE,10.0,53.099999999999994,86.1,5.31,8.6,411.0,2.0
2022.0,27efd39ba876350d8dd4bd55b8e9e776,Foster Moreau,HOU,TE,14.0,52.2,85.2,3.73,6.1,420.0,2.0
2022.0,b3289448b4027f8a355c4248657795d7,Darren Waller,FA,TE,9.0,56.8,84.8,6.31,9.4,388.0,3.0
2022.0,33bc83aa2463bbe3a1d4e3cd248dc0e0,Logan Thomas,FA,TE,13.0,38.3,77.3,2.95,5.9,323.0,1.0
2022.0,66dc4ae7ea8b39738c14b12116b424d3,Kyle Pitts Sr.,ATL,TE,10.0,47.599999999999994,75.6,4.76,7.6,356.0,2.0
2022.0,fdb547e5bf499be9e2df4832660ce352,Daniel Bellinger,TEN,TE,12.0,45.0,75.0,3.75,6.3,268.0,2.0
2022.0,d089cdad3004abb46faf5ee95db616fd,Jelani Woods,NYJ,TE,14.0,49.2,74.2,3.51,5.3,312.0,3.0
2022.0,8151482d6c9a8e36a671885f22c472fd,Noah Gray,KC,TE,17.0,42.0,70.0,2.47,4.1,299.0,1.0
2022.0,12d2804a381b38bad9a6f0511ac2a70b,Colby Parkinson,LAR,TE,14.0,44.2,69.2,3.16,4.9,322.0,2.0
2022.0,2e9e019f822c23fe47a882a44d38eb66,Brock Wright,DET,TE,16.0,45.6,63.6,2.85,4.0,216.0,4.0
2022.0,418ec44c3ccfe41021337ae44b9be550,Harrison Bryant,FA,TE,14.0,30.700000000000003,61.7,2.19,4.4,239.0,1.0
2022.0,149c50230528d892f59eb3a43784cfe2,Trey McBride,ARI,TE,14.0,32.5,61.5,2.32,4.4,265.0,1.0
2022.0,74466ec4836fdfcbe709d784b49a74bf,Kylen Granson,TEN,TE,13.0,30.200000000000003,61.2,2.32,4.7,302.0,0.0
2022.0,52b12e1ccc7b5a54981e684fc0d89cfe,C.J. Uzomah,FA,TE,14.0,35.2,56.2,2.51,4.0,232.0,2.0
2022.0,e510d3d2eb5baf8e62820ebf8cef2c40,Irv Smith Jr.,FA,TE,8.0,30.200000000000003,55.2,3.78,6.9,182.0,2.0
2022.0,0ee81a20795e0f00f9c1806d7534627a,MyCole Pruitt,FA,TE,10.0,39.0,55.0,3.9,5.5,150.0,4.0
2022.0,e994fd37c5198269b14ebc19a52cce2a,Mo Alie-Cox,IND,TE,14.0,34.9,53.9,2.49,3.9,189.0,3.0
2022.0,a48d892c37917886f02fcbe8d989093e,Tommy Tremble,CAR,TE,16.0,33.4,52.4,2.09,3.3,174.0,3.0
2022.0,47d716638c445e84811d7054847f8543,Jonnu Smith,FA,TE,12.0,25.0,52.0,2.08,4.3,245.0,0.0
2022.0,d2a4212a6f597cc9f7590a23eb7dad6b,Jake Ferguson,DAL,TE,13.0,29.4,48.4,2.26,3.7,174.0,2.0
2022.0,5fa374ddb6b00946fcfa8924d3532dfb,Adam Trautman,DEN,TE,13.0,26.700000000000003,44.7,2.05,3.4,207.0,1.0
2022.0,343937b2f52581794eb36040ab913ff6,Shane Zylstra,FA,TE,11.0,30.0,41.0,2.73,3.7,60.0,4.0
2022.0,8b6282fdba6e87fa0f9aae59160bfda7,Josh Oliver,MIN,TE,12.0,26.9,40.9,2.24,3.4,149.0,2.0
2022.0,f30244e0953bd6652d50ee3da85b9c0d,Ian Thomas,FA,TE,14.0,19.700000000000003,40.7,1.41,2.9,197.0,0.0
2022.0,b23e3273a01d9786f01f19d1715382cf,Durham Smythe,BAL,TE,13.0,25.0,40.0,1.92,3.1,129.0,1.0
2022.0,7b52f12063a33fe5f3952b30c30fedb2,Peyton Hendershot,FA,TE,12.0,28.5,39.5,2.38,3.3,103.0,2.0
2022.0,9cc95ef9aeb2077b8aed054d5ae68957,Johnny Mundt,PHI,TE,13.0,20.0,39.0,1.54,3.0,140.0,1.0
2022.0,fd6c16b845b18077edf653faa6d49e08,Cameron Brate,FA,TE,9.0,17.4,37.4,1.93,4.2,174.0,0.0
2022.0,f50178ad04dc10460511e0cca855cae9,Mitchell Wilcox,FA,TE,9.0,19.9,36.9,2.21,4.1,139.0,1.0
2022.0,8ea32baa70a978833343ffc02c51e27e,O.J. Howard,FA,TE,11.0,26.5,36.5,2.41,3.3,145.0,2.0
2022.0,6e661a69d3ca99492c4c323197788d3f,Connor Heyward,LV,TE,17.0,23.799999999999997,35.8,1.4,2.1,151.0,1.0
2022.0,ebb3fdc4820975d95e9c5407f1f6e7ee,Eric Saubert,SEA,TE,14.0,20.799999999999997,35.8,1.49,2.6,148.0,1.0
2022.0,31b4f78da370a5664286e8cdf5880c3c,Zach Gentry,FA,TE,14.0,13.200000000000003,32.2,0.94,2.3,132.0,0.0
2022.0,ab0213f454d44cf428b141f50852d422,John Bates,WAS,TE,10.0,16.8,30.8,1.68,3.1,108.0,1.0
2022.0,8d692c7918cc15126852b5fd6b9100d1,Teagan Quitoriano,ARI,TE,7.0,23.3,30.3,3.33,4.3,113.0,2.0
2022.0,266ca3a6074fc9eae0fede287942e545,Jody Fortson Jr.,FA,TE,10.0,20.8,29.8,2.08,3.0,108.0,2.0
2022.0,08af7338699bdb25de3a6218dbb7c42c,Donald Parham Jr.,FA,TE,6.0,19.0,29.0,3.17,4.8,130.0,1.0
2022.0,623244a28875c7a9a911ac64a0ffb92b,Eric Tomlinson,FA,TE,9.0,19.9,28.9,2.21,3.2,79.0,2.0
2022.0,3aa5dec05753171f1697f21b84bb82d0,James Mitchell,CAR,TE,8.0,17.3,28.3,2.16,3.5,113.0,1.0
2022.0,92caecde54bfe8165b5fe4e85987548f,Brevin Jordan,HOU,TE,9.0,12.8,26.8,1.42,3.0,128.0,0.0
2022.0,e3e45c51857ffbe1ac3a41b37e69ea91,Marcedes Lewis,FA,TE,6.0,20.6,26.6,3.43,4.4,66.0,2.0
2022.0,36ecc5e8b4615d27f16f2ca5f93dec80,Albert Okwuegbunam Jr.,LV,TE,6.0,15.5,25.5,2.58,4.3,95.0,1.0
2022.0,2523cbff17327377c811552cd6f62c80,Josiah Deguara,FA,TE,9.0,11.399999999999999,24.4,1.27,2.7,114.0,0.0
2022.0,e9f6f966bae0972d58f169d4c36684f1,Geoff Swaim,FA,TE,12.0,11.8,23.8,0.98,2.0,58.0,1.0
2022.0,5cdc733b8ed2a5d5b4758c04d25a42f1,Pharaoh Brown,FA,TE,9.0,11.7,23.7,1.3,2.6,117.0,0.0
2022.0,bc563bf2d5b0bb8b15a2f591ee986c20,Jack Stoll,CLE,TE,10.0,12.3,23.3,1.23,2.3,123.0,0.0
2022.0,e523c4b6f1135e23b310f213841ad9f5,Tanner Hudson,CIN,TE,6.0,13.2,23.2,2.2,3.9,132.0,0.0
2022.0,bba8dd2697e64f46aa6b2589cdbbab44,Dan Arnold,FA,TE,11.0,13.5,22.5,1.23,2.0,135.0,0.0
2022.0,cd20327469feeefffae0b056aaabc7ad,Ko Kieft,TB,TE,15.0,14.0,21.0,0.93,1.4,80.0,1.0
2022.0,5b7a28d48a35bc55c5f6fe38a6d74cc4,Quintin Morris,JAC,TE,9.0,12.399999999999999,20.4,1.38,2.3,84.0,1.0
2022.0,46321e1f1e037f5a8311a830633c95a3,Ross Dwelley,FA,TE,6.0,16.5,19.5,2.75,3.3,105.0,1.0
2022.0,9b09fad65ba7f2d5220f2dddaa762ae6,Chris Myarick,FA,TE,10.0,12.5,19.5,1.25,2.0,65.0,1.0
2022.0,9b2ed795db393c9defc0c2fef5e7d3ef,Anthony Firkser,FA,TE,8.0,10.0,19.0,1.25,2.4,100.0,0.0
2022.0,3e09277e156281dd526a1b26d900cd2c,Giovanni Ricci,FA,TE,11.0,10.0,18.0,0.91,1.6,100.0,0.0
2022.0,99e56e6be09bb0ad490786d2f885b3c7,Parker Hesse,FA,TE,12.0,8.899999999999999,17.9,0.74,1.5,89.0,0.0
2022.0,bf66dc2cf31248203ef5367641dfc38c,Brycen Hopkins,FA,TE,7.0,10.899999999999999,17.9,1.56,2.6,109.0,0.0
2022.0,2b4b67542d76b9dba664beb84c317a72,Tre' McKitty,FA,TE,13.0,7.199999999999999,17.2,0.55,1.3,72.0,0.0
2022.0,d688f67b569de7c3d57d22503ec13239,Armani Rogers,FA,TE,9.0,9.0,14.0,1.0,1.6,64.0,0.0
2022.0,b9aef82d1904b2acccdabacdc21006a2,Grant Calcaterra,PHI,TE,7.0,8.1,13.1,1.16,1.9,81.0,0.0
2022.0,1a7f0b0eb30760a11b475326ffbb42ae,Andrew Beck,NYJ,TE,9.0,6.9,11.9,0.77,1.3,69.0,0.0
2022.0,ad7c57dcea73cc3047d1d722a2853bb7,Kyle Rudolph,FA,TE,5.0,8.8,11.8,1.76,2.4,28.0,1.0
2022.0,b5d889d29c473772caa31c4b00c9bb2d,Nick Vannett,LAR,TE,7.0,5.5,11.5,0.79,1.6,55.0,0.0
2022.0,5359b66a4637837cff0b1481c88fb361,Chris Manhertz,NYG,TE,8.0,4.199999999999999,10.2,0.52,1.3,42.0,0.0
2022.0,335e8f8b4fa564d6e695815979fd5e49,Blake Bell,FA,TE,2.0,8.0,10.0,4.0,5.0,20.0,1.0
2022.0,98439e2a31bb00de41e8bd2f2822ae99,Tyler Kroft,FA,TE,6.0,5.699999999999999,9.7,0.95,1.6,57.0,0.0
2022.0,bf9ce8021911e3e76a3e4159000beccf,Charlie Kolar,LAC,TE,1.0,4.9,8.9,4.9,8.9,49.0,0.0
2022.0,59d881c2d3fbf14e0836936e5d2b584b,Luke Farrell,SF,TE,4.0,4.0,8.0,1.0,2.0,40.0,0.0
2022.0,f8661608fbdc21a7f520c582f390710c,Tyler Mabry,FA,TE,1.0,6.7,7.7,6.7,7.7,7.0,1.0
2022.0,15eb28dbe6cd75f9b26dcb8117e80b8c,Ryan Griffin,FA,TE,10.0,2.5999999999999996,6.6,0.26,0.7,26.0,0.0
2022.0,2611d5c7dafd657b1865620de5b9a605,Trevon Wesco,FA,TE,6.0,4.6,6.6,0.77,1.1,26.0,0.0
2022.0,69d75ee5dec17174cbbec1ca8fc934f2,Tyler Davis,FA,TE,11.0,2.5999999999999996,6.6,0.24,0.6,26.0,0.0
2022.0,97fefeabb7358fa1c3158e45895945c9,Stephen Sullivan,FA,TE,9.0,4.6,6.6,0.51,0.7,46.0,0.0
2022.0,010bcad657b8f3a4a64e24360463141b,Stone Smartt,PHI,TE,3.0,1.7000000000000002,5.7,0.57,1.9,17.0,0.0
2022.0,7518f7caa5978b4498a64e5058addc5f,Ben Ellefson,FA,TE,2.0,2.5999999999999996,5.6,1.3,2.8,26.0,0.0
2022.0,5524716a437af2ac7f3595dd44cd5749,Kendall Blanton,FA,TE,2.0,3.5,5.5,1.75,2.8,35.0,0.0
2022.0,fa04e0b1fcd1d2e5ffecf6b3f268eb37,Jesper Horsted,FA,TE,5.0,1.9000000000000004,4.9,0.38,1.0,19.0,0.0
2022.0,74fbfafe6b33ad719568e7f7d86ce971,Maxx Williams,FA,TE,3.0,1.7999999999999998,4.8,0.6,1.6,18.0,0.0
2022.0,73b37af461c519e9bd5656007665c729,Cole Turner,MIA,TE,7.0,2.3,4.3,0.33,0.6,23.0,0.0
2022.0,9a88b46cb29668edc93b095ef8fec5f1,Stephen Anderson,FA,TE,9.0,0.8999999999999999,3.9,0.1,0.4,9.0,0.0
2022.0,22c867e4a3f9effd114c74b7dbbbb61c,Sean McKeon,IND,TE,3.0,1.1,3.1,0.37,1.0,11.0,0.0
2022.0,a7581a27e73640aaf91b7be48fd2b550,Mason Schreck,FA,TE,2.0,0.6000000000000001,2.6,0.3,1.3,6.0,0.0
2022.0,a7c6068d3827d1fd4a5521362e65812c,Devin Asiasi,FA,TE,5.0,0.5,2.5,0.1,0.5,5.0,0.0
2022.0,4c41d4e3ac159960ad07331c7bec0bb0,Jeremy Ruckert,NYJ,TE,3.0,0.8,1.8,0.27,0.6,8.0,0.0
2022.0,37b0c8d6f7253224f1bd7aafb8f7f740,Drew Sample,CIN,TE,2.0,-0.19999999999999996,1.8,-0.1,0.9,-2.0,0.0
2022.0,cde33a1d4004d6172a304aa9b8fa34e2,Tommy Sweeney,FA,TE,2.0,0.7,1.7,0.35,0.9,7.0,0.0
2022.0,6a6e580464a8231307a4af4c7e5546e0,Jacob Harris,FA,TE,3.0,0.6000000000000001,1.6,0.2,0.5,6.0,0.0
2022.0,1ea27ae69e9b9bc5ef0091accaedc48a,Richard Rodgers,FA,TE,3.0,0.3999999999999999,1.4,0.13,0.5,4.0,0.0
2022.0,e397658225491d4fabd4f2331bb8be16,Chris Pierce Jr.,FA,TE,1.0,0.0,0.0,0.0,0.0,0.0,0.0
2022.0,19265d2d82e4ada27ccbcdb57b23ebd4,Jared Pinkney,FA,TE,2.0,0.0,0.0,0.0,0.0,0.0,0.0
2022.0,498bdea07b4e6d5af2c0b58fb1a6ad53,Patrick Scales,FA,TE,5.0,0.0,0.0,0.0,0.0,0.0,0.0
2022.0,04d0aa348a9b3a18d9d570dde6e169d0,Hunter Long,JAC,TE,3.0,0.0,0.0,0.0,0.0,0.0,0.0
2022.0,022fc9a93d52fad1f74f267ff238fd39,Kenny Yeboah,FA,TE,3.0,0.0,0.0,0.0,0.0,0.0,0.0
2022.0,5422760b4898601efd2bc7c321cd50fb,Miller Forristall,FA,TE,1.0,0.0,0.0,0.0,0.0,0.0,0.0
2022.0,ebf4af84f10d54ee547dbc418263db67,Charlie Woerner,ATL,TE,5.0,0.0,0.0,0.0,0.0,0.0,0.0
2022.0,cae9fed5bb00771d7ca4067e2c39de2d,Noah Togiai,FA,TE,1.0,0.0,0.0,0.0,0.0,0.0,0.0
2022.0,c64b609a06ce5e014283a12f4bdfe372,Lawrence Cager,WAS,TE,6.0,-13.0,0.0,-2.17,0.0,118.0,1.0
2022.0,491051aa9e20d2fefdf57a39c4aa3756,Feleipe Franks,CAR,TE,7.0,0.0,0.0,0.0,0.0,0.0,0.0
2022.0,4a101f6f2fec1459d1a89fd52bafd462,Ben Mason,FA,TE,1.0,0.0,0.0,0.0,0.0,0.0,0.0
2022.0,4a0e15540bd658b9ea81890a57a4ee80,Tanner Conner,NYG,TE,5.0,0.0,0.0,0.0,0.0,0.0,0.0
2022.0,6eb19f8df2755f776b6c61def42c6bc8,Nikola Kalinic,CHI,TE,1.0,0.0,0.0,0.0,0.0,0.0,0.0
2022.0,a6e14a8168ceaa8ef1ead5501baca549,Andrew DePaola,MIN,TE,3.0,0.0,0.0,0.0,0.0,0.0,0.0
2022.0,636753221f18821d2e29511120169bd7,Jake Tonges,SF,TE,1.0,0.0,0.0,0.0,0.0,0.0,0.0
2022.0,e73d2d7793f69a039ed47d23fc81da68,Austin Allen,FA,TE,2.0,0.0,0.0,0.0,0.0,0.0,0.0
2022.0,a97cb430147eeed559d9f7f41bc0aee0,Mitchell Fraboni,DEN,TE,3.0,0.0,0.0,0.0,0.0,0.0,0.0
2022.0,9e555a7d270b76d753de9abff595b0b4,James Winchester,KC,TE,3.0,0.0,0.0,0.0,0.0,0.0,0.0
2022.0,90b0448a238c0aafec816b14396aff8c,Matt Orzech,GB,TE,2.0,0.0,0.0,0.0,0.0,0.0,0.0
2022.0,aff57ab66e5298ca5c07a5cf7973f465,Kevin Rader,FA,TE,6.0,0.0,0.0,0.0,0.0,0.0,0.0
2022.0,29db0880677628b09914068b5494bb08,Tyree Jackson,FA,TE,2.0,0.0,0.0,0.0,0.0,0.0,0.0
2022.0,98205326fe6297dc154640ea064dca3f,N'Keal Harry,FA,TE,6.0,-7.0,0.0,-1.17,0.0,116.0,1.0
2022.0,b3399b673cfbf5438c29484f12a2cecd,Nick Boyle,FA,TE,3.0,0.0,0.0,0.0,0.0,0.0,0.0
2022.0,13dfe6fe812e91095549000eda25b8d5,J.P. Holtz,FA,TE,1.0,0.0,0.0,0.0,0.0,0.0,0.0
2022.0,c516eb2fa6bbdb64376ede2ab5bda79f,Zach Wood,NO,TE,3.0,0.0,0.0,0.0,0.0,0.0,0.0
2022.0,93da4aa53add671f69d5d06833ebb78d,Beau Brinkley,FA,TE,2.0,0.0,0.0,0.0,0.0,0.0,0.0
2021.0,9e1035be27b13b71d90fe1ca2b384347,Mark Andrews,BAL,TE,17.0,194.10000000000002,301.1,11.42,17.7,1361.0,9.0
2021.0,d1a3dbc9e6b23848ee7d758ba49be4e6,Travis Kelce,KC,TE,16.0,170.8,262.8,10.68,16.4,1125.0,9.0
2021.0,025e84af528c42fbc8ce5915f65b78b6,Dalton Schultz,HOU,TE,17.0,130.8,208.8,7.69,12.3,808.0,8.0
2021.0,734e8a8c5ca074911074dce1c38fbc19,George Kittle,SF,TE,14.0,127.0,198.0,9.07,14.1,910.0,6.0
2021.0,08dfc03321b8773b719565f1cac4b9bb,Zach Ertz,FA,TE,17.0,106.69999999999999,180.7,6.28,10.6,763.0,5.0
2021.0,66dc4ae7ea8b39738c14b12116b424d3,Kyle Pitts Sr.,ATL,TE,17.0,108.6,176.6,6.39,10.4,1026.0,1.0
2021.0,f160bc97a6cd56b713635d834b30e574,Rob Gronkowski,FA,TE,12.0,116.19999999999999,171.2,9.68,14.3,802.0,6.0
2021.0,13078133c466538c657c32696f0b326f,Mike Gesicki,CIN,TE,17.0,92.0,165.0,5.41,9.7,780.0,2.0
2021.0,5f0ba329b995c93b32f60de2da1e75b9,Dallas Goedert,PHI,TE,15.0,109.0,165.0,7.27,11.0,830.0,4.0
2021.0,0c6caf30777de7d20ef46d52f3493131,Hunter Henry,NE,TE,16.0,114.30000000000001,164.3,7.14,10.3,603.0,9.0
2021.0,8138311d61dbc9958841bbcc4848ef39,Dawson Knox,BUF,TE,15.0,115.1,164.1,7.67,10.9,587.0,9.0
2021.0,268056eb7a0b7ed465d7688764408995,Noah Fant,NO,TE,16.0,91.0,159.0,5.69,9.9,670.0,4.0
2021.0,4b841ae2534a9937a01c6c1d8175d15b,Pat Freiermuth,PIT,TE,16.0,91.69999999999999,151.7,5.73,9.5,497.0,7.0
2021.0,8e4e360f0f27f6b9e21c9ed6f73410ce,Tyler Higbee,LAR,TE,15.0,86.0,147.0,5.73,9.8,560.0,5.0
2021.0,57e8757b3eb0c1ab862fea76188c1fff,T.J. Hockenson,MIN,TE,12.0,84.30000000000001,145.3,7.03,12.1,583.0,4.0
2021.0,bdf26c52960a4ebceeefb09e1c7ba64a,Tyler Conklin,DET,TE,17.0,77.30000000000001,138.3,4.55,8.1,593.0,3.0
2021.0,b3289448b4027f8a355c4248657795d7,Darren Waller,FA,TE,11.0,78.5,133.5,7.14,12.1,665.0,2.0
2021.0,0998b3dfce1b5122c77e84fba1f056b0,Jared Cook,FA,TE,16.0,84.4,132.4,5.28,8.3,564.0,4.0
2021.0,52b12e1ccc7b5a54981e684fc0d89cfe,C.J. Uzomah,FA,TE,16.0,79.30000000000001,128.3,4.96,8.0,493.0,5.0
2021.0,528cfad8e9ad2966264ce6f8b7f2be03,Cole Kmet,CHI,TE,17.0,61.2,121.2,3.6,7.1,612.0,0.0
2021.0,917e4bb2001edf91de7c1291fa27dcf0,Gerald Everett,FA,TE,15.0,69.8,117.8,4.65,7.9,478.0,4.0
2021.0,8f19e094447c91c3335cc8dee3985407,David Njoku,FA,TE,15.0,71.6,107.6,4.77,7.2,475.0,4.0
2021.0,25a852007b3b00d3d1ddb2c408c1ba84,Evan Engram,DEN,TE,15.0,56.5,102.5,3.77,6.8,408.0,3.0
2021.0,ebaf8389710d4f51741511369c1eef9d,Austin Hooper,ATL,TE,15.0,54.5,92.5,3.63,6.2,345.0,3.0
2021.0,27efd39ba876350d8dd4bd55b8e9e776,Foster Moreau,HOU,TE,15.0,55.3,85.3,3.69,5.7,373.0,3.0
2021.0,e994fd37c5198269b14ebc19a52cce2a,Mo Alie-Cox,IND,TE,17.0,55.599999999999994,79.6,3.27,4.7,316.0,4.0
2021.0,24f268a03199015c410ed2e18dd4a424,Jack Doyle,FA,TE,15.0,50.2,79.2,3.35,5.3,302.0,3.0
2021.0,fd6c16b845b18077edf653faa6d49e08,Cameron Brate,FA,TE,16.0,48.5,78.5,3.03,4.9,245.0,4.0
2021.0,36ecc5e8b4615d27f16f2ca5f93dec80,Albert Okwuegbunam Jr.,LV,TE,14.0,43.0,76.0,3.07,5.4,330.0,2.0
2021.0,bba8dd2697e64f46aa6b2589cdbbab44,Dan Arnold,FA,TE,11.0,40.8,75.8,3.71,6.9,408.0,0.0
2021.0,9b2ed795db393c9defc0c2fef5e7d3ef,Anthony Firkser,FA,TE,15.0,39.099999999999994,73.1,2.61,4.9,291.0,2.0
2021.0,e9f6f966bae0972d58f169d4c36684f1,Geoff Swaim,FA,TE,16.0,39.0,70.0,2.44,4.4,210.0,3.0
2021.0,b23e3273a01d9786f01f19d1715382cf,Durham Smythe,BAL,TE,16.0,36.0,70.0,2.25,4.4,357.0,0.0
2021.0,c9a400c67f1c35c01e606cecb63b7768,Ricky Seals-Jones,FA,TE,11.0,39.099999999999994,69.1,3.55,6.3,271.0,2.0
2021.0,47d716638c445e84811d7054847f8543,Jonnu Smith,FA,TE,16.0,39.400000000000006,67.4,2.46,4.2,294.0,1.0
2021.0,15eb28dbe6cd75f9b26dcb8117e80b8c,Ryan Griffin,FA,TE,14.0,38.099999999999994,65.1,2.72,4.7,261.0,2.0
2021.0,cdbc55168584c289f2569d437f207491,Hayden Hurst,FA,TE,12.0,38.099999999999994,64.1,3.17,5.3,221.0,3.0
2021.0,5fa374ddb6b00946fcfa8924d3532dfb,Adam Trautman,DEN,TE,11.0,36.3,63.3,3.3,5.8,263.0,2.0
2021.0,418ec44c3ccfe41021337ae44b9be550,Harrison Bryant,FA,TE,15.0,41.3,62.3,2.75,4.2,233.0,3.0
2021.0,2523cbff17327377c811552cd6f62c80,Josiah Deguara,FA,TE,14.0,36.5,61.5,2.61,4.4,245.0,2.0
2021.0,ad7c57dcea73cc3047d1d722a2853bb7,Kyle Rudolph,FA,TE,15.0,33.7,59.7,2.25,4.0,257.0,1.0
2021.0,08af7338699bdb25de3a6218dbb7c42c,Donald Parham Jr.,FA,TE,14.0,39.0,59.0,2.79,4.2,190.0,3.0
2021.0,92caecde54bfe8165b5fe4e85987548f,Brevin Jordan,HOU,TE,8.0,35.8,55.8,4.47,7.0,178.0,3.0
2021.0,33bc83aa2463bbe3a1d4e3cd248dc0e0,Logan Thomas,FA,TE,5.0,35.6,53.6,7.12,10.7,196.0,3.0
2021.0,a48d892c37917886f02fcbe8d989093e,Tommy Tremble,CAR,TE,15.0,33.1,53.1,2.21,3.5,180.0,1.0
2021.0,15192466708adb1c128f417694b0c1e1,Juwan Johnson,NO,TE,13.0,39.9,52.9,3.07,4.1,159.0,4.0
2021.0,ab0213f454d44cf428b141f50852d422,John Bates,WAS,TE,13.0,30.9,50.9,2.38,3.9,249.0,1.0
2021.0,146fcb7bc20adb76382999aca98e3874,Jimmy Graham,FA,TE,11.0,36.7,50.7,3.34,4.6,167.0,3.0
2021.0,434fd9e34beba6508a6dbf405735863b,James O'Shaughnessy,FA,TE,7.0,26.4,50.4,3.77,7.2,244.0,0.0
2021.0,c8374379afa0ff9a21f9b72862889080,Robert Tonyan,FA,TE,8.0,32.4,50.4,4.05,6.3,204.0,2.0
2021.0,8efb171ac05d60d5f40b272d576307f0,Will Dissly,FA,TE,13.0,29.1,50.1,2.24,3.9,231.0,1.0
2021.0,0ee81a20795e0f00f9c1806d7534627a,MyCole Pruitt,FA,TE,13.0,34.5,48.5,2.65,3.7,145.0,3.0
2021.0,e3e45c51857ffbe1ac3a41b37e69ea91,Marcedes Lewis,FA,TE,13.0,21.4,44.4,1.65,3.4,214.0,0.0
2021.0,880adb9c3795804aa9c373635868af3d,Jordan Akins,FA,TE,12.0,17.700000000000003,41.7,1.48,3.5,214.0,0.0
2021.0,74fbfafe6b33ad719568e7f7d86ce971,Maxx Williams,FA,TE,5.0,25.299999999999997,41.3,5.06,8.3,193.0,1.0
2021.0,98439e2a31bb00de41e8bd2f2822ae99,Tyler Kroft,FA,TE,9.0,23.299999999999997,39.3,2.59,4.4,173.0,1.0
2021.0,9a88b46cb29668edc93b095ef8fec5f1,Stephen Anderson,FA,TE,14.0,22.5,38.5,1.61,2.8,165.0,1.0
2021.0,5cdc733b8ed2a5d5b4758c04d25a42f1,Pharaoh Brown,FA,TE,13.0,15.100000000000001,38.1,1.16,2.9,171.0,0.0
2021.0,f30244e0953bd6652d50ee3da85b9c0d,Ian Thomas,FA,TE,14.0,18.799999999999997,36.8,1.34,2.6,188.0,0.0
2021.0,31b4f78da370a5664286e8cdf5880c3c,Zach Gentry,FA,TE,10.0,16.700000000000003,35.7,1.67,3.6,167.0,0.0
2021.0,2e9e019f822c23fe47a882a44d38eb66,Brock Wright,DET,TE,8.0,23.700000000000003,35.7,2.96,4.5,117.0,2.0
2021.0,8ea32baa70a978833343ffc02c51e27e,O.J. Howard,FA,TE,11.0,19.5,33.5,1.77,3.0,135.0,1.0
2021.0,729cad7b275a55a5b212188dcc88b770,Blake Jarwin,FA,TE,8.0,21.6,32.6,2.7,4.1,96.0,2.0
2021.0,5a77e4a10ea642eaaf46a99583d3996f,Eric Ebron,FA,TE,8.0,20.5,32.5,2.56,4.1,84.0,1.0
2021.0,b5d889d29c473772caa31c4b00c9bb2d,Nick Vannett,LAR,TE,7.0,19.3,28.3,2.76,4.0,133.0,1.0
2021.0,fa95c3473277fcfcffc8c1371405eb1a,Adam Shaheen,FA,TE,9.0,11.0,23.0,1.22,2.6,110.0,0.0
2021.0,74466ec4836fdfcbe709d784b49a74bf,Kylen Granson,TEN,TE,10.0,10.600000000000001,21.6,1.06,2.2,106.0,0.0
2021.0,7f71d4dbbd4e3dedcb256b292063c5be,Lee Smith,FA,TE,10.0,12.5,21.5,1.25,2.2,65.0,1.0
2021.0,c8580b5ce7555842ef215cb071530bcc,Jacob Hollister,FA,TE,7.0,11.5,20.5,1.64,2.9,55.0,1.0
2021.0,cde33a1d4004d6172a304aa9b8fa34e2,Tommy Sweeney,FA,TE,7.0,10.399999999999999,19.4,1.49,2.8,44.0,1.0
2021.0,27f1f1283b1d0cfbc02938f68569032b,Jesse James,FA,TE,5.0,12.2,19.2,2.44,3.8,62.0,1.0
2021.0,37b0c8d6f7253224f1bd7aafb8f7f740,Drew Sample,CIN,TE,10.0,8.100000000000001,19.1,0.81,1.9,81.0,0.0
2021.0,5359b66a4637837cff0b1481c88fb361,Chris Manhertz,NYG,TE,10.0,13.100000000000001,19.1,1.31,1.9,71.0,1.0
2021.0,ebb3fdc4820975d95e9c5407f1f6e7ee,Eric Saubert,SEA,TE,10.0,10.7,18.7,1.07,1.9,47.0,1.0
2021.0,335e8f8b4fa564d6e695815979fd5e49,Blake Bell,FA,TE,12.0,9.7,18.7,0.81,1.6,87.0,0.0
2021.0,8151482d6c9a8e36a671885f22c472fd,Noah Gray,KC,TE,7.0,9.600000000000001,16.6,1.37,2.4,36.0,1.0
2021.0,fa04e0b1fcd1d2e5ffecf6b3f268eb37,Jesper Horsted,FA,TE,4.0,14.100000000000001,16.1,3.53,4.0,21.0,2.0
2021.0,c0e10ff46b71866895e9e28c0361a807,Antony Auclair,FA,TE,4.0,10.7,15.7,2.68,3.9,47.0,1.0
2021.0,8b6282fdba6e87fa0f9aae59160bfda7,Josh Oliver,MIN,TE,11.0,6.6,15.6,0.6,1.4,66.0,0.0
2021.0,46321e1f1e037f5a8311a830633c95a3,Ross Dwelley,FA,TE,4.0,11.1,15.1,2.78,3.8,51.0,1.0
2021.0,f3a59dd9c56d80eb764f245fab91d31d,Chris Herndon IV,FA,TE,6.0,10.0,14.0,1.67,2.3,40.0,1.0
2021.0,22c867e4a3f9effd114c74b7dbbbb61c,Sean McKeon,IND,TE,5.0,8.7,12.7,1.74,2.5,27.0,1.0
2021.0,59d881c2d3fbf14e0836936e5d2b584b,Luke Farrell,SF,TE,9.0,5.6,12.6,0.62,1.4,56.0,0.0
2021.0,29db0880677628b09914068b5494bb08,Tyree Jackson,FA,TE,3.0,8.2,11.2,2.73,3.7,22.0,1.0
2021.0,9b09fad65ba7f2d5220f2dddaa762ae6,Chris Myarick,FA,TE,5.0,7.699999999999999,10.7,1.54,2.1,17.0,1.0
2021.0,2b4b67542d76b9dba664beb84c317a72,Tre' McKitty,FA,TE,6.0,4.5,10.5,0.75,1.8,45.0,0.0
2021.0,ebf4af84f10d54ee547dbc418263db67,Charlie Woerner,ATL,TE,8.0,5.199999999999999,10.2,0.65,1.3,52.0,0.0
2021.0,99e56e6be09bb0ad490786d2f885b3c7,Parker Hesse,FA,TE,4.0,4.300000000000001,9.3,1.08,2.3,43.0,0.0
2021.0,12d2804a381b38bad9a6f0511ac2a70b,Colby Parkinson,LAR,TE,6.0,3.3000000000000007,8.3,0.55,1.4,33.0,0.0
2021.0,741bbb6801459d542e6e102029dc40fa,Darren Fells,FA,TE,3.0,4.300000000000001,8.3,1.43,2.8,43.0,0.0
2021.0,6759781b1dabd400c0e5d9ee53055121,Garrett Griffin,FA,TE,5.0,3.9000000000000004,7.9,0.78,1.6,39.0,0.0
2021.0,5524716a437af2ac7f3595dd44cd5749,Kendall Blanton,FA,TE,4.0,3.7,7.7,0.92,1.9,37.0,0.0
2021.0,69d75ee5dec17174cbbec1ca8fc934f2,Tyler Davis,FA,TE,8.0,3.5,7.5,0.44,0.9,35.0,0.0
2021.0,2611d5c7dafd657b1865620de5b9a605,Trevon Wesco,FA,TE,8.0,3.5,6.5,0.44,0.8,35.0,0.0
2021.0,343937b2f52581794eb36040ab913ff6,Shane Zylstra,FA,TE,3.0,3.4000000000000004,6.4,1.13,2.1,34.0,0.0
2021.0,cba4342951ca3771f23a5ea49baa231d,Kaden Smith,FA,TE,4.0,3.3,6.3,0.82,1.6,33.0,0.0
2021.0,bc563bf2d5b0bb8b15a2f591ee986c20,Jack Stoll,CLE,TE,6.0,2.2,6.2,0.37,1.0,22.0,0.0
2021.0,d157649a424e04ca8226acb500468040,Jeremy Sprinkle,FA,TE,6.0,3.0999999999999996,6.1,0.52,1.0,31.0,0.0
2021.0,612d7de8a9118020413be8dc23490636,Tommy Hudson,FA,TE,4.0,3.0999999999999996,6.1,0.77,1.5,31.0,0.0
2021.0,022fc9a93d52fad1f74f267ff238fd39,Kenny Yeboah,FA,TE,3.0,3.5999999999999996,5.6,1.2,1.9,36.0,0.0
2021.0,3668f069b709cc8c1891d213380e4f14,Dominique Dafney,FA,TE,6.0,3.4000000000000004,5.4,0.57,0.9,34.0,0.0
2021.0,3543608fe38d94f140fd4e81cfa53df3,Daniel Brown,FA,TE,3.0,2.9000000000000004,4.9,0.97,1.6,29.0,0.0
2021.0,f50178ad04dc10460511e0cca855cae9,Mitchell Wilcox,FA,TE,4.0,1.5999999999999996,4.6,0.4,1.2,16.0,0.0
2021.0,de1df0aff65c8aca8261031bdb2bc53a,Demetrius Harris,FA,TE,10.0,1.0,4.0,0.1,0.4,10.0,0.0
2021.0,7a1cb001e9c9c2906d8e395020cdc43c,Cethan Carter,FA,TE,8.0,1.6,3.6,0.2,0.5,16.0,0.0
2021.0,e1e386a1ffd695064a7fbd4b6d77961f,Derek Carrier,FA,TE,2.0,1.2999999999999998,3.3,0.65,1.7,13.0,0.0
2021.0,477b9d54928cf6d1164aa8b047d44a5e,Luke Stocker,FA,TE,6.0,1.2000000000000002,3.2,0.2,0.5,12.0,0.0
2021.0,1ea27ae69e9b9bc5ef0091accaedc48a,Richard Rodgers,FA,TE,1.0,1.1,3.1,1.1,3.1,11.0,0.0
2021.0,65654ddccb0ccfbb907cd30eacd781c2,Ethan Wolf,FA,TE,1.0,0.7999999999999998,2.8,0.8,2.8,8.0,0.0
2021.0,aff57ab66e5298ca5c07a5cf7973f465,Kevin Rader,FA,TE,3.0,0.7999999999999998,2.8,0.27,0.9,8.0,0.0
2021.0,9cc95ef9aeb2077b8aed054d5ae68957,Johnny Mundt,PHI,TE,3.0,0.8999999999999999,1.9,0.3,0.6,9.0,0.0
2021.0,bf66dc2cf31248203ef5367641dfc38c,Brycen Hopkins,FA,TE,1.0,0.8999999999999999,1.9,0.9,1.9,9.0,0.0
2021.0,04d0aa348a9b3a18d9d570dde6e169d0,Hunter Long,JAC,TE,3.0,0.8,1.8,0.27,0.6,8.0,0.0
2021.0,623244a28875c7a9a911ac64a0ffb92b,Eric Tomlinson,FA,TE,7.0,0.7,1.7,0.1,0.2,7.0,0.0
2021.0,b3399b673cfbf5438c29484f12a2cecd,Nick Boyle,FA,TE,2.0,0.19999999999999996,1.2,0.1,0.6,2.0,0.0
2021.0,49d9e2d2fc1a0ec6116dd23724c6917b,Deon Yelder,FA,TE,2.0,0.0,1.0,0.0,0.5,0.0,0.0
2021.0,e6c88fc8597efa017d37d1f06c16501e,Darrell Daniels,FA,TE,10.0,0.0,1.0,0.0,0.1,0.0,0.0
2021.0,1a358da62d9d80796bef44a17cfd7f3e,Daniel Helm,FA,TE,3.0,-0.09999999999999998,0.9,-0.03,0.3,-1.0,0.0
2021.0,13dfe6fe812e91095549000eda25b8d5,J.P. Holtz,FA,TE,5.0,0.0,0.0,0.0,0.0,0.0,0.0
2021.0,19265d2d82e4ada27ccbcdb57b23ebd4,Jared Pinkney,FA,TE,1.0,0.0,0.0,0.0,0.0,0.0,0.0
2021.0,2b53fa09f9e22d2d8266e5e368abdf11,Farrod Green,FA,TE,1.0,0.0,0.0,0.0,0.0,0.0,0.0
2021.0,491051aa9e20d2fefdf57a39c4aa3756,Feleipe Franks,CAR,TE,6.0,0.0,0.0,0.0,0.0,0.0,0.0
2021.0,3c4ebcbb74b6562b4897874833e8388d,Rashod Berry,FA,TE,4.0,0.0,0.0,0.0,0.0,0.0,0.0
2021.0,3e09277e156281dd526a1b26d900cd2c,Giovanni Ricci,FA,TE,9.0,0.0,0.0,0.0,0.0,0.0,0.0
2021.0,7518f7caa5978b4498a64e5058addc5f,Ben Ellefson,FA,TE,3.0,0.0,0.0,0.0,0.0,0.0,0.0
2021.0,5422760b4898601efd2bc7c321cd50fb,Miller Forristall,FA,TE,1.0,0.0,0.0,0.0,0.0,0.0,0.0
2021.0,62c14aa568038241f9dc068e9473d1e9,Sammis Reyes,FA,TE,3.0,0.0,0.0,0.0,0.0,0.0,0.0
2021.0,6a6e580464a8231307a4af4c7e5546e0,Jacob Harris,FA,TE,1.0,0.0,0.0,0.0,0.0,0.0,0.0
2021.0,287e5c2c57091fc658ff2f86a8370d16,Briley Moore,FA,TE,2.0,0.0,0.0,0.0,0.0,0.0,0.0
2021.0,a6e14a8168ceaa8ef1ead5501baca549,Andrew DePaola,MIN,TE,5.0,0.0,0.0,0.0,0.0,0.0,0.0
2021.0,b735b06cbf1db411da8d37ddb2b00198,Jake Hausmann,FA,TE,1.0,0.0,0.0,0.0,0.0,0.0,0.0
2021.0,cae9fed5bb00771d7ca4067e2c39de2d,Noah Togiai,FA,TE,1.0,0.0,0.0,0.0,0.0,0.0,0.0
2021.0,097f6aa917ec0332131e3bdc11c8a9d1,Clark Harris,FA,TE,1.0,0.0,0.0,0.0,0.0,0.0,0.0
2021.0,7bfc2a3b967ffebd649a44b8825a09ae,Colin Thompson,FA,TE,3.0,0.0,0.0,0.0,0.0,0.0,0.0
2021.0,d1d2216e892d14717ea88c8d6f8975b6,Codey McElroy,FA,TE,2.0,0.0,0.0,0.0,0.0,0.0,0.0
2021.0,0c0d30b551890e05c807e9cd5c51d7cc,Taysom Hill,FA,TE,12.0,-4.0,0.0,-0.33,0.0,52.0,0.0
2021.0,90b0448a238c0aafec816b14396aff8c,Matt Orzech,GB,TE,2.0,0.0,0.0,0.0,0.0,0.0,0.0
2021.0,97fefeabb7358fa1c3158e45895945c9,Stephen Sullivan,FA,TE,1.0,0.0,0.0,0.0,0.0,0.0,0.0
2021.0,3b8c47115177d49da3429fa29234f3f7,Antonio Gandy-Golden,FA,TE,1.0,0.0,0.0,0.0,0.0,0.0,0.0
2021.0,b687e9c21ab6b28936f310d17dd035c8,Nick Ralston,FA,TE,1.0,0.0,0.0,0.0,0.0,0.0,0.0
2021.0,98205326fe6297dc154640ea064dca3f,N'Keal Harry,FA,TE,10.0,-12.0,0.0,-1.2,0.0,184.0,0.0
2021.0,266ca3a6074fc9eae0fede287942e545,Jody Fortson Jr.,FA,TE,4.0,-5.0,0.0,-1.25,0.0,47.0,2.0
2021.0,1a7f0b0eb30760a11b475326ffbb42ae,Andrew Beck,NYJ,TE,1.0,0.0,0.0,0.0,0.0,0.0,0.0
2021.0,498bdea07b4e6d5af2c0b58fb1a6ad53,Patrick Scales,FA,TE,5.0,0.0,0.0,0.0,0.0,0.0,0.0
2021.0,9e555a7d270b76d753de9abff595b0b4,James Winchester,KC,TE,1.0,0.0,0.0,0.0,0.0,0.0,0.0
2020.0,d1a3dbc9e6b23848ee7d758ba49be4e6,Travis Kelce,KC,TE,15.0,207.8,312.8,13.85,20.9,1416.0,11.0
2020.0,b3289448b4027f8a355c4248657795d7,Darren Waller,FA,TE,16.0,171.60000000000002,278.6,10.73,17.4,1196.0,9.0
2020.0,c8374379afa0ff9a21f9b72862889080,Robert Tonyan,FA,TE,16.0,124.6,176.6,7.79,11.0,586.0,11.0
2020.0,33bc83aa2463bbe3a1d4e3cd248dc0e0,Logan Thomas,FA,TE,16.0,104.6,176.6,6.54,11.0,670.0,6.0
2020.0,57e8757b3eb0c1ab862fea76188c1fff,T.J. Hockenson,MIN,TE,16.0,108.30000000000001,175.3,6.77,11.0,723.0,6.0
2020.0,9e1035be27b13b71d90fe1ca2b384347,Mark Andrews,BAL,TE,14.0,112.1,170.1,8.01,12.2,701.0,7.0
2020.0,13078133c466538c657c32696f0b326f,Mike Gesicki,CIN,TE,15.0,106.30000000000001,159.3,7.09,10.6,703.0,6.0
2020.0,268056eb7a0b7ed465d7688764408995,Noah Fant,NO,TE,15.0,87.30000000000001,149.3,5.82,10.0,673.0,3.0
2020.0,f160bc97a6cd56b713635d834b30e574,Rob Gronkowski,FA,TE,16.0,104.30000000000001,149.3,6.52,9.3,623.0,7.0
2020.0,cdbc55168584c289f2569d437f207491,Hayden Hurst,FA,TE,16.0,93.1,149.1,5.82,9.3,571.0,6.0
2020.0,025e84af528c42fbc8ce5915f65b78b6,Dalton Schultz,HOU,TE,16.0,83.5,146.5,5.22,9.2,615.0,4.0
2020.0,0c6caf30777de7d20ef46d52f3493131,Hunter Henry,NE,TE,14.0,85.30000000000001,145.3,6.09,10.4,613.0,4.0
2020.0,146fcb7bc20adb76382999aca98e3874,Jimmy Graham,FA,TE,16.0,93.6,143.6,5.85,9.0,456.0,8.0
2020.0,5a77e4a10ea642eaaf46a99583d3996f,Eric Ebron,FA,TE,15.0,85.80000000000001,141.8,5.72,9.5,558.0,5.0
2020.0,25a852007b3b00d3d1ddb2c408c1ba84,Evan Engram,DEN,TE,16.0,78.0,141.0,4.88,8.8,654.0,1.0
2020.0,47d716638c445e84811d7054847f8543,Jonnu Smith,FA,TE,15.0,99.19999999999999,140.2,6.61,9.3,448.0,8.0
2020.0,8e4e360f0f27f6b9e21c9ed6f73410ce,Tyler Higbee,LAR,TE,15.0,84.19999999999999,128.2,5.61,8.5,521.0,5.0
2020.0,0998b3dfce1b5122c77e84fba1f056b0,Jared Cook,FA,TE,15.0,90.4,127.4,6.03,8.5,504.0,7.0
2020.0,734e8a8c5ca074911074dce1c38fbc19,George Kittle,SF,TE,8.0,77.1,125.1,9.64,15.6,634.0,2.0
2020.0,5f0ba329b995c93b32f60de2da1e75b9,Dallas Goedert,PHI,TE,11.0,70.4,116.4,6.4,10.6,524.0,3.0
2020.0,ebaf8389710d4f51741511369c1eef9d,Austin Hooper,ATL,TE,13.0,67.5,113.5,5.19,8.7,435.0,4.0
2020.0,e510d3d2eb5baf8e62820ebf8cef2c40,Irv Smith Jr.,FA,TE,13.0,68.5,98.5,5.27,7.6,365.0,5.0
2020.0,bba8dd2697e64f46aa6b2589cdbbab44,Dan Arnold,FA,TE,16.0,65.8,96.8,4.11,6.1,438.0,4.0
2020.0,917e4bb2001edf91de7c1291fa27dcf0,Gerald Everett,FA,TE,16.0,51.900000000000006,92.9,3.24,5.8,417.0,1.0
2020.0,9b2ed795db393c9defc0c2fef5e7d3ef,Anthony Firkser,FA,TE,16.0,44.7,83.7,2.79,5.2,387.0,1.0
2020.0,880adb9c3795804aa9c373635868af3d,Jordan Akins,FA,TE,13.0,46.7,83.7,3.59,6.4,403.0,1.0
2020.0,39e6b8c55995c2777c65499dd0945089,Trey Burton,FA,TE,13.0,55.3,83.3,4.25,6.4,250.0,3.0
2020.0,d79412bd1b8ef9267a9f607834720e4b,Tyler Eifert,FA,TE,15.0,46.900000000000006,82.9,3.13,5.5,349.0,2.0
2020.0,e994fd37c5198269b14ebc19a52cce2a,Mo Alie-Cox,IND,TE,15.0,49.400000000000006,80.4,3.29,5.4,394.0,2.0
2020.0,37b0c8d6f7253224f1bd7aafb8f7f740,Drew Sample,CIN,TE,16.0,38.900000000000006,78.9,2.43,4.9,349.0,1.0
2020.0,08dfc03321b8773b719565f1cac4b9bb,Zach Ertz,FA,TE,11.0,41.5,77.5,3.77,7.0,335.0,1.0
2020.0,741bbb6801459d542e6e102029dc40fa,Darren Fells,FA,TE,16.0,55.2,76.2,3.45,4.8,312.0,4.0
2020.0,f3a59dd9c56d80eb764f245fab91d31d,Chris Herndon IV,FA,TE,16.0,42.7,73.7,2.67,4.6,287.0,3.0
2020.0,744abd0470ca72f08202f33a5b016ce1,Jordan Reed,FA,TE,10.0,47.099999999999994,73.1,4.71,7.3,231.0,4.0
2020.0,1ea27ae69e9b9bc5ef0091accaedc48a,Richard Rodgers,FA,TE,14.0,46.5,70.5,3.32,5.0,345.0,2.0
2020.0,fd6c16b845b18077edf653faa6d49e08,Cameron Brate,FA,TE,16.0,40.2,68.2,2.51,4.3,282.0,2.0
2020.0,8138311d61dbc9958841bbcc4848ef39,Dawson Knox,BUF,TE,12.0,42.8,66.8,3.57,5.6,288.0,3.0
2020.0,c8580b5ce7555842ef215cb071530bcc,Jacob Hollister,FA,TE,16.0,40.900000000000006,65.9,2.56,4.1,209.0,3.0
2020.0,ad7c57dcea73cc3047d1d722a2853bb7,Kyle Rudolph,FA,TE,12.0,37.400000000000006,65.4,3.12,5.5,334.0,1.0
2020.0,24f268a03199015c410ed2e18dd4a424,Jack Doyle,FA,TE,14.0,41.099999999999994,64.1,2.94,4.6,251.0,3.0
2020.0,528cfad8e9ad2966264ce6f8b7f2be03,Cole Kmet,CHI,TE,16.0,34.0,62.0,2.12,3.9,243.0,2.0
2020.0,418ec44c3ccfe41021337ae44b9be550,Harrison Bryant,FA,TE,15.0,37.8,61.8,2.52,4.1,238.0,3.0
2020.0,8efb171ac05d60d5f40b272d576307f0,Will Dissly,FA,TE,16.0,37.1,61.1,2.32,3.8,251.0,2.0
2020.0,b23e3273a01d9786f01f19d1715382cf,Durham Smythe,BAL,TE,15.0,32.8,58.8,2.19,3.9,208.0,2.0
2020.0,434fd9e34beba6508a6dbf405735863b,James O'Shaughnessy,FA,TE,15.0,26.200000000000003,54.2,1.75,3.6,262.0,0.0
2020.0,9718fecc7130204073b41d4efd3c5d4e,Greg Olsen,FA,TE,11.0,29.9,53.9,2.72,4.9,239.0,1.0
2020.0,8f19e094447c91c3335cc8dee3985407,David Njoku,FA,TE,13.0,33.3,52.3,2.56,4.0,213.0,2.0
2020.0,46321e1f1e037f5a8311a830633c95a3,Ross Dwelley,FA,TE,16.0,30.5,49.5,1.91,3.1,245.0,1.0
2020.0,fa95c3473277fcfcffc8c1371405eb1a,Adam Shaheen,FA,TE,16.0,33.0,45.0,2.06,2.8,150.0,3.0
2020.0,bdf26c52960a4ebceeefb09e1c7ba64a,Tyler Conklin,DET,TE,16.0,25.4,44.4,1.59,2.8,194.0,1.0
2020.0,08af7338699bdb25de3a6218dbb7c42c,Donald Parham Jr.,FA,TE,13.0,33.9,43.9,2.61,3.4,159.0,3.0
2020.0,5cdc733b8ed2a5d5b4758c04d25a42f1,Pharaoh Brown,FA,TE,13.0,28.299999999999997,42.3,2.18,3.3,163.0,2.0
2020.0,98439e2a31bb00de41e8bd2f2822ae99,Tyler Kroft,FA,TE,10.0,29.9,41.9,2.99,4.2,119.0,3.0
2020.0,f30244e0953bd6652d50ee3da85b9c0d,Ian Thomas,FA,TE,16.0,20.5,40.5,1.28,2.5,145.0,1.0
2020.0,27f1f1283b1d0cfbc02938f68569032b,Jesse James,FA,TE,16.0,24.9,38.9,1.56,2.4,129.0,2.0
2020.0,e3e45c51857ffbe1ac3a41b37e69ea91,Marcedes Lewis,FA,TE,15.0,28.700000000000003,38.7,1.91,2.6,107.0,3.0
2020.0,5fa374ddb6b00946fcfa8924d3532dfb,Adam Trautman,DEN,TE,15.0,23.1,38.1,1.54,2.5,171.0,1.0
2020.0,8ea32baa70a978833343ffc02c51e27e,O.J. Howard,FA,TE,4.0,26.6,37.6,6.65,9.4,146.0,2.0
2020.0,b3399b673cfbf5438c29484f12a2cecd,Nick Boyle,FA,TE,9.0,23.299999999999997,37.3,2.59,4.1,113.0,2.0
2020.0,27efd39ba876350d8dd4bd55b8e9e776,Foster Moreau,HOU,TE,16.0,26.0,33.0,1.62,2.1,140.0,2.0
2020.0,f09b8b4f6d2689056e9f3d138b8a3802,Jason Witten,FA,TE,16.0,18.9,31.9,1.18,2.0,69.0,2.0
2020.0,b9a231d0d66a75b59bba57327a9aa1d2,Ryan Izzo,FA,TE,12.0,17.9,30.9,1.49,2.6,199.0,0.0
2020.0,b5d889d29c473772caa31c4b00c9bb2d,Nick Vannett,LAR,TE,15.0,15.5,29.5,1.03,2.0,95.0,1.0
2020.0,af44bf440e7d24e6d9d6bde26b8c227d,Jace Sternberger,FA,TE,12.0,17.4,29.4,1.45,2.5,114.0,1.0
2020.0,cba4342951ca3771f23a5ea49baa231d,Kaden Smith,FA,TE,15.0,11.2,29.2,0.75,1.9,112.0,0.0
2020.0,36ecc5e8b4615d27f16f2ca5f93dec80,Albert Okwuegbunam Jr.,LV,TE,4.0,18.1,29.1,4.53,7.3,121.0,1.0
2020.0,a17deb172ec5432005af108782b77af5,Vance McDonald,FA,TE,14.0,9.899999999999999,24.9,0.71,1.8,99.0,0.0
2020.0,74fbfafe6b33ad719568e7f7d86ce971,Maxx Williams,FA,TE,9.0,16.2,24.2,1.8,2.7,102.0,1.0
2020.0,e9f6f966bae0972d58f169d4c36684f1,Geoff Swaim,FA,TE,10.0,14.3,23.3,1.43,2.3,83.0,1.0
2020.0,e6c88fc8597efa017d37d1f06c16501e,Darrell Daniels,FA,TE,12.0,15.2,23.2,1.27,1.9,92.0,1.0
2020.0,52b12e1ccc7b5a54981e684fc0d89cfe,C.J. Uzomah,FA,TE,2.0,14.7,22.7,7.35,11.4,87.0,1.0
2020.0,335e8f8b4fa564d6e695815979fd5e49,Blake Bell,FA,TE,16.0,11.2,22.2,0.7,1.4,110.0,0.0
2020.0,ab58fdf2ab13f70b41c02779828539e0,Troy Fumagalli,FA,TE,8.0,14.0,22.0,1.75,2.8,80.0,1.0
2020.0,0ee81a20795e0f00f9c1806d7534627a,MyCole Pruitt,FA,TE,11.0,16.9,21.9,1.54,2.0,49.0,2.0
2020.0,7f71d4dbbd4e3dedcb256b292063c5be,Lee Smith,FA,TE,10.0,15.5,19.5,1.55,2.0,35.0,2.0
2020.0,9a88b46cb29668edc93b095ef8fec5f1,Stephen Anderson,FA,TE,16.0,10.600000000000001,18.6,0.66,1.2,106.0,0.0
2020.0,5074efa0f49ef3c5dee9f75f4b301a1d,Josh Hill,FA,TE,14.0,10.600000000000001,18.6,0.76,1.3,46.0,1.0
2020.0,15eb28dbe6cd75f9b26dcb8117e80b8c,Ryan Griffin,FA,TE,15.0,8.600000000000001,17.6,0.57,1.2,86.0,0.0
2020.0,82da2afe3355a13753b9f10e465502e9,Virgil Green,FA,TE,6.0,11.0,14.0,1.83,2.3,50.0,1.0
2020.0,477b9d54928cf6d1164aa8b047d44a5e,Luke Stocker,FA,TE,16.0,6.300000000000001,13.3,0.39,0.8,63.0,0.0
2020.0,a7c6068d3827d1fd4a5521362e65812c,Devin Asiasi,FA,TE,8.0,9.9,11.9,1.24,1.5,39.0,1.0
2020.0,de1df0aff65c8aca8261031bdb2bc53a,Demetrius Harris,FA,TE,15.0,4.5,11.5,0.3,0.8,45.0,0.0
2020.0,5359b66a4637837cff0b1481c88fb361,Chris Manhertz,NYG,TE,16.0,5.199999999999999,11.2,0.32,0.7,52.0,0.0
2020.0,3668f069b709cc8c1891d213380e4f14,Dominique Dafney,FA,TE,5.0,8.6,10.6,1.72,2.1,26.0,1.0
2020.0,49d9e2d2fc1a0ec6116dd23724c6917b,Deon Yelder,FA,TE,14.0,3.5999999999999996,10.6,0.26,0.8,36.0,0.0
2020.0,7a1cb001e9c9c2906d8e395020cdc43c,Cethan Carter,FA,TE,15.0,5.300000000000001,10.3,0.35,0.7,53.0,0.0
2020.0,979531765a7cf1cd7c8165ee31a5c172,Nick Keizer,FA,TE,16.0,4.300000000000001,10.3,0.27,0.6,63.0,0.0
2020.0,a2b81d37ebbee22d78b4cebe10ae93a4,Levine Toilolo,FA,TE,16.0,4.6,9.6,0.29,0.6,46.0,0.0
2020.0,9cc95ef9aeb2077b8aed054d5ae68957,Johnny Mundt,PHI,TE,16.0,5.300000000000001,9.3,0.33,0.6,53.0,0.0
2020.0,15192466708adb1c128f417694b0c1e1,Juwan Johnson,NO,TE,7.0,3.9000000000000004,7.9,0.56,1.1,39.0,0.0
2020.0,7bfc2a3b967ffebd649a44b8825a09ae,Colin Thompson,FA,TE,15.0,6.7,7.7,0.45,0.5,7.0,1.0
2020.0,f63d5a55f432ef093e0b4c1792f50991,Jordan Thomas,FA,TE,6.0,6.3,7.3,1.05,1.2,3.0,1.0
2020.0,b5d89dc5b36c6adb29588ad30bf2823c,Jason Croom,FA,TE,4.0,6.3,7.3,1.58,1.8,3.0,1.0
2020.0,e523c4b6f1135e23b310f213841ad9f5,Tanner Hudson,CIN,TE,11.0,4.1,7.1,0.37,0.6,41.0,0.0
2020.0,ebf4af84f10d54ee547dbc418263db67,Charlie Woerner,ATL,TE,14.0,3.5999999999999996,6.6,0.26,0.5,36.0,0.0
2020.0,e4c6013334c5598fecce5aa83d5dbb38,Kahale Warring,FA,TE,7.0,3.5,6.5,0.5,0.9,35.0,0.0
2020.0,3dfcca5f5feecf0c353e9e85a7219492,Jaeden Graham,FA,TE,16.0,2.5,5.5,0.16,0.3,25.0,0.0
2020.0,14da5e68d83033390c062ff7db1ba01c,Hunter Bryant,FA,TE,5.0,4.4,5.4,0.88,1.1,44.0,0.0
2020.0,3543608fe38d94f140fd4e81cfa53df3,Daniel Brown,FA,TE,16.0,3.0999999999999996,5.1,0.19,0.3,31.0,0.0
2020.0,46789c7ebe239073e10cb9d4f5ac82b3,Dalton Keene,FA,TE,6.0,1.5999999999999996,4.6,0.27,0.8,16.0,0.0
2020.0,ebb3fdc4820975d95e9c5407f1f6e7ee,Eric Saubert,SEA,TE,8.0,1.5999999999999996,4.6,0.2,0.6,16.0,0.0
2020.0,2584414773e5bd038b0c8aca5dc04f33,Stephen Carlson,CHI,TE,16.0,3.0999999999999996,4.1,0.19,0.3,11.0,0.0
2020.0,7518f7caa5978b4498a64e5058addc5f,Ben Ellefson,FA,TE,7.0,3.0,4.0,0.43,0.6,10.0,0.0
2020.0,12d2804a381b38bad9a6f0511ac2a70b,Colby Parkinson,LAR,TE,6.0,1.6,3.6,0.27,0.6,16.0,0.0
2020.0,0cba62e8638a02d6bbc44cd50f00d3eb,Jake Butt,FA,TE,5.0,0.5,2.5,0.1,0.5,5.0,0.0
2020.0,e1e386a1ffd695064a7fbd4b6d77961f,Derek Carrier,FA,TE,16.0,1.4,2.4,0.09,0.2,14.0,0.0
2020.0,729cad7b275a55a5b212188dcc88b770,Blake Jarwin,FA,TE,1.0,1.2000000000000002,2.2,1.2,2.2,12.0,0.0
2020.0,2523cbff17327377c811552cd6f62c80,Josiah Deguara,FA,TE,2.0,1.2000000000000002,2.2,0.6,1.1,12.0,0.0
2020.0,cbea6559c42904910438978045f8eb52,Luke Willson,FA,TE,8.0,1.2000000000000002,2.2,0.15,0.3,12.0,0.0
2020.0,f000d4ae8b2201490d6ef492e3a2561c,Temarrick Hemingway,FA,TE,8.0,1.0,2.0,0.12,0.3,10.0,0.0
2020.0,d157649a424e04ca8226acb500468040,Jeremy Sprinkle,FA,TE,16.0,0.6000000000000001,1.6,0.04,0.1,6.0,0.0
2020.0,dbda03b6dd3e1d9dfb79d21e847f3575,Brandon Dillon,FA,TE,3.0,0.6000000000000001,1.6,0.2,0.5,6.0,0.0
2020.0,2611d5c7dafd657b1865620de5b9a605,Trevon Wesco,FA,TE,12.0,0.5,1.5,0.04,0.1,5.0,0.0
2020.0,b610300c387e488932fae9e74f47d677,Isaac Nauta,FA,TE,7.0,0.30000000000000004,1.3,0.04,0.2,3.0,0.0
2020.0,872ccf186f7738dbb925c011c4507262,Marcus Baugh,FA,TE,8.0,0.19999999999999996,1.2,0.02,0.2,2.0,0.0
2020.0,7620063f9e653feb0ebe62a9b33b18cf,Bruce Miller,FA,TE,8.0,0.19999999999999996,1.2,0.02,0.2,2.0,0.0
2020.0,3b8c47115177d49da3429fa29234f3f7,Antonio Gandy-Golden,FA,TE,6.0,-1.0,0.0,-0.17,0.0,3.0,0.0
2020.0,1a7f0b0eb30760a11b475326ffbb42ae,Andrew Beck,NYJ,TE,10.0,0.0,0.0,0.0,0.0,0.0,0.0
2020.0,3c4ebcbb74b6562b4897874833e8388d,Rashod Berry,FA,TE,3.0,0.0,0.0,0.0,0.0,0.0,0.0
2020.0,5256ad70e9d618814b705f229045df91,Jake Bargas,FA,TE,1.0,0.0,0.0,0.0,0.0,0.0,0.0
2020.0,69d75ee5dec17174cbbec1ca8fc934f2,Tyler Davis,FA,TE,8.0,0.0,0.0,0.0,0.0,0.0,0.0
2020.0,833e65f09b2a9567667c06f15a81dd05,Tommy Stevens,FA,TE,1.0,0.0,0.0,0.0,0.0,0.0,0.0
2020.0,96b527ac3059ab60080a1e8fcb3b3fb4,Jordan Matthews,FA,TE,2.0,0.0,0.0,0.0,0.0,0.0,0.0
2020.0,097f6aa917ec0332131e3bdc11c8a9d1,Clark Harris,FA,TE,16.0,0.0,0.0,0.0,0.0,0.0,0.0
2020.0,22c867e4a3f9effd114c74b7dbbbb61c,Sean McKeon,IND,TE,14.0,0.0,0.0,0.0,0.0,0.0,0.0
2020.0,aff57ab66e5298ca5c07a5cf7973f465,Kevin Rader,FA,TE,1.0,0.0,0.0,0.0,0.0,0.0,0.0
2020.0,909e6fdc144854bf6809b302bcf1517d,Sean Culkin,FA,TE,1.0,0.0,0.0,0.0,0.0,0.0,0.0
2020.0,6ca8c747d79716c69a73d55ab91b6d03,Evan Baylis,FA,TE,5.0,0.0,0.0,0.0,0.0,0.0,0.0
2020.0,c9a400c67f1c35c01e606cecb63b7768,Ricky Seals-Jones,FA,TE,2.0,0.0,0.0,0.0,0.0,0.0,0.0
2020.0,0c0d30b551890e05c807e9cd5c51d7cc,Taysom Hill,FA,TE,16.0,-8.0,0.0,-0.5,0.0,98.0,1.0
2020.0,9b09fad65ba7f2d5220f2dddaa762ae6,Chris Myarick,FA,TE,3.0,0.0,0.0,0.0,0.0,0.0,0.0
2020.0,bf66dc2cf31248203ef5367641dfc38c,Brycen Hopkins,FA,TE,4.0,0.0,0.0,0.0,0.0,0.0,0.0
2020.0,c64b609a06ce5e014283a12f4bdfe372,Lawrence Cager,WAS,TE,2.0,-2.0,0.0,-1.0,0.0,35.0,0.0
2020.0,cae9fed5bb00771d7ca4067e2c39de2d,Noah Togiai,FA,TE,4.0,0.0,0.0,0.0,0.0,0.0,0.0
2020.0,97fefeabb7358fa1c3158e45895945c9,Stephen Sullivan,FA,TE,1.0,0.0,0.0,0.0,0.0,0.0,0.0
2020.0,0c94b27aac94a9389757b77a848bb4c9,Matt Sokol,FA,TE,2.0,0.0,0.0,0.0,0.0,0.0,0.0
2020.0,1becd1d4f79763d47b7c0dfd0695975f,Caleb Wilson,FA,TE,5.0,0.0,0.0,0.0,0.0,0.0,0.0
2020.0,2b53fa09f9e22d2d8266e5e368abdf11,Farrod Green,FA,TE,1.0,0.0,0.0,0.0,0.0,0.0,0.0
2020.0,1a358da62d9d80796bef44a17cfd7f3e,Daniel Helm,FA,TE,5.0,0.0,0.0,0.0,0.0,0.0,0.0
2020.0,18fd61a0b1532af48df01706bca087d1,Hakeem Butler,FA,TE,2.0,0.0,0.0,0.0,0.0,0.0,0.0
2020.0,98205326fe6297dc154640ea064dca3f,N'Keal Harry,FA,TE,14.0,-33.0,0.0,-2.36,0.0,309.0,2.0
2020.0,31b4f78da370a5664286e8cdf5880c3c,Zach Gentry,FA,TE,2.0,0.0,0.0,0.0,0.0,0.0,0.0
2020.0,449a1505a0bcefa93c4ccbb04b4b82d1,Nate Becker,FA,TE,1.0,0.0,0.0,0.0,0.0,0.0,0.0
2020.0,fad0196de38bdd585562ec58964555b5,Hale Hentges,FA,TE,1.0,0.0,0.0,0.0,0.0,0.0,0.0
2020.0,623244a28875c7a9a911ac64a0ffb92b,Eric Tomlinson,FA,TE,7.0,0.0,0.0,0.0,0.0,0.0,0.0
2020.0,129e4a972183227c07cee650042e1181,Kyle Nelson,FA,TE,3.0,0.0,0.0,0.0,0.0,0.0,0.0
2020.0,a7581a27e73640aaf91b7be48fd2b550,Mason Schreck,FA,TE,14.0,0.0,0.0,0.0,0.0,0.0,0.0
2020.0,c516eb2fa6bbdb64376ede2ab5bda79f,Zach Wood,NO,TE,16.0,0.0,0.0,0.0,0.0,0.0,0.0
2020.0,13dfe6fe812e91095549000eda25b8d5,J.P. Holtz,FA,TE,16.0,0.0,0.0,0.0,0.0,0.0,0.0
2020.0,c0e10ff46b71866895e9e28c0361a807,Antony Auclair,FA,TE,8.0,0.0,0.0,0.0,0.0,0.0,0.0
2020.0,6759781b1dabd400c0e5d9ee53055121,Garrett Griffin,FA,TE,4.0,0.0,0.0,0.0,0.0,0.0,0.0
2020.0,f13880fa96560fca262a3afd1c0c1067,Tyler Ott,WAS,TE,16.0,0.0,0.0,0.0,0.0,0.0,0.0
2020.0,8679277d47e7b1c7f961f51feed71fd0,Seth DeValve,FA,TE,4.0,0.0,0.0,0.0,0.0,0.0,0.0
2020.0,a6e14a8168ceaa8ef1ead5501baca549,Andrew DePaola,MIN,TE,7.0,0.0,0.0,0.0,0.0,0.0,0.0
2020.0,498bdea07b4e6d5af2c0b58fb1a6ad53,Patrick Scales,FA,TE,15.0,0.0,0.0,0.0,0.0,0.0,0.0
2020.0,9e555a7d270b76d753de9abff595b0b4,James Winchester,KC,TE,15.0,0.0,0.0,0.0,0.0,0.0,0.0
2020.0,93da4aa53add671f69d5d06833ebb78d,Beau Brinkley,FA,TE,7.0,0.0,0.0,0.0,0.0,0.0,0.0
2020.0,811fe97f6eaa17763a70d1b9ff8cc649,Ross Travis,FA,TE,1.0,0.0,0.0,0.0,0.0,0.0,0.0
