Rank,Player,CMP,Pass_Att,PCT,Pass_Yds,Y/A,Pass_TD,INT,SACKS,Rush Att,Rush Yds,Rush TD,FL,G,FPTS,FPTS/G,ROST,team_abbr,team_name,year,week,Score,stadium_name,indoor_outdoor,surface_type,elevation,year_opened,city,state,latitude,longitude,Team Name
26,Drew Lock,22,33,66.7,216,6.5,1,0,0,3,5,0,0,1,13.1,13.1,1.6%,SEA,seattle_seahawks,2020,1,99.87,Lumen Field,Outdoor,Turf,20.0,2002.0,Seattle,WA,47.5952,-122.3316,Seattle Seahawks
3,Josh Allen,33,46,71.7,312,6.8,2,0,3,14,57,1,2,1,28.2,28.2,99.2%,BUF,buffalo_bills,2020,1,155.5,Highmark Stadium,Outdoor,Grass,600.0,1973.0,Orchard Park,NY,42.7738,-78.7868,Buffalo Bills
4,Lamar Jackson,20,25,80.0,275,11.0,3,0,2,7,45,0,0,1,27.5,27.5,98.8%,BAL,baltimore_ravens,2020,1,138.85,M&T Bank Stadium,Outdoor,Grass,10.0,1998.0,Baltimore,MD,39.2779,-76.6227,Baltimore Ravens
5,Kyler Murray,26,40,65.0,230,5.8,1,1,2,13,91,1,0,1,27.3,27.3,89.7%,ARI,arizona_cardinals,2020,1,124.37,State Farm Stadium,Indoor,Turf,1070.0,2006.0,Glendale,AZ,33.5275,-112.2625,Arizona Cardinals
8,Mitchell Trubisky,20,36,55.6,242,6.7,3,0,1,3,26,0,0,1,24.3,24.3,1.3%,BUF,buffalo_bills,2020,1,120.65,Highmark Stadium,Outdoor,Grass,600.0,1973.0,Orchard Park,NY,42.7738,-78.7868,Buffalo Bills
9,Kirk Cousins,19,25,76.0,259,10.4,2,1,2,4,34,0,0,1,22.8,22.8,16.0%,ATL,atlanta_falcons,2020,1,127.44,Lumen Field,Outdoor,Turf,20.0,2002.0,Seattle,WA,47.5952,-122.3316,Atlanta Falcons
12,Deshaun Watson,20,32,62.5,253,7.9,1,1,4,6,27,1,0,1,21.8,21.8,7.5%,CLE,cleveland_browns,2020,1,123.14,M&T Bank Stadium,Outdoor,Grass,10.0,1998.0,Baltimore,MD,39.2779,-76.6227,Cleveland Browns
13,Gardner Minshew Ii,19,20,95.0,173,8.7,3,0,4,5,19,0,0,1,20.8,20.8,3.1%,KC,kansas_city_chiefs,2020,1,90.2,GEHA Field at Arrowhead Stadium,Outdoor,Grass,1020.0,1972.0,Kansas City,MO,39.049,-94.4839,Kansas City Chiefs
14,Patrick Mahomes Ii,24,32,75.0,211,6.6,3,0,1,0,0,0,0,1,20.4,20.4,96.3%,KC,kansas_city_chiefs,2020,1,103.3,GEHA Field at Arrowhead Stadium,Outdoor,Grass,1020.0,1972.0,Kansas City,MO,39.049,-94.4839,Kansas City Chiefs
1,Russell Wilson,31,35,88.6,322,9.2,4,0,3,3,29,0,0,1,31.8,31.8,23.4%,NYG,new_york_giants,2020,1,160.1,Acrisure Stadium,Outdoor,Grass,730.0,2001.0,Pittsburgh,PA,40.4468,-80.0158,New York Giants
17,Daniel Jones,26,41,63.4,279,6.8,2,2,3,4,22,0,0,1,19.4,19.4,20.7%,IND,indianapolis_colts,2020,1,131.74,TIAA Bank Field,Outdoor,Grass,16.0,1995.0,Jacksonville,FL,30.3239,-81.6373,Indianapolis Colts
18,Jimmy Garoppolo,19,33,57.6,259,7.8,2,0,3,1,9,0,0,1,19.3,19.3,2.4%,LAR,los_angeles_rams,2020,1,122.07,SoFi Stadium,Outdoor,Turf,100.0,2020.0,Inglewood,CA,33.9535,-118.3392,Los Angeles Rams
19,Dak Prescott,25,39,64.1,266,6.8,1,0,3,3,30,0,0,1,17.6,17.6,77.0%,DAL,dallas_cowboys,2020,1,125.88,SoFi Stadium,Outdoor,Turf,100.0,2020.0,Inglewood,CA,33.9535,-118.3392,Dallas Cowboys
20,Joe Burrow,23,36,63.9,193,5.4,0,1,3,8,46,1,0,1,17.3,17.3,98.2%,CIN,cincinnati_bengals,2020,1,97.39,SoFi Stadium,Outdoor,Turf,100.0,2020.0,Inglewood,CA,33.9535,-118.3392,Cincinnati Bengals
2,Aaron Rodgers,32,44,72.7,364,8.3,4,0,0,1,2,0,0,1,30.8,30.8,28.3%,PIT,pittsburgh_steelers,2020,1,173.42,Acrisure Stadium,Outdoor,Grass,730.0,2001.0,Pittsburgh,PA,40.4468,-80.0158,Pittsburgh Steelers
37,Tim Boyle,0,0,0.0,0,0.0,0,0,0,2,-2,0,0,1,-0.2,-0.2,0.0%,TEN,tennessee_titans,2020,1,-0.34,Nissan Stadium,Outdoor,Grass,476.0,1999.0,Nashville,TN,36.1665,-86.7713,Tennessee Titans
21,Matthew Stafford,24,42,57.1,297,7.1,1,1,1,5,23,0,0,1,17.2,17.2,48.2%,LAR,los_angeles_rams,2020,1,137.16,SoFi Stadium,Outdoor,Turf,100.0,2020.0,Inglewood,CA,33.9535,-118.3392,Los Angeles Rams
36,Jacoby Brissett,0,0,0.0,0,0.0,0,0,1,0,0,0,0,1,0.0,0.0,3.2%,ARI,arizona_cardinals,2020,1,0.0,State Farm Stadium,Indoor,Turf,1070.0,2006.0,Glendale,AZ,33.5275,-112.2625,Arizona Cardinals
31,Tyrod Taylor,16,30,53.3,208,6.9,0,0,2,6,7,0,0,1,9.0,9.0,2.4%,NYJ,new_york_jets,2020,1,93.18,Highmark Stadium,Outdoor,Grass,600.0,1973.0,Orchard Park,NY,42.7738,-78.7868,New York Jets
30,Baker Mayfield,21,39,53.8,189,4.8,1,1,2,2,3,0,0,1,10.9,10.9,94.5%,TB,tampa_bay_buccaneers,2020,1,86.79,Caesars Superdome,Indoor,Turf,3.0,1975.0,New Orleans,LA,29.9509,-90.0815,Tampa Bay Buccaneers
29,Jared Goff,20,31,64.5,275,8.9,0,1,1,4,15,0,0,1,11.5,11.5,83.0%,DET,detroit_lions,2020,1,123.23,Soldier Field,Outdoor,Grass,595.0,1924.0,Chicago,IL,41.8623,-87.6167,Detroit Lions
28,Sam Darnold,21,35,60.0,215,6.1,1,1,3,1,6,0,0,1,12.2,12.2,36.3%,SEA,seattle_seahawks,2020,1,98.66,Lumen Field,Outdoor,Turf,20.0,2002.0,Seattle,WA,47.5952,-122.3316,Seattle Seahawks
68,Daniel Jones,25,40,62.5,241,6.0,0,1,4,3,21,0,1,1,8.7,8.7,20.7%,IND,indianapolis_colts,2020,2,108.09,Lucas Oil Stadium,Indoor,Turf,700.0,2008.0,Indianapolis,IN,39.7601,-86.1639,Indianapolis Colts
56,Matthew Stafford,20,33,60.6,244,7.4,2,1,4,1,4,0,0,1,17.2,17.2,48.2%,LAR,los_angeles_rams,2020,2,114.02,SoFi Stadium,Outdoor,Turf,100.0,2020.0,Inglewood,CA,33.9535,-118.3392,Los Angeles Rams
64,Sam Darnold,21,32,65.6,179,5.6,1,0,1,2,7,0,0,1,11.9,11.9,36.3%,SEA,seattle_seahawks,2020,2,84.15,Lumen Field,Outdoor,Turf,20.0,2002.0,Seattle,WA,47.5952,-122.3316,Seattle Seahawks
62,Jimmy Garoppolo,14,16,87.5,131,8.2,2,0,1,0,0,0,0,1,13.2,13.2,2.4%,LAR,los_angeles_rams,2020,2,65.28,SoFi Stadium,Outdoor,Turf,100.0,2020.0,Inglewood,CA,33.9535,-118.3392,Los Angeles Rams
60,Mitchell Trubisky,18,28,64.3,190,6.8,2,2,4,4,16,0,0,1,15.2,15.2,1.3%,BUF,buffalo_bills,2020,2,91.8,Highmark Stadium,Outdoor,Grass,600.0,1973.0,Orchard Park,NY,42.7738,-78.7868,Buffalo Bills
76,Drew Lock,1,5,20.0,20,4.0,0,0,1,0,0,0,1,1,-1.2,-1.2,1.6%,SEA,seattle_seahawks,2020,2,7.96,Lumen Field,Outdoor,Turf,20.0,2002.0,Seattle,WA,47.5952,-122.3316,Seattle Seahawks
69,Nick Mullens,8,11,72.7,71,6.5,0,1,2,2,-2,0,0,1,1.6,1.6,1.1%,JAC,jacksonville_jaguars,2020,2,31.32,Nissan Stadium,Outdoor,Grass,476.0,1999.0,Nashville,TN,36.1665,-86.7713,Jacksonville Jaguars
70,Kirk Cousins,11,26,42.3,113,4.3,0,3,3,0,0,0,0,1,1.5,1.5,16.0%,ATL,atlanta_falcons,2020,2,47.91,AT&T Stadium,Indoor,Turf,639.0,2009.0,Arlington,TX,32.7473,-97.0945,Atlanta Falcons
71,Andy Dalton,0,1,0.0,0,0.0,0,0,0,0,0,0,0,1,0.0,0.0,1.7%,CAR,carolina_panthers,2020,2,0.0,Raymond James Stadium,Outdoor,Grass,26.0,1998.0,Tampa,FL,27.9759,-82.5033,Carolina Panthers
58,Deshaun Watson,25,36,69.4,275,7.6,1,1,4,5,17,0,0,1,15.7,15.7,7.5%,CLE,cleveland_browns,2020,2,126.91,FirstEnergy Stadium,Outdoor,Grass,577.0,1999.0,Cleveland,OH,41.5061,-81.6995,Cleveland Browns
57,Baker Mayfield,16,23,69.6,219,9.5,2,1,0,3,5,0,0,1,16.3,16.3,94.5%,TB,tampa_bay_buccaneers,2020,2,103.51,Raymond James Stadium,Outdoor,Grass,26.0,1998.0,Tampa,FL,27.9759,-82.5033,Tampa Bay Buccaneers
47,Joe Burrow,37,61,60.7,316,5.2,3,0,3,7,19,0,1,1,24.5,24.5,98.2%,CIN,cincinnati_bengals,2020,2,150.99,FirstEnergy Stadium,Outdoor,Grass,577.0,1999.0,Cleveland,OH,41.5061,-81.6995,Cincinnati Bengals
55,Lamar Jackson,18,24,75.0,204,8.5,1,0,4,16,54,0,0,1,17.6,17.6,98.8%,BAL,baltimore_ravens,2020,2,103.12,M&T Bank Stadium,Outdoor,Grass,10.0,1998.0,Baltimore,MD,39.2779,-76.6227,Baltimore Ravens
73,Jalen Hurts,0,0,0.0,0,0.0,0,0,0,0,0,0,0,1,0.0,0.0,98.3%,PHI,philadelphia_eagles,2020,2,0.0,SoFi Stadium,Outdoor,Turf,100.0,2020.0,Inglewood,CA,33.9535,-118.3392,Philadelphia Eagles
75,Tim Boyle,0,0,0.0,0,0.0,0,0,0,2,-1,0,0,1,-0.1,-0.1,0.0%,TEN,tennessee_titans,2020,2,-0.17,Nissan Stadium,Outdoor,Grass,476.0,1999.0,Nashville,TN,36.1665,-86.7713,Tennessee Titans
38,Dak Prescott,34,47,72.3,450,9.6,1,0,1,5,18,3,1,1,39.8,39.8,77.0%,DAL,dallas_cowboys,2020,2,215.78,AT&T Stadium,Indoor,Turf,639.0,2009.0,Arlington,TX,32.7473,-97.0945,Dallas Cowboys
54,Aaron Rodgers,18,30,60.0,240,8.0,2,0,1,2,12,0,0,1,18.2,18.2,28.3%,PIT,pittsburgh_steelers,2020,2,113.94,Acrisure Stadium,Outdoor,Grass,730.0,2001.0,Pittsburgh,PA,40.4468,-80.0158,Pittsburgh Steelers
40,Josh Allen,24,35,68.6,415,11.9,4,0,1,4,19,0,0,1,34.5,34.5,99.2%,BUF,buffalo_bills,2020,2,198.03,Highmark Stadium,Outdoor,Grass,600.0,1973.0,Orchard Park,NY,42.7738,-78.7868,Buffalo Bills
41,Russell Wilson,21,28,75.0,288,10.3,5,1,2,5,39,0,0,1,34.4,34.4,23.4%,NYG,new_york_giants,2020,2,148.74,Soldier Field,Outdoor,Grass,595.0,1924.0,Chicago,IL,41.8623,-87.6167,New York Giants
42,Kyler Murray,26,38,68.4,286,7.5,1,1,3,8,67,2,0,1,33.1,33.1,89.7%,ARI,arizona_cardinals,2020,2,148.97,State Farm Stadium,Indoor,Turf,1070.0,2006.0,Glendale,AZ,33.5275,-112.2625,Arizona Cardinals
50,Justin Herbert,22,33,66.7,311,9.4,1,1,2,4,18,1,0,1,23.2,23.2,87.6%,LAC,los_angeles_chargers,2020,2,146.92,GEHA Field at Arrowhead Stadium,Outdoor,Grass,1020.0,1972.0,Kansas City,MO,39.049,-94.4839,Los Angeles Chargers
44,Patrick Mahomes Ii,27,47,57.4,302,6.4,2,0,1,6,54,0,0,1,27.5,27.5,96.3%,KC,kansas_city_chiefs,2020,2,150.03,GEHA Field at Arrowhead Stadium,Outdoor,Grass,1020.0,1972.0,Kansas City,MO,39.049,-94.4839,Kansas City Chiefs
49,Jared Goff,20,27,74.1,267,9.9,3,0,1,7,13,0,0,1,24.0,24.0,83.0%,DET,detroit_lions,2020,2,129.78,Lambeau Field,Outdoor,Grass,640.0,1957.0,Green Bay,WI,44.5013,-88.0622,Detroit Lions
46,Gardner Minshew Ii,30,45,66.7,339,7.5,3,2,2,4,19,0,0,1,25.5,25.5,3.1%,KC,kansas_city_chiefs,2020,2,160.55,GEHA Field at Arrowhead Stadium,Outdoor,Grass,1020.0,1972.0,Kansas City,MO,39.049,-94.4839,Kansas City Chiefs
108,Sam Darnold,17,29,58.6,168,5.8,1,3,2,5,20,0,0,1,9.7,9.7,36.3%,SEA,seattle_seahawks,2020,3,78.85,Lumen Field,Outdoor,Turf,20.0,2002.0,Seattle,WA,47.5952,-122.3316,Seattle Seahawks
81,Jared Goff,23,32,71.9,321,10.0,2,1,2,2,4,1,0,1,28.2,28.2,83.0%,DET,detroit_lions,2020,3,153.54,Ford Field,Indoor,Turf,600.0,2002.0,Detroit,MI,42.34,-83.0456,Detroit Lions
99,Lamar Jackson,15,28,53.6,97,3.5,1,0,4,9,83,0,1,1,14.2,14.2,98.8%,BAL,baltimore_ravens,2020,3,59.44,GEHA Field at Arrowhead Stadium,Outdoor,Grass,1020.0,1972.0,Kansas City,MO,39.049,-94.4839,Baltimore Ravens
98,Baker Mayfield,16,23,69.6,156,6.8,2,0,2,1,1,0,0,1,14.3,14.3,94.5%,TB,tampa_bay_buccaneers,2020,3,76.07,Raymond James Stadium,Outdoor,Grass,26.0,1998.0,Tampa,FL,27.9759,-82.5033,Tampa Bay Buccaneers
95,Justin Herbert,35,49,71.4,330,6.7,1,1,2,3,15,0,1,1,15.7,15.7,87.6%,LAC,los_angeles_chargers,2020,3,149.43,Bank of America Stadium,Outdoor,Grass,748.0,1996.0,Charlotte,NC,35.2258,-80.8528,Los Angeles Chargers
94,Nick Mullens,25,36,69.4,343,9.5,1,0,2,4,0,0,0,1,17.7,17.7,1.1%,JAC,jacksonville_jaguars,2020,3,154.29,Hard Rock Stadium,Outdoor,Grass,7.0,1987.0,Miami Gardens,FL,25.958,-80.238,Jacksonville Jaguars
93,Deshaun Watson,19,27,70.4,264,9.8,2,1,5,1,5,0,0,1,18.1,18.1,7.5%,CLE,cleveland_browns,2020,3,123.13,FirstEnergy Stadium,Outdoor,Grass,577.0,1999.0,Cleveland,OH,41.5061,-81.6995,Cleveland Browns
91,Matthew Stafford,22,31,71.0,270,8.7,2,0,4,1,-3,0,0,1,18.5,18.5,48.2%,LAR,los_angeles_rams,2020,3,125.19,Highmark Stadium,Outdoor,Grass,600.0,1973.0,Orchard Park,NY,42.7738,-78.7868,Los Angeles Rams
89,Joe Burrow,31,44,70.5,312,7.1,2,0,8,1,-1,0,0,1,20.4,20.4,98.2%,CIN,cincinnati_bengals,2020,3,144.1,Lincoln Financial Field,Outdoor,Grass,30.0,2003.0,Philadelphia,PA,39.9008,-75.1675,Cincinnati Bengals
88,Kirk Cousins,16,27,59.3,251,9.3,3,2,2,2,14,0,0,1,21.4,21.4,16.0%,ATL,atlanta_falcons,2020,3,120.94,Soldier Field,Outdoor,Grass,595.0,1924.0,Chicago,IL,41.8623,-87.6167,Atlanta Falcons
83,Aaron Rodgers,21,32,65.6,283,8.8,3,0,1,2,12,0,0,1,24.5,24.5,28.3%,PIT,pittsburgh_steelers,2020,3,136.31,Acrisure Stadium,Outdoor,Grass,730.0,2001.0,Pittsburgh,PA,40.4468,-80.0158,Pittsburgh Steelers
82,Kyler Murray,23,35,65.7,270,7.7,2,3,1,5,29,1,0,1,24.7,24.7,89.7%,ARI,arizona_cardinals,2020,3,132.53,Ford Field,Indoor,Turf,600.0,2002.0,Detroit,MI,42.34,-83.0456,Arizona Cardinals
112,Jalen Hurts,0,0,0.0,0,0.0,0,0,0,2,5,0,0,1,0.5,0.5,98.3%,PHI,philadelphia_eagles,2020,3,0.85,Lincoln Financial Field,Outdoor,Grass,30.0,2003.0,Philadelphia,PA,39.9008,-75.1675,Philadelphia Eagles
80,Dak Prescott,37,57,64.9,472,8.3,3,2,2,6,26,0,1,1,29.5,29.5,77.0%,DAL,dallas_cowboys,2020,3,218.01,Lumen Field,Outdoor,Turf,20.0,2002.0,Seattle,WA,47.5952,-122.3316,Dallas Cowboys
111,Jacoby Brissett,2,4,50.0,17,4.3,0,0,0,2,0,0,0,1,0.7,0.7,3.2%,ARI,arizona_cardinals,2020,3,8.35,Ford Field,Indoor,Turf,600.0,2002.0,Detroit,MI,42.34,-83.0456,Arizona Cardinals
79,Josh Allen,24,33,72.7,311,9.4,4,1,4,4,8,1,1,1,32.2,32.2,99.2%,BUF,buffalo_bills,2020,3,153.22,Highmark Stadium,Outdoor,Grass,600.0,1973.0,Orchard Park,NY,42.7738,-78.7868,Buffalo Bills
110,Brett Rypien,8,9,88.9,53,5.9,0,1,1,0,0,0,0,1,1.1,1.1,0.1%,MIN,minnesota_vikings,2020,3,23.85,Nissan Stadium,Outdoor,Grass,476.0,1999.0,Nashville,TN,36.1665,-86.7713,Minnesota Vikings
78,Russell Wilson,27,40,67.5,315,7.9,5,0,4,6,22,0,0,1,36.8,36.8,23.4%,NYG,new_york_giants,2020,3,159.74,Levi's Stadium,Outdoor,Grass,13.0,2014.0,Santa Clara,CA,37.403,-121.9692,New York Giants
109,Daniel Jones,17,32,53.1,179,5.6,0,1,2,5,49,0,1,1,9.1,9.1,20.7%,IND,indianapolis_colts,2020,3,85.49,Lucas Oil Stadium,Indoor,Turf,700.0,2008.0,Indianapolis,IN,39.7601,-86.1639,Indianapolis Colts
77,Patrick Mahomes Ii,31,42,73.8,385,9.2,4,0,0,4,26,1,0,1,40.0,40.0,96.3%,KC,kansas_city_chiefs,2020,3,190.94,GEHA Field at Arrowhead Stadium,Outdoor,Grass,1020.0,1972.0,Kansas City,MO,39.049,-94.4839,Kansas City Chiefs
107,Gardner Minshew Ii,30,42,71.4,275,6.5,0,1,4,3,22,0,1,1,10.2,10.2,3.1%,KC,kansas_city_chiefs,2020,3,123.44,GEHA Field at Arrowhead Stadium,Outdoor,Grass,1020.0,1972.0,Kansas City,MO,39.049,-94.4839,Kansas City Chiefs
102,Mitchell Trubisky,13,22,59.1,128,5.8,1,1,2,1,45,0,0,1,12.6,12.6,1.3%,BUF,buffalo_bills,2020,3,67.18,Highmark Stadium,Outdoor,Grass,600.0,1973.0,Orchard Park,NY,42.7738,-78.7868,Buffalo Bills
129,Russell Wilson,24,34,70.6,360,10.6,2,1,2,4,5,0,0,1,21.9,21.9,23.4%,NYG,new_york_giants,2020,4,164.85,SoFi Stadium,Outdoor,Turf,100.0,2020.0,Inglewood,CA,33.9535,-118.3392,New York Giants
130,Deshaun Watson,20,33,60.6,300,9.1,2,0,3,5,9,0,0,1,20.9,20.9,7.5%,CLE,cleveland_browns,2020,4,139.95,FirstEnergy Stadium,Outdoor,Grass,577.0,1999.0,Cleveland,OH,41.5061,-81.6995,Cleveland Browns
132,Patrick Mahomes Ii,19,29,65.5,236,8.1,2,0,1,8,28,0,0,1,20.2,20.2,96.3%,KC,kansas_city_chiefs,2020,4,115.46,GEHA Field at Arrowhead Stadium,Outdoor,Grass,1020.0,1972.0,Kansas City,MO,39.049,-94.4839,Kansas City Chiefs
152,Tim Boyle,0,0,0.0,0,0.0,0,0,0,1,-1,0,0,1,-0.1,-0.1,0.0%,TEN,tennessee_titans,2020,4,-0.17,,,,,,,,,,Tennessee Titans
135,Joe Burrow,25,36,69.4,300,8.3,1,1,1,4,11,0,0,1,16.1,16.1,98.2%,CIN,cincinnati_bengals,2020,4,136.73,Paycor Stadium,Outdoor,Turf,482.0,2000.0,Cincinnati,OH,39.0954,-84.516,Cincinnati Bengals
128,Gardner Minshew Ii,27,40,67.5,351,8.8,2,1,3,2,9,0,0,1,21.9,21.9,3.1%,KC,kansas_city_chiefs,2020,4,161.59,GEHA Field at Arrowhead Stadium,Outdoor,Grass,1020.0,1972.0,Kansas City,MO,39.049,-94.4839,Kansas City Chiefs
136,Baker Mayfield,19,30,63.3,165,5.5,2,0,2,3,6,0,0,1,15.2,15.2,94.5%,TB,tampa_bay_buccaneers,2020,4,80.84,Raymond James Stadium,Outdoor,Grass,26.0,1998.0,Tampa,FL,27.9759,-82.5033,Tampa Bay Buccaneers
137,Kirk Cousins,16,22,72.7,260,11.8,1,0,3,4,5,0,0,1,14.9,14.9,16.0%,ATL,atlanta_falcons,2020,4,119.19,Lambeau Field,Outdoor,Grass,640.0,1957.0,Green Bay,WI,44.5013,-88.0622,Atlanta Falcons
141,Jared Goff,25,32,78.1,200,6.3,1,0,2,3,-3,0,0,1,11.7,11.7,83.0%,DET,detroit_lions,2020,4,91.95,Caesars Superdome,Indoor,Turf,3.0,1975.0,New Orleans,LA,29.9509,-90.0815,Detroit Lions
126,Kyler Murray,24,31,77.4,133,4.3,3,0,1,6,78,0,1,1,23.1,23.1,89.7%,ARI,arizona_cardinals,2020,4,81.23,Bank of America Stadium,Outdoor,Grass,748.0,1996.0,Charlotte,NC,35.2258,-80.8528,Arizona Cardinals
125,Matthew Stafford,17,31,54.8,206,6.6,3,1,3,3,21,0,0,1,23.3,23.3,48.2%,LAR,los_angeles_rams,2020,4,104.63,SoFi Stadium,Outdoor,Turf,100.0,2020.0,Inglewood,CA,33.9535,-118.3392,Los Angeles Rams
123,Sam Darnold,23,42,54.8,230,5.5,0,0,6,6,84,1,0,1,23.6,23.6,36.3%,SEA,seattle_seahawks,2020,4,120.52,Lumen Field,Outdoor,Turf,20.0,2002.0,Seattle,WA,47.5952,-122.3316,Seattle Seahawks
116,Dak Prescott,41,58,70.7,502,8.7,4,1,3,2,12,0,1,1,38.3,38.3,77.0%,DAL,dallas_cowboys,2020,4,235.65,FirstEnergy Stadium,Outdoor,Grass,577.0,1999.0,Cleveland,OH,41.5061,-81.6995,Dallas Cowboys
122,Justin Herbert,20,25,80.0,290,11.6,3,1,2,5,14,0,0,1,24.0,24.0,87.6%,LAC,los_angeles_chargers,2020,4,139.32,Raymond James Stadium,Outdoor,Grass,26.0,1998.0,Tampa,FL,27.9759,-82.5033,Los Angeles Chargers
121,Josh Allen,24,34,70.6,288,8.5,2,0,1,3,-1,1,0,1,25.4,25.4,99.2%,BUF,buffalo_bills,2020,4,137.78,Highmark Stadium,Outdoor,Grass,600.0,1973.0,Orchard Park,NY,42.7738,-78.7868,Buffalo Bills
120,Lamar Jackson,14,21,66.7,193,9.2,2,1,1,7,53,1,0,1,26.0,26.0,98.8%,BAL,baltimore_ravens,2020,4,104.64,M&T Bank Stadium,Outdoor,Grass,10.0,1998.0,Baltimore,MD,39.2779,-76.6227,Baltimore Ravens
143,Daniel Jones,23,36,63.9,190,5.3,0,1,5,6,45,0,0,1,11.1,11.1,20.7%,IND,indianapolis_colts,2020,4,91.53,Lucas Oil Stadium,Indoor,Turf,700.0,2008.0,Indianapolis,IN,39.7601,-86.1639,Indianapolis Colts
118,Aaron Rodgers,27,33,81.8,327,9.9,4,0,1,1,5,0,0,1,29.6,29.6,28.3%,PIT,pittsburgh_steelers,2020,4,157.9,,,,,,,,,,Pittsburgh Steelers
150,Joe Flacco,2,2,100.0,16,8.0,0,0,0,0,0,0,0,1,0.6,0.6,15.4%,CLE,cleveland_browns,2020,4,8.62,FirstEnergy Stadium,Outdoor,Grass,577.0,1999.0,Cleveland,OH,41.5061,-81.6995,Cleveland Browns
148,Jalen Hurts,0,0,0.0,0,0.0,0,0,0,3,18,0,0,1,1.8,1.8,98.3%,PHI,philadelphia_eagles,2020,4,3.06,Lincoln Financial Field,Outdoor,Grass,30.0,2003.0,Philadelphia,PA,39.9008,-75.1675,Philadelphia Eagles
146,Jarrett Stidham,5,13,38.5,60,4.6,1,2,0,2,3,0,0,1,4.7,4.7,1.6%,DEN,denver_broncos,2020,4,29.11,Empower Field at Mile High,Outdoor,Turf,5280.0,2001.0,Denver,CO,39.7439,-105.0201,Denver Broncos
144,Nick Mullens,18,26,69.2,200,7.7,1,2,4,0,0,0,1,1,8.0,8.0,1.1%,JAC,jacksonville_jaguars,2020,4,88.94,Paycor Stadium,Outdoor,Turf,482.0,2000.0,Cincinnati,OH,39.0954,-84.516,Jacksonville Jaguars
138,Brett Rypien,19,31,61.3,242,7.8,2,3,0,5,-5,0,0,1,14.2,14.2,0.1%,MIN,minnesota_vikings,2020,4,110.0,U.S. Bank Stadium,Indoor,Turf,840.0,2016.0,Minneapolis,MN,44.974,-93.2581,Minnesota Vikings
160,Russell Wilson,20,32,62.5,217,6.8,3,1,4,5,58,0,0,1,25.5,25.5,23.4%,NYG,new_york_giants,2020,5,114.61,AT&T Stadium,Indoor,Turf,639.0,2009.0,Arlington,TX,32.7473,-97.0945,New York Giants
186,Jalen Hurts,1,1,100.0,18,18.0,0,0,0,0,0,0,0,1,0.7,0.7,98.3%,PHI,philadelphia_eagles,2020,5,11.39,Acrisure Stadium,Outdoor,Grass,730.0,2001.0,Pittsburgh,PA,40.4468,-80.0158,Philadelphia Eagles
174,Dak Prescott,14,21,66.7,166,7.9,0,1,1,2,7,0,0,1,13.4,13.4,77.0%,DAL,dallas_cowboys,2020,5,79.36,AT&T Stadium,Indoor,Turf,639.0,2009.0,Arlington,TX,32.7473,-97.0945,Dallas Cowboys
173,Joe Flacco,18,33,54.5,195,5.9,1,0,2,4,20,0,0,1,13.8,13.8,15.4%,CLE,cleveland_browns,2020,5,92.94,FirstEnergy Stadium,Outdoor,Grass,577.0,1999.0,Cleveland,OH,41.5061,-81.6995,Cleveland Browns
166,Gardner Minshew Ii,31,49,63.3,301,6.1,2,0,3,4,18,0,1,1,19.8,19.8,3.1%,KC,kansas_city_chiefs,2020,5,140.88,Allegiant Stadium,Indoor,Turf,2001.0,2020.0,Las Vegas,NV,36.0908,-115.183,Kansas City Chiefs
161,Jared Goff,21,30,70.0,309,10.3,2,1,1,3,0,1,0,1,25.4,25.4,83.0%,DET,detroit_lions,2020,5,146.24,,,,,,,,,,Detroit Lions
169,Baker Mayfield,21,37,56.8,247,6.7,2,2,1,2,17,0,0,1,17.6,17.6,94.5%,TB,tampa_bay_buccaneers,2020,5,116.66,Soldier Field,Outdoor,Grass,595.0,1924.0,Chicago,IL,41.8623,-87.6167,Tampa Bay Buccaneers
171,Lamar Jackson,19,37,51.4,180,4.9,2,1,1,2,3,0,0,1,14.5,14.5,98.8%,BAL,baltimore_ravens,2020,5,85.83,M&T Bank Stadium,Outdoor,Grass,10.0,1998.0,Baltimore,MD,39.2779,-76.6227,Baltimore Ravens
168,Josh Allen,26,41,63.4,263,6.4,2,2,1,4,18,0,0,1,18.3,18.3,99.2%,BUF,buffalo_bills,2020,5,124.09,Nissan Stadium,Outdoor,Grass,476.0,1999.0,Nashville,TN,36.1665,-86.7713,Buffalo Bills
159,Deshaun Watson,25,35,71.4,359,10.3,3,2,1,2,25,0,0,1,26.9,26.9,7.5%,CLE,cleveland_browns,2020,5,170.19,FirstEnergy Stadium,Outdoor,Grass,577.0,1999.0,Cleveland,OH,41.5061,-81.6995,Cleveland Browns
170,Kirk Cousins,27,39,69.2,249,6.4,2,1,3,1,2,0,1,1,15.2,15.2,16.0%,ATL,atlanta_falcons,2020,5,114.82,Bank of America Stadium,Outdoor,Grass,748.0,1996.0,Charlotte,NC,35.2258,-80.8528,Atlanta Falcons
158,Kyler Murray,27,37,73.0,380,10.3,1,1,1,9,31,1,0,1,27.3,27.3,89.7%,ARI,arizona_cardinals,2020,5,179.37,State Farm Stadium,Indoor,Turf,1070.0,2006.0,Glendale,AZ,33.5275,-112.2625,Arizona Cardinals
157,Justin Herbert,20,34,58.8,264,7.8,4,0,3,4,8,0,0,1,27.4,27.4,87.6%,LAC,los_angeles_chargers,2020,5,130.34,Caesars Superdome,Indoor,Turf,3.0,1975.0,New Orleans,LA,29.9509,-90.0815,Los Angeles Chargers
154,Patrick Mahomes Ii,22,43,51.2,340,7.9,2,1,3,6,21,1,0,1,30.7,30.7,96.3%,KC,kansas_city_chiefs,2020,5,164.07,Allegiant Stadium,Indoor,Turf,2001.0,2020.0,Las Vegas,NV,36.0908,-115.183,Kansas City Chiefs
176,Kyle Allen,9,13,69.2,74,5.7,0,0,2,1,7,1,0,1,9.7,9.7,1.1%,DET,detroit_lions,2020,5,39.33,,,,,,,,,,Detroit Lions
177,Daniel Jones,20,33,60.6,222,6.7,0,0,2,2,-7,0,1,1,8.2,8.2,20.7%,IND,indianapolis_colts,2020,5,97.08,FirstEnergy Stadium,Outdoor,Grass,577.0,1999.0,Cleveland,OH,41.5061,-81.6995,Indianapolis Colts
181,Joe Burrow,19,30,63.3,183,6.1,0,1,7,3,10,0,1,1,5.3,5.3,98.2%,CIN,cincinnati_bengals,2020,5,80.83,M&T Bank Stadium,Outdoor,Grass,10.0,1998.0,Baltimore,MD,39.2779,-76.6227,Cincinnati Bengals
182,Andy Dalton,9,11,81.8,111,10.1,0,0,1,1,0,0,1,1,2.4,2.4,1.7%,CAR,carolina_panthers,2020,5,48.9,Bank of America Stadium,Outdoor,Grass,748.0,1996.0,Charlotte,NC,35.2258,-80.8528,Carolina Panthers
184,Jimmy Garoppolo,7,17,41.2,77,4.5,0,2,3,0,0,0,0,1,1.1,1.1,2.4%,LAR,los_angeles_rams,2020,5,32.97,SoFi Stadium,Outdoor,Turf,100.0,2020.0,Inglewood,CA,33.9535,-118.3392,Los Angeles Rams
192,Kyler Murray,9,24,37.5,188,7.8,2,0,1,10,74,1,0,1,28.9,28.9,89.7%,ARI,arizona_cardinals,2020,6,106.09,State Farm Stadium,Indoor,Turf,1070.0,2006.0,Glendale,AZ,33.5275,-112.2625,Arizona Cardinals
205,Jared Goff,19,38,50.0,198,5.2,2,1,0,1,10,0,0,1,15.9,15.9,83.0%,DET,detroit_lions,2020,6,94.77,Ford Field,Indoor,Turf,600.0,2002.0,Detroit,MI,42.34,-83.0456,Detroit Lions
223,Mason Rudolph,1,1,100.0,6,6.0,0,0,0,3,-3,0,0,1,-0.1,-0.1,5.9%,PIT,pittsburgh_steelers,2020,6,3.33,Acrisure Stadium,Outdoor,Grass,730.0,2001.0,Pittsburgh,PA,40.4468,-80.0158,Pittsburgh Steelers
193,Lamar Jackson,16,27,59.3,186,6.9,1,0,3,9,108,1,0,1,28.2,28.2,98.8%,BAL,baltimore_ravens,2020,6,108.42,M&T Bank Stadium,Outdoor,Grass,10.0,1998.0,Baltimore,MD,39.2779,-76.6227,Baltimore Ravens
194,Kirk Cousins,24,36,66.7,343,9.5,3,3,1,0,0,0,0,1,26.7,26.7,16.0%,ATL,atlanta_falcons,2020,6,160.79,Mercedes-Benz Stadium,Indoor,Turf,1050.0,2017.0,Atlanta,GA,33.755,-84.4008,Atlanta Falcons
196,Jimmy Garoppolo,23,33,69.7,268,8.1,3,0,0,4,8,0,0,1,23.5,23.5,2.4%,LAR,los_angeles_rams,2020,6,129.27,Levi's Stadium,Outdoor,Grass,13.0,2014.0,Santa Clara,CA,37.403,-121.9692,Los Angeles Rams
197,Patrick Mahomes Ii,21,26,80.8,225,8.7,2,0,1,10,36,0,0,1,20.6,20.6,96.3%,KC,kansas_city_chiefs,2020,6,112.46,GEHA Field at Arrowhead Stadium,Outdoor,Grass,1020.0,1972.0,Kansas City,MO,39.049,-94.4839,Kansas City Chiefs
199,Gardner Minshew Ii,25,44,56.8,243,5.5,1,1,1,3,14,1,1,1,18.1,18.1,3.1%,KC,kansas_city_chiefs,2020,6,115.17,GEHA Field at Arrowhead Stadium,Outdoor,Grass,1020.0,1972.0,Kansas City,MO,39.049,-94.4839,Kansas City Chiefs
201,Joe Burrow,25,39,64.1,313,8.0,0,1,2,3,2,1,0,1,17.7,17.7,98.2%,CIN,cincinnati_bengals,2020,6,141.99,Lucas Oil Stadium,Indoor,Turf,700.0,2008.0,Indianapolis,IN,39.7601,-86.1639,Cincinnati Bengals
203,Kyle Allen,31,42,73.8,280,6.7,2,1,3,2,8,0,1,1,17.0,17.0,1.1%,DET,detroit_lions,2020,6,129.54,Ford Field,Indoor,Turf,600.0,2002.0,Detroit,MI,42.34,-83.0456,Detroit Lions
204,Josh Allen,14,27,51.9,122,4.5,2,1,0,8,42,0,0,1,16.1,16.1,99.2%,BUF,buffalo_bills,2020,6,67.07,GEHA Field at Arrowhead Stadium,Outdoor,Grass,1020.0,1972.0,Kansas City,MO,39.049,-94.4839,Buffalo Bills
188,Deshaun Watson,28,37,75.7,335,9.1,4,0,2,4,26,0,0,1,32.0,32.0,7.5%,CLE,cleveland_browns,2020,6,164.82,Acrisure Stadium,Outdoor,Grass,730.0,2001.0,Pittsburgh,PA,40.4468,-80.0158,Cleveland Browns
206,Daniel Jones,12,19,63.2,112,5.9,1,1,1,7,74,0,0,1,14.9,14.9,20.7%,IND,indianapolis_colts,2020,6,65.21,Lucas Oil Stadium,Indoor,Turf,700.0,2008.0,Indianapolis,IN,39.7601,-86.1639,Indianapolis Colts
208,Matthew Stafford,19,31,61.3,223,7.2,1,1,0,5,14,0,0,1,13.3,13.3,48.2%,LAR,los_angeles_rams,2020,6,103.45,Levi's Stadium,Outdoor,Grass,13.0,2014.0,Santa Clara,CA,37.403,-121.9692,Los Angeles Rams
209,Andy Dalton,34,54,63.0,266,4.9,1,2,3,2,4,0,0,1,13.0,13.0,1.7%,CAR,carolina_panthers,2020,6,120.38,Soldier Field,Outdoor,Grass,595.0,1924.0,Chicago,IL,41.8623,-87.6167,Carolina Panthers
212,Baker Mayfield,10,18,55.6,119,6.6,1,2,4,1,5,0,0,1,7.3,7.3,94.5%,TB,tampa_bay_buccaneers,2020,6,55.63,Raymond James Stadium,Outdoor,Grass,26.0,1998.0,Tampa,FL,27.9759,-82.5033,Tampa Bay Buccaneers
213,Joe Flacco,21,44,47.7,186,4.2,0,1,3,1,0,0,0,1,6.4,6.4,15.4%,CLE,cleveland_browns,2020,6,81.72,Acrisure Stadium,Outdoor,Grass,730.0,2001.0,Pittsburgh,PA,40.4468,-80.0158,Cleveland Browns
214,Aaron Rodgers,16,35,45.7,160,4.6,0,2,4,2,14,0,0,1,5.8,5.8,28.3%,PIT,pittsburgh_steelers,2020,6,71.78,Acrisure Stadium,Outdoor,Grass,730.0,2001.0,Pittsburgh,PA,40.4468,-80.0158,Pittsburgh Steelers
215,Drew Lock,10,24,41.7,189,7.9,0,2,2,5,-1,0,0,1,5.5,5.5,1.6%,SEA,seattle_seahawks,2020,6,81.73,,,,,,,,,,Seattle Seahawks
216,Jalen Hurts,0,0,0.0,0,0.0,0,0,0,2,23,0,0,1,2.6,2.6,98.3%,PHI,philadelphia_eagles,2020,6,4.12,M&T Bank Stadium,Outdoor,Grass,10.0,1998.0,Baltimore,MD,39.2779,-76.6227,Philadelphia Eagles
217,Case Keenum,5,10,50.0,46,4.6,0,0,0,0,0,0,0,1,1.8,1.8,0.6%,CHI,chicago_bears,2020,6,21.08,Soldier Field,Outdoor,Grass,595.0,1924.0,Chicago,IL,41.8623,-87.6167,Chicago Bears
218,Tua Tagovailoa,2,2,100.0,9,4.5,0,0,0,0,0,0,0,1,0.4,0.4,48.2%,MIA,miami_dolphins,2020,6,4.98,Hard Rock Stadium,Outdoor,Grass,7.0,1987.0,Miami Gardens,FL,25.958,-80.238,Miami Dolphins
221,Tim Boyle,0,0,0.0,0,0.0,0,0,1,0,0,0,0,1,0.0,0.0,0.0%,TEN,tennessee_titans,2020,6,0.0,Nissan Stadium,Outdoor,Grass,476.0,1999.0,Nashville,TN,36.1665,-86.7713,Tennessee Titans
232,Deshaun Watson,29,39,74.4,309,7.9,2,0,3,7,38,0,0,1,24.2,24.2,7.5%,CLE,cleveland_browns,2020,7,149.42,FirstEnergy Stadium,Outdoor,Grass,577.0,1999.0,Cleveland,OH,41.5061,-81.6995,Cleveland Browns
225,Kyler Murray,34,48,70.8,360,7.5,3,1,0,14,67,1,0,1,38.1,38.1,89.7%,ARI,arizona_cardinals,2020,7,183.27,State Farm Stadium,Indoor,Turf,1070.0,2006.0,Glendale,AZ,33.5275,-112.2625,Arizona Cardinals
246,Patrick Mahomes Ii,15,23,65.2,200,8.7,1,0,3,0,0,0,0,1,12.0,12.0,96.3%,KC,kansas_city_chiefs,2020,7,91.94,GEHA Field at Arrowhead Stadium,Outdoor,Grass,1020.0,1972.0,Kansas City,MO,39.049,-94.4839,Kansas City Chiefs
247,Jimmy Garoppolo,20,25,80.0,277,11.1,0,2,1,1,4,0,0,1,9.5,9.5,2.4%,LAR,los_angeles_rams,2020,7,121.87,SoFi Stadium,Outdoor,Turf,100.0,2020.0,Inglewood,CA,33.9535,-118.3392,Los Angeles Rams
250,Andy Dalton,9,19,47.4,75,3.9,0,1,3,3,16,0,0,1,3.6,3.6,1.7%,CAR,carolina_panthers,2020,7,35.7,Caesars Superdome,Indoor,Turf,3.0,1975.0,New Orleans,LA,29.9509,-90.0815,Carolina Panthers
251,Sam Darnold,12,23,52.2,120,5.2,0,2,6,0,0,0,0,1,2.8,2.8,36.3%,SEA,seattle_seahawks,2020,7,52.0,State Farm Stadium,Indoor,Turf,1070.0,2006.0,Glendale,AZ,33.5275,-112.2625,Seattle Seahawks
243,Josh Allen,30,43,69.8,307,7.1,0,0,2,11,61,0,1,1,16.4,16.4,99.2%,BUF,buffalo_bills,2020,7,144.7,Highmark Stadium,Outdoor,Grass,600.0,1973.0,Orchard Park,NY,42.7738,-78.7868,Buffalo Bills
253,Jarrett Stidham,6,10,60.0,64,6.4,0,1,1,2,3,0,0,1,1.9,1.9,1.6%,DEN,denver_broncos,2020,7,29.01,GEHA Field at Arrowhead Stadium,Outdoor,Grass,1020.0,1972.0,Kansas City,MO,39.049,-94.4839,Denver Broncos
242,Jared Goff,23,33,69.7,220,6.7,2,0,1,4,1,0,0,1,16.9,16.9,83.0%,DET,detroit_lions,2020,7,104.17,Ford Field,Indoor,Turf,600.0,2002.0,Detroit,MI,42.34,-83.0456,Detroit Lions
255,Jalen Hurts,0,0,0.0,0,0.0,0,0,0,2,2,0,0,1,0.2,0.2,98.3%,PHI,philadelphia_eagles,2020,7,0.34,Lincoln Financial Field,Outdoor,Grass,30.0,2003.0,Philadelphia,PA,39.9008,-75.1675,Philadelphia Eagles
256,Brett Rypien,0,0,0.0,0,0.0,0,0,0,0,0,0,0,1,0.0,0.0,0.1%,MIN,minnesota_vikings,2020,7,0.0,,,,,,,,,,Minnesota Vikings
257,Easton Stick,1,1,100.0,4,4.0,0,0,0,1,-2,0,0,1,0.0,0.0,0.0%,ATL,atlanta_falcons,2020,7,2.3,Ford Field,Indoor,Turf,600.0,2002.0,Detroit,MI,42.34,-83.0456,Atlanta Falcons
241,Kyle Allen,15,25,60.0,194,7.8,2,0,2,4,11,0,0,1,16.9,16.9,1.1%,DET,detroit_lions,2020,7,94.19,Ford Field,Indoor,Turf,600.0,2002.0,Detroit,MI,42.34,-83.0456,Detroit Lions
259,Tim Boyle,0,0,0.0,0,0.0,0,0,0,2,-1,0,0,1,-0.1,-0.1,0.0%,TEN,tennessee_titans,2020,7,-0.17,Acrisure Stadium,Outdoor,Grass,730.0,2001.0,Pittsburgh,PA,40.4468,-80.0158,Tennessee Titans
245,Drew Lock,24,40,60.0,254,6.4,0,2,3,3,8,1,0,1,15.0,15.0,1.6%,SEA,seattle_seahawks,2020,7,116.58,State Farm Stadium,Indoor,Turf,1070.0,2006.0,Glendale,AZ,33.5275,-112.2625,Seattle Seahawks
238,Matthew Stafford,25,36,69.4,340,9.4,1,0,2,1,8,0,0,1,18.4,18.4,48.2%,LAR,los_angeles_rams,2020,7,154.36,SoFi Stadium,Outdoor,Turf,100.0,2020.0,Inglewood,CA,33.9535,-118.3392,Los Angeles Rams
237,Gardner Minshew Ii,14,27,51.9,173,6.4,2,0,5,4,21,0,0,1,19.0,19.0,3.1%,KC,kansas_city_chiefs,2020,7,87.88,GEHA Field at Arrowhead Stadium,Outdoor,Grass,1020.0,1972.0,Kansas City,MO,39.049,-94.4839,Kansas City Chiefs
234,Daniel Jones,20,30,66.7,187,6.2,2,1,3,4,92,0,1,1,21.7,21.7,20.7%,IND,indianapolis_colts,2020,7,102.83,,,,,,,,,,Indianapolis Colts
224,Justin Herbert,27,43,62.8,347,8.1,3,0,1,9,66,1,0,1,38.5,38.5,87.6%,LAC,los_angeles_chargers,2020,7,177.77,SoFi Stadium,Outdoor,Turf,100.0,2020.0,Inglewood,CA,33.9535,-118.3392,Los Angeles Chargers
231,Aaron Rodgers,23,34,67.6,283,8.3,4,0,0,0,0,0,0,1,27.3,27.3,28.3%,PIT,pittsburgh_steelers,2020,7,137.47,Acrisure Stadium,Outdoor,Grass,730.0,2001.0,Pittsburgh,PA,40.4468,-80.0158,Pittsburgh Steelers
229,Baker Mayfield,22,28,78.6,297,10.6,5,1,0,1,-1,0,0,1,30.8,30.8,94.5%,TB,tampa_bay_buccaneers,2020,7,145.98,Raymond James Stadium,Outdoor,Grass,26.0,1998.0,Tampa,FL,27.9759,-82.5033,Tampa Bay Buccaneers
228,Russell Wilson,33,50,66.0,388,7.8,3,3,2,6,84,0,0,1,32.9,32.9,23.4%,NYG,new_york_giants,2020,7,192.09,Lincoln Financial Field,Outdoor,Grass,30.0,2003.0,Philadelphia,PA,39.9008,-75.1675,New York Giants
227,Joe Burrow,35,47,74.5,406,8.6,3,1,4,6,34,1,1,1,34.6,34.6,98.2%,CIN,cincinnati_bengals,2020,7,196.14,FirstEnergy Stadium,Outdoor,Grass,577.0,1999.0,Cleveland,OH,41.5061,-81.6995,Cincinnati Bengals
264,Aaron Rodgers,27,41,65.9,291,7.1,3,0,1,2,9,0,1,1,22.5,22.5,28.3%,PIT,pittsburgh_steelers,2020,8,137.97,Acrisure Stadium,Outdoor,Grass,730.0,2001.0,Pittsburgh,PA,40.4468,-80.0158,Pittsburgh Steelers
288,Jimmy Garoppolo,11,16,68.8,84,5.3,0,1,3,4,4,0,0,1,2.8,2.8,2.4%,LAR,los_angeles_rams,2020,8,38.02,Hard Rock Stadium,Outdoor,Grass,7.0,1987.0,Miami Gardens,FL,25.958,-80.238,Los Angeles Rams
286,Tua Tagovailoa,12,22,54.5,93,4.2,1,0,1,2,0,0,1,1,5.7,5.7,48.2%,MIA,miami_dolphins,2020,8,43.43,Hard Rock Stadium,Outdoor,Grass,7.0,1987.0,Miami Gardens,FL,25.958,-80.238,Miami Dolphins
285,Sam Darnold,18,30,60.0,133,4.4,0,0,1,4,21,0,0,1,7.4,7.4,36.3%,SEA,seattle_seahawks,2020,8,63.16,Lumen Field,Outdoor,Turf,20.0,2002.0,Seattle,WA,47.5952,-122.3316,Seattle Seahawks
284,Baker Mayfield,12,25,48.0,122,4.9,0,0,0,6,29,0,0,1,7.8,7.8,94.5%,TB,tampa_bay_buccaneers,2020,8,59.34,Raymond James Stadium,Outdoor,Grass,26.0,1998.0,Tampa,FL,27.9759,-82.5033,Tampa Bay Buccaneers
283,Kirk Cousins,11,14,78.6,160,11.4,1,0,1,0,0,0,0,1,10.4,10.4,16.0%,ATL,atlanta_falcons,2020,8,74.96,Mercedes-Benz Stadium,Indoor,Turf,1050.0,2017.0,Atlanta,GA,33.755,-84.4008,Atlanta Falcons
281,Jared Goff,35,61,57.4,355,5.8,1,2,2,0,0,0,2,1,12.2,12.2,83.0%,DET,detroit_lions,2020,8,155.1,Lucas Oil Stadium,Indoor,Turf,700.0,2008.0,Indianapolis,IN,39.7601,-86.1639,Detroit Lions
278,Josh Allen,11,18,61.1,154,8.6,0,1,1,10,23,1,0,1,13.5,13.5,99.2%,BUF,buffalo_bills,2020,8,76.27,Highmark Stadium,Outdoor,Grass,600.0,1973.0,Orchard Park,NY,42.7738,-78.7868,Buffalo Bills
276,Lamar Jackson,13,28,46.4,208,7.4,2,2,4,16,65,0,2,1,16.8,16.8,98.8%,BAL,baltimore_ravens,2020,8,104.44,Acrisure Stadium,Outdoor,Grass,730.0,2001.0,Pittsburgh,PA,40.4468,-80.0158,Baltimore Ravens
275,Nick Mullens,18,25,72.0,238,9.5,2,0,0,0,0,0,0,1,17.5,17.5,1.1%,JAC,jacksonville_jaguars,2020,8,111.75,,,,,,,,,,Jacksonville Jaguars
273,Daniel Jones,25,41,61.0,256,6.2,2,2,3,3,20,0,0,1,18.2,18.2,20.7%,IND,indianapolis_colts,2020,8,121.28,Lucas Oil Stadium,Indoor,Turf,700.0,2008.0,Indianapolis,IN,39.7601,-86.1639,Indianapolis Colts
260,Patrick Mahomes Ii,31,42,73.8,416,9.9,5,0,0,0,0,0,0,1,36.6,36.6,96.3%,KC,kansas_city_chiefs,2020,8,198.6,GEHA Field at Arrowhead Stadium,Outdoor,Grass,1020.0,1972.0,Kansas City,MO,39.049,-94.4839,Kansas City Chiefs
291,Mitchell Trubisky,0,0,0.0,0,0.0,0,0,0,1,3,0,0,1,0.3,0.3,1.3%,BUF,buffalo_bills,2020,8,0.51,Highmark Stadium,Outdoor,Grass,600.0,1973.0,Orchard Park,NY,42.7738,-78.7868,Buffalo Bills
290,Jalen Hurts,1,1,100.0,9,9.0,0,0,0,0,0,0,0,1,0.4,0.4,98.3%,PHI,philadelphia_eagles,2020,8,5.78,Lincoln Financial Field,Outdoor,Grass,30.0,2003.0,Philadelphia,PA,39.9008,-75.1675,Philadelphia Eagles
261,Russell Wilson,27,37,73.0,261,7.1,4,0,2,6,23,0,0,1,28.7,28.7,23.4%,NYG,new_york_giants,2020,8,132.11,Raymond James Stadium,Outdoor,Grass,26.0,1998.0,Tampa,FL,27.9759,-82.5033,New York Giants
262,Matthew Stafford,24,42,57.1,336,8.0,3,1,5,1,10,0,1,1,23.4,23.4,48.2%,LAR,los_angeles_rams,2020,8,156.48,Hard Rock Stadium,Outdoor,Grass,7.0,1987.0,Miami Gardens,FL,25.958,-80.238,Los Angeles Rams
263,Justin Herbert,29,43,67.4,278,6.5,3,2,2,3,21,0,0,1,23.2,23.2,87.6%,LAC,los_angeles_chargers,2020,8,134.44,Empower Field at Mile High,Outdoor,Turf,5280.0,2001.0,Denver,CO,39.7439,-105.0201,Los Angeles Chargers
270,Joe Burrow,26,37,70.3,249,6.7,2,0,0,3,9,0,0,1,18.9,18.9,98.2%,CIN,cincinnati_bengals,2020,8,118.27,Paycor Stadium,Outdoor,Turf,482.0,2000.0,Cincinnati,OH,39.0954,-84.516,Cincinnati Bengals
266,Drew Lock,26,41,63.4,248,6.0,3,1,2,2,-1,0,0,1,20.8,20.8,1.6%,SEA,seattle_seahawks,2020,8,118.26,Lumen Field,Outdoor,Turf,20.0,2002.0,Seattle,WA,47.5952,-122.3316,Seattle Seahawks
302,Deshaun Watson,19,32,59.4,281,8.8,2,0,2,10,50,0,0,1,24.2,24.2,7.5%,CLE,cleveland_browns,2020,9,138.6,,,,,,,,,,Cleveland Browns
303,Russell Wilson,28,41,68.3,390,9.5,2,2,5,2,5,1,2,1,24.1,24.1,23.4%,NYG,new_york_giants,2020,9,178.47,MetLife Stadium,Outdoor,Turf,3.0,2010.0,East Rutherford,NJ,40.8136,-74.0744,New York Giants
294,Kyler Murray,21,26,80.8,283,10.9,3,0,1,11,106,1,1,1,37.9,37.9,89.7%,ARI,arizona_cardinals,2020,9,155.61,Hard Rock Stadium,Outdoor,Grass,7.0,1987.0,Miami Gardens,FL,25.958,-80.238,Arizona Cardinals
305,Justin Herbert,28,42,66.7,326,7.8,2,0,2,5,24,0,0,1,23.4,23.4,87.6%,LAC,los_angeles_chargers,2020,9,154.14,Allegiant Stadium,Indoor,Turf,2001.0,2020.0,Las Vegas,NV,36.0908,-115.183,Los Angeles Chargers
309,Joe Flacco,18,25,72.0,262,10.5,3,1,1,0,0,0,0,1,21.5,21.5,15.4%,CLE,cleveland_browns,2020,9,124.55,,,,,,,,,,Cleveland Browns
298,Aaron Rodgers,25,31,80.6,305,9.8,4,0,1,1,7,0,0,1,28.9,28.9,28.3%,PIT,pittsburgh_steelers,2020,9,148.59,Acrisure Stadium,Outdoor,Grass,730.0,2001.0,Pittsburgh,PA,40.4468,-80.0158,Pittsburgh Steelers
297,Drew Lock,25,48,52.1,313,6.5,2,1,1,7,47,1,0,1,30.2,30.2,1.6%,SEA,seattle_seahawks,2020,9,155.54,Highmark Stadium,Outdoor,Grass,600.0,1973.0,Orchard Park,NY,42.7738,-78.7868,Seattle Seahawks
296,Patrick Mahomes Ii,30,45,66.7,372,8.3,4,0,2,1,6,0,0,1,31.5,31.5,96.3%,KC,kansas_city_chiefs,2020,9,177.31,GEHA Field at Arrowhead Stadium,Outdoor,Grass,1020.0,1972.0,Kansas City,MO,39.049,-94.4839,Kansas City Chiefs
295,Josh Allen,31,38,81.6,415,10.9,3,0,7,7,14,1,0,1,36.0,36.0,99.2%,BUF,buffalo_bills,2020,9,198.98,Highmark Stadium,Outdoor,Grass,600.0,1973.0,Orchard Park,NY,42.7738,-78.7868,Buffalo Bills
310,Tua Tagovailoa,20,28,71.4,248,8.9,2,0,3,7,35,0,0,1,21.4,21.4,48.2%,MIA,miami_dolphins,2020,9,122.06,Hard Rock Stadium,Outdoor,Grass,7.0,1987.0,Miami Gardens,FL,25.958,-80.238,Miami Dolphins
311,Kirk Cousins,13,20,65.0,220,11.0,3,0,1,0,0,0,0,1,20.8,20.8,16.0%,ATL,atlanta_falcons,2020,9,106.96,Mercedes-Benz Stadium,Indoor,Turf,1050.0,2017.0,Atlanta,GA,33.755,-84.4008,Atlanta Falcons
312,Lamar Jackson,19,23,82.6,170,7.4,0,0,2,13,58,1,0,1,18.6,18.6,98.8%,BAL,baltimore_ravens,2020,9,90.4,M&T Bank Stadium,Outdoor,Grass,10.0,1998.0,Baltimore,MD,39.2779,-76.6227,Baltimore Ravens
317,Daniel Jones,23,34,67.6,212,6.2,1,0,5,6,4,0,0,1,12.9,12.9,20.7%,IND,indianapolis_colts,2020,9,98.07,M&T Bank Stadium,Outdoor,Grass,10.0,1998.0,Baltimore,MD,39.2779,-76.6227,Indianapolis Colts
318,Nick Mullens,22,35,62.9,291,8.3,1,1,1,1,0,0,1,1,12.6,12.6,1.1%,JAC,jacksonville_jaguars,2020,9,129.18,NRG Stadium,Indoor,Turf,50.0,2002.0,Houston,TX,29.6847,-95.4107,Jacksonville Jaguars
319,Matthew Stafford,23,32,71.9,211,6.6,1,2,2,0,0,0,0,1,10.4,10.4,48.2%,LAR,los_angeles_rams,2020,9,95.4,,,,,,,,,,Los Angeles Rams
323,Kyle Allen,5,7,71.4,62,8.9,0,0,0,0,0,0,0,1,2.5,2.5,1.1%,DET,detroit_lions,2020,9,28.83,U.S. Bank Stadium,Indoor,Turf,840.0,2016.0,Minneapolis,MN,44.974,-93.2581,Detroit Lions
325,Jameis Winston,1,1,100.0,12,12.0,0,0,0,3,-3,0,0,1,0.2,0.2,8.9%,NYG,new_york_giants,2020,9,7.14,MetLife Stadium,Outdoor,Turf,3.0,2010.0,East Rutherford,NJ,40.8136,-74.0744,New York Giants
326,Mason Rudolph,2,3,66.7,3,1.0,0,0,0,0,0,0,0,1,0.1,0.1,5.9%,PIT,pittsburgh_steelers,2020,9,1.67,Acrisure Stadium,Outdoor,Grass,730.0,2001.0,Pittsburgh,PA,40.4468,-80.0158,Pittsburgh Steelers
327,Tyrod Taylor,0,0,0.0,0,0.0,0,0,0,0,0,0,0,1,0.0,0.0,2.4%,NYJ,new_york_jets,2020,9,0.0,Gillette Stadium,Outdoor,Turf,289.0,2002.0,Foxborough,MA,42.0909,-71.2643,New York Jets
328,Jacoby Brissett,0,1,0.0,0,0.0,0,0,0,0,0,0,0,1,0.0,0.0,3.2%,ARI,arizona_cardinals,2020,9,0.0,Hard Rock Stadium,Outdoor,Grass,7.0,1987.0,Miami Gardens,FL,25.958,-80.238,Arizona Cardinals
330,Tim Boyle,0,0,0.0,0,0.0,0,0,0,1,-1,0,0,1,-0.1,-0.1,0.0%,TEN,tennessee_titans,2020,9,-0.17,Nissan Stadium,Outdoor,Grass,476.0,1999.0,Nashville,TN,36.1665,-86.7713,Tennessee Titans
339,Justin Herbert,20,32,62.5,187,5.8,2,1,2,4,10,1,0,1,21.5,21.5,87.6%,LAC,los_angeles_chargers,2020,10,94.71,Hard Rock Stadium,Outdoor,Grass,7.0,1987.0,Miami Gardens,FL,25.958,-80.238,Los Angeles Chargers
352,Jared Goff,27,37,73.0,302,8.2,0,0,3,5,4,0,1,1,10.5,10.5,83.0%,DET,detroit_lions,2020,10,132.79,Ford Field,Indoor,Turf,600.0,2002.0,Detroit,MI,42.34,-83.0456,Detroit Lions
350,Drew Lock,23,47,48.9,257,5.5,1,4,2,2,7,0,0,1,11.0,11.0,1.6%,SEA,seattle_seahawks,2020,10,114.5,SoFi Stadium,Outdoor,Turf,100.0,2020.0,Inglewood,CA,33.9535,-118.3392,Seattle Seahawks
357,Jacoby Brissett,0,0,0.0,0,0.0,0,0,0,1,2,1,0,1,6.2,6.2,3.2%,ARI,arizona_cardinals,2020,10,4.74,State Farm Stadium,Indoor,Turf,1070.0,2006.0,Glendale,AZ,33.5275,-112.2625,Arizona Cardinals
336,Matthew Stafford,24,33,72.7,276,8.4,3,0,1,0,0,0,0,1,23.0,23.0,48.2%,LAR,los_angeles_rams,2020,10,131.48,SoFi Stadium,Outdoor,Turf,100.0,2020.0,Inglewood,CA,33.9535,-118.3392,Los Angeles Rams
349,Russell Wilson,22,37,59.5,248,6.7,0,2,6,8,60,0,1,1,11.9,11.9,23.4%,NYG,new_york_giants,2020,10,116.77,MetLife Stadium,Outdoor,Turf,3.0,2010.0,East Rutherford,NJ,40.8136,-74.0744,New York Giants
348,Nick Mullens,24,38,63.2,247,6.5,1,2,2,1,3,0,0,1,12.2,12.2,1.1%,JAC,jacksonville_jaguars,2020,10,111.44,Lambeau Field,Outdoor,Grass,640.0,1957.0,Green Bay,WI,44.5013,-88.0622,Jacksonville Jaguars
358,Baker Mayfield,12,20,60.0,132,6.6,0,0,1,3,1,0,0,1,5.4,5.4,94.5%,TB,tampa_bay_buccaneers,2020,10,59.2,Raymond James Stadium,Outdoor,Grass,26.0,1998.0,Tampa,FL,27.9759,-82.5033,Tampa Bay Buccaneers
360,Jameis Winston,6,10,60.0,63,6.3,0,0,2,4,-2,0,0,1,2.3,2.3,8.9%,NYG,new_york_giants,2020,10,28.47,MetLife Stadium,Outdoor,Turf,3.0,2010.0,East Rutherford,NJ,40.8136,-74.0744,New York Giants
347,Joe Burrow,21,40,52.5,213,5.3,1,0,4,0,0,0,0,1,12.5,12.5,98.2%,CIN,cincinnati_bengals,2020,10,97.41,Acrisure Stadium,Outdoor,Grass,730.0,2001.0,Pittsburgh,PA,40.4468,-80.0158,Cincinnati Bengals
346,Deshaun Watson,20,30,66.7,163,5.4,1,0,2,8,36,0,0,1,14.1,14.1,7.5%,CLE,cleveland_browns,2020,10,82.05,FirstEnergy Stadium,Outdoor,Grass,577.0,1999.0,Cleveland,OH,41.5061,-81.6995,Cleveland Browns
364,Mason Rudolph,0,0,0.0,0,0.0,0,0,0,0,0,0,0,1,0.0,0.0,5.9%,PIT,pittsburgh_steelers,2020,10,0.0,Acrisure Stadium,Outdoor,Grass,730.0,2001.0,Pittsburgh,PA,40.4468,-80.0158,Pittsburgh Steelers
365,Logan Woodside,0,0,0.0,0,0.0,0,0,0,0,0,0,0,1,0.0,0.0,0.0%,CIN,cincinnati_bengals,2020,10,0.0,Acrisure Stadium,Outdoor,Grass,730.0,2001.0,Pittsburgh,PA,40.4468,-80.0158,Cincinnati Bengals
345,Tua Tagovailoa,15,25,60.0,169,6.8,2,0,0,6,-1,0,0,1,14.7,14.7,48.2%,MIA,miami_dolphins,2020,10,81.25,Hard Rock Stadium,Outdoor,Grass,7.0,1987.0,Miami Gardens,FL,25.958,-80.238,Miami Dolphins
367,Jalen Hurts,0,0,0.0,0,0.0,0,0,0,2,-1,0,0,1,-0.1,-0.1,98.3%,PHI,philadelphia_eagles,2020,10,-0.17,MetLife Stadium,Outdoor,Turf,3.0,2010.0,East Rutherford,NJ,40.8136,-74.0744,Philadelphia Eagles
337,Lamar Jackson,24,34,70.6,249,7.3,2,1,2,11,55,0,0,1,22.5,22.5,98.8%,BAL,baltimore_ravens,2020,10,125.21,Gillette Stadium,Outdoor,Turf,289.0,2002.0,Foxborough,MA,42.0909,-71.2643,Baltimore Ravens
341,Kirk Cousins,25,36,69.4,292,8.1,2,1,1,1,-1,0,0,1,18.6,18.6,16.0%,ATL,atlanta_falcons,2020,10,134.34,,,,,,,,,,Atlanta Falcons
338,Daniel Jones,21,28,75.0,244,8.7,0,0,3,9,64,1,0,1,22.2,22.2,20.7%,IND,indianapolis_colts,2020,10,123.58,Lucas Oil Stadium,Indoor,Turf,700.0,2008.0,Indianapolis,IN,39.7601,-86.1639,Indianapolis Colts
332,Kyler Murray,22,32,68.8,245,7.7,1,1,3,11,61,2,0,1,30.9,30.9,89.7%,ARI,arizona_cardinals,2020,10,130.07,State Farm Stadium,Indoor,Turf,1070.0,2006.0,Glendale,AZ,33.5275,-112.2625,Arizona Cardinals
334,Josh Allen,32,49,65.3,284,5.8,2,2,0,7,38,0,0,1,28.4,28.4,99.2%,BUF,buffalo_bills,2020,10,142.04,State Farm Stadium,Indoor,Turf,1070.0,2006.0,Glendale,AZ,33.5275,-112.2625,Buffalo Bills
335,Aaron Rodgers,24,34,70.6,325,9.6,2,1,1,3,4,1,0,1,26.4,26.4,28.3%,PIT,pittsburgh_steelers,2020,10,153.9,Acrisure Stadium,Outdoor,Grass,730.0,2001.0,Pittsburgh,PA,40.4468,-80.0158,Pittsburgh Steelers
400,Mike White,0,0,0.0,0,0.0,0,0,0,0,0,0,0,1,0.0,0.0,1.1%,BUF,buffalo_bills,2020,11,0.0,,,,,,,,,,Buffalo Bills
398,Jalen Hurts,0,0,0.0,0,0.0,0,0,0,1,6,0,0,1,0.6,0.6,98.3%,PHI,philadelphia_eagles,2020,11,1.02,FirstEnergy Stadium,Outdoor,Grass,577.0,1999.0,Cleveland,OH,41.5061,-81.6995,Philadelphia Eagles
371,Kirk Cousins,22,30,73.3,314,10.5,3,0,2,1,4,0,1,1,23.0,23.0,16.0%,ATL,atlanta_falcons,2020,11,147.2,Caesars Superdome,Indoor,Turf,3.0,1975.0,New Orleans,LA,29.9509,-90.0815,Atlanta Falcons
397,Jacoby Brissett,0,0,0.0,0,0.0,0,0,0,2,9,0,0,1,0.9,0.9,3.2%,ARI,arizona_cardinals,2020,11,1.53,Lumen Field,Outdoor,Turf,20.0,2002.0,Seattle,WA,47.5952,-122.3316,Arizona Cardinals
370,Jared Goff,39,51,76.5,376,7.4,3,2,0,1,0,0,0,1,25.0,25.0,83.0%,DET,detroit_lions,2020,11,173.98,Bank of America Stadium,Outdoor,Grass,748.0,1996.0,Charlotte,NC,35.2258,-80.8528,Detroit Lions
399,Logan Woodside,1,1,100.0,7,7.0,0,0,0,0,0,0,0,1,0.3,0.3,0.0%,CIN,cincinnati_bengals,2020,11,4.51,FedExField,Outdoor,Grass,300.0,1997.0,Landover,MD,38.9078,-76.8645,Cincinnati Bengals
393,Baker Mayfield,12,22,54.5,204,9.3,0,0,3,6,9,0,1,1,7.1,7.1,94.5%,TB,tampa_bay_buccaneers,2020,11,90.43,SoFi Stadium,Outdoor,Turf,100.0,2020.0,Inglewood,CA,33.9535,-118.3392,Tampa Bay Buccaneers
391,Tua Tagovailoa,11,20,55.0,83,4.2,1,0,6,0,0,0,0,1,7.3,7.3,48.2%,MIA,miami_dolphins,2020,11,40.55,Empower Field at Mile High,Outdoor,Turf,5280.0,2001.0,Denver,CO,39.7439,-105.0201,Miami Dolphins
369,Justin Herbert,37,49,75.5,366,7.5,3,0,3,2,11,0,0,1,27.7,27.7,87.6%,LAC,los_angeles_chargers,2020,11,172.99,SoFi Stadium,Outdoor,Turf,100.0,2020.0,Inglewood,CA,33.9535,-118.3392,Los Angeles Chargers
390,Matthew Stafford,18,33,54.5,178,5.4,0,0,5,4,5,0,0,1,7.6,7.6,48.2%,LAR,los_angeles_rams,2020,11,79.9,SoFi Stadium,Outdoor,Turf,100.0,2020.0,Inglewood,CA,33.9535,-118.3392,Los Angeles Rams
388,Joe Burrow,22,34,64.7,203,6.0,1,0,0,2,12,0,1,1,11.3,11.3,98.2%,CIN,cincinnati_bengals,2020,11,93.91,FedExField,Outdoor,Grass,300.0,1997.0,Landover,MD,38.9078,-76.8645,Cincinnati Bengals
402,Mason Rudolph,0,0,0.0,0,0.0,0,0,0,3,-4,0,0,1,-0.4,-0.4,5.9%,PIT,pittsburgh_steelers,2020,11,-0.68,Acrisure Stadium,Outdoor,Grass,730.0,2001.0,Pittsburgh,PA,40.4468,-80.0158,Pittsburgh Steelers
368,Deshaun Watson,28,37,75.7,344,9.3,2,0,0,6,36,1,0,1,31.4,31.4,7.5%,CLE,cleveland_browns,2020,11,168.64,FirstEnergy Stadium,Outdoor,Grass,577.0,1999.0,Cleveland,OH,41.5061,-81.6995,Cleveland Browns
386,Drew Lock,18,30,60.0,270,9.0,0,1,0,2,23,0,0,1,12.1,12.1,1.6%,SEA,seattle_seahawks,2020,11,122.27,Lumen Field,Outdoor,Turf,20.0,2002.0,Seattle,WA,47.5952,-122.3316,Seattle Seahawks
384,Joe Flacco,15,30,50.0,205,6.8,2,1,1,1,2,0,0,1,15.4,15.4,15.4%,CLE,cleveland_browns,2020,11,96.34,FirstEnergy Stadium,Outdoor,Grass,577.0,1999.0,Cleveland,OH,41.5061,-81.6995,Cleveland Browns
382,Lamar Jackson,17,29,58.6,186,6.4,1,1,1,13,51,0,0,1,17.5,17.5,98.8%,BAL,baltimore_ravens,2020,11,94.93,Nissan Stadium,Outdoor,Grass,476.0,1999.0,Nashville,TN,36.1665,-86.7713,Baltimore Ravens
375,Patrick Mahomes Ii,34,45,75.6,348,7.7,2,1,0,4,16,0,0,1,22.5,22.5,96.3%,KC,kansas_city_chiefs,2020,11,161.99,GEHA Field at Arrowhead Stadium,Outdoor,Grass,1020.0,1972.0,Kansas City,MO,39.049,-94.4839,Kansas City Chiefs
377,Kyler Murray,29,42,69.0,269,6.4,2,0,3,5,15,0,0,1,20.3,20.3,89.7%,ARI,arizona_cardinals,2020,11,128.09,Lumen Field,Outdoor,Turf,20.0,2002.0,Seattle,WA,47.5952,-122.3316,Arizona Cardinals
379,Andy Dalton,22,32,68.8,203,6.3,3,1,1,3,5,0,0,1,19.3,19.3,1.7%,CAR,carolina_panthers,2020,11,99.47,Bank of America Stadium,Outdoor,Grass,748.0,1996.0,Charlotte,NC,35.2258,-80.8528,Carolina Panthers
373,Aaron Rodgers,27,38,71.1,311,8.2,3,1,1,3,13,0,1,1,22.7,22.7,28.3%,PIT,pittsburgh_steelers,2020,11,146.63,Acrisure Stadium,Outdoor,Grass,730.0,2001.0,Pittsburgh,PA,40.4468,-80.0158,Pittsburgh Steelers
378,Russell Wilson,23,28,82.1,197,7.0,2,0,3,10,42,0,0,1,20.1,20.1,23.4%,NYG,new_york_giants,2020,11,101.37,,,,,,,,,,New York Giants
417,Josh Allen,18,24,75.0,157,6.5,1,1,2,9,32,1,1,1,16.5,16.5,99.2%,BUF,buffalo_bills,2020,12,80.95,Highmark Stadium,Outdoor,Grass,600.0,1973.0,Orchard Park,NY,42.7738,-78.7868,Buffalo Bills
424,Daniel Jones,16,27,59.3,213,7.9,0,0,0,6,19,0,0,1,10.4,10.4,20.7%,IND,indianapolis_colts,2020,12,97.56,Nissan Stadium,Outdoor,Grass,476.0,1999.0,Nashville,TN,36.1665,-86.7713,Indianapolis Colts
440,Jameis Winston,0,0,0.0,0,0.0,0,0,0,0,0,0,0,1,0.0,0.0,8.9%,NYG,new_york_giants,2020,12,0.0,MetLife Stadium,Outdoor,Turf,3.0,2010.0,East Rutherford,NJ,40.8136,-74.0744,New York Giants
415,Justin Herbert,31,52,59.6,316,6.1,1,1,3,2,-2,0,0,1,17.4,17.4,87.6%,LAC,los_angeles_chargers,2020,12,142.9,Highmark Stadium,Outdoor,Grass,600.0,1973.0,Orchard Park,NY,42.7738,-78.7868,Los Angeles Chargers
420,Russell Wilson,22,31,71.0,230,7.4,1,0,2,6,12,0,0,1,14.4,14.4,23.4%,NYG,new_york_giants,2020,12,107.26,MetLife Stadium,Outdoor,Turf,3.0,2010.0,East Rutherford,NJ,40.8136,-74.0744,New York Giants
413,Baker Mayfield,19,29,65.5,258,8.9,2,0,2,4,1,0,0,1,18.4,18.4,94.5%,TB,tampa_bay_buccaneers,2020,12,120.46,GEHA Field at Arrowhead Stadium,Outdoor,Grass,1020.0,1972.0,Kansas City,MO,39.049,-94.4839,Tampa Bay Buccaneers
422,Andy Dalton,25,35,71.4,215,6.1,1,1,3,3,17,0,0,1,13.3,13.3,1.7%,CAR,carolina_panthers,2020,12,100.93,U.S. Bank Stadium,Indoor,Turf,840.0,2016.0,Minneapolis,MN,44.974,-93.2581,Carolina Panthers
408,Mitchell Trubisky,26,46,56.5,242,5.3,3,2,3,3,10,0,1,1,20.7,20.7,1.3%,BUF,buffalo_bills,2020,12,116.55,Highmark Stadium,Outdoor,Grass,600.0,1973.0,Orchard Park,NY,42.7738,-78.7868,Buffalo Bills
423,Jacoby Brissett,0,2,0.0,0,0.0,0,0,1,4,3,2,0,1,12.3,12.3,3.2%,ARI,arizona_cardinals,2020,12,9.31,Gillette Stadium,Outdoor,Turf,289.0,2002.0,Foxborough,MA,42.0909,-71.2643,Arizona Cardinals
406,Aaron Rodgers,21,29,72.4,211,7.3,4,0,0,2,12,0,0,1,25.6,25.6,28.3%,PIT,pittsburgh_steelers,2020,12,108.28,Acrisure Stadium,Outdoor,Grass,730.0,2001.0,Pittsburgh,PA,40.4468,-80.0158,Pittsburgh Steelers
405,Kirk Cousins,34,45,75.6,307,6.8,3,0,2,3,19,0,1,1,26.2,26.2,16.0%,ATL,atlanta_falcons,2020,12,148.6,Mercedes-Benz Stadium,Indoor,Turf,1050.0,2017.0,Atlanta,GA,33.755,-84.4008,Atlanta Falcons
416,Matthew Stafford,28,42,66.7,295,7.0,1,1,4,1,3,0,0,1,17.1,17.1,48.2%,LAR,los_angeles_rams,2020,12,134.67,Levi's Stadium,Outdoor,Grass,13.0,2014.0,Santa Clara,CA,37.403,-121.9692,Los Angeles Rams
404,Patrick Mahomes Ii,37,49,75.5,462,9.4,3,0,2,4,28,0,1,1,31.3,31.3,96.3%,KC,kansas_city_chiefs,2020,12,215.89,GEHA Field at Arrowhead Stadium,Outdoor,Grass,1020.0,1972.0,Kansas City,MO,39.049,-94.4839,Kansas City Chiefs
403,Deshaun Watson,17,25,68.0,318,12.7,4,0,2,8,24,0,0,1,33.1,33.1,7.5%,CLE,cleveland_browns,2020,12,158.21,FirstEnergy Stadium,Outdoor,Grass,577.0,1999.0,Cleveland,OH,41.5061,-81.6995,Cleveland Browns
426,Nick Mullens,24,35,68.6,252,7.2,0,1,2,0,0,0,0,1,9.1,9.1,1.1%,JAC,jacksonville_jaguars,2020,12,110.91,FirstEnergy Stadium,Outdoor,Grass,577.0,1999.0,Cleveland,OH,41.5061,-81.6995,Jacksonville Jaguars
427,Kyler Murray,23,34,67.6,170,5.0,0,1,2,5,31,0,0,1,8.9,8.9,89.7%,ARI,arizona_cardinals,2020,12,80.53,Gillette Stadium,Outdoor,Turf,289.0,2002.0,Foxborough,MA,42.0909,-71.2643,Arizona Cardinals
433,Jared Goff,19,31,61.3,198,6.4,0,2,2,5,11,0,1,1,5.0,5.0,83.0%,DET,detroit_lions,2020,12,86.68,NRG Stadium,Indoor,Turf,50.0,2002.0,Houston,TX,29.6847,-95.4107,Detroit Lions
429,Brandon Allen,17,29,58.6,136,4.7,1,1,2,4,7,0,1,1,7.1,7.1,0.1%,TEN,tennessee_titans,2020,12,62.81,Nissan Stadium,Outdoor,Grass,476.0,1999.0,Nashville,TN,36.1665,-86.7713,Tennessee Titans
442,Logan Woodside,0,0,0.0,0,0.0,0,0,0,3,-5,0,0,1,-0.5,-0.5,0.0%,CIN,cincinnati_bengals,2020,12,-0.85,MetLife Stadium,Outdoor,Turf,3.0,2010.0,East Rutherford,NJ,40.8136,-74.0744,Cincinnati Bengals
430,Sam Darnold,16,27,59.3,197,7.3,0,2,3,2,9,0,0,1,6.8,6.8,36.3%,SEA,seattle_seahawks,2020,12,87.32,Lumen Field,Outdoor,Turf,20.0,2002.0,Seattle,WA,47.5952,-122.3316,Seattle Seahawks
439,Tim Boyle,0,0,0.0,0,0.0,0,0,0,2,0,0,0,1,0.0,0.0,0.0%,TEN,tennessee_titans,2020,12,0.0,Nissan Stadium,Outdoor,Grass,476.0,1999.0,Nashville,TN,36.1665,-86.7713,Tennessee Titans
437,Jalen Hurts,1,1,100.0,6,6.0,0,0,0,0,0,0,0,1,0.2,0.2,98.3%,PHI,philadelphia_eagles,2020,12,3.84,Lumen Field,Outdoor,Turf,20.0,2002.0,Seattle,WA,47.5952,-122.3316,Philadelphia Eagles
455,Deshaun Watson,26,38,68.4,341,9.0,0,1,5,7,38,1,1,1,20.4,20.4,7.5%,CLE,cleveland_browns,2020,13,158.88,FirstEnergy Stadium,Outdoor,Grass,577.0,1999.0,Cleveland,OH,41.5061,-81.6995,Cleveland Browns
448,Lamar Jackson,12,17,70.6,107,6.3,2,1,0,13,94,1,0,1,26.7,26.7,98.8%,BAL,baltimore_ravens,2020,13,74.05,M&T Bank Stadium,Outdoor,Grass,10.0,1998.0,Baltimore,MD,39.2779,-76.6227,Baltimore Ravens
475,Jacoby Brissett,0,0,0.0,0,0.0,0,0,0,2,1,0,0,1,0.1,0.1,3.2%,ARI,arizona_cardinals,2020,13,0.17,SoFi Stadium,Outdoor,Turf,100.0,2020.0,Inglewood,CA,33.9535,-118.3392,Arizona Cardinals
472,Jarrett Stidham,2,3,66.7,61,20.3,1,0,0,2,-2,0,0,1,6.2,6.2,1.6%,DEN,denver_broncos,2020,13,33.1,GEHA Field at Arrowhead Stadium,Outdoor,Grass,1020.0,1972.0,Kansas City,MO,39.049,-94.4839,Denver Broncos
444,Josh Allen,32,40,80.0,375,9.4,4,0,1,6,11,0,1,1,30.1,30.1,99.2%,BUF,buffalo_bills,2020,13,178.35,Highmark Stadium,Outdoor,Grass,600.0,1973.0,Orchard Park,NY,42.7738,-78.7868,Buffalo Bills
446,Baker Mayfield,25,33,75.8,334,10.1,4,0,0,4,5,0,1,1,28.5,28.5,94.5%,TB,tampa_bay_buccaneers,2020,13,159.67,,,,,,,,,,Tampa Bay Buccaneers
447,Matthew Stafford,27,42,64.3,402,9.6,3,1,2,2,0,0,0,1,27.1,27.1,48.2%,LAR,los_angeles_rams,2020,13,185.19,SoFi Stadium,Outdoor,Turf,100.0,2020.0,Inglewood,CA,33.9535,-118.3392,Los Angeles Rams
471,Justin Herbert,26,53,49.1,209,3.9,0,2,3,0,0,0,0,1,6.4,6.4,87.6%,LAC,los_angeles_chargers,2020,13,91.26,Gillette Stadium,Outdoor,Turf,289.0,2002.0,Foxborough,MA,42.0909,-71.2643,Los Angeles Chargers
469,Brandon Allen,11,19,57.9,153,8.1,1,1,5,2,3,0,0,1,9.4,9.4,0.1%,TEN,tennessee_titans,2020,13,71.0,FirstEnergy Stadium,Outdoor,Grass,577.0,1999.0,Cleveland,OH,41.5061,-81.6995,Tennessee Titans
449,Jared Goff,37,47,78.7,351,7.5,1,0,1,4,1,1,0,1,24.1,24.1,83.0%,DET,detroit_lions,2020,13,163.07,Ford Field,Indoor,Turf,600.0,2002.0,Detroit,MI,42.34,-83.0456,Detroit Lions
468,Jalen Hurts,5,12,41.7,109,9.1,1,1,3,5,29,0,0,1,10.3,10.3,98.3%,PHI,philadelphia_eagles,2020,13,56.23,Lambeau Field,Outdoor,Grass,640.0,1957.0,Green Bay,WI,44.5013,-88.0622,Philadelphia Eagles
466,Drew Lock,15,28,53.6,151,5.4,2,2,0,2,9,0,0,1,12.9,12.9,1.6%,SEA,seattle_seahawks,2020,13,73.31,MetLife Stadium,Outdoor,Turf,3.0,2010.0,East Rutherford,NJ,40.8136,-74.0744,Seattle Seahawks
451,Aaron Rodgers,25,34,73.5,295,8.7,3,0,2,4,-3,0,0,1,23.5,23.5,28.3%,PIT,pittsburgh_steelers,2020,13,139.29,FedExField,Outdoor,Grass,300.0,1997.0,Landover,MD,38.9078,-76.8645,Pittsburgh Steelers
465,Mitchell Trubisky,26,34,76.5,267,7.9,1,0,2,3,6,0,1,1,13.3,13.3,1.3%,BUF,buffalo_bills,2020,13,121.09,Highmark Stadium,Outdoor,Grass,600.0,1973.0,Orchard Park,NY,42.7738,-78.7868,Buffalo Bills
462,Russell Wilson,27,43,62.8,263,6.1,1,1,5,7,45,0,1,1,16.0,16.0,23.4%,NYG,new_york_giants,2020,13,124.92,MetLife Stadium,Outdoor,Turf,3.0,2010.0,East Rutherford,NJ,40.8136,-74.0744,New York Giants
461,Tua Tagovailoa,26,39,66.7,296,7.6,1,0,0,3,3,0,0,1,16.1,16.1,48.2%,MIA,miami_dolphins,2020,13,134.39,Hard Rock Stadium,Outdoor,Grass,7.0,1987.0,Miami Gardens,FL,25.958,-80.238,Miami Dolphins
460,Kyler Murray,21,39,53.8,173,4.4,3,1,2,5,15,0,1,1,17.4,17.4,89.7%,ARI,arizona_cardinals,2020,13,86.56,SoFi Stadium,Outdoor,Turf,100.0,2020.0,Inglewood,CA,33.9535,-118.3392,Arizona Cardinals
452,Nick Mullens,26,39,66.7,316,8.1,3,2,0,0,0,0,0,1,22.6,22.6,1.1%,JAC,jacksonville_jaguars,2020,13,147.14,U.S. Bank Stadium,Indoor,Turf,840.0,2016.0,Minneapolis,MN,44.974,-93.2581,Jacksonville Jaguars
459,Andy Dalton,31,48,64.6,285,5.9,2,1,1,1,2,0,0,1,18.6,18.6,1.7%,CAR,carolina_panthers,2020,13,132.0,,,,,,,,,,Carolina Panthers
453,Kirk Cousins,28,43,65.1,305,7.1,3,1,4,3,12,0,1,1,22.4,22.4,16.0%,ATL,atlanta_falcons,2020,13,143.8,Caesars Superdome,Indoor,Turf,3.0,1975.0,New Orleans,LA,29.9509,-90.0815,Atlanta Falcons
454,Sam Darnold,14,23,60.9,186,8.1,2,1,3,3,26,1,2,1,21.0,21.0,36.3%,SEA,seattle_seahawks,2020,13,95.22,MetLife Stadium,Outdoor,Turf,3.0,2010.0,East Rutherford,NJ,40.8136,-74.0744,Seattle Seahawks
456,Patrick Mahomes Ii,25,40,62.5,318,8.0,1,0,1,4,26,0,0,1,19.3,19.3,96.3%,KC,kansas_city_chiefs,2020,13,147.71,GEHA Field at Arrowhead Stadium,Outdoor,Grass,1020.0,1972.0,Kansas City,MO,39.049,-94.4839,Kansas City Chiefs
476,Lamar Jackson,11,17,64.7,163,9.6,1,0,4,9,124,2,0,1,34.9,34.9,98.8%,BAL,baltimore_ravens,2020,14,105.75,M&T Bank Stadium,Outdoor,Grass,10.0,1998.0,Baltimore,MD,39.2779,-76.6227,Baltimore Ravens
477,Baker Mayfield,28,47,59.6,343,7.3,2,1,0,5,23,1,0,1,31.0,31.0,94.5%,TB,tampa_bay_buccaneers,2020,14,166.16,Raymond James Stadium,Outdoor,Grass,26.0,1998.0,Tampa,FL,27.9759,-82.5033,Tampa Bay Buccaneers
487,Josh Allen,24,43,55.8,238,5.5,2,1,1,6,28,0,0,1,19.3,19.3,99.2%,BUF,buffalo_bills,2020,14,115.51,Highmark Stadium,Outdoor,Grass,600.0,1973.0,Orchard Park,NY,42.7738,-78.7868,Buffalo Bills
484,Patrick Mahomes Ii,24,34,70.6,393,11.6,2,3,3,5,9,0,0,1,21.6,21.6,96.3%,KC,kansas_city_chiefs,2020,14,178.24,GEHA Field at Arrowhead Stadium,Outdoor,Grass,1020.0,1972.0,Kansas City,MO,39.049,-94.4839,Kansas City Chiefs
483,Russell Wilson,21,27,77.8,206,7.6,4,1,0,1,-1,0,0,1,23.1,23.1,23.4%,NYG,new_york_giants,2020,14,103.19,State Farm Stadium,Indoor,Turf,1070.0,2006.0,Glendale,AZ,33.5275,-112.2625,New York Giants
482,Mitchell Trubisky,24,33,72.7,267,8.1,3,0,3,4,23,0,0,1,25.0,25.0,1.3%,BUF,buffalo_bills,2020,14,131.52,Highmark Stadium,Outdoor,Grass,600.0,1973.0,Orchard Park,NY,42.7738,-78.7868,Buffalo Bills
490,Kirk Cousins,24,37,64.9,225,6.1,1,0,6,5,41,0,1,1,17.1,17.1,16.0%,ATL,atlanta_falcons,2020,14,109.89,SoFi Stadium,Outdoor,Turf,100.0,2020.0,Inglewood,CA,33.9535,-118.3392,Atlanta Falcons
491,Justin Herbert,36,44,81.8,243,5.5,2,1,1,0,0,0,0,1,16.7,16.7,87.6%,LAC,los_angeles_chargers,2020,14,114.09,SoFi Stadium,Outdoor,Turf,100.0,2020.0,Inglewood,CA,33.9535,-118.3392,Los Angeles Chargers
481,Drew Lock,21,27,77.8,280,10.4,4,0,1,6,4,0,1,1,25.6,25.6,1.6%,SEA,seattle_seahawks,2020,14,135.6,Lumen Field,Outdoor,Turf,20.0,2002.0,Seattle,WA,47.5952,-122.3316,Seattle Seahawks
492,Deshaun Watson,21,30,70.0,219,7.3,1,0,6,7,38,0,0,1,16.6,16.6,7.5%,CLE,cleveland_browns,2020,14,106.88,M&T Bank Stadium,Outdoor,Grass,10.0,1998.0,Baltimore,MD,39.2779,-76.6227,Cleveland Browns
479,Tua Tagovailoa,28,48,58.3,316,6.6,2,1,4,6,24,1,0,1,28.0,28.0,48.2%,MIA,miami_dolphins,2020,14,153.22,GEHA Field at Arrowhead Stadium,Outdoor,Grass,1020.0,1972.0,Kansas City,MO,39.049,-94.4839,Miami Dolphins
494,Jared Goff,16,25,64.0,137,5.5,1,1,1,4,11,1,0,1,15.6,15.6,83.0%,DET,detroit_lions,2020,14,69.92,Lambeau Field,Outdoor,Grass,640.0,1957.0,Green Bay,WI,44.5013,-88.0622,Detroit Lions
488,Kyler Murray,24,35,68.6,244,7.0,1,0,1,13,47,0,0,1,18.5,18.5,89.7%,ARI,arizona_cardinals,2020,14,119.35,State Farm Stadium,Indoor,Turf,1070.0,2006.0,Glendale,AZ,33.5275,-112.2625,Arizona Cardinals
486,Jalen Hurts,17,30,56.7,167,5.6,1,0,0,18,106,0,1,1,19.3,19.3,98.3%,PHI,philadelphia_eagles,2020,14,93.93,Lincoln Financial Field,Outdoor,Grass,30.0,2003.0,Philadelphia,PA,39.9008,-75.1675,Philadelphia Eagles
511,Geno Smith,4,5,80.0,33,6.6,0,0,1,2,-2,0,0,1,1.1,1.1,36.9%,LV,las_vegas_raiders,2020,14,15.49,Lucas Oil Stadium,Indoor,Turf,700.0,2008.0,Indianapolis,IN,39.7601,-86.1639,Las Vegas Raiders
498,Matthew Stafford,24,34,70.6,244,7.2,1,0,4,1,6,0,0,1,14.4,14.4,48.2%,LAR,los_angeles_rams,2020,14,112.42,SoFi Stadium,Outdoor,Turf,100.0,2020.0,Inglewood,CA,33.9535,-118.3392,Los Angeles Rams
497,Andy Dalton,16,23,69.6,185,8.0,2,0,2,1,-1,0,0,1,15.3,15.3,1.7%,CAR,carolina_panthers,2020,14,88.41,Empower Field at Mile High,Outdoor,Turf,5280.0,2001.0,Denver,CO,39.7439,-105.0201,Carolina Panthers
499,Brandon Allen,27,36,75.0,217,6.0,1,0,0,4,12,0,0,1,13.9,13.9,0.1%,TEN,tennessee_titans,2020,14,101.93,Nissan Stadium,Outdoor,Grass,476.0,1999.0,Nashville,TN,36.1665,-86.7713,Tennessee Titans
508,Jarrett Stidham,5,7,71.4,27,3.9,0,0,2,1,3,0,0,1,1.4,1.4,1.6%,DEN,denver_broncos,2020,14,13.36,Empower Field at Mile High,Outdoor,Turf,5280.0,2001.0,Denver,CO,39.7439,-105.0201,Denver Broncos
517,Jacoby Brissett,0,0,0.0,0,0.0,0,0,0,2,-2,0,0,1,-0.2,-0.2,3.2%,ARI,arizona_cardinals,2020,14,-0.34,State Farm Stadium,Indoor,Turf,1070.0,2006.0,Glendale,AZ,33.5275,-112.2625,Arizona Cardinals
500,Nick Mullens,25,45,55.6,260,5.8,1,1,4,0,0,0,1,1,13.4,13.4,1.1%,JAC,jacksonville_jaguars,2020,14,117.14,Nissan Stadium,Outdoor,Grass,476.0,1999.0,Nashville,TN,36.1665,-86.7713,Jacksonville Jaguars
501,Gardner Minshew Ii,18,31,58.1,178,5.7,1,0,0,2,22,0,0,1,13.3,13.3,3.1%,KC,kansas_city_chiefs,2020,14,85.95,GEHA Field at Arrowhead Stadium,Outdoor,Grass,1020.0,1972.0,Kansas City,MO,39.049,-94.4839,Kansas City Chiefs
503,Sam Darnold,14,26,53.8,132,5.1,0,0,3,1,3,0,0,1,5.6,5.6,36.3%,SEA,seattle_seahawks,2020,14,59.44,Lumen Field,Outdoor,Turf,20.0,2002.0,Seattle,WA,47.5952,-122.3316,Seattle Seahawks
505,Daniel Jones,11,21,52.4,127,6.0,0,0,6,0,0,0,1,1,3.1,3.1,20.7%,IND,indianapolis_colts,2020,14,55.17,Lucas Oil Stadium,Indoor,Turf,700.0,2008.0,Indianapolis,IN,39.7601,-86.1639,Indianapolis Colts
507,Logan Woodside,0,0,0.0,0,0.0,0,0,0,1,18,0,0,1,1.8,1.8,0.0%,CIN,cincinnati_bengals,2020,14,3.06,AT&T Stadium,Indoor,Turf,639.0,2009.0,Arlington,TX,32.7473,-97.0945,Cincinnati Bengals
478,Aaron Rodgers,26,33,78.8,290,8.8,3,0,0,6,13,1,0,1,30.9,30.9,28.3%,PIT,pittsburgh_steelers,2020,14,144.39,Highmark Stadium,Outdoor,Grass,600.0,1973.0,Orchard Park,NY,42.7738,-78.7868,Pittsburgh Steelers
527,Patrick Mahomes Ii,26,47,55.3,254,5.4,3,0,4,7,37,0,1,1,25.9,25.9,96.3%,KC,kansas_city_chiefs,2020,15,127.91,GEHA Field at Arrowhead Stadium,Outdoor,Grass,1020.0,1972.0,Kansas City,MO,39.049,-94.4839,Kansas City Chiefs
548,Drew Lock,20,32,62.5,132,4.1,1,0,3,5,37,0,1,1,11.0,11.0,1.6%,SEA,seattle_seahawks,2020,15,67.22,Lumen Field,Outdoor,Turf,20.0,2002.0,Seattle,WA,47.5952,-122.3316,Seattle Seahawks
519,Jalen Hurts,24,44,54.5,338,7.7,3,0,6,11,63,1,0,1,37.8,37.8,98.3%,PHI,philadelphia_eagles,2020,15,173.0,State Farm Stadium,Indoor,Turf,1070.0,2006.0,Glendale,AZ,33.5275,-112.2625,Philadelphia Eagles
520,Josh Allen,28,40,70.0,359,9.0,2,0,1,3,33,2,0,1,37.7,37.7,99.2%,BUF,buffalo_bills,2020,15,178.89,Highmark Stadium,Outdoor,Grass,600.0,1973.0,Orchard Park,NY,42.7738,-78.7868,Buffalo Bills
522,Kyler Murray,27,36,75.0,406,11.3,3,1,1,8,29,1,1,1,34.1,34.1,89.7%,ARI,arizona_cardinals,2020,15,195.03,State Farm Stadium,Indoor,Turf,1070.0,2006.0,Glendale,AZ,33.5275,-112.2625,Arizona Cardinals
523,Lamar Jackson,17,22,77.3,243,11.0,3,1,1,10,35,1,0,1,30.2,30.2,98.8%,BAL,baltimore_ravens,2020,15,126.74,M&T Bank Stadium,Outdoor,Grass,10.0,1998.0,Baltimore,MD,39.2779,-76.6227,Baltimore Ravens
524,Justin Herbert,22,32,68.8,314,9.8,2,0,1,4,14,1,0,1,28.0,28.0,87.6%,LAC,los_angeles_chargers,2020,15,151.56,SoFi Stadium,Outdoor,Turf,100.0,2020.0,Inglewood,CA,33.9535,-118.3392,Los Angeles Chargers
526,Marcus Mariota,17,28,60.7,226,8.1,1,1,0,9,88,1,0,1,26.8,26.8,3.1%,WAS,washington_commanders,2020,15,121.68,Lumen Field,Outdoor,Turf,20.0,2002.0,Seattle,WA,47.5952,-122.3316,Washington Commanders
528,Deshaun Watson,33,41,80.5,373,9.1,2,0,5,6,25,0,1,1,23.4,23.4,7.5%,CLE,cleveland_browns,2020,15,173.7,FirstEnergy Stadium,Outdoor,Grass,577.0,1999.0,Cleveland,OH,41.5061,-81.6995,Cleveland Browns
530,Baker Mayfield,27,32,84.4,297,9.3,2,0,1,4,11,0,0,1,21.0,21.0,94.5%,TB,tampa_bay_buccaneers,2020,15,139.76,Raymond James Stadium,Outdoor,Grass,26.0,1998.0,Tampa,FL,27.9759,-82.5033,Tampa Bay Buccaneers
532,Kirk Cousins,24,35,68.6,271,7.7,2,1,3,3,25,0,0,1,20.3,20.3,16.0%,ATL,atlanta_falcons,2020,15,129.55,Raymond James Stadium,Outdoor,Grass,26.0,1998.0,Tampa,FL,27.9759,-82.5033,Atlanta Falcons
533,Tua Tagovailoa,20,26,76.9,145,5.6,0,1,2,3,9,2,0,1,19.7,19.7,48.2%,MIA,miami_dolphins,2020,15,76.11,Hard Rock Stadium,Outdoor,Grass,7.0,1987.0,Miami Gardens,FL,25.958,-80.238,Miami Dolphins
535,Aaron Rodgers,20,29,69.0,143,4.9,1,0,5,5,26,1,0,1,18.3,18.3,28.3%,PIT,pittsburgh_steelers,2020,15,76.09,Paycor Stadium,Outdoor,Turf,482.0,2000.0,Cincinnati,OH,39.0954,-84.516,Pittsburgh Steelers
536,Andy Dalton,19,33,57.6,209,6.3,2,0,2,2,8,0,0,1,17.2,17.2,1.7%,CAR,carolina_panthers,2020,15,100.2,Lambeau Field,Outdoor,Grass,640.0,1957.0,Green Bay,WI,44.5013,-88.0622,Carolina Panthers
540,Jared Goff,22,34,64.7,209,6.1,2,1,3,1,9,0,0,1,16.3,16.3,83.0%,DET,detroit_lions,2020,15,99.83,Nissan Stadium,Outdoor,Grass,476.0,1999.0,Nashville,TN,36.1665,-86.7713,Detroit Lions
541,Gardner Minshew Ii,22,29,75.9,226,7.8,2,0,5,2,9,0,1,1,15.9,15.9,3.1%,KC,kansas_city_chiefs,2020,15,106.69,GEHA Field at Arrowhead Stadium,Outdoor,Grass,1020.0,1972.0,Kansas City,MO,39.049,-94.4839,Kansas City Chiefs
542,Matthew Stafford,22,32,68.8,252,7.9,1,0,0,2,12,0,0,1,15.3,15.3,48.2%,LAR,los_angeles_rams,2020,15,116.79,MetLife Stadium,Outdoor,Turf,3.0,2010.0,East Rutherford,NJ,40.8136,-74.0744,Los Angeles Rams
558,Logan Woodside,0,0,0.0,0,0.0,0,0,0,3,-3,0,0,1,-0.3,-0.3,0.0%,CIN,cincinnati_bengals,2020,15,-0.51,Paycor Stadium,Outdoor,Turf,482.0,2000.0,Cincinnati,OH,39.0954,-84.516,Cincinnati Bengals
543,Mitchell Trubisky,15,21,71.4,202,9.6,1,1,1,8,34,0,0,1,14.5,14.5,1.3%,BUF,buffalo_bills,2020,15,97.97,Highmark Stadium,Outdoor,Grass,600.0,1973.0,Orchard Park,NY,42.7738,-78.7868,Buffalo Bills
544,Sam Darnold,22,31,71.0,207,6.7,1,0,2,5,18,0,0,1,14.1,14.1,36.3%,SEA,seattle_seahawks,2020,15,98.31,Lumen Field,Outdoor,Turf,20.0,2002.0,Seattle,WA,47.5952,-122.3316,Seattle Seahawks
555,Jacoby Brissett,0,1,0.0,0,0.0,0,0,0,1,2,0,0,1,0.2,0.2,3.2%,ARI,arizona_cardinals,2020,15,0.34,State Farm Stadium,Indoor,Turf,1070.0,2006.0,Glendale,AZ,33.5275,-112.2625,Arizona Cardinals
546,Russell Wilson,18,27,66.7,121,4.5,1,1,0,6,52,0,0,1,13.0,13.0,23.4%,NYG,new_york_giants,2020,15,65.6,FirstEnergy Stadium,Outdoor,Grass,577.0,1999.0,Cleveland,OH,41.5061,-81.6995,New York Giants
545,Nick Mullens,21,36,58.3,219,6.1,2,2,2,1,7,0,1,1,13.5,13.5,1.1%,JAC,jacksonville_jaguars,2020,15,101.37,M&T Bank Stadium,Outdoor,Grass,10.0,1998.0,Baltimore,MD,39.2779,-76.6227,Jacksonville Jaguars
578,Kyler Murray,31,50,62.0,247,4.9,0,1,3,8,75,0,0,1,16.4,16.4,89.7%,ARI,arizona_cardinals,2020,16,121.76,Levi's Stadium,Outdoor,Grass,13.0,2014.0,Santa Clara,CA,37.403,-121.9692,Arizona Cardinals
572,Russell Wilson,20,32,62.5,225,7.0,1,0,5,3,9,1,0,1,19.9,19.9,23.4%,NYG,new_york_giants,2020,16,108.73,M&T Bank Stadium,Outdoor,Grass,10.0,1998.0,Baltimore,MD,39.2779,-76.6227,New York Giants
579,Drew Lock,24,47,51.1,264,5.6,0,2,2,5,15,1,0,1,16.1,16.1,1.6%,SEA,seattle_seahawks,2020,16,121.89,Lumen Field,Outdoor,Turf,20.0,2002.0,Seattle,WA,47.5952,-122.3316,Seattle Seahawks
586,Jared Goff,24,43,55.8,234,5.4,0,1,3,7,23,0,0,1,10.7,10.7,83.0%,DET,detroit_lions,2020,16,106.77,Raymond James Stadium,Outdoor,Grass,26.0,1998.0,Tampa,FL,27.9759,-82.5033,Detroit Lions
590,Tua Tagovailoa,17,22,77.3,94,4.3,1,0,3,3,11,0,0,1,8.9,8.9,48.2%,MIA,miami_dolphins,2020,16,47.79,Hard Rock Stadium,Outdoor,Grass,7.0,1987.0,Miami Gardens,FL,25.958,-80.238,Miami Dolphins
591,Baker Mayfield,28,53,52.8,285,5.4,0,0,4,3,6,0,2,1,8.0,8.0,94.5%,TB,tampa_bay_buccaneers,2020,16,123.88,Raymond James Stadium,Outdoor,Grass,26.0,1998.0,Tampa,FL,27.9759,-82.5033,Tampa Bay Buccaneers
595,Jarrett Stidham,4,11,36.4,44,4.0,0,0,1,0,0,0,0,1,1.8,1.8,1.6%,DEN,denver_broncos,2020,16,20.06,SoFi Stadium,Outdoor,Turf,100.0,2020.0,Inglewood,CA,33.9535,-118.3392,Denver Broncos
596,Matthew Stafford,2,3,66.7,17,5.7,0,0,0,0,0,0,0,1,0.7,0.7,48.2%,LAR,los_angeles_rams,2020,16,8.63,Lumen Field,Outdoor,Turf,20.0,2002.0,Seattle,WA,47.5952,-122.3316,Los Angeles Rams
598,Jacoby Brissett,0,0,0.0,0,0.0,0,0,0,1,1,0,0,1,0.1,0.1,3.2%,ARI,arizona_cardinals,2020,16,0.17,Levi's Stadium,Outdoor,Grass,13.0,2014.0,Santa Clara,CA,37.403,-121.9692,Arizona Cardinals
599,Case Keenum,0,0,0.0,0,0.0,0,0,0,0,0,0,0,1,0.0,0.0,0.6%,CHI,chicago_bears,2020,16,0.0,Soldier Field,Outdoor,Grass,595.0,1924.0,Chicago,IL,41.8623,-87.6167,Chicago Bears
601,Logan Woodside,0,2,0.0,0,0.0,0,0,0,0,0,0,0,1,0.0,0.0,0.0%,CIN,cincinnati_bengals,2020,16,0.0,Paycor Stadium,Outdoor,Turf,482.0,2000.0,Cincinnati,OH,39.0954,-84.516,Cincinnati Bengals
603,Tim Boyle,0,0,0.0,0,0.0,0,0,0,3,-3,0,0,1,-0.3,-0.3,0.0%,TEN,tennessee_titans,2020,16,-0.51,Lambeau Field,Outdoor,Grass,640.0,1957.0,Green Bay,WI,44.5013,-88.0622,Tennessee Titans
584,Taylor Heinicke,12,19,63.2,137,7.2,1,0,1,3,22,0,0,1,11.7,11.7,0.6%,LAC,los_angeles_chargers,2020,16,68.13,SoFi Stadium,Outdoor,Turf,100.0,2020.0,Inglewood,CA,33.9535,-118.3392,Los Angeles Chargers
581,Daniel Jones,24,41,58.5,252,6.1,1,0,6,1,3,0,0,1,14.4,14.4,20.7%,IND,indianapolis_colts,2020,16,115.1,Acrisure Stadium,Outdoor,Grass,730.0,2001.0,Pittsburgh,PA,40.4468,-80.0158,Indianapolis Colts
565,Mitchell Trubisky,24,35,68.6,265,7.6,2,1,1,2,10,1,0,1,24.6,24.6,1.3%,BUF,buffalo_bills,2020,16,128.84,Highmark Stadium,Outdoor,Grass,600.0,1973.0,Orchard Park,NY,42.7738,-78.7868,Buffalo Bills
576,Sam Darnold,16,32,50.0,175,5.5,2,0,2,7,20,0,0,1,17.0,17.0,36.3%,SEA,seattle_seahawks,2020,16,87.2,Lumen Field,Outdoor,Turf,20.0,2002.0,Seattle,WA,47.5952,-122.3316,Seattle Seahawks
577,Justin Herbert,21,33,63.6,253,7.7,1,0,2,4,26,0,0,1,16.7,16.7,87.6%,LAC,los_angeles_chargers,2020,16,119.43,SoFi Stadium,Outdoor,Turf,100.0,2020.0,Inglewood,CA,33.9535,-118.3392,Los Angeles Chargers
568,Brandon Allen,29,37,78.4,371,10.0,2,0,0,2,3,0,0,1,23.1,23.1,0.1%,TEN,tennessee_titans,2020,16,170.37,Lambeau Field,Outdoor,Grass,640.0,1957.0,Green Bay,WI,44.5013,-88.0622,Tennessee Titans
571,Patrick Mahomes Ii,24,44,54.5,278,6.3,2,1,0,3,21,0,0,1,20.2,20.2,96.3%,KC,kansas_city_chiefs,2020,16,131.6,GEHA Field at Arrowhead Stadium,Outdoor,Grass,1020.0,1972.0,Kansas City,MO,39.049,-94.4839,Kansas City Chiefs
570,Jalen Hurts,21,39,53.8,342,8.8,1,2,3,9,69,0,1,1,20.6,20.6,98.3%,PHI,philadelphia_eagles,2020,16,161.98,AT&T Stadium,Indoor,Turf,639.0,2009.0,Arlington,TX,32.7473,-97.0945,Philadelphia Eagles
559,Josh Allen,27,36,75.0,320,8.9,4,0,0,4,35,0,0,1,32.3,32.3,99.2%,BUF,buffalo_bills,2020,16,159.79,Highmark Stadium,Outdoor,Grass,600.0,1973.0,Orchard Park,NY,42.7738,-78.7868,Buffalo Bills
561,Andy Dalton,22,30,73.3,377,12.6,3,1,2,5,15,0,0,1,27.6,27.6,1.7%,CAR,carolina_panthers,2020,16,177.14,Bank of America Stadium,Outdoor,Grass,748.0,1996.0,Charlotte,NC,35.2258,-80.8528,Carolina Panthers
569,Lamar Jackson,17,26,65.4,183,7.0,2,0,0,13,80,0,1,1,21.3,21.3,98.8%,BAL,baltimore_ravens,2020,16,99.71,M&T Bank Stadium,Outdoor,Grass,10.0,1998.0,Baltimore,MD,39.2779,-76.6227,Baltimore Ravens
562,Deshaun Watson,24,33,72.7,324,9.8,3,0,1,5,38,0,1,1,26.8,26.8,7.5%,CLE,cleveland_browns,2020,16,157.32,MetLife Stadium,Outdoor,Turf,3.0,2010.0,East Rutherford,NJ,40.8136,-74.0744,Cleveland Browns
563,Aaron Rodgers,21,25,84.0,231,9.2,4,1,1,3,19,0,0,1,26.1,26.1,28.3%,PIT,pittsburgh_steelers,2020,16,117.61,Acrisure Stadium,Outdoor,Grass,730.0,2001.0,Pittsburgh,PA,40.4468,-80.0158,Pittsburgh Steelers
566,Kirk Cousins,27,41,65.9,291,7.1,3,0,2,0,0,0,0,1,23.6,23.6,16.0%,ATL,atlanta_falcons,2020,16,137.94,GEHA Field at Arrowhead Stadium,Outdoor,Grass,1020.0,1972.0,Kansas City,MO,39.049,-94.4839,Atlanta Falcons
605,Kirk Cousins,28,40,70.0,405,10.1,3,0,3,5,1,1,0,1,34.3,34.3,16.0%,ATL,atlanta_falcons,2020,17,192.03,Raymond James Stadium,Outdoor,Grass,26.0,1998.0,Tampa,FL,27.9759,-82.5033,Atlanta Falcons
627,John Wolford,22,38,57.9,231,6.1,0,1,2,6,56,0,0,1,13.8,13.8,0.0%,JAC,jacksonville_jaguars,2020,17,110.98,Lucas Oil Stadium,Indoor,Turf,700.0,2008.0,Indianapolis,IN,39.7601,-86.1639,Jacksonville Jaguars
628,Andy Dalton,29,47,61.7,244,5.2,0,1,6,7,48,0,0,1,13.6,13.6,1.7%,CAR,carolina_panthers,2020,17,115.76,Caesars Superdome,Indoor,Turf,3.0,1975.0,New Orleans,LA,29.9509,-90.0815,Carolina Panthers
629,Sam Darnold,23,34,67.6,266,7.8,1,2,3,1,3,0,0,1,12.9,12.9,36.3%,SEA,seattle_seahawks,2020,17,119.69,Lumen Field,Outdoor,Turf,20.0,2002.0,Seattle,WA,47.5952,-122.3316,Seattle Seahawks
632,Mitchell Trubisky,33,42,78.6,252,6.0,0,1,1,4,22,0,0,1,11.3,11.3,1.3%,BUF,buffalo_bills,2020,17,115.31,Highmark Stadium,Outdoor,Grass,600.0,1973.0,Orchard Park,NY,42.7738,-78.7868,Buffalo Bills
606,Justin Herbert,22,31,71.0,302,9.7,3,0,3,6,9,1,0,1,33.0,33.0,87.6%,LAC,los_angeles_chargers,2020,17,150.04,SoFi Stadium,Outdoor,Turf,100.0,2020.0,Inglewood,CA,33.9535,-118.3392,Los Angeles Chargers
625,Daniel Jones,17,25,68.0,229,9.2,2,1,2,9,17,0,1,1,15.9,15.9,20.7%,IND,indianapolis_colts,2020,17,108.37,Lucas Oil Stadium,Indoor,Turf,700.0,2008.0,Indianapolis,IN,39.7601,-86.1639,Indianapolis Colts
636,Kyler Murray,8,11,72.7,87,7.9,0,0,2,2,3,0,0,1,3.8,3.8,89.7%,ARI,arizona_cardinals,2020,17,40.14,SoFi Stadium,Outdoor,Turf,100.0,2020.0,Inglewood,CA,33.9535,-118.3392,Arizona Cardinals
624,Baker Mayfield,17,27,63.0,196,7.3,1,0,4,6,44,0,0,1,16.2,16.2,94.5%,TB,tampa_bay_buccaneers,2020,17,97.6,Raymond James Stadium,Outdoor,Grass,26.0,1998.0,Tampa,FL,27.9759,-82.5033,Tampa Bay Buccaneers
638,Joshua Dobbs,4,5,80.0,2,0.4,0,0,0,2,20,0,0,1,2.1,2.1,2.5%,NE,new_england_patriots,2020,17,4.75,Gillette Stadium,Outdoor,Turf,289.0,2002.0,Foxborough,MA,42.0909,-71.2643,New England Patriots
621,Jalen Hurts,7,20,35.0,72,3.6,0,1,1,8,34,2,0,1,17.3,17.3,98.3%,PHI,philadelphia_eagles,2020,17,46.03,FedExField,Outdoor,Grass,300.0,1997.0,Landover,MD,38.9078,-76.8645,Philadelphia Eagles
620,Russell Wilson,20,36,55.6,181,5.0,2,0,2,5,29,0,0,1,18.1,18.1,23.4%,NYG,new_york_giants,2020,17,91.57,MetLife Stadium,Outdoor,Turf,3.0,2010.0,East Rutherford,NJ,40.8136,-74.0744,New York Giants
619,Tua Tagovailoa,35,58,60.3,361,6.2,1,3,1,6,28,0,0,1,18.2,18.2,48.2%,MIA,miami_dolphins,2020,17,164.68,Highmark Stadium,Outdoor,Grass,600.0,1973.0,Orchard Park,NY,42.7738,-78.7868,Miami Dolphins
618,Mason Rudolph,22,39,56.4,315,8.1,2,1,1,1,1,0,0,1,19.7,19.7,5.9%,PIT,pittsburgh_steelers,2020,17,144.21,FirstEnergy Stadium,Outdoor,Grass,577.0,1999.0,Cleveland,OH,41.5061,-81.6995,Pittsburgh Steelers
616,Josh Allen,18,25,72.0,224,9.0,3,1,1,2,3,0,0,1,20.3,20.3,99.2%,BUF,buffalo_bills,2020,17,108.51,Highmark Stadium,Outdoor,Grass,600.0,1973.0,Orchard Park,NY,42.7738,-78.7868,Buffalo Bills
642,Jacoby Brissett,0,0,0.0,0,0.0,0,0,0,2,3,0,0,1,0.3,0.3,3.2%,ARI,arizona_cardinals,2020,17,0.51,SoFi Stadium,Outdoor,Turf,100.0,2020.0,Inglewood,CA,33.9535,-118.3392,Arizona Cardinals
643,Brandon Allen,6,21,28.6,48,2.3,0,2,0,1,2,0,0,1,0.1,0.1,0.1%,TEN,tennessee_titans,2020,17,20.33,Nissan Stadium,Outdoor,Grass,476.0,1999.0,Nashville,TN,36.1665,-86.7713,Tennessee Titans
613,Matthew Stafford,20,31,64.5,293,9.5,3,1,1,2,9,0,0,1,23.6,23.6,48.2%,LAR,los_angeles_rams,2020,17,139.32,SoFi Stadium,Outdoor,Turf,100.0,2020.0,Inglewood,CA,33.9535,-118.3392,Los Angeles Rams
612,Drew Lock,25,41,61.0,339,8.3,2,0,2,2,7,0,0,1,24.3,24.3,1.6%,SEA,seattle_seahawks,2020,17,158.07,Lumen Field,Outdoor,Turf,20.0,2002.0,Seattle,WA,47.5952,-122.3316,Seattle Seahawks
611,Lamar Jackson,10,18,55.6,113,6.3,3,1,0,11,97,0,0,1,25.2,25.2,98.8%,BAL,baltimore_ravens,2020,17,75.6,M&T Bank Stadium,Outdoor,Grass,10.0,1998.0,Baltimore,MD,39.2779,-76.6227,Baltimore Ravens
645,Jameis Winston,0,0,0.0,0,0.0,0,0,0,1,-1,0,0,1,-0.1,-0.1,8.9%,NYG,new_york_giants,2020,17,-0.17,MetLife Stadium,Outdoor,Turf,3.0,2010.0,East Rutherford,NJ,40.8136,-74.0744,New York Giants
610,Aaron Rodgers,19,24,79.2,240,10.0,4,0,1,1,4,0,0,1,26.0,26.0,28.3%,PIT,pittsburgh_steelers,2020,17,119.7,FirstEnergy Stadium,Outdoor,Grass,577.0,1999.0,Cleveland,OH,41.5061,-81.6995,Pittsburgh Steelers
609,Deshaun Watson,28,39,71.8,365,9.4,3,1,4,3,12,0,0,1,26.8,26.8,7.5%,CLE,cleveland_browns,2020,17,171.44,FirstEnergy Stadium,Outdoor,Grass,577.0,1999.0,Cleveland,OH,41.5061,-81.6995,Cleveland Browns
662,Zach Wilson,20,37,54.1,258,7.0,2,1,6,0,0,0,0,1,19.3,19.3,4.9%,MIA,miami_dolphins,2021,1,120.61,Hard Rock Stadium,Outdoor,Grass,7.0,1987.0,Miami Gardens,FL,25.958,-80.238,Miami Dolphins
656,Matthew Stafford,20,26,76.9,321,12.3,3,0,1,5,-5,0,0,1,24.3,24.3,48.2%,LAR,los_angeles_rams,2021,1,150.27,SoFi Stadium,Outdoor,Turf,100.0,2020.0,Inglewood,CA,33.9535,-118.3392,Los Angeles Rams
654,Russell Wilson,18,23,78.3,254,11.0,4,0,3,5,9,0,0,1,27.1,27.1,23.4%,NYG,new_york_giants,2021,1,126.67,Empower Field at Mile High,Outdoor,Turf,5280.0,2001.0,Denver,CO,39.7439,-105.0201,New York Giants
653,Dak Prescott,42,58,72.4,403,6.9,3,1,1,4,13,0,0,1,28.4,28.4,77.0%,DAL,dallas_cowboys,2021,1,188.76,Raymond James Stadium,Outdoor,Grass,26.0,1998.0,Tampa,FL,27.9759,-82.5033,Dallas Cowboys
652,Jalen Hurts,27,35,77.1,264,7.5,3,0,1,7,62,0,0,1,28.8,28.8,98.3%,PHI,philadelphia_eagles,2021,1,137.06,Lincoln Financial Field,Outdoor,Grass,30.0,2003.0,Philadelphia,PA,39.9008,-75.1675,Philadelphia Eagles
650,Jameis Winston,14,20,70.0,148,7.4,5,0,0,6,37,0,0,1,29.6,29.6,8.9%,NYG,new_york_giants,2021,1,88.0,Empower Field at Mile High,Outdoor,Turf,5280.0,2001.0,Denver,CO,39.7439,-105.0201,New York Giants
649,Jared Goff,38,57,66.7,338,5.9,3,1,3,3,14,0,0,1,29.9,29.9,83.0%,DET,detroit_lions,2021,1,163.31,Levi's Stadium,Outdoor,Grass,13.0,2014.0,Santa Clara,CA,37.403,-121.9692,Detroit Lions
648,Patrick Mahomes Ii,27,36,75.0,337,9.4,3,0,2,5,18,1,0,1,33.3,33.3,96.3%,KC,kansas_city_chiefs,2021,1,165.59,GEHA Field at Arrowhead Stadium,Outdoor,Grass,1020.0,1972.0,Kansas City,MO,39.049,-94.4839,Kansas City Chiefs
647,Kyler Murray,21,32,65.6,289,9.0,4,1,2,5,20,1,0,1,34.6,34.6,89.7%,ARI,arizona_cardinals,2021,1,147.02,State Farm Stadium,Indoor,Turf,1070.0,2006.0,Glendale,AZ,33.5275,-112.2625,Arizona Cardinals
657,Tyrod Taylor,21,33,63.6,291,8.8,2,0,1,4,40,0,0,1,23.6,23.6,2.4%,NYJ,new_york_jets,2021,1,141.38,Bank of America Stadium,Outdoor,Grass,748.0,1996.0,Charlotte,NC,35.2258,-80.8528,New York Jets
658,Trevor Lawrence,28,51,54.9,332,6.5,3,3,1,1,-2,0,0,1,22.1,22.1,49.3%,JAC,jacksonville_jaguars,2021,1,152.77,NRG Stadium,Indoor,Turf,50.0,2002.0,Houston,TX,29.6847,-95.4107,Jacksonville Jaguars
659,Kirk Cousins,36,49,73.5,351,7.2,2,0,3,0,0,0,0,1,22.0,22.0,16.0%,ATL,atlanta_falcons,2021,1,161.44,Lincoln Financial Field,Outdoor,Grass,30.0,2003.0,Philadelphia,PA,39.9008,-75.1675,Atlanta Falcons
660,Daniel Jones,22,37,59.5,267,7.2,1,0,2,6,27,1,1,1,21.4,21.4,20.7%,IND,indianapolis_colts,2021,1,128.52,Lumen Field,Outdoor,Turf,20.0,2002.0,Seattle,WA,47.5952,-122.3316,Indianapolis Colts
663,Sam Darnold,24,35,68.6,279,8.0,1,0,1,5,-1,1,1,1,19.1,19.1,36.3%,SEA,seattle_seahawks,2021,1,129.27,Lumen Field,Outdoor,Turf,20.0,2002.0,Seattle,WA,47.5952,-122.3316,Seattle Seahawks
664,Joe Burrow,20,27,74.1,261,9.7,2,0,5,1,2,0,0,1,18.6,18.6,98.2%,CIN,cincinnati_bengals,2021,1,122.16,Paycor Stadium,Outdoor,Turf,482.0,2000.0,Cincinnati,OH,39.0954,-84.516,Cincinnati Bengals
666,Lamar Jackson,19,30,63.3,235,7.8,1,0,3,12,86,0,2,1,18.0,18.0,98.8%,BAL,baltimore_ravens,2021,1,118.76,Allegiant Stadium,Indoor,Turf,2001.0,2020.0,Las Vegas,NV,36.0908,-115.183,Baltimore Ravens
667,Josh Allen,30,51,58.8,270,5.3,1,0,3,9,44,0,1,1,17.2,17.2,99.2%,BUF,buffalo_bills,2021,1,128.7,Acrisure Stadium,Outdoor,Grass,730.0,2001.0,Pittsburgh,PA,40.4468,-80.0158,Buffalo Bills
668,Tua Tagovailoa,16,27,59.3,202,7.5,1,1,2,4,1,1,0,1,17.2,17.2,48.2%,MIA,miami_dolphins,2021,1,96.44,Hard Rock Stadium,Outdoor,Grass,7.0,1987.0,Miami Gardens,FL,25.958,-80.238,Miami Dolphins
670,Mac Jones,29,39,74.4,281,7.2,1,0,1,0,0,0,0,1,15.2,15.2,4.0%,SF,san_francisco_49ers,2021,1,127.68,Levi's Stadium,Outdoor,Grass,13.0,2014.0,Santa Clara,CA,37.403,-121.9692,San Francisco 49ers
671,Jimmy Garoppolo,17,25,68.0,314,12.6,1,0,1,3,2,0,1,1,14.8,14.8,2.4%,LAR,los_angeles_rams,2021,1,140.58,SoFi Stadium,Outdoor,Turf,100.0,2020.0,Inglewood,CA,33.9535,-118.3392,Los Angeles Rams
672,Justin Herbert,31,47,66.0,337,7.2,1,1,2,4,-1,0,1,1,14.4,14.4,87.6%,LAC,los_angeles_chargers,2021,1,149.42,SoFi Stadium,Outdoor,Turf,100.0,2020.0,Inglewood,CA,33.9535,-118.3392,Los Angeles Chargers
673,Baker Mayfield,21,28,75.0,321,11.5,0,1,2,1,7,0,0,1,13.6,13.6,94.5%,TB,tampa_bay_buccaneers,2021,1,142.92,Raymond James Stadium,Outdoor,Grass,26.0,1998.0,Tampa,FL,27.9759,-82.5033,Tampa Bay Buccaneers
675,Taylor Heinicke,11,15,73.3,122,8.1,1,0,0,3,17,0,0,1,10.6,10.6,0.6%,LAC,los_angeles_chargers,2021,1,60.94,SoFi Stadium,Outdoor,Turf,100.0,2020.0,Inglewood,CA,33.9535,-118.3392,Los Angeles Chargers
677,Justin Fields,2,2,100.0,10,5.0,0,0,0,1,3,1,0,1,6.7,6.7,80.9%,NYJ,new_york_jets,2021,1,10.39,Bank of America Stadium,Outdoor,Grass,748.0,1996.0,Charlotte,NC,35.2258,-80.8528,New York Jets
678,Andy Dalton,27,38,71.1,206,5.4,0,1,3,2,13,0,1,1,6.5,6.5,1.7%,CAR,carolina_panthers,2021,1,91.83,Bank of America Stadium,Outdoor,Grass,748.0,1996.0,Charlotte,NC,35.2258,-80.8528,Carolina Panthers
679,Trey Lance,1,1,100.0,5,5.0,1,0,0,3,2,0,0,1,4.4,4.4,1.3%,LAC,los_angeles_chargers,2021,1,6.68,SoFi Stadium,Outdoor,Turf,100.0,2020.0,Inglewood,CA,33.9535,-118.3392,Los Angeles Chargers
680,Aaron Rodgers,15,28,53.6,133,4.8,0,2,1,0,0,0,0,1,3.3,3.3,28.3%,PIT,pittsburgh_steelers,2021,1,57.77,Acrisure Stadium,Outdoor,Grass,730.0,2001.0,Pittsburgh,PA,40.4468,-80.0158,Pittsburgh Steelers
681,Marcus Mariota,0,0,0.0,0,0.0,0,0,0,1,31,0,0,1,3.1,3.1,3.1%,WAS,washington_commanders,2021,1,5.27,SoFi Stadium,Outdoor,Turf,100.0,2020.0,Inglewood,CA,33.9535,-118.3392,Washington Commanders
683,Jordan Love,5,7,71.4,68,9.7,0,0,1,0,0,0,1,1,0.7,0.7,73.1%,GB,green_bay_packers,2021,1,30.03,Caesars Superdome,Indoor,Turf,3.0,1975.0,New Orleans,LA,29.9509,-90.0815,Green Bay Packers
684,Jacoby Brissett,0,0,0.0,0,0.0,0,0,0,2,4,0,0,1,0.4,0.4,3.2%,ARI,arizona_cardinals,2021,1,0.68,State Farm Stadium,Indoor,Turf,1070.0,2006.0,Glendale,AZ,33.5275,-112.2625,Arizona Cardinals
685,Feleipe Franks,0,0,0.0,0,0.0,0,0,0,0,0,0,0,1,0.0,0.0,0.0%,ATL,atlanta_falcons,2021,1,0.0,Lincoln Financial Field,Outdoor,Grass,30.0,2003.0,Philadelphia,PA,39.9008,-75.1675,Atlanta Falcons
725,Jordan Love,0,0,0.0,0,0.0,0,0,0,3,-3,0,0,1,-0.3,-0.3,73.1%,GB,green_bay_packers,2021,2,-0.51,Lambeau Field,Outdoor,Grass,640.0,1957.0,Green Bay,WI,44.5013,-88.0622,Green Bay Packers
686,Kyler Murray,29,36,80.6,400,11.1,3,2,3,5,31,1,0,1,35.1,35.1,89.7%,ARI,arizona_cardinals,2021,2,193.69,State Farm Stadium,Indoor,Turf,1070.0,2006.0,Glendale,AZ,33.5275,-112.2625,Arizona Cardinals
687,Lamar Jackson,18,26,69.2,239,9.2,1,2,1,16,107,2,0,1,34.3,34.3,98.8%,BAL,baltimore_ravens,2021,2,134.45,M&T Bank Stadium,Outdoor,Grass,10.0,1998.0,Baltimore,MD,39.2779,-76.6227,Baltimore Ravens
689,Daniel Jones,22,32,68.8,249,7.8,1,0,4,9,95,1,0,1,29.5,29.5,20.7%,IND,indianapolis_colts,2021,2,134.01,SoFi Stadium,Outdoor,Turf,100.0,2020.0,Inglewood,CA,33.9535,-118.3392,Indianapolis Colts
690,Aaron Rodgers,22,27,81.5,255,9.4,4,0,3,4,6,0,0,1,26.8,26.8,28.3%,PIT,pittsburgh_steelers,2021,2,126.64,Allegiant Stadium,Indoor,Turf,2001.0,2020.0,Las Vegas,NV,36.0908,-115.183,Pittsburgh Steelers
691,Kirk Cousins,22,32,68.8,244,7.6,3,0,1,2,35,0,0,1,25.3,25.3,16.0%,ATL,atlanta_falcons,2021,2,123.43,Raymond James Stadium,Outdoor,Grass,26.0,1998.0,Tampa,FL,27.9759,-82.5033,Atlanta Falcons
692,Patrick Mahomes Ii,24,31,77.4,343,11.1,3,1,0,1,3,0,0,1,25.0,25.0,96.3%,KC,kansas_city_chiefs,2021,2,160.42,M&T Bank Stadium,Outdoor,Grass,10.0,1998.0,Baltimore,MD,39.2779,-76.6227,Kansas City Chiefs
694,Russell Wilson,22,31,71.0,343,11.1,2,0,3,3,16,0,0,1,23.3,23.3,23.4%,NYG,new_york_giants,2021,2,160.13,FedExField,Outdoor,Grass,300.0,1997.0,Landover,MD,38.9078,-76.8645,New York Giants
695,Jalen Hurts,12,23,52.2,190,8.3,0,0,2,10,82,1,0,1,21.8,21.8,98.3%,PHI,philadelphia_eagles,2021,2,102.52,Levi's Stadium,Outdoor,Grass,13.0,2014.0,Santa Clara,CA,37.403,-121.9692,Philadelphia Eagles
697,Taylor Heinicke,34,46,73.9,336,7.3,2,1,1,4,6,0,0,1,21.0,21.0,0.6%,LAC,los_angeles_chargers,2021,2,155.06,AT&T Stadium,Indoor,Turf,639.0,2009.0,Arlington,TX,32.7473,-97.0945,Los Angeles Chargers
698,Sam Darnold,26,38,68.4,305,8.0,2,1,2,1,7,0,0,1,19.9,19.9,36.3%,SEA,seattle_seahawks,2021,2,141.33,Nissan Stadium,Outdoor,Grass,476.0,1999.0,Nashville,TN,36.1665,-86.7713,Seattle Seahawks
699,Jimmy Garoppolo,22,30,73.3,189,6.3,1,0,0,11,20,1,0,1,19.6,19.6,2.4%,LAR,los_angeles_rams,2021,2,95.28,SoFi Stadium,Outdoor,Turf,100.0,2020.0,Inglewood,CA,33.9535,-118.3392,Los Angeles Rams
700,Jared Goff,26,36,72.2,246,6.8,2,1,1,4,46,0,1,1,19.4,19.4,83.0%,DET,detroit_lions,2021,2,120.94,Lambeau Field,Outdoor,Grass,640.0,1957.0,Green Bay,WI,44.5013,-88.0622,Detroit Lions
703,Baker Mayfield,19,21,90.5,213,10.1,1,1,2,8,10,1,0,1,18.5,18.5,94.5%,TB,tampa_bay_buccaneers,2021,2,103.47,Raymond James Stadium,Outdoor,Grass,26.0,1998.0,Tampa,FL,27.9759,-82.5033,Tampa Bay Buccaneers
704,Matthew Stafford,19,30,63.3,278,9.3,2,1,1,2,1,0,0,1,18.2,18.2,48.2%,LAR,los_angeles_rams,2021,2,128.3,SoFi Stadium,Outdoor,Turf,100.0,2020.0,Inglewood,CA,33.9535,-118.3392,Los Angeles Rams
705,Josh Allen,17,33,51.5,179,5.4,2,1,1,5,35,0,0,1,17.7,17.7,99.2%,BUF,buffalo_bills,2021,2,90.77,Highmark Stadium,Outdoor,Grass,600.0,1973.0,Orchard Park,NY,42.7738,-78.7868,Buffalo Bills
706,Justin Herbert,31,41,75.6,338,8.2,1,2,2,4,12,0,0,1,16.7,16.7,87.6%,LAC,los_angeles_chargers,2021,2,152.93,AT&T Stadium,Indoor,Turf,639.0,2009.0,Arlington,TX,32.7473,-97.0945,Los Angeles Chargers
707,Tyrod Taylor,10,11,90.9,125,11.4,1,0,0,1,15,1,0,1,16.5,16.5,2.4%,NYJ,new_york_jets,2021,2,66.83,Gillette Stadium,Outdoor,Turf,289.0,2002.0,Foxborough,MA,42.0909,-71.2643,New York Jets
710,Joe Burrow,19,30,63.3,207,6.9,2,3,5,0,0,0,0,1,13.3,13.3,98.2%,CIN,cincinnati_bengals,2021,2,95.69,Soldier Field,Outdoor,Grass,595.0,1924.0,Chicago,IL,41.8623,-87.6167,Cincinnati Bengals
711,Jameis Winston,11,22,50.0,111,5.0,0,2,4,3,19,1,0,1,10.3,10.3,8.9%,NYG,new_york_giants,2021,2,55.61,FedExField,Outdoor,Grass,300.0,1997.0,Landover,MD,38.9078,-76.8645,New York Giants
712,Trevor Lawrence,14,33,42.4,118,3.6,1,2,1,2,21,0,0,1,8.8,8.8,49.3%,JAC,jacksonville_jaguars,2021,2,57.68,Empower Field at Mile High,Outdoor,Turf,5280.0,2001.0,Denver,CO,39.7439,-105.0201,Jacksonville Jaguars
713,Andy Dalton,9,11,81.8,56,5.1,1,0,1,2,25,0,0,1,8.7,8.7,1.7%,CAR,carolina_panthers,2021,2,33.21,Bank of America Stadium,Outdoor,Grass,748.0,1996.0,Charlotte,NC,35.2258,-80.8528,Carolina Panthers
714,Dak Prescott,23,27,85.2,237,8.8,0,1,2,0,0,0,0,1,8.5,8.5,77.0%,DAL,dallas_cowboys,2021,2,104.71,AT&T Stadium,Indoor,Turf,639.0,2009.0,Arlington,TX,32.7473,-97.0945,Dallas Cowboys
715,Mac Jones,22,30,73.3,186,6.2,0,0,3,0,0,0,0,1,7.4,7.4,4.0%,SF,san_francisco_49ers,2021,2,83.02,Levi's Stadium,Outdoor,Grass,13.0,2014.0,Santa Clara,CA,37.403,-121.9692,San Francisco 49ers
716,Davis Mills,8,18,44.4,102,5.7,1,1,1,2,-1,0,0,1,7.0,7.0,0.8%,HOU,houston_texans,2021,2,47.74,FirstEnergy Stadium,Outdoor,Grass,577.0,1999.0,Cleveland,OH,41.5061,-81.6995,Houston Texans
717,Jacoby Brissett,24,40,60.0,169,4.2,0,1,4,4,8,0,0,1,6.6,6.6,3.2%,ARI,arizona_cardinals,2021,2,76.16,State Farm Stadium,Indoor,Turf,1070.0,2006.0,Glendale,AZ,33.5275,-112.2625,Arizona Cardinals
718,Zach Wilson,19,33,57.6,210,6.4,0,4,4,3,19,0,0,1,6.3,6.3,4.9%,MIA,miami_dolphins,2021,2,93.09,Highmark Stadium,Outdoor,Grass,600.0,1973.0,Orchard Park,NY,42.7738,-78.7868,Miami Dolphins
719,Justin Fields,6,13,46.2,60,4.6,0,1,2,10,31,0,0,1,4.5,4.5,80.9%,NYJ,new_york_jets,2021,2,31.67,Gillette Stadium,Outdoor,Turf,289.0,2002.0,Foxborough,MA,42.0909,-71.2643,New York Jets
720,Tua Tagovailoa,1,4,25.0,13,3.3,0,0,2,0,0,0,0,1,0.5,0.5,48.2%,MIA,miami_dolphins,2021,2,6.31,Highmark Stadium,Outdoor,Grass,600.0,1973.0,Orchard Park,NY,42.7738,-78.7868,Miami Dolphins
723,Mitchell Trubisky,0,0,0.0,0,0.0,0,0,0,2,-2,0,0,1,-0.2,-0.2,1.3%,BUF,buffalo_bills,2021,2,-0.34,Highmark Stadium,Outdoor,Grass,600.0,1973.0,Orchard Park,NY,42.7738,-78.7868,Buffalo Bills
760,Case Keenum,0,0,0.0,0,0.0,0,0,0,3,0,0,0,1,0.0,0.0,0.6%,CHI,chicago_bears,2021,3,0.0,FirstEnergy Stadium,Outdoor,Grass,577.0,1999.0,Cleveland,OH,41.5061,-81.6995,Chicago Bears
742,Aaron Rodgers,23,33,69.7,261,7.9,2,0,1,0,0,0,0,1,18.0,18.0,28.3%,PIT,pittsburgh_steelers,2021,3,121.48,Paycor Stadium,Outdoor,Turf,482.0,2000.0,Cincinnati,OH,39.0954,-84.516,Pittsburgh Steelers
741,Joe Burrow,14,18,77.8,172,9.6,3,1,0,5,7,0,0,1,18.6,18.6,98.2%,CIN,cincinnati_bengals,2021,3,86.64,Paycor Stadium,Outdoor,Turf,482.0,2000.0,Cincinnati,OH,39.0954,-84.516,Cincinnati Bengals
740,Kyler Murray,28,34,82.4,316,9.3,0,1,0,7,19,1,0,1,19.5,19.5,89.7%,ARI,arizona_cardinals,2021,3,146.71,State Farm Stadium,Indoor,Turf,1070.0,2006.0,Glendale,AZ,33.5275,-112.2625,Arizona Cardinals
739,Dak Prescott,21,26,80.8,238,9.2,3,0,4,9,6,0,1,1,20.1,20.1,77.0%,DAL,dallas_cowboys,2021,3,114.61,AT&T Stadium,Indoor,Turf,639.0,2009.0,Arlington,TX,32.7473,-97.0945,Dallas Cowboys
738,Lamar Jackson,16,31,51.6,287,9.3,1,1,4,8,58,0,0,1,20.3,20.3,98.8%,BAL,baltimore_ravens,2021,3,138.47,M&T Bank Stadium,Outdoor,Grass,10.0,1998.0,Baltimore,MD,39.2779,-76.6227,Baltimore Ravens
737,Jacoby Brissett,32,49,65.3,215,4.4,0,0,2,7,37,1,0,1,20.3,20.3,3.2%,ARI,arizona_cardinals,2021,3,108.19,State Farm Stadium,Indoor,Turf,1070.0,2006.0,Glendale,AZ,33.5275,-112.2625,Arizona Cardinals
735,Taylor Heinicke,14,24,58.3,212,8.8,2,2,1,8,21,1,0,1,22.4,22.4,0.6%,LAC,los_angeles_chargers,2021,3,106.34,SoFi Stadium,Outdoor,Turf,100.0,2020.0,Inglewood,CA,33.9535,-118.3392,Los Angeles Chargers
734,Jalen Hurts,25,39,64.1,326,8.4,2,2,2,9,35,0,0,1,22.5,22.5,98.3%,PHI,philadelphia_eagles,2021,3,154.23,AT&T Stadium,Indoor,Turf,639.0,2009.0,Arlington,TX,32.7473,-97.0945,Philadelphia Eagles
732,Patrick Mahomes Ii,27,44,61.4,260,5.9,3,2,2,4,45,0,0,1,24.9,24.9,96.3%,KC,kansas_city_chiefs,2021,3,130.51,SoFi Stadium,Outdoor,Turf,100.0,2020.0,Inglewood,CA,33.9535,-118.3392,Kansas City Chiefs
731,Kirk Cousins,30,38,78.9,323,8.5,3,0,1,1,2,0,0,1,25.1,25.1,16.0%,ATL,atlanta_falcons,2021,3,152.57,Mercedes-Benz Stadium,Indoor,Turf,1050.0,2017.0,Atlanta,GA,33.755,-84.4008,Atlanta Falcons
730,Sam Darnold,23,34,67.6,304,8.9,0,0,3,8,11,2,0,1,25.3,25.3,36.3%,SEA,seattle_seahawks,2021,3,144.89,U.S. Bank Stadium,Indoor,Turf,840.0,2016.0,Minneapolis,MN,44.974,-93.2581,Seattle Seahawks
728,Matthew Stafford,27,38,71.1,343,9.0,4,0,1,2,-2,0,0,1,29.5,29.5,48.2%,LAR,los_angeles_rams,2021,3,163.35,SoFi Stadium,Outdoor,Turf,100.0,2020.0,Inglewood,CA,33.9535,-118.3392,Los Angeles Rams
727,Justin Herbert,26,38,68.4,281,7.4,4,0,1,4,16,0,0,1,30.8,30.8,87.6%,LAC,los_angeles_chargers,2021,3,140.84,SoFi Stadium,Outdoor,Turf,100.0,2020.0,Inglewood,CA,33.9535,-118.3392,Los Angeles Chargers
726,Josh Allen,32,43,74.4,358,8.3,4,0,0,4,9,1,0,1,37.2,37.2,99.2%,BUF,buffalo_bills,2021,3,176.4,Highmark Stadium,Outdoor,Grass,600.0,1973.0,Orchard Park,NY,42.7738,-78.7868,Buffalo Bills
744,Russell Wilson,23,32,71.9,298,9.3,1,0,2,3,7,0,0,1,16.6,16.6,23.4%,NYG,new_york_giants,2021,3,135.98,Mercedes-Benz Stadium,Indoor,Turf,1050.0,2017.0,Atlanta,GA,33.755,-84.4008,New York Giants
745,Daniel Jones,24,35,68.6,266,7.6,0,0,2,8,39,0,0,1,16.5,16.5,20.7%,IND,indianapolis_colts,2021,3,125.77,Nissan Stadium,Outdoor,Grass,476.0,1999.0,Nashville,TN,36.1665,-86.7713,Indianapolis Colts
746,Jimmy Garoppolo,25,40,62.5,257,6.4,2,1,4,1,4,0,1,1,15.7,15.7,2.4%,LAR,los_angeles_rams,2021,3,118.37,SoFi Stadium,Outdoor,Turf,100.0,2020.0,Inglewood,CA,33.9535,-118.3392,Los Angeles Rams
749,Mac Jones,30,51,58.8,270,5.3,1,3,2,6,28,0,0,1,14.6,14.6,4.0%,SF,san_francisco_49ers,2021,3,125.08,Lambeau Field,Outdoor,Grass,640.0,1957.0,Green Bay,WI,44.5013,-88.0622,San Francisco 49ers
750,Jameis Winston,13,21,61.9,128,6.1,2,0,3,5,4,0,0,1,13.5,13.5,8.9%,NYG,new_york_giants,2021,3,64.17,Mercedes-Benz Stadium,Indoor,Turf,1050.0,2017.0,Atlanta,GA,33.755,-84.4008,New York Giants
752,Davis Mills,19,28,67.9,168,6.0,1,0,4,1,0,0,0,1,10.7,10.7,0.8%,HOU,houston_texans,2021,3,78.09,Bank of America Stadium,Outdoor,Grass,748.0,1996.0,Charlotte,NC,35.2258,-80.8528,Houston Texans
753,Trevor Lawrence,22,34,64.7,219,6.4,1,2,3,6,27,0,2,1,9.5,9.5,49.3%,JAC,jacksonville_jaguars,2021,3,100.33,State Farm Stadium,Indoor,Turf,1070.0,2006.0,Glendale,AZ,33.5275,-112.2625,Jacksonville Jaguars
754,Jared Goff,22,30,73.3,217,7.2,0,0,2,1,4,0,0,1,9.1,9.1,83.0%,DET,detroit_lions,2021,3,97.21,M&T Bank Stadium,Outdoor,Grass,10.0,1998.0,Baltimore,MD,39.2779,-76.6227,Detroit Lions
756,Trey Lance,0,0,0.0,0,0.0,0,0,0,1,1,1,0,1,6.1,6.1,1.3%,LAC,los_angeles_chargers,2021,3,4.57,SoFi Stadium,Outdoor,Turf,100.0,2020.0,Inglewood,CA,33.9535,-118.3392,Los Angeles Chargers
757,Zach Wilson,19,35,54.3,160,4.6,0,2,5,1,2,0,0,1,4.6,4.6,4.9%,MIA,miami_dolphins,2021,3,70.04,Allegiant Stadium,Indoor,Turf,2001.0,2020.0,Las Vegas,NV,36.0908,-115.183,Miami Dolphins
758,Justin Fields,6,20,30.0,68,3.4,0,0,9,3,12,0,0,1,3.9,3.9,80.9%,NYJ,new_york_jets,2021,3,32.41,Empower Field at Mile High,Outdoor,Turf,5280.0,2001.0,Denver,CO,39.7439,-105.0201,New York Jets
759,Mitchell Trubisky,1,1,100.0,1,1.0,0,0,0,4,19,0,0,1,1.9,1.9,1.3%,BUF,buffalo_bills,2021,3,3.93,Highmark Stadium,Outdoor,Grass,600.0,1973.0,Orchard Park,NY,42.7738,-78.7868,Buffalo Bills
743,Baker Mayfield,19,31,61.3,246,7.9,1,0,5,4,31,0,0,1,16.9,16.9,94.5%,TB,tampa_bay_buccaneers,2021,3,117.11,SoFi Stadium,Outdoor,Turf,100.0,2020.0,Inglewood,CA,33.9535,-118.3392,Tampa Bay Buccaneers
791,Justin Fields,11,17,64.7,209,12.3,0,1,1,3,9,0,0,1,8.3,8.3,80.9%,NYJ,new_york_jets,2021,4,93.77,MetLife Stadium,Outdoor,Turf,3.0,2010.0,East Rutherford,NJ,40.8136,-74.0744,New York Jets
770,Russell Wilson,16,23,69.6,149,6.5,2,0,3,4,26,1,0,1,22.6,22.6,23.4%,NYG,new_york_giants,2021,4,81.72,MetLife Stadium,Outdoor,Turf,3.0,2010.0,East Rutherford,NJ,40.8136,-74.0744,New York Giants
761,Sam Darnold,26,39,66.7,301,7.7,2,2,5,6,35,2,0,1,33.5,33.5,36.3%,SEA,seattle_seahawks,2021,4,152.29,Lumen Field,Outdoor,Turf,20.0,2002.0,Seattle,WA,47.5952,-122.3316,Seattle Seahawks
797,Davis Mills,11,21,52.4,87,4.1,0,4,3,1,2,0,0,1,-0.3,-0.3,0.8%,HOU,houston_texans,2021,4,36.31,Highmark Stadium,Outdoor,Grass,600.0,1973.0,Orchard Park,NY,42.7738,-78.7868,Houston Texans
768,Aaron Rodgers,20,36,55.6,248,6.9,2,0,3,3,2,1,0,1,24.1,24.1,28.3%,PIT,pittsburgh_steelers,2021,4,120.45,Lambeau Field,Outdoor,Grass,640.0,1957.0,Green Bay,WI,44.5013,-88.0622,Pittsburgh Steelers
766,Daniel Jones,28,40,70.0,402,10.1,2,1,0,4,27,0,0,1,27.8,27.8,20.7%,IND,indianapolis_colts,2021,4,188.28,Lucas Oil Stadium,Indoor,Turf,700.0,2008.0,Indianapolis,IN,39.7601,-86.1639,Indianapolis Colts
776,Lamar Jackson,22,37,59.5,316,8.5,1,0,3,7,28,0,0,1,19.4,19.4,98.8%,BAL,baltimore_ravens,2021,4,146.98,M&T Bank Stadium,Outdoor,Grass,10.0,1998.0,Baltimore,MD,39.2779,-76.6227,Baltimore Ravens
762,Patrick Mahomes Ii,24,30,80.0,267,8.9,5,1,1,5,26,0,0,1,32.3,32.3,96.3%,KC,kansas_city_chiefs,2021,4,137.59,GEHA Field at Arrowhead Stadium,Outdoor,Grass,1020.0,1972.0,Kansas City,MO,39.049,-94.4839,Kansas City Chiefs
764,Jalen Hurts,32,48,66.7,387,8.1,2,0,3,8,47,0,0,1,28.2,28.2,98.3%,PHI,philadelphia_eagles,2021,4,184.66,GEHA Field at Arrowhead Stadium,Outdoor,Grass,1020.0,1972.0,Kansas City,MO,39.049,-94.4839,Philadelphia Eagles
795,Feleipe Franks,0,0,0.0,0,0.0,0,0,0,1,3,0,0,1,0.3,0.3,0.0%,ATL,atlanta_falcons,2021,4,0.51,FedExField,Outdoor,Grass,300.0,1997.0,Landover,MD,38.9078,-76.8645,Atlanta Falcons
794,Drew Lock,12,21,57.1,113,5.4,0,1,3,0,0,0,0,1,3.5,3.5,1.6%,SEA,seattle_seahawks,2021,4,49.83,Lumen Field,Outdoor,Turf,20.0,2002.0,Seattle,WA,47.5952,-122.3316,Seattle Seahawks
792,Mitchell Trubisky,1,1,100.0,8,8.0,0,0,0,4,10,1,0,1,7.3,7.3,1.3%,BUF,buffalo_bills,2021,4,11.21,Highmark Stadium,Outdoor,Grass,600.0,1973.0,Orchard Park,NY,42.7738,-78.7868,Buffalo Bills
775,Matthew Stafford,26,41,63.4,280,6.8,2,1,0,6,21,0,0,1,20.3,20.3,48.2%,LAR,los_angeles_rams,2021,4,132.77,State Farm Stadium,Indoor,Turf,1070.0,2006.0,Glendale,AZ,33.5275,-112.2625,Los Angeles Rams
765,Taylor Heinicke,23,33,69.7,290,8.8,3,0,1,5,43,0,0,1,27.9,27.9,0.6%,LAC,los_angeles_chargers,2021,4,144.79,SoFi Stadium,Outdoor,Turf,100.0,2020.0,Inglewood,CA,33.9535,-118.3392,Los Angeles Chargers
774,Trey Lance,9,18,50.0,157,8.7,2,0,1,7,41,0,0,1,20.4,20.4,1.3%,LAC,los_angeles_chargers,2021,4,84.42,SoFi Stadium,Outdoor,Turf,100.0,2020.0,Inglewood,CA,33.9535,-118.3392,Los Angeles Chargers
779,Mac Jones,31,40,77.5,275,6.9,2,1,4,1,-1,0,0,1,17.9,17.9,4.0%,SF,san_francisco_49ers,2021,4,127.41,Lumen Field,Outdoor,Turf,20.0,2002.0,Seattle,WA,47.5952,-122.3316,San Francisco 49ers
778,Zach Wilson,21,34,61.8,297,8.7,2,1,1,3,-2,0,0,1,18.7,18.7,4.9%,MIA,miami_dolphins,2021,4,136.03,Lucas Oil Stadium,Indoor,Turf,700.0,2008.0,Indianapolis,IN,39.7601,-86.1639,Miami Dolphins
773,Josh Allen,20,30,66.7,248,8.3,2,1,1,6,41,0,0,1,21.0,21.0,99.2%,BUF,buffalo_bills,2021,4,122.16,Highmark Stadium,Outdoor,Grass,600.0,1973.0,Orchard Park,NY,42.7738,-78.7868,Buffalo Bills
790,Baker Mayfield,15,33,45.5,155,4.7,0,0,3,2,11,0,0,1,9.3,9.3,94.5%,TB,tampa_bay_buccaneers,2021,4,72.05,Raymond James Stadium,Outdoor,Grass,26.0,1998.0,Tampa,FL,27.9759,-82.5033,Tampa Bay Buccaneers
789,Jimmy Garoppolo,14,23,60.9,165,7.2,1,1,1,0,0,0,0,1,9.6,9.6,2.4%,LAR,los_angeles_rams,2021,4,75.76,State Farm Stadium,Indoor,Turf,1070.0,2006.0,Glendale,AZ,33.5275,-112.2625,Los Angeles Rams
769,Kyler Murray,24,32,75.0,268,8.4,2,0,3,6,39,0,0,1,22.6,22.6,89.7%,ARI,arizona_cardinals,2021,4,131.6,State Farm Stadium,Indoor,Turf,1070.0,2006.0,Glendale,AZ,33.5275,-112.2625,Arizona Cardinals
786,Kirk Cousins,20,38,52.6,203,5.3,1,1,2,2,0,0,0,1,11.1,11.1,16.0%,ATL,atlanta_falcons,2021,4,92.23,FedExField,Outdoor,Grass,300.0,1997.0,Landover,MD,38.9078,-76.8645,Atlanta Falcons
767,Dak Prescott,14,22,63.6,188,8.5,4,0,0,4,35,0,0,1,27.0,27.0,77.0%,DAL,dallas_cowboys,2021,4,101.9,AT&T Stadium,Indoor,Turf,639.0,2009.0,Arlington,TX,32.7473,-97.0945,Dallas Cowboys
785,Jameis Winston,17,23,73.9,226,9.8,1,0,0,0,0,0,0,1,13.0,13.0,8.9%,NYG,new_york_giants,2021,4,103.46,MetLife Stadium,Outdoor,Turf,3.0,2010.0,East Rutherford,NJ,40.8136,-74.0744,New York Giants
784,Jacoby Brissett,20,30,66.7,199,6.6,2,0,3,3,8,0,1,1,14.8,14.8,3.2%,ARI,arizona_cardinals,2021,4,94.58,State Farm Stadium,Indoor,Turf,1070.0,2006.0,Glendale,AZ,33.5275,-112.2625,Arizona Cardinals
782,Jared Goff,24,38,63.2,299,7.9,2,0,4,3,8,0,2,1,16.8,16.8,83.0%,DET,detroit_lions,2021,4,136.54,Soldier Field,Outdoor,Grass,595.0,1924.0,Chicago,IL,41.8623,-87.6167,Detroit Lions
772,Justin Herbert,25,38,65.8,222,5.8,3,0,2,3,4,0,0,1,21.3,21.3,87.6%,LAC,los_angeles_chargers,2021,4,108.67,SoFi Stadium,Outdoor,Turf,100.0,2020.0,Inglewood,CA,33.9535,-118.3392,Los Angeles Chargers
771,Joe Burrow,25,32,78.1,348,10.9,2,0,1,3,4,0,0,1,22.3,22.3,98.2%,CIN,cincinnati_bengals,2021,4,160.49,Paycor Stadium,Outdoor,Turf,482.0,2000.0,Cincinnati,OH,39.0954,-84.516,Cincinnati Bengals
781,Trevor Lawrence,17,24,70.8,204,8.5,0,0,1,8,36,1,0,1,17.8,17.8,49.3%,JAC,jacksonville_jaguars,2021,4,101.26,Paycor Stadium,Outdoor,Turf,482.0,2000.0,Cincinnati,OH,39.0954,-84.516,Jacksonville Jaguars
826,Sam Darnold,21,37,56.8,177,4.8,1,3,3,2,10,0,0,1,9.1,9.1,36.3%,SEA,seattle_seahawks,2021,5,81.23,SoFi Stadium,Outdoor,Turf,100.0,2020.0,Inglewood,CA,33.9535,-118.3392,Seattle Seahawks
821,Mac Jones,23,30,76.7,231,7.7,1,1,1,1,3,0,0,1,12.5,12.5,4.0%,SF,san_francisco_49ers,2021,5,105.49,State Farm Stadium,Indoor,Turf,1070.0,2006.0,Glendale,AZ,33.5275,-112.2625,San Francisco 49ers
806,Trevor Lawrence,23,33,69.7,273,8.3,1,1,2,7,28,1,0,1,22.7,22.7,49.3%,JAC,jacksonville_jaguars,2021,5,132.25,Nissan Stadium,Outdoor,Grass,476.0,1999.0,Nashville,TN,36.1665,-86.7713,Jacksonville Jaguars
808,Dak Prescott,22,32,68.8,302,9.4,3,1,2,2,6,0,1,1,21.7,21.7,77.0%,DAL,dallas_cowboys,2021,5,141.37,AT&T Stadium,Indoor,Turf,639.0,2009.0,Arlington,TX,32.7473,-97.0945,Dallas Cowboys
810,Patrick Mahomes Ii,33,54,61.1,272,5.0,2,2,2,8,61,0,1,1,21.0,21.0,96.3%,KC,kansas_city_chiefs,2021,5,134.2,Highmark Stadium,Outdoor,Grass,600.0,1973.0,Orchard Park,NY,42.7738,-78.7868,Kansas City Chiefs
804,Jalen Hurts,22,37,59.5,198,5.4,0,1,2,9,30,2,0,1,23.9,23.9,98.3%,PHI,philadelphia_eagles,2021,5,102.51,Lincoln Financial Field,Outdoor,Grass,30.0,2003.0,Philadelphia,PA,39.9008,-75.1675,Philadelphia Eagles
811,Aaron Rodgers,27,39,69.2,344,8.8,2,1,2,0,0,0,0,1,20.8,20.8,28.3%,PIT,pittsburgh_steelers,2021,5,157.12,Acrisure Stadium,Outdoor,Grass,730.0,2001.0,Pittsburgh,PA,40.4468,-80.0158,Pittsburgh Steelers
803,Davis Mills,21,29,72.4,312,10.8,3,0,3,1,2,0,0,1,24.7,24.7,0.8%,HOU,houston_texans,2021,5,147.45,Gillette Stadium,Outdoor,Turf,289.0,2002.0,Foxborough,MA,42.0909,-71.2643,Houston Texans
802,Jameis Winston,15,30,50.0,279,9.3,4,1,2,6,26,0,1,1,26.8,26.8,8.9%,NYG,new_york_giants,2021,5,137.32,AT&T Stadium,Indoor,Turf,639.0,2009.0,Arlington,TX,32.7473,-97.0945,New York Giants
801,Josh Allen,15,26,57.7,315,12.1,3,0,0,11,59,1,0,1,36.5,36.5,99.2%,BUF,buffalo_bills,2021,5,162.47,Highmark Stadium,Outdoor,Grass,600.0,1973.0,Orchard Park,NY,42.7738,-78.7868,Buffalo Bills
799,Lamar Jackson,37,43,86.0,442,10.3,4,0,2,14,62,0,1,1,41.9,41.9,98.8%,BAL,baltimore_ravens,2021,5,219.19,M&T Bank Stadium,Outdoor,Grass,10.0,1998.0,Baltimore,MD,39.2779,-76.6227,Baltimore Ravens
798,Justin Herbert,26,43,60.5,398,9.3,4,0,2,4,29,1,0,1,42.8,42.8,87.6%,LAC,los_angeles_chargers,2021,5,197.92,SoFi Stadium,Outdoor,Turf,100.0,2020.0,Inglewood,CA,33.9535,-118.3392,Los Angeles Chargers
812,Joe Burrow,26,38,68.4,281,7.4,2,2,3,3,11,0,0,1,20.3,20.3,98.2%,CIN,cincinnati_bengals,2021,5,132.19,Lambeau Field,Outdoor,Grass,640.0,1957.0,Green Bay,WI,44.5013,-88.0622,Cincinnati Bengals
814,Matthew Stafford,25,37,67.6,365,9.9,1,1,1,1,-1,0,0,1,17.5,17.5,48.2%,LAR,los_angeles_rams,2021,5,162.83,SoFi Stadium,Outdoor,Turf,100.0,2020.0,Inglewood,CA,33.9535,-118.3392,Los Angeles Rams
833,Andy Dalton,1,1,100.0,8,8.0,0,0,0,0,0,0,0,1,0.3,0.3,1.7%,CAR,carolina_panthers,2021,5,5.11,Lincoln Financial Field,Outdoor,Grass,30.0,2003.0,Philadelphia,PA,39.9008,-75.1675,Carolina Panthers
831,Daniel Jones,5,13,38.5,98,7.5,0,0,0,3,9,0,0,1,4.8,4.8,20.7%,IND,indianapolis_colts,2021,5,45.46,M&T Bank Stadium,Outdoor,Grass,10.0,1998.0,Baltimore,MD,39.2779,-76.6227,Indianapolis Colts
830,Jared Goff,21,35,60.0,203,5.8,0,1,4,0,0,0,1,1,7.1,7.1,83.0%,DET,detroit_lions,2021,5,89.23,U.S. Bank Stadium,Indoor,Turf,840.0,2016.0,Minneapolis,MN,44.974,-93.2581,Detroit Lions
828,Justin Fields,12,20,60.0,111,5.6,1,0,2,3,4,0,0,1,8.8,8.8,80.9%,NYJ,new_york_jets,2021,5,53.58,Mercedes-Benz Stadium,Indoor,Turf,1050.0,2017.0,Atlanta,GA,33.755,-84.4008,New York Jets
827,Zach Wilson,19,32,59.4,192,6.0,0,1,2,1,3,0,0,1,9.0,9.0,4.9%,MIA,miami_dolphins,2021,5,86.4,Raymond James Stadium,Outdoor,Grass,26.0,1998.0,Tampa,FL,27.9759,-82.5033,Miami Dolphins
824,Russell Wilson,11,16,68.8,152,9.5,1,1,2,2,10,0,0,1,10.1,10.1,23.4%,NYG,new_york_giants,2021,5,72.07,AT&T Stadium,Indoor,Turf,639.0,2009.0,Arlington,TX,32.7473,-97.0945,New York Giants
815,Jacoby Brissett,27,39,69.2,275,7.1,2,1,3,0,0,0,1,1,16.0,16.0,3.2%,ARI,arizona_cardinals,2021,5,125.72,State Farm Stadium,Indoor,Turf,1070.0,2006.0,Glendale,AZ,33.5275,-112.2625,Arizona Cardinals
817,Trey Lance,15,29,51.7,192,6.6,0,1,2,16,89,0,0,1,15.6,15.6,1.3%,LAC,los_angeles_chargers,2021,5,99.34,SoFi Stadium,Outdoor,Turf,100.0,2020.0,Inglewood,CA,33.9535,-118.3392,Los Angeles Chargers
823,Geno Smith,10,17,58.8,131,7.7,1,1,0,3,23,0,0,1,10.5,10.5,36.9%,LV,las_vegas_raiders,2021,5,64.79,Soldier Field,Outdoor,Grass,595.0,1924.0,Chicago,IL,41.8623,-87.6167,Las Vegas Raiders
818,Kirk Cousins,25,34,73.5,275,8.1,1,1,2,1,4,0,0,1,14.4,14.4,16.0%,ATL,atlanta_falcons,2021,5,124.8,Mercedes-Benz Stadium,Indoor,Turf,1050.0,2017.0,Atlanta,GA,33.755,-84.4008,Atlanta Falcons
820,Kyler Murray,22,31,71.0,239,7.7,1,0,2,7,1,0,0,1,13.7,13.7,89.7%,ARI,arizona_cardinals,2021,5,109.33,State Farm Stadium,Indoor,Turf,1070.0,2006.0,Glendale,AZ,33.5275,-112.2625,Arizona Cardinals
805,Baker Mayfield,23,32,71.9,305,9.5,2,0,1,2,8,0,0,1,23.0,23.0,94.5%,TB,tampa_bay_buccaneers,2021,5,143.7,Raymond James Stadium,Outdoor,Grass,26.0,1998.0,Tampa,FL,27.9759,-82.5033,Tampa Bay Buccaneers
822,Taylor Heinicke,20,41,48.8,248,6.0,0,2,2,5,40,0,0,1,11.9,11.9,0.6%,LAC,los_angeles_chargers,2021,5,114.53,SoFi Stadium,Outdoor,Turf,100.0,2020.0,Inglewood,CA,33.9535,-118.3392,Los Angeles Chargers
858,Geno Smith,23,32,71.9,209,6.5,1,0,5,1,-1,0,1,1,10.3,10.3,36.9%,LV,las_vegas_raiders,2021,6,94.51,Allegiant Stadium,Indoor,Turf,2001.0,2020.0,Las Vegas,NV,36.0908,-115.183,Las Vegas Raiders
856,Justin Herbert,22,39,56.4,195,5.0,1,1,2,2,12,0,0,1,12.0,12.0,87.6%,LAC,los_angeles_chargers,2021,6,91.0,M&T Bank Stadium,Outdoor,Grass,10.0,1998.0,Baltimore,MD,39.2779,-76.6227,Los Angeles Chargers
859,Taylor Heinicke,24,39,61.5,182,4.7,1,1,0,0,0,0,0,1,10.3,10.3,0.6%,LAC,los_angeles_chargers,2021,6,83.55,M&T Bank Stadium,Outdoor,Grass,10.0,1998.0,Baltimore,MD,39.2779,-76.6227,Los Angeles Chargers
855,Baker Mayfield,19,28,67.9,234,8.4,2,1,5,3,8,0,2,1,13.2,13.2,94.5%,TB,tampa_bay_buccaneers,2021,6,107.52,Raymond James Stadium,Outdoor,Grass,26.0,1998.0,Tampa,FL,27.9759,-82.5033,Tampa Bay Buccaneers
860,Jared Goff,28,42,66.7,202,4.8,0,1,1,1,1,0,0,1,9.2,9.2,83.0%,DET,detroit_lions,2021,6,91.0,Paycor Stadium,Outdoor,Turf,482.0,2000.0,Cincinnati,OH,39.0954,-84.516,Detroit Lions
854,Lamar Jackson,19,27,70.4,167,6.2,1,2,3,8,51,0,0,1,13.8,13.8,98.8%,BAL,baltimore_ravens,2021,6,84.8,M&T Bank Stadium,Outdoor,Grass,10.0,1998.0,Baltimore,MD,39.2779,-76.6227,Baltimore Ravens
861,Davis Mills,29,43,67.4,243,5.7,0,2,2,2,5,0,0,1,8.2,8.2,0.8%,HOU,houston_texans,2021,6,107.28,Lucas Oil Stadium,Indoor,Turf,700.0,2008.0,Indianapolis,IN,39.7601,-86.1639,Houston Texans
862,Daniel Jones,29,51,56.9,242,4.7,0,3,4,3,4,0,1,1,7.1,7.1,20.7%,IND,indianapolis_colts,2021,6,105.61,Lucas Oil Stadium,Indoor,Turf,700.0,2008.0,Indianapolis,IN,39.7601,-86.1639,Indianapolis Colts
852,Justin Fields,16,27,59.3,174,6.4,1,1,4,6,43,0,0,1,14.3,14.3,80.9%,NYJ,new_york_jets,2021,6,86.99,,,,,,,,,,New York Jets
863,Brandon Allen,1,1,100.0,7,7.0,1,0,0,3,-3,0,0,1,4.0,4.0,0.1%,TEN,tennessee_titans,2021,6,7.1,Nissan Stadium,Outdoor,Grass,476.0,1999.0,Nashville,TN,36.1665,-86.7713,Tennessee Titans
864,Jacoby Brissett,1,1,100.0,25,25.0,0,0,0,0,0,0,0,1,1.0,1.0,3.2%,ARI,arizona_cardinals,2021,6,15.8,State Farm Stadium,Indoor,Turf,1070.0,2006.0,Glendale,AZ,33.5275,-112.2625,Arizona Cardinals
851,Mac Jones,15,21,71.4,229,10.9,2,1,2,2,-4,0,1,1,15.8,15.8,4.0%,SF,san_francisco_49ers,2021,6,106.34,,,,,,,,,,San Francisco 49ers
835,Josh Allen,35,47,74.5,353,7.5,3,1,3,9,26,0,0,1,29.7,29.7,99.2%,BUF,buffalo_bills,2021,6,170.39,Nissan Stadium,Outdoor,Grass,476.0,1999.0,Nashville,TN,36.1665,-86.7713,Buffalo Bills
836,Kirk Cousins,33,48,68.8,373,7.8,3,0,0,2,16,0,0,1,28.5,28.5,16.0%,ATL,atlanta_falcons,2021,6,176.51,,,,,,,,,,Atlanta Falcons
866,Case Keenum,1,3,33.3,6,2.0,0,0,0,0,0,0,0,1,0.2,0.2,0.6%,CHI,chicago_bears,2021,6,3.04,Lambeau Field,Outdoor,Grass,640.0,1957.0,Green Bay,WI,44.5013,-88.0622,Chicago Bears
869,John Wolford,0,2,0.0,0,0.0,0,1,0,2,-1,0,0,1,-1.1,-1.1,0.0%,JAC,jacksonville_jaguars,2021,6,-0.97,TIAA Bank Field,Outdoor,Grass,16.0,1995.0,Jacksonville,FL,30.3239,-81.6373,Jacksonville Jaguars
837,Dak Prescott,36,51,70.6,445,8.7,3,1,0,3,10,0,1,1,27.8,27.8,77.0%,DAL,dallas_cowboys,2021,6,204.5,AT&T Stadium,Indoor,Turf,639.0,2009.0,Arlington,TX,32.7473,-97.0945,Dallas Cowboys
838,Matthew Stafford,22,28,78.6,251,9.0,4,1,2,2,12,0,0,1,26.2,26.2,48.2%,LAR,los_angeles_rams,2021,6,125.04,SoFi Stadium,Outdoor,Turf,100.0,2020.0,Inglewood,CA,33.9535,-118.3392,Los Angeles Rams
839,Jalen Hurts,12,26,46.2,115,4.4,1,1,2,10,44,2,0,1,26.0,26.0,98.3%,PHI,philadelphia_eagles,2021,6,71.28,Raymond James Stadium,Outdoor,Grass,26.0,1998.0,Tampa,FL,27.9759,-82.5033,Philadelphia Eagles
840,Kyler Murray,20,30,66.7,229,7.6,4,0,2,7,6,0,0,1,25.8,25.8,89.7%,ARI,arizona_cardinals,2021,6,114.98,State Farm Stadium,Indoor,Turf,1070.0,2006.0,Glendale,AZ,33.5275,-112.2625,Arizona Cardinals
841,Patrick Mahomes Ii,32,47,68.1,397,8.4,2,2,3,3,31,0,0,1,25.0,25.0,96.3%,KC,kansas_city_chiefs,2021,6,184.68,GEHA Field at Arrowhead Stadium,Outdoor,Grass,1020.0,1972.0,Kansas City,MO,39.049,-94.4839,Kansas City Chiefs
842,Joe Burrow,19,29,65.5,271,9.3,3,1,2,5,20,0,0,1,23.8,23.8,98.2%,CIN,cincinnati_bengals,2021,6,131.62,Paycor Stadium,Outdoor,Turf,482.0,2000.0,Cincinnati,OH,39.0954,-84.516,Cincinnati Bengals
843,Aaron Rodgers,17,23,73.9,195,8.5,2,0,3,7,19,1,0,1,23.7,23.7,28.3%,PIT,pittsburgh_steelers,2021,6,100.69,Acrisure Stadium,Outdoor,Grass,730.0,2001.0,Pittsburgh,PA,40.4468,-80.0158,Pittsburgh Steelers
844,Tua Tagovailoa,33,47,70.2,329,7.0,2,1,0,3,22,0,0,1,22.4,22.4,48.2%,MIA,miami_dolphins,2021,6,154.68,TIAA Bank Field,Outdoor,Grass,16.0,1995.0,Jacksonville,FL,30.3239,-81.6373,Miami Dolphins
849,Sam Darnold,17,41,41.5,207,5.0,1,1,4,4,48,0,1,1,16.1,16.1,36.3%,SEA,seattle_seahawks,2021,6,101.67,Acrisure Stadium,Outdoor,Grass,730.0,2001.0,Pittsburgh,PA,40.4468,-80.0158,Seattle Seahawks
850,Trevor Lawrence,25,41,61.0,319,7.8,1,0,2,2,11,0,1,1,15.9,15.9,49.3%,JAC,jacksonville_jaguars,2021,6,144.09,TIAA Bank Field,Outdoor,Grass,16.0,1995.0,Jacksonville,FL,30.3239,-81.6373,Jacksonville Jaguars
887,Jared Goff,22,36,61.1,268,7.4,1,2,2,1,3,0,0,1,13.0,13.0,83.0%,DET,detroit_lions,2021,7,120.38,SoFi Stadium,Outdoor,Turf,100.0,2020.0,Inglewood,CA,33.9535,-118.3392,Detroit Lions
903,Logan Woodside,0,0,0.0,0,0.0,0,0,0,1,-1,0,0,1,-0.1,-0.1,0.0%,CIN,cincinnati_bengals,2021,7,-0.17,Paycor Stadium,Outdoor,Turf,482.0,2000.0,Cincinnati,OH,39.0954,-84.516,Cincinnati Bengals
876,Lamar Jackson,15,31,48.4,257,8.3,1,0,5,12,88,0,0,1,23.1,23.1,98.8%,BAL,baltimore_ravens,2021,7,131.23,Paycor Stadium,Outdoor,Turf,482.0,2000.0,Cincinnati,OH,39.0954,-84.516,Baltimore Ravens
877,Kyler Murray,20,28,71.4,261,9.3,3,1,4,6,10,0,0,1,22.4,22.4,89.7%,ARI,arizona_cardinals,2021,7,125.74,State Farm Stadium,Indoor,Turf,1070.0,2006.0,Glendale,AZ,33.5275,-112.2625,Arizona Cardinals
875,Jalen Hurts,18,34,52.9,236,6.9,2,0,2,13,61,0,1,1,23.5,23.5,98.3%,PHI,philadelphia_eagles,2021,7,120.63,Allegiant Stadium,Indoor,Turf,2001.0,2020.0,Las Vegas,NV,36.0908,-115.183,Philadelphia Eagles
873,Aaron Rodgers,27,35,77.1,274,7.8,3,0,3,2,17,0,0,1,24.7,24.7,28.3%,PIT,pittsburgh_steelers,2021,7,133.75,,,,,,,,,,Pittsburgh Steelers
878,Mac Jones,24,36,66.7,307,8.5,2,0,1,3,19,0,0,1,22.2,22.2,4.0%,SF,san_francisco_49ers,2021,7,144.94,Lucas Oil Stadium,Indoor,Turf,700.0,2008.0,Indianapolis,IN,39.7601,-86.1639,San Francisco 49ers
879,Taylor Heinicke,25,37,67.6,268,7.2,1,1,4,10,95,0,1,1,21.2,21.2,0.6%,LAC,los_angeles_chargers,2021,7,135.58,,,,,,,,,,Los Angeles Chargers
872,Matthew Stafford,28,41,68.3,334,8.1,3,0,1,2,-2,0,0,1,27.2,27.2,48.2%,LAR,los_angeles_rams,2021,7,157.76,SoFi Stadium,Outdoor,Turf,100.0,2020.0,Inglewood,CA,33.9535,-118.3392,Los Angeles Rams
884,Jameis Winston,19,35,54.3,222,6.3,1,0,2,8,40,0,0,1,16.9,16.9,8.9%,NYG,new_york_giants,2021,7,108.09,MetLife Stadium,Outdoor,Turf,3.0,2010.0,East Rutherford,NJ,40.8136,-74.0744,New York Giants
885,Daniel Jones,23,33,69.7,203,6.2,1,0,2,8,28,0,0,1,16.5,16.5,20.7%,IND,indianapolis_colts,2021,7,99.39,Lucas Oil Stadium,Indoor,Turf,700.0,2008.0,Indianapolis,IN,39.7601,-86.1639,Indianapolis Colts
870,Tua Tagovailoa,32,40,80.0,291,7.3,4,2,1,4,29,0,0,1,28.5,28.5,48.2%,MIA,miami_dolphins,2021,7,144.91,Mercedes-Benz Stadium,Indoor,Turf,1050.0,2017.0,Atlanta,GA,33.755,-84.4008,Miami Dolphins
871,Joe Burrow,23,38,60.5,416,10.9,3,1,1,1,0,0,0,1,27.6,27.6,98.2%,CIN,cincinnati_bengals,2021,7,191.0,Paycor Stadium,Outdoor,Turf,482.0,2000.0,Cincinnati,OH,39.0954,-84.516,Cincinnati Bengals
888,Case Keenum,21,33,63.6,199,6.0,1,0,1,4,7,0,0,1,12.7,12.7,0.6%,CHI,chicago_bears,2021,7,92.79,Raymond James Stadium,Outdoor,Grass,26.0,1998.0,Tampa,FL,27.9759,-82.5033,Chicago Bears
889,Geno Smith,12,22,54.5,167,7.6,1,0,5,3,12,0,0,1,11.9,11.9,36.9%,LV,las_vegas_raiders,2021,7,79.35,Allegiant Stadium,Indoor,Turf,2001.0,2020.0,Las Vegas,NV,36.0908,-115.183,Las Vegas Raiders
890,Mike White,20,32,62.5,202,6.3,1,2,1,0,0,0,0,1,10.1,10.1,1.1%,BUF,buffalo_bills,2021,7,91.23,,,,,,,,,,Buffalo Bills
891,Patrick Mahomes Ii,20,35,57.1,206,5.9,0,1,4,6,35,0,1,1,8.7,8.7,96.3%,KC,kansas_city_chiefs,2021,7,94.97,Nissan Stadium,Outdoor,Grass,476.0,1999.0,Nashville,TN,36.1665,-86.7713,Kansas City Chiefs
892,Jimmy Garoppolo,16,27,59.3,181,6.7,1,2,2,2,0,0,1,1,7.2,7.2,2.4%,LAR,los_angeles_rams,2021,7,80.38,SoFi Stadium,Outdoor,Turf,100.0,2020.0,Inglewood,CA,33.9535,-118.3392,Los Angeles Rams
893,Justin Fields,22,32,68.8,184,5.8,0,3,4,8,38,0,2,1,4.2,4.2,80.9%,NYJ,new_york_jets,2021,7,83.2,Gillette Stadium,Outdoor,Turf,289.0,2002.0,Foxborough,MA,42.0909,-71.2643,New York Jets
895,Sam Darnold,16,25,64.0,112,4.5,0,1,3,0,0,0,0,1,3.5,3.5,36.3%,SEA,seattle_seahawks,2021,7,49.65,Caesars Superdome,Indoor,Turf,3.0,1975.0,New Orleans,LA,29.9509,-90.0815,Seattle Seahawks
896,Davis Mills,23,32,71.9,135,4.2,0,0,2,0,0,0,1,1,3.4,3.4,0.8%,HOU,houston_texans,2021,7,59.42,State Farm Stadium,Indoor,Turf,1070.0,2006.0,Glendale,AZ,33.5275,-112.2625,Houston Texans
899,Zach Wilson,6,10,60.0,51,5.1,0,0,1,0,0,0,0,1,2.0,2.0,4.9%,MIA,miami_dolphins,2021,7,23.42,Mercedes-Benz Stadium,Indoor,Turf,1050.0,2017.0,Atlanta,GA,33.755,-84.4008,Miami Dolphins
902,Marcus Mariota,0,0,0.0,0,0.0,0,0,0,1,4,0,0,1,0.4,0.4,3.1%,WAS,washington_commanders,2021,7,0.68,Lambeau Field,Outdoor,Grass,640.0,1957.0,Green Bay,WI,44.5013,-88.0622,Washington Commanders
920,Aaron Rodgers,22,37,59.5,184,5.0,2,0,1,2,3,0,0,1,15.7,15.7,28.3%,PIT,pittsburgh_steelers,2021,8,88.69,Acrisure Stadium,Outdoor,Grass,730.0,2001.0,Pittsburgh,PA,40.4468,-80.0158,Pittsburgh Steelers
932,Jameis Winston,6,10,60.0,56,5.6,1,0,0,4,40,0,0,1,10.2,10.2,8.9%,NYG,new_york_giants,2021,8,35.56,GEHA Field at Arrowhead Stadium,Outdoor,Grass,1020.0,1972.0,Kansas City,MO,39.049,-94.4839,New York Giants
906,Mike White,37,45,82.2,405,9.0,3,2,2,5,-1,0,0,1,28.1,28.1,1.1%,BUF,buffalo_bills,2021,8,187.77,Highmark Stadium,Outdoor,Grass,600.0,1973.0,Orchard Park,NY,42.7738,-78.7868,Buffalo Bills
907,Jimmy Garoppolo,17,28,60.7,322,11.5,0,0,0,5,4,2,0,1,27.3,27.3,2.4%,LAR,los_angeles_rams,2021,8,152.71,SoFi Stadium,Outdoor,Turf,100.0,2020.0,Inglewood,CA,33.9535,-118.3392,Los Angeles Rams
940,Logan Woodside,0,0,0.0,0,0.0,0,0,0,1,-1,0,0,1,-0.1,-0.1,0.0%,CIN,cincinnati_bengals,2021,8,-0.17,MetLife Stadium,Outdoor,Turf,3.0,2010.0,East Rutherford,NJ,40.8136,-74.0744,Cincinnati Bengals
909,Justin Fields,19,27,70.4,175,6.5,1,1,4,10,103,1,0,1,26.3,26.3,80.9%,NYJ,new_york_jets,2021,8,102.31,MetLife Stadium,Outdoor,Turf,3.0,2010.0,East Rutherford,NJ,40.8136,-74.0744,New York Jets
910,Matthew Stafford,21,32,65.6,305,9.5,3,0,0,0,0,0,0,1,24.2,24.2,48.2%,LAR,los_angeles_rams,2021,8,143.84,SoFi Stadium,Outdoor,Turf,100.0,2020.0,Inglewood,CA,33.9535,-118.3392,Los Angeles Rams
939,John Wolford,1,2,50.0,5,2.5,0,0,1,0,0,0,0,1,0.2,0.2,0.0%,JAC,jacksonville_jaguars,2021,8,2.74,Lumen Field,Outdoor,Turf,20.0,2002.0,Seattle,WA,47.5952,-122.3316,Jacksonville Jaguars
912,Geno Smith,20,24,83.3,195,8.1,2,0,3,2,8,1,0,1,22.6,22.6,36.9%,LV,las_vegas_raiders,2021,8,99.04,,,,,,,,,,Las Vegas Raiders
913,Davis Mills,29,38,76.3,310,8.2,2,1,5,0,0,0,0,1,21.4,21.4,0.8%,HOU,houston_texans,2021,8,144.02,SoFi Stadium,Outdoor,Turf,100.0,2020.0,Inglewood,CA,33.9535,-118.3392,Houston Texans
914,Joe Burrow,21,34,61.8,259,7.6,3,1,3,1,-1,0,0,1,21.3,21.3,98.2%,CIN,cincinnati_bengals,2021,8,122.83,MetLife Stadium,Outdoor,Turf,3.0,2010.0,East Rutherford,NJ,40.8136,-74.0744,Cincinnati Bengals
938,Gardner Minshew Ii,2,2,100.0,11,5.5,0,0,0,0,0,0,0,1,0.4,0.4,3.1%,KC,kansas_city_chiefs,2021,8,5.98,GEHA Field at Arrowhead Stadium,Outdoor,Grass,1020.0,1972.0,Kansas City,MO,39.049,-94.4839,Kansas City Chiefs
916,Cooper Rush,24,40,60.0,325,8.1,2,1,3,1,2,0,1,1,18.2,18.2,1.8%,BAL,baltimore_ravens,2021,8,147.36,,,,,,,,,,Baltimore Ravens
917,Daniel Jones,22,32,68.8,222,6.9,2,1,3,5,12,0,0,1,17.1,17.1,20.7%,IND,indianapolis_colts,2021,8,106.05,Nissan Stadium,Outdoor,Grass,476.0,1999.0,Nashville,TN,36.1665,-86.7713,Indianapolis Colts
918,Tua Tagovailoa,21,39,53.8,205,5.3,0,1,2,4,10,1,0,1,16.2,16.2,48.2%,MIA,miami_dolphins,2021,8,97.6,Highmark Stadium,Outdoor,Grass,600.0,1973.0,Orchard Park,NY,42.7738,-78.7868,Miami Dolphins
919,Justin Herbert,18,35,51.4,223,6.4,2,2,3,2,9,0,0,1,15.8,15.8,87.6%,LAC,los_angeles_chargers,2021,8,104.64,Gillette Stadium,Outdoor,Turf,289.0,2002.0,Foxborough,MA,42.0909,-71.2643,Los Angeles Chargers
928,Mac Jones,18,35,51.4,217,6.2,0,0,1,4,10,0,0,1,11.7,11.7,4.0%,SF,san_francisco_49ers,2021,8,99.03,Levi's Stadium,Outdoor,Grass,13.0,2014.0,Santa Clara,CA,37.403,-121.9692,San Francisco 49ers
921,Patrick Mahomes Ii,29,48,60.4,275,5.7,1,1,2,3,10,0,0,1,15.0,15.0,96.3%,KC,kansas_city_chiefs,2021,8,125.74,GEHA Field at Arrowhead Stadium,Outdoor,Grass,1020.0,1972.0,Kansas City,MO,39.049,-94.4839,Kansas City Chiefs
936,Josh Johnson,2,4,50.0,17,4.3,0,0,0,0,0,0,0,1,0.7,0.7,1.0%,WAS,washington_commanders,2021,8,8.35,Empower Field at Mile High,Outdoor,Turf,5280.0,2001.0,Denver,CO,39.7439,-105.0201,Washington Commanders
923,Taylor Heinicke,24,39,61.5,270,6.9,1,2,5,1,10,0,0,1,13.8,13.8,0.6%,LAC,los_angeles_chargers,2021,8,122.54,Gillette Stadium,Outdoor,Turf,289.0,2002.0,Foxborough,MA,42.0909,-71.2643,Los Angeles Chargers
924,Trevor Lawrence,32,54,59.3,238,4.4,1,1,1,3,11,0,0,1,13.6,13.6,49.3%,JAC,jacksonville_jaguars,2021,8,110.1,Lumen Field,Outdoor,Turf,20.0,2002.0,Seattle,WA,47.5952,-122.3316,Jacksonville Jaguars
925,Kirk Cousins,23,35,65.7,184,5.3,1,0,1,3,18,0,0,1,13.2,13.2,16.0%,ATL,atlanta_falcons,2021,8,88.3,Bank of America Stadium,Outdoor,Grass,748.0,1996.0,Charlotte,NC,35.2258,-80.8528,Atlanta Falcons
934,Jared Goff,25,34,73.5,222,6.5,0,0,5,0,0,0,0,1,8.9,8.9,83.0%,DET,detroit_lions,2021,8,98.83,Lincoln Financial Field,Outdoor,Grass,30.0,2003.0,Philadelphia,PA,39.9008,-75.1675,Detroit Lions
927,Sam Darnold,13,24,54.2,129,5.4,0,0,0,8,66,0,0,1,11.8,11.8,36.3%,SEA,seattle_seahawks,2021,8,68.84,Lumen Field,Outdoor,Turf,20.0,2002.0,Seattle,WA,47.5952,-122.3316,Seattle Seahawks
933,Baker Mayfield,20,31,64.5,225,7.3,0,0,4,1,5,0,0,1,9.5,9.5,94.5%,TB,tampa_bay_buccaneers,2021,8,100.61,Caesars Superdome,Indoor,Turf,3.0,1975.0,New Orleans,LA,29.9509,-90.0815,Tampa Bay Buccaneers
929,Jalen Hurts,9,14,64.3,103,7.4,0,0,0,7,71,0,0,1,11.2,11.2,98.3%,PHI,philadelphia_eagles,2021,8,58.52,Lincoln Financial Field,Outdoor,Grass,30.0,2003.0,Philadelphia,PA,39.9008,-75.1675,Philadelphia Eagles
930,Kyler Murray,22,33,66.7,274,8.3,0,2,2,6,21,0,0,1,11.1,11.1,89.7%,ARI,arizona_cardinals,2021,8,123.13,Lambeau Field,Outdoor,Grass,640.0,1957.0,Green Bay,WI,44.5013,-88.0622,Arizona Cardinals
905,Josh Allen,29,42,69.0,249,5.9,2,0,0,8,55,1,0,1,29.5,29.5,99.2%,BUF,buffalo_bills,2021,8,130.63,Highmark Stadium,Outdoor,Grass,600.0,1973.0,Orchard Park,NY,42.7738,-78.7868,Buffalo Bills
943,Justin Herbert,32,38,84.2,356,9.4,2,0,0,5,14,1,0,1,31.6,31.6,87.6%,LAC,los_angeles_chargers,2021,9,171.8,SoFi Stadium,Outdoor,Turf,100.0,2020.0,Inglewood,CA,33.9535,-118.3392,Los Angeles Chargers
963,Patrick Mahomes Ii,20,37,54.1,166,4.5,1,0,1,2,-2,0,0,1,10.4,10.4,96.3%,KC,kansas_city_chiefs,2021,9,76.68,GEHA Field at Arrowhead Stadium,Outdoor,Grass,1020.0,1972.0,Kansas City,MO,39.049,-94.4839,Kansas City Chiefs
970,Sam Darnold,16,33,48.5,172,5.2,0,3,1,3,9,0,0,1,4.8,4.8,36.3%,SEA,seattle_seahawks,2021,9,75.4,,,,,,,,,,Seattle Seahawks
969,Trevor Lawrence,15,26,57.7,118,4.5,0,0,2,3,4,0,0,1,5.1,5.1,49.3%,JAC,jacksonville_jaguars,2021,9,53.57,TIAA Bank Field,Outdoor,Grass,16.0,1995.0,Jacksonville,FL,30.3239,-81.6373,Jacksonville Jaguars
974,Brandon Allen,1,2,50.0,6,3.0,0,0,0,1,0,0,0,1,0.2,0.2,0.1%,TEN,tennessee_titans,2021,9,3.24,Nissan Stadium,Outdoor,Grass,476.0,1999.0,Nashville,TN,36.1665,-86.7713,Tennessee Titans
968,Mac Jones,12,18,66.7,139,7.7,1,1,2,2,4,0,1,1,7.0,7.0,4.0%,SF,san_francisco_49ers,2021,9,63.74,State Farm Stadium,Indoor,Turf,1070.0,2006.0,Glendale,AZ,33.5275,-112.2625,San Francisco 49ers
976,Sam Ehlinger,0,0,0.0,0,0.0,0,0,0,1,1,0,0,1,0.1,0.1,0.1%,DEN,denver_broncos,2021,9,0.17,Empower Field at Mile High,Outdoor,Turf,5280.0,2001.0,Denver,CO,39.7439,-105.0201,Denver Broncos
977,Logan Woodside,0,0,0.0,0,0.0,0,0,0,1,-1,0,0,1,-0.1,-0.1,0.0%,CIN,cincinnati_bengals,2021,9,-0.17,FirstEnergy Stadium,Outdoor,Grass,577.0,1999.0,Cleveland,OH,41.5061,-81.6995,Cincinnati Bengals
967,Mike White,7,11,63.6,95,8.6,1,0,0,0,0,0,0,1,7.8,7.8,1.1%,BUF,buffalo_bills,2021,9,46.18,TIAA Bank Field,Outdoor,Grass,16.0,1995.0,Jacksonville,FL,30.3239,-81.6373,Buffalo Bills
962,Jacoby Brissett,26,43,60.5,244,5.7,1,2,4,1,7,0,1,1,10.5,10.5,3.2%,ARI,arizona_cardinals,2021,9,109.39,State Farm Stadium,Indoor,Turf,1070.0,2006.0,Glendale,AZ,33.5275,-112.2625,Arizona Cardinals
966,Daniel Jones,15,20,75.0,110,5.5,1,0,2,4,17,0,1,1,8.1,8.1,20.7%,IND,indianapolis_colts,2021,9,54.17,Lucas Oil Stadium,Indoor,Turf,700.0,2008.0,Indianapolis,IN,39.7601,-86.1639,Indianapolis Colts
942,Lamar Jackson,27,41,65.9,266,6.5,3,2,3,21,120,0,0,1,32.6,32.6,98.8%,BAL,baltimore_ravens,2021,9,145.92,M&T Bank Stadium,Outdoor,Grass,10.0,1998.0,Baltimore,MD,39.2779,-76.6227,Baltimore Ravens
973,Feleipe Franks,0,0,0.0,0,0.0,0,0,0,2,3,0,0,1,0.3,0.3,0.0%,ATL,atlanta_falcons,2021,9,0.51,Mercedes-Benz Stadium,Indoor,Turf,1050.0,2017.0,Atlanta,GA,33.755,-84.4008,Atlanta Falcons
972,Marcus Mariota,0,0,0.0,0,0.0,0,0,0,1,6,0,0,1,0.6,0.6,3.1%,WAS,washington_commanders,2021,9,1.02,,,,,,,,,,Washington Commanders
961,Josh Allen,31,47,66.0,264,5.6,0,2,4,5,50,0,1,1,11.6,11.6,99.2%,BUF,buffalo_bills,2021,9,122.64,TIAA Bank Field,Outdoor,Grass,16.0,1995.0,Jacksonville,FL,30.3239,-81.6373,Buffalo Bills
964,Joe Burrow,28,40,70.0,282,7.1,0,2,5,2,1,0,0,1,9.4,9.4,98.2%,CIN,cincinnati_bengals,2021,9,123.5,FirstEnergy Stadium,Outdoor,Grass,577.0,1999.0,Cleveland,OH,41.5061,-81.6995,Cincinnati Bengals
965,Tyrod Taylor,24,43,55.8,240,5.6,0,3,5,3,23,0,0,1,8.9,8.9,2.4%,NYJ,new_york_jets,2021,9,107.75,Lucas Oil Stadium,Indoor,Turf,700.0,2008.0,Indianapolis,IN,39.7601,-86.1639,New York Jets
948,Kirk Cousins,17,28,60.7,187,6.7,2,0,0,1,1,1,0,1,21.6,21.6,16.0%,ATL,atlanta_falcons,2021,9,93.86,Mercedes-Benz Stadium,Indoor,Turf,1050.0,2017.0,Atlanta,GA,33.755,-84.4008,Atlanta Falcons
949,Jimmy Garoppolo,28,40,70.0,326,8.2,2,1,5,1,3,0,0,1,20.3,20.3,2.4%,LAR,los_angeles_rams,2021,9,149.85,Nissan Stadium,Outdoor,Grass,476.0,1999.0,Nashville,TN,36.1665,-86.7713,Los Angeles Rams
950,Dak Prescott,19,39,48.7,232,5.9,2,1,2,2,16,0,0,1,19.9,19.9,77.0%,DAL,dallas_cowboys,2021,9,111.91,Empower Field at Mile High,Outdoor,Turf,5280.0,2001.0,Denver,CO,39.7439,-105.0201,Dallas Cowboys
951,Justin Fields,17,29,58.6,291,10.0,1,1,3,8,45,0,0,1,19.1,19.1,80.9%,NYJ,new_york_jets,2021,9,138.17,Lucas Oil Stadium,Indoor,Turf,700.0,2008.0,Indianapolis,IN,39.7601,-86.1639,New York Jets
952,Jalen Hurts,11,17,64.7,162,9.5,1,0,1,10,62,0,0,1,16.7,16.7,98.3%,PHI,philadelphia_eagles,2021,9,85.99,SoFi Stadium,Outdoor,Turf,100.0,2020.0,Inglewood,CA,33.9535,-118.3392,Philadelphia Eagles
953,Baker Mayfield,14,21,66.7,218,10.4,2,0,2,0,0,0,0,1,16.7,16.7,94.5%,TB,tampa_bay_buccaneers,2021,9,102.97,,,,,,,,,,Tampa Bay Buccaneers
957,Matthew Stafford,31,48,64.6,294,6.1,1,2,5,2,13,0,0,1,15.1,15.1,48.2%,LAR,los_angeles_rams,2021,9,133.89,Nissan Stadium,Outdoor,Grass,476.0,1999.0,Nashville,TN,36.1665,-86.7713,Los Angeles Rams
959,Jordan Love,19,34,55.9,190,5.6,1,1,1,5,23,0,0,1,12.9,12.9,73.1%,GB,green_bay_packers,2021,9,90.55,GEHA Field at Arrowhead Stadium,Outdoor,Grass,1020.0,1972.0,Kansas City,MO,39.049,-94.4839,Green Bay Packers
945,Josh Johnson,27,41,65.9,317,7.7,3,1,2,4,18,0,0,1,25.5,25.5,1.0%,WAS,washington_commanders,2021,9,151.49,,,,,,,,,,Washington Commanders
997,Aaron Rodgers,23,37,62.2,292,7.9,0,1,1,2,8,0,0,1,11.5,11.5,28.3%,PIT,pittsburgh_steelers,2021,10,129.43,Acrisure Stadium,Outdoor,Grass,730.0,2001.0,Pittsburgh,PA,40.4468,-80.0158,Pittsburgh Steelers
1006,Baker Mayfield,11,21,52.4,73,3.5,1,1,2,0,0,0,0,1,5.9,5.9,94.5%,TB,tampa_bay_buccaneers,2021,10,35.33,FedExField,Outdoor,Grass,300.0,1997.0,Landover,MD,38.9078,-76.8645,Tampa Bay Buccaneers
980,Dak Prescott,24,31,77.4,296,9.5,2,0,0,2,5,1,0,1,26.3,26.3,77.0%,DAL,dallas_cowboys,2021,10,142.41,AT&T Stadium,Indoor,Turf,639.0,2009.0,Arlington,TX,32.7473,-97.0945,Dallas Cowboys
981,Josh Allen,21,28,75.0,366,13.1,2,1,2,2,3,0,0,1,21.9,21.9,99.2%,BUF,buffalo_bills,2021,10,167.25,Highmark Stadium,Outdoor,Grass,600.0,1973.0,Orchard Park,NY,42.7738,-78.7868,Buffalo Bills
1014,Feleipe Franks,0,0,0.0,0,0.0,0,0,0,0,0,0,0,1,0.0,0.0,0.0%,ATL,atlanta_falcons,2021,10,0.0,AT&T Stadium,Indoor,Turf,639.0,2009.0,Arlington,TX,32.7473,-97.0945,Atlanta Falcons
1013,Cooper Rush,3,3,100.0,17,5.7,0,0,0,3,-6,0,0,1,0.1,0.1,1.8%,BAL,baltimore_ravens,2021,10,7.71,Hard Rock Stadium,Outdoor,Grass,7.0,1987.0,Miami Gardens,FL,25.958,-80.238,Baltimore Ravens
1009,Case Keenum,8,12,66.7,81,6.8,0,0,3,0,0,0,0,1,3.2,3.2,0.6%,CHI,chicago_bears,2021,10,36.8,,,,,,,,,,Chicago Bears
1008,Jared Goff,14,25,56.0,114,4.6,0,0,4,0,0,0,0,1,4.6,4.6,83.0%,DET,detroit_lions,2021,10,51.14,Acrisure Stadium,Outdoor,Grass,730.0,2001.0,Pittsburgh,PA,40.4468,-80.0158,Detroit Lions
1007,Joe Flacco,3,3,100.0,47,15.7,1,0,0,0,0,0,0,1,5.9,5.9,15.4%,CLE,cleveland_browns,2021,10,26.67,Gillette Stadium,Outdoor,Turf,289.0,2002.0,Foxborough,MA,42.0909,-71.2643,Cleveland Browns
979,Patrick Mahomes Ii,35,50,70.0,406,8.1,5,0,0,0,0,0,0,1,36.2,36.2,96.3%,KC,kansas_city_chiefs,2021,10,194.36,GEHA Field at Arrowhead Stadium,Outdoor,Grass,1020.0,1972.0,Kansas City,MO,39.049,-94.4839,Kansas City Chiefs
1005,Mike White,24,44,54.5,251,5.7,0,4,1,0,0,0,0,1,6.0,6.0,1.1%,BUF,buffalo_bills,2021,10,107.74,Highmark Stadium,Outdoor,Grass,600.0,1973.0,Orchard Park,NY,42.7738,-78.7868,Buffalo Bills
1003,Jacoby Brissett,11,23,47.8,156,6.8,0,0,2,1,4,0,0,1,6.6,6.6,3.2%,ARI,arizona_cardinals,2021,10,69.88,Bank of America Stadium,Outdoor,Grass,748.0,1996.0,Charlotte,NC,35.2258,-80.8528,Arizona Cardinals
1000,Russell Wilson,20,40,50.0,161,4.0,0,2,3,5,32,0,0,1,7.6,7.6,23.4%,NYG,new_york_giants,2021,10,75.52,,,,,,,,,,New York Giants
998,Trevor Lawrence,16,35,45.7,162,4.6,0,0,3,5,33,0,1,1,9.8,9.8,49.3%,JAC,jacksonville_jaguars,2021,10,77.38,Lucas Oil Stadium,Indoor,Turf,700.0,2008.0,Indianapolis,IN,39.7601,-86.1639,Jacksonville Jaguars
995,Matthew Stafford,26,41,63.4,243,5.9,1,2,2,1,1,0,0,1,11.8,11.8,48.2%,LAR,los_angeles_rams,2021,10,109.44,Levi's Stadium,Outdoor,Grass,13.0,2014.0,Santa Clara,CA,37.403,-121.9692,Los Angeles Rams
994,Tua Tagovailoa,8,13,61.5,158,12.2,0,0,1,3,0,1,0,1,12.3,12.3,48.2%,MIA,miami_dolphins,2021,10,75.25,Hard Rock Stadium,Outdoor,Grass,7.0,1987.0,Miami Gardens,FL,25.958,-80.238,Miami Dolphins
993,Justin Herbert,20,34,58.8,195,5.7,1,1,2,2,22,0,0,1,13.0,13.0,87.6%,LAC,los_angeles_chargers,2021,10,92.64,U.S. Bank Stadium,Indoor,Turf,840.0,2016.0,Minneapolis,MN,44.974,-93.2581,Los Angeles Chargers
991,Jimmy Garoppolo,15,19,78.9,182,9.6,2,0,1,2,1,0,0,1,15.4,15.4,2.4%,LAR,los_angeles_rams,2021,10,87.7,Levi's Stadium,Outdoor,Grass,13.0,2014.0,Santa Clara,CA,37.403,-121.9692,Los Angeles Rams
990,Taylor Heinicke,26,32,81.3,256,8.0,1,0,5,3,15,0,0,1,15.7,15.7,0.6%,LAC,los_angeles_chargers,2021,10,119.39,U.S. Bank Stadium,Indoor,Turf,840.0,2016.0,Minneapolis,MN,44.974,-93.2581,Los Angeles Chargers
989,Mason Rudolph,30,50,60.0,242,4.8,1,1,0,4,36,0,0,1,16.3,16.3,5.9%,PIT,pittsburgh_steelers,2021,10,115.97,Acrisure Stadium,Outdoor,Grass,730.0,2001.0,Pittsburgh,PA,40.4468,-80.0158,Pittsburgh Steelers
988,Lamar Jackson,26,43,60.5,238,5.5,1,1,4,9,39,0,0,1,16.4,16.4,98.8%,BAL,baltimore_ravens,2021,10,114.48,Hard Rock Stadium,Outdoor,Grass,7.0,1987.0,Miami Gardens,FL,25.958,-80.238,Baltimore Ravens
987,Kirk Cousins,25,37,67.6,294,7.9,2,0,2,4,-3,0,1,1,17.5,17.5,16.0%,ATL,atlanta_falcons,2021,10,134.13,AT&T Stadium,Indoor,Turf,639.0,2009.0,Arlington,TX,32.7473,-97.0945,Atlanta Falcons
982,Mac Jones,19,23,82.6,198,8.6,3,0,2,0,0,0,0,1,19.9,19.9,4.0%,SF,san_francisco_49ers,2021,10,97.65,Levi's Stadium,Outdoor,Grass,13.0,2014.0,Santa Clara,CA,37.403,-121.9692,San Francisco 49ers
984,Jalen Hurts,16,23,69.6,178,7.7,2,1,2,13,55,0,0,1,19.6,19.6,98.3%,PHI,philadelphia_eagles,2021,10,94.06,Lincoln Financial Field,Outdoor,Grass,30.0,2003.0,Philadelphia,PA,39.9008,-75.1675,Philadelphia Eagles
1018,Justin Herbert,30,41,73.2,382,9.3,3,1,2,9,90,0,0,1,35.3,35.3,87.6%,LAC,los_angeles_chargers,2021,11,192.17,SoFi Stadium,Outdoor,Turf,100.0,2020.0,Inglewood,CA,33.9535,-118.3392,Los Angeles Chargers
1055,Feleipe Franks,0,1,0.0,0,0.0,0,1,0,0,0,0,0,1,-1.0,-1.0,0.0%,ATL,atlanta_falcons,2021,11,-0.8,Gillette Stadium,Outdoor,Turf,289.0,2002.0,Foxborough,MA,42.0909,-71.2643,Atlanta Falcons
1053,Mitchell Trubisky,3,5,60.0,19,3.8,0,1,0,0,0,0,0,1,-0.2,-0.2,1.3%,BUF,buffalo_bills,2021,11,8.42,Lucas Oil Stadium,Indoor,Turf,700.0,2008.0,Indianapolis,IN,39.7601,-86.1639,Buffalo Bills
1052,Jordan Love,0,0,0.0,0,0.0,0,0,0,1,-1,0,0,1,-0.1,-0.1,73.1%,GB,green_bay_packers,2021,11,-0.17,U.S. Bank Stadium,Indoor,Turf,840.0,2016.0,Minneapolis,MN,44.974,-93.2581,Green Bay Packers
1050,Trey Lance,0,0,0.0,0,0.0,0,0,0,3,4,0,0,1,0.4,0.4,1.3%,LAC,los_angeles_chargers,2021,11,0.68,SoFi Stadium,Outdoor,Turf,100.0,2020.0,Inglewood,CA,33.9535,-118.3392,Los Angeles Chargers
1049,Sam Ehlinger,0,0,0.0,0,0.0,0,0,0,1,9,0,0,1,0.9,0.9,0.1%,DEN,denver_broncos,2021,11,1.53,,,,,,,,,,Denver Broncos
1048,Tim Boyle,15,23,65.2,77,3.3,0,2,0,0,0,0,0,1,1.1,1.1,0.0%,TEN,tennessee_titans,2021,11,33.53,NRG Stadium,Indoor,Turf,50.0,2002.0,Houston,TX,29.6847,-95.4107,Tennessee Titans
1047,Justin Fields,4,11,36.4,79,7.2,0,0,2,4,23,0,1,1,3.5,3.5,80.9%,NYJ,new_york_jets,2021,11,38.09,Hard Rock Stadium,Outdoor,Grass,7.0,1987.0,Miami Gardens,FL,25.958,-80.238,New York Jets
1045,Dak Prescott,28,43,65.1,216,5.0,0,2,5,0,0,0,1,1,4.6,4.6,77.0%,DAL,dallas_cowboys,2021,11,93.12,GEHA Field at Arrowhead Stadium,Outdoor,Grass,1020.0,1972.0,Kansas City,MO,39.049,-94.4839,Dallas Cowboys
1044,Patrick Mahomes Ii,23,37,62.2,260,7.0,0,1,3,7,11,0,1,1,8.5,8.5,96.3%,KC,kansas_city_chiefs,2021,11,114.55,GEHA Field at Arrowhead Stadium,Outdoor,Grass,1020.0,1972.0,Kansas City,MO,39.049,-94.4839,Kansas City Chiefs
1043,Russell Wilson,14,26,53.8,207,8.0,0,0,4,2,2,0,0,1,8.5,8.5,23.4%,NYG,new_york_giants,2021,11,91.95,Raymond James Stadium,Outdoor,Grass,26.0,1998.0,Tampa,FL,27.9759,-82.5033,New York Giants
1042,Trevor Lawrence,16,25,64.0,158,6.3,0,0,3,3,23,0,0,1,8.6,8.6,49.3%,JAC,jacksonville_jaguars,2021,11,74.38,Levi's Stadium,Outdoor,Grass,13.0,2014.0,Santa Clara,CA,37.403,-121.9692,Jacksonville Jaguars
1041,Joe Burrow,20,29,69.0,148,5.1,1,0,3,3,11,0,1,1,9.0,9.0,98.2%,CIN,cincinnati_bengals,2021,11,69.82,Paycor Stadium,Outdoor,Turf,482.0,2000.0,Cincinnati,OH,39.0954,-84.516,Cincinnati Bengals
1039,Daniel Jones,23,38,60.5,167,4.4,1,2,2,3,10,0,0,1,9.7,9.7,20.7%,IND,indianapolis_colts,2021,11,77.87,Lucas Oil Stadium,Indoor,Turf,700.0,2008.0,Indianapolis,IN,39.7601,-86.1639,Indianapolis Colts
1038,Baker Mayfield,15,29,51.7,176,6.1,1,2,1,4,9,0,0,1,9.9,9.9,94.5%,TB,tampa_bay_buccaneers,2021,11,81.05,Raymond James Stadium,Outdoor,Grass,26.0,1998.0,Tampa,FL,27.9759,-82.5033,Tampa Bay Buccaneers
1036,Mac Jones,22,26,84.6,207,8.0,1,1,3,6,1,0,0,1,11.4,11.4,4.0%,SF,san_francisco_49ers,2021,11,94.88,Levi's Stadium,Outdoor,Grass,13.0,2014.0,Santa Clara,CA,37.403,-121.9692,San Francisco 49ers
1033,Jimmy Garoppolo,16,22,72.7,176,8.0,2,0,2,2,6,0,0,1,15.6,15.6,2.4%,LAR,los_angeles_rams,2021,11,85.72,,,,,,,,,,Los Angeles Rams
1032,Andy Dalton,11,23,47.8,201,8.7,2,0,1,0,0,0,0,1,16.0,16.0,1.7%,CAR,carolina_panthers,2021,11,95.04,FedExField,Outdoor,Grass,300.0,1997.0,Landover,MD,38.9078,-76.8645,Carolina Panthers
1031,Joe Flacco,24,39,61.5,291,7.5,2,0,2,2,3,0,1,1,17.9,17.9,15.4%,CLE,cleveland_browns,2021,11,133.63,FirstEnergy Stadium,Outdoor,Grass,577.0,1999.0,Cleveland,OH,41.5061,-81.6995,Cleveland Browns
1030,Josh Allen,21,35,60.0,209,6.0,2,2,1,2,18,0,0,1,18.2,18.2,99.2%,BUF,buffalo_bills,2021,11,101.84,Lucas Oil Stadium,Indoor,Turf,700.0,2008.0,Indianapolis,IN,39.7601,-86.1639,Buffalo Bills
1029,Tua Tagovailoa,27,33,81.8,273,8.3,2,1,0,3,6,0,0,1,18.5,18.5,48.2%,MIA,miami_dolphins,2021,11,127.61,Hard Rock Stadium,Outdoor,Grass,7.0,1987.0,Miami Gardens,FL,25.958,-80.238,Miami Dolphins
1028,Tyrod Taylor,14,24,58.3,107,4.5,0,0,0,6,28,2,0,1,19.1,19.1,2.4%,NYJ,new_york_jets,2021,11,61.67,Hard Rock Stadium,Outdoor,Grass,7.0,1987.0,Miami Gardens,FL,25.958,-80.238,New York Jets
1024,Taylor Heinicke,16,22,72.7,206,9.4,3,0,3,6,29,0,0,1,23.1,23.1,0.6%,LAC,los_angeles_chargers,2021,11,105.85,SoFi Stadium,Outdoor,Turf,100.0,2020.0,Inglewood,CA,33.9535,-118.3392,Los Angeles Chargers
1023,Kirk Cousins,24,35,68.6,341,9.7,3,0,2,2,-4,0,0,1,25.2,25.2,16.0%,ATL,atlanta_falcons,2021,11,158.88,Gillette Stadium,Outdoor,Turf,289.0,2002.0,Foxborough,MA,42.0909,-71.2643,Atlanta Falcons
1020,Jalen Hurts,13,24,54.2,147,6.1,0,0,3,18,69,3,0,1,30.8,30.8,98.3%,PHI,philadelphia_eagles,2021,11,90.38,Lincoln Financial Field,Outdoor,Grass,30.0,2003.0,Philadelphia,PA,39.9008,-75.1675,Philadelphia Eagles
1019,Aaron Rodgers,23,33,69.7,385,11.7,4,0,2,2,21,0,0,1,33.5,33.5,28.3%,PIT,pittsburgh_steelers,2021,11,185.39,SoFi Stadium,Outdoor,Turf,100.0,2020.0,Inglewood,CA,33.9535,-118.3392,Pittsburgh Steelers
1073,Tua Tagovailoa,27,31,87.1,230,7.4,1,0,2,4,0,0,0,1,13.2,13.2,48.2%,MIA,miami_dolphins,2021,12,105.72,Hard Rock Stadium,Outdoor,Grass,7.0,1987.0,Miami Gardens,FL,25.958,-80.238,Miami Dolphins
1056,Josh Allen,23,28,82.1,260,9.3,4,2,2,8,43,0,0,1,28.7,28.7,99.2%,BUF,buffalo_bills,2021,12,133.55,Highmark Stadium,Outdoor,Grass,600.0,1973.0,Orchard Park,NY,42.7738,-78.7868,Buffalo Bills
1061,Justin Herbert,28,44,63.6,303,6.9,2,2,3,4,36,0,0,1,21.7,21.7,87.6%,LAC,los_angeles_chargers,2021,12,144.57,Empower Field at Mile High,Outdoor,Turf,5280.0,2001.0,Denver,CO,39.7439,-105.0201,Los Angeles Chargers
1077,Taylor Heinicke,27,35,77.1,223,6.4,1,1,1,4,3,0,0,1,12.2,12.2,0.6%,LAC,los_angeles_chargers,2021,12,102.22,Empower Field at Mile High,Outdoor,Turf,5280.0,2001.0,Denver,CO,39.7439,-105.0201,Los Angeles Chargers
1076,Jimmy Garoppolo,17,26,65.4,230,8.8,1,1,2,3,0,0,0,1,12.2,12.2,2.4%,LAR,los_angeles_rams,2021,12,104.2,Lambeau Field,Outdoor,Grass,640.0,1957.0,Green Bay,WI,44.5013,-88.0622,Los Angeles Rams
1075,Baker Mayfield,18,37,48.6,247,6.7,1,0,2,2,4,0,1,1,12.3,12.3,94.5%,TB,tampa_bay_buccaneers,2021,12,111.15,Raymond James Stadium,Outdoor,Grass,26.0,1998.0,Tampa,FL,27.9759,-82.5033,Tampa Bay Buccaneers
1062,Mac Jones,23,32,71.9,310,9.7,2,0,2,2,11,0,0,1,21.5,21.5,4.0%,SF,san_francisco_49ers,2021,12,144.99,Levi's Stadium,Outdoor,Grass,13.0,2014.0,Santa Clara,CA,37.403,-121.9692,San Francisco 49ers
1064,Russell Wilson,20,31,64.5,247,8.0,2,0,2,2,16,0,0,1,19.5,19.5,23.4%,NYG,new_york_giants,2021,12,118.25,MetLife Stadium,Outdoor,Turf,3.0,2010.0,East Rutherford,NJ,40.8136,-74.0744,New York Giants
1074,Jared Goff,21,25,84.0,171,6.8,2,0,1,0,0,0,1,1,12.8,12.8,83.0%,DET,detroit_lions,2021,12,81.32,Soldier Field,Outdoor,Grass,595.0,1924.0,Chicago,IL,41.8623,-87.6167,Detroit Lions
1059,Matthew Stafford,21,38,55.3,302,7.9,3,1,2,1,-1,0,1,1,23.0,23.0,48.2%,LAR,los_angeles_rams,2021,12,141.18,Lambeau Field,Outdoor,Grass,640.0,1957.0,Green Bay,WI,44.5013,-88.0622,Los Angeles Rams
1072,Lamar Jackson,20,32,62.5,165,5.2,1,4,2,17,68,0,0,1,13.4,13.4,98.8%,BAL,baltimore_ravens,2021,12,85.12,M&T Bank Stadium,Outdoor,Grass,10.0,1998.0,Baltimore,MD,39.2779,-76.6227,Baltimore Ravens
1058,Dak Prescott,32,47,68.1,375,8.0,2,0,1,1,3,0,0,1,25.3,25.3,77.0%,DAL,dallas_cowboys,2021,12,173.41,Allegiant Stadium,Indoor,Turf,2001.0,2020.0,Las Vegas,NV,36.0908,-115.183,Dallas Cowboys
1057,Aaron Rodgers,28,45,62.2,307,6.8,2,0,1,2,0,1,0,1,26.3,26.3,28.3%,PIT,pittsburgh_steelers,2021,12,146.17,Paycor Stadium,Outdoor,Turf,482.0,2000.0,Cincinnati,OH,39.0954,-84.516,Pittsburgh Steelers
1065,Trevor Lawrence,23,42,54.8,228,5.4,1,1,1,5,39,0,0,1,18.0,18.0,49.3%,JAC,jacksonville_jaguars,2021,12,111.28,Mercedes-Benz Stadium,Indoor,Turf,1050.0,2017.0,Atlanta,GA,33.755,-84.4008,Jacksonville Jaguars
1071,Daniel Jones,19,30,63.3,202,6.7,1,0,1,9,30,0,0,1,15.1,15.1,20.7%,IND,indianapolis_colts,2021,12,97.91,Raymond James Stadium,Outdoor,Grass,26.0,1998.0,Tampa,FL,27.9759,-82.5033,Indianapolis Colts
1069,Tyrod Taylor,17,26,65.4,158,6.1,2,1,5,2,30,0,0,1,16.3,16.3,2.4%,NYJ,new_york_jets,2021,12,81.03,MetLife Stadium,Outdoor,Turf,3.0,2010.0,East Rutherford,NJ,40.8136,-74.0744,New York Jets
1091,Brandon Allen,0,1,0.0,0,0.0,0,0,0,1,-1,0,0,1,-0.1,-0.1,0.1%,TEN,tennessee_titans,2021,12,-0.17,Gillette Stadium,Outdoor,Turf,289.0,2002.0,Foxborough,MA,42.0909,-71.2643,Tennessee Titans
1080,Zach Wilson,14,24,58.3,145,6.0,0,1,4,2,3,1,0,1,11.1,11.1,4.9%,MIA,miami_dolphins,2021,12,68.77,Hard Rock Stadium,Outdoor,Grass,7.0,1987.0,Miami Gardens,FL,25.958,-80.238,Miami Dolphins
1068,Kirk Cousins,20,32,62.5,238,7.4,2,1,1,0,0,0,0,1,16.5,16.5,16.0%,ATL,atlanta_falcons,2021,12,110.73,Mercedes-Benz Stadium,Indoor,Turf,1050.0,2017.0,Atlanta,GA,33.755,-84.4008,Atlanta Falcons
1067,Andy Dalton,24,39,61.5,317,8.1,1,1,1,6,11,0,0,1,16.8,16.8,1.7%,CAR,carolina_panthers,2021,12,143.88,Hard Rock Stadium,Outdoor,Grass,7.0,1987.0,Miami Gardens,FL,25.958,-80.238,Carolina Panthers
1066,Joe Burrow,20,24,83.3,190,7.9,1,1,2,1,8,1,0,1,17.4,17.4,98.2%,CIN,cincinnati_bengals,2021,12,92.96,Paycor Stadium,Outdoor,Turf,482.0,2000.0,Cincinnati,OH,39.0954,-84.516,Cincinnati Bengals
1090,Drew Lock,4,7,57.1,26,3.7,0,1,1,0,0,0,0,1,0.0,0.0,1.6%,SEA,seattle_seahawks,2021,12,11.44,FedExField,Outdoor,Grass,300.0,1997.0,Landover,MD,38.9078,-76.8645,Seattle Seahawks
1082,Jalen Hurts,14,31,45.2,129,4.2,0,3,1,8,77,0,0,1,9.9,9.9,98.3%,PHI,philadelphia_eagles,2021,12,68.17,MetLife Stadium,Outdoor,Turf,3.0,2010.0,East Rutherford,NJ,40.8136,-74.0744,Philadelphia Eagles
1086,Marcus Mariota,0,0,0.0,0,0.0,0,0,0,2,4,1,0,1,6.4,6.4,3.1%,WAS,washington_commanders,2021,12,5.08,FedExField,Outdoor,Grass,300.0,1997.0,Landover,MD,38.9078,-76.8645,Washington Commanders
1089,Feleipe Franks,0,0,0.0,0,0.0,0,0,0,0,0,0,0,1,0.0,0.0,0.0%,ATL,atlanta_falcons,2021,12,0.0,Mercedes-Benz Stadium,Indoor,Turf,1050.0,2017.0,Atlanta,GA,33.755,-84.4008,Atlanta Falcons
1088,Josh Johnson,0,0,0.0,0,0.0,0,0,0,0,0,0,0,1,2.0,2.0,1.0%,WAS,washington_commanders,2021,12,1.4,FedExField,Outdoor,Grass,300.0,1997.0,Landover,MD,38.9078,-76.8645,Washington Commanders
1099,Kirk Cousins,30,40,75.0,340,8.5,2,0,3,2,6,0,1,1,20.2,20.2,16.0%,ATL,atlanta_falcons,2021,13,155.94,Raymond James Stadium,Outdoor,Grass,26.0,1998.0,Tampa,FL,27.9759,-82.5033,Atlanta Falcons
1106,Russell Wilson,30,37,81.1,231,6.2,2,1,4,3,15,0,0,1,17.7,17.7,23.4%,NYG,new_york_giants,2021,13,111.03,Hard Rock Stadium,Outdoor,Grass,7.0,1987.0,Miami Gardens,FL,25.958,-80.238,New York Giants
1120,Mac Jones,2,3,66.7,19,6.3,0,0,0,5,-3,0,0,1,0.5,0.5,4.0%,SF,san_francisco_49ers,2021,13,9.11,Lumen Field,Outdoor,Turf,20.0,2002.0,Seattle,WA,47.5952,-122.3316,San Francisco 49ers
1101,Gardner Minshew Ii,20,25,80.0,242,9.7,2,0,2,4,11,0,0,1,18.8,18.8,3.1%,KC,kansas_city_chiefs,2021,13,115.6,GEHA Field at Arrowhead Stadium,Outdoor,Grass,1020.0,1972.0,Kansas City,MO,39.049,-94.4839,Kansas City Chiefs
1107,Andy Dalton,26,41,63.4,229,5.6,2,4,3,2,6,0,0,1,15.8,15.8,1.7%,CAR,carolina_panthers,2021,13,107.18,,,,,,,,,,Carolina Panthers
1108,Taylor Heinicke,23,30,76.7,196,6.5,2,1,1,3,10,0,0,1,15.8,15.8,0.6%,LAC,los_angeles_chargers,2021,13,94.56,SoFi Stadium,Outdoor,Turf,100.0,2020.0,Inglewood,CA,33.9535,-118.3392,Los Angeles Chargers
1110,Patrick Mahomes Ii,15,29,51.7,184,6.3,0,1,1,4,12,1,0,1,13.6,13.6,96.3%,KC,kansas_city_chiefs,2021,13,87.18,GEHA Field at Arrowhead Stadium,Outdoor,Grass,1020.0,1972.0,Kansas City,MO,39.049,-94.4839,Kansas City Chiefs
1105,Tua Tagovailoa,30,41,73.2,244,6.0,2,0,2,2,1,0,0,1,17.9,17.9,48.2%,MIA,miami_dolphins,2021,13,115.03,Hard Rock Stadium,Outdoor,Grass,7.0,1987.0,Miami Gardens,FL,25.958,-80.238,Miami Dolphins
1112,Dak Prescott,26,40,65.0,238,6.0,1,1,1,3,-3,0,0,1,12.2,12.2,77.0%,DAL,dallas_cowboys,2021,13,107.44,AT&T Stadium,Indoor,Turf,639.0,2009.0,Arlington,TX,32.7473,-97.0945,Dallas Cowboys
1098,Jared Goff,25,41,61.0,296,7.2,3,1,3,2,1,0,1,1,20.9,20.9,83.0%,DET,detroit_lions,2021,13,137.77,Ford Field,Indoor,Turf,600.0,2002.0,Detroit,MI,42.34,-83.0456,Detroit Lions
1114,Josh Allen,15,30,50.0,145,4.8,1,0,2,6,39,0,1,1,11.7,11.7,99.2%,BUF,buffalo_bills,2021,13,72.75,Gillette Stadium,Outdoor,Turf,289.0,2002.0,Foxborough,MA,42.0909,-71.2643,Buffalo Bills
1116,Trevor Lawrence,16,28,57.1,145,5.2,0,0,2,4,10,0,0,1,6.8,6.8,49.3%,JAC,jacksonville_jaguars,2021,13,66.4,SoFi Stadium,Outdoor,Turf,100.0,2020.0,Inglewood,CA,33.9535,-118.3392,Jacksonville Jaguars
1097,Zach Wilson,23,38,60.5,226,5.9,2,1,2,3,0,1,0,1,22.0,22.0,4.9%,MIA,miami_dolphins,2021,13,109.98,Hard Rock Stadium,Outdoor,Grass,7.0,1987.0,Miami Gardens,FL,25.958,-80.238,Miami Dolphins
1122,Sam Ehlinger,0,0,0.0,0,0.0,0,0,0,1,-1,0,0,1,-0.1,-0.1,0.1%,DEN,denver_broncos,2021,13,-0.17,GEHA Field at Arrowhead Stadium,Outdoor,Grass,1020.0,1972.0,Kansas City,MO,39.049,-94.4839,Denver Broncos
1093,Kyler Murray,11,15,73.3,123,8.2,2,0,1,10,59,2,0,1,30.8,30.8,89.7%,ARI,arizona_cardinals,2021,13,80.4,State Farm Stadium,Indoor,Turf,1070.0,2006.0,Glendale,AZ,33.5275,-112.2625,Arizona Cardinals
1118,Davis Mills,6,14,42.9,49,3.5,0,0,2,2,11,0,0,1,3.1,3.1,0.8%,HOU,houston_texans,2021,13,24.17,Lucas Oil Stadium,Indoor,Turf,700.0,2008.0,Indianapolis,IN,39.7601,-86.1639,Houston Texans
1095,Justin Herbert,26,35,74.3,317,9.1,3,1,4,1,6,0,0,1,26.3,26.3,87.6%,LAC,los_angeles_chargers,2021,13,151.03,SoFi Stadium,Outdoor,Turf,100.0,2020.0,Inglewood,CA,33.9535,-118.3392,Los Angeles Chargers
1104,Jimmy Garoppolo,20,30,66.7,299,10.0,2,2,1,2,0,0,0,1,18.0,18.0,2.4%,LAR,los_angeles_rams,2021,13,136.6,SoFi Stadium,Outdoor,Turf,100.0,2020.0,Inglewood,CA,33.9535,-118.3392,Los Angeles Rams
1102,Joe Burrow,24,40,60.0,300,7.5,1,2,6,1,6,1,1,1,18.6,18.6,98.2%,CIN,cincinnati_bengals,2021,13,137.72,SoFi Stadium,Outdoor,Turf,100.0,2020.0,Inglewood,CA,33.9535,-118.3392,Cincinnati Bengals
1103,Lamar Jackson,23,37,62.2,253,6.8,1,1,7,8,55,0,0,1,18.6,18.6,98.8%,BAL,baltimore_ravens,2021,13,123.58,Acrisure Stadium,Outdoor,Grass,730.0,2001.0,Pittsburgh,PA,40.4468,-80.0158,Baltimore Ravens
1096,Matthew Stafford,26,38,68.4,295,7.8,3,0,1,1,2,0,0,1,24.0,24.0,48.2%,LAR,los_angeles_rams,2021,13,140.06,SoFi Stadium,Outdoor,Turf,100.0,2020.0,Inglewood,CA,33.9535,-118.3392,Los Angeles Rams
1119,Tyrod Taylor,5,13,38.5,45,3.5,0,1,2,3,15,0,0,1,2.3,2.3,2.4%,NYJ,new_york_jets,2021,13,22.21,Lincoln Financial Field,Outdoor,Grass,30.0,2003.0,Philadelphia,PA,39.9008,-75.1675,New York Jets
1143,Jared Goff,24,39,61.5,215,5.5,1,1,2,2,10,0,0,1,12.6,12.6,83.0%,DET,detroit_lions,2021,14,99.52,Empower Field at Mile High,Outdoor,Turf,5280.0,2001.0,Denver,CO,39.7439,-105.0201,Detroit Lions
1151,Kyle Allen,4,9,44.4,53,5.9,0,0,1,2,11,0,1,1,1.2,1.2,1.1%,DET,detroit_lions,2021,14,24.62,Empower Field at Mile High,Outdoor,Turf,5280.0,2001.0,Denver,CO,39.7439,-105.0201,Detroit Lions
1157,Logan Woodside,0,0,0.0,0,0.0,0,0,0,3,-3,0,0,1,-0.3,-0.3,0.0%,CIN,cincinnati_bengals,2021,14,-0.51,Levi's Stadium,Outdoor,Grass,13.0,2014.0,Santa Clara,CA,37.403,-121.9692,Cincinnati Bengals
1152,Lamar Jackson,4,4,100.0,17,4.3,0,0,1,2,5,0,0,1,1.2,1.2,98.8%,BAL,baltimore_ravens,2021,14,9.4,FirstEnergy Stadium,Outdoor,Grass,577.0,1999.0,Cleveland,OH,41.5061,-81.6995,Baltimore Ravens
1150,Trevor Lawrence,24,40,60.0,221,5.5,0,4,3,1,2,0,0,1,5.0,5.0,49.3%,JAC,jacksonville_jaguars,2021,14,95.2,Nissan Stadium,Outdoor,Grass,476.0,1999.0,Nashville,TN,36.1665,-86.7713,Jacksonville Jaguars
1148,Taylor Heinicke,11,25,44.0,122,4.9,1,1,4,3,8,0,1,1,8.7,8.7,0.6%,LAC,los_angeles_chargers,2021,14,57.87,SoFi Stadium,Outdoor,Turf,100.0,2020.0,Inglewood,CA,33.9535,-118.3392,Los Angeles Chargers
1147,Zach Wilson,19,42,45.2,202,4.8,0,0,3,4,33,0,0,1,11.4,11.4,4.9%,MIA,miami_dolphins,2021,14,94.94,,,,,,,,,,Miami Dolphins
1144,Dak Prescott,22,39,56.4,211,5.4,1,2,4,7,15,0,0,1,11.9,11.9,77.0%,DAL,dallas_cowboys,2021,14,97.61,AT&T Stadium,Indoor,Turf,639.0,2009.0,Arlington,TX,32.7473,-97.0945,Dallas Cowboys
1123,Josh Allen,36,54,66.7,308,5.7,2,1,3,12,109,1,0,1,36.2,36.2,99.2%,BUF,buffalo_bills,2021,14,164.88,Raymond James Stadium,Outdoor,Grass,26.0,1998.0,Tampa,FL,27.9759,-82.5033,Buffalo Bills
1139,Baker Mayfield,22,32,68.8,190,5.9,2,1,0,6,14,0,0,1,16.0,16.0,94.5%,TB,tampa_bay_buccaneers,2021,14,92.48,Raymond James Stadium,Outdoor,Grass,26.0,1998.0,Tampa,FL,27.9759,-82.5033,Tampa Bay Buccaneers
1125,Aaron Rodgers,29,37,78.4,341,9.2,4,0,3,1,0,0,0,1,29.6,29.6,28.3%,PIT,pittsburgh_steelers,2021,14,163.06,U.S. Bank Stadium,Indoor,Turf,840.0,2016.0,Minneapolis,MN,44.974,-93.2581,Pittsburgh Steelers
1127,Justin Herbert,23,31,74.2,275,8.9,3,0,2,4,19,0,0,1,24.9,24.9,87.6%,LAC,los_angeles_chargers,2021,14,134.31,SoFi Stadium,Outdoor,Turf,100.0,2020.0,Inglewood,CA,33.9535,-118.3392,Los Angeles Chargers
1128,Matthew Stafford,23,30,76.7,287,9.6,3,0,3,0,0,0,0,1,23.5,23.5,48.2%,LAR,los_angeles_rams,2021,14,136.37,SoFi Stadium,Outdoor,Turf,100.0,2020.0,Inglewood,CA,33.9535,-118.3392,Los Angeles Rams
1129,Joe Burrow,25,34,73.5,348,10.2,2,0,5,2,3,0,0,1,22.2,22.2,98.2%,CIN,cincinnati_bengals,2021,14,160.18,Levi's Stadium,Outdoor,Grass,13.0,2014.0,Santa Clara,CA,37.403,-121.9692,Cincinnati Bengals
1131,Justin Fields,18,33,54.5,224,6.8,2,2,2,9,74,0,1,1,20.4,20.4,80.9%,NYJ,new_york_jets,2021,14,114.74,Caesars Superdome,Indoor,Turf,3.0,1975.0,New Orleans,LA,29.9509,-90.0815,New York Jets
1138,Kirk Cousins,14,31,45.2,216,7.0,2,2,0,2,14,0,0,1,16.0,16.0,16.0%,ATL,atlanta_falcons,2021,14,102.2,Mercedes-Benz Stadium,Indoor,Turf,1050.0,2017.0,Atlanta,GA,33.755,-84.4008,Atlanta Falcons
1130,Russell Wilson,17,28,60.7,260,9.3,2,0,0,2,8,0,0,1,21.2,21.2,23.4%,NYG,new_york_giants,2021,14,123.8,SoFi Stadium,Outdoor,Turf,100.0,2020.0,Inglewood,CA,33.9535,-118.3392,New York Giants
1132,Patrick Mahomes Ii,20,24,83.3,258,10.8,2,0,3,4,20,0,0,1,20.3,20.3,96.3%,KC,kansas_city_chiefs,2021,14,124.17,GEHA Field at Arrowhead Stadium,Outdoor,Grass,1020.0,1972.0,Kansas City,MO,39.049,-94.4839,Kansas City Chiefs
1136,Davis Mills,33,49,67.3,331,6.8,1,0,2,2,8,0,0,1,18.0,18.0,0.8%,HOU,houston_texans,2021,14,150.76,Lumen Field,Outdoor,Turf,20.0,2002.0,Seattle,WA,47.5952,-122.3316,Houston Texans
1134,Kyler Murray,32,49,65.3,383,7.8,0,2,4,7,61,0,0,1,19.4,19.4,89.7%,ARI,arizona_cardinals,2021,14,177.44,SoFi Stadium,Outdoor,Turf,100.0,2020.0,Inglewood,CA,33.9535,-118.3392,Arizona Cardinals
1133,Jimmy Garoppolo,27,41,65.9,296,7.2,2,0,5,1,3,0,0,1,20.1,20.1,2.4%,LAR,los_angeles_rams,2021,14,137.51,SoFi Stadium,Outdoor,Turf,100.0,2020.0,Inglewood,CA,33.9535,-118.3392,Los Angeles Rams
1193,Jacoby Brissett,0,0,0.0,0,0.0,0,0,0,1,2,0,0,1,0.2,0.2,3.2%,ARI,arizona_cardinals,2021,15,0.34,Ford Field,Indoor,Turf,600.0,2002.0,Detroit,MI,42.34,-83.0456,Arizona Cardinals
1166,Mac Jones,26,45,57.8,299,6.6,2,2,1,1,12,0,0,1,19.2,19.2,4.0%,SF,san_francisco_49ers,2021,15,138.56,Levi's Stadium,Outdoor,Grass,13.0,2014.0,Santa Clara,CA,37.403,-121.9692,San Francisco 49ers
1170,Davis Mills,19,30,63.3,209,7.0,2,1,1,1,2,0,0,1,15.6,15.6,0.8%,HOU,houston_texans,2021,15,98.52,NRG Stadium,Indoor,Turf,50.0,2002.0,Houston,TX,29.6847,-95.4107,Houston Texans
1186,Drew Lock,6,12,50.0,88,7.3,1,0,1,1,-2,0,1,1,5.3,5.3,1.6%,SEA,seattle_seahawks,2021,15,40.97,SoFi Stadium,Outdoor,Turf,100.0,2020.0,Inglewood,CA,33.9535,-118.3392,Seattle Seahawks
1169,Tua Tagovailoa,16,27,59.3,196,7.3,2,2,1,7,19,0,0,1,15.7,15.7,48.2%,MIA,miami_dolphins,2021,15,94.75,Hard Rock Stadium,Outdoor,Grass,7.0,1987.0,Miami Gardens,FL,25.958,-80.238,Miami Dolphins
1171,Jimmy Garoppolo,18,23,78.3,235,10.2,1,0,0,3,4,0,0,1,13.8,13.8,2.4%,LAR,los_angeles_rams,2021,15,108.2,SoFi Stadium,Outdoor,Turf,100.0,2020.0,Inglewood,CA,33.9535,-118.3392,Los Angeles Rams
1168,Matthew Stafford,21,29,72.4,244,8.4,2,1,4,3,-3,0,0,1,16.5,16.5,48.2%,LAR,los_angeles_rams,2021,15,113.13,SoFi Stadium,Outdoor,Turf,100.0,2020.0,Inglewood,CA,33.9535,-118.3392,Los Angeles Rams
1182,Nick Mullens,20,30,66.7,147,4.9,1,0,0,0,0,0,0,1,9.9,9.9,1.1%,JAC,jacksonville_jaguars,2021,15,69.01,NRG Stadium,Indoor,Turf,50.0,2002.0,Houston,TX,29.6847,-95.4107,Jacksonville Jaguars
1165,Jared Goff,21,26,80.8,216,8.3,3,0,2,0,0,0,0,1,20.6,20.6,83.0%,DET,detroit_lions,2021,15,105.48,Ford Field,Indoor,Turf,600.0,2002.0,Detroit,MI,42.34,-83.0456,Detroit Lions
1164,Josh Allen,19,34,55.9,210,6.2,3,1,4,3,24,0,0,1,21.8,21.8,99.2%,BUF,buffalo_bills,2021,15,105.6,Highmark Stadium,Outdoor,Grass,600.0,1973.0,Orchard Park,NY,42.7738,-78.7868,Buffalo Bills
1163,Aaron Rodgers,23,31,74.2,268,8.6,3,0,3,4,11,0,0,1,23.8,23.8,28.3%,PIT,pittsburgh_steelers,2021,15,129.88,Acrisure Stadium,Outdoor,Grass,730.0,2001.0,Pittsburgh,PA,40.4468,-80.0158,Pittsburgh Steelers
1187,Russell Wilson,17,31,54.8,156,5.0,0,1,3,0,0,0,0,1,5.2,5.2,23.4%,NYG,new_york_giants,2021,15,68.64,AT&T Stadium,Indoor,Turf,639.0,2009.0,Arlington,TX,32.7473,-97.0945,New York Giants
1172,Kyler Murray,23,41,56.1,257,6.3,1,1,2,4,3,0,0,1,13.6,13.6,89.7%,ARI,arizona_cardinals,2021,15,116.38,Ford Field,Indoor,Turf,600.0,2002.0,Detroit,MI,42.34,-83.0456,Arizona Cardinals
1192,Marcus Mariota,0,0,0.0,0,0.0,0,0,0,1,3,0,0,1,0.3,0.3,3.1%,WAS,washington_commanders,2021,15,0.51,Lincoln Financial Field,Outdoor,Grass,30.0,2003.0,Philadelphia,PA,39.9008,-75.1675,Washington Commanders
1174,Joe Burrow,15,22,68.2,157,7.1,1,0,3,5,25,0,0,1,12.8,12.8,98.2%,CIN,cincinnati_bengals,2021,15,77.48,Paycor Stadium,Outdoor,Turf,482.0,2000.0,Cincinnati,OH,39.0954,-84.516,Cincinnati Bengals
1181,Trevor Lawrence,22,38,57.9,210,5.5,0,0,3,5,21,0,0,1,10.5,10.5,49.3%,JAC,jacksonville_jaguars,2021,15,96.75,NRG Stadium,Indoor,Turf,50.0,2002.0,Houston,TX,29.6847,-95.4107,Jacksonville Jaguars
1162,Justin Herbert,22,38,57.9,236,6.2,2,1,0,5,16,1,0,1,24.0,24.0,87.6%,LAC,los_angeles_chargers,2021,15,116.94,GEHA Field at Arrowhead Stadium,Outdoor,Grass,1020.0,1972.0,Kansas City,MO,39.049,-94.4839,Los Angeles Chargers
1160,Jalen Hurts,20,26,76.9,296,11.4,1,1,3,8,38,2,1,1,28.6,28.6,98.3%,PHI,philadelphia_eagles,2021,15,147.0,Lincoln Financial Field,Outdoor,Grass,30.0,2003.0,Philadelphia,PA,39.9008,-75.1675,Philadelphia Eagles
1159,Patrick Mahomes Ii,31,47,66.0,410,8.7,3,1,1,3,32,0,1,1,30.6,30.6,96.3%,KC,kansas_city_chiefs,2021,15,194.16,GEHA Field at Arrowhead Stadium,Outdoor,Grass,1020.0,1972.0,Kansas City,MO,39.049,-94.4839,Kansas City Chiefs
1175,Zach Wilson,13,23,56.5,170,7.4,0,0,6,4,12,1,1,1,12.0,12.0,4.9%,MIA,miami_dolphins,2021,15,80.48,Hard Rock Stadium,Outdoor,Grass,7.0,1987.0,Miami Gardens,FL,25.958,-80.238,Miami Dolphins
1177,Kirk Cousins,12,24,50.0,87,3.6,2,1,4,2,10,0,0,1,11.5,11.5,16.0%,ATL,atlanta_falcons,2021,15,46.27,Levi's Stadium,Outdoor,Grass,13.0,2014.0,Santa Clara,CA,37.403,-121.9692,Atlanta Falcons
1167,Justin Fields,26,39,66.7,285,7.3,1,0,3,7,35,0,1,1,16.9,16.9,80.9%,NYJ,new_york_jets,2021,15,133.59,Hard Rock Stadium,Outdoor,Grass,7.0,1987.0,Miami Gardens,FL,25.958,-80.238,New York Jets
1180,Dak Prescott,28,37,75.7,217,5.9,1,0,3,2,-1,0,1,1,10.6,10.6,77.0%,DAL,dallas_cowboys,2021,15,98.3,AT&T Stadium,Indoor,Turf,639.0,2009.0,Arlington,TX,32.7473,-97.0945,Dallas Cowboys
1229,Mason Rudolph,5,8,62.5,35,4.4,0,0,0,1,17,0,0,1,3.1,3.1,5.9%,PIT,pittsburgh_steelers,2021,16,19.25,GEHA Field at Arrowhead Stadium,Outdoor,Grass,1020.0,1972.0,Kansas City,MO,39.049,-94.4839,Pittsburgh Steelers
1201,Aaron Rodgers,24,34,70.6,202,5.9,3,0,0,1,-1,0,0,1,20.0,20.0,28.3%,PIT,pittsburgh_steelers,2021,16,99.18,GEHA Field at Arrowhead Stadium,Outdoor,Grass,1020.0,1972.0,Kansas City,MO,39.049,-94.4839,Pittsburgh Steelers
1208,Russell Wilson,16,27,59.3,181,6.7,2,0,2,2,13,0,0,1,16.5,16.5,23.4%,NYG,new_york_giants,2021,16,88.79,Lincoln Financial Field,Outdoor,Grass,30.0,2003.0,Philadelphia,PA,39.9008,-75.1675,New York Giants
1199,Kyler Murray,27,43,62.8,245,5.7,1,0,0,4,74,0,0,1,21.9,21.9,89.7%,ARI,arizona_cardinals,2021,16,124.87,Lucas Oil Stadium,Indoor,Turf,700.0,2008.0,Indianapolis,IN,39.7601,-86.1639,Arizona Cardinals
1194,Joe Burrow,37,46,80.4,525,11.4,4,0,3,2,11,0,0,1,38.1,38.1,98.2%,CIN,cincinnati_bengals,2021,16,244.95,Paycor Stadium,Outdoor,Turf,482.0,2000.0,Cincinnati,OH,39.0954,-84.516,Cincinnati Bengals
1200,Josh Johnson,28,40,70.0,304,7.6,2,1,1,5,10,0,0,1,20.2,20.2,1.0%,WAS,washington_commanders,2021,16,141.56,AT&T Stadium,Indoor,Turf,639.0,2009.0,Arlington,TX,32.7473,-97.0945,Washington Commanders
1216,Tim Boyle,24,34,70.6,187,5.5,1,1,0,0,0,0,0,1,10.5,10.5,0.0%,TEN,tennessee_titans,2021,16,85.85,Nissan Stadium,Outdoor,Grass,476.0,1999.0,Nashville,TN,36.1665,-86.7713,Tennessee Titans
1205,Kirk Cousins,27,38,71.1,315,8.3,1,1,3,4,17,0,0,1,17.3,17.3,16.0%,ATL,atlanta_falcons,2021,16,144.37,Mercedes-Benz Stadium,Indoor,Turf,1050.0,2017.0,Atlanta,GA,33.755,-84.4008,Atlanta Falcons
1197,Zach Wilson,14,22,63.6,102,4.6,1,0,1,4,91,1,0,1,23.2,23.2,4.9%,MIA,miami_dolphins,2021,16,68.96,Hard Rock Stadium,Outdoor,Grass,7.0,1987.0,Miami Gardens,FL,25.958,-80.238,Miami Dolphins
1202,Justin Herbert,27,35,77.1,336,9.6,1,2,1,4,15,0,0,1,18.9,18.9,87.6%,LAC,los_angeles_chargers,2021,16,153.85,NRG Stadium,Indoor,Turf,50.0,2002.0,Houston,TX,29.6847,-95.4107,Los Angeles Chargers
1207,Jalen Hurts,17,29,58.6,199,6.9,2,0,1,2,7,0,0,1,16.7,16.7,98.3%,PHI,philadelphia_eagles,2021,16,95.67,Lincoln Financial Field,Outdoor,Grass,30.0,2003.0,Philadelphia,PA,39.9008,-75.1675,Philadelphia Eagles
1195,Dak Prescott,28,39,71.8,330,8.5,4,0,3,4,21,0,0,1,31.3,31.3,77.0%,DAL,dallas_cowboys,2021,16,161.71,AT&T Stadium,Indoor,Turf,639.0,2009.0,Arlington,TX,32.7473,-97.0945,Dallas Cowboys
1196,Josh Allen,30,47,63.8,314,6.7,3,0,0,12,64,0,0,1,31.0,31.0,99.2%,BUF,buffalo_bills,2021,16,158.94,Highmark Stadium,Outdoor,Grass,600.0,1973.0,Orchard Park,NY,42.7738,-78.7868,Buffalo Bills
1198,Patrick Mahomes Ii,23,30,76.7,258,8.6,3,0,2,0,0,0,0,1,22.3,22.3,96.3%,KC,kansas_city_chiefs,2021,16,123.73,GEHA Field at Arrowhead Stadium,Outdoor,Grass,1020.0,1972.0,Kansas City,MO,39.049,-94.4839,Kansas City Chiefs
1209,Jimmy Garoppolo,26,35,74.3,322,9.2,1,2,2,1,3,0,0,1,15.2,15.2,2.4%,LAR,los_angeles_rams,2021,16,144.28,SoFi Stadium,Outdoor,Turf,100.0,2020.0,Inglewood,CA,33.9535,-118.3392,Los Angeles Rams
1203,Davis Mills,21,27,77.8,254,9.4,2,0,1,1,-1,0,0,1,18.1,18.1,0.8%,HOU,houston_texans,2021,16,118.75,NRG Stadium,Indoor,Turf,50.0,2002.0,Houston,TX,29.6847,-95.4107,Houston Texans
1214,Trevor Lawrence,26,39,66.7,280,7.2,0,0,1,6,37,0,1,1,12.9,12.9,49.3%,JAC,jacksonville_jaguars,2021,16,128.67,MetLife Stadium,Outdoor,Turf,3.0,2010.0,East Rutherford,NJ,40.8136,-74.0744,Jacksonville Jaguars
1215,Tua Tagovailoa,19,26,73.1,198,7.6,1,1,2,1,1,0,0,1,11.0,11.0,48.2%,MIA,miami_dolphins,2021,16,90.62,Hard Rock Stadium,Outdoor,Grass,7.0,1987.0,Miami Gardens,FL,25.958,-80.238,Miami Dolphins
1233,Jacoby Brissett,0,0,0.0,0,0.0,0,0,1,0,0,0,0,1,0.0,0.0,3.2%,ARI,arizona_cardinals,2021,16,0.0,Lucas Oil Stadium,Indoor,Turf,700.0,2008.0,Indianapolis,IN,39.7601,-86.1639,Arizona Cardinals
1226,Kyle Allen,8,10,80.0,67,6.7,1,0,1,0,0,0,0,1,6.7,6.7,1.1%,DET,detroit_lions,2021,16,33.93,Mercedes-Benz Stadium,Indoor,Turf,1050.0,2017.0,Atlanta,GA,33.755,-84.4008,Detroit Lions
1225,Taylor Heinicke,7,22,31.8,121,5.5,1,2,4,1,-1,0,0,1,6.7,6.7,0.6%,LAC,los_angeles_chargers,2021,16,54.89,NRG Stadium,Indoor,Turf,50.0,2002.0,Houston,TX,29.6847,-95.4107,Los Angeles Chargers
1224,Cooper Rush,2,3,66.7,70,23.3,1,0,0,2,0,0,0,1,6.8,6.8,1.8%,BAL,baltimore_ravens,2021,16,37.92,Paycor Stadium,Outdoor,Turf,482.0,2000.0,Cincinnati,OH,39.0954,-84.516,Baltimore Ravens
1223,Mac Jones,14,32,43.8,145,4.5,0,2,1,6,33,0,0,1,7.1,7.1,4.0%,SF,san_francisco_49ers,2021,16,68.37,Nissan Stadium,Outdoor,Grass,476.0,1999.0,Nashville,TN,36.1665,-86.7713,San Francisco 49ers
1222,Drew Lock,15,22,68.2,153,7.0,0,0,2,2,10,0,0,1,7.1,7.1,1.6%,SEA,seattle_seahawks,2021,16,70.07,Soldier Field,Outdoor,Grass,595.0,1924.0,Chicago,IL,41.8623,-87.6167,Seattle Seahawks
1212,Baker Mayfield,21,36,58.3,222,6.2,2,4,5,2,11,0,0,1,14.0,14.0,94.5%,TB,tampa_bay_buccaneers,2021,16,103.24,Raymond James Stadium,Outdoor,Grass,26.0,1998.0,Tampa,FL,27.9759,-82.5033,Tampa Bay Buccaneers
1219,Sam Darnold,15,32,46.9,190,5.9,0,0,4,1,11,0,0,1,8.7,8.7,36.3%,SEA,seattle_seahawks,2021,16,85.87,Soldier Field,Outdoor,Grass,595.0,1924.0,Chicago,IL,41.8623,-87.6167,Seattle Seahawks
1217,Matthew Stafford,21,37,56.8,197,5.3,1,3,0,3,8,0,0,1,9.7,9.7,48.2%,LAR,los_angeles_rams,2021,16,89.55,SoFi Stadium,Outdoor,Turf,100.0,2020.0,Inglewood,CA,33.9535,-118.3392,Los Angeles Rams
1240,Mac Jones,22,30,73.3,227,7.6,3,0,0,2,12,0,0,1,22.3,22.3,4.0%,SF,san_francisco_49ers,2021,17,112.23,Levi's Stadium,Outdoor,Grass,13.0,2014.0,Santa Clara,CA,37.403,-121.9692,San Francisco 49ers
1266,Marcus Mariota,0,1,0.0,0,0.0,0,0,0,3,16,0,0,1,1.6,1.6,3.1%,WAS,washington_commanders,2021,17,2.72,Lincoln Financial Field,Outdoor,Grass,30.0,2003.0,Philadelphia,PA,39.9008,-75.1675,Washington Commanders
1272,Brandon Allen,0,1,0.0,0,0.0,0,0,0,1,0,0,0,1,0.0,0.0,0.1%,TEN,tennessee_titans,2021,17,0.0,Nissan Stadium,Outdoor,Grass,476.0,1999.0,Nashville,TN,36.1665,-86.7713,Tennessee Titans
1252,Jalen Hurts,17,26,65.4,214,8.2,0,0,1,7,44,0,0,1,13.0,13.0,98.3%,PHI,philadelphia_eagles,2021,17,102.44,Lincoln Financial Field,Outdoor,Grass,30.0,2003.0,Philadelphia,PA,39.9008,-75.1675,Philadelphia Eagles
1248,Drew Lock,18,25,72.0,245,9.8,1,0,1,3,10,0,0,1,14.9,14.9,1.6%,SEA,seattle_seahawks,2021,17,113.49,Lumen Field,Outdoor,Turf,20.0,2002.0,Seattle,WA,47.5952,-122.3316,Seattle Seahawks
1247,Baker Mayfield,16,38,42.1,185,4.9,2,2,9,2,16,0,0,1,15.0,15.0,94.5%,TB,tampa_bay_buccaneers,2021,17,89.08,Raymond James Stadium,Outdoor,Grass,26.0,1998.0,Tampa,FL,27.9759,-82.5033,Tampa Bay Buccaneers
1246,Matthew Stafford,26,35,74.3,309,8.8,2,2,1,1,-1,0,1,1,16.3,16.3,48.2%,LAR,los_angeles_rams,2021,17,139.57,SoFi Stadium,Outdoor,Turf,100.0,2020.0,Inglewood,CA,33.9535,-118.3392,Los Angeles Rams
1245,Justin Herbert,22,31,71.0,237,7.6,2,0,0,4,2,0,0,1,17.7,17.7,87.6%,LAC,los_angeles_chargers,2021,17,111.71,SoFi Stadium,Outdoor,Turf,100.0,2020.0,Inglewood,CA,33.9535,-118.3392,Los Angeles Chargers
1255,Andy Dalton,18,35,51.4,173,4.9,1,1,2,3,14,0,0,1,11.3,11.3,1.7%,CAR,carolina_panthers,2021,17,81.49,Caesars Superdome,Indoor,Turf,3.0,1975.0,New Orleans,LA,29.9509,-90.0815,Carolina Panthers
1257,Trevor Lawrence,17,27,63.0,193,7.1,1,3,2,2,16,0,0,1,10.3,10.3,49.3%,JAC,jacksonville_jaguars,2021,17,89.13,Gillette Stadium,Outdoor,Turf,289.0,2002.0,Foxborough,MA,42.0909,-71.2643,Jacksonville Jaguars
1258,Taylor Heinicke,27,36,75.0,247,6.9,0,1,3,2,14,0,0,1,10.3,10.3,0.6%,LAC,los_angeles_chargers,2021,17,111.39,SoFi Stadium,Outdoor,Turf,100.0,2020.0,Inglewood,CA,33.9535,-118.3392,Los Angeles Chargers
1259,Davis Mills,21,32,65.6,163,5.1,1,1,3,1,4,0,0,1,9.9,9.9,0.8%,HOU,houston_texans,2021,17,75.85,Levi's Stadium,Outdoor,Grass,13.0,2014.0,Santa Clara,CA,37.403,-121.9692,Houston Texans
1244,Tim Boyle,22,37,59.5,262,7.1,2,3,0,1,14,0,0,1,18.9,18.9,0.0%,TEN,tennessee_titans,2021,17,123.35,Nissan Stadium,Outdoor,Grass,476.0,1999.0,Nashville,TN,36.1665,-86.7713,Tennessee Titans
1243,Trey Lance,16,23,69.6,249,10.8,2,1,1,8,31,0,0,1,20.1,20.1,1.3%,LAC,los_angeles_chargers,2021,17,121.03,SoFi Stadium,Outdoor,Turf,100.0,2020.0,Inglewood,CA,33.9535,-118.3392,Los Angeles Chargers
1250,Zach Wilson,19,33,57.6,234,7.1,1,0,1,2,0,0,0,1,13.4,13.4,4.9%,MIA,miami_dolphins,2021,17,106.6,Nissan Stadium,Outdoor,Grass,476.0,1999.0,Nashville,TN,36.1665,-86.7713,Miami Dolphins
1242,Aaron Rodgers,29,38,76.3,288,7.6,2,0,0,2,8,0,0,1,20.3,20.3,28.3%,PIT,pittsburgh_steelers,2021,17,135.23,Acrisure Stadium,Outdoor,Grass,730.0,2001.0,Pittsburgh,PA,40.4468,-80.0158,Pittsburgh Steelers
1271,Jacoby Brissett,0,0,0.0,0,0.0,0,0,0,0,0,0,0,1,0.0,0.0,3.2%,ARI,arizona_cardinals,2021,17,0.0,State Farm Stadium,Indoor,Turf,1070.0,2006.0,Glendale,AZ,33.5275,-112.2625,Arizona Cardinals
1241,Patrick Mahomes Ii,26,35,74.3,259,7.4,2,0,0,2,25,0,0,1,20.9,20.9,96.3%,KC,kansas_city_chiefs,2021,17,125.41,Paycor Stadium,Outdoor,Turf,482.0,2000.0,Cincinnati,OH,39.0954,-84.516,Kansas City Chiefs
1239,Kyler Murray,26,38,68.4,263,6.9,2,0,1,9,44,0,0,1,22.9,22.9,89.7%,ARI,arizona_cardinals,2021,17,130.21,State Farm Stadium,Indoor,Turf,1070.0,2006.0,Glendale,AZ,33.5275,-112.2625,Arizona Cardinals
1238,Dak Prescott,24,38,63.2,226,5.9,3,0,1,5,20,0,1,1,23.0,23.0,77.0%,DAL,dallas_cowboys,2021,17,112.88,State Farm Stadium,Indoor,Turf,1070.0,2006.0,Glendale,AZ,33.5275,-112.2625,Dallas Cowboys
1237,Josh Allen,11,26,42.3,120,4.6,0,3,0,15,81,2,0,1,23.9,23.9,99.2%,BUF,buffalo_bills,2021,17,74.95,Highmark Stadium,Outdoor,Grass,600.0,1973.0,Orchard Park,NY,42.7738,-78.7868,Buffalo Bills
1269,Brett Rypien,0,2,0.0,0,0.0,0,0,0,0,0,0,0,1,0.0,0.0,0.1%,MIN,minnesota_vikings,2021,17,0.0,Lambeau Field,Outdoor,Grass,640.0,1957.0,Green Bay,WI,44.5013,-88.0622,Minnesota Vikings
1262,Tua Tagovailoa,18,38,47.4,205,5.4,0,1,4,2,1,0,1,1,5.3,5.3,48.2%,MIA,miami_dolphins,2021,17,88.49,Nissan Stadium,Outdoor,Grass,476.0,1999.0,Nashville,TN,36.1665,-86.7713,Miami Dolphins
1263,Sam Darnold,17,26,65.4,132,5.1,0,1,7,2,7,0,1,1,3.0,3.0,36.3%,SEA,seattle_seahawks,2021,17,58.12,Lumen Field,Outdoor,Turf,20.0,2002.0,Seattle,WA,47.5952,-122.3316,Seattle Seahawks
1234,Joe Burrow,30,39,76.9,446,11.4,4,0,4,5,10,0,0,1,34.8,34.8,98.2%,CIN,cincinnati_bengals,2021,17,210.24,Paycor Stadium,Outdoor,Turf,482.0,2000.0,Cincinnati,OH,39.0954,-84.516,Cincinnati Bengals
1265,Jordan Love,2,4,50.0,19,4.8,0,0,0,2,9,0,0,1,1.7,1.7,73.1%,GB,green_bay_packers,2021,17,10.85,Lambeau Field,Outdoor,Grass,640.0,1957.0,Green Bay,WI,44.5013,-88.0622,Green Bay Packers
1235,Russell Wilson,20,29,69.0,236,8.1,4,0,1,6,24,0,0,1,27.8,27.8,23.4%,NYG,new_york_giants,2021,17,121.08,Soldier Field,Outdoor,Grass,595.0,1924.0,Chicago,IL,41.8623,-87.6167,New York Giants
1288,Geno Smith,23,28,82.1,195,7.0,2,0,2,6,14,0,0,1,17.2,17.2,36.9%,LV,las_vegas_raiders,2022,1,95.74,SoFi Stadium,Outdoor,Turf,100.0,2020.0,Inglewood,CA,33.9535,-118.3392,Las Vegas Raiders
1277,Jalen Hurts,18,32,56.3,243,7.6,0,0,1,17,90,1,0,1,24.7,24.7,98.3%,PHI,philadelphia_eagles,2022,1,127.01,Lincoln Financial Field,Outdoor,Grass,30.0,2003.0,Philadelphia,PA,39.9008,-75.1675,Philadelphia Eagles
1274,Patrick Mahomes Ii,30,39,76.9,360,9.2,5,0,0,3,5,0,0,1,34.9,34.9,96.3%,KC,kansas_city_chiefs,2022,1,175.27,GEHA Field at Arrowhead Stadium,Outdoor,Grass,1020.0,1972.0,Kansas City,MO,39.049,-94.4839,Kansas City Chiefs
1302,Matthew Stafford,29,41,70.7,240,5.9,1,3,7,1,2,0,0,1,10.8,10.8,48.2%,LAR,los_angeles_rams,2022,1,107.84,Highmark Stadium,Outdoor,Grass,600.0,1973.0,Orchard Park,NY,42.7738,-78.7868,Los Angeles Rams
1300,Trey Lance,13,28,46.4,164,5.9,0,1,2,13,54,0,0,1,11.0,11.0,1.3%,LAC,los_angeles_chargers,2022,1,81.08,SoFi Stadium,Outdoor,Turf,100.0,2020.0,Inglewood,CA,33.9535,-118.3392,Los Angeles Chargers
1303,Mac Jones,21,30,70.0,213,7.1,1,1,2,2,0,0,1,1,9.5,9.5,4.0%,SF,san_francisco_49ers,2022,1,95.47,Soldier Field,Outdoor,Grass,595.0,1924.0,Chicago,IL,41.8623,-87.6167,San Francisco 49ers
1304,Dak Prescott,14,29,48.3,134,4.6,0,1,2,2,11,0,0,1,5.5,5.5,77.0%,DAL,dallas_cowboys,2022,1,60.77,Raymond James Stadium,Outdoor,Grass,26.0,1998.0,Tampa,FL,27.9759,-82.5033,Dallas Cowboys
1298,Mitchell Trubisky,21,38,55.3,194,5.1,1,0,1,3,9,0,0,1,12.7,12.7,1.3%,BUF,buffalo_bills,2022,1,90.81,Highmark Stadium,Outdoor,Grass,600.0,1973.0,Orchard Park,NY,42.7738,-78.7868,Buffalo Bills
1305,Aaron Rodgers,22,34,64.7,195,5.7,0,1,4,1,-1,0,1,1,4.7,4.7,28.3%,PIT,pittsburgh_steelers,2022,1,84.33,Acrisure Stadium,Outdoor,Grass,730.0,2001.0,Pittsburgh,PA,40.4468,-80.0158,Pittsburgh Steelers
1297,Trevor Lawrence,24,42,57.1,275,6.5,1,1,2,2,4,0,0,1,14.4,14.4,49.3%,JAC,jacksonville_jaguars,2022,1,124.38,FedExField,Outdoor,Grass,300.0,1997.0,Landover,MD,38.9078,-76.8645,Jacksonville Jaguars
1306,Jordan Love,4,5,80.0,65,13.0,0,0,0,0,0,0,0,1,2.6,2.6,73.1%,GB,green_bay_packers,2022,1,30.82,U.S. Bank Stadium,Indoor,Turf,840.0,2016.0,Minneapolis,MN,44.974,-93.2581,Green Bay Packers
1296,Justin Fields,8,17,47.1,121,7.1,2,1,2,11,28,0,0,1,14.6,14.6,80.9%,NYJ,new_york_jets,2022,1,64.14,M&T Bank Stadium,Outdoor,Grass,10.0,1998.0,Baltimore,MD,39.2779,-76.6227,New York Jets
1307,Cooper Rush,7,13,53.8,64,4.9,0,0,2,0,0,0,0,1,2.6,2.6,1.8%,BAL,baltimore_ravens,2022,1,29.1,M&T Bank Stadium,Outdoor,Grass,10.0,1998.0,Baltimore,MD,39.2779,-76.6227,Baltimore Ravens
1295,Tua Tagovailoa,23,33,69.7,270,8.2,1,0,3,2,0,0,0,1,14.8,14.8,48.2%,MIA,miami_dolphins,2022,1,122.6,Hard Rock Stadium,Outdoor,Grass,7.0,1987.0,Miami Gardens,FL,25.958,-80.238,Miami Dolphins
1294,Joe Flacco,37,59,62.7,309,5.2,1,1,3,1,0,0,0,1,15.4,15.4,15.4%,CLE,cleveland_browns,2022,1,139.32,FirstEnergy Stadium,Outdoor,Grass,577.0,1999.0,Cleveland,OH,41.5061,-81.6995,Cleveland Browns
1301,Jacoby Brissett,18,34,52.9,147,4.3,1,0,1,4,10,0,0,1,10.9,10.9,3.2%,ARI,arizona_cardinals,2022,1,70.39,GEHA Field at Arrowhead Stadium,Outdoor,Grass,1020.0,1972.0,Kansas City,MO,39.049,-94.4839,Arizona Cardinals
1293,Davis Mills,23,37,62.2,240,6.5,2,0,3,2,-1,0,1,1,15.5,15.5,0.8%,HOU,houston_texans,2022,1,110.85,NRG Stadium,Indoor,Turf,50.0,2002.0,Houston,TX,29.6847,-95.4107,Houston Texans
1291,Jared Goff,21,37,56.8,215,5.8,2,1,1,2,9,0,0,1,16.5,16.5,83.0%,DET,detroit_lions,2022,1,102.21,Lincoln Financial Field,Outdoor,Grass,30.0,2003.0,Philadelphia,PA,39.9008,-75.1675,Detroit Lions
1289,Daniel Jones,17,21,81.0,188,9.0,2,1,5,6,25,0,1,1,17.0,17.0,20.7%,IND,indianapolis_colts,2022,1,93.5,NRG Stadium,Indoor,Turf,50.0,2002.0,Houston,TX,29.6847,-95.4107,Indianapolis Colts
1287,Russell Wilson,29,42,69.0,340,8.1,1,0,2,1,2,0,0,1,17.8,17.8,23.4%,NYG,new_york_giants,2022,1,153.48,MetLife Stadium,Outdoor,Turf,3.0,2010.0,East Rutherford,NJ,40.8136,-74.0744,New York Giants
1286,Baker Mayfield,16,27,59.3,235,8.7,1,1,4,5,6,1,0,1,19.0,19.0,94.5%,TB,tampa_bay_buccaneers,2022,1,111.64,Raymond James Stadium,Outdoor,Grass,26.0,1998.0,Tampa,FL,27.9759,-82.5033,Tampa Bay Buccaneers
1285,Kirk Cousins,23,32,71.9,277,8.7,2,0,1,0,0,0,0,1,19.1,19.1,16.0%,ATL,atlanta_falcons,2022,1,128.81,Caesars Superdome,Indoor,Turf,3.0,1975.0,New Orleans,LA,29.9509,-90.0815,Atlanta Falcons
1283,Marcus Mariota,20,33,60.6,215,6.5,0,0,0,12,72,1,1,1,19.8,19.8,3.1%,WAS,washington_commanders,2022,1,110.46,FedExField,Outdoor,Grass,300.0,1997.0,Landover,MD,38.9078,-76.8645,Washington Commanders
1282,Kyler Murray,22,34,64.7,193,5.7,2,0,2,5,29,0,0,1,20.6,20.6,89.7%,ARI,arizona_cardinals,2022,1,98.46,GEHA Field at Arrowhead Stadium,Outdoor,Grass,1020.0,1972.0,Kansas City,MO,39.049,-94.4839,Arizona Cardinals
1281,Lamar Jackson,17,30,56.7,213,7.1,3,1,2,6,17,0,0,1,21.2,21.2,98.8%,BAL,baltimore_ravens,2022,1,105.66,M&T Bank Stadium,Outdoor,Grass,10.0,1998.0,Baltimore,MD,39.2779,-76.6227,Baltimore Ravens
1280,Jameis Winston,23,33,69.7,269,8.2,2,0,4,2,9,0,0,1,21.7,21.7,8.9%,NYG,new_york_giants,2022,1,128.23,MetLife Stadium,Outdoor,Turf,3.0,2010.0,East Rutherford,NJ,40.8136,-74.0744,New York Giants
1278,Justin Herbert,26,34,76.5,279,8.2,3,0,0,4,1,0,0,1,23.3,23.3,87.6%,LAC,los_angeles_chargers,2022,1,133.15,SoFi Stadium,Outdoor,Turf,100.0,2020.0,Inglewood,CA,33.9535,-118.3392,Los Angeles Chargers
1279,Joe Burrow,33,53,62.3,338,6.4,2,4,7,6,47,0,1,1,22.2,22.2,98.2%,CIN,cincinnati_bengals,2022,1,160.12,Acrisure Stadium,Outdoor,Grass,730.0,2001.0,Pittsburgh,PA,40.4468,-80.0158,Cincinnati Bengals
1275,Josh Allen,26,31,83.9,297,9.6,3,2,2,10,56,1,0,1,33.5,33.5,99.2%,BUF,buffalo_bills,2022,1,153.27,Highmark Stadium,Outdoor,Grass,600.0,1973.0,Orchard Park,NY,42.7738,-78.7868,Buffalo Bills
1313,Tua Tagovailoa,36,50,72.0,469,9.4,6,2,1,1,1,0,0,1,40.9,40.9,48.2%,MIA,miami_dolphins,2022,2,223.41,Hard Rock Stadium,Outdoor,Grass,7.0,1987.0,Miami Gardens,FL,25.958,-80.238,Miami Dolphins
1333,Daniel Jones,22,34,64.7,176,5.2,1,0,3,10,21,0,0,1,13.1,13.1,20.7%,IND,indianapolis_colts,2022,2,85.21,TIAA Bank Field,Outdoor,Grass,16.0,1995.0,Jacksonville,FL,30.3239,-81.6373,Indianapolis Colts
1317,Joe Flacco,26,44,59.1,307,7.0,4,0,2,2,6,0,1,1,26.9,26.9,15.4%,CLE,cleveland_browns,2022,2,147.33,MetLife Stadium,Outdoor,Turf,3.0,2010.0,East Rutherford,NJ,40.8136,-74.0744,Cleveland Browns
1334,Mitchell Trubisky,21,33,63.6,168,5.1,1,1,3,1,7,0,0,1,12.4,12.4,1.3%,BUF,buffalo_bills,2022,2,79.9,Highmark Stadium,Outdoor,Grass,600.0,1973.0,Orchard Park,NY,42.7738,-78.7868,Buffalo Bills
1318,Kyler Murray,31,49,63.3,277,5.7,1,1,1,5,28,1,0,1,26.9,26.9,89.7%,ARI,arizona_cardinals,2022,2,137.07,State Farm Stadium,Indoor,Turf,1070.0,2006.0,Glendale,AZ,33.5275,-112.2625,Arizona Cardinals
1332,Baker Mayfield,14,29,48.3,145,5.0,1,0,2,6,35,0,0,1,13.3,13.3,94.5%,TB,tampa_bay_buccaneers,2022,2,73.51,Raymond James Stadium,Outdoor,Grass,26.0,1998.0,Tampa,FL,27.9759,-82.5033,Tampa Bay Buccaneers
1319,Jared Goff,20,34,58.8,256,7.5,4,0,3,2,-2,0,0,1,26.0,26.0,83.0%,DET,detroit_lions,2022,2,125.1,Ford Field,Indoor,Turf,600.0,2002.0,Detroit,MI,42.34,-83.0456,Detroit Lions
1331,Cooper Rush,19,31,61.3,235,7.6,1,0,1,1,2,0,0,1,13.6,13.6,1.8%,BAL,baltimore_ravens,2022,2,107.44,Hard Rock Stadium,Outdoor,Grass,7.0,1987.0,Miami Gardens,FL,25.958,-80.238,Baltimore Ravens
1330,Mac Jones,21,35,60.0,252,7.2,1,1,0,7,6,0,0,1,13.7,13.7,4.0%,SF,san_francisco_49ers,2022,2,114.73,Levi's Stadium,Outdoor,Grass,13.0,2014.0,Santa Clara,CA,37.403,-121.9692,San Francisco 49ers
1329,Marcus Mariota,17,26,65.4,196,7.5,2,2,3,6,16,0,1,1,15.4,15.4,3.1%,WAS,washington_commanders,2022,2,94.28,Ford Field,Indoor,Turf,600.0,2002.0,Detroit,MI,42.34,-83.0456,Washington Commanders
1320,Justin Herbert,33,48,68.8,334,7.0,3,1,2,2,1,0,0,1,24.5,24.5,87.6%,LAC,los_angeles_chargers,2022,2,156.35,GEHA Field at Arrowhead Stadium,Outdoor,Grass,1020.0,1972.0,Kansas City,MO,39.049,-94.4839,Los Angeles Chargers
1348,Malik Willis,1,4,25.0,6,1.5,0,0,0,4,16,0,1,1,-0.2,-0.2,3.3%,GB,green_bay_packers,2022,2,4.16,Lambeau Field,Outdoor,Grass,640.0,1957.0,Green Bay,WI,44.5013,-88.0622,Green Bay Packers
1335,Russell Wilson,14,31,45.2,219,7.1,1,1,3,2,3,0,0,1,12.1,12.1,23.4%,NYG,new_york_giants,2022,2,99.39,MetLife Stadium,Outdoor,Turf,3.0,2010.0,East Rutherford,NJ,40.8136,-74.0744,New York Giants
1328,Aaron Rodgers,19,25,76.0,234,9.4,2,0,3,5,10,0,1,1,16.4,16.4,28.3%,PIT,pittsburgh_steelers,2022,2,110.36,Gillette Stadium,Outdoor,Turf,289.0,2002.0,Foxborough,MA,42.0909,-71.2643,Pittsburgh Steelers
1336,Kirk Cousins,27,46,58.7,221,4.8,1,3,2,2,20,0,0,1,11.8,11.8,16.0%,ATL,atlanta_falcons,2022,2,102.32,SoFi Stadium,Outdoor,Turf,100.0,2020.0,Inglewood,CA,33.9535,-118.3392,Atlanta Falcons
1337,Jameis Winston,25,40,62.5,236,5.9,1,3,6,1,2,0,0,1,10.6,10.6,8.9%,NYG,new_york_giants,2022,2,105.7,MetLife Stadium,Outdoor,Turf,3.0,2010.0,East Rutherford,NJ,40.8136,-74.0744,New York Giants
1315,Josh Allen,26,38,68.4,317,8.3,4,0,1,1,10,0,0,1,29.7,29.7,99.2%,BUF,buffalo_bills,2022,2,154.05,Highmark Stadium,Outdoor,Grass,600.0,1973.0,Orchard Park,NY,42.7738,-78.7868,Buffalo Bills
1321,Matthew Stafford,27,36,75.0,272,7.6,3,2,1,0,0,0,0,1,20.9,20.9,48.2%,LAR,los_angeles_rams,2022,2,128.35,SoFi Stadium,Outdoor,Turf,100.0,2020.0,Inglewood,CA,33.9535,-118.3392,Los Angeles Rams
1338,Justin Fields,7,11,63.6,70,6.4,0,1,3,8,20,1,0,1,9.8,9.8,80.9%,NYJ,new_york_jets,2022,2,38.94,MetLife Stadium,Outdoor,Turf,3.0,2010.0,East Rutherford,NJ,40.8136,-74.0744,New York Jets
1314,Jalen Hurts,26,31,83.9,333,10.7,1,1,3,11,57,2,0,1,34.0,34.0,98.3%,PHI,philadelphia_eagles,2022,2,168.04,Lincoln Financial Field,Outdoor,Grass,30.0,2003.0,Philadelphia,PA,39.9008,-75.1675,Philadelphia Eagles
1340,Davis Mills,19,38,50.0,177,4.7,0,0,3,2,1,0,0,1,7.2,7.2,0.8%,HOU,houston_texans,2022,2,78.78,Empower Field at Mile High,Outdoor,Turf,5280.0,2001.0,Denver,CO,39.7439,-105.0201,Houston Texans
1327,Jacoby Brissett,22,27,81.5,229,8.5,1,1,1,6,43,0,0,1,16.5,16.5,3.2%,ARI,arizona_cardinals,2022,2,111.55,State Farm Stadium,Indoor,Turf,1070.0,2006.0,Glendale,AZ,33.5275,-112.2625,Arizona Cardinals
1341,Geno Smith,24,30,80.0,197,6.6,0,1,2,2,2,0,0,1,7.1,7.1,36.9%,LV,las_vegas_raiders,2022,2,87.59,State Farm Stadium,Indoor,Turf,1070.0,2006.0,Glendale,AZ,33.5275,-112.2625,Las Vegas Raiders
1323,Trevor Lawrence,25,30,83.3,235,7.8,2,0,0,3,11,0,0,1,18.5,18.5,49.3%,JAC,jacksonville_jaguars,2022,2,112.71,TIAA Bank Field,Outdoor,Grass,16.0,1995.0,Jacksonville,FL,30.3239,-81.6373,Jacksonville Jaguars
1326,Joe Burrow,24,36,66.7,199,5.5,1,0,6,4,26,0,0,1,16.6,16.6,98.2%,CIN,cincinnati_bengals,2022,2,97.62,AT&T Stadium,Indoor,Turf,639.0,2009.0,Arlington,TX,32.7473,-97.0945,Cincinnati Bengals
1325,Jimmy Garoppolo,13,21,61.9,154,7.3,1,0,1,4,5,1,0,1,16.7,16.7,2.4%,LAR,los_angeles_rams,2022,2,77.05,SoFi Stadium,Outdoor,Turf,100.0,2020.0,Inglewood,CA,33.9535,-118.3392,Los Angeles Rams
1344,Trey Lance,2,3,66.7,30,10.0,0,0,0,3,13,0,0,1,2.5,2.5,1.3%,LAC,los_angeles_chargers,2022,2,17.25,GEHA Field at Arrowhead Stadium,Outdoor,Grass,1020.0,1972.0,Kansas City,MO,39.049,-94.4839,Los Angeles Chargers
1312,Lamar Jackson,21,29,72.4,318,11.0,3,0,0,9,119,1,0,1,42.6,42.6,98.8%,BAL,baltimore_ravens,2022,2,174.32,Hard Rock Stadium,Outdoor,Grass,7.0,1987.0,Miami Gardens,FL,25.958,-80.238,Baltimore Ravens
1346,Case Keenum,0,2,0.0,0,0.0,0,0,0,3,2,0,0,1,0.2,0.2,0.6%,CHI,chicago_bears,2022,2,0.34,Lambeau Field,Outdoor,Grass,640.0,1957.0,Green Bay,WI,44.5013,-88.0622,Chicago Bears
1347,Tyrod Taylor,0,0,0.0,0,0.0,0,0,0,0,0,0,0,1,0.0,0.0,2.4%,NYJ,new_york_jets,2022,2,0.0,MetLife Stadium,Outdoor,Turf,3.0,2010.0,East Rutherford,NJ,40.8136,-74.0744,New York Jets
1324,Patrick Mahomes Ii,24,35,68.6,235,6.7,2,0,1,2,-1,0,0,1,17.3,17.3,96.3%,KC,kansas_city_chiefs,2022,2,110.35,GEHA Field at Arrowhead Stadium,Outdoor,Grass,1020.0,1972.0,Kansas City,MO,39.049,-94.4839,Kansas City Chiefs
1363,Jameis Winston,25,41,61.0,353,8.6,1,2,1,2,3,0,0,1,16.4,16.4,8.9%,NYG,new_york_giants,2022,3,157.3,AT&T Stadium,Indoor,Turf,639.0,2009.0,Arlington,TX,32.7473,-97.0945,New York Giants
1381,Feleipe Franks,0,0,0.0,0,0.0,0,0,0,0,0,0,0,1,0.0,0.0,0.0%,ATL,atlanta_falcons,2022,3,0.0,Mercedes-Benz Stadium,Indoor,Turf,1050.0,2017.0,Atlanta,GA,33.755,-84.4008,Atlanta Falcons
1361,Aaron Rodgers,27,35,77.1,255,7.3,2,1,1,1,-1,0,0,1,17.1,17.1,28.3%,PIT,pittsburgh_steelers,2022,3,118.53,FirstEnergy Stadium,Outdoor,Grass,577.0,1999.0,Cleveland,OH,41.5061,-81.6995,Pittsburgh Steelers
1360,Jacoby Brissett,21,31,67.7,220,7.1,2,0,2,3,11,0,0,1,17.9,17.9,3.2%,ARI,arizona_cardinals,2022,3,105.75,SoFi Stadium,Outdoor,Turf,100.0,2020.0,Inglewood,CA,33.9535,-118.3392,Arizona Cardinals
1365,Mitchell Trubisky,20,32,62.5,207,6.5,0,0,1,2,7,1,0,1,15.0,15.0,1.3%,BUF,buffalo_bills,2022,3,97.5,Hard Rock Stadium,Outdoor,Grass,7.0,1987.0,Miami Gardens,FL,25.958,-80.238,Buffalo Bills
1366,Jared Goff,25,41,61.0,277,6.8,1,1,0,2,8,0,0,1,14.9,14.9,83.0%,DET,detroit_lions,2022,3,126.09,U.S. Bank Stadium,Indoor,Turf,840.0,2016.0,Minneapolis,MN,44.974,-93.2581,Detroit Lions
1367,Daniel Jones,20,37,54.1,196,5.3,0,1,5,9,79,0,0,1,14.7,14.7,20.7%,IND,indianapolis_colts,2022,3,99.55,Lucas Oil Stadium,Indoor,Turf,700.0,2008.0,Indianapolis,IN,39.7601,-86.1639,Indianapolis Colts
1369,Justin Herbert,25,45,55.6,297,6.6,1,1,1,1,7,0,1,1,13.6,13.6,87.6%,LAC,los_angeles_chargers,2022,3,132.94,TIAA Bank Field,Outdoor,Grass,16.0,1995.0,Jacksonville,FL,30.3239,-81.6373,Los Angeles Chargers
1359,Patrick Mahomes Ii,20,35,57.1,262,7.5,1,1,1,4,26,0,0,1,18.1,18.1,96.3%,KC,kansas_city_chiefs,2022,3,123.77,Lucas Oil Stadium,Indoor,Turf,700.0,2008.0,Indianapolis,IN,39.7601,-86.1639,Kansas City Chiefs
1370,Kyler Murray,37,58,63.8,314,5.4,0,0,2,2,8,0,0,1,13.4,13.4,89.7%,ARI,arizona_cardinals,2022,3,140.56,SoFi Stadium,Outdoor,Turf,100.0,2020.0,Inglewood,CA,33.9535,-118.3392,Arizona Cardinals
1371,Cooper Rush,21,31,67.7,215,6.9,1,0,0,2,-2,0,0,1,12.4,12.4,1.8%,BAL,baltimore_ravens,2022,3,98.26,M&T Bank Stadium,Outdoor,Grass,10.0,1998.0,Baltimore,MD,39.2779,-76.6227,Baltimore Ravens
1358,Kirk Cousins,24,41,58.5,260,6.3,2,0,1,1,-1,0,0,1,18.3,18.3,16.0%,ATL,atlanta_falcons,2022,3,120.97,Mercedes-Benz Stadium,Indoor,Turf,1050.0,2017.0,Atlanta,GA,33.755,-84.4008,Atlanta Falcons
1372,Davis Mills,20,32,62.5,245,7.7,1,2,1,0,0,0,0,1,11.8,11.8,0.8%,HOU,houston_texans,2022,3,109.9,Soldier Field,Outdoor,Grass,595.0,1924.0,Chicago,IL,41.8623,-87.6167,Houston Texans
1357,Mac Jones,22,32,68.8,321,10.0,0,3,3,5,31,1,0,1,18.9,18.9,4.0%,SF,san_francisco_49ers,2022,3,148.83,Empower Field at Mile High,Outdoor,Turf,5280.0,2001.0,Denver,CO,39.7439,-105.0201,San Francisco 49ers
1355,Geno Smith,32,44,72.7,325,7.4,2,1,2,2,-1,0,0,1,19.9,19.9,36.9%,LV,las_vegas_raiders,2022,3,149.01,Nissan Stadium,Outdoor,Grass,476.0,1999.0,Nashville,TN,36.1665,-86.7713,Las Vegas Raiders
1353,Joe Burrow,23,36,63.9,275,7.6,3,0,2,5,0,0,0,1,23.0,23.0,98.2%,CIN,cincinnati_bengals,2022,3,130.82,Paycor Stadium,Outdoor,Turf,482.0,2000.0,Cincinnati,OH,39.0954,-84.516,Cincinnati Bengals
1352,Trevor Lawrence,28,39,71.8,262,6.7,3,0,0,3,7,0,0,1,25.2,25.2,49.3%,JAC,jacksonville_jaguars,2022,3,128.18,TIAA Bank Field,Outdoor,Grass,16.0,1995.0,Jacksonville,FL,30.3239,-81.6373,Jacksonville Jaguars
1351,Josh Allen,42,63,66.7,400,6.3,2,0,4,8,47,0,1,1,26.7,26.7,99.2%,BUF,buffalo_bills,2022,3,189.35,Hard Rock Stadium,Outdoor,Grass,7.0,1987.0,Miami Gardens,FL,25.958,-80.238,Buffalo Bills
1373,Tua Tagovailoa,13,18,72.2,186,10.3,1,0,1,1,0,0,0,1,11.4,11.4,48.2%,MIA,miami_dolphins,2022,3,86.04,Hard Rock Stadium,Outdoor,Grass,7.0,1987.0,Miami Gardens,FL,25.958,-80.238,Miami Dolphins
1374,Baker Mayfield,12,25,48.0,170,6.8,1,0,3,1,-1,0,0,1,10.7,10.7,94.5%,TB,tampa_bay_buccaneers,2022,3,78.25,Lambeau Field,Outdoor,Grass,640.0,1957.0,Green Bay,WI,44.5013,-88.0622,Tampa Bay Buccaneers
1350,Jalen Hurts,22,35,62.9,340,9.7,3,0,3,9,20,0,0,1,27.6,27.6,98.3%,PHI,philadelphia_eagles,2022,3,162.36,Lincoln Financial Field,Outdoor,Grass,30.0,2003.0,Philadelphia,PA,39.9008,-75.1675,Philadelphia Eagles
1349,Lamar Jackson,18,29,62.1,218,7.5,4,1,4,11,107,1,0,1,40.4,40.4,98.8%,BAL,baltimore_ravens,2022,3,130.78,M&T Bank Stadium,Outdoor,Grass,10.0,1998.0,Baltimore,MD,39.2779,-76.6227,Baltimore Ravens
1362,Marcus Mariota,13,20,65.0,229,11.5,1,1,3,7,4,1,1,1,16.6,16.6,3.1%,WAS,washington_commanders,2022,3,107.52,Lincoln Financial Field,Outdoor,Grass,30.0,2003.0,Philadelphia,PA,39.9008,-75.1675,Washington Commanders
1375,Matthew Stafford,18,25,72.0,249,10.0,0,0,1,3,2,0,0,1,10.2,10.2,48.2%,LAR,los_angeles_rams,2022,3,110.74,SoFi Stadium,Outdoor,Turf,100.0,2020.0,Inglewood,CA,33.9535,-118.3392,Los Angeles Rams
1376,Jimmy Garoppolo,18,29,62.1,211,7.3,1,1,4,1,0,0,1,1,9.4,9.4,2.4%,LAR,los_angeles_rams,2022,3,94.34,SoFi Stadium,Outdoor,Turf,100.0,2020.0,Inglewood,CA,33.9535,-118.3392,Los Angeles Rams
1377,Russell Wilson,20,33,60.6,184,5.6,0,0,4,6,17,0,0,1,9.1,9.1,23.4%,NYG,new_york_giants,2022,3,84.79,AT&T Stadium,Indoor,Turf,639.0,2009.0,Arlington,TX,32.7473,-97.0945,New York Giants
1379,Justin Fields,8,17,47.1,106,6.2,0,2,5,8,47,0,0,1,6.9,6.9,80.9%,NYJ,new_york_jets,2022,3,53.77,Paycor Stadium,Outdoor,Turf,482.0,2000.0,Cincinnati,OH,39.0954,-84.516,New York Jets
1380,Joe Flacco,28,52,53.8,285,5.5,0,2,4,0,0,0,2,1,5.4,5.4,15.4%,CLE,cleveland_browns,2022,3,121.28,FirstEnergy Stadium,Outdoor,Grass,577.0,1999.0,Cleveland,OH,41.5061,-81.6995,Cleveland Browns
1394,Zach Wilson,18,36,50.0,252,7.0,1,2,1,2,15,0,0,1,19.8,19.8,4.9%,MIA,miami_dolphins,2022,4,119.46,Paycor Stadium,Outdoor,Turf,482.0,2000.0,Cincinnati,OH,39.0954,-84.516,Miami Dolphins
1386,Russell Wilson,17,25,68.0,237,9.5,2,0,3,4,29,1,0,1,26.5,26.5,23.4%,NYG,new_york_giants,2022,4,120.65,MetLife Stadium,Outdoor,Turf,3.0,2010.0,East Rutherford,NJ,40.8136,-74.0744,New York Giants
1392,Justin Herbert,27,39,69.2,340,8.7,2,0,1,4,-5,0,0,1,21.1,21.1,87.6%,LAC,los_angeles_chargers,2022,4,155.31,SoFi Stadium,Outdoor,Turf,100.0,2020.0,Inglewood,CA,33.9535,-118.3392,Los Angeles Chargers
1405,Kirk Cousins,25,38,65.8,273,7.2,1,1,3,0,0,0,0,1,13.9,13.9,16.0%,ATL,atlanta_falcons,2022,4,123.07,Mercedes-Benz Stadium,Indoor,Turf,1050.0,2017.0,Atlanta,GA,33.755,-84.4008,Atlanta Falcons
1391,Daniel Jones,8,13,61.5,71,5.5,0,0,1,6,68,2,0,1,21.6,21.6,20.7%,IND,indianapolis_colts,2022,4,52.62,Nissan Stadium,Outdoor,Grass,476.0,1999.0,Nashville,TN,36.1665,-86.7713,Indianapolis Colts
1390,Kyler Murray,23,32,71.9,207,6.5,2,1,1,12,26,1,0,1,23.9,23.9,89.7%,ARI,arizona_cardinals,2022,4,106.43,State Farm Stadium,Indoor,Turf,1070.0,2006.0,Glendale,AZ,33.5275,-112.2625,Arizona Cardinals
1389,Patrick Mahomes Ii,23,37,62.2,249,6.7,3,1,3,4,34,0,0,1,24.4,24.4,96.3%,KC,kansas_city_chiefs,2022,4,124.52,GEHA Field at Arrowhead Stadium,Outdoor,Grass,1020.0,1972.0,Kansas City,MO,39.049,-94.4839,Kansas City Chiefs
1404,Jimmy Garoppolo,16,27,59.3,239,8.9,1,0,0,1,3,0,0,1,13.9,13.9,2.4%,LAR,los_angeles_rams,2022,4,109.31,Levi's Stadium,Outdoor,Grass,13.0,2014.0,Santa Clara,CA,37.403,-121.9692,Los Angeles Rams
1402,Lamar Jackson,20,29,69.0,144,5.0,1,2,2,11,73,0,0,1,15.1,15.1,98.8%,BAL,baltimore_ravens,2022,4,78.57,Highmark Stadium,Outdoor,Grass,600.0,1973.0,Orchard Park,NY,42.7738,-78.7868,Baltimore Ravens
1401,Kenny Pickett,10,13,76.9,120,9.2,0,3,0,6,15,2,0,1,15.3,15.3,7.7%,CLE,cleveland_browns,2022,4,63.15,Mercedes-Benz Stadium,Indoor,Turf,1050.0,2017.0,Atlanta,GA,33.755,-84.4008,Cleveland Browns
1420,Feleipe Franks,0,0,0.0,0,0.0,0,0,0,0,0,0,0,1,0.0,0.0,0.0%,ATL,atlanta_falcons,2022,4,0.0,Mercedes-Benz Stadium,Indoor,Turf,1050.0,2017.0,Atlanta,GA,33.755,-84.4008,Atlanta Falcons
1400,Davis Mills,26,35,74.3,246,7.0,2,2,4,0,0,0,0,1,15.8,15.8,0.8%,HOU,houston_texans,2022,4,113.86,SoFi Stadium,Outdoor,Turf,100.0,2020.0,Inglewood,CA,33.9535,-118.3392,Houston Texans
1399,Jacoby Brissett,21,35,60.0,234,6.7,0,1,1,5,16,1,0,1,16.0,16.0,3.2%,ARI,arizona_cardinals,2022,4,109.94,State Farm Stadium,Indoor,Turf,1070.0,2006.0,Glendale,AZ,33.5275,-112.2625,Arizona Cardinals
1388,Josh Allen,19,36,52.8,213,5.9,1,1,1,11,70,1,0,1,24.5,24.5,99.2%,BUF,buffalo_bills,2022,4,112.83,Highmark Stadium,Outdoor,Grass,600.0,1973.0,Orchard Park,NY,42.7738,-78.7868,Buffalo Bills
1398,Jalen Hurts,16,25,64.0,204,8.2,0,1,2,16,38,1,0,1,17.0,17.0,98.3%,PHI,philadelphia_eagles,2022,4,100.64,Lincoln Financial Field,Outdoor,Grass,30.0,2003.0,Philadelphia,PA,39.9008,-75.1675,Philadelphia Eagles
1412,Matthew Stafford,32,48,66.7,254,5.3,0,1,7,2,6,0,1,1,7.8,7.8,48.2%,LAR,los_angeles_rams,2022,4,111.72,Levi's Stadium,Outdoor,Grass,13.0,2014.0,Santa Clara,CA,37.403,-121.9692,Los Angeles Rams
1415,Marcus Mariota,7,19,36.8,139,7.3,0,1,1,5,3,0,0,1,4.9,4.9,3.1%,WAS,washington_commanders,2022,4,61.39,AT&T Stadium,Indoor,Turf,639.0,2009.0,Arlington,TX,32.7473,-97.0945,Washington Commanders
1385,Geno Smith,23,30,76.7,320,10.7,2,0,0,7,49,1,0,1,31.7,31.7,36.9%,LV,las_vegas_raiders,2022,4,160.33,Allegiant Stadium,Indoor,Turf,2001.0,2020.0,Las Vegas,NV,36.0908,-115.183,Las Vegas Raiders
1384,Jared Goff,26,39,66.7,378,9.7,4,1,1,1,1,0,0,1,34.2,34.2,83.0%,DET,detroit_lions,2022,4,180.88,Lumen Field,Outdoor,Turf,20.0,2002.0,Seattle,WA,47.5952,-122.3316,Detroit Lions
1397,Aaron Rodgers,21,35,60.0,251,7.2,2,1,1,1,1,0,0,1,17.1,17.1,28.3%,PIT,pittsburgh_steelers,2022,4,116.51,MetLife Stadium,Outdoor,Turf,3.0,2010.0,East Rutherford,NJ,40.8136,-74.0744,Pittsburgh Steelers
1414,Bailey Zappe,10,15,66.7,99,6.6,1,0,3,0,0,0,1,1,6.0,6.0,1.1%,KC,kansas_city_chiefs,2022,4,46.32,GEHA Field at Arrowhead Stadium,Outdoor,Grass,1020.0,1972.0,Kansas City,MO,39.049,-94.4839,Kansas City Chiefs
1413,Trevor Lawrence,11,23,47.8,174,7.6,2,1,4,2,7,0,4,1,6.7,6.7,49.3%,JAC,jacksonville_jaguars,2022,4,77.71,Lincoln Financial Field,Outdoor,Grass,30.0,2003.0,Philadelphia,PA,39.9008,-75.1675,Jacksonville Jaguars
1417,Mitchell Trubisky,7,13,53.8,84,6.5,0,1,3,1,1,0,0,1,2.5,2.5,1.3%,BUF,buffalo_bills,2022,4,37.35,Highmark Stadium,Outdoor,Grass,600.0,1973.0,Orchard Park,NY,42.7738,-78.7868,Buffalo Bills
1418,Tyrod Taylor,1,3,33.3,11,3.7,0,1,0,3,30,0,0,1,2.4,2.4,2.4%,NYJ,new_york_jets,2022,4,9.82,MetLife Stadium,Outdoor,Turf,3.0,2010.0,East Rutherford,NJ,40.8136,-74.0744,New York Jets
1406,Andy Dalton,20,28,71.4,236,8.4,1,0,2,1,3,0,1,1,13.7,13.7,1.7%,CAR,carolina_panthers,2022,4,108.17,State Farm Stadium,Indoor,Turf,1070.0,2006.0,Glendale,AZ,33.5275,-112.2625,Carolina Panthers
1409,Justin Fields,11,22,50.0,174,7.9,0,0,6,7,52,0,1,1,10.2,10.2,80.9%,NYJ,new_york_jets,2022,4,84.52,MetLife Stadium,Outdoor,Turf,3.0,2010.0,East Rutherford,NJ,40.8136,-74.0744,New York Jets
1411,Baker Mayfield,22,36,61.1,197,5.5,1,2,2,2,0,0,1,1,7.9,7.9,94.5%,TB,tampa_bay_buccaneers,2022,4,87.63,GEHA Field at Arrowhead Stadium,Outdoor,Grass,1020.0,1972.0,Kansas City,MO,39.049,-94.4839,Tampa Bay Buccaneers
1416,Tua Tagovailoa,8,14,57.1,110,7.9,0,1,1,0,0,0,0,1,3.4,3.4,48.2%,MIA,miami_dolphins,2022,4,48.66,Paycor Stadium,Outdoor,Turf,482.0,2000.0,Cincinnati,OH,39.0954,-84.516,Miami Dolphins
1396,Cooper Rush,15,27,55.6,223,8.3,2,0,1,2,7,0,0,1,17.6,17.6,1.8%,BAL,baltimore_ravens,2022,4,105.98,Highmark Stadium,Outdoor,Grass,600.0,1973.0,Orchard Park,NY,42.7738,-78.7868,Baltimore Ravens
1393,Joe Burrow,20,31,64.5,287,9.3,2,0,1,5,6,0,0,1,20.1,20.1,98.2%,CIN,cincinnati_bengals,2022,4,133.93,Paycor Stadium,Outdoor,Turf,482.0,2000.0,Cincinnati,OH,39.0954,-84.516,Cincinnati Bengals
1438,Justin Herbert,22,34,64.7,228,6.7,1,0,1,5,13,0,0,1,14.4,14.4,87.6%,LAC,los_angeles_chargers,2022,5,106.42,SoFi Stadium,Outdoor,Turf,100.0,2020.0,Inglewood,CA,33.9535,-118.3392,Los Angeles Chargers
1446,Andy Dalton,16,24,66.7,187,7.8,1,1,1,7,4,0,0,1,10.9,10.9,1.7%,CAR,carolina_panthers,2022,5,86.19,Levi's Stadium,Outdoor,Grass,13.0,2014.0,Santa Clara,CA,37.403,-121.9692,Carolina Panthers
1448,Baker Mayfield,20,36,55.6,215,6.0,0,1,4,0,0,0,0,1,7.6,7.6,94.5%,TB,tampa_bay_buccaneers,2022,5,94.42,Raymond James Stadium,Outdoor,Grass,26.0,1998.0,Tampa,FL,27.9759,-82.5033,Tampa Bay Buccaneers
1449,Jared Goff,19,35,54.3,229,6.5,0,1,2,3,7,0,1,1,6.9,6.9,83.0%,DET,detroit_lions,2022,5,100.13,Gillette Stadium,Outdoor,Turf,289.0,2002.0,Foxborough,MA,42.0909,-71.2643,Detroit Lions
1450,Davis Mills,16,24,66.7,140,5.8,0,0,1,2,2,0,0,1,5.8,5.8,0.8%,HOU,houston_texans,2022,5,63.02,NRG Stadium,Indoor,Turf,50.0,2002.0,Houston,TX,29.6847,-95.4107,Houston Texans
1424,Geno Smith,16,25,64.0,268,10.7,3,0,3,3,13,0,0,1,24.0,24.0,36.9%,LV,las_vegas_raiders,2022,5,129.94,GEHA Field at Arrowhead Stadium,Outdoor,Grass,1020.0,1972.0,Kansas City,MO,39.049,-94.4839,Las Vegas Raiders
1430,Marcus Mariota,14,25,56.0,147,5.9,1,0,5,7,61,0,0,1,18.0,18.0,3.1%,WAS,washington_commanders,2022,5,80.38,Nissan Stadium,Outdoor,Grass,476.0,1999.0,Nashville,TN,36.1665,-86.7713,Washington Commanders
1445,Bailey Zappe,17,21,81.0,188,9.0,1,1,0,5,5,0,0,1,11.0,11.0,1.1%,KC,kansas_city_chiefs,2022,5,87.1,GEHA Field at Arrowhead Stadium,Outdoor,Grass,1020.0,1972.0,Kansas City,MO,39.049,-94.4839,Kansas City Chiefs
1451,Cooper Rush,10,16,62.5,102,6.4,0,0,3,4,-1,0,0,1,4.0,4.0,1.8%,BAL,baltimore_ravens,2022,5,45.78,M&T Bank Stadium,Outdoor,Grass,10.0,1998.0,Baltimore,MD,39.2779,-76.6227,Baltimore Ravens
1444,Russell Wilson,21,39,53.8,274,7.0,0,2,4,4,22,0,0,1,11.2,11.2,23.4%,NYG,new_york_giants,2022,5,122.94,MetLife Stadium,Outdoor,Turf,3.0,2010.0,East Rutherford,NJ,40.8136,-74.0744,New York Giants
1421,Josh Allen,20,31,64.5,424,13.7,4,1,0,5,42,0,0,1,36.2,36.2,99.2%,BUF,buffalo_bills,2022,5,204.98,Highmark Stadium,Outdoor,Grass,600.0,1973.0,Orchard Park,NY,42.7738,-78.7868,Buffalo Bills
1452,Skylar Thompson,19,33,57.6,166,5.0,0,1,2,0,0,0,1,1,3.6,3.6,2.0%,PIT,pittsburgh_steelers,2022,5,71.62,Highmark Stadium,Outdoor,Grass,600.0,1973.0,Orchard Park,NY,42.7738,-78.7868,Pittsburgh Steelers
1443,Matthew Stafford,28,42,66.7,308,7.3,1,1,5,0,0,0,2,1,11.3,11.3,48.2%,LAR,los_angeles_rams,2022,5,135.37,AT&T Stadium,Indoor,Turf,639.0,2009.0,Arlington,TX,32.7473,-97.0945,Los Angeles Rams
1441,Trevor Lawrence,25,47,53.2,286,6.1,0,2,0,4,29,0,0,1,12.3,12.3,49.3%,JAC,jacksonville_jaguars,2022,5,129.43,NRG Stadium,Indoor,Turf,50.0,2002.0,Houston,TX,29.6847,-95.4107,Jacksonville Jaguars
1440,Daniel Jones,21,27,77.8,217,8.0,0,0,1,10,37,0,0,1,12.4,12.4,20.7%,IND,indianapolis_colts,2022,5,102.88,Lucas Oil Stadium,Indoor,Turf,700.0,2008.0,Indianapolis,IN,39.7601,-86.1639,Indianapolis Colts
1439,Kenny Pickett,34,52,65.4,327,6.3,0,1,3,1,10,0,0,1,13.1,13.1,7.7%,CLE,cleveland_browns,2022,5,145.53,SoFi Stadium,Outdoor,Turf,100.0,2020.0,Inglewood,CA,33.9535,-118.3392,Cleveland Browns
1423,Jalen Hurts,26,36,72.2,239,6.6,0,0,2,15,61,2,0,1,27.7,27.7,98.3%,PHI,philadelphia_eagles,2022,5,125.41,Lincoln Financial Field,Outdoor,Grass,30.0,2003.0,Philadelphia,PA,39.9008,-75.1675,Philadelphia Eagles
1428,Joe Burrow,24,35,68.6,217,6.2,1,1,2,3,6,1,0,1,18.3,18.3,98.2%,CIN,cincinnati_bengals,2022,5,104.25,M&T Bank Stadium,Outdoor,Grass,10.0,1998.0,Baltimore,MD,39.2779,-76.6227,Cincinnati Bengals
1454,Case Keenum,2,5,40.0,8,1.6,0,0,0,2,-2,0,0,1,0.1,0.1,0.6%,CHI,chicago_bears,2022,5,3.59,U.S. Bank Stadium,Indoor,Turf,840.0,2016.0,Minneapolis,MN,44.974,-93.2581,Chicago Bears
1455,Feleipe Franks,0,0,0.0,0,0.0,0,0,0,0,0,0,0,1,0.0,0.0,0.0%,ATL,atlanta_falcons,2022,5,0.0,Raymond James Stadium,Outdoor,Grass,26.0,1998.0,Tampa,FL,27.9759,-82.5033,Atlanta Falcons
1457,Brock Purdy,0,0,0.0,0,0.0,0,0,0,1,-1,0,0,1,-0.1,-0.1,89.9%,SF,san_francisco_49ers,2022,5,-0.17,Levi's Stadium,Outdoor,Grass,13.0,2014.0,Santa Clara,CA,37.403,-121.9692,San Francisco 49ers
1429,Jimmy Garoppolo,18,30,60.0,253,8.4,2,0,2,1,-1,0,0,1,18.0,18.0,2.4%,LAR,los_angeles_rams,2022,5,117.78,AT&T Stadium,Indoor,Turf,639.0,2009.0,Arlington,TX,32.7473,-97.0945,Los Angeles Rams
1437,Zach Wilson,14,21,66.7,210,10.0,0,0,2,4,2,1,0,1,14.6,14.6,4.9%,MIA,miami_dolphins,2022,5,98.02,MetLife Stadium,Outdoor,Turf,3.0,2010.0,East Rutherford,NJ,40.8136,-74.0744,Miami Dolphins
1425,Kirk Cousins,32,41,78.0,296,7.2,1,1,1,4,4,1,0,1,23.2,23.2,16.0%,ATL,atlanta_falcons,2022,5,140.08,Raymond James Stadium,Outdoor,Grass,26.0,1998.0,Tampa,FL,27.9759,-82.5033,Atlanta Falcons
1436,Jacoby Brissett,21,34,61.8,230,6.8,1,1,0,3,32,0,0,1,15.4,15.4,3.2%,ARI,arizona_cardinals,2022,5,109.64,Lincoln Financial Field,Outdoor,Grass,30.0,2003.0,Philadelphia,PA,39.9008,-75.1675,Arizona Cardinals
1422,Patrick Mahomes Ii,29,43,67.4,292,6.8,4,0,3,4,28,0,0,1,30.5,30.5,96.3%,KC,kansas_city_chiefs,2022,5,146.41,GEHA Field at Arrowhead Stadium,Outdoor,Grass,1020.0,1972.0,Kansas City,MO,39.049,-94.4839,Kansas City Chiefs
1435,Lamar Jackson,19,32,59.4,174,5.4,1,1,1,12,58,0,0,1,15.8,15.8,98.8%,BAL,baltimore_ravens,2022,5,89.64,M&T Bank Stadium,Outdoor,Grass,10.0,1998.0,Baltimore,MD,39.2779,-76.6227,Baltimore Ravens
1434,Aaron Rodgers,25,39,64.1,222,5.7,2,0,2,0,0,0,0,1,16.9,16.9,28.3%,PIT,pittsburgh_steelers,2022,5,104.87,Highmark Stadium,Outdoor,Grass,600.0,1973.0,Orchard Park,NY,42.7738,-78.7868,Pittsburgh Steelers
1433,Justin Fields,15,21,71.4,208,9.9,1,0,2,8,47,0,0,1,17.0,17.0,80.9%,NYJ,new_york_jets,2022,5,103.58,MetLife Stadium,Outdoor,Turf,3.0,2010.0,East Rutherford,NJ,40.8136,-74.0744,New York Jets
1432,Kyler Murray,28,42,66.7,250,6.0,1,1,1,4,42,0,0,1,17.2,17.2,89.7%,ARI,arizona_cardinals,2022,5,120.44,Lincoln Financial Field,Outdoor,Grass,30.0,2003.0,Philadelphia,PA,39.9008,-75.1675,Arizona Cardinals
1468,Lamar Jackson,17,32,53.1,210,6.6,1,1,2,7,77,0,1,1,17.1,17.1,98.8%,BAL,baltimore_ravens,2022,6,106.79,MetLife Stadium,Outdoor,Turf,3.0,2010.0,East Rutherford,NJ,40.8136,-74.0744,Baltimore Ravens
1483,Cooper Rush,18,38,47.4,181,4.8,1,3,0,0,0,0,0,1,8.2,8.2,1.8%,BAL,baltimore_ravens,2022,6,80.9,MetLife Stadium,Outdoor,Turf,3.0,2010.0,East Rutherford,NJ,40.8136,-74.0744,Baltimore Ravens
1470,Kirk Cousins,20,30,66.7,175,5.8,2,0,3,2,-5,0,0,1,16.5,16.5,16.0%,ATL,atlanta_falcons,2022,6,84.81,Mercedes-Benz Stadium,Indoor,Turf,1050.0,2017.0,Atlanta,GA,33.755,-84.4008,Atlanta Falcons
1465,Justin Fields,14,27,51.9,190,7.0,1,1,5,12,88,0,0,1,19.4,19.4,80.9%,NYJ,new_york_jets,2022,6,101.38,MetLife Stadium,Outdoor,Turf,3.0,2010.0,East Rutherford,NJ,40.8136,-74.0744,New York Jets
1463,Patrick Mahomes Ii,25,40,62.5,338,8.5,2,2,3,4,21,0,0,1,21.6,21.6,96.3%,KC,kansas_city_chiefs,2022,6,157.02,Highmark Stadium,Outdoor,Grass,600.0,1973.0,Orchard Park,NY,42.7738,-78.7868,Kansas City Chiefs
1466,Jimmy Garoppolo,29,41,70.7,296,7.2,2,2,0,3,11,0,0,1,18.9,18.9,2.4%,LAR,los_angeles_rams,2022,6,137.47,SoFi Stadium,Outdoor,Turf,100.0,2020.0,Inglewood,CA,33.9535,-118.3392,Los Angeles Rams
1462,Marcus Mariota,13,14,92.9,129,9.2,2,0,2,6,50,1,0,1,24.2,24.2,3.1%,WAS,washington_commanders,2022,6,77.48,FedExField,Outdoor,Grass,300.0,1997.0,Landover,MD,38.9078,-76.8645,Washington Commanders
1467,Bailey Zappe,24,34,70.6,309,9.1,2,0,2,3,-4,0,1,1,17.4,17.4,1.1%,KC,kansas_city_chiefs,2022,6,140.1,Highmark Stadium,Outdoor,Grass,600.0,1973.0,Orchard Park,NY,42.7738,-78.7868,Kansas City Chiefs
1461,Trevor Lawrence,20,22,90.9,165,7.5,1,0,4,6,23,2,0,1,24.9,24.9,49.3%,JAC,jacksonville_jaguars,2022,6,89.93,Lucas Oil Stadium,Indoor,Turf,700.0,2008.0,Indianapolis,IN,39.7601,-86.1639,Jacksonville Jaguars
1489,Jordan Love,2,4,50.0,8,2.0,0,0,0,0,0,0,0,1,0.3,0.3,73.1%,GB,green_bay_packers,2022,6,4.01,MetLife Stadium,Outdoor,Turf,3.0,2010.0,East Rutherford,NJ,40.8136,-74.0744,Green Bay Packers
1460,Josh Allen,27,40,67.5,329,8.2,3,0,1,12,32,0,1,1,26.4,26.4,99.2%,BUF,buffalo_bills,2022,6,158.42,Highmark Stadium,Outdoor,Grass,600.0,1973.0,Orchard Park,NY,42.7738,-78.7868,Buffalo Bills
1469,Jalen Hurts,15,25,60.0,155,6.2,2,0,4,9,27,0,0,1,16.9,16.9,98.3%,PHI,philadelphia_eagles,2022,6,79.87,Lincoln Financial Field,Outdoor,Grass,30.0,2003.0,Philadelphia,PA,39.9008,-75.1675,Philadelphia Eagles
1458,Joe Burrow,28,37,75.7,300,8.1,3,0,3,4,25,1,0,1,32.5,32.5,98.2%,CIN,cincinnati_bengals,2022,6,150.77,Paycor Stadium,Outdoor,Turf,482.0,2000.0,Cincinnati,OH,39.0954,-84.516,Cincinnati Bengals
1484,Zach Wilson,10,18,55.6,110,6.1,0,0,2,5,1,0,0,1,4.5,4.5,4.9%,MIA,miami_dolphins,2022,6,49.47,U.S. Bank Stadium,Indoor,Turf,840.0,2016.0,Minneapolis,MN,44.974,-93.2581,Miami Dolphins
1471,Kyler Murray,23,37,62.2,222,6.0,0,1,6,10,100,0,1,1,15.9,15.9,89.7%,ARI,arizona_cardinals,2022,6,113.23,Lumen Field,Outdoor,Turf,20.0,2002.0,Seattle,WA,47.5952,-122.3316,Arizona Cardinals
1472,Russell Wilson,15,28,53.6,188,6.7,1,0,4,4,23,0,0,1,13.8,13.8,23.4%,NYG,new_york_giants,2022,6,90.3,MetLife Stadium,Outdoor,Turf,3.0,2010.0,East Rutherford,NJ,40.8136,-74.0744,New York Giants
1474,Daniel Jones,19,27,70.4,173,6.4,2,0,4,6,6,0,1,1,13.5,13.5,20.7%,IND,indianapolis_colts,2022,6,82.93,Lucas Oil Stadium,Indoor,Turf,700.0,2008.0,Indianapolis,IN,39.7601,-86.1639,Indianapolis Colts
1475,Matthew Stafford,26,33,78.8,253,7.7,1,1,1,2,-3,0,0,1,12.8,12.8,48.2%,LAR,los_angeles_rams,2022,6,114.2,SoFi Stadium,Outdoor,Turf,100.0,2020.0,Inglewood,CA,33.9535,-118.3392,Los Angeles Rams
1476,Geno Smith,20,31,64.5,197,6.4,0,0,5,6,48,0,0,1,12.7,12.7,36.9%,LV,las_vegas_raiders,2022,6,95.77,,,,,,,,,,Las Vegas Raiders
1477,Aaron Rodgers,26,41,63.4,246,6.0,1,0,4,1,0,0,1,1,11.8,11.8,28.3%,PIT,pittsburgh_steelers,2022,6,110.66,Acrisure Stadium,Outdoor,Grass,730.0,2001.0,Pittsburgh,PA,40.4468,-80.0158,Pittsburgh Steelers
1478,Jacoby Brissett,21,45,46.7,266,5.9,1,2,4,1,0,0,1,1,10.6,10.6,3.2%,ARI,arizona_cardinals,2022,6,117.1,Lumen Field,Outdoor,Turf,20.0,2002.0,Seattle,WA,47.5952,-122.3316,Arizona Cardinals
1479,Andy Dalton,17,32,53.1,162,5.1,1,0,1,0,0,0,0,1,10.5,10.5,1.7%,CAR,carolina_panthers,2022,6,75.17,SoFi Stadium,Outdoor,Turf,100.0,2020.0,Inglewood,CA,33.9535,-118.3392,Carolina Panthers
1480,Mitchell Trubisky,9,12,75.0,144,12.0,1,0,1,6,5,0,0,1,10.3,10.3,1.3%,BUF,buffalo_bills,2022,6,68.91,Highmark Stadium,Outdoor,Grass,600.0,1973.0,Orchard Park,NY,42.7738,-78.7868,Buffalo Bills
1481,Justin Herbert,37,57,64.9,238,4.2,0,1,2,2,9,0,0,1,9.4,9.4,87.6%,LAC,los_angeles_chargers,2022,6,107.12,SoFi Stadium,Outdoor,Turf,100.0,2020.0,Inglewood,CA,33.9535,-118.3392,Los Angeles Chargers
1482,Kenny Pickett,11,18,61.1,67,3.7,1,0,1,2,16,0,0,1,8.3,8.3,7.7%,CLE,cleveland_browns,2022,6,36.35,Gillette Stadium,Outdoor,Turf,289.0,2002.0,Foxborough,MA,42.0909,-71.2643,Cleveland Browns
1485,Skylar Thompson,7,13,53.8,89,6.8,0,0,1,1,9,0,0,1,4.5,4.5,2.0%,PIT,pittsburgh_steelers,2022,6,41.71,Acrisure Stadium,Outdoor,Grass,730.0,2001.0,Pittsburgh,PA,40.4468,-80.0158,Pittsburgh Steelers
1495,Davis Mills,28,41,68.3,302,7.4,2,1,1,0,0,0,0,1,19.1,19.1,0.8%,HOU,houston_texans,2022,7,138.95,Allegiant Stadium,Indoor,Turf,2001.0,2020.0,Las Vegas,NV,36.0908,-115.183,Houston Texans
1506,Kenny Pickett,32,44,72.7,257,5.8,1,3,2,3,20,0,0,1,13.3,13.3,7.7%,CLE,cleveland_browns,2022,7,118.47,M&T Bank Stadium,Outdoor,Grass,10.0,1998.0,Baltimore,MD,39.2779,-76.6227,Cleveland Browns
1496,Trevor Lawrence,22,43,51.2,310,7.2,0,0,0,4,3,1,0,1,18.7,18.7,49.3%,JAC,jacksonville_jaguars,2022,7,141.23,MetLife Stadium,Outdoor,Turf,3.0,2010.0,East Rutherford,NJ,40.8136,-74.0744,Jacksonville Jaguars
1520,Feleipe Franks,0,0,0.0,0,0.0,0,0,0,0,0,0,0,1,0.0,0.0,0.0%,ATL,atlanta_falcons,2022,7,0.0,Paycor Stadium,Outdoor,Turf,482.0,2000.0,Cincinnati,OH,39.0954,-84.516,Atlanta Falcons
1519,Brock Purdy,4,9,44.4,66,7.3,0,1,0,1,1,0,0,1,1.7,1.7,89.9%,SF,san_francisco_49ers,2022,7,29.45,GEHA Field at Arrowhead Stadium,Outdoor,Grass,1020.0,1972.0,Kansas City,MO,39.049,-94.4839,San Francisco 49ers
1518,Mac Jones,3,6,50.0,13,2.2,0,1,0,3,24,0,0,1,1.9,1.9,4.0%,SF,san_francisco_49ers,2022,7,9.57,GEHA Field at Arrowhead Stadium,Outdoor,Grass,1020.0,1972.0,Kansas City,MO,39.049,-94.4839,San Francisco 49ers
1491,Andy Dalton,30,47,63.8,361,7.7,4,3,0,4,21,0,0,1,29.5,29.5,1.7%,CAR,carolina_panthers,2022,7,172.59,Bank of America Stadium,Outdoor,Grass,748.0,1996.0,Charlotte,NC,35.2258,-80.8528,Carolina Panthers
1492,Daniel Jones,19,30,63.3,202,6.7,1,0,1,11,107,1,0,1,28.8,28.8,20.7%,IND,indianapolis_colts,2022,7,115.4,Nissan Stadium,Outdoor,Grass,476.0,1999.0,Nashville,TN,36.1665,-86.7713,Indianapolis Colts
1517,Jared Goff,21,26,80.8,228,8.8,0,2,5,1,4,0,2,1,3.5,3.5,83.0%,DET,detroit_lions,2022,7,97.51,AT&T Stadium,Indoor,Turf,639.0,2009.0,Arlington,TX,32.7473,-97.0945,Detroit Lions
1515,Zach Wilson,16,26,61.5,121,4.7,0,0,3,4,24,0,0,1,7.2,7.2,4.9%,MIA,miami_dolphins,2022,7,58.38,Hard Rock Stadium,Outdoor,Grass,7.0,1987.0,Miami Gardens,FL,25.958,-80.238,Miami Dolphins
1493,Patrick Mahomes Ii,25,34,73.5,423,12.4,3,1,1,0,0,0,0,1,27.9,27.9,96.3%,KC,kansas_city_chiefs,2022,7,194.51,GEHA Field at Arrowhead Stadium,Outdoor,Grass,1020.0,1972.0,Kansas City,MO,39.049,-94.4839,Kansas City Chiefs
1514,Bailey Zappe,14,22,63.6,185,8.4,1,2,1,2,-1,0,1,1,7.3,7.3,1.1%,KC,kansas_city_chiefs,2022,7,82.09,GEHA Field at Arrowhead Stadium,Outdoor,Grass,1020.0,1972.0,Kansas City,MO,39.049,-94.4839,Kansas City Chiefs
1513,Brett Rypien,24,46,52.2,225,4.9,0,1,1,3,9,0,0,1,8.9,8.9,0.1%,MIN,minnesota_vikings,2022,7,100.41,,,,,,,,,,Minnesota Vikings
1512,Jacoby Brissett,22,27,81.5,258,9.6,0,0,5,3,18,0,1,1,10.1,10.1,3.2%,ARI,arizona_cardinals,2022,7,116.09,State Farm Stadium,Indoor,Turf,1070.0,2006.0,Glendale,AZ,33.5275,-112.2625,Arizona Cardinals
1494,Justin Fields,13,21,61.9,179,8.5,1,1,4,14,82,1,0,1,24.4,24.4,80.9%,NYJ,new_york_jets,2022,7,100.28,MetLife Stadium,Outdoor,Turf,3.0,2010.0,East Rutherford,NJ,40.8136,-74.0744,New York Jets
1490,Joe Burrow,34,42,81.0,481,11.5,3,0,3,3,20,1,0,1,39.2,39.2,98.2%,CIN,cincinnati_bengals,2022,7,228.64,Paycor Stadium,Outdoor,Turf,482.0,2000.0,Cincinnati,OH,39.0954,-84.516,Cincinnati Bengals
1511,Lamar Jackson,9,16,56.3,120,7.5,0,0,3,10,59,0,0,1,10.7,10.7,98.8%,BAL,baltimore_ravens,2022,7,63.79,M&T Bank Stadium,Outdoor,Grass,10.0,1998.0,Baltimore,MD,39.2779,-76.6227,Baltimore Ravens
1508,Marcus Mariota,8,13,61.5,124,9.5,1,0,3,6,31,0,0,1,12.1,12.1,3.1%,WAS,washington_commanders,2022,7,64.17,FedExField,Outdoor,Grass,300.0,1997.0,Landover,MD,38.9078,-76.8645,Washington Commanders
1497,Justin Herbert,33,51,64.7,293,5.7,2,1,3,3,22,0,1,1,18.1,18.1,87.6%,LAC,los_angeles_chargers,2022,7,136.91,Lumen Field,Outdoor,Turf,20.0,2002.0,Seattle,WA,47.5952,-122.3316,Los Angeles Chargers
1507,Dak Prescott,19,25,76.0,207,8.3,1,0,2,3,0,0,0,1,12.3,12.3,77.0%,DAL,dallas_cowboys,2022,7,95.27,AT&T Stadium,Indoor,Turf,639.0,2009.0,Arlington,TX,32.7473,-97.0945,Dallas Cowboys
1498,Jimmy Garoppolo,25,37,67.6,303,8.2,2,1,5,2,2,0,1,1,17.3,17.3,2.4%,LAR,los_angeles_rams,2022,7,138.05,,,,,,,,,,Los Angeles Rams
1504,Geno Smith,20,27,74.1,210,7.8,2,1,2,4,7,0,1,1,14.1,14.1,36.9%,LV,las_vegas_raiders,2022,7,98.53,Allegiant Stadium,Indoor,Turf,2001.0,2020.0,Las Vegas,NV,36.0908,-115.183,Las Vegas Raiders
1499,Kyler Murray,20,29,69.0,204,7.0,1,0,2,7,30,0,0,1,17.2,17.2,89.7%,ARI,arizona_cardinals,2022,7,100.34,State Farm Stadium,Indoor,Turf,1070.0,2006.0,Glendale,AZ,33.5275,-112.2625,Arizona Cardinals
1500,Tua Tagovailoa,21,35,60.0,261,7.5,1,0,0,4,15,0,0,1,15.9,15.9,48.2%,MIA,miami_dolphins,2022,7,120.93,Hard Rock Stadium,Outdoor,Grass,7.0,1987.0,Miami Gardens,FL,25.958,-80.238,Miami Dolphins
1501,Aaron Rodgers,23,35,65.7,194,5.5,2,0,0,0,0,0,0,1,15.8,15.8,28.3%,PIT,pittsburgh_steelers,2022,7,92.66,Hard Rock Stadium,Outdoor,Grass,7.0,1987.0,Miami Gardens,FL,25.958,-80.238,Pittsburgh Steelers
1502,Taylor Heinicke,20,33,60.6,201,6.1,2,1,1,2,4,0,0,1,15.4,15.4,0.6%,LAC,los_angeles_chargers,2022,7,95.3,Lumen Field,Outdoor,Turf,20.0,2002.0,Seattle,WA,47.5952,-122.3316,Los Angeles Chargers
1545,Davis Mills,17,29,58.6,152,5.2,1,1,3,3,8,0,0,1,9.9,9.9,0.8%,HOU,houston_texans,2022,8,71.47,Nissan Stadium,Outdoor,Grass,476.0,1999.0,Nashville,TN,36.1665,-86.7713,Houston Texans
1535,Jimmy Garoppolo,21,25,84.0,235,9.4,2,0,3,1,3,0,0,1,17.7,17.7,2.4%,LAR,los_angeles_rams,2022,8,111.27,Levi's Stadium,Outdoor,Grass,13.0,2014.0,Santa Clara,CA,37.403,-121.9692,Los Angeles Rams
1541,Aaron Rodgers,19,30,63.3,203,6.8,2,1,2,1,11,0,0,1,16.2,16.2,28.3%,PIT,pittsburgh_steelers,2022,8,97.4,Lincoln Financial Field,Outdoor,Grass,30.0,2003.0,Philadelphia,PA,39.9008,-75.1675,Pittsburgh Steelers
1525,Dak Prescott,21,27,77.8,250,9.3,2,1,1,5,34,1,0,1,26.4,26.4,77.0%,DAL,dallas_cowboys,2022,8,126.54,AT&T Stadium,Indoor,Turf,639.0,2009.0,Arlington,TX,32.7473,-97.0945,Dallas Cowboys
1555,Feleipe Franks,0,0,0.0,0,0.0,0,0,0,0,0,0,0,1,0.0,0.0,0.0%,ATL,atlanta_falcons,2022,8,0.0,Mercedes-Benz Stadium,Indoor,Turf,1050.0,2017.0,Atlanta,GA,33.755,-84.4008,Atlanta Falcons
1543,Joe Burrow,25,35,71.4,232,6.6,2,1,5,1,2,0,1,1,14.5,14.5,98.2%,CIN,cincinnati_bengals,2022,8,107.37,FirstEnergy Stadium,Outdoor,Grass,577.0,1999.0,Cleveland,OH,41.5061,-81.6995,Cincinnati Bengals
1544,Mac Jones,24,35,68.6,194,5.5,1,1,6,7,19,0,0,1,12.7,12.7,4.0%,SF,san_francisco_49ers,2022,8,92.09,Levi's Stadium,Outdoor,Grass,13.0,2014.0,Santa Clara,CA,37.403,-121.9692,San Francisco 49ers
1526,Justin Fields,17,23,73.9,151,6.6,2,0,4,8,60,1,0,1,26.0,26.0,80.9%,NYJ,new_york_jets,2022,8,88.42,Gillette Stadium,Outdoor,Turf,289.0,2002.0,Foxborough,MA,42.0909,-71.2643,New York Jets
1539,Andy Dalton,22,30,73.3,229,7.6,2,0,0,0,0,0,0,1,17.2,17.2,1.7%,CAR,carolina_panthers,2022,8,107.96,Mercedes-Benz Stadium,Indoor,Turf,1050.0,2017.0,Atlanta,GA,33.755,-84.4008,Carolina Panthers
1538,Matthew Stafford,22,33,66.7,187,5.7,1,0,2,2,-1,1,0,1,17.4,17.4,48.2%,LAR,los_angeles_rams,2022,8,90.72,Levi's Stadium,Outdoor,Grass,13.0,2014.0,Santa Clara,CA,37.403,-121.9692,Los Angeles Rams
1546,Daniel Jones,17,31,54.8,176,5.7,0,0,5,6,20,0,0,1,9.0,9.0,20.7%,IND,indianapolis_colts,2022,8,81.54,FedExField,Outdoor,Grass,300.0,1997.0,Landover,MD,38.9078,-76.8645,Indianapolis Colts
1547,Trevor Lawrence,18,31,58.1,133,4.3,1,2,2,3,15,0,0,1,8.8,8.8,49.3%,JAC,jacksonville_jaguars,2022,8,63.62,Empower Field at Mile High,Outdoor,Turf,5280.0,2001.0,Denver,CO,39.7439,-105.0201,Jacksonville Jaguars
1548,Kenny Pickett,25,38,65.8,191,5.0,0,1,6,7,37,0,1,1,8.3,8.3,7.7%,CLE,cleveland_browns,2022,8,89.21,FirstEnergy Stadium,Outdoor,Grass,577.0,1999.0,Cleveland,OH,41.5061,-81.6995,Cleveland Browns
1549,Sam Ehlinger,17,23,73.9,201,8.7,0,0,2,6,15,0,1,1,7.5,7.5,0.1%,DEN,denver_broncos,2022,8,90.49,Empower Field at Mile High,Outdoor,Turf,5280.0,2001.0,Denver,CO,39.7439,-105.0201,Denver Broncos
1537,Jared Goff,27,37,73.0,321,8.7,1,0,1,1,3,0,0,1,17.6,17.6,83.0%,DET,detroit_lions,2022,8,145.76,Hard Rock Stadium,Outdoor,Grass,7.0,1987.0,Miami Gardens,FL,25.958,-80.238,Detroit Lions
1542,Russell Wilson,18,30,60.0,252,8.4,1,1,3,4,17,0,0,1,14.8,14.8,23.4%,NYG,new_york_giants,2022,8,116.54,Lumen Field,Outdoor,Turf,20.0,2002.0,Seattle,WA,47.5952,-122.3316,New York Giants
1551,Jarrett Stidham,8,13,61.5,72,5.5,0,0,1,0,0,0,0,1,2.9,2.9,1.6%,DEN,denver_broncos,2022,8,32.73,Empower Field at Mile High,Outdoor,Turf,5280.0,2001.0,Denver,CO,39.7439,-105.0201,Denver Broncos
1534,Geno Smith,23,34,67.6,212,6.2,2,0,3,5,26,0,0,1,19.1,19.1,36.9%,LV,las_vegas_raiders,2022,8,104.91,Caesars Superdome,Indoor,Turf,3.0,1975.0,New Orleans,LA,29.9509,-90.0815,Las Vegas Raiders
1533,Zach Wilson,20,41,48.8,355,8.7,2,3,2,1,2,0,0,1,19.4,19.4,4.9%,MIA,miami_dolphins,2022,8,159.82,Hard Rock Stadium,Outdoor,Grass,7.0,1987.0,Miami Gardens,FL,25.958,-80.238,Miami Dolphins
1552,Malik Willis,6,10,60.0,55,5.5,0,1,3,5,12,0,0,1,2.4,2.4,3.3%,GB,green_bay_packers,2022,8,26.48,Highmark Stadium,Outdoor,Grass,600.0,1973.0,Orchard Park,NY,42.7738,-78.7868,Green Bay Packers
1532,Josh Allen,13,25,52.0,218,8.7,2,2,2,6,49,0,0,1,19.6,19.6,99.2%,BUF,buffalo_bills,2022,8,109.26,Highmark Stadium,Outdoor,Grass,600.0,1973.0,Orchard Park,NY,42.7738,-78.7868,Buffalo Bills
1531,Jacoby Brissett,17,22,77.3,278,12.6,1,0,2,6,12,1,1,1,20.3,20.3,3.2%,ARI,arizona_cardinals,2022,8,131.23,U.S. Bank Stadium,Indoor,Turf,840.0,2016.0,Minneapolis,MN,44.974,-93.2581,Arizona Cardinals
1530,Lamar Jackson,27,38,71.1,238,6.3,2,0,3,9,43,0,0,1,21.8,21.8,98.8%,BAL,baltimore_ravens,2022,8,119.32,M&T Bank Stadium,Outdoor,Grass,10.0,1998.0,Baltimore,MD,39.2779,-76.6227,Baltimore Ravens
1556,Logan Woodside,0,0,0.0,0,0.0,0,0,0,0,0,0,0,1,0.0,0.0,0.0%,CIN,cincinnati_bengals,2022,8,0.0,FirstEnergy Stadium,Outdoor,Grass,577.0,1999.0,Cleveland,OH,41.5061,-81.6995,Cincinnati Bengals
1529,Taylor Heinicke,23,31,74.2,279,9.0,1,1,2,6,29,1,0,1,23.1,23.1,0.6%,LAC,los_angeles_chargers,2022,8,135.17,,,,,,,,,,Los Angeles Chargers
1522,Tua Tagovailoa,29,36,80.6,382,10.6,3,0,2,5,19,0,0,1,29.2,29.2,48.2%,MIA,miami_dolphins,2022,8,181.06,Hard Rock Stadium,Outdoor,Grass,7.0,1987.0,Miami Gardens,FL,25.958,-80.238,Miami Dolphins
1528,Kirk Cousins,24,36,66.7,232,6.4,2,0,3,4,22,1,1,1,23.5,23.5,16.0%,ATL,atlanta_falcons,2022,8,115.83,Mercedes-Benz Stadium,Indoor,Turf,1050.0,2017.0,Atlanta,GA,33.755,-84.4008,Atlanta Falcons
1523,Jalen Hurts,19,28,67.9,285,10.2,4,0,3,2,10,0,0,1,28.4,28.4,98.3%,PHI,philadelphia_eagles,2022,8,140.02,Lincoln Financial Field,Outdoor,Grass,30.0,2003.0,Philadelphia,PA,39.9008,-75.1675,Philadelphia Eagles
1524,Kyler Murray,31,44,70.5,326,7.4,3,2,4,6,36,0,0,1,26.6,26.6,89.7%,ARI,arizona_cardinals,2022,8,157.9,U.S. Bank Stadium,Indoor,Turf,840.0,2016.0,Minneapolis,MN,44.974,-93.2581,Arizona Cardinals
1527,Marcus Mariota,20,28,71.4,253,9.0,3,2,2,6,43,0,0,1,24.4,24.4,3.1%,WAS,washington_commanders,2022,8,127.08,FedExField,Outdoor,Grass,300.0,1997.0,Landover,MD,38.9078,-76.8645,Washington Commanders
1553,Gardner Minshew Ii,1,2,50.0,23,11.5,0,0,0,1,-1,0,0,1,0.8,0.8,3.1%,KC,kansas_city_chiefs,2022,8,12.06,,,,,,,,,,Kansas City Chiefs
1583,Brandon Allen,3,3,100.0,22,7.3,0,0,1,3,-1,0,0,1,0.8,0.8,0.1%,TEN,tennessee_titans,2022,9,11.02,GEHA Field at Arrowhead Stadium,Outdoor,Grass,1020.0,1972.0,Kansas City,MO,39.049,-94.4839,Tennessee Titans
1557,Justin Fields,17,28,60.7,123,4.4,3,0,2,15,178,1,0,1,42.7,42.7,80.9%,NYJ,new_york_jets,2022,9,100.57,MetLife Stadium,Outdoor,Turf,3.0,2010.0,East Rutherford,NJ,40.8136,-74.0744,New York Jets
1558,Patrick Mahomes Ii,43,68,63.2,446,6.6,1,1,4,6,63,1,0,1,35.1,35.1,96.3%,KC,kansas_city_chiefs,2022,9,215.29,GEHA Field at Arrowhead Stadium,Outdoor,Grass,1020.0,1972.0,Kansas City,MO,39.049,-94.4839,Kansas City Chiefs
1559,Josh Allen,18,34,52.9,205,6.0,0,2,5,9,86,2,0,1,26.8,26.8,99.2%,BUF,buffalo_bills,2022,9,112.56,MetLife Stadium,Outdoor,Turf,3.0,2010.0,East Rutherford,NJ,40.8136,-74.0744,Buffalo Bills
1560,Tua Tagovailoa,21,30,70.0,302,10.1,3,0,0,5,0,0,0,1,24.1,24.1,48.2%,MIA,miami_dolphins,2022,9,142.69,Hard Rock Stadium,Outdoor,Grass,7.0,1987.0,Miami Gardens,FL,25.958,-80.238,Miami Dolphins
1561,Geno Smith,26,34,76.5,275,8.1,2,1,2,6,38,0,0,1,21.8,21.8,36.9%,LV,las_vegas_raiders,2022,9,133.78,TIAA Bank Field,Outdoor,Grass,16.0,1995.0,Jacksonville,FL,30.3239,-81.6373,Las Vegas Raiders
1562,Jalen Hurts,21,27,77.8,243,9.0,2,0,4,9,23,0,1,1,20.0,20.0,98.3%,PHI,philadelphia_eagles,2022,9,117.9,Lincoln Financial Field,Outdoor,Grass,30.0,2003.0,Philadelphia,PA,39.9008,-75.1675,Philadelphia Eagles
1563,Joe Burrow,22,28,78.6,206,7.4,1,0,1,4,9,1,0,1,19.1,19.1,98.2%,CIN,cincinnati_bengals,2022,9,100.85,Paycor Stadium,Outdoor,Turf,482.0,2000.0,Cincinnati,OH,39.0954,-84.516,Cincinnati Bengals
1564,Kyler Murray,25,35,71.4,175,5.0,2,0,5,8,60,0,1,1,19.0,19.0,89.7%,ARI,arizona_cardinals,2022,9,93.3,Lumen Field,Outdoor,Turf,20.0,2002.0,Seattle,WA,47.5952,-122.3316,Arizona Cardinals
1566,Lamar Jackson,12,22,54.5,133,6.0,1,0,3,11,82,0,0,1,17.5,17.5,98.8%,BAL,baltimore_ravens,2022,9,76.35,M&T Bank Stadium,Outdoor,Grass,10.0,1998.0,Baltimore,MD,39.2779,-76.6227,Baltimore Ravens
1567,Kirk Cousins,22,40,55.0,265,6.6,2,1,2,2,-2,0,0,1,17.4,17.4,16.0%,ATL,atlanta_falcons,2022,9,122.0,SoFi Stadium,Outdoor,Turf,100.0,2020.0,Inglewood,CA,33.9535,-118.3392,Atlanta Falcons
1568,Trevor Lawrence,25,31,80.6,235,7.6,1,0,0,6,53,0,1,1,16.7,16.7,49.3%,JAC,jacksonville_jaguars,2022,9,115.21,TIAA Bank Field,Outdoor,Grass,16.0,1995.0,Jacksonville,FL,30.3239,-81.6373,Jacksonville Jaguars
1569,Aaron Rodgers,23,43,53.5,291,6.8,1,3,1,4,40,0,0,1,16.6,16.6,28.3%,PIT,pittsburgh_steelers,2022,9,135.68,,,,,,,,,,Pittsburgh Steelers
1571,Taylor Heinicke,15,28,53.6,149,5.3,2,1,3,4,17,0,0,1,14.7,14.7,0.6%,LAC,los_angeles_chargers,2022,9,74.65,SoFi Stadium,Outdoor,Turf,100.0,2020.0,Inglewood,CA,33.9535,-118.3392,Los Angeles Chargers
1572,Baker Mayfield,14,20,70.0,155,7.8,2,0,0,0,0,0,0,1,14.2,14.2,94.5%,TB,tampa_bay_buccaneers,2022,9,75.5,Raymond James Stadium,Outdoor,Grass,26.0,1998.0,Tampa,FL,27.9759,-82.5033,Tampa Bay Buccaneers
1573,Davis Mills,13,22,59.1,154,7.0,2,2,3,3,18,0,0,1,14.0,14.0,0.8%,HOU,houston_texans,2022,9,76.3,Lincoln Financial Field,Outdoor,Grass,30.0,2003.0,Philadelphia,PA,39.9008,-75.1675,Houston Texans
1574,Justin Herbert,30,43,69.8,245,5.7,1,1,0,1,3,0,0,1,13.1,13.1,87.6%,LAC,los_angeles_chargers,2022,9,111.81,SoFi Stadium,Outdoor,Turf,100.0,2020.0,Inglewood,CA,33.9535,-118.3392,Los Angeles Chargers
1575,Jared Goff,14,26,53.8,137,5.3,2,1,0,1,-1,0,0,1,12.4,12.4,83.0%,DET,detroit_lions,2022,9,66.34,Ford Field,Indoor,Turf,600.0,2002.0,Detroit,MI,42.34,-83.0456,Detroit Lions
1576,Andy Dalton,19,29,65.5,210,7.2,1,1,4,2,5,0,0,1,11.9,11.9,1.7%,CAR,carolina_panthers,2022,9,96.37,Paycor Stadium,Outdoor,Turf,482.0,2000.0,Cincinnati,OH,39.0954,-84.516,Carolina Panthers
1577,Zach Wilson,18,25,72.0,154,6.2,1,0,2,5,24,0,1,1,10.6,10.6,4.9%,MIA,miami_dolphins,2022,9,74.66,Hard Rock Stadium,Outdoor,Grass,7.0,1987.0,Miami Gardens,FL,25.958,-80.238,Miami Dolphins
1578,Matthew Stafford,13,27,48.1,165,6.1,1,0,4,2,-1,0,0,1,10.5,10.5,48.2%,LAR,los_angeles_rams,2022,9,76.07,Raymond James Stadium,Outdoor,Grass,26.0,1998.0,Tampa,FL,27.9759,-82.5033,Los Angeles Rams
1579,Mac Jones,20,30,66.7,147,4.9,1,0,4,1,-2,0,0,1,9.7,9.7,4.0%,SF,san_francisco_49ers,2022,9,68.67,,,,,,,,,,San Francisco 49ers
1580,Marcus Mariota,12,23,52.2,129,5.6,0,0,2,5,24,0,0,1,7.6,7.6,3.1%,WAS,washington_commanders,2022,9,61.64,U.S. Bank Stadium,Indoor,Turf,840.0,2016.0,Minneapolis,MN,44.974,-93.2581,Washington Commanders
1581,Malik Willis,5,16,31.3,80,5.0,0,0,3,8,40,0,0,1,7.2,7.2,3.3%,GB,green_bay_packers,2022,9,42.54,Ford Field,Indoor,Turf,600.0,2002.0,Detroit,MI,42.34,-83.0456,Green Bay Packers
1582,Sam Ehlinger,15,29,51.7,103,3.6,0,1,9,5,39,0,0,1,7.0,7.0,0.1%,DEN,denver_broncos,2022,9,52.12,,,,,,,,,,Denver Broncos
1584,Nick Mullens,1,1,100.0,-3,-3.0,0,0,0,0,0,0,0,1,-0.1,-0.1,1.1%,JAC,jacksonville_jaguars,2022,9,-1.77,TIAA Bank Field,Outdoor,Grass,16.0,1995.0,Jacksonville,FL,30.3239,-81.6373,Jacksonville Jaguars
1586,Justin Fields,12,20,60.0,167,8.4,2,1,3,13,147,2,0,1,40.4,40.4,80.9%,NYJ,new_york_jets,2022,10,113.56,,,,,,,,,,New York Jets
1587,Patrick Mahomes Ii,26,35,74.3,331,9.5,4,1,0,7,39,0,0,1,32.1,32.1,96.3%,KC,kansas_city_chiefs,2022,10,164.37,GEHA Field at Arrowhead Stadium,Outdoor,Grass,1020.0,1972.0,Kansas City,MO,39.049,-94.4839,Kansas City Chiefs
1588,Tua Tagovailoa,25,32,78.1,285,8.9,3,0,0,1,0,0,0,1,23.4,23.4,48.2%,MIA,miami_dolphins,2022,10,135.56,Hard Rock Stadium,Outdoor,Grass,7.0,1987.0,Miami Gardens,FL,25.958,-80.238,Miami Dolphins
1589,Jalen Hurts,17,26,65.4,175,6.7,2,1,1,6,28,1,0,1,22.8,22.8,98.3%,PHI,philadelphia_eagles,2022,10,92.5,FedExField,Outdoor,Grass,300.0,1997.0,Landover,MD,38.9078,-76.8645,Philadelphia Eagles
1591,Josh Allen,29,43,67.4,330,7.7,1,2,2,6,84,0,1,1,21.6,21.6,99.2%,BUF,buffalo_bills,2022,10,159.96,U.S. Bank Stadium,Indoor,Turf,840.0,2016.0,Minneapolis,MN,44.974,-93.2581,Buffalo Bills
1592,Dak Prescott,27,46,58.7,265,5.8,3,2,2,4,6,0,0,1,21.2,21.2,77.0%,DAL,dallas_cowboys,2022,10,126.0,Lambeau Field,Outdoor,Grass,640.0,1957.0,Green Bay,WI,44.5013,-88.0622,Dallas Cowboys
1593,Trevor Lawrence,29,40,72.5,259,6.5,2,0,5,4,26,0,0,1,21.0,21.0,49.3%,JAC,jacksonville_jaguars,2022,10,125.7,GEHA Field at Arrowhead Stadium,Outdoor,Grass,1020.0,1972.0,Kansas City,MO,39.049,-94.4839,Jacksonville Jaguars
1594,Aaron Rodgers,14,20,70.0,224,11.2,3,0,2,2,4,0,1,1,19.4,19.4,28.3%,PIT,pittsburgh_steelers,2022,10,108.02,Acrisure Stadium,Outdoor,Grass,730.0,2001.0,Pittsburgh,PA,40.4468,-80.0158,Pittsburgh Steelers
1596,Geno Smith,23,33,69.7,275,8.3,2,0,3,4,22,0,1,1,19.2,19.2,36.9%,LV,las_vegas_raiders,2022,10,130.1,Lucas Oil Stadium,Indoor,Turf,700.0,2008.0,Indianapolis,IN,39.7601,-86.1639,Las Vegas Raiders
1597,Kenny Pickett,18,30,60.0,199,6.6,0,0,6,8,51,1,0,1,19.1,19.1,7.7%,CLE,cleveland_browns,2022,10,101.39,Hard Rock Stadium,Outdoor,Grass,7.0,1987.0,Miami Gardens,FL,25.958,-80.238,Cleveland Browns
1598,Marcus Mariota,19,30,63.3,186,6.2,2,1,5,3,43,0,0,1,18.7,18.7,3.1%,WAS,washington_commanders,2022,10,95.43,FedExField,Outdoor,Grass,300.0,1997.0,Landover,MD,38.9078,-76.8645,Washington Commanders
1599,Daniel Jones,13,17,76.5,197,11.6,2,0,3,5,24,0,0,1,18.3,18.3,20.7%,IND,indianapolis_colts,2022,10,98.23,Lucas Oil Stadium,Indoor,Turf,700.0,2008.0,Indianapolis,IN,39.7601,-86.1639,Indianapolis Colts
1601,Kirk Cousins,30,50,60.0,357,7.1,1,2,4,6,12,0,0,1,17.5,17.5,16.0%,ATL,atlanta_falcons,2022,10,160.77,Bank of America Stadium,Outdoor,Grass,748.0,1996.0,Charlotte,NC,35.2258,-80.8528,Atlanta Falcons
1603,Jacoby Brissett,22,35,62.9,212,6.1,1,0,3,7,40,0,0,1,16.5,16.5,3.2%,ARI,arizona_cardinals,2022,10,104.07,State Farm Stadium,Indoor,Turf,1070.0,2006.0,Glendale,AZ,33.5275,-112.2625,Arizona Cardinals
1604,Jimmy Garoppolo,19,28,67.9,240,8.6,0,0,1,5,3,1,0,1,15.9,15.9,2.4%,LAR,los_angeles_rams,2022,10,111.25,State Farm Stadium,Indoor,Turf,1070.0,2006.0,Glendale,AZ,33.5275,-112.2625,Los Angeles Rams
1605,Davis Mills,22,37,59.5,319,8.6,1,1,4,0,0,0,0,1,15.8,15.8,0.8%,HOU,houston_texans,2022,10,142.78,MetLife Stadium,Outdoor,Turf,3.0,2010.0,East Rutherford,NJ,40.8136,-74.0744,Houston Texans
1606,Russell Wilson,21,42,50.0,286,6.8,1,1,6,7,8,0,0,1,15.2,15.2,23.4%,NYG,new_york_giants,2022,10,129.5,MetLife Stadium,Outdoor,Turf,3.0,2010.0,East Rutherford,NJ,40.8136,-74.0744,New York Giants
1607,Jared Goff,19,26,73.1,236,9.1,1,0,2,4,14,0,0,1,14.8,14.8,83.0%,DET,detroit_lions,2022,10,110.18,Ford Field,Indoor,Turf,600.0,2002.0,Detroit,MI,42.34,-83.0456,Detroit Lions
1609,Justin Herbert,21,35,60.0,196,5.6,1,1,2,5,22,0,0,1,13.0,13.0,87.6%,LAC,los_angeles_chargers,2022,10,93.12,Levi's Stadium,Outdoor,Grass,13.0,2014.0,Santa Clara,CA,37.403,-121.9692,Los Angeles Chargers
1610,John Wolford,24,36,66.7,212,5.9,1,1,3,3,3,0,1,1,9.8,9.8,0.0%,JAC,jacksonville_jaguars,2022,10,95.64,GEHA Field at Arrowhead Stadium,Outdoor,Grass,1020.0,1972.0,Kansas City,MO,39.049,-94.4839,Jacksonville Jaguars
1611,Andy Dalton,17,27,63.0,174,6.4,1,2,2,3,1,0,0,1,9.1,9.1,1.7%,CAR,carolina_panthers,2022,10,79.15,Bank of America Stadium,Outdoor,Grass,748.0,1996.0,Charlotte,NC,35.2258,-80.8528,Carolina Panthers
1612,Taylor Heinicke,17,29,58.6,211,7.3,0,1,3,5,10,0,1,1,6.4,6.4,0.6%,LAC,los_angeles_chargers,2022,10,92.84,Levi's Stadium,Outdoor,Grass,13.0,2014.0,Santa Clara,CA,37.403,-121.9692,Los Angeles Chargers
1614,Skylar Thompson,1,1,100.0,17,17.0,0,0,0,3,0,0,0,1,0.7,0.7,2.0%,PIT,pittsburgh_steelers,2022,10,10.79,Acrisure Stadium,Outdoor,Grass,730.0,2001.0,Pittsburgh,PA,40.4468,-80.0158,Pittsburgh Steelers
1616,Trey Lance,0,0,0.0,0,0.0,0,0,0,0,0,0,0,1,0.0,0.0,1.3%,LAC,los_angeles_chargers,2022,10,0.0,Levi's Stadium,Outdoor,Grass,13.0,2014.0,Santa Clara,CA,37.403,-121.9692,Los Angeles Chargers
1618,Kyle Allen,0,0,0.0,0,0.0,0,0,0,0,0,0,0,1,0.0,0.0,1.1%,DET,detroit_lions,2022,10,0.0,Ford Field,Indoor,Turf,600.0,2002.0,Detroit,MI,42.34,-83.0456,Detroit Lions
1619,Malik Willis,0,0,0.0,0,0.0,0,0,0,1,-4,0,1,1,-2.4,-2.4,3.3%,GB,green_bay_packers,2022,10,-2.18,Lambeau Field,Outdoor,Grass,640.0,1957.0,Green Bay,WI,44.5013,-88.0622,Green Bay Packers
1620,Joe Burrow,24,39,61.5,355,9.1,4,2,2,4,5,0,0,1,28.7,28.7,98.2%,CIN,cincinnati_bengals,2022,11,167.81,Paycor Stadium,Outdoor,Turf,482.0,2000.0,Cincinnati,OH,39.0954,-84.516,Cincinnati Bengals
1621,Patrick Mahomes Ii,20,34,58.8,329,9.7,3,0,1,4,23,0,0,1,27.5,27.5,96.3%,KC,kansas_city_chiefs,2022,11,157.99,GEHA Field at Arrowhead Stadium,Outdoor,Grass,1020.0,1972.0,Kansas City,MO,39.049,-94.4839,Kansas City Chiefs
1622,Daniel Jones,27,44,61.4,341,7.8,1,2,2,7,50,1,0,1,26.6,26.6,20.7%,IND,indianapolis_colts,2022,11,164.58,Lincoln Financial Field,Outdoor,Grass,30.0,2003.0,Philadelphia,PA,39.9008,-75.1675,Indianapolis Colts
1623,Jacoby Brissett,28,41,68.3,324,7.9,3,0,1,7,29,0,1,1,25.9,25.9,3.2%,ARI,arizona_cardinals,2022,11,155.81,Levi's Stadium,Outdoor,Grass,13.0,2014.0,Santa Clara,CA,37.403,-121.9692,Arizona Cardinals
1624,Jimmy Garoppolo,20,29,69.0,228,7.9,4,0,0,1,3,0,0,1,25.4,25.4,2.4%,LAR,los_angeles_rams,2022,11,114.06,Caesars Superdome,Indoor,Turf,3.0,1975.0,New Orleans,LA,29.9509,-90.0815,Los Angeles Rams
1625,Jalen Hurts,18,25,72.0,190,7.6,1,0,3,16,86,1,1,1,24.2,24.2,98.3%,PHI,philadelphia_eagles,2022,11,105.26,Lincoln Financial Field,Outdoor,Grass,30.0,2003.0,Philadelphia,PA,39.9008,-75.1675,Philadelphia Eagles
1626,Justin Fields,14,21,66.7,153,7.3,1,1,4,18,85,1,0,1,23.6,23.6,80.9%,NYJ,new_york_jets,2022,11,89.48,Gillette Stadium,Outdoor,Turf,289.0,2002.0,Foxborough,MA,42.0909,-71.2643,New York Jets
1627,Andy Dalton,21,25,84.0,260,10.4,3,0,3,2,-2,0,0,1,22.2,22.2,1.7%,CAR,carolina_panthers,2022,11,124.42,M&T Bank Stadium,Outdoor,Grass,10.0,1998.0,Baltimore,MD,39.2779,-76.6227,Carolina Panthers
1628,Dak Prescott,22,25,88.0,276,11.0,2,0,0,3,16,0,0,1,20.6,20.6,77.0%,DAL,dallas_cowboys,2022,11,131.42,AT&T Stadium,Indoor,Turf,639.0,2009.0,Arlington,TX,32.7473,-97.0945,Dallas Cowboys
1631,Justin Herbert,23,30,76.7,280,9.3,2,1,5,5,17,0,0,1,19.7,19.7,87.6%,LAC,los_angeles_chargers,2022,11,132.15,GEHA Field at Arrowhead Stadium,Outdoor,Grass,1020.0,1972.0,Kansas City,MO,39.049,-94.4839,Los Angeles Chargers
1632,Aaron Rodgers,24,39,61.5,227,5.8,2,0,1,0,0,0,0,1,19.1,19.1,28.3%,PIT,pittsburgh_steelers,2022,11,108.33,Paycor Stadium,Outdoor,Turf,482.0,2000.0,Cincinnati,OH,39.0954,-84.516,Pittsburgh Steelers
1633,Marcus Mariota,13,20,65.0,131,6.6,1,0,0,13,25,1,0,1,17.7,17.7,3.1%,WAS,washington_commanders,2022,11,70.41,FedExField,Outdoor,Grass,300.0,1997.0,Landover,MD,38.9078,-76.8645,Washington Commanders
1634,Lamar Jackson,24,33,72.7,209,6.3,0,1,3,11,31,1,0,1,16.5,16.5,98.8%,BAL,baltimore_ravens,2022,11,102.01,M&T Bank Stadium,Outdoor,Grass,10.0,1998.0,Baltimore,MD,39.2779,-76.6227,Baltimore Ravens
1635,Kenny Pickett,25,42,59.5,265,6.3,1,0,2,2,14,0,0,1,16.0,16.0,7.7%,CLE,cleveland_browns,2022,11,122.66,Highmark Stadium,Outdoor,Grass,600.0,1973.0,Orchard Park,NY,42.7738,-78.7868,Cleveland Browns
1636,Matthew Stafford,11,18,61.1,159,8.8,2,0,1,1,4,0,0,1,14.8,14.8,48.2%,LAR,los_angeles_rams,2022,11,77.82,Caesars Superdome,Indoor,Turf,3.0,1975.0,New Orleans,LA,29.9509,-90.0815,Los Angeles Rams
1637,Josh Allen,18,27,66.7,197,7.3,1,0,2,3,7,0,0,1,12.6,12.6,99.2%,BUF,buffalo_bills,2022,11,91.88,Highmark Stadium,Outdoor,Grass,600.0,1973.0,Orchard Park,NY,42.7738,-78.7868,Buffalo Bills
1638,Davis Mills,19,33,57.6,169,5.1,0,2,5,5,10,1,0,1,11.8,11.8,0.8%,HOU,houston_texans,2022,11,79.78,FedExField,Outdoor,Grass,300.0,1997.0,Landover,MD,38.9078,-76.8645,Houston Texans
1639,Russell Wilson,24,31,77.4,247,8.0,0,0,3,1,8,0,0,1,10.7,10.7,23.4%,NYG,new_york_giants,2022,11,111.09,Ford Field,Indoor,Turf,600.0,2002.0,Detroit,MI,42.34,-83.0456,New York Giants
1640,Mac Jones,23,27,85.2,246,9.1,0,0,6,2,3,0,0,1,10.1,10.1,4.0%,SF,san_francisco_49ers,2022,11,109.89,Levi's Stadium,Outdoor,Grass,13.0,2014.0,Santa Clara,CA,37.403,-121.9692,San Francisco 49ers
1643,Taylor Heinicke,15,27,55.6,191,7.1,0,0,0,3,2,0,0,1,7.8,7.8,0.6%,LAC,los_angeles_chargers,2022,11,84.98,GEHA Field at Arrowhead Stadium,Outdoor,Grass,1020.0,1972.0,Kansas City,MO,39.049,-94.4839,Los Angeles Chargers
1644,Baker Mayfield,21,33,63.6,196,5.9,0,2,4,2,12,0,0,1,7.0,7.0,94.5%,TB,tampa_bay_buccaneers,2022,11,87.58,,,,,,,,,,Tampa Bay Buccaneers
1646,Jared Goff,17,26,65.4,165,6.3,0,0,0,4,-1,0,0,1,6.5,6.5,83.0%,DET,detroit_lions,2022,11,73.41,Ford Field,Indoor,Turf,600.0,2002.0,Detroit,MI,42.34,-83.0456,Detroit Lions
1647,Zach Wilson,9,22,40.9,77,3.5,0,0,4,3,26,0,0,1,5.7,5.7,4.9%,MIA,miami_dolphins,2022,11,38.99,,,,,,,,,,Miami Dolphins
1648,Kirk Cousins,12,23,52.2,105,4.6,0,0,7,0,0,0,1,1,2.2,2.2,16.0%,ATL,atlanta_falcons,2022,11,45.56,Mercedes-Benz Stadium,Indoor,Turf,1050.0,2017.0,Atlanta,GA,33.755,-84.4008,Atlanta Falcons
1649,Nick Mullens,5,7,71.4,54,7.7,0,0,0,0,0,0,0,1,2.2,2.2,1.1%,JAC,jacksonville_jaguars,2022,11,25.18,,,,,,,,,,Jacksonville Jaguars
1651,Cooper Rush,4,5,80.0,31,6.2,0,0,0,0,0,0,0,1,1.2,1.2,1.8%,BAL,baltimore_ravens,2022,11,14.88,M&T Bank Stadium,Outdoor,Grass,10.0,1998.0,Baltimore,MD,39.2779,-76.6227,Baltimore Ravens
1652,Brock Purdy,0,0,0.0,0,0.0,0,0,0,3,3,0,0,1,0.3,0.3,89.9%,SF,san_francisco_49ers,2022,11,0.51,Levi's Stadium,Outdoor,Grass,13.0,2014.0,Santa Clara,CA,37.403,-121.9692,San Francisco 49ers
1653,Josh Allen,24,42,57.1,253,6.0,2,1,3,10,78,1,0,1,30.9,30.9,99.2%,BUF,buffalo_bills,2022,12,134.93,Highmark Stadium,Outdoor,Grass,600.0,1973.0,Orchard Park,NY,42.7738,-78.7868,Buffalo Bills
1654,Jalen Hurts,16,28,57.1,153,5.5,2,0,2,17,157,0,0,1,29.8,29.8,98.3%,PHI,philadelphia_eagles,2022,12,101.06,Lincoln Financial Field,Outdoor,Grass,30.0,2003.0,Philadelphia,PA,39.9008,-75.1675,Philadelphia Eagles
1655,Justin Herbert,35,47,74.5,274,5.8,3,0,4,4,38,0,0,1,28.8,28.8,87.6%,LAC,los_angeles_chargers,2022,12,139.12,SoFi Stadium,Outdoor,Turf,100.0,2020.0,Inglewood,CA,33.9535,-118.3392,Los Angeles Chargers
1656,Kyler Murray,18,29,62.1,191,6.6,2,1,1,7,56,1,0,1,26.2,26.2,89.7%,ARI,arizona_cardinals,2022,12,104.16,SoFi Stadium,Outdoor,Turf,100.0,2020.0,Inglewood,CA,33.9535,-118.3392,Arizona Cardinals
1657,Trevor Lawrence,29,37,78.4,321,8.7,3,0,4,2,1,0,1,1,24.9,24.9,49.3%,JAC,jacksonville_jaguars,2022,12,151.37,TIAA Bank Field,Outdoor,Grass,16.0,1995.0,Jacksonville,FL,30.3239,-81.6373,Jacksonville Jaguars
1658,Mike White,22,28,78.6,315,11.3,3,0,1,3,2,0,0,1,24.8,24.8,1.1%,BUF,buffalo_bills,2022,12,148.92,Highmark Stadium,Outdoor,Grass,600.0,1973.0,Orchard Park,NY,42.7738,-78.7868,Buffalo Bills
1659,Mac Jones,28,39,71.8,382,9.8,2,0,3,0,0,0,0,1,23.3,23.3,4.0%,SF,san_francisco_49ers,2022,12,174.47,Levi's Stadium,Outdoor,Grass,13.0,2014.0,Santa Clara,CA,37.403,-121.9692,San Francisco 49ers
1660,Lamar Jackson,16,32,50.0,254,7.9,1,0,1,14,89,0,1,1,23.1,23.1,98.8%,BAL,baltimore_ravens,2022,12,130.05,TIAA Bank Field,Outdoor,Grass,16.0,1995.0,Jacksonville,FL,30.3239,-81.6373,Baltimore Ravens
1661,Kirk Cousins,30,37,81.1,299,8.1,3,1,1,1,-1,0,0,1,22.9,22.9,16.0%,ATL,atlanta_falcons,2022,12,140.95,FedExField,Outdoor,Grass,300.0,1997.0,Landover,MD,38.9078,-76.8645,Atlanta Falcons
1663,Geno Smith,27,37,73.0,328,8.9,2,1,3,5,22,0,1,1,20.3,20.3,36.9%,LV,las_vegas_raiders,2022,12,152.49,Allegiant Stadium,Indoor,Turf,2001.0,2020.0,Las Vegas,NV,36.0908,-115.183,Las Vegas Raiders
1664,Patrick Mahomes Ii,27,42,64.3,320,7.6,1,1,0,4,36,0,0,1,19.4,19.4,96.3%,KC,kansas_city_chiefs,2022,12,149.6,GEHA Field at Arrowhead Stadium,Outdoor,Grass,1020.0,1972.0,Kansas City,MO,39.049,-94.4839,Kansas City Chiefs
1665,Joe Burrow,22,37,59.5,270,7.3,1,0,1,9,32,0,0,1,18.0,18.0,98.2%,CIN,cincinnati_bengals,2022,12,127.76,Paycor Stadium,Outdoor,Turf,482.0,2000.0,Cincinnati,OH,39.0954,-84.516,Cincinnati Bengals
1667,Jared Goff,23,37,62.2,240,6.5,2,0,2,0,0,0,0,1,17.6,17.6,83.0%,DET,detroit_lions,2022,12,112.52,Highmark Stadium,Outdoor,Grass,600.0,1973.0,Orchard Park,NY,42.7738,-78.7868,Detroit Lions
1668,Sam Darnold,11,19,57.9,164,8.6,1,0,0,3,3,1,0,1,16.9,16.9,36.3%,SEA,seattle_seahawks,2022,12,81.05,Allegiant Stadium,Indoor,Turf,2001.0,2020.0,Las Vegas,NV,36.0908,-115.183,Seattle Seahawks
1669,Dak Prescott,21,30,70.0,261,8.7,2,2,0,2,4,0,0,1,16.8,16.8,77.0%,DAL,dallas_cowboys,2022,12,120.8,AT&T Stadium,Indoor,Turf,639.0,2009.0,Arlington,TX,32.7473,-97.0945,Dallas Cowboys
1670,Tua Tagovailoa,22,36,61.1,299,8.3,1,0,4,0,0,0,0,1,16.0,16.0,48.2%,MIA,miami_dolphins,2022,12,134.96,Hard Rock Stadium,Outdoor,Grass,7.0,1987.0,Miami Gardens,FL,25.958,-80.238,Miami Dolphins
1671,Marcus Mariota,15,25,60.0,174,7.0,1,1,1,6,49,0,0,1,14.9,14.9,3.1%,WAS,washington_commanders,2022,12,88.03,FedExField,Outdoor,Grass,300.0,1997.0,Landover,MD,38.9078,-76.8645,Washington Commanders
1672,Daniel Jones,21,35,60.0,228,6.5,1,0,3,3,14,0,0,1,14.5,14.5,20.7%,IND,indianapolis_colts,2022,12,106.45,Acrisure Stadium,Outdoor,Grass,730.0,2001.0,Pittsburgh,PA,40.4468,-80.0158,Indianapolis Colts
1673,Jacoby Brissett,23,37,62.2,210,5.7,1,1,4,2,27,0,0,1,14.1,14.1,3.2%,ARI,arizona_cardinals,2022,12,100.21,SoFi Stadium,Outdoor,Turf,100.0,2020.0,Inglewood,CA,33.9535,-118.3392,Arizona Cardinals
1674,Jimmy Garoppolo,26,37,70.3,222,6.0,1,0,1,4,4,0,0,1,13.3,13.3,2.4%,LAR,los_angeles_rams,2022,12,102.61,GEHA Field at Arrowhead Stadium,Outdoor,Grass,1020.0,1972.0,Kansas City,MO,39.049,-94.4839,Los Angeles Rams
1676,Taylor Heinicke,14,23,60.9,138,6.0,2,1,0,1,-1,0,0,1,12.4,12.4,0.6%,LAC,los_angeles_chargers,2022,12,66.88,SoFi Stadium,Outdoor,Turf,100.0,2020.0,Inglewood,CA,33.9535,-118.3392,Los Angeles Chargers
1677,Kenny Pickett,20,28,71.4,174,6.2,0,0,3,6,32,0,0,1,12.2,12.2,7.7%,CLE,cleveland_browns,2022,12,84.58,FirstEnergy Stadium,Outdoor,Grass,577.0,1999.0,Cleveland,OH,41.5061,-81.6995,Cleveland Browns
1678,Kyle Allen,26,39,66.7,215,5.5,1,2,5,4,12,0,0,1,11.8,11.8,1.1%,DET,detroit_lions,2022,12,99.26,Highmark Stadium,Outdoor,Grass,600.0,1973.0,Orchard Park,NY,42.7738,-78.7868,Detroit Lions
1679,Aaron Rodgers,11,16,68.8,140,8.8,2,2,3,1,-1,0,0,1,11.5,11.5,28.3%,PIT,pittsburgh_steelers,2022,12,67.21,Acrisure Stadium,Outdoor,Grass,730.0,2001.0,Pittsburgh,PA,40.4468,-80.0158,Pittsburgh Steelers
1683,Andy Dalton,18,29,62.1,204,7.0,0,0,1,4,21,0,0,1,10.3,10.3,1.7%,CAR,carolina_panthers,2022,12,94.11,Bank of America Stadium,Outdoor,Grass,748.0,1996.0,Charlotte,NC,35.2258,-80.8528,Carolina Panthers
1684,Jordan Love,6,9,66.7,113,12.6,1,0,0,0,0,0,0,1,8.5,8.5,73.1%,GB,green_bay_packers,2022,12,54.57,Lincoln Financial Field,Outdoor,Grass,30.0,2003.0,Philadelphia,PA,39.9008,-75.1675,Green Bay Packers
1685,Russell Wilson,19,35,54.3,142,4.1,1,0,3,2,8,0,1,1,8.5,8.5,23.4%,NYG,new_york_giants,2022,12,66.47,AT&T Stadium,Indoor,Turf,639.0,2009.0,Arlington,TX,32.7473,-97.0945,New York Giants
1687,Skylar Thompson,1,5,20.0,6,1.2,0,0,1,6,5,0,1,1,-1.3,-1.3,2.0%,PIT,pittsburgh_steelers,2022,12,2.23,Acrisure Stadium,Outdoor,Grass,730.0,2001.0,Pittsburgh,PA,40.4468,-80.0158,Pittsburgh Steelers
1726,Skylar Thompson,0,1,0.0,0,0.0,0,1,0,0,0,0,0,1,-1.0,-1.0,2.0%,PIT,pittsburgh_steelers,2022,13,-0.8,Acrisure Stadium,Outdoor,Grass,730.0,2001.0,Pittsburgh,PA,40.4468,-80.0158,Pittsburgh Steelers
1688,Jalen Hurts,29,39,74.4,380,9.7,3,0,2,5,12,1,0,1,34.4,34.4,98.3%,PHI,philadelphia_eagles,2022,13,183.22,Lincoln Financial Field,Outdoor,Grass,30.0,2003.0,Philadelphia,PA,39.9008,-75.1675,Philadelphia Eagles
1689,Joe Burrow,25,31,80.6,286,9.2,2,0,1,11,46,1,0,1,30.0,30.0,98.2%,CIN,cincinnati_bengals,2022,13,145.14,Paycor Stadium,Outdoor,Turf,482.0,2000.0,Cincinnati,OH,39.0954,-84.516,Cincinnati Bengals
1690,Geno Smith,28,39,71.8,367,9.4,3,1,4,2,3,0,1,1,24.0,24.0,36.9%,LV,las_vegas_raiders,2022,13,169.28,Allegiant Stadium,Indoor,Turf,2001.0,2020.0,Las Vegas,NV,36.0908,-115.183,Las Vegas Raiders
1691,Jared Goff,31,41,75.6,340,8.3,2,0,2,0,0,0,0,1,21.6,21.6,83.0%,DET,detroit_lions,2022,13,156.48,Ford Field,Indoor,Turf,600.0,2002.0,Detroit,MI,42.34,-83.0456,Detroit Lions
1692,Justin Fields,20,25,80.0,254,10.2,0,2,0,6,71,1,0,1,21.3,21.3,80.9%,NYJ,new_york_jets,2022,13,127.65,U.S. Bank Stadium,Indoor,Turf,840.0,2016.0,Minneapolis,MN,44.974,-93.2581,New York Jets
1693,Patrick Mahomes Ii,16,27,59.3,223,8.3,1,0,2,2,9,1,0,1,19.8,19.8,96.3%,KC,kansas_city_chiefs,2022,13,107.72,Paycor Stadium,Outdoor,Turf,482.0,2000.0,Cincinnati,OH,39.0954,-84.516,Kansas City Chiefs
1694,Mike White,31,57,54.4,369,6.5,0,2,1,3,7,1,0,1,19.5,19.5,1.1%,BUF,buffalo_bills,2022,13,166.35,Highmark Stadium,Outdoor,Grass,600.0,1973.0,Orchard Park,NY,42.7738,-78.7868,Buffalo Bills
1695,Justin Herbert,28,47,59.6,335,7.1,1,0,5,5,7,0,0,1,18.1,18.1,87.6%,LAC,los_angeles_chargers,2022,13,151.89,Allegiant Stadium,Indoor,Turf,2001.0,2020.0,Las Vegas,NV,36.0908,-115.183,Los Angeles Chargers
1697,Dak Prescott,20,30,66.7,170,5.7,3,1,1,0,0,0,0,1,17.8,17.8,77.0%,DAL,dallas_cowboys,2022,13,84.4,AT&T Stadium,Indoor,Turf,639.0,2009.0,Arlington,TX,32.7473,-97.0945,Dallas Cowboys
1698,Taylor Heinicke,27,41,65.9,275,6.7,2,0,5,2,6,0,1,1,17.6,17.6,0.6%,LAC,los_angeles_chargers,2022,13,127.46,Allegiant Stadium,Indoor,Turf,2001.0,2020.0,Las Vegas,NV,36.0908,-115.183,Los Angeles Chargers
1699,Daniel Jones,25,31,80.6,200,6.5,1,0,4,12,71,0,1,1,17.1,17.1,20.7%,IND,indianapolis_colts,2022,13,103.07,AT&T Stadium,Indoor,Turf,639.0,2009.0,Arlington,TX,32.7473,-97.0945,Indianapolis Colts
1701,Josh Allen,22,33,66.7,223,6.8,2,0,2,8,20,0,1,1,16.9,16.9,99.2%,BUF,buffalo_bills,2022,13,107.09,Highmark Stadium,Outdoor,Grass,600.0,1973.0,Orchard Park,NY,42.7738,-78.7868,Buffalo Bills
1703,Trevor Lawrence,17,31,54.8,179,5.8,1,0,2,4,32,0,0,1,16.4,16.4,49.3%,JAC,jacksonville_jaguars,2022,13,89.44,Ford Field,Indoor,Turf,600.0,2002.0,Detroit,MI,42.34,-83.0456,Jacksonville Jaguars
1704,Tua Tagovailoa,18,33,54.5,295,8.9,2,2,3,0,0,0,1,1,15.8,15.8,48.2%,MIA,miami_dolphins,2022,13,132.94,Levi's Stadium,Outdoor,Grass,13.0,2014.0,Santa Clara,CA,37.403,-121.9692,Miami Dolphins
1705,Brock Purdy,25,37,67.6,210,5.7,2,1,3,4,-1,0,0,1,15.3,15.3,89.9%,SF,san_francisco_49ers,2022,13,98.75,Levi's Stadium,Outdoor,Grass,13.0,2014.0,Santa Clara,CA,37.403,-121.9692,San Francisco 49ers
1706,Aaron Rodgers,18,31,58.1,182,5.9,1,0,0,3,4,0,0,1,13.7,13.7,28.3%,PIT,pittsburgh_steelers,2022,13,86.07,Acrisure Stadium,Outdoor,Grass,730.0,2001.0,Pittsburgh,PA,40.4468,-80.0158,Pittsburgh Steelers
1707,Andy Dalton,20,28,71.4,229,8.2,1,0,2,1,1,0,0,1,13.3,13.3,1.7%,CAR,carolina_panthers,2022,13,104.95,,,,,,,,,,Carolina Panthers
1708,Kenny Pickett,16,28,57.1,197,7.0,1,0,0,7,14,0,0,1,13.3,13.3,7.7%,CLE,cleveland_browns,2022,13,92.81,FirstEnergy Stadium,Outdoor,Grass,577.0,1999.0,Cleveland,OH,41.5061,-81.6995,Cleveland Browns
1710,Mac Jones,22,36,61.1,195,5.4,1,0,1,3,7,0,0,1,12.5,12.5,4.0%,SF,san_francisco_49ers,2022,13,91.03,Levi's Stadium,Outdoor,Grass,13.0,2014.0,Santa Clara,CA,37.403,-121.9692,San Francisco 49ers
1712,Kirk Cousins,21,35,60.0,173,4.9,1,0,2,3,9,0,0,1,11.8,11.8,16.0%,ATL,atlanta_falcons,2022,13,81.74,Acrisure Stadium,Outdoor,Grass,730.0,2001.0,Pittsburgh,PA,40.4468,-80.0158,Atlanta Falcons
1713,Marcus Mariota,13,24,54.2,167,7.0,1,1,1,3,17,0,0,1,11.4,11.4,3.1%,WAS,washington_commanders,2022,13,79.38,FedExField,Outdoor,Grass,300.0,1997.0,Landover,MD,38.9078,-76.8645,Washington Commanders
1714,Russell Wilson,17,22,77.3,189,8.6,0,0,2,2,21,0,0,1,9.7,9.7,23.4%,NYG,new_york_giants,2022,13,87.91,FedExField,Outdoor,Grass,300.0,1997.0,Landover,MD,38.9078,-76.8645,New York Giants
1715,Kyle Allen,20,39,51.3,201,5.2,1,2,0,2,1,0,1,1,8.1,8.1,1.1%,DET,detroit_lions,2022,13,89.21,Ford Field,Indoor,Turf,600.0,2002.0,Detroit,MI,42.34,-83.0456,Detroit Lions
1716,John Wolford,14,26,53.8,178,6.8,0,2,4,5,29,0,0,1,8.0,8.0,0.0%,JAC,jacksonville_jaguars,2022,13,82.26,Ford Field,Indoor,Turf,600.0,2002.0,Detroit,MI,42.34,-83.0456,Jacksonville Jaguars
1717,Deshaun Watson,12,22,54.5,131,6.0,0,1,1,7,21,0,0,1,6.3,6.3,7.5%,CLE,cleveland_browns,2022,13,61.21,FirstEnergy Stadium,Outdoor,Grass,577.0,1999.0,Cleveland,OH,41.5061,-81.6995,Cleveland Browns
1718,Jimmy Garoppolo,2,4,50.0,56,14.0,0,0,1,0,0,0,0,1,2.2,2.2,2.4%,LAR,los_angeles_rams,2022,13,26.94,Lumen Field,Outdoor,Turf,20.0,2002.0,Seattle,WA,47.5952,-122.3316,Los Angeles Rams
1719,Malik Willis,2,4,50.0,16,4.0,0,0,0,1,8,0,0,1,1.4,1.4,3.3%,GB,green_bay_packers,2022,13,9.18,Lambeau Field,Outdoor,Grass,640.0,1957.0,Green Bay,WI,44.5013,-88.0622,Green Bay Packers
1720,Lamar Jackson,3,4,75.0,11,2.8,0,0,2,1,9,0,0,1,1.3,1.3,98.8%,BAL,baltimore_ravens,2022,13,7.07,M&T Bank Stadium,Outdoor,Grass,10.0,1998.0,Baltimore,MD,39.2779,-76.6227,Baltimore Ravens
1722,Gardner Minshew Ii,1,2,50.0,11,5.5,0,0,0,0,0,0,0,1,0.4,0.4,3.1%,KC,kansas_city_chiefs,2022,13,5.88,Paycor Stadium,Outdoor,Turf,482.0,2000.0,Cincinnati,OH,39.0954,-84.516,Kansas City Chiefs
1724,Feleipe Franks,0,0,0.0,0,0.0,0,0,0,0,0,0,0,1,0.0,0.0,0.0%,ATL,atlanta_falcons,2022,13,0.0,Acrisure Stadium,Outdoor,Grass,730.0,2001.0,Pittsburgh,PA,40.4468,-80.0158,Atlanta Falcons
1745,Mitchell Trubisky,22,30,73.3,276,9.2,1,3,1,0,0,0,0,1,12.0,12.0,1.3%,BUF,buffalo_bills,2022,14,122.84,Highmark Stadium,Outdoor,Grass,600.0,1973.0,Orchard Park,NY,42.7738,-78.7868,Buffalo Bills
1733,Geno Smith,21,36,58.3,264,7.3,3,2,3,3,20,0,0,1,22.6,22.6,36.9%,LV,las_vegas_raiders,2022,14,127.68,SoFi Stadium,Outdoor,Turf,100.0,2020.0,Inglewood,CA,33.9535,-118.3392,Las Vegas Raiders
1727,Trevor Lawrence,30,42,71.4,368,8.8,3,0,0,3,7,1,0,1,33.4,33.4,49.3%,JAC,jacksonville_jaguars,2022,14,177.14,TIAA Bank Field,Outdoor,Grass,16.0,1995.0,Jacksonville,FL,30.3239,-81.6373,Jacksonville Jaguars
1728,Jalen Hurts,21,31,67.7,217,7.0,2,0,4,7,77,1,0,1,30.4,30.4,98.3%,PHI,philadelphia_eagles,2022,14,120.08,Lincoln Financial Field,Outdoor,Grass,30.0,2003.0,Philadelphia,PA,39.9008,-75.1675,Philadelphia Eagles
1729,Russell Wilson,23,36,63.9,247,6.9,3,1,6,4,57,0,0,1,26.6,26.6,23.4%,NYG,new_york_giants,2022,14,127.6,Lincoln Financial Field,Outdoor,Grass,30.0,2003.0,Philadelphia,PA,39.9008,-75.1675,New York Giants
1730,Jared Goff,27,39,69.2,330,8.5,3,0,0,2,9,0,0,1,26.1,26.1,83.0%,DET,detroit_lions,2022,14,156.47,Ford Field,Indoor,Turf,600.0,2002.0,Detroit,MI,42.34,-83.0456,Detroit Lions
1731,Kirk Cousins,31,41,75.6,425,10.4,2,0,3,0,0,0,0,1,25.0,25.0,16.0%,ATL,atlanta_falcons,2022,14,193.28,,,,,,,,,,Atlanta Falcons
1732,Patrick Mahomes Ii,28,42,66.7,352,8.4,3,3,2,3,-3,0,0,1,22.8,22.8,96.3%,KC,kansas_city_chiefs,2022,14,161.54,GEHA Field at Arrowhead Stadium,Outdoor,Grass,1020.0,1972.0,Kansas City,MO,39.049,-94.4839,Kansas City Chiefs
1734,Brock Purdy,16,21,76.2,185,8.8,2,0,0,2,3,1,0,1,21.7,21.7,89.9%,SF,san_francisco_49ers,2022,14,93.65,Levi's Stadium,Outdoor,Grass,13.0,2014.0,Santa Clara,CA,37.403,-121.9692,San Francisco 49ers
1735,Josh Allen,16,27,59.3,147,5.4,1,0,3,10,47,1,0,1,20.6,20.6,99.2%,BUF,buffalo_bills,2022,14,81.1,Highmark Stadium,Outdoor,Grass,600.0,1973.0,Orchard Park,NY,42.7738,-78.7868,Buffalo Bills
1736,Justin Herbert,39,51,76.5,367,7.2,1,0,4,4,8,0,0,1,19.5,19.5,87.6%,LAC,los_angeles_chargers,2022,14,166.89,SoFi Stadium,Outdoor,Turf,100.0,2020.0,Inglewood,CA,33.9535,-118.3392,Los Angeles Chargers
1737,Daniel Jones,18,27,66.7,169,6.3,1,0,4,4,26,1,0,1,19.4,19.4,20.7%,IND,indianapolis_colts,2022,14,87.34,,,,,,,,,,Indianapolis Colts
1739,Joe Burrow,18,33,54.5,239,7.2,2,1,1,6,10,0,0,1,17.6,17.6,98.2%,CIN,cincinnati_bengals,2022,14,112.66,Paycor Stadium,Outdoor,Turf,482.0,2000.0,Cincinnati,OH,39.0954,-84.516,Cincinnati Bengals
1740,Deshaun Watson,26,42,61.9,276,6.6,1,1,2,6,33,0,0,1,17.3,17.3,7.5%,CLE,cleveland_browns,2022,14,129.93,Paycor Stadium,Outdoor,Turf,482.0,2000.0,Cincinnati,OH,39.0954,-84.516,Cleveland Browns
1741,Dak Prescott,24,39,61.5,284,7.3,1,2,1,6,23,0,0,1,15.7,15.7,77.0%,DAL,dallas_cowboys,2022,14,130.85,AT&T Stadium,Indoor,Turf,639.0,2009.0,Arlington,TX,32.7473,-97.0945,Dallas Cowboys
1742,Baker Mayfield,22,35,62.9,230,6.6,1,0,4,4,10,0,0,1,14.2,14.2,94.5%,TB,tampa_bay_buccaneers,2022,14,106.76,Levi's Stadium,Outdoor,Grass,13.0,2014.0,Santa Clara,CA,37.403,-121.9692,Tampa Bay Buccaneers
1743,Tua Tagovailoa,10,28,35.7,145,5.2,1,0,2,3,28,0,0,1,12.6,12.6,48.2%,MIA,miami_dolphins,2022,14,71.96,SoFi Stadium,Outdoor,Turf,100.0,2020.0,Inglewood,CA,33.9535,-118.3392,Miami Dolphins
1746,Sam Darnold,14,24,58.3,120,5.0,1,0,2,4,30,0,0,1,11.8,11.8,36.3%,SEA,seattle_seahawks,2022,14,61.96,Bank of America Stadium,Outdoor,Grass,748.0,1996.0,Charlotte,NC,35.2258,-80.8528,Seattle Seahawks
1748,Mike White,27,44,61.4,268,6.1,0,0,3,0,0,0,0,1,10.7,10.7,1.1%,BUF,buffalo_bills,2022,14,118.61,Highmark Stadium,Outdoor,Grass,600.0,1973.0,Orchard Park,NY,42.7738,-78.7868,Buffalo Bills
1749,Tyrod Taylor,5,5,100.0,47,9.4,1,0,3,2,40,0,1,1,9.9,9.9,2.4%,NYJ,new_york_jets,2022,14,32.31,Highmark Stadium,Outdoor,Grass,600.0,1973.0,Orchard Park,NY,42.7738,-78.7868,New York Jets
1751,Mac Jones,24,35,68.6,235,6.7,0,1,1,5,-1,0,0,1,8.3,8.3,4.0%,SF,san_francisco_49ers,2022,14,103.35,Levi's Stadium,Outdoor,Grass,13.0,2014.0,Santa Clara,CA,37.403,-121.9692,San Francisco 49ers
1753,Davis Mills,16,21,76.2,175,8.3,0,1,0,1,2,0,0,1,6.2,6.2,0.8%,HOU,houston_texans,2022,14,77.7,AT&T Stadium,Indoor,Turf,639.0,2009.0,Arlington,TX,32.7473,-97.0945,Houston Texans
1755,Brett Rypien,4,8,50.0,16,2.0,1,1,0,1,0,0,0,1,3.6,3.6,0.1%,MIN,minnesota_vikings,2022,14,9.92,Ford Field,Indoor,Turf,600.0,2002.0,Detroit,MI,42.34,-83.0456,Minnesota Vikings
1756,Kenny Pickett,0,1,0.0,0,0.0,0,0,1,2,16,0,0,1,1.6,1.6,7.7%,CLE,cleveland_browns,2022,14,2.72,Paycor Stadium,Outdoor,Turf,482.0,2000.0,Cincinnati,OH,39.0954,-84.516,Cleveland Browns
1757,Josh Johnson,1,2,50.0,10,5.0,0,0,0,2,3,0,0,1,0.7,0.7,1.0%,WAS,washington_commanders,2022,14,5.89,,,,,,,,,,Washington Commanders
1758,Kyler Murray,1,1,100.0,9,9.0,0,0,0,1,3,0,0,1,0.7,0.7,89.7%,ARI,arizona_cardinals,2022,14,6.29,Gillette Stadium,Outdoor,Turf,289.0,2002.0,Foxborough,MA,42.0909,-71.2643,Arizona Cardinals
1761,Jacoby Brissett,0,1,0.0,0,0.0,0,0,0,0,0,0,0,1,0.0,0.0,3.2%,ARI,arizona_cardinals,2022,14,0.0,Gillette Stadium,Outdoor,Turf,289.0,2002.0,Foxborough,MA,42.0909,-71.2643,Arizona Cardinals
1762,Gardner Minshew Ii,0,0,0.0,0,0.0,0,0,0,1,-1,0,0,1,-0.1,-0.1,3.1%,KC,kansas_city_chiefs,2022,14,-0.17,GEHA Field at Arrowhead Stadium,Outdoor,Grass,1020.0,1972.0,Kansas City,MO,39.049,-94.4839,Kansas City Chiefs
1763,Joe Flacco,1,3,33.3,1,0.3,0,0,1,0,0,0,1,1,-2.0,-2.0,15.4%,CLE,cleveland_browns,2022,14,-0.94,Paycor Stadium,Outdoor,Turf,482.0,2000.0,Cincinnati,OH,39.0954,-84.516,Cleveland Browns
1792,Mac Jones,13,31,41.9,112,3.6,0,0,0,4,10,0,0,1,7.5,7.5,4.0%,SF,san_francisco_49ers,2022,15,53.07,Levi's Stadium,Outdoor,Grass,13.0,2014.0,Santa Clara,CA,37.403,-121.9692,San Francisco 49ers
1788,Justin Herbert,28,42,66.7,313,7.5,0,2,3,1,2,0,0,1,10.7,10.7,87.6%,LAC,los_angeles_chargers,2022,15,136.99,SoFi Stadium,Outdoor,Turf,100.0,2020.0,Inglewood,CA,33.9535,-118.3392,Los Angeles Chargers
1789,Daniel Jones,21,32,65.6,160,5.0,0,0,0,10,35,0,0,1,9.9,9.9,20.7%,IND,indianapolis_colts,2022,15,77.53,U.S. Bank Stadium,Indoor,Turf,840.0,2016.0,Minneapolis,MN,44.974,-93.2581,Indianapolis Colts
1800,Feleipe Franks,0,0,0.0,0,0.0,0,0,0,1,0,0,0,1,0.0,0.0,0.0%,ATL,atlanta_falcons,2022,15,0.0,Caesars Superdome,Indoor,Turf,3.0,1975.0,New Orleans,LA,29.9509,-90.0815,Atlanta Falcons
1785,Aaron Rodgers,22,30,73.3,229,7.6,1,1,3,3,-3,0,0,1,11.9,11.9,28.3%,PIT,pittsburgh_steelers,2022,15,103.55,Acrisure Stadium,Outdoor,Grass,730.0,2001.0,Pittsburgh,PA,40.4468,-80.0158,Pittsburgh Steelers
1784,Deshaun Watson,18,28,64.3,161,5.8,1,0,3,6,22,0,0,1,12.6,12.6,7.5%,CLE,cleveland_browns,2022,15,78.68,FirstEnergy Stadium,Outdoor,Grass,577.0,1999.0,Cleveland,OH,41.5061,-81.6995,Cleveland Browns
1783,Sam Darnold,14,23,60.9,225,9.8,1,0,4,2,2,0,0,1,13.2,13.2,36.3%,SEA,seattle_seahawks,2022,15,103.1,Levi's Stadium,Outdoor,Grass,13.0,2014.0,Santa Clara,CA,37.403,-121.9692,Seattle Seahawks
1782,Taylor Heinicke,17,29,58.6,249,8.6,1,0,3,3,33,0,2,1,13.3,13.3,0.6%,LAC,los_angeles_chargers,2022,15,115.73,SoFi Stadium,Outdoor,Turf,100.0,2020.0,Inglewood,CA,33.9535,-118.3392,Los Angeles Chargers
1781,Jared Goff,23,38,60.5,252,6.6,1,0,0,0,0,0,0,1,14.1,14.1,83.0%,DET,detroit_lions,2022,15,114.59,Ford Field,Indoor,Turf,600.0,2002.0,Detroit,MI,42.34,-83.0456,Detroit Lions
1780,Mitchell Trubisky,17,22,77.3,179,8.1,0,0,1,6,9,1,0,1,14.1,14.1,1.3%,BUF,buffalo_bills,2022,15,85.89,Highmark Stadium,Outdoor,Grass,600.0,1973.0,Orchard Park,NY,42.7738,-78.7868,Buffalo Bills
1779,Andy Dalton,11,17,64.7,151,8.9,2,0,2,2,1,0,0,1,14.1,14.1,1.7%,CAR,carolina_panthers,2022,15,73.85,Acrisure Stadium,Outdoor,Grass,730.0,2001.0,Pittsburgh,PA,40.4468,-80.0158,Carolina Panthers
1778,Geno Smith,31,44,70.5,238,5.4,1,0,3,1,18,0,0,1,15.3,15.3,36.9%,LV,las_vegas_raiders,2022,15,112.19,Allegiant Stadium,Indoor,Turf,2001.0,2020.0,Las Vegas,NV,36.0908,-115.183,Las Vegas Raiders
1777,Brock Purdy,17,26,65.4,217,8.3,2,0,1,4,-2,0,0,1,16.5,16.5,89.9%,SF,san_francisco_49ers,2022,15,102.11,Levi's Stadium,Outdoor,Grass,13.0,2014.0,Santa Clara,CA,37.403,-121.9692,San Francisco 49ers
1776,Tua Tagovailoa,17,30,56.7,234,7.8,2,0,2,1,7,0,0,1,18.1,18.1,48.2%,MIA,miami_dolphins,2022,15,110.83,Highmark Stadium,Outdoor,Grass,600.0,1973.0,Orchard Park,NY,42.7738,-78.7868,Miami Dolphins
1799,Jacoby Brissett,0,0,0.0,0,0.0,0,0,0,1,3,0,0,1,0.3,0.3,3.2%,ARI,arizona_cardinals,2022,15,0.51,Empower Field at Mile High,Outdoor,Turf,5280.0,2001.0,Denver,CO,39.7439,-105.0201,Arizona Cardinals
1774,Davis Mills,12,24,50.0,121,5.0,2,0,0,5,21,1,1,1,18.9,18.9,0.8%,HOU,houston_texans,2022,15,66.63,GEHA Field at Arrowhead Stadium,Outdoor,Grass,1020.0,1972.0,Kansas City,MO,39.049,-94.4839,Houston Texans
1797,Malik Willis,3,4,75.0,20,5.0,0,0,0,1,8,0,0,1,1.6,1.6,3.3%,GB,green_bay_packers,2022,15,11.22,Lambeau Field,Outdoor,Grass,640.0,1957.0,Green Bay,WI,44.5013,-88.0622,Green Bay Packers
1772,Zach Wilson,18,35,51.4,317,9.1,2,1,4,3,7,0,0,1,20.4,20.4,4.9%,MIA,miami_dolphins,2022,15,145.9,Highmark Stadium,Outdoor,Grass,600.0,1973.0,Orchard Park,NY,42.7738,-78.7868,Miami Dolphins
1771,Dak Prescott,23,30,76.7,256,8.5,3,2,3,5,20,0,0,1,22.2,22.2,77.0%,DAL,dallas_cowboys,2022,15,124.64,TIAA Bank Field,Outdoor,Grass,16.0,1995.0,Jacksonville,FL,30.3239,-81.6373,Dallas Cowboys
1770,Justin Fields,14,21,66.7,152,7.2,2,0,6,15,95,0,0,1,23.6,23.6,80.9%,NYJ,new_york_jets,2022,15,90.26,Ford Field,Indoor,Turf,600.0,2002.0,Detroit,MI,42.34,-83.0456,New York Jets
1769,Joe Burrow,27,39,69.2,200,5.1,4,1,2,3,8,0,0,1,25.8,25.8,98.2%,CIN,cincinnati_bengals,2022,15,103.68,Paycor Stadium,Outdoor,Turf,482.0,2000.0,Cincinnati,OH,39.0954,-84.516,Cincinnati Bengals
1768,Trevor Lawrence,27,42,64.3,318,7.6,4,1,1,3,21,0,1,1,27.8,27.8,49.3%,JAC,jacksonville_jaguars,2022,15,153.98,TIAA Bank Field,Outdoor,Grass,16.0,1995.0,Jacksonville,FL,30.3239,-81.6373,Jacksonville Jaguars
1767,Patrick Mahomes Ii,36,41,87.8,336,8.2,2,0,2,5,33,1,0,1,32.7,32.7,96.3%,KC,kansas_city_chiefs,2022,15,166.63,GEHA Field at Arrowhead Stadium,Outdoor,Grass,1020.0,1972.0,Kansas City,MO,39.049,-94.4839,Kansas City Chiefs
1766,Kirk Cousins,34,54,63.0,460,8.5,4,2,7,2,0,0,0,1,34.4,34.4,16.0%,ATL,atlanta_falcons,2022,15,214.18,Caesars Superdome,Indoor,Turf,3.0,1975.0,New Orleans,LA,29.9509,-90.0815,Atlanta Falcons
1765,Josh Allen,25,40,62.5,304,7.6,4,0,2,10,77,0,1,1,35.9,35.9,99.2%,BUF,buffalo_bills,2022,15,159.55,Highmark Stadium,Outdoor,Grass,600.0,1973.0,Orchard Park,NY,42.7738,-78.7868,Buffalo Bills
1764,Jalen Hurts,22,37,59.5,315,8.5,0,2,1,17,61,3,0,1,36.7,36.7,98.3%,PHI,philadelphia_eagles,2022,15,162.09,Lincoln Financial Field,Outdoor,Grass,30.0,2003.0,Philadelphia,PA,39.9008,-75.1675,Philadelphia Eagles
1790,Brett Rypien,21,26,80.8,197,7.6,1,1,7,2,-2,0,1,1,8.7,8.7,0.1%,MIN,minnesota_vikings,2022,15,88.41,U.S. Bank Stadium,Indoor,Turf,840.0,2016.0,Minneapolis,MN,44.974,-93.2581,Minnesota Vikings
1793,Baker Mayfield,12,21,57.1,111,5.3,1,1,5,1,1,0,0,1,7.5,7.5,94.5%,TB,tampa_bay_buccaneers,2022,15,52.21,Paycor Stadium,Outdoor,Turf,482.0,2000.0,Cincinnati,OH,39.0954,-84.516,Tampa Bay Buccaneers
1826,Davis Mills,17,28,60.7,178,6.4,1,1,1,4,8,0,0,1,10.9,10.9,0.8%,HOU,houston_texans,2022,16,82.81,NRG Stadium,Indoor,Turf,50.0,2002.0,Houston,TX,29.6847,-95.4107,Houston Texans
1822,Deshaun Watson,15,31,48.4,135,4.4,0,1,2,3,24,1,0,1,12.8,12.8,7.5%,CLE,cleveland_browns,2022,16,67.84,Caesars Superdome,Indoor,Turf,3.0,1975.0,New Orleans,LA,29.9509,-90.0815,Cleveland Browns
1836,Andy Dalton,8,15,53.3,92,6.1,0,1,0,1,-1,0,0,1,2.6,2.6,1.7%,CAR,carolina_panthers,2022,16,40.44,Bank of America Stadium,Outdoor,Grass,748.0,1996.0,Charlotte,NC,35.2258,-80.8528,Carolina Panthers
1832,Justin Herbert,24,31,77.4,235,7.6,0,1,4,5,1,0,1,1,6.5,6.5,87.6%,LAC,los_angeles_chargers,2022,16,102.37,SoFi Stadium,Outdoor,Turf,100.0,2020.0,Inglewood,CA,33.9535,-118.3392,Los Angeles Chargers
1838,Brett Rypien,4,8,50.0,45,5.6,0,1,0,0,0,0,0,1,0.8,0.8,0.1%,MIN,minnesota_vikings,2022,16,19.98,U.S. Bank Stadium,Indoor,Turf,840.0,2016.0,Minneapolis,MN,44.974,-93.2581,Minnesota Vikings
1827,Justin Fields,15,23,65.2,119,5.2,1,0,2,7,11,0,0,1,9.9,9.9,80.9%,NYJ,new_york_jets,2022,16,58.47,TIAA Bank Field,Outdoor,Grass,16.0,1995.0,Jacksonville,FL,30.3239,-81.6373,New York Jets
1825,Taylor Heinicke,13,18,72.2,166,9.2,2,1,2,2,-4,0,1,1,11.2,11.2,0.6%,LAC,los_angeles_chargers,2022,16,77.38,SoFi Stadium,Outdoor,Turf,100.0,2020.0,Inglewood,CA,33.9535,-118.3392,Los Angeles Chargers
1824,Russell Wilson,15,27,55.6,214,7.9,1,3,6,2,17,0,0,1,11.3,11.3,23.4%,NYG,new_york_giants,2022,16,98.29,U.S. Bank Stadium,Indoor,Turf,840.0,2016.0,Minneapolis,MN,44.974,-93.2581,New York Giants
1823,Malik Willis,14,23,60.9,99,4.3,0,2,4,7,43,1,0,1,12.3,12.3,3.3%,GB,green_bay_packers,2022,16,54.77,Lambeau Field,Outdoor,Grass,640.0,1957.0,Green Bay,WI,44.5013,-88.0622,Green Bay Packers
1821,Geno Smith,25,40,62.5,215,5.4,1,1,2,3,16,0,0,1,13.2,13.2,36.9%,LV,las_vegas_raiders,2022,16,100.62,Acrisure Stadium,Outdoor,Grass,730.0,2001.0,Pittsburgh,PA,40.4468,-80.0158,Las Vegas Raiders
1818,Tua Tagovailoa,16,25,64.0,310,12.4,1,3,2,1,0,0,0,1,13.4,13.4,48.2%,MIA,miami_dolphins,2022,16,137.46,Lambeau Field,Outdoor,Grass,640.0,1957.0,Green Bay,WI,44.5013,-88.0622,Miami Dolphins
1816,Aaron Rodgers,24,38,63.2,238,6.3,1,1,2,7,18,0,0,1,14.3,14.3,28.3%,PIT,pittsburgh_steelers,2022,16,110.87,Acrisure Stadium,Outdoor,Grass,730.0,2001.0,Pittsburgh,PA,40.4468,-80.0158,Pittsburgh Steelers
1815,Brock Purdy,15,22,68.2,234,10.6,2,1,3,1,6,0,0,1,17.0,17.0,89.9%,SF,san_francisco_49ers,2022,16,110.22,Levi's Stadium,Outdoor,Grass,13.0,2014.0,Santa Clara,CA,37.403,-121.9692,San Francisco 49ers
1814,Baker Mayfield,24,28,85.7,230,8.2,2,0,0,2,2,0,0,1,17.4,17.4,94.5%,TB,tampa_bay_buccaneers,2022,16,109.02,Raymond James Stadium,Outdoor,Grass,26.0,1998.0,Tampa,FL,27.9759,-82.5033,Tampa Bay Buccaneers
1813,Mac Jones,21,33,63.6,240,7.3,2,0,4,1,-1,0,0,1,17.5,17.5,4.0%,SF,san_francisco_49ers,2022,16,112.31,Levi's Stadium,Outdoor,Grass,13.0,2014.0,Santa Clara,CA,37.403,-121.9692,San Francisco 49ers
1812,Trevor Lawrence,20,31,64.5,229,7.4,0,0,1,7,51,1,1,1,18.3,18.3,49.3%,JAC,jacksonville_jaguars,2022,16,113.09,TIAA Bank Field,Outdoor,Grass,16.0,1995.0,Jacksonville,FL,30.3239,-81.6373,Jacksonville Jaguars
1811,Daniel Jones,30,42,71.4,334,8.0,1,1,3,4,34,0,0,1,21.8,21.8,20.7%,IND,indianapolis_colts,2022,16,157.06,SoFi Stadium,Outdoor,Turf,100.0,2020.0,Inglewood,CA,33.9535,-118.3392,Indianapolis Colts
1834,Zach Wilson,9,18,50.0,92,5.1,0,1,3,1,1,0,0,1,2.8,2.8,4.9%,MIA,miami_dolphins,2022,16,40.68,Lambeau Field,Outdoor,Grass,640.0,1957.0,Green Bay,WI,44.5013,-88.0622,Miami Dolphins
1817,Kenny Pickett,26,39,66.7,244,6.3,1,1,0,3,9,0,0,1,13.7,13.7,7.7%,CLE,cleveland_browns,2022,16,112.15,Caesars Superdome,Indoor,Turf,3.0,1975.0,New Orleans,LA,29.9509,-90.0815,Cleveland Browns
1803,Dak Prescott,27,35,77.1,347,9.9,3,1,6,6,41,0,0,1,29.0,29.0,77.0%,DAL,dallas_cowboys,2022,16,168.68,AT&T Stadium,Indoor,Turf,639.0,2009.0,Arlington,TX,32.7473,-97.0945,Dallas Cowboys
1804,Jared Goff,25,42,59.5,355,8.5,3,0,2,3,15,0,1,1,25.7,25.7,83.0%,DET,detroit_lions,2022,16,166.49,Bank of America Stadium,Outdoor,Grass,748.0,1996.0,Charlotte,NC,35.2258,-80.8528,Detroit Lions
1805,Joe Burrow,40,52,76.9,375,7.2,3,2,2,4,5,0,0,1,25.5,25.5,98.2%,CIN,cincinnati_bengals,2022,16,174.49,Paycor Stadium,Outdoor,Turf,482.0,2000.0,Cincinnati,OH,39.0954,-84.516,Cincinnati Bengals
1806,Josh Allen,15,26,57.7,172,6.6,2,2,1,6,41,1,0,1,25.0,25.0,99.2%,BUF,buffalo_bills,2022,16,93.82,Highmark Stadium,Outdoor,Grass,600.0,1973.0,Orchard Park,NY,42.7738,-78.7868,Buffalo Bills
1810,Sam Darnold,15,22,68.2,250,11.4,1,0,0,6,19,1,0,1,21.9,21.9,36.3%,SEA,seattle_seahawks,2022,16,121.51,GEHA Field at Arrowhead Stadium,Outdoor,Grass,1020.0,1972.0,Kansas City,MO,39.049,-94.4839,Seattle Seahawks
1807,Gardner Minshew Ii,24,40,60.0,355,8.9,2,2,0,4,5,1,1,1,24.7,24.7,3.1%,KC,kansas_city_chiefs,2022,16,164.47,GEHA Field at Arrowhead Stadium,Outdoor,Grass,1020.0,1972.0,Kansas City,MO,39.049,-94.4839,Kansas City Chiefs
1808,Kirk Cousins,34,48,70.8,299,6.2,3,0,4,1,2,0,0,1,24.2,24.2,16.0%,ATL,atlanta_falcons,2022,16,142.28,M&T Bank Stadium,Outdoor,Grass,10.0,1998.0,Baltimore,MD,39.2779,-76.6227,Atlanta Falcons
1809,Patrick Mahomes Ii,16,28,57.1,224,8.0,2,0,1,2,8,1,0,1,23.8,23.8,96.3%,KC,kansas_city_chiefs,2022,16,111.06,GEHA Field at Arrowhead Stadium,Outdoor,Grass,1020.0,1972.0,Kansas City,MO,39.049,-94.4839,Kansas City Chiefs
1848,Jared Goff,21,29,72.4,255,8.8,3,0,1,1,2,0,0,1,22.4,22.4,83.0%,DET,detroit_lions,2022,17,122.64,Ford Field,Indoor,Turf,600.0,2002.0,Detroit,MI,42.34,-83.0456,Detroit Lions
1857,Gardner Minshew Ii,18,32,56.3,274,8.6,1,1,6,1,0,0,0,1,14.0,14.0,3.1%,KC,kansas_city_chiefs,2022,17,123.12,GEHA Field at Arrowhead Stadium,Outdoor,Grass,1020.0,1972.0,Kansas City,MO,39.049,-94.4839,Kansas City Chiefs
1854,Aaron Rodgers,15,24,62.5,159,6.6,1,0,1,1,2,1,0,1,16.6,16.6,28.3%,PIT,pittsburgh_steelers,2022,17,78.74,Acrisure Stadium,Outdoor,Grass,730.0,2001.0,Pittsburgh,PA,40.4468,-80.0158,Pittsburgh Steelers
1872,Mike White,23,46,50.0,240,5.2,0,2,4,0,0,0,1,1,5.6,5.6,1.1%,BUF,buffalo_bills,2022,17,102.96,,,,,,,,,,Buffalo Bills
1860,Kirk Cousins,18,31,58.1,205,6.6,1,3,2,3,37,0,1,1,10.9,10.9,16.0%,ATL,atlanta_falcons,2022,17,96.35,Mercedes-Benz Stadium,Indoor,Turf,1050.0,2017.0,Atlanta,GA,33.755,-84.4008,Atlanta Falcons
1868,Andy Dalton,18,22,81.8,205,9.3,0,1,6,2,-2,0,0,1,7.0,7.0,1.7%,CAR,carolina_panthers,2022,17,90.26,Raymond James Stadium,Outdoor,Grass,26.0,1998.0,Tampa,FL,27.9759,-82.5033,Carolina Panthers
1867,Skylar Thompson,12,21,57.1,104,5.0,1,1,1,1,4,0,0,1,7.6,7.6,2.0%,PIT,pittsburgh_steelers,2022,17,49.72,Acrisure Stadium,Outdoor,Grass,730.0,2001.0,Pittsburgh,PA,40.4468,-80.0158,Pittsburgh Steelers
1859,Joshua Dobbs,20,39,51.3,232,5.9,1,1,2,3,12,0,1,1,11.5,11.5,2.5%,NE,new_england_patriots,2022,17,105.33,Gillette Stadium,Outdoor,Turf,289.0,2002.0,Foxborough,MA,42.0909,-71.2643,New England Patriots
1869,Nick Mullens,4,4,100.0,57,14.3,1,0,0,0,0,0,0,1,6.3,6.3,1.1%,JAC,jacksonville_jaguars,2022,17,30.77,TIAA Bank Field,Outdoor,Grass,16.0,1995.0,Jacksonville,FL,30.3239,-81.6373,Jacksonville Jaguars
1853,Justin Herbert,21,28,75.0,212,7.6,2,0,0,1,2,0,0,1,16.7,16.7,87.6%,LAC,los_angeles_chargers,2022,17,100.91,SoFi Stadium,Outdoor,Turf,100.0,2020.0,Inglewood,CA,33.9535,-118.3392,Los Angeles Chargers
1879,Jordan Love,2,3,66.7,9,3.0,0,0,0,1,-1,0,0,1,0.3,0.3,73.1%,GB,green_bay_packers,2022,17,4.51,Lambeau Field,Outdoor,Grass,640.0,1957.0,Green Bay,WI,44.5013,-88.0622,Green Bay Packers
1852,Geno Smith,18,29,62.1,183,6.3,2,0,4,5,18,0,0,1,17.1,17.1,36.9%,LV,las_vegas_raiders,2022,17,90.63,Levi's Stadium,Outdoor,Grass,13.0,2014.0,Santa Clara,CA,37.403,-121.9692,Las Vegas Raiders
1851,Justin Fields,7,21,33.3,75,3.6,1,1,7,10,132,0,1,1,17.2,17.2,80.9%,NYJ,new_york_jets,2022,17,56.76,Lumen Field,Outdoor,Turf,20.0,2002.0,Seattle,WA,47.5952,-122.3316,New York Jets
1849,Deshaun Watson,9,18,50.0,169,9.4,3,0,5,8,31,0,0,1,21.9,21.9,7.5%,CLE,cleveland_browns,2022,17,89.71,FirstEnergy Stadium,Outdoor,Grass,577.0,1999.0,Cleveland,OH,41.5061,-81.6995,Cleveland Browns
1856,Mac Jones,20,33,60.6,204,6.2,2,0,3,3,1,0,0,1,16.3,16.3,4.0%,SF,san_francisco_49ers,2022,17,96.95,Levi's Stadium,Outdoor,Grass,13.0,2014.0,Santa Clara,CA,37.403,-121.9692,San Francisco 49ers
1855,Dak Prescott,29,41,70.7,282,6.9,2,2,1,3,11,0,1,1,16.4,16.4,77.0%,DAL,dallas_cowboys,2022,17,129.96,AT&T Stadium,Indoor,Turf,639.0,2009.0,Arlington,TX,32.7473,-97.0945,Dallas Cowboys
1880,Jacoby Brissett,0,0,0.0,0,0.0,0,0,0,1,2,0,0,1,0.2,0.2,3.2%,ARI,arizona_cardinals,2022,17,0.34,Mercedes-Benz Stadium,Indoor,Turf,1050.0,2017.0,Atlanta,GA,33.755,-84.4008,Arizona Cardinals
1870,Joe Burrow,4,4,100.0,52,13.0,1,0,0,1,2,0,0,1,6.3,6.3,98.2%,CIN,cincinnati_bengals,2022,17,28.71,,,,,,,,,,Cincinnati Bengals
1861,Kenny Pickett,15,27,55.6,168,6.2,1,0,2,5,2,0,0,1,10.9,10.9,7.7%,CLE,cleveland_browns,2022,17,78.07,FirstEnergy Stadium,Outdoor,Grass,577.0,1999.0,Cleveland,OH,41.5061,-81.6995,Cleveland Browns
1876,Josh Allen,3,6,50.0,33,5.5,0,0,0,2,14,0,0,1,2.7,2.7,99.2%,BUF,buffalo_bills,2022,17,17.89,,,,,,,,,,Buffalo Bills
1850,Brock Purdy,22,35,62.9,284,8.1,2,1,0,2,-3,0,0,1,18.1,18.1,89.9%,SF,san_francisco_49ers,2022,17,130.29,Levi's Stadium,Outdoor,Grass,13.0,2014.0,Santa Clara,CA,37.403,-121.9692,San Francisco 49ers
1874,Baker Mayfield,11,19,57.9,132,6.9,0,0,3,3,8,0,1,1,4.1,4.1,94.5%,TB,tampa_bay_buccaneers,2022,17,58.85,Raymond James Stadium,Outdoor,Grass,26.0,1998.0,Tampa,FL,27.9759,-82.5033,Tampa Bay Buccaneers
1847,Sam Darnold,23,37,62.2,341,9.2,3,1,2,5,20,0,2,1,22.6,22.6,36.3%,SEA,seattle_seahawks,2022,17,158.96,Lumen Field,Outdoor,Turf,20.0,2002.0,Seattle,WA,47.5952,-122.3316,Seattle Seahawks
1846,Russell Wilson,26,38,68.4,222,5.8,1,1,4,4,27,2,1,1,24.6,24.6,23.4%,NYG,new_york_giants,2022,17,112.98,MetLife Stadium,Outdoor,Turf,3.0,2010.0,East Rutherford,NJ,40.8136,-74.0744,New York Giants
1845,Patrick Mahomes Ii,29,42,69.0,328,7.8,3,1,0,4,8,0,0,1,25.5,25.5,96.3%,KC,kansas_city_chiefs,2022,17,155.11,GEHA Field at Arrowhead Stadium,Outdoor,Grass,1020.0,1972.0,Kansas City,MO,39.049,-94.4839,Kansas City Chiefs
1844,Jarrett Stidham,23,34,67.6,365,10.7,3,2,0,7,34,0,0,1,28.0,28.0,1.6%,DEN,denver_broncos,2022,17,174.14,GEHA Field at Arrowhead Stadium,Outdoor,Grass,1020.0,1972.0,Kansas City,MO,39.049,-94.4839,Denver Broncos
1843,Daniel Jones,19,24,79.2,177,7.4,2,0,0,11,91,2,0,1,36.2,36.2,20.7%,IND,indianapolis_colts,2022,17,109.62,MetLife Stadium,Outdoor,Turf,3.0,2010.0,East Rutherford,NJ,40.8136,-74.0744,Indianapolis Colts
1873,Trevor Lawrence,17,21,81.0,152,7.2,0,1,1,2,4,0,0,1,5.5,5.5,49.3%,JAC,jacksonville_jaguars,2022,17,68.09,TIAA Bank Field,Outdoor,Grass,16.0,1995.0,Jacksonville,FL,30.3239,-81.6373,Jacksonville Jaguars
1865,Davis Mills,22,40,55.0,202,5.1,0,0,1,4,33,0,1,1,9.4,9.4,0.8%,HOU,houston_texans,2022,17,93.8,TIAA Bank Field,Outdoor,Grass,16.0,1995.0,Jacksonville,FL,30.3239,-81.6373,Houston Texans
1866,Sam Ehlinger,9,14,64.3,60,4.3,1,0,1,1,12,0,0,1,7.6,7.6,0.1%,DEN,denver_broncos,2022,17,32.58,GEHA Field at Arrowhead Stadium,Outdoor,Grass,1020.0,1972.0,Kansas City,MO,39.049,-94.4839,Denver Broncos
1914,Joshua Dobbs,21,30,70.0,132,4.4,0,0,3,3,-3,0,2,1,1.0,1.0,2.5%,NE,new_england_patriots,2023,1,55.98,Lincoln Financial Field,Outdoor,Grass,30.0,2003.0,Philadelphia,PA,39.9008,-75.1675,New England Patriots
1883,Tua Tagovailoa,28,45,62.2,466,10.4,3,1,0,5,5,0,1,1,28.1,28.1,48.2%,MIA,miami_dolphins,2023,1,212.15,Hard Rock Stadium,Outdoor,Grass,7.0,1987.0,Miami Gardens,FL,25.958,-80.238,Miami Dolphins
1922,Sam Darnold,0,0,0.0,0,0.0,0,0,0,2,-2,0,0,1,-0.2,-0.2,36.3%,SEA,seattle_seahawks,2023,1,-0.34,SoFi Stadium,Outdoor,Turf,100.0,2020.0,Inglewood,CA,33.9535,-118.3392,Seattle Seahawks
1921,Jake Browning,0,1,0.0,0,0.0,0,0,0,1,-1,0,0,1,-0.1,-0.1,4.2%,CIN,cincinnati_bengals,2023,1,-0.17,FirstEnergy Stadium,Outdoor,Grass,577.0,1999.0,Cleveland,OH,41.5061,-81.6995,Cincinnati Bengals
1920,Cooper Rush,0,1,0.0,0,0.0,0,0,0,0,0,0,0,1,0.0,0.0,1.8%,BAL,baltimore_ravens,2023,1,0.0,M&T Bank Stadium,Outdoor,Grass,10.0,1998.0,Baltimore,MD,39.2779,-76.6227,Baltimore Ravens
1919,Gardner Minshew Ii,0,2,0.0,0,0.0,0,0,0,0,0,0,0,1,0.0,0.0,3.1%,KC,kansas_city_chiefs,2023,1,0.0,Ford Field,Indoor,Turf,600.0,2002.0,Detroit,MI,42.34,-83.0456,Kansas City Chiefs
1918,Clayton Tune,0,0,0.0,0,0.0,0,0,0,0,0,0,0,1,0.0,0.0,1.1%,ARI,arizona_cardinals,2023,1,0.0,FedExField,Outdoor,Grass,300.0,1997.0,Landover,MD,38.9078,-76.8645,Arizona Cardinals
1917,Sean Clifford,0,0,0.0,0,0.0,0,0,0,1,0,0,0,1,0.0,0.0,1.8%,GB,green_bay_packers,2023,1,0.0,Lambeau Field,Outdoor,Grass,640.0,1957.0,Green Bay,WI,44.5013,-88.0622,Green Bay Packers
1916,Aaron Rodgers,0,1,0.0,0,0.0,0,0,1,0,0,0,0,1,0.0,0.0,28.3%,PIT,pittsburgh_steelers,2023,1,0.0,Levi's Stadium,Outdoor,Grass,13.0,2014.0,Santa Clara,CA,37.403,-121.9692,Pittsburgh Steelers
1915,Tyrod Taylor,2,2,100.0,6,3.0,0,0,0,0,0,0,0,1,0.2,0.2,2.4%,NYJ,new_york_jets,2023,1,3.34,MetLife Stadium,Outdoor,Turf,3.0,2010.0,East Rutherford,NJ,40.8136,-74.0744,New York Jets
1913,Joe Burrow,14,31,45.2,82,2.6,0,0,2,1,-1,0,0,1,3.2,3.2,98.2%,CIN,cincinnati_bengals,2023,1,36.86,FirstEnergy Stadium,Outdoor,Grass,577.0,1999.0,Cleveland,OH,41.5061,-81.6995,Cincinnati Bengals
1911,Dak Prescott,13,24,54.2,143,6.0,0,0,0,1,6,0,0,1,6.3,6.3,77.0%,DAL,dallas_cowboys,2023,1,64.71,AT&T Stadium,Indoor,Turf,639.0,2009.0,Arlington,TX,32.7473,-97.0945,Dallas Cowboys
1910,Daniel Jones,15,28,53.6,104,3.7,0,2,7,13,43,0,0,1,6.5,6.5,20.7%,IND,indianapolis_colts,2023,1,52.49,TIAA Bank Field,Outdoor,Grass,16.0,1995.0,Jacksonville,FL,30.3239,-81.6373,Indianapolis Colts
1909,Lamar Jackson,17,22,77.3,169,7.7,0,1,4,6,38,0,1,1,7.6,7.6,98.8%,BAL,baltimore_ravens,2023,1,79.76,M&T Bank Stadium,Outdoor,Grass,10.0,1998.0,Baltimore,MD,39.2779,-76.6227,Baltimore Ravens
1907,Geno Smith,16,26,61.5,112,4.3,1,0,2,1,6,0,0,1,9.1,9.1,36.9%,LV,las_vegas_raiders,2023,1,54.53,Allegiant Stadium,Indoor,Turf,2001.0,2020.0,Las Vegas,NV,36.0908,-115.183,Las Vegas Raiders
1906,Zach Wilson,14,21,66.7,140,6.7,1,1,2,4,6,0,0,1,9.2,9.2,4.9%,MIA,miami_dolphins,2023,1,65.98,Hard Rock Stadium,Outdoor,Grass,7.0,1987.0,Miami Gardens,FL,25.958,-80.238,Miami Dolphins
1905,Bryce Young,20,38,52.6,146,3.8,1,2,2,3,17,0,0,1,9.5,9.5,43.0%,CAR,carolina_panthers,2023,1,69.61,Mercedes-Benz Stadium,Indoor,Turf,1050.0,2017.0,Atlanta,GA,33.755,-84.4008,Carolina Panthers
1904,C.J. Stroud,28,44,63.6,242,5.5,0,0,5,4,20,0,1,1,9.7,9.7,72.7%,HOU,houston_texans,2023,1,109.39,M&T Bank Stadium,Outdoor,Grass,10.0,1998.0,Baltimore,MD,39.2779,-76.6227,Houston Texans
1903,Kenny Pickett,31,46,67.4,232,5.0,1,2,5,1,4,0,0,1,11.7,11.7,7.7%,CLE,cleveland_browns,2023,1,105.59,FirstEnergy Stadium,Outdoor,Grass,577.0,1999.0,Cleveland,OH,41.5061,-81.6995,Cleveland Browns
1902,Josh Allen,29,41,70.7,236,5.8,1,3,5,6,36,0,1,1,12.0,12.0,99.2%,BUF,buffalo_bills,2023,1,110.36,MetLife Stadium,Outdoor,Turf,3.0,2010.0,East Rutherford,NJ,40.8136,-74.0744,Buffalo Bills
1901,Jalen Hurts,22,33,66.7,170,5.2,1,0,3,9,37,0,1,1,12.5,12.5,98.3%,PHI,philadelphia_eagles,2023,1,83.89,Lincoln Financial Field,Outdoor,Grass,30.0,2003.0,Philadelphia,PA,39.9008,-75.1675,Philadelphia Eagles
1900,Jared Goff,22,35,62.9,253,7.2,1,0,1,5,-1,0,0,1,14.0,14.0,83.0%,DET,detroit_lions,2023,1,114.84,Ford Field,Indoor,Turf,600.0,2002.0,Detroit,MI,42.34,-83.0456,Detroit Lions
1899,Matthew Stafford,24,38,63.2,334,8.8,0,0,0,3,11,0,0,1,14.5,14.5,48.2%,LAR,los_angeles_rams,2023,1,149.01,SoFi Stadium,Outdoor,Turf,100.0,2020.0,Inglewood,CA,33.9535,-118.3392,Los Angeles Rams
1898,Russell Wilson,27,34,79.4,177,5.2,2,0,2,1,1,0,0,1,15.2,15.2,23.4%,NYG,new_york_giants,2023,1,85.88,AT&T Stadium,Indoor,Turf,639.0,2009.0,Arlington,TX,32.7473,-97.0945,New York Giants
1897,Justin Fields,24,37,64.9,216,5.8,1,1,4,9,59,0,1,1,15.5,15.5,80.9%,NYJ,new_york_jets,2023,1,106.81,MetLife Stadium,Outdoor,Turf,3.0,2010.0,East Rutherford,NJ,40.8136,-74.0744,New York Jets
1895,Baker Mayfield,21,34,61.8,173,5.1,2,0,1,8,11,0,0,1,16.0,16.0,94.5%,TB,tampa_bay_buccaneers,2023,1,85.22,Raymond James Stadium,Outdoor,Grass,26.0,1998.0,Tampa,FL,27.9759,-82.5033,Tampa Bay Buccaneers
1894,Jimmy Garoppolo,20,26,76.9,200,7.7,2,1,0,9,11,0,0,1,16.1,16.1,2.4%,LAR,los_angeles_rams,2023,1,96.41,SoFi Stadium,Outdoor,Turf,100.0,2020.0,Inglewood,CA,33.9535,-118.3392,Los Angeles Rams
1893,Sam Howell,19,31,61.3,202,6.5,1,1,6,2,11,1,1,1,16.2,16.2,6.8%,MIN,minnesota_vikings,2023,1,96.74,Raymond James Stadium,Outdoor,Grass,26.0,1998.0,Tampa,FL,27.9759,-82.5033,Minnesota Vikings
1892,Brock Purdy,19,29,65.5,220,7.6,2,0,3,3,20,0,1,1,16.8,16.8,89.9%,SF,san_francisco_49ers,2023,1,105.68,Levi's Stadium,Outdoor,Grass,13.0,2014.0,Santa Clara,CA,37.403,-121.9692,San Francisco 49ers
1891,Kirk Cousins,33,44,75.0,344,7.8,2,1,2,3,7,0,2,1,17.5,17.5,16.0%,ATL,atlanta_falcons,2023,1,155.71,Mercedes-Benz Stadium,Indoor,Turf,1050.0,2017.0,Atlanta,GA,33.755,-84.4008,Atlanta Falcons
1890,Trevor Lawrence,24,32,75.0,241,7.5,2,1,2,7,21,0,0,1,18.7,18.7,49.3%,JAC,jacksonville_jaguars,2023,1,115.99,TIAA Bank Field,Outdoor,Grass,16.0,1995.0,Jacksonville,FL,30.3239,-81.6373,Jacksonville Jaguars
1889,Patrick Mahomes Ii,21,39,53.8,226,5.8,2,1,0,6,45,0,0,1,20.5,20.5,96.3%,KC,kansas_city_chiefs,2023,1,113.01,Ford Field,Indoor,Turf,600.0,2002.0,Detroit,MI,42.34,-83.0456,Kansas City Chiefs
1888,Justin Herbert,23,33,69.7,229,6.9,1,0,3,5,17,1,0,1,20.9,20.9,87.6%,LAC,los_angeles_chargers,2023,1,112.11,Hard Rock Stadium,Outdoor,Grass,7.0,1987.0,Miami Gardens,FL,25.958,-80.238,Los Angeles Chargers
1887,Deshaun Watson,16,29,55.2,154,5.3,1,1,3,5,45,1,0,1,21.7,21.7,7.5%,CLE,cleveland_browns,2023,1,84.35,FirstEnergy Stadium,Outdoor,Grass,577.0,1999.0,Cleveland,OH,41.5061,-81.6995,Cleveland Browns
1886,Anthony Richardson Sr.,24,37,64.9,223,6.0,1,1,4,10,40,1,0,1,21.9,21.9,38.2%,IND,indianapolis_colts,2023,1,112.53,TIAA Bank Field,Outdoor,Grass,16.0,1995.0,Jacksonville,FL,30.3239,-81.6373,Indianapolis Colts
1885,Jordan Love,15,27,55.6,245,9.1,3,0,1,3,12,0,0,1,23.0,23.0,73.1%,GB,green_bay_packers,2023,1,119.52,Lambeau Field,Outdoor,Grass,640.0,1957.0,Green Bay,WI,44.5013,-88.0622,Green Bay Packers
1884,Mac Jones,35,54,64.8,316,5.9,3,1,2,2,15,0,0,1,25.1,25.1,4.0%,SF,san_francisco_49ers,2023,1,150.95,Levi's Stadium,Outdoor,Grass,13.0,2014.0,Santa Clara,CA,37.403,-121.9692,San Francisco 49ers
1935,C.J. Stroud,30,47,63.8,384,8.2,2,0,6,3,1,0,1,1,21.5,21.5,72.7%,HOU,houston_texans,2023,2,173.89,Lucas Oil Stadium,Indoor,Turf,700.0,2008.0,Indianapolis,IN,39.7601,-86.1639,Houston Texans
1926,Jalen Hurts,18,23,78.3,193,8.4,1,1,4,12,35,2,0,1,26.2,26.2,98.3%,PHI,philadelphia_eagles,2023,2,103.12,Lincoln Financial Field,Outdoor,Grass,30.0,2003.0,Philadelphia,PA,39.9008,-75.1675,Philadelphia Eagles
1923,Daniel Jones,26,37,70.3,321,8.7,2,1,3,9,59,1,0,1,31.7,31.7,20.7%,IND,indianapolis_colts,2023,2,161.53,Lucas Oil Stadium,Indoor,Turf,700.0,2008.0,Indianapolis,IN,39.7601,-86.1639,Indianapolis Colts
1953,Jimmy Garoppolo,16,24,66.7,185,7.7,1,2,0,1,1,0,0,1,9.5,9.5,2.4%,LAR,los_angeles_rams,2023,2,83.99,Levi's Stadium,Outdoor,Grass,13.0,2014.0,Santa Clara,CA,37.403,-121.9692,Los Angeles Rams
1952,Gardner Minshew Ii,19,23,82.6,171,7.4,1,0,0,2,3,0,0,1,11.1,11.1,3.1%,KC,kansas_city_chiefs,2023,2,80.15,GEHA Field at Arrowhead Stadium,Outdoor,Grass,1020.0,1972.0,Kansas City,MO,39.049,-94.4839,Kansas City Chiefs
1951,Kenny Pickett,15,30,50.0,222,7.4,1,1,2,4,-6,0,0,1,11.3,11.3,7.7%,CLE,cleveland_browns,2023,2,99.29,Acrisure Stadium,Outdoor,Grass,730.0,2001.0,Pittsburgh,PA,40.4468,-80.0158,Cleveland Browns
1950,Zach Wilson,12,27,44.4,170,6.3,1,3,3,5,36,0,0,1,11.4,11.4,4.9%,MIA,miami_dolphins,2023,2,82.04,Hard Rock Stadium,Outdoor,Grass,7.0,1987.0,Miami Gardens,FL,25.958,-80.238,Miami Dolphins
1949,Deshaun Watson,22,40,55.0,235,5.9,1,1,6,6,22,0,2,1,12.6,12.6,7.5%,CLE,cleveland_browns,2023,2,108.4,Acrisure Stadium,Outdoor,Grass,730.0,2001.0,Pittsburgh,PA,40.4468,-80.0158,Cleveland Browns
1948,Tua Tagovailoa,21,30,70.0,249,8.3,1,1,1,4,3,0,0,1,13.3,13.3,48.2%,MIA,miami_dolphins,2023,2,113.17,Hard Rock Stadium,Outdoor,Grass,7.0,1987.0,Miami Gardens,FL,25.958,-80.238,Miami Dolphins
1947,Bryce Young,22,33,66.7,153,4.6,1,0,4,2,34,0,1,1,13.5,13.5,43.0%,CAR,carolina_panthers,2023,2,77.37,Caesars Superdome,Indoor,Turf,3.0,1975.0,New Orleans,LA,29.9509,-90.0815,Carolina Panthers
1924,Kirk Cousins,31,44,70.5,364,8.3,4,0,2,0,0,0,1,1,28.6,28.6,16.0%,ATL,atlanta_falcons,2023,2,171.48,Mercedes-Benz Stadium,Indoor,Turf,1050.0,2017.0,Atlanta,GA,33.755,-84.4008,Atlanta Falcons
1925,Russell Wilson,18,32,56.3,308,9.6,3,1,7,6,56,0,1,1,26.9,26.9,23.4%,NYG,new_york_giants,2023,2,152.05,MetLife Stadium,Outdoor,Turf,3.0,2010.0,East Rutherford,NJ,40.8136,-74.0744,New York Giants
1927,Joshua Dobbs,21,31,67.7,228,7.4,1,0,0,3,41,1,0,1,25.2,25.2,2.5%,NE,new_england_patriots,2023,2,117.02,Hard Rock Stadium,Outdoor,Grass,7.0,1987.0,Miami Gardens,FL,25.958,-80.238,New England Patriots
1954,Trevor Lawrence,22,41,53.7,216,5.3,0,0,4,5,26,0,1,1,9.2,9.2,49.3%,JAC,jacksonville_jaguars,2023,2,98.6,GEHA Field at Arrowhead Stadium,Outdoor,Grass,1020.0,1972.0,Kansas City,MO,39.049,-94.4839,Jacksonville Jaguars
1928,Jared Goff,28,35,80.0,323,9.2,3,1,2,0,0,0,0,1,23.9,23.9,83.0%,DET,detroit_lions,2023,2,151.37,Lumen Field,Outdoor,Turf,20.0,2002.0,Seattle,WA,47.5952,-122.3316,Detroit Lions
1929,Josh Allen,31,37,83.8,274,7.4,3,0,2,3,7,0,0,1,23.7,23.7,99.2%,BUF,buffalo_bills,2023,2,132.37,Highmark Stadium,Outdoor,Grass,600.0,1973.0,Orchard Park,NY,42.7738,-78.7868,Buffalo Bills
1930,Geno Smith,32,41,78.0,328,8.0,2,0,1,3,20,0,0,1,23.1,23.1,36.9%,LV,las_vegas_raiders,2023,2,154.77,Highmark Stadium,Outdoor,Grass,600.0,1973.0,Orchard Park,NY,42.7738,-78.7868,Las Vegas Raiders
1946,Brock Purdy,17,25,68.0,206,8.2,0,0,1,3,5,1,0,1,14.7,14.7,89.9%,SF,san_francisco_49ers,2023,2,96.73,Levi's Stadium,Outdoor,Grass,13.0,2014.0,Santa Clara,CA,37.403,-121.9692,San Francisco 49ers
1931,Lamar Jackson,24,33,72.7,237,7.2,2,0,0,12,54,0,0,1,22.9,22.9,98.8%,BAL,baltimore_ravens,2023,2,120.67,M&T Bank Stadium,Outdoor,Grass,10.0,1998.0,Baltimore,MD,39.2779,-76.6227,Baltimore Ravens
1958,Kyle Allen,0,0,0.0,0,0.0,0,0,0,2,-2,0,0,1,-0.2,-0.2,1.1%,DET,detroit_lions,2023,2,-0.34,Lumen Field,Outdoor,Turf,20.0,2002.0,Seattle,WA,47.5952,-122.3316,Detroit Lions
1933,Justin Herbert,27,41,65.9,305,7.4,2,0,3,1,0,0,0,1,22.2,22.2,87.6%,LAC,los_angeles_chargers,2023,2,142.32,Nissan Stadium,Outdoor,Grass,476.0,1999.0,Nashville,TN,36.1665,-86.7713,Los Angeles Chargers
1934,Patrick Mahomes Ii,29,41,70.7,305,7.4,2,1,1,7,30,0,0,1,22.2,22.2,96.3%,KC,kansas_city_chiefs,2023,2,145.42,GEHA Field at Arrowhead Stadium,Outdoor,Grass,1020.0,1972.0,Kansas City,MO,39.049,-94.4839,Kansas City Chiefs
1945,Mac Jones,31,42,73.8,231,5.5,1,1,4,5,25,0,0,1,14.7,14.7,4.0%,SF,san_francisco_49ers,2023,2,109.59,Levi's Stadium,Outdoor,Grass,13.0,2014.0,Santa Clara,CA,37.403,-121.9692,San Francisco 49ers
1936,Sam Howell,27,39,69.2,299,7.7,2,0,4,2,13,0,0,1,21.3,21.3,6.8%,MIN,minnesota_vikings,2023,2,140.65,Lincoln Financial Field,Outdoor,Grass,30.0,2003.0,Philadelphia,PA,39.9008,-75.1675,Minnesota Vikings
1944,Matthew Stafford,34,55,61.8,307,5.6,1,2,1,4,17,0,0,1,16.0,16.0,48.2%,LAR,los_angeles_rams,2023,2,140.32,Levi's Stadium,Outdoor,Grass,13.0,2014.0,Santa Clara,CA,37.403,-121.9692,Los Angeles Rams
1943,Joe Burrow,27,41,65.9,222,5.4,2,1,1,1,5,0,0,1,16.4,16.4,98.2%,CIN,cincinnati_bengals,2023,2,105.06,M&T Bank Stadium,Outdoor,Grass,10.0,1998.0,Baltimore,MD,39.2779,-76.6227,Cincinnati Bengals
1942,Justin Fields,16,29,55.2,211,7.3,1,2,6,4,3,1,0,1,16.7,16.7,80.9%,NYJ,new_york_jets,2023,2,99.75,AT&T Stadium,Indoor,Turf,639.0,2009.0,Arlington,TX,32.7473,-97.0945,New York Jets
1957,Cooper Rush,0,0,0.0,0,0.0,0,0,0,0,0,0,0,1,0.0,0.0,1.8%,BAL,baltimore_ravens,2023,2,0.0,M&T Bank Stadium,Outdoor,Grass,10.0,1998.0,Baltimore,MD,39.2779,-76.6227,Baltimore Ravens
1938,Jordan Love,14,25,56.0,151,6.0,3,0,1,2,23,0,0,1,20.3,20.3,73.1%,GB,green_bay_packers,2023,2,80.41,Mercedes-Benz Stadium,Indoor,Turf,1050.0,2017.0,Atlanta,GA,33.755,-84.4008,Green Bay Packers
1941,Anthony Richardson Sr.,6,10,60.0,56,5.6,0,0,0,3,35,2,0,1,17.7,17.7,38.2%,IND,indianapolis_colts,2023,2,40.41,Lucas Oil Stadium,Indoor,Turf,700.0,2008.0,Indianapolis,IN,39.7601,-86.1639,Indianapolis Colts
1940,Baker Mayfield,26,34,76.5,317,9.3,1,0,0,6,17,0,0,1,18.4,18.4,94.5%,TB,tampa_bay_buccaneers,2023,2,146.14,Raymond James Stadium,Outdoor,Grass,26.0,1998.0,Tampa,FL,27.9759,-82.5033,Tampa Bay Buccaneers
1939,Dak Prescott,31,38,81.6,255,6.7,2,0,1,6,14,0,0,1,19.6,19.6,77.0%,DAL,dallas_cowboys,2023,2,122.16,AT&T Stadium,Indoor,Turf,639.0,2009.0,Arlington,TX,32.7473,-97.0945,Dallas Cowboys
1956,Andy Dalton,0,0,0.0,0,0.0,0,0,0,0,0,0,0,1,0.0,0.0,1.7%,CAR,carolina_panthers,2023,2,0.0,Caesars Superdome,Indoor,Turf,3.0,1975.0,New Orleans,LA,29.9509,-90.0815,Carolina Panthers
1971,Brock Purdy,25,37,67.6,310,8.4,2,0,2,4,-1,0,0,1,20.3,20.3,89.9%,SF,san_francisco_49ers,2023,3,142.89,Levi's Stadium,Outdoor,Grass,13.0,2014.0,Santa Clara,CA,37.403,-121.9692,San Francisco 49ers
1970,C.J. Stroud,20,30,66.7,280,9.3,2,0,0,3,14,0,0,1,20.6,20.6,72.7%,HOU,houston_texans,2023,3,132.28,NRG Stadium,Indoor,Turf,50.0,2002.0,Houston,TX,29.6847,-95.4107,Houston Texans
1969,Jimmy Garoppolo,28,44,63.6,324,7.4,2,3,4,2,7,0,0,1,20.7,20.7,2.4%,LAR,los_angeles_rams,2023,3,149.37,Paycor Stadium,Outdoor,Turf,482.0,2000.0,Cincinnati,OH,39.0954,-84.516,Los Angeles Rams
1962,Kirk Cousins,32,50,64.0,367,7.3,3,1,4,1,10,0,0,1,26.7,26.7,16.0%,ATL,atlanta_falcons,2023,3,171.95,Ford Field,Indoor,Turf,600.0,2002.0,Detroit,MI,42.34,-83.0456,Atlanta Falcons
1977,Trevor Lawrence,27,40,67.5,279,7.0,1,1,0,3,12,0,0,1,15.4,15.4,49.3%,JAC,jacksonville_jaguars,2023,3,127.88,NRG Stadium,Indoor,Turf,50.0,2002.0,Houston,TX,29.6847,-95.4107,Jacksonville Jaguars
1963,Patrick Mahomes Ii,24,33,72.7,272,8.2,3,0,0,3,28,0,0,1,25.7,25.7,96.3%,KC,kansas_city_chiefs,2023,3,134.53,GEHA Field at Arrowhead Stadium,Outdoor,Grass,1020.0,1972.0,Kansas City,MO,39.049,-94.4839,Kansas City Chiefs
1989,Daniel Jones,22,32,68.8,137,4.3,0,1,2,2,5,0,0,1,5.0,5.0,20.7%,IND,indianapolis_colts,2023,3,61.76,Lucas Oil Stadium,Indoor,Turf,700.0,2008.0,Indianapolis,IN,39.7601,-86.1639,Indianapolis Colts
1990,Sam Howell,19,29,65.5,170,5.9,0,4,9,1,18,0,0,1,4.6,4.6,6.8%,MIN,minnesota_vikings,2023,3,75.7,SoFi Stadium,Outdoor,Turf,100.0,2020.0,Inglewood,CA,33.9535,-118.3392,Minnesota Vikings
1961,Lamar Jackson,22,31,71.0,202,6.5,0,0,4,14,101,2,1,1,28.2,28.2,98.8%,BAL,baltimore_ravens,2023,3,114.44,Lucas Oil Stadium,Indoor,Turf,700.0,2008.0,Indianapolis,IN,39.7601,-86.1639,Baltimore Ravens
1984,Joe Burrow,26,49,53.1,259,5.3,0,1,2,3,-2,0,0,1,9.2,9.2,98.2%,CIN,cincinnati_bengals,2023,3,113.4,Paycor Stadium,Outdoor,Turf,482.0,2000.0,Cincinnati,OH,39.0954,-84.516,Cincinnati Bengals
1964,Jordan Love,22,44,50.0,259,5.9,1,1,1,9,39,1,0,1,25.3,25.3,73.1%,GB,green_bay_packers,2023,3,128.99,Lambeau Field,Outdoor,Grass,640.0,1957.0,Green Bay,WI,44.5013,-88.0622,Green Bay Packers
1965,Andy Dalton,34,58,58.6,361,6.2,2,0,3,2,11,0,0,1,23.5,23.5,1.7%,CAR,carolina_panthers,2023,3,167.19,Lumen Field,Outdoor,Turf,20.0,2002.0,Seattle,WA,47.5952,-122.3316,Carolina Panthers
1992,Jameis Winston,10,16,62.5,101,6.3,0,0,1,0,0,0,0,1,4.0,4.0,8.9%,NYG,new_york_giants,2023,3,45.46,Levi's Stadium,Outdoor,Grass,13.0,2014.0,Santa Clara,CA,37.403,-121.9692,New York Giants
1966,Josh Allen,20,32,62.5,218,6.8,1,1,0,3,46,1,0,1,22.3,22.3,99.2%,BUF,buffalo_bills,2023,3,111.17,Highmark Stadium,Outdoor,Grass,600.0,1973.0,Orchard Park,NY,42.7738,-78.7868,Buffalo Bills
1994,Tyrod Taylor,0,1,0.0,0,0.0,0,0,0,1,2,0,0,1,0.2,0.2,2.4%,NYJ,new_york_jets,2023,3,0.34,Gillette Stadium,Outdoor,Turf,289.0,2002.0,Foxborough,MA,42.0909,-71.2643,New York Jets
1983,Baker Mayfield,15,25,60.0,146,5.8,1,1,2,1,2,0,0,1,11.0,11.0,94.5%,TB,tampa_bay_buccaneers,2023,3,69.16,Lincoln Financial Field,Outdoor,Grass,30.0,2003.0,Philadelphia,PA,39.9008,-75.1675,Tampa Bay Buccaneers
1995,Sam Darnold,0,0,0.0,0,0.0,0,0,0,1,-1,0,0,1,-0.1,-0.1,36.3%,SEA,seattle_seahawks,2023,3,-0.17,Lumen Field,Outdoor,Turf,20.0,2002.0,Seattle,WA,47.5952,-122.3316,Seattle Seahawks
1986,Mike White,2,2,100.0,67,33.5,1,0,0,1,-1,0,0,1,6.6,6.6,1.1%,BUF,buffalo_bills,2023,3,38.52,Highmark Stadium,Outdoor,Grass,600.0,1973.0,Orchard Park,NY,42.7738,-78.7868,Buffalo Bills
1982,Justin Fields,11,22,50.0,99,4.5,1,1,3,11,47,0,0,1,11.7,11.7,80.9%,NYJ,new_york_jets,2023,3,54.69,Gillette Stadium,Outdoor,Turf,289.0,2002.0,Foxborough,MA,42.0909,-71.2643,New York Jets
1996,Kyle Allen,0,0,0.0,0,0.0,0,0,0,2,-2,0,0,1,-0.2,-0.2,1.1%,DET,detroit_lions,2023,3,-0.34,Ford Field,Indoor,Turf,600.0,2002.0,Detroit,MI,42.34,-83.0456,Detroit Lions
1967,Jalen Hurts,23,37,62.2,277,7.5,1,2,1,10,28,1,0,1,21.9,21.9,98.3%,PHI,philadelphia_eagles,2023,3,133.03,Lincoln Financial Field,Outdoor,Grass,30.0,2003.0,Philadelphia,PA,39.9008,-75.1675,Philadelphia Eagles
1968,Deshaun Watson,27,33,81.8,289,8.8,2,0,3,4,16,0,0,1,21.2,21.2,7.5%,CLE,cleveland_browns,2023,3,137.1,FirstEnergy Stadium,Outdoor,Grass,577.0,1999.0,Cleveland,OH,41.5061,-81.6995,Cleveland Browns
1981,Gardner Minshew Ii,27,44,61.4,227,5.2,1,0,5,0,0,0,0,1,13.1,13.1,3.1%,KC,kansas_city_chiefs,2023,3,104.01,GEHA Field at Arrowhead Stadium,Outdoor,Grass,1020.0,1972.0,Kansas City,MO,39.049,-94.4839,Kansas City Chiefs
1960,Tua Tagovailoa,23,26,88.5,309,11.9,4,0,0,0,0,0,0,1,28.4,28.4,48.2%,MIA,miami_dolphins,2023,3,149.36,Hard Rock Stadium,Outdoor,Grass,7.0,1987.0,Miami Gardens,FL,25.958,-80.238,Miami Dolphins
1980,Mac Jones,15,29,51.7,201,6.9,1,0,0,4,13,0,0,1,13.3,13.3,4.0%,SF,san_francisco_49ers,2023,3,94.19,Levi's Stadium,Outdoor,Grass,13.0,2014.0,Santa Clara,CA,37.403,-121.9692,San Francisco 49ers
1979,Matthew Stafford,18,33,54.5,269,8.2,1,2,6,1,7,0,0,1,13.5,13.5,48.2%,LAR,los_angeles_rams,2023,3,121.29,Paycor Stadium,Outdoor,Turf,482.0,2000.0,Cincinnati,OH,39.0954,-84.516,Los Angeles Rams
1959,Justin Herbert,40,47,85.1,405,8.6,3,0,1,2,11,0,0,1,29.3,29.3,87.6%,LAC,los_angeles_chargers,2023,3,190.23,SoFi Stadium,Outdoor,Turf,100.0,2020.0,Inglewood,CA,33.9535,-118.3392,Los Angeles Chargers
1972,Jared Goff,22,33,66.7,243,7.4,1,1,0,5,3,1,0,1,19.0,19.0,83.0%,DET,detroit_lions,2023,3,114.88,Ford Field,Indoor,Turf,600.0,2002.0,Detroit,MI,42.34,-83.0456,Detroit Lions
1987,Zach Wilson,18,36,50.0,157,4.4,0,0,3,1,1,0,0,1,6.4,6.4,4.9%,MIA,miami_dolphins,2023,3,70.06,Hard Rock Stadium,Outdoor,Grass,7.0,1987.0,Miami Gardens,FL,25.958,-80.238,Miami Dolphins
1973,Kenny Pickett,16,28,57.1,235,8.4,2,0,1,3,11,0,0,1,18.5,18.5,7.7%,CLE,cleveland_browns,2023,3,111.93,FirstEnergy Stadium,Outdoor,Grass,577.0,1999.0,Cleveland,OH,41.5061,-81.6995,Cleveland Browns
1974,Joshua Dobbs,17,21,81.0,189,9.0,1,0,2,6,55,0,0,1,17.1,17.1,2.5%,NE,new_england_patriots,2023,3,96.87,Gillette Stadium,Outdoor,Turf,289.0,2002.0,Foxborough,MA,42.0909,-71.2643,New England Patriots
1975,Geno Smith,23,36,63.9,296,8.2,1,1,2,4,-4,0,0,1,16.4,16.4,36.9%,LV,las_vegas_raiders,2023,3,133.62,Acrisure Stadium,Outdoor,Grass,730.0,2001.0,Pittsburgh,PA,40.4468,-80.0158,Las Vegas Raiders
1978,Russell Wilson,23,38,60.5,306,8.1,1,1,1,0,0,0,0,1,15.2,15.2,23.4%,NYG,new_york_giants,2023,3,137.16,Levi's Stadium,Outdoor,Grass,13.0,2014.0,Santa Clara,CA,37.403,-121.9692,New York Giants
1976,Dak Prescott,25,40,62.5,249,6.2,1,1,2,3,24,0,0,1,15.4,15.4,77.0%,DAL,dallas_cowboys,2023,3,116.72,State Farm Stadium,Indoor,Turf,1070.0,2006.0,Glendale,AZ,33.5275,-112.2625,Dallas Cowboys
2007,C.J. Stroud,16,30,53.3,306,10.2,2,0,0,4,16,0,0,1,21.8,21.8,72.7%,HOU,houston_texans,2023,4,143.5,NRG Stadium,Indoor,Turf,50.0,2002.0,Houston,TX,29.6847,-95.4107,Houston Texans
2028,Drew Lock,2,6,33.3,63,10.5,0,0,0,1,11,0,0,1,3.6,3.6,1.6%,SEA,seattle_seahawks,2023,4,31.12,Lumen Field,Outdoor,Turf,20.0,2002.0,Seattle,WA,47.5952,-122.3316,Seattle Seahawks
2013,Trevor Lawrence,23,30,76.7,207,6.9,1,0,2,8,42,0,0,1,16.5,16.5,49.3%,JAC,jacksonville_jaguars,2023,4,102.53,TIAA Bank Field,Outdoor,Grass,16.0,1995.0,Jacksonville,FL,30.3239,-81.6373,Jacksonville Jaguars
2002,Justin Herbert,13,24,54.2,167,7.0,1,1,2,12,27,2,0,1,24.4,24.4,87.6%,LAC,los_angeles_chargers,2023,4,89.88,SoFi Stadium,Outdoor,Turf,100.0,2020.0,Inglewood,CA,33.9535,-118.3392,Los Angeles Chargers
2037,Jameis Winston,0,1,0.0,0,0.0,0,1,0,0,0,0,0,1,-1.0,-1.0,8.9%,NYG,new_york_giants,2023,4,-0.8,Lumen Field,Outdoor,Turf,20.0,2002.0,Seattle,WA,47.5952,-122.3316,New York Giants
2025,Joe Burrow,20,30,66.7,165,5.5,0,0,3,3,1,0,1,1,4.7,4.7,98.2%,CIN,cincinnati_bengals,2023,4,72.39,Nissan Stadium,Outdoor,Grass,476.0,1999.0,Nashville,TN,36.1665,-86.7713,Cincinnati Bengals
2015,Tua Tagovailoa,25,35,71.4,282,8.1,1,1,4,2,7,0,0,1,15.0,15.0,48.2%,MIA,miami_dolphins,2023,4,128.32,Highmark Stadium,Outdoor,Grass,600.0,1973.0,Orchard Park,NY,42.7738,-78.7868,Miami Dolphins
2001,Lamar Jackson,15,19,78.9,186,9.8,2,0,3,9,27,2,1,1,28.1,28.1,98.8%,BAL,baltimore_ravens,2023,4,101.13,M&T Bank Stadium,Outdoor,Grass,10.0,1998.0,Baltimore,MD,39.2779,-76.6227,Baltimore Ravens
2003,Jalen Hurts,25,37,67.6,319,8.6,2,0,3,9,34,0,0,1,24.2,24.2,98.3%,PHI,philadelphia_eagles,2023,4,152.76,Lincoln Financial Field,Outdoor,Grass,30.0,2003.0,Philadelphia,PA,39.9008,-75.1675,Philadelphia Eagles
2036,Kyle Allen,0,0,0.0,0,0.0,0,0,0,3,-3,0,0,1,-0.3,-0.3,1.1%,DET,detroit_lions,2023,4,-0.51,Ford Field,Indoor,Turf,600.0,2002.0,Detroit,MI,42.34,-83.0456,Detroit Lions
2000,Justin Fields,28,35,80.0,335,9.6,4,1,4,4,25,0,1,1,28.9,28.9,80.9%,NYJ,new_york_jets,2023,4,162.45,GEHA Field at Arrowhead Stadium,Outdoor,Grass,1020.0,1972.0,Kansas City,MO,39.049,-94.4839,New York Jets
2012,Matthew Stafford,27,40,67.5,319,8.0,1,1,2,2,14,0,0,1,17.2,17.2,48.2%,LAR,los_angeles_rams,2023,4,145.54,SoFi Stadium,Outdoor,Turf,100.0,2020.0,Inglewood,CA,33.9535,-118.3392,Los Angeles Rams
2035,Sam Darnold,0,0,0.0,0,0.0,0,0,0,1,-1,0,0,1,-0.1,-0.1,36.3%,SEA,seattle_seahawks,2023,4,-0.17,Lumen Field,Outdoor,Turf,20.0,2002.0,Seattle,WA,47.5952,-122.3316,Seattle Seahawks
2034,Cooper Rush,2,2,100.0,20,10.0,0,0,0,3,-2,0,0,1,0.6,0.6,1.8%,BAL,baltimore_ravens,2023,4,10.42,M&T Bank Stadium,Outdoor,Grass,10.0,1998.0,Baltimore,MD,39.2779,-76.6227,Baltimore Ravens
2018,Jared Goff,19,28,67.9,210,7.5,1,1,2,2,10,0,0,1,12.4,12.4,83.0%,DET,detroit_lions,2023,4,97.28,Ford Field,Indoor,Turf,600.0,2002.0,Detroit,MI,42.34,-83.0456,Detroit Lions
1999,Anthony Richardson Sr.,11,25,44.0,200,8.0,2,0,2,10,56,1,1,1,29.6,29.6,38.2%,IND,indianapolis_colts,2023,4,109.72,SoFi Stadium,Outdoor,Turf,100.0,2020.0,Inglewood,CA,33.9535,-118.3392,Indianapolis Colts
2011,Zach Wilson,28,39,71.8,245,6.3,2,0,2,2,14,0,1,1,19.2,19.2,4.9%,MIA,miami_dolphins,2023,4,117.4,Highmark Stadium,Outdoor,Grass,600.0,1973.0,Orchard Park,NY,42.7738,-78.7868,Miami Dolphins
1998,Josh Allen,21,25,84.0,320,12.8,4,0,2,4,17,1,0,1,36.5,36.5,99.2%,BUF,buffalo_bills,2023,4,161.31,Highmark Stadium,Outdoor,Grass,600.0,1973.0,Orchard Park,NY,42.7738,-78.7868,Buffalo Bills
2019,Kirk Cousins,12,19,63.2,139,7.3,2,2,2,1,0,0,0,1,11.6,11.6,16.0%,ATL,atlanta_falcons,2023,4,66.78,TIAA Bank Field,Outdoor,Grass,16.0,1995.0,Jacksonville,FL,30.3239,-81.6373,Atlanta Falcons
2020,Aidan O'Connell,24,39,61.5,238,6.1,0,1,7,3,3,1,2,1,10.8,10.8,4.5%,LV,las_vegas_raiders,2023,4,106.58,SoFi Stadium,Outdoor,Turf,100.0,2020.0,Inglewood,CA,33.9535,-118.3392,Las Vegas Raiders
2021,Daniel Jones,27,34,79.4,203,6.0,0,2,10,10,66,0,1,1,10.7,10.7,20.7%,IND,indianapolis_colts,2023,4,98.89,SoFi Stadium,Outdoor,Turf,100.0,2020.0,Inglewood,CA,33.9535,-118.3392,Indianapolis Colts
2010,Jordan Love,23,36,63.9,246,6.8,1,2,5,2,-2,1,0,1,19.6,19.6,73.1%,GB,green_bay_packers,2023,4,115.88,Ford Field,Indoor,Turf,600.0,2002.0,Detroit,MI,42.34,-83.0456,Green Bay Packers
2009,Sam Howell,29,41,70.7,290,7.1,1,0,5,6,40,0,0,1,19.6,19.6,6.8%,MIN,minnesota_vikings,2023,4,138.34,U.S. Bank Stadium,Indoor,Turf,840.0,2016.0,Minneapolis,MN,44.974,-93.2581,Minnesota Vikings
2033,Mitchell Trubisky,3,5,60.0,18,3.6,0,0,0,0,0,0,0,1,0.7,0.7,1.3%,BUF,buffalo_bills,2023,4,8.71,Highmark Stadium,Outdoor,Grass,600.0,1973.0,Orchard Park,NY,42.7738,-78.7868,Buffalo Bills
2031,Bailey Zappe,4,9,44.4,57,6.3,0,0,1,0,0,0,0,1,2.3,2.3,1.1%,KC,kansas_city_chiefs,2023,4,26.07,GEHA Field at Arrowhead Stadium,Outdoor,Grass,1020.0,1972.0,Kansas City,MO,39.049,-94.4839,Kansas City Chiefs
2008,Brock Purdy,20,21,95.2,283,13.5,1,0,1,2,0,1,0,1,21.3,21.3,89.9%,SF,san_francisco_49ers,2023,4,133.31,Levi's Stadium,Outdoor,Grass,13.0,2014.0,Santa Clara,CA,37.403,-121.9692,San Francisco 49ers
2023,Geno Smith,13,20,65.0,110,5.5,1,0,2,0,0,0,0,1,8.2,8.2,36.9%,LV,las_vegas_raiders,2023,4,52.44,SoFi Stadium,Outdoor,Turf,100.0,2020.0,Inglewood,CA,33.9535,-118.3392,Las Vegas Raiders
2024,Bryce Young,25,32,78.1,204,6.4,0,0,5,2,10,0,1,1,7.2,7.2,43.0%,CAR,carolina_panthers,2023,4,91.32,U.S. Bank Stadium,Indoor,Turf,840.0,2016.0,Minneapolis,MN,44.974,-93.2581,Carolina Panthers
2006,Russell Wilson,21,28,75.0,223,8.0,3,0,1,4,13,0,0,1,22.2,22.2,23.4%,NYG,new_york_giants,2023,4,110.64,Lumen Field,Outdoor,Turf,20.0,2002.0,Seattle,WA,47.5952,-122.3316,New York Giants
2005,Joshua Dobbs,28,41,68.3,265,6.5,2,0,1,12,48,0,0,1,23.4,23.4,2.5%,NE,new_england_patriots,2023,4,131.88,AT&T Stadium,Indoor,Turf,639.0,2009.0,Arlington,TX,32.7473,-97.0945,New England Patriots
2026,Kenny Pickett,15,23,65.2,114,5.0,0,1,3,2,9,0,0,1,4.5,4.5,7.7%,CLE,cleveland_browns,2023,4,52.05,M&T Bank Stadium,Outdoor,Grass,10.0,1998.0,Baltimore,MD,39.2779,-76.6227,Cleveland Browns
2004,Baker Mayfield,25,32,78.1,246,7.7,3,1,1,8,31,0,0,1,23.9,23.9,94.5%,TB,tampa_bay_buccaneers,2023,4,123.07,Raymond James Stadium,Outdoor,Grass,26.0,1998.0,Tampa,FL,27.9759,-82.5033,Tampa Bay Buccaneers
2030,Mac Jones,12,21,57.1,150,7.1,0,2,1,3,7,0,1,1,2.7,2.7,4.0%,SF,san_francisco_49ers,2023,4,64.91,Levi's Stadium,Outdoor,Grass,13.0,2014.0,Santa Clara,CA,37.403,-121.9692,San Francisco 49ers
2016,Dak Prescott,28,34,82.4,261,7.7,1,0,3,1,-1,0,0,1,14.3,14.3,77.0%,DAL,dallas_cowboys,2023,4,118.95,AT&T Stadium,Indoor,Turf,639.0,2009.0,Arlington,TX,32.7473,-97.0945,Dallas Cowboys
2014,Patrick Mahomes Ii,18,30,60.0,203,6.8,1,2,1,7,51,0,0,1,15.2,15.2,96.3%,KC,kansas_city_chiefs,2023,4,100.2,GEHA Field at Arrowhead Stadium,Outdoor,Grass,1020.0,1972.0,Kansas City,MO,39.049,-94.4839,Kansas City Chiefs
2027,Dorian Thompson-Robinson,19,36,52.8,121,3.4,0,3,4,4,24,0,0,1,4.2,4.2,0.8%,PHI,philadelphia_eagles,2023,4,56.02,Lincoln Financial Field,Outdoor,Grass,30.0,2003.0,Philadelphia,PA,39.9008,-75.1675,Philadelphia Eagles
2056,Jimmy Garoppolo,22,31,71.0,208,6.7,1,1,3,4,4,0,0,1,11.7,11.7,2.4%,LAR,los_angeles_rams,2023,5,95.53,Lincoln Financial Field,Outdoor,Grass,30.0,2003.0,Philadelphia,PA,39.9008,-75.1675,Los Angeles Rams
2040,Jalen Hurts,25,38,65.8,303,8.0,1,1,1,15,72,1,0,1,28.3,28.3,98.3%,PHI,philadelphia_eagles,2023,5,152.71,Lincoln Financial Field,Outdoor,Grass,30.0,2003.0,Philadelphia,PA,39.9008,-75.1675,Philadelphia Eagles
2044,Brock Purdy,17,24,70.8,252,10.5,4,0,1,0,0,0,0,1,26.1,26.1,89.9%,SF,san_francisco_49ers,2023,5,124.07,Levi's Stadium,Outdoor,Grass,13.0,2014.0,Santa Clara,CA,37.403,-121.9692,San Francisco 49ers
2042,Sam Howell,37,51,72.5,388,7.6,2,1,5,4,19,0,0,1,26.4,26.4,6.8%,MIN,minnesota_vikings,2023,5,181.3,GEHA Field at Arrowhead Stadium,Outdoor,Grass,1020.0,1972.0,Kansas City,MO,39.049,-94.4839,Minnesota Vikings
2041,Jared Goff,20,28,71.4,236,8.4,3,0,2,2,0,1,0,1,27.4,27.4,83.0%,DET,detroit_lions,2023,5,118.36,Ford Field,Indoor,Turf,600.0,2002.0,Detroit,MI,42.34,-83.0456,Detroit Lions
2039,Josh Allen,27,40,67.5,359,9.0,2,1,0,4,14,1,0,1,28.8,28.8,99.2%,BUF,buffalo_bills,2023,5,170.36,TIAA Bank Field,Outdoor,Grass,16.0,1995.0,Jacksonville,FL,30.3239,-81.6373,Buffalo Bills
2055,Kenny Pickett,18,32,56.3,224,7.0,1,0,3,6,-6,0,0,1,12.4,12.4,7.7%,CLE,cleveland_browns,2023,5,101.18,,,,,,,,,,Cleveland Browns
2038,Justin Fields,15,29,51.7,282,9.7,4,0,3,11,57,0,0,1,33.0,33.0,80.9%,NYJ,new_york_jets,2023,5,146.24,MetLife Stadium,Outdoor,Turf,3.0,2010.0,East Rutherford,NJ,40.8136,-74.0744,New York Jets
2047,Kirk Cousins,29,47,61.7,284,6.0,2,0,3,3,5,0,0,1,19.9,19.9,16.0%,ATL,atlanta_falcons,2023,5,132.73,Mercedes-Benz Stadium,Indoor,Turf,1050.0,2017.0,Atlanta,GA,33.755,-84.4008,Atlanta Falcons
2048,Patrick Mahomes Ii,31,41,75.6,281,6.9,2,0,2,0,0,0,0,1,19.2,19.2,96.3%,KC,kansas_city_chiefs,2023,5,130.92,GEHA Field at Arrowhead Stadium,Outdoor,Grass,1020.0,1972.0,Kansas City,MO,39.049,-94.4839,Kansas City Chiefs
2049,Tua Tagovailoa,22,30,73.3,308,10.3,2,2,1,2,6,0,0,1,18.9,18.9,48.2%,MIA,miami_dolphins,2023,5,141.69,Hard Rock Stadium,Outdoor,Grass,7.0,1987.0,Miami Gardens,FL,25.958,-80.238,Miami Dolphins
2050,Russell Wilson,20,31,64.5,196,6.3,2,0,4,7,49,0,1,1,18.7,18.7,23.4%,NYG,new_york_giants,2023,5,100.15,Hard Rock Stadium,Outdoor,Grass,7.0,1987.0,Miami Gardens,FL,25.958,-80.238,New York Giants
2051,Matthew Stafford,21,37,56.8,222,6.0,2,0,4,0,0,0,0,1,16.9,16.9,48.2%,LAR,los_angeles_rams,2023,5,104.53,Lincoln Financial Field,Outdoor,Grass,30.0,2003.0,Philadelphia,PA,39.9008,-75.1675,Los Angeles Rams
2052,Trevor Lawrence,25,37,67.6,315,8.5,1,0,5,7,31,0,2,1,15.7,15.7,49.3%,JAC,jacksonville_jaguars,2023,5,144.39,TIAA Bank Field,Outdoor,Grass,16.0,1995.0,Jacksonville,FL,30.3239,-81.6373,Jacksonville Jaguars
2070,Cooper Rush,2,2,100.0,8,4.0,0,0,1,1,-2,0,0,1,0.1,0.1,1.8%,BAL,baltimore_ravens,2023,5,4.07,Acrisure Stadium,Outdoor,Grass,730.0,2001.0,Pittsburgh,PA,40.4468,-80.0158,Baltimore Ravens
2045,Joe Burrow,36,46,78.3,317,6.9,3,1,3,4,7,0,0,1,24.4,24.4,98.2%,CIN,cincinnati_bengals,2023,5,150.36,Paycor Stadium,Outdoor,Turf,482.0,2000.0,Cincinnati,OH,39.0954,-84.516,Cincinnati Bengals
2054,C.J. Stroud,20,35,57.1,249,7.1,1,0,0,1,2,0,0,1,14.2,14.2,72.7%,HOU,houston_texans,2023,5,113.46,Mercedes-Benz Stadium,Indoor,Turf,1050.0,2017.0,Atlanta,GA,33.755,-84.4008,Houston Texans
2057,Lamar Jackson,22,38,57.9,236,6.2,0,1,4,6,45,0,1,1,10.9,10.9,98.8%,BAL,baltimore_ravens,2023,5,109.77,Acrisure Stadium,Outdoor,Grass,730.0,2001.0,Pittsburgh,PA,40.4468,-80.0158,Baltimore Ravens
2059,Joshua Dobbs,15,32,46.9,166,5.2,2,2,3,3,1,0,1,1,10.7,10.7,2.5%,NE,new_england_patriots,2023,5,76.83,Caesars Superdome,Indoor,Turf,3.0,1975.0,New Orleans,LA,29.9509,-90.0815,New England Patriots
2060,Zach Wilson,19,26,73.1,199,7.7,0,1,4,3,26,0,0,1,9.6,9.6,4.9%,MIA,miami_dolphins,2023,5,92.26,Hard Rock Stadium,Outdoor,Grass,7.0,1987.0,Miami Gardens,FL,25.958,-80.238,Miami Dolphins
2061,Jordan Love,16,30,53.3,182,6.1,0,3,2,2,37,0,0,1,8.0,8.0,73.1%,GB,green_bay_packers,2023,5,84.62,Allegiant Stadium,Indoor,Turf,2001.0,2020.0,Las Vegas,NV,36.0908,-115.183,Green Bay Packers
2062,Dak Prescott,14,24,58.3,153,6.4,1,3,3,1,2,0,0,1,7.3,7.3,77.0%,DAL,dallas_cowboys,2023,5,69.19,Levi's Stadium,Outdoor,Grass,13.0,2014.0,Santa Clara,CA,37.403,-121.9692,Dallas Cowboys
2063,Daniel Jones,14,20,70.0,119,6.0,0,0,6,4,24,0,0,1,7.2,7.2,20.7%,IND,indianapolis_colts,2023,5,57.64,Lucas Oil Stadium,Indoor,Turf,700.0,2008.0,Indianapolis,IN,39.7601,-86.1639,Indianapolis Colts
2064,Gardner Minshew Ii,11,14,78.6,155,11.1,0,0,0,2,1,0,0,1,6.3,6.3,3.1%,KC,kansas_city_chiefs,2023,5,69.83,GEHA Field at Arrowhead Stadium,Outdoor,Grass,1020.0,1972.0,Kansas City,MO,39.049,-94.4839,Kansas City Chiefs
2065,Tyrod Taylor,9,12,75.0,86,7.2,0,0,1,3,14,0,0,1,4.8,4.8,2.4%,NYJ,new_york_jets,2023,5,41.5,MetLife Stadium,Outdoor,Turf,3.0,2010.0,East Rutherford,NJ,40.8136,-74.0744,New York Jets
2066,Anthony Richardson Sr.,9,12,75.0,98,8.2,0,0,1,2,5,0,0,1,4.4,4.4,38.2%,IND,indianapolis_colts,2023,5,45.32,Lucas Oil Stadium,Indoor,Turf,700.0,2008.0,Indianapolis,IN,39.7601,-86.1639,Indianapolis Colts
2067,Bailey Zappe,3,9,33.3,22,2.4,0,0,0,0,0,0,0,1,0.9,0.9,1.1%,KC,kansas_city_chiefs,2023,5,10.21,GEHA Field at Arrowhead Stadium,Outdoor,Grass,1020.0,1972.0,Kansas City,MO,39.049,-94.4839,Kansas City Chiefs
2068,Mac Jones,12,22,54.5,110,5.0,0,2,2,1,0,0,1,1,0.4,0.4,4.0%,SF,san_francisco_49ers,2023,5,46.18,Levi's Stadium,Outdoor,Grass,13.0,2014.0,Santa Clara,CA,37.403,-121.9692,San Francisco 49ers
2069,Andy Dalton,0,0,0.0,0,0.0,0,0,0,1,1,0,0,1,0.1,0.1,1.7%,CAR,carolina_panthers,2023,5,0.17,Ford Field,Indoor,Turf,600.0,2002.0,Detroit,MI,42.34,-83.0456,Carolina Panthers
2046,Bryce Young,25,41,61.0,247,6.0,3,2,1,1,4,0,0,1,20.3,20.3,43.0%,CAR,carolina_panthers,2023,5,117.81,Ford Field,Indoor,Turf,600.0,2002.0,Detroit,MI,42.34,-83.0456,Carolina Panthers
2071,Sam Darnold,1,1,100.0,1,1.0,0,0,0,1,-1,0,0,1,-0.1,-0.1,36.3%,SEA,seattle_seahawks,2023,5,0.53,,,,,,,,,,Seattle Seahawks
2073,Jameis Winston,0,0,0.0,0,0.0,0,0,0,3,-4,0,0,1,-0.4,-0.4,8.9%,NYG,new_york_giants,2023,5,-0.68,Hard Rock Stadium,Outdoor,Grass,7.0,1987.0,Miami Gardens,FL,25.958,-80.238,New York Giants
2104,Malik Willis,4,5,80.0,74,14.8,0,0,4,3,17,0,0,1,4.7,4.7,3.3%,GB,green_bay_packers,2023,6,37.95,,,,,,,,,,Green Bay Packers
2087,Joe Burrow,24,35,68.6,185,5.3,2,1,3,2,4,0,0,1,14.8,14.8,98.2%,CIN,cincinnati_bengals,2023,6,88.72,Paycor Stadium,Outdoor,Turf,482.0,2000.0,Cincinnati,OH,39.0954,-84.516,Cincinnati Bengals
2107,Malik Cunningham,0,0,0.0,0,0.0,0,0,1,0,0,0,0,1,0.0,0.0,1.1%,BAL,baltimore_ravens,2023,6,0.0,M&T Bank Stadium,Outdoor,Grass,10.0,1998.0,Baltimore,MD,39.2779,-76.6227,Baltimore Ravens
2102,Justin Fields,6,10,60.0,58,5.8,0,1,4,8,46,0,0,1,5.9,5.9,80.9%,NYJ,new_york_jets,2023,6,33.59,MetLife Stadium,Outdoor,Turf,3.0,2010.0,East Rutherford,NJ,40.8136,-74.0744,New York Jets
2101,Tyson Bagent,10,14,71.4,83,5.9,0,1,1,2,4,1,1,1,6.7,6.7,1.1%,CHI,chicago_bears,2023,6,40.47,U.S. Bank Stadium,Indoor,Turf,840.0,2016.0,Minneapolis,MN,44.974,-93.2581,Chicago Bears
2100,Mac Jones,24,33,72.7,200,6.1,0,1,3,1,-1,0,0,1,6.9,6.9,4.0%,SF,san_francisco_49ers,2023,6,88.25,FirstEnergy Stadium,Outdoor,Grass,577.0,1999.0,Cleveland,OH,41.5061,-81.6995,San Francisco 49ers
2099,Baker Mayfield,19,37,51.4,206,5.6,0,1,1,2,6,0,0,1,7.8,7.8,94.5%,TB,tampa_bay_buccaneers,2023,6,91.38,Ford Field,Indoor,Turf,600.0,2002.0,Detroit,MI,42.34,-83.0456,Tampa Bay Buccaneers
2098,Kirk Cousins,21,31,67.7,181,5.8,1,0,2,2,-5,0,1,1,8.7,8.7,16.0%,ATL,atlanta_falcons,2023,6,81.45,FedExField,Outdoor,Grass,300.0,1997.0,Landover,MD,38.9078,-76.8645,Atlanta Falcons
2110,Mike White,0,1,0.0,0,0.0,0,1,0,3,-4,0,0,1,-1.4,-1.4,1.1%,BUF,buffalo_bills,2023,6,-1.48,Highmark Stadium,Outdoor,Grass,600.0,1973.0,Orchard Park,NY,42.7738,-78.7868,Buffalo Bills
2086,Josh Allen,19,30,63.3,169,5.6,2,1,0,2,11,0,0,1,14.9,14.9,99.2%,BUF,buffalo_bills,2023,6,82.65,Highmark Stadium,Outdoor,Grass,600.0,1973.0,Orchard Park,NY,42.7738,-78.7868,Buffalo Bills
2085,C.J. Stroud,13,27,48.1,199,7.4,2,1,2,3,2,0,0,1,15.2,15.2,72.7%,HOU,houston_texans,2023,6,93.72,NRG Stadium,Indoor,Turf,50.0,2002.0,Houston,TX,29.6847,-95.4107,Houston Texans
2084,Trevor Lawrence,20,30,66.7,181,6.0,2,1,3,3,15,0,0,1,15.7,15.7,49.3%,JAC,jacksonville_jaguars,2023,6,88.59,TIAA Bank Field,Outdoor,Grass,16.0,1995.0,Jacksonville,FL,30.3239,-81.6373,Jacksonville Jaguars
2082,Lamar Jackson,21,30,70.0,223,7.4,1,1,1,13,62,0,0,1,18.1,18.1,98.8%,BAL,baltimore_ravens,2023,6,111.85,M&T Bank Stadium,Outdoor,Grass,10.0,1998.0,Baltimore,MD,39.2779,-76.6227,Baltimore Ravens
2081,Patrick Mahomes Ii,30,40,75.0,306,7.7,1,1,2,6,31,0,0,1,18.3,18.3,96.3%,KC,kansas_city_chiefs,2023,6,143.05,GEHA Field at Arrowhead Stadium,Outdoor,Grass,1020.0,1972.0,Kansas City,MO,39.049,-94.4839,Kansas City Chiefs
2080,Sam Howell,14,23,60.9,151,6.6,3,0,5,4,3,0,0,1,18.3,18.3,6.8%,MIN,minnesota_vikings,2023,6,77.13,U.S. Bank Stadium,Indoor,Turf,840.0,2016.0,Minneapolis,MN,44.974,-93.2581,Minnesota Vikings
2079,Justin Herbert,22,37,59.5,227,6.1,2,1,1,6,20,0,0,1,19.1,19.1,87.6%,LAC,los_angeles_chargers,2023,6,110.09,AT&T Stadium,Indoor,Turf,639.0,2009.0,Arlington,TX,32.7473,-97.0945,Los Angeles Chargers
2077,Jared Goff,30,44,68.2,353,8.0,2,0,3,2,3,0,0,1,22.4,22.4,83.0%,DET,detroit_lions,2023,6,162.38,Ford Field,Indoor,Turf,600.0,2002.0,Detroit,MI,42.34,-83.0456,Detroit Lions
2076,Tua Tagovailoa,21,31,67.7,262,8.5,3,0,0,1,0,0,0,1,22.5,22.5,48.2%,MIA,miami_dolphins,2023,6,125.25,Hard Rock Stadium,Outdoor,Grass,7.0,1987.0,Miami Gardens,FL,25.958,-80.238,Miami Dolphins
2075,Jalen Hurts,28,45,62.2,280,6.2,1,3,2,8,47,1,0,1,22.9,22.9,98.3%,PHI,philadelphia_eagles,2023,6,136.97,MetLife Stadium,Outdoor,Turf,3.0,2010.0,East Rutherford,NJ,40.8136,-74.0744,Philadelphia Eagles
2074,Dak Prescott,21,30,70.0,272,9.1,1,0,5,7,40,1,0,1,24.9,24.9,77.0%,DAL,dallas_cowboys,2023,6,134.65,AT&T Stadium,Indoor,Turf,639.0,2009.0,Arlington,TX,32.7473,-97.0945,Dallas Cowboys
2108,Chris Oladokun,0,0,0.0,0,0.0,0,0,0,0,0,0,0,1,0.0,0.0,0.0%,KC,kansas_city_chiefs,2023,6,0.0,GEHA Field at Arrowhead Stadium,Outdoor,Grass,1020.0,1972.0,Kansas City,MO,39.049,-94.4839,Kansas City Chiefs
2097,Brock Purdy,12,27,44.4,125,4.6,1,1,3,3,7,0,0,1,8.7,8.7,89.9%,SF,san_francisco_49ers,2023,6,59.11,FirstEnergy Stadium,Outdoor,Grass,577.0,1999.0,Cleveland,OH,41.5061,-81.6995,San Francisco 49ers
2096,Russell Wilson,13,22,59.1,95,4.3,1,2,4,4,31,0,0,1,8.9,8.9,23.4%,NYG,new_york_giants,2023,6,49.59,Highmark Stadium,Outdoor,Grass,600.0,1973.0,Orchard Park,NY,42.7738,-78.7868,New York Giants
2095,Jimmy Garoppolo,14,22,63.6,162,7.4,1,1,0,2,4,0,0,1,9.9,9.9,2.4%,LAR,los_angeles_rams,2023,6,75.21,SoFi Stadium,Outdoor,Turf,100.0,2020.0,Inglewood,CA,33.9535,-118.3392,Los Angeles Rams
2094,Tyrod Taylor,24,36,66.7,200,5.6,0,0,3,5,24,0,0,1,10.4,10.4,2.4%,NYJ,new_york_jets,2023,6,93.2,MetLife Stadium,Outdoor,Turf,3.0,2010.0,East Rutherford,NJ,40.8136,-74.0744,New York Jets
2093,Zach Wilson,19,33,57.6,186,5.6,0,0,5,4,15,0,0,1,10.9,10.9,4.9%,MIA,miami_dolphins,2023,6,86.55,Hard Rock Stadium,Outdoor,Grass,7.0,1987.0,Miami Gardens,FL,25.958,-80.238,Miami Dolphins
2092,Joshua Dobbs,21,41,51.2,235,5.7,0,1,2,7,47,0,1,1,11.1,11.1,2.5%,NE,new_england_patriots,2023,6,109.51,Allegiant Stadium,Indoor,Turf,2001.0,2020.0,Las Vegas,NV,36.0908,-115.183,New England Patriots
2091,Gardner Minshew Ii,33,55,60.0,329,6.0,1,3,3,2,4,0,1,1,12.6,12.6,3.1%,KC,kansas_city_chiefs,2023,6,145.22,GEHA Field at Arrowhead Stadium,Outdoor,Grass,1020.0,1972.0,Kansas City,MO,39.049,-94.4839,Kansas City Chiefs
2090,Bryce Young,23,38,60.5,217,5.7,1,0,4,0,0,0,0,1,12.7,12.7,43.0%,CAR,carolina_panthers,2023,6,99.43,Hard Rock Stadium,Outdoor,Grass,7.0,1987.0,Miami Gardens,FL,25.958,-80.238,Carolina Panthers
2089,Geno Smith,27,41,65.9,326,8.0,0,2,4,4,20,0,0,1,13.0,13.0,36.9%,LV,las_vegas_raiders,2023,6,145.6,Allegiant Stadium,Indoor,Turf,2001.0,2020.0,Las Vegas,NV,36.0908,-115.183,Las Vegas Raiders
2088,Matthew Stafford,15,24,62.5,226,9.4,1,0,3,1,2,0,0,1,13.2,13.2,48.2%,LAR,los_angeles_rams,2023,6,103.52,SoFi Stadium,Outdoor,Turf,100.0,2020.0,Inglewood,CA,33.9535,-118.3392,Los Angeles Rams
2114,Josh Allen,27,41,65.9,265,6.5,2,1,1,7,17,1,1,1,25.3,25.3,99.2%,BUF,buffalo_bills,2023,7,130.01,Gillette Stadium,Outdoor,Turf,289.0,2002.0,Foxborough,MA,42.0909,-71.2643,Buffalo Bills
2132,Tua Tagovailoa,23,32,71.9,216,6.8,1,1,3,1,-3,0,0,1,11.3,11.3,48.2%,MIA,miami_dolphins,2023,7,97.87,Lincoln Financial Field,Outdoor,Grass,30.0,2003.0,Philadelphia,PA,39.9008,-75.1675,Miami Dolphins
2131,Justin Herbert,17,30,56.7,259,8.6,1,2,5,2,5,0,0,1,12.9,12.9,87.6%,LAC,los_angeles_chargers,2023,7,116.65,GEHA Field at Arrowhead Stadium,Outdoor,Grass,1020.0,1972.0,Kansas City,MO,39.049,-94.4839,Los Angeles Chargers
2130,Tyson Bagent,21,29,72.4,162,5.6,1,0,1,3,24,0,0,1,12.9,12.9,1.1%,CHI,chicago_bears,2023,7,79.75,Soldier Field,Outdoor,Grass,595.0,1924.0,Chicago,IL,41.8623,-87.6167,Chicago Bears
2128,Russell Wilson,20,29,69.0,194,6.7,1,0,1,1,21,0,0,1,13.9,13.9,23.4%,NYG,new_york_giants,2023,7,93.07,MetLife Stadium,Outdoor,Turf,3.0,2010.0,East Rutherford,NJ,40.8136,-74.0744,New York Giants
2127,Brock Purdy,21,30,70.0,272,9.1,1,2,1,5,19,0,0,1,14.8,14.8,89.9%,SF,san_francisco_49ers,2023,7,125.08,U.S. Bank Stadium,Indoor,Turf,840.0,2016.0,Minneapolis,MN,44.974,-93.2581,San Francisco 49ers
2126,Geno Smith,18,24,75.0,219,9.1,2,1,2,6,10,0,1,1,14.8,14.8,36.9%,LV,las_vegas_raiders,2023,7,102.98,Soldier Field,Outdoor,Grass,595.0,1924.0,Chicago,IL,41.8623,-87.6167,Las Vegas Raiders
2125,Matthew Stafford,14,29,48.3,231,8.0,1,1,2,1,8,0,0,1,15.0,15.0,48.2%,LAR,los_angeles_rams,2023,7,106.9,Acrisure Stadium,Outdoor,Grass,730.0,2001.0,Pittsburgh,PA,40.4468,-80.0158,Los Angeles Rams
2124,Kenny Pickett,17,25,68.0,230,9.2,0,0,2,8,0,1,0,1,15.2,15.2,7.7%,CLE,cleveland_browns,2023,7,106.38,FirstEnergy Stadium,Outdoor,Grass,577.0,1999.0,Cleveland,OH,41.5061,-81.6995,Cleveland Browns
2123,Joshua Dobbs,19,33,57.6,146,4.4,0,0,4,7,43,1,0,1,16.1,16.1,2.5%,NE,new_england_patriots,2023,7,76.95,Gillette Stadium,Outdoor,Turf,289.0,2002.0,Foxborough,MA,42.0909,-71.2643,New England Patriots
2122,Jordan Love,21,31,67.7,180,5.8,2,1,0,3,21,0,0,1,16.3,16.3,73.1%,GB,green_bay_packers,2023,7,89.27,Empower Field at Mile High,Outdoor,Turf,5280.0,2001.0,Denver,CO,39.7439,-105.0201,Green Bay Packers
2121,Baker Mayfield,27,42,64.3,275,6.5,1,1,3,3,32,0,0,1,17.2,17.2,94.5%,TB,tampa_bay_buccaneers,2023,7,129.44,Mercedes-Benz Stadium,Indoor,Turf,1050.0,2017.0,Atlanta,GA,33.755,-84.4008,Tampa Bay Buccaneers
2120,Trevor Lawrence,20,29,69.0,204,7.0,1,0,0,8,59,0,0,1,18.1,18.1,49.3%,JAC,jacksonville_jaguars,2023,7,103.87,TIAA Bank Field,Outdoor,Grass,16.0,1995.0,Jacksonville,FL,30.3239,-81.6373,Jacksonville Jaguars
2118,Mac Jones,25,30,83.3,272,9.1,2,0,1,3,11,0,0,1,20.0,20.0,4.0%,SF,san_francisco_49ers,2023,7,128.82,U.S. Bank Stadium,Indoor,Turf,840.0,2016.0,Minneapolis,MN,44.974,-93.2581,San Francisco 49ers
2117,Tyrod Taylor,18,29,62.1,279,9.6,2,0,4,8,25,0,0,1,21.7,21.7,2.4%,NYJ,new_york_jets,2023,7,133.61,,,,,,,,,,New York Jets
2116,Kirk Cousins,35,45,77.8,378,8.4,2,1,0,2,-1,0,0,1,22.0,22.0,16.0%,ATL,atlanta_falcons,2023,7,172.18,Mercedes-Benz Stadium,Indoor,Turf,1050.0,2017.0,Atlanta,GA,33.755,-84.4008,Atlanta Falcons
2115,Jalen Hurts,23,31,74.2,279,9.0,2,1,3,11,21,1,1,1,24.3,24.3,98.3%,PHI,philadelphia_eagles,2023,7,135.41,Lincoln Financial Field,Outdoor,Grass,30.0,2003.0,Philadelphia,PA,39.9008,-75.1675,Philadelphia Eagles
2113,Gardner Minshew Ii,15,23,65.2,305,13.3,2,1,4,3,29,2,3,1,28.1,28.1,3.1%,KC,kansas_city_chiefs,2023,7,149.33,GEHA Field at Arrowhead Stadium,Outdoor,Grass,1020.0,1972.0,Kansas City,MO,39.049,-94.4839,Kansas City Chiefs
2112,Lamar Jackson,21,27,77.8,357,13.2,3,0,0,9,36,1,1,1,33.9,33.9,98.8%,BAL,baltimore_ravens,2023,7,175.87,M&T Bank Stadium,Outdoor,Grass,10.0,1998.0,Baltimore,MD,39.2779,-76.6227,Baltimore Ravens
2111,Patrick Mahomes Ii,32,42,76.2,424,10.1,4,1,1,4,29,0,0,1,34.9,34.9,96.3%,KC,kansas_city_chiefs,2023,7,203.25,GEHA Field at Arrowhead Stadium,Outdoor,Grass,1020.0,1972.0,Kansas City,MO,39.049,-94.4839,Kansas City Chiefs
2133,Sam Howell,22,42,52.4,249,5.9,0,1,6,2,15,0,0,1,10.5,10.5,6.8%,MIN,minnesota_vikings,2023,7,111.73,U.S. Bank Stadium,Indoor,Turf,840.0,2016.0,Minneapolis,MN,44.974,-93.2581,Minnesota Vikings
2134,Jared Goff,33,53,62.3,284,5.4,0,1,5,0,0,0,0,1,10.4,10.4,83.0%,DET,detroit_lions,2023,7,125.16,M&T Bank Stadium,Outdoor,Grass,10.0,1998.0,Baltimore,MD,39.2779,-76.6227,Detroit Lions
2136,Aidan O'Connell,10,13,76.9,75,5.8,1,1,0,0,0,0,0,1,6.0,6.0,4.5%,LV,las_vegas_raiders,2023,7,36.56,Soldier Field,Outdoor,Grass,595.0,1924.0,Chicago,IL,41.8623,-87.6167,Las Vegas Raiders
2138,Clayton Tune,1,1,100.0,4,4.0,0,0,0,0,0,0,0,1,0.2,0.2,1.1%,ARI,arizona_cardinals,2023,7,2.64,Lumen Field,Outdoor,Turf,20.0,2002.0,Seattle,WA,47.5952,-122.3316,Arizona Cardinals
2139,Tommy Devito,0,0,0.0,0,0.0,0,0,0,0,0,0,0,1,0.0,0.0,0.6%,NYG,new_york_giants,2023,7,0.0,MetLife Stadium,Outdoor,Turf,3.0,2010.0,East Rutherford,NJ,40.8136,-74.0744,New York Giants
2142,Deshaun Watson,1,5,20.0,5,1.0,0,1,0,0,0,0,0,1,-0.8,-0.8,7.5%,CLE,cleveland_browns,2023,7,1.64,FirstEnergy Stadium,Outdoor,Grass,577.0,1999.0,Cleveland,OH,41.5061,-81.6995,Cleveland Browns
2148,Will Levis,19,29,65.5,238,8.2,4,0,2,7,11,0,0,1,26.6,26.6,6.8%,TEN,tennessee_titans,2023,8,119.66,Nissan Stadium,Outdoor,Grass,476.0,1999.0,Nashville,TN,36.1665,-86.7713,Tennessee Titans
2163,Mac Jones,19,29,65.5,161,5.6,2,1,3,1,-2,0,0,1,13.2,13.2,4.0%,SF,san_francisco_49ers,2023,8,76.96,Paycor Stadium,Outdoor,Turf,482.0,2000.0,Cincinnati,OH,39.0954,-84.516,San Francisco 49ers
2144,Josh Allen,31,40,77.5,324,8.1,2,1,2,7,41,1,0,1,30.1,30.1,99.2%,BUF,buffalo_bills,2023,8,160.19,Highmark Stadium,Outdoor,Grass,600.0,1973.0,Orchard Park,NY,42.7738,-78.7868,Buffalo Bills
2145,Dak Prescott,25,31,80.6,304,9.8,4,1,3,4,19,0,0,1,29.1,29.1,77.0%,DAL,dallas_cowboys,2023,8,149.43,AT&T Stadium,Indoor,Turf,639.0,2009.0,Arlington,TX,32.7473,-97.0945,Dallas Cowboys
2146,Joe Burrow,28,32,87.5,283,8.8,3,0,3,6,43,0,0,1,27.6,27.6,98.2%,CIN,cincinnati_bengals,2023,8,142.28,Paycor Stadium,Outdoor,Turf,482.0,2000.0,Cincinnati,OH,39.0954,-84.516,Cincinnati Bengals
2147,Jalen Hurts,29,38,76.3,319,8.4,4,0,2,4,6,0,1,1,27.4,27.4,98.3%,PHI,philadelphia_eagles,2023,8,153.06,Lincoln Financial Field,Outdoor,Grass,30.0,2003.0,Philadelphia,PA,39.9008,-75.1675,Philadelphia Eagles
2149,Joshua Dobbs,25,37,67.6,208,5.6,2,2,2,6,26,1,0,1,24.9,24.9,2.5%,NE,new_england_patriots,2023,8,107.45,Hard Rock Stadium,Outdoor,Grass,7.0,1987.0,Miami Gardens,FL,25.958,-80.238,New England Patriots
2150,Justin Herbert,31,40,77.5,298,7.5,3,0,0,1,1,0,0,1,24.0,24.0,87.6%,LAC,los_angeles_chargers,2023,8,141.6,SoFi Stadium,Outdoor,Turf,100.0,2020.0,Inglewood,CA,33.9535,-118.3392,Los Angeles Chargers
2151,Tua Tagovailoa,30,45,66.7,324,7.2,3,1,2,6,8,0,1,1,22.8,22.8,48.2%,MIA,miami_dolphins,2023,8,151.5,Hard Rock Stadium,Outdoor,Grass,7.0,1987.0,Miami Gardens,FL,25.958,-80.238,Miami Dolphins
2152,Baker Mayfield,25,42,59.5,237,5.6,2,0,3,3,19,0,0,1,21.4,21.4,94.5%,TB,tampa_bay_buccaneers,2023,8,115.9,Highmark Stadium,Outdoor,Grass,600.0,1973.0,Orchard Park,NY,42.7738,-78.7868,Tampa Bay Buccaneers
2153,Brock Purdy,22,31,71.0,365,11.8,1,2,2,6,57,0,1,1,20.3,20.3,89.9%,SF,san_francisco_49ers,2023,8,170.47,Paycor Stadium,Outdoor,Turf,482.0,2000.0,Cincinnati,OH,39.0954,-84.516,San Francisco 49ers
2154,Kirk Cousins,23,31,74.2,274,8.8,2,0,2,2,9,0,0,1,19.9,19.9,16.0%,ATL,atlanta_falcons,2023,8,129.09,Nissan Stadium,Outdoor,Grass,476.0,1999.0,Nashville,TN,36.1665,-86.7713,Atlanta Falcons
2156,Russell Wilson,12,19,63.2,114,6.0,3,0,6,8,30,0,1,1,17.6,17.6,23.4%,NYG,new_york_giants,2023,8,64.12,MetLife Stadium,Outdoor,Turf,3.0,2010.0,East Rutherford,NJ,40.8136,-74.0744,New York Giants
2157,Geno Smith,23,37,62.2,254,6.9,2,2,1,2,-3,0,0,1,15.9,15.9,36.9%,LV,las_vegas_raiders,2023,8,116.51,Ford Field,Indoor,Turf,600.0,2002.0,Detroit,MI,42.34,-83.0456,Las Vegas Raiders
2158,Gardner Minshew Ii,23,41,56.1,213,5.2,2,1,2,1,3,0,0,1,15.8,15.8,3.1%,KC,kansas_city_chiefs,2023,8,100.4,Empower Field at Mile High,Outdoor,Turf,5280.0,2001.0,Denver,CO,39.7439,-105.0201,Kansas City Chiefs
2159,Trevor Lawrence,24,32,75.0,292,9.1,1,1,3,1,10,0,0,1,15.7,15.7,49.3%,JAC,jacksonville_jaguars,2023,8,133.21,TIAA Bank Field,Outdoor,Grass,16.0,1995.0,Jacksonville,FL,30.3239,-81.6373,Jacksonville Jaguars
2160,Jordan Love,24,41,58.5,229,5.6,1,1,4,4,34,0,0,1,15.6,15.6,73.1%,GB,green_bay_packers,2023,8,109.64,U.S. Bank Stadium,Indoor,Turf,840.0,2016.0,Minneapolis,MN,44.974,-93.2581,Green Bay Packers
2161,Bryce Young,22,31,71.0,235,7.6,1,0,6,4,11,0,0,1,14.5,14.5,43.0%,CAR,carolina_panthers,2023,8,109.27,Bank of America Stadium,Outdoor,Grass,748.0,1996.0,Charlotte,NC,35.2258,-80.8528,Carolina Panthers
2162,Jared Goff,26,37,70.3,272,7.4,1,1,0,2,-2,0,0,1,13.7,13.7,83.0%,DET,detroit_lions,2023,8,122.47,Ford Field,Indoor,Turf,600.0,2002.0,Detroit,MI,42.34,-83.0456,Detroit Lions
2143,Sam Howell,39,52,75.0,397,7.6,4,1,1,3,11,0,0,1,32.0,32.0,6.8%,MIN,minnesota_vikings,2023,8,188.82,U.S. Bank Stadium,Indoor,Turf,840.0,2016.0,Minneapolis,MN,44.974,-93.2581,Minnesota Vikings
2164,Tyson Bagent,25,37,67.6,232,6.3,0,2,1,4,-1,1,0,1,13.2,13.2,1.1%,CHI,chicago_bears,2023,8,105.7,SoFi Stadium,Outdoor,Turf,100.0,2020.0,Inglewood,CA,33.9535,-118.3392,Chicago Bears
2165,C.J. Stroud,16,24,66.7,140,5.8,0,0,2,2,13,1,0,1,12.9,12.9,72.7%,HOU,houston_texans,2023,8,69.29,Bank of America Stadium,Outdoor,Grass,748.0,1996.0,Charlotte,NC,35.2258,-80.8528,Houston Texans
2167,Matthew Stafford,13,22,59.1,162,7.4,1,1,1,1,9,0,0,1,12.4,12.4,48.2%,LAR,los_angeles_rams,2023,8,77.36,AT&T Stadium,Indoor,Turf,639.0,2009.0,Arlington,TX,32.7473,-97.0945,Los Angeles Rams
2168,Taylor Heinicke,12,21,57.1,175,8.3,1,0,1,2,14,0,0,1,12.4,12.4,0.6%,LAC,los_angeles_chargers,2023,8,83.24,SoFi Stadium,Outdoor,Turf,100.0,2020.0,Inglewood,CA,33.9535,-118.3392,Los Angeles Chargers
2169,Zach Wilson,17,36,47.2,240,6.7,1,0,4,4,25,0,2,1,12.1,12.1,4.9%,MIA,miami_dolphins,2023,8,110.11,Hard Rock Stadium,Outdoor,Grass,7.0,1987.0,Miami Gardens,FL,25.958,-80.238,Miami Dolphins
2170,Lamar Jackson,18,27,66.7,157,5.8,1,0,4,5,17,0,0,1,12.0,12.0,98.8%,BAL,baltimore_ravens,2023,8,76.16,M&T Bank Stadium,Outdoor,Grass,10.0,1998.0,Baltimore,MD,39.2779,-76.6227,Baltimore Ravens
2171,Mitchell Trubisky,15,27,55.6,138,5.1,1,2,2,3,18,0,0,1,9.3,9.3,1.3%,BUF,buffalo_bills,2023,8,66.13,Highmark Stadium,Outdoor,Grass,600.0,1973.0,Orchard Park,NY,42.7738,-78.7868,Buffalo Bills
2172,Patrick Mahomes Ii,24,38,63.2,240,6.3,0,2,3,3,20,0,1,1,7.6,7.6,96.3%,KC,kansas_city_chiefs,2023,8,106.68,Empower Field at Mile High,Outdoor,Turf,5280.0,2001.0,Denver,CO,39.7439,-105.0201,Kansas City Chiefs
2173,Tommy Devito,2,7,28.6,-1,-0.1,0,0,2,4,12,1,0,1,7.2,7.2,0.6%,NYG,new_york_giants,2023,8,6.22,MetLife Stadium,Outdoor,Turf,3.0,2010.0,East Rutherford,NJ,40.8136,-74.0744,New York Giants
2174,Jimmy Garoppolo,10,21,47.6,126,6.0,0,1,6,2,12,0,0,1,5.2,5.2,2.4%,LAR,los_angeles_rams,2023,8,57.34,AT&T Stadium,Indoor,Turf,639.0,2009.0,Arlington,TX,32.7473,-97.0945,Los Angeles Rams
2175,Kenny Pickett,10,16,62.5,73,4.6,0,0,1,1,10,0,0,1,3.9,3.9,7.7%,CLE,cleveland_browns,2023,8,34.85,Lumen Field,Outdoor,Turf,20.0,2002.0,Seattle,WA,47.5952,-122.3316,Cleveland Browns
2176,Tyrod Taylor,4,7,57.1,8,1.1,0,0,2,5,33,0,0,1,3.6,3.6,2.4%,NYJ,new_york_jets,2023,8,9.64,MetLife Stadium,Outdoor,Turf,3.0,2010.0,East Rutherford,NJ,40.8136,-74.0744,New York Jets
2178,Brett Rypien,5,10,50.0,42,4.2,0,0,1,0,0,0,0,1,1.7,1.7,0.1%,MIN,minnesota_vikings,2023,8,19.33,U.S. Bank Stadium,Indoor,Turf,840.0,2016.0,Minneapolis,MN,44.974,-93.2581,Minnesota Vikings
2183,Malik Willis,0,0,0.0,0,0.0,0,0,0,2,4,0,1,1,-1.6,-1.6,3.3%,GB,green_bay_packers,2023,8,-0.82,U.S. Bank Stadium,Indoor,Turf,840.0,2016.0,Minneapolis,MN,44.974,-93.2581,Green Bay Packers
2179,Dorian Thompson-Robinson,1,1,100.0,9,9.0,0,0,0,0,0,0,0,1,0.4,0.4,0.8%,PHI,philadelphia_eagles,2023,8,5.78,Lincoln Financial Field,Outdoor,Grass,30.0,2003.0,Philadelphia,PA,39.9008,-75.1675,Philadelphia Eagles
2180,Chris Oladokun,0,0,0.0,0,0.0,0,0,0,0,0,0,0,1,0.0,0.0,0.0%,KC,kansas_city_chiefs,2023,8,0.0,Empower Field at Mile High,Outdoor,Turf,5280.0,2001.0,Denver,CO,39.7439,-105.0201,Kansas City Chiefs
2181,Cooper Rush,2,3,66.7,3,1.0,0,0,0,3,-3,0,0,1,-0.2,-0.2,1.8%,BAL,baltimore_ravens,2023,8,1.16,M&T Bank Stadium,Outdoor,Grass,10.0,1998.0,Baltimore,MD,39.2779,-76.6227,Baltimore Ravens
2201,Lamar Jackson,21,26,80.8,187,7.2,0,0,1,10,60,0,1,1,11.5,11.5,98.8%,BAL,baltimore_ravens,2023,9,92.29,M&T Bank Stadium,Outdoor,Grass,10.0,1998.0,Baltimore,MD,39.2779,-76.6227,Baltimore Ravens
2184,C.J. Stroud,30,42,71.4,470,11.2,5,0,3,0,10,0,0,1,41.8,41.8,72.7%,HOU,houston_texans,2023,9,225.0,NRG Stadium,Indoor,Turf,50.0,2002.0,Houston,TX,29.6847,-95.4107,Houston Texans
2185,Dak Prescott,29,44,65.9,374,8.5,3,0,5,6,14,0,0,1,28.4,28.4,77.0%,DAL,dallas_cowboys,2023,9,176.38,Lincoln Financial Field,Outdoor,Grass,30.0,2003.0,Philadelphia,PA,39.9008,-75.1675,Dallas Cowboys
2186,Jalen Hurts,17,23,73.9,207,9.0,2,0,3,10,36,1,0,1,25.9,25.9,98.3%,PHI,philadelphia_eagles,2023,9,108.83,Lincoln Financial Field,Outdoor,Grass,30.0,2003.0,Philadelphia,PA,39.9008,-75.1675,Philadelphia Eagles
2187,Josh Allen,26,38,68.4,258,6.8,1,1,1,8,44,1,0,1,25.7,25.7,99.2%,BUF,buffalo_bills,2023,9,129.95,Paycor Stadium,Outdoor,Turf,482.0,2000.0,Cincinnati,OH,39.0954,-84.516,Buffalo Bills
2188,Joshua Dobbs,20,30,66.7,158,5.3,2,0,3,7,66,1,2,1,24.9,24.9,2.5%,NE,new_england_patriots,2023,9,90.89,FedExField,Outdoor,Grass,300.0,1997.0,Landover,MD,38.9078,-76.8645,New England Patriots
2189,Joe Burrow,31,44,70.5,348,7.9,2,0,1,5,4,0,0,1,22.3,22.3,98.2%,CIN,cincinnati_bengals,2023,9,160.49,Paycor Stadium,Outdoor,Turf,482.0,2000.0,Cincinnati,OH,39.0954,-84.516,Cincinnati Bengals
2190,Deshaun Watson,19,30,63.3,219,7.3,2,0,1,3,22,0,0,1,19.0,19.0,7.5%,CLE,cleveland_browns,2023,9,107.06,FirstEnergy Stadium,Outdoor,Grass,577.0,1999.0,Cleveland,OH,41.5061,-81.6995,Cleveland Browns
2191,Baker Mayfield,21,30,70.0,265,8.8,2,0,2,4,4,0,0,1,19.0,19.0,94.5%,TB,tampa_bay_buccaneers,2023,9,124.16,NRG Stadium,Indoor,Turf,50.0,2002.0,Houston,TX,29.6847,-95.4107,Tampa Bay Buccaneers
2192,Tyson Bagent,18,30,60.0,220,7.3,2,3,2,8,70,0,1,1,18.8,18.8,1.1%,CHI,chicago_bears,2023,9,111.62,Caesars Superdome,Indoor,Turf,3.0,1975.0,New Orleans,LA,29.9509,-90.0815,Chicago Bears
2193,Sam Howell,29,45,64.4,325,7.2,1,1,3,5,27,0,0,1,18.7,18.7,6.8%,MIN,minnesota_vikings,2023,9,150.33,U.S. Bank Stadium,Indoor,Turf,840.0,2016.0,Minneapolis,MN,44.974,-93.2581,Minnesota Vikings
2195,Patrick Mahomes Ii,20,30,66.7,185,6.2,2,0,2,6,24,0,1,1,15.8,15.8,96.3%,KC,kansas_city_chiefs,2023,9,91.2,GEHA Field at Arrowhead Stadium,Outdoor,Grass,1020.0,1972.0,Kansas City,MO,39.049,-94.4839,Kansas City Chiefs
2196,Taylor Heinicke,21,38,55.3,268,7.1,1,1,1,3,20,0,0,1,15.7,15.7,0.6%,LAC,los_angeles_chargers,2023,9,123.91,SoFi Stadium,Outdoor,Turf,100.0,2020.0,Inglewood,CA,33.9535,-118.3392,Los Angeles Chargers
2197,Jordan Love,20,26,76.9,228,8.8,1,0,4,4,7,0,0,1,13.8,13.8,73.1%,GB,green_bay_packers,2023,9,105.62,Lambeau Field,Outdoor,Grass,640.0,1957.0,Green Bay,WI,44.5013,-88.0622,Green Bay Packers
2198,Tua Tagovailoa,21,34,61.8,193,5.7,1,0,3,2,7,0,0,1,12.4,12.4,48.2%,MIA,miami_dolphins,2023,9,90.12,GEHA Field at Arrowhead Stadium,Outdoor,Grass,1020.0,1972.0,Kansas City,MO,39.049,-94.4839,Miami Dolphins
2199,Mac Jones,24,44,54.5,220,5.0,1,1,0,3,3,0,0,1,12.1,12.1,4.0%,SF,san_francisco_49ers,2023,9,100.37,,,,,,,,,,San Francisco 49ers
2200,Bryce Young,24,39,61.5,173,4.4,1,3,4,5,41,0,0,1,12.0,12.0,43.0%,CAR,carolina_panthers,2023,9,84.98,Lucas Oil Stadium,Indoor,Turf,700.0,2008.0,Indianapolis,IN,39.7601,-86.1639,Carolina Panthers
2202,Tommy Devito,15,20,75.0,175,8.8,1,2,6,4,17,0,0,1,10.7,10.7,0.6%,NYG,new_york_giants,2023,9,82.55,Allegiant Stadium,Indoor,Turf,2001.0,2020.0,Las Vegas,NV,36.0908,-115.183,New York Giants
2203,Kenny Pickett,19,30,63.3,160,5.3,1,0,0,1,-1,0,0,1,10.3,10.3,7.7%,CLE,cleveland_browns,2023,9,74.37,FirstEnergy Stadium,Outdoor,Grass,577.0,1999.0,Cleveland,OH,41.5061,-81.6995,Cleveland Browns
2204,Will Levis,22,39,56.4,262,6.7,0,1,4,1,2,0,0,1,9.7,9.7,6.8%,TEN,tennessee_titans,2023,9,115.23,Acrisure Stadium,Outdoor,Grass,730.0,2001.0,Pittsburgh,PA,40.4468,-80.0158,Tennessee Titans
2205,Gardner Minshew Ii,17,26,65.4,127,4.9,1,0,1,5,5,0,0,1,9.6,9.6,3.1%,KC,kansas_city_chiefs,2023,9,61.0,GEHA Field at Arrowhead Stadium,Outdoor,Grass,1020.0,1972.0,Kansas City,MO,39.049,-94.4839,Kansas City Chiefs
2206,Aidan O'Connell,16,25,64.0,209,8.4,0,0,0,0,0,0,0,1,8.4,8.4,4.5%,LV,las_vegas_raiders,2023,9,92.76,Allegiant Stadium,Indoor,Turf,2001.0,2020.0,Las Vegas,NV,36.0908,-115.183,Las Vegas Raiders
2207,Zach Wilson,33,49,67.3,263,5.4,0,0,8,2,7,0,2,1,7.2,7.2,4.9%,MIA,miami_dolphins,2023,9,115.12,GEHA Field at Arrowhead Stadium,Outdoor,Grass,1020.0,1972.0,Kansas City,MO,39.049,-94.4839,Miami Dolphins
2208,Justin Herbert,16,30,53.3,136,4.5,0,0,5,3,17,0,0,1,7.1,7.1,87.6%,LAC,los_angeles_chargers,2023,9,63.57,SoFi Stadium,Outdoor,Turf,100.0,2020.0,Inglewood,CA,33.9535,-118.3392,Los Angeles Chargers
2211,Brett Rypien,13,28,46.4,130,4.6,0,1,1,3,19,0,1,1,4.1,4.1,0.1%,MIN,minnesota_vikings,2023,9,58.79,U.S. Bank Stadium,Indoor,Turf,840.0,2016.0,Minneapolis,MN,44.974,-93.2581,Minnesota Vikings
2212,Geno Smith,13,28,46.4,157,5.6,0,1,4,2,4,0,1,1,3.7,3.7,36.9%,LV,las_vegas_raiders,2023,9,68.01,Allegiant Stadium,Indoor,Turf,2001.0,2020.0,Las Vegas,NV,36.0908,-115.183,Las Vegas Raiders
2213,Daniel Jones,4,9,44.4,25,2.8,0,0,2,2,9,0,0,1,1.9,1.9,20.7%,IND,indianapolis_colts,2023,9,13.19,Lucas Oil Stadium,Indoor,Turf,700.0,2008.0,Indianapolis,IN,39.7601,-86.1639,Indianapolis Colts
2214,Clayton Tune,11,20,55.0,58,2.9,0,2,7,5,28,0,1,1,1.1,1.1,1.1%,ARI,arizona_cardinals,2023,9,28.15,FirstEnergy Stadium,Outdoor,Grass,577.0,1999.0,Cleveland,OH,41.5061,-81.6995,Arizona Cardinals
2252,Sam Darnold,1,2,50.0,6,3.0,0,0,0,3,-3,0,0,1,-0.1,-0.1,36.3%,SEA,seattle_seahawks,2023,10,2.73,Lumen Field,Outdoor,Turf,20.0,2002.0,Seattle,WA,47.5952,-122.3316,Seattle Seahawks
2216,Dak Prescott,26,35,74.3,404,11.5,4,1,0,2,17,1,0,1,38.9,38.9,77.0%,DAL,dallas_cowboys,2023,10,196.73,AT&T Stadium,Indoor,Turf,639.0,2009.0,Arlington,TX,32.7473,-97.0945,Dallas Cowboys
2217,Justin Herbert,27,40,67.5,323,8.1,4,1,0,4,15,0,0,1,29.4,29.4,87.6%,LAC,los_angeles_chargers,2023,10,156.7,Ford Field,Indoor,Turf,600.0,2002.0,Detroit,MI,42.34,-83.0456,Los Angeles Chargers
2218,Joshua Dobbs,23,34,67.6,268,7.9,1,0,1,8,44,1,0,1,25.1,25.1,2.5%,NE,new_england_patriots,2023,10,133.55,Lucas Oil Stadium,Indoor,Turf,700.0,2008.0,Indianapolis,IN,39.7601,-86.1639,New England Patriots
2219,Sam Howell,29,44,65.9,312,7.1,3,0,3,2,17,0,1,1,24.2,24.2,6.8%,MIN,minnesota_vikings,2023,10,148.56,U.S. Bank Stadium,Indoor,Turf,840.0,2016.0,Minneapolis,MN,44.974,-93.2581,Minnesota Vikings
2220,Geno Smith,31,47,66.0,369,7.9,2,0,1,1,13,0,0,1,24.1,24.1,36.9%,LV,las_vegas_raiders,2023,10,171.05,Allegiant Stadium,Indoor,Turf,2001.0,2020.0,Las Vegas,NV,36.0908,-115.183,Las Vegas Raiders
2221,Brock Purdy,19,26,73.1,296,11.4,3,0,2,0,0,0,0,1,23.8,23.8,89.9%,SF,san_francisco_49ers,2023,10,140.14,Levi's Stadium,Outdoor,Grass,13.0,2014.0,Santa Clara,CA,37.403,-121.9692,San Francisco 49ers
2222,Joe Burrow,27,40,67.5,347,8.7,2,2,4,5,20,0,0,1,21.9,21.9,98.2%,CIN,cincinnati_bengals,2023,10,160.97,NRG Stadium,Indoor,Turf,50.0,2002.0,Houston,TX,29.6847,-95.4107,Cincinnati Bengals
2223,Jared Goff,23,33,69.7,333,10.1,2,0,0,3,-2,0,0,1,21.1,21.1,83.0%,DET,detroit_lions,2023,10,152.69,Ford Field,Indoor,Turf,600.0,2002.0,Detroit,MI,42.34,-83.0456,Detroit Lions
2224,C.J. Stroud,23,39,59.0,356,9.1,1,1,1,2,8,1,2,1,20.0,20.0,72.7%,HOU,houston_texans,2023,10,161.52,NRG Stadium,Indoor,Turf,50.0,2002.0,Houston,TX,29.6847,-95.4107,Houston Texans
2225,Baker Mayfield,18,29,62.1,278,9.6,2,1,3,3,12,0,0,1,19.3,19.3,94.5%,TB,tampa_bay_buccaneers,2023,10,130.13,Raymond James Stadium,Outdoor,Grass,26.0,1998.0,Tampa,FL,27.9759,-82.5033,Tampa Bay Buccaneers
2226,Jordan Love,21,40,52.5,289,7.2,2,2,1,2,11,0,0,1,18.7,18.7,73.1%,GB,green_bay_packers,2023,10,133.73,Acrisure Stadium,Outdoor,Grass,730.0,2001.0,Pittsburgh,PA,40.4468,-80.0158,Green Bay Packers
2227,Russell Wilson,24,29,82.8,193,6.7,2,0,4,9,30,0,0,1,18.7,18.7,23.4%,NYG,new_york_giants,2023,10,97.63,AT&T Stadium,Indoor,Turf,639.0,2009.0,Arlington,TX,32.7473,-97.0945,New York Giants
2228,Kyler Murray,19,32,59.4,249,7.8,0,1,2,6,33,1,0,1,18.3,18.3,89.7%,ARI,arizona_cardinals,2023,10,119.27,State Farm Stadium,Indoor,Turf,1070.0,2006.0,Glendale,AZ,33.5275,-112.2625,Arizona Cardinals
2229,Deshaun Watson,20,34,58.8,213,6.3,1,1,4,8,37,0,0,1,17.2,17.2,7.5%,CLE,cleveland_browns,2023,10,104.4,FirstEnergy Stadium,Outdoor,Grass,577.0,1999.0,Cleveland,OH,41.5061,-81.6995,Cleveland Browns
2230,Josh Allen,15,26,57.7,177,6.8,1,2,0,4,13,1,1,1,16.4,16.4,99.2%,BUF,buffalo_bills,2023,10,86.64,Empower Field at Mile High,Outdoor,Turf,5280.0,2001.0,Denver,CO,39.7439,-105.0201,Buffalo Bills
2231,Lamar Jackson,13,23,56.5,223,9.7,1,2,3,8,41,0,0,1,15.0,15.0,98.8%,BAL,baltimore_ravens,2023,10,107.14,FirstEnergy Stadium,Outdoor,Grass,577.0,1999.0,Cleveland,OH,41.5061,-81.6995,Baltimore Ravens
2232,Zach Wilson,23,39,59.0,263,6.7,0,1,2,4,54,0,0,1,14.9,14.9,4.9%,MIA,miami_dolphins,2023,10,124.57,,,,,,,,,,Miami Dolphins
2233,Tommy Devito,14,27,51.9,86,3.2,2,1,5,7,41,0,0,1,14.5,14.5,0.6%,NYG,new_york_giants,2023,10,51.19,AT&T Stadium,Indoor,Turf,639.0,2009.0,Arlington,TX,32.7473,-97.0945,New York Giants
2234,Jameis Winston,13,25,52.0,122,4.9,2,2,1,0,0,0,0,1,10.9,10.9,8.9%,NYG,new_york_giants,2023,10,59.11,AT&T Stadium,Indoor,Turf,639.0,2009.0,Arlington,TX,32.7473,-97.0945,New York Giants
2235,Taylor Heinicke,8,15,53.3,55,3.7,1,0,3,4,34,0,0,1,9.6,9.6,0.6%,LAC,los_angeles_chargers,2023,10,33.96,Ford Field,Indoor,Turf,600.0,2002.0,Detroit,MI,42.34,-83.0456,Los Angeles Chargers
2236,Aidan O'Connell,16,27,59.3,153,5.7,1,1,3,2,3,0,0,1,9.4,9.4,4.5%,LV,las_vegas_raiders,2023,10,71.02,Allegiant Stadium,Indoor,Turf,2001.0,2020.0,Las Vegas,NV,36.0908,-115.183,Las Vegas Raiders
2237,Bryce Young,21,38,55.3,185,4.9,0,0,3,3,18,0,0,1,9.2,9.2,43.0%,CAR,carolina_panthers,2023,10,85.32,Soldier Field,Outdoor,Grass,595.0,1924.0,Chicago,IL,41.8623,-87.6167,Carolina Panthers
2239,Mac Jones,15,20,75.0,170,8.5,0,1,5,3,25,0,0,1,8.3,8.3,4.0%,SF,san_francisco_49ers,2023,10,79.41,Levi's Stadium,Outdoor,Grass,13.0,2014.0,Santa Clara,CA,37.403,-121.9692,San Francisco 49ers
2240,Tyson Bagent,20,33,60.6,162,4.9,0,0,0,6,12,0,0,1,7.7,7.7,1.1%,CHI,chicago_bears,2023,10,74.37,Soldier Field,Outdoor,Grass,595.0,1924.0,Chicago,IL,41.8623,-87.6167,Chicago Bears
2241,Will Levis,19,39,48.7,199,5.1,0,1,4,0,0,0,0,1,7.0,7.0,6.8%,TEN,tennessee_titans,2023,10,87.32,Raymond James Stadium,Outdoor,Grass,26.0,1998.0,Tampa,FL,27.9759,-82.5033,Tennessee Titans
2242,Gardner Minshew Ii,18,28,64.3,194,6.9,0,1,0,2,-1,0,0,1,6.7,6.7,3.1%,KC,kansas_city_chiefs,2023,10,85.27,,,,,,,,,,Kansas City Chiefs
2243,Kenny Pickett,14,23,60.9,126,5.5,0,0,1,4,16,0,0,1,6.6,6.6,7.7%,CLE,cleveland_browns,2023,10,59.12,FirstEnergy Stadium,Outdoor,Grass,577.0,1999.0,Cleveland,OH,41.5061,-81.6995,Cleveland Browns
2244,Clayton Tune,0,0,0.0,0,0.0,0,0,0,1,1,1,0,1,6.1,6.1,1.1%,ARI,arizona_cardinals,2023,10,4.57,State Farm Stadium,Indoor,Turf,1070.0,2006.0,Glendale,AZ,33.5275,-112.2625,Arizona Cardinals
2246,Trevor Lawrence,17,29,58.6,185,6.4,0,2,5,2,7,0,1,1,4.1,4.1,49.3%,JAC,jacksonville_jaguars,2023,10,80.25,Levi's Stadium,Outdoor,Grass,13.0,2014.0,Santa Clara,CA,37.403,-121.9692,Jacksonville Jaguars
2247,Cooper Rush,7,9,77.8,68,7.6,0,1,0,2,5,0,0,1,2.2,2.2,1.8%,BAL,baltimore_ravens,2023,10,31.36,FirstEnergy Stadium,Outdoor,Grass,577.0,1999.0,Cleveland,OH,41.5061,-81.6995,Baltimore Ravens
2249,Bailey Zappe,3,7,42.9,25,3.6,0,1,0,0,0,0,0,1,0.0,0.0,1.1%,KC,kansas_city_chiefs,2023,10,10.92,,,,,,,,,,Kansas City Chiefs
2251,Kyle Trask,0,0,0.0,0,0.0,0,0,0,1,-1,0,0,1,-0.1,-0.1,0.8%,TB,tampa_bay_buccaneers,2023,10,-0.17,Raymond James Stadium,Outdoor,Grass,26.0,1998.0,Tampa,FL,27.9759,-82.5033,Tampa Bay Buccaneers
2256,Lamar Jackson,16,26,61.5,264,10.2,2,0,3,9,54,0,0,1,24.0,24.0,98.8%,BAL,baltimore_ravens,2023,11,132.04,M&T Bank Stadium,Outdoor,Grass,10.0,1998.0,Baltimore,MD,39.2779,-76.6227,Baltimore Ravens
2253,Trevor Lawrence,24,32,75.0,262,8.2,2,0,1,5,17,2,0,1,32.2,32.2,49.3%,JAC,jacksonville_jaguars,2023,11,134.08,TIAA Bank Field,Outdoor,Grass,16.0,1995.0,Jacksonville,FL,30.3239,-81.6373,Jacksonville Jaguars
2254,Brock Purdy,21,25,84.0,333,13.3,3,0,4,4,14,0,0,1,26.7,26.7,89.9%,SF,san_francisco_49ers,2023,11,158.95,Levi's Stadium,Outdoor,Grass,13.0,2014.0,Santa Clara,CA,37.403,-121.9692,San Francisco 49ers
2255,Justin Herbert,21,36,58.3,260,7.2,2,0,2,8,73,0,0,1,25.7,25.7,87.6%,LAC,los_angeles_chargers,2023,11,133.43,Lambeau Field,Outdoor,Grass,640.0,1957.0,Green Bay,WI,44.5013,-88.0622,Los Angeles Chargers
2257,Josh Allen,20,32,62.5,275,8.6,3,1,1,5,15,0,0,1,23.5,23.5,99.2%,BUF,buffalo_bills,2023,11,132.47,Highmark Stadium,Outdoor,Grass,600.0,1973.0,Orchard Park,NY,42.7738,-78.7868,Buffalo Bills
2258,Kyler Murray,20,30,66.7,214,7.1,1,1,3,7,51,1,0,1,22.7,22.7,89.7%,ARI,arizona_cardinals,2023,11,110.41,NRG Stadium,Indoor,Turf,50.0,2002.0,Houston,TX,29.6847,-95.4107,Arizona Cardinals
2259,Tommy Devito,18,26,69.2,246,9.5,3,0,9,1,7,0,0,1,22.5,22.5,0.6%,NYG,new_york_giants,2023,11,119.45,MetLife Stadium,Outdoor,Turf,3.0,2010.0,East Rutherford,NJ,40.8136,-74.0744,New York Giants
2260,Justin Fields,16,23,69.6,169,7.3,1,0,2,18,104,0,0,1,21.2,21.2,80.9%,NYJ,new_york_jets,2023,11,96.2,Highmark Stadium,Outdoor,Grass,600.0,1973.0,Orchard Park,NY,42.7738,-78.7868,New York Jets
2261,Jordan Love,27,40,67.5,322,8.1,2,0,3,3,0,0,0,1,20.9,20.9,73.1%,GB,green_bay_packers,2023,11,148.35,Lambeau Field,Outdoor,Grass,640.0,1957.0,Green Bay,WI,44.5013,-88.0622,Green Bay Packers
2262,Sam Howell,31,45,68.9,256,5.7,1,3,4,3,35,1,0,1,20.7,20.7,6.8%,MIN,minnesota_vikings,2023,11,124.83,Empower Field at Mile High,Outdoor,Turf,5280.0,2001.0,Denver,CO,39.7439,-105.0201,Minnesota Vikings
2263,Jalen Hurts,14,22,63.6,150,6.8,0,1,5,12,29,2,0,1,19.9,19.9,98.3%,PHI,philadelphia_eagles,2023,11,79.89,Lincoln Financial Field,Outdoor,Grass,30.0,2003.0,Philadelphia,PA,39.9008,-75.1675,Philadelphia Eagles
2264,Tua Tagovailoa,28,39,71.8,325,8.3,2,1,1,2,6,0,1,1,18.6,18.6,48.2%,MIA,miami_dolphins,2023,11,148.48,Hard Rock Stadium,Outdoor,Grass,7.0,1987.0,Miami Gardens,FL,25.958,-80.238,Miami Dolphins
2265,C.J. Stroud,27,37,73.0,336,9.1,2,3,3,1,-1,0,0,1,18.3,18.3,72.7%,HOU,houston_texans,2023,11,151.93,NRG Stadium,Indoor,Turf,50.0,2002.0,Houston,TX,29.6847,-95.4107,Houston Texans
2266,Patrick Mahomes Ii,24,43,55.8,177,4.1,2,1,1,6,38,0,0,1,17.9,17.9,96.3%,KC,kansas_city_chiefs,2023,11,90.85,Lincoln Financial Field,Outdoor,Grass,30.0,2003.0,Philadelphia,PA,39.9008,-75.1675,Kansas City Chiefs
2267,Joshua Dobbs,20,32,62.5,221,6.9,1,1,2,8,21,1,1,1,17.9,17.9,2.5%,NE,new_england_patriots,2023,11,106.71,,,,,,,,,,New England Patriots
2268,Jared Goff,23,35,65.7,236,6.7,2,3,2,2,3,0,0,1,16.7,16.7,83.0%,DET,detroit_lions,2023,11,110.33,Ford Field,Indoor,Turf,600.0,2002.0,Detroit,MI,42.34,-83.0456,Detroit Lions
2269,Dak Prescott,25,38,65.8,189,5.0,2,0,0,2,6,0,0,1,16.2,16.2,77.0%,DAL,dallas_cowboys,2023,11,91.64,AT&T Stadium,Indoor,Turf,639.0,2009.0,Arlington,TX,32.7473,-97.0945,Dallas Cowboys
2270,Russell Wilson,27,35,77.1,259,7.4,1,0,2,2,1,0,0,1,14.5,14.5,23.4%,NYG,new_york_giants,2023,11,118.33,MetLife Stadium,Outdoor,Turf,3.0,2010.0,East Rutherford,NJ,40.8136,-74.0744,New York Giants
2271,Geno Smith,22,34,64.7,233,6.9,1,0,2,1,-1,0,0,1,13.2,13.2,36.9%,LV,las_vegas_raiders,2023,11,106.22,Hard Rock Stadium,Outdoor,Grass,7.0,1987.0,Miami Gardens,FL,25.958,-80.238,Las Vegas Raiders
2272,Will Levis,13,17,76.5,158,9.3,2,0,2,4,2,0,1,1,12.5,12.5,6.8%,TEN,tennessee_titans,2023,11,75.81,TIAA Bank Field,Outdoor,Grass,16.0,1995.0,Jacksonville,FL,30.3239,-81.6373,Tennessee Titans
2273,Aidan O'Connell,24,41,58.5,271,6.6,1,3,2,1,3,0,0,1,12.1,12.1,4.5%,LV,las_vegas_raiders,2023,11,120.89,Hard Rock Stadium,Outdoor,Grass,7.0,1987.0,Miami Gardens,FL,25.958,-80.238,Las Vegas Raiders
2274,Baker Mayfield,29,45,64.4,246,5.5,1,1,4,3,5,0,1,1,11.3,11.3,94.5%,TB,tampa_bay_buccaneers,2023,11,110.91,Levi's Stadium,Outdoor,Grass,13.0,2014.0,Santa Clara,CA,37.403,-121.9692,Tampa Bay Buccaneers
2275,Jake Browning,8,14,57.1,68,4.9,1,0,3,4,40,0,0,1,10.7,10.7,4.2%,CIN,cincinnati_bengals,2023,11,40.77,M&T Bank Stadium,Outdoor,Grass,10.0,1998.0,Baltimore,MD,39.2779,-76.6227,Cincinnati Bengals
2276,Matthew Stafford,17,31,54.8,190,6.1,1,1,1,2,1,0,0,1,10.7,10.7,48.2%,LAR,los_angeles_rams,2023,11,86.71,SoFi Stadium,Outdoor,Turf,100.0,2020.0,Inglewood,CA,33.9535,-118.3392,Los Angeles Rams
2277,Joe Burrow,11,17,64.7,101,5.9,1,0,2,1,7,0,0,1,8.7,8.7,98.2%,CIN,cincinnati_bengals,2023,11,49.77,M&T Bank Stadium,Outdoor,Grass,10.0,1998.0,Baltimore,MD,39.2779,-76.6227,Cincinnati Bengals
2278,Zach Wilson,7,15,46.7,81,5.4,1,1,5,4,15,0,0,1,7.7,7.7,4.9%,MIA,miami_dolphins,2023,11,41.27,Hard Rock Stadium,Outdoor,Grass,7.0,1987.0,Miami Gardens,FL,25.958,-80.238,Miami Dolphins
2279,Dorian Thompson-Robinson,24,43,55.8,165,3.8,0,1,1,3,20,0,0,1,7.6,7.6,0.8%,PHI,philadelphia_eagles,2023,11,76.38,Lincoln Financial Field,Outdoor,Grass,30.0,2003.0,Philadelphia,PA,39.9008,-75.1675,Philadelphia Eagles
2280,Bryce Young,16,29,55.2,123,4.2,1,1,7,2,3,0,1,1,6.2,6.2,43.0%,CAR,carolina_panthers,2023,11,56.38,AT&T Stadium,Indoor,Turf,639.0,2009.0,Arlington,TX,32.7473,-97.0945,Carolina Panthers
2281,Kenny Pickett,15,28,53.6,106,3.8,0,0,3,4,9,0,0,1,5.1,5.1,7.7%,CLE,cleveland_browns,2023,11,49.13,FirstEnergy Stadium,Outdoor,Grass,577.0,1999.0,Cleveland,OH,41.5061,-81.6995,Cleveland Browns
2282,Tim Boyle,7,14,50.0,33,2.4,0,1,1,1,1,0,0,1,0.4,0.4,0.0%,TEN,tennessee_titans,2023,11,14.66,TIAA Bank Field,Outdoor,Grass,16.0,1995.0,Jacksonville,FL,30.3239,-81.6373,Tennessee Titans
2283,Cooper Rush,2,3,66.7,15,5.0,0,0,0,3,-3,0,0,1,0.3,0.3,1.8%,BAL,baltimore_ravens,2023,11,7.11,M&T Bank Stadium,Outdoor,Grass,10.0,1998.0,Baltimore,MD,39.2779,-76.6227,Baltimore Ravens
2284,Davis Mills,1,1,100.0,2,2.0,0,0,0,0,0,0,0,1,0.1,0.1,0.8%,HOU,houston_texans,2023,11,1.37,NRG Stadium,Indoor,Turf,50.0,2002.0,Houston,TX,29.6847,-95.4107,Houston Texans
2286,Kyle Allen,0,0,0.0,0,0.0,0,0,0,2,-2,0,0,1,-0.2,-0.2,1.1%,DET,detroit_lions,2023,11,-0.34,Ford Field,Indoor,Turf,600.0,2002.0,Detroit,MI,42.34,-83.0456,Detroit Lions
2287,Drew Lock,2,6,33.3,3,0.5,0,1,0,0,0,0,0,1,-0.9,-0.9,1.6%,SEA,seattle_seahawks,2023,11,0.77,SoFi Stadium,Outdoor,Turf,100.0,2020.0,Inglewood,CA,33.9535,-118.3392,Seattle Seahawks
2319,Clayton Tune,0,0,0.0,0,0.0,0,0,0,0,0,0,0,1,2.0,2.0,1.1%,ARI,arizona_cardinals,2023,12,1.4,SoFi Stadium,Outdoor,Turf,100.0,2020.0,Inglewood,CA,33.9535,-118.3392,Arizona Cardinals
2288,Josh Allen,29,51,56.9,339,6.6,2,1,1,9,81,2,0,1,40.7,40.7,99.2%,BUF,buffalo_bills,2023,12,177.31,Lincoln Financial Field,Outdoor,Grass,30.0,2003.0,Philadelphia,PA,39.9008,-75.1675,Buffalo Bills
2289,Jalen Hurts,18,31,58.1,200,6.5,3,1,2,14,65,2,1,1,35.5,35.5,98.3%,PHI,philadelphia_eagles,2023,12,115.55,Lincoln Financial Field,Outdoor,Grass,30.0,2003.0,Philadelphia,PA,39.9008,-75.1675,Philadelphia Eagles
2290,Dak Prescott,22,32,68.8,331,10.3,4,0,0,1,10,0,0,1,32.2,32.2,77.0%,DAL,dallas_cowboys,2023,12,161.4,AT&T Stadium,Indoor,Turf,639.0,2009.0,Arlington,TX,32.7473,-97.0945,Dallas Cowboys
2291,C.J. Stroud,26,36,72.2,304,8.4,2,0,4,6,47,1,0,1,30.9,30.9,72.7%,HOU,houston_texans,2023,12,153.01,TIAA Bank Field,Outdoor,Grass,16.0,1995.0,Jacksonville,FL,30.3239,-81.6373,Houston Texans
2292,Jordan Love,22,32,68.8,268,8.4,3,0,0,3,39,0,0,1,26.6,26.6,73.1%,GB,green_bay_packers,2023,12,134.5,Lambeau Field,Outdoor,Grass,640.0,1957.0,Green Bay,WI,44.5013,-88.0622,Green Bay Packers
2293,Trevor Lawrence,23,38,60.5,364,9.6,1,1,0,2,0,1,0,1,25.6,25.6,49.3%,JAC,jacksonville_jaguars,2023,12,168.14,TIAA Bank Field,Outdoor,Grass,16.0,1995.0,Jacksonville,FL,30.3239,-81.6373,Jacksonville Jaguars
2294,Matthew Stafford,25,33,75.8,229,6.9,4,1,0,1,2,0,0,1,24.4,24.4,48.2%,LAR,los_angeles_rams,2023,12,113.86,SoFi Stadium,Outdoor,Turf,100.0,2020.0,Inglewood,CA,33.9535,-118.3392,Los Angeles Rams
2295,Patrick Mahomes Ii,27,34,79.4,298,8.8,2,0,1,5,9,0,0,1,20.8,20.8,96.3%,KC,kansas_city_chiefs,2023,12,139.72,GEHA Field at Arrowhead Stadium,Outdoor,Grass,1020.0,1972.0,Kansas City,MO,39.049,-94.4839,Kansas City Chiefs
2296,Kyler Murray,27,45,60.0,256,5.7,1,0,4,1,2,1,0,1,20.4,20.4,89.7%,ARI,arizona_cardinals,2023,12,121.22,SoFi Stadium,Outdoor,Turf,100.0,2020.0,Inglewood,CA,33.9535,-118.3392,Arizona Cardinals
2297,Sam Howell,28,44,63.6,300,6.8,0,1,4,2,13,1,0,1,18.3,18.3,6.8%,MIN,minnesota_vikings,2023,12,138.37,Soldier Field,Outdoor,Grass,595.0,1924.0,Chicago,IL,41.8623,-87.6167,Minnesota Vikings
2298,Jared Goff,29,44,65.9,332,7.5,2,0,3,3,9,0,3,1,18.2,18.2,83.0%,DET,detroit_lions,2023,12,151.14,Lambeau Field,Outdoor,Grass,640.0,1957.0,Green Bay,WI,44.5013,-88.0622,Detroit Lions
2299,Russell Wilson,13,22,59.1,134,6.1,1,0,1,11,34,1,1,1,16.8,16.8,23.4%,NYG,new_york_giants,2023,12,71.68,MetLife Stadium,Outdoor,Turf,3.0,2010.0,East Rutherford,NJ,40.8136,-74.0744,New York Giants
2300,Gardner Minshew Ii,24,41,58.5,251,6.1,0,1,2,3,6,1,0,1,15.6,15.6,3.1%,KC,kansas_city_chiefs,2023,12,115.64,GEHA Field at Arrowhead Stadium,Outdoor,Grass,1020.0,1972.0,Kansas City,MO,39.049,-94.4839,Kansas City Chiefs
2301,Lamar Jackson,18,32,56.3,177,5.5,1,0,2,11,39,0,0,1,15.0,15.0,98.8%,BAL,baltimore_ravens,2023,12,88.4,M&T Bank Stadium,Outdoor,Grass,10.0,1998.0,Baltimore,MD,39.2779,-76.6227,Baltimore Ravens
2302,Justin Herbert,29,44,65.9,217,4.9,1,1,3,4,47,0,1,1,14.4,14.4,87.6%,LAC,los_angeles_chargers,2023,12,105.56,M&T Bank Stadium,Outdoor,Grass,10.0,1998.0,Baltimore,MD,39.2779,-76.6227,Los Angeles Chargers
2303,Baker Mayfield,20,30,66.7,199,6.6,2,1,6,3,14,0,1,1,14.4,14.4,94.5%,TB,tampa_bay_buccaneers,2023,12,94.8,Lucas Oil Stadium,Indoor,Turf,700.0,2008.0,Indianapolis,IN,39.7601,-86.1639,Tampa Bay Buccaneers
2304,Aidan O'Connell,23,33,69.7,248,7.5,1,0,1,0,0,0,0,1,13.9,13.9,4.5%,LV,las_vegas_raiders,2023,12,113.03,GEHA Field at Arrowhead Stadium,Outdoor,Grass,1020.0,1972.0,Kansas City,MO,39.049,-94.4839,Las Vegas Raiders
2305,Jake Browning,19,26,73.1,227,8.7,1,1,4,3,9,0,0,1,13.0,13.0,4.2%,CIN,cincinnati_bengals,2023,12,104.64,Acrisure Stadium,Outdoor,Grass,730.0,2001.0,Pittsburgh,PA,40.4468,-80.0158,Cincinnati Bengals
2308,Kenny Pickett,24,33,72.7,278,8.4,0,0,2,5,5,0,0,1,11.6,11.6,7.7%,CLE,cleveland_browns,2023,12,123.9,Empower Field at Mile High,Outdoor,Turf,5280.0,2001.0,Denver,CO,39.7439,-105.0201,Cleveland Browns
2309,Dorian Thompson-Robinson,14,29,48.3,134,4.6,1,0,0,5,21,0,0,1,11.5,11.5,0.8%,PHI,philadelphia_eagles,2023,12,66.37,Lincoln Financial Field,Outdoor,Grass,30.0,2003.0,Philadelphia,PA,39.9008,-75.1675,Philadelphia Eagles
2310,Brock Purdy,21,30,70.0,209,7.0,1,1,1,3,1,0,0,1,11.5,11.5,89.9%,SF,san_francisco_49ers,2023,12,95.45,Levi's Stadium,Outdoor,Grass,13.0,2014.0,Santa Clara,CA,37.403,-121.9692,San Francisco 49ers
2311,Justin Fields,27,37,73.0,217,5.9,0,0,3,12,59,0,2,1,10.6,10.6,80.9%,NYJ,new_york_jets,2023,12,103.8,Hard Rock Stadium,Outdoor,Grass,7.0,1987.0,Miami Gardens,FL,25.958,-80.238,New York Jets
2312,Tommy Devito,17,25,68.0,191,7.6,1,0,6,5,6,0,1,1,10.2,10.2,0.6%,NYG,new_york_giants,2023,12,87.56,MetLife Stadium,Outdoor,Turf,3.0,2010.0,East Rutherford,NJ,40.8136,-74.0744,New York Giants
2313,Tua Tagovailoa,21,30,70.0,243,8.1,1,2,2,2,1,0,1,1,9.8,9.8,48.2%,MIA,miami_dolphins,2023,12,107.88,Hard Rock Stadium,Outdoor,Grass,7.0,1987.0,Miami Gardens,FL,25.958,-80.238,Miami Dolphins
2314,Tim Boyle,27,38,71.1,179,4.7,1,2,7,2,2,0,0,1,9.4,9.4,0.0%,TEN,tennessee_titans,2023,12,82.12,Nissan Stadium,Outdoor,Grass,476.0,1999.0,Nashville,TN,36.1665,-86.7713,Tennessee Titans
2315,Joshua Dobbs,22,32,68.8,185,5.8,1,4,2,2,11,0,0,1,8.5,8.5,2.5%,NE,new_england_patriots,2023,12,84.31,MetLife Stadium,Outdoor,Turf,3.0,2010.0,East Rutherford,NJ,40.8136,-74.0744,New England Patriots
2316,Geno Smith,18,27,66.7,180,6.7,0,1,6,4,21,0,0,1,8.3,8.3,36.9%,LV,las_vegas_raiders,2023,12,82.95,GEHA Field at Arrowhead Stadium,Outdoor,Grass,1020.0,1972.0,Kansas City,MO,39.049,-94.4839,Las Vegas Raiders
2317,Bryce Young,18,31,58.1,194,6.3,0,0,4,3,23,0,1,1,8.1,8.1,43.0%,CAR,carolina_panthers,2023,12,88.53,Nissan Stadium,Outdoor,Grass,476.0,1999.0,Nashville,TN,36.1665,-86.7713,Carolina Panthers
2318,Will Levis,18,28,64.3,185,6.6,0,0,1,3,-3,0,0,1,7.1,7.1,6.8%,TEN,tennessee_titans,2023,12,81.79,Nissan Stadium,Outdoor,Grass,476.0,1999.0,Nashville,TN,36.1665,-86.7713,Tennessee Titans
2325,Mike White,0,0,0.0,0,0.0,0,0,0,1,-2,0,0,1,-0.2,-0.2,1.1%,BUF,buffalo_bills,2023,12,-0.34,Lincoln Financial Field,Outdoor,Grass,30.0,2003.0,Philadelphia,PA,39.9008,-75.1675,Buffalo Bills
2320,Mac Jones,12,21,57.1,89,4.2,0,2,1,0,0,0,0,1,1.6,1.6,4.0%,SF,san_francisco_49ers,2023,12,38.56,Levi's Stadium,Outdoor,Grass,13.0,2014.0,Santa Clara,CA,37.403,-121.9692,San Francisco 49ers
2321,Bailey Zappe,9,14,64.3,54,3.9,0,1,1,0,0,0,0,1,1.2,1.2,1.1%,KC,kansas_city_chiefs,2023,12,24.02,GEHA Field at Arrowhead Stadium,Outdoor,Grass,1020.0,1972.0,Kansas City,MO,39.049,-94.4839,Kansas City Chiefs
2323,Kyle Trask,0,1,0.0,0,0.0,0,0,0,0,0,0,0,1,0.0,0.0,0.8%,TB,tampa_bay_buccaneers,2023,12,0.0,Lucas Oil Stadium,Indoor,Turf,700.0,2008.0,Indianapolis,IN,39.7601,-86.1639,Tampa Bay Buccaneers
2339,Jared Goff,16,25,64.0,213,8.5,2,0,1,2,-2,0,0,1,16.3,16.3,83.0%,DET,detroit_lions,2023,13,100.31,Ford Field,Indoor,Turf,600.0,2002.0,Detroit,MI,42.34,-83.0456,Detroit Lions
2327,Brock Purdy,19,27,70.4,314,11.6,4,0,2,2,9,0,0,1,29.5,29.5,89.9%,SF,san_francisco_49ers,2023,13,152.57,Levi's Stadium,Outdoor,Grass,13.0,2014.0,Santa Clara,CA,37.403,-121.9692,San Francisco 49ers
2328,Dak Prescott,29,41,70.7,299,7.3,3,0,4,7,23,0,0,1,28.3,28.3,77.0%,DAL,dallas_cowboys,2023,13,146.97,AT&T Stadium,Indoor,Turf,639.0,2009.0,Arlington,TX,32.7473,-97.0945,Dallas Cowboys
2329,Jake Browning,32,37,86.5,354,9.6,1,0,2,2,22,1,0,1,25.7,25.7,4.2%,CIN,cincinnati_bengals,2023,13,167.41,Paycor Stadium,Outdoor,Turf,482.0,2000.0,Cincinnati,OH,39.0954,-84.516,Cincinnati Bengals
2330,Trevor Lawrence,22,29,75.9,258,8.9,2,0,2,5,8,1,0,1,25.1,25.1,49.3%,JAC,jacksonville_jaguars,2023,13,126.35,Paycor Stadium,Outdoor,Turf,482.0,2000.0,Cincinnati,OH,39.0954,-84.516,Jacksonville Jaguars
2331,Jalen Hurts,26,45,57.8,298,6.6,1,0,3,7,20,1,0,1,23.9,23.9,98.3%,PHI,philadelphia_eagles,2023,13,142.35,Levi's Stadium,Outdoor,Grass,13.0,2014.0,Santa Clara,CA,37.403,-121.9692,Philadelphia Eagles
2332,Jordan Love,25,36,69.4,267,7.4,3,0,2,2,10,0,0,1,23.7,23.7,73.1%,GB,green_bay_packers,2023,13,129.27,Lambeau Field,Outdoor,Grass,640.0,1957.0,Green Bay,WI,44.5013,-88.0622,Green Bay Packers
2333,Matthew Stafford,22,37,59.5,279,7.5,3,0,0,1,-2,0,0,1,23.0,23.0,48.2%,LAR,los_angeles_rams,2023,13,132.1,SoFi Stadium,Outdoor,Turf,100.0,2020.0,Inglewood,CA,33.9535,-118.3392,Los Angeles Rams
2334,Sam Howell,12,23,52.2,127,5.5,0,1,3,4,21,2,0,1,20.2,20.2,6.8%,MIN,minnesota_vikings,2023,13,69.64,,,,,,,,,,Minnesota Vikings
2335,Tua Tagovailoa,18,24,75.0,280,11.7,2,0,0,0,0,0,0,1,19.2,19.2,48.2%,MIA,miami_dolphins,2023,13,130.18,Hard Rock Stadium,Outdoor,Grass,7.0,1987.0,Miami Gardens,FL,25.958,-80.238,Miami Dolphins
2336,Russell Wilson,15,26,57.7,186,7.2,1,3,3,10,44,1,0,1,18.8,18.8,23.4%,NYG,new_york_giants,2023,13,95.1,,,,,,,,,,New York Giants
2337,Gardner Minshew Ii,26,42,61.9,312,7.4,2,0,3,3,2,0,1,1,18.7,18.7,3.1%,KC,kansas_city_chiefs,2023,13,142.67,Lambeau Field,Outdoor,Grass,640.0,1957.0,Green Bay,WI,44.5013,-88.0622,Kansas City Chiefs
2338,Joe Flacco,23,44,52.3,254,5.8,2,1,2,0,0,0,0,1,17.2,17.2,15.4%,CLE,cleveland_browns,2023,13,117.6,SoFi Stadium,Outdoor,Turf,100.0,2020.0,Inglewood,CA,33.9535,-118.3392,Cleveland Browns
2326,Geno Smith,23,41,56.1,334,8.1,3,1,0,2,6,1,0,1,31.0,31.0,36.9%,LV,las_vegas_raiders,2023,13,160.82,,,,,,,,,,Las Vegas Raiders
2340,C.J. Stroud,16,27,59.3,274,10.1,1,0,5,6,11,0,0,1,16.1,16.1,72.7%,HOU,houston_texans,2023,13,125.89,NRG Stadium,Indoor,Turf,50.0,2002.0,Houston,TX,29.6847,-95.4107,Houston Texans
2341,Patrick Mahomes Ii,21,33,63.6,210,6.4,1,1,3,4,26,0,0,1,14.0,14.0,96.3%,KC,kansas_city_chiefs,2023,13,99.98,Lambeau Field,Outdoor,Grass,640.0,1957.0,Green Bay,WI,44.5013,-88.0622,Kansas City Chiefs
2342,Kyler Murray,13,23,56.5,145,6.3,1,0,2,9,20,0,0,1,11.8,11.8,89.7%,ARI,arizona_cardinals,2023,13,71.12,State Farm Stadium,Indoor,Turf,1070.0,2006.0,Glendale,AZ,33.5275,-112.2625,Arizona Cardinals
2343,Will Levis,16,33,48.5,224,6.8,1,0,6,2,5,0,1,1,11.5,11.5,6.8%,TEN,tennessee_titans,2023,13,101.31,Lucas Oil Stadium,Indoor,Turf,700.0,2008.0,Indianapolis,IN,39.7601,-86.1639,Tennessee Titans
2344,Baker Mayfield,14,29,48.3,202,7.0,1,1,1,2,-2,0,0,1,10.9,10.9,94.5%,TB,tampa_bay_buccaneers,2023,13,91.23,Raymond James Stadium,Outdoor,Grass,26.0,1998.0,Tampa,FL,27.9759,-82.5033,Tampa Bay Buccaneers
2347,Bryce Young,15,31,48.4,178,5.7,0,1,4,0,0,0,0,1,8.1,8.1,43.0%,CAR,carolina_panthers,2023,13,79.41,Raymond James Stadium,Outdoor,Grass,26.0,1998.0,Tampa,FL,27.9759,-82.5033,Carolina Panthers
2348,Justin Herbert,22,37,59.5,212,5.7,0,0,0,4,-5,0,0,1,8.0,8.0,87.6%,LAC,los_angeles_chargers,2023,13,93.24,SoFi Stadium,Outdoor,Turf,100.0,2020.0,Inglewood,CA,33.9535,-118.3392,Los Angeles Chargers
2349,Bailey Zappe,13,25,52.0,141,5.6,0,0,5,4,16,0,0,1,7.2,7.2,1.1%,KC,kansas_city_chiefs,2023,13,65.46,Lambeau Field,Outdoor,Grass,640.0,1957.0,Green Bay,WI,44.5013,-88.0622,Kansas City Chiefs
2350,Mitchell Trubisky,11,17,64.7,117,6.9,1,0,0,3,5,0,1,1,7.2,7.2,1.3%,BUF,buffalo_bills,2023,13,55.02,,,,,,,,,,Buffalo Bills
2351,Tim Boyle,14,25,56.0,148,5.9,0,1,1,1,2,0,0,1,5.1,5.1,0.0%,TEN,tennessee_titans,2023,13,65.45,Lucas Oil Stadium,Indoor,Turf,700.0,2008.0,Indianapolis,IN,39.7601,-86.1639,Tennessee Titans
2353,Kenny Pickett,7,10,70.0,70,7.0,0,0,0,3,3,0,0,1,3.1,3.1,7.7%,CLE,cleveland_browns,2023,13,32.57,SoFi Stadium,Outdoor,Turf,100.0,2020.0,Inglewood,CA,33.9535,-118.3392,Cleveland Browns
2354,Jameis Winston,2,5,40.0,41,8.2,0,0,0,0,0,0,0,1,1.6,1.6,8.9%,NYG,new_york_giants,2023,13,19.36,,,,,,,,,,New York Giants
2356,Marcus Mariota,2,3,66.7,16,5.3,0,0,0,2,6,0,0,1,1.2,1.2,3.1%,WAS,washington_commanders,2023,13,9.1,Hard Rock Stadium,Outdoor,Grass,7.0,1987.0,Miami Gardens,FL,25.958,-80.238,Washington Commanders
2357,Davis Mills,1,1,100.0,18,18.0,0,0,0,0,0,0,0,1,0.7,0.7,0.8%,HOU,houston_texans,2023,13,11.39,NRG Stadium,Indoor,Turf,50.0,2002.0,Houston,TX,29.6847,-95.4107,Houston Texans
2358,Mike White,1,1,100.0,3,3.0,0,0,0,0,0,0,0,1,0.1,0.1,1.1%,BUF,buffalo_bills,2023,13,1.97,,,,,,,,,,Buffalo Bills
2359,Sam Darnold,0,0,0.0,0,0.0,0,0,0,1,-1,0,0,1,-0.1,-0.1,36.3%,SEA,seattle_seahawks,2023,13,-0.17,AT&T Stadium,Indoor,Turf,639.0,2009.0,Arlington,TX,32.7473,-97.0945,Seattle Seahawks
2360,Lamar Jackson,24,43,55.8,316,7.3,3,1,2,11,70,0,0,1,32.6,32.6,98.8%,BAL,baltimore_ravens,2023,14,160.88,M&T Bank Stadium,Outdoor,Grass,10.0,1998.0,Baltimore,MD,39.2779,-76.6227,Baltimore Ravens
2362,Justin Fields,19,33,57.6,223,6.8,1,0,3,12,58,1,0,1,24.7,24.7,80.9%,NYJ,new_york_jets,2023,14,116.05,MetLife Stadium,Outdoor,Turf,3.0,2010.0,East Rutherford,NJ,40.8136,-74.0744,New York Jets
2363,Jake Browning,18,24,75.0,275,11.5,2,1,0,3,7,1,0,1,24.7,24.7,4.2%,CIN,cincinnati_bengals,2023,14,132.79,Paycor Stadium,Outdoor,Turf,482.0,2000.0,Cincinnati,OH,39.0954,-84.516,Cincinnati Bengals
2364,Matthew Stafford,23,41,56.1,294,7.2,3,0,2,1,-1,0,0,1,23.7,23.7,48.2%,LAR,los_angeles_rams,2023,14,138.73,M&T Bank Stadium,Outdoor,Grass,10.0,1998.0,Baltimore,MD,39.2779,-76.6227,Los Angeles Rams
2365,Brock Purdy,19,27,70.4,368,13.6,2,1,3,2,7,0,0,1,22.4,22.4,89.9%,SF,san_francisco_49ers,2023,14,168.7,Levi's Stadium,Outdoor,Grass,13.0,2014.0,Santa Clara,CA,37.403,-121.9692,San Francisco 49ers
2366,Bailey Zappe,19,28,67.9,240,8.6,3,1,2,3,13,0,0,1,21.9,21.9,1.1%,KC,kansas_city_chiefs,2023,14,117.05,Highmark Stadium,Outdoor,Grass,600.0,1973.0,Orchard Park,NY,42.7738,-78.7868,Kansas City Chiefs
2367,Mitchell Trubisky,22,35,62.9,190,5.4,1,1,2,8,30,1,0,1,21.6,21.6,1.3%,BUF,buffalo_bills,2023,14,97.8,Highmark Stadium,Outdoor,Grass,600.0,1973.0,Orchard Park,NY,42.7738,-78.7868,Buffalo Bills
2368,Josh Allen,23,42,54.8,233,5.5,1,1,3,10,32,1,0,1,21.5,21.5,99.2%,BUF,buffalo_bills,2023,14,115.25,Highmark Stadium,Outdoor,Grass,600.0,1973.0,Orchard Park,NY,42.7738,-78.7868,Buffalo Bills
2369,Joe Flacco,26,45,57.8,311,6.9,3,1,1,4,-1,0,1,1,21.3,21.3,15.4%,CLE,cleveland_browns,2023,14,143.89,FirstEnergy Stadium,Outdoor,Grass,577.0,1999.0,Cleveland,OH,41.5061,-81.6995,Cleveland Browns
2370,Trevor Lawrence,28,50,56.0,257,5.1,3,3,4,3,11,0,0,1,20.4,20.4,49.3%,JAC,jacksonville_jaguars,2023,14,122.6,FirstEnergy Stadium,Outdoor,Grass,577.0,1999.0,Cleveland,OH,41.5061,-81.6995,Jacksonville Jaguars
2371,Baker Mayfield,14,29,48.3,144,5.0,2,0,1,3,3,1,0,1,20.1,20.1,94.5%,TB,tampa_bay_buccaneers,2023,14,75.17,Raymond James Stadium,Outdoor,Grass,26.0,1998.0,Tampa,FL,27.9759,-82.5033,Tampa Bay Buccaneers
2372,Zach Wilson,27,36,75.0,301,8.4,2,0,4,3,12,0,1,1,19.2,19.2,4.9%,MIA,miami_dolphins,2023,14,139.92,Nissan Stadium,Outdoor,Grass,476.0,1999.0,Nashville,TN,36.1665,-86.7713,Miami Dolphins
2373,Dak Prescott,24,39,61.5,271,6.9,2,0,3,3,11,0,1,1,17.9,17.9,77.0%,DAL,dallas_cowboys,2023,14,126.31,AT&T Stadium,Indoor,Turf,639.0,2009.0,Arlington,TX,32.7473,-97.0945,Dallas Cowboys
2374,Will Levis,23,38,60.5,327,8.6,1,1,1,4,15,0,1,1,17.6,17.6,6.8%,TEN,tennessee_titans,2023,14,148.74,Nissan Stadium,Outdoor,Grass,476.0,1999.0,Nashville,TN,36.1665,-86.7713,Tennessee Titans
2375,Tommy Devito,17,21,81.0,158,7.5,1,0,0,10,71,0,0,1,17.4,17.4,0.6%,NYG,new_york_giants,2023,14,85.98,MetLife Stadium,Outdoor,Turf,3.0,2010.0,East Rutherford,NJ,40.8136,-74.0744,New York Giants
2376,Drew Lock,22,31,71.0,269,8.7,2,2,4,3,5,0,0,1,17.3,17.3,1.6%,SEA,seattle_seahawks,2023,14,124.55,Levi's Stadium,Outdoor,Grass,13.0,2014.0,Santa Clara,CA,37.403,-121.9692,Seattle Seahawks
2377,Russell Wilson,21,33,63.6,224,6.8,2,1,2,6,5,0,0,1,16.5,16.5,23.4%,NYG,new_york_giants,2023,14,105.61,MetLife Stadium,Outdoor,Turf,3.0,2010.0,East Rutherford,NJ,40.8136,-74.0744,New York Giants
2378,Gardner Minshew Ii,26,39,66.7,240,6.2,1,1,3,2,5,0,0,1,15.1,15.1,3.1%,KC,kansas_city_chiefs,2023,14,111.11,Highmark Stadium,Outdoor,Grass,600.0,1973.0,Orchard Park,NY,42.7738,-78.7868,Kansas City Chiefs
2379,Patrick Mahomes Ii,25,43,58.1,271,6.3,1,1,1,1,8,0,0,1,14.6,14.6,96.3%,KC,kansas_city_chiefs,2023,14,123.38,Highmark Stadium,Outdoor,Grass,600.0,1973.0,Orchard Park,NY,42.7738,-78.7868,Kansas City Chiefs
2381,Jordan Love,25,39,64.1,218,5.6,1,1,2,2,2,0,1,1,9.9,9.9,73.1%,GB,green_bay_packers,2023,14,98.05,MetLife Stadium,Outdoor,Turf,3.0,2010.0,East Rutherford,NJ,40.8136,-74.0744,Green Bay Packers
2382,Tua Tagovailoa,23,33,69.7,240,7.3,0,0,5,3,15,0,1,1,9.1,9.1,48.2%,MIA,miami_dolphins,2023,14,107.53,Nissan Stadium,Outdoor,Grass,476.0,1999.0,Nashville,TN,36.1665,-86.7713,Miami Dolphins
2383,Jalen Hurts,18,27,66.7,197,7.3,0,0,1,5,30,0,1,1,8.9,8.9,98.3%,PHI,philadelphia_eagles,2023,14,91.19,AT&T Stadium,Indoor,Turf,639.0,2009.0,Arlington,TX,32.7473,-97.0945,Philadelphia Eagles
2384,Bryce Young,13,36,36.1,137,3.8,0,0,4,3,40,0,1,1,7.5,7.5,43.0%,CAR,carolina_panthers,2023,14,66.01,Caesars Superdome,Indoor,Turf,3.0,1975.0,New Orleans,LA,29.9509,-90.0815,Carolina Panthers
2385,Jared Goff,20,35,57.1,161,4.6,1,2,4,1,0,0,1,1,6.4,6.4,83.0%,DET,detroit_lions,2023,14,71.8,Soldier Field,Outdoor,Grass,595.0,1924.0,Chicago,IL,41.8623,-87.6167,Detroit Lions
2386,Aidan O'Connell,21,32,65.6,171,5.3,0,1,4,1,2,0,0,1,6.0,6.0,4.5%,LV,las_vegas_raiders,2023,14,75.86,U.S. Bank Stadium,Indoor,Turf,840.0,2016.0,Minneapolis,MN,44.974,-93.2581,Las Vegas Raiders
2387,Easton Stick,13,24,54.2,179,7.5,0,0,2,0,0,0,1,1,5.2,5.2,0.0%,ATL,atlanta_falcons,2023,14,77.94,Raymond James Stadium,Outdoor,Grass,26.0,1998.0,Tampa,FL,27.9759,-82.5033,Atlanta Falcons
2388,Joshua Dobbs,10,23,43.5,63,2.7,0,0,5,5,21,0,0,1,4.6,4.6,2.5%,NE,new_england_patriots,2023,14,32.06,Gillette Stadium,Outdoor,Turf,289.0,2002.0,Foxborough,MA,42.0909,-71.2643,New England Patriots
2389,C.J. Stroud,10,23,43.5,91,4.0,0,0,4,0,0,0,0,1,3.6,3.6,72.7%,HOU,houston_texans,2023,14,40.72,MetLife Stadium,Outdoor,Turf,3.0,2010.0,East Rutherford,NJ,40.8136,-74.0744,Houston Texans
2390,Nick Mullens,9,13,69.2,83,6.4,0,0,0,0,0,0,0,1,3.3,3.3,1.1%,JAC,jacksonville_jaguars,2023,14,37.69,FirstEnergy Stadium,Outdoor,Grass,577.0,1999.0,Cleveland,OH,41.5061,-81.6995,Jacksonville Jaguars
2391,Justin Herbert,9,17,52.9,96,5.6,0,1,4,0,0,0,0,1,2.8,2.8,87.6%,LAC,los_angeles_chargers,2023,14,42.28,Empower Field at Mile High,Outdoor,Turf,5280.0,2001.0,Denver,CO,39.7439,-105.0201,Los Angeles Chargers
2392,Dorian Thompson-Robinson,0,0,0.0,0,0.0,0,0,0,1,5,0,0,1,0.5,0.5,0.8%,PHI,philadelphia_eagles,2023,14,0.85,AT&T Stadium,Indoor,Turf,639.0,2009.0,Arlington,TX,32.7473,-97.0945,Philadelphia Eagles
2393,Davis Mills,1,5,20.0,4,0.8,0,0,1,0,0,0,0,1,0.2,0.2,0.8%,HOU,houston_texans,2023,14,2.0,MetLife Stadium,Outdoor,Turf,3.0,2010.0,East Rutherford,NJ,40.8136,-74.0744,Houston Texans
2395,Jameis Winston,0,0,0.0,0,0.0,0,0,0,2,-2,0,0,1,-0.2,-0.2,8.9%,NYG,new_york_giants,2023,14,-0.34,MetLife Stadium,Outdoor,Turf,3.0,2010.0,East Rutherford,NJ,40.8136,-74.0744,New York Giants
2438,Zach Wilson,4,11,36.4,26,2.4,0,0,4,0,0,0,1,1,-1.0,-1.0,4.9%,MIA,miami_dolphins,2023,15,10.48,Hard Rock Stadium,Outdoor,Grass,7.0,1987.0,Miami Gardens,FL,25.958,-80.238,Miami Dolphins
2396,Jared Goff,24,34,70.6,278,8.2,5,0,2,0,0,0,0,1,31.1,31.1,83.0%,DET,detroit_lions,2023,15,138.51,Ford Field,Indoor,Turf,600.0,2002.0,Detroit,MI,42.34,-83.0456,Detroit Lions
2397,Baker Mayfield,22,28,78.6,381,13.6,4,0,5,2,-2,0,1,1,29.0,29.0,94.5%,TB,tampa_bay_buccaneers,2023,15,178.52,Raymond James Stadium,Outdoor,Grass,26.0,1998.0,Tampa,FL,27.9759,-82.5033,Tampa Bay Buccaneers
2398,Aidan O'Connell,20,34,58.8,248,7.3,4,0,1,0,0,0,0,1,25.9,25.9,4.5%,LV,las_vegas_raiders,2023,15,121.99,Allegiant Stadium,Indoor,Turf,2001.0,2020.0,Las Vegas,NV,36.0908,-115.183,Las Vegas Raiders
2399,Brock Purdy,16,25,64.0,242,9.7,4,0,0,0,0,0,0,1,25.7,25.7,89.9%,SF,san_francisco_49ers,2023,15,119.53,Levi's Stadium,Outdoor,Grass,13.0,2014.0,Santa Clara,CA,37.403,-121.9692,San Francisco 49ers
2400,Jalen Hurts,17,31,54.8,143,4.6,0,2,0,13,82,2,0,1,23.9,23.9,98.3%,PHI,philadelphia_eagles,2023,15,84.95,Lumen Field,Outdoor,Turf,20.0,2002.0,Seattle,WA,47.5952,-122.3316,Philadelphia Eagles
2401,Gardner Minshew Ii,18,28,64.3,215,7.7,3,0,3,2,0,0,0,1,20.6,20.6,3.1%,KC,kansas_city_chiefs,2023,15,104.66,GEHA Field at Arrowhead Stadium,Outdoor,Grass,1020.0,1972.0,Kansas City,MO,39.049,-94.4839,Kansas City Chiefs
2403,Jake Browning,29,42,69.0,324,7.7,2,1,4,4,0,0,0,1,20.0,20.0,4.2%,CIN,cincinnati_bengals,2023,15,148.54,Paycor Stadium,Outdoor,Turf,482.0,2000.0,Cincinnati,OH,39.0954,-84.516,Cincinnati Bengals
2404,Joe Flacco,28,44,63.6,374,8.5,2,3,4,1,-1,0,0,1,19.9,19.9,15.4%,CLE,cleveland_browns,2023,15,168.23,FirstEnergy Stadium,Outdoor,Grass,577.0,1999.0,Cleveland,OH,41.5061,-81.6995,Cleveland Browns
2405,Lamar Jackson,14,24,58.3,171,7.1,1,1,3,12,97,0,0,1,19.5,19.5,98.8%,BAL,baltimore_ravens,2023,15,94.77,M&T Bank Stadium,Outdoor,Grass,10.0,1998.0,Baltimore,MD,39.2779,-76.6227,Baltimore Ravens
2406,Nick Mullens,26,33,78.8,303,9.2,2,2,3,6,10,0,0,1,19.1,19.1,1.1%,JAC,jacksonville_jaguars,2023,15,140.41,M&T Bank Stadium,Outdoor,Grass,10.0,1998.0,Baltimore,MD,39.2779,-76.6227,Jacksonville Jaguars
2407,Matthew Stafford,25,33,75.8,258,7.8,2,0,3,1,2,0,0,1,18.5,18.5,48.2%,LAR,los_angeles_rams,2023,15,121.01,SoFi Stadium,Outdoor,Turf,100.0,2020.0,Inglewood,CA,33.9535,-118.3392,Los Angeles Rams
2408,Easton Stick,23,32,71.9,257,8.0,3,1,3,2,11,0,2,1,18.4,18.4,0.0%,ATL,atlanta_falcons,2023,15,121.28,Bank of America Stadium,Outdoor,Grass,748.0,1996.0,Charlotte,NC,35.2258,-80.8528,Atlanta Falcons
2409,Patrick Mahomes Ii,27,37,73.0,305,8.2,2,2,3,3,-5,0,0,1,17.7,17.7,96.3%,KC,kansas_city_chiefs,2023,15,138.63,GEHA Field at Arrowhead Stadium,Outdoor,Grass,1020.0,1972.0,Kansas City,MO,39.049,-94.4839,Kansas City Chiefs
2410,Russell Wilson,18,32,56.3,223,7.0,1,0,2,7,6,1,1,1,17.5,17.5,23.4%,NYG,new_york_giants,2023,15,105.65,Caesars Superdome,Indoor,Turf,3.0,1975.0,New Orleans,LA,29.9509,-90.0815,New York Giants
2411,Jordan Love,29,39,74.4,284,7.3,2,0,2,2,1,0,1,1,17.5,17.5,73.1%,GB,green_bay_packers,2023,15,130.81,Raymond James Stadium,Outdoor,Grass,26.0,1998.0,Tampa,FL,27.9759,-82.5033,Green Bay Packers
2412,Josh Allen,7,15,46.7,94,6.3,1,0,1,8,24,1,0,1,16.2,16.2,99.2%,BUF,buffalo_bills,2023,15,53.8,Highmark Stadium,Outdoor,Grass,600.0,1973.0,Orchard Park,NY,42.7738,-78.7868,Buffalo Bills
2413,Will Levis,17,26,65.4,199,7.7,0,1,7,4,25,1,0,1,15.5,15.5,6.8%,TEN,tennessee_titans,2023,15,96.29,NRG Stadium,Indoor,Turf,50.0,2002.0,Houston,TX,29.6847,-95.4107,Tennessee Titans
2414,Kyler Murray,26,39,66.7,211,5.4,1,2,3,6,49,0,0,1,15.3,15.3,89.7%,ARI,arizona_cardinals,2023,15,103.79,Levi's Stadium,Outdoor,Grass,13.0,2014.0,Santa Clara,CA,37.403,-121.9692,Arizona Cardinals
2415,Mitchell Trubisky,16,23,69.6,169,7.3,1,2,3,2,1,1,0,1,14.9,14.9,1.3%,BUF,buffalo_bills,2023,15,81.49,Highmark Stadium,Outdoor,Grass,600.0,1973.0,Orchard Park,NY,42.7738,-78.7868,Buffalo Bills
2416,Trevor Lawrence,25,43,58.1,264,6.1,1,0,1,4,41,0,2,1,14.7,14.7,49.3%,JAC,jacksonville_jaguars,2023,15,123.81,M&T Bank Stadium,Outdoor,Grass,10.0,1998.0,Baltimore,MD,39.2779,-76.6227,Jacksonville Jaguars
2417,Jacoby Brissett,8,10,80.0,124,12.4,2,0,0,2,9,0,0,1,13.9,13.9,3.2%,ARI,arizona_cardinals,2023,15,64.11,Levi's Stadium,Outdoor,Grass,13.0,2014.0,Santa Clara,CA,37.403,-121.9692,Arizona Cardinals
2418,Tua Tagovailoa,21,24,87.5,224,9.3,1,0,3,0,0,0,0,1,13.0,13.0,48.2%,MIA,miami_dolphins,2023,15,102.96,Hard Rock Stadium,Outdoor,Grass,7.0,1987.0,Miami Gardens,FL,25.958,-80.238,Miami Dolphins
2419,Case Keenum,23,36,63.9,229,6.4,1,1,3,2,1,0,0,1,12.3,12.3,0.6%,CHI,chicago_bears,2023,15,104.09,FirstEnergy Stadium,Outdoor,Grass,577.0,1999.0,Cleveland,OH,41.5061,-81.6995,Chicago Bears
2420,Drew Lock,22,33,66.7,208,6.3,1,0,2,1,-2,0,0,1,12.1,12.1,1.6%,SEA,seattle_seahawks,2023,15,95.23,Lumen Field,Outdoor,Turf,20.0,2002.0,Seattle,WA,47.5952,-122.3316,Seattle Seahawks
2421,Justin Fields,19,40,47.5,166,4.2,1,2,3,7,30,0,0,1,11.6,11.6,80.9%,NYJ,new_york_jets,2023,15,80.36,Hard Rock Stadium,Outdoor,Grass,7.0,1987.0,Miami Gardens,FL,25.958,-80.238,New York Jets
2422,Tommy Devito,20,34,58.8,177,5.2,0,0,7,4,36,0,0,1,10.7,10.7,0.6%,NYG,new_york_giants,2023,15,84.93,Caesars Superdome,Indoor,Turf,3.0,1975.0,New Orleans,LA,29.9509,-90.0815,New York Giants
2423,Bailey Zappe,23,31,74.2,180,5.8,1,1,4,1,2,0,0,1,10.4,10.4,1.1%,KC,kansas_city_chiefs,2023,15,83.14,GEHA Field at Arrowhead Stadium,Outdoor,Grass,1020.0,1972.0,Kansas City,MO,39.049,-94.4839,Kansas City Chiefs
2424,Sam Howell,11,26,42.3,102,3.9,1,1,1,3,22,0,0,1,9.3,9.3,6.8%,MIN,minnesota_vikings,2023,15,51.59,Paycor Stadium,Outdoor,Turf,482.0,2000.0,Cincinnati,OH,39.0954,-84.516,Minnesota Vikings
2426,Bryce Young,18,24,75.0,167,7.0,0,0,3,4,9,0,0,1,7.6,7.6,43.0%,CAR,carolina_panthers,2023,15,76.22,Bank of America Stadium,Outdoor,Grass,748.0,1996.0,Charlotte,NC,35.2258,-80.8528,Carolina Panthers
2427,Dak Prescott,21,34,61.8,134,3.9,0,1,3,4,27,0,0,1,7.1,7.1,77.0%,DAL,dallas_cowboys,2023,15,64.05,Highmark Stadium,Outdoor,Grass,600.0,1973.0,Orchard Park,NY,42.7738,-78.7868,Dallas Cowboys
2428,Sam Darnold,2,3,66.7,20,6.7,0,0,0,2,-2,0,0,1,0.6,0.6,36.3%,SEA,seattle_seahawks,2023,15,9.76,Lumen Field,Outdoor,Turf,20.0,2002.0,Seattle,WA,47.5952,-122.3316,Seattle Seahawks
2429,Tyrod Taylor,2,4,50.0,13,3.3,0,0,0,0,0,0,0,1,0.5,0.5,2.4%,NYJ,new_york_jets,2023,15,6.41,Hard Rock Stadium,Outdoor,Grass,7.0,1987.0,Miami Gardens,FL,25.958,-80.238,New York Jets
2431,Dorian Thompson-Robinson,1,1,100.0,5,5.0,0,0,0,0,0,0,0,1,0.2,0.2,0.8%,PHI,philadelphia_eagles,2023,15,3.24,Lumen Field,Outdoor,Turf,20.0,2002.0,Seattle,WA,47.5952,-122.3316,Philadelphia Eagles
2432,Mason Rudolph,2,3,66.7,3,1.0,0,0,1,0,0,0,0,1,0.1,0.1,5.9%,PIT,pittsburgh_steelers,2023,15,1.67,Lucas Oil Stadium,Indoor,Turf,700.0,2008.0,Indianapolis,IN,39.7601,-86.1639,Pittsburgh Steelers
2433,Davis Mills,0,0,0.0,0,0.0,0,0,1,0,0,0,0,1,0.0,0.0,0.8%,HOU,houston_texans,2023,15,0.0,NRG Stadium,Indoor,Turf,50.0,2002.0,Houston,TX,29.6847,-95.4107,Houston Texans
2434,Clayton Tune,0,0,0.0,0,0.0,0,0,0,1,0,0,0,1,0.0,0.0,1.1%,ARI,arizona_cardinals,2023,15,0.0,Levi's Stadium,Outdoor,Grass,13.0,2014.0,Santa Clara,CA,37.403,-121.9692,Arizona Cardinals
2435,Mike White,2,2,100.0,4,2.0,0,0,0,2,-2,0,0,1,0.0,0.0,1.1%,BUF,buffalo_bills,2023,15,2.0,Highmark Stadium,Outdoor,Grass,600.0,1973.0,Orchard Park,NY,42.7738,-78.7868,Buffalo Bills
2436,Jarrett Stidham,0,0,0.0,0,0.0,0,0,0,0,0,0,0,1,0.0,0.0,1.6%,DEN,denver_broncos,2023,15,0.0,Ford Field,Indoor,Turf,600.0,2002.0,Detroit,MI,42.34,-83.0456,Denver Broncos
2437,Kyle Allen,0,0,0.0,0,0.0,0,0,0,2,-2,0,0,1,-0.2,-0.2,1.1%,DET,detroit_lions,2023,15,-0.34,Ford Field,Indoor,Turf,600.0,2002.0,Detroit,MI,42.34,-83.0456,Detroit Lions
2462,Taylor Heinicke,23,33,69.7,229,6.9,1,0,1,2,10,0,0,1,14.2,14.2,0.6%,LAC,los_angeles_chargers,2023,16,106.52,Highmark Stadium,Outdoor,Grass,600.0,1973.0,Orchard Park,NY,42.7738,-78.7868,Los Angeles Chargers
2440,Josh Allen,15,21,71.4,237,11.3,1,1,1,5,15,2,0,1,26.0,26.0,99.2%,BUF,buffalo_bills,2023,16,118.86,Highmark Stadium,Outdoor,Grass,600.0,1973.0,Orchard Park,NY,42.7738,-78.7868,Buffalo Bills
2442,Justin Fields,15,27,55.6,170,6.3,1,1,1,9,97,1,0,1,25.5,25.5,80.9%,NYJ,new_york_jets,2023,16,98.71,MetLife Stadium,Outdoor,Turf,3.0,2010.0,East Rutherford,NJ,40.8136,-74.0744,New York Jets
2443,Jalen Hurts,24,38,63.2,301,7.9,1,1,1,8,34,1,0,1,24.4,24.4,98.3%,PHI,philadelphia_eagles,2023,16,145.26,Lincoln Financial Field,Outdoor,Grass,30.0,2003.0,Philadelphia,PA,39.9008,-75.1675,Philadelphia Eagles
2444,Jordan Love,17,28,60.7,219,7.8,2,0,1,2,12,1,0,1,24.0,24.0,73.1%,GB,green_bay_packers,2023,16,109.66,Lambeau Field,Outdoor,Grass,640.0,1957.0,Green Bay,WI,44.5013,-88.0622,Green Bay Packers
2445,Russell Wilson,25,37,67.6,238,6.4,2,0,5,4,20,0,0,1,23.5,23.5,23.4%,NYG,new_york_giants,2023,16,118.03,Lincoln Financial Field,Outdoor,Grass,30.0,2003.0,Philadelphia,PA,39.9008,-75.1675,New York Giants
2446,Lamar Jackson,23,35,65.7,252,7.2,2,0,2,7,45,0,0,1,22.6,22.6,98.8%,BAL,baltimore_ravens,2023,16,125.46,M&T Bank Stadium,Outdoor,Grass,10.0,1998.0,Baltimore,MD,39.2779,-76.6227,Baltimore Ravens
2447,Bryce Young,23,36,63.9,312,8.7,2,0,2,4,17,0,0,1,22.2,22.2,43.0%,CAR,carolina_panthers,2023,16,146.68,Lambeau Field,Outdoor,Grass,640.0,1957.0,Green Bay,WI,44.5013,-88.0622,Carolina Panthers
2448,Matthew Stafford,24,34,70.6,328,9.6,2,0,1,1,-4,0,0,1,20.7,20.7,48.2%,LAR,los_angeles_rams,2023,16,150.21,SoFi Stadium,Outdoor,Turf,100.0,2020.0,Inglewood,CA,33.9535,-118.3392,Los Angeles Rams
2449,Nick Mullens,22,36,61.1,411,11.4,2,4,4,1,1,0,0,1,20.5,20.5,1.1%,JAC,jacksonville_jaguars,2023,16,183.53,Raymond James Stadium,Outdoor,Grass,26.0,1998.0,Tampa,FL,27.9759,-82.5033,Jacksonville Jaguars
2450,Kyler Murray,24,38,63.2,230,6.1,2,0,2,5,32,0,0,1,20.4,20.4,89.7%,ARI,arizona_cardinals,2023,16,113.7,Soldier Field,Outdoor,Grass,595.0,1924.0,Chicago,IL,41.8623,-87.6167,Arizona Cardinals
2451,Mason Rudolph,17,27,63.0,290,10.7,2,0,1,2,4,0,0,1,20.0,20.0,5.9%,PIT,pittsburgh_steelers,2023,16,134.84,Acrisure Stadium,Outdoor,Grass,730.0,2001.0,Pittsburgh,PA,40.4468,-80.0158,Pittsburgh Steelers
2452,Baker Mayfield,26,35,74.3,283,8.1,2,0,2,5,5,0,0,1,19.8,19.8,94.5%,TB,tampa_bay_buccaneers,2023,16,132.38,Raymond James Stadium,Outdoor,Grass,26.0,1998.0,Tampa,FL,27.9759,-82.5033,Tampa Bay Buccaneers
2453,Dak Prescott,20,32,62.5,253,7.9,2,0,4,5,25,0,1,1,18.6,18.6,77.0%,DAL,dallas_cowboys,2023,16,120.8,Hard Rock Stadium,Outdoor,Grass,7.0,1987.0,Miami Gardens,FL,25.958,-80.238,Dallas Cowboys
2454,Patrick Mahomes Ii,27,44,61.4,235,5.3,1,1,4,10,53,0,0,1,17.7,17.7,96.3%,KC,kansas_city_chiefs,2023,16,115.65,Allegiant Stadium,Indoor,Turf,2001.0,2020.0,Las Vegas,NV,36.0908,-115.183,Kansas City Chiefs
2455,Geno Smith,25,36,69.4,227,6.3,2,0,3,1,2,0,0,1,17.3,17.3,36.9%,LV,las_vegas_raiders,2023,16,107.47,Allegiant Stadium,Indoor,Turf,2001.0,2020.0,Las Vegas,NV,36.0908,-115.183,Las Vegas Raiders
2456,Davis Mills,15,32,46.9,149,4.7,2,0,0,2,9,0,0,1,16.9,16.9,0.8%,HOU,houston_texans,2023,16,75.37,FirstEnergy Stadium,Outdoor,Grass,577.0,1999.0,Cleveland,OH,41.5061,-81.6995,Houston Texans
2457,Easton Stick,23,33,69.7,215,6.5,0,0,5,7,25,1,0,1,16.6,16.6,0.0%,ATL,atlanta_falcons,2023,16,103.92,Mercedes-Benz Stadium,Indoor,Turf,1050.0,2017.0,Atlanta,GA,33.755,-84.4008,Atlanta Falcons
2458,Jake Browning,28,42,66.7,335,8.0,1,3,3,1,0,0,0,1,16.4,16.4,4.2%,CIN,cincinnati_bengals,2023,16,149.88,Acrisure Stadium,Outdoor,Grass,730.0,2001.0,Pittsburgh,PA,40.4468,-80.0158,Cincinnati Bengals
2459,Bailey Zappe,25,33,75.8,256,7.8,2,0,2,1,2,0,1,1,16.4,16.4,1.1%,KC,kansas_city_chiefs,2023,16,118.64,Allegiant Stadium,Indoor,Turf,2001.0,2020.0,Las Vegas,NV,36.0908,-115.183,Kansas City Chiefs
2439,Joe Flacco,27,42,64.3,368,8.8,3,2,0,2,1,0,0,1,26.8,26.8,15.4%,CLE,cleveland_browns,2023,16,171.22,FirstEnergy Stadium,Outdoor,Grass,577.0,1999.0,Cleveland,OH,41.5061,-81.6995,Cleveland Browns
2461,Jared Goff,30,40,75.0,257,6.4,1,0,1,3,0,0,0,1,14.3,14.3,83.0%,DET,detroit_lions,2023,16,117.39,Ford Field,Indoor,Turf,600.0,2002.0,Detroit,MI,42.34,-83.0456,Detroit Lions
2460,Tua Tagovailoa,24,37,64.9,293,7.9,1,0,1,2,-2,0,0,1,15.5,15.5,48.2%,MIA,miami_dolphins,2023,16,132.13,Hard Rock Stadium,Outdoor,Grass,7.0,1987.0,Miami Gardens,FL,25.958,-80.238,Miami Dolphins
2464,Trevor Lawrence,17,29,58.6,211,7.3,1,2,3,4,29,0,1,1,11.3,11.3,49.3%,JAC,jacksonville_jaguars,2023,16,98.37,Raymond James Stadium,Outdoor,Grass,26.0,1998.0,Tampa,FL,27.9759,-82.5033,Jacksonville Jaguars
2465,Tyrod Taylor,7,16,43.8,133,8.3,1,1,0,2,21,0,0,1,10.4,10.4,2.4%,NYJ,new_york_jets,2023,16,65.14,MetLife Stadium,Outdoor,Turf,3.0,2010.0,East Rutherford,NJ,40.8136,-74.0744,New York Jets
2466,Gardner Minshew Ii,20,37,54.1,201,5.4,0,1,6,4,31,0,0,1,10.1,10.1,3.1%,KC,kansas_city_chiefs,2023,16,93.55,Allegiant Stadium,Indoor,Turf,2001.0,2020.0,Las Vegas,NV,36.0908,-115.183,Kansas City Chiefs
2468,Jacoby Brissett,10,13,76.9,100,7.7,1,0,0,1,10,0,0,1,9.0,9.0,3.2%,ARI,arizona_cardinals,2023,16,50.14,Soldier Field,Outdoor,Grass,595.0,1924.0,Chicago,IL,41.8623,-87.6167,Arizona Cardinals
2470,Sam Darnold,8,14,57.1,81,5.8,1,1,2,1,9,0,0,1,7.1,7.1,36.3%,SEA,seattle_seahawks,2023,16,40.43,Lumen Field,Outdoor,Turf,20.0,2002.0,Seattle,WA,47.5952,-122.3316,Seattle Seahawks
2471,Brock Purdy,18,32,56.3,255,8.0,0,4,2,1,2,0,0,1,6.4,6.4,89.9%,SF,san_francisco_49ers,2023,16,109.68,M&T Bank Stadium,Outdoor,Grass,10.0,1998.0,Baltimore,MD,39.2779,-76.6227,San Francisco 49ers
2472,Tommy Devito,9,16,56.3,55,3.4,0,0,1,1,5,0,0,1,2.7,2.7,0.6%,NYG,new_york_giants,2023,16,25.97,Lincoln Financial Field,Outdoor,Grass,30.0,2003.0,Philadelphia,PA,39.9008,-75.1675,New York Giants
2473,Aidan O'Connell,9,21,42.9,62,3.0,0,0,2,4,-4,0,0,1,2.1,2.1,4.5%,LV,las_vegas_raiders,2023,16,27.37,Allegiant Stadium,Indoor,Turf,2001.0,2020.0,Las Vegas,NV,36.0908,-115.183,Las Vegas Raiders
2474,Dorian Thompson-Robinson,1,2,50.0,6,3.0,0,0,1,1,-5,0,0,1,1.7,1.7,0.8%,PHI,philadelphia_eagles,2023,16,3.79,Lincoln Financial Field,Outdoor,Grass,30.0,2003.0,Philadelphia,PA,39.9008,-75.1675,Philadelphia Eagles
2475,Case Keenum,11,17,64.7,62,3.6,0,2,3,0,0,0,0,1,0.5,0.5,0.6%,CHI,chicago_bears,2023,16,26.77,Soldier Field,Outdoor,Grass,595.0,1924.0,Chicago,IL,41.8623,-87.6167,Chicago Bears
2476,Sam Howell,6,22,27.3,56,2.5,0,2,1,0,0,0,0,1,0.2,0.2,6.8%,MIN,minnesota_vikings,2023,16,23.44,Ford Field,Indoor,Turf,600.0,2002.0,Detroit,MI,42.34,-83.0456,Minnesota Vikings
2519,Mike White,0,0,0.0,0,0.0,0,0,0,1,0,0,1,1,-2.0,-2.0,1.1%,BUF,buffalo_bills,2023,17,-1.5,Highmark Stadium,Outdoor,Grass,600.0,1973.0,Orchard Park,NY,42.7738,-78.7868,Buffalo Bills
2477,Lamar Jackson,18,21,85.7,321,15.3,5,0,1,6,35,0,0,1,36.3,36.3,98.8%,BAL,baltimore_ravens,2023,17,163.67,M&T Bank Stadium,Outdoor,Grass,10.0,1998.0,Baltimore,MD,39.2779,-76.6227,Baltimore Ravens
2478,Jordan Love,24,33,72.7,256,7.8,3,0,0,2,2,1,0,1,28.4,28.4,73.1%,GB,green_bay_packers,2023,17,127.54,Lambeau Field,Outdoor,Grass,640.0,1957.0,Green Bay,WI,44.5013,-88.0622,Green Bay Packers
2479,Justin Fields,20,32,62.5,268,8.4,1,0,3,11,45,1,0,1,25.2,25.2,80.9%,NYJ,new_york_jets,2023,17,133.52,FirstEnergy Stadium,Outdoor,Grass,577.0,1999.0,Cleveland,OH,41.5061,-81.6995,New York Jets
2480,Kyler Murray,25,31,80.6,232,7.5,3,1,1,5,24,0,0,1,24.7,24.7,89.7%,ARI,arizona_cardinals,2023,17,117.29,State Farm Stadium,Indoor,Turf,1070.0,2006.0,Glendale,AZ,33.5275,-112.2625,Arizona Cardinals
2481,Joe Flacco,19,29,65.5,309,10.7,3,1,1,2,3,0,0,1,23.7,23.7,15.4%,CLE,cleveland_browns,2023,17,145.33,FirstEnergy Stadium,Outdoor,Grass,577.0,1999.0,Cleveland,OH,41.5061,-81.6995,Cleveland Browns
2482,Josh Allen,15,30,50.0,169,5.6,0,1,1,11,44,2,0,1,22.2,22.2,99.2%,BUF,buffalo_bills,2023,17,90.46,Highmark Stadium,Outdoor,Grass,600.0,1973.0,Orchard Park,NY,42.7738,-78.7868,Buffalo Bills
2483,Dak Prescott,26,38,68.4,345,9.1,2,1,3,2,5,0,0,1,21.3,21.3,77.0%,DAL,dallas_cowboys,2023,17,158.33,AT&T Stadium,Indoor,Turf,639.0,2009.0,Arlington,TX,32.7473,-97.0945,Dallas Cowboys
2484,Jake Browning,19,33,57.6,197,6.0,1,0,6,7,32,1,0,1,21.1,21.1,4.2%,CIN,cincinnati_bengals,2023,17,100.37,GEHA Field at Arrowhead Stadium,Outdoor,Grass,1020.0,1972.0,Kansas City,MO,39.049,-94.4839,Cincinnati Bengals
2485,Aidan O'Connell,30,47,63.8,299,6.4,2,0,2,2,3,0,0,1,20.3,20.3,4.5%,LV,las_vegas_raiders,2023,17,138.99,Lucas Oil Stadium,Indoor,Turf,700.0,2008.0,Indianapolis,IN,39.7601,-86.1639,Las Vegas Raiders
2486,Jalen Hurts,18,23,78.3,167,7.3,3,1,0,8,25,0,0,1,20.2,20.2,98.3%,PHI,philadelphia_eagles,2023,17,87.5,State Farm Stadium,Indoor,Turf,1070.0,2006.0,Glendale,AZ,33.5275,-112.2625,Philadelphia Eagles
2487,Tyrod Taylor,27,41,65.9,319,7.8,1,1,6,6,40,0,0,1,19.8,19.8,2.4%,NYJ,new_york_jets,2023,17,149.92,FirstEnergy Stadium,Outdoor,Grass,577.0,1999.0,Cleveland,OH,41.5061,-81.6995,New York Jets
2488,Baker Mayfield,22,33,66.7,309,9.4,2,2,2,1,-1,0,0,1,18.3,18.3,94.5%,TB,tampa_bay_buccaneers,2023,17,140.79,Caesars Superdome,Indoor,Turf,3.0,1975.0,New Orleans,LA,29.9509,-90.0815,Tampa Bay Buccaneers
2489,Taylor Heinicke,10,29,34.5,163,5.6,1,3,2,4,46,1,0,1,18.1,18.1,0.6%,LAC,los_angeles_chargers,2023,17,84.79,Empower Field at Mile High,Outdoor,Turf,5280.0,2001.0,Denver,CO,39.7439,-105.0201,Los Angeles Chargers
2490,Brock Purdy,22,28,78.6,230,8.2,2,0,0,1,4,0,0,1,17.6,17.6,89.9%,SF,san_francisco_49ers,2023,17,109.16,Levi's Stadium,Outdoor,Grass,13.0,2014.0,Santa Clara,CA,37.403,-121.9692,San Francisco 49ers
2491,Tua Tagovailoa,22,38,57.9,237,6.2,2,2,3,2,14,0,0,1,16.9,16.9,48.2%,MIA,miami_dolphins,2023,17,111.87,M&T Bank Stadium,Outdoor,Grass,10.0,1998.0,Baltimore,MD,39.2779,-76.6227,Miami Dolphins
2492,Geno Smith,23,33,69.7,290,8.8,1,0,1,3,33,0,1,1,16.9,16.9,36.9%,LV,las_vegas_raiders,2023,17,135.39,Lucas Oil Stadium,Indoor,Turf,700.0,2008.0,Indianapolis,IN,39.7601,-86.1639,Las Vegas Raiders
2494,Bailey Zappe,16,26,61.5,209,8.0,0,3,3,5,37,1,0,1,15.1,15.1,1.1%,KC,kansas_city_chiefs,2023,17,100.97,GEHA Field at Arrowhead Stadium,Outdoor,Grass,1020.0,1972.0,Kansas City,MO,39.049,-94.4839,Kansas City Chiefs
2496,Matthew Stafford,24,34,70.6,317,9.3,1,2,4,1,-1,0,0,1,14.6,14.6,48.2%,LAR,los_angeles_rams,2023,17,141.28,SoFi Stadium,Outdoor,Turf,100.0,2020.0,Inglewood,CA,33.9535,-118.3392,Los Angeles Rams
2497,Jarrett Stidham,20,32,62.5,224,7.0,1,0,2,6,6,0,0,1,13.6,13.6,1.6%,DEN,denver_broncos,2023,17,103.42,Empower Field at Mile High,Outdoor,Turf,5280.0,2001.0,Denver,CO,39.7439,-105.0201,Denver Broncos
2498,Gardner Minshew Ii,15,23,65.2,224,9.7,1,0,1,2,3,0,0,1,13.3,13.3,3.1%,KC,kansas_city_chiefs,2023,17,102.95,GEHA Field at Arrowhead Stadium,Outdoor,Grass,1020.0,1972.0,Kansas City,MO,39.049,-94.4839,Kansas City Chiefs
2499,C.J. Stroud,24,32,75.0,213,6.7,1,0,1,1,4,0,0,1,12.9,12.9,72.7%,HOU,houston_texans,2023,17,98.67,NRG Stadium,Indoor,Turf,50.0,2002.0,Houston,TX,29.6847,-95.4107,Houston Texans
2500,Jared Goff,19,34,55.9,271,8.0,1,2,1,0,0,0,0,1,12.8,12.8,83.0%,DET,detroit_lions,2023,17,120.96,AT&T Stadium,Indoor,Turf,639.0,2009.0,Arlington,TX,32.7473,-97.0945,Detroit Lions
2501,Patrick Mahomes Ii,21,29,72.4,245,8.4,1,0,2,4,2,0,1,1,12.0,12.0,96.3%,KC,kansas_city_chiefs,2023,17,110.58,GEHA Field at Arrowhead Stadium,Outdoor,Grass,1020.0,1972.0,Kansas City,MO,39.049,-94.4839,Kansas City Chiefs
2502,Easton Stick,24,38,63.2,220,5.8,0,0,1,5,31,0,0,1,11.9,11.9,0.0%,ATL,atlanta_falcons,2023,17,102.99,Soldier Field,Outdoor,Grass,595.0,1924.0,Chicago,IL,41.8623,-87.6167,Atlanta Falcons
2503,Mason Rudolph,18,24,75.0,274,11.4,0,0,1,6,5,0,0,1,11.5,11.5,5.9%,PIT,pittsburgh_steelers,2023,17,122.23,Acrisure Stadium,Outdoor,Grass,730.0,2001.0,Pittsburgh,PA,40.4468,-80.0158,Pittsburgh Steelers
2505,Nick Mullens,13,22,59.1,113,5.1,1,0,1,1,6,0,0,1,9.1,9.1,1.1%,JAC,jacksonville_jaguars,2023,17,54.79,TIAA Bank Field,Outdoor,Grass,16.0,1995.0,Jacksonville,FL,30.3239,-81.6373,Jacksonville Jaguars
2506,Sam Howell,17,28,60.7,169,6.0,1,2,1,1,-1,0,0,1,8.7,8.7,6.8%,MIN,minnesota_vikings,2023,17,76.59,Lambeau Field,Outdoor,Grass,640.0,1957.0,Green Bay,WI,44.5013,-88.0622,Minnesota Vikings
2509,Bryce Young,19,32,59.4,112,3.5,0,1,6,1,2,0,0,1,3.7,3.7,43.0%,CAR,carolina_panthers,2023,17,50.09,TIAA Bank Field,Outdoor,Grass,16.0,1995.0,Jacksonville,FL,30.3239,-81.6373,Carolina Panthers
2510,Sean Clifford,1,1,100.0,37,37.0,0,0,0,2,-2,0,0,1,1.3,1.3,1.8%,GB,green_bay_packers,2023,17,23.01,Lambeau Field,Outdoor,Grass,640.0,1957.0,Green Bay,WI,44.5013,-88.0622,Green Bay Packers
2512,Davis Mills,0,0,0.0,0,0.0,0,0,0,0,0,0,0,1,0.0,0.0,0.8%,HOU,houston_texans,2023,17,0.0,NRG Stadium,Indoor,Turf,50.0,2002.0,Houston,TX,29.6847,-95.4107,Houston Texans
2513,Clayton Tune,0,0,0.0,0,0.0,0,0,0,0,0,0,0,1,0.0,0.0,1.1%,ARI,arizona_cardinals,2023,17,0.0,State Farm Stadium,Indoor,Turf,1070.0,2006.0,Glendale,AZ,33.5275,-112.2625,Arizona Cardinals
2514,Sam Darnold,0,0,0.0,0,0.0,0,0,1,2,-2,0,0,1,-0.2,-0.2,36.3%,SEA,seattle_seahawks,2023,17,-0.34,Acrisure Stadium,Outdoor,Grass,730.0,2001.0,Pittsburgh,PA,40.4468,-80.0158,Seattle Seahawks
2515,Kyle Allen,0,0,0.0,0,0.0,0,0,0,2,-2,0,0,1,-0.2,-0.2,1.1%,DET,detroit_lions,2023,17,-0.34,AT&T Stadium,Indoor,Turf,639.0,2009.0,Arlington,TX,32.7473,-97.0945,Detroit Lions
2518,Will Levis,2,6,33.3,16,2.7,0,0,1,0,0,0,1,1,-1.4,-1.4,6.8%,TEN,tennessee_titans,2023,17,6.06,NRG Stadium,Indoor,Turf,50.0,2002.0,Houston,TX,29.6847,-95.4107,Tennessee Titans
2526,Geno Smith,18,25,72.0,171,6.8,1,1,2,4,30,1,0,1,18.8,18.8,36.9%,LV,las_vegas_raiders,2024,1,88.12,SoFi Stadium,Outdoor,Turf,100.0,2020.0,Inglewood,CA,33.9535,-118.3392,Las Vegas Raiders
2561,Brandon Allen,0,0,0.0,0,0.0,0,0,0,1,-1,0,0,1,-0.1,-0.1,0.1%,TEN,tennessee_titans,2024,1,-0.17,Soldier Field,Outdoor,Grass,595.0,1924.0,Chicago,IL,41.8623,-87.6167,Tennessee Titans
2521,Baker Mayfield,24,30,80.0,289,9.6,4,0,1,3,21,0,0,1,29.7,29.7,94.5%,TB,tampa_bay_buccaneers,2024,1,144.01,Raymond James Stadium,Outdoor,Grass,26.0,1998.0,Tampa,FL,27.9759,-82.5033,Tampa Bay Buccaneers
2522,Jayden Daniels,17,24,70.8,184,7.7,0,0,2,16,88,2,0,1,28.2,28.2,98.6%,WAS,washington_commanders,2024,1,105.78,Raymond James Stadium,Outdoor,Grass,26.0,1998.0,Tampa,FL,27.9759,-82.5033,Washington Commanders
2523,Anthony Richardson Sr.,9,19,47.4,212,11.2,2,1,2,6,56,1,0,1,27.1,27.1,38.2%,IND,indianapolis_colts,2024,1,113.21,NRG Stadium,Indoor,Turf,50.0,2002.0,Houston,TX,29.6847,-95.4107,Indianapolis Colts
2524,Lamar Jackson,26,41,63.4,273,6.7,1,0,1,16,122,0,1,1,25.1,25.1,98.8%,BAL,baltimore_ravens,2024,1,143.11,GEHA Field at Arrowhead Stadium,Outdoor,Grass,1020.0,1972.0,Kansas City,MO,39.049,-94.4839,Baltimore Ravens
2563,Kyle Trask,0,0,0.0,0,0.0,0,0,0,2,-2,0,0,1,-0.2,-0.2,0.8%,TB,tampa_bay_buccaneers,2024,1,-0.34,Raymond James Stadium,Outdoor,Grass,26.0,1998.0,Tampa,FL,27.9759,-82.5033,Tampa Bay Buccaneers
2527,C.J. Stroud,24,32,75.0,234,7.3,2,0,4,4,13,0,0,1,18.7,18.7,72.7%,HOU,houston_texans,2024,1,112.45,NRG Stadium,Indoor,Turf,50.0,2002.0,Houston,TX,29.6847,-95.4107,Houston Texans
2528,Tua Tagovailoa,23,37,62.2,338,9.1,1,0,3,1,11,0,0,1,18.6,18.6,48.2%,MIA,miami_dolphins,2024,1,153.74,Hard Rock Stadium,Outdoor,Grass,7.0,1987.0,Miami Gardens,FL,25.958,-80.238,Miami Dolphins
2529,Jalen Hurts,20,34,58.8,278,8.2,2,2,2,13,33,0,1,1,18.4,18.4,98.3%,PHI,philadelphia_eagles,2024,1,131.32,Lincoln Financial Field,Outdoor,Grass,30.0,2003.0,Philadelphia,PA,39.9008,-75.1675,Philadelphia Eagles
2530,Jordan Love,17,34,50.0,260,7.6,2,1,1,0,0,0,0,1,17.4,17.4,73.1%,GB,green_bay_packers,2024,1,119.9,Lincoln Financial Field,Outdoor,Grass,30.0,2003.0,Philadelphia,PA,39.9008,-75.1675,Green Bay Packers
2531,Matthew Stafford,34,49,69.4,317,6.5,1,1,2,0,0,0,0,1,15.7,15.7,48.2%,LAR,los_angeles_rams,2024,1,142.69,Ford Field,Indoor,Turf,600.0,2002.0,Detroit,MI,42.34,-83.0456,Los Angeles Rams
2532,Sam Darnold,19,24,79.2,208,8.7,2,1,1,3,3,0,0,1,15.6,15.6,36.3%,SEA,seattle_seahawks,2024,1,98.56,Lumen Field,Outdoor,Turf,20.0,2002.0,Seattle,WA,47.5952,-122.3316,Seattle Seahawks
2533,Patrick Mahomes Ii,20,28,71.4,291,10.4,1,1,2,2,3,0,0,1,15.1,15.1,96.3%,KC,kansas_city_chiefs,2024,1,131.55,GEHA Field at Arrowhead Stadium,Outdoor,Grass,1020.0,1972.0,Kansas City,MO,39.049,-94.4839,Kansas City Chiefs
2534,Kyler Murray,21,31,67.7,162,5.2,1,0,4,5,57,0,1,1,14.2,14.2,89.7%,ARI,arizona_cardinals,2024,1,83.78,Highmark Stadium,Outdoor,Grass,600.0,1973.0,Orchard Park,NY,42.7738,-78.7868,Arizona Cardinals
2535,Bo Nix,26,42,61.9,138,3.3,0,2,2,5,35,1,0,1,13.0,13.0,93.2%,DEN,denver_broncos,2024,1,71.06,Lumen Field,Outdoor,Turf,20.0,2002.0,Seattle,WA,47.5952,-122.3316,Denver Broncos
2536,Deshaun Watson,24,45,53.3,169,3.8,1,2,6,5,39,0,0,1,12.7,12.7,7.5%,CLE,cleveland_browns,2024,1,83.65,AT&T Stadium,Indoor,Turf,639.0,2009.0,Arlington,TX,32.7473,-97.0945,Cleveland Browns
2537,Jared Goff,18,28,64.3,217,7.8,1,1,2,1,7,0,0,1,12.4,12.4,83.0%,DET,detroit_lions,2024,1,99.74,Ford Field,Indoor,Turf,600.0,2002.0,Detroit,MI,42.34,-83.0456,Detroit Lions
2538,Justin Fields,17,23,73.9,156,6.8,0,0,2,14,57,0,0,1,11.9,11.9,80.9%,NYJ,new_york_jets,2024,1,79.49,Levi's Stadium,Outdoor,Grass,13.0,2014.0,Santa Clara,CA,37.403,-121.9692,New York Jets
2539,Gardner Minshew Ii,25,33,75.8,257,7.8,1,1,4,3,5,0,1,1,11.8,11.8,3.1%,KC,kansas_city_chiefs,2024,1,115.72,GEHA Field at Arrowhead Stadium,Outdoor,Grass,1020.0,1972.0,Kansas City,MO,39.049,-94.4839,Kansas City Chiefs
2540,Bryce Young,13,30,43.3,161,5.4,0,2,4,4,12,1,0,1,11.6,11.6,43.0%,CAR,carolina_panthers,2024,1,76.1,Caesars Superdome,Indoor,Turf,3.0,1975.0,New Orleans,LA,29.9509,-90.0815,Carolina Panthers
2541,Dak Prescott,19,32,59.4,179,5.6,1,0,3,1,3,0,0,1,11.5,11.5,77.0%,DAL,dallas_cowboys,2024,1,83.27,AT&T Stadium,Indoor,Turf,639.0,2009.0,Arlington,TX,32.7473,-97.0945,Dallas Cowboys
2542,Trevor Lawrence,12,21,57.1,162,7.7,1,0,3,1,8,0,0,1,11.3,11.3,49.3%,JAC,jacksonville_jaguars,2024,1,76.55,Hard Rock Stadium,Outdoor,Grass,7.0,1987.0,Miami Gardens,FL,25.958,-80.238,Jacksonville Jaguars
2543,Justin Herbert,17,26,65.4,144,5.5,1,0,1,4,6,0,0,1,10.4,10.4,87.6%,LAC,los_angeles_chargers,2024,1,68.58,SoFi Stadium,Outdoor,Turf,100.0,2020.0,Inglewood,CA,33.9535,-118.3392,Los Angeles Chargers
2544,Brock Purdy,19,29,65.5,231,8.0,0,0,2,1,11,0,0,1,10.3,10.3,89.9%,SF,san_francisco_49ers,2024,1,104.21,Levi's Stadium,Outdoor,Grass,13.0,2014.0,Santa Clara,CA,37.403,-121.9692,San Francisco 49ers
2545,Aaron Rodgers,13,21,61.9,167,8.0,1,1,1,1,-1,0,0,1,9.6,9.6,28.3%,PIT,pittsburgh_steelers,2024,1,76.52,Acrisure Stadium,Outdoor,Grass,730.0,2001.0,Pittsburgh,PA,40.4468,-80.0158,Pittsburgh Steelers
2546,Will Levis,19,32,59.4,127,4.0,1,2,3,4,36,0,1,1,8.7,8.7,6.8%,TEN,tennessee_titans,2024,1,63.19,Soldier Field,Outdoor,Grass,595.0,1924.0,Chicago,IL,41.8623,-87.6167,Tennessee Titans
2547,Kirk Cousins,16,26,61.5,155,6.0,1,2,2,1,0,0,0,1,8.2,8.2,16.0%,ATL,atlanta_falcons,2024,1,70.64,Acrisure Stadium,Outdoor,Grass,730.0,2001.0,Pittsburgh,PA,40.4468,-80.0158,Atlanta Falcons
2548,Joe Burrow,21,29,72.4,164,5.7,0,0,3,4,15,0,0,1,8.1,8.1,98.2%,CIN,cincinnati_bengals,2024,1,76.01,Gillette Stadium,Outdoor,Turf,289.0,2002.0,Foxborough,MA,42.0909,-71.2643,Cincinnati Bengals
2549,Jacoby Brissett,15,24,62.5,121,5.0,0,0,1,7,32,0,0,1,8.0,8.0,3.2%,ARI,arizona_cardinals,2024,1,59.7,Highmark Stadium,Outdoor,Grass,600.0,1973.0,Orchard Park,NY,42.7738,-78.7868,Arizona Cardinals
2550,Caleb Williams,14,29,48.3,93,3.2,0,0,2,5,15,0,0,1,7.2,7.2,82.7%,CHI,chicago_bears,2024,1,45.78,Soldier Field,Outdoor,Grass,595.0,1924.0,Chicago,IL,41.8623,-87.6167,Chicago Bears
2551,Daniel Jones,22,42,52.4,186,4.4,0,2,5,6,15,0,0,1,6.9,6.9,20.7%,IND,indianapolis_colts,2024,1,83.61,NRG Stadium,Indoor,Turf,50.0,2002.0,Houston,TX,29.6847,-95.4107,Indianapolis Colts
2552,Tyrod Taylor,6,8,75.0,36,4.5,1,0,0,1,7,0,0,1,6.1,6.1,2.4%,NYJ,new_york_jets,2024,1,21.17,Levi's Stadium,Outdoor,Grass,13.0,2014.0,Santa Clara,CA,37.403,-121.9692,New York Jets
2553,Feleipe Franks,0,0,0.0,0,0.0,0,0,0,0,0,0,0,1,0.0,0.0,0.0%,ATL,atlanta_falcons,2024,1,0.0,Acrisure Stadium,Outdoor,Grass,730.0,2001.0,Pittsburgh,PA,40.4468,-80.0158,Atlanta Falcons
2554,Austin Reed,0,0,0.0,0,0.0,0,0,0,0,0,0,0,1,0.0,0.0,0.0%,CHI,chicago_bears,2024,1,0.0,Soldier Field,Outdoor,Grass,595.0,1924.0,Chicago,IL,41.8623,-87.6167,Chicago Bears
2555,Sam Hartman,0,0,0.0,0,0.0,0,0,0,0,0,0,0,1,0.0,0.0,0.0%,WAS,washington_commanders,2024,1,0.0,Raymond James Stadium,Outdoor,Grass,26.0,1998.0,Tampa,FL,27.9759,-82.5033,Washington Commanders
2556,Malik Willis,0,1,0.0,0,0.0,0,0,1,0,0,0,0,1,0.0,0.0,3.3%,GB,green_bay_packers,2024,1,0.0,Lincoln Financial Field,Outdoor,Grass,30.0,2003.0,Philadelphia,PA,39.9008,-75.1675,Green Bay Packers
2557,Jake Haener,0,1,0.0,0,0.0,0,0,0,0,0,0,0,1,0.0,0.0,1.1%,NO,new_orleans_saints,2024,1,0.0,Caesars Superdome,Indoor,Turf,3.0,1975.0,New Orleans,LA,29.9509,-90.0815,New Orleans Saints
2558,Andy Dalton,0,1,0.0,0,0.0,0,0,0,0,0,0,0,1,0.0,0.0,1.7%,CAR,carolina_panthers,2024,1,0.0,Caesars Superdome,Indoor,Turf,3.0,1975.0,New Orleans,LA,29.9509,-90.0815,Carolina Panthers
2520,Josh Allen,18,23,78.3,232,10.1,2,0,2,9,39,2,1,1,31.2,31.2,99.2%,BUF,buffalo_bills,2024,1,123.26,Highmark Stadium,Outdoor,Grass,600.0,1973.0,Orchard Park,NY,42.7738,-78.7868,Buffalo Bills
2562,Cooper Rush,0,0,0.0,0,0.0,0,0,0,1,-1,0,0,1,-0.1,-0.1,1.8%,BAL,baltimore_ravens,2024,1,-0.17,GEHA Field at Arrowhead Stadium,Outdoor,Grass,1020.0,1972.0,Kansas City,MO,39.049,-94.4839,Baltimore Ravens
2582,Trevor Lawrence,14,30,46.7,220,7.3,0,0,4,2,45,0,0,1,13.3,13.3,49.3%,JAC,jacksonville_jaguars,2024,2,104.67,FirstEnergy Stadium,Outdoor,Grass,577.0,1999.0,Cleveland,OH,41.5061,-81.6995,Jacksonville Jaguars
2581,Jayden Daniels,23,29,79.3,226,7.8,0,0,5,10,44,0,0,1,13.4,13.4,98.6%,WAS,washington_commanders,2024,2,108.04,FedExField,Outdoor,Grass,300.0,1997.0,Landover,MD,38.9078,-76.8645,Washington Commanders
2565,Jalen Hurts,23,30,76.7,183,6.1,1,1,1,13,85,1,0,1,24.8,24.8,98.3%,PHI,philadelphia_eagles,2024,2,102.98,Mercedes-Benz Stadium,Indoor,Turf,1050.0,2017.0,Atlanta,GA,33.755,-84.4008,Philadelphia Eagles
2567,Sam Darnold,17,26,65.4,268,10.3,2,1,3,5,32,0,0,1,20.9,20.9,36.3%,SEA,seattle_seahawks,2024,2,129.29,Lumen Field,Outdoor,Turf,20.0,2002.0,Seattle,WA,47.5952,-122.3316,Seattle Seahawks
2568,Baker Mayfield,12,19,63.2,185,9.7,1,1,5,5,34,1,0,1,19.8,19.8,94.5%,TB,tampa_bay_buccaneers,2024,2,94.8,Raymond James Stadium,Outdoor,Grass,26.0,1998.0,Tampa,FL,27.9759,-82.5033,Tampa Bay Buccaneers
2569,Daniel Jones,16,28,57.1,178,6.4,2,0,1,5,32,0,0,1,18.3,18.3,20.7%,IND,indianapolis_colts,2024,2,90.69,Lambeau Field,Outdoor,Grass,640.0,1957.0,Green Bay,WI,44.5013,-88.0622,Indianapolis Colts
2570,Geno Smith,33,44,75.0,327,7.4,1,0,3,5,8,0,0,1,17.9,17.9,36.9%,LV,las_vegas_raiders,2024,2,149.21,Allegiant Stadium,Indoor,Turf,2001.0,2020.0,Las Vegas,NV,36.0908,-115.183,Las Vegas Raiders
2571,Kirk Cousins,20,29,69.0,241,8.3,2,0,1,4,-1,0,0,1,17.5,17.5,16.0%,ATL,atlanta_falcons,2024,2,112.81,Mercedes-Benz Stadium,Indoor,Turf,1050.0,2017.0,Atlanta,GA,33.755,-84.4008,Atlanta Falcons
2572,Lamar Jackson,21,34,61.8,247,7.3,1,1,2,5,45,0,0,1,17.4,17.4,98.8%,BAL,baltimore_ravens,2024,2,119.24,Allegiant Stadium,Indoor,Turf,2001.0,2020.0,Las Vegas,NV,36.0908,-115.183,Baltimore Ravens
2573,Joe Burrow,23,36,63.9,258,7.2,2,0,3,6,9,0,1,1,17.2,17.2,98.2%,CIN,cincinnati_bengals,2024,2,120.38,GEHA Field at Arrowhead Stadium,Outdoor,Grass,1020.0,1972.0,Kansas City,MO,39.049,-94.4839,Cincinnati Bengals
2574,Deshaun Watson,22,34,64.7,186,5.5,0,0,2,5,20,1,0,1,15.4,15.4,7.5%,CLE,cleveland_browns,2024,2,90.68,FirstEnergy Stadium,Outdoor,Grass,577.0,1999.0,Cleveland,OH,41.5061,-81.6995,Cleveland Browns
2575,Aaron Rodgers,18,30,60.0,176,5.9,2,0,2,2,1,0,0,1,15.1,15.1,28.3%,PIT,pittsburgh_steelers,2024,2,84.65,Acrisure Stadium,Outdoor,Grass,730.0,2001.0,Pittsburgh,PA,40.4468,-80.0158,Pittsburgh Steelers
2576,Brock Purdy,28,36,77.8,319,8.9,1,1,6,2,12,0,1,1,15.0,15.0,89.9%,SF,san_francisco_49ers,2024,2,143.98,U.S. Bank Stadium,Indoor,Turf,840.0,2016.0,Minneapolis,MN,44.974,-93.2581,San Francisco 49ers
2577,Dak Prescott,27,39,69.2,293,7.5,1,2,3,2,12,0,0,1,14.9,14.9,77.0%,DAL,dallas_cowboys,2024,2,133.13,Caesars Superdome,Indoor,Turf,3.0,1975.0,New Orleans,LA,29.9509,-90.0815,Dallas Cowboys
2578,Patrick Mahomes Ii,18,25,72.0,151,6.0,2,2,2,4,29,0,0,1,14.9,14.9,96.3%,KC,kansas_city_chiefs,2024,2,77.13,GEHA Field at Arrowhead Stadium,Outdoor,Grass,1020.0,1972.0,Kansas City,MO,39.049,-94.4839,Kansas City Chiefs
2579,C.J. Stroud,23,36,63.9,260,7.2,1,0,3,1,-1,0,0,1,14.3,14.3,72.7%,HOU,houston_texans,2024,2,117.95,NRG Stadium,Indoor,Turf,50.0,2002.0,Houston,TX,29.6847,-95.4107,Houston Texans
2580,Gardner Minshew Ii,30,38,78.9,276,7.3,1,1,5,1,-1,0,0,1,13.9,13.9,3.1%,KC,kansas_city_chiefs,2024,2,124.69,GEHA Field at Arrowhead Stadium,Outdoor,Grass,1020.0,1972.0,Kansas City,MO,39.049,-94.4839,Kansas City Chiefs
2583,Malik Willis,12,14,85.7,122,8.7,1,0,0,6,41,0,0,1,13.0,13.0,3.3%,GB,green_bay_packers,2024,2,65.24,Lambeau Field,Outdoor,Grass,640.0,1957.0,Green Bay,WI,44.5013,-88.0622,Green Bay Packers
2597,Jameis Winston,0,0,0.0,0,0.0,0,0,0,2,4,0,0,1,0.4,0.4,8.9%,NYG,new_york_giants,2024,2,0.68,FedExField,Outdoor,Grass,300.0,1997.0,Landover,MD,38.9078,-76.8645,New York Giants
2564,Kyler Murray,17,21,81.0,266,12.7,3,0,1,5,59,0,0,1,28.5,28.5,89.7%,ARI,arizona_cardinals,2024,2,137.39,State Farm Stadium,Indoor,Turf,1070.0,2006.0,Glendale,AZ,33.5275,-112.2625,Arizona Cardinals
2594,Matthew Stafford,19,27,70.4,216,8.0,0,0,5,0,0,0,1,1,6.6,6.6,48.2%,LAR,los_angeles_rams,2024,2,94.42,State Farm Stadium,Indoor,Turf,1070.0,2006.0,Glendale,AZ,33.5275,-112.2625,Los Angeles Rams
2585,Will Levis,19,28,67.9,192,6.9,1,1,4,4,38,0,1,1,12.5,12.5,6.8%,TEN,tennessee_titans,2024,2,92.73,MetLife Stadium,Outdoor,Turf,3.0,2010.0,East Rutherford,NJ,40.8136,-74.0744,Tennessee Titans
2586,Justin Herbert,14,20,70.0,130,6.5,2,1,1,6,18,0,1,1,12.0,12.0,87.6%,LAC,los_angeles_chargers,2024,2,65.3,SoFi Stadium,Outdoor,Turf,100.0,2020.0,Inglewood,CA,33.9535,-118.3392,Los Angeles Chargers
2587,Justin Fields,13,20,65.0,117,5.9,1,0,2,8,27,0,0,1,11.4,11.4,80.9%,NYJ,new_york_jets,2024,2,60.26,MetLife Stadium,Outdoor,Turf,3.0,2010.0,East Rutherford,NJ,40.8136,-74.0744,New York Jets
2588,Jared Goff,34,55,61.8,307,5.6,0,2,0,2,5,0,0,1,10.8,10.8,83.0%,DET,detroit_lions,2024,2,135.18,Raymond James Stadium,Outdoor,Grass,26.0,1998.0,Tampa,FL,27.9759,-82.5033,Detroit Lions
2589,Jacoby Brissett,15,27,55.6,149,5.5,1,0,3,2,6,0,0,1,10.6,10.6,3.2%,ARI,arizona_cardinals,2024,2,70.52,State Farm Stadium,Indoor,Turf,1070.0,2006.0,Glendale,AZ,33.5275,-112.2625,Arizona Cardinals
2590,Bo Nix,20,35,57.1,246,7.0,0,2,2,4,25,0,0,1,10.3,10.3,93.2%,DEN,denver_broncos,2024,2,111.31,Acrisure Stadium,Outdoor,Grass,730.0,2001.0,Pittsburgh,PA,40.4468,-80.0158,Denver Broncos
2591,Josh Allen,13,19,68.4,139,7.3,1,0,0,2,2,0,0,1,9.8,9.8,99.2%,BUF,buffalo_bills,2024,2,65.72,Highmark Stadium,Outdoor,Grass,600.0,1973.0,Orchard Park,NY,42.7738,-78.7868,Buffalo Bills
2592,Caleb Williams,23,37,62.2,174,4.7,0,2,7,5,44,0,0,1,9.4,9.4,82.7%,CHI,chicago_bears,2024,2,83.62,NRG Stadium,Indoor,Turf,50.0,2002.0,Houston,TX,29.6847,-95.4107,Chicago Bears
2593,Tua Tagovailoa,17,25,68.0,145,5.8,1,3,1,2,17,0,0,1,8.5,8.5,48.2%,MIA,miami_dolphins,2024,2,68.51,Highmark Stadium,Outdoor,Grass,600.0,1973.0,Orchard Park,NY,42.7738,-78.7868,Miami Dolphins
2584,Anthony Richardson Sr.,17,34,50.0,204,6.0,1,3,1,4,37,0,0,1,12.9,12.9,38.2%,IND,indianapolis_colts,2024,2,97.23,Lambeau Field,Outdoor,Grass,640.0,1957.0,Green Bay,WI,44.5013,-88.0622,Indianapolis Colts
2595,Skylar Thompson,8,14,57.1,80,5.7,0,0,1,1,4,0,0,1,3.6,3.6,2.0%,PIT,pittsburgh_steelers,2024,2,36.86,Acrisure Stadium,Outdoor,Grass,730.0,2001.0,Pittsburgh,PA,40.4468,-80.0158,Pittsburgh Steelers
2596,Bryce Young,18,26,69.2,84,3.2,0,1,2,1,6,0,0,1,3.0,3.0,43.0%,CAR,carolina_panthers,2024,2,38.64,SoFi Stadium,Outdoor,Turf,100.0,2020.0,Inglewood,CA,33.9535,-118.3392,Carolina Panthers
2603,Clayton Tune,0,0,0.0,0,0.0,0,0,0,1,-6,0,1,1,-2.6,-2.6,1.1%,ARI,arizona_cardinals,2024,2,-2.52,State Farm Stadium,Indoor,Turf,1070.0,2006.0,Glendale,AZ,33.5275,-112.2625,Arizona Cardinals
2598,Cooper Rush,1,3,33.3,6,2.0,0,0,0,0,0,0,0,1,0.2,0.2,1.8%,BAL,baltimore_ravens,2024,2,3.04,Allegiant Stadium,Indoor,Turf,2001.0,2020.0,Las Vegas,NV,36.0908,-115.183,Baltimore Ravens
2599,Feleipe Franks,0,0,0.0,0,0.0,0,0,0,0,0,0,0,1,0.0,0.0,0.0%,ATL,atlanta_falcons,2024,2,0.0,Mercedes-Benz Stadium,Indoor,Turf,1050.0,2017.0,Atlanta,GA,33.755,-84.4008,Atlanta Falcons
2600,Joshua Dobbs,0,0,0.0,0,0.0,0,0,0,0,0,0,0,1,0.0,0.0,2.5%,NE,new_england_patriots,2024,2,0.0,Lumen Field,Outdoor,Turf,20.0,2002.0,Seattle,WA,47.5952,-122.3316,New England Patriots
2601,Mitchell Trubisky,0,0,0.0,0,0.0,0,0,0,2,-2,0,0,1,-0.2,-0.2,1.3%,BUF,buffalo_bills,2024,2,-0.34,Highmark Stadium,Outdoor,Grass,600.0,1973.0,Orchard Park,NY,42.7738,-78.7868,Buffalo Bills
2602,Jake Haener,0,0,0.0,0,0.0,0,0,0,3,-3,0,0,1,-0.3,-0.3,1.1%,NO,new_orleans_saints,2024,2,-0.51,Caesars Superdome,Indoor,Turf,3.0,1975.0,New Orleans,LA,29.9509,-90.0815,New Orleans Saints
2638,Davis Mills,7,12,58.3,79,6.6,0,0,1,0,0,0,0,1,3.2,3.2,0.8%,HOU,houston_texans,2024,3,35.86,U.S. Bank Stadium,Indoor,Turf,840.0,2016.0,Minneapolis,MN,44.974,-93.2581,Houston Texans
2607,Lamar Jackson,12,15,80.0,182,12.1,1,0,0,14,87,1,0,1,26.0,26.0,98.8%,BAL,baltimore_ravens,2024,3,103.82,M&T Bank Stadium,Outdoor,Grass,10.0,1998.0,Baltimore,MD,39.2779,-76.6227,Baltimore Ravens
2644,Mitchell Trubisky,1,1,100.0,3,3.0,0,0,0,1,-1,0,0,1,0.0,0.0,1.3%,BUF,buffalo_bills,2024,3,1.8,Highmark Stadium,Outdoor,Grass,600.0,1973.0,Orchard Park,NY,42.7738,-78.7868,Buffalo Bills
2643,Nick Mullens,0,0,0.0,0,0.0,0,0,0,1,0,0,0,1,0.0,0.0,1.1%,JAC,jacksonville_jaguars,2024,3,0.0,Highmark Stadium,Outdoor,Grass,600.0,1973.0,Orchard Park,NY,42.7738,-78.7868,Jacksonville Jaguars
2641,Jameis Winston,0,0,0.0,0,0.0,0,0,0,2,1,0,0,1,0.1,0.1,8.9%,NYG,new_york_giants,2024,3,0.17,MetLife Stadium,Outdoor,Turf,3.0,2010.0,East Rutherford,NJ,40.8136,-74.0744,New York Giants
2640,Taylor Heinicke,2,2,100.0,24,12.0,0,0,3,0,0,0,0,1,1.0,1.0,0.6%,LAC,los_angeles_chargers,2024,3,12.9,Acrisure Stadium,Outdoor,Grass,730.0,2001.0,Pittsburgh,PA,40.4468,-80.0158,Los Angeles Chargers
2639,Drake Maye,4,8,50.0,22,2.8,0,0,2,2,12,0,0,1,2.1,2.1,74.1%,NE,new_england_patriots,2024,3,12.43,MetLife Stadium,Outdoor,Turf,3.0,2010.0,East Rutherford,NJ,40.8136,-74.0744,New England Patriots
2637,Tim Boyle,7,13,53.8,79,6.1,0,0,1,1,6,0,0,1,3.8,3.8,0.0%,TEN,tennessee_titans,2024,3,36.78,Lambeau Field,Outdoor,Grass,640.0,1957.0,Green Bay,WI,44.5013,-88.0622,Tennessee Titans
2636,Jacoby Brissett,12,18,66.7,98,5.4,0,0,5,0,0,0,0,1,3.9,3.9,3.2%,ARI,arizona_cardinals,2024,3,44.21,Ford Field,Indoor,Turf,600.0,2002.0,Detroit,MI,42.34,-83.0456,Arizona Cardinals
2635,Skylar Thompson,13,19,68.4,107,5.6,0,0,5,0,0,0,0,1,4.3,4.3,2.0%,PIT,pittsburgh_steelers,2024,3,48.23,Acrisure Stadium,Outdoor,Grass,730.0,2001.0,Pittsburgh,PA,40.4468,-80.0158,Pittsburgh Steelers
2634,Anthony Richardson Sr.,10,20,50.0,167,8.4,0,2,1,8,24,0,0,1,7.1,7.1,38.2%,IND,indianapolis_colts,2024,3,76.65,Lucas Oil Stadium,Indoor,Turf,700.0,2008.0,Indianapolis,IN,39.7601,-86.1639,Indianapolis Colts
2633,Aidan O'Connell,9,12,75.0,82,6.8,1,0,1,0,0,0,0,1,7.3,7.3,4.5%,LV,las_vegas_raiders,2024,3,40.47,Bank of America Stadium,Outdoor,Grass,748.0,1996.0,Charlotte,NC,35.2258,-80.8528,Las Vegas Raiders
2631,Justin Herbert,12,18,66.7,125,6.9,1,0,2,1,0,0,0,1,9.0,9.0,87.6%,LAC,los_angeles_chargers,2024,3,59.18,Acrisure Stadium,Outdoor,Grass,730.0,2001.0,Pittsburgh,PA,40.4468,-80.0158,Los Angeles Chargers
2645,Mac Jones,5,8,62.5,22,2.8,0,0,1,0,0,0,1,1,-1.1,-1.1,4.0%,SF,san_francisco_49ers,2024,3,8.99,SoFi Stadium,Outdoor,Turf,100.0,2020.0,Inglewood,CA,33.9535,-118.3392,San Francisco 49ers
2604,Josh Allen,23,30,76.7,263,8.8,4,0,0,6,44,0,0,1,30.9,30.9,99.2%,BUF,buffalo_bills,2024,3,136.49,Highmark Stadium,Outdoor,Grass,600.0,1973.0,Orchard Park,NY,42.7738,-78.7868,Buffalo Bills
2606,Jayden Daniels,21,23,91.3,254,11.0,2,0,2,12,39,1,0,1,28.1,28.1,98.6%,WAS,washington_commanders,2024,3,130.27,FedExField,Outdoor,Grass,300.0,1997.0,Landover,MD,38.9078,-76.8645,Washington Commanders
2605,Dak Prescott,28,51,54.9,379,7.4,2,0,3,2,7,1,0,1,29.9,29.9,77.0%,DAL,dallas_cowboys,2024,3,178.31,M&T Bank Stadium,Outdoor,Grass,10.0,1998.0,Baltimore,MD,39.2779,-76.6227,Dallas Cowboys
2630,Baker Mayfield,25,33,75.8,163,4.9,1,1,7,0,0,0,0,1,9.5,9.5,94.5%,TB,tampa_bay_buccaneers,2024,3,75.53,Empower Field at Mile High,Outdoor,Turf,5280.0,2001.0,Denver,CO,39.7439,-105.0201,Tampa Bay Buccaneers
2629,Trevor Lawrence,21,38,55.3,178,4.7,1,1,4,2,3,0,0,1,10.4,10.4,49.3%,JAC,jacksonville_jaguars,2024,3,82.02,Highmark Stadium,Outdoor,Grass,600.0,1973.0,Orchard Park,NY,42.7738,-78.7868,Jacksonville Jaguars
2628,C.J. Stroud,20,31,64.5,215,6.9,1,2,4,3,12,0,0,1,11.8,11.8,72.7%,HOU,houston_texans,2024,3,98.94,U.S. Bank Stadium,Indoor,Turf,840.0,2016.0,Minneapolis,MN,44.974,-93.2581,Houston Texans
2627,Jalen Hurts,29,38,76.3,311,8.2,0,1,4,8,25,0,1,1,11.9,11.9,98.3%,PHI,philadelphia_eagles,2024,3,139.57,Lincoln Financial Field,Outdoor,Grass,30.0,2003.0,Philadelphia,PA,39.9008,-75.1675,Philadelphia Eagles
2626,Kirk Cousins,20,29,69.0,230,7.9,1,1,2,1,-1,0,0,1,12.1,12.1,16.0%,ATL,atlanta_falcons,2024,3,104.15,GEHA Field at Arrowhead Stadium,Outdoor,Grass,1020.0,1972.0,Kansas City,MO,39.049,-94.4839,Atlanta Falcons
2625,Matthew Stafford,16,25,64.0,221,8.8,1,0,3,0,0,0,0,1,12.8,12.8,48.2%,LAR,los_angeles_rams,2024,3,101.02,SoFi Stadium,Outdoor,Turf,100.0,2020.0,Inglewood,CA,33.9535,-118.3392,Los Angeles Rams
2624,Geno Smith,26,34,76.5,289,8.5,1,2,3,2,-2,0,0,1,13.4,13.4,36.9%,LV,las_vegas_raiders,2024,3,129.18,Bank of America Stadium,Outdoor,Grass,748.0,1996.0,Charlotte,NC,35.2258,-80.8528,Las Vegas Raiders
2623,Gardner Minshew Ii,18,28,64.3,214,7.6,1,1,2,3,14,0,0,1,15.0,15.0,3.1%,KC,kansas_city_chiefs,2024,3,101.02,GEHA Field at Arrowhead Stadium,Outdoor,Grass,1020.0,1972.0,Kansas City,MO,39.049,-94.4839,Kansas City Chiefs
2622,Jared Goff,18,23,78.3,199,8.7,2,1,2,3,6,0,0,1,15.6,15.6,83.0%,DET,detroit_lions,2024,3,95.16,Ford Field,Indoor,Turf,600.0,2002.0,Detroit,MI,42.34,-83.0456,Detroit Lions
2621,Will Levis,26,34,76.5,260,7.6,2,2,8,3,12,0,1,1,15.6,15.6,6.8%,TEN,tennessee_titans,2024,3,120.54,Lambeau Field,Outdoor,Grass,640.0,1957.0,Green Bay,WI,44.5013,-88.0622,Tennessee Titans
2620,Kyler Murray,21,34,61.8,207,6.1,1,1,1,5,45,0,0,1,15.8,15.8,89.7%,ARI,arizona_cardinals,2024,3,101.88,Ford Field,Indoor,Turf,600.0,2002.0,Detroit,MI,42.34,-83.0456,Arizona Cardinals
2619,Deshaun Watson,21,37,56.8,196,5.3,2,0,8,4,26,0,2,1,16.4,16.4,7.5%,CLE,cleveland_browns,2024,3,96.04,MetLife Stadium,Outdoor,Turf,3.0,2010.0,East Rutherford,NJ,40.8136,-74.0744,Cleveland Browns
2618,Patrick Mahomes Ii,26,39,66.7,217,5.6,2,1,0,6,17,0,0,1,17.4,17.4,96.3%,KC,kansas_city_chiefs,2024,3,104.9,GEHA Field at Arrowhead Stadium,Outdoor,Grass,1020.0,1972.0,Kansas City,MO,39.049,-94.4839,Kansas City Chiefs
2617,Bo Nix,25,36,69.4,216,6.0,0,0,0,9,47,1,0,1,19.3,19.3,93.2%,DEN,denver_broncos,2024,3,108.51,Empower Field at Mile High,Outdoor,Turf,5280.0,2001.0,Denver,CO,39.7439,-105.0201,Denver Broncos
2616,Caleb Williams,33,52,63.5,363,7.0,2,2,4,1,8,0,1,1,19.3,19.3,82.7%,CHI,chicago_bears,2024,3,164.51,Lucas Oil Stadium,Indoor,Turf,700.0,2008.0,Indianapolis,IN,39.7601,-86.1639,Chicago Bears
2615,Daniel Jones,24,34,70.6,236,6.9,2,0,2,8,20,0,0,1,19.4,19.4,20.7%,IND,indianapolis_colts,2024,3,114.36,Lucas Oil Stadium,Indoor,Turf,700.0,2008.0,Indianapolis,IN,39.7601,-86.1639,Indianapolis Colts
2614,Justin Fields,25,32,78.1,245,7.7,1,1,2,6,6,1,0,1,19.4,19.4,80.9%,NYJ,new_york_jets,2024,3,116.62,MetLife Stadium,Outdoor,Turf,3.0,2010.0,East Rutherford,NJ,40.8136,-74.0744,New York Jets
2613,Aaron Rodgers,27,35,77.1,281,8.0,2,0,2,3,18,0,0,1,21.0,21.0,28.3%,PIT,pittsburgh_steelers,2024,3,133.8,Acrisure Stadium,Outdoor,Grass,730.0,2001.0,Pittsburgh,PA,40.4468,-80.0158,Pittsburgh Steelers
2612,Sam Darnold,17,28,60.7,181,6.5,4,0,4,0,0,0,0,1,23.2,23.2,36.3%,SEA,seattle_seahawks,2024,3,92.84,Lumen Field,Outdoor,Turf,20.0,2002.0,Seattle,WA,47.5952,-122.3316,Seattle Seahawks
2611,Andy Dalton,26,37,70.3,319,8.6,3,0,2,2,-2,0,0,1,24.6,24.6,1.7%,CAR,carolina_panthers,2024,3,149.84,Bank of America Stadium,Outdoor,Grass,748.0,1996.0,Charlotte,NC,35.2258,-80.8528,Carolina Panthers
2610,Joe Burrow,29,38,76.3,324,8.5,3,0,2,1,4,0,0,1,25.4,25.4,98.2%,CIN,cincinnati_bengals,2024,3,153.28,FedExField,Outdoor,Grass,300.0,1997.0,Landover,MD,38.9078,-76.8645,Cincinnati Bengals
2609,Malik Willis,13,19,68.4,202,10.6,1,0,3,6,73,1,0,1,25.4,25.4,3.3%,GB,green_bay_packers,2024,3,109.8,Lambeau Field,Outdoor,Grass,640.0,1957.0,Green Bay,WI,44.5013,-88.0622,Green Bay Packers
2608,Brock Purdy,22,30,73.3,292,9.7,3,0,1,10,41,0,1,1,25.8,25.8,89.9%,SF,san_francisco_49ers,2024,3,143.9,SoFi Stadium,Outdoor,Turf,100.0,2020.0,Inglewood,CA,33.9535,-118.3392,San Francisco 49ers
2681,Feleipe Franks,0,0,0.0,0,0.0,0,0,0,0,0,0,0,1,0.0,0.0,0.0%,ATL,atlanta_falcons,2024,4,0.0,Mercedes-Benz Stadium,Indoor,Turf,1050.0,2017.0,Atlanta,GA,33.755,-84.4008,Atlanta Falcons
2654,Sam Darnold,20,28,71.4,275,9.8,3,1,2,7,15,0,1,1,21.5,21.5,36.3%,SEA,seattle_seahawks,2024,4,131.21,Ford Field,Indoor,Turf,600.0,2002.0,Detroit,MI,42.34,-83.0456,Seattle Seahawks
2653,Geno Smith,38,56,67.9,395,7.1,1,1,3,5,38,0,0,1,22.6,22.6,36.9%,LV,las_vegas_raiders,2024,4,183.04,Allegiant Stadium,Indoor,Turf,2001.0,2020.0,Las Vegas,NV,36.0908,-115.183,Las Vegas Raiders
2647,Jordan Love,32,54,59.3,389,7.2,4,3,1,1,6,0,0,1,31.2,31.2,73.1%,GB,green_bay_packers,2024,4,183.58,U.S. Bank Stadium,Indoor,Turf,840.0,2016.0,Minneapolis,MN,44.974,-93.2581,Green Bay Packers
2652,C.J. Stroud,27,40,67.5,345,8.6,2,0,2,3,17,0,0,1,23.5,23.5,72.7%,HOU,houston_texans,2024,4,161.17,NRG Stadium,Indoor,Turf,50.0,2002.0,Houston,TX,29.6847,-95.4107,Houston Texans
2651,Lamar Jackson,13,18,72.2,156,8.7,2,0,1,6,54,1,1,1,23.6,23.6,98.8%,BAL,baltimore_ravens,2024,4,88.06,M&T Bank Stadium,Outdoor,Grass,10.0,1998.0,Baltimore,MD,39.2779,-76.6227,Baltimore Ravens
2650,Jayden Daniels,26,30,86.7,233,7.8,1,1,0,8,47,1,0,1,25.0,25.0,98.6%,WAS,washington_commanders,2024,4,119.96,FedExField,Outdoor,Grass,300.0,1997.0,Landover,MD,38.9078,-76.8645,Washington Commanders
2649,Jared Goff,18,18,100.0,292,16.2,2,0,3,2,-2,0,0,1,26.2,26.2,83.0%,DET,detroit_lions,2024,4,140.58,Ford Field,Indoor,Turf,600.0,2002.0,Detroit,MI,42.34,-83.0456,Detroit Lions
2648,Baker Mayfield,30,47,63.8,347,7.4,2,0,2,4,10,1,0,1,28.9,28.9,94.5%,TB,tampa_bay_buccaneers,2024,4,165.31,Raymond James Stadium,Outdoor,Grass,26.0,1998.0,Tampa,FL,27.9759,-82.5033,Tampa Bay Buccaneers
2655,Joe Burrow,22,31,71.0,232,7.5,2,1,0,1,10,0,0,1,17.3,17.3,98.2%,CIN,cincinnati_bengals,2024,4,110.11,Paycor Stadium,Outdoor,Turf,482.0,2000.0,Cincinnati,OH,39.0954,-84.516,Cincinnati Bengals
2656,Dak Prescott,22,27,81.5,221,8.2,2,0,1,2,-1,0,0,1,16.7,16.7,77.0%,DAL,dallas_cowboys,2024,4,104.43,AT&T Stadium,Indoor,Turf,639.0,2009.0,Arlington,TX,32.7473,-97.0945,Dallas Cowboys
2657,Andy Dalton,25,40,62.5,220,5.5,2,1,0,3,9,0,0,1,16.7,16.7,1.7%,CAR,carolina_panthers,2024,4,104.69,Paycor Stadium,Outdoor,Turf,482.0,2000.0,Cincinnati,OH,39.0954,-84.516,Carolina Panthers
2658,Jalen Hurts,18,30,60.0,158,5.3,1,0,6,8,20,1,1,1,16.3,16.3,98.3%,PHI,philadelphia_eagles,2024,4,79.87,Raymond James Stadium,Outdoor,Grass,26.0,1998.0,Tampa,FL,27.9759,-82.5033,Philadelphia Eagles
2659,Brock Purdy,15,27,55.6,288,10.7,1,1,1,5,11,0,0,1,15.6,15.6,89.9%,SF,san_francisco_49ers,2024,4,131.06,Levi's Stadium,Outdoor,Grass,13.0,2014.0,Santa Clara,CA,37.403,-121.9692,San Francisco 49ers
2660,Joe Flacco,16,26,61.5,168,6.5,2,0,2,2,3,0,0,1,15.0,15.0,15.4%,CLE,cleveland_browns,2024,4,81.5,Allegiant Stadium,Indoor,Turf,2001.0,2020.0,Las Vegas,NV,36.0908,-115.183,Cleveland Browns
2661,Trevor Lawrence,18,33,54.5,169,5.1,2,0,1,3,5,0,0,1,14.8,14.8,49.3%,JAC,jacksonville_jaguars,2024,4,81.88,NRG Stadium,Indoor,Turf,50.0,2002.0,Houston,TX,29.6847,-95.4107,Jacksonville Jaguars
2662,Patrick Mahomes Ii,19,29,65.5,245,8.4,1,1,3,5,12,0,0,1,14.0,14.0,96.3%,KC,kansas_city_chiefs,2024,4,112.78,GEHA Field at Arrowhead Stadium,Outdoor,Grass,1020.0,1972.0,Kansas City,MO,39.049,-94.4839,Kansas City Chiefs
2663,Deshaun Watson,24,32,75.0,176,5.5,1,1,3,8,32,0,0,1,13.2,13.2,7.5%,CLE,cleveland_browns,2024,4,86.54,Allegiant Stadium,Indoor,Turf,2001.0,2020.0,Las Vegas,NV,36.0908,-115.183,Cleveland Browns
2665,Aaron Rodgers,24,42,57.1,225,5.4,0,0,5,5,26,0,0,1,11.6,11.6,28.3%,PIT,pittsburgh_steelers,2024,4,104.2,Lucas Oil Stadium,Indoor,Turf,700.0,2008.0,Indianapolis,IN,39.7601,-86.1639,Pittsburgh Steelers
2666,Caleb Williams,17,23,73.9,157,6.8,1,0,3,5,12,0,0,1,11.5,11.5,82.7%,CHI,chicago_bears,2024,4,75.41,Soldier Field,Outdoor,Grass,595.0,1924.0,Chicago,IL,41.8623,-87.6167,Chicago Bears
2667,Justin Herbert,16,27,59.3,179,6.6,1,0,2,3,0,0,0,1,11.2,11.2,87.6%,LAC,los_angeles_chargers,2024,4,82.66,GEHA Field at Arrowhead Stadium,Outdoor,Grass,1020.0,1972.0,Kansas City,MO,39.049,-94.4839,Los Angeles Chargers
2668,Daniel Jones,29,40,72.5,281,7.0,0,1,1,4,3,0,0,1,10.5,10.5,20.7%,IND,indianapolis_colts,2024,4,124.25,Lucas Oil Stadium,Indoor,Turf,700.0,2008.0,Indianapolis,IN,39.7601,-86.1639,Indianapolis Colts
2669,Kyler Murray,16,22,72.7,142,6.5,1,0,4,1,3,0,0,1,10.0,10.0,89.7%,ARI,arizona_cardinals,2024,4,67.3,FedExField,Outdoor,Grass,300.0,1997.0,Landover,MD,38.9078,-76.8645,Arizona Cardinals
2671,Kirk Cousins,21,35,60.0,238,6.8,0,1,1,0,0,0,0,1,8.5,8.5,16.0%,ATL,atlanta_falcons,2024,4,104.51,Mercedes-Benz Stadium,Indoor,Turf,1050.0,2017.0,Atlanta,GA,33.755,-84.4008,Atlanta Falcons
2672,Jacoby Brissett,19,32,59.4,168,5.3,1,1,6,2,3,0,1,1,8.0,8.0,3.2%,ARI,arizona_cardinals,2024,4,76.16,FedExField,Outdoor,Grass,300.0,1997.0,Landover,MD,38.9078,-76.8645,Arizona Cardinals
2673,Josh Allen,16,29,55.2,180,6.2,0,0,3,5,21,0,1,1,7.3,7.3,99.2%,BUF,buffalo_bills,2024,4,81.95,M&T Bank Stadium,Outdoor,Grass,10.0,1998.0,Baltimore,MD,39.2779,-76.6227,Buffalo Bills
2674,Bo Nix,12,25,48.0,60,2.4,1,0,0,5,3,0,0,1,6.7,6.7,93.2%,DEN,denver_broncos,2024,4,30.97,Empower Field at Mile High,Outdoor,Turf,5280.0,2001.0,Denver,CO,39.7439,-105.0201,Denver Broncos
2675,Matthew Stafford,20,29,69.0,224,7.7,0,1,3,1,-1,0,1,1,5.9,5.9,48.2%,LAR,los_angeles_rams,2024,4,96.97,Soldier Field,Outdoor,Grass,595.0,1924.0,Chicago,IL,41.8623,-87.6167,Los Angeles Rams
2676,Anthony Richardson Sr.,3,4,75.0,71,17.8,0,0,0,3,24,0,0,1,5.2,5.2,38.2%,IND,indianapolis_colts,2024,4,38.3,Lucas Oil Stadium,Indoor,Turf,700.0,2008.0,Indianapolis,IN,39.7601,-86.1639,Indianapolis Colts
2677,Gardner Minshew Ii,14,24,58.3,130,5.4,0,0,2,2,-2,0,0,1,5.0,5.0,3.1%,KC,kansas_city_chiefs,2024,4,57.78,GEHA Field at Arrowhead Stadium,Outdoor,Grass,1020.0,1972.0,Kansas City,MO,39.049,-94.4839,Kansas City Chiefs
2678,Mason Rudolph,9,17,52.9,85,5.0,0,0,1,0,0,0,0,1,3.4,3.4,5.9%,PIT,pittsburgh_steelers,2024,4,38.28,Lucas Oil Stadium,Indoor,Turf,700.0,2008.0,Indianapolis,IN,39.7601,-86.1639,Pittsburgh Steelers
2679,Will Levis,3,4,75.0,25,6.3,0,1,0,2,5,0,0,1,0.5,0.5,6.8%,TEN,tennessee_titans,2024,4,12.31,Nissan Stadium,Outdoor,Grass,476.0,1999.0,Nashville,TN,36.1665,-86.7713,Tennessee Titans
2680,Mitchell Trubisky,1,2,50.0,2,1.0,0,0,0,0,0,0,0,1,0.1,0.1,1.3%,BUF,buffalo_bills,2024,4,1.17,M&T Bank Stadium,Outdoor,Grass,10.0,1998.0,Baltimore,MD,39.2779,-76.6227,Buffalo Bills
2646,Justin Fields,22,34,64.7,312,9.2,1,0,4,10,55,2,1,1,32.0,32.0,80.9%,NYJ,new_york_jets,2024,4,157.34,Empower Field at Mile High,Outdoor,Turf,5280.0,2001.0,Denver,CO,39.7439,-105.0201,New York Jets
2682,Josh Johnson,1,1,100.0,1,1.0,0,0,0,0,0,0,0,1,0.0,0.0,1.0%,WAS,washington_commanders,2024,4,0.7,FedExField,Outdoor,Grass,300.0,1997.0,Landover,MD,38.9078,-76.8645,Washington Commanders
2701,Josh Allen,9,30,30.0,131,4.4,1,0,1,4,54,0,0,1,14.6,14.6,99.2%,BUF,buffalo_bills,2024,5,70.1,NRG Stadium,Indoor,Turf,50.0,2002.0,Houston,TX,29.6847,-95.4107,Buffalo Bills
2720,Tyson Bagent,0,0,0.0,0,0.0,0,0,0,3,-4,0,0,1,-0.4,-0.4,1.1%,CHI,chicago_bears,2024,5,-0.68,Soldier Field,Outdoor,Grass,595.0,1924.0,Chicago,IL,41.8623,-87.6167,Chicago Bears
2685,Lamar Jackson,26,42,61.9,348,8.3,4,0,1,12,55,0,1,1,33.4,33.4,98.8%,BAL,baltimore_ravens,2024,5,173.44,M&T Bank Stadium,Outdoor,Grass,10.0,1998.0,Baltimore,MD,39.2779,-76.6227,Baltimore Ravens
2686,Joe Flacco,33,44,75.0,359,8.2,3,0,4,3,22,0,1,1,26.6,26.6,15.4%,CLE,cleveland_browns,2024,5,170.16,FedExField,Outdoor,Grass,300.0,1997.0,Landover,MD,38.9078,-76.8645,Cleveland Browns
2687,Kyler Murray,19,30,63.3,195,6.5,1,1,1,7,83,1,0,1,25.1,25.1,89.7%,ARI,arizona_cardinals,2024,5,107.47,State Farm Stadium,Indoor,Turf,1070.0,2006.0,Glendale,AZ,33.5275,-112.2625,Arizona Cardinals
2688,Caleb Williams,20,29,69.0,304,10.5,2,0,1,5,34,0,0,1,23.6,23.6,82.7%,CHI,chicago_bears,2024,5,146.22,Soldier Field,Outdoor,Grass,595.0,1924.0,Chicago,IL,41.8623,-87.6167,Chicago Bears
2689,Baker Mayfield,19,24,79.2,180,7.5,3,0,1,6,42,0,0,1,23.4,23.4,94.5%,TB,tampa_bay_buccaneers,2024,5,96.88,Mercedes-Benz Stadium,Indoor,Turf,1050.0,2017.0,Atlanta,GA,33.755,-84.4008,Tampa Bay Buccaneers
2690,Bo Nix,19,27,70.4,206,7.6,2,0,3,8,9,1,0,1,23.1,23.1,93.2%,DEN,denver_broncos,2024,5,103.69,Empower Field at Mile High,Outdoor,Turf,5280.0,2001.0,Denver,CO,39.7439,-105.0201,Denver Broncos
2691,Geno Smith,28,40,70.0,284,7.1,1,0,7,4,72,0,0,1,22.6,22.6,36.9%,LV,las_vegas_raiders,2024,5,141.14,Empower Field at Mile High,Outdoor,Turf,5280.0,2001.0,Denver,CO,39.7439,-105.0201,Las Vegas Raiders
2692,Trevor Lawrence,28,34,82.4,371,10.9,2,1,0,2,4,0,0,1,22.2,22.2,49.3%,JAC,jacksonville_jaguars,2024,5,169.82,TIAA Bank Field,Outdoor,Grass,16.0,1995.0,Jacksonville,FL,30.3239,-81.6373,Jacksonville Jaguars
2693,Daniel Jones,23,34,67.6,257,7.6,2,0,3,11,38,0,0,1,22.1,22.1,20.7%,IND,indianapolis_colts,2024,5,126.49,TIAA Bank Field,Outdoor,Grass,16.0,1995.0,Jacksonville,FL,30.3239,-81.6373,Indianapolis Colts
2694,Jayden Daniels,14,25,56.0,238,9.5,1,1,3,11,82,0,0,1,20.7,20.7,98.6%,WAS,washington_commanders,2024,5,121.39,FedExField,Outdoor,Grass,300.0,1997.0,Landover,MD,38.9078,-76.8645,Washington Commanders
2695,Dak Prescott,29,42,69.0,352,8.4,2,2,2,1,3,0,1,1,18.4,18.4,77.0%,DAL,dallas_cowboys,2024,5,158.86,AT&T Stadium,Indoor,Turf,639.0,2009.0,Arlington,TX,32.7473,-97.0945,Dallas Cowboys
2696,Jordan Love,15,26,57.7,224,8.6,2,1,2,3,10,0,0,1,17.0,17.0,73.1%,GB,green_bay_packers,2024,5,106.22,Lambeau Field,Outdoor,Grass,640.0,1957.0,Green Bay,WI,44.5013,-88.0622,Green Bay Packers
2697,C.J. Stroud,28,38,73.7,331,8.7,1,1,1,3,27,0,1,1,16.9,16.9,72.7%,HOU,houston_texans,2024,5,151.57,NRG Stadium,Indoor,Turf,50.0,2002.0,Houston,TX,29.6847,-95.4107,Houston Texans
2698,Justin Fields,15,27,55.6,131,4.9,2,0,3,6,27,0,0,1,15.9,15.9,80.9%,NYJ,new_york_jets,2024,5,69.31,U.S. Bank Stadium,Indoor,Turf,840.0,2016.0,Minneapolis,MN,44.974,-93.2581,New York Jets
2699,Brock Purdy,19,35,54.3,244,7.0,1,2,2,4,33,0,0,1,15.1,15.1,89.9%,SF,san_francisco_49ers,2024,5,114.87,State Farm Stadium,Indoor,Turf,1070.0,2006.0,Glendale,AZ,33.5275,-112.2625,San Francisco 49ers
2700,Aaron Rodgers,29,54,53.7,244,4.5,2,3,3,0,0,0,0,1,14.8,14.8,28.3%,PIT,pittsburgh_steelers,2024,5,112.06,AT&T Stadium,Indoor,Turf,639.0,2009.0,Arlington,TX,32.7473,-97.0945,Pittsburgh Steelers
2683,Kirk Cousins,42,58,72.4,509,8.8,4,1,4,0,0,0,0,1,35.4,35.4,16.0%,ATL,atlanta_falcons,2024,5,235.44,Mercedes-Benz Stadium,Indoor,Turf,1050.0,2017.0,Atlanta,GA,33.755,-84.4008,Atlanta Falcons
2702,Patrick Mahomes Ii,28,39,71.8,331,8.5,0,1,2,6,22,0,0,1,14.4,14.4,96.3%,KC,kansas_city_chiefs,2024,5,149.08,GEHA Field at Arrowhead Stadium,Outdoor,Grass,1020.0,1972.0,Kansas City,MO,39.049,-94.4839,Kansas City Chiefs
2704,Matthew Stafford,29,45,64.4,260,5.8,1,1,3,0,0,0,0,1,13.4,13.4,48.2%,LAR,los_angeles_rams,2024,5,117.64,Lambeau Field,Outdoor,Grass,640.0,1957.0,Green Bay,WI,44.5013,-88.0622,Los Angeles Rams
2705,Gardner Minshew Ii,12,17,70.6,137,8.1,1,2,2,2,22,0,0,1,9.7,9.7,3.1%,KC,kansas_city_chiefs,2024,5,66.71,GEHA Field at Arrowhead Stadium,Outdoor,Grass,1020.0,1972.0,Kansas City,MO,39.049,-94.4839,Kansas City Chiefs
2706,Deshaun Watson,15,28,53.6,125,4.5,1,0,7,3,14,0,1,1,8.4,8.4,7.5%,CLE,cleveland_browns,2024,5,59.88,FedExField,Outdoor,Grass,300.0,1997.0,Landover,MD,38.9078,-76.8645,Cleveland Browns
2708,Jacoby Brissett,18,34,52.9,160,4.7,0,0,2,1,10,0,0,1,7.4,7.4,3.2%,ARI,arizona_cardinals,2024,5,72.92,State Farm Stadium,Indoor,Turf,1070.0,2006.0,Glendale,AZ,33.5275,-112.2625,Arizona Cardinals
2709,Sam Darnold,14,31,45.2,179,5.8,0,1,4,5,11,0,1,1,5.3,5.3,36.3%,SEA,seattle_seahawks,2024,5,78.77,MetLife Stadium,Outdoor,Turf,3.0,2010.0,East Rutherford,NJ,40.8136,-74.0744,Seattle Seahawks
2710,Andy Dalton,18,28,64.3,136,4.9,0,1,3,1,3,0,0,1,4.7,4.7,1.7%,CAR,carolina_panthers,2024,5,60.67,Soldier Field,Outdoor,Grass,595.0,1924.0,Chicago,IL,41.8623,-87.6167,Carolina Panthers
2711,Bryce Young,4,7,57.1,58,8.3,0,0,1,1,8,0,0,1,3.1,3.1,43.0%,CAR,carolina_panthers,2024,5,28.23,Soldier Field,Outdoor,Grass,595.0,1924.0,Chicago,IL,41.8623,-87.6167,Carolina Panthers
2712,Aidan O'Connell,10,20,50.0,94,4.7,0,1,1,0,0,0,0,1,2.8,2.8,4.5%,LV,las_vegas_raiders,2024,5,41.4,Empower Field at Mile High,Outdoor,Turf,5280.0,2001.0,Denver,CO,39.7439,-105.0201,Las Vegas Raiders
2713,Jake Haener,2,7,28.6,17,2.4,0,0,0,2,11,0,0,1,1.8,1.8,1.1%,NO,new_orleans_saints,2024,5,9.84,GEHA Field at Arrowhead Stadium,Outdoor,Grass,1020.0,1972.0,Kansas City,MO,39.049,-94.4839,New Orleans Saints
2714,Nick Mullens,1,1,100.0,24,24.0,0,0,0,0,0,0,0,1,1.0,1.0,1.1%,JAC,jacksonville_jaguars,2024,5,15.2,TIAA Bank Field,Outdoor,Grass,16.0,1995.0,Jacksonville,FL,30.3239,-81.6373,Jacksonville Jaguars
2715,Kyle Allen,1,1,100.0,19,19.0,0,0,0,0,0,0,0,1,0.8,0.8,1.1%,DET,detroit_lions,2024,5,12.06,,,,,,,,,,Detroit Lions
2716,Jameis Winston,1,1,100.0,16,16.0,0,0,0,1,-3,0,0,1,0.3,0.3,8.9%,NYG,new_york_giants,2024,5,9.61,MetLife Stadium,Outdoor,Turf,3.0,2010.0,East Rutherford,NJ,40.8136,-74.0744,New York Giants
2717,Marcus Mariota,1,3,33.3,-2,-0.7,0,0,0,2,2,0,0,1,0.1,0.1,3.1%,WAS,washington_commanders,2024,5,-0.57,FedExField,Outdoor,Grass,300.0,1997.0,Landover,MD,38.9078,-76.8645,Washington Commanders
2718,Feleipe Franks,0,0,0.0,0,0.0,0,0,0,0,0,0,0,1,0.0,0.0,0.0%,ATL,atlanta_falcons,2024,5,0.0,Mercedes-Benz Stadium,Indoor,Turf,1050.0,2017.0,Atlanta,GA,33.755,-84.4008,Atlanta Falcons
2719,Mitchell Trubisky,0,0,0.0,0,0.0,0,0,0,0,0,0,0,1,0.0,0.0,1.3%,BUF,buffalo_bills,2024,5,0.0,NRG Stadium,Indoor,Turf,50.0,2002.0,Houston,TX,29.6847,-95.4107,Buffalo Bills
2684,Joe Burrow,30,39,76.9,392,10.1,5,1,3,2,1,0,0,1,34.8,34.8,98.2%,CIN,cincinnati_bengals,2024,5,187.68,M&T Bank Stadium,Outdoor,Grass,10.0,1998.0,Baltimore,MD,39.2779,-76.6227,Cincinnati Bengals
2737,Andy Dalton,26,38,68.4,221,5.8,2,2,0,3,21,0,0,1,16.9,16.9,1.7%,CAR,carolina_panthers,2024,6,106.49,Mercedes-Benz Stadium,Indoor,Turf,1050.0,2017.0,Atlanta,GA,33.755,-84.4008,Carolina Panthers
2740,Spencer Rattler,22,40,55.0,243,6.1,1,2,5,4,27,0,0,1,14.4,14.4,12.3%,NO,new_orleans_saints,2024,6,113.5,Raymond James Stadium,Outdoor,Grass,26.0,1998.0,Tampa,FL,27.9759,-82.5033,New Orleans Saints
2723,Jordan Love,22,32,68.8,258,8.1,4,1,0,5,13,0,0,1,26.6,26.6,73.1%,GB,green_bay_packers,2024,6,128.04,Lambeau Field,Outdoor,Grass,640.0,1957.0,Green Bay,WI,44.5013,-88.0622,Green Bay Packers
2724,Jared Goff,18,25,72.0,315,12.6,3,0,2,3,5,0,0,1,25.1,25.1,83.0%,DET,detroit_lions,2024,6,149.29,Ford Field,Indoor,Turf,600.0,2002.0,Detroit,MI,42.34,-83.0456,Detroit Lions
2725,Josh Allen,19,25,76.0,215,8.6,2,0,2,9,18,1,0,1,24.4,24.4,99.2%,BUF,buffalo_bills,2024,6,109.3,Highmark Stadium,Outdoor,Grass,600.0,1973.0,Orchard Park,NY,42.7738,-78.7868,Buffalo Bills
2726,Brock Purdy,18,28,64.3,255,9.1,3,0,0,4,19,0,0,1,24.1,24.1,89.9%,SF,san_francisco_49ers,2024,6,125.29,Levi's Stadium,Outdoor,Grass,13.0,2014.0,Santa Clara,CA,37.403,-121.9692,San Francisco 49ers
2727,Justin Fields,14,24,58.3,145,6.0,0,0,3,11,59,2,0,1,23.7,23.7,80.9%,NYJ,new_york_jets,2024,6,83.49,Highmark Stadium,Outdoor,Grass,600.0,1973.0,Orchard Park,NY,42.7738,-78.7868,New York Jets
2721,Caleb Williams,23,29,79.3,226,7.8,4,1,3,4,56,0,0,1,29.6,29.6,82.7%,CHI,chicago_bears,2024,6,121.68,Soldier Field,Outdoor,Grass,595.0,1924.0,Chicago,IL,41.8623,-87.6167,Chicago Bears
2729,Bo Nix,19,33,57.6,216,6.5,2,1,2,6,61,0,0,1,21.7,21.7,93.2%,DEN,denver_broncos,2024,6,111.39,SoFi Stadium,Outdoor,Turf,100.0,2020.0,Inglewood,CA,33.9535,-118.3392,Denver Broncos
2730,Drake Maye,20,33,60.6,243,7.4,3,2,4,5,38,0,1,1,21.5,21.5,74.1%,NE,new_england_patriots,2024,6,120.13,NRG Stadium,Indoor,Turf,50.0,2002.0,Houston,TX,29.6847,-95.4107,New England Patriots
2739,Geno Smith,30,52,57.7,312,6.0,1,2,1,1,0,0,0,1,14.5,14.5,36.9%,LV,las_vegas_raiders,2024,6,139.25,Acrisure Stadium,Outdoor,Grass,730.0,2001.0,Pittsburgh,PA,40.4468,-80.0158,Las Vegas Raiders
2732,Lamar Jackson,20,26,76.9,323,12.4,1,1,2,11,40,0,0,1,19.9,19.9,98.8%,BAL,baltimore_ravens,2024,6,151.81,M&T Bank Stadium,Outdoor,Grass,10.0,1998.0,Baltimore,MD,39.2779,-76.6227,Baltimore Ravens
2733,Joe Burrow,19,28,67.9,208,7.4,0,0,4,4,55,1,0,1,19.8,19.8,98.2%,CIN,cincinnati_bengals,2024,6,106.14,Paycor Stadium,Outdoor,Turf,482.0,2000.0,Cincinnati,OH,39.0954,-84.516,Cincinnati Bengals
2734,C.J. Stroud,20,31,64.5,192,6.2,3,1,2,3,7,0,0,1,19.4,19.4,72.7%,HOU,houston_texans,2024,6,95.12,NRG Stadium,Indoor,Turf,50.0,2002.0,Houston,TX,29.6847,-95.4107,Houston Texans
2735,Aaron Rodgers,23,35,65.7,294,8.4,2,1,3,0,0,0,0,1,18.8,18.8,28.3%,PIT,pittsburgh_steelers,2024,6,135.24,Acrisure Stadium,Outdoor,Grass,730.0,2001.0,Pittsburgh,PA,40.4468,-80.0158,Pittsburgh Steelers
2736,Trevor Lawrence,23,35,65.7,234,6.7,2,1,3,4,17,0,0,1,18.1,18.1,49.3%,JAC,jacksonville_jaguars,2024,6,112.11,Soldier Field,Outdoor,Grass,595.0,1924.0,Chicago,IL,41.8623,-87.6167,Jacksonville Jaguars
2728,Jalen Hurts,16,25,64.0,264,10.6,2,0,1,14,33,0,0,1,21.9,21.9,98.3%,PHI,philadelphia_eagles,2024,6,128.55,Lincoln Financial Field,Outdoor,Grass,30.0,2003.0,Philadelphia,PA,39.9008,-75.1675,Philadelphia Eagles
2722,Baker Mayfield,24,36,66.7,325,9.0,4,3,1,3,29,0,0,1,28.9,28.9,94.5%,TB,tampa_bay_buccaneers,2024,6,158.23,Raymond James Stadium,Outdoor,Grass,26.0,1998.0,Tampa,FL,27.9759,-82.5033,Tampa Bay Buccaneers
2731,Jayden Daniels,24,35,68.6,269,7.7,2,0,3,6,22,0,0,1,21.0,21.0,98.6%,WAS,washington_commanders,2024,6,129.04,M&T Bank Stadium,Outdoor,Grass,10.0,1998.0,Baltimore,MD,39.2779,-76.6227,Washington Commanders
2738,Joe Flacco,22,38,57.9,189,5.0,2,1,0,1,1,0,0,1,14.7,14.7,15.4%,CLE,cleveland_browns,2024,6,89.69,Lincoln Financial Field,Outdoor,Grass,30.0,2003.0,Philadelphia,PA,39.9008,-75.1675,Cleveland Browns
2741,Justin Herbert,21,34,61.8,237,7.0,1,0,3,4,2,0,0,1,13.7,13.7,87.6%,LAC,los_angeles_chargers,2024,6,108.39,SoFi Stadium,Outdoor,Turf,100.0,2020.0,Inglewood,CA,33.9535,-118.3392,Los Angeles Chargers
2742,Daniel Jones,22,41,53.7,205,5.0,0,1,2,11,56,0,0,1,12.8,12.8,20.7%,IND,indianapolis_colts,2024,6,99.66,Lucas Oil Stadium,Indoor,Turf,700.0,2008.0,Indianapolis,IN,39.7601,-86.1639,Indianapolis Colts
2743,Kirk Cousins,19,30,63.3,225,7.5,1,0,0,4,-5,0,0,1,12.5,12.5,16.0%,ATL,atlanta_falcons,2024,6,101.95,Mercedes-Benz Stadium,Indoor,Turf,1050.0,2017.0,Atlanta,GA,33.755,-84.4008,Atlanta Falcons
2744,Aidan O'Connell,27,40,67.5,227,5.7,1,1,1,0,0,0,0,1,12.1,12.1,4.5%,LV,las_vegas_raiders,2024,6,103.31,Acrisure Stadium,Outdoor,Grass,730.0,2001.0,Pittsburgh,PA,40.4468,-80.0158,Las Vegas Raiders
2745,Kyler Murray,22,32,68.8,214,6.7,1,0,0,7,14,0,1,1,12.0,12.0,89.7%,ARI,arizona_cardinals,2024,6,99.14,Lambeau Field,Outdoor,Grass,640.0,1957.0,Green Bay,WI,44.5013,-88.0622,Arizona Cardinals
2746,Deshaun Watson,16,23,69.6,168,7.3,0,0,5,4,17,0,0,1,8.4,8.4,7.5%,CLE,cleveland_browns,2024,6,77.84,Lincoln Financial Field,Outdoor,Grass,30.0,2003.0,Philadelphia,PA,39.9008,-75.1675,Cleveland Browns
2747,Will Levis,16,27,59.3,95,3.5,1,1,0,3,15,0,0,1,8.3,8.3,6.8%,TEN,tennessee_titans,2024,6,47.81,Lucas Oil Stadium,Indoor,Turf,700.0,2008.0,Indianapolis,IN,39.7601,-86.1639,Tennessee Titans
2748,Dak Prescott,17,33,51.5,178,5.4,0,2,4,1,1,0,0,1,5.2,5.2,77.0%,DAL,dallas_cowboys,2024,6,77.52,Ford Field,Indoor,Turf,600.0,2002.0,Detroit,MI,42.34,-83.0456,Dallas Cowboys
2749,Cooper Rush,8,11,72.7,46,4.2,0,1,0,1,2,0,0,1,1.0,1.0,1.8%,BAL,baltimore_ravens,2024,6,20.84,M&T Bank Stadium,Outdoor,Grass,10.0,1998.0,Baltimore,MD,39.2779,-76.6227,Baltimore Ravens
2750,Hendon Hooker,1,2,50.0,19,9.5,0,0,1,1,-1,0,0,1,0.7,0.7,2.0%,DET,detroit_lions,2024,6,9.99,Ford Field,Indoor,Turf,600.0,2002.0,Detroit,MI,42.34,-83.0456,Detroit Lions
2751,Mac Jones,1,1,100.0,6,6.0,0,0,1,0,0,0,0,1,0.2,0.2,4.0%,SF,san_francisco_49ers,2024,6,3.84,Levi's Stadium,Outdoor,Grass,13.0,2014.0,Santa Clara,CA,37.403,-121.9692,San Francisco 49ers
2752,Davis Mills,0,1,0.0,0,0.0,0,0,0,0,0,0,0,1,0.0,0.0,0.8%,HOU,houston_texans,2024,6,0.0,NRG Stadium,Indoor,Turf,50.0,2002.0,Houston,TX,29.6847,-95.4107,Houston Texans
2753,Feleipe Franks,0,0,0.0,0,0.0,0,0,0,0,0,0,0,1,0.0,0.0,0.0%,ATL,atlanta_falcons,2024,6,0.0,Mercedes-Benz Stadium,Indoor,Turf,1050.0,2017.0,Atlanta,GA,33.755,-84.4008,Atlanta Falcons
2755,Tyson Bagent,0,0,0.0,0,0.0,0,0,0,3,-3,0,0,1,-0.3,-0.3,1.1%,CHI,chicago_bears,2024,6,-0.51,Soldier Field,Outdoor,Grass,595.0,1924.0,Chicago,IL,41.8623,-87.6167,Chicago Bears
2772,Justin Herbert,27,39,69.2,349,8.9,0,0,3,2,8,0,0,1,14.8,14.8,87.6%,LAC,los_angeles_chargers,2024,7,155.24,State Farm Stadium,Indoor,Turf,1070.0,2006.0,Glendale,AZ,33.5275,-112.2625,Los Angeles Chargers
2757,Baker Mayfield,31,45,68.9,370,8.2,3,2,3,5,22,0,0,1,29.0,29.0,94.5%,TB,tampa_bay_buccaneers,2024,7,175.94,M&T Bank Stadium,Outdoor,Grass,10.0,1998.0,Baltimore,MD,39.2779,-76.6227,Tampa Bay Buccaneers
2758,Russell Wilson,16,29,55.2,264,9.1,2,0,1,3,3,1,0,1,24.9,24.9,23.4%,NYG,new_york_giants,2024,7,127.55,Lincoln Financial Field,Outdoor,Grass,30.0,2003.0,Philadelphia,PA,39.9008,-75.1675,New York Giants
2759,Jalen Hurts,10,14,71.4,114,8.1,1,0,4,7,22,2,0,1,22.8,22.8,98.3%,PHI,philadelphia_eagles,2024,7,67.08,Lincoln Financial Field,Outdoor,Grass,30.0,2003.0,Philadelphia,PA,39.9008,-75.1675,Philadelphia Eagles
2760,Kyler Murray,14,26,53.8,145,5.6,1,1,0,6,64,1,0,1,21.2,21.2,89.7%,ARI,arizona_cardinals,2024,7,82.16,State Farm Stadium,Indoor,Turf,1070.0,2006.0,Glendale,AZ,33.5275,-112.2625,Arizona Cardinals
2761,Josh Allen,21,33,63.6,323,9.8,2,0,1,3,1,0,0,1,21.0,21.0,99.2%,BUF,buffalo_bills,2024,7,148.66,Highmark Stadium,Outdoor,Grass,600.0,1973.0,Orchard Park,NY,42.7738,-78.7868,Buffalo Bills
2762,Drake Maye,26,37,70.3,276,7.5,2,0,2,3,18,0,0,1,20.8,20.8,74.1%,NE,new_england_patriots,2024,7,131.46,TIAA Bank Field,Outdoor,Grass,16.0,1995.0,Jacksonville,FL,30.3239,-81.6373,New England Patriots
2763,Brock Purdy,17,31,54.8,212,6.8,0,3,1,8,27,2,0,1,20.2,20.2,89.9%,SF,san_francisco_49ers,2024,7,104.8,GEHA Field at Arrowhead Stadium,Outdoor,Grass,1020.0,1972.0,Kansas City,MO,39.049,-94.4839,San Francisco 49ers
2764,Marcus Mariota,18,23,78.3,205,8.9,2,0,1,11,34,0,0,1,19.6,19.6,3.1%,WAS,washington_commanders,2024,7,103.3,FedExField,Outdoor,Grass,300.0,1997.0,Landover,MD,38.9078,-76.8645,Washington Commanders
2765,Jared Goff,22,25,88.0,280,11.2,2,0,4,2,-4,0,0,1,18.8,18.8,83.0%,DET,detroit_lions,2024,7,129.8,Ford Field,Indoor,Turf,600.0,2002.0,Detroit,MI,42.34,-83.0456,Detroit Lions
2766,Jordan Love,24,33,72.7,220,6.7,3,2,3,0,0,0,0,1,18.8,18.8,73.1%,GB,green_bay_packers,2024,7,105.6,Lambeau Field,Outdoor,Grass,640.0,1957.0,Green Bay,WI,44.5013,-88.0622,Green Bay Packers
2767,Geno Smith,18,28,64.3,207,7.4,2,0,1,4,15,0,0,1,17.8,17.8,36.9%,LV,las_vegas_raiders,2024,7,100.64,SoFi Stadium,Outdoor,Turf,100.0,2020.0,Inglewood,CA,33.9535,-118.3392,Las Vegas Raiders
2768,Sam Darnold,22,27,81.5,259,9.6,1,1,4,4,39,0,0,1,17.3,17.3,36.3%,SEA,seattle_seahawks,2024,7,123.93,Lumen Field,Outdoor,Turf,20.0,2002.0,Seattle,WA,47.5952,-122.3316,Seattle Seahawks
2769,Aaron Rodgers,24,39,61.5,276,7.1,1,2,1,0,0,0,0,1,15.0,15.0,28.3%,PIT,pittsburgh_steelers,2024,7,124.82,Acrisure Stadium,Outdoor,Grass,730.0,2001.0,Pittsburgh,PA,40.4468,-80.0158,Pittsburgh Steelers
2770,Trevor Lawrence,15,20,75.0,193,9.7,1,0,0,2,13,0,0,1,15.0,15.0,49.3%,JAC,jacksonville_jaguars,2024,7,92.74,TIAA Bank Field,Outdoor,Grass,16.0,1995.0,Jacksonville,FL,30.3239,-81.6373,Jacksonville Jaguars
2771,Joe Burrow,15,25,60.0,181,7.2,2,0,3,3,-3,0,0,1,14.9,14.9,98.2%,CIN,cincinnati_bengals,2024,7,86.07,Paycor Stadium,Outdoor,Turf,482.0,2000.0,Cincinnati,OH,39.0954,-84.516,Cincinnati Bengals
2756,Lamar Jackson,17,22,77.3,281,12.8,5,0,2,9,52,0,1,1,34.4,34.4,98.8%,BAL,baltimore_ravens,2024,7,147.34,M&T Bank Stadium,Outdoor,Grass,10.0,1998.0,Baltimore,MD,39.2779,-76.6227,Baltimore Ravens
2773,Bo Nix,16,26,61.5,164,6.3,0,0,0,10,75,0,0,1,14.1,14.1,93.2%,DEN,denver_broncos,2024,7,85.83,Empower Field at Mile High,Outdoor,Turf,5280.0,2001.0,Denver,CO,39.7439,-105.0201,Denver Broncos
2774,Patrick Mahomes Ii,16,27,59.3,154,5.7,0,2,2,5,39,1,0,1,14.1,14.1,96.3%,KC,kansas_city_chiefs,2024,7,78.11,GEHA Field at Arrowhead Stadium,Outdoor,Grass,1020.0,1972.0,Kansas City,MO,39.049,-94.4839,Kansas City Chiefs
2775,Mason Rudolph,25,40,62.5,215,5.4,1,1,3,5,13,0,1,1,10.9,10.9,5.9%,PIT,pittsburgh_steelers,2024,7,98.61,Acrisure Stadium,Outdoor,Grass,730.0,2001.0,Pittsburgh,PA,40.4468,-80.0158,Pittsburgh Steelers
2777,Kirk Cousins,24,35,68.6,232,6.6,1,2,3,1,-1,0,1,1,9.2,9.2,16.0%,ATL,atlanta_falcons,2024,7,102.86,Lumen Field,Outdoor,Turf,20.0,2002.0,Seattle,WA,47.5952,-122.3316,Atlanta Falcons
2778,Anthony Richardson Sr.,10,24,41.7,129,5.4,0,0,0,14,56,0,1,1,8.8,8.8,38.2%,IND,indianapolis_colts,2024,7,65.34,Lucas Oil Stadium,Indoor,Turf,700.0,2008.0,Indianapolis,IN,39.7601,-86.1639,Indianapolis Colts
2779,Jameis Winston,5,11,45.5,67,6.1,1,0,1,0,0,0,0,1,8.7,8.7,8.9%,NYG,new_york_giants,2024,7,34.91,Lincoln Financial Field,Outdoor,Grass,30.0,2003.0,Philadelphia,PA,39.9008,-75.1675,New York Giants
2780,Spencer Rattler,25,35,71.4,172,4.9,0,0,6,5,34,0,2,1,6.3,6.3,12.3%,NO,new_orleans_saints,2024,7,79.89,Empower Field at Mile High,Outdoor,Turf,5280.0,2001.0,Denver,CO,39.7439,-105.0201,New Orleans Saints
2781,Daniel Jones,14,21,66.7,99,4.7,0,0,7,5,20,0,0,1,6.0,6.0,20.7%,IND,indianapolis_colts,2024,7,48.14,Lucas Oil Stadium,Indoor,Turf,700.0,2008.0,Indianapolis,IN,39.7601,-86.1639,Indianapolis Colts
2782,Dorian Thompson-Robinson,11,24,45.8,82,3.4,0,2,1,3,44,0,0,1,5.7,5.7,0.8%,PHI,philadelphia_eagles,2024,7,42.77,Lincoln Financial Field,Outdoor,Grass,30.0,2003.0,Philadelphia,PA,39.9008,-75.1675,Philadelphia Eagles
2783,Jake Haener,3,4,75.0,38,9.5,1,0,0,0,0,0,0,1,5.5,5.5,1.1%,NO,new_orleans_saints,2024,7,21.55,Empower Field at Mile High,Outdoor,Turf,5280.0,2001.0,Denver,CO,39.7439,-105.0201,New Orleans Saints
2784,C.J. Stroud,10,21,47.6,86,4.1,0,0,4,5,19,0,0,1,5.3,5.3,72.7%,HOU,houston_texans,2024,7,41.83,Lambeau Field,Outdoor,Grass,640.0,1957.0,Green Bay,WI,44.5013,-88.0622,Houston Texans
2785,Jayden Daniels,2,2,100.0,6,3.0,0,0,0,3,50,0,0,1,5.2,5.2,98.6%,WAS,washington_commanders,2024,7,11.84,FedExField,Outdoor,Grass,300.0,1997.0,Landover,MD,38.9078,-76.8645,Washington Commanders
2786,Deshaun Watson,15,17,88.2,128,7.5,0,0,2,2,0,0,0,1,5.1,5.1,7.5%,CLE,cleveland_browns,2024,7,57.77,Paycor Stadium,Outdoor,Turf,482.0,2000.0,Cincinnati,OH,39.0954,-84.516,Cleveland Browns
2787,Matthew Stafford,14,23,60.9,154,6.7,0,1,1,2,-2,0,0,1,5.0,5.0,48.2%,LAR,los_angeles_rams,2024,7,67.54,SoFi Stadium,Outdoor,Turf,100.0,2020.0,Inglewood,CA,33.9535,-118.3392,Los Angeles Rams
2788,Tim Boyle,8,13,61.5,74,5.7,0,0,0,1,4,0,0,1,3.4,3.4,0.0%,TEN,tennessee_titans,2024,7,34.32,Highmark Stadium,Outdoor,Grass,600.0,1973.0,Orchard Park,NY,42.7738,-78.7868,Tennessee Titans
2789,Aidan O'Connell,6,10,60.0,52,5.2,0,0,0,0,0,0,0,1,2.1,2.1,4.5%,LV,las_vegas_raiders,2024,7,23.91,SoFi Stadium,Outdoor,Turf,100.0,2020.0,Inglewood,CA,33.9535,-118.3392,Las Vegas Raiders
2790,Andy Dalton,11,16,68.8,93,5.8,0,2,2,2,3,0,0,1,2.0,2.0,1.7%,CAR,carolina_panthers,2024,7,40.96,FedExField,Outdoor,Grass,300.0,1997.0,Landover,MD,38.9078,-76.8645,Carolina Panthers
2791,Drew Lock,3,8,37.5,6,0.8,0,0,1,1,13,0,0,1,1.5,1.5,1.6%,SEA,seattle_seahawks,2024,7,5.21,Lumen Field,Outdoor,Turf,20.0,2002.0,Seattle,WA,47.5952,-122.3316,Seattle Seahawks
2792,Gardner Minshew Ii,15,34,44.1,154,4.5,0,3,2,1,2,0,1,1,1.4,1.4,3.1%,KC,kansas_city_chiefs,2024,7,64.78,GEHA Field at Arrowhead Stadium,Outdoor,Grass,1020.0,1972.0,Kansas City,MO,39.049,-94.4839,Kansas City Chiefs
2793,Michael Penix Jr.,1,1,100.0,14,14.0,0,0,0,0,0,0,0,1,0.6,0.6,43.0%,ATL,atlanta_falcons,2024,7,8.92,Lumen Field,Outdoor,Turf,20.0,2002.0,Seattle,WA,47.5952,-122.3316,Atlanta Falcons
2794,Clayton Tune,0,0,0.0,0,0.0,0,0,0,3,2,0,0,1,0.2,0.2,1.1%,ARI,arizona_cardinals,2024,7,0.34,State Farm Stadium,Indoor,Turf,1070.0,2006.0,Glendale,AZ,33.5275,-112.2625,Arizona Cardinals
2795,Kenny Pickett,0,1,0.0,0,0.0,0,0,1,0,0,0,0,1,0.0,0.0,7.7%,CLE,cleveland_browns,2024,7,0.0,Paycor Stadium,Outdoor,Turf,482.0,2000.0,Cincinnati,OH,39.0954,-84.516,Cleveland Browns
2797,Bryce Young,2,2,100.0,-4,-2.0,0,0,0,0,0,0,0,1,-0.2,-0.2,43.0%,CAR,carolina_panthers,2024,7,-1.94,FedExField,Outdoor,Grass,300.0,1997.0,Landover,MD,38.9078,-76.8645,Carolina Panthers
2798,Jarrett Stidham,0,0,0.0,0,0.0,0,0,0,2,-2,0,0,1,-0.2,-0.2,1.6%,DEN,denver_broncos,2024,7,-0.34,Empower Field at Mile High,Outdoor,Turf,5280.0,2001.0,Denver,CO,39.7439,-105.0201,Denver Broncos
2799,Jalen Hurts,16,20,80.0,236,11.8,1,0,0,10,37,3,0,1,35.1,35.1,98.3%,PHI,philadelphia_eagles,2024,8,127.53,Lincoln Financial Field,Outdoor,Grass,30.0,2003.0,Philadelphia,PA,39.9008,-75.1675,Philadelphia Eagles
2800,Bo Nix,28,37,75.7,284,7.7,3,0,2,5,4,1,0,1,29.8,29.8,93.2%,DEN,denver_broncos,2024,8,140.3,Empower Field at Mile High,Outdoor,Turf,5280.0,2001.0,Denver,CO,39.7439,-105.0201,Denver Broncos
2801,Kirk Cousins,23,29,79.3,276,9.5,4,0,2,3,16,0,0,1,28.6,28.6,16.0%,ATL,atlanta_falcons,2024,8,137.42,Mercedes-Benz Stadium,Indoor,Turf,1050.0,2017.0,Atlanta,GA,33.755,-84.4008,Atlanta Falcons
2802,Brock Purdy,18,26,69.2,260,10.0,1,0,2,8,56,1,0,1,26.0,26.0,89.9%,SF,san_francisco_49ers,2024,8,132.1,Levi's Stadium,Outdoor,Grass,13.0,2014.0,Santa Clara,CA,37.403,-121.9692,San Francisco 49ers
2803,Matthew Stafford,25,34,73.5,279,8.2,4,1,0,3,-4,0,0,1,25.8,25.8,48.2%,LAR,los_angeles_rams,2024,8,134.5,SoFi Stadium,Outdoor,Turf,100.0,2020.0,Inglewood,CA,33.9535,-118.3392,Los Angeles Rams
2804,Trevor Lawrence,21,32,65.6,308,9.6,2,1,1,4,10,1,1,1,24.3,24.3,49.3%,JAC,jacksonville_jaguars,2024,8,145.83,Lambeau Field,Outdoor,Grass,640.0,1957.0,Green Bay,WI,44.5013,-88.0622,Jacksonville Jaguars
2805,Baker Mayfield,37,50,74.0,330,6.6,3,2,0,3,11,0,0,1,24.3,24.3,94.5%,TB,tampa_bay_buccaneers,2024,8,155.83,Mercedes-Benz Stadium,Indoor,Turf,1050.0,2017.0,Atlanta,GA,33.755,-84.4008,Tampa Bay Buccaneers
2806,Lamar Jackson,23,38,60.5,289,7.6,2,0,3,8,46,0,0,1,24.2,24.2,98.8%,BAL,baltimore_ravens,2024,8,141.56,FirstEnergy Stadium,Outdoor,Grass,577.0,1999.0,Cleveland,OH,41.5061,-81.6995,Baltimore Ravens
2807,Justin Herbert,20,32,62.5,279,8.7,2,0,3,4,49,0,0,1,24.1,24.1,87.6%,LAC,los_angeles_chargers,2024,8,137.71,SoFi Stadium,Outdoor,Turf,100.0,2020.0,Inglewood,CA,33.9535,-118.3392,Los Angeles Chargers
2808,Jameis Winston,27,41,65.9,334,8.1,3,0,2,2,2,0,1,1,23.6,23.6,8.9%,NYG,new_york_giants,2024,8,155.44,Acrisure Stadium,Outdoor,Grass,730.0,2001.0,Pittsburgh,PA,40.4468,-80.0158,New York Giants
2809,Jayden Daniels,21,38,55.3,326,8.6,1,0,2,8,52,0,0,1,22.2,22.2,98.6%,WAS,washington_commanders,2024,8,155.26,FedExField,Outdoor,Grass,300.0,1997.0,Landover,MD,38.9078,-76.8645,Washington Commanders
2810,Kyler Murray,26,36,72.2,307,8.5,2,0,0,5,19,0,0,1,22.2,22.2,89.7%,ARI,arizona_cardinals,2024,8,145.14,State Farm Stadium,Indoor,Turf,1070.0,2006.0,Glendale,AZ,33.5275,-112.2625,Arizona Cardinals
2811,Mason Rudolph,22,38,57.9,266,7.0,1,2,1,4,29,1,0,1,21.5,21.5,5.9%,PIT,pittsburgh_steelers,2024,8,128.25,Acrisure Stadium,Outdoor,Grass,730.0,2001.0,Pittsburgh,PA,40.4468,-80.0158,Pittsburgh Steelers
2812,Josh Allen,24,34,70.6,283,8.3,2,1,1,7,25,0,0,1,20.8,20.8,99.2%,BUF,buffalo_bills,2024,8,134.82,Highmark Stadium,Outdoor,Grass,600.0,1973.0,Orchard Park,NY,42.7738,-78.7868,Buffalo Bills
2813,Patrick Mahomes Ii,27,38,71.1,262,6.9,2,1,1,6,17,0,0,1,19.2,19.2,96.3%,KC,kansas_city_chiefs,2024,8,124.52,GEHA Field at Arrowhead Stadium,Outdoor,Grass,1020.0,1972.0,Kansas City,MO,39.049,-94.4839,Kansas City Chiefs
2814,Sam Darnold,18,25,72.0,240,9.6,2,0,3,3,6,0,0,1,18.2,18.2,36.3%,SEA,seattle_seahawks,2024,8,113.66,Highmark Stadium,Outdoor,Grass,600.0,1973.0,Orchard Park,NY,42.7738,-78.7868,Seattle Seahawks
2815,Aaron Rodgers,17,28,60.7,233,8.3,2,0,1,0,0,0,0,1,17.3,17.3,28.3%,PIT,pittsburgh_steelers,2024,8,109.27,Acrisure Stadium,Outdoor,Grass,730.0,2001.0,Pittsburgh,PA,40.4468,-80.0158,Pittsburgh Steelers
2816,Dak Prescott,25,38,65.8,243,6.4,2,2,2,1,-1,0,0,1,15.6,15.6,77.0%,DAL,dallas_cowboys,2024,8,112.2,Levi's Stadium,Outdoor,Grass,13.0,2014.0,Santa Clara,CA,37.403,-121.9692,Dallas Cowboys
2817,Bryce Young,24,37,64.9,224,6.1,2,2,2,3,6,0,0,1,15.6,15.6,43.0%,CAR,carolina_panthers,2024,8,105.14,Empower Field at Mile High,Outdoor,Turf,5280.0,2001.0,Denver,CO,39.7439,-105.0201,Carolina Panthers
2818,Jared Goff,12,15,80.0,85,5.7,3,0,4,1,1,0,0,1,15.5,15.5,83.0%,DET,detroit_lions,2024,8,48.19,Ford Field,Indoor,Turf,600.0,2002.0,Detroit,MI,42.34,-83.0456,Detroit Lions
2819,Gardner Minshew Ii,24,30,80.0,209,7.0,2,0,5,2,6,0,1,1,15.0,15.0,3.1%,KC,kansas_city_chiefs,2024,8,99.0,GEHA Field at Arrowhead Stadium,Outdoor,Grass,1020.0,1972.0,Kansas City,MO,39.049,-94.4839,Kansas City Chiefs
2820,Tua Tagovailoa,28,38,73.7,234,6.2,1,0,1,3,13,0,0,1,14.7,14.7,48.2%,MIA,miami_dolphins,2024,8,109.53,State Farm Stadium,Indoor,Turf,1070.0,2006.0,Glendale,AZ,33.5275,-112.2625,Miami Dolphins
2821,Joe Burrow,26,37,70.3,234,6.3,1,1,1,3,15,0,0,1,13.9,13.9,98.2%,CIN,cincinnati_bengals,2024,8,108.89,Lincoln Financial Field,Outdoor,Grass,30.0,2003.0,Philadelphia,PA,39.9008,-75.1675,Cincinnati Bengals
2822,Russell Wilson,20,28,71.4,278,9.9,1,0,4,3,7,0,1,1,13.8,13.8,23.4%,NYG,new_york_giants,2024,8,125.74,Acrisure Stadium,Outdoor,Grass,730.0,2001.0,Pittsburgh,PA,40.4468,-80.0158,New York Giants
2823,Anthony Richardson Sr.,10,32,31.3,175,5.5,1,1,5,6,45,0,1,1,12.5,12.5,38.2%,IND,indianapolis_colts,2024,8,85.45,NRG Stadium,Indoor,Turf,50.0,2002.0,Houston,TX,29.6847,-95.4107,Indianapolis Colts
2824,C.J. Stroud,25,37,67.6,285,7.7,1,0,2,1,-10,0,1,1,12.4,12.4,72.7%,HOU,houston_texans,2024,8,125.92,NRG Stadium,Indoor,Turf,50.0,2002.0,Houston,TX,29.6847,-95.4107,Houston Texans
2825,Drake Maye,3,6,50.0,23,3.8,0,0,1,3,46,1,0,1,11.5,11.5,74.1%,NE,new_england_patriots,2024,8,23.11,Gillette Stadium,Outdoor,Turf,289.0,2002.0,Foxborough,MA,42.0909,-71.2643,New England Patriots
2826,Caleb Williams,10,24,41.7,131,5.5,0,0,3,9,47,0,1,1,9.9,9.9,82.7%,CHI,chicago_bears,2024,8,66.03,FedExField,Outdoor,Grass,300.0,1997.0,Landover,MD,38.9078,-76.8645,Chicago Bears
2827,Geno Smith,21,29,72.4,212,7.3,0,1,1,5,16,0,0,1,9.1,9.1,36.9%,LV,las_vegas_raiders,2024,8,96.23,GEHA Field at Arrowhead Stadium,Outdoor,Grass,1020.0,1972.0,Kansas City,MO,39.049,-94.4839,Las Vegas Raiders
2828,Malik Willis,4,5,80.0,56,11.2,1,0,1,4,23,0,0,1,8.5,8.5,3.3%,GB,green_bay_packers,2024,8,33.59,Lambeau Field,Outdoor,Grass,640.0,1957.0,Green Bay,WI,44.5013,-88.0622,Green Bay Packers
2829,Jacoby Brissett,15,24,62.5,132,5.5,0,0,1,3,11,0,0,1,8.4,8.4,3.2%,ARI,arizona_cardinals,2024,8,62.38,State Farm Stadium,Indoor,Turf,1070.0,2006.0,Glendale,AZ,33.5275,-112.2625,Arizona Cardinals
2830,Daniel Jones,24,38,63.2,264,6.9,0,1,4,3,1,0,1,1,7.7,7.7,20.7%,IND,indianapolis_colts,2024,8,114.67,NRG Stadium,Indoor,Turf,50.0,2002.0,Houston,TX,29.6847,-95.4107,Indianapolis Colts
2831,Jordan Love,14,22,63.6,196,8.9,0,1,0,1,-1,0,0,1,6.7,6.7,73.1%,GB,green_bay_packers,2024,8,86.07,Lambeau Field,Outdoor,Grass,640.0,1957.0,Green Bay,WI,44.5013,-88.0622,Green Bay Packers
2832,Spencer Rattler,12,24,50.0,156,6.5,0,0,3,0,0,0,0,1,6.2,6.2,12.3%,NO,new_orleans_saints,2024,8,69.24,SoFi Stadium,Outdoor,Turf,100.0,2020.0,Inglewood,CA,33.9535,-118.3392,New Orleans Saints
2833,Jake Haener,9,17,52.9,122,7.2,0,0,2,2,10,0,0,1,5.9,5.9,1.1%,NO,new_orleans_saints,2024,8,56.27,SoFi Stadium,Outdoor,Turf,100.0,2020.0,Inglewood,CA,33.9535,-118.3392,New Orleans Saints
2834,Hendon Hooker,2,3,66.7,6,2.0,0,0,0,0,0,0,0,1,0.2,0.2,2.0%,DET,detroit_lions,2024,8,3.14,Ford Field,Indoor,Turf,600.0,2002.0,Detroit,MI,42.34,-83.0456,Detroit Lions
2835,Jake Browning,0,0,0.0,0,0.0,0,0,0,0,0,0,0,1,0.0,0.0,4.2%,CIN,cincinnati_bengals,2024,8,0.0,Lincoln Financial Field,Outdoor,Grass,30.0,2003.0,Philadelphia,PA,39.9008,-75.1675,Cincinnati Bengals
2836,Mitchell Trubisky,0,0,0.0,0,0.0,0,0,0,3,-3,0,0,1,-0.3,-0.3,1.3%,BUF,buffalo_bills,2024,8,-0.51,Highmark Stadium,Outdoor,Grass,600.0,1973.0,Orchard Park,NY,42.7738,-78.7868,Buffalo Bills
2847,Jayden Daniels,15,22,68.2,209,9.5,2,0,0,8,35,0,0,1,19.9,19.9,98.6%,WAS,washington_commanders,2024,9,105.03,FedExField,Outdoor,Grass,300.0,1997.0,Landover,MD,38.9078,-76.8645,Washington Commanders
2838,Jalen Hurts,18,24,75.0,230,9.6,2,0,3,13,67,1,0,1,29.9,29.9,98.3%,PHI,philadelphia_eagles,2024,9,124.15,Lincoln Financial Field,Outdoor,Grass,30.0,2003.0,Philadelphia,PA,39.9008,-75.1675,Philadelphia Eagles
2839,Geno Smith,21,34,61.8,363,10.7,3,3,7,6,16,0,0,1,25.1,25.1,36.9%,LV,las_vegas_raiders,2024,9,169.21,Paycor Stadium,Outdoor,Turf,482.0,2000.0,Cincinnati,OH,39.0954,-84.516,Las Vegas Raiders
2840,Patrick Mahomes Ii,34,44,77.3,291,6.6,3,0,4,2,9,0,0,1,24.5,24.5,96.3%,KC,kansas_city_chiefs,2024,9,140.07,GEHA Field at Arrowhead Stadium,Outdoor,Grass,1020.0,1972.0,Kansas City,MO,39.049,-94.4839,Kansas City Chiefs
2841,Daniel Jones,20,26,76.9,174,6.7,2,0,2,7,54,1,1,1,24.4,24.4,20.7%,IND,indianapolis_colts,2024,9,96.12,U.S. Bank Stadium,Indoor,Turf,840.0,2016.0,Minneapolis,MN,44.974,-93.2581,Indianapolis Colts
2842,Lamar Jackson,16,19,84.2,280,14.7,3,0,1,3,4,0,0,1,23.6,23.6,98.8%,BAL,baltimore_ravens,2024,9,134.36,M&T Bank Stadium,Outdoor,Grass,10.0,1998.0,Baltimore,MD,39.2779,-76.6227,Baltimore Ravens
2843,Josh Allen,25,39,64.1,235,6.0,3,1,1,2,7,0,0,1,23.1,23.1,99.2%,BUF,buffalo_bills,2024,9,115.37,Highmark Stadium,Outdoor,Grass,600.0,1973.0,Orchard Park,NY,42.7738,-78.7868,Buffalo Bills
2844,Trevor Lawrence,16,31,51.6,169,5.5,0,2,2,5,8,2,0,1,21.6,21.6,49.3%,JAC,jacksonville_jaguars,2024,9,86.42,Lincoln Financial Field,Outdoor,Grass,30.0,2003.0,Philadelphia,PA,39.9008,-75.1675,Jacksonville Jaguars
2845,Sam Darnold,28,34,82.4,290,8.5,3,2,4,4,14,0,1,1,21.0,21.0,36.3%,SEA,seattle_seahawks,2024,9,137.2,SoFi Stadium,Outdoor,Turf,100.0,2020.0,Inglewood,CA,33.9535,-118.3392,Seattle Seahawks
2846,Aaron Rodgers,22,32,68.8,211,6.6,3,0,2,1,-1,0,0,1,20.3,20.3,28.3%,PIT,pittsburgh_steelers,2024,9,102.93,,,,,,,,,,Pittsburgh Steelers
2837,Joe Burrow,27,39,69.2,251,6.4,5,1,1,3,11,0,0,1,30.1,30.1,98.2%,CIN,cincinnati_bengals,2024,9,127.95,Paycor Stadium,Outdoor,Turf,482.0,2000.0,Cincinnati,OH,39.0954,-84.516,Cincinnati Bengals
2848,Justin Herbert,18,27,66.7,282,10.4,2,0,6,3,2,0,0,1,19.5,19.5,87.6%,LAC,los_angeles_chargers,2024,9,131.13,SoFi Stadium,Outdoor,Turf,100.0,2020.0,Inglewood,CA,33.9535,-118.3392,Los Angeles Chargers
2849,Matthew Stafford,25,44,56.8,298,6.8,2,1,0,1,0,0,0,1,18.9,18.9,48.2%,LAR,los_angeles_rams,2024,9,136.79,SoFi Stadium,Outdoor,Turf,100.0,2020.0,Inglewood,CA,33.9535,-118.3392,Los Angeles Rams
2850,Mason Rudolph,20,33,60.6,240,7.3,2,1,1,4,19,0,0,1,18.5,18.5,5.9%,PIT,pittsburgh_steelers,2024,9,114.81,,,,,,,,,,Pittsburgh Steelers
2851,Baker Mayfield,23,31,74.2,200,6.5,2,0,2,4,20,0,0,1,18.0,18.0,94.5%,TB,tampa_bay_buccaneers,2024,9,98.8,GEHA Field at Arrowhead Stadium,Outdoor,Grass,1020.0,1972.0,Kansas City,MO,39.049,-94.4839,Tampa Bay Buccaneers
2852,Kirk Cousins,19,24,79.2,222,9.3,3,0,2,4,-11,0,1,1,17.8,17.8,16.0%,ATL,atlanta_falcons,2024,9,104.72,Mercedes-Benz Stadium,Indoor,Turf,1050.0,2017.0,Atlanta,GA,33.755,-84.4008,Atlanta Falcons
2853,Bo Nix,19,33,57.6,223,6.8,0,1,4,6,36,0,0,1,17.7,17.7,93.2%,DEN,denver_broncos,2024,9,108.35,M&T Bank Stadium,Outdoor,Grass,10.0,1998.0,Baltimore,MD,39.2779,-76.6227,Denver Broncos
2854,Drake Maye,29,41,70.7,206,5.0,1,2,4,8,95,0,1,1,17.7,17.7,74.1%,NE,new_england_patriots,2024,9,108.19,Nissan Stadium,Outdoor,Grass,476.0,1999.0,Nashville,TN,36.1665,-86.7713,New England Patriots
2855,Tua Tagovailoa,25,28,89.3,231,8.3,2,0,1,2,3,0,0,1,17.5,17.5,48.2%,MIA,miami_dolphins,2024,9,109.71,Highmark Stadium,Outdoor,Grass,600.0,1973.0,Orchard Park,NY,42.7738,-78.7868,Miami Dolphins
2857,Jameis Winston,26,46,56.5,235,5.1,1,3,6,5,27,0,0,1,13.1,13.1,8.9%,NYG,new_york_giants,2024,9,109.49,FedExField,Outdoor,Grass,300.0,1997.0,Landover,MD,38.9078,-76.8645,New York Giants
2858,Dak Prescott,18,24,75.0,133,5.5,1,0,3,3,30,0,0,1,12.3,12.3,77.0%,DAL,dallas_cowboys,2024,9,68.01,Mercedes-Benz Stadium,Indoor,Turf,1050.0,2017.0,Atlanta,GA,33.755,-84.4008,Dallas Cowboys
2859,Jordan Love,23,39,59.0,273,7.0,0,1,0,3,0,0,0,1,11.9,11.9,73.1%,GB,green_bay_packers,2024,9,121.13,Ford Field,Indoor,Turf,600.0,2002.0,Detroit,MI,42.34,-83.0456,Green Bay Packers
2860,C.J. Stroud,11,30,36.7,191,6.4,0,0,8,8,59,0,1,1,11.5,11.5,72.7%,HOU,houston_texans,2024,9,92.63,MetLife Stadium,Outdoor,Turf,3.0,2010.0,East Rutherford,NJ,40.8136,-74.0744,Houston Texans
2861,Cooper Rush,13,25,52.0,115,4.6,1,0,0,1,4,0,0,1,11.0,11.0,1.8%,BAL,baltimore_ravens,2024,9,56.62,M&T Bank Stadium,Outdoor,Grass,10.0,1998.0,Baltimore,MD,39.2779,-76.6227,Baltimore Ravens
2862,Bryce Young,16,26,61.5,171,6.6,1,1,1,4,9,0,0,1,10.7,10.7,43.0%,CAR,carolina_panthers,2024,9,79.91,Bank of America Stadium,Outdoor,Grass,748.0,1996.0,Charlotte,NC,35.2258,-80.8528,Carolina Panthers
2863,Jared Goff,18,22,81.8,145,6.6,1,0,1,3,-2,0,0,1,9.6,9.6,83.0%,DET,detroit_lions,2024,9,67.94,Ford Field,Indoor,Turf,600.0,2002.0,Detroit,MI,42.34,-83.0456,Detroit Lions
2864,Caleb Williams,22,41,53.7,217,5.3,0,0,6,4,5,0,0,1,9.2,9.2,82.7%,CHI,chicago_bears,2024,9,97.0,State Farm Stadium,Indoor,Turf,1070.0,2006.0,Glendale,AZ,33.5275,-112.2625,Chicago Bears
2866,Kyler Murray,13,20,65.0,154,7.7,0,0,3,2,6,0,1,1,4.8,4.8,89.7%,ARI,arizona_cardinals,2024,9,68.3,State Farm Stadium,Indoor,Turf,1070.0,2006.0,Glendale,AZ,33.5275,-112.2625,Arizona Cardinals
2867,Joe Flacco,16,27,59.3,179,6.6,0,1,3,2,-1,0,1,1,4.1,4.1,15.4%,CLE,cleveland_browns,2024,9,77.09,SoFi Stadium,Outdoor,Turf,100.0,2020.0,Inglewood,CA,33.9535,-118.3392,Cleveland Browns
2868,Gardner Minshew Ii,10,17,58.8,124,7.3,0,0,1,1,0,0,1,1,3.0,3.0,3.1%,KC,kansas_city_chiefs,2024,9,54.06,GEHA Field at Arrowhead Stadium,Outdoor,Grass,1020.0,1972.0,Kansas City,MO,39.049,-94.4839,Kansas City Chiefs
2869,Josh Johnson,0,0,0.0,0,0.0,0,0,0,3,2,0,0,1,0.2,0.2,1.0%,WAS,washington_commanders,2024,9,0.34,FedExField,Outdoor,Grass,300.0,1997.0,Landover,MD,38.9078,-76.8645,Washington Commanders
2870,Clayton Tune,0,0,0.0,0,0.0,0,0,0,0,0,0,0,1,0.0,0.0,1.1%,ARI,arizona_cardinals,2024,9,0.0,State Farm Stadium,Indoor,Turf,1070.0,2006.0,Glendale,AZ,33.5275,-112.2625,Arizona Cardinals
2871,Jake Browning,0,0,0.0,0,0.0,0,0,0,1,-1,0,0,1,-0.1,-0.1,4.2%,CIN,cincinnati_bengals,2024,9,-0.17,Paycor Stadium,Outdoor,Turf,482.0,2000.0,Cincinnati,OH,39.0954,-84.516,Cincinnati Bengals
2889,C.J. Stroud,19,33,57.6,232,7.0,1,2,4,1,5,0,0,1,11.8,11.8,72.7%,HOU,houston_texans,2024,10,104.96,Ford Field,Indoor,Turf,600.0,2002.0,Detroit,MI,42.34,-83.0456,Houston Texans
2873,Lamar Jackson,25,33,75.8,290,8.8,4,0,0,7,33,0,0,1,32.9,32.9,98.8%,BAL,baltimore_ravens,2024,10,147.79,M&T Bank Stadium,Outdoor,Grass,10.0,1998.0,Baltimore,MD,39.2779,-76.6227,Baltimore Ravens
2874,Jalen Hurts,14,20,70.0,202,10.1,2,1,5,7,56,2,1,1,30.7,30.7,98.3%,PHI,philadelphia_eagles,2024,10,112.11,Lincoln Financial Field,Outdoor,Grass,30.0,2003.0,Philadelphia,PA,39.9008,-75.1675,Philadelphia Eagles
2875,Kyler Murray,22,24,91.7,266,11.1,1,0,1,3,21,2,0,1,28.7,28.7,89.7%,ARI,arizona_cardinals,2024,10,133.71,State Farm Stadium,Indoor,Turf,1070.0,2006.0,Glendale,AZ,33.5275,-112.2625,Arizona Cardinals
2876,Brock Purdy,25,36,69.4,353,9.8,2,0,3,4,17,0,0,1,23.8,23.8,89.9%,SF,san_francisco_49ers,2024,10,164.62,Levi's Stadium,Outdoor,Grass,13.0,2014.0,Santa Clara,CA,37.403,-121.9692,San Francisco 49ers
2878,Josh Allen,22,37,59.5,280,7.6,0,2,2,8,50,1,0,1,20.2,20.2,99.2%,BUF,buffalo_bills,2024,10,134.86,Highmark Stadium,Outdoor,Grass,600.0,1973.0,Orchard Park,NY,42.7738,-78.7868,Buffalo Bills
2879,Justin Herbert,14,18,77.8,164,9.1,1,0,0,9,32,1,0,1,19.8,19.8,87.6%,LAC,los_angeles_chargers,2024,10,86.38,SoFi Stadium,Outdoor,Turf,100.0,2020.0,Inglewood,CA,33.9535,-118.3392,Los Angeles Chargers
2880,Will Levis,18,23,78.3,175,7.6,2,0,7,5,41,0,0,1,19.1,19.1,6.8%,TEN,tennessee_titans,2024,10,91.39,SoFi Stadium,Outdoor,Turf,100.0,2020.0,Inglewood,CA,33.9535,-118.3392,Tennessee Titans
2881,Russell Wilson,14,28,50.0,195,7.0,3,1,3,4,3,0,0,1,19.1,19.1,23.4%,NYG,new_york_giants,2024,10,95.27,Bank of America Stadium,Outdoor,Grass,748.0,1996.0,Charlotte,NC,35.2258,-80.8528,New York Giants
2882,Patrick Mahomes Ii,28,42,66.7,266,6.3,1,0,4,3,19,0,0,1,16.5,16.5,96.3%,KC,kansas_city_chiefs,2024,10,124.21,GEHA Field at Arrowhead Stadium,Outdoor,Grass,1020.0,1972.0,Kansas City,MO,39.049,-94.4839,Kansas City Chiefs
2883,Bo Nix,22,30,73.3,215,7.2,2,0,2,3,-5,0,0,1,16.1,16.1,93.2%,DEN,denver_broncos,2024,10,101.01,GEHA Field at Arrowhead Stadium,Outdoor,Grass,1020.0,1972.0,Kansas City,MO,39.049,-94.4839,Denver Broncos
2884,Daniel Jones,22,37,59.5,190,5.1,0,2,2,7,26,1,0,1,14.2,14.2,20.7%,IND,indianapolis_colts,2024,10,91.76,Highmark Stadium,Outdoor,Grass,600.0,1973.0,Orchard Park,NY,42.7738,-78.7868,Indianapolis Colts
2885,Joe Flacco,26,35,74.3,272,7.8,2,3,4,0,0,0,1,1,13.9,13.9,15.4%,CLE,cleveland_browns,2024,10,122.89,,,,,,,,,,Cleveland Browns
2886,Drake Maye,15,25,60.0,184,7.4,1,1,1,4,24,0,0,1,12.8,12.8,74.1%,NE,new_england_patriots,2024,10,88.14,Gillette Stadium,Outdoor,Turf,289.0,2002.0,Foxborough,MA,42.0909,-71.2643,New England Patriots
2887,Jared Goff,15,30,50.0,240,8.0,2,5,0,1,2,0,0,1,12.8,12.8,83.0%,DET,detroit_lions,2024,10,108.36,Ford Field,Indoor,Turf,600.0,2002.0,Detroit,MI,42.34,-83.0456,Detroit Lions
2888,Bryce Young,15,25,60.0,126,5.0,1,0,1,2,30,0,0,1,12.0,12.0,43.0%,CAR,carolina_panthers,2024,10,64.6,Bank of America Stadium,Outdoor,Grass,748.0,1996.0,Charlotte,NC,35.2258,-80.8528,Carolina Panthers
2872,Joe Burrow,34,56,60.7,428,7.6,4,0,3,2,6,0,0,1,33.7,33.7,98.2%,CIN,cincinnati_bengals,2024,10,201.51,M&T Bank Stadium,Outdoor,Grass,10.0,1998.0,Baltimore,MD,39.2779,-76.6227,Cincinnati Bengals
2890,Kirk Cousins,23,38,60.5,306,8.1,0,1,3,0,0,0,0,1,11.2,11.2,16.0%,ATL,atlanta_falcons,2024,10,134.06,Caesars Superdome,Indoor,Turf,3.0,1975.0,New Orleans,LA,29.9509,-90.0815,Atlanta Falcons
2891,Matthew Stafford,32,46,69.6,293,6.4,0,1,4,1,0,0,0,1,10.7,10.7,48.2%,LAR,los_angeles_rams,2024,10,129.07,Hard Rock Stadium,Outdoor,Grass,7.0,1987.0,Miami Gardens,FL,25.958,-80.238,Los Angeles Rams
2892,Sam Darnold,24,38,63.2,241,6.3,0,3,1,7,28,0,0,1,9.4,9.4,36.3%,SEA,seattle_seahawks,2024,10,109.14,,,,,,,,,,Seattle Seahawks
2893,Tua Tagovailoa,20,28,71.4,207,7.4,1,1,3,1,-1,0,1,1,9.2,9.2,48.2%,MIA,miami_dolphins,2024,10,92.72,Hard Rock Stadium,Outdoor,Grass,7.0,1987.0,Miami Gardens,FL,25.958,-80.238,Miami Dolphins
2894,Baker Mayfield,18,29,62.1,116,4.0,1,0,2,3,3,0,0,1,8.9,8.9,94.5%,TB,tampa_bay_buccaneers,2024,10,55.83,Levi's Stadium,Outdoor,Grass,13.0,2014.0,Santa Clara,CA,37.403,-121.9692,Tampa Bay Buccaneers
2895,Jayden Daniels,17,34,50.0,202,5.9,0,0,3,3,5,0,0,1,8.6,8.6,98.6%,WAS,washington_commanders,2024,10,90.2,Acrisure Stadium,Outdoor,Grass,730.0,2001.0,Pittsburgh,PA,40.4468,-80.0158,Washington Commanders
2896,Mac Jones,14,22,63.6,111,5.0,0,2,3,5,8,1,1,1,7.2,7.2,4.0%,SF,san_francisco_49ers,2024,10,52.54,Levi's Stadium,Outdoor,Grass,13.0,2014.0,Santa Clara,CA,37.403,-121.9692,San Francisco 49ers
2897,Caleb Williams,16,30,53.3,120,4.0,0,0,9,2,15,0,0,1,6.3,6.3,82.7%,CHI,chicago_bears,2024,10,56.31,Gillette Stadium,Outdoor,Turf,289.0,2002.0,Foxborough,MA,42.0909,-71.2643,Chicago Bears
2898,Aaron Rodgers,22,35,62.9,151,4.3,0,0,3,0,0,0,1,1,4.0,4.0,28.3%,PIT,pittsburgh_steelers,2024,10,66.16,Acrisure Stadium,Outdoor,Grass,730.0,2001.0,Pittsburgh,PA,40.4468,-80.0158,Pittsburgh Steelers
2899,Trey Lance,4,6,66.7,21,3.5,0,1,2,3,17,0,0,1,1.5,1.5,1.3%,LAC,los_angeles_chargers,2024,10,12.15,SoFi Stadium,Outdoor,Turf,100.0,2020.0,Inglewood,CA,33.9535,-118.3392,Los Angeles Chargers
2900,Kenny Pickett,1,2,50.0,5,2.5,0,0,0,1,1,0,0,1,0.3,0.3,7.7%,CLE,cleveland_browns,2024,10,2.91,,,,,,,,,,Cleveland Browns
2901,Feleipe Franks,0,0,0.0,0,0.0,0,0,0,0,0,0,0,1,0.0,0.0,0.0%,ATL,atlanta_falcons,2024,10,0.0,Caesars Superdome,Indoor,Turf,3.0,1975.0,New Orleans,LA,29.9509,-90.0815,Atlanta Falcons
2903,Clayton Tune,0,0,0.0,0,0.0,0,0,0,1,-1,0,0,1,-0.1,-0.1,1.1%,ARI,arizona_cardinals,2024,10,-0.17,State Farm Stadium,Indoor,Turf,1070.0,2006.0,Glendale,AZ,33.5275,-112.2625,Arizona Cardinals
2904,Mitchell Trubisky,0,0,0.0,0,0.0,0,0,0,1,-1,0,0,1,-0.1,-0.1,1.3%,BUF,buffalo_bills,2024,10,-0.17,Highmark Stadium,Outdoor,Grass,600.0,1973.0,Orchard Park,NY,42.7738,-78.7868,Buffalo Bills
2905,Cooper Rush,13,23,56.5,45,2.0,0,0,1,2,2,0,2,1,-2.0,-2.0,1.8%,BAL,baltimore_ravens,2024,10,18.3,M&T Bank Stadium,Outdoor,Grass,10.0,1998.0,Baltimore,MD,39.2779,-76.6227,Baltimore Ravens
2907,Joe Burrow,28,50,56.0,356,7.1,3,0,3,2,28,0,0,1,29.0,29.0,98.2%,CIN,cincinnati_bengals,2024,11,170.62,SoFi Stadium,Outdoor,Turf,100.0,2020.0,Inglewood,CA,33.9535,-118.3392,Cincinnati Bengals
2924,Geno Smith,25,32,78.1,221,6.9,0,1,4,4,29,1,0,1,16.7,16.7,36.9%,LV,las_vegas_raiders,2024,11,106.97,Hard Rock Stadium,Outdoor,Grass,7.0,1987.0,Miami Gardens,FL,25.958,-80.238,Las Vegas Raiders
2908,Bo Nix,28,33,84.8,307,9.3,4,0,1,2,5,0,0,1,28.8,28.8,93.2%,DEN,denver_broncos,2024,11,149.32,Empower Field at Mile High,Outdoor,Turf,5280.0,2001.0,Denver,CO,39.7439,-105.0201,Denver Broncos
2909,Anthony Richardson Sr.,20,30,66.7,272,9.1,1,0,2,10,32,2,1,1,28.1,28.1,38.2%,IND,indianapolis_colts,2024,11,136.09,Lucas Oil Stadium,Indoor,Turf,700.0,2008.0,Indianapolis,IN,39.7601,-86.1639,Indianapolis Colts
2910,Matthew Stafford,18,27,66.7,295,10.9,4,0,0,4,0,0,0,1,27.8,27.8,48.2%,LAR,los_angeles_rams,2024,11,142.64,SoFi Stadium,Outdoor,Turf,100.0,2020.0,Inglewood,CA,33.9535,-118.3392,Los Angeles Rams
2911,Jameis Winston,30,46,65.2,395,8.6,2,0,3,1,8,0,0,1,26.6,26.6,8.9%,NYG,new_york_giants,2024,11,182.74,,,,,,,,,,New York Giants
2912,Josh Allen,27,40,67.5,262,6.6,1,1,0,12,55,1,0,1,25.0,25.0,99.2%,BUF,buffalo_bills,2024,11,132.22,Highmark Stadium,Outdoor,Grass,600.0,1973.0,Orchard Park,NY,42.7738,-78.7868,Buffalo Bills
2913,Justin Herbert,17,36,47.2,297,8.3,2,0,2,5,65,0,1,1,24.4,24.4,87.6%,LAC,los_angeles_chargers,2024,11,146.24,SoFi Stadium,Outdoor,Turf,100.0,2020.0,Inglewood,CA,33.9535,-118.3392,Los Angeles Chargers
2914,Sam Darnold,20,32,62.5,246,7.7,2,0,2,8,18,1,1,1,23.6,23.6,36.3%,SEA,seattle_seahawks,2024,11,120.96,Lumen Field,Outdoor,Turf,20.0,2002.0,Seattle,WA,47.5952,-122.3316,Seattle Seahawks
2915,Tua Tagovailoa,28,36,77.8,288,8.0,3,0,2,0,0,0,0,1,23.5,23.5,48.2%,MIA,miami_dolphins,2024,11,136.95,Hard Rock Stadium,Outdoor,Grass,7.0,1987.0,Miami Gardens,FL,25.958,-80.238,Miami Dolphins
2916,Jordan Love,13,17,76.5,261,15.4,1,1,1,4,18,1,0,1,21.2,21.2,73.1%,GB,green_bay_packers,2024,11,125.82,Lambeau Field,Outdoor,Grass,640.0,1957.0,Green Bay,WI,44.5013,-88.0622,Green Bay Packers
2917,Brock Purdy,21,28,75.0,159,5.7,1,1,2,5,40,1,0,1,19.4,19.4,89.9%,SF,san_francisco_49ers,2024,11,84.82,Lumen Field,Outdoor,Turf,20.0,2002.0,Seattle,WA,47.5952,-122.3316,San Francisco 49ers
2918,Gardner Minshew Ii,30,43,69.8,282,6.6,2,1,3,2,7,0,0,1,19.0,19.0,3.1%,KC,kansas_city_chiefs,2024,11,131.62,Highmark Stadium,Outdoor,Grass,600.0,1973.0,Orchard Park,NY,42.7738,-78.7868,Kansas City Chiefs
2919,Drake Maye,29,39,74.4,282,7.2,2,1,3,3,27,0,1,1,19.0,19.0,74.1%,NE,new_england_patriots,2024,11,133.54,SoFi Stadium,Outdoor,Turf,100.0,2020.0,Inglewood,CA,33.9535,-118.3392,New England Patriots
2920,Jalen Hurts,18,28,64.3,221,7.9,0,0,2,10,39,1,0,1,18.7,18.7,98.3%,PHI,philadelphia_eagles,2024,11,108.97,Lincoln Financial Field,Outdoor,Grass,30.0,2003.0,Philadelphia,PA,39.9008,-75.1675,Philadelphia Eagles
2922,Patrick Mahomes Ii,23,33,69.7,196,5.9,3,2,2,0,0,0,0,1,17.8,17.8,96.3%,KC,kansas_city_chiefs,2024,11,95.04,Highmark Stadium,Outdoor,Grass,600.0,1973.0,Orchard Park,NY,42.7738,-78.7868,Kansas City Chiefs
2923,Cooper Rush,32,55,58.2,354,6.4,1,1,5,2,2,0,0,1,17.4,17.4,1.8%,BAL,baltimore_ravens,2024,11,158.66,Acrisure Stadium,Outdoor,Grass,730.0,2001.0,Pittsburgh,PA,40.4468,-80.0158,Baltimore Ravens
2906,Jared Goff,24,29,82.8,412,14.2,4,0,0,4,21,0,0,1,34.6,34.6,83.0%,DET,detroit_lions,2024,11,197.56,Ford Field,Indoor,Turf,600.0,2002.0,Detroit,MI,42.34,-83.0456,Detroit Lions
2925,Will Levis,17,31,54.8,295,9.5,1,1,5,7,18,0,0,1,16.6,16.6,6.8%,TEN,tennessee_titans,2024,11,135.22,U.S. Bank Stadium,Indoor,Turf,840.0,2016.0,Minneapolis,MN,44.974,-93.2581,Tennessee Titans
2926,Caleb Williams,23,31,74.2,231,7.5,0,0,3,9,70,0,0,1,16.2,16.2,82.7%,CHI,chicago_bears,2024,11,114.54,Lambeau Field,Outdoor,Grass,640.0,1957.0,Green Bay,WI,44.5013,-88.0622,Chicago Bears
2927,Aaron Rodgers,22,29,75.9,184,6.3,2,0,3,1,7,0,0,1,16.1,16.1,28.3%,PIT,pittsburgh_steelers,2024,11,89.63,Acrisure Stadium,Outdoor,Grass,730.0,2001.0,Pittsburgh,PA,40.4468,-80.0158,Pittsburgh Steelers
2928,Lamar Jackson,16,33,48.5,207,6.3,1,1,2,4,46,0,0,1,15.9,15.9,98.8%,BAL,baltimore_ravens,2024,11,101.59,Acrisure Stadium,Outdoor,Grass,730.0,2001.0,Pittsburgh,PA,40.4468,-80.0158,Baltimore Ravens
2929,Jayden Daniels,22,32,68.8,191,6.0,1,1,3,7,18,0,0,1,14.4,14.4,98.6%,WAS,washington_commanders,2024,11,91.88,Lincoln Financial Field,Outdoor,Grass,30.0,2003.0,Philadelphia,PA,39.9008,-75.1675,Washington Commanders
2930,C.J. Stroud,23,34,67.6,257,7.6,0,1,1,3,26,0,0,1,11.9,11.9,72.7%,HOU,houston_texans,2024,11,117.45,NRG Stadium,Indoor,Turf,50.0,2002.0,Houston,TX,29.6847,-95.4107,Houston Texans
2931,Russell Wilson,23,36,63.9,205,5.7,0,1,4,4,1,0,0,1,7.3,7.3,23.4%,NYG,new_york_giants,2024,11,90.55,,,,,,,,,,New York Giants
2932,Kirk Cousins,18,27,66.7,173,6.4,0,1,3,1,0,0,0,1,5.9,5.9,16.0%,ATL,atlanta_falcons,2024,11,76.31,Empower Field at Mile High,Outdoor,Turf,5280.0,2001.0,Denver,CO,39.7439,-105.0201,Atlanta Falcons
2933,Mac Jones,17,29,58.6,138,4.8,0,1,1,2,7,0,0,1,5.2,5.2,4.0%,SF,san_francisco_49ers,2024,11,62.1,Lumen Field,Outdoor,Turf,20.0,2002.0,Seattle,WA,47.5952,-122.3316,San Francisco 49ers
2934,Hendon Hooker,3,4,75.0,37,9.3,0,0,0,4,3,0,0,1,1.8,1.8,2.0%,DET,detroit_lions,2024,11,18.52,Ford Field,Indoor,Turf,600.0,2002.0,Detroit,MI,42.34,-83.0456,Detroit Lions
2935,Justin Fields,0,0,0.0,0,0.0,0,0,0,2,17,0,0,1,1.7,1.7,80.9%,NYJ,new_york_jets,2024,11,2.89,Lucas Oil Stadium,Indoor,Turf,700.0,2008.0,Indianapolis,IN,39.7601,-86.1639,New York Jets
2936,Michael Penix Jr.,2,4,50.0,24,6.0,0,0,1,0,0,0,0,1,1.0,1.0,43.0%,ATL,atlanta_falcons,2024,11,11.7,Empower Field at Mile High,Outdoor,Turf,5280.0,2001.0,Denver,CO,39.7439,-105.0201,Atlanta Falcons
2937,Dorian Thompson-Robinson,0,1,0.0,0,0.0,0,0,0,0,0,0,0,1,0.0,0.0,0.8%,PHI,philadelphia_eagles,2024,11,0.0,Lincoln Financial Field,Outdoor,Grass,30.0,2003.0,Philadelphia,PA,39.9008,-75.1675,Philadelphia Eagles
2938,Jarrett Stidham,0,0,0.0,0,0.0,0,0,0,0,0,0,0,1,0.0,0.0,1.6%,DEN,denver_broncos,2024,11,0.0,Empower Field at Mile High,Outdoor,Turf,5280.0,2001.0,Denver,CO,39.7439,-105.0201,Denver Broncos
2939,Jake Haener,0,0,0.0,0,0.0,0,0,0,2,-2,0,0,1,-0.2,-0.2,1.1%,NO,new_orleans_saints,2024,11,-0.34,Caesars Superdome,Indoor,Turf,3.0,1975.0,New Orleans,LA,29.9509,-90.0815,New Orleans Saints
2966,Justin Fields,0,1,0.0,0,0.0,0,0,0,3,26,0,0,1,2.6,2.6,80.9%,NYJ,new_york_jets,2024,12,4.42,,,,,,,,,,New York Jets
2956,Drake Maye,22,37,59.5,222,6.0,1,1,4,5,26,0,1,1,14.5,14.5,74.1%,NE,new_england_patriots,2024,12,105.05,Hard Rock Stadium,Outdoor,Grass,7.0,1987.0,Miami Gardens,FL,25.958,-80.238,New England Patriots
2940,Jayden Daniels,25,38,65.8,275,7.2,2,2,4,7,74,1,0,1,32.4,32.4,98.6%,WAS,washington_commanders,2024,12,144.62,AT&T Stadium,Indoor,Turf,639.0,2009.0,Arlington,TX,32.7473,-97.0945,Washington Commanders
2941,Patrick Mahomes Ii,27,37,73.0,269,7.3,3,0,5,5,60,0,0,1,28.8,28.8,96.3%,KC,kansas_city_chiefs,2024,12,138.82,GEHA Field at Arrowhead Stadium,Outdoor,Grass,1020.0,1972.0,Kansas City,MO,39.049,-94.4839,Kansas City Chiefs
2942,Tua Tagovailoa,29,40,72.5,317,7.9,4,0,2,3,-2,0,0,1,28.5,28.5,48.2%,MIA,miami_dolphins,2024,12,152.23,Hard Rock Stadium,Outdoor,Grass,7.0,1987.0,Miami Gardens,FL,25.958,-80.238,Miami Dolphins
2943,Caleb Williams,32,47,68.1,340,7.2,2,0,3,6,33,0,0,1,26.9,26.9,82.7%,CHI,chicago_bears,2024,12,163.37,U.S. Bank Stadium,Indoor,Turf,840.0,2016.0,Minneapolis,MN,44.974,-93.2581,Chicago Bears
2944,Lamar Jackson,16,22,72.7,177,8.0,2,0,1,8,15,1,0,1,22.6,22.6,98.8%,BAL,baltimore_ravens,2024,12,92.12,M&T Bank Stadium,Outdoor,Grass,10.0,1998.0,Baltimore,MD,39.2779,-76.6227,Baltimore Ravens
2945,Sam Darnold,22,34,64.7,330,9.7,2,0,3,2,-1,0,0,1,21.1,21.1,36.3%,SEA,seattle_seahawks,2024,12,151.41,Lumen Field,Outdoor,Turf,20.0,2002.0,Seattle,WA,47.5952,-122.3316,Seattle Seahawks
2946,Bo Nix,25,42,59.5,273,6.5,2,0,1,1,5,0,0,1,19.4,19.4,93.2%,DEN,denver_broncos,2024,12,127.68,Empower Field at Mile High,Outdoor,Turf,5280.0,2001.0,Denver,CO,39.7439,-105.0201,Denver Broncos
2947,Matthew Stafford,24,36,66.7,243,6.8,2,0,5,1,15,0,0,1,19.2,19.2,48.2%,LAR,los_angeles_rams,2024,12,116.5,Lincoln Financial Field,Outdoor,Grass,30.0,2003.0,Philadelphia,PA,39.9008,-75.1675,Los Angeles Rams
2948,Baker Mayfield,24,30,80.0,294,9.8,0,0,0,4,29,1,1,1,18.7,18.7,94.5%,TB,tampa_bay_buccaneers,2024,12,138.05,Raymond James Stadium,Outdoor,Grass,26.0,1998.0,Tampa,FL,27.9759,-82.5033,Tampa Bay Buccaneers
2949,Cooper Rush,24,32,75.0,247,7.7,2,0,1,4,1,0,0,1,18.0,18.0,1.8%,BAL,baltimore_ravens,2024,12,116.04,M&T Bank Stadium,Outdoor,Grass,10.0,1998.0,Baltimore,MD,39.2779,-76.6227,Baltimore Ravens
2950,C.J. Stroud,20,33,60.6,247,7.5,2,2,4,3,18,0,0,1,17.7,17.7,72.7%,HOU,houston_texans,2024,12,116.89,Nissan Stadium,Outdoor,Grass,476.0,1999.0,Nashville,TN,36.1665,-86.7713,Houston Texans
2951,Justin Herbert,21,36,58.3,218,6.1,0,0,4,4,29,1,0,1,17.6,17.6,87.6%,LAC,los_angeles_chargers,2024,12,105.94,M&T Bank Stadium,Outdoor,Grass,10.0,1998.0,Baltimore,MD,39.2779,-76.6227,Los Angeles Chargers
2952,Will Levis,18,24,75.0,278,11.6,2,1,8,8,10,0,1,1,17.1,17.1,6.8%,TEN,tennessee_titans,2024,12,128.69,Nissan Stadium,Outdoor,Grass,476.0,1999.0,Nashville,TN,36.1665,-86.7713,Tennessee Titans
2953,Bryce Young,21,35,60.0,263,7.5,1,0,2,3,20,0,0,1,16.5,16.5,43.0%,CAR,carolina_panthers,2024,12,122.65,GEHA Field at Arrowhead Stadium,Outdoor,Grass,1020.0,1972.0,Kansas City,MO,39.049,-94.4839,Carolina Panthers
2954,Jalen Hurts,15,22,68.2,179,8.1,1,0,1,12,39,0,0,1,15.1,15.1,98.3%,PHI,philadelphia_eagles,2024,12,89.49,Lincoln Financial Field,Outdoor,Grass,30.0,2003.0,Philadelphia,PA,39.9008,-75.1675,Philadelphia Eagles
2955,Jordan Love,13,23,56.5,163,7.1,2,0,2,1,2,0,0,1,14.7,14.7,73.1%,GB,green_bay_packers,2024,12,79.01,Lambeau Field,Outdoor,Grass,640.0,1957.0,Green Bay,WI,44.5013,-88.0622,Green Bay Packers
2973,Trey Lance,0,0,0.0,0,0.0,0,0,0,1,-3,0,0,1,-0.3,-0.3,1.3%,LAC,los_angeles_chargers,2024,12,-0.51,M&T Bank Stadium,Outdoor,Grass,10.0,1998.0,Baltimore,MD,39.2779,-76.6227,Los Angeles Chargers
2972,Kenny Pickett,0,0,0.0,0,0.0,0,0,0,2,-2,0,0,1,-0.2,-0.2,7.7%,CLE,cleveland_browns,2024,12,-0.34,FirstEnergy Stadium,Outdoor,Grass,577.0,1999.0,Cleveland,OH,41.5061,-81.6995,Cleveland Browns
2971,Malik Willis,0,0,0.0,0,0.0,0,0,0,0,0,0,0,1,0.0,0.0,3.3%,GB,green_bay_packers,2024,12,0.0,Lambeau Field,Outdoor,Grass,640.0,1957.0,Green Bay,WI,44.5013,-88.0622,Green Bay Packers
2970,Feleipe Franks,0,0,0.0,0,0.0,0,0,0,0,0,0,0,1,0.0,0.0,0.0%,ATL,atlanta_falcons,2024,12,0.0,,,,,,,,,,Atlanta Falcons
2969,Drew Lock,1,1,100.0,3,3.0,0,0,0,0,0,0,0,1,0.1,0.1,1.6%,SEA,seattle_seahawks,2024,12,1.97,Lumen Field,Outdoor,Turf,20.0,2002.0,Seattle,WA,47.5952,-122.3316,Seattle Seahawks
2968,Nick Mullens,1,1,100.0,14,14.0,0,0,0,0,0,0,0,1,0.6,0.6,1.1%,JAC,jacksonville_jaguars,2024,12,8.92,,,,,,,,,,Jacksonville Jaguars
2965,Brandon Allen,17,29,58.6,199,6.9,1,1,2,2,5,0,1,1,9.5,9.5,0.1%,TEN,tennessee_titans,2024,12,89.93,Nissan Stadium,Outdoor,Grass,476.0,1999.0,Nashville,TN,36.1665,-86.7713,Tennessee Titans
2964,Jared Goff,26,36,72.2,269,7.5,0,0,3,2,0,0,0,1,10.8,10.8,83.0%,DET,detroit_lions,2024,12,119.26,Ford Field,Indoor,Turf,600.0,2002.0,Detroit,MI,42.34,-83.0456,Detroit Lions
2963,Tommy Devito,21,31,67.7,189,6.1,0,0,4,7,32,0,0,1,10.8,10.8,0.6%,NYG,new_york_giants,2024,12,89.68,Raymond James Stadium,Outdoor,Grass,26.0,1998.0,Tampa,FL,27.9759,-82.5033,New York Giants
2962,Kyler Murray,24,37,64.9,285,7.7,0,1,5,2,9,0,0,1,11.3,11.3,89.7%,ARI,arizona_cardinals,2024,12,126.65,Lumen Field,Outdoor,Turf,20.0,2002.0,Seattle,WA,47.5952,-122.3316,Arizona Cardinals
2961,Gardner Minshew Ii,25,42,59.5,230,5.5,1,1,3,2,5,0,0,1,12.7,12.7,3.1%,KC,kansas_city_chiefs,2024,12,105.19,GEHA Field at Arrowhead Stadium,Outdoor,Grass,1020.0,1972.0,Kansas City,MO,39.049,-94.4839,Kansas City Chiefs
2960,Anthony Richardson Sr.,11,28,39.3,172,6.1,0,0,0,10,61,0,0,1,13.0,13.0,38.2%,IND,indianapolis_colts,2024,12,86.32,Ford Field,Indoor,Turf,600.0,2002.0,Detroit,MI,42.34,-83.0456,Indianapolis Colts
2959,Geno Smith,22,31,71.0,254,8.2,1,1,5,3,2,0,0,1,13.4,13.4,36.9%,LV,las_vegas_raiders,2024,12,115.22,Empower Field at Mile High,Outdoor,Turf,5280.0,2001.0,Denver,CO,39.7439,-105.0201,Las Vegas Raiders
2958,Russell Wilson,21,28,75.0,270,9.6,1,0,4,3,10,0,1,1,13.8,13.8,23.4%,NYG,new_york_giants,2024,12,122.88,Raymond James Stadium,Outdoor,Grass,26.0,1998.0,Tampa,FL,27.9759,-82.5033,New York Giants
2957,Jameis Winston,18,27,66.7,219,8.1,0,1,1,3,7,1,1,1,14.5,14.5,8.9%,NYG,new_york_giants,2024,12,101.87,Raymond James Stadium,Outdoor,Grass,26.0,1998.0,Tampa,FL,27.9759,-82.5033,New York Giants
3011,Mitchell Trubisky,1,1,100.0,4,4.0,0,0,0,4,-3,0,0,1,-0.1,-0.1,1.3%,BUF,buffalo_bills,2024,13,2.13,Highmark Stadium,Outdoor,Grass,600.0,1973.0,Orchard Park,NY,42.7738,-78.7868,Buffalo Bills
3006,Trevor Lawrence,4,10,40.0,41,4.1,0,1,0,1,6,0,0,1,1.2,1.2,49.3%,JAC,jacksonville_jaguars,2024,13,18.96,NRG Stadium,Indoor,Turf,50.0,2002.0,Houston,TX,29.6847,-95.4107,Jacksonville Jaguars
2974,Jameis Winston,34,58,58.6,497,8.6,4,3,3,3,11,0,0,1,36.0,36.0,8.9%,NYG,new_york_giants,2024,13,231.12,AT&T Stadium,Indoor,Turf,639.0,2009.0,Arlington,TX,32.7473,-97.0945,New York Giants
2975,Jayden Daniels,25,30,83.3,206,6.9,3,1,2,9,34,1,0,1,28.6,28.6,98.6%,WAS,washington_commanders,2024,13,110.7,FedExField,Outdoor,Grass,300.0,1997.0,Landover,MD,38.9078,-76.8645,Washington Commanders
2976,Josh Allen,13,17,76.5,148,8.7,2,0,0,3,18,1,0,1,28.4,28.4,99.2%,BUF,buffalo_bills,2024,13,84.72,Highmark Stadium,Outdoor,Grass,600.0,1973.0,Orchard Park,NY,42.7738,-78.7868,Buffalo Bills
2977,Russell Wilson,29,38,76.3,414,10.9,3,1,2,3,3,0,0,1,27.9,27.9,23.4%,NYG,new_york_giants,2024,13,191.31,AT&T Stadium,Indoor,Turf,639.0,2009.0,Arlington,TX,32.7473,-97.0945,New York Giants
2978,Caleb Williams,20,39,51.3,256,6.6,3,0,5,4,39,0,0,1,26.1,26.1,82.7%,CHI,chicago_bears,2024,13,128.79,Ford Field,Indoor,Turf,600.0,2002.0,Detroit,MI,42.34,-83.0456,Chicago Bears
2979,Lamar Jackson,23,36,63.9,237,6.6,2,0,3,8,79,0,0,1,25.4,25.4,98.8%,BAL,baltimore_ravens,2024,13,124.7,Lincoln Financial Field,Outdoor,Grass,30.0,2003.0,Philadelphia,PA,39.9008,-75.1675,Baltimore Ravens
2980,Tua Tagovailoa,37,46,80.4,365,7.9,2,0,5,2,6,0,0,1,25.2,25.2,48.2%,MIA,miami_dolphins,2024,13,170.12,Lambeau Field,Outdoor,Grass,640.0,1957.0,Green Bay,WI,44.5013,-88.0622,Miami Dolphins
2981,Bryce Young,26,46,56.5,298,6.5,1,0,1,3,17,1,0,1,23.6,23.6,43.0%,CAR,carolina_panthers,2024,13,141.82,Raymond James Stadium,Outdoor,Grass,26.0,1998.0,Tampa,FL,27.9759,-82.5033,Carolina Panthers
2982,Anthony Richardson Sr.,12,24,50.0,109,4.5,2,2,0,9,48,1,0,1,23.2,23.2,38.2%,IND,indianapolis_colts,2024,13,67.34,Lucas Oil Stadium,Indoor,Turf,700.0,2008.0,Indianapolis,IN,39.7601,-86.1639,Indianapolis Colts
2983,Drake Maye,24,30,80.0,238,7.9,1,1,4,5,59,0,0,1,20.4,20.4,74.1%,NE,new_england_patriots,2024,13,119.56,Lucas Oil Stadium,Indoor,Turf,700.0,2008.0,Indianapolis,IN,39.7601,-86.1639,New England Patriots
2984,Joe Burrow,28,38,73.7,309,8.1,3,1,4,2,9,0,2,1,20.3,20.3,98.2%,CIN,cincinnati_bengals,2024,13,143.73,Acrisure Stadium,Outdoor,Grass,730.0,2001.0,Pittsburgh,PA,40.4468,-80.0158,Cincinnati Bengals
2985,Mac Jones,20,32,62.5,235,7.3,2,0,0,3,6,0,0,1,20.0,20.0,4.0%,SF,san_francisco_49ers,2024,13,112.66,Highmark Stadium,Outdoor,Grass,600.0,1973.0,Orchard Park,NY,42.7738,-78.7868,San Francisco 49ers
2986,Sam Darnold,21,31,67.7,235,7.6,2,0,5,4,22,0,0,1,19.6,19.6,36.3%,SEA,seattle_seahawks,2024,13,114.14,Lumen Field,Outdoor,Turf,20.0,2002.0,Seattle,WA,47.5952,-122.3316,Seattle Seahawks
2987,Aidan O'Connell,23,35,65.7,340,9.7,2,0,3,1,0,0,1,1,19.6,19.6,4.5%,LV,las_vegas_raiders,2024,13,154.46,GEHA Field at Arrowhead Stadium,Outdoor,Grass,1020.0,1972.0,Kansas City,MO,39.049,-94.4839,Las Vegas Raiders
2988,Jordan Love,21,28,75.0,274,9.8,2,0,0,0,0,0,0,1,19.0,19.0,73.1%,GB,green_bay_packers,2024,13,127.56,Lambeau Field,Outdoor,Grass,640.0,1957.0,Green Bay,WI,44.5013,-88.0622,Green Bay Packers
2990,Kyler Murray,31,45,68.9,260,5.8,1,2,1,7,48,0,0,1,17.2,17.2,89.7%,ARI,arizona_cardinals,2024,13,125.2,U.S. Bank Stadium,Indoor,Turf,840.0,2016.0,Minneapolis,MN,44.974,-93.2581,Arizona Cardinals
2991,Jared Goff,21,34,61.8,221,6.5,2,0,1,1,1,0,0,1,16.9,16.9,83.0%,DET,detroit_lions,2024,13,104.33,Ford Field,Indoor,Turf,600.0,2002.0,Detroit,MI,42.34,-83.0456,Detroit Lions
2992,Patrick Mahomes Ii,26,46,56.5,306,6.7,1,0,5,2,4,0,0,1,16.6,16.6,96.3%,KC,kansas_city_chiefs,2024,13,138.66,GEHA Field at Arrowhead Stadium,Outdoor,Grass,1020.0,1972.0,Kansas City,MO,39.049,-94.4839,Kansas City Chiefs
2993,Will Levis,18,37,48.6,212,5.7,2,0,2,2,-3,0,0,1,16.2,16.2,6.8%,TEN,tennessee_titans,2024,13,99.38,FedExField,Outdoor,Grass,300.0,1997.0,Landover,MD,38.9078,-76.8645,Tennessee Titans
2994,Drew Lock,21,32,65.6,178,5.6,0,1,6,4,57,1,1,1,15.8,15.8,1.6%,SEA,seattle_seahawks,2024,13,91.18,Lumen Field,Outdoor,Turf,20.0,2002.0,Seattle,WA,47.5952,-122.3316,Seattle Seahawks
2995,Matthew Stafford,14,24,58.3,183,7.6,2,0,2,4,3,0,0,1,15.6,15.6,48.2%,LAR,los_angeles_rams,2024,13,87.94,SoFi Stadium,Outdoor,Turf,100.0,2020.0,Inglewood,CA,33.9535,-118.3392,Los Angeles Rams
2996,Aaron Rodgers,21,39,53.8,185,4.7,2,1,2,2,6,0,0,1,15.0,15.0,28.3%,PIT,pittsburgh_steelers,2024,13,88.64,Acrisure Stadium,Outdoor,Grass,730.0,2001.0,Pittsburgh,PA,40.4468,-80.0158,Pittsburgh Steelers
2998,C.J. Stroud,22,34,64.7,242,7.1,1,0,2,5,7,0,0,1,14.4,14.4,72.7%,HOU,houston_texans,2024,13,111.5,NRG Stadium,Indoor,Turf,50.0,2002.0,Houston,TX,29.6847,-95.4107,Houston Texans
2989,Jalen Hurts,11,19,57.9,118,6.2,1,0,2,9,29,1,0,1,17.6,17.6,98.3%,PHI,philadelphia_eagles,2024,13,65.26,Lincoln Financial Field,Outdoor,Grass,30.0,2003.0,Philadelphia,PA,39.9008,-75.1675,Philadelphia Eagles
2999,Bo Nix,18,35,51.4,294,8.4,1,2,0,3,4,0,0,1,14.2,14.2,93.2%,DEN,denver_broncos,2024,13,131.52,Empower Field at Mile High,Outdoor,Turf,5280.0,2001.0,Denver,CO,39.7439,-105.0201,Denver Broncos
3000,Geno Smith,20,31,64.5,206,6.6,1,0,3,2,2,0,0,1,12.4,12.4,36.9%,LV,las_vegas_raiders,2024,13,94.9,GEHA Field at Arrowhead Stadium,Outdoor,Grass,1020.0,1972.0,Kansas City,MO,39.049,-94.4839,Las Vegas Raiders
3001,Baker Mayfield,21,33,63.6,235,7.1,1,2,4,3,8,0,0,1,12.2,12.2,94.5%,TB,tampa_bay_buccaneers,2024,13,106.96,Raymond James Stadium,Outdoor,Grass,26.0,1998.0,Tampa,FL,27.9759,-82.5033,Tampa Bay Buccaneers
3002,Cooper Rush,21,36,58.3,195,5.4,1,0,0,5,0,0,0,1,11.8,11.8,1.8%,BAL,baltimore_ravens,2024,13,89.74,Lincoln Financial Field,Outdoor,Grass,30.0,2003.0,Philadelphia,PA,39.9008,-75.1675,Baltimore Ravens
3003,Justin Herbert,16,23,69.6,147,6.4,0,0,5,5,1,0,0,1,8.0,8.0,87.6%,LAC,los_angeles_chargers,2024,13,67.38,SoFi Stadium,Outdoor,Turf,100.0,2020.0,Inglewood,CA,33.9535,-118.3392,Los Angeles Chargers
3004,Kirk Cousins,24,39,61.5,245,6.3,0,4,1,1,3,0,0,1,6.1,6.1,16.0%,ATL,atlanta_falcons,2024,13,105.83,SoFi Stadium,Outdoor,Turf,100.0,2020.0,Inglewood,CA,33.9535,-118.3392,Atlanta Falcons
3005,Brock Purdy,11,18,61.1,94,5.2,0,0,2,2,4,0,1,1,2.2,2.2,89.9%,SF,san_francisco_49ers,2024,13,41.58,Highmark Stadium,Outdoor,Grass,600.0,1973.0,Orchard Park,NY,42.7738,-78.7868,San Francisco 49ers
3010,Sam Hartman,0,0,0.0,0,0.0,0,0,0,0,0,0,0,1,0.0,0.0,0.0%,WAS,washington_commanders,2024,13,0.0,FedExField,Outdoor,Grass,300.0,1997.0,Landover,MD,38.9078,-76.8645,Washington Commanders
3007,Justin Fields,0,0,0.0,0,0.0,0,0,0,1,7,0,0,1,0.7,0.7,80.9%,NYJ,new_york_jets,2024,13,1.19,Lumen Field,Outdoor,Turf,20.0,2002.0,Seattle,WA,47.5952,-122.3316,New York Jets
3008,Kyle Trask,1,1,100.0,5,5.0,0,0,0,0,0,0,0,1,0.2,0.2,0.8%,TB,tampa_bay_buccaneers,2024,13,3.24,Raymond James Stadium,Outdoor,Grass,26.0,1998.0,Tampa,FL,27.9759,-82.5033,Tampa Bay Buccaneers
3009,Feleipe Franks,0,0,0.0,0,0.0,0,0,0,0,0,0,0,1,0.0,0.0,0.0%,ATL,atlanta_falcons,2024,13,0.0,SoFi Stadium,Outdoor,Turf,100.0,2020.0,Inglewood,CA,33.9535,-118.3392,Atlanta Falcons
3043,Nick Mullens,0,0,0.0,0,0.0,0,0,0,2,-2,0,0,1,-0.2,-0.2,1.1%,JAC,jacksonville_jaguars,2024,14,-0.34,TIAA Bank Field,Outdoor,Grass,16.0,1995.0,Jacksonville,FL,30.3239,-81.6373,Jacksonville Jaguars
3016,Tua Tagovailoa,33,47,70.2,331,7.0,2,0,0,1,3,0,0,1,23.5,23.5,48.2%,MIA,miami_dolphins,2024,14,154.45,Hard Rock Stadium,Outdoor,Grass,7.0,1987.0,Miami Gardens,FL,25.958,-80.238,Miami Dolphins
3035,Aidan O'Connell,11,19,57.9,104,5.5,0,1,1,6,6,1,1,1,7.8,7.8,4.5%,LV,las_vegas_raiders,2024,14,49.86,Raymond James Stadium,Outdoor,Grass,26.0,1998.0,Tampa,FL,27.9759,-82.5033,Las Vegas Raiders
3039,Taylor Heinicke,0,0,0.0,0,0.0,0,0,0,1,12,0,0,1,1.2,1.2,0.6%,LAC,los_angeles_chargers,2024,14,2.04,GEHA Field at Arrowhead Stadium,Outdoor,Grass,1020.0,1972.0,Kansas City,MO,39.049,-94.4839,Los Angeles Chargers
3012,Josh Allen,22,37,59.5,342,9.2,3,0,0,10,82,3,0,1,51.9,51.9,99.2%,BUF,buffalo_bills,2024,14,186.87,SoFi Stadium,Outdoor,Turf,100.0,2020.0,Inglewood,CA,33.9535,-118.3392,Buffalo Bills
3034,Kirk Cousins,23,37,62.2,344,9.3,0,2,1,0,0,0,0,1,11.8,11.8,16.0%,ATL,atlanta_falcons,2024,14,149.82,U.S. Bank Stadium,Indoor,Turf,840.0,2016.0,Minneapolis,MN,44.974,-93.2581,Atlanta Falcons
3040,Tyson Bagent,1,1,100.0,6,6.0,0,0,0,0,0,0,0,1,0.2,0.2,1.1%,CHI,chicago_bears,2024,14,3.84,Levi's Stadium,Outdoor,Grass,13.0,2014.0,Santa Clara,CA,37.403,-121.9692,Chicago Bears
3013,Sam Darnold,22,28,78.6,347,12.4,5,0,4,4,7,0,0,1,34.6,34.6,36.3%,SEA,seattle_seahawks,2024,14,169.9,Lumen Field,Outdoor,Turf,20.0,2002.0,Seattle,WA,47.5952,-122.3316,Seattle Seahawks
3042,Jake Haener,0,0,0.0,0,0.0,0,0,1,1,-1,0,0,1,-0.1,-0.1,1.1%,NO,new_orleans_saints,2024,14,-0.17,Caesars Superdome,Indoor,Turf,3.0,1975.0,New Orleans,LA,29.9509,-90.0815,New Orleans Saints
3014,Joe Burrow,33,44,75.0,369,8.4,3,1,2,2,-2,0,0,1,25.6,25.6,98.2%,CIN,cincinnati_bengals,2024,14,171.1,Paycor Stadium,Outdoor,Turf,482.0,2000.0,Cincinnati,OH,39.0954,-84.516,Cincinnati Bengals
3015,Jalen Hurts,14,21,66.7,108,5.1,2,0,4,8,59,1,0,1,24.2,24.2,98.3%,PHI,philadelphia_eagles,2024,14,69.26,Lincoln Financial Field,Outdoor,Grass,30.0,2003.0,Philadelphia,PA,39.9008,-75.1675,Philadelphia Eagles
3031,Bryce Young,19,34,55.9,191,5.6,1,1,1,7,29,0,0,1,13.5,13.5,43.0%,CAR,carolina_panthers,2024,14,91.97,Lincoln Financial Field,Outdoor,Grass,30.0,2003.0,Philadelphia,PA,39.9008,-75.1675,Carolina Panthers
3017,Jared Goff,32,41,78.0,283,6.9,3,1,1,4,7,0,0,1,23.0,23.0,83.0%,DET,detroit_lions,2024,14,135.38,Ford Field,Indoor,Turf,600.0,2002.0,Detroit,MI,42.34,-83.0456,Detroit Lions
3018,Brock Purdy,20,25,80.0,325,13.0,2,0,1,5,11,0,0,1,22.1,22.1,89.9%,SF,san_francisco_49ers,2024,14,151.77,Levi's Stadium,Outdoor,Grass,13.0,2014.0,Santa Clara,CA,37.403,-121.9692,San Francisco 49ers
3025,Russell Wilson,15,26,57.7,158,6.1,2,0,1,6,17,0,0,1,16.0,16.0,23.4%,NYG,new_york_giants,2024,14,79.42,Caesars Superdome,Indoor,Turf,3.0,1975.0,New Orleans,LA,29.9509,-90.0815,New York Giants
3036,Mac Jones,23,31,74.2,220,7.1,0,2,1,3,3,0,0,1,7.1,7.1,4.0%,SF,san_francisco_49ers,2024,14,96.79,Levi's Stadium,Outdoor,Grass,13.0,2014.0,Santa Clara,CA,37.403,-121.9692,San Francisco 49ers
3032,Geno Smith,24,30,80.0,233,7.8,1,0,0,1,0,0,0,1,13.3,13.3,36.9%,LV,las_vegas_raiders,2024,14,106.77,Raymond James Stadium,Outdoor,Grass,26.0,1998.0,Tampa,FL,27.9759,-82.5033,Las Vegas Raiders
3037,Will Levis,19,32,59.4,168,5.3,0,0,2,1,3,0,0,1,7.0,7.0,6.8%,TEN,tennessee_titans,2024,14,75.36,TIAA Bank Field,Outdoor,Grass,16.0,1995.0,Jacksonville,FL,30.3239,-81.6373,Tennessee Titans
3044,Brandon Allen,0,1,0.0,0,0.0,0,1,0,0,0,0,0,1,-1.0,-1.0,0.1%,TEN,tennessee_titans,2024,14,-0.8,TIAA Bank Field,Outdoor,Grass,16.0,1995.0,Jacksonville,FL,30.3239,-81.6373,Tennessee Titans
3019,Baker Mayfield,18,29,62.1,295,10.2,3,2,4,2,12,0,1,1,21.0,21.0,94.5%,TB,tampa_bay_buccaneers,2024,14,138.34,Raymond James Stadium,Outdoor,Grass,26.0,1998.0,Tampa,FL,27.9759,-82.5033,Tampa Bay Buccaneers
3030,Justin Herbert,21,30,70.0,213,7.1,1,0,3,4,12,0,0,1,13.7,13.7,87.6%,LAC,los_angeles_chargers,2024,14,99.81,GEHA Field at Arrowhead Stadium,Outdoor,Grass,1020.0,1972.0,Kansas City,MO,39.049,-94.4839,Los Angeles Chargers
3029,Patrick Mahomes Ii,24,37,64.9,210,5.7,1,0,3,4,17,0,0,1,14.1,14.1,96.3%,KC,kansas_city_chiefs,2024,14,99.41,GEHA Field at Arrowhead Stadium,Outdoor,Grass,1020.0,1972.0,Kansas City,MO,39.049,-94.4839,Kansas City Chiefs
3041,Tommy Devito,0,0,0.0,0,0.0,0,0,0,0,0,0,0,1,0.0,0.0,0.6%,NYG,new_york_giants,2024,14,0.0,Caesars Superdome,Indoor,Turf,3.0,1975.0,New Orleans,LA,29.9509,-90.0815,New York Giants
3028,Caleb Williams,17,23,73.9,134,5.8,2,0,7,4,27,0,1,1,14.1,14.1,82.7%,CHI,chicago_bears,2024,14,69.53,Levi's Stadium,Outdoor,Grass,13.0,2014.0,Santa Clara,CA,37.403,-121.9692,Chicago Bears
3027,Jordan Love,12,20,60.0,206,10.3,1,0,1,4,23,0,0,1,14.5,14.5,73.1%,GB,green_bay_packers,2024,14,98.41,Ford Field,Indoor,Turf,600.0,2002.0,Detroit,MI,42.34,-83.0456,Green Bay Packers
3020,Matthew Stafford,23,30,76.7,320,10.7,2,0,0,0,0,0,0,1,20.8,20.8,48.2%,LAR,los_angeles_rams,2024,14,147.6,SoFi Stadium,Outdoor,Turf,100.0,2020.0,Inglewood,CA,33.9535,-118.3392,Los Angeles Rams
3021,Kyler Murray,25,38,65.8,259,6.8,2,2,2,3,16,0,0,1,20.0,20.0,89.7%,ARI,arizona_cardinals,2024,14,123.46,Lumen Field,Outdoor,Turf,20.0,2002.0,Seattle,WA,47.5952,-122.3316,Arizona Cardinals
3022,Aaron Rodgers,27,39,69.2,339,8.7,1,0,3,0,0,0,0,1,17.6,17.6,28.3%,PIT,pittsburgh_steelers,2024,14,152.66,Acrisure Stadium,Outdoor,Grass,730.0,2001.0,Pittsburgh,PA,40.4468,-80.0158,Pittsburgh Steelers
3023,Jameis Winston,24,41,58.5,212,5.2,2,2,3,4,28,0,0,1,17.3,17.3,8.9%,NYG,new_york_giants,2024,14,103.55,Caesars Superdome,Indoor,Turf,3.0,1975.0,New Orleans,LA,29.9509,-90.0815,New York Giants
3024,Drew Lock,21,49,42.9,227,4.6,0,1,2,5,59,0,0,1,16.0,16.0,1.6%,SEA,seattle_seahawks,2024,14,110.82,Lumen Field,Outdoor,Turf,20.0,2002.0,Seattle,WA,47.5952,-122.3316,Seattle Seahawks
3026,Cooper Rush,16,31,51.6,183,5.9,2,1,3,2,5,0,0,1,14.8,14.8,1.8%,BAL,baltimore_ravens,2024,14,87.34,,,,,,,,,,Baltimore Ravens
3066,Kyler Murray,23,30,76.7,224,7.5,0,0,0,5,11,0,0,1,10.1,10.1,89.7%,ARI,arizona_cardinals,2024,15,101.57,State Farm Stadium,Indoor,Turf,1070.0,2006.0,Glendale,AZ,33.5275,-112.2625,Arizona Cardinals
3052,Mac Jones,31,46,67.4,294,6.4,2,2,2,4,29,0,0,1,20.7,20.7,4.0%,SF,san_francisco_49ers,2024,15,139.77,SoFi Stadium,Outdoor,Turf,100.0,2020.0,Inglewood,CA,33.9535,-118.3392,San Francisco 49ers
3058,Bo Nix,20,33,60.6,130,3.9,3,3,1,8,23,0,0,1,16.5,16.5,93.2%,DEN,denver_broncos,2024,15,69.23,Empower Field at Mile High,Outdoor,Turf,5280.0,2001.0,Denver,CO,39.7439,-105.0201,Denver Broncos
3051,Jayden Daniels,25,31,80.6,226,7.3,2,0,8,11,66,0,0,1,23.6,23.6,98.6%,WAS,washington_commanders,2024,15,118.08,FedExField,Outdoor,Grass,300.0,1997.0,Landover,MD,38.9078,-76.8645,Washington Commanders
3050,Jalen Hurts,25,32,78.1,290,9.1,2,0,3,15,45,1,1,1,28.1,28.1,98.3%,PHI,philadelphia_eagles,2024,15,145.19,Lincoln Financial Field,Outdoor,Grass,30.0,2003.0,Philadelphia,PA,39.9008,-75.1675,Philadelphia Eagles
3077,Jameis Winston,16,25,64.0,146,5.8,0,3,5,2,-2,0,0,1,2.6,2.6,8.9%,NYG,new_york_giants,2024,15,62.48,M&T Bank Stadium,Outdoor,Grass,10.0,1998.0,Baltimore,MD,39.2779,-76.6227,New York Giants
3057,Mason Rudolph,21,26,80.8,209,8.0,2,1,0,2,14,0,0,1,16.8,16.8,5.9%,PIT,pittsburgh_steelers,2024,15,100.96,Lincoln Financial Field,Outdoor,Grass,30.0,2003.0,Philadelphia,PA,39.9008,-75.1675,Pittsburgh Steelers
3056,Jordan Love,20,27,74.1,229,8.5,2,0,0,1,4,0,0,1,17.6,17.6,73.1%,GB,green_bay_packers,2024,15,108.62,Lambeau Field,Outdoor,Grass,640.0,1957.0,Green Bay,WI,44.5013,-88.0622,Green Bay Packers
3078,Jake Haener,4,10,40.0,49,4.9,0,1,3,1,7,0,0,1,1.7,1.7,1.1%,NO,new_orleans_saints,2024,15,22.77,FedExField,Outdoor,Grass,300.0,1997.0,Landover,MD,38.9078,-76.8645,New Orleans Saints
3055,Drake Maye,19,23,82.6,202,8.8,1,1,2,4,14,1,0,1,18.5,18.5,74.1%,NE,new_england_patriots,2024,15,99.21,State Farm Stadium,Indoor,Turf,1070.0,2006.0,Glendale,AZ,33.5275,-112.2625,New England Patriots
3079,Dorian Thompson-Robinson,4,9,44.4,18,2.0,0,1,0,3,16,0,0,1,1.3,1.3,0.8%,PHI,philadelphia_eagles,2024,15,10.41,Lincoln Financial Field,Outdoor,Grass,30.0,2003.0,Philadelphia,PA,39.9008,-75.1675,Philadelphia Eagles
3054,Joe Burrow,26,37,70.3,271,7.3,3,2,1,0,0,0,1,1,18.8,18.8,98.2%,CIN,cincinnati_bengals,2024,15,126.22,Paycor Stadium,Outdoor,Turf,482.0,2000.0,Cincinnati,OH,39.0954,-84.516,Cincinnati Bengals
3049,Baker Mayfield,22,27,81.5,288,10.7,4,1,1,2,25,0,0,1,29.0,29.0,94.5%,TB,tampa_bay_buccaneers,2024,15,143.44,Raymond James Stadium,Outdoor,Grass,26.0,1998.0,Tampa,FL,27.9759,-82.5033,Tampa Bay Buccaneers
3081,Justin Fields,0,0,0.0,0,0.0,0,0,0,1,8,0,0,1,0.8,0.8,80.9%,NYJ,new_york_jets,2024,15,1.36,MetLife Stadium,Outdoor,Turf,3.0,2010.0,East Rutherford,NJ,40.8136,-74.0744,New York Jets
3048,Aaron Rodgers,16,30,53.3,289,9.6,3,0,1,6,45,0,0,1,30.1,30.1,28.3%,PIT,pittsburgh_steelers,2024,15,145.59,Lincoln Financial Field,Outdoor,Grass,30.0,2003.0,Philadelphia,PA,39.9008,-75.1675,Pittsburgh Steelers
3082,Tyson Bagent,1,1,100.0,5,5.0,0,0,0,0,0,0,0,1,0.2,0.2,1.1%,CHI,chicago_bears,2024,15,3.24,U.S. Bank Stadium,Indoor,Turf,840.0,2016.0,Minneapolis,MN,44.974,-93.2581,Chicago Bears
3053,Cooper Rush,18,29,62.1,214,7.4,3,0,1,4,5,0,1,1,19.1,19.1,1.8%,BAL,baltimore_ravens,2024,15,103.55,M&T Bank Stadium,Outdoor,Grass,10.0,1998.0,Baltimore,MD,39.2779,-76.6227,Baltimore Ravens
3076,Tommy Devito,10,13,76.9,68,5.2,0,0,2,1,0,0,0,1,2.7,2.7,0.6%,NYG,new_york_giants,2024,15,31.13,M&T Bank Stadium,Outdoor,Grass,10.0,1998.0,Baltimore,MD,39.2779,-76.6227,New York Giants
3083,Clayton Tune,2,2,100.0,8,4.0,0,0,0,1,-1,0,0,1,0.2,0.2,1.1%,ARI,arizona_cardinals,2024,15,4.24,State Farm Stadium,Indoor,Turf,1070.0,2006.0,Glendale,AZ,33.5275,-112.2625,Arizona Cardinals
3047,Lamar Jackson,21,25,84.0,290,11.6,5,0,2,6,65,0,1,1,36.1,36.1,98.8%,BAL,baltimore_ravens,2024,15,153.59,M&T Bank Stadium,Outdoor,Grass,10.0,1998.0,Baltimore,MD,39.2779,-76.6227,Baltimore Ravens
3046,Jared Goff,38,59,64.4,494,8.4,5,0,3,2,13,0,0,1,41.1,41.1,83.0%,DET,detroit_lions,2024,15,234.65,Highmark Stadium,Outdoor,Grass,600.0,1973.0,Orchard Park,NY,42.7738,-78.7868,Detroit Lions
3059,Patrick Mahomes Ii,19,38,50.0,159,4.2,2,0,0,2,14,0,0,1,15.8,15.8,96.3%,KC,kansas_city_chiefs,2024,15,79.4,GEHA Field at Arrowhead Stadium,Outdoor,Grass,1020.0,1972.0,Kansas City,MO,39.049,-94.4839,Kansas City Chiefs
3084,Sam Howell,5,14,35.7,24,1.7,0,1,4,1,2,0,0,1,0.2,0.2,6.8%,MIN,minnesota_vikings,2024,15,10.68,U.S. Bank Stadium,Indoor,Turf,840.0,2016.0,Minneapolis,MN,44.974,-93.2581,Minnesota Vikings
3060,Anthony Richardson Sr.,17,38,44.7,172,4.5,0,2,2,7,46,1,0,1,15.4,15.4,38.2%,IND,indianapolis_colts,2024,15,86.78,Empower Field at Mile High,Outdoor,Turf,5280.0,2001.0,Denver,CO,39.7439,-105.0201,Indianapolis Colts
3085,Taylor Heinicke,1,1,100.0,4,4.0,0,0,0,0,0,0,0,1,0.2,0.2,0.6%,LAC,los_angeles_chargers,2024,15,2.64,Raymond James Stadium,Outdoor,Grass,26.0,1998.0,Tampa,FL,27.9759,-82.5033,Los Angeles Chargers
3086,Kyle Trask,0,0,0.0,0,0.0,0,0,0,0,0,0,0,1,0.0,0.0,0.8%,TB,tampa_bay_buccaneers,2024,15,0.0,Raymond James Stadium,Outdoor,Grass,26.0,1998.0,Tampa,FL,27.9759,-82.5033,Tampa Bay Buccaneers
3045,Josh Allen,23,34,67.6,362,10.6,2,0,0,11,68,2,0,1,41.3,41.3,99.2%,BUF,buffalo_bills,2024,15,185.93,Highmark Stadium,Outdoor,Grass,600.0,1973.0,Orchard Park,NY,42.7738,-78.7868,Buffalo Bills
3087,Josh Johnson,0,0,0.0,0,0.0,0,0,1,1,-1,0,0,1,-0.1,-0.1,1.0%,WAS,washington_commanders,2024,15,-0.17,FedExField,Outdoor,Grass,300.0,1997.0,Landover,MD,38.9078,-76.8645,Washington Commanders
3061,Justin Herbert,21,33,63.6,195,5.9,2,1,3,0,0,0,0,1,14.8,14.8,87.6%,LAC,los_angeles_chargers,2024,15,92.14,Raymond James Stadium,Outdoor,Grass,26.0,1998.0,Tampa,FL,27.9759,-82.5033,Los Angeles Chargers
3062,Bryce Young,19,28,67.9,219,7.8,1,2,6,3,12,1,2,1,14.0,14.0,43.0%,CAR,carolina_panthers,2024,15,102.16,AT&T Stadium,Indoor,Turf,639.0,2009.0,Arlington,TX,32.7473,-97.0945,Carolina Panthers
3088,Will Levis,8,12,66.7,89,7.4,0,3,1,2,0,0,1,1,-1.4,-1.4,6.8%,TEN,tennessee_titans,2024,15,36.5,Paycor Stadium,Outdoor,Turf,482.0,2000.0,Cincinnati,OH,39.0954,-84.516,Tennessee Titans
3064,Sam Darnold,24,40,60.0,231,5.8,1,1,2,0,0,0,0,1,12.2,12.2,36.3%,SEA,seattle_seahawks,2024,15,104.7,Lambeau Field,Outdoor,Grass,640.0,1957.0,Green Bay,WI,44.5013,-88.0622,Seattle Seahawks
3065,C.J. Stroud,18,26,69.2,131,5.0,2,0,4,6,4,0,1,1,11.6,11.6,72.7%,HOU,houston_texans,2024,15,64.22,NRG Stadium,Indoor,Turf,50.0,2002.0,Houston,TX,29.6847,-95.4107,Houston Texans
3067,Caleb Williams,18,31,58.1,191,6.2,1,0,2,4,3,0,1,1,9.9,9.9,82.7%,CHI,chicago_bears,2024,15,86.87,U.S. Bank Stadium,Indoor,Turf,840.0,2016.0,Minneapolis,MN,44.974,-93.2581,Chicago Bears
3068,Spencer Rattler,10,21,47.6,135,6.4,1,0,0,0,0,0,0,1,9.4,9.4,12.3%,NO,new_orleans_saints,2024,15,63.16,FedExField,Outdoor,Grass,300.0,1997.0,Landover,MD,38.9078,-76.8645,New Orleans Saints
3069,Russell Wilson,14,22,63.6,128,5.8,1,0,2,4,13,0,1,1,8.4,8.4,23.4%,NYG,new_york_giants,2024,15,61.14,M&T Bank Stadium,Outdoor,Grass,10.0,1998.0,Baltimore,MD,39.2779,-76.6227,New York Giants
3070,Matthew Stafford,16,27,59.3,160,5.9,0,0,0,4,18,0,0,1,8.2,8.2,48.2%,LAR,los_angeles_rams,2024,15,74.32,SoFi Stadium,Outdoor,Turf,100.0,2020.0,Inglewood,CA,33.9535,-118.3392,Los Angeles Rams
3071,Tim Boyle,12,24,50.0,123,5.1,1,1,1,1,-1,0,0,1,7.8,7.8,0.0%,TEN,tennessee_titans,2024,15,56.98,Paycor Stadium,Outdoor,Turf,482.0,2000.0,Cincinnati,OH,39.0954,-84.516,Tennessee Titans
3072,Kirk Cousins,11,17,64.7,112,6.6,1,1,3,3,0,0,0,1,7.5,7.5,16.0%,ATL,atlanta_falcons,2024,15,52.67,Mercedes-Benz Stadium,Indoor,Turf,1050.0,2017.0,Atlanta,GA,33.755,-84.4008,Atlanta Falcons
3073,Tua Tagovailoa,29,40,72.5,196,4.9,1,3,3,0,0,0,1,1,6.8,6.8,48.2%,MIA,miami_dolphins,2024,15,86.94,NRG Stadium,Indoor,Turf,50.0,2002.0,Houston,TX,29.6847,-95.4107,Miami Dolphins
3074,Geno Smith,15,19,78.9,149,7.8,0,1,3,1,5,0,0,1,5.5,5.5,36.9%,LV,las_vegas_raiders,2024,15,66.91,Mercedes-Benz Stadium,Indoor,Turf,1050.0,2017.0,Atlanta,GA,33.755,-84.4008,Las Vegas Raiders
3075,Brock Purdy,14,31,45.2,142,4.6,0,1,3,1,3,0,0,1,5.0,5.0,89.9%,SF,san_francisco_49ers,2024,15,62.82,SoFi Stadium,Outdoor,Turf,100.0,2020.0,Inglewood,CA,33.9535,-118.3392,San Francisco 49ers
3115,Kenny Pickett,14,24,58.3,143,6.0,1,1,3,3,13,0,0,1,10.0,10.0,7.7%,CLE,cleveland_browns,2024,16,68.3,Paycor Stadium,Outdoor,Turf,482.0,2000.0,Cincinnati,OH,39.0954,-84.516,Cleveland Browns
3089,Jayden Daniels,24,39,61.5,258,6.6,5,2,1,9,81,0,0,1,36.4,36.4,98.6%,WAS,washington_commanders,2024,16,141.8,FedExField,Outdoor,Grass,300.0,1997.0,Landover,MD,38.9078,-76.8645,Washington Commanders
3118,Michael Penix Jr.,18,27,66.7,202,7.5,0,1,0,4,3,0,0,1,7.4,7.4,43.0%,ATL,atlanta_falcons,2024,16,89.48,Mercedes-Benz Stadium,Indoor,Turf,1050.0,2017.0,Atlanta,GA,33.755,-84.4008,Atlanta Falcons
3117,Drew Lock,22,39,56.4,210,5.4,1,2,3,1,1,0,1,1,8.5,8.5,1.6%,SEA,seattle_seahawks,2024,16,93.33,U.S. Bank Stadium,Indoor,Turf,840.0,2016.0,Minneapolis,MN,44.974,-93.2581,Seattle Seahawks
3116,Dorian Thompson-Robinson,20,34,58.8,157,4.6,0,2,5,9,49,0,0,1,9.2,9.2,0.8%,PHI,philadelphia_eagles,2024,16,76.86,FedExField,Outdoor,Grass,300.0,1997.0,Landover,MD,38.9078,-76.8645,Philadelphia Eagles
3119,Matthew Stafford,14,19,73.7,110,5.8,1,1,0,3,-4,0,0,1,7.0,7.0,48.2%,LAR,los_angeles_rams,2024,16,51.26,SoFi Stadium,Outdoor,Turf,100.0,2020.0,Inglewood,CA,33.9535,-118.3392,Los Angeles Rams
3114,Jordan Love,16,28,57.1,182,6.5,1,0,0,1,2,0,0,1,11.5,11.5,73.1%,GB,green_bay_packers,2024,16,84.25,Lambeau Field,Outdoor,Grass,640.0,1957.0,Green Bay,WI,44.5013,-88.0622,Green Bay Packers
3113,Aidan O'Connell,24,38,63.2,257,6.8,0,0,2,7,12,0,0,1,11.5,11.5,4.5%,LV,las_vegas_raiders,2024,16,115.81,Allegiant Stadium,Indoor,Turf,2001.0,2020.0,Las Vegas,NV,36.0908,-115.183,Las Vegas Raiders
3112,Josh Allen,16,29,55.2,154,5.3,1,1,1,6,30,0,0,1,12.2,12.2,99.2%,BUF,buffalo_bills,2024,16,76.0,Highmark Stadium,Outdoor,Grass,600.0,1973.0,Orchard Park,NY,42.7738,-78.7868,Buffalo Bills
3111,Tua Tagovailoa,22,34,64.7,215,6.3,1,0,0,2,-1,0,0,1,12.5,12.5,48.2%,MIA,miami_dolphins,2024,16,98.41,Hard Rock Stadium,Outdoor,Grass,7.0,1987.0,Miami Gardens,FL,25.958,-80.238,Miami Dolphins
3110,Aaron Rodgers,28,42,66.7,256,6.1,1,0,1,1,6,0,1,1,12.8,12.8,28.3%,PIT,pittsburgh_steelers,2024,16,116.18,M&T Bank Stadium,Outdoor,Grass,10.0,1998.0,Baltimore,MD,39.2779,-76.6227,Pittsburgh Steelers
3109,Mac Jones,25,39,64.1,247,6.3,1,0,1,0,0,0,0,1,13.9,13.9,4.0%,SF,san_francisco_49ers,2024,16,112.59,Hard Rock Stadium,Outdoor,Grass,7.0,1987.0,Miami Gardens,FL,25.958,-80.238,San Francisco 49ers
3108,Cooper Rush,26,35,74.3,292,8.3,1,0,1,3,-4,0,0,1,15.3,15.3,1.8%,BAL,baltimore_ravens,2024,16,131.67,M&T Bank Stadium,Outdoor,Grass,10.0,1998.0,Baltimore,MD,39.2779,-76.6227,Baltimore Ravens
3107,Russell Wilson,22,33,66.7,217,6.6,2,1,3,3,27,0,1,1,16.4,16.4,23.4%,NYG,new_york_giants,2024,16,104.9,Mercedes-Benz Stadium,Indoor,Turf,1050.0,2017.0,Atlanta,GA,33.755,-84.4008,New York Giants
3106,Mason Rudolph,23,34,67.6,252,7.4,2,3,1,4,3,0,0,1,17.4,17.4,5.9%,PIT,pittsburgh_steelers,2024,16,117.36,M&T Bank Stadium,Outdoor,Grass,10.0,1998.0,Baltimore,MD,39.2779,-76.6227,Pittsburgh Steelers
3105,C.J. Stroud,23,39,59.0,244,6.3,2,2,2,2,23,0,0,1,18.1,18.1,72.7%,HOU,houston_texans,2024,16,116.53,GEHA Field at Arrowhead Stadium,Outdoor,Grass,1020.0,1972.0,Kansas City,MO,39.049,-94.4839,Houston Texans
3104,Drake Maye,22,36,61.1,261,7.3,2,1,2,6,30,0,1,1,18.4,18.4,74.1%,NE,new_england_patriots,2024,16,124.34,Highmark Stadium,Outdoor,Grass,600.0,1973.0,Orchard Park,NY,42.7738,-78.7868,New England Patriots
3103,Bo Nix,29,40,72.5,263,6.6,2,0,2,3,25,0,0,1,21.0,21.0,93.2%,DEN,denver_broncos,2024,16,127.22,SoFi Stadium,Outdoor,Turf,100.0,2020.0,Inglewood,CA,33.9535,-118.3392,Denver Broncos
3102,Anthony Richardson Sr.,7,11,63.6,131,11.9,1,1,1,9,70,1,0,1,21.2,21.2,38.2%,IND,indianapolis_colts,2024,16,77.72,Lucas Oil Stadium,Indoor,Turf,700.0,2008.0,Indianapolis,IN,39.7601,-86.1639,Indianapolis Colts
3101,Kyler Murray,20,32,62.5,202,6.3,1,1,3,8,63,1,1,1,21.4,21.4,89.7%,ARI,arizona_cardinals,2024,16,105.64,Bank of America Stadium,Outdoor,Grass,748.0,1996.0,Charlotte,NC,35.2258,-80.8528,Arizona Cardinals
3100,Lamar Jackson,15,23,65.2,207,9.0,3,1,1,9,22,0,0,1,21.5,21.5,98.8%,BAL,baltimore_ravens,2024,16,104.15,M&T Bank Stadium,Outdoor,Grass,10.0,1998.0,Baltimore,MD,39.2779,-76.6227,Baltimore Ravens
3122,Malik Willis,1,2,50.0,34,17.0,0,0,0,3,-2,0,0,1,1.2,1.2,3.3%,GB,green_bay_packers,2024,16,17.74,Lambeau Field,Outdoor,Grass,640.0,1957.0,Green Bay,WI,44.5013,-88.0622,Green Bay Packers
3099,Joe Burrow,23,30,76.7,252,8.4,3,0,4,2,19,0,1,1,22.0,22.0,98.2%,CIN,cincinnati_bengals,2024,16,122.88,Paycor Stadium,Outdoor,Turf,482.0,2000.0,Cincinnati,OH,39.0954,-84.516,Cincinnati Bengals
3123,Jake Browning,0,0,0.0,0,0.0,0,0,0,1,-1,0,0,1,-0.1,-0.1,4.2%,CIN,cincinnati_bengals,2024,16,-0.17,Paycor Stadium,Outdoor,Turf,482.0,2000.0,Cincinnati,OH,39.0954,-84.516,Cincinnati Bengals
3098,Brock Purdy,26,40,65.0,313,7.8,2,1,3,4,26,0,0,1,22.1,22.1,89.9%,SF,san_francisco_49ers,2024,16,147.93,Hard Rock Stadium,Outdoor,Grass,7.0,1987.0,Miami Gardens,FL,25.958,-80.238,San Francisco 49ers
3097,Caleb Williams,26,40,65.0,334,8.4,2,0,2,6,34,0,1,1,22.8,22.8,82.7%,CHI,chicago_bears,2024,16,157.74,Ford Field,Indoor,Turf,600.0,2002.0,Detroit,MI,42.34,-83.0456,Chicago Bears
3096,Sam Darnold,22,35,62.9,246,7.0,3,0,3,5,11,0,0,1,22.9,22.9,36.3%,SEA,seattle_seahawks,2024,16,120.03,U.S. Bank Stadium,Indoor,Turf,840.0,2016.0,Minneapolis,MN,44.974,-93.2581,Seattle Seahawks
3095,Justin Herbert,23,31,74.2,284,9.2,2,1,2,8,28,0,0,1,23.2,23.2,87.6%,LAC,los_angeles_chargers,2024,16,137.28,SoFi Stadium,Outdoor,Turf,100.0,2020.0,Inglewood,CA,33.9535,-118.3392,Los Angeles Chargers
3120,Spencer Rattler,15,30,50.0,153,5.1,0,1,3,5,28,0,1,1,5.9,5.9,12.3%,NO,new_orleans_saints,2024,16,70.45,Lambeau Field,Outdoor,Grass,640.0,1957.0,Green Bay,WI,44.5013,-88.0622,New Orleans Saints
3121,Jalen Hurts,1,4,25.0,11,2.8,0,0,0,3,41,0,0,1,4.5,4.5,98.3%,PHI,philadelphia_eagles,2024,16,12.31,FedExField,Outdoor,Grass,300.0,1997.0,Landover,MD,38.9078,-76.8645,Philadelphia Eagles
3094,Baker Mayfield,31,43,72.1,303,7.0,2,1,4,3,42,0,0,1,23.3,23.3,94.5%,TB,tampa_bay_buccaneers,2024,16,146.71,AT&T Stadium,Indoor,Turf,639.0,2009.0,Arlington,TX,32.7473,-97.0945,Tampa Bay Buccaneers
3093,Geno Smith,31,43,72.1,314,7.3,3,2,2,1,8,0,0,1,23.4,23.4,36.9%,LV,las_vegas_raiders,2024,16,148.04,Allegiant Stadium,Indoor,Turf,2001.0,2020.0,Las Vegas,NV,36.0908,-115.183,Las Vegas Raiders
3092,Patrick Mahomes Ii,28,41,68.3,260,6.3,1,0,1,5,33,1,0,1,23.7,23.7,96.3%,KC,kansas_city_chiefs,2024,16,128.45,GEHA Field at Arrowhead Stadium,Outdoor,Grass,1020.0,1972.0,Kansas City,MO,39.049,-94.4839,Kansas City Chiefs
3091,Jared Goff,23,32,71.9,336,10.5,3,0,1,1,-1,0,0,1,25.3,25.3,83.0%,DET,detroit_lions,2024,16,157.31,Ford Field,Indoor,Turf,600.0,2002.0,Detroit,MI,42.34,-83.0456,Detroit Lions
3090,Bryce Young,17,26,65.4,158,6.1,2,0,3,5,68,1,0,1,27.1,27.1,43.0%,CAR,carolina_panthers,2024,16,92.69,Bank of America Stadium,Outdoor,Grass,748.0,1996.0,Charlotte,NC,35.2258,-80.8528,Carolina Panthers
3131,Sam Darnold,33,43,76.7,377,8.8,3,1,1,3,-3,0,0,1,25.8,25.8,36.3%,SEA,seattle_seahawks,2024,17,174.42,Lumen Field,Outdoor,Turf,20.0,2002.0,Seattle,WA,47.5952,-122.3316,Seattle Seahawks
3143,Kenny Pickett,10,15,66.7,143,9.5,1,0,0,3,3,1,0,1,16.0,16.0,7.7%,CLE,cleveland_browns,2024,17,72.1,Hard Rock Stadium,Outdoor,Grass,7.0,1987.0,Miami Gardens,FL,25.958,-80.238,Cleveland Browns
3165,Jacoby Brissett,1,2,50.0,-2,-1.0,0,0,0,0,0,0,0,1,-0.1,-0.1,3.2%,ARI,arizona_cardinals,2024,17,-0.97,SoFi Stadium,Outdoor,Turf,100.0,2020.0,Inglewood,CA,33.9535,-118.3392,Arizona Cardinals
3124,Joe Burrow,39,49,79.6,412,8.4,3,0,7,4,25,1,0,1,37.0,37.0,98.2%,CIN,cincinnati_bengals,2024,17,199.88,Paycor Stadium,Outdoor,Turf,482.0,2000.0,Cincinnati,OH,39.0954,-84.516,Cincinnati Bengals
3125,Baker Mayfield,27,32,84.4,359,11.2,5,0,2,1,2,0,0,1,34.6,34.6,94.5%,TB,tampa_bay_buccaneers,2024,17,174.46,Raymond James Stadium,Outdoor,Grass,26.0,1998.0,Tampa,FL,27.9759,-82.5033,Tampa Bay Buccaneers
3126,Drew Lock,17,23,73.9,309,13.4,4,0,0,5,0,1,0,1,34.4,34.4,1.6%,SEA,seattle_seahawks,2024,17,153.46,Lumen Field,Outdoor,Turf,20.0,2002.0,Seattle,WA,47.5952,-122.3316,Seattle Seahawks
3127,Jayden Daniels,24,36,66.7,227,6.3,3,1,5,16,127,0,0,1,32.8,32.8,98.6%,WAS,washington_commanders,2024,17,130.92,FedExField,Outdoor,Grass,300.0,1997.0,Landover,MD,38.9078,-76.8645,Washington Commanders
3128,Brock Purdy,27,35,77.1,377,10.8,3,2,2,3,12,1,0,1,32.3,32.3,89.9%,SF,san_francisco_49ers,2024,17,180.37,Ford Field,Indoor,Turf,600.0,2002.0,Detroit,MI,42.34,-83.0456,San Francisco 49ers
3129,Lamar Jackson,10,15,66.7,168,11.2,2,0,1,4,87,1,0,1,29.4,29.4,98.8%,BAL,baltimore_ravens,2024,17,100.52,M&T Bank Stadium,Outdoor,Grass,10.0,1998.0,Baltimore,MD,39.2779,-76.6227,Baltimore Ravens
3130,Patrick Mahomes Ii,29,38,76.3,320,8.4,3,0,0,1,12,0,0,1,26.0,26.0,96.3%,KC,kansas_city_chiefs,2024,17,152.88,GEHA Field at Arrowhead Stadium,Outdoor,Grass,1020.0,1972.0,Kansas City,MO,39.049,-94.4839,Kansas City Chiefs
3159,Aaron Rodgers,12,18,66.7,112,6.2,0,2,4,0,0,0,0,1,2.5,2.5,28.3%,PIT,pittsburgh_steelers,2024,17,48.79,GEHA Field at Arrowhead Stadium,Outdoor,Grass,1020.0,1972.0,Kansas City,MO,39.049,-94.4839,Pittsburgh Steelers
3132,Jared Goff,26,34,76.5,303,8.9,3,0,2,3,-3,0,0,1,25.8,25.8,83.0%,DET,detroit_lions,2024,17,144.24,Ford Field,Indoor,Turf,600.0,2002.0,Detroit,MI,42.34,-83.0456,Detroit Lions
3133,Justin Herbert,26,38,68.4,281,7.4,3,0,0,3,12,0,0,1,24.4,24.4,87.6%,LAC,los_angeles_chargers,2024,17,135.66,SoFi Stadium,Outdoor,Turf,100.0,2020.0,Inglewood,CA,33.9535,-118.3392,Los Angeles Chargers
3135,Josh Allen,16,27,59.3,182,6.7,2,0,0,5,17,1,0,1,23.0,23.0,99.2%,BUF,buffalo_bills,2024,17,94.34,Highmark Stadium,Outdoor,Grass,600.0,1973.0,Orchard Park,NY,42.7738,-78.7868,Buffalo Bills
3158,Dorian Thompson-Robinson,24,47,51.1,170,3.6,0,1,1,4,10,0,1,1,4.8,4.8,0.8%,PHI,philadelphia_eagles,2024,17,75.28,Lincoln Financial Field,Outdoor,Grass,30.0,2003.0,Philadelphia,PA,39.9008,-75.1675,Philadelphia Eagles
3136,Bo Nix,24,31,77.4,219,7.1,3,1,2,7,31,0,0,1,22.9,22.9,93.2%,DEN,denver_broncos,2024,17,111.35,Paycor Stadium,Outdoor,Turf,482.0,2000.0,Cincinnati,OH,39.0954,-84.516,Denver Broncos
3137,Russell Wilson,23,37,62.2,205,5.5,0,1,5,6,55,1,0,1,18.7,18.7,23.4%,NYG,new_york_giants,2024,17,104.09,MetLife Stadium,Outdoor,Turf,3.0,2010.0,East Rutherford,NJ,40.8136,-74.0744,New York Giants
3138,Kyler Murray,33,48,68.8,321,6.7,1,2,4,4,32,0,0,1,18.0,18.0,89.7%,ARI,arizona_cardinals,2024,17,148.94,SoFi Stadium,Outdoor,Turf,100.0,2020.0,Inglewood,CA,33.9535,-118.3392,Arizona Cardinals
3157,Mitchell Trubisky,1,1,100.0,69,69.0,1,0,0,2,-1,0,0,1,6.7,6.7,1.3%,BUF,buffalo_bills,2024,17,46.39,Highmark Stadium,Outdoor,Grass,600.0,1973.0,Orchard Park,NY,42.7738,-78.7868,Buffalo Bills
3163,Trey Lance,1,1,100.0,1,1.0,0,0,0,1,1,0,0,1,0.1,0.1,1.3%,LAC,los_angeles_chargers,2024,17,0.87,SoFi Stadium,Outdoor,Turf,100.0,2020.0,Inglewood,CA,33.9535,-118.3392,Los Angeles Chargers
3139,Aidan O'Connell,20,35,57.1,242,6.9,2,0,1,3,-1,0,0,1,17.6,17.6,4.5%,LV,las_vegas_raiders,2024,17,113.0,Allegiant Stadium,Indoor,Turf,2001.0,2020.0,Las Vegas,NV,36.0908,-115.183,Las Vegas Raiders
3140,Joe Flacco,26,38,68.4,330,8.7,2,2,2,1,1,0,1,1,17.3,17.3,15.4%,CLE,cleveland_browns,2024,17,148.85,Hard Rock Stadium,Outdoor,Grass,7.0,1987.0,Miami Gardens,FL,25.958,-80.238,Cleveland Browns
3141,Mac Jones,15,22,68.2,174,7.9,2,0,2,6,22,0,0,1,17.2,17.2,4.0%,SF,san_francisco_49ers,2024,17,87.52,Ford Field,Indoor,Turf,600.0,2002.0,Detroit,MI,42.34,-83.0456,San Francisco 49ers
3142,Bryce Young,15,28,53.6,203,7.3,2,0,5,2,8,0,0,1,16.9,16.9,43.0%,CAR,carolina_panthers,2024,17,97.39,Raymond James Stadium,Outdoor,Grass,26.0,1998.0,Tampa,FL,27.9759,-82.5033,Carolina Panthers
3156,C.J. Stroud,17,31,54.8,185,6.0,0,1,5,1,7,0,0,1,7.1,7.1,72.7%,HOU,houston_texans,2024,17,82.47,M&T Bank Stadium,Outdoor,Grass,10.0,1998.0,Baltimore,MD,39.2779,-76.6227,Houston Texans
3155,Caleb Williams,16,28,57.1,122,4.4,0,1,7,5,37,0,0,1,7.6,7.6,82.7%,CHI,chicago_bears,2024,17,60.2,Lumen Field,Outdoor,Turf,20.0,2002.0,Seattle,WA,47.5952,-122.3316,Chicago Bears
3162,Davis Mills,1,1,100.0,5,5.0,0,0,0,0,0,0,0,1,0.2,0.2,0.8%,HOU,houston_texans,2024,17,3.24,M&T Bank Stadium,Outdoor,Grass,10.0,1998.0,Baltimore,MD,39.2779,-76.6227,Houston Texans
3166,Kyle Trask,0,0,0.0,0,0.0,0,0,0,3,-2,0,0,1,-0.2,-0.2,0.8%,TB,tampa_bay_buccaneers,2024,17,-0.34,Raymond James Stadium,Outdoor,Grass,26.0,1998.0,Tampa,FL,27.9759,-82.5033,Tampa Bay Buccaneers
3161,Josh Johnson,1,2,50.0,16,8.0,0,0,0,0,0,0,0,1,0.6,0.6,1.0%,WAS,washington_commanders,2024,17,8.52,FedExField,Outdoor,Grass,300.0,1997.0,Landover,MD,38.9078,-76.8645,Washington Commanders
3154,Joshua Dobbs,3,4,75.0,35,8.8,0,0,0,1,7,1,0,1,8.1,8.1,2.5%,NE,new_england_patriots,2024,17,22.63,SoFi Stadium,Outdoor,Turf,100.0,2020.0,Inglewood,CA,33.9535,-118.3392,New England Patriots
3164,Emory Jones,0,0,0.0,0,0.0,0,0,0,0,0,0,0,1,0.0,0.0,0.0%,ATL,atlanta_falcons,2024,17,0.0,FedExField,Outdoor,Grass,300.0,1997.0,Landover,MD,38.9078,-76.8645,Atlanta Falcons
3153,Cooper Rush,15,28,53.6,147,5.3,1,2,1,1,2,0,0,1,8.1,8.1,1.8%,BAL,baltimore_ravens,2024,17,67.33,M&T Bank Stadium,Outdoor,Grass,10.0,1998.0,Baltimore,MD,39.2779,-76.6227,Baltimore Ravens
3152,Geno Smith,17,23,73.9,160,7.0,0,0,3,3,19,0,0,1,8.3,8.3,36.9%,LV,las_vegas_raiders,2024,17,74.81,Allegiant Stadium,Indoor,Turf,2001.0,2020.0,Las Vegas,NV,36.0908,-115.183,Las Vegas Raiders
3160,Taylor Heinicke,0,2,0.0,0,0.0,0,0,0,1,8,0,0,1,0.8,0.8,0.6%,LAC,los_angeles_chargers,2024,17,1.36,SoFi Stadium,Outdoor,Turf,100.0,2020.0,Inglewood,CA,33.9535,-118.3392,Los Angeles Chargers
3151,Matthew Stafford,17,32,53.1,189,5.9,0,0,0,6,16,0,0,1,9.2,9.2,48.2%,LAR,los_angeles_rams,2024,17,86.52,SoFi Stadium,Outdoor,Turf,100.0,2020.0,Inglewood,CA,33.9535,-118.3392,Los Angeles Rams
3150,Drake Maye,12,22,54.5,117,5.3,1,0,4,6,32,0,1,1,9.9,9.9,74.1%,NE,new_england_patriots,2024,17,59.39,SoFi Stadium,Outdoor,Turf,100.0,2020.0,Inglewood,CA,33.9535,-118.3392,New England Patriots
3149,Tanner Mckee,3,4,75.0,54,13.5,2,0,0,2,-2,0,0,1,10.0,10.0,1.3%,PHI,philadelphia_eagles,2024,17,32.0,Lincoln Financial Field,Outdoor,Grass,30.0,2003.0,Philadelphia,PA,39.9008,-75.1675,Philadelphia Eagles
3148,Michael Penix Jr.,19,35,54.3,223,6.4,1,1,2,2,3,0,0,1,12.2,12.2,43.0%,ATL,atlanta_falcons,2024,17,101.42,FedExField,Outdoor,Grass,300.0,1997.0,Landover,MD,38.9078,-76.8645,Atlanta Falcons
3147,Mason Rudolph,19,31,61.3,193,6.2,1,1,3,5,23,0,0,1,13.0,13.0,5.9%,PIT,pittsburgh_steelers,2024,17,91.94,GEHA Field at Arrowhead Stadium,Outdoor,Grass,1020.0,1972.0,Kansas City,MO,39.049,-94.4839,Pittsburgh Steelers
3144,Spencer Rattler,20,36,55.6,218,6.1,1,2,3,3,46,0,0,1,15.3,15.3,12.3%,NO,new_orleans_saints,2024,17,105.83,Allegiant Stadium,Indoor,Turf,2001.0,2020.0,Las Vegas,NV,36.0908,-115.183,New Orleans Saints
3145,Jordan Love,19,30,63.3,185,6.2,1,0,3,1,6,0,0,1,14.0,14.0,73.1%,GB,green_bay_packers,2024,17,87.84,U.S. Bank Stadium,Indoor,Turf,840.0,2016.0,Minneapolis,MN,44.974,-93.2581,Green Bay Packers
3146,Tyrod Taylor,11,14,78.6,83,5.9,2,0,0,2,6,0,0,1,13.9,13.9,2.4%,NYJ,new_york_jets,2024,17,46.41,Highmark Stadium,Outdoor,Grass,600.0,1973.0,Orchard Park,NY,42.7738,-78.7868,New York Jets
35,John Lovett,0,0,0.0,0,0.0,0,0,0,0,0,0,0,1,0.0,0.0,0.0%,FA,free_agent,2020,1,0.0,,,,,,,,,,Free Agent
34,Robert Griffin Iii,1,1,100.0,9,9.0,0,0,0,1,-1,0,0,1,0.3,0.3,1.0%,FA,free_agent,2020,1,5.61,,,,,,,,,,Free Agent
33,Chris Streveler,0,0,0.0,0,0.0,0,0,0,1,3,0,0,1,0.3,0.3,0.0%,FA,free_agent,2020,1,0.51,,,,,,,,,,Free Agent
32,Ryan Fitzpatrick,20,30,66.7,191,6.4,0,3,1,5,18,0,0,1,8.4,8.4,1.0%,FA,free_agent,2020,1,87.06,,,,,,,,,,Free Agent
27,Dwayne Haskins,17,31,54.8,178,5.7,1,0,3,7,17,0,0,1,12.8,12.8,0.1%,FA,free_agent,2020,1,85.0,,,,,,,,,,Free Agent
25,Derek Carr,22,30,73.3,239,8.0,1,0,0,0,0,0,0,1,13.6,13.6,15.1%,FA,free_agent,2020,1,109.22,,,,,,,,,,Free Agent
24,Drew Brees,18,30,60.0,160,5.3,2,0,1,2,0,0,0,1,14.4,14.4,24.1%,FA,free_agent,2020,1,77.54,,,,,,,,,,Free Agent
23,Carson Wentz,24,42,57.1,270,6.4,2,2,8,1,2,0,1,1,15.0,15.0,1.3%,FA,free_agent,2020,1,122.68,,,,,,,,,,Free Agent
6,Cam Newton,15,19,78.9,155,8.2,0,0,2,15,75,2,0,1,25.7,25.7,6.4%,FA,free_agent,2020,1,91.03,,,,,,,,,,Free Agent
22,Philip Rivers,36,46,78.3,363,7.9,1,2,0,1,3,0,0,1,16.8,16.8,20.6%,FA,free_agent,2020,1,162.54,,,,,,,,,,Free Agent
16,Teddy Bridgewater,22,34,64.7,269,7.9,1,0,1,4,26,0,0,1,19.4,19.4,1.4%,FA,free_agent,2020,1,127.86,,,,,,,,,,Free Agent
7,Matt Ryan,37,54,68.5,450,8.3,2,1,2,1,-1,0,0,1,24.9,24.9,0.1%,FA,free_agent,2020,1,203.19,,,,,,,,,,Free Agent
15,Ryan Tannehill,29,43,67.4,249,5.8,2,0,1,3,14,0,0,1,19.4,19.4,1.1%,FA,free_agent,2020,1,119.24,,,,,,,,,,Free Agent
11,Ben Roethlisberger,21,32,65.6,229,7.2,3,0,2,3,9,0,0,1,22.1,22.1,9.5%,FA,free_agent,2020,1,112.41,,,,,,,,,,Free Agent
10,Tom Brady,23,36,63.9,239,6.6,2,2,3,3,9,1,0,1,22.5,22.5,3.7%,FA,free_agent,2020,1,116.47,,,,,,,,,,Free Agent
67,Tom Brady,23,35,65.7,217,6.2,1,1,0,1,0,0,1,1,9.7,9.7,3.7%,FA,free_agent,2020,2,97.23,,,,,,,,,,Free Agent
48,Ryan Fitzpatrick,31,47,66.0,328,7.0,2,0,3,3,12,0,0,1,24.3,24.3,1.0%,FA,free_agent,2020,2,154.51,,,,,,,,,,Free Agent
39,Cam Newton,30,44,68.2,397,9.0,1,1,1,11,47,2,0,1,35.6,35.6,6.4%,FA,free_agent,2020,2,193.82,,,,,,,,,,Free Agent
43,Matt Ryan,24,36,66.7,273,7.6,4,0,1,4,16,0,0,1,28.5,28.5,0.1%,FA,free_agent,2020,2,135.87,,,,,,,,,,Free Agent
45,Ryan Tannehill,18,24,75.0,239,10.0,4,0,1,4,12,0,0,1,26.8,26.8,1.1%,FA,free_agent,2020,2,120.56,,,,,,,,,,Free Agent
51,Derek Carr,28,38,73.7,284,7.5,3,0,3,3,3,0,1,1,21.7,21.7,15.1%,FA,free_agent,2020,2,134.19,,,,,,,,,,Free Agent
52,Jeff Driskel,18,34,52.9,256,7.5,2,1,6,2,5,0,0,1,19.7,19.7,0.0%,FA,free_agent,2020,2,120.49,,,,,,,,,,Free Agent
53,Ben Roethlisberger,29,41,70.7,311,7.6,2,1,1,3,-2,0,0,1,19.2,19.2,9.5%,FA,free_agent,2020,2,142.56,,,,,,,,,,Free Agent
74,John Lovett,0,0,0.0,0,0.0,0,0,0,0,0,0,0,1,0.0,0.0,0.0%,FA,free_agent,2020,2,0.0,,,,,,,,,,Free Agent
59,Drew Brees,26,38,68.4,312,8.2,1,1,0,0,0,0,0,1,15.5,15.5,24.1%,FA,free_agent,2020,2,140.09,,,,,,,,,,Free Agent
72,Chris Streveler,0,0,0.0,0,0.0,0,0,0,0,0,0,0,1,0.0,0.0,0.0%,FA,free_agent,2020,2,0.0,,,,,,,,,,Free Agent
61,Carson Wentz,26,43,60.5,242,5.6,0,2,0,2,7,1,0,1,14.4,14.4,1.3%,FA,free_agent,2020,2,111.3,,,,,,,,,,Free Agent
66,Teddy Bridgewater,33,42,78.6,367,8.7,0,2,5,0,0,0,1,1,10.7,10.7,1.4%,FA,free_agent,2020,2,159.03,,,,,,,,,,Free Agent
65,Dwayne Haskins,19,33,57.6,223,6.8,1,0,4,1,8,0,1,1,11.7,11.7,0.1%,FA,free_agent,2020,2,101.65,,,,,,,,,,Free Agent
63,Philip Rivers,19,25,76.0,214,8.6,1,1,2,4,3,0,0,1,11.9,11.9,20.6%,FA,free_agent,2020,2,98.05,,,,,,,,,,Free Agent
84,Ryan Fitzpatrick,18,20,90.0,160,8.0,2,0,1,7,38,1,0,1,24.2,24.2,1.0%,FA,free_agent,2020,3,88.94,,,,,,,,,,Free Agent
101,Ryan Tannehill,23,37,62.2,321,8.7,0,1,1,4,9,0,0,1,12.7,12.7,1.1%,FA,free_agent,2020,3,142.13,,,,,,,,,,Free Agent
103,Matt Ryan,19,38,50.0,238,6.3,1,1,2,1,-1,0,0,1,12.4,12.4,0.1%,FA,free_agent,2020,3,107.14,,,,,,,,,,Free Agent
104,Dwayne Haskins,21,37,56.8,224,6.1,2,3,3,2,2,0,1,1,12.2,12.2,0.1%,FA,free_agent,2020,3,101.86,,,,,,,,,,Free Agent
85,Tom Brady,25,38,65.8,297,7.8,3,0,2,5,0,0,0,1,23.9,23.9,3.7%,FA,free_agent,2020,3,140.49,,,,,,,,,,Free Agent
97,Teddy Bridgewater,22,28,78.6,235,8.4,1,0,2,2,12,0,0,1,14.6,14.6,1.4%,FA,free_agent,2020,3,109.6,,,,,,,,,,Free Agent
86,Carson Wentz,29,47,61.7,225,4.8,1,2,3,9,65,1,0,1,23.5,23.5,1.3%,FA,free_agent,2020,3,117.11,,,,,,,,,,Free Agent
105,Cam Newton,17,28,60.7,162,5.8,1,1,2,9,27,0,0,1,12.2,12.2,6.4%,FA,free_agent,2020,3,79.1,,,,,,,,,,Free Agent
92,Nick Foles,16,29,55.2,188,6.5,3,1,0,3,-3,0,0,1,18.2,18.2,1.0%,FA,free_agent,2020,3,91.34,,,,,,,,,,Free Agent
106,Jeff Driskel,17,30,56.7,176,5.9,1,1,5,3,14,0,0,1,11.4,11.4,0.0%,FA,free_agent,2020,3,82.86,,,,,,,,,,Free Agent
87,Drew Brees,29,36,80.6,288,8.0,3,0,2,0,0,0,0,1,23.5,23.5,24.1%,FA,free_agent,2020,3,137.05,,,,,,,,,,Free Agent
113,Ryan Finley,0,0,0.0,0,0.0,0,0,0,0,0,0,0,1,0.0,0.0,0.0%,FA,free_agent,2020,3,0.0,,,,,,,,,,Free Agent
90,Ben Roethlisberger,23,36,63.9,237,6.6,2,0,2,5,-3,0,0,1,19.2,19.2,9.5%,FA,free_agent,2020,3,112.16,,,,,,,,,,Free Agent
96,Derek Carr,24,32,75.0,261,8.2,2,0,2,2,10,0,2,1,15.4,15.4,15.1%,FA,free_agent,2020,3,120.62,,,,,,,,,,Free Agent
114,Chris Streveler,0,0,0.0,0,0.0,0,0,0,0,0,0,0,1,0.0,0.0,0.0%,FA,free_agent,2020,3,0.0,,,,,,,,,,Free Agent
115,John Lovett,0,0,0.0,0,0.0,0,0,0,0,0,0,0,1,0.0,0.0,0.0%,FA,free_agent,2020,3,0.0,,,,,,,,,,Free Agent
100,Philip Rivers,17,21,81.0,217,10.3,1,0,0,0,0,0,0,1,12.7,12.7,20.6%,FA,free_agent,2020,3,99.75,,,,,,,,,,Free Agent
117,Tom Brady,30,46,65.2,369,8.0,5,1,0,3,-3,0,0,1,33.5,33.5,3.7%,FA,free_agent,2020,4,176.75,,,,,,,,,,Free Agent
124,Ryan Fitzpatrick,29,45,64.4,315,7.0,0,2,1,6,47,1,0,1,23.3,23.3,1.0%,FA,free_agent,2020,4,151.31,,,,,,,,,,Free Agent
127,Carson Wentz,18,28,64.3,193,6.9,1,1,3,7,37,1,0,1,22.4,22.4,1.3%,FA,free_agent,2020,4,100.16,,,,,,,,,,Free Agent
131,Derek Carr,32,44,72.7,311,7.1,2,0,2,4,20,0,1,1,20.4,20.4,15.1%,FA,free_agent,2020,4,145.8,,,,,,,,,,Free Agent
133,Dwayne Haskins,32,45,71.1,314,7.0,0,0,3,3,3,1,0,1,18.9,18.9,0.1%,FA,free_agent,2020,4,143.93,,,,,,,,,,Free Agent
134,Drew Brees,19,25,76.0,246,9.8,2,1,2,3,-3,0,0,1,16.5,16.5,24.1%,FA,free_agent,2020,4,114.01,,,,,,,,,,Free Agent
140,Matt Ryan,28,39,71.8,285,7.3,0,0,4,2,10,0,0,1,12.4,12.4,0.1%,FA,free_agent,2020,4,127.94,,,,,,,,,,Free Agent
142,Philip Rivers,16,29,55.2,190,6.6,1,0,1,3,-4,0,0,1,11.2,11.2,20.6%,FA,free_agent,2020,4,86.66,,,,,,,,,,Free Agent
145,C.J. Beathard,14,19,73.7,138,7.3,0,0,1,0,0,0,0,1,5.5,5.5,0.0%,FA,free_agent,2020,4,61.91,,,,,,,,,,Free Agent
147,Brian Hoyer,15,24,62.5,130,5.4,0,1,2,1,8,0,1,1,3.0,3.0,0.0%,FA,free_agent,2020,4,57.28,,,,,,,,,,Free Agent
149,Jeff Driskel,0,0,0.0,0,0.0,0,0,0,1,9,0,0,1,0.9,0.9,0.0%,FA,free_agent,2020,4,1.53,,,,,,,,,,Free Agent
151,John Lovett,0,0,0.0,0,0.0,0,0,0,0,0,0,0,1,0.0,0.0,0.0%,FA,free_agent,2020,4,0.0,,,,,,,,,,Free Agent
153,Robert Griffin Iii,0,1,0.0,0,0.0,0,1,0,3,3,0,0,1,-0.7,-0.7,1.0%,FA,free_agent,2020,4,-0.29,,,,,,,,,,Free Agent
139,Nick Foles,26,42,61.9,249,5.9,1,1,1,2,-1,0,0,1,12.9,12.9,1.0%,FA,free_agent,2020,4,112.51,,,,,,,,,,Free Agent
119,Teddy Bridgewater,26,37,70.3,276,7.5,2,1,0,6,32,1,0,1,27.2,27.2,1.4%,FA,free_agent,2020,4,137.44,,,,,,,,,,Free Agent
172,Tom Brady,25,41,61.0,253,6.2,1,0,3,3,0,0,0,1,14.1,14.1,3.7%,FA,free_agent,2020,5,115.11,,,,,,,,,,Free Agent
183,Alex Smith,9,17,52.9,37,2.2,0,0,6,1,1,0,0,1,1.6,1.6,5.0%,FA,free_agent,2020,5,17.36,,,,,,,,,,Free Agent
155,Ryan Tannehill,21,28,75.0,195,7.0,3,0,0,4,42,1,0,1,30.0,30.0,1.1%,FA,free_agent,2020,5,107.8,,,,,,,,,,Free Agent
156,Ryan Fitzpatrick,22,28,78.6,350,12.5,3,0,2,3,16,0,0,1,27.6,27.6,1.0%,FA,free_agent,2020,5,166.52,,,,,,,,,,Free Agent
162,Derek Carr,22,31,71.0,347,11.2,3,1,1,4,1,0,0,1,25.0,25.0,15.1%,FA,free_agent,2020,5,161.64,,,,,,,,,,Free Agent
163,Drew Brees,33,47,70.2,325,6.9,1,1,2,1,1,1,0,1,22.1,22.1,24.1%,FA,free_agent,2020,5,150.65,,,,,,,,,,Free Agent
164,Ben Roethlisberger,27,34,79.4,239,7.0,3,0,1,2,-2,0,0,1,21.4,21.4,9.5%,FA,free_agent,2020,5,115.38,,,,,,,,,,Free Agent
165,Teddy Bridgewater,27,36,75.0,313,8.7,2,0,0,3,3,0,0,1,20.8,20.8,1.4%,FA,free_agent,2020,5,145.1,,,,,,,,,,Free Agent
167,Carson Wentz,20,35,57.1,258,7.4,2,2,5,4,11,0,0,1,19.4,19.4,1.3%,FA,free_agent,2020,5,121.76,,,,,,,,,,Free Agent
175,Nick Foles,30,42,71.4,243,5.8,1,1,3,1,-1,0,0,1,12.6,12.6,1.0%,FA,free_agent,2020,5,110.28,,,,,,,,,,Free Agent
178,Matt Ryan,21,37,56.8,226,6.1,0,1,2,1,-1,0,0,1,7.9,7.9,0.1%,FA,free_agent,2020,5,99.05,,,,,,,,,,Free Agent
179,Philip Rivers,21,33,63.6,243,7.4,0,2,1,1,-1,0,0,1,7.6,7.6,20.6%,FA,free_agent,2020,5,105.8,,,,,,,,,,Free Agent
180,C.J. Beathard,9,18,50.0,94,5.2,1,0,2,0,0,0,1,1,5.8,5.8,0.0%,FA,free_agent,2020,5,43.8,,,,,,,,,,Free Agent
185,Matt Barkley,3,5,60.0,22,4.4,0,0,0,0,0,0,0,1,0.9,0.9,0.0%,FA,free_agent,2020,5,10.61,,,,,,,,,,Free Agent
187,Robert Griffin Iii,0,0,0.0,0,0.0,0,0,0,1,-1,0,0,1,-0.1,-0.1,1.0%,FA,free_agent,2020,5,-0.17,,,,,,,,,,Free Agent
189,Matt Ryan,30,40,75.0,371,9.3,4,0,2,4,8,0,0,1,31.6,31.6,0.1%,FA,free_agent,2020,6,177.38,,,,,,,,,,Free Agent
190,Ryan Tannehill,30,41,73.2,366,8.9,4,1,2,0,0,0,1,1,29.6,29.6,1.1%,FA,free_agent,2020,6,172.9,,,,,,,,,,Free Agent
191,Carson Wentz,21,40,52.5,213,5.3,2,0,6,5,49,1,1,1,29.4,29.4,1.3%,FA,free_agent,2020,6,114.54,,,,,,,,,,Free Agent
195,Philip Rivers,29,44,65.9,371,8.4,3,1,1,1,-1,0,0,1,25.7,25.7,20.6%,FA,free_agent,2020,6,171.67,,,,,,,,,,Free Agent
198,Cam Newton,17,25,68.0,157,6.3,0,2,4,10,76,1,0,1,19.5,19.5,6.4%,FA,free_agent,2020,6,87.01,,,,,,,,,,Free Agent
200,Ryan Fitzpatrick,18,27,66.7,191,7.1,3,2,2,1,4,0,0,1,18.0,18.0,1.0%,FA,free_agent,2020,6,93.32,,,,,,,,,,Free Agent
202,Nick Foles,23,39,59.0,198,5.1,1,1,0,5,4,1,0,1,17.3,17.3,1.0%,FA,free_agent,2020,6,95.43,,,,,,,,,,Free Agent
207,Tom Brady,17,27,63.0,166,6.1,2,0,0,0,0,0,0,1,14.6,14.6,3.7%,FA,free_agent,2020,6,80.14,,,,,,,,,,Free Agent
211,Ben Roethlisberger,14,22,63.6,162,7.4,1,0,2,3,5,0,0,1,11.0,11.0,9.5%,FA,free_agent,2020,6,76.18,,,,,,,,,,Free Agent
219,Blaine Gabbert,0,1,0.0,0,0.0,0,0,0,3,2,0,0,1,0.2,0.2,1.1%,FA,free_agent,2020,6,0.34,,,,,,,,,,Free Agent
220,Ben Dinucci,0,0,0.0,0,0.0,0,0,0,0,0,0,0,1,0.0,0.0,0.0%,FA,free_agent,2020,6,0.0,,,,,,,,,,Free Agent
222,John Lovett,0,0,0.0,0,0.0,0,0,0,0,0,0,0,1,0.0,0.0,0.0%,FA,free_agent,2020,6,0.0,,,,,,,,,,Free Agent
210,Teddy Bridgewater,16,29,55.2,216,7.4,0,2,4,8,48,0,0,1,11.4,11.4,1.4%,FA,free_agent,2020,6,102.06,,,,,,,,,,Free Agent
226,Tom Brady,33,45,73.3,369,8.2,4,0,0,1,1,1,0,1,36.9,36.9,3.7%,FA,free_agent,2020,7,179.87,,,,,,,,,,Free Agent
230,Carson Wentz,25,43,58.1,359,8.3,2,1,3,7,14,1,0,1,28.8,28.8,1.3%,FA,free_agent,2020,7,170.02,,,,,,,,,,Free Agent
233,Drew Brees,29,36,80.6,287,8.0,2,0,1,3,2,1,1,1,23.7,23.7,24.1%,FA,free_agent,2020,7,136.79,,,,,,,,,,Free Agent
235,Derek Carr,24,36,66.7,284,7.9,2,1,3,2,19,0,0,1,20.3,20.3,15.1%,FA,free_agent,2020,7,134.19,,,,,,,,,,Free Agent
236,Teddy Bridgewater,23,28,82.1,254,9.1,2,0,1,2,10,0,0,1,19.2,19.2,1.4%,FA,free_agent,2020,7,120.76,,,,,,,,,,Free Agent
239,Matt Ryan,31,42,73.8,338,8.0,1,0,2,0,0,0,1,1,17.5,17.5,0.1%,FA,free_agent,2020,7,152.35,,,,,,,,,,Free Agent
240,Ryan Tannehill,18,30,60.0,220,7.3,2,0,2,2,5,0,0,1,17.3,17.3,1.1%,FA,free_agent,2020,7,104.47,,,,,,,,,,Free Agent
244,Ben Roethlisberger,32,49,65.3,268,5.5,2,3,0,1,-1,0,0,1,15.6,15.6,9.5%,FA,free_agent,2020,7,122.62,,,,,,,,,,Free Agent
248,Nick Foles,28,40,70.0,261,6.5,0,2,4,0,0,0,0,1,8.4,8.4,1.0%,FA,free_agent,2020,7,114.18,,,,,,,,,,Free Agent
249,Chad Henne,2,2,100.0,13,6.5,0,0,1,4,-2,1,0,1,6.3,6.3,0.6%,FA,free_agent,2020,7,11.11,,,,,,,,,,Free Agent
252,Cam Newton,9,15,60.0,98,6.5,0,3,1,5,19,0,0,1,2.8,2.8,6.4%,FA,free_agent,2020,7,44.96,,,,,,,,,,Free Agent
254,Ben Dinucci,2,3,66.7,39,13.0,0,0,3,1,0,0,0,1,1.6,1.6,0.0%,FA,free_agent,2020,7,19.52,,,,,,,,,,Free Agent
258,John Lovett,0,0,0.0,0,0.0,0,0,0,0,0,0,0,1,0.0,0.0,0.0%,FA,free_agent,2020,7,0.0,,,,,,,,,,Free Agent
265,Philip Rivers,23,33,69.7,262,7.9,3,0,2,2,-2,0,0,1,22.3,22.3,20.6%,FA,free_agent,2020,8,124.99,,,,,,,,,,Free Agent
268,Tom Brady,28,40,70.0,279,7.0,2,0,2,1,-1,0,0,1,19.1,19.1,3.7%,FA,free_agent,2020,8,129.67,,,,,,,,,,Free Agent
269,Matt Ryan,21,30,70.0,281,9.4,0,1,2,6,27,1,0,1,18.9,18.9,0.1%,FA,free_agent,2020,8,132.41,,,,,,,,,,Free Agent
271,Cam Newton,15,25,60.0,174,7.0,0,0,2,9,54,1,1,1,18.4,18.4,6.4%,FA,free_agent,2020,8,90.88,,,,,,,,,,Free Agent
272,Ryan Tannehill,18,30,60.0,233,7.8,2,1,1,2,20,0,0,1,18.3,18.3,1.1%,FA,free_agent,2020,8,111.87,,,,,,,,,,Free Agent
274,Nick Foles,28,41,68.3,272,6.6,2,1,5,0,0,0,0,1,17.9,17.9,1.0%,FA,free_agent,2020,8,125.95,,,,,,,,,,Free Agent
277,Ben Roethlisberger,21,32,65.6,182,5.7,2,0,2,0,0,0,0,1,15.3,15.3,9.5%,FA,free_agent,2020,8,87.35,,,,,,,,,,Free Agent
279,Teddy Bridgewater,15,23,65.2,176,7.7,1,1,3,5,30,0,0,1,13.0,13.0,1.4%,FA,free_agent,2020,8,85.74,,,,,,,,,,Free Agent
280,Derek Carr,15,24,62.5,111,4.6,1,0,2,6,41,0,0,1,12.5,12.5,15.1%,FA,free_agent,2020,8,59.97,,,,,,,,,,Free Agent
282,Carson Wentz,15,27,55.6,123,4.6,2,2,4,4,17,0,2,1,10.6,10.6,1.3%,FA,free_agent,2020,8,60.94,,,,,,,,,,Free Agent
287,Ben Dinucci,21,40,52.5,180,4.5,0,0,4,5,22,0,2,1,5.4,5.4,0.0%,FA,free_agent,2020,8,80.78,,,,,,,,,,Free Agent
289,Chad Henne,3,4,75.0,17,4.3,0,0,0,1,0,0,0,1,0.7,0.7,0.6%,FA,free_agent,2020,8,8.45,,,,,,,,,,Free Agent
292,P.J. Walker,1,4,25.0,3,0.8,0,0,0,0,0,0,0,1,0.1,0.1,0.0%,FA,free_agent,2020,8,1.53,,,,,,,,,,Free Agent
293,John Lovett,0,0,0.0,0,0.0,0,0,0,0,0,0,0,1,0.0,0.0,0.0%,FA,free_agent,2020,8,0.0,,,,,,,,,,Free Agent
267,Drew Brees,31,41,75.6,280,6.8,2,0,1,3,4,0,0,1,19.6,19.6,24.1%,FA,free_agent,2020,8,131.18,,,,,,,,,,Free Agent
304,Matt Ryan,25,35,71.4,284,8.1,3,1,2,3,10,0,0,1,23.4,23.4,0.1%,FA,free_agent,2020,9,135.9,,,,,,,,,,Free Agent
299,Teddy Bridgewater,36,49,73.5,310,6.3,2,0,2,2,19,1,0,1,28.3,28.3,1.4%,FA,free_agent,2020,9,151.37,,,,,,,,,,Free Agent
300,Ben Roethlisberger,29,42,69.0,306,7.3,3,0,0,1,8,0,0,1,25.0,25.0,9.5%,FA,free_agent,2020,9,145.96,,,,,,,,,,Free Agent
301,Cam Newton,27,35,77.1,274,7.8,0,0,0,10,16,2,0,1,24.6,24.6,6.4%,FA,free_agent,2020,9,133.08,,,,,,,,,,Free Agent
306,Drew Brees,26,32,81.3,222,6.9,4,0,1,2,-2,0,1,1,22.7,22.7,24.1%,FA,free_agent,2020,9,109.57,,,,,,,,,,Free Agent
307,Jake Luton,26,38,68.4,304,8.0,1,1,2,1,13,1,0,1,22.5,22.5,0.0%,FA,free_agent,2020,9,143.25,,,,,,,,,,Free Agent
308,Nick Foles,36,52,69.2,335,6.4,2,0,3,2,2,0,0,1,21.6,21.6,1.0%,FA,free_agent,2020,9,154.8,,,,,,,,,,Free Agent
313,Garrett Gilbert,21,38,55.3,243,6.4,1,1,2,3,28,0,0,1,15.5,15.5,0.0%,FA,free_agent,2020,9,114.43,,,,,,,,,,Free Agent
314,Ryan Tannehill,10,21,47.6,158,7.5,2,0,3,3,3,0,0,1,14.6,14.6,1.1%,FA,free_agent,2020,9,76.82,,,,,,,,,,Free Agent
315,Derek Carr,13,23,56.5,165,7.2,2,0,1,2,14,0,1,1,14.0,14.0,15.1%,FA,free_agent,2020,9,80.44,,,,,,,,,,Free Agent
316,Alex Smith,24,32,75.0,325,10.2,1,3,2,0,0,0,0,1,14.0,14.0,5.0%,FA,free_agent,2020,9,144.24,,,,,,,,,,Free Agent
320,Philip Rivers,25,43,58.1,227,5.3,0,1,0,0,0,0,0,1,8.1,8.1,20.6%,FA,free_agent,2020,9,99.93,,,,,,,,,,Free Agent
321,Chase Daniel,8,13,61.5,94,7.2,1,1,0,1,5,0,0,1,7.3,7.3,0.0%,FA,free_agent,2020,9,45.65,,,,,,,,,,Free Agent
322,Tom Brady,22,38,57.9,209,5.5,0,3,3,0,0,0,0,1,5.4,5.4,3.7%,FA,free_agent,2020,9,90.38,,,,,,,,,,Free Agent
324,John Lovett,0,0,0.0,0,0.0,0,0,0,3,6,0,0,1,0.6,0.6,0.0%,FA,free_agent,2020,9,1.02,,,,,,,,,,Free Agent
329,Blaine Gabbert,0,0,0.0,0,0.0,0,0,0,1,-1,0,0,1,-0.1,-0.1,1.1%,FA,free_agent,2020,9,-0.17,,,,,,,,,,Free Agent
331,Tom Brady,28,39,71.8,341,8.7,3,0,1,2,2,1,0,1,31.8,31.8,3.7%,FA,free_agent,2020,10,164.5,,,,,,,,,,Free Agent
333,Ben Roethlisberger,27,46,58.7,333,7.2,4,0,0,1,0,0,0,1,29.3,29.3,9.5%,FA,free_agent,2020,10,159.05,,,,,,,,,,Free Agent
340,Teddy Bridgewater,18,24,75.0,136,5.7,2,1,1,3,16,1,0,1,20.0,20.0,1.4%,FA,free_agent,2020,10,73.64,,,,,,,,,,Free Agent
342,Cam Newton,13,17,76.5,118,6.9,1,0,1,11,21,1,0,1,16.8,16.8,6.4%,FA,free_agent,2020,10,64.24,,,,,,,,,,Free Agent
343,Philip Rivers,29,39,74.4,308,7.9,1,0,1,0,0,0,0,1,16.3,16.3,20.6%,FA,free_agent,2020,10,139.39,,,,,,,,,,Free Agent
344,Alex Smith,38,55,69.1,390,7.1,0,0,2,2,4,0,0,1,16.0,16.0,5.0%,FA,free_agent,2020,10,172.82,,,,,,,,,,Free Agent
351,Ryan Tannehill,15,27,55.6,147,5.4,1,0,1,2,9,0,0,1,10.8,10.8,1.1%,FA,free_agent,2020,10,70.14,,,,,,,,,,Free Agent
353,Jake Luton,18,35,51.4,169,4.8,1,1,3,0,0,0,0,1,9.8,9.8,0.0%,FA,free_agent,2020,10,77.42,,,,,,,,,,Free Agent
354,Carson Wentz,21,37,56.8,208,5.6,0,0,3,2,4,0,0,1,8.7,8.7,1.3%,FA,free_agent,2020,10,92.91,,,,,,,,,,Free Agent
355,Derek Carr,16,25,64.0,154,6.2,0,0,0,4,10,0,0,1,7.2,7.2,15.1%,FA,free_agent,2020,10,70.48,,,,,,,,,,Free Agent
356,Drew Brees,8,13,61.5,76,5.8,1,0,0,1,-1,0,0,1,6.9,6.9,24.1%,FA,free_agent,2020,10,37.39,,,,,,,,,,Free Agent
359,Nick Foles,15,26,57.7,106,4.1,0,1,2,1,2,0,0,1,3.4,3.4,1.0%,FA,free_agent,2020,10,47.2,,,,,,,,,,Free Agent
361,Tyler Bray,1,5,20.0,18,3.6,0,0,0,0,0,0,0,1,0.7,0.7,0.0%,FA,free_agent,2020,10,8.51,,,,,,,,,,Free Agent
362,P.J. Walker,2,4,50.0,12,3.0,0,0,1,0,0,0,0,1,0.5,0.5,0.0%,FA,free_agent,2020,10,5.95,,,,,,,,,,Free Agent
363,Blaine Gabbert,0,0,0.0,0,0.0,0,0,0,3,0,0,0,1,0.0,0.0,1.1%,FA,free_agent,2020,10,0.0,,,,,,,,,,Free Agent
366,C.J. Beathard,0,1,0.0,0,0.0,0,0,0,0,0,0,0,1,0.0,0.0,0.0%,FA,free_agent,2020,10,0.0,,,,,,,,,,Free Agent
376,Philip Rivers,24,36,66.7,288,8.0,3,1,1,1,-1,0,0,1,22.4,22.4,20.6%,FA,free_agent,2020,11,135.58,,,,,,,,,,Free Agent
392,Matt Ryan,19,37,51.4,232,6.3,0,2,8,0,0,0,0,1,7.3,7.3,0.1%,FA,free_agent,2020,11,100.87,,,,,,,,,,Free Agent
374,Derek Carr,23,31,74.2,275,8.9,3,1,0,3,6,0,0,1,22.6,22.6,15.1%,FA,free_agent,2020,11,131.3,,,,,,,,,,Free Agent
380,Cam Newton,26,40,65.0,365,9.1,1,0,2,3,6,0,0,1,19.2,19.2,6.4%,FA,free_agent,2020,11,164.76,,,,,,,,,,Free Agent
381,Ben Roethlisberger,32,46,69.6,267,5.8,2,1,0,0,0,0,0,1,17.7,17.7,9.5%,FA,free_agent,2020,11,124.05,,,,,,,,,,Free Agent
383,Carson Wentz,21,35,60.0,235,6.7,2,2,5,3,10,0,0,1,16.4,16.4,1.3%,FA,free_agent,2020,11,110.32,,,,,,,,,,Free Agent
385,Tom Brady,26,48,54.2,216,4.5,2,2,1,0,0,0,0,1,14.6,14.6,3.7%,FA,free_agent,2020,11,100.52,,,,,,,,,,Free Agent
387,P.J. Walker,24,34,70.6,258,7.6,1,2,1,5,-2,0,0,1,12.1,12.1,0.0%,FA,free_agent,2020,11,115.49,,,,,,,,,,Free Agent
389,Alex Smith,17,25,68.0,166,6.6,1,1,2,3,-3,0,0,1,9.3,9.3,5.0%,FA,free_agent,2020,11,75.83,,,,,,,,,,Free Agent
372,Ryan Tannehill,22,31,71.0,259,8.4,2,1,2,4,35,0,0,1,22.9,22.9,1.1%,FA,free_agent,2020,11,127.51,,,,,,,,,,Free Agent
394,Ryan Fitzpatrick,12,18,66.7,117,6.5,0,1,0,2,6,0,0,1,4.3,4.3,1.0%,FA,free_agent,2020,11,52.81,,,,,,,,,,Free Agent
396,Jake Luton,16,37,43.2,151,4.1,0,4,2,0,0,0,0,1,2.0,2.0,0.0%,FA,free_agent,2020,11,63.82,,,,,,,,,,Free Agent
401,Chris Streveler,0,0,0.0,0,0.0,0,0,0,0,0,0,0,1,0.0,0.0,0.0%,FA,free_agent,2020,11,0.0,,,,,,,,,,Free Agent
395,Ryan Finley,3,10,30.0,30,3.0,0,1,4,1,19,0,0,1,2.1,2.1,0.0%,FA,free_agent,2020,11,16.17,,,,,,,,,,Free Agent
407,Tom Brady,27,41,65.9,345,8.4,3,2,1,1,-1,0,0,1,23.7,23.7,3.7%,FA,free_agent,2020,12,159.57,,,,,,,,,,Free Agent
409,Carson Wentz,25,45,55.6,215,4.8,2,1,6,5,42,0,0,1,19.8,19.8,1.3%,FA,free_agent,2020,12,108.02,,,,,,,,,,Free Agent
410,Ryan Fitzpatrick,24,39,61.5,257,6.6,2,0,4,3,10,0,0,1,19.3,19.3,1.0%,FA,free_agent,2020,12,121.63,,,,,,,,,,Free Agent
411,Ryan Tannehill,13,22,59.1,221,10.0,1,0,1,2,3,1,0,1,19.1,19.1,1.1%,FA,free_agent,2020,12,105.87,,,,,,,,,,Free Agent
412,Philip Rivers,24,42,57.1,295,7.0,2,1,1,0,0,0,0,1,18.8,18.8,20.6%,FA,free_agent,2020,12,135.46,,,,,,,,,,Free Agent
414,Mike Glennon,20,35,57.1,235,6.7,2,0,0,2,6,0,0,1,18.0,18.0,1.0%,FA,free_agent,2020,12,111.14,,,,,,,,,,Free Agent
418,Teddy Bridgewater,19,36,52.8,267,7.4,1,1,0,2,12,0,0,1,14.9,14.9,1.4%,FA,free_agent,2020,12,122.01,,,,,,,,,,Free Agent
419,Matt Ryan,22,39,56.4,185,4.7,2,1,1,1,5,0,0,1,14.9,14.9,0.1%,FA,free_agent,2020,12,88.57,,,,,,,,,,Free Agent
421,Ben Roethlisberger,36,51,70.6,266,5.2,1,1,0,1,-1,0,0,1,13.5,13.5,9.5%,FA,free_agent,2020,12,120.59,,,,,,,,,,Free Agent
425,Alex Smith,19,26,73.1,149,5.7,1,1,3,3,1,0,0,1,9.1,9.1,5.0%,FA,free_agent,2020,12,69.31,,,,,,,,,,Free Agent
428,Trace Mcsorley,2,6,33.3,77,12.8,1,0,0,3,16,0,0,1,8.7,8.7,0.8%,FA,free_agent,2020,12,41.55,,,,,,,,,,Free Agent
431,Cam Newton,9,18,50.0,84,4.7,0,2,3,9,46,0,0,1,6.0,6.0,6.4%,FA,free_agent,2020,12,44.04,,,,,,,,,,Free Agent
432,Robert Griffin Iii,7,12,58.3,33,2.8,0,1,3,7,68,0,1,1,5.1,5.1,1.0%,FA,free_agent,2020,12,24.63,,,,,,,,,,Free Agent
434,Colt Mccoy,6,10,60.0,31,3.1,0,0,0,5,7,0,0,1,1.9,1.9,0.0%,FA,free_agent,2020,12,15.65,,,,,,,,,,Free Agent
435,Nathan Peterman,3,5,60.0,25,5.0,0,0,2,1,9,0,0,1,1.9,1.9,0.0%,FA,free_agent,2020,12,13.53,,,,,,,,,,Free Agent
436,Derek Carr,22,34,64.7,215,6.3,0,1,3,0,0,0,3,1,1.6,1.6,15.1%,FA,free_agent,2020,12,90.18,,,,,,,,,,Free Agent
438,Matt Barkley,0,0,0.0,0,0.0,0,0,1,0,0,0,0,1,0.0,0.0,0.0%,FA,free_agent,2020,12,0.0,,,,,,,,,,Free Agent
441,Matt Schaub,0,0,0.0,0,0.0,0,0,0,3,-4,0,0,1,-0.4,-0.4,0.0%,FA,free_agent,2020,12,-0.68,,,,,,,,,,Free Agent
443,Derek Carr,28,47,59.6,381,8.1,3,1,2,2,5,1,0,1,32.7,32.7,15.1%,FA,free_agent,2020,13,181.21,,,,,,,,,,Free Agent
445,Ryan Tannehill,29,45,64.4,389,8.6,3,1,3,0,0,0,0,1,28.6,28.6,1.1%,FA,free_agent,2020,13,181.04,,,,,,,,,,Free Agent
450,Cam Newton,12,19,63.2,69,3.6,1,0,1,14,48,2,0,1,23.6,23.6,6.4%,FA,free_agent,2020,13,51.54,,,,,,,,,,Free Agent
457,Philip Rivers,27,35,77.1,285,8.1,2,0,3,2,-2,0,0,1,19.2,19.2,20.6%,FA,free_agent,2020,13,132.16,,,,,,,,,,Free Agent
458,Ben Roethlisberger,33,53,62.3,305,5.8,2,1,0,1,0,0,0,1,19.2,19.2,9.5%,FA,free_agent,2020,13,140.4,,,,,,,,,,Free Agent
463,Alex Smith,31,46,67.4,296,6.4,1,0,3,0,0,0,0,1,15.8,15.8,5.0%,FA,free_agent,2020,13,134.14,,,,,,,,,,Free Agent
464,Mike Glennon,28,42,66.7,280,6.7,1,2,2,3,9,0,1,1,14.1,14.1,1.0%,FA,free_agent,2020,13,126.91,,,,,,,,,,Free Agent
470,Colt Mccoy,13,22,59.1,105,4.8,1,1,2,2,2,0,0,1,9.4,9.4,0.0%,FA,free_agent,2020,13,51.24,,,,,,,,,,Free Agent
473,Carson Wentz,6,15,40.0,79,5.3,0,0,4,3,18,0,0,1,5.0,5.0,1.3%,FA,free_agent,2020,13,38.56,,,,,,,,,,Free Agent
474,Ryan Finley,6,7,85.7,40,5.7,0,1,1,0,0,0,0,1,0.6,0.6,0.0%,FA,free_agent,2020,13,18.06,,,,,,,,,,Free Agent
467,Matt Ryan,19,39,48.7,273,7.0,1,0,3,0,0,0,1,1,12.9,12.9,0.1%,FA,free_agent,2020,13,121.73,,,,,,,,,,Free Agent
506,Mike Glennon,13,23,56.5,85,3.7,0,1,0,0,0,0,0,1,2.4,2.4,1.0%,FA,free_agent,2020,14,37.62,,,,,,,,,,Free Agent
480,Derek Carr,31,45,68.9,316,7.0,2,2,0,3,12,1,0,1,25.8,25.8,15.1%,FA,free_agent,2020,14,150.76,,,,,,,,,,Free Agent
485,Teddy Bridgewater,30,40,75.0,283,7.1,0,0,4,3,31,1,0,1,20.4,20.4,1.4%,FA,free_agent,2020,14,135.2,,,,,,,,,,Free Agent
489,Philip Rivers,19,28,67.9,244,8.7,2,0,0,0,0,0,0,1,17.8,17.8,20.6%,FA,free_agent,2020,14,114.3,,,,,,,,,,Free Agent
493,Ryan Tannehill,19,24,79.2,212,8.8,2,0,1,0,0,0,0,1,16.5,16.5,1.1%,FA,free_agent,2020,14,100.61,,,,,,,,,,Free Agent
495,Tom Brady,15,23,65.2,196,8.5,2,0,0,3,-2,0,0,1,15.6,15.6,3.7%,FA,free_agent,2020,14,92.92,,,,,,,,,,Free Agent
496,Ben Roethlisberger,21,37,56.8,187,5.1,2,2,1,0,0,0,0,1,15.5,15.5,9.5%,FA,free_agent,2020,14,89.17,,,,,,,,,,Free Agent
502,Matt Ryan,21,32,65.6,224,7.0,1,3,2,1,3,0,0,1,10.3,10.3,0.1%,FA,free_agent,2020,14,100.61,,,,,,,,,,Free Agent
504,Cam Newton,9,16,56.3,119,7.4,0,1,4,7,16,0,0,1,5.4,5.4,6.4%,FA,free_agent,2020,14,55.26,,,,,,,,,,Free Agent
509,Alex Smith,8,19,42.1,57,3.0,0,1,1,0,0,0,0,1,1.3,1.3,5.0%,FA,free_agent,2020,14,25.01,,,,,,,,,,Free Agent
510,Chase Daniel,3,6,50.0,29,4.8,0,0,0,0,0,0,0,1,1.2,1.2,0.0%,FA,free_agent,2020,14,13.7,,,,,,,,,,Free Agent
512,Dwayne Haskins,7,12,58.3,51,4.3,0,0,1,4,-12,0,0,1,0.8,0.8,0.1%,FA,free_agent,2020,14,21.32,,,,,,,,,,Free Agent
513,Trace Mcsorley,1,4,25.0,13,3.3,0,0,0,2,1,0,0,1,0.6,0.6,0.8%,FA,free_agent,2020,14,6.48,,,,,,,,,,Free Agent
514,Ryan Finley,1,2,50.0,5,2.5,0,0,2,0,0,0,0,1,0.2,0.2,0.0%,FA,free_agent,2020,14,2.74,,,,,,,,,,Free Agent
515,Aj Mccarron,0,0,0.0,0,0.0,0,0,1,0,0,0,0,1,0.0,0.0,1.0%,FA,free_agent,2020,14,0.0,,,,,,,,,,Free Agent
516,Ryan Fitzpatrick,0,0,0.0,0,0.0,0,0,0,0,0,0,0,1,0.0,0.0,1.0%,FA,free_agent,2020,14,0.0,,,,,,,,,,Free Agent
518,Colt Mccoy,2,3,66.7,18,6.0,0,0,2,0,0,0,1,1,-1.3,-1.3,0.0%,FA,free_agent,2020,14,7.59,,,,,,,,,,Free Agent
534,Ryan Finley,7,13,53.8,89,6.8,1,0,2,10,47,1,0,1,18.3,18.3,0.0%,FA,free_agent,2020,15,55.67,,,,,,,,,,Free Agent
554,Tyler Huntley,2,4,50.0,7,1.8,0,0,0,4,18,0,0,1,2.1,2.1,1.0%,FA,free_agent,2020,15,6.63,,,,,,,,,,Free Agent
531,Drew Brees,15,34,44.1,234,6.9,3,1,1,0,0,0,0,1,20.4,20.4,24.1%,FA,free_agent,2020,15,111.56,,,,,,,,,,Free Agent
552,Chase Daniel,5,6,83.3,55,9.2,0,1,0,1,11,0,0,1,2.3,2.3,0.0%,FA,free_agent,2020,15,26.95,,,,,,,,,,Free Agent
538,Teddy Bridgewater,21,35,60.0,258,7.4,0,0,3,4,26,1,1,1,16.9,16.9,1.4%,FA,free_agent,2020,15,121.31,,,,,,,,,,Free Agent
539,Dwayne Haskins,38,55,69.1,295,5.4,1,2,4,3,28,0,0,1,16.6,16.6,0.1%,FA,free_agent,2020,15,137.4,,,,,,,,,,Free Agent
547,Cam Newton,17,27,63.0,209,7.7,0,0,3,9,38,0,0,1,12.2,12.2,6.4%,FA,free_agent,2020,15,99.18,,,,,,,,,,Free Agent
525,Matt Ryan,34,49,69.4,356,7.3,3,0,3,1,16,0,0,1,27.8,27.8,0.1%,FA,free_agent,2020,15,169.22,,,,,,,,,,Free Agent
529,Tom Brady,31,45,68.9,390,8.7,2,0,3,2,-2,0,0,1,23.4,23.4,3.7%,FA,free_agent,2020,15,177.62,,,,,,,,,,Free Agent
549,Colt Mccoy,19,31,61.3,221,7.1,0,0,1,2,3,0,0,1,9.1,9.1,0.0%,FA,free_agent,2020,15,98.39,,,,,,,,,,Free Agent
521,Ryan Tannehill,21,27,77.8,273,10.1,3,0,1,3,21,2,0,1,37.0,37.0,1.1%,FA,free_agent,2020,15,142.62,,,,,,,,,,Free Agent
551,Ben Roethlisberger,20,38,52.6,170,4.5,1,1,1,2,-1,0,1,1,7.7,7.7,9.5%,FA,free_agent,2020,15,76.29,,,,,,,,,,Free Agent
557,Joe Webb Iii,0,0,0.0,0,0.0,0,0,0,0,0,0,0,1,0.0,0.0,0.0%,FA,free_agent,2020,15,0.0,,,,,,,,,,Free Agent
553,Derek Carr,3,5,60.0,53,10.6,0,0,1,0,0,0,0,1,2.1,2.1,15.1%,FA,free_agent,2020,15,25.09,,,,,,,,,,Free Agent
537,Philip Rivers,22,28,78.6,228,8.1,2,0,1,1,-1,0,0,1,17.0,17.0,20.6%,FA,free_agent,2020,15,107.42,,,,,,,,,,Free Agent
550,C.J. Beathard,5,7,71.4,100,14.3,1,0,0,0,0,0,0,1,8.0,8.0,0.0%,FA,free_agent,2020,15,49.26,,,,,,,,,,Free Agent
556,Matt Barkley,0,0,0.0,0,0.0,0,0,0,0,0,0,0,1,0.0,0.0,0.0%,FA,free_agent,2020,15,0.0,,,,,,,,,,Free Agent
597,Matt Barkley,2,3,66.7,11,3.7,0,0,0,3,-3,0,0,1,0.1,0.1,0.0%,FA,free_agent,2020,16,5.11,,,,,,,,,,Free Agent
600,Joe Webb Iii,0,0,0.0,0,0.0,0,0,0,0,0,0,0,1,0.0,0.0,0.0%,FA,free_agent,2020,16,0.0,,,,,,,,,,Free Agent
602,Nick Foles,0,1,0.0,0,0.0,0,0,0,2,-2,0,0,1,-0.2,-0.2,1.0%,FA,free_agent,2020,16,-0.34,,,,,,,,,,Free Agent
560,Tom Brady,22,27,81.5,348,12.9,4,0,1,0,0,0,0,1,29.9,29.9,3.7%,FA,free_agent,2020,16,166.11,,,,,,,,,,Free Agent
564,Ben Roethlisberger,34,49,69.4,341,7.0,3,0,1,2,-1,0,0,1,25.5,25.5,9.5%,FA,free_agent,2020,16,159.85,,,,,,,,,,Free Agent
567,Derek Carr,21,34,61.8,336,9.9,1,0,3,2,-2,1,0,1,23.2,23.2,15.1%,FA,free_agent,2020,16,155.02,,,,,,,,,,Free Agent
573,Matt Ryan,27,35,77.1,300,8.6,2,0,4,1,-1,0,0,1,19.9,19.9,0.1%,FA,free_agent,2020,16,138.85,,,,,,,,,,Free Agent
574,C.J. Beathard,13,22,59.1,182,8.3,3,0,3,3,18,0,1,1,19.1,19.1,0.0%,FA,free_agent,2020,16,91.73,,,,,,,,,,Free Agent
575,Ryan Tannehill,11,24,45.8,121,5.0,1,2,2,3,55,1,0,1,18.3,18.3,1.1%,FA,free_agent,2020,16,69.11,,,,,,,,,,Free Agent
580,Blaine Gabbert,9,15,60.0,143,9.5,2,0,1,2,15,0,0,1,15.2,15.2,1.1%,FA,free_agent,2020,16,72.74,,,,,,,,,,Free Agent
582,Mike Glennon,24,37,64.9,211,5.7,2,2,1,0,0,0,0,1,14.4,14.4,1.0%,FA,free_agent,2020,16,98.42,,,,,,,,,,Free Agent
583,Philip Rivers,21,34,61.8,270,7.9,1,1,5,0,0,0,1,1,11.8,11.8,20.6%,FA,free_agent,2020,16,120.04,,,,,,,,,,Free Agent
585,Ryan Fitzpatrick,9,13,69.2,182,14.0,1,0,0,0,0,0,0,1,11.3,11.3,1.0%,FA,free_agent,2020,16,84.71,,,,,,,,,,Free Agent
587,Drew Brees,19,26,73.1,311,12.0,0,2,0,3,-3,0,0,1,10.1,10.1,24.1%,FA,free_agent,2020,16,135.27,,,,,,,,,,Free Agent
588,Cam Newton,5,10,50.0,34,3.4,0,0,2,4,24,1,0,1,9.8,9.8,6.4%,FA,free_agent,2020,16,24.24,,,,,,,,,,Free Agent
589,Teddy Bridgewater,19,28,67.9,197,7.0,1,1,4,6,7,0,1,1,9.6,9.6,1.4%,FA,free_agent,2020,16,89.62,,,,,,,,,,Free Agent
592,Chase Daniel,13,18,72.2,86,4.8,0,0,3,0,0,0,0,1,3.4,3.4,0.0%,FA,free_agent,2020,16,39.04,,,,,,,,,,Free Agent
593,David Blough,6,10,60.0,49,4.9,0,1,1,1,18,0,0,1,2.8,2.8,0.0%,FA,free_agent,2020,16,24.84,,,,,,,,,,Free Agent
594,Dwayne Haskins,14,28,50.0,154,5.5,0,2,2,0,0,0,1,1,2.2,2.2,0.1%,FA,free_agent,2020,16,65.34,,,,,,,,,,Free Agent
608,Ryan Tannehill,18,27,66.7,216,8.0,1,0,2,7,38,2,0,1,28.4,28.4,1.1%,FA,free_agent,2020,17,114.18,,,,,,,,,,Free Agent
631,Philip Rivers,17,27,63.0,164,6.1,1,1,0,2,-2,0,0,1,11.4,11.4,20.6%,FA,free_agent,2020,17,76.5,,,,,,,,,,Free Agent
646,Nate Sudfeld,5,12,41.7,32,2.7,0,1,2,2,12,0,1,1,-0.5,-0.5,0.0%,FA,free_agent,2020,17,14.49,,,,,,,,,,Free Agent
604,Cam Newton,21,30,70.0,242,8.1,3,0,3,11,79,0,0,1,37.5,37.5,6.4%,FA,free_agent,2020,17,135.57,,,,,,,,,,Free Agent
607,Tom Brady,26,41,63.4,399,9.7,4,1,1,5,3,0,0,1,31.3,31.3,3.7%,FA,free_agent,2020,17,187.45,,,,,,,,,,Free Agent
644,Garrett Gilbert,0,0,0.0,0,0.0,0,0,0,0,0,0,0,1,0.0,0.0,0.0%,FA,free_agent,2020,17,0.0,,,,,,,,,,Free Agent
614,Derek Carr,24,38,63.2,371,9.8,2,2,3,2,1,0,0,1,22.9,22.9,15.1%,FA,free_agent,2020,17,169.29,,,,,,,,,,Free Agent
615,Matt Ryan,29,44,65.9,265,6.0,2,0,1,3,1,1,1,1,22.7,22.7,0.1%,FA,free_agent,2020,17,126.79,,,,,,,,,,Free Agent
617,Drew Brees,22,32,68.8,201,6.3,3,0,2,0,0,0,0,1,20.0,20.0,24.1%,FA,free_agent,2020,17,98.76,,,,,,,,,,Free Agent
622,Chad Henne,23,32,71.9,218,6.8,2,0,1,2,0,0,0,1,16.7,16.7,0.6%,FA,free_agent,2020,17,103.15,,,,,,,,,,Free Agent
623,Mike Glennon,26,42,61.9,261,6.2,2,0,6,1,2,0,1,1,16.6,16.6,1.0%,FA,free_agent,2020,17,120.56,,,,,,,,,,Free Agent
626,C.J. Beathard,25,37,67.6,273,7.4,1,0,3,3,10,0,1,1,13.9,13.9,0.0%,FA,free_agent,2020,17,124.11,,,,,,,,,,Free Agent
630,Alex Smith,22,32,68.8,162,5.1,2,2,3,1,0,0,0,1,12.5,12.5,5.0%,FA,free_agent,2020,17,77.17,,,,,,,,,,Free Agent
641,Aj Mccarron,1,1,100.0,20,20.0,0,0,0,0,0,0,0,1,0.8,0.8,1.0%,FA,free_agent,2020,17,12.66,,,,,,,,,,Free Agent
633,Matt Barkley,6,13,46.2,164,12.6,1,1,0,3,-3,0,0,1,9.3,9.3,0.0%,FA,free_agent,2020,17,75.13,,,,,,,,,,Free Agent
634,Chris Streveler,11,16,68.8,105,6.6,1,1,2,3,12,0,0,1,8.4,8.4,0.0%,FA,free_agent,2020,17,51.7,,,,,,,,,,Free Agent
635,Teddy Bridgewater,13,23,56.5,176,7.7,0,2,1,3,7,0,0,1,5.7,5.7,1.4%,FA,free_agent,2020,17,77.73,,,,,,,,,,Free Agent
637,Tommy Stevens,0,0,0.0,0,0.0,0,0,0,4,24,0,0,1,2.4,2.4,0.0%,FA,free_agent,2020,17,4.08,,,,,,,,,,Free Agent
639,Tyler Huntley,1,1,100.0,8,8.0,0,0,0,6,5,0,0,1,0.8,0.8,1.0%,FA,free_agent,2020,17,5.96,,,,,,,,,,Free Agent
640,P.J. Walker,5,14,35.7,95,6.8,0,3,2,0,0,0,0,1,0.8,0.8,0.0%,FA,free_agent,2020,17,40.12,,,,,,,,,,Free Agent
676,Matt Ryan,21,35,60.0,164,4.7,0,0,3,2,8,0,0,1,7.4,7.4,0.1%,FA,free_agent,2021,1,74.62,,,,,,,,,,Free Agent
682,Ryan Fitzpatrick,3,6,50.0,13,2.2,0,0,1,1,2,0,0,1,0.7,0.7,1.0%,FA,free_agent,2021,1,6.63,,,,,,,,,,Free Agent
651,Tom Brady,32,50,64.0,379,7.6,4,2,0,0,0,0,0,1,29.2,29.2,3.7%,FA,free_agent,2021,1,177.76,,,,,,,,,,Free Agent
655,Derek Carr,34,56,60.7,435,7.8,2,1,3,4,6,0,0,1,25.0,25.0,15.1%,FA,free_agent,2021,1,197.56,,,,,,,,,,Free Agent
661,Teddy Bridgewater,28,36,77.8,264,7.3,2,0,2,3,19,0,0,1,20.5,20.5,1.4%,FA,free_agent,2021,1,126.71,,,,,,,,,,Free Agent
665,Carson Wentz,25,38,65.8,251,6.6,2,0,3,4,23,0,1,1,18.3,18.3,1.3%,FA,free_agent,2021,1,119.83,,,,,,,,,,Free Agent
669,Ryan Tannehill,21,35,60.0,212,6.1,1,1,6,2,17,1,2,1,15.2,15.2,1.1%,FA,free_agent,2021,1,100.66,,,,,,,,,,Free Agent
674,Ben Roethlisberger,18,32,56.3,188,5.9,1,0,2,4,5,0,0,1,12.0,12.0,9.5%,FA,free_agent,2021,1,87.38,,,,,,,,,,Free Agent
709,Ryan Tannehill,27,40,67.5,347,8.7,0,0,3,4,27,0,1,1,14.6,14.6,1.1%,FA,free_agent,2021,2,156.06,,,,,,,,,,Free Agent
702,Carson Wentz,20,31,64.5,247,8.0,1,1,3,5,37,0,0,1,18.6,18.6,1.3%,FA,free_agent,2021,2,119.32,,,,,,,,,,Free Agent
688,Tom Brady,24,36,66.7,276,7.7,5,0,3,1,6,0,1,1,29.6,29.6,3.7%,FA,free_agent,2021,2,137.06,,,,,,,,,,Free Agent
693,Derek Carr,28,37,75.7,382,10.3,2,0,2,4,9,0,0,1,24.2,24.2,15.1%,FA,free_agent,2021,2,176.1,,,,,,,,,,Free Agent
696,Teddy Bridgewater,26,34,76.5,328,9.6,2,0,3,4,1,0,0,1,21.2,21.2,1.4%,FA,free_agent,2021,2,151.26,,,,,,,,,,Free Agent
701,Matt Ryan,35,46,76.1,300,6.5,2,3,1,2,3,0,0,1,19.3,19.3,0.1%,FA,free_agent,2021,2,138.91,,,,,,,,,,Free Agent
724,Blaine Gabbert,0,0,0.0,0,0.0,0,0,0,3,-3,0,0,1,-0.3,-0.3,1.1%,FA,free_agent,2021,2,-0.51,,,,,,,,,,Free Agent
722,Jacob Eason,2,5,40.0,25,5.0,0,1,0,0,0,0,0,1,0.0,0.0,0.0%,FA,free_agent,2021,2,11.1,,,,,,,,,,Free Agent
721,Josh Rosen,0,2,0.0,0,0.0,0,0,0,0,0,0,0,1,0.0,0.0,0.0%,FA,free_agent,2021,2,0.0,,,,,,,,,,Free Agent
708,Ben Roethlisberger,27,40,67.5,295,7.4,1,1,2,0,0,0,0,1,14.8,14.8,9.5%,FA,free_agent,2021,2,132.74,,,,,,,,,,Free Agent
755,Carson Wentz,19,37,51.4,194,5.2,0,0,2,0,0,0,0,1,7.8,7.8,1.3%,FA,free_agent,2021,3,86.0,,,,,,,,,,Free Agent
751,Teddy Bridgewater,19,25,76.0,235,9.4,0,0,2,4,24,0,0,1,11.8,11.8,1.4%,FA,free_agent,2021,3,108.44,,,,,,,,,,Free Agent
748,Ben Roethlisberger,38,58,65.5,318,5.5,1,2,4,1,5,0,0,1,15.2,15.2,9.5%,FA,free_agent,2021,3,143.34,,,,,,,,,,Free Agent
747,Matt Ryan,27,36,75.0,243,6.8,2,0,3,1,-1,0,1,1,15.6,15.6,0.1%,FA,free_agent,2021,3,112.58,,,,,,,,,,Free Agent
736,Derek Carr,26,43,60.5,386,9.0,2,1,3,2,-2,0,0,1,22.2,22.2,15.1%,FA,free_agent,2021,3,174.64,,,,,,,,,,Free Agent
733,Ryan Tannehill,18,27,66.7,197,7.3,3,2,1,5,56,0,0,1,23.5,23.5,1.1%,FA,free_agent,2021,3,104.81,,,,,,,,,,Free Agent
729,Tom Brady,41,55,74.5,432,7.9,1,0,3,3,14,1,0,1,28.7,28.7,3.7%,FA,free_agent,2021,3,200.47,,,,,,,,,,Free Agent
793,Teddy Bridgewater,7,16,43.8,65,4.1,1,0,2,1,2,0,0,1,6.8,6.8,1.4%,FA,free_agent,2021,4,32.78,,,,,,,,,,Free Agent
788,Ben Roethlisberger,26,40,65.0,232,5.8,1,1,2,0,0,0,1,1,10.3,10.3,9.5%,FA,free_agent,2021,4,103.87,,,,,,,,,,Free Agent
787,Tom Brady,22,43,51.2,269,6.3,0,0,1,4,3,0,0,1,11.1,11.1,3.7%,FA,free_agent,2021,4,119.13,,,,,,,,,,Free Agent
783,Derek Carr,21,34,61.8,196,5.8,2,1,4,3,6,0,0,1,15.4,15.4,15.1%,FA,free_agent,2021,4,93.54,,,,,,,,,,Free Agent
796,Colt Mccoy,0,0,0.0,0,0.0,0,0,0,2,-2,0,0,1,-0.2,-0.2,0.0%,FA,free_agent,2021,4,-0.34,,,,,,,,,,Free Agent
777,Ryan Tannehill,30,49,61.2,298,6.1,1,0,7,3,9,0,0,1,18.8,18.8,1.1%,FA,free_agent,2021,4,137.78,,,,,,,,,,Free Agent
763,Matt Ryan,25,42,59.5,283,6.7,4,0,1,1,17,0,0,1,29.0,29.0,0.1%,FA,free_agent,2021,4,140.24,,,,,,,,,,Free Agent
780,Carson Wentz,24,32,75.0,228,7.1,2,0,2,5,8,0,0,1,17.9,17.9,1.3%,FA,free_agent,2021,4,108.95,,,,,,,,,,Free Agent
813,Teddy Bridgewater,24,38,63.2,288,7.6,2,1,2,1,11,0,0,1,19.6,19.6,1.4%,FA,free_agent,2021,5,134.44,,,,,,,,,,Free Agent
800,Tom Brady,30,41,73.2,411,10.0,5,0,2,1,13,0,0,1,37.7,37.7,3.7%,FA,free_agent,2021,5,198.59,,,,,,,,,,Free Agent
834,Nathan Peterman,0,0,0.0,0,0.0,0,0,0,2,2,0,0,1,0.2,0.2,0.0%,FA,free_agent,2021,5,0.34,,,,,,,,,,Free Agent
832,Blaine Gabbert,3,3,100.0,41,13.7,0,0,0,3,-1,0,0,1,1.5,1.5,1.1%,FA,free_agent,2021,5,20.39,,,,,,,,,,Free Agent
829,Derek Carr,22,35,62.9,206,5.9,0,1,3,3,10,0,0,1,8.2,8.2,15.1%,FA,free_agent,2021,5,92.42,,,,,,,,,,Free Agent
825,Mike Glennon,16,25,64.0,196,7.8,1,2,0,2,2,0,0,1,10.0,10.0,1.0%,FA,free_agent,2021,5,88.86,,,,,,,,,,Free Agent
819,Ryan Tannehill,14,22,63.6,197,9.0,1,0,3,3,21,0,0,1,14.0,14.0,1.1%,FA,free_agent,2021,5,94.2,,,,,,,,,,Free Agent
809,Matt Ryan,33,45,73.3,342,7.6,2,0,0,1,-1,0,0,1,21.6,21.6,0.1%,FA,free_agent,2021,5,157.24,,,,,,,,,,Free Agent
807,Carson Wentz,25,35,71.4,402,11.5,2,0,2,2,5,0,1,1,22.6,22.6,1.3%,FA,free_agent,2021,5,182.42,,,,,,,,,,Free Agent
816,Ben Roethlisberger,15,25,60.0,253,10.1,2,0,1,1,-1,0,1,1,16.0,16.0,9.5%,FA,free_agent,2021,5,116.32,,,,,,,,,,Free Agent
847,Tom Brady,34,42,81.0,297,7.1,2,1,0,4,1,0,0,1,19.0,19.0,3.7%,FA,free_agent,2021,6,137.52,,,,,,,,,,Free Agent
848,Carson Wentz,11,20,55.0,223,11.2,2,0,2,2,1,0,0,1,17.0,17.0,1.3%,FA,free_agent,2021,6,105.14,,,,,,,,,,Free Agent
846,Teddy Bridgewater,35,49,71.4,334,6.8,3,3,5,2,9,0,1,1,21.3,21.3,1.4%,FA,free_agent,2021,6,154.77,,,,,,,,,,Free Agent
853,Ryan Tannehill,18,29,62.1,216,7.4,0,1,0,2,3,1,0,1,13.9,13.9,1.1%,FA,free_agent,2021,6,99.81,,,,,,,,,,Free Agent
857,Ben Roethlisberger,29,40,72.5,229,5.7,1,0,1,2,-3,0,1,1,10.9,10.9,9.5%,FA,free_agent,2021,6,103.17,,,,,,,,,,Free Agent
845,Derek Carr,18,27,66.7,341,12.6,2,0,2,2,-1,0,0,1,21.5,21.5,15.1%,FA,free_agent,2021,6,156.27,,,,,,,,,,Free Agent
865,Tyler Huntley,0,0,0.0,0,0.0,0,0,0,3,10,0,0,1,1.0,1.0,1.0%,FA,free_agent,2021,6,1.7,,,,,,,,,,Free Agent
867,Kellen Mond,0,0,0.0,0,0.0,0,0,0,0,0,0,0,1,0.0,0.0,0.0%,FA,free_agent,2021,6,0.0,,,,,,,,,,Free Agent
868,Colt Mccoy,0,0,0.0,0,0.0,0,0,0,3,-3,0,0,1,-0.3,-0.3,0.0%,FA,free_agent,2021,6,-0.51,,,,,,,,,,Free Agent
898,P.J. Walker,3,14,21.4,33,2.4,0,0,3,1,13,0,0,1,2.6,2.6,0.0%,FA,free_agent,2021,7,17.1,,,,,,,,,,Free Agent
882,Derek Carr,31,34,91.2,323,9.5,2,1,0,2,1,0,0,1,20.0,20.0,15.1%,FA,free_agent,2021,7,148.8,,,,,,,,,,Free Agent
894,Chad Henne,11,16,68.8,82,5.1,0,0,0,1,4,0,0,1,3.7,3.7,0.6%,FA,free_agent,2021,7,37.91,,,,,,,,,,Free Agent
881,Carson Wentz,17,26,65.4,150,5.8,2,0,1,4,23,1,1,1,20.3,20.3,1.3%,FA,free_agent,2021,7,80.07,,,,,,,,,,Free Agent
900,Tyler Huntley,5,11,45.5,39,3.5,0,0,0,0,0,0,0,1,1.6,1.6,1.0%,FA,free_agent,2021,7,17.92,,,,,,,,,,Free Agent
886,Teddy Bridgewater,23,33,69.7,187,5.7,2,1,2,2,3,0,0,1,14.8,14.8,1.4%,FA,free_agent,2021,7,89.4,,,,,,,,,,Free Agent
897,Brian Hoyer,3,4,75.0,79,19.8,0,0,0,3,-3,0,0,1,2.9,2.9,0.0%,FA,free_agent,2021,7,37.59,,,,,,,,,,Free Agent
901,Blaine Gabbert,2,3,66.7,15,5.0,0,0,0,0,0,0,0,1,0.6,0.6,1.1%,FA,free_agent,2021,7,7.62,,,,,,,,,,Free Agent
880,Ryan Tannehill,21,27,77.8,270,10.0,1,1,1,2,6,1,0,1,20.4,20.4,1.1%,FA,free_agent,2021,7,127.38,,,,,,,,,,Free Agent
874,Tom Brady,20,36,55.6,211,5.9,4,0,0,0,0,0,0,1,24.4,24.4,3.7%,FA,free_agent,2021,7,105.86,,,,,,,,,,Free Agent
883,Matt Ryan,25,40,62.5,336,8.4,2,1,1,3,0,0,1,1,18.4,18.4,0.1%,FA,free_agent,2021,7,151.86,,,,,,,,,,Free Agent
904,Colt Mccoy,0,0,0.0,0,0.0,0,0,0,2,-1,0,0,1,-0.1,-0.1,0.0%,FA,free_agent,2021,7,-0.17,,,,,,,,,,Free Agent
937,David Blough,0,0,0.0,0,0.0,0,0,1,1,6,0,0,1,0.6,0.6,0.0%,FA,free_agent,2021,8,1.02,,,,,,,,,,Free Agent
908,Tom Brady,28,40,70.0,375,9.4,4,2,3,1,2,0,1,1,27.2,27.2,3.7%,FA,free_agent,2021,8,174.82,,,,,,,,,,Free Agent
941,P.J. Walker,0,1,0.0,0,0.0,0,0,0,1,-1,0,0,1,-0.1,-0.1,0.0%,FA,free_agent,2021,8,-0.17,,,,,,,,,,Free Agent
911,Ryan Tannehill,23,33,69.7,265,8.0,3,2,3,2,26,0,0,1,23.2,23.2,1.1%,FA,free_agent,2021,8,129.44,,,,,,,,,,Free Agent
915,Carson Wentz,27,51,52.9,231,4.5,3,2,1,3,11,0,0,1,20.3,20.3,1.3%,FA,free_agent,2021,8,112.01,,,,,,,,,,Free Agent
922,Ben Roethlisberger,22,34,64.7,266,7.8,1,0,2,1,0,0,0,1,14.6,14.6,9.5%,FA,free_agent,2021,8,120.68,,,,,,,,,,Free Agent
935,Matt Ryan,20,27,74.1,146,5.4,1,2,3,2,3,0,0,1,8.1,8.1,0.1%,FA,free_agent,2021,8,67.55,,,,,,,,,,Free Agent
931,Trevor Siemian,16,29,55.2,159,5.5,1,0,1,2,2,0,0,1,10.6,10.6,0.0%,FA,free_agent,2021,8,74.22,,,,,,,,,,Free Agent
926,Teddy Bridgewater,19,26,73.1,213,8.2,1,0,4,1,1,0,0,1,12.6,12.6,1.4%,FA,free_agent,2021,8,97.96,,,,,,,,,,Free Agent
944,Matt Ryan,23,30,76.7,343,11.4,2,0,2,5,8,1,0,1,28.5,28.5,0.1%,FA,free_agent,2021,9,163.33,,,,,,,,,,Free Agent
971,C.J. Beathard,2,2,100.0,33,16.5,0,0,0,0,0,0,0,1,1.3,1.3,0.0%,FA,free_agent,2021,9,17.61,,,,,,,,,,Free Agent
946,Carson Wentz,22,30,73.3,272,9.1,3,0,1,4,13,0,0,1,24.2,24.2,1.3%,FA,free_agent,2021,9,131.96,,,,,,,,,,Free Agent
947,Teddy Bridgewater,19,28,67.9,249,8.9,1,0,4,3,-1,1,0,1,21.9,21.9,1.4%,FA,free_agent,2021,9,119.01,,,,,,,,,,Free Agent
954,Colt Mccoy,22,26,84.6,249,9.6,1,0,2,7,23,0,0,1,16.3,16.3,0.0%,FA,free_agent,2021,9,117.73,,,,,,,,,,Free Agent
955,Ben Roethlisberger,21,30,70.0,205,6.8,2,0,4,2,0,0,0,1,16.2,16.2,9.5%,FA,free_agent,2021,9,97.4,,,,,,,,,,Free Agent
956,Trevor Siemian,25,41,61.0,249,6.1,2,0,1,0,0,0,1,1,16.0,16.0,0.0%,FA,free_agent,2021,9,115.02,,,,,,,,,,Free Agent
958,Ryan Tannehill,19,27,70.4,143,5.3,1,1,3,2,3,1,0,1,15.0,15.0,1.1%,FA,free_agent,2021,9,71.36,,,,,,,,,,Free Agent
960,Derek Carr,30,46,65.2,296,6.4,1,2,1,2,5,0,1,1,12.3,12.3,15.1%,FA,free_agent,2021,9,131.79,,,,,,,,,,Free Agent
978,Brian Hoyer,0,0,0.0,0,0.0,0,0,0,3,-3,0,0,1,-0.3,-0.3,0.0%,FA,free_agent,2021,9,-0.51,,,,,,,,,,Free Agent
975,Chris Streveler,0,0,0.0,0,0.0,0,0,0,1,2,0,0,1,0.2,0.2,0.0%,FA,free_agent,2021,9,0.34,,,,,,,,,,Free Agent
1011,Chris Streveler,6,9,66.7,36,4.0,0,0,2,2,4,0,0,1,1.8,1.8,0.0%,FA,free_agent,2021,10,17.46,,,,,,,,,,Free Agent
1004,P.J. Walker,22,29,75.9,167,5.8,0,1,0,3,6,0,1,1,6.3,6.3,0.0%,FA,free_agent,2021,10,74.97,,,,,,,,,,Free Agent
985,Derek Carr,25,35,71.4,261,7.5,2,1,2,3,18,0,0,1,19.2,19.2,15.1%,FA,free_agent,2021,10,124.14,,,,,,,,,,Free Agent
983,Trevor Siemian,19,34,55.9,298,8.8,2,0,4,0,0,0,0,1,19.9,19.9,0.0%,FA,free_agent,2021,10,137.39,,,,,,,,,,Free Agent
1015,Chad Henne,0,0,0.0,0,0.0,0,0,0,2,-2,0,0,1,-0.2,-0.2,0.6%,FA,free_agent,2021,10,-0.34,,,,,,,,,,Free Agent
1012,Colt Mccoy,11,20,55.0,107,5.4,0,1,2,1,-1,0,1,1,1.2,1.2,0.0%,FA,free_agent,2021,10,45.52,,,,,,,,,,Free Agent
986,Ryan Tannehill,19,27,70.4,213,7.9,1,0,2,5,1,1,0,1,18.6,18.6,1.1%,FA,free_agent,2021,10,102.3,,,,,,,,,,Free Agent
1016,Davis Webb,0,0,0.0,0,0.0,0,0,0,2,-3,0,0,1,-0.3,-0.3,0.0%,FA,free_agent,2021,10,-0.51,,,,,,,,,,Free Agent
992,Tom Brady,23,34,67.6,220,6.5,2,2,0,1,2,0,0,1,15.0,15.0,3.7%,FA,free_agent,2021,10,102.7,,,,,,,,,,Free Agent
996,Cam Newton,3,4,75.0,8,2.0,1,0,0,3,14,1,0,1,11.7,11.7,6.4%,FA,free_agent,2021,10,13.99,,,,,,,,,,Free Agent
999,Teddy Bridgewater,22,36,61.1,226,6.3,0,0,1,0,0,0,0,1,9.0,9.0,1.4%,FA,free_agent,2021,10,100.16,,,,,,,,,,Free Agent
1001,Brian Hoyer,3,3,100.0,85,28.3,1,0,0,2,-2,0,0,1,7.2,7.2,0.0%,FA,free_agent,2021,10,45.1,,,,,,,,,,Free Agent
1017,Josh Rosen,1,6,16.7,14,2.3,0,1,0,0,0,0,0,1,-0.4,-0.4,0.0%,FA,free_agent,2021,10,5.78,,,,,,,,,,Free Agent
1002,Carson Wentz,22,34,64.7,180,5.3,0,0,1,4,-1,0,0,1,7.1,7.1,1.3%,FA,free_agent,2021,10,80.13,,,,,,,,,,Free Agent
1010,Matt Ryan,9,21,42.9,117,5.6,0,2,2,0,0,0,0,1,2.7,2.7,0.1%,FA,free_agent,2021,10,50.51,,,,,,,,,,Free Agent
1021,Trevor Siemian,22,40,55.0,214,5.4,3,2,0,2,16,1,0,1,26.2,26.2,0.0%,FA,free_agent,2021,11,109.72,,,,,,,,,,Free Agent
1026,Colt Mccoy,35,44,79.5,328,7.5,2,0,2,6,18,0,0,1,22.9,22.9,0.0%,FA,free_agent,2021,11,154.63,,,,,,,,,,Free Agent
1027,Tom Brady,30,46,65.2,307,6.7,2,1,0,1,10,0,0,1,20.3,20.3,3.7%,FA,free_agent,2021,11,142.85,,,,,,,,,,Free Agent
1040,Derek Carr,19,27,70.4,215,8.0,1,1,2,0,0,0,1,1,9.6,9.6,15.1%,FA,free_agent,2021,11,96.32,,,,,,,,,,Free Agent
1054,Josh Rosen,1,3,33.3,5,1.7,0,1,0,0,0,0,0,1,-0.8,-0.8,0.0%,FA,free_agent,2021,11,1.78,,,,,,,,,,Free Agent
1037,Carson Wentz,11,20,55.0,106,5.3,1,0,0,2,18,0,0,1,10.0,10.0,1.3%,FA,free_agent,2021,11,53.66,,,,,,,,,,Free Agent
1035,Tyler Huntley,26,36,72.2,219,6.1,0,1,6,7,40,0,0,1,11.8,11.8,1.0%,FA,free_agent,2021,11,103.58,,,,,,,,,,Free Agent
1025,Ben Roethlisberger,28,44,63.6,273,6.2,3,0,3,0,0,0,0,1,22.9,22.9,9.5%,FA,free_agent,2021,11,130.17,,,,,,,,,,Free Agent
1022,Cam Newton,21,27,77.8,189,7.0,2,0,1,10,46,1,0,1,26.2,26.2,6.4%,FA,free_agent,2021,11,102.84,,,,,,,,,,Free Agent
1034,Ryan Tannehill,35,52,67.3,323,6.2,1,4,2,2,3,0,0,1,13.2,13.2,1.1%,FA,free_agent,2021,11,143.38,,,,,,,,,,Free Agent
1046,Matt Ryan,19,28,67.9,153,5.5,0,2,4,0,0,0,0,1,4.1,4.1,0.1%,FA,free_agent,2021,11,66.87,,,,,,,,,,Free Agent
1051,Blaine Gabbert,2,2,100.0,11,5.5,0,0,1,2,-2,0,0,1,0.2,0.2,1.1%,FA,free_agent,2021,11,5.64,,,,,,,,,,Free Agent
1087,P.J. Walker,5,10,50.0,87,8.7,0,1,4,0,0,0,0,1,2.5,2.5,0.0%,FA,free_agent,2021,12,38.69,,,,,,,,,,Free Agent
1078,Tom Brady,25,34,73.5,226,6.6,1,1,2,2,2,0,0,1,12.2,12.2,3.7%,FA,free_agent,2021,12,103.16,,,,,,,,,,Free Agent
1070,Teddy Bridgewater,11,18,61.1,129,7.2,1,0,0,2,10,1,0,1,16.2,16.2,1.4%,FA,free_agent,2021,12,66.98,,,,,,,,,,Free Agent
1079,Matt Ryan,19,29,65.5,190,6.6,1,1,1,4,6,0,0,1,11.2,11.2,0.1%,FA,free_agent,2021,12,87.86,,,,,,,,,,Free Agent
1081,Ben Roethlisberger,24,41,58.5,263,6.4,1,2,3,0,0,0,1,1,10.5,10.5,9.5%,FA,free_agent,2021,12,116.23,,,,,,,,,,Free Agent
1083,Trevor Siemian,17,29,58.6,163,5.6,1,1,2,3,3,0,0,1,9.8,9.8,0.0%,FA,free_agent,2021,12,75.38,,,,,,,,,,Free Agent
1084,Ryan Tannehill,11,21,52.4,93,4.4,1,1,2,5,24,0,0,1,9.1,9.1,1.1%,FA,free_agent,2021,12,48.15,,,,,,,,,,Free Agent
1085,Cam Newton,5,21,23.8,92,4.4,0,2,1,3,5,1,0,1,8.2,8.2,6.4%,FA,free_agent,2021,12,44.42,,,,,,,,,,Free Agent
1063,Derek Carr,24,39,61.5,373,9.6,1,0,3,2,21,0,0,1,21.0,21.0,15.1%,FA,free_agent,2021,12,170.62,,,,,,,,,,Free Agent
1092,Brian Hoyer,0,0,0.0,0,0.0,0,0,0,1,-1,0,0,1,-0.1,-0.1,0.0%,FA,free_agent,2021,12,-0.17,,,,,,,,,,Free Agent
1060,Carson Wentz,27,44,61.4,306,7.0,3,2,3,3,21,0,1,1,22.3,22.3,1.3%,FA,free_agent,2021,12,144.81,,,,,,,,,,Free Agent
1117,Mike Glennon,23,44,52.3,187,4.3,0,1,3,0,0,0,0,1,6.5,6.5,1.0%,FA,free_agent,2021,13,82.41,,,,,,,,,,Free Agent
1115,Carson Wentz,16,22,72.7,158,7.2,1,0,1,3,8,0,0,1,11.1,11.1,1.3%,FA,free_agent,2021,13,75.11,,,,,,,,,,Free Agent
1100,Ben Roethlisberger,21,31,67.7,236,7.6,2,0,1,1,-1,0,0,1,19.3,19.3,9.5%,FA,free_agent,2021,13,112.03,,,,,,,,,,Free Agent
1121,C.J. Beathard,0,0,0.0,0,0.0,0,0,0,1,2,0,0,1,0.2,0.2,0.0%,FA,free_agent,2021,13,0.34,,,,,,,,,,Free Agent
1113,Matt Ryan,30,41,73.2,297,7.2,0,0,5,3,2,0,0,1,12.1,12.1,0.1%,FA,free_agent,2021,13,131.91,,,,,,,,,,Free Agent
1111,Derek Carr,28,38,73.7,249,6.6,0,0,2,2,24,0,0,1,12.4,12.4,15.1%,FA,free_agent,2021,13,114.8,,,,,,,,,,Free Agent
1109,Teddy Bridgewater,22,40,55.0,257,6.4,1,2,1,4,17,0,0,1,14.0,14.0,1.4%,FA,free_agent,2021,13,117.88,,,,,,,,,,Free Agent
1094,Tom Brady,38,51,74.5,368,7.2,4,1,0,1,-1,0,0,1,29.6,29.6,3.7%,FA,free_agent,2021,13,174.16,,,,,,,,,,Free Agent
1137,Ryan Tannehill,20,31,64.5,191,6.2,0,0,4,4,29,1,0,1,16.5,16.5,1.1%,FA,free_agent,2021,14,94.29,,,,,,,,,,Free Agent
1149,P.J. Walker,6,12,50.0,75,6.3,1,1,0,2,-5,0,0,1,5.5,5.5,0.0%,FA,free_agent,2021,14,35.41,,,,,,,,,,Free Agent
1140,Tyler Huntley,27,38,71.1,270,7.1,1,0,3,6,45,0,2,1,15.3,15.3,1.0%,FA,free_agent,2021,14,127.43,,,,,,,,,,Free Agent
1146,Derek Carr,33,45,73.3,263,5.8,1,1,4,0,0,0,1,1,11.5,11.5,15.1%,FA,free_agent,2021,14,117.81,,,,,,,,,,Free Agent
1145,Matt Ryan,19,28,67.9,190,6.8,1,0,0,4,3,0,0,1,11.9,11.9,0.1%,FA,free_agent,2021,14,88.19,,,,,,,,,,Free Agent
1142,Cam Newton,15,23,65.2,178,7.7,0,1,1,10,47,1,1,1,14.8,14.8,6.4%,FA,free_agent,2021,14,89.3,,,,,,,,,,Free Agent
1153,Colt Mccoy,0,0,0.0,0,0.0,0,0,0,0,0,0,0,1,0.0,0.0,0.0%,FA,free_agent,2021,14,0.0,,,,,,,,,,Free Agent
1141,Teddy Bridgewater,18,25,72.0,179,7.2,2,0,1,0,0,0,0,1,15.2,15.2,1.4%,FA,free_agent,2021,14,86.08,,,,,,,,,,Free Agent
1124,Tom Brady,31,46,67.4,363,7.9,2,0,2,7,16,1,0,1,30.1,30.1,3.7%,FA,free_agent,2021,14,173.35,,,,,,,,,,Free Agent
1156,Chase Daniel,0,0,0.0,0,0.0,0,0,0,2,-2,0,0,1,-0.2,-0.2,0.0%,FA,free_agent,2021,14,-0.34,,,,,,,,,,Free Agent
1135,Mike Glennon,17,36,47.2,191,5.3,2,1,2,1,7,1,1,1,19.3,19.3,1.0%,FA,free_agent,2021,14,93.97,,,,,,,,,,Free Agent
1155,Chad Henne,0,0,0.0,0,0.0,0,0,0,3,-2,0,0,1,-0.2,-0.2,0.6%,FA,free_agent,2021,14,-0.34,,,,,,,,,,Free Agent
1126,Ben Roethlisberger,28,40,70.0,308,7.7,3,1,5,1,5,0,0,1,25.8,25.8,9.5%,FA,free_agent,2021,14,146.9,,,,,,,,,,Free Agent
1154,Kurt Benkert,0,0,0.0,0,0.0,0,0,0,2,-1,0,0,1,-0.1,-0.1,0.0%,FA,free_agent,2021,14,-0.17,,,,,,,,,,Free Agent
1188,Teddy Bridgewater,12,22,54.5,98,4.5,0,0,2,3,10,0,0,1,4.9,4.9,1.4%,FA,free_agent,2021,15,45.73,,,,,,,,,,Free Agent
1161,Cam Newton,18,38,47.4,156,4.1,1,1,4,15,71,1,0,1,24.3,24.3,6.4%,FA,free_agent,2021,15,89.53,,,,,,,,,,Free Agent
1189,Jake Fromm,6,12,50.0,82,6.8,0,0,1,0,0,0,0,1,3.3,3.3,0.0%,FA,free_agent,2021,15,37.07,,,,,,,,,,Free Agent
1173,Matt Ryan,19,32,59.4,236,7.4,1,0,3,5,20,0,1,1,13.4,13.4,0.1%,FA,free_agent,2021,15,109.36,,,,,,,,,,Free Agent
1185,Tom Brady,26,48,54.2,214,4.5,0,1,4,1,2,0,1,1,5.8,5.8,3.7%,FA,free_agent,2021,15,93.16,,,,,,,,,,Free Agent
1184,Carson Wentz,5,12,41.7,57,4.8,1,1,1,8,17,0,0,1,7.0,7.0,1.3%,FA,free_agent,2021,15,31.06,,,,,,,,,,Free Agent
1190,Colt Mccoy,6,9,66.7,56,6.2,0,0,0,1,3,0,0,1,2.5,2.5,0.0%,FA,free_agent,2021,15,26.29,,,,,,,,,,Free Agent
1191,Mike Glennon,13,24,54.2,99,4.1,0,3,0,1,0,0,0,1,1.0,1.0,1.0%,FA,free_agent,2021,15,42.12,,,,,,,,,,Free Agent
1176,Ben Roethlisberger,16,25,64.0,148,5.9,0,0,3,3,0,1,0,1,11.9,11.9,9.5%,FA,free_agent,2021,15,70.51,,,,,,,,,,Free Agent
1183,Garrett Gilbert,20,31,64.5,194,6.3,0,0,2,0,0,0,0,1,7.8,7.8,0.0%,FA,free_agent,2021,15,86.32,,,,,,,,,,Free Agent
1158,Tyler Huntley,28,40,70.0,215,5.4,2,0,1,13,73,2,0,1,35.9,35.9,1.0%,FA,free_agent,2021,15,123.31,,,,,,,,,,Free Agent
1178,Derek Carr,25,38,65.8,236,6.2,1,1,2,3,7,0,1,1,11.1,11.1,15.1%,FA,free_agent,2021,15,106.71,,,,,,,,,,Free Agent
1179,Ryan Tannehill,23,32,71.9,153,4.8,0,1,4,5,18,1,1,1,10.9,10.9,1.1%,FA,free_agent,2021,15,73.89,,,,,,,,,,Free Agent
1230,Jake Fromm,6,17,35.3,25,1.5,0,1,2,3,12,0,0,1,1.2,1.2,0.0%,FA,free_agent,2021,16,12.84,,,,,,,,,,Free Agent
1204,Carson Wentz,18,28,64.3,225,8.0,2,0,2,2,4,0,0,1,17.4,17.4,1.3%,FA,free_agent,2021,16,106.58,,,,,,,,,,Free Agent
1211,Tom Brady,18,30,60.0,232,7.7,1,0,0,1,11,0,0,1,14.4,14.4,3.7%,FA,free_agent,2021,16,107.62,,,,,,,,,,Free Agent
1206,Nick Foles,24,35,68.6,250,7.1,1,0,4,4,8,0,0,1,16.8,16.8,1.0%,FA,free_agent,2021,16,116.68,,,,,,,,,,Free Agent
1213,Matt Ryan,18,24,75.0,215,9.0,1,0,3,4,5,0,0,1,13.1,13.1,0.1%,FA,free_agent,2021,16,99.57,,,,,,,,,,Free Agent
1220,Mike Glennon,17,27,63.0,93,3.4,1,1,0,2,11,0,0,1,7.8,7.8,1.0%,FA,free_agent,2021,16,46.34,,,,,,,,,,Free Agent
1232,Chad Henne,0,0,0.0,0,0.0,0,0,0,2,0,0,0,1,0.0,0.0,0.6%,FA,free_agent,2021,16,0.0,,,,,,,,,,Free Agent
1231,Blaine Gabbert,0,1,0.0,0,0.0,0,0,0,0,0,0,0,1,0.0,0.0,1.1%,FA,free_agent,2021,16,0.0,,,,,,,,,,Free Agent
1228,Ian Book,12,20,60.0,135,6.8,0,2,8,3,6,0,0,1,4.0,4.0,1.2%,FA,free_agent,2021,16,59.76,,,,,,,,,,Free Agent
1221,Ben Roethlisberger,23,35,65.7,159,4.5,1,1,2,0,0,0,1,1,7.4,7.4,9.5%,FA,free_agent,2021,16,72.08,,,,,,,,,,Free Agent
1210,Ryan Tannehill,22,29,75.9,209,7.2,1,0,4,3,22,0,0,1,14.6,14.6,1.1%,FA,free_agent,2021,16,99.96,,,,,,,,,,Free Agent
1218,Derek Carr,20,25,80.0,201,8.0,1,1,2,7,5,0,1,1,9.5,9.5,15.1%,FA,free_agent,2021,16,91.25,,,,,,,,,,Free Agent
1227,Cam Newton,7,13,53.8,61,4.7,0,1,3,5,42,0,0,1,5.6,5.6,6.4%,FA,free_agent,2021,16,34.06,,,,,,,,,,Free Agent
1236,Tom Brady,34,50,68.0,410,8.2,3,1,1,0,0,0,0,1,27.4,27.4,3.7%,FA,free_agent,2021,17,189.02,,,,,,,,,,Free Agent
1254,Derek Carr,24,31,77.4,255,8.2,1,2,2,0,0,0,0,1,12.2,12.2,15.1%,FA,free_agent,2021,17,114.68,,,,,,,,,,Free Agent
1260,Ben Roethlisberger,24,46,52.2,123,2.7,1,1,2,1,-1,0,0,1,7.8,7.8,9.5%,FA,free_agent,2021,17,57.7,,,,,,,,,,Free Agent
1261,Matt Ryan,13,23,56.5,197,8.6,0,0,5,2,7,0,1,1,6.6,6.6,0.1%,FA,free_agent,2021,17,87.04,,,,,,,,,,Free Agent
1249,Ryan Tannehill,13,18,72.2,120,6.7,2,0,1,4,7,0,0,1,13.5,13.5,1.1%,FA,free_agent,2021,17,61.39,,,,,,,,,,Free Agent
1264,Brian Hoyer,3,4,75.0,63,15.8,0,0,0,2,1,0,0,1,2.6,2.6,0.0%,FA,free_agent,2021,17,30.58,,,,,,,,,,Free Agent
1267,Cam Newton,0,0,0.0,0,0.0,0,0,0,1,5,0,0,1,0.5,0.5,6.4%,FA,free_agent,2021,17,0.85,,,,,,,,,,Free Agent
1268,Kellen Mond,2,3,66.7,5,1.7,0,0,0,0,0,0,0,1,0.2,0.2,0.0%,FA,free_agent,2021,17,2.68,,,,,,,,,,Free Agent
1270,Trace Mcsorley,0,0,0.0,0,0.0,0,0,0,0,0,0,0,1,0.0,0.0,0.8%,FA,free_agent,2021,17,0.0,,,,,,,,,,Free Agent
1273,Mike Glennon,4,11,36.4,24,2.2,0,2,4,1,13,0,2,1,-3.7,-3.7,1.0%,FA,free_agent,2021,17,8.75,,,,,,,,,,Free Agent
1256,Carson Wentz,16,27,59.3,148,5.5,1,0,1,3,10,0,0,1,10.9,10.9,1.3%,FA,free_agent,2021,17,70.83,,,,,,,,,,Free Agent
1251,Sean Mannion,22,36,61.1,189,5.3,1,0,2,2,14,0,0,1,13.0,13.0,0.0%,FA,free_agent,2021,17,89.66,,,,,,,,,,Free Agent
1253,Tyler Huntley,20,32,62.5,197,6.2,0,1,5,6,54,0,0,1,12.3,12.3,1.0%,FA,free_agent,2021,17,95.95,,,,,,,,,,Free Agent
1284,Ryan Tannehill,20,33,60.6,266,8.1,2,0,1,2,7,0,0,1,19.3,19.3,1.1%,FA,free_agent,2022,1,124.83,,,,,,,,,,Free Agent
1276,Carson Wentz,27,41,65.9,313,7.6,4,2,1,6,12,0,0,1,29.7,29.7,1.3%,FA,free_agent,2022,1,152.41,,,,,,,,,,Free Agent
1299,Tom Brady,18,27,66.7,212,7.9,1,1,2,2,-1,0,0,1,11.4,11.4,3.7%,FA,free_agent,2022,1,96.26,,,,,,,,,,Free Agent
1292,Matt Ryan,32,50,64.0,352,7.0,1,1,2,4,12,0,1,1,16.3,16.3,0.1%,FA,free_agent,2022,1,158.11,,,,,,,,,,Free Agent
1290,Derek Carr,22,37,59.5,295,8.0,2,3,5,0,0,0,0,1,16.8,16.8,15.1%,FA,free_agent,2022,1,133.86,,,,,,,,,,Free Agent
1308,Trace Mcsorley,2,4,50.0,12,3.0,0,0,1,3,20,0,0,1,2.5,2.5,0.8%,FA,free_agent,2022,1,9.35,,,,,,,,,,Free Agent
1309,Jeff Driskel,0,0,0.0,0,0.0,0,0,0,1,5,0,0,1,0.5,0.5,0.0%,FA,free_agent,2022,1,0.85,,,,,,,,,,Free Agent
1310,Matt Corral,0,0,0.0,0,0.0,0,0,0,0,0,0,0,1,0.0,0.0,0.0%,FA,free_agent,2022,1,0.0,,,,,,,,,,Free Agent
1311,Chad Henne,0,0,0.0,0,0.0,0,0,0,0,0,0,0,1,0.0,0.0,0.6%,FA,free_agent,2022,1,0.0,,,,,,,,,,Free Agent
1343,Ryan Tannehill,11,20,55.0,117,5.9,0,2,2,1,2,0,0,1,2.9,2.9,1.1%,FA,free_agent,2022,2,51.11,,,,,,,,,,Free Agent
1316,Carson Wentz,30,46,65.2,337,7.3,3,1,5,2,23,0,0,1,28.8,28.8,1.3%,FA,free_agent,2022,2,162.52,,,,,,,,,,Free Agent
1342,Matt Ryan,16,30,53.3,195,6.5,0,3,5,0,0,0,0,1,4.8,4.8,0.1%,FA,free_agent,2022,2,83.96,,,,,,,,,,Free Agent
1339,Tom Brady,18,34,52.9,190,5.6,1,0,1,3,-2,0,1,1,9.4,9.4,3.7%,FA,free_agent,2022,2,85.5,,,,,,,,,,Free Agent
1322,Derek Carr,25,39,64.1,252,6.5,2,0,1,1,9,0,0,1,19.0,19.0,15.1%,FA,free_agent,2022,2,119.4,,,,,,,,,,Free Agent
1345,Jeff Driskel,0,0,0.0,0,0.0,0,0,0,1,10,0,0,1,1.0,1.0,0.0%,FA,free_agent,2022,2,1.7,,,,,,,,,,Free Agent
1368,Tom Brady,31,42,73.8,271,6.5,1,0,3,1,-1,0,0,1,14.7,14.7,3.7%,FA,free_agent,2022,3,123.29,,,,,,,,,,Free Agent
1382,Teddy Bridgewater,0,2,0.0,0,0.0,0,0,1,0,0,0,0,1,0.0,0.0,1.4%,FA,free_agent,2022,3,0.0,,,,,,,,,,Free Agent
1354,Derek Carr,26,44,59.1,303,6.9,2,1,1,2,17,0,0,1,20.8,20.8,15.1%,FA,free_agent,2022,3,141.94,,,,,,,,,,Free Agent
1378,Carson Wentz,25,43,58.1,211,4.9,0,0,9,3,22,0,1,1,8.6,8.6,1.3%,FA,free_agent,2022,3,96.0,,,,,,,,,,Free Agent
1364,Matt Ryan,27,37,73.0,222,6.0,2,0,5,3,4,0,1,1,15.3,15.3,0.1%,FA,free_agent,2022,3,104.31,,,,,,,,,,Free Agent
1383,C.J. Beathard,0,0,0.0,0,0.0,0,0,0,1,-1,0,0,1,-0.1,-0.1,0.0%,FA,free_agent,2022,3,-0.17,,,,,,,,,,Free Agent
1356,Ryan Tannehill,19,27,70.4,264,9.8,1,1,1,4,2,1,0,1,19.8,19.8,1.1%,FA,free_agent,2022,3,123.92,,,,,,,,,,Free Agent
1410,Carson Wentz,25,42,59.5,170,4.0,1,2,2,1,5,0,0,1,9.3,9.3,1.3%,FA,free_agent,2022,4,78.41,,,,,,,,,,Free Agent
1419,Brian Hoyer,5,6,83.3,37,6.2,0,0,1,0,0,0,0,1,1.5,1.5,0.0%,FA,free_agent,2022,4,17.59,,,,,,,,,,Free Agent
1408,Derek Carr,21,34,61.8,188,5.5,0,0,2,7,40,0,0,1,11.5,11.5,15.1%,FA,free_agent,2022,4,90.45,,,,,,,,,,Free Agent
1403,Ryan Tannehill,17,21,81.0,137,6.5,2,0,3,5,9,0,0,1,14.4,14.4,1.1%,FA,free_agent,2022,4,69.38,,,,,,,,,,Free Agent
1407,Teddy Bridgewater,14,23,60.9,193,8.4,1,1,0,1,11,0,0,1,11.8,11.8,1.4%,FA,free_agent,2022,4,89.84,,,,,,,,,,Free Agent
1395,Matt Ryan,27,37,73.0,356,9.6,2,1,3,2,-4,0,1,1,18.8,18.8,0.1%,FA,free_agent,2022,4,160.18,,,,,,,,,,Free Agent
1387,Tom Brady,39,52,75.0,385,7.4,3,0,1,0,0,0,1,1,25.4,25.4,3.7%,FA,free_agent,2022,4,177.96,,,,,,,,,,Free Agent
1426,Carson Wentz,25,38,65.8,359,9.4,2,1,3,5,15,0,0,1,22.9,22.9,1.3%,FA,free_agent,2022,5,166.01,,,,,,,,,,Free Agent
1431,Derek Carr,19,30,63.3,241,8.0,2,0,2,1,3,0,0,1,17.9,17.9,15.1%,FA,free_agent,2022,5,113.33,,,,,,,,,,Free Agent
1447,Matt Ryan,26,41,63.4,251,6.1,0,2,6,1,1,0,0,1,8.1,8.1,0.1%,FA,free_agent,2022,5,109.79,,,,,,,,,,Free Agent
1453,P.J. Walker,5,6,83.3,60,10.0,0,0,2,0,0,0,0,1,2.4,2.4,0.0%,FA,free_agent,2022,5,28.18,,,,,,,,,,Free Agent
1456,Teddy Bridgewater,0,1,0.0,0,0.0,0,0,0,0,0,0,0,1,0.0,0.0,1.4%,FA,free_agent,2022,5,0.0,,,,,,,,,,Free Agent
1427,Tom Brady,35,52,67.3,351,6.8,1,0,0,3,-3,0,0,1,19.7,19.7,3.7%,FA,free_agent,2022,5,159.05,,,,,,,,,,Free Agent
1442,Ryan Tannehill,15,25,60.0,181,7.2,1,0,5,3,3,0,0,1,11.5,11.5,1.1%,FA,free_agent,2022,5,83.99,,,,,,,,,,Free Agent
1459,Matt Ryan,42,58,72.4,389,6.7,3,0,0,1,-4,0,0,1,27.2,27.2,0.1%,FA,free_agent,2022,6,180.68,,,,,,,,,,Free Agent
1464,Teddy Bridgewater,23,34,67.6,329,9.7,2,2,5,1,10,0,0,1,20.2,20.2,1.4%,FA,free_agent,2022,6,151.38,,,,,,,,,,Free Agent
1473,Tom Brady,25,40,62.5,243,6.1,1,0,2,1,0,0,0,1,13.7,13.7,3.7%,FA,free_agent,2022,6,110.81,,,,,,,,,,Free Agent
1486,Carson Wentz,12,22,54.5,99,4.5,0,0,3,2,2,0,0,1,4.2,4.2,1.3%,FA,free_agent,2022,6,44.84,,,,,,,,,,Free Agent
1487,P.J. Walker,10,16,62.5,60,3.8,0,0,2,1,-1,0,0,1,2.3,2.3,0.0%,FA,free_agent,2022,6,27.27,,,,,,,,,,Free Agent
1488,Jacob Eason,3,5,60.0,59,11.8,0,1,0,0,0,0,0,1,1.4,1.4,0.0%,FA,free_agent,2022,6,27.14,,,,,,,,,,Free Agent
1509,Matt Ryan,33,44,75.0,243,5.5,1,2,3,1,2,0,0,1,11.9,11.9,0.1%,FA,free_agent,2022,7,110.23,,,,,,,,,,Free Agent
1521,Chad Henne,0,2,0.0,0,0.0,0,0,0,3,-3,0,0,1,-0.3,-0.3,0.6%,FA,free_agent,2022,7,-0.51,,,,,,,,,,Free Agent
1503,P.J. Walker,16,22,72.7,177,8.0,2,0,1,0,0,0,0,1,15.1,15.1,0.0%,FA,free_agent,2022,7,85.17,,,,,,,,,,Free Agent
1505,Derek Carr,21,27,77.8,241,8.9,1,0,1,3,-1,0,0,1,13.5,13.5,15.1%,FA,free_agent,2022,7,109.93,,,,,,,,,,Free Agent
1516,Ryan Tannehill,13,20,65.0,132,6.6,0,0,2,4,6,0,1,1,3.9,3.9,1.1%,FA,free_agent,2022,7,58.65,,,,,,,,,,Free Agent
1510,Tom Brady,32,49,65.3,290,5.9,0,0,1,1,1,0,0,1,11.7,11.7,3.7%,FA,free_agent,2022,7,128.67,,,,,,,,,,Free Agent
1550,Derek Carr,15,26,57.7,101,3.9,0,1,3,1,-1,0,0,1,2.9,2.9,15.1%,FA,free_agent,2022,8,44.51,,,,,,,,,,Free Agent
1536,P.J. Walker,19,36,52.8,317,8.8,1,1,1,1,20,0,0,1,17.7,17.7,0.0%,FA,free_agent,2022,8,145.05,,,,,,,,,,Free Agent
1540,Tom Brady,26,44,59.1,325,7.4,1,0,3,1,1,0,0,1,17.1,17.1,3.7%,FA,free_agent,2022,8,146.45,,,,,,,,,,Free Agent
1554,Trevor Siemian,1,1,100.0,5,5.0,0,0,0,0,0,0,0,1,0.2,0.2,0.0%,FA,free_agent,2022,8,3.24,,,,,,,,,,Free Agent
1565,Derek Carr,21,36,58.3,259,7.2,2,0,2,0,0,0,0,1,18.4,18.4,15.1%,FA,free_agent,2022,9,120.62,,,,,,,,,,Free Agent
1585,P.J. Walker,3,10,30.0,9,0.9,0,2,0,1,6,0,0,1,-1.0,-1.0,0.0%,FA,free_agent,2022,9,3.78,,,,,,,,,,Free Agent
1570,Tom Brady,36,58,62.1,280,4.8,1,0,1,0,0,0,0,1,15.2,15.2,3.7%,FA,free_agent,2022,9,127.5,,,,,,,,,,Free Agent
1600,Derek Carr,24,38,63.2,248,6.5,2,0,2,0,0,0,0,1,17.9,17.9,15.1%,FA,free_agent,2022,10,116.03,,,,,,,,,,Free Agent
1617,Chase Daniel,0,2,0.0,0,0.0,0,0,1,0,0,0,0,1,0.0,0.0,0.0%,FA,free_agent,2022,10,0.0,,,,,,,,,,Free Agent
1615,Bryce Perkins,1,1,100.0,-3,-3.0,0,0,0,3,4,0,0,1,0.3,0.3,0.0%,FA,free_agent,2022,10,-1.09,,,,,,,,,,Free Agent
1613,P.J. Walker,10,16,62.5,108,6.8,0,0,1,3,14,0,0,1,5.7,5.7,0.0%,FA,free_agent,2022,10,50.95,,,,,,,,,,Free Agent
1590,Matt Ryan,21,28,75.0,222,7.9,1,0,1,4,38,1,0,1,22.7,22.7,0.1%,FA,free_agent,2022,10,112.67,,,,,,,,,,Free Agent
1608,Colt Mccoy,26,37,70.3,238,6.4,1,0,2,4,4,0,0,1,13.9,13.9,0.0%,FA,free_agent,2022,10,109.51,,,,,,,,,,Free Agent
1602,Tom Brady,22,29,75.9,258,8.9,2,1,0,6,-3,0,0,1,17.0,17.0,3.7%,FA,free_agent,2022,10,119.28,,,,,,,,,,Free Agent
1595,Ryan Tannehill,19,36,52.8,255,7.1,2,0,1,2,12,0,0,1,19.4,19.4,1.1%,FA,free_agent,2022,10,120.7,,,,,,,,,,Free Agent
1641,Matt Ryan,23,32,71.9,213,6.7,0,0,4,1,1,0,0,1,8.6,8.6,0.1%,FA,free_agent,2022,11,94.96,,,,,,,,,,Free Agent
1642,Colt Mccoy,24,34,70.6,218,6.4,0,1,3,3,6,0,0,1,8.3,8.3,0.0%,FA,free_agent,2022,11,97.19,,,,,,,,,,Free Agent
1645,Bryce Perkins,5,10,50.0,64,6.4,0,0,3,5,39,0,0,1,6.5,6.5,0.0%,FA,free_agent,2022,11,35.83,,,,,,,,,,Free Agent
1650,Trace Mcsorley,6,10,60.0,59,5.9,0,1,0,1,6,0,0,1,2.0,2.0,0.8%,FA,free_agent,2022,11,27.28,,,,,,,,,,Free Agent
1629,Derek Carr,23,37,62.2,307,8.3,2,0,1,0,0,0,0,1,20.3,20.3,15.1%,FA,free_agent,2022,11,141.57,,,,,,,,,,Free Agent
1630,Ryan Tannehill,22,27,81.5,333,12.3,2,1,3,3,-3,0,0,1,20.0,20.0,1.1%,FA,free_agent,2022,11,152.06,,,,,,,,,,Free Agent
1666,Tom Brady,29,43,67.4,246,5.7,2,0,3,1,2,0,0,1,18.0,18.0,3.7%,FA,free_agent,2022,12,115.84,,,,,,,,,,Free Agent
1662,Derek Carr,25,36,69.4,295,8.2,3,2,1,2,10,0,0,1,22.8,22.8,15.1%,FA,free_agent,2022,12,139.8,,,,,,,,,,Free Agent
1686,Matt Barkley,0,0,0.0,0,0.0,0,0,0,0,0,0,0,1,0.0,0.0,0.0%,FA,free_agent,2022,12,0.0,,,,,,,,,,Free Agent
1682,Bryce Perkins,13,23,56.5,100,4.3,1,2,3,9,44,0,0,1,10.4,10.4,0.0%,FA,free_agent,2022,12,53.94,,,,,,,,,,Free Agent
1681,Trevor Siemian,14,25,56.0,179,7.2,1,1,2,4,8,0,0,1,11.0,11.0,0.0%,FA,free_agent,2022,12,83.14,,,,,,,,,,Free Agent
1680,Matt Ryan,22,34,64.7,199,5.9,1,1,3,4,22,0,1,1,11.2,11.2,0.1%,FA,free_agent,2022,12,93.12,,,,,,,,,,Free Agent
1675,Ryan Tannehill,22,34,64.7,291,8.6,0,0,1,2,9,0,0,1,12.5,12.5,1.1%,FA,free_agent,2022,12,129.97,,,,,,,,,,Free Agent
1696,Tom Brady,36,54,66.7,281,5.2,2,1,1,1,-1,0,0,1,18.1,18.1,3.7%,FA,free_agent,2022,13,130.11,,,,,,,,,,Free Agent
1702,Tyler Huntley,27,32,84.4,187,5.8,0,1,2,10,41,1,0,1,16.6,16.6,1.0%,FA,free_agent,2022,13,94.48,,,,,,,,,,Free Agent
1709,Ryan Tannehill,14,22,63.6,141,6.4,1,0,6,3,34,0,0,1,13.0,13.0,1.1%,FA,free_agent,2022,13,71.88,,,,,,,,,,Free Agent
1711,Matt Ryan,21,37,56.8,233,6.3,2,3,3,3,-2,0,1,1,12.1,12.1,0.1%,FA,free_agent,2022,13,105.03,,,,,,,,,,Free Agent
1721,Bryce Perkins,0,0,0.0,0,0.0,0,0,0,1,5,0,0,1,0.5,0.5,0.0%,FA,free_agent,2022,13,0.85,,,,,,,,,,Free Agent
1700,Derek Carr,16,30,53.3,250,8.3,2,1,0,0,0,0,0,1,17.0,17.0,15.1%,FA,free_agent,2022,13,115.66,,,,,,,,,,Free Agent
1723,C.J. Beathard,2,3,66.7,6,2.0,0,0,0,0,0,0,0,1,0.2,0.2,0.0%,FA,free_agent,2022,13,3.14,,,,,,,,,,Free Agent
1725,Nate Sudfeld,0,0,0.0,0,0.0,0,0,0,2,-1,0,0,1,-0.1,-0.1,0.0%,FA,free_agent,2022,13,-0.17,,,,,,,,,,Free Agent
1744,Tom Brady,34,55,61.8,253,4.6,1,2,0,2,0,0,0,1,12.1,12.1,3.7%,FA,free_agent,2022,14,114.09,,,,,,,,,,Free Agent
1738,Ryan Tannehill,25,38,65.8,254,6.7,2,1,4,2,16,0,1,1,18.8,18.8,1.1%,FA,free_agent,2022,14,120.6,,,,,,,,,,Free Agent
1747,Colt Mccoy,27,40,67.5,246,6.2,0,1,6,5,24,0,0,1,11.2,11.2,0.0%,FA,free_agent,2022,14,112.48,,,,,,,,,,Free Agent
1750,Jeff Driskel,4,6,66.7,38,6.3,1,0,0,7,36,0,0,1,9.1,9.1,0.0%,FA,free_agent,2022,14,27.13,,,,,,,,,,Free Agent
1752,Tyler Huntley,8,12,66.7,88,7.3,0,0,1,9,31,0,0,1,6.6,6.6,1.0%,FA,free_agent,2022,14,45.18,,,,,,,,,,Free Agent
1754,Derek Carr,11,20,55.0,137,6.9,0,2,0,4,11,0,0,1,4.6,4.6,15.1%,FA,free_agent,2022,14,61.4,,,,,,,,,,Free Agent
1759,Anthony Brown Jr.,3,5,60.0,16,3.2,0,0,1,3,-5,0,0,1,0.1,0.1,0.0%,FA,free_agent,2022,14,6.91,,,,,,,,,,Free Agent
1760,Matt Corral,0,0,0.0,0,0.0,0,0,0,0,0,0,0,1,0.0,0.0,0.0%,FA,free_agent,2022,14,0.0,,,,,,,,,,Free Agent
1798,Jeff Driskel,2,4,50.0,8,2.0,0,0,1,4,8,0,0,1,1.1,1.1,0.0%,FA,free_agent,2022,15,5.37,,,,,,,,,,Free Agent
1802,Nathan Peterman,0,1,0.0,0,0.0,0,0,0,0,0,0,0,1,0.0,0.0,0.0%,FA,free_agent,2022,15,0.0,,,,,,,,,,Free Agent
1773,Derek Carr,20,38,52.6,231,6.1,3,1,3,0,0,0,0,1,20.2,20.2,15.1%,FA,free_agent,2022,15,110.56,,,,,,,,,,Free Agent
1775,Tom Brady,30,44,68.2,312,7.1,3,2,1,2,1,0,2,1,18.6,18.6,3.7%,FA,free_agent,2022,15,142.84,,,,,,,,,,Free Agent
1786,Ryan Tannehill,15,22,68.2,165,7.5,0,1,4,3,1,1,0,1,11.7,11.7,1.1%,FA,free_agent,2022,15,77.39,,,,,,,,,,Free Agent
1787,Matt Ryan,19,33,57.6,182,5.5,1,0,3,3,0,0,0,1,11.3,11.3,0.1%,FA,free_agent,2022,15,84.01,,,,,,,,,,Free Agent
1801,Davis Cheek,0,0,0.0,0,0.0,0,0,0,0,0,0,0,1,0.0,0.0,1.0%,FA,free_agent,2022,15,0.0,,,,,,,,,,Free Agent
1791,Desmond Ridder,13,26,50.0,97,3.7,0,0,4,6,38,0,0,1,7.7,7.7,1.4%,FA,free_agent,2022,15,50.03,,,,,,,,,,Free Agent
1794,Tyler Huntley,17,30,56.7,138,4.6,0,1,3,6,15,0,0,1,6.0,6.0,1.0%,FA,free_agent,2022,15,63.42,,,,,,,,,,Free Agent
1795,Trace Mcsorley,7,15,46.7,95,6.3,0,2,1,1,8,0,0,1,2.6,2.6,0.8%,FA,free_agent,2022,15,42.38,,,,,,,,,,Free Agent
1796,Colt Mccoy,13,21,61.9,78,3.7,0,1,2,2,2,0,0,1,2.3,2.3,0.0%,FA,free_agent,2022,15,34.95,,,,,,,,,,Free Agent
1840,Bryce Perkins,0,0,0.0,0,0.0,0,0,0,1,-2,0,0,1,-0.2,-0.2,0.0%,FA,free_agent,2022,16,-0.34,,,,,,,,,,Free Agent
1830,Chris Streveler,10,15,66.7,90,6.0,0,0,0,9,54,0,0,1,9.0,9.0,0.0%,FA,free_agent,2022,16,49.9,,,,,,,,,,Free Agent
1837,Jeff Driskel,3,4,75.0,40,10.0,0,0,0,2,2,0,0,1,2.2,2.2,0.0%,FA,free_agent,2022,16,20.04,,,,,,,,,,Free Agent
1835,Nick Foles,17,29,58.6,143,4.9,0,3,7,1,0,0,0,1,2.7,2.7,1.0%,FA,free_agent,2022,16,61.47,,,,,,,,,,Free Agent
1833,Trace Mcsorley,24,45,53.3,217,4.8,0,1,1,7,14,0,2,1,5.1,5.1,0.8%,FA,free_agent,2022,16,94.83,,,,,,,,,,Free Agent
1839,Nathan Peterman,3,5,60.0,25,5.0,0,1,0,0,0,0,0,1,0.0,0.0,0.0%,FA,free_agent,2022,16,11.2,,,,,,,,,,Free Agent
1828,Desmond Ridder,22,33,66.7,218,6.6,0,0,2,4,8,0,0,1,9.5,9.5,1.4%,FA,free_agent,2022,16,98.17,,,,,,,,,,Free Agent
1831,Carson Wentz,12,16,75.0,123,7.7,1,0,0,0,0,0,0,1,8.9,8.9,1.3%,FA,free_agent,2022,16,58.47,,,,,,,,,,Free Agent
1841,C.J. Beathard,0,0,0.0,0,0.0,0,0,0,3,-3,0,0,1,-0.3,-0.3,0.0%,FA,free_agent,2022,16,-0.51,,,,,,,,,,Free Agent
1819,Tom Brady,32,48,66.7,281,5.9,1,2,0,2,1,0,0,1,13.3,13.3,3.7%,FA,free_agent,2022,16,126.29,,,,,,,,,,Free Agent
1820,Tyler Huntley,9,17,52.9,115,6.8,1,0,0,11,26,0,0,1,13.2,13.2,1.0%,FA,free_agent,2022,16,60.4,,,,,,,,,,Free Agent
1829,Derek Carr,16,30,53.3,174,5.8,1,3,3,3,14,0,0,1,9.4,9.4,15.1%,FA,free_agent,2022,16,80.34,,,,,,,,,,Free Agent
1858,David Blough,24,40,60.0,222,5.6,1,0,2,2,7,0,0,1,13.6,13.6,0.0%,FA,free_agent,2022,17,102.84,,,,,,,,,,Free Agent
1878,Chase Daniel,3,3,100.0,27,9.0,0,0,0,0,0,0,0,1,1.1,1.1,0.0%,FA,free_agent,2022,17,13.67,,,,,,,,,,Free Agent
1882,Nate Sudfeld,0,0,0.0,0,0.0,0,0,1,3,-3,0,0,1,-0.3,-0.3,0.0%,FA,free_agent,2022,17,-0.51,,,,,,,,,,Free Agent
1877,Jeff Driskel,3,4,75.0,9,2.3,0,0,1,2,7,0,0,1,1.1,1.1,0.0%,FA,free_agent,2022,17,5.83,,,,,,,,,,Free Agent
1875,Nick Foles,8,13,61.5,81,6.2,0,1,1,1,8,0,0,1,3.0,3.0,1.0%,FA,free_agent,2022,17,37.24,,,,,,,,,,Free Agent
1871,Desmond Ridder,19,26,73.1,169,6.5,0,0,1,4,9,0,1,1,5.7,5.7,1.4%,FA,free_agent,2022,17,75.59,,,,,,,,,,Free Agent
1881,C.J. Beathard,5,8,62.5,29,3.6,0,1,1,0,0,0,0,1,0.2,0.2,0.0%,FA,free_agent,2022,17,12.86,,,,,,,,,,Free Agent
1864,Carson Wentz,16,28,57.1,143,5.1,0,3,3,3,7,1,0,1,9.4,9.4,1.3%,FA,free_agent,2022,17,67.0,,,,,,,,,,Free Agent
1863,Teddy Bridgewater,12,19,63.2,161,8.5,1,1,1,1,6,0,0,1,10.0,10.0,1.4%,FA,free_agent,2022,17,75.1,,,,,,,,,,Free Agent
1862,Tyler Huntley,14,21,66.7,130,6.2,1,1,1,7,24,0,0,1,10.6,10.6,1.0%,FA,free_agent,2022,17,64.66,,,,,,,,,,Free Agent
1842,Tom Brady,34,45,75.6,432,9.6,3,0,3,3,4,1,0,1,37.7,37.7,3.7%,FA,free_agent,2022,17,206.01,,,,,,,,,,Free Agent
1896,Derek Carr,23,33,69.7,305,9.2,1,1,4,3,4,0,0,1,15.6,15.6,15.1%,FA,free_agent,2023,1,137.66,,,,,,,,,,Free Agent
1908,Desmond Ridder,15,18,83.3,115,6.4,1,0,4,1,-1,0,0,1,7.9,7.9,1.4%,FA,free_agent,2023,1,54.51,,,,,,,,,,Free Agent
1912,Ryan Tannehill,16,34,47.1,198,5.8,0,3,3,3,5,0,0,1,5.4,5.4,1.1%,FA,free_agent,2023,1,85.94,,,,,,,,,,Free Agent
1955,Derek Carr,21,36,58.3,228,6.3,0,1,4,3,-4,0,0,1,7.7,7.7,15.1%,FA,free_agent,2023,2,99.45,,,,,,,,,,Free Agent
1937,Ryan Tannehill,20,24,83.3,246,10.3,1,0,5,1,12,1,0,1,21.0,21.0,1.1%,FA,free_agent,2023,2,118.86,,,,,,,,,,Free Agent
1932,Desmond Ridder,19,32,59.4,237,7.4,1,1,1,10,39,1,0,1,22.4,22.4,1.4%,FA,free_agent,2023,2,118.16,,,,,,,,,,Free Agent
1997,Blaine Gabbert,3,5,60.0,31,6.2,0,2,0,2,-1,0,0,1,-0.9,-0.9,1.1%,FA,free_agent,2023,3,13.01,,,,,,,,,,Free Agent
1993,C.J. Beathard,2,2,100.0,9,4.5,0,0,0,0,0,0,0,1,0.4,0.4,0.0%,FA,free_agent,2023,3,4.98,,,,,,,,,,Free Agent
1991,Ryan Tannehill,13,25,52.0,104,4.2,0,0,5,0,0,0,0,1,4.2,4.2,1.1%,FA,free_agent,2023,3,46.68,,,,,,,,,,Free Agent
1988,Desmond Ridder,21,38,55.3,201,5.3,0,0,7,2,3,0,1,1,6.3,6.3,1.4%,FA,free_agent,2023,3,88.17,,,,,,,,,,Free Agent
1985,Derek Carr,13,18,72.2,103,5.7,1,0,3,0,0,0,0,1,8.1,8.1,15.1%,FA,free_agent,2023,3,49.61,,,,,,,,,,Free Agent
2017,Ryan Tannehill,18,25,72.0,240,9.6,1,1,3,6,11,0,0,1,13.7,13.7,1.1%,FA,free_agent,2023,4,110.61,,,,,,,,,,Free Agent
2022,Desmond Ridder,19,31,61.3,191,6.2,1,2,4,1,6,0,1,1,8.2,8.2,1.4%,FA,free_agent,2023,4,85.88,,,,,,,,,,Free Agent
2029,Derek Carr,23,37,62.2,127,3.4,0,0,2,2,1,0,1,1,3.2,3.2,15.1%,FA,free_agent,2023,4,56.02,,,,,,,,,,Free Agent
2032,Tyler Huntley,0,0,0.0,0,0.0,0,0,0,2,8,0,0,1,0.8,0.8,1.0%,FA,free_agent,2023,4,1.36,,,,,,,,,,Free Agent
2072,Teddy Bridgewater,0,0,0.0,0,0.0,0,0,0,2,-2,0,0,1,-0.2,-0.2,1.4%,FA,free_agent,2023,5,-0.34,,,,,,,,,,Free Agent
2053,Derek Carr,18,26,69.2,183,7.0,2,0,2,2,4,0,0,1,15.7,15.7,15.1%,FA,free_agent,2023,5,88.39,,,,,,,,,,Free Agent
2058,Ryan Tannehill,23,34,67.6,264,7.8,0,1,1,2,12,0,0,1,10.8,10.8,1.1%,FA,free_agent,2023,5,118.12,,,,,,,,,,Free Agent
2043,Desmond Ridder,28,37,75.7,329,8.9,1,0,0,4,10,1,0,1,26.2,26.2,1.4%,FA,free_agent,2023,5,156.02,,,,,,,,,,Free Agent
2078,Desmond Ridder,28,47,59.6,307,6.5,2,3,3,2,18,0,0,1,19.1,19.1,1.4%,FA,free_agent,2023,6,142.37,,,,,,,,,,Free Agent
2083,Derek Carr,32,50,64.0,353,7.1,1,1,2,1,2,0,0,1,17.3,17.3,15.1%,FA,free_agent,2023,6,158.33,,,,,,,,,,Free Agent
2103,P.J. Walker,18,34,52.9,192,5.6,0,2,2,3,1,0,0,1,5.8,5.8,0.0%,FA,free_agent,2023,6,83.68,,,,,,,,,,Free Agent
2105,Brian Hoyer,6,10,60.0,102,10.2,0,0,0,3,-3,0,0,1,3.8,3.8,0.0%,FA,free_agent,2023,6,45.8,,,,,,,,,,Free Agent
2106,Ryan Tannehill,8,16,50.0,76,4.8,0,1,2,0,0,0,0,1,2.0,2.0,1.1%,FA,free_agent,2023,6,33.46,,,,,,,,,,Free Agent
2109,C.J. Beathard,0,0,0.0,0,0.0,0,0,0,3,-2,0,0,1,-0.2,-0.2,0.0%,FA,free_agent,2023,6,-0.34,,,,,,,,,,Free Agent
2135,P.J. Walker,15,32,46.9,178,5.6,0,1,2,3,3,0,0,1,6.4,6.4,0.0%,FA,free_agent,2023,7,78.5,,,,,,,,,,Free Agent
2141,Nathan Peterman,0,0,0.0,0,0.0,0,0,1,2,-4,0,0,1,-0.4,-0.4,0.0%,FA,free_agent,2023,7,-0.68,,,,,,,,,,Free Agent
2140,Tyler Huntley,0,1,0.0,0,0.0,0,0,0,0,0,0,0,1,0.0,0.0,1.0%,FA,free_agent,2023,7,0.0,,,,,,,,,,Free Agent
2137,Brian Hoyer,17,32,53.1,129,4.0,0,2,1,0,0,0,0,1,3.2,3.2,0.0%,FA,free_agent,2023,7,56.14,,,,,,,,,,Free Agent
2119,Derek Carr,33,55,60.0,301,5.5,1,1,1,3,14,0,0,1,18.4,18.4,15.1%,FA,free_agent,2023,7,139.28,,,,,,,,,,Free Agent
2129,Desmond Ridder,19,25,76.0,250,10.0,0,0,1,6,38,1,3,1,13.8,13.8,1.4%,FA,free_agent,2023,7,117.26,,,,,,,,,,Free Agent
2182,Jaren Hall,3,4,75.0,23,5.8,0,0,1,2,-1,0,1,1,-1.2,-1.2,1.2%,FA,free_agent,2023,8,9.62,,,,,,,,,,Free Agent
2155,Derek Carr,19,27,70.4,310,11.5,2,0,1,1,-1,0,1,1,18.3,18.3,15.1%,FA,free_agent,2023,8,141.41,,,,,,,,,,Free Agent
2166,P.J. Walker,15,31,48.4,248,8.0,1,2,3,6,27,0,1,1,12.6,12.6,0.0%,FA,free_agent,2023,8,113.82,,,,,,,,,,Free Agent
2177,Desmond Ridder,8,12,66.7,71,5.9,0,0,5,3,26,0,1,1,3.4,3.4,1.4%,FA,free_agent,2023,8,35.26,,,,,,,,,,Free Agent
2194,Derek Carr,25,34,73.5,211,6.2,2,0,0,3,3,0,0,1,16.7,16.7,15.1%,FA,free_agent,2023,9,100.73,,,,,,,,,,Free Agent
2215,Max Duggan,0,0,0.0,0,0.0,0,0,0,0,0,0,0,1,0.0,0.0,0.1%,FA,free_agent,2023,9,0.0,,,,,,,,,,Free Agent
2209,Tyler Huntley,5,7,71.4,38,5.4,1,0,0,4,8,0,0,1,6.3,6.3,1.0%,FA,free_agent,2023,9,22.29,,,,,,,,,,Free Agent
2210,Jaren Hall,5,6,83.3,78,13.0,0,0,0,2,11,0,0,1,4.2,4.2,1.2%,FA,free_agent,2023,9,38.34,,,,,,,,,,Free Agent
2238,Desmond Ridder,4,6,66.7,39,6.5,0,0,0,3,11,1,0,1,8.7,8.7,1.4%,FA,free_agent,2023,10,24.69,,,,,,,,,,Free Agent
2250,P.J. Walker,0,1,0.0,0,0.0,0,0,0,0,0,0,0,1,0.0,0.0,0.0%,FA,free_agent,2023,10,0.0,,,,,,,,,,Free Agent
2248,C.J. Beathard,1,2,50.0,5,2.5,0,0,0,0,0,0,0,1,0.2,0.2,0.0%,FA,free_agent,2023,10,2.74,,,,,,,,,,Free Agent
2245,Derek Carr,13,18,72.2,110,6.1,0,0,2,1,10,0,0,1,5.4,5.4,15.1%,FA,free_agent,2023,10,51.3,,,,,,,,,,Free Agent
2285,Jacob Eason,0,0,0.0,0,0.0,0,0,0,0,0,0,0,1,0.0,0.0,0.0%,FA,free_agent,2023,11,0.0,,,,,,,,,,Free Agent
2306,Derek Carr,24,38,63.2,304,8.0,0,1,1,2,7,0,0,1,11.9,11.9,15.1%,FA,free_agent,2023,12,134.53,,,,,,,,,,Free Agent
2307,Desmond Ridder,13,21,61.9,168,8.0,1,2,0,7,30,0,0,1,11.7,11.7,1.4%,FA,free_agent,2023,12,81.39,,,,,,,,,,Free Agent
2322,P.J. Walker,6,13,46.2,56,4.3,0,0,4,1,-1,0,1,1,0.1,0.1,0.0%,FA,free_agent,2023,12,23.73,,,,,,,,,,Free Agent
2324,Jacob Eason,0,0,0.0,0,0.0,0,0,0,0,0,0,0,1,0.0,0.0,0.0%,FA,free_agent,2023,12,0.0,,,,,,,,,,Free Agent
2345,Derek Carr,17,22,77.3,226,10.3,1,1,2,2,-1,0,1,1,9.9,9.9,15.1%,FA,free_agent,2023,13,101.09,,,,,,,,,,Free Agent
2352,C.J. Beathard,9,10,90.0,63,6.3,0,0,2,1,7,0,0,1,3.2,3.2,0.0%,FA,free_agent,2023,13,30.3,,,,,,,,,,Free Agent
2346,Desmond Ridder,12,27,44.4,121,4.5,1,0,3,3,0,0,0,1,8.8,8.8,1.4%,FA,free_agent,2023,13,56.96,,,,,,,,,,Free Agent
2355,Trevor Siemian,5,13,38.5,66,5.1,0,0,3,1,8,0,1,1,1.4,1.4,0.0%,FA,free_agent,2023,13,29.6,,,,,,,,,,Free Agent
2380,Derek Carr,18,26,69.2,119,4.6,2,1,1,0,0,0,0,1,11.8,11.8,15.1%,FA,free_agent,2023,14,59.08,,,,,,,,,,Free Agent
2361,Desmond Ridder,26,40,65.0,347,8.7,1,1,3,4,15,1,0,1,26.4,26.4,1.4%,FA,free_agent,2023,14,163.52,,,,,,,,,,Free Agent
2394,Aj Mccarron,1,1,100.0,-1,-1.0,0,0,0,0,0,0,0,1,0.0,0.0,1.0%,FA,free_agent,2023,14,-0.5,,,,,,,,,,Free Agent
2402,Derek Carr,23,28,82.1,218,7.8,3,0,1,3,-4,0,0,1,20.3,20.3,15.1%,FA,free_agent,2023,15,105.77,,,,,,,,,,Free Agent
2425,Desmond Ridder,12,20,60.0,152,7.6,1,1,0,5,-2,0,0,1,8.9,8.9,1.4%,FA,free_agent,2023,15,69.75,,,,,,,,,,Free Agent
2430,Trevor Siemian,14,26,53.8,110,4.2,0,2,2,0,0,0,1,1,0.4,0.4,0.0%,FA,free_agent,2023,15,46.22,,,,,,,,,,Free Agent
2441,Derek Carr,27,40,67.5,319,8.0,3,1,2,2,2,0,0,1,26.0,26.0,15.1%,FA,free_agent,2023,16,151.1,,,,,,,,,,Free Agent
2463,Trevor Siemian,27,49,55.1,217,4.4,1,1,0,4,18,0,1,1,11.5,11.5,0.0%,FA,free_agent,2023,16,100.33,,,,,,,,,,Free Agent
2467,Ryan Tannehill,18,26,69.2,152,5.8,0,0,6,2,37,0,0,1,9.8,9.8,1.1%,FA,free_agent,2023,16,74.32,,,,,,,,,,Free Agent
2469,C.J. Beathard,11,15,73.3,94,6.3,1,0,1,1,6,0,0,1,8.4,8.4,0.0%,FA,free_agent,2023,16,46.74,,,,,,,,,,Free Agent
2495,Trevor Siemian,32,45,71.1,261,5.8,1,1,2,4,13,0,0,1,14.7,14.7,0.0%,FA,free_agent,2023,17,120.55,,,,,,,,,,Free Agent
2493,Derek Carr,24,32,75.0,197,6.2,2,0,1,3,-3,0,0,1,15.6,15.6,15.1%,FA,free_agent,2023,17,93.66,,,,,,,,,,Free Agent
2516,Matt Barkley,0,0,0.0,0,0.0,0,0,0,3,-3,0,0,1,-0.3,-0.3,0.0%,FA,free_agent,2023,17,-0.51,,,,,,,,,,Free Agent
2511,Jaren Hall,5,10,50.0,67,6.7,0,1,3,2,4,0,1,1,0.1,0.1,1.2%,FA,free_agent,2023,17,28.91,,,,,,,,,,Free Agent
2517,Desmond Ridder,3,4,75.0,17,4.3,0,1,0,0,0,0,0,1,-0.3,-0.3,1.4%,FA,free_agent,2023,17,7.65,,,,,,,,,,Free Agent
2508,Tyler Huntley,1,1,100.0,19,19.0,1,0,0,1,-1,0,0,1,4.7,4.7,1.0%,FA,free_agent,2023,17,14.99,,,,,,,,,,Free Agent
2507,Ryan Tannehill,16,20,80.0,168,8.4,0,0,5,0,0,0,0,1,6.7,6.7,1.1%,FA,free_agent,2023,17,75.17,,,,,,,,,,Free Agent
2504,C.J. Beathard,17,24,70.8,178,7.4,0,0,3,3,24,0,0,1,9.5,9.5,0.0%,FA,free_agent,2023,17,83.43,,,,,,,,,,Free Agent
2560,Jeff Driskel,0,0,0.0,0,0.0,0,0,0,0,0,0,0,1,0.0,0.0,0.0%,FA,free_agent,2024,1,0.0,,,,,,,,,,Free Agent
2559,Jake Luton,0,0,0.0,0,0.0,0,0,0,0,0,0,0,1,0.0,0.0,0.0%,FA,free_agent,2024,1,0.0,,,,,,,,,,Free Agent
2525,Derek Carr,19,23,82.6,200,8.7,3,0,1,2,13,0,0,1,21.3,21.3,15.1%,FA,free_agent,2024,1,100.75,,,,,,,,,,Free Agent
2566,Derek Carr,11,16,68.8,243,15.2,2,1,1,1,1,1,0,1,22.8,22.8,15.1%,FA,free_agent,2024,2,118.1,,,,,,,,,,Free Agent
2632,Derek Carr,14,25,56.0,142,5.7,1,1,1,2,3,0,0,1,9.0,9.0,15.1%,FA,free_agent,2024,3,66.14,,,,,,,,,,Free Agent
2642,Jordan Travis,0,0,0.0,0,0.0,0,0,0,0,0,0,0,1,0.0,0.0,1.3%,FA,free_agent,2024,3,0.0,,,,,,,,,,Free Agent
2670,Derek Carr,28,36,77.8,239,6.6,0,1,1,3,5,0,0,1,9.1,9.1,15.1%,FA,free_agent,2024,4,106.49,,,,,,,,,,Free Agent
2664,Tyler Huntley,14,22,63.6,96,4.4,0,0,2,8,40,1,1,1,11.8,11.8,1.0%,FA,free_agent,2024,4,53.04,,,,,,,,,,Free Agent
2703,Derek Carr,18,28,64.3,165,5.9,2,1,1,0,0,0,0,1,13.6,13.6,15.1%,FA,free_agent,2024,5,79.0,,,,,,,,,,Free Agent
2707,Tyler Huntley,18,31,58.1,194,6.3,0,1,3,3,7,0,0,1,7.5,7.5,1.0%,FA,free_agent,2024,5,86.51,,,,,,,,,,Free Agent
2754,Jaren Hall,0,0,0.0,0,0.0,0,0,0,0,0,0,0,1,0.0,0.0,1.2%,FA,free_agent,2024,6,0.0,,,,,,,,,,Free Agent
2796,Trevor Siemian,0,0,0.0,0,0.0,0,0,0,0,0,0,0,1,0.0,0.0,0.0%,FA,free_agent,2024,7,0.0,,,,,,,,,,Free Agent
2776,Tyler Huntley,7,13,53.8,87,6.7,1,0,2,5,20,0,0,1,9.5,9.5,1.0%,FA,free_agent,2024,7,45.79,,,,,,,,,,Free Agent
2856,Derek Carr,18,31,58.1,236,7.6,1,0,1,0,0,0,0,1,13.4,13.4,15.1%,FA,free_agent,2024,9,107.4,,,,,,,,,,Free Agent
2865,Desmond Ridder,11,16,68.8,74,4.6,1,0,4,1,2,0,1,1,5.2,5.2,1.4%,FA,free_agent,2024,9,35.66,,,,,,,,,,Free Agent
2877,Derek Carr,16,25,64.0,269,10.8,2,0,0,4,17,0,0,1,20.5,20.5,15.1%,FA,free_agent,2024,10,128.01,,,,,,,,,,Free Agent
2902,C.J. Beathard,0,0,0.0,0,0.0,0,0,0,0,0,0,0,1,0.0,0.0,0.0%,FA,free_agent,2024,10,0.0,,,,,,,,,,Free Agent
2921,Derek Carr,21,27,77.8,248,9.2,2,0,1,1,8,0,0,1,18.7,18.7,15.1%,FA,free_agent,2024,11,117.63,,,,,,,,,,Free Agent
2967,Desmond Ridder,5,10,50.0,64,6.4,0,0,2,1,3,0,1,1,0.9,0.9,1.4%,FA,free_agent,2024,12,28.21,,,,,,,,,,Free Agent
2997,Derek Carr,24,37,64.9,184,5.0,1,0,0,2,12,0,0,1,14.6,14.6,15.1%,FA,free_agent,2024,13,88.72,,,,,,,,,,Free Agent
3033,Derek Carr,20,31,64.5,219,7.1,1,1,1,2,12,0,0,1,13.0,13.0,15.1%,FA,free_agent,2024,14,101.52,,,,,,,,,,Free Agent
3038,Desmond Ridder,12,18,66.7,101,5.6,0,0,1,2,3,0,0,1,4.3,4.3,1.4%,FA,free_agent,2024,14,46.03,,,,,,,,,,Free Agent
3063,Desmond Ridder,23,39,59.0,208,5.3,1,2,3,5,28,0,0,1,13.1,13.1,1.4%,FA,free_agent,2024,15,98.63,,,,,,,,,,Free Agent
3080,Carson Wentz,2,2,100.0,20,10.0,0,0,0,3,0,0,0,1,0.8,0.8,1.3%,FA,free_agent,2024,15,10.76,,,,,,,,,,Free Agent
3134,Tyler Huntley,22,26,84.6,225,8.7,1,0,4,7,52,1,0,1,24.2,24.2,1.0%,FA,free_agent,2024,17,116.58,,,,,,,,,,Free Agent
